url,title,description,content
https://cafef.vn/loat-ngan-hang-tang-lai-suat-tiet-kiem-gui-tien-o-dau-huong-lai-suat-tu-7-nam-tro-len-188251210194612332.chn,"Loạt ngân hàng tăng lãi suất tiết kiệm, gửi tiền ở đâu hưởng lãi suất từ 7%/năm trở lên?","Một số ngân hàng đã nâng lãi suất tiết kiệm lên tới 7%/năm, áp dụng cho kỳ hạn 6–7 tháng ngay cả với các khoản tiền gửi phổ thông.","Ngân hàng Techcombank vừa điều chỉnh biểu lãi suất tiết kiệm trực tuyến đối với sản phẩm Phát Lộc Online. Theo đó, Lãi suất kỳ hạn 1-2 tháng được điều chỉnh tăng 0,4 điểm %, lên 4,35%/năm. Đáng chú ý, các kỳ hạn 7-11 tháng tăng mạnh 0,7 điểm %, đồng loạt niêm yết ở mức 5,85%/năm.
Mức lãi suất ở kỳ hạn 12 tháng hiện đang niêm yết ở mức 5,95%/năm cho kỳ hạn 12–36 tháng. Đáng chú ý, riêng trong tháng 12/2025, Techcombank triển khai ưu đãi cộng thêm tới 1%/năm cho khách hàng gửi các kỳ hạn 3, 6 và 12 tháng. Khi đáp ứng đủ điều kiện, mức lãi suất tối đa có thể đạt 7,1%/năm.
Không chỉ Techcombank, VPBank cũng gia nhập nhóm ngân hàng đưa lãi suất lên trên 7%/năm. Ngân hàng này vừa cập nhật biểu lãi suất từ ngày 9/12/2025, trong đó kỳ hạn 6 và 7 tháng tăng tới 0,3 điểm %. Tại quầy, các khoản gửi từ 100 triệu đến dưới 500 triệu đồng đã được áp dụng mức 7%/năm cho 6 tháng và 7,1%/năm cho 7 tháng. Ở các mức tiền cao hơn, lãi suất thậm chí tăng thêm 0,1–0,3 điểm %, đạt tối đa 7,5%/năm với khách hàng gửi từ 50 tỷ đồng.
Trên kênh online, mặt bằng lãi suất VPBank còn cao hơn, góp phần đẩy số lượng sản phẩm tiết kiệm lãi trên 7%/năm tăng lên đáng kể. Khoản gửi từ 100 triệu đến dưới 300 triệu đồng được hưởng mức 7,1%/năm cho kỳ hạn 6 tháng và 7,2%/năm cho kỳ hạn 7 tháng. Khoản gửi từ 300 triệu đến dưới 1 tỷ đồng có lãi suất 7,2–7,3%/năm. Đáng chú ý, mức cao nhất trên kênh online đạt 7,6%/năm, áp dụng cho khách hàng gửi từ 50 tỷ đồng.
Trong khi đó, SHB cũng góp mặt trong nhóm ngân hàng đưa lãi suất vượt 7%/năm. Theo cập nhật mới, khách hàng gửi tiết kiệm trực tuyến trên ứng dụng SHB SAHA có thể nhận mức 7,1%/năm, cao hơn mức niêm yết truyền thống khoảng 1,2 điểm %. Điều này cho thấy nhóm ngân hàng đẩy mạnh kênh số cũng đang cạnh tranh quyết liệt trong cuộc đua lãi suất.
Không nằm ngoài xu hướng, Cake by VPBank đã điều chỉnh tăng lãi suất đồng loạt cho các kỳ hạn từ 6-36 tháng lên 6,7%/năm, thuộc nhóm cao nhất thị trường ở phân khúc ngân hàng số. Với chính sách cộng thêm tới 0,6%/năm cho khách hàng gửi tiền lần đầu, mức lãi suất tối đa tại Cake có thể đạt 7,3%/năm, tiếp tục mở rộng danh sách ngân hàng có lãi suất vượt mốc 7%/năm. Các kỳ hạn ngắn 1–2 tháng vẫn giữ mức 4,75%/năm theo trần quy định của Ngân hàng Nhà nước.
Một số ngân hàng trả lãi 7%/năm nhưng yêu cầu điều kiện đặc biệt về số tiền gửi. Đơn cử như PVcomBank áp dụng lãi đặc biệt 9%/năm cho kỳ hạn 12-13 tháng khi gửi tiền tại quầy. Điều kiện áp dụng là khách hàng phải duy trì số dư tối thiểu 2.000 tỉ đồng.
HDBank áp dụng lãi suất 8,1%/năm cho kỳ hạn 13 tháng và 7,7%/năm cho kỳ hạn 12 tháng, với điều kiện duy trì số dư tối thiểu 500 tỉ đồng.
Vikki Bank áp dụng lãi suất 7,5%/năm cho tiền gửi kỳ hạn từ 13 tháng trở lên, với số tiền tối thiểu 999 tỉ đồng.
Theo các chuyên gia, những ngân hàng đặt mục tiêu tăng trưởng tín dụng cao trong năm sẽ chịu áp lực huy động vốn lớn hơn. Cuối năm luôn là giai đoạn nhu cầu tín dụng tăng nhanh, đặc biệt từ doanh nghiệp và người dân phục vụ sản xuất – kinh doanh và tiêu dùng. Do đó, để bảo đảm nguồn cung vốn cho vay, các ngân hàng này buộc phải đẩy mạnh huy động, từ đó góp phần khiến mặt bằng lãi suất huy động gia tăng trên thị trường.
Các chuyên gia cũng dự báo, từ nay đến cuối năm, mặt bằng lãi suất nhiều khả năng còn tiếp tục xu hướng tăng và đà tăng này có thể kéo dài sang đầu năm sau, trước kỳ nghỉ Tết. Bước sang giai đoạn sau Tết, khi các hoạt động kinh tế thường trầm lắng theo chu kỳ và nhu cầu vốn giảm bớt, lãi suất mới có thể hạ nhiệt.
Việc lãi suất huy động tăng kéo dài sẽ tạo áp lực trực tiếp lên lãi suất cho vay, bởi chi phí vốn đầu vào của ngân hàng tăng buộc lãi vay phải điều chỉnh tương ứng để đảm bảo biên lợi nhuận. Trong kịch bản này, các ngân hàng sẽ phải cơ cấu lại danh mục tín dụng, tăng cường chọn lọc khách hàng, ưu tiên các lĩnh vực an toàn và hạn chế giải ngân vào những ngành có rủi ro cao, nhằm kiểm soát chất lượng tín dụng trong bối cảnh lãi suất biến động mạnh.

"
https://cafef.vn/nguyen-vu-truong-vu-ke-khai-thue-ho-kinh-doanh-chi-can-ban-10-con-ga-mot-ngay-la-da-cham-nguong-doanh-thu-chiu-thue-500-trieu-dong-188251210150419318.chn,Nguyên Vụ trưởng Vụ Kê khai thuế: Hộ kinh doanh chỉ cần bán 10 con gà một ngày là đã chạm ngưỡng doanh thu chịu thuế 500 triệu đồng,"Theo bà Lê Thị Duyên Hải, Phó tổng thư ký Hội tư vấn Thuế Việt Nam, nguyên Vụ trưởng Vụ Kê khai và kế toán thuế (Tổng cục Thuế), ngưỡng doanh thu chịu thuế cần có sự điều chỉnh linh hoạt, phù hợp với từng ngành hàng và có lộ trình tiệm cận dần với thực tế. Việc điều chỉnh này sẽ giúp việc quản lý của nhà nước và hoạt động của hộ kinh doanh trở nên minh bạch và công bằng hơn.","Chia sẻ tại tọa đàm 'Tháo gỡ vướng mắc chuyển đổi thuế khoán sang kê khai với hộ kinh doanh' do TheLEADER tổ chức ngày 10/12, bà Lê Thị Duyên Hải, Phó tổng thư ký Hội tư vấn Thuế Việt Nam, nguyên Vụ trưởng Vụ Kê khai và kế toán thuế (Tổng cục Thuế) cho rằng, ngưỡng doanh thu chịu thuế 500 triệu hay 1 tỷ đồng có thể là con số vô cùng lớn đối với các hộ kinh doanh ở vùng sâu vùng xa, nhưng lại quá nhỏ bé đối với các hộ tại các thành phố lớn. Hơn nữa, ngưỡng này còn phụ thuộc vào tỷ suất lợi nhuận của từng ngành nghề.
Đơn cử, với một tiệm tạp hóa, doanh thu 500 triệu nhưng biên lợi nhuận rất thấp, người bán có thể bỏ ra 10 đồng vốn chỉ để lãi 1 đồng, thì con số này là nhỏ. Ngược lại, với các ngành dịch vụ như cho thuê tài sản hay bán phở, biên lợi nhuận cao hơn thì ý nghĩa của con số 500 triệu lại hoàn toàn khác.
Bà Lê Thị Duyên Hải giải đáp các thắc mắc của hộ kinh doanh tại toạ đàm
Bà Hải lấy ví dụ một người bán gà ngoài chợ, chỉ cần bán 10 con gà một ngày là đã chạm ngưỡng doanh thu 500 triệu đồng một năm, hay như quán phở chỉ cần bán 30 bát một ngày là đã đạt ngưỡng.
Điều này cho thấy sự chênh lệch lớn giữa các vùng miền và ngành nghề, dẫn đến việc 90% hộ kinh doanh ở thành phố lớn có thể vượt ngưỡng này trong khi ở địa phương khác lại không.
Vì vậy, ngưỡng doanh thu chịu thuế cần có sự điều chỉnh linh hoạt, phù hợp với từng ngành hàng và có lộ trình tiệm cận dần với thực tế. Việc điều chỉnh này sẽ giúp việc quản lý của nhà nước và hoạt động của hộ kinh doanh trở nên minh bạch và công bằng hơn.
Theo bà Hải, dù ngưỡng 500 triệu đồng hiện tại được xem là “tin vui” so với đề xuất cũ nhưng trong tương lai sẽ có những sự thay đổi để phù hợp hơn nữa với thực tiễn đời sống.
Về vấn đề này, Luật sư Trương Thanh Đức, Giám đốc Công ty Luật ANVI cho rằng cần nhìn nhận thực tế hơn về ngưỡng doanh thu chịu thuế. Theo đó, trước đây, mức doanh thu một tỷ đồng hay mười tỷ đồng được quy đổi ra số thuế nộp khoán rất thấp, nên hộ kinh doanh cảm thấy nhẹ nhàng. Còn nay, mức miễn thuế được nâng lên 500 triệu đồng có thể xem là một sự nới lỏng đáng kể so với con số 100 triệu trước kia, nhưng thực tế với chi phí đắt đỏ tại các đô thị lớn như Hà Nội, con số này chưa hẳn đã là ưu ái. Dù vậy, để đảm bảo công bằng với người làm công ăn lương và các doanh nghiệp khác, chúng ta buộc phải chấp nhận lộ trình này.﻿
Hiện nay, cơ quan thuế đang quản lý trực tiếp 2,5 triệu hộ kinh doanh trong hệ thống quản lý thuế, con số này cũng đã được cơ quan thuế báo cáo với Quốc hội để áp dụng phương pháp tính thuế mới.
Trong số 2,5 triệu hộ kinh doanh này, có những hộ có doanh thu dưới 100 triệu đồng thuộc diện miễn thuế, và tới đây, ngưỡng này sẽ nâng lên 500 triệu đồng. Theo cơ quan thuế, khoảng 90% trong số 2,5 triệu hộ kinh doanh có doanh thu dưới ngưỡng 500 triệu đồng."
https://cafef.vn/bat-ngo-duoc-ngan-hang-vietinbank-thong-bao-tai-khoan-tang-150-trieu-dong-188251210214616694.chn,Bất ngờ được ngân hàng VietinBank thông báo tài khoản tăng 150 triệu đồng,"Chị Tấm không biết số tiền đó là của ai chuyển cho mình, do vậy chị Tấm đến Công an phường Tích Lương để bàn giao toàn bộ số tiền.","Chị Hoàng Thị Tấm bàn giao số tiền do người khác chuyển nhầm cho Công an phường
Công an phường Tích Lương, tỉnh Thái Nguyên vừa hỗ trợ một người dân trên địa bàn phường chuyển trả lại số tiền 150 triệu đồng do người khác chuyển nhầm qua tài khoản.
Trước đó, ngày 04/12/2025, công dân Hoàng Thị Tấm, sinh năm 1987, trú tại Tổ dân phố Phú Xá 3, phường Tích Lương, tỉnh Thái Nguyên đến trụ sở Công an phường Tích Lương trình báo và giao nộp số tiền 150 triệu đồng.
Theo đó, vào khoảng 11h00' ngày 04/12/2025, chị nhận được thông báo của ngân hàng VietinBank về việc tài khoản ngân hàng của chị nhận được số tiền 150 triệu đồng, Chị Tấm không biết số tiền đó là của ai chuyển cho mình, do vậy chị Tấm đến Công an phường Tích Lương để bàn giao toàn bộ số tiền và đề nghị cơ quan Công an hỗ trợ tìm chủ nhân trả lại số tiền trên.
Qua xác minh, Công an phường xác định chủ nhân số tiền trên là của chị Hoàng Thị Tâm, sinh năm 1992, trú tại khu Xóm Chùa, xã Việt Hùng, tỉnh Phú Thọ. Mới đây, chị Tâm đã đến trụ sở Công an phường Tích Lương để làm thủ tục nhận lại số tiền trên.
Việc làm đầy trách nhiệm và nhân văn của chị Hoàng Thị Tấm thể hiện tinh thần trung thực, ý thức thượng tôn pháp luật, góp phần lan tỏa những hình ảnh đẹp về tấm gương người tốt, việc tốt trong xã hội hiện nay.
Theo Cổng thông tin điện tử Công an tỉnh Thái Nguyên
"
https://cafef.vn/vietinbank-cap-nhat-tinh-nang-moi-lien-quan-den-cccd-nguoi-dung-tai-khoan-can-biet-188251210105929539.chn,"VietinBank cập nhật tính năng mới liên quan đến CCCD, người dùng tài khoản cần biết!",Người dùng tài khoản có thể lựa chọn bật hoặc tắt tính năng này trên ứng dụng VietinBank iPay Mobile.,"Ngân hàng TMCP Công Thương Việt Nam (VietinBank) vừa thông báo đến khách hàng về tính năng mới trên ứng dụng VietinBank iPay Mobile.
VietinBank cho biết, theo thông báo từ các Cơ quan quản lý Nhà nước về giám sát an toàn, an ninh mạnh, trong thời gian gần đây, nhiều trường hợp lẻ gian lừa đảo, chiếm quyền tài khoản dịch vụ của khách hàng bằng cách kích hoạt ứng dụng trên thiết bị khác.
Để bảo vệ tài khoản của khách hàng trước những thủ đoạn ngày càng tinh vi, VietinBank đã triển khai tính năngFacePay Plus. Tính năng này yêu cầu xác thực bằng CCCD gắn chip khi thực hiện kích hoạt lại iPay Mobile trên thiết bị khác, nhằm nâng cao bảo mật cho tài khoản, ngăn chặn tối đa các hành vi gian lận, chiếm đoạt tài khoản, kích hoạt trái phép.
Đây không phải tính năng bắt buộc, khách hàng có thể lựa chọn bật/tắt tính năng này bằng các cách sau:
Cách 1: Đăng nhập ứng dụng sau đó vào mục Cài đặt, chọn chức năng ""Cài đặt xác thực FacePay Plus"".
Cách 2: Liên hệ tổng đài để được hỗ trợ
Cách 3: Mang CCCD tới các chi nhánh, phòng giao dịch của VietinBank để được hỗ trợ.
Trước đó, VietinBank cũng có thay đổi liên quan đến xác thực giao dịch. Theo đó, từ ngày 3/12/2025, với các giao dịch thanh toán trực tuyến tại các trang web/app bằng thẻ nội địa VietinBank, việc xác thực giao dịch sẽ được thực hiện thông qua ứng dụng VietinBank iPay theo hình thức Soft OTP.
Như vậy, thay vì nhận mã qua tin nhắn SMS,...khách hàng cần truy cập VietinBank iPay để thực hiện xác thực giao dịch. VietinBank cho biết, thay đổi này nhằm nâng cao tính bảo mật cho khách hàng."
https://cafef.vn/tu-nam-2025-co-5-truong-hop-tai-khoan-bi-vietcombank-vietinbank-agribank-tam-ngung-toan-bo-giao-dich-rut-chuyen-tien-188251210155258855.chn,"Từ năm 2025: Có 5 trường hợp tài khoản bị Vietcombank, VietinBank, Agribank... tạm ngừng toàn bộ giao dịch rút/chuyển tiền","Có 5 trường hợp tài khoản ngân hàng sẽ bị các ngân hàng lớn như Vietcombank, VietinBank, Agribank... tạm dừng giao dịch, bao gồm rút tiền và chuyển tiền mà người dùng cần chú ý!","Theo quy định mới của Ngân hàng Nhà nước (NHNN), các tài khoản không đáp ứng đầy đủ yêu cầu về cập nhật giấy tờ tùy thân và dữ liệu sinh trắc học sẽ bị tạm dừng giao dịch, bao gồm cả rút tiền và chuyển tiền.

Từ ngày 1/1/2025, nhiều ngân hàng như Vietcombank, BIDV, VietinBank, Agribank MB, VPBank… đã bắt đầu triển khai các quy định mới theo Thông tư 17/2024/TT-NHNN và Thông tư 18/2024/TT-NHNN.
Một số khách hàng cá nhân và tổ chức có thể sẽ bị hạn chế giao dịch nếu chưa hoàn tất cập nhật thông tin theo quy định.
Các giao dịch bị ảnh hưởng bao gồm: Giao dịch tại quầy (rút tiền, thanh toán); giao dịch online (chuyển khoản, thanh toán hóa đơn, nạp tiền điện tử); giao dịch tại ATM/POS (rút tiền, chuyển khoản, thanh toán)
Quy định này cho thấy có 5 trường hợp dẫn đến việc tạm dừng giao dịch, trong đó bao gồm:
Khách hàng cá nhân có 3 trường hợp bị tạm dừng giao dịch
- Chưa cập nhật giấy tờ tùy thân mới như Chứng minh nhân dân, Căn cước công dân, Hộ chiếu đã hết hiệu lực hoặc hết hạn sử dụng.
- Chưa cập nhật giấy tờ chứng minh thời hạn cư trú (đối với người nước ngoài) đã hết hiệu lực.
- Chưa hoàn tất xác thực sinh trắc học: Điều kiện bắt buộc cho các giao dịch trực tuyến.
Khách hàng tổ chức có 2 trường hợp bị tạm dừng giao dịch
- Giấy tờ tùy thân của người đại diện pháp luật hoặc kế toán trưởng hết hiệu lực: Toàn bộ giao dịch thanh toán, rút tiền trên tài khoản sẽ bị tạm dừng.
- Người được ủy quyền sử dụng tài khoản có giấy tờ tùy thân hết hiệu lực: Các giao dịch do người này thực hiện sẽ bị tạm dừng.

Trước đó, Ngân hàng Nhà nước đã có văn bản yêu cầu các đơn vị thuộc hệ thống ngân hàng, tổ chức tín dụng, Napas và các tổ chức cung ứng dịch vụ trung gian thanh toán khẩn trương triển khai các biện pháp nhằm đảm bảo hoạt động thanh toán không bị gián đoạn.
Cụ thể, việc đối chiếu thông tin sinh trắc học với khách hàng cá nhân cần hoàn thành trước ngày 1/1/2025, trong khi với khách hàng tổ chức, thời hạn là ngày 1/7/2025.
Đây là điều kiện để người dùng tiếp tục sử dụng tài khoản, thẻ ngân hàng hoặc các phương tiện điện tử để thực hiện giao dịch, rút tiền và thanh toán. Đồng thời, các ngân hàng cũng được yêu cầu rà soát hiệu lực của toàn bộ giấy tờ tùy thân đã được dùng để mở tài khoản, phát hành thẻ và có trách nhiệm thông báo cho khách hàng trước ít nhất 30 ngày khi các giấy tờ này sắp hết hạn, nhằm kịp thời cập nhật."
https://cafef.vn/sau-khi-chuyen-khoan-thanh-cong-hon-3-ty-dong-vao-nhieu-tai-khoan-ngan-hang-khac-nhau-nguoi-phu-nu-hai-phong-da-phai-bao-cong-an-1882512101938158.chn,"Sau khi chuyển khoản thành công hơn 3 tỷ đồng vào nhiều tài khoản ngân hàng khác nhau, người phụ nữ Hải Phòng đã phải báo công an","Sau khi chuyển khoản hơn 3 tỷ đồng, người phụ nữ mới nhận ra mình bị lừa và đến cơ quan Công an trình báo.","Theo Viện kiểm sát nhân dân khu vực 1 – Hải Phòng,vừa qua, Cơ quan điều tra Công an thành phố Hải Phòng đã tiếp nhận đơn trình báo của một phụ nữ trú tại Thủy Nguyên về việc bị lừa đảo chiếm đoạt 3 tỷ 264 triệu đồng thông qua hoạt động ""nhận nhiệm vụ – hoàn tiền hoa hồng"" trên mạng xã hội. Vụ việc đang được Viện kiểm sát nhân dân khu vực 1 phối hợp với Cơ quan điều tra khẩn trương xác minh, làm rõ.
Kết quả xác minh bước đầu cho thấy, bị hại được một tài khoản Zalo lạ chủ động nhắn tin làm quen. Tài khoản này sử dụng tên hiển thị là ""Nguyễn Quang Thái"" và tự xưng làm việc tại một công ty logistics quốc tế. Trong quá trình trò chuyện, đối tượng tự xưng này giới thiệu bị hại tham gia công việc ""hỗ trợ vận chuyển hàng - xác nhận đơn"" trên một website có giao diện giả lập giống sàn thương mại điện tử.
Bị hại được yêu cầu tạo tài khoản và thực hiện ""nhiệm vụ"" bằng cách chuyển tiền vào các tài khoản ngân hàng theo chỉ dẫn trên hệ thống. Đổi lại, đối tượng cam kết sẽ hoàn trả toàn bộ số tiền chuyển đi và cộng thêm hoa hồng. Ở những nhiệm vụ ban đầu, bị hại được hoàn tiền đầy đủ nên tin tưởng rằng công việc là thật. Bị hại thực hiện hai giao dịch chuyển tổng cộng hơn 85 triệu đồng vào tài khoản ngân hàng của một công ty kinh doanh nông sản theo hướng dẫn trên website. Sau khi được hoàn lại và nhận hoa hồng, bị hại tiếp tục tham gia nhiệm vụ tiếp theo. Sau đó, hệ thống ảo hiển thị nhiệm vụ có giá trị cao hơn, yêu cầu bị hại phải thực hiện nhiều giao dịch liên tiếp.Bị hại đã chuyển 10 lần, với tổng số tiền lên tới 3 tỷ 264 triệu đồng, vào các tài khoản ngân hàng có tên chủ tài khoản khác nhau.
Khi thực hiện xong, website thông báo ""lỗi kỹ thuật"", không cho rút tiền và yêu cầu bị hại chuyển thêm tiền để ""mở khóa hệ thống"". Tuy nhiên, khi bị hại tìm cách liên hệ lại với tài khoản Zalo mang tên ""Nguyễn Quang Thái"", đối tượng đã chặn liên lạc, website cũng không thể truy cập. Lúc này, bị hại mới nhận ra mình bị lừa và đến cơ quan Công an trình báo.
Quá trình xác minh ban đầu cho thấy các tài khoản nhận tiền đều do người khác đứng tên, có dấu hiệu là tài khoản cho thuê hoặc tài khoản bị đối tượng chiếm đoạt. Dòng tiền liên tục được chuyển qua nhiều ngân hàng và tổ chức trung gian thanh toán, thể hiện sự tính toán nhằm xóa dấu vết và gây khó khăn cho quá trình truy nguyên. Cơ quan điều tra đang phối hợp với Trung tâm Internet Việt Nam, các ngân hàng và tổ chức trung gian thanh toán để xác minh chủ thể đăng ký website, truy vết dòng tiền và xác định nhân thân thực sự của đối tượng sử dụng tài khoản Zalo mang tên ""Nguyễn Quang Thái"".
Trước tình hình trên, Viện kiểm sát nhân dân khu vực 1 - Hải Phòng khuyến cáo người dân cần hết sức cảnh giác với các hình thức việc làm online có lợi nhuận cao bất thường, nhất là những công việc chỉ yêu cầu chuyển tiền để ""kích hoạt nhiệm vụ"" hoặc ""nhận hoa hồng"". Người dân tuyệt đối không cung cấp thông tin cá nhân, không truy cập các đường link lạ và không thực hiện giao dịch chuyển tiền khi chưa xác minh rõ tính pháp lý của đối tượng. Khi phát hiện dấu hiệu nghi vấn, cần liên hệ ngay với cơ quan Công an hoặc Viện kiểm sát để được hỗ trợ kịp thời.
Theo Viện kiểm sát nhân dân khu vực 1 – Hải Phòng"
https://cafef.vn/tai-sao-ngan-hang-bat-dau-thu-phi-tro-lai-188251210105856232.chn,Tại sao ngân hàng bắt đầu thu phí trở lại?,"Thực tế, một tài khoản không sử dụng vẫn tiêu tốn tài nguyên của ngân hàng.","Thời gian gần đây, nhiều ngân hàng đã có động thái thay đổi biểu phí dịch vụ. Trong đó, Ngân hàng liên doanh Indovina (IVB) mới đây cho biết sẽ ngừng áp dụng chính sách miễn phí dịch vụ chuyển tiền nhanh Napas 24/7 cho khách hàng cá nhân, vốn có hiệu lực từ ngày 21/11/2023. Với chính sách thu phí mới, từ ngày 1/12/2025, IVB chỉ miễn giảm phí dịch vụ chuyển tiền nhanh 24/7 dựa trên thu nhập đóng góp của khách hàng từ các dịch vụ ngân hàng như: tiền gửi, khoản vay, giao dịch thẻ... trong trường hợp dịch vụ ngân hàng có giá trị từ 10 triệu đồng trở lên.
Bên cạnh đó, một số ngân hàng cũng thông báo thu phí quản lý tài khoản từ tháng 12/2025 dựa trên số dư bình quân trong tài khoản của khách hàng. Chẳng hạn như Eximbank thu phí quản lý tài khoản 11.000 đồng/tháng với tài khoản có số dư bình quân dưới 500 nghìn đồng. VIB thu phí 11.000 đồng/tháng với tài khoản không phát sinh bất kỳ giao dịch nào trong 12 tháng liên tục. Nhiều nhà băng thì thông báo, nếu tài khoản số dư bằng 0 và không phát sinh giao dịch trong thời gian dài như 6 tháng - 12 tháng sẽ bị đóng vĩnh viễn.
Thực tế, việc thu phí trở lại phần lớn xuất phát từ áp lực chi phí vận hành ngân hàng số. Nếu giao dịch online rẻ hơn giao dịch tại quầy, thì cái giá để duy trì hạ tầng số, nâng cấp bảo mật, theo dõi gian lận, lưu trữ dữ liệu và duy trì hàng chục triệu tài khoản lại tăng chóng mặt. Các ngân hàng cũng đang phải gánh một khối lượng tài khoản ""ngủ đông"" khá lớn. Nhiều tài khoản được mở trong giai đoạn bùng nổ định danh trực tuyến 2020 - 2023 nhưng gần như không phát sinh giao dịch. Trong khi đó, một tài khoản không sử dụng vẫn tiêu tốn tài nguyên, hệ thống phải lưu dữ liệu, chạy đối soát định kỳ, giám sát rủi ro và duy trì cơ chế bảo vệ để tránh bị chiếm đoạt. Phí quản lý tài khoản vì vậy trở thành một công cụ để ngân hàng giảm bớt chi phí đối với nhóm khách hàng không hoạt động, đồng thời khuyến khích người dùng chủ động đóng tài khoản không còn nhu cầu.
Việc đưa ra các điều kiện để được miễn phí cũng là cách ngân hàng định hướng lại hành vi khách hàng. Thay vì miễn phí đại trà như trước, ưu đãi chỉ dành cho những tài khoản có giao dịch đều đặn, duy trì số dư tối thiểu hoặc sử dụng các dịch vụ tạo doanh thu cho ngân hàng.
Xu hướng này không phải hiện tượng riêng của Việt Nam. Tại Mỹ, nhiều ngân hàng lớn như Wells Fargo và Bank of America thu phí tài khoản thường nếu khách hàng không duy trì mức số dư tối thiểu hoặc không phát sinh giao dịch trong tháng. Ở Singapore, DBS và UOB từng áp dụng phí duy trì hàng tháng đối với tài khoản có số dư thấp trong nhiều năm trước khi chuyển sang mô hình gói dịch vụ tích hợp.
Tuy nhiên, thu phí trở lại luôn đi kèm rủi ro về hình ảnh thương hiệu của ngân hàng. Nhiều khách hàng, đặc biệt nhóm duy trì tài khoản chỉ để nhận lương hoặc để vài trăm nghìn dự phòng cảm thấy phí phát sinh là ""vô lý"" dù giá trị không lớn.
Trong bối cảnh đó, người dùng cũng cần chủ động xem lại các tài khoản đang nắm giữ, đóng những tài khoản không còn sử dụng để giảm chi phí và hạn chế rủi ro. Ngân hàng cũng cần truyền thông minh bạch, giải thích rõ lý do thu phí, đồng thời cải thiện trải nghiệm số để khách hàng cảm nhận được giá trị tương xứng.
"
https://cafef.vn/hoan-thue-vat-khong-the-bat-nguoi-mua-chiu-trach-nhiem-thay-nguoi-ban-188251209205603309.chn,Hoàn thuế VAT: Không thể bắt người mua chịu trách nhiệm thay người bán,"Nhiều đại biểu Quốc hội đồng tình với việc bãi bỏ quy định hiện hành về hoàn thuế VAT, không đặt điều kiện hoàn thuế phụ thuộc vào việc người bán.","Chiều 9/12, Quốc hội thảo luận tại hội trường về dự án Luật sửa đổi, bổ sung một số điều của Luật Thuế giá trị gia tăng.
Tham gia góp ý, đại biểu Trần Hữu Hậu (đoàn Tây Ninh) đồng tình việc bỏ đi điểm c khoản 9 Điều 15 về điều kiện hoàn thuế. Cụ thể, Dự án Luật lược bỏ quy định về điều kiện hoàn thuế: Người mua chỉ được hoàn thuế khi người bán đã kê khai nộp thuế tại điểm c, khoản 9, điều 15, Luật Thuế giá trị gia tăng năm 2024.
Theo ông Hậu điều này đã giải phóng cho các doanh nghiệp một trách nhiệm nhiều khi là bất khả thi và nhiều rủi ro là: ""Phải kiểm tra tình trạng tuân thủ thuế của người bán hàng cho mình, nhắc nhở họ kê khai, nộp thuế để sau đó mình được hoàn thuế. Dù hồ sơ, chứng từ và việc thanh toán của mình đã đầy đủ, rõ ràng và đúng quy định"".
Bởi theo đại biểu Hậu, quy định như hiện nay là ""vô lý và thực tế gây khó khăn, rủi ro cho doanh nghiệp"" vì người bán và người mua là 2 chủ thể thuận mua vừa bán.
Đại biểu Trần Hữu Hậu (đoàn Tây Ninh)
""Người mua không có quyền và trách nhiệm can thiệp vào hoạt động kinh doanh của người bán. Trong thực tế, người mua không có công cụ để kiểm tra và yêu cầu người bán thực hiện nghĩa vụ thuế của họ. Do đó, không thể phải chịu trách nhiệm về sự tuân thủ của người khác và chỉ được nhận tiền của mình được hưởng khi người bán kê khai nộp thuế. Bởi trách nhiệm thu thuế là của cơ quan thuế"", đại biểu Trần Hữu Hậu nói.
Cùng góp ý liên quan đến điều kiện hoàn thuế, đại biểu Trần Anh Tuấn (đoàn TP Hồ Chí Minh) cho rằng, việc bãi bỏ điểm c khoản 9 Điều 15 của Luật Thuế giá trị gia tăng đồng nghĩa với việc không đặt điều kiện hoàn thuế phụ thuộc vào việc người bán đã khai, nộp thuế hay chưa và điều này là phù hợp.
Lý do là người mua hàng hóa đã thực tế chịu và nộp thuế giá trị gia tăng; khoản thuế này được tính trong giá mua và đã nộp vào ngân sách. Còn việc người bán có nộp thuế đúng hay không là trách nhiệm của cơ quan thuế và cơ quan quản lý Nhà nước, không thể chuyển gánh nặng đó sang người mua.
Ông cũng cho rằng, việc quản lý thuế đối với người bán hiện còn hạn chế, nên nếu tiếp tục duy trì điều kiện phụ thuộc vào việc người bán đã nộp thuế hay chưa thì vô hình trung buộc người mua phải chịu rủi ro và trách nhiệm thay cho người bán, điều này là không phù hợp.
Do đó, vị đại biểu Tuấn đồng tình việc bãi bỏ quy định này để quy trình hoàn thuế được thực hiện nhanh hơn.
Theo báo cáo tờ trình của Bộ Tài chính, vướng mắc trong công tác hoàn thuế thời gian qua là rất lớn, đặc biệt đối với các mặt hàng xuất khẩu chủ lực như cà phê, hồ tiêu, hạt điều, chiếm tới 90-95% sản lượng xuất khẩu.
""Khi doanh nghiệp xuất khẩu phải phụ thuộc vào việc người bán có nộp thuế hay không mới được hoàn thuế, thì vốn lưu động của doanh nghiệp bị hạn chế, thậm chí bị chiếm dụng, ảnh hưởng trực tiếp đến hoạt động sản xuất kinh doanh"", ông Tuấn nói.
Vì vậy, theo đại biểu, việc bỏ điều kiện này là cần thiết để nâng cấp phương pháp quản lý thu – hoàn thuế, đồng thời tạo điều kiện cho doanh nghiệp được hoàn thuế nhanh hơn, đáp ứng kịp thời nhu cầu sản xuất kinh doanh.
Đại biểu Trần Hoàng Ngân (đoàn TP Hồ Chí Minh)
Đồng quan điểm, đại biểu Trần Hoàng Ngân (đoàn TP Hồ Chí Minh) nêu rõ, thuế giá trị gia tăng là loại thuế đánh trên phần giá trị tăng thêm của hàng hóa, dịch vụ phát sinh trong quá trình sản xuất, lưu thông và tiêu dùng. Đây là thuế gián thu và chỉ người tiêu dùng cuối cùng mới là người thực sự nộp loại thuế này, còn với doanh nghiệp hay hợp tác xã, họ chỉ nộp phần chênh lệch giữa thuế đầu ra và thuế đầu vào.
Thời gian qua, doanh nghiệp gặp rất nhiều khó khăn liên quan đến điều kiện hoàn thuế giá trị gia tăng. Hiện Luật quy định có 3 điều kiện, trong đó điều kiện thứ 3 yêu cầu: Người bán phải kê khai và nộp thuế giá trị gia tăng đối với hóa đơn đã xuất cho cơ sở kinh doanh đề nghị hoàn thuế.
Tuy nhiên, đây lại là yếu tố mà người mua hoàn toàn không thể biết, không kiểm soát được. Do đó, doanh nghiệp liên tục rơi vào tình trạng phải chờ đợi, thắc mắc, lên cơ quan thuế để hỏi ""khi nào được hoàn thuế"" và vướng ngay ở điều kiện này.
Vì vậy, đại biểu ủng hộ việc bãi bỏ điểm c khoản 9 Điều 15, nhằm gỡ bỏ vướng mắc, tạo điều kiện thuận lợi hơn cho doanh nghiệp trong quá trình hoàn thuế."
https://cafef.vn/song-o-thanh-pho-dat-do-tiet-kiem-sao-cho-khong-kho-ma-tien-van-day-len-moi-thang-188251210102842225.chn,Sống ở thành phố đắt đỏ: Tiết kiệm sao cho không “khổ” mà tiền vẫn dày lên mỗi tháng?,"Giữa nhịp sống thành thị ngày càng đắt đỏ, nhiều người rơi vào vòng lặp “làm bao nhiêu – tiêu bấy nhiêu”, nhưng thực tế, chỉ cần thay đổi vài thói quen chi tiêu và cách quản lý tiền, bạn vẫn có thể để dành được mỗi tháng mà không phải sống kham khổ hay cắt hết niềm vui cá nhân.","Trong bối cảnh chi phí sinh hoạt ngày càng tăng, từ thực phẩm, xăng xe đến y tế, giáo dục, tiết kiệm không còn là thói quen ""nên có"", mà đã trở thành kỹ năng sống tài chính bắt buộc. Không ít người cho rằng chỉ khi có thu nhập cao mới tiết kiệm được, nhưng thực tế, nhiều người thu nhập trung bình vẫn tích lũy tốt, trong khi người lương cao lại thường xuyên ""cháy túi"" ngay giữa tháng.
Vấn đề không nằm ở mức lương, mà nằm ở cách quản lý tiền.
Tiết kiệm không phải nhịn chi tiêu, mà là chi tiêu thông minh
Một sai lầm phổ biến là nghĩ rằng tiết kiệm nghĩa là cắt mọi chi tiêu cá nhân. Thực tế, tiết kiệm không đồng nghĩa với ""sống kham khổ"", mà là chọn lọc lại những khoản đang âm thầm bào mòn ví tiền mỗi tháng như cà phê đắt tiền, ăn ngoài thường xuyên, mua sắm theo cảm xúc hoặc chi các khoản đăng ký dịch vụ không thực sự dùng đến.
Hãy bắt đầu bằng cách phân loại chi tiêu thành ba nhóm: chi thiết yếu, chi mong muốn và chi có thể cắt giảm. Khi nhìn rõ ""điểm rò rỉ"" tiền, việc tiết kiệm sẽ trở nên dễ dàng hơn rất nhiều.
""Trả lương"" cho bản thân trước khi tiêu
Một nguyên tắc tài chính hiệu quả nhưng ít người áp dụng là: tiết kiệm trước, chi tiêu sau.
Thay vì đợi cuối tháng còn dư bao nhiêu mới để dành, hãy đặt ra một tỷ lệ tiết kiệm cố định ngay khi nhận lương – dù chỉ là 5%, 10% hay 20%. Số tiền này nên được chuyển vào tài khoản tiết kiệm riêng hoặc ví gửi góp, tuyệt đối không đụng đến cho các khoản chi thông thường.
Tiết kiệm theo cách này giúp bạn hình thành ""kỷ luật tài chính vô thức"", không cần nỗ lực mỗi ngày nhưng tiền vẫn tăng đều.
Xây quỹ khẩn cấp trước khi nghĩ đến đầu tư
Nhiều người đổ tiền vào đầu tư trong khi không có quỹ dự phòng – và rồi bán tháo khi gặp sự cố tài chính. Đây là sai lầm phổ biến.
Mục tiêu tài chính đầu tiên của mỗi người nên là xây dựng quỹ khẩn cấp tương đương 3–6 tháng chi tiêu thiết yếu. Khoản tiền này giúp bạn không hoảng loạn nếu mất việc, ốm đau hoặc cần sửa chữa đột xuất. Khi có quỹ đệm, tâm lý tài chính sẽ ổn định hơn và quyết định đầu tư cũng tỉnh táo hơn.
Tối ưu các ""chi phí vô hình"" hàng tháng
Rất nhiều khoản tiền bị chi ra một cách âm thầm nhưng không mang lại giá trị tương ứng: phí ngân hàng, phí thẻ, gói truyền hình không xem, đăng ký ứng dụng ít dùng…
Một buổi ""tổng kiểm kê"" tài khoản mỗi tháng sẽ giúp bạn loại bỏ những chi phí không cần thiết. Chỉ cần cắt bớt 2-3 khoản nhỏ, mỗi năm bạn đã tiết kiệm được vài triệu đồng – tương đương một kỳ du lịch ngắn ngày.
Gia tăng thu nhập – cách tiết kiệm hiệu quả nhất
Tiết kiệm có giới hạn, nhưng thu nhập thì không. Thay vì chỉ thu mình trong mục tiêu cắt chi, hãy tìm cách gia tăng thu: làm thêm, bán hàng online, nhận dự án ngoài giờ, học kỹ năng để tăng giá trị bản thân… Khi thu nhập tăng nhưng lối sống giữ nguyên, tiền tiết kiệm sẽ tăng rất nhanh.
Đừng biến tiết kiệm thành áp lực
Tiết kiệm không nên là cuộc chiến với bản thân. Nếu cắt giảm quá mức, bạn sẽ dễ nản và bỏ cuộc.
Hãy để bản thân có những khoản chi ""tận hưởng có kiểm soát"": một ly cà phê cuối tuần, một chuyến đi ngắn, một món đồ yêu thích. Tiết kiệm bền vững là tiết kiệm để sống tốt hơn – không phải sống khổ sở hơn.

"
https://cafef.vn/cho-thue-nha-mat-tien-phong-tro-co-can-dang-ky-ho-kinh-doanh-khong-ke-khai-thue-the-nao-188251209150142529.chn,"Cho thuê nhà mặt tiền, phòng trọ có cần đăng ký hộ kinh doanh không, kê khai thuế thế nào?","Đây là câu hỏi được đặt ra tại Hội thảo trực tuyến ""Giải đáp về thuế đối với hộ kinh doanh chuyển đổi từ thuế khoán sang kê khai"".","TạiHội thảo trực tuyến ""Giải đáp về thuế đối với hộ kinh doanh chuyển đổi từ thuế khoán sang kê khai""do LuatVietnam.vn tổ chức, diễn ra vào ngày 6/12/2025 vừa qua, một khán giả nữ đã đặt câu hỏi cho diễn giả như sau:
""Tôi có nhà mặt tiền và 1 dãy phòng trọ cho thuê. Người thuê lại cho người khác thuê lại (tôi không trực tiếp cho thuê trọ). Vây tôi có phải đăng ký hộ kinh doanh không? Hay chỉ kê khai thuế cho thuê tài sản theo mẫu 01/ TT40?""
Trả lời vấn đề này, Thạc sĩ Lê Thị Thủy - Nguyên Phó vụ trưởng của vụ tuyên truyền hỗ trợ người nộp thuế của cục thuế - cho biết: Hoạt động cho thuê nhà mặt tiền và dãy phòng trọ thường được xếp vào hoạt động cho thuê tài sản. Vì hoạt động này được coi là không thường xuyên, nên không thuộc đối tượng phải đăng ký Hộ kinh doanh. Do đó, chị chỉ cần thực hiện nghĩa vụ thuế cho thuê tài sản.
Đối với hoạt động cho thuê tài sản, phương pháp tính thuế có sự khác biệt so với các hoạt động kinh doanh thông thường. Cụ thể:
Về phương pháp tính thuế, trường hợp này sẽ áp dụng tính thuế theo tỷ lệ phần trăm trên doanh thu, chứ không áp dụng phương pháp tính lãi (doanh thu trừ chi phí), dù doanh thu có lớn (trên 03 tỷ đồng). Các loại thuế phải kê khai bao gồm: Thuế giá trị gia tăng và thuế thu nhập cá nhân.
Về mã số thuế, chị không cần mở mã số thuế Hộ kinh doanh. Nếu tài sản đứng tên chị, chị sẽ sử dụng mã số thuế cá nhân của mình để kê khai thuế cho thuê tài sản. Nếu đã có mã số thuế cá nhân rồi thì cứ thế mà nộp.
Thạc sĩ Lê Thị Thủy cho biết thêm, để phân biệt trường hợp nào cần đăng ký hộ kinh doanh, trường hợp nào không, cần dựa trên bản chất của hoạt động.
Đối với các hoạt động không thường xuyên, không phải kinh doanh dịch vụ, chỉ đơn thuần là cho thuê tài sản mình có (nhà, đất, xe...) thì không cần đăng ký.
Còn hoạt động thường xuyên, có tổ chức, cung cấp dịch vụ thì phải đăng ký Hộ kinh doanh theo quy định tại Nghị định 168 (trừ một số trường hợp không thường xuyên). Ví dụ, mở quán ăn, mở tiệm spa, kinh doanh dịch vụ lưu trú (tức là mở một cơ sở chuyên nghiệp để kinh doanh lưu trú, không phải đơn thuần cho thuê trọ)."
https://cafef.vn/vay-18-trieu-dong-tren-ung-dung-thanh-nien-sinh-nam-2007-chuyen-het-tien-vao-mot-tai-khoan-sau-do-bao-cong-an-188251209162731586.chn,"Vay 18 triệu đồng trên ứng dụng, thanh niên sinh năm 2007 chuyển hết tiền vào một tài khoản, sau đó báo công an","Tin lời kẻ lừa đảo, H. làm hồ sơ vay 18 triệu đồng và chuyển toàn bộ số tiền vào tài khoản của chúng. Sau đó, nhận thấy sự việc bất thường, H. đã đến Công an phường Phú Bài, thành phố Huế trình báo.","Ngày 09/12/2025, Công an phường Phú Bài, thành phố Huế cho biết, đã kịp thời giải cứu thành công 01 nạn nhân bị lừa đảo chiếm đoạt tài sản bằng hình thức “bắt cóc online”.
Trước đó, khoảng 15h00' ngày 05/12/2025, Công an phường Phú Bài tiếp nhận trình báo của em N.T.H (sinh năm 2007, trú tại thành phố Thái Nguyên, tỉnh Thái Nguyên). H cho biết đã bị các đối tượng gọi điện giả danh Công an và Viện kiểm sát vu cáo tham gia đường dây lừa đảo chiếm đoạt tài sản tại Thành phố Hồ Chí Minh. Các đối tượng đã gọi video, dàn cảnh có người mặc trang phục Công an nhân dân để tăng độ tin cậy, sau đó yêu cầu H. tham gia nhóm Zoom Workspace và tuyệt đối không được tiết lộ cho bất kỳ ai.
Theo chỉ dẫn của đối tượng, H. đã chuyển 500 nghìn đồng, rồi 5 triệu đồng vào tài khoản do đối tượng cung cấp. Đồng thời, H. bị yêu cầu mua điện thoại và sim mới để cắt liên lạc với gia đình. Ngày 01/12/2025, đối tượng tiếp tục chỉ đạo H. di chuyển liên tục từ Thái Nguyên – Hà Nội – Thanh Hóa – Huế và một số địa phương khác.
Trong quá trình này, các đối tượng hướng dẫn H. truy cập một ứng dụng trên Zalo có tên “Công ty Tài chính FE CREDIT” để làm hồ sơ vay 18 triệu đồng, sau đó ép chuyển toàn bộ số tiền vay được vào tài khoản của người khác.
Ngày 02/12, các đối tượng đã tiếp tục chuyển cho H. số tiến 2 triệu đồng qua ví điện tử MoMo để thuê khách sạn và chi tiêu, nhằm duy trì việc kiểm soát nạn nhân. Đến 23h00 cùng ngày, H. đến phường Phú Bài thuê nhà nghỉ lưu trú.
Nhận thấy sự việc bất thường, H. đã đến Công an phường Phú Bài trình báo. Sau khi xác minh, lực lượng Công an xác định, H. là nạn nhân của thủ đoạn “bắt cóc online”, trong đó các đối tượng buộc nạn nhân chuyển tiền, mua thiết bị mới để cắt liên lạc và liên tục di chuyển nhằm dễ bề kiểm soát và thực hiện hành vi chiếm đoạt. Công an phường Phú Bài đã nhanh chóng liên hệ với gia đình em H. tại thành phố Thái Nguyên để đón em trở về an toàn.
Qua vụ việc, cơ quan Công an khuyến cáo người dân cần nâng cao cảnh giác, tuyệt đối không làm theo yêu cầu của các cuộc gọi tự xưng lực lượng chức năng; không chuyển tiền, không cung cấp thông tin cá nhân, tài khoản ngân hàng cho người lạ; đồng thời báo ngay cho Công an nơi gần nhất khi phát hiện dấu hiệu bất thường.
Theo Bộ Công an"
https://cafef.vn/canh-bao-quan-trong-cho-chu-the-ngan-hang-chua-cap-nhat-can-cuoc-cong-dan-188251209133252234.chn,Cảnh báo quan trọng cho chủ thẻ ngân hàng chưa cập nhật căn cước công dân,"Nhiều ngân hàng khuyến cáo khách hàng cần sớm cập nhật thông tin cá nhân, xác thực tài khoản để tránh bị ngừng giao dịch từ ngày 1-1-2026.","Nam A Bank vừa thông báo tới khách hàng về việc cập nhật thông tin đầy đủ khi mở và sử dụng tài khoản thanh toán để tránh bị gián đoạn thanh toán, theo quy định của Ngân hàng Nhà nước trước ngày 1-1-2026.
Khách hàng cá nhân là công dân Việt Nam, người gốc Việt chưa xác định được quốc tịch sẽ phải cập nhật các thông tin về nghề nghiệp, số định danh cá nhân, địa chỉ đăng ký thường trú…
Giấy tờ tuỳ thân đối với khách hàng cá nhân có quốc tịch Việt Nam phải là CCCD, Thẻ căn cước hoặc Căn cước điện tử hoặc giấy khai sinh đối với người dưới 14 tuổi chưa có thẻ căn cước.
Đối với cá nhân là người nước ngoài cũng cần cập nhật thông tin đầy đủ, trong đó có số hộ chiếu hoặc thông tin định danh do cơ quan có thẩm quyền nước ngoài cấp; số thị thực nhập cảnh hoặc số giấy tờ thay thị thực nhập cảnh (đối với người nước ngoài cư trú tại Việt Nam)…
Các ngân hàng khuyến cáo khách hàng cần sớm cập nhật thông tin đầy đủ để tránh bị gián đoạn tài khoản
Techcombankcũng cho biết từ ngày 1-1-2026, theo quy định một số giấy tờ tùy thân sẽ không còn được chấp nhận khi xác thực giao dịch. Khách hàng cần cập nhật CCCD gắn chip tại chi nhánh Techcombank để bảo đảm sử dụng dịch vụ không bị gián đoạn.
Theo Thông tư 17/2024/TT-NHNN, Thông tư 18/2024/TT-NHNN và Luật Căn cước số 26/2023/QH15, từ đầu năm 2026, một số loại giấy tờ tùy thân sẽ không còn được chấp nhận để thực hiện giao dịch tại ngân hàng. Techcombank khuyến cáo khách hàng cần sớm cập nhật thông tin để tiếp tục giao dịch tài khoản ngân hàng, thẻ và các dịch vụ liên quan.
Một ngân hàng khác cũng vừa gửi thông báo là Agribank, khi cho biết sẽ ngừng sử dụng hộ chiếu trong giao dịch từ ngày 1-1-2026.
Theo đó, từ đầu năm 2026, Agribank ngừng chấp nhận hộ chiếu để thực hiện giao dịch trên tài khoản thanh toán đối với khách hàng là công dân Việt Nam trên tất cả các kênh. Theo quy định mới, khách hàng cần sử dụng các giấy tờ tùy thân như CCCD gắn chip, Thẻ căn cước, Căn cước điện tử để xác thực thông tin khi giao dịch.
Để tránh gián đoạn giao dịch, các khách hàng đang sử dụng hộ chiếu làm giấy tờ tùy thân tại Agribank cần sớm đến trực tiếp các chi nhánh, phòng giao dịch ngân hàng trên toàn quốc để cập nhật thông tin thay thế bằng CCCD gắn chip/Thẻ căn cước/Căn cước điện tử trước ngày 1-1-2026.
Thông báo của Agribank
Khách hàng có thể cập nhật thông tin CCCD gắn chip trên ứng dụng ngân hàng

"
https://cafef.vn/ngan-hang-canh-bao-tuyet-doi-khong-nen-luu-nhung-anh-sau-trong-dien-thoai-188251209111041828.chn,Ngân hàng cảnh báo: Tuyệt đối không nên lưu những ảnh sau trong điện thoại,Mọi dữ liệu có thể nhận diện danh tính hoặc mở đường vào tài khoản tài chính đều là rủi ro cao nếu lưu trong thiết bị cá nhân.,"Thời gian vừa qua nhiều ngân hàng khuyến cáo chủ tài khoản tuyệt đối không nên lưu các ảnh sau trong điện thoại nhằm hạn chế rủi ro bị đánh cắp thông tin.
1. Ảnh giấy tờ tùy thân
Bao gồm căn cước công dân, chứng minh thư, hộ chiếu và giấy phép lái xe. Đây là những giấy tờ chứa đầy đủ thông tin cá nhân quan trọng như số định danh, ngày sinh, ảnh chân dung. Nếu bị lộ, kẻ gian có thể sử dụng để mở tài khoản ngân hàng, vay tiền, thuê tài chính hoặc giả mạo danh tính người sở hữu.
2. Ảnh hai mặt thẻ ngân hàng, thẻ tín dụng
Hình ảnh thẻ thường hiển thị số thẻ, ngày hết hạn và mã CVV. Chỉ cần các dữ liệu này, kẻ gian có thể thực hiện giao dịch thanh toán trực tuyến trái phép, đánh cắp tiền trong tài khoản hoặc mua sắm gian lận mà chủ thẻ không hề hay biết.
3. Ảnh ""selfie xác thực danh tính""
Đây là ảnh chụp khuôn mặt cùng giấy tờ tùy thân khi mở tài khoản ngân hàng, ví điện tử hay ứng dụng tài chính. Những hình ảnh này có thể bị kẻ gian tái sử dụng để vượt qua các bước xác thực sinh trắc học, từ đó chiếm quyền kiểm soát tài khoản.
4. Ảnh màn hình chứa OTP hoặc mã bảo mật
Bao gồm mã OTP ngân hàng và các mã khôi phục tài khoản. Chỉ cần hình ảnh lọt ra ngoài, hacker có thể đăng nhập và chiếm đoạt tài khoản trong thời gian rất ngắn, đặc biệt nếu người dùng chưa kịp xóa ảnh sau khi sử dụng.
5. Ảnh thông tin đăng nhập
Các hình ảnh chứa tên đăng nhập, mật khẩu hoặc mã PIN thẻ là ""mỏ vàng"" đối với tội phạm mạng. Khi điện thoại bị nhiễm mã độc hoặc mất quyền kiểm soát, những dữ liệu này có thể giúp hacker truy cập trực tiếp vào tài khoản của người dùng.
6. Ảnh chứa dữ liệu tài chính cá nhân
Bao gồm sao kê ngân hàng, hợp đồng vay vốn, hợp đồng bảo hiểm hoặc chứng từ tài chính. Khi các thông tin này bị lộ, kẻ gian có thể lợi dụng để đánh giá khả năng tài chính của nạn nhân, từ đó xây dựng kịch bản lừa đảo phù hợp và tinh vi hơn.
7. Ảnh vé máy bay, hóa đơn điện tử
Những hình ảnh có chứa mã đặt chỗ, mã QR hoặc thông tin hành trình có thể bị lợi dụng để truy cập dữ liệu cá nhân, thay đổi lịch trình hoặc thực hiện các hành vi gian lận liên quan đến dịch vụ vận chuyển và thanh toán.
8. Ảnh giấy tờ doanh nghiệp
Hợp đồng, báo cáo nội bộ hay tài liệu mật của công ty nếu bị lưu trữ không an toàn đều tiềm ẩn nguy cơ rò rỉ thông tin, ảnh hưởng đến hoạt động kinh doanh và gây thiệt hại nghiêm trọng về uy tín cũng như tài chính."
https://cafef.vn/cu-ong-dang-o-nha-thi-nhan-duoc-cuoc-goi-dau-so-084-092-yeu-cau-giao-nop-100-trieu-trong-tai-khoan-ngan-hang-va-7-chi-vang-188251209110408321.chn,"Cụ ông đang ở nhà thì nhận được cuộc gọi đầu số 084, 092: Yêu cầu giao nộp 100 triệu trong tài khoản ngân hàng và 7 chỉ vàng","Người gọi tự xưng là cán bộ Công an, thông báo ông có liên quan đến một vụ án ma túy và rửa tiền với số tiền lên tới hơn 20 tỷ đồng. Đối tượng yêu cầu ông rút khoảng 100 triệu đồng trong tài khoản ngân hàng và bán 7 chỉ vàng để giao nộp nhằm ""giải quyết vụ việc"".","Công an phường Thành Đông, thành phố Hải Phòng vừa qua đã kịp thời ngăn chặn 01 vụ lừa đảo trên không gian mạng .
Theo đó, vào khoảng 09 giờ sáng ngày 05/12/2025, ông B.V.B (sinh năm 1946, trú tại phường Thành Đông, TP Hải Phòng) đang ở nhà thì nhận được cuộc gọi từ các số điện thoại 0924xxxxxx và 0847xxxxxx.
Người gọi tự xưng là cán bộ Công an, thông báo ông có liên quan đến một vụ án ma túy và rửa tiền với số tiền lên tới hơn 20 tỷ đồng. Đối tượng yêu cầu ông rút khoảng 100 triệu đồng trong tài khoản ngân hàng và bán 7 chỉ vàng để giao nộp nhằm ""giải quyết vụ việc"".
Nhờ đã được tuyên truyền về các thủ đoạn lừa đảo trước đó, ông B.V.B nhận thấy dấu hiệu bất thường và lập tức báo cho Công an phường Thành Đông. Ngay sau khi tiếp nhận thông tin, chỉ huy Công an phường đã phân công cán bộ trực tiếp đến tận nhà phối hợp cùng gia đình xác minh. Qua trao đổi, lực lượng Công an xác định ông B.V.B bị các đối tượng giả danh Công an gọi điện đe dọa, nhằm chiếm đoạt tài sản.
Công an phường đã kịp thời tuyên truyền, giải thích cho ông B.V.B về thủ đoạn của các đối tượng lừa đảo, đồng thời đề nghị ông dừng mọi giao dịch để bảo vệ an toàn tài sản.
Ông B.V.B sau đó đã gửi thư cảm ơn Công an phường Thành Đông vì đã nhanh chóng, kịp thời bảo vệ tài sản của người dân, đồng thời góp phần đấu tranh, ngăn chặn các hành vi phạm tội trên không gian mạng.
Qua sự việc trên, Công an phường Thành Đông khuyến cáo người dân cần nâng cao cảnh giác, tuyên truyền cho người thân, bạn bè – đặc biệt là người lớn tuổi – về các thủ đoạn lừa đảo qua điện thoại. Cơ quan Công an khi làm việc với công dân sẽ chỉ gửi giấy mời, giấy triệu tập trực tiếp hoặc thông qua Công an địa phương, tuyệt đối không gọi điện yêu cầu người dân chuyển tiền vào tài khoản ngân hàng. Khi phát hiện các trường hợp có dấu hiệu lừa đảo, người dân cần báo ngay cho cơ quan Công an nơi gần nhất để được hỗ trợ, xử lý kịp thời.
Theo Công an Thành phố Hải Phòng"
https://cafef.vn/chuyen-gia-co-quan-thue-co-the-khai-thac-du-lieu-tu-san-tmdt-don-vi-van-chuyen-de-xac-dinh-ho-kinh-doanh-ke-khai-dung-hay-khong-188251209102713135.chn,"Chuyên gia: Cơ quan Thuế có thể khai thác dữ liệu từ sàn TMĐT, đơn vị vận chuyển.. để xác định hộ kinh doanh kê khai đúng hay không","Theo chuyên gia để kiểm soát doanh thu hộ kinh doanh, cơ quan thuế có nhiều phương pháp nhưng bản thân hộ kinh doanh phải tự chịu trách nhiệm với doanh thu tự kê khai.","Bà Lê Thị Duyên Hải, Phó Tổng thư ký Hội Tư vấn Thuế Việt Nam
Tại Tọa đàm ""Giải đáp vướng mắc và tư vấn thuế cho hộ kinh doanh"" của VTV INDEX hôm 8/12, bà Lê Thị Duyên Hải, Phó Tổng thư ký Hội Tư vấn Thuế Việt Nam đã có phân tích về đề xuất nângngưỡng miễn thuế với hộ kinh doanh tăng lên mức 500 triệu đồng.
Theo bà Hải, các ngưỡng miễn thuế nhằm mục tiêu cân bằng giữa chi phí tuân thủ thuế của doanh nghiệp, cá nhân và chi phí hành thu của cơ quan quản lý, đồng thời đáp ứng mục tiêu thiết kế một ngưỡng chịu thuế để người nộp thuế tuân thủ phù hợp và ở mức thấp nhất. Còn cơ quan thuế sẽ tiến hành thu thuế hiệu quả cho ngân sách nhà nước.
Bên cạnh đó, đối với hộ kinh doanh, người nộp thuế phải chịu thuế giá trị gia tăng và thuế thu nhập cá nhân, ngưỡng miễn thuế còn có ý nghĩa tạo ra sự công bằng tương đối giữa các nhóm thu nhập như kinh doanh và làm công ăn lương, đảm bảo chỉ đánh thuế với phần thu nhập sau khi đã giảm trừ mức sống tối thiểu cho bản thân và người phụ thuộc. Vì vậy, theo bà Hải, đề xuất ngưỡng miễn thuế 500 triệu đồng đối với hộ kinh doanh nhằm mục tiêu đó.
Trước câu hỏi liên quan đến kiểm soát doanh thu thực tế khi hộ kinh doanh tự kê khai, bà Hải khẳng định nhà nước có nhiều cách để kiểm soát doanh thu của hộ kinh doanh. Tuy nhiên, khi áp dụng cơ chế thuế khoán, doanh thu được ước tính. Từ 1/1/2026, khi bỏ thuế khoán và chuyển sang kê khai, doanh thu thực tế có ý nghĩa rất quan trọng đối với tuân thủ pháp luật thuế của hộ kinh doanh cũng như quản lý thuế của cơ quan thuế.
""Để kiểm soát doanh thu này,việc đầu tiên là tính tuân thủ pháp luật: tự tính, tự khai, tự nộp của hộ kinh doanh. Bản thân họ phải tự chịu trách nhiệm với doanh thu kê khai. Với công nghệ hiện nay, hộ kinh doanh có thể quản lý doanh thu bán hàng thực tế qua các giải pháp và qua giao dịch thanh toán không dùng tiền mặt"", bà Hải nhấn mạnh.

Đối với cơ quan thuế, vị chuyên gia cũng có biết, để kiểm soát doanh thu thực tế của hộ kinh doanh cũng có nhiều giải pháp đã triển khai. Từ 1/6/2025, hộ kinh doanh thuộc diện kê khai và hộ khoán có doanh thu trên 1 tỷ thuộc diện áp dụng hóa đơn điện tử có mã và hóa đơn điện tử khởi tạo từ máy tính tiền của cơ quan thuế. Đây là giải pháp quan trọng để quản lý doanh thu thông qua việc bán hàng hóa, cung cấp dịch vụ phải lập hóa đơn.
Ngoài ra, ngành thuế cũng đang khuyến khích giao dịch thanh toán không dùng tiền mặt. Hiện nay các hộ kinh doanh sử dụng rất nhiều app thanh toán QR, chuyển khoản cho các giao dịch bán hàng hóa, dịch vụ.
""Bên cạnh hóa đơn điện tử và thanh toán không tiền mặt, cơ quan thuế có thể sử dụng nguồn thông tin từ các bên liên quan như sàn thương mại điện tử, công ty vận chuyển, công ty cung cấp dịch vụ… để có nguồn dữ liệu đối chiếu, xác định doanh thu hộ kinh doanh kê khai có đúng với thực tế hay không"", bà Hải nhấn mạnh."
https://cafef.vn/vietcombank-vpbank-mb-deu-khuyen-ban-nen-tat-ngay-tinh-nang-nay-tren-dien-thoai-neu-khong-muon-mat-tien-trong-tai-khoan-ngan-hang-188251208200741842.chn,"Vietcombank, VPBank, MB... đều khuyên bạn nên tắt ngay tính năng này trên điện thoại nếu không muốn mất tiền trong tài khoản ngân hàng","Hàng loạt ngân hàng lớn như Vietcombank, VPBank, MB, ACB, TPBank và mới nhất là NCB đã đồng loạt phát đi khuyến nghị khẩn cấp tới người dùng thiết bị Android một tính năng trên điện thoại có thể là lỗ hổng để hacker xâm nhập.","Trong bối cảnh tội phạm công nghệ cao đang gia tăng hoạt động lừa đảo hiện nay, an toàn dữ liệu và thông tin là ưu tiên hàng đầu. Tuy nhiên, có một tính năng trên điện thoại mà kẻ gian có thể lợi dụng để chiếm quyền điều khiển điện thoại từ xa và đánh cắp tài sản trong tài khoản ngân hàng. Đó chính làAccessibility (quyền trợ năng), đâyvốn là công cụ được Google thiết kế để hỗ trợ người khiếm thị hoặc người hạn chế vận động, nhưng nay lại trở thành ""kẽ hở"" chí mạng bị các đối tượng xấu khai thác triệt để.
Theo đó, nhiều ngân hàng lớn như Vietcombank, MB, ACB, VPBank, Kienlongbank, LPBank, SHB, TPBank... đã phát đi cảnh báo khuyến cáo người dùng nên tắt ngay tính năng này.

Theo lý giải từ các chuyên gia an ninh mạng, kịch bản tấn công thường bắt đầu bằng việc kẻ gian dụ dỗ nạn nhân bấm vào các đường link lạ hoặc cài đặt ứng dụng giả mạo cơ quan thuế, bảo hiểm, vay tiền hay trò chơi giải trí có chứa mã độc. Sau khi xâm nhập thiết bị, ứng dụng sẽ yêu cầu cấp quyền trợ năng.
Ông Vũ Ngọc Sơn, Giám đốc Công nghệ NCS, cho biết việc cấp quyền này sẽ phá vỡ cơ chế bảo mật ""sandbox"" của Google, cho phép hacker phá bỏ giới hạn ngăn cách giữa các ứng dụng. Từ đó, chúng có thể âm thầm theo dõi mọi thao tác, thu thập dữ liệu nhạy cảm như tên đăng nhập, mật khẩu, mã OTP và đợi thời điểm thuận lợi, thường là đêm khuya, để thực hiện lệnh chuyển tiền ngay trên máy của nạn nhân.
Để tự bảo vệ mình trước làn sóng tấn công tinh vi này, người dùng được khuyến cáo tuyệt đối không để người lạ truy cập trực tiếp vào thiết bị để cài đặt phần mềm, đồng thời cần kiểm tra kỹ nguồn gốc và quyền hạn của mọi ứng dụng trước khi tải về.
Đặc biệt, khi sử dụng các dịch vụ Internet Banking, khách hàng nên chủ động rà soát và tắt toàn bộ quyền trợ năng đối với các ứng dụng không tin cậy hoặc không cần thiết. Trong trường hợp nghi ngờ điện thoại bị dính mã độc hoặc bị chiếm quyền, người dùng có thể áp dụng biện pháp khẩn cấp là nhập sai mật khẩu đăng nhập ngân hàng 5 lần liên tiếp để khóa dịch vụ, sau đó lập tức liên hệ với ngân hàng và cơ quan chức năng để xử lý kịp thời."
https://cafef.vn/da-thong-nhat-so-luong-va-dat-hang-nguoi-mua-khang-dinh-se-chuyen-khoan-ngay-chu-tiem-bat-ngo-doi-y-va-bao-cong-an-188251208203709903.chn,"Đã thống nhất số lượng và đặt hàng, người mua khẳng định sẽ chuyển khoản ngay: Chủ tiệm bất ngờ đổi ý và báo công an","Dù ""người mua"" hứa chuyển khoản ngay đồng thời cung cấp nhiều giấy tờ chứng minh, anh N.T.T. nhận thấy có điểm nghi vấn, liền tới công an trình báo sự việc","Ngày 08/12/2025, Công an tỉnh Tuyên Quang cho biết, Công an phường Minh Xuân vừa ngăn chặn thành công 01 vụ lừa đảo chiếm đoạt tài sản.
Theo đó, anh N.T.T (trú tại phường Minh Xuân, tỉnh Tuyên Quang) nhận cuộc gọi từ một người đàn ông tự xưng là cán bộ hậu cần của Ban Chỉ huy Quân sự thành phố Tuyên Quang, đồng thời cung cấp địa chỉ, tên chỉ huy và vị trí công tác để tạo lòng tin với anh T.
Sau khi nói chuyện, đối tượng tiếp tục kết nối bạn Zalo có tên là Nguyễn Văn Thắng, sử dụng ảnh đại diện mặc quân phục, gửi kèm giấy ra vào cổng, bảng kê mua hàng, có dấu mộc đỏ củng cố uy tín với anh T.; đồng thời đặt mua 100 chiếc giường tầng quân đội với giá trị hàng trăm triệu đồng và hứa chuyển tiền ngay khi thống nhất số lượng.
Tuy nhiên, sau khi gửi ảnh ""giấy giới thiệu"" và ""hợp đồng đặt hàng"", đối tượng lại giới thiệu thêm một doanh nghiệp (ảo) là ""nhà cung cấp quen thuộc của quân đội"" để anh T. liên hệ lấy hàng mẫu.
Sau khi gọi điện cho doanh nghiệp ảo, anh T. được doanh nghiệp yêu cầu chuyển khoản trước 30 triệu đồng. Anh T. thấy nghi vấn nên báo cáo đến Công an phường Minh Xuân. Qua xác minh, Công an phường đã kịp thời ngăn chặn hành vi lừa đảo; đồng thời giải thích cho anh T. về các thủ đoạn lừa đảo của các đối tượng.
Mẫu phiếu xuất kho hàng hóa giả mạo (trái) và Giấy ra vào giả mạo.
Qua vụ việc trên, cơ quan Công an khuyến cáo người dân cần hết sức đề phòng cảnh giác với các thủ đoạn lừa đảo như trên; hạn chế tối đa việc liên hệ với người lạ qua các tài khoản mạng xã hội; tuyệt đối không giao dịch chuyển tiền qua tài khoản cho người lạ... để không trở thành nạn nhân của tội phạm lừa đảo chiếm đoạt tài sản.
Theo Bộ Công an"
https://cafef.vn/techcombank-se-dong-toan-bo-giao-dich-tai-khoan-the-va-cac-dich-vu-voi-nguoi-dung-sau-188251209092600521.chn,"Techcombank sẽ đóng toàn bộ giao dịch tài khoản, thẻ và các dịch vụ với người dùng sau",Người dùng Techcombank lưu ý để tránh bị gián đoạn giao dịch từ ngày 1/1/2026.,"Ngân hàng TMCP Kỹ thương Việt Nam (Techcombank - TCB) vừa phát đi thông báo khẩn, đề nghị khách hàng rà soát và cập nhật lại giấy tờ tùy thân theo quy định mới để tránh bị gián đoạn giao dịch từ ngày 1/1/2026.
Theo các quy định tại Thông tư 17/2024/TT-NHNN, Thông tư 18/2024/TT-NHNN và Luật Căn cước số 26/2023/QH15, một số loại giấy tờ tùy thân sẽ không còn giá trị sử dụng trong giao dịch ngân hàng kể từ thời điểm trên. Những khách hàng vẫn đăng ký thông tin tài khoản bằng các giấy tờ đã hết hiệu lực nằm trong danh mục này sẽ không được tiếp tục thực hiện giao dịch.
Người dùng Techcombank lưu ý để tránh bị gián đoạn giao dịch từ ngày 1/1/2026. (Nguồn: Techcombank)
Techcombank cho biết ngân hàng buộc phải chặn giao dịch tài khoản, thẻ và các dịch vụ liên quan ngay khi giấy tờ của khách hàng hết hạn, hoặc từ ngày 1/1/2026 – tùy điều kiện nào đến trước. Động thái này nhằm đáp ứng yêu cầu chuẩn hóa dữ liệu dân cư và tăng cường bảo mật trong hệ thống ngân hàng.
Để duy trì hoạt động bình thường, khách hàng cần mang căn cước công dân gắn chip còn hiệu lực đến các điểm giao dịch của Techcombank để cập nhật thông tin. Ngân hàng nhấn mạnh việc hoàn tất thủ tục trước ngày 1/1/2026 là bắt buộc.
Sau thời hạn này, các trường hợp chưa cập nhật sẽ bị xử lý theo quy định của Ngân hàng Nhà nước, bao gồm tạm ngừng giao dịch tài khoản, thẻ và những dịch vụ liên quan.
Không chỉ Techcombank, nhiều ngân hàng khác cũng đang yêu cầu khách hàng đồng bộ giấy tờ tùy thân theo chuẩn mới để đáp ứng quy định có hiệu lực từ năm 2026."
https://cafef.vn/hon-20-ngay-nua-agribank-se-dung-giao-dich-voi-nhung-tai-khoan-nay-188251208190130462.chn,"Hơn 20 ngày nữa, Agribank sẽ dừng giao dịch với những tài khoản này","Để tránh gián đoạn giao dịch, các khách hàng đang này cần sớm đến trực tiếp các chi nhánh/PGD Agribank trên toàn quốc để cập nhật thông tin.","Agribank vừa thông báo ngừng sử dụng hộ chiếu trong giao dịch từ 1/1/2026. Cụ thể, căn cứ quy định của Ngân hàng Nhà nước Việt Nam tại Thông tư 17/2024/TT-NHNN, từ ngày 1/1/2026, Agribank đã ngừng chấp nhận hộ chiếu để thực hiện giao dịch trên tài khoản thanh toán đối với khách hàng là công dân Việt Nam trên tất cả các kênh.
Theo quy định mới, khách hàng cần sử dụng các giấy tờ tùy thân như Căn cước công dân (CCCD) gắn chip, Thẻ căn cước, Căn cước điện tử để xác thực thông tin khi giao dịch.
Để tránh gián đoạn giao dịch, các khách hàng đang sử dụng hộ chiếu làm giấy tờ tùy thân tại Agribank cần sớm đến trực tiếp các chi nhánh/PGD Agribank trên toàn quốc để cập nhật thông tin thay thế bằng CCCD gắn chip/Thẻ căn cước/Căn cước điện tử trước ngày 1/1/2026.
"
https://cafef.vn/ngan-hang-se-cham-dut-viec-su-dung-the-cua-khach-hang-thuoc-nhung-truong-hop-sau-188251208145658274.chn,Ngân hàng sẽ chấm dứt việc sử dụng thẻ của khách hàng thuộc những trường hợp sau,Ngân hàng có thể sẽ chấm dứt việc sử dụng thẻ của khách hàng mà không cần thông báo trước trong nhiều trường hợp.,"Trong bối cảnh các ngân hàng ngày càng siết chặt quy trình quản trị rủi ro và tăng cường an toàn trong hoạt động thẻ, nhiều tổ chức tín dụng đã bổ sung hoặc cập nhật quy định về việc tạm ngưng, chấm dứt sử dụng thẻ đối với khách hàng. Những điều khoản này nhằm đảm bảo an ninh giao dịch, phòng ngừa gian lận và tuân thủ quy định pháp luật. Dưới đây là các quy định cụ thể tại hai ngân hàng lớn về các trường hợp thẻ có thể bị chấm dứt sử dụng trước hạn.
Các trường hợp ACB chấm dứt việc sử dụng thẻ
ACB có quyền tạm ngưng hoặc chấm dứt việc sử dụng thẻ trước hạn mà không cần thông báo trước cho Chủ thẻ hoặc cá nhân được ủy quyền sử dụng thẻ trong các trường hợp sau:
- Chủ thẻ/cá nhân được ủy quyền sử dụng thẻ vi phạm bất kỳ nội dung nào trong hợp đồng, cam kết hoặc thỏa thuận đã ký với ACB.
- Các giao dịch phát sinh dấu hiệu bất thường theo nhận định của ACB, nhằm đảm bảo an toàn cho tài khoản thanh toán của Chủ thẻ.
- Chủ thẻ vi phạm quy định về thanh toán không dùng tiền mặt của Ngân hàng Nhà nước hoặc quy định pháp luật liên quan.
- Chủ thẻ cung cấp thông tin sai sự thật, bao gồm cả những thông tin cung cấp trước khi được cấp thẻ.
- Chủ thẻ chết mà không có người thừa kế được ACB chấp nhận.
- Chủ thẻ bị mất hoặc hạn chế năng lực hành vi dân sự; hoặc bị khởi tố, truy tố, xét xử hình sự.
- Theo yêu cầu hoặc nhằm tuân thủ phán quyết, quyết định, chỉ thị của cơ quan nhà nước có thẩm quyền hoặc theo quy định của tổ chức thẻ quốc tế.
- Chủ thẻ yêu cầu chấm dứt sử dụng thẻ; hoặc thẻ đã hết hiệu lực.
- Chủ thẻ không kích hoạt thẻ quá 11 tháng kể từ ngày mở thẻ; hoặc thẻ hết hạn quá 11 tháng nhưng chưa cập nhật.
- Thẻ đã kích hoạt nhưng không phát sinh giao dịch trong 11 tháng liên tiếp.
- Thẻ có dấu hiệu vi phạm quy định giao dịch với đối tác, gây ảnh hưởng đến uy tín hoặc quyền lợi của ACB, theo đánh giá của ACB.
- Thẻ có dấu hiệu vi phạm quy định về bảo mật thông tin giao dịch và việc chấm dứt được ACB xác định là cần thiết để đảm bảo an toàn.
- Giấy tờ chứng minh tư cách pháp nhân, giấy tờ tùy thân của người liên quan (đại diện pháp luật, đại diện theo ủy quyền, người được ủy quyền sử dụng thẻ…) hoặc giấy tờ chứng minh thời hạn cư trú tại Việt Nam đối với người nước ngoài đã hết hiệu lực nhưng chưa được cập nhật theo quy định của ACB.
- Chủ thẻ thực hiện một trong các hành vi bị cấm tại khoản 10.2 Điều 10.
- Các trường hợp khác theo quy định pháp luật.
ACB có thể tiến hành rà soát việc sử dụng thẻ. Nếu phát hiện giao dịch bất thường hoặc việc tiếp tục sử dụng thẻ có thể vi phạm pháp luật, quy định, chính sách của ACB hoặc đối tác, ACB có toàn quyền tạm ngưng, chấm dứt sử dụng thẻ hoặc hủy thẻ. Sau đó, ACB sẽ thông báo cho Chủ thẻ theo phương thức quy định. Việc chấm dứt sử dụng thẻ không ảnh hưởng đến hiệu lực của Bản điều khoản và điều kiện, các bên vẫn phải tuân thủ đầy đủ.
Các trường hợp Vietcombank chấm dứt việc sử dụng thẻ và Hợp đồng
Vietcombank sẽ chấm dứt việc sử dụng Thẻ và chấm dứt Hợp đồng trong các trường hợp:
- Chủ thẻ vi phạm quy định về phát hành và sử dụng thẻ của Vietcombank, hoặc vi phạm quy định của pháp luật, NHNN, tổ chức thẻ quốc tế.
- Thông tin Chủ thẻ cung cấp không chính xác, không trung thực hoặc sai sự thật.
- Chủ thẻ bị khởi tố, điều tra, truy tố, xét xử hoặc bị Tòa án/Trọng tài ra bản án, quyết định ảnh hưởng nghiêm trọng đến khả năng trả nợ.
- Chủ thẻ chết, mất tích hoặc bị tuyên bố chết, mất tích.
- Tài sản của Chủ thẻ bị cơ quan pháp luật phong tỏa, tạm giữ và có khả năng ảnh hưởng nghiêm trọng đến khả năng trả nợ.
- Có nghi ngờ liên quan đến hành vi gian lận, giả mạo.
- Các trường hợp khác theo quy định pháp luật.
"
https://cafef.vn/chu-nha-hang-ra-cho-mua-con-ca-la-rau-sap-hang-nao-co-hoa-don-chung-tu-thi-kha-nang-cao-se-duoc-chon-188251208173137039.chn,"""Chủ nhà hàng ra chợ mua con cá, lá rau, sạp hàng nào có hóa đơn chứng từ thì khả năng cao sẽ được chọn""",Việc thực hiện đầy đủ hóa đơn chứng từ sẽ giúp hộ kinh doanh có lợi thế cạnh tranh rõ rệt.,"Trong chương trình “Tiêu điểm trong tuần” của Báo và Phát thanh – Truyền hình Đồng Nai, tọa đàm “Chuyển đổi thuế hộ kinh doanh – Góc nhìn từ chuyên gia”, ôngNguyễn Ngọc Tuấn – Giám đốc Công ty Thuế Kế toán Luật Việt Á, người có kinh nghiệm nhiều năm đồng hành cùng với các hộ kinh doanh và doanh nghiệp, đã có những chia sẻ thiết thực liên quan đến quá trình chuyển đổi thuế.
Thay vì một con số thuế ổn định hàng tháng, các hộ kinh doanh giờ đây phải làm quen với sổ sách kế toán, hóa đơn điện tử và đặc biệt là nghĩa vụ lưu giữ  toàn bộ chứng từ đầu vào đầu ra một cách hợp lệ. Việc không nắm vững quy định có thể dẫn đến những sai sót không đáng có gây rủi ro về mặt tài chính và pháp lý
Trước những khó khăn này, ông Nguyễn Ngọc Tuấn cho rằng nhận thức chính là yếu tố quan trong nhất giúp hộ kinh doanh vượt qua những bỡ ngỡ ban đầu và chuyển đổi thuế thành công.
Ngay cả những hộ kinh doanh tại chợ truyền thống, hoặc những người buôn bán lưu động không có doanh thu cố định, dù là nhóm gặp nhiều thách thức nhất cũng đã dần nhận thức được yêu cầu mới và bắt đầu đăng ký hộ kinh doanh tại nhà.
Theo ông Tuấn, nếu doanh số dưới 500 triệu đồng/năm thì chỉ cần kê khai, báo cáo hai lần trong năm và được miễn thuế, theo lộ trình mà Bộ Tài chính trình Chính phủ và dự kiến sẽ sớm được thông qua. Nhóm thứ hai là hộ kinh doanh có doanh thu từ trên 500 triệu đến 3 tỷ đồng/năm. Nhóm này sẽ phải tính thuế thu nhập doanh nghiệp khoảng 15% trên thu nhập, cùng với thuế giá trị gia tăng. Thuế giá trị gia tăng có hai cách tính: hoặc khấu trừ, hoặc tính theo tỷ lệ trên doanh thu. Ví dụ, mua bán hàng hóa thương mại có thể áp dụng tỷ lệ 1,5%; sản xuất chế biến có thể là 4,5%, v.v.
Như vậy, đối với các chủ sạp ở chợ, nếu doanh thu thấp thì hầu như không bị ảnh hưởng nhiều. Nhưng nếu doanh thu lớn, họ phải thực hiện đúng quy định. Ông Nguyễn Ngọc Tuấn cho rằng, nếu thay đổi nhận thức sớm, thực hiện đầy đủ hóa đơn chứng từ thì hộ kinh doanh sẽ có lợi thế cạnh tranh rõ rệt.
Ông lấy ví dụ, những nhà hàng, cửa tiệm kinh doanh ăn uống khi ra chợ truyền thống mua con cá, lá rau, nếu hộ kinh doanh nào có hóa đơn chứng từ thì khả năng cao sẽ được chọn lựa.""Nếu không sử dụng hóa đơn chứng từ mà vẫn bán ở chợ như cũ, khả năng sẽ khó cạnh tranh với sạp bên cạnh cùng bán mặt hàng đó nhưng có xuất hóa đơn. Khi đó, tệp khách hàng mục tiêu và khách hàng tiềm năng cũng sẽ bị thu hẹp"", ông cho hay.
Qua tiếp xúc thực tiễn, rõ ràng là chủ hộ kinh doanh cũng đã dần nhận thức được rằng việc thực hiện chính sách hóa đơn chứng từ sẽ có lợi cho chính mình, bằng cách tính khấu trừ thuế giá trị gia tăng và có sổ sách kế toán bài bản: bán ra – mua vào – và tài khoản hộ kinh doanh. Thủ tục rất đơn giản và sẽ có lợi hơn.
Nếu hộ kinh doanh nào chưa biết, chưa hiểu, thì có thể đến đội thuế địa phương hoặc các công ty tư vấn – họ sẽ tư vấn miễn phí. ""Tôi tin chắc rằng chỉ trong 10–30 phút là anh chị em, chủ hộ kinh doanh sẽ tự làm, sẽ biết làm"", ông Tuấn cho hay.
"
https://cafef.vn/ngan-hang-phat-canh-bao-nguoi-thuong-dung-vi-dien-tu-dac-biet-luu-y-188251208144610024.chn,Ngân hàng phát cảnh báo người thường dùng ví điện tử đặc biệt lưu ý!,Nguy cơ bay sạch tiền có thể xảy ra trong tíc tắc nếu như người dùng để lộ thông tin.,"Cùng với sự bùng nổ của thanh toán số, các hình thức lừa đảo qua ví điện tử cũng gia tăng nhanh chóng cả về số lượng lẫn mức độ tinh vi. Nhiều ngân hàng đã phát đi cảnh báo về rủi ro mất tiền từ các chiêu thức mạo danh và chiếm quyền kiểm soát tài khoản ví.
Theo các tổ chức tín dụng, chỉ cần người dùng vô tình để lộ thông tin bảo mật như mật khẩu, mã OTP hoặc đường link truy cập, toàn bộ tài khoản ví và tiền liên kết ngân hàng có thể bị chiếm đoạt ngay lập tức. Khác với giao dịch tiền mặt, giao dịch số được thực hiện gần như tức thời, khiến việc thu hồi tài sản sau khi bị lừa trở nên khó khăn.
Một trong những chiêu trò phổ biến hiện nay là giả mạo nhân viên các ví điện tử lớn hoặc ngân hàng. Đối tượng lừa đảo gọi điện, nhắn tin với lý do ""nâng cấp tài khoản"", ""xác minh thông tin"", ""bảo mật ví"", từ đó yêu cầu khách hàng cung cấp thông tin cá nhân, số tài khoản, mật khẩu hoặc mã OTP.
Ngay khi nạn nhân làm theo hướng dẫn, kẻ gian lập tức chiếm quyền truy cập ví điện tử, thực hiện giao dịch, rút tiền và tẩu tán sang nhiều tài khoản trung gian nhằm xóa dấu vết.
Không ít người dùng cũng trở thành nạn nhân của các chiêu thông báo trúng thưởng, nhận quà khuyến mãi hoặc hoàn tiền từ ví điện tử. Các đối tượng gửi tin nhắn kèm đường link hoặc yêu cầu quét mã QR để ""nhận thưởng"", sau đó đánh cắp thông tin đăng nhập hoặc yêu cầu chuyển phí xử lý.
Đáng chú ý, khoản tiền bị lừa ban đầu thường không lớn, khiến người dùng chủ quan. Tuy nhiên, chỉ sau vài phút, toàn bộ số dư trong ví có thể bị rút sạch.
Một thủ đoạn khác gây hoang mang cho người dùng là giả mạo công an, ngân hàng hoặc trung tâm hỗ trợ ví, thông báo tài khoản có dấu hiệu bị xâm nhập, rò rỉ dữ liệu hoặc liên quan đến hoạt động bất hợp pháp.
Lợi dụng tâm lý lo sợ, các đối tượng yêu cầu người dùng cung cấp thông tin bảo mật để ""phong tỏa ví"" hoặc yêu cầu thao tác gấp theo hướng dẫn. Trên thực tế, đây là thời điểm kẻ gian dễ dàng chiếm quyền kiểm soát tài khoản nhất.
Ngoài ra, một số người dùng bị dụ tham gia các hoạt động mang danh ""làm nhiệm vụ nhận thưởng"", yêu cầu chuyển – nhận tiền liên tục qua ví. Không chỉ mất tiền, nạn nhân còn có nguy cơ vô tình tiếp tay cho các hoạt động rửa tiền mà không hề hay biết.
Theo đánh giá của các ngân hàng, tội phạm công nghệ cao đang coi ví điện tử là ""mảnh đất màu mỡ"" bởi giao dịch nhanh, số lượng người dùng lớn và độ phức tạp trong việc truy hoàn tiền sau khi giao dịch đã hoàn tất.
Trước thực trạng trên, các ngân hàng đã phát đi khuyến cáo khẩn, yêu cầu khách hàng nâng cao cảnh giác khi sử dụng ví điện tử.
Theo cảnh báo từ ác ngân hàng, người dân cần tuyệt đối không cung cấp thông tin cá nhân, mật khẩu đăng nhập, mã OTP cho bất kỳ ai, kể cả người tự xưng là nhân viên ngân hàng hoặc ví điện tử.
Bên cạnh đó, cần cảnh giác với mọi đường link lạ, mã QR không rõ nguồn gốc, đặc biệt là các tin nhắn hoặc cuộc gọi thúc giục giao dịch gấp.
Người dùng cũng được khuyến nghị chỉ tải ứng dụng ví từ kho chính thức, không cài đặt app từ link bên ngoài; thường xuyên đổi mật khẩu, kích hoạt bảo mật sinh trắc học và giới hạn hạn mức giao dịch.
Một cảnh báo quan trọng khác là không đăng ký, định danh ví hộ người khác, không cho thuê hay mua bán tài khoản ví dưới mọi hình thức, nhằm tránh rủi ro pháp lý và mất tiền. Người dùng hãy cài đặt hạn mức chi tiêu trong mỗi lần thanh toán, mỗi ngày để hạn chế rủi ro có thể xảy ra.
Trong trường hợp nghi ngờ bị lừa đảo hoặc phát hiện giao dịch bất thường, khách hàng cần liên hệ ngay với ngân hàng, đơn vị phát hành ví và cơ quan chức năng để được hỗ trợ kịp thời.

"
https://cafef.vn/cong-an-canh-bao-khan-den-nguoi-vay-tien-voi-lai-suat-dac-biet-thap-188260103090501134.chn,"Công an cảnh báo khẩn đến người vay tiền với lãi suất ""đặc biệt thấp""",Công an cảnh báo người dân cần cảnh giác với thủ đoạn mạo danh ngân hàng cho vay tiền online lãi suất thấp dịp cuối năm.,"Cuối năm là thời điểm nhu cầu vay tiền của người dân và các hộ kinh doanh nhỏ tăng cao nhằm phục vụ chi tiêu, sản xuất, kinh doanh. Lợi dụng tâm lý cần vay nhanh, thủ tục đơn giản, các đối tượng lừa đảo đã tung ra nhiều chiêu trò tinh vi, mạo danh ngân hàng và công ty tài chính để chiếm đoạt tài sản của người vay.
Theo cơ quan chức năng, thủ đoạn phổ biến hiện nay là các đối tượng tạo lập hàng nghìn tài khoản Facebook, mạo danh các ngân hàng và công ty tài chính có thật tại Việt Nam. Đồng thời, chúng dựng website, ứng dụng giả và chạy quảng cáo trên mạng xã hội để chào mời các gói vay tín chấp với lãi suất ""đặc biệt thấp"", thủ tục nhanh gọn, không cần gặp mặt trực tiếp.
Những lời quảng cáo thường đánh trúng tâm lý người vay như: không cần thế chấp, không thẩm định, nợ xấu vẫn vay được; chỉ cần căn cước công dân và tài khoản ngân hàng là có thể nhận tiền sau vài phút.
Khi tiếp cận được người có nhu cầu vay, các đối tượng sử dụng nhiều tài khoản Facebook, Zalo, Telegram và nhiều số điện thoại khác nhau để gọi điện, nhắn tin. Chúng yêu cầu người vay cung cấp thông tin cá nhân như họ tên, số điện thoại, ảnh chụp căn cước công dân, ảnh chân dung… với lý do làm hồ sơ vay vốn.
Sau đó, các đối tượng lập hồ sơ vay giả, chụp lại và gửi cho người vay nhằm tạo niềm tin. Tiếp theo, chúng yêu cầu nạn nhân chuyển trước một khoản tiền với danh nghĩa phí bảo hiểm khoản vay hoặc phí bảo lưu hồ sơ.
Khi nạn nhân đã chuyển tiền, các đối tượng tiếp tục bịa ra lý do tài khoản ngân hàng của người vay gặp lỗi, cần nộp thêm tiền làm ""tài sản đối ứng"" để đảm bảo khoản vay trong thời gian chờ ngân hàng xử lý. Do tin tưởng, nhiều người tiếp tục chuyển thêm tiền vào các tài khoản do đối tượng chỉ định và bị chiếm đoạt.
Để phòng ngừa các thủ đoạn lừa đảo nêu trên, Phòng An ninh mạng và phòng, chống tội phạm sử dụng công nghệ cao Công an tỉnh Quảng Ngãi khuyến cáo người dân cần nâng cao cảnh giác, đồng thời tuyên truyền cho người thân, bạn bè về các phương thức lừa đảo đang diễn ra.
Người dân tuyệt đối không vay tiền qua các ứng dụng online, quảng cáo vay vốn với thủ tục đơn giản, giải ngân nhanh trên không gian mạng. Khi có nhu cầu vay tiền, cần trực tiếp đến các ngân hàng hoặc tổ chức tín dụng hợp pháp tại địa phương để làm thủ tục theo đúng quy định.
Trường hợp phát hiện dấu hiệu nghi vấn lừa đảo, tranh chấp hoặc số tiền phải trả cao hơn thỏa thuận ban đầu, người dân cần nhanh chóng trình báo cơ quan công an gần nhất để được hỗ trợ xác minh và xử lý kịp thời.
Theo Công an tỉnh Quảng Ngãi"
https://cafef.vn/gia-vang-se-tiep-tuc-gay-bat-ngo-188260102154846373.chn,Giá vàng sẽ tiếp tục gây bất ngờ?,"Năm 2025 ghi dấu kỷ lục của giá vàng thế giới và trong nước. Nhiều dự báo, giá vàng vẫn tạo ra những bất ngờ trong năm 2026.","Giá vàng tăng phi mã năm 2025
Năm 2025,     thị trường vàng    thế giới và trong nước chứng kiến diễn biến chưa từng có, khi giá vàng liên tục bứt phá và thiết lập các mốc cao lịch sử mới. Tính từ đầu năm 2025 đến nay, giá vàng miếng SJC tăng 68,6 triệu đồng/lượng (khoảng 81,5%), vàng nhẫn tăng 77,3%.
Với đà tăng “nóng” của giá vàng, thị trường ghi nhận hiện tượng người dân đổ xô đi mua, đặc biệt trong các giai đoạn giá liên tiếp lập đỉnh. Tại nhiều cửa hàng lớn ở Hà Nội và TPHCM, người dân phải xếp hàng từ sáng sớm để mua vàng.
Không ít doanh nghiệp kinh doanh vàng rơi vào tình trạng quá tải, thậm chí tạm ngừng bán ra trong một số khung giờ do nguồn cung không đáp ứng kịp nhu cầu. Một số cửa hàng áp dụng biện pháp hạn chế lượng bán, chỉ cho phép mỗi khách hàng mua tối đa 1 chỉ vàng, chủ yếu là vàng nhẫn trơn, nhằm phân bổ hàng hóa và tránh tình trạng đầu cơ, gom hàng. Trong khi đó, giá vàng trong nước luôn duy trì cao hơn thế giới khoảng 15-20 triệu đồng/lượng tuỳ từng thời điểm.
Nghị định 232    ban hành về quản lý hoạt động kinh doanh vàng đã bỏ độc quyền vàng miếng SJC, cho phép các ngân hàng, doanh nghiệp đủ điều kiện nhập khẩu vàng từ tháng 10/2025 nhưng đến nay vẫn đang trong quá trình xem xét. Như vậy, nguồn cung vàng trên thị trường vẫn chưa được cải thiện.
Trong năm 2025 giá vàng liên tục lập đỉnh và người dân đổ xô xếp hàng mua vàng.
Ông Nguyễn Minh Tuấn - Tổng Giám đốc AFA Capital - phân tích, cần nhìn lại lịch sử quản lý thị     trường vàng Việt Nam    qua ba giai đoạn. Giai đoạn trước năm 2011 là thời kỳ thị trường vàng gần như tự do, vàng được sử dụng như một dạng tiền tệ. Người dân gửi vàng vào ngân hàng để hưởng lãi, doanh nghiệp và ngân hàng vay - cho vay bằng vàng. Hệ quả là “vàng hóa” nền kinh tế, gây áp lực lớn lên tỷ giá, lãi suất và dự trữ ngoại hối, trong bối cảnh Việt Nam vẫn nhập siêu và dự trữ ngoại hối còn mỏng.
Bước sang giai đoạn hai, Nghị định 24 năm 2012 ra đời, Nhà nước lựa chọn vàng     SJC    làm thương hiệu vàng miếng quốc gia. Chính sách này đã hoàn thành một “sứ mệnh lịch sử” là tách vàng khỏi hệ thống tiền tệ và ngân hàng, xử lý trạng thái âm vàng của các ngân hàng thương mại, chấm dứt việc gửi - vay vàng hưởng lãi. Nhờ đó, ổn định vĩ mô được củng cố, lạm phát và tỷ giá dần đi vào trật tự.
Tuy nhiên, theo ông Tuấn, cơ chế độc quyền kéo dài hơn 10 năm đã bộc lộ hạn chế. Khi nhu cầu vàng của người dân vẫn lớn nhưng nguồn cung vàng miếng không được bổ sung tương xứng, thị trường hình thành mức chênh lệch giá ngày càng cao so với thế giới. Đây chính là điểm nghẽn lớn nhất của thị trường vàng hiện nay.
Nghị định 232 mới ban hành được xem là mở ra giai đoạn ba - giai đoạn cải cách thị trường vàng theo hướng quản lý có kiểm soát. Theo đó, Nhà nước xóa bỏ độc quyền sản xuất vàng miếng, chuyển sang cơ chế cấp phép có điều kiện cho các doanh nghiệp và ngân hàng đủ năng lực. Đồng thời, các giao dịch vàng có giá trị lớn phải thanh toán qua tài khoản, sử dụng hóa đơn điện tử và kết nối dữ liệu với Ngân hàng Nhà nước nhằm tăng tính minh bạch và chống gian lận.
Ông Tuấn nhấn mạnh, không nên kỳ vọng giá vàng trong nước sẽ giảm ngay lập tức. Việc sản xuất vàng miếng đòi hỏi vốn lớn, công nghệ, quy trình nghiêm ngặt, nên không phải ngân hàng hay doanh nghiệp nào cũng sẵn sàng tham gia. Tuy vậy, về dài hạn, cải cách này sẽ giúp tăng nguồn cung hợp pháp, thu hẹp chênh lệch giá, giảm rủi ro cho người dân và nhà đầu tư.
Quan trọng hơn, mục tiêu cuối cùng của cải cách không chỉ là giá vàng, mà là xây dựng thị trường vàng như một thị trường hàng hóa hiện đại, có thể tích hợp vào hệ thống tài chính quốc gia. Khi vàng được giao dịch minh bạch, lưu ký tập trung và không còn mang chức năng tiền tệ, Nhà nước vừa kiểm soát tốt ngoại hối, vừa giúp người dân tiếp cận vàng an toàn hơn, thay vì phải xếp hàng mua vàng vật chất và cất giữ trong két sắt như hiện nay.
Nhiều bất ngờ giá vàng trong năm 2026
Trong báo cáo mới đây, Hội đồng Vàng thế giới (WGC) cho rằng, giá vàng nhìn chung phản ánh kỳ vọng chung về kinh tế vĩ mô và có thể duy trì trong phạm vi hẹp nếu các điều kiện hiện tại tiếp tục.
""Tuy nhiên, dựa trên những tín hiệu từ năm 2025, năm 2026 có thể tiếp tục mang đến những bất ngờ"", WGC nói trong báo cáo. Theo đó, nếu tăng trưởng kinh tế chậm lại và lãi suất giảm thêm, giá vàng có thể tăng nhẹ.
Trong trường hợp suy thoái nghiêm trọng hơn khi     rủi ro toàn cầu gia tăng    , giá vàng có thể tăng mạnh. Ngược lại, nếu các chính sách của chính quyền Trump thành công, điều này sẽ thúc đẩy tăng trưởng kinh tế và giảm rủi ro địa chính trị, dẫn đến lãi suất tăng và đồng đô la Mỹ mạnh hơn, đẩy giá vàng xuống thấp hơn.
Các yếu tố bổ sung, chẳng hạn như nhu cầu của các ngân hàng trung ương và xu hướng tái chế vàng, cũng có thể ảnh hưởng đến thị trường. “Quan trọng nhất, vai trò của vàng như một công cụ đa dạng hóa danh mục đầu tư và nguồn ổn định vẫn là yếu tố then chốt trong bối cảnh thị trường tiếp tục biến động”, WGC nêu.
WGC và các định chế tài chính lớn cho rằng, giá vàng trong năm tới sẽ bị ảnh hưởng nhiều của 4 biến số chính: Lộ trình cắt giảm     lãi suất    và lợi suất thực; sức mạnh của đồng đô la Mỹ và hành động của Cục Dự trữ Liên bang Mỹ; nhịp mua của các ngân hàng trung ương và các quỹ hoán đổi danh mục (ETF); mức độ căng thẳng địa chính trị và kinh tế trên thế giới, trong đó có các diễn biến chính sách trong lòng nước Mỹ."
https://cafef.vn/dip-tet-duong-lich-gui-tiet-kiem-ngan-hang-nao-lai-suat-cao-nhat-188260102122024545.chn,"Dịp Tết Dương lịch, gửi tiết kiệm ngân hàng nào lãi suất cao nhất?","Lãi suất huy động tăng tại nhiều ngân hàng, kỳ hạn 6 tháng có thể vượt 7%, kích thích nhu cầu gửi tiết kiệm","Ngày 2-1, khoản tiền 200 triệu đồng gửi tiết kiệm kỳ hạn 6 tháng tại ngân hàng số Cake by VPBank của anh Thành Minh (ngụ TPHCM) đến hạn tất toán. Anh quyết định gửi tiếp sau khi thấy lãi suất đã tăng đáng kể so với lần gửi trước.
""Cách đây nửa năm, lãi suất tôi nhận chỉ hơn 6%/năm. Hiện nay, nếu tiếp tục chọn kỳ hạn 6 tháng, lãi suất được cộng thêm tới 0,6 điểm phần trăm. Tổng lãi suất cho khoản tiền 200 triệu đồng này lên đến 7,7%/năm"" – anh Minh cho biết.
Theo tìm hiểu của phóng viên, mức lãi suất tiết kiệm trên 7%/năm cho các kỳ hạn từ 6 tháng trở lên đang áp dụng khá phổ biến tại nhiều ngân hàng.
Thống kê mới nhất của Hiệp hội Ngân hàng Việt Nam (VNBA) cho thấy lãi suất tiền gửi kỳ hạn 6–12 tháng tại một số ngân hàng đang được niêm yết phổ biến ở mức 7,5–8,1%/năm, tăng khoảng 0,47 - 0,6 điểm % so với trước. Ở một số ngân hàng cổ phần quy mô vừa và nhỏ, lãi suất 1-3 tháng tăng tới 0,8-2,1 điểm %.
Theo VNBA, đợt điều chỉnh tăng lãi suất huy động thời gian gần đây chủ yếu đến từ khối ngân hàng thương mại cổ phần tư nhân, nhất là các ngân hàng quy mô nhỏ và vừa. Nhóm này tập trung mạnh vào phân khúc khách hàng bán lẻ, với nhiều ngân hàng như Bắc Á Bank, An Bình Bank, KienlongBank, GPBank, PVcomBank, BaoVietBank, Saigonbank, VCBNeo, MBV, PGBank và BVBank.
Lãi suất huy động nhích lên thời gian qua
Làn sóng này đã bắt đầu lan tới các ngân hàng thương mại nhà nước, khi cả Vietcombank, VietinBank, BIDV và Agribank đồng loạt tăng lãi suất huy động thêm tối đa khoảng 0,6 điểm % so với trước, nâng lãi suất gửi dài hạn vượt 5%/năm.
Trong biểu lãi suất mới nhất, khách gửi tiết kiệm tại Vietcombank, VietinBank, Agribank và BIDV sẽ hưởng mức lãi suất phổ biến từ 5,2 - 5,3%/năm với kỳ hạn dài từ 12 tháng trở lên. Đây là lần đầu tiên từ năm 2025, các ngân hàng thương mại nhà nước điều chỉnh lãi suất, vượt mốc 5%/năm.
Ông Nguyễn Thế Minh, Giám đốc Phân tích khối khách hàng cá nhân - Công ty Chứng khoán Yuanta Việt Nam, cho biết những ngày qua, nhu cầu vốn tăng cao vào thời điểm cuối năm để chốt sổ, dự phòng thanh khoản và cân đối các hệ số an toàn đã tạo áp lực, khiến lãi suất liên ngân hàng quay trở lại xu hướng tăng. Cùng với đó, lãi suất huy động trên thị trường dân cư cũng ghi nhận diễn biến tăng tại một số ngân hàng.
Theo ông Minh, trong ngắn hạn, lãi suất liên ngân hàng nhiều khả năng tiếp tục duy trì ở mức cao do yếu tố thanh khoản mang tính mùa vụ. Ngân hàng Nhà nước có thể sẽ bơm ròng nhẹ nhằm hỗ trợ thanh khoản cho hệ thống.
""Ngân hàng Nhà nước đã phát đi tín hiệu không mở rộng chính sách tiền tệ trong năm 2026. Thay vào đó, cơ quan điều hành sẽ tiếp tục duy trì mặt bằng lãi suất điều hành ở mức thấp, ưu tiên các mục tiêu ổn định kinh tế vĩ mô và kiểm soát lạm phát"" – ông Minh nhận định.
Các chuyên gia VNBA cũng cho rằng với sự linh hoạt trong điều hành các công cụ chính sách tiền tệ của Ngân hàng Nhà nước, áp lực tăng lãi suất huy động trong giai đoạn hiện nay vẫn nằm trong tầm kiểm soát. Mặt bằng lãi suất nhìn chung vẫn mang tính hỗ trợ đối với hoạt động kinh tế.

"
https://cafef.vn/den-ngan-hang-chuyen-700-trieu-cho-nguoi-than-nhung-tien-lai-vao-tai-khoan-cua-mot-thanh-nien-sinh-nam-2003-188260102094016848.chn,"Đến ngân hàng chuyển 700 triệu cho người thân, nhưng tiền lại vào tài khoản của một thanh niên  sinh năm 2003","Công an xã Phát Diệm, tỉnh Ninh Bình vừa qua đã phối hợp xác minh, hỗ trợ người dân nhận lại số tiền 700 triệu đồng do chuyển nhầm vào tài khoản của một thanh niên sinh năm 2003.","Ngày 31/12/2025, Công an xã Phát Diệm, tỉnh Ninh Bình tiếp nhận tin trình báo của ông anh Ngô Văn Huy, sinh năm 1984, trú tại Hùng Tiến, xã Kim Sơn, tỉnh Ninh Bình về việc anh Huy có đến Ngân hàng VietinBank chi nhánh Phát Diệm để thực hiện giao dịch chuyển tiền cho người trong gia đình, do sơ suất anh Huy đã chuyển khoản nhầm số tiền 700 triệu đồng đến 1 số tài khoản ngân hàng khác.
Ngay sau khi nhận được tin báo của người dân, Công an xã Phát Diệm đã nhanh chóng cử cán bộ phối hợp với Ngân hàng Viettin Bank chi nhánh Phát Diệm tổ chức xác minh thông tin. Với tinh thần nhanh chóng, khẩn trương, chính xác, quá trình xác minh, Công an xã Phát Diệm đã phối hợp xác định được số tài khoản ngân hàng mà anh Huy chuyển nhầm là của anh Nguyễn Đức M, sinh năm 2003, trú tại phường Bắc Giang, tỉnh Bắc Ninh.
Công an xã Phát Diệm đã chủ động liên hệ và phối hợp với Công an phường Bắc Giang và các đơn vị liên quan liên hệ với anh M. Thời điểm đó, anh M cho biết cũng rất ngạc nhiên và băn khoăn không hiểu vì sao có số tiền 700 triệu không rõ nguồn gốc chuyển vào tài khoản của mình. Được hướng dẫn, anh M đã thực hiện đầy đủ các thủ tục và chuyển trả lại số tiền 700 triệu đồng cho anh Huy.
Việc làm tận tình, trách nhiệm, kịp thời của Công an xã Phát Diệm và các đơn vị liên quan, tinh thần tích cực phối hợp trao trả tài sản cho người không may chuyển nhầm của anh Nguyễn Đức M khiến anh Ngô Văn Huy và người dân trên địa bàn xúc động, hết lời cảm ơn, ghi nhận, đánh giá cao.
Theo Công an tỉnh Ninh Bình"
https://cafef.vn/chinh-thuc-tu-hom-nay-agribank-vietcombank-bidv-vpbank-mb-dung-giao-dich-rut-va-chuyen-tien-voi-nhom-khach-hang-nay-188260101075307147.chn,"Chính thức từ hôm nay, Agribank, Vietcombank, BIDV, VPBank, MB… dừng giao dịch rút và chuyển tiền với nhóm khách hàng này","Từ hôm nay, nhiều ngân hàng thương mại đồng loạt áp dụng quy định mới: tạm dừng rút tiền, chuyển tiền và thanh toán đối với các tài khoản của công dân Việt Nam vẫn đăng ký bằng hộ chiếu, nhằm tuân thủ yêu cầu xác thực danh tính theo quy định mới.","Theo thông báo từ các ngân hàng, quy định này chính thức có hiệu lực từ hôm nay (1/1/2026) và được áp dụng đồng loạt trên toàn hệ thống, bao gồm giao dịch tại quầy, ATM, Internet Banking, Mobile Banking và các phương tiện thanh toán điện tử khác.
Để tránh việc tài khoản bị tạm dừng các chức năng thanh toán và rút tiền, khách hàng bắt buộc phải đến chi nhánh hoặc phòng giao dịch ngân hàng để cập nhật giấy tờ tùy thân sang Căn cước công dân (CCCD) gắn chip hoặc thẻ Căn cước mới, đồng thời hoàn tất đối chiếu thông tin sinh trắc học.
Đây không phải quy định riêng lẻ của từng ngân hàng, mà là yêu cầu bắt buộc nhằm tuân thủ Thông tư 17 và Thông tư 18 của Ngân hàng Nhà nước, chính thức có hiệu lực toàn phần từ đầu năm 2026.
Theo quy định mới, mọi giao dịch rút tiền và thanh toán điện tử của khách hàng cá nhân chỉ được thực hiện khi hệ thống ngân hàng đối chiếu khớp đúng dữ liệu sinh trắc học (khuôn mặt, vân tay) của người giao dịch với dữ liệu gốc được lưu trữ trong thẻ CCCD gắn chip, thẻ Căn cước do Bộ Công an cấp hoặc đã được xác thực thông qua tài khoản định danh điện tử VNeID.
Trong khi đó, hộ chiếu – kể cả loại mới – hiện chưa đáp ứng được yêu cầu đối chiếu sinh trắc học trực tiếp với Cơ sở dữ liệu quốc gia về dân cư theo chuẩn kỹ thuật đang được áp dụng. Do vậy, công dân Việt Nam sử dụng hộ chiếu để đăng ký tài khoản ngân hàng sẽ không đủ điều kiện pháp lý để tiếp tục giao dịch kể từ ngày 1/1/2026.
Bên cạnh việc dừng rút và chuyển tiền, Thông tư 18 cũng quy định chặt chẽ hơn trong quy trình mở thẻ ngân hàng mới. Theo đó, các tổ chức phát hành thẻ chỉ chấp nhận CCCD, thẻ Căn cước hoặc định danh điện tử mức độ 2 để nhận biết khách hàng.
Điều này đồng nghĩa với việc hộ chiếu – loại giấy tờ từng được chấp nhận theo quy định cũ năm 2018 – chính thức không còn được sử dụng trong các thủ tục xác thực tài khoản ngân hàng nội địa đối với công dân Việt Nam.
Trước khi quy định có hiệu lực, trong tháng 12/2025, hàng loạt ngân hàng như Agribank, BIDV, Vietcombank, VietinBank, MB, VPBank, SHB, Nam A Bank, NCB, KienlongBank…đã liên tiếp phát đi thông báo khuyến nghị khách hàng chủ động cập nhật giấy tờ tùy thân và sinh trắc học để tránh gián đoạn giao dịch.

"
https://cafef.vn/pho-thong-doc-ngan-hang-nha-nuoc-so-luong-tai-khoan-ca-nhan-nhan-tien-lua-dao-giam-gan-mot-nua-luong-nguoi-bi-lua-dao-giam-57-188260102113935688.chn,"Phó Thống đốc Ngân hàng Nhà nước: Số lượng tài khoản cá nhân nhận tiền lừa đảo giảm gần một nửa, lượng người bị lừa đảo giảm 57%","Theo Phó Thống đốc, đến hết ngày 19/12/2025, hơn 142,5 triệu hồ sơ khách hàng cá nhân và hơn 1,5 triệu hồ sơ khách hàng tổ chức đã được đối chiếu sinh trắc học qua CCCD gắn chip hoặc VneID, từ đó góp phần hạn chế hành vi lừa đảo, gian lận","Ngày 29/12, tại Học viện Cảnh sát nhân dân, Thượng tướng, PGS.TS. Trần Quốc Tỏ, Ủy viên Ban chấp hành Trung ương Đảng - Thứ trưởng Bộ Công an, ông Phạm Tiến Dũng – Phó Thống đốc Ngân hàng Nhà nước Việt Nam (NHNN) và Trung tướng, GS.TS. Trần Minh Hưởng – Giám đốc Học viện Cảnh sát nhân dân đồng chủ trì Hội thảo khoa học cấp quốc gia với chủ đề""Phòng, chống tội phạm lừa đảo chiếm đoạt tài sản trên không gian mạng"".
Phó Thống đốc Phạm Tiến Dũng phát biểu khai mạc Hội thảo
Phát biểu khai mạc tại Hội thảo, Phó Thống đốc Ngân hàng Nhà nước Phạm Tiến Dũng nhấn mạnh trong bối cảnh Cách mạng công nghiệp lần thứ tư và quá trình chuyển đổi số quốc gia, sự gia tăng của tội phạm mạng, đặc biệt là tội phạm lừa đảo chiếm đoạt tài sản đang diễn biến ngày càng phức tạp, tinh vi, có tổ chức, có yếu tố xuyên quốc gia, gây thiệt hại về kinh tế, xâm phạm quyền và lợi ích hợp pháp của tổ chức, cá nhân, đồng thời tác động tiêu cực đến trật tự, an toàn xã hội và niềm tin của người dân, doanh nghiệp.
Qua số liệu thống kê và thông tin của Bộ Công an có thể thấy các phương thức, thủ đoạn lừa đảo chiếm đoạt tài sản trên không gian mạng ngày càng nguy hiểm, khó lường và tập trung vào 04 nhóm hành vi chính, bao gồm: mạo danh các cơ quan, tổ chức, cá nhân; lừa đảo tình cảm; kêu gọi, dụ dỗ đầu tư; và phát tán mã độc để chiếm đoạt tài sản.
Phó Thống đốc Phạm Tiến Dũng cũng nhấn mạnh công tác phòng, chống tội phạm lừa đảo chiếm đoạt tài sản trên không gian mạng luôn được xác định là nhiệm vụ trọng tâm, mang tính cấp thiết của ngành Ngân hàng trong bối cảnh phát triển mạnh mẽ của thanh toán không dùng tiền mặt và các dịch vụ ngân hàng số. Thời gian qua, NHNN và toàn ngành Ngân hàng đã tích cực phối hợp liên ngành với Bộ Công an, Bộ Khoa học và công nghệ và các bộ, ban, ngành khác để triển khai nhiều giải pháp nhằm tăng cường bảo đảm an ninh, an toàn hoạt động thanh toán, bảo vệ quyền và lợi ích hợp pháp của khách hàng, góp phần phòng ngừa, ngăn chặn và hỗ trợ xử lý các hành vi gian lận, lừa đảo trên không gian mạng.
Đến hết ngày 19/12/2025, hơn 142,5 triệu hồ sơ khách hàng cá nhân và hơn 1,5 triệu hồ sơ khách hàng tổ chức đã được đối chiếu sinh trắc học qua CCCD gắn chip hoặc VneID, từ đó góp phần hạn chế hành vi lừa đảo, gian lận. Số lượng khách hàng cá nhân bị lừa đảo, mất tiền giảm 57%, số lượng tài khoản cá nhân nhận tiền lừa đảo trong 6 tháng đầu năm 2025 giảm 47% so với cùng kỳ 2024. Tuy nhiên công tác phòng, chống tội phạm lừa đảo chiếm đoạt tài sản trên không gian mạng trong lĩnh vực Ngân hàng vẫn còn tồn tại một số khó khăn, hạn chế nhất định như: (i) Tội phạm sử dụng công nghệ cao lừa đảo, chiếm đoạt tiền và tài khoản ngân hàng của người dân với nhiều thủ đoạn tinh vi, phức tạp; (ii) Sự thay đổi nhanh chóng, phức tạp của tội phạm, đặc biệt trong bối cảnh tội phạm gia tăng sử dụng công nghệ cao như Deep Fake, Trí tuệ nhân tạo (AI),.. để tấn công, lừa đảo.
Kết luận Hội thảo, Đồng chí Thượng tướng, PGS.TS. Trần Quốc Tỏ, Ủy viên Ban chấp hành Trung ương Đảng - Thứ trưởng Bộ Công an nhấn mạnh việc xác định, nhận thức các yếu tố ""phòng"" và ""chống"" trong công tác chống tội phạm trên không gian mạng, từ đó xác định được trách nhiệm của cơ quan nhà nước, các cơ quan ngôn luận, tổ chức, cá nhân trong hoạt động này. Phòng chống tội phạm lừa đảo trên không gian mạng là tổng hợp các biện pháp mà nhà nước, cơ quan, tổ chức và cá nhân thực hiện để phát hiện, đấu tranh và xử lý các tội phạm mạng, bảo vệ quyền và lợi ích hợp pháp cho tổ chức và cá nhân.
Do đó, hoạt động này cần sự tham gia, đồng hành của cả hệ thống chính trị, các cơ quan, tổ chức và cá nhân, trong đó lực lượng công an nhân dân là vai trò nòng cốt. Thứ trưởng Bộ Công an yêu cầu Học viện Cảnh sát Nhân dân chủ trì phối hợp với các đơn vị liên quan tổng hợp đầy đủ các kiến nghị để báo cáo Đảng, Nhà nước và Chính phủ nhằm nâng cao hiệu quả cuộc đấu tranh này./.
Mạnh Đức"
https://cafef.vn/xo-so-mien-nam-giai-doc-dac-84-ti-dong-trung-o-tay-ninh-dong-thap-dong-nai-188260102092135501.chn,"Xổ số miền Nam: Giải độc đắc 84 tỉ đồng trúng ở Tây Ninh, Đồng Tháp, Đồng Nai","Hôm nay, 2-1, xổ số miền Nam mở thưởng đối với vé số Vĩnh Long, Bình Dương và Trà Vinh. Đây là kỳ mở thưởng đầu tiên của 3 đài này trong năm 2026","Sáng 2-1, theo ghi nhận của phóng viên BáoNgười Lao Động, sau khi kết quả xổ số miền Nam được công bố, nhiều đại lý vé số đã chia sẻ lên Facebook của đại lý mình về thông tin địa phương có người trúng độc đắc 3 đài.
Kết quả xổ số kiến thiết ngày 1-1. Ảnh: ĐLVS Lộc Hằng
Theo đó, giải độc đắc (dãy số921013) của vé số An Giang, do Công ty TNHH Một thành viên Xổ số kiến thiết An Giang mở thưởng chiều 1-1, được xác định trúng ở tỉnh Tây Ninh. Nơi đổi thưởng cho chủ nhân trúng 5 tờ là đại lý vé số Thần Tài ở xã Cần Giuộc, tỉnh Tây Ninh. 9 vé trúng độc đắc còn lại chưa lộ diện người may mắn.
Trong khi đó, giải an ủi của vé số An Giang cũng đã được đại lý vé số Bé Phương ở tỉnh Vĩnh Long đổi thưởng cho khách hàng trúng tổng cộng 17 tờ.
Mở thưởng cùng ngày với vé số An Giang, giải độc đắc (dãy số194340) của vé số Tây Ninh được xác định trúng tại tỉnh Đồng Nai. Nơi bán trúng độc đắc 28 tỉ đồng là đại lý vé số Hạnh Phát ở tỉnh Đồng Nai. Tuy nhiên, đến sáng 2-1, khách hàng trúng độc đắc vẫn chưa đến đại lý đổi thưởng.
Vé số Bình Thuận, do Công ty TNHH Một thành viên Xổ số kiến thiết Bình Thuận mở thưởng cùng ngày với vé số Tây Ninh và vé số An Giang, giải độc đắc (dãy số796621) và giải an ủi được các đại lý xác định trúng tại tỉnh Đồng Tháp. Đến sáng nay, chỉ mới có khách hàng trúng giải an ủi đã đến đại lý vé số Kiệt ở tỉnh Đồng Tháp để đổi thưởng; còn khách hàng trúng độc đắc 14 vé vẫn chưa lộ diện.
Giải độc đắc của vé số An Giang trúng tại tỉnh Tây Ninh. Ảnh: ĐLVS Thần Tài
Hôm nay, xổ số miền Nam sẽ mở thưởng đối với vé số Vĩnh Long, Bình Dương và Trà Vinh. Đây là kỳ mở thưởng đầu tiên của 3 đài này trong năm 2026."
https://cafef.vn/da-nang-triet-pha-duong-day-mua-ban-hoa-don-trai-phep-hon-200-ty-dong-188260101180740473.chn,Đà Nẵng triệt phá đường dây mua bán hóa đơn trái phép hơn 200 tỷ đồng,"Phòng Cảnh sát kinh tế Công an TP Đà Nẵng  vừa triệt phá thành công một đường dây mua bán hóa đơn, chứng từ trái phép với tổng giá trị hơn 200 tỷ đồng.","Ngày 31/12/2025, Phòng Cảnh sát điều tra tội phạm về tham nhũng, kinh tế, buôn lậu và môi trường (Cảnh sát kinh tế - Công an TP Đà Nẵng) vừa ra quyết định khởi tố 3 đối tượng có liên quan trong đường dây mua bán hóa đơn trái phép với tổng giá trị hàng trăm tỷ đồng.
Nguyễn Thị Thu Thảo được xác định là đối tượng cầm đầu. (Ảnh: CA)
Trong đó, Nguyễn Thị Thu Thảo (47 tuổi, trú phường An Hải, thành phố Đà Nẵng) được xác định là đối tượng cầm đầu.
Qua công tác nghiệp vụ, Phòng Cảnh sát kinh tế xác định, từ năm 2022 đến năm 2025, Nguyễn Thị Thu Thảo cùng các đối tượng liên quan đã lợi dụng pháp nhân của nhiều công ty để xuất bán trái phép gần 500 hóa đơn giá trị gia tăng.
Các hóa đơn này được bán cho nhiều tổ chức, doanh nghiệp trên địa bàn thành phố Đà Nẵng và nhiều tỉnh, thành phố trong cả nước, với tổng giá trị ghi trên hóa đơn hơn 200 tỷ đồng, qua đó thu lợi bất chính trên 15 tỷ đồng.
Các đối tượng trong đường dây bị khởi tố. (Ảnh: CA)
Cơ quan công an đã tiến hành khám xét đồng loạt nơi ở và nơi làm việc của các đối tượng, thu giữ nhiều tài liệu, chứng cứ quan trọng để mở rộng điều tra.
Hiện Phòng Cảnh sát kinh tế Công an TP Đà Nẵng đang tiếp tục mở rộng điều tra, xử lý nghiêm các đối tượng liên quan theo quy định pháp luật."
https://cafef.vn/tu-hom-nay-agribank-vietcombank-vietinbank-tam-ngung-toan-bo-giao-dich-rut-chuyen-tien-doi-voi-truong-hop-sau-188260101142036885.chn,"Từ hôm nay, Agribank, Vietcombank, VietinBank,… tạm ngừng toàn bộ giao dịch rút/chuyển tiền đối với trường hợp sau","Nhiều ngân hàng thương mại lớn như Vietcombank, VietinBank, Agribank, BIDV… sẽ tạm ngừng giao dịch với trường hợp dưới đây.","Kể từ ngày 1/1/2026, các tài khoản ngân hàng tại Việt Nam đăng ký bằng hộ chiếu sẽ bị tạm ngừng toàn bộ giao dịch rút tiền và thanh toán nếu chưa cập nhật sang Căn cước công dân (CCCD) gắn chip hoặc định danh điện tử hợp lệ.
Quy định này không phải là quyết định riêng lẻ của từng ngân hàng mà xuất phát từ yêu cầu bắt buộc tại Thông tư 17 và Thông tư 18 của Ngân hàng Nhà nước, chính thức có hiệu lực toàn phần từ đầu năm 2026. Do đó, toàn bộ khách hàng cá nhân là công dân Việt Nam đang sử dụng hộ chiếu làm giấy tờ tùy thân để mở và xác thực tài khoản đều phải tuân thủ.
Từ hôm nay, các ngân hàng sẽ ngừng thực hiện giao dịch thanh toán, rút tiền qua tài khoản thanh toán, thẻ trên tất cả các kênh đối với khách hàng là người Việt Nam đang sử dụng giấy tờ tùy thân là hộ chiếu. (Ảnh minh hoạ)
Theo Thông tư 17, mọi giao dịch rút tiền và thanh toán điện tử của khách hàng cá nhân chỉ được phép thực hiện khi hệ thống ngân hàng đã đối chiếu và xác thực thành công dữ liệu sinh trắc học (khuôn mặt, vân tay) của người giao dịch với dữ liệu gốc. Dữ liệu này phải được lưu trữ trong bộ phận mã hóa của thẻ CCCD gắn chip, thẻ Căn cước do Bộ Công an cấp hoặc đã được xác thực thông qua tài khoản định danh điện tử VNeID.
Trong khi đó, hộ chiếu kể cả loại mới hiện chưa đáp ứng được yêu cầu đối chiếu sinh trắc học trực tiếp với Cơ sở dữ liệu quốc gia về dân cư theo chuẩn kỹ thuật mà ngành ngân hàng đang áp dụng. Vì vậy, từ ngày 1/1/2026, công dân Việt Nam sử dụng hộ chiếu để đăng ký tài khoản ngân hàng sẽ không đủ điều kiện pháp lý để tiếp tục thực hiện các giao dịch rút tiền và thanh toán.
Không chỉ siết chặt giao dịch, Thông tư 18 cũng quy định rõ về quy trình mở thẻ ngân hàng. Theo đó, các tổ chức phát hành thẻ chỉ chấp nhận CCCD, thẻ Căn cước hoặc định danh điện tử mức độ 2 để nhận biết khách hàng. Hộ chiếu, loại giấy tờ từng được chấp nhận theo Thông tư ban hành năm 2018 sẽ không còn giá trị sử dụng trong quy trình xác thực tài khoản ngân hàng nội địa đối với công dân Việt Nam.
Trước đó, từ ngày 1/7/2025, nhiều ngân hàng đã tạm dừng giao dịch thanh toán và rút tiền điện tử đối với khách hàng tổ chức chưa cập nhật đầy đủ thông tin sinh trắc học của người đại diện hợp pháp. Các ngân hàng khuyến nghị khách hàng đến trực tiếp chi nhánh hoặc phòng giao dịch nơi mở tài khoản để bổ sung, cập nhật thông tin nhằm tránh gián đoạn giao dịch."
https://cafef.vn/chinh-thuc-nguoi-nhan-luong-17-trieu-dong-thang-khong-phai-nop-thue-thu-nhap-ca-nhan-188260101181347012.chn,Chính thức: Người nhận lương 17 triệu đồng/tháng không phải nộp thuế thu nhập cá nhân,"Bước vào năm 2026, pháp luật về thuế thu nhập cá nhân thay đổi theo hướng giảm gánh nặng tài chính cho người lao động.","Cụ thể, Luật Thuế thu nhập cá nhân (TNCN) sửa đổi vừa được Quốc hội thông qua đã tăng mức giảm trừ gia cảnh cho bản thân người nộp thuế lên 15,5 triệu đồng/tháng, và mức giảm trừ cho mỗi người phụ thuộc lên 6,2 triệu đồng/tháng.
Quy định mới này áp dụng trong kỳ tính thuế năm 2026, giúp người lao động giảm bớt gánh nặng tài chính, đồng thời phản ánh sự điều chỉnh hợp lý của Nhà nước trong bối cảnh giá cả và chi phí sinh hoạt ngày càng tăng.
Ví dụ, với người có mức lương 17 triệu đồng/tháng, sau khi giảm trừ gia cảnh cho bản thân 15,5 triệu đồng, thu nhập tính thuế còn lại chỉ là 1,5 triệu đồng/tháng. Do mức thu nhập này chưa đạt ngưỡng chịu thuế nên người này không phải nộp thuế TNCN.
Tương tự, người lao động có mức lương 24 triệu đồng/tháng và có 1 người phụ thuộc cũng không phải nộp thuế TNCN. Bởi, sau khi giảm trừ tổng cộng 21,7 triệu đồng (bao gồm giảm trừ cho bản thân 15,5 triệu đồng và giảm trừ cho người phụ thuộc 6,2 triệu đồng), thu nhập tính thuế chỉ còn 2,3 triệu đồng/tháng – vẫn chưa đến ngưỡng phải nộp thuế.
Đồ họa: AI-V.Vinh
Đặc biệt, Luật Thuế TNCN sửa đổi còn quy định hộ kinh doanh có doanh thu từ 500 triệu đồng/năm trở xuống được miễn thuế TNCN. Đồng thời, luật này sửa đổi, bổ sung khoản 25 Điều 5 của Luật Thuế giá trị gia tăng (GTGT) năm 2024, cho phép hộ kinh doanh có doanh thu hằng năm từ 500 triệu đồng trở xuống miễn thuế GTGT.
Liên quan đến nghĩa vụ thuế của hộ kinh doanh, ông Nguyễn Tiến Dũng – Phó trưởng  Thuế TPHCM – cho biết trong thời gian tới, Bộ Tài chính có thể ban hành nghị định mới về kê khai, tính thuế, khấu trừ thuế, nộp thuế và sử dụng hóa đơn điện tử đối với hộ kinh doanh.
Theo đó, tất cả hộ kinh doanh đều phải kê khai doanh thu. Cơ quan thuế sẽ căn cứ vào doanh thu thực tế của từng hộ để xác định số tiền thuế phải nộp.
Ví dụ, hộ có doanh thu từ 500 triệu đồng/năm trở xuống được miễn thuế GTGT và thuế TNCN. Tuy nhiên, nếu doanh thu đạt 501 triệu đồng, hộ phải nộp thuế GTGT trên toàn bộ 501 triệu đồng, được miễn thuế TNCN cho phần 500 triệu đồng và chỉ nộp thuế TNCN trên 1 triệu đồng còn lại."
https://cafef.vn/vietcombank-agribank-bidv-dong-loat-sua-quy-dinh-su-dung-the-ngan-hang-188260101141940277.chn,"Vietcombank, Agribank, BIDV,... đồng loạt sửa quy định sử dụng thẻ ngân hàng","Từ ngày 5/1/2026, các ngân hàng sẽ áp dụng quy định mới về thẻ ngân hàng được quy định tại Thông tư số 45/2025/TT-NHNN.","Thống đốc Ngân hàng Nhà nước (NHNN) vừa qua đã ký ban hành Thông tư số 45/2025/TT-NHNN, sửa đổi, bổ sung một số điều của Thông tư số 18/2024/TT-NHNN quy định về hoạt động thẻ ngân hàng.
Thông tư mới gồm 16 Điều, trong đó chỉnh sửa, bổ sung nhiều nội dung quan trọng liên quan đến phát hành và sử dụng thẻ.
Quy định đối với thẻ phát hành cho khách hàng tổ chức: Thông tư sửa đổi, bổ sung theo hướng khách hàng là tổ chức phải ủy quyền bằng văn bản cho cá nhân sử dụng thẻ của tổ chức đó; Cá nhân được tổ chức ủy quyền sử dụng thẻ được gọi là chủ thẻ phụ.
Đáng chú ý, Thông tư cũng sửa đổi, bổ sung theo hướng thiết bị chấp nhận thẻ có thể được lắp đặt tại chi nhánh, phòng giao dịch, điểm đại lý thanh toán của tổ chức thanh toán thẻ để cung ứng tiền mặt cho chủ thẻ.
Về trình tự, thủ tục phát hành thẻ, Thông tư bổ sung yêu cầutổ chức phát hành thẻ phải gặp mặt trực tiếp và đối chiếu khớp đúng thông tin sinh trắc họccủa chủ thẻ đối với khách hàng cá nhân, người đại diện hợp pháp đối với khách hàng tổ chức, trong đó bổ sung thêm một số trường hợp loại trừ đối với khách hàng tổ chức; vàbổ sung việc kiểm tra, đảm bảo thông tin về số điện thoại của chủ thẻ(đối với khách hàng cá nhân), người đại diện hợp pháp (đối với khách hàng tổ chức) là chính chủ đối với trường hợp khách hàng đăng ký giao dịch trên phần mềm ứng dụng cung cấp dịch vụ trực tuyến trong ngành Ngân hàng.
Liên quan tới quy định cụ thể về hạn mức giao dịch đối với thẻ tín dụng, đối với thẻ tín dụng thì tổng hạn mức rút tiền mặt đối với chủ thẻ tính theo BIN của thẻ tín dụng tối đa là 100 (một trăm) triệu đồng Việt Nam trong 1 tháng.
Ngoài ra, về đối tượng sử dụng thẻ đối với người nước ngoài, Thông tư đã sửa đổi, bổ sung theo hướng không yêu cầu khách hàng cá nhân là người nước ngoài “có thời hạn cư trú tại Việt Nam từ 12 tháng (360 ngày) trở lên kể từ thời điểm đề nghị phát hành thẻ”; mà quy định thời hạn sử dụng thẻ không vượt quá thời hạn được phép cư trú còn lại tại Việt Nam.
Ngoài những nội dung trên, Thông tư còn sửa đổi, bổ sung một số quy định về phạm vi sử dụng thẻ tín dụng, các trường hợp thực hiện giao dịch thẻ mà không yêu cầu đối chiếu sinh trắc học của chủ thẻ đối với khách hàng cá nhân và người đại diện hợp pháp đối với khách hàng tổ chức.
Thông tư sẽ có hiệu từ ngày 5/1/2026.
"
https://cafef.vn/ngan-hang-canh-bao-rui-ro-giao-dich-the-truc-tuyen-dip-cuoi-nam-188251231145004215.chn,Ngân hàng cảnh báo rủi ro giao dịch thẻ trực tuyến dịp cuối năm,Nhà băng này khuyến cáo khách hàng về trường hợp khách hàng không thực hiện giao dịch nhưng thẻ tín dụng vẫn bị trừ tiền.,"Ngân hàng Quốc Dân (NCB) vừa phát đi thông báo cảnh báo rủi ro liên quan đến giao dịch thẻ trực tuyến, trong bối cảnh thời gian gần đây, đặc biệt vào giai đoạn cao điểm cuối năm, ghi nhận nhiều trường hợp khách hàng không thực hiện giao dịch nhưng thẻ tín dụng vẫn bị trừ tiền.
Theo NCB, các giao dịch phát sinh trái phép chủ yếu đến từ hoạt động thanh toán trực tuyến (e-commerce) và có những đặc điểm tương đồng, cho thấy dấu hiệu gian lận thẻ mà khách hàng cần đặc biệt lưu ý để kịp thời kiểm soát rủi ro.
Ngân hàng khuyến cáo khách hàng cần kiểm tra ngay giao dịch thẻ nếu gặp một trong các trường hợp như: nhận thông báo trừ tiền cho giao dịch mà bản thân không mua hoặc không đăng ký; thẻ hoặc tài khoản bị trừ tiền nhiều lần liên tiếp trong thời gian ngắn; hoặc phát sinh giao dịch tại các ứng dụng, website nước ngoài mà khách hàng không sử dụng.
Theo NCB, việc phát hiện sớm các dấu hiệu bất thường đóng vai trò quan trọng trong quá trình tra soát và xử lý giao dịch, giúp hạn chế thiệt hại cho chủ thẻ.
Khi phát hiện giao dịch có dấu hiệu bất thường, NCB khuyến nghị khách hàng chủ động khóa thẻ hoặc hủy đăng ký giao dịch thương mại điện tử (e-commerce) ngay trên ứng dụng NCB iziMobile. Đồng thời, khách hàng cần liên hệ ngay với ngân hàng qua tổng đài chăm sóc khách hàng 1800 6166 hoặc đến điểm giao dịch NCB gần nhất để được hỗ trợ tra soát và xử lý.
Ngân hàng cho biết, trong quá trình này, khách hàng cần phối hợp cung cấp thông tin liên quan để ngân hàng có cơ sở làm việc với các đơn vị liên quan và bảo vệ quyền lợi chính đáng của chủ thẻ.
Bên cạnh các biện pháp xử lý khi phát sinh giao dịch nghi ngờ, NCB cũng đưa ra loạt khuyến cáo nhằm giúp khách hàng giảm thiểu rủi ro gian lận thẻ trực tuyến. Cụ thể, khách hàng không chia sẻ thông tin thẻ, mã OTP hoặc mã CVV cho bất kỳ cá nhân nào, kể cả người tự xưng là nhân viên ngân hàng hoặc cơ quan chức năng.
Ngân hàng cũng khuyến nghị người dùng thận trọng khi sử dụng thẻ vật lý để thanh toán quẹt hoặc chạm POS, che các thông tin trên thẻ; không lưu thông tin thẻ trên website hoặc ứng dụng khi không còn nhu cầu sử dụng; thường xuyên kiểm tra thông báo biến động số dư; đồng thời chủ động giới hạn hoặc khóa giao dịch online khi không cần thiết.
Theo NCB, việc nâng cao ý thức bảo mật và chủ động kiểm soát giao dịch là yếu tố then chốt giúp khách hàng hạn chế rủi ro, đặc biệt trong bối cảnh thanh toán không tiền mặt ngày càng phổ biến.

"
https://cafef.vn/5-sai-lam-khi-mua-bac-188251231143353232.chn,5 sai lầm khi mua bạc,"Nếu bạn nghĩ mua bạc dễ hơn mua vàng, có thể bạn đã sai.","Bạc thường được nhắc đến như lựa chọn “dễ tiếp cận” hơn vàng. Giá thấp hơn, cảm giác nhẹ tay hơn, lại cùng nhóm kim loại quý nên nhiều người mặc định bạc cũng mang tính an toàn tương tự. Tuy nhiên, không ít rủi ro khi mua bạc lại đến từ chính những suy nghĩ quen thuộc nhưng chưa thật sự chính xác.
Giá bạc thấp hơn vàng khiến nhiều người nghĩ đây là lựa chọn ít rủi ro. Thực tế, mức độ an toàn của một tài sản không nằm ở con số mua ban đầu, mà nằm ở cách giá của nó biến động theo thời gian. Bạc có biên độ dao động lớn hơn vàng, dễ tăng nhanh nhưng cũng dễ giảm mạnh. Nếu mua bạc với kỳ vọng ổn định như vàng, người mua rất dễ bị động trước những nhịp lên xuống này.
Ảnh minh hoạ Pinterest
Một suy nghĩ khá phổ biến là khi vàng quá đắt, bạc sẽ đóng vai trò “phương án B”. Nhưng hai kim loại này không vận hành giống nhau. Vàng thường được chọn vì tính giữ giá dài hạn, trong khi bạc chịu ảnh hưởng lớn từ cả yếu tố đầu tư lẫn nhu cầu công nghiệp. Việc coi bạc là phiên bản thay thế trực tiếp cho vàng có thể dẫn đến kỳ vọng không phù hợp với thực tế.
Khi mua bạc, nhiều người tập trung vào mức giá thấp mà quên tính đến chênh lệch mua - bán và chi phí gia công. Với bạc miếng nhỏ hoặc bạc trang sức, các khoản phí này thường chiếm tỷ lệ đáng kể trên tổng giá trị. Đến khi cần bán, không ít người mới nhận ra việc hòa vốn đã khó hơn mình tưởng.
Ảnh minh hoạ Pinterest
Bạc thường không có thanh khoản nhanh và thuận lợi như vàng. Trong trường hợp cần tiền gấp, người bán dễ rơi vào thế bị ép giá, nhất là khi mua từ những sản phẩm có tính thiết kế hoặc thương hiệu cao. Nếu coi bạc như khoản dự phòng khẩn cấp, người mua có thể gặp rủi ro ngoài dự tính.
Giá bạc thấp khiến quyết định mua trở nên dễ dàng hơn. Chính sự dễ dãi này lại khiến nhiều người mua theo cảm xúc, thiếu kế hoạch về thời gian nắm giữ hay mục tiêu cụ thể. Khi thị trường biến động, việc không có sẵn kịch bản dễ dẫn tới bán vội hoặc giữ trong tâm lý bất an.
Mua bạc không sai, sai ở kỳ vọng
Bạc vẫn là một lựa chọn đáng cân nhắc nếu người mua hiểu rõ đặc điểm và giới hạn của nó. Thay vì coi bạc là kênh an toàn mặc định, người mua nên xác định rõ mục tiêu: mua để đa dạng hóa, nắm giữ dài hạn hay theo dõi biến động theo chu kỳ.
Khi đặt đúng kỳ vọng, bạc sẽ không còn là một quyết định “nghe hợp lý nhưng dễ hụt hẫng”, mà trở thành một phần được cân nhắc kỹ trong bức tranh tài chính tổng thể."
https://cafef.vn/xuat-hien-thu-doan-hoan-toan-moi-lua-dao-so-tiet-kiem-giay-188260101101653644.chn,Xuất hiện thủ đoạn hoàn toàn mới lừa đảo sổ tiết kiệm giấy,"Cơ quan công an lưu ý thủ đoạn: thay vì yêu cầu người nhà chuyển tiền trực tiếp vào tài khoản của nạn nhân, các đối tượng yêu cầu gia đình phải lập ngay một sổ tiết kiệm online đứng tên nạn nhân để “chứng minh năng lực tài chính”","Ngày 31/12, Phòng Cảnh sát hình sự (CSHS) Công an TP Đà Nẵng cho biết đã nhanh chóng đấu tranh, làm rõ và kịp thời giải cứu một nạn nhân trong vụ lừa đảo với thủ đoạn “bắt cóc online” xảy ra trên địa bàn thành phố. Đáng chú ý, các đối tượng sử dụng phương thức, thủ đoạn mới, thao túng tâm lý nhằm chiếm đoạt số tiền 500 triệu đồng thông qua hình thức mở sổ tiết kiệm online.
Theo thông tin ban đầu, trưa cùng ngày, Phòng CSHS tiếp nhận trình báo từ gia đình em T.N.Y.N. (SN 2005, trú xã Xuân Phú) về việc nghi ngờ em này đang bị các đối tượng lừa đảo khống chế, thao túng tâm lý theo hình thức “bắt cóc online”.
Ngay sau khi tiếp nhận thông tin, Phòng CSHS Công an TP Đà Nẵng đã tổ chức truy xét nóng, áp dụng đồng bộ các biện pháp nghiệp vụ, khẩn trương xác minh. Chỉ trong thời gian ngắn, lực lượng chức năng đã xác định được vị trí của nạn nhân và tiến hành giải cứu thành công khi em N. đang bị các đối tượng lừa đảo khống chế tại một nhà nghỉ trên địa bàn phường Cẩm Lệ, TP Đà Nẵng. Đồng thời phối hợp với hệ thống ngân hàng ngăn chặn mọi giao dịch liên quan đến N.
Sau khi được giải cứu, nạn nhân được đưa về trụ sở Phòng CSHS để ổn định tâm lý, làm rõ sự việc và bàn giao an toàn cho gia đình.
Theo điều tra, sau khi thao túng tâm lý, các đối tượng lừa đảo yêu cầu N. phải chuyển số tiền 500 triệu đồng. Nhờ sự vào cuộc kịp thời của lực lượng Công an, giao dịch này đã được ngăn chặn, không để xảy ra thiệt hại về tài sản.
Điều tra viên của Phòng CSHS cho biết, trong vụ việc này, thủ đoạn “bắt cóc online” đã có sự biến tướng so với trước đây. Thay vì yêu cầu người nhà chuyển tiền trực tiếp vào tài khoản của nạn nhân, các đối tượng yêu cầu gia đình phải lập ngay một sổ tiết kiệm online đứng tên nạn nhân để “chứng minh năng lực tài chính”. Trường hợp người nhà cảnh giác, chỉ lập sổ tiết kiệm giấy, các đối tượng tiếp tục ép nạn nhân mang sổ ra ngân hàng để chuyển đổi sang hình thức sổ tiết kiệm online, nhằm tạo điều kiện thuận lợi cho việc dẫn dụ nạn nhân chuyển tiền.
Không dừng lại ở đó, trong thời gian chờ người nhà làm thủ tục, các đối tượng còn tiếp tục dụ dỗ nạn nhân tải các ứng dụng cho vay, công ty tài chính, sử dụng căn cước của mình để đăng ký các khoản vay online từ 10 đến 20 triệu đồng. Sau khi khoản vay được giải ngân, nạn nhân bị ép chuyển ngay tiền cho đối tượng, sau đó xóa ứng dụng, tiếp tục tải app khác và lặp lại quy trình tương tự.
Hiện Phòng Cảnh sát hình sự Công an TP Đà Nẵng đang tiếp tục điều tra, mở rộng vụ việc để làm rõ các đối tượng liên quan, xử lý theo quy định pháp luật.
Thu Thuỷ"
https://cafef.vn/khach-mua-vang-tai-sjc-trong-hom-nay-chu-y-188251231145252672.chn,Khách mua vàng tại SJC trong hôm nay chú ý!,Một số cửa hàng SJC tại thành phố Hồ Chí Minh sẽ tạm ngừng vàng miếng và vàng nhẫn trong chiều nay.,"Công ty Vàng Bạc Đá Quý Sài Gòn (SJC) vừa phát đi thông báo về việc điều chỉnh hoạt động giao dịch vàng miếng và vàng nhẫn tại khu vực thành phố Hồ Chí Minh nhằm phục vụ công tác kiểm kê cuối năm.
Theo thông báo, chiều ngày 31/12/2025, các trung tâm giao dịch vàng miếng và vàng nhẫn SJC trên địa bàn TP. HCM sẽ tạm thời ngưng giao dịch. Riêng các quầy nữ trang vẫn hoạt động bình thường.
Các điểm giao dịch áp dụng việc tạm ngưng trong chiều 31/12 gồm cơ sở tại số 418-420 Nguyễn Thị Minh Khai, Phường Bàn Cờ, TP. HCM và cơ sở tại số 172 Nguyễn Văn Nghi, Phường An Nhơn, TP. HCM.
SJC cho biết, các hoạt động giao dịch vàng miếng và vàng nhẫn tại các cơ sở trên sẽ được mở lại từ thứ Hai, ngày 5/1/2026. Ngoài ra, thời gian làm việc bù là thứ Bảy, ngày 10/1/2026.
Khách hàng có nhu cầu mua vàng tại các cơ sở nêu trên cần chú ý thời gian giao dịch để có kế hoạch phù hợp.
Theo ghi nhận gần nhất, giá vàng miếng tại SJC vừa hạ xuống mức 150,8 - 152,8 triệu đồng/lượng mua vào - bán ra, giảm tới 1,9 triệu đồng/lượng so với giá chốt hôm qua. Giá vàng nhẫn tại SJC cũng giảm thêm 1,9 triệu đồng/lượng, xuống ngưỡng 145,9 - 148,9 triệu đồng/lượng."
https://cafef.vn/tai-khoan-mb-cua-nguoi-phu-nu-lao-cai-vua-nhan-duoc-300-trieu-dong-khong-lau-sau-co-cong-an-toi-gap-188251231143542073.chn,"Tài khoản MB của người phụ nữ Lào Cai vừa nhận được 300 triệu đồng, không lâu sau có công an tới gặp","Tài khoản ngân hàng nhận được 300 triệu đồng chuyển khoản nhầm, người phụ nữ được Công an xã trực tiếp gặp gỡ, hướng dẫn hoàn trả theo đúng quy định.","Ngày 30/12/2025, Công an xã Cát Thịnh, tỉnh Lào Cai tiếp nhận tin trình báo của công dân Nguyễn Văn Trường (sinh năm 1981, hộ khẩu thường trú tại phường Âu Lâu, tỉnh Lào Cai) về việc do sơ suất đã chuyển nhầm số tiền 300 triệu đồng vào tài khoản ngân hàng mang tên Chảo Thị La, mở tại Ngân hàng Quân đội (MB).
Ngay sau khi tiếp nhận thông tin, lực lượng Công an xã Cát Thịnh đã nhanh chóng tổ chức rà soát, thu thập thông tin ban đầu, đồng thời phối hợp với Ngân hàng Quân đội để xác minh tài khoản nhận tiền.
Qua xác minh, Công an xã xác định chủ tài khoản là bà Chảo Thị La, sinh năm 1994, thường trú tại thôn Làng Lao, xã Cát Thịnh. Lực lượng Công an xã đã trực tiếp gặp gỡ, giải thích rõ nguồn gốc số tiền, tuyên truyền, vận động bà Chảo Thị La tự nguyện phối hợp hoàn trả theo đúng quy định pháp luật. Quá trình làm việc được thực hiện văn minh, đúng mực, thể hiện tinh thần trách nhiệm, bản lĩnh và kỹ năng nghiệp vụ của cán bộ, chiến sĩ Công an xã.
Chỉ trong thời gian ngắn, với sự tận tụy và trách nhiệm cao, Công an xã Cát Thịnh đã giúp công dân Nguyễn Văn Trường nhận lại đầy đủ số tiền 300 triệu đồng chuyển nhầm. Xúc động trước việc làm kịp thời, ý nghĩa này, công dân Nguyễn Văn Trường đã gửi thư cảm ơn, bày tỏ sự trân trọng đối với tinh thần hết lòng vì Nhân dân phục vụ của lực lượng Công an xã Cát Thịnh.
Qua các vụ việc như trên, Cơ quan công an khuyến cáo, khi phát hiện tiền hoặc tài sản do người khác chuyển nhầm, người dân cần kịp thời trình báo cơ quan Công an để được hướng dẫn, giải quyết theo đúng quy định của pháp luật.
Theo Công an tỉnh Lào Cai"
https://cafef.vn/sap-toi-nguoi-mua-vang-bi-phat-toi-20-trieu-dong-neu-vi-pham-dieu-nay-188251231102050804.chn,"Sắp tới, người mua vàng bị phạt tới 20 triệu đồng nếu vi phạm điều này",Nghị định số 340/2025 của Chính phủ quy định mức phạt đối với các hành vi vi phạm quy định về hoạt động kinh doanh vàng.,"Chính phủ đã ban hành Nghị định số 340/2025 quy định về xử phạt vi phạm hành chính trong lĩnh vực tiền tệ và ngân hàng.
Nghị định này quy định các hành vi vi phạm hành chính, hình thức xử phạt, mức xử phạt, biện pháp khắc phục hậu quả, việc thi hành các biện pháp khắc phục hậu quả, thẩm quyền xử phạt vi phạm hành chính, thẩm quyền lập biên bản vi phạm hành chính trong lĩnh vực tiền tệ và ngân hàng.
Đối với các hành vi vi phạm quy định về hoạt động kinh doanh vàng, Nghị định quy định phạt cảnh cáo đối với hành vi mua, bán vàng miếng với tổ chức tín dụng hoặc doanh nghiệp không có Giấy phép kinh doanh mua, bán vàng miếng; sử dụng vàng làm phương tiện thanh toán.
Các hành vi trên nếu tái phạm hoặc vi phạm nhiều lần thì bịphạt tiền từ 10-20 triệu đồng. Mức phạt này cũng áp dụng đối với hành vi: Không thực hiện thanh toán mua, bán vàng qua tài khoản thanh toán theo quy định của pháp luật.

Phạt tiền từ 30-50 triệu đồng đối với các hành vi:Không niêm yết công khai giá mua, giá bán vàng miếng, vàng trang sức, mỹ nghệ theo quy định của pháp luật; Sản xuất vàng trang sức, mỹ nghệ mà không công bố tiêu chuẩn áp dụng, không ghi nhãn hàng hóa theo quy định của pháp luật; Sản xuất vàng miếng mà không công bố tiêu chuẩn áp dụng, khối lượng, hàm lượng của sản phẩm, không ghi nhãn hàng hóa theo quy định của pháp luật.
Mang theo vàng khi xuất, nhập cảnh không đúng quy địnhbịphạt tới 100 triệu đồng.
Phạt tiền từ 80-100 triệu đồng đối với hành vimang theo vàng khi xuất cảnh, nhập cảnh không đúng quy định của pháp luật, trừ các hành vi vi phạm hành chính trong lĩnh vực hải quan.
Thực hiện kinh doanh mua, bán vàng miếng thông qua các đại lý ủy nhiệm;
Không thực hiện đúng quy định của pháp luật về trạng thái vàng;
Xuất khẩu, nhập khẩu vàng trang sức, mỹ nghệ; vàng nguyên liệu dưới dạng bột, dung dịch, vẩy hàn, muối vàng và các loại vàng trang sức dưới dạng bán thành phẩm mà không đúng theo nội dung ngành nghề đã đăng ký kinh doanh theo quy định của pháp luật;
Thực hiện sản xuất, kinh doanh mua, bán vàng trang sức, mỹ nghệ mà không đáp ứng đủ điều kiện được phép sản xuất, kinh doanh mua, bán vàng trang sức, mỹ nghệ theo quy định của pháp luật;
Thực hiện gia công vàng trang sức, mỹ nghệ mà không có đăng ký gia công vàng trang sức, mỹ nghệ trong Giấy chứng nhận đăng ký hộ kinh doanh, Giấy chứng nhận đăng ký kinh doanh hoặc Giấy chứng nhận đăng ký doanh nghiệp theo quy định của pháp luật.
Phạt tiền từ 200 - 250 triệu đồng đối với hành vi:Sử dụng vàng nguyên liệu nhập khẩu không đúng theo giấy phép nhập khẩu vàng nguyên liệu; thực hiện kinh doanh mua, bán vàng miếng thông qua các đại lý ủy nhiệm trong trường hợp tái phạm.
Phạt tiền từ 250 - 300 triệu đồng đối với hành vihoạt động sản xuất vàng miếng không đúng quy định của pháp luật.
Phạt tiền từ 300 - 400 triệu đồng đối với một trong các hành vi vi phạm sau đây:
Sản xuất, kinh doanh mua, bán vàng miếng nhưng không có giấy phép sản xuất, kinh doanh mua, bán vàng miếng; thực hiện xuất khẩu hoặc nhập khẩu vàng nguyên liệu, vàng miếng không có giấy phép do cơ quan nhà nước có thẩm quyền cấp theo quy định của pháp luật; hoạt động kinh doanh vàng khác khi chưa được cấp có thẩm quyền cấp giấy phép theo quy định của pháp luật.

Nghị định này có hiệu lực từ ngày 9/2/2026."
https://cafef.vn/nguoi-dan-o-at-gui-tien-ngan-hang-phai-thong-bao-ket-thuc-som-khuyen-mai-188251231100230816.chn,"Người dân ồ ạt gửi tiền, ngân hàng phải thông báo kết thúc sớm khuyến mại","Theo Vietcombank, ngân sách khuyến mại của chương trình đã được sử dụng hết, do đó chương trình chính thức kết thúc trước thời hạn dự kiến.","Vietcombank vừa thông báo cho biết hết ngân sách chương trình khuyến mại dành cho khách hàng gửi tiết kiệm ở Hà Nội và Hồ Chí Minh. Trước đó, chương trình này được triển khai từ ngày 1/12/2025 đến ngày 31/12/2025 (hoặc cho đến khi hết ngân sách, tùy điều kiện nào đến trước). Với khoản tiền gửi 200 triệu đồng trở lên (gửi tại quầy giao dịch), khách hàng sẽ được ưu đãi tiền mặt/tiền chuyển khoản tương ứng 0,05% giá trị tiền gửi.
Như vậy, khách hàng gửi 200 triệu sẽ được nhận tiền mặt 100 nghìn, gửi 1 tỷ được 500 nghìn, gửi 5 tỷ được 2,5 triệu đồng,...
Khách hàng cá nhân đáp ứng đồng thời các điều kiện sau: Mở mới tài khoản tiền gửi có kỳ hạn/tiền gửi tiết kiệm trong thời gian khuyến mại tại các điểm giao dịch của Vietcombank tại Hà Nội và Thành phố Hồ Chí Minh (TP. HCM); kỳ hạn gửi tiền: 6 tháng, 12 tháng; số tiền gửi tối thiểu 200 triệu đồng.
Theo thông báo ngày 30/12, ngân sách khuyến mại của chương trình đã được sử dụng hết, do đó chương trình chính thức kết thúc trước thời hạn dự kiến. Được biết tổng giá trị giải thưởng là 4,74 tỷ đồng. Như vậy ước tính Vietcombank có thể thu hút đến gần 9.500 tỷ đồng tiền gửi từ chương trình này.
Vietcombank cũng có động thái tăng lãi suất tiết kiệm ở hàng loạt kỳ hạn từ ngày 16/12. Cùng với Vietcombank, các ngân hàng thương mại nhà nước như Agribank, VietinBank và BIDV đã đồng loạt điều chỉnh tăng lãi suất tiết kiệm tại quầy ở tất cả kỳ hạn, từ ngắn hạn đến trung và dài hạn. Mức tăng từ 0,3-0,5%/năm.
Theo đó, đối với gửi tại quầy kỳ hạn 1 tháng, khách hàng được áp dụng lãi suất 2,1%/năm. Đối với gửi kỳ hạn 3 tháng, lãi suất là 2,4%/năm. Gửi kỳ hạn 6 tháng được lãi suất 3,5%/năm. Lãi suất kỳ hạn 12 tháng và 24 tháng lần lượt là 5,2%/năm và 5,3%/năm.
"
https://cafef.vn/nguoi-mua-san-pham-tai-phu-quy-luu-y-thong-bao-khan-tu-doanh-nghiep-nay-188251231140321118.chn,Người mua sản phẩm tại Phú Quý lưu ý: Thông báo khẩn từ doanh nghiệp này,Doanh nghiệp này vừa phát đi thông báo khẩn tới các khách hàng.,"Công ty Đầu tư Vàng Phú Quý vừa phát đi thông báo chính thức về một số thông tin đang lan truyền trên mạng xã hội liên quan đến các hình ảnh sản phẩm có màu đồng, kiểu dáng tương tự sản phẩm mang thương hiệu Phú Quý, gây hiểu nhầm rằng doanh nghiệp đang kinh doanh đồng thỏi.

Theo Phú Quý, thời gian gần đây doanh nghiệp nhận được nhiều phản hồi từ khách hàng về các hình ảnh nói trên. Trước thông tin này, Phú Quý khẳng định hiện không kinh doanh đồng thỏi và không cung cấp bất kỳ sản phẩm đồng nào như các hình ảnh đang được chia sẻ.
Doanh nghiệp cho biết, những hình ảnh lan truyền thực chất đã bị can thiệp, chỉnh sửa màu sắc từ ảnh gốc của sản phẩm Bạc Phú Quý, làm sai lệch bản chất và màu sắc thực tế của sản phẩm. Phú Quý đề nghị khách hàng loại trừ các thông tin gây hiểu nhầm và chỉ tham khảo thông tin từ các kênh truyền thông chính thức của doanh nghiệp.
Trước đó, doanh nghiệp này cũng từng phát đi cảnh báo về tình trạng giả mạo thương hiệu nhằm mục đích lừa đảo. Theo thông tin từ doanh nghiệp, hiện Phú Quý không triển khai bất kỳ chương trình khuyến mại nào liên quan đến các sản phẩm bạc. Đồng thời, các sản phẩm kỷ niệm 50 năm Ngày Thống nhất đất nước và 80 năm Quốc khánh Việt Nam đã ngừng sản xuất từ lâu, không còn bán hoặc sử dụng làm quà khuyến mại.
Doanh nghiệp này cũng nhấn mạnh, doanh nghiệp chỉ sử dụng duy nhất một pháp nhân là Công ty Cổ phần Đầu tư Vàng Phú Quý để giao dịch với khách hàng. Các đơn vị, fanpage hoặc tổ chức sử dụng tên gọi tương tự ""Phu Quy"" để nhận đặt mua bạc đều không thuộc hệ thống của doanh nghiệp và có dấu hiệu giả mạo.
Doanh nghiệp khuyến nghị khách hàng nâng cao cảnh giác, tránh giao dịch qua các kênh không chính thống, đồng thời chỉ mua bán trực tiếp tại hệ thống cửa hàng hoặc các đại lý ủy quyền của doanh nghiệp này để đảm bảo quyền lợi và hạn chế rủi ro.

"
https://cafef.vn/tu-ngay-mai-vietcombank-vietinbank-agribank-se-tam-ngung-toan-bo-giao-dich-rut-chuyen-tien-doi-voi-truong-hop-sau-188251231071904493.chn,"Từ ngày mai, Vietcombank, VietinBank, Agribank… sẽ tạm ngừng toàn bộ giao dịch rút/chuyển tiền đối với trường hợp sau","Kể từ ngày 1/1/2026, các ngân hàng thương mại sẽ ngừng cung cấp dịch vụ thanh toán và rút tiền trên tất cả các kênh đối với khách hàng là người Việt Nam đang sử dụng Hộ chiếu làm giấy tờ tùy thân.","Kể từ ngày 1/1/2026, người dùng Việt Nam sẽ không thể thực hiện rút tiền hay thanh toán nếu vẫn sử dụng Hộ chiếu (Passport) làm giấy tờ tùy thân đăng ký với ngân hàng. Thông báo này áp dụng cho tất cả khách hàng của các ngân hàng như Vietcombank, VietinBank, Agribank, BIDV... đều phải tuân thủ quy định. Đây là thông báo quan trọng đã được hàng loạt ngân hàng thương mại phát đi và chính thức áp dụng từ ngày mai (1/1/2026).
Theo thông báo này, để tránh việc tài khoản bị ""đóng băng"" các chức năng thanh toán và rút tiền trên mọi kênh, khách hàng buộc phải đến các chi nhánh hoặc phòng giao dịch để cập nhật thông tin sang Căn cước công dân (CCCD) gắn chip hoặc thẻ Căn cước mới. Đây không phải là quy định riêng lẻ của từng ngân hàng mà là yêu cầu bắt buộc nhằm tuân thủ các điều khoản mới tại Thông tư 17 và Thông tư 18 do Ngân hàng Nhà nước ban hành, chính thức có hiệu lực toàn phần từ đầu năm 2026.

Hiện tại, các khách hàng sử dụng Hộ chiếu (Passport) làm giấy tờ tùy thân đăng ký với ngân hàng chỉ còn 3 ngày để thực hiện việc đổi giấy tờ tùy thân đăng ký nếu không muốn bị gián đoạn giao dịch.
Quy định mới này xuất phát từ yêu cầu siết chặt an ninh thông qua dữ liệu sinh trắc học. Cụ thể, theo điểm c, khoản 5 Điều 17 của Thông tư 17, mọi giao dịch rút tiền hay thanh toán điện tử của khách hàng cá nhân chỉ được phép thực hiện khi hệ thống đã đối chiếu khớp đúng dữ liệu sinh trắc học (khuôn mặt/vân tay) của người thực hiện với dữ liệu gốc. Dữ liệu gốc này phải nằm trong bộ phận lưu trữ mã hóa của thẻ CCCD gắn chip, thẻ Căn cước do Bộ Công an cấp, hoặc đã được xác thực qua tài khoản định danh điện tử (VNeID).
Trong khi đó, hộ chiếu hiện tại, dù là loại mới vẫn chưa đáp ứng được quy trình đối chiếu sinh trắc học trực tiếp với cơ sở dữ liệu quốc gia về dân cư theo chuẩn kỹ thuật mà các ngân hàng áp dụng cho quy định mới. Do đó, nhóm khách hàng là công dân Việt Nam đang dùng hộ chiếu để đăng ký tài khoản sẽ không đáp ứng được điều kiện pháp lý để giao dịch kể từ thời điểm ngày 1/1/2026.

Không chỉ dừng lại ở việc rút tiền, Thông tư 18 cũng quy định chặt chẽ về quy trình mở thẻ mới. Các tổ chức phát hành thẻ sẽ yêu cầu khách hàng cung cấp thẻ CCCD, thẻ Căn cước hoặc định danh điện tử mức độ 2 để nhận biết khách hàng. Điều này đồng nghĩa với việc hộ chiếu - loại giấy tờ từng được chấp nhận rộng rãi theo Thông tư cũ năm 2018 - sẽ chính thức ""hết hạn sử dụng"" trong các quy trình xác thực tài khoản ngân hàng nội địa đối với người Việt Nam.
Thời gian qua, nhiều ngân hàng gồmVietcombank, VietinBank, Agribank, BIDV... đã có thông báo chính thức về việc này.
Trước đó, các ngân hàng đều đã phát thông báo chính thức về việc tạm dừng thực hiện giao dịch thanh toán, rút tiền điện tử đối với khách hàng tổ chức chưa cập nhật đầy đủ thông tin sinh trắc học người đại diện hợp pháp từ sau ngày 1/7/2025. Để đảm bảo giao dịch không bị gián đoạn, ngân hàng đề nghị khách hàng đến trực tiếp chi nhánh nơi mở tài khoản để cập nhật thông tin, mang theo giấy tờ tùy thân hợp lệ."
https://cafef.vn/ngay-mai-tai-khoan-agribank-vietcombank-vietinbank-vpbank-mb-shb-bi-tam-ngung-giao-dich-chuyen-tien-rut-tien-trong-truong-hop-sau-188251231065051185.chn,"Ngày mai, tài khoản Agribank, Vietcombank, VietinBank, VPBank, MB, SHB… bị tạm ngừng giao dịch chuyển tiền, rút tiền trong trường hợp sau","Nhiều tài khoản ngân hàng sẽ không thể thực hiện giao dịch chuyển tiền, rút tiền nếu chưa cập nhật giấy tờ tùy thân đúng theo quy định.","Trong tháng 12, hàng loạt ngân hàng thương mại như Agribank, Vietcombank, VietinBank, BIDV, MB, VPBank, SHB, Nam A Bank, NCB, KienlongBank… đã đồng loạt phát đi thông báo quan trọng liên quan đến việc sử dụng giấy tờ tùy thân trong giao dịch ngân hàng.
Theo đó, kể từ ngày 1/1/2026, các ngân hàng sẽ ngừng cung cấp dịch vụ thanh toán và rút tiền trên tất cả các kênh đối với khách hàng là công dân Việt Nam vẫn sử dụng hộ chiếu (passport) làm giấy tờ tùy thân đăng ký với ngân hàng. Quy định này áp dụng cho toàn bộ khách hàng tại các ngân hàng thương mại và không phải là chính sách riêng lẻ của từng đơn vị.
Để tránh tình trạng tài khoản bị ""đóng băng"" chức năng thanh toán và rút tiền, khách hàng bắt buộc phải cập nhật thông tin sang Căn cước công dân (CCCD) gắn chip, thẻ Căn cước mới hoặc căn cước điện tử qua ứng dụng VNeID. Việc cập nhật cần được thực hiện trực tiếp tại chi nhánh hoặc phòng giao dịch ngân hàng, hoàn tất trước ngày 31/12/2025.
Các ngân hàng cũng khuyến cáo khách hàng chỉ thực hiện đối chiếu, xác thực giấy tờ tùy thân và thông tin sinh trắc học tại quầy giao dịch chính thức, không cài đặt hoặc sử dụng các ứng dụng, phần mềm không rõ nguồn gốc nhằm tránh rủi ro mất an toàn thông tin.
Quy định trên được đưa ra nhằm tuân thủ Thông tư 17/2024/TT-NHNN về mở và sử dụng tài khoản thanh toán và Thông tư 18/2024/TT-NHNN về hoạt động thẻ, trong đó nêu rõ: từ đầu năm 2026, ngân hàng sẽ không còn chấp nhận hộ chiếu làm giấy tờ tùy thân đối với cá nhân là công dân Việt Nam. Quy định này áp dụng xuyên suốt toàn bộ quy trình nghiệp vụ, từ mở mới tài khoản, phát hành thẻ, giao dịch tại quầy, tra soát cho đến cập nhật thông tin khách hàng.
Với những tài khoản hoặc thẻ ngân hàng được mở bằng hộ chiếu trước đây, khách hàng cần chủ động cập nhật thông tin định danh trước thời điểm 1/1/2026 để tránh bị từ chối giao dịch hoặc tạm khóa dịch vụ.
Trước đó, từ 1/7/2024, Ngân hàng Nhà nước đã yêu cầu xác thực sinh trắc học lần đầu đối với các giao dịch chuyển tiền trực tuyến từ 10 triệu đồng/lần hoặc 20 triệu đồng/ngày trở lên. Theo lộ trình, đến đầu năm 2025, một số giao dịch trực tuyến khác cũng đã bắt buộc áp dụng xác thực sinh trắc học.
Theo Ngân hàng Nhà nước, các quy định này nhằm làm sạch hệ thống tài khoản ngân hàng, hạn chế tình trạng tài khoản và thẻ ""rác"" – vốn thường bị các đường dây lừa đảo trực tuyến lợi dụng để che giấu dòng tiền và hợp thức hóa tiền chiếm đoạt. Việc siết chặt định danh và xác thực được xem là giải pháp quan trọng để tăng rào cản, góp phần giảm thiểu rủi ro lừa đảo trong thanh toán điện tử.

"
https://cafef.vn/xo-so-mien-nam-them-1-dai-ly-treo-thong-bao-tim-nguoi-trung-doc-dac-28-ti-dong-188251231094212896.chn,Xổ số miền Nam: Thêm 1 đại lý treo thông báo tìm người trúng độc đắc 28 tỉ đồng,"Hôm nay, xổ số miền Nam sẽ mở thưởng đối với vé số Đồng Nai, Cần Thơ và Sóc Trăng. Đây là kỳ mở thưởng cuối cùng của 3 đài này trong năm 2025","Theo ghi nhận của phóng viên BáoNgười Lao Động, từ tối 30 đến sáng 31-12, sau khi kết quả xổ số miền Nam được công bố, thêm một đại lý vé số ở tỉnh Đồng Nai đã treo bảng thông báo tìm chủ nhân may mắn trúng độc đắc 28 tỉ đồng khiến mạng xã hội xôn xao.
Đại lý vé số treo bảng tìm chủ nhân trúng độc đắc 28 tỉ đồng. Ảnh: ĐLVS Lê Lài
Theo đó, giải độc đắc (dãy số039926) của vé số Vũng Tàu, do Công ty TNHH Một thành viên Xổ số kiến thiết Vũng Tàu mở thưởng chiều 30-12, được xác định trúng tại tỉnh Đồng Nai.
Nơi đăng thông báo kêu gọi chủ nhân may mắn đến đổi thưởng là đại lý vé số Lê Lài ở tỉnh Đồng Nai.
""Vé số Lê Lài bán trúng đặc biệt Vũng Tàu cặp nguyên 039926 (14 vé), kính mời bà con tới đổi"" – thông báo thể hiện.
Trước đó, vào tối 26-11, đại lý vé số Hoàng Dũng ở xã Long Thành, tỉnh Đồng Nai cũng đã treo bảng thông báo tìm chủ nhân may mắn trúng độc đắc (dãy số625018) và giải an ủi nguyên cây vé số Đồng Nai, do Công ty TNHH Một thành viên Xổ số kiến thiết Đồng Nai mở thưởng chiều cùng ngày.
""Đại lý vé số Hoàng Dũng đã bán trúng đặc biệt (dãy số625018) đài Đồng Nai ngày 26-11 (cặp 140 vé). Kính mời quý khách đến đổi"" – thông báo thể hiện.
Cách đại lý Hoàng Dũng vài chục mét, vào ngày 27-11, đại lý vé số Thạch cũng đã viết bảng thông báo để trước đại lý của mình với nội dung: ""Đại lý vé số Thạch bán trúng đặc biệt vé số Tây Ninh (dãy số291515), kính mời bà con đến đổi"".
Đến ngày 9-12, đại lý vé số Thạch tiếp tục viết bảng thông báo với nội dung: ""Đại lý vé số Thạch bán trúng đặc biệt vé số Vũng Tàu (dãy số000248), kính mời bà con đến đổi"".
Thông tin này lập tức được nhiều đại lý vé số và khách hàng vào chia sẻ để mong đại lý Thạch sớm tìm được người đến đổi thưởng giải độc đắc. Sau vài ngày thông báo, chủ nhân trúng độc đắc đã lộ diện.
Hôm nay, xổ số miền Nam sẽ mở thưởng đối với vé số Đồng Nai, Cần Thơ và Sóc Trăng. Đây cũng là kỳ mở thưởng cuối cùng của 3 đài này trong năm 2025."
