url,title,description,content
https://dantri.com.vn/kinh-doanh/hang-khong-viet-don-song-dau-tu-ty-do-tang-toc-cung-luat-moi-20260111181404476.htm,"Hàng không Việt đón sóng đầu tư tỷ đô, tăng tốc cùng Luật mới","(Dân trí) - Ngay những ngày đầu năm 2026, khi Luật Hàng không dân dụng sửa đổi chính thức có hiệu lực, thị trường đã ghi nhận những dòng vốn khổng lồ từ Masterise và Sun Group rót vào các dự án hạ tầng bay.","Thị trường hàng không Việt Nam đang chứng kiến những chuyển động mạnh mẽ khi các ""ông lớn"" bất động sản liên tiếp lấn sân sang lĩnh vực hạ tầng và vận tải chuyên dụng.
Sự gia nhập của các tân binh tiềm lựctài chínhmạnh đang hâm nóng cuộc đua giành thị phần tại một trong những thị trường hàng không năng động nhất khu vực châu Á - Thái Bình Dương.
Điểm nhấn đáng chú ý nhất là việc Công ty cổ phần Tập đoànMasterisethành lập Công ty TNHH Cảng hàng không Masterise với vốn điều lệ lên đến 29.300 tỷ đồng.
Động thái này diễn ra ngay sau khi Quốc hội thông qua chủ trương đầu tư dự án Cảng hàng không quốc tế Gia Bình tại Bắc Ninh với tổng vốn đầu tư gần 196.400 tỷ đồng. Việc thành lập pháp nhân mới cho thấy Masterise đã chuẩn bị sẵn nguồn lực tài chính để đáp ứng điều kiện vốn chủ sở hữu tối thiểu 15% theo quy định.
Cùng thời điểm, Sun Group cũng gia tăng hiện diện trong lĩnh vực này thông qua việc thành lập Công ty TNHH Cảng hàng không Mặt Trời Phan Thiết (vốn điều lệ 600 tỷ đồng).
Doanh nghiệpnày tập trung vào các hình thức đầu tư hạ tầng như BOT, BOO và BT. Đáng chú ý, cổ đông lớn nhất nắm 55% vốn tại đây là Sun Phu Quoc Airways - một ""tân binh"" vận chuyển hành khách vừa ra mắt đầu năm 2025. Việc Sun Group thiết lập hệ sinh thái từ vận tải đến xây dựng cảng hàng không cho thấy chiến lược khép kín chuỗi giá trị du lịch - hạ tầng.
Hàng không Việt Nam được nhận định đang “sát thềm” bứt phá: Thêm đại gia Masterise, Sun Group… gia nhập (Ảnh: DT).
Sức hút của thị trường Việt Nam không chỉ dừng lại ở các doanh nghiệp nội địa. TheoBloomberg, ""gã khổng lồ"" giá rẻ AirAsia đang trong quá trình đàm phán mua cổ phần của Vietravel Airlines. Nếu thương vụ này thành công, đây sẽ là bước ngoặt quan trọng đánh dấu sự trở lại chính thức của tập đoàn hàng không Malaysia tại Việt Nam sau nhiều lần lỡ hẹn.
Sự sôi động của thị trường còn được tiếp sức bởi những điều chỉnh quan trọng về mặt pháp lý. Luật Hàng không dân dụng (sửa đổi) chính thức có hiệu lực từ năm 2026 được kỳ vọng sẽ tạo ra khung hành lang thông thoáng, phù hợp với tốc độ phát triển hạ tầng hiện nay.
Các siêu dự án như Cảng hàng không quốc tế Long Thành, cùng kế hoạch mở rộng sân bay Nội Bài và Tân Sơn Nhất đang đóng vai trò là thỏi nam châm thu hút các dòng vốn lớn.
Giới chuyên môn nhận định, với đà tăng trưởng hai con số và sự xuất hiện của các định chế tài chính mới, hàng không Việt Nam đang đứng trước thềm bứt phá, sớm lấy lại quy mô vận chuyển như thời điểm trước đại dịch và hướng tới mục tiêu trở thành trung tâm kết nối hàng đầu khu vực.
Số liệu thống kê từ Cục Hàng không Việt Nam, trong 9 tháng đầu năm, tổng sản lượng vận chuyển toàn thị trường ước đạt 64,1 triệu hành khách và 1,1 triệu tấn hàng hóa, tăng lần lượt 10,7% và 18,7% so với cùng kỳ năm ngoái.
Đánh giá kết quả này, Cục trưởng Cục Hàng không Việt Nam Uông Việt Dũng cho rằng, sự tăng trưởng mạnh mẽ phản ánh đà phục hồi bền vững của thị trường vận tải hàng không, nhờ chính sách mở cửa, sự trở lại củadu lịchquốc tế và năng lực khai thác ngày càng được nâng cao của các hãng bay Việt Nam."
https://dantri.com.vn/kinh-doanh/viet-nam-phat-hien-mo-dau-lon-nhat-dong-nam-a-trong-hai-thap-ky-qua-20260111184659519.htm,Việt Nam phát hiện mỏ dầu lớn nhất Đông Nam Á trong hai thập kỷ qua,"(Dân trí) - Với trữ lượng lên tới 430 triệu thùng, mỏ Hải Sư Vàng tại bể Cửu Long được đánh giá là phát hiện dầu khí lớn nhất khu vực trong hai thập kỷ qua, kỳ vọng giúp Việt Nam đảo chiều đà sụt giảm sản lượng.","Công ty con của Tập đoàn dầu khí Murphy (Mỹ) vừa khoan thành công giếng thẩm lượng (giếng khoan sau khi đã có phát hiện nhằm đánh giá quy mô, trữ lượng và khả năng khai thác) Hải Sư Vàng-2X (HSV-2X) tại Lô 15-2/17, bể Cửu Long, cách bờ biển Việt Nam khoảng 64km.
Trước đó, từ quý IV/2024,doanh nghiệpnày đã bắt đầu khoan giếng thăm dò Hải Sư Vàng-1X và đến tháng 1/2025 phát hiện khoảng 370 feet (112m) dầu từ hai vỉa chứa.
Kết quả khoan giếng thẩm lượng Hải Sư Vàng-2X mới đây cho thấy tổng chiều dày vỉa dầu đạt tới 131m, tập trung ở tầng chứa chính sâu hơn, cho lưu lượng khoảng 6.000 thùng/ngày với dầu chất lượng cao 37 độ API. Trữ lượng mỏ được ước tính trong khoảng 170-430 triệu thùng dầu quy đổi, thậm chí có thể vượt ngưỡng 430 triệu thùng.
Theo đánh giá của Wood Mackenzie - công ty chuyên phân tích, nghiên cứu chuyên sâu dữ liệu về năng lượng và tài nguyên thiên nhiên có trụ sở tại Anh, với quy mô hiện tại, mỏ Hải Sư Vàng có thể là phát hiện dầu lớn thứ 3 ở Đông Nam Á kể từ năm 2000, chỉ sau mỏ Banyu Urip của Indonesia (2001) và Gumusut của Malaysia (2003).
Wood Mackenzie cũng nhận định đây có thể là phát hiện lớn nhất của khu vực trong vòng 20 năm qua nếu các kết quả thẩm định tiếp theo tiếp tục củng cố trữ lượng.
Các mỏ dầu lớn nhất được phát hiện tại Đông Nam Á từ năm 2000 đến nay (Ảnh: Wood Mackenzie).
Theo Wood Mackenzie, phát hiện này được kỳ vọng giúp Việt Nam có thể đảo chiều xu hướng suy giảm sản lượng dầu kéo dài nhiều năm. Sản lượng dầu thô của Việt Nam đã giảm mạnh từ khoảng 365.000 thùng/ngày năm 2005 xuống dưới 120.000 thùng/ngày vào năm 2025.
Tuy nhiên, Wood Mackenzie cho rằng thủ tục pháp lý tại Việt Nam còn chậm khiến nhiều nhà đầu tư thận trọng và làm chậm tiến độ các dự án mới. Tốc độ thương mại hóa mỏ Hải Sư Vàng sẽ là thước đo hiệu quả của những cải cách pháp lý gần đây.
Ông Jasman Adam Leong, chuyên gia phân tích cao cấp của Wood Mackenzie, cho rằng những điều chỉnh trong Luật Dầu khí năm 2023 và các thay đổi về quản lý được kỳ vọng sẽ cải thiện môi trường đầu tư, song hiệu quả sẽ phụ thuộc vào triển khai thực tế.
Ông Eric Hambly, Chủ tịch kiêm Tổng Giám đốc Murphy Oil Corporation, nhấn mạnh đây là cột mốc quan trọng đối với hoạt động của tập đoàn tại Việt Nam. Sau khi hoàn tất giếng Hải Sư Vàng-2X, Murphy sẽ tiếp tục khoan với các giếng HSV-3X tại Lô 15-1/05 và HSV-4X tại Lô 15-2/17 nhằm làm rõ hơn cấu trúc mỏ và đánh giá thêm các tầng chứa khác.
Tại Việt Nam, Murphy Oil đang điều hành hoạt động tại một số lô dầu khí thuộc bể Cửu Long và Phú Khánh. Tập đoàn cũng đang đầu tư vào mỏ Lạc Đà Vàng (bể Cửu Long), đặt mục tiêu đón dòng dầu đầu tiên vào quý IV/2026. Năm 2025, Murphy tiếp tục ghi nhận các phát hiện mới tại giếng Hải Sư Vàng-1X (Lô 15-2/17) và Lạc Đà Hồng-1X (Lô 15-1/05).
Tập đoàn đã đầu tư khoảng 300 triệu USD vào công tác tìm kiếm thăm dò tại Việt Nam và đang điều hành các lô dầu khí tại bể Cửu Long, bể Phú Khánh. Tập đoàn cũng đang hợp tác với Tổng công ty Thăm dò và Khai thác dầu khí (PVEP) tích cực triển khai phát triển dự án Lạc Đà Vàng với tổng vốn đầu tư 700 triệu USD.
Mỏ Hải Sư Vàng nằm tại Lô dầu khí 15-2/17, bể Cửu Long. Lô dầu khí này được triển khai theo hợp đồng phân chia sản phẩm (PSC) giữa các đối tác gồm Murphy Oil, Tổng công ty Thăm dò và Khai thác Dầu khí - PVEP (Việt Nam) và SK Earthon (Hàn Quốc). Trong cơ cấu PSC, Murphy Oil nắm giữ 40% quyền lợi và là nhà điều hành, PVEP nắm 35% và SK Earthon nắm 25%."
https://dantri.com.vn/kinh-doanh/gia-vang-mieng-len-162-trieu-dongluong-20260112070723107.htm,Giá vàng miếng lên 162 triệu đồng/lượng,(Dân trí) - Giá vàng thế giới tiếp tục duy trì ở ngưỡng trên 4.500 USD/ounce nhờ bất ổn địa chính trị và những thay đổi trong kỳ vọng về chính sách tiền tệ của Fed. Giá vàng trong nước cũng ở mức kỷ lục.,"Sáng 12/1, giá vàng miếng SJC được cácdoanh nghiệpniêm yết tại 160-162 triệu đồng/lượng (mua vào - bán ra), tăng 2,2 triệu đồng/lượng ở cả 2 chiều mua và bán so với giá đóng cửa tuần trước. Chênh lệch giữa 2 chiều mua và bán được duy trì ở mức 2 triệu đồng/lượng. Đây cũng là mức kỷ lục mới của mặt hàng này.
Kết thúc tuần giao dịch từ ngày 5/1 đến 10/1,giá vàngmiếng SJC được các doanh nghiệp niêm yết tại 157,8-159,8 triệu đồng/lượng (mua vào - bán ra). Chênh lệch giữa 2 chiều mua và bán được duy trì ở mức 2 triệu đồng/lượng. Đây cũng là mức đỉnh mà mặt hàng này từng thiết lập ngày 24/12/2025.
Vàng trong nước tăng theo giá thế giới. Trên thế giới, giá vàng mở đầu ở mức 4.370 USD/ounce và nhanh chóng vượt 4.400 USD/ounce. Kim loại quý sau đó không mất nhiều thời gian để thiết lập đỉnh ngắn hạn quanh 4.450 USD/ounce rồi tiến sát mốc 4.500 USD/ounce. Giá kim loại quý sau đó ghi nhận đợt điều chỉnh đáng kể đầu tiên trong tuần, giảm về vùng 4.420 USD/ounce vào giữa tuần.
Trong giai đoạn cuối tuần, giá vàng thế giới đã vượt mốc 4.470 USD/ounce. Dù mức tăng không lớn, mặt bằng giá cao hơn đã được thiết lập.
Sau khi Mỹ công bố dữ liệu việc làm trong tháng cuối cùng của năm 2025 với kết quả kém tích cực, giá vàng đã bật tăng trở lại, vượt mốc 4.500 USD/ounce và chốt phiên cuối tuần ở mức 4.510 USD/ounce.
Tính trong cả tuần qua, giá vàng thế giới tăng hơn 140 USD/ounce, tương đương mức tăng ròng khoảng 3,2%. Sự kết hợp của bất ổn địa chính trị và những thay đổi trong kỳ vọng về chính sách tiền tệ của Cục Dự trữ Liên bang Mỹ (Fed) đã làm tăng đáng kể sức mạnh của kim loại quý này.
Mặt hàng vàng được bày bán (Ảnh: Tiến Tuấn).
Sáng nay (12/1), vàng thế giới tiếp tục có mức tăng mạnh lên tới 30 USD/ounce và hiện đạt 4.540 USD/ounce.
Tuần này, theo khảo sát mới nhất từ Kitco, trong 16 nhà phân tích, chỉ một người dự báo giá vàng giảm, 14 chuyên gia tin rằng kim loại quý này sẽ tiếp tục đi lên. Cuộc thăm dò trực tuyến với 268 nhà đầu tư cá nhân cũng cho thấy 69% số người tham gia dự đoán giá vàng diễn biến tích cực. 16% nhà đầu tư có tâm lý bi quan, số còn lại có quan điểm trung lập.
Theo các nhà phân tích, những động lực dẫn dắt thị trường vàng trong năm 2025 vẫn còn nguyên trong năm 2026. Trong đó, các ngân hàng Trung ương vẫn đang mua vào; căng thẳng vẫn leo thang ở Ukraine, Gaza và Venezuela; đồng USD suy yếu, lãi suất giảm… và các nhà đầu tư vẫn đang tiếp tục tìm kiếm vàng như một nơi trú ẩn an toàn.
Adam Button, Trưởng bộ phận chiến lược tiền tệ tại đơn vị giao dịch Forexlive.com, cho rằng, sự sụp đổ của các chuẩn mực và luật lệ quốc tế mà thế giới đang chứng kiến đầu năm 2026 sẽ có tác động sâu sắc tới đồng USD và vàng.
“Vàng trông khá tích cực, nhưng đồng USD cũng vậy. Địa chính trị, mua vào của ngân hàng Trung ương và nhu cầu bán lẻ vẫn là các động lực chính”, Marc Chandler, Giám đốc điều hành của đơn vị chuyên về giao dịch Bannockburn Global Forex, nhận định.
Sean Lusk, đồng Giám đốc bộ phận phòng hộ thương mại tại sàn giao dịch trực tuyến Walsh Trading, phân tích các động lực kinh tế và địa chính trị khác nhau để xác định thị trường kim loại quý thực sự đang phản ánh điều gì.
Ông cho rằng yếu tố mùa vụ cũng đang ủng hộ thị trường, từ Giáng sinh đến Lễ Tình nhân, là một trong những giai đoạn hoạt động tốt nhất của kim loại quý, dù năm ngoái là ngoại lệ khi giá tăng cả năm. Cùng với đó là hàng loạt căng thẳng địa chính trị toàn cầu, khiến nhà đầu tư không muốn nắm giữ vị thế bán vàng trước cuối tuần.
Dù vậy, 2026 hứa hẹn vẫn sẽ là một năm tiếp tục đà tăng trưởng cho thị trường vàng, dù tốc độ có thể chậm lại so với sự bùng nổ của 2025, nhờ vào các yếu tố địa chính trị kéo dài và nhu cầu trú ẩn an toàn từ nhà đầu tư.
Các rủi ro toàn cầu như căng thẳng ở Đông Âu, Trung Đông, cùng với nợ công tăng cao ở các nền kinh tế lớn, sẽ tiếp tục hỗ trợ giá vàng, giúp kim loại quý này duy trì vị thế như một công cụ phòng ngừa lạm phát và bất ổn kinh tế.
Trước đó, HSBC dự báo giá vàng có thể chạm mốc 5.050 USD/ounce trong nửa đầu năm. J.P. Morgan lạc quan với mục tiêu 5.000 USD/ounce. Tuy nhiên, giới đầu tư vẫn cảnh giác với rủi ro suy thoái kinh tế hoặc những thay đổi chính sách thương mại, có thể dẫn đến điều chỉnh tạm thời trước khi tiếp tục xu hướng tăng dài hạn."
https://dantri.com.vn/kinh-doanh/chan-dung-lo-hang-1000-airpods-va-94-trieu-dieu-thuoc-la-gia-qua-canh-20260112082910940.htm,"Chặn đứng lô hàng 1.000 AirPods và 9,4 triệu điếu thuốc lá giả quá cảnh","(Dân trí) - Lực lượng hải quan đã phát hiện, thu giữ hơn 1.000 tai nghe AirPods giả mạo nhãn hiệu Apple trong lô hàng quá cảnh, với giá trị ước tính nếu là hàng thật lên tới hơn 5,3 tỷ đồng.","Thực hiện chỉ đạo của Thủ tướng Chính phủ về tháng cao điểm chống buôn lậu và gian lận thương mại, lực lượng Hải quan vừa phát hiện và xử lý vụ vi phạm quy mô lớn liên quan đến hàng giả mạo nhãn hiệu Apple.
Vụ việc được phát hiện tại Cửa khẩu quốc tế Hoa Lư, khi Công ty TNHH AL (có trụ sở tại Hà Nội) thực hiện vận chuyển lô hàng quá cảnh từ Trung Quốc sang Campuchia. Theo tờ khai mở tại Cửa khẩu quốc tế Hữu Nghị, lô hàng được vận chuyển xuyên nội địa để xuất sang nước láng giềng.
Tuy nhiên, qua kiểm tra thực tế, Tổ công tác phát hiện 1.000 bộ tai nghe nhãn hiệu AirPods nằm ngoài danh mục khai báo. Tại thời điểm kiểm tra, đại diện Công ty AL không xuất trình được bất kỳ văn bản ủy quyền nào từ Apple - nhãn hiệu vốn đang được bảo hộ pháp lý nghiêm ngặt tại Việt Nam.
Tai nghe bị thu giữ (Ảnh: Cục Hải quan).
Tại thời điểm kiểm tra, đại diện Công ty TNHH AL không xuất trình được hồ sơ, tài liệu chứng minh việc được chủ sở hữu nhãn hiệu Apple, nhãn hiệu đã được bảo hộ tại Việt Nam, ủy quyền xuất khẩu, nhập khẩu hoặc vận chuyển đối với mặt hàng tai nghe nêu trên.
Tổ công tác đã tiến hành lấy mẫu và trưng cầu giám định toàn bộ lô hàng. Kết quả giám định xác định toàn bộ số tai nghe trên là hàng giả mạo nhãn hiệu Apple, vi phạm quy định về vận chuyển hàng hóa quá cảnh xâm phạm quyền sở hữu trí tuệ.
Theo kết quả xác định, trị giá hàng hóa thật tương đương khoảng 5,35 tỷ đồng, trong khi trị giá lô hàng theo kết luận thẩm định giá là 545,9 triệu đồng.
Căn cứ quy định pháp luật, Cục Hải quan đã ban hành quyết định xử phạt vi phạm hành chính số tiền 440 triệu đồng đối với Công ty TNHH AL, đồng thời tịch thu toàn bộ lô hàng hơn 1.000 tai nghe giả để bàn giao cho cơ quan chức năng tổ chức tiêu hủy theo quy định.
Cùng thời điểm, Đội Kiểm soát chống buôn lậu số 3 (Đội 3) - Chi cục Điều tra chống buôn lậu phối hợp với Hải quan cửa khẩu cảng Cái Mép - Chi cục Hải quan khu vực II và Công ty TNHH Tư vấn Đầu tư và Chuyển giao Công Nghệ (đại diện chủ sở hữu quyền đối với nhãn hiệu thuốc lá Lambert & Butler) cũng đã kiểm tra lô hàng của người vận chuyển là Công ty HK.
Thuốc lá giả bị thu giữ (Ảnh: Cục Hải quan).
Hàng hóa khai báo là thuốc lá điếu nhãn hiệu Lambert & Butler, gửi kho ngoại quan Transimex TPHCM, vận chuyển độc lập tới cảng SSIT Cái Mép để xuất khẩu đi Vương quốc Anh.
Kết quả kiểm tra thực tế hàng hóa cho thấy có tổng số 472 thùng thuốc lá (tương đương 472.000 bao với hơn 9,4 triệu điếu); trên bao thuốc lá không thể hiện xuất xứ.
Công ty TNHH Tư vấn Đầu tư và Chuyển giao Công Nghệ, chủ sở hữu quyền nhãn hiệu, đã xác nhận hàng hóa giả mạo nhãn hiệu Lambert & Butler.
Tổng giá trị hàng hóa theo giá bán lẻ tại thị trường Vương quốc Anh (đối với hàng thật) ước tính là 254,7 tỷ đồng.
Do sản phẩm thuốc lá nhãn hiệu Lambert & Butler không được phân phối chính thức tại thị trường Việt Nam, đại diện chủ sở hữu quyền không cung cấp được giá bán cụ thể của hàng hóa vi phạm. Trên cơ sở tham khảo giá bán sản phẩm cùng loại được công bố trên mạng, trị giá ước tính của lô hàng nêu trên khoảng 16,048 tỷ đồng."
https://dantri.com.vn/kinh-doanh/vang-so-hoa-ham-tru-an-moi-giua-nhung-con-bao-crypto-20260112011600812.htm,Vàng số hóa: Hầm trú ẩn mới giữa những cơn bão crypto,"(Dân trí) - Giữa lúc hàng tỷ USD ""bốc hơi"" khỏi thị trường crypto, dòng tiền thông minh bất ngờ tìm về một nơi trú ẩn vừa quen vừa lạ: Vàng kỹ thuật số. Một nghịch lý thú vị đang mở ra kỷ nguyên mới cho DeFi.","Trongtài chínhtruyền thống, vàng luôn là mỏ neo tâm lý mỗi khi kinh tế vĩ mô chao đảo. Tuy nhiên, suốt một thập kỷ qua, thị trường tài chính phi tập trung (DeFi) lại thiếu vắng một lá chắn vững chãi như vậy.
Phản xạ thường thấy của các nhà đầu tư crypto khi ""bão nổi"" là bán tháo tài sản rủi ro để chạy về stablecoin (các đồng tiền neo giá theo USD). Nhưng kịch bản của năm 2025 và đầu năm 2026 đã thay đổi hoàn toàn.
Dữ liệu thị trường sausự kiện""Ngày thứ Sáu đen"" (10/10/2025) - thời điểm 19 tỷ USD vị thế mua bị xóa sổ chỉ trong 24 giờ - cho thấy một sự dịch chuyển dòng vốn lịch sử. Thay vì rút tiền ra khỏi thị trường, giới đầu tư đang ở lại và đổ xô vào vàng được token hóa (vàng on-chain).
Vàng on-chain là vàng thật được mã hóa lên nền tảng blockchain, cho phép bạn sở hữu và giao dịch vàng vật chất một cách linh hoạt, an toàn ngay trên ứng dụng điện tử mà không cần trực tiếp cầm nắm hay cất giữ.
Trong bối cảnh hoạt động DeFi suy giảm và giá bitcoin đi xuống, các hàng hóa được token hóa đang mang đến cho nhà đầu tư on-chain một lựa chọn an toàn hơn (Ảnh: Coindesk).
Khi ""vàng số"" ngược dòng bão lửa
Trong khi sắc đỏ bao trùm các bảng điện tử, bitcoin lao dốc 24% trong một tháng và các hệ sinh thái lớn như ethereum hay solana chứng kiến lượng tài sản khóa (TVL) sụt giảm hơn 30%, thì vàng on-chain lại tỏa sáng rực rỡ.
Theo số liệu từ The Defiant và Coindesk, trong giai đoạn thị trường crypto chung giảm 11% sau cú sốc tháng 10/2025, nhóm hàng hóa on-chain lại lội ngược dòng tăng trưởng 5%. Nếu nhìn rộng ra cả tháng 10, con số này là mức tăng ấn tượng 27%.
Đà tăng này được cộng hưởng mạnh mẽ bởi sự thăng hoa củagiá vàngvật chất trên thị trường quốc tế. Từ mức 2.624 USD/ounce vào đầu năm 2025, giá vàng đã vượt mốc 4.400 USD/ounce vào tháng 12/2025, được thúc đẩy bởi bất ổn địa chính trị và nhu cầu mua gom của các ngân hàng Trung ương châu Á.
Ông Kevin Rusher, nhà sáng lập nền tảng RAAC, nhận định đây là một tín hiệu cực kỳ lành mạnh cho thị trường tiền mã hóa. Nó cho thấy khẩu vị rủi ro của nhà đầu tư Web3 đã trưởng thành. Họ không còn hoảng loạn rời bỏ thị trường như trước, mà biết cách sử dụng các công cụ on-chain để phòng vệ, cân bằng danh mục đầu tư trước những biến động khổng lồ của các tài sản rủi ro cao như memecoin hay altcoin.
Tính đến cuối năm 2025, tổng vốn hóa của thị trường vàng token hóa đã tăng gấp ba lần so với đầu năm, tiệm cận mốc 4 tỷ USD. Đây là minh chứng rõ ràng nhất cho thấy vàng không hề lỗi thời trong kỷ nguyên số, mà đang trở lại mạnh mẽ hơn bao giờ hết.
Không chỉ là trú ẩn, mà là sinh lời kép
Điều gì khiến vàng on-chain hấp dẫn hơn việc mua một chỉ vàng vật chất về cất két sắt? Câu trả lời nằm ở hai chữ, đó là thanh khoản và hiệu suất.
Trong tài chính truyền thống, vàng là tài sản ""chết"" bởi nó an toàn nhưng không sinh lời (trừ khi giá tăng). Tuy nhiên, khi được đưa lên blockchain (token hóa), câu chuyện hoàn toàn khác. Nhờ tính năng ""tái thế chấp"" đặc trưng của DeFi, các token vàng này trở thành một loại tài sản năng động.
Người sở hữu vàng token hóa không chỉ nắm giữ giá trị của vàng thực, mà còn có thể sử dụng token đó để làm tài sản thế chấp để vay vốn, cung cấp thanh khoản cho các giao thức để hưởng lãi suất và thậm chí tham gia vào các hoạt động quản trị kho bạc của các dự án.
Sự linh hoạt này giải quyết được ""gót chân Achilles"" lớn nhất của thị trường tài chính: Thanh khoản. Ngay cả khi thị trường đóng băng, dòng vốn vẫn luân chuyển qua các kênh trú ẩn an toàn này.
Kevin Rusher ví von đây là bước tiến hóa tiếp theo của tài chính, nơi các tài sản an toàn bậc nhất thế giới được ""chia nhỏ"" và tái cấu trúc để tạo ra dòng tiền thụ động - điều mà phố Wall chưa từng mang lại cho nhà đầu tư cá nhân.
Thực tế, xu hướng này đang biến vàng từ một tài sản phòng thủ thụ động trở thành một công cụ tài chính tấn công hiệu quả. Nhà đầu tư có thể vừa bảo toàn vốn trước lạm phát (nhờ giá vàng tăng), vừa kiếm thêm lợi nhuận từ các hoạt động DeFi.
Tether - công ty mẹ của đồng stablecoin lớn nhất thế giới USDT - không chỉ phát hành token mà đang âm thầm trở thành một ""tay to"" trên thị trường vàng vật chất toàn cầu (Ảnh: ET).
Cuộc đua của những ""gã khổng lồ""
Sự bùng nổ của vàng on-chain không chỉ là sân chơi nhỏ lẻ mà đang trở thành cuộc đua của các ""cá mập"". Báo cáo từ The Block chỉ ra sự thống trị tuyệt đối của hai ông lớn Tether Gold (XAUt) và Paxos Gold (PAXG), hiện nắm giữ gần 90% thị phần vàng token hóa.
Đặc biệt, Tether (công ty đứng sau đồng stablecoin lớn nhất thế giới USDT) đang nổi lên như một ""tay buôn vàng"" sừng sỏ toàn cầu. Dữ liệu cho thấy Tether Gold (XAUt) dẫn đầu thị trường với vốn hóa khoảng 2,2 tỷ USD.
Chỉ riêng trong quý III/2025, Tether đã mua vào 26 tấn vàng, vượt qua lượng mua của nhiều ngân hàng Trung ương. Tổng lượng vàng Tether nắm giữ đạt 116 tấn, đưa công ty này lọt vào Top 30 tổ chức nắm giữ vàng lớn nhất thế giới, vượt qua dự trữ quốc gia của Hy Lạp hay Úc.
Sự trỗi dậy của vàng là mũi nhọn dẫn dắt toàn bộ mảng Tài sản thực (Real World Assets - RWA). Trong năm 2025, trong khi thị trường DeFi nói chung chỉ tăng trưởng khiêm tốn 4,5%, thì mảng RWA đã bùng nổ với mức tăng 132%, đạt quy mô hơn 16,4 tỷ USD.
Các tổ chức tài chính lớn như BlackRock hay Franklin Templeton cũng đang ráo riết tham gia vào mảng này, mở ra triển vọng về các loại stablecoin thế hệ mới: Không neo theo tiền pháp định (fiat) đang mất giá, mà neo theo rổ hàng hóa thực.
""Cơn sốt vàng"" trong mùa đông crypto không chỉ là hiện tượng nhất thời. Như các chuyên gia nhận định, DeFi không giết chết vàng, mà đang giúp vàng ""tiến hóa"". Ở dạng token hóa, kim loại quý này lần đầu tiên thực sự trở thành một phần năng động của hệ thống tài chính toàn cầu, xóa nhòa ranh giới giữa tài sản thực và tài sản số."
https://dantri.com.vn/kinh-doanh/agribank-bidv-vietinbank-vietcombank-lai-lon-20260112071809165.htm,"Agribank, BIDV, VietinBank, Vietcombank lãi lớn",(Dân trí) - Các ngân hàng quốc doanh đang dần hé lộ kết quả kinh doanh năm 2025 với con số lợi nhuận lên đến hàng chục nghìn tỷ đồng.,"Báo cáo tại Hội nghị tổng kết công tác Đảng, hoạt độngkinh doanhnăm 2025 và triển khai nhiệm vụ năm 2026 diễn ra mới đây, Ngân hàng TMCP Công Thương Việt Nam (VietinBank) ghi nhận quy mô tổng tài sản tăng khoảng 18% so với cuối năm 2024, lần đầu tiên vượt mốc 100 tỷ USD.
Dư nợ tín dụng tăng khoảng 16%, trong đó tổng dư nợ các lĩnh vực ưu tiên chiếm tỷ trọng trên 30%. Nguồn vốn huy động tăng trưởng 12% so với cuối năm 2024.
Năm qua, nhà băng đẩy mạnh chuyển dịch cơ cấu thu nhập thông qua các giải pháptài chínhtoàn diện, cải thiện chất lượng sản phẩm, dịch vụ, thu ngoài lãi đóng góp gần 27% tổng thu nhập hoạt động.
Song song với tăng trưởng quy mô,VietinBankduy trì các chỉ tiêu an toàn ở mức tích cực. Tỷ lệ nợ xấu được kiểm soát quanh mức 1%, trong khi tỷ lệ bao phủ nợ xấu duy trì ở mức cao.
Ngân hàng cho biết lợi nhuận trước thuế riêng lẻ năm vừa qua ước đạt hơn 41.000 tỷ đồng, tăng khoảng 37% so với năm 2024. Đây cũng là mức cao nhất kể từ khi ngân hàng này hoạt động.
Kiểm tra giao dịch tiền tại ngân hàng (Ảnh: Mạnh Quân).
Trước VietinBank, Ngân hàng TMCP Ngoại thương Việt Nam (Vietcombank) cũng chia sẻ kết quả kinh doanh tích cực trong năm 2025. Tại thời điểm cuối năm ngoái, tổng tài sản của ngân hàng đạt khoảng 2,48 triệu tỷ đồng, tăng gần 20%, đạt kỷ lục. Dư nợ tín dụng tăng hơn 15%. Ở chiều huy động, nguồn vốn thị trường I (vốn huy động từ cá nhân và tổ chức kinh tế) đạt 1,68 triệu tỷ đồng, tăng hơn 10% so với cuối năm trước.
Trước đó, Đại hội đồng cổ đông năm 2025 của ngân hàng này đã đề ra chỉ tiêu lợi nhuận trước thuế hợp nhất tăng 3,5%, lợi nhuận riêng lẻ dự kiến đạt 42.734 tỷ đồng.
Năm 2026,Vietcombankđặt mục tiêu tổng tài sản tăng tối thiểu 11%, huy động vốn trên thị trường 1 tăng tối thiểu 14%. Tín dụng tăng trưởng an toàn hiệu quả khoảng 13% tập trung vào các lĩnh vực sản xuất kinh doanh, lĩnh vực ưu tiên và các động lực tăng trưởng kinh tế theo chỉ đạo của Chính phủ và Ngân hàng Nhà nước. Tỷ lệ nợ xấu kiểm soát dưới 1,5%. Lợi nhuận trước thuế tăng tối thiểu 7%.
Kiểm tra giao dịch tiền tại ngân hàng (Ảnh: Mạnh Quân).
Ngân hàng TMCP Đầu tư và Phát triển Việt Nam (BIDV) cũng đã công bố kết quả kinh doanh sơ bộ năm 2025. Theo đó, nhà băng đạt lợi nhuận kỷ lục trong năm qua với hơn 36.000 tỷ đồng.
Tính đến hết 31/12/2025, tổng tài sản củaBIDVđạt trên 3,25 triệu tỷ đồng, tăng trưởng 20% so với năm 2024, tiếp tục là ngân hàng đứng đầu về quy mô tài sản tại Việt Nam.
Huy động vốn của ngân hàng đạt trên 2,4 triệu tỷ đồng, tăng trưởng gần 14%. Dư nợ tín dụng đạt trên 2,3 triệu tỷ đồng, tăng trưởng hơn 15% so với đầu năm. Tỷ lệ nợ xấu theo Thông tư 31 ở mức 1,2%.
Còn tại Ngân hàng Nông nghiệp và Phát triển Nông thôn Việt Nam (Agribank), kết thúc năm 2025, tổng tài sản đơn vị này đạt trên 2,5 triệu tỷ đồng, tăng 12,1% so với đầu năm. Dư nợ cho vay nền kinh tế đạt gần 2 triệu tỷ đồng, ước tăng hơn 16% so với đầu năm. Cùng kỳ, huy động vốn đạt 2,35 triệu tỷ đồng.
Trước đó, tại Hội nghị triển khai nhiệm vụ ngành ngân hàng năm 2026, đại diện Agribank cũng cho biết, tăng trưởng dư nợ tín dụng cả năm của Agribank dự kiến đạt khoảng 14,8%, hoàn thành 100% kế hoạch do Ngân hàng Nhà nước giao.
Nguồn vốn thị trường I tăng trưởng tích cực, dự kiến đến cuối năm tăng 13,4% so với năm 2024. Ngoài ra, tỷ lệ nợ xấu được kiểm soát ở mức khoảng 1,2%, thu hồi nợ sau xử lý rủi ro đạt khoảng 16.000 tỷ đồng."
https://dantri.com.vn/kinh-doanh/chu-tich-fed-bat-ngo-bi-dieu-tra-hinh-su-20260112095408594.htm,Chủ tịch Fed bất ngờ bị điều tra hình sự,(Dân trí) - Mỹ vừa bất ngờ khởi động cuộc điều tra hình sự đối với Chủ tịch Cục Dự trữ Liên bang Mỹ (Fed) Jerome Powell.,"Các công tố viên Liên bang Mỹ vừa mở cuộc điều tra hình sự đối với Chủ tịch Fed Jerome Powell về dự án tân trang trụ sở ngân hàng Trung ương tại Washington và nghi vấn ông Powell nói dối quốc hội về quy mô dự án, theoThe New York Times.
Ông Powell xác nhận các công tố viên liên bang đã mở cuộc điều tra hình sự với ông.
""Vào thứ Sáu, Bộ Tư pháp đã gửi trát triệu tập của đại bồi thẩm đoàn tới Fed, đe dọa truy tố hình sự liên quan đến cuộc điều trần của tôi trước Ủy ban Ngân hàng Thượng viện hồi tháng 6 năm ngoái. Nội dung cuộc điều trần đó một phần về dự án cải tạo có thể kéo dài nhiều năm với các tòa nhà văn phòng của Fed"", ông Powell cho biết trong một video đăng trên tài khoản X của Fed.
Theo ông Powell, hành động của chính quyền thực chất là một phần của nỗ lực gây sức ép và đe dọa đối với ông, do Fed đưa ra điều chỉnh lãi suất không vừa ý Tổng thống Donald Trump.
Ông cho rằng cuộc điều tra của các công tố viên xuất phát từ việc Fed thiết lập lãi suất ""dựa trên đánh giá tốt nhất về điều gì có lợi cho công chúng, thay vì làm theo mong muốn của Tổng thống Mỹ Donald Trump"".
""Vấn đề ở đây là liệu Fed có thể tiếp tục thiết lập lãi suất dựa trên các điều kiện kinh tế, hay chính sách tiền tệ sẽ bị chi phối bởi áp lực hoặc sự đe dọa mang tính chính trị"", ông Powell nói thêm.
Người phát ngôn Bộ Tư pháp Chad Gilmartin từ chối bình luận về cuộc điều tra, nhưng cho biết Bộ trưởng Tư pháp ""ưu tiên điều tra bất kỳ sự lạm dụng nào với tiền thuế của người dân"".
Chủ tịch Fed Jerome Powell (Ảnh: Getty).
Năm ngoái, Tổng thống Trump nhiều lần công kích Fed và Powell vì không giảm lãi suất nhanh và mạnh như ông yêu cầu. Ông còn từng dọa kiện và sa thải Chủ tịch Fed, thậm chí thông báo sa thải thành viên Hội đồng Thống đốc Fed Lisa Cook. Tuy nhiên, quyết định này đã bị Tòa phúc thẩm liên bang tại Washington chặn lại.
Tổng thống Mỹ cũng từng đến thăm dự án cải tạo trụ sở Fed ở Washington tháng 7/2025. Ông tranh cãi với Chủ tịch Powell ngay trước máy quay khi đề cập chi phí cải tạo hạ tầng của cơ quan này. Trong một bài đăng trên Truth Social, ông chỉ trích Powell quản lý ""quá tệ"" khi chi ""3 tỷ USD cho công việc lẽ ra chỉ tốn 50 triệu USD"".
Thượng nghị sĩ Thom Tillis - thành viên Ủy ban Ngân hàng Thượng viện Mỹ - chỉ trích cuộc điều tra với ông Powell. Ông cho biết sẽ phản đối việc phê chuẩn người kế nhiệm Powell do ông Trump đề cử, cũng như phản đối bất kỳ ứng viên nào khác cho Hội đồng Thống đốc Fed ""cho đến khi vấn đề pháp lý này được giải quyết hoàn toàn"".
Tháng 5/2026, nhiệm kỳ Chủ tịch Fed của ông Powell sẽ kết thúc. Tuy nhiên, nhiệm kỳ của ông trong Hội đồng Thống đốc Fed sẽ kéo dài đến năm 2028.
""Không còn nghi ngờ gì nữa. Các cố vấn trong chính quyền Trump đang tích cực thúc đẩy chấm dứt sự độc lập của Fed. Giờ đây, sự độc lập và uy tín của Bộ Tư pháp cũng đang bị đặt dấu hỏi"", ông Tillis kết luận."
https://dantri.com.vn/kinh-doanh/lai-suat-tiet-kiem-tang-manh-lai-vay-co-som-tang-theo-20260112080912424.htm,"Lãi suất tiết kiệm tăng mạnh, lãi vay có sớm tăng theo?","(Dân trí) - Lãi suất huy động tăng có thể gây áp lực lên lãi suất cho vay, nhưng việc điều chỉnh dự kiến sẽ thận trọng, có lộ trình và không làm gián đoạn phục hồi kinh tế.","Lãi suất tiết kiệm ngắn hạn neo cao, ngày càng nhiều ngân hàng chạm trần 4,75%/năm
Theo thống kê của phóng viênDân trívề biểu lãi suất huy động trực tuyến đang được các ngân hàng công bố, mặt bằng lãi suất tiền gửi ngắn hạn tiếp tục duy trì ở mức cao.
Cụ thể, có tới 29 ngân hàng áp dụng lãi suất từ 4%/năm trở lên đối với các khoản tiền gửi trực tuyến kỳ hạn từ 1 đến 5 tháng.
Ở chiều ngược lại, chỉ còn một số ít ngân hàng niêm yết lãi suất dưới 4%/năm cho các kỳ hạn tiền gửi ngắn dưới 6 tháng, gồm SCB, Agribank, BIDV, Vietcombank,VietinBankvà KienlongBank.
Theo quy định hiện hành của Ngân hàng Nhà nước, trần lãi suất huy động đối với kỳ hạn 1-5 tháng là 4,75%/năm. Nếu như khoảng 3 tháng trước, mức lãi suất này còn khá hiếm gặp thì đến nay đã được 9 ngân hàng áp dụng đồng loạt cho toàn bộ các kỳ hạn từ 1 đến 5 tháng, gồm BVBank, OCB, PGBank, VIB, PVCombank, Sacombank, TPBank, VCBNeo và VPBank.
Bên cạnh đó, Nam A Bank cũng niêm yết lãi suất 4,75%/năm cho kỳ hạn 2 tháng, nâng tổng số ngân hàng áp dụng mức trần lên 10. Với kỳ hạn 3 tháng, có 13 ngân hàng niêm yết lãi suất tối đa này, bao gồm Techcombank, LPBank, MBV cùng 10 ngân hàng kể trên. Đối với các kỳ hạn 4 và 5 tháng, ngoài 13 ngân hàng này, NCB cũng tham gia áp dụng mức lãi suất 4,75%/năm.
Kiểm tra giao dịch tiền tại ngân hàng (Ảnh: Tiến Tuấn).
Có 3 ngân hàng tăng lãi suất huy động từ đầu năm nay là VPBank, MSB và ABBank. Mức tăng lãi suất huy động phổ biến tại các ngân hàng từ đầu năm đến nay dao động quanh 0,2% đến 0,4%/năm, chủ yếu tập trung ở các kỳ hạn trung và dài hạn.
Trong đó,ABBankgây chú ý khi nâng mạnh lãi suất ở tất cả các kỳ hạn và đưa lãi suất đặc biệt lên tới 9,65%/năm cho khoản tiền gửi rất lớn. Bên cạnh đó, nhiều ngân hàng khác cũng duy trì các gói lãi suất tiết kiệm đặc biệt từ 6,3% đến 9%/năm nhằm thu hút khách hàng gửi tiền quy mô lớn.
Lãi suất huy động có thể tăng thêm trong năm nay
Chuyên gia kinh tế Lê Xuân Nghĩa cho rằng, mặt bằng lãi suất huy động khó có thể duy trì ở mức hiện tại trong 12 tháng tới mà nhiều khả năng sẽ tiếp tục tăng thêm khoảng 0,5%/năm trong năm 2026.
Ông chỉ ra nguyên nhân do chênh lệch giữa huy động và cho vay tại các ngân hàng thương mại đang chịu sức ép nới rộng. Trước đó, tại họp báo thông tin kết quả hoạt động ngân hàng năm 2025 và triển khai nhiệm vụ năm 2026 của Ngân hàng Nhà nước, ông Phạm Chí Quang, Vụ trưởng Vụ Chính sách tiền tệ, cho biết tính đến ngày 24/12/2025, huy động vốn toàn hệ thống ước tính tăng 14,1%, trong khi tăng trưởng tín dụng cả năm dự kiến đạt 19%.
Giao dịch tiền tại ngân hàng (Ảnh: Thành Đông).
Về xu hướng lãi suất hiện nay, ông Nguyễn Quang Huy - CEO KhoaTài chính- Ngân hàng, Trường Đại học Nguyễn Trãi, cho rằng mặt bằng lãi suất đang bước vào giai đoạn điều chỉnh mang tính chọn lọc sau thời gian dài duy trì ở mức thấp.
Diễn biến này phản ánh sự thay đổi của chu kỳ kinh tế, khi nhu cầu vốn phục hồi mạnh hơn, trong khi yêu cầu đảm bảo an toàn thanh khoản và cân đối nguồn vốn của hệ thống ngân hàng ngày càng được đặt lên hàng đầu. Lãi suất chưa bước vào chu kỳ tăng mạnh, nhưng xu hướng dịch chuyển lên mức hợp lý và bền vững hơn là khá rõ nét.
“Việc các ngân hàng điều chỉnh tăng lãi suất huy động ngay từ đầu năm trước hết phản ánh nhu cầu chủ động củng cố nguồn vốn. Thực tế cho thấy tăng trưởng tín dụng đang cao hơn đáng kể so với tăng trưởng huy động. Bên cạnh đó, khoảng 80% nguồn vốn huy động hiện nay là vốn ngắn hạn, trong khi gần 50% dư nợ tín dụng tập trung ở vốn trung và dài hạn"", ông Huy nêu.
Sự chênh lệch về kỳ hạn này, dù vẫn trong giới hạn kiểm soát, nhưng khi tín dụng tăng nhanh sẽ tạo áp lực nhất định lên khả năng cân đối nguồn vốn và thanh khoản của các ngân hàng.
Trong bối cảnh đó, việc điều chỉnh lãi suất huy động, đặc biệt ở các kỳ hạn dài hơn, có thể được xem là bước đi phòng ngừa và củng cố nền tảng, thay vì phản ánh rủi ro thanh khoản tức thời.
Về bối cảnh quốc tế, việc Cục Dự trữ Liên bang Mỹ (Fed) trong năm 2026 nhiều khả năng tiếp tục duy trì mặt bằng lãi suất hiện tại và có thể xem xét các đợt giảm lãi suất khi điều kiện cho phép là yếu tố hỗ trợ quan trọng.
Diễn biến này giúp giảm áp lực lêntỷ giávà dòng vốn quốc tế, qua đó tạo thêm dư địa cho Ngân hàng Nhà nước trong việc điều hành chính sách tiền tệ theo hướng ổn định, linh hoạt và hỗ trợ tăng trưởng. Đây là nền tảng thuận lợi để duy trì mặt bằng lãi suất trong nước ở mức hợp lý, tránh những biến động mạnh gây ảnh hưởng tới hoạt động sản xuất - kinh doanh.
Trước câu hỏi Lãi suất huy động tăng có gây áp lực lên lãi suất cho vay hay không, ông Huy cho biết về nguyên tắc thị trường, khi chi phí vốn đầu vào tăng, lãi suất cho vay sẽ chịu áp lực điều chỉnh.
Tuy nhiên, mức độ và tốc độ điều chỉnh nhiều khả năng sẽ diễn ra theo lộ trình, có sự phân hóa giữa các nhóm khách hàng, lĩnh vực ưu tiên và mức độ rủi ro. Vớidoanh nghiệpvà người mua nhà, áp lực lãi suất có thể gia tăng, song sẽ được cân nhắc hài hòa nhằm không làm gián đoạn đà phục hồi của nền kinh tế.
“Xu hướng lãi suất hiện nay không nên nhìn nhận như một yếu tố bất lợi, mà là một bước điều chỉnh cần thiết để hệ thống ngân hàng thích ứng với chu kỳ tăng trưởng mới. Trong bối cảnh quốc tế thuận lợi hơn và chính sách điều hành linh hoạt, việc điều chỉnh lãi suất một cách thận trọng và có kiểm soát sẽ góp phần củng cố an toàn hệ thống, đồng thời tạo nền tảng vững chắc cho tăng trưởng kinh tế bền vững trong giai đoạn tới”, ông nhấn mạnh."
https://dantri.com.vn/kinh-doanh/ly-do-nha-may-do-hop-ha-long-o-hai-phong-tam-dung-san-xuat-20260112015246053.htm,Lý do nhà máy Đồ hộp Hạ Long ở Hải Phòng tạm dừng sản xuất,"(Dân trí) - Công ty Đồ hộp Hạ Long cho biết việc Tổng giám đốc tạm vắng mặt có thể ảnh hưởng đến công tác điều hành, nên quyết định tạm dừng sản xuất để áp dụng các biện pháp quản trị phù hợp.","Trong thông báo mới nhất, Công ty cổ phần Đồ hộp Hạ Long (Halong Canfoco) cho biết HĐQTdoanh nghiệpđã quyết định tạm dừng sản xuất nhà máy tại Hải Phòng trong 14 ngày kể từ ngày 12/1, sau khi Tổng giám đốc bị tạm giữ để phục vụ điều tra.
Cùng với đó, HĐQT cũng thống nhất giao ông Cao Nhật Huy - Phó giám đốc sản xuất - điều hành tạm thời Nhà máy đồ hộp Hạ Long - Hải Phòng. Ông Huy được giao phối hợp phòng nhân sự bố trí người lao động trong thời gian tạm dừng sản xuất, đồng thời báo cáo đầy đủ, kịp thời tình hình nhân sự, lao động.
Trong văn bản giải trình gửi Sở Giao dịchChứng khoánHà Nội (HNX), doanh nghiệp cho biết ngày 10/1, doanh nghiệp đã nhận được Thông báo giữ người số 449/CSKT-Đ2 do Cơ quan Cảnh sát điều tra Công an TP Hải Phòng ban hành, về việc tạm giữ ông Trương Sỹ Toàn - Tổng giám đốc công ty.
Ngoài nội dung nêu trong thông báo, đến thời điểm công bố thông tin và gửi văn bản giải trình, doanh nghiệp cho biết chưa nhận được thêm bất kỳ thông tin hay kết luận chính thức nào khác từ cơ quan có thẩm quyền.
Trụ sở Công ty cổ phần Đồ hộp Hạ Long (Ảnh: Nguyễn Dương).
Tuy nhiên, doanh nghiệp cho biết căn cứ thông báo của cơ quan điều tra, việc Tổng giám đốc tạm vắng mặt trong thời gian phối hợp, làm việc với cơ quan chức năng có thể ảnh hưởng đến công tác điều hành, quản lý hoạt động sản xuất tại nhà máy.
Do đó, HĐQT đã thống nhất áp dụng các biện pháp tổ chức, quản trị nội bộ cần thiết nhằm bảo đảm việc quản lý, điều hành được thực hiện thận trọng, phù hợp với tình hình thực tế.
Công ty Đồ hộp Hạ Long cam kết tuân thủ nghiêm các quy định của pháp luật về quản trị công ty và công bố thông tin; chủ động, minh bạch trong việc cung cấp thông tin tới cổ đông, nhà đầu tư và cơ quan quản lý; nỗ lực triển khai các giải pháp cần thiết để sớm ổn định hoạt động sản xuất - kinh doanh.
Trước đó, ngày 8/9/2025, Phòng Cảnh sát kinh tế Công an TP Hải Phòng phát hiện haiô tôvận chuyển hơn 1.274kg thịt lợn đã giết mổ, có mùi ôi thiu, không rõ nguồn gốc và dương tính với virus dịch tả lợn châu Phi, được đưa từ vùng có dịch về tiêu thụ tại các cơ sở chế biến thực phẩm trên địa bàn.
Kết quả xét nghiệm cho thấy cả mẫu thịt trên xe và mẫu thịt lưu trữ trong kho lạnh của Công ty cổ phần Đồ hộp Hạ Long đều dương tính với virus dịch tả lợn châu Phi. Khám xét khẩn cấp trụ sở và các kho hàng, lực lượng chức năng đã niêm phong 4 kho lạnh chứa khoảng 130 tấn thịt lợn đông lạnh; toàn bộ số thịt nhiễm bệnh sau đó bị tiêu hủy theo quy định.
Ngày 12/9/2025, Cơ quan Cảnh sát điều tra Công an TP Hải Phòng khởi tố vụ án “Vi phạm quy định về an toàn thực phẩm”. Đến ngày 24/12/2025, 9 bị can liên quan đã bị khởi tố, vụ việc đang tiếp tục được điều tra, xử lý.
Ngày 10/1, cơ quan điều tra bắt khẩn cấp ông Trương Sỹ Toàn (SN 1969, trú tỉnh Quảng Ninh) do liên quan trực tiếp đến công tác quản lý, điều hành trong vụ thu gom, bảo quản thịt lợn nhiễm bệnh. Ba người khác cũng bị bắt gồm Phạm Thị Thúy Lan, Phó trưởng Phòng Quản lý chất lượng; Bùi Thị Thoan và Lại Thị Thanh Hương, đều thuộc bộ phận kiểm soát chất lượng nguyên liệu đầu vào của công ty."
https://dantri.com.vn/kinh-doanh/sau-dot-tinh-gian-7500-nhan-vien-ngan-hang-sap-tuyen-dung-o-at-tro-lai-20260111172422809.htm,"Sau đợt tinh giản 7.500 nhân viên, ngân hàng sắp tuyển dụng ồ ạt trở lại?","(Dân trí) - Dù mạnh tay cắt giảm nhân sự, trong quý IV/2025, có đến 23% các tổ chức tín dụng cho biết đang thiếu lao động. Năm 2026, dự kiến một làn sóng tuyển mới sẽ ồ ạt nhằm đáp ứng tăng trưởng tín dụng.","Năm 2025 vừa khép lại, trong bối cảnh công nghệ (AI) phát triển mạnh cũng như sự khó khăn của thị trường, ngành ngân hàng chứng kiến làn sóng tinh giản nhân sự mạnh mẽ. Thống kê báo cáotài chínhhợp nhất quý III/2025 của 27 ngân hàng niêm yết, trong 9 tháng đầu năm có 15 ngân hàng cắt giảm gần 7.500 nhân viên, mức giảm mạnh nhất trong nhiều năm trở lại đây.
Bước sang 2026, bức tranh nhân sự ngành ngân hàng tiếp tục là chủ đề thu hút sự quan tâm lớn trên các hội nhóm “banker”.
Làn sóng tuyển mới sẽ ồ ạt nhằm đáp ứng tăng trưởng tín dụng?
Theo kết quả điều tra xu hướngkinh doanhmới nhất do Ngân hàng Nhà nước (NHNN) công bố, có tới 40-50,5% tổ chức tín dụng dự kiến sẽ tuyển thêm lao động trong quý I và cả năm 2026 để đáp ứng nhu cầu mở rộng hoạt động.
Cũng theo điều tra từ NHNN, từ quý IV/2025, các tổ chức tín dụng đã có xu hướng tuyển dụng thêm để đáp ứng nhu cầu khối lượng công việc lớn trong quý cuối năm. Tuy nhiên giai đoạn này, vẫn còn 23% tổ chức tín dụng nhận định đang thiếu lao động.
Các chuyên gia nhận định, nhu cầu nhân sự ngân hàng đang dần quay trở lại trong bối cảnh ngành ngân hàng Việt Nam đang bước vào giai đoạn chuyển mình mới. Động lực lớn nhất thúc đẩy xu hướng tuyển dụng nhân sự của các ngân hàng đến từ kỳ vọng tăng trưởng tín dụng.
Trong năm 2026, nhu cầu tín dụng được kỳ vọng tăng ở tất cả lĩnh vực, đối tượng và kỳ hạn. Nhu cầu vay vốn của khốidoanh nghiệpđược dự báo tăng mạnh hơn so với khách hàng cá nhân, tín dụng ngắn hạn được kỳ vọng tăng cao hơn trung và dài hạn.
Số liệu tập hợp từ NHNN ghi nhận, các tổ chức tín dụng dự báo dư nợ toàn hệ thống có thể tăng 4,4% ngay trong quý I và đạt tới 18,1% cho cả năm 2026, mức kỳ vọng cao nhất kể từ năm 2020, tăng thêm 1,5 điểm phần trăm so với kỳ điều tra trước.
Phía NHNN vừa phát đi thông cáo cho biết dự kiến tăng trưởng tín dụng trong năm 2026 toàn hệ thống khoảng 15%. Mức tăng có thể điều chỉnh tăng, giảm phù hợp với diễn biến, tình hình thực tế, đảm bảo kiểm soát lạm phát, ổn định kinh tế vĩ mô; đồng thời hỗ trợ tăng trưởng kinh tế và an toàn hệ thống các tổ chức tín dụng.
Còn các chuyên gia phân tích từ các công tychứng khoándự báo tăng trưởng tín dụng toàn ngành ngân hàng trong năm 2026 có thể đạt mức 20%, nhằm hỗ trợ mục tiêu tăng trưởng GDP tối thiểu 10%. Động lực tăng trong năm nay còn đến từ nhóm doanh nghiệp vừa và nhỏ (SME).
Nhiều ngân hàng thiếu nhân sự từ quý IV/2025 (Ảnh: Tiến Tuấn).
Yêu cầu tuyển dụng đã khác xưa
Trong xu hướng tăng tuyển dụng sắp tới, đòi hỏi về chất lượng người lao động của nhà băng cũng cao hơn.
Chuyên gia đặc biệt nhấn mạnh, cần hiểu rõ làn sóng cắt giảm nhân sự năm 2025 không đơn thuần để tiết kiệm chi phí mà nằm trong chiến lược tái cấu trúc toàn diện nhằm nâng cao năng suất và hiệu quả hoạt động.
Nhiều ngân hàng đã thu hẹp mạng lưới chi nhánh, phòng giao dịch truyền thống, đồng thời tăng đầu tư vào ngân hàng số, trí tuệ nhân tạo, tự động hóa quy trình và phân tích dữ liệu lớn. Kéo theo đó, các công việc mang tính lặp lại như nhập liệu, xử lý hồ sơ hay giao dịch cơ bản dần được phần mềm thay thế.
Hiện, mô hình vận hành dựa trên công nghệ đang được xem là hướng đi tất yếu trong bối cảnh cạnh tranh ngày càng gay gắt và hành vi khách hàng thay đổi nhanh. Do đó, nhu cầu tuyển dụng cũng đi theo xu hướng này.
Thực tế, trong ""làn sóng"" tinh giản nhân sự 9 tháng đầu năm vừa qua vẫn có 12 ngân hàng ghi nhận tăng lao động.
Đơn cử, BIDV là ngân hàng tuyển thêm nhiều nhất với 818 người, nâng tổng số nhân viên lên mức 29.816, cao nhất hệ thống.Techcombankcũng tăng 699 người, tiếp đến là VPBank tăng 268 người, MB tăng 249 người, Nam A Bank tăng 202 người…"
https://dantri.com.vn/kinh-doanh/phat-toi-250-trieu-dong-neu-mua-ban-cho-thue-tai-khoan-ngan-hang-20260111170313633.htm,"Phạt tới 250 triệu đồng nếu mua bán, cho thuê tài khoản ngân hàng","(Dân trí) - Nghị định 340/2025 mới ban hành sẽ tăng mạnh mức phạt đối với các hành vi mua bán, mạo danh tài khoản thanh toán từ ngày 9/2, với mức phạt cao nhất lên đến 250 triệu đồng đối với cá nhân.","Chính phủ đã ban hành Nghị định 340/2025 quy định xử phạt vi phạm hành chính trong lĩnh vực tiền tệ và ngân hàng, thay thế Nghị định 88/2019 (được sửa đổi, bổ sung bởi Nghị định 143/2021).
Nghị định 340/2025 sẽ chính thức có hiệu lực từ ngày 9/2, theo đó sẽ tăng mức phạt với các hành vi mua bán, cho thuê tài khoản thanh khoán, sử dụng giấy tờ tùy thân hết hạn….
Cụ thể, tại Điều 30, hành vi mua, bán, thuê, cho thuê, mượn, cho mượn tài khoản thanh toán hoặc mua, bán thông tin tài khoản thanh toán với số lượng từ 1 đến dưới 10 tài khoản thanh toán mà chưa đến mức bị truy cứu trách nhiệm hình sự, sẽ bị phạt tiền từ 100-150 triệu đồng. Trong khi đó, quy định hiện hành chỉ xử phạt từ 40-50 triệu đồng.
Đối với hành vi mua, bán, thuê, cho thuê, mượn, cho mượn tài khoản thanh toán hoặc mua, bán thông tin tài khoản thanh toán với số lượng từ 10 tài khoản thanh toán trở lên mà chưa đến mức bị truy cứu trách nhiệm hình sự, mức phạt được nâng lên từ 150-200 triệu đồng. Hiện nay, mức phạt cho hành vi này chỉ dao động từ 50-100 triệu đồng.
Tăng loạt mức phạt trong giao dịch ngân hàng từ 9/2, cao nhất đến 250 triệu đồng (Ảnh: Tiến Tuấn).
Đặc biệt, mức phạt đối với hành vi mở hoặc duy trì tài khoản thanh toán nặc danh, mạo danh cũng được nâng lên từ 100-150 triệu đồng thành 200-250 triệu đồng.
Như vậy, kể từ ngày 9/2, các hành vi liên quan đến mở, sử dụng và giao dịch tài khoản thanh toán trái quy định sẽ phải đối mặt với chế tài nghiêm khắc hơn. Lưu ý, các mức phạt nêu trên áp dụng đối với cá nhân; trường hợp vi phạm do tổ chức thực hiện thì mức phạt tiền gấp đôi so với cá nhân.
Ngoài hình thức xử phạt chính, người vi phạm còn bị buộc nộp lại toàn bộ số lợi bất hợp pháp có được từ hành vi vi phạm vào ngân sách Nhà nước."
https://dantri.com.vn/kinh-doanh/my-rot-100-ty-usd-vao-venezuela-tham-vong-kiem-soat-55-dau-mo-the-gioi-20260111174558069.htm,"Mỹ rót 100 tỷ USD vào Venezuela, tham vọng kiểm soát 55% dầu mỏ thế giới","(Dân trí) - Tổng thống Mỹ Donald Trump công bố kế hoạch huy động 100 tỷ USD từ khối tư nhân để khôi phục hạ tầng dầu mỏ Venezuela, hướng tới mục tiêu kiểm soát hơn một nửa trữ lượng dầu thô toàn cầu.","Theo nguồn tin từFox Business, Tổng thống Mỹ Donald Trump vừa có cuộc thảo luận chiến lược tại Nhà Trắng với gần 20 CEO của các tập đoàn dầu khí hàng đầu quốc gia. Trọng tâm của cuộc gặp là kế hoạch triển khai làn sóng đầu tư quy mô lớn vào Venezuela nhằm tái thiết hệ thống hạ tầng năng lượng đang xuống cấp tại nước này.
Phát biểu tại cuộc họp ngày 9/1, ông Trump khẳng định cácdoanh nghiệpMỹ dự kiến sẽ rót khoảng 100 tỷ USD vào ngành dầu mỏ Venezuela. Mục tiêu không chỉ là khôi phục sản xuất mà còn đưa sản lượng khai thác tại quốc gia Nam Mỹ này lên mức cao nhất lịch sử.
Đáng chú ý, người đứng đầu Nhà Trắng đã đưa ra một tuyên bố mang tính chiến lược về sự dịch chuyển quyền lực năng lượng: ""Khi cộng trữ lượng dầu mỏ của Venezuela và Mỹ lại, chúng ta sẽ kiểm soát 55% nguồn dầu thô toàn cầu"". Con số này cho thấy ý định thiết lập một ưu thế vượt trội, có khả năng chi phối hoàn toàn thị trường năng lượng quốc tế trong tương lai.
Tổng thống Donald Trump trong cuộc gặp với các giám đốc điều hành công ty dầu mỏ của Mỹ tại Nhà Trắng, ngày 9/1 (Ảnh: Fox Business).
Tổng thống Mỹ nhấn mạnh khoản đầu tư khổng lồ này hoàn toàn đến từ nguồn vốn của khu vực tư nhân, không sử dụng ngân sách liên bang. Tuy nhiên, Washington sẽ giữ quyền kiểm soát chặt chẽ thông qua việc trực tiếp lựa chọn các doanh nghiệp Mỹ được phép tham gia vận hành tại Venezuela.
Hiện tại, Venezuela đã đồng ý để Mỹ thực hiện việc lọc hóa và thương mại hóa ngay lập tức 50 triệu thùng dầu thô của quốc gia này. Ông Trump khẳng định ngườitiêu dùngMỹ sẽ là bên hưởng lợi trực tiếp nhất khi giá năng lượng tiếp tục giảm sâu. Thực tế ghi nhận tại một số khu vực, giá xăng đã lùi về dưới 2 USD/gallon, một mức giảm ấn tượng so với biên độ 3-5 USD trước đây.
Trên bình diện chính trị, sau những biến động sau chiến dịch quân sự, chính phủ lâm thời Venezuela do bà Delcy Rodriguez đứng đầu đã bắt đầu các bước đi nhằm bình thường hóa quan hệ với Mỹ. Ngoại trưởng Yvan Gil xác nhận Caracas đã khởi động tiến trình thăm dò để tái lập các phái đoàn ngoại giao giữa hai nước.
Việc chuyển giao từ 30 đến 50 triệu thùng dầu cho phía Mỹ được xem là cam kết đầu tiên của chính quyền lâm thời trong lộ trình hợp tác năng lượng dài hạn với Washington."
https://dantri.com.vn/kinh-doanh/loat-ong-lon-sabeco-cong-vien-nuoc-dam-sen-sap-chia-tien-cho-co-dong-20260111163939357.htm,"Loạt “ông lớn” Sabeco, Công viên nước Đầm Sen… sắp chia tiền cho cổ đông","(Dân trí) - Tuần từ 12/1-16/1, 16 doanh nghiệp chốt quyền chi trả cổ tức. Đáng chú ý, Sabeco dự chi hơn 2.560 tỷ đồng, trong khi Vận tải biển Sài Gòn gây bất ngờ với tỷ lệ chia cổ tức bằng tiền mặt tới 92,5%.","Thống kê tuần giao dịch từ 12/1 đến 16/1, thị trườngchứng khoáncó 16 doanh nghiệp chốt ngày giao dịch không hưởng quyền để nhận cổ tức bằng tiền mặt, cổ phiếu.
Công ty cổ phần Vận tải biển Sài Gòn (mã chứng khoán: SGS) thống nhất chia cổ tức với tỷ lệ thực hiện là 92,5%, tương đương cổ đông sở hữu 1cổ phiếuđược nhận 9.250 đồng. Với 14,42 triệu cổ phiếu đang lưu hành, công ty này sẽ chi ra 133 tỷ đồng để trả cổ tức.
Hiện, Tổng Công ty Cơ Khí Giao thông Vận tải Sài Gòn TNHH MTV (Samco) là cổ đông lớn nhất sở hữu 51% vốn tại Vận tải biển Sài Gòn, dự kiến nhận về 68 tỷ đồng. Cổ đông lớn khác là Công ty TNHH Dịch vụ Tiếp vận Toàn Cầu đang nắm 37,42% vốn cũng “bỏ túi” gần 50 tỷ đồng.
Công ty cổ phần Sữa Quốc tế Lof (mã chứng khoán: IDP) cũng chốt ngày 16/1 là ngày đăng ký cuối cùng để nhận tạm ứng cổ tức bằng tiền đợt 2 năm 2024. Tỷ lệ chia là 25%, tương đương cổ đông sở hữu 1 cổ phiếu nhận 2.500 đồng.
Sữa Quốc tế Lof có hơn 61,8 triệu cổ phiếu, như vậy số tiền công ty cần bỏ ra để trả cổ tức gần 155 tỷ đồng.
Trong đợt chia cổ tức này, các cổ đông lớn gồm Công ty cổ phần Bluepoint nắm 54,29% vốn sẽ nhận về 84 tỷ đồng, Chứng khoán Vietcap sở hữu 15% nhận về 23 tỷ đồng và Daytona Investments Pte. Ltd đang nắm giữ 12,56% vốn sẽ nhận 19 tỷ đồng.
Loạt “ông lớn” Sabeco, Công viên nước Đầm Sen… sắp chia tiền cho cổ đông (Ảnh: DT).
Góp mặt danh sách “chia tiền” tuần này còn có Công ty cổ phần Công viên nước Đầm Sen (mã chứng khoán: DSN). Công ty sẽ tạm ứng cổ tức đợt 1 năm 2025, ngày đăng ký cuối cùng là 14/1. Tỷ lệ thực hiện là 24% (1 cổ phiếu nhận 2.400 đồng).
Công viên nước Đầm Sen hiện có hơn 12 triệu cổ phiếu đang lưu hành. Như vậy, số tiền công ty cần bỏ ra để trả cổ tức là hơn 28,8 tỷ đồng.
Tổng Công ty cổ phần Bia - Rượu - Nước giải khát Sài Gòn (Sabeco, mã chứng khoán: SAB) thông báo 13/1 là ngày đăng ký cuối cùng để nhận tạm ứng cổ tức đợt 1 năm 2025 bằng tiền.
Sabeco hiện có hơn 1,28 tỷ cổ phiếu đang lưu hành, công ty cần bỏ ra hơn 2.560 tỷ đồng trả cổ tức. Trong đó, công ty mẹ là Công ty TNHH Vietnam Beverage sở hữu gần 54% vốn dự kiến nhận 1.380 tỷ đồng và Tổng Công ty Đầu tư vàKinh doanhvốn Nhà nước (SCIC) nhận hơn 920 tỷ đồng nhờ nắm 36% vốn.
Một “ông lớn” khác là Công ty cổ phần Tập đoàn Giống cây trồng Việt Nam (Vinaseed, mã chứng khoán: NSC) sắp tạm ứng cổ tức đợt 2 năm 2025 bằng tiền. Ngày đăng ký cuối cùng là 19/1. Vinaseed hiện có hơn 17,5 triệu cổ phiếu đang lưu hành. Công ty cần bỏ ra hơn 35 tỷ đồng trả cổ tức."
https://dantri.com.vn/kinh-doanh/tong-giam-doc-bi-bat-cong-ty-do-hop-ha-long-tam-dung-san-xuat-20260111163848450.htm,"Tổng giám đốc bị bắt, Công ty Đồ hộp Hạ Long tạm dừng sản xuất",(Dân trí) - Công ty cổ phần Đồ hộp Hạ Long sẽ tạm dừng hoạt động sản xuất tại Nhà máy đồ hộp Hạ Long - Hải Phòng tối đa 14 ngày kể từ ngày 12/1 sau khi Tổng giám đốc bị bắt.,"Công ty cổ phần Đồ hộp Hạ Long vừa công bố Nghị quyết HĐQT. Theo đó, HĐQT thống nhất thông qua chủ trương tạm dừng ngắn hạn hoạt động sản xuất tại Nhà máy đồ hộp Hạ Long - Hải Phòng, với thời gian tạm dừng sản xuất dự kiến tối đa 14 ngày kể từ ngày 12/1.
Việc kéo dài hoặc điều chỉnh thời gian tạm dừng sẽ căn cứ vào diễn biến thực tế và được báo cáo HĐQT xem xét, quyết định tiếp theo. HĐQT cũng thống nhất giao ông Cao Nhật Huy - Phó giám đốc sản xuất thực hiện quyền điều hành tạm thời Nhà máy đồ hộp Hạ Long - Hải Phòng.
Ông Cao Nhật Huy được giao quyền điều hành các hoạt động vận hành hàng ngày của nhà máy trong phạm vi cần thiết, nhằm đảm bảo hoạt động ổn định và tuân thủ quy định pháp luật.
Đồng thời ông Huy phối hợp với phòng nhân sự chủ động xây dựng và triển khai phương án bố trí người lao động trong thời gian tạm dừng sản xuất và báo cáo định kỳ và kịp thời cho HĐQT về tình hình nhân sự, lao động trong suốt thời gian dừng sản xuất.
Sản phẩm của Đồ hộp Hạ Long (Ảnh: Chụp màn hình).
Trước đó, nhưDân tríđã đưa tin, chiều 10/1, VKSND TP Hải Phòng đã phê chuẩn lệnh bắt người trong trường hợp khẩn cấp đối với ông Trương Sỹ Toàn, Tổng giám đốc Công ty cổ phần Đồ hộp Hạ Long (trụ sở tại số 71 Lê Lai, TP Hải Phòng).
Cùng ngày, Cơ quan Cảnh sát điều tra Công an TP Hải Phòng đã thi hành lệnh bắt khẩn cấp ông Toàn do liên quan trực tiếp đến công tác quản lý, điều hành trong vụ thu gom, bảo quản số lượng lớn thịt lợn nhiễm bệnh tại các kho lạnh.
Ngoài ông Toàn, 3 cá nhân khác cũng bị bắt, gồm Phạm Thị Thúy Lan (Phó trưởng Phòng Quản lý chất lượng), Bùi Thị Thoan và Lại Thị Thanh Hương, đều là nhân viên phụ trách kiểm tra, đánh giá chất lượng thịt lợn đầu vào trước khi nhập kho và đưa vào sản xuất."
https://dantri.com.vn/kinh-doanh/cargill-giu-vung-vi-the-hang-dau-trong-nganh-chan-nuoi-viet-nam-20260110112631000.htm,Cargill giữ vững vị thế hàng đầu trong ngành chăn nuôi Việt Nam,"(Dân trí) - Trong quý IV/2025, Cargill đã ghi danh tại nhiều giải thưởng hàng đầu, khẳng định những đóng góp không nhỏ của doanh nghiệp trong sự phát triển của kinh tế nói chung và ngành nông nghiệp nói riêng.","Ngày 8/10, Lễ trao giải Vietstock Awards 2025 đã diễn ra dưới sự chủ trì của Cục Chăn nuôi và Thú y (Bộ Nông nghiệp và Môi trường), vinh danh những doanh nghiệp nổi bật trong ngành chăn nuôi, có đóng góp vào sự phát triển bền vững của nền kinh tế.
Tại đây, các thương hiệu thuộc Cargill là Cargill Việt Nam được vinh danh với giải thưởng “Nhà vô địch Vietstock - Xuất sắc toàn diện”, và Provimi Việt Nam được vinh danh là “Nhà vô địch Vietstock - Tăng trưởng vượt trội”.
Đến ngày 12/12, Cargill cũng được vinh danh ở vị trí thứ 3 trong danh sách “Top 10 công ty thức ăn chăn nuôi uy tín năm 2025” theo xếp hạng của Vietnam Report, thông qua các tiêu chí đánh giá về năng lực tài chính, chất lượng sản phẩm và giải pháp, uy tín truyền thông và nhận xét của người tiêu dùng.
Chia sẻ về các giải thưởng này, ông Phạm Đức Thắng, Tổng giám đốc ngành dinh dưỡng và sức khỏe vật nuôi Cargill Việt Nam và Thái Lan, cho biết: “Hai giải thưởng Vietstock và vị trí thứ 3 trong “Top 10 công ty thức ăn chăn nuôi uy tín năm 2025” một lần nữa minh chứng cho vị thế, tầm vóc và giá trị mà Cargill mang lại cho ngành chăn nuôi nói riêng và nền nông nghiệp Việt Nam nói chung.
Đây cũng là sự động viên, khích lệ cho đội ngũ Cargill tiếp tục học hỏi, đổi mới sáng tạo, mang công nghệ đẳng cấp thế giới về phục vụ người chăn nuôi trong nước, giúp khách hàng đạt tầm cao mới, mang lại giá trị thực tế và xây dựng niềm tin vững chắc”.
Khẳng định hiệu quả của giải pháp, sản phẩm và dịch vụ của Cargill
Thành lập vào năm 1865 tại Hoa Kỳ, có mặt tại Việt Nam từ năm 1995, trải qua 30 năm phát triển tại Việt Nam, Cargill khẳng định vị thế thương hiệu và chất lượng hàng đầu trong ngành chăn nuôi với hệ thống nhà máy hiện đại, giải pháp dinh dưỡng tiên tiến và mạng lưới phân phối toàn quốc.
Nỗ lực không ngừng của công ty đã được minh chứng với nhiều bằng khen và giải thưởng do Chính phủ Việt Nam, Chính phủ Hoa Kỳ, Tập đoàn Cargill, và nhiều tổ chức trao tặng.
Năm 2011, Cargill đã sáp nhập Provimi - một tập đoàn nổi tiếng về thức ăn chăn nuôi bổ sung của Hà Lan - nhằm hoàn thiện giải pháp cho nhà chăn nuôi, từ thức ăn bổ sung đến thức ăn hoàn chỉnh và dịch vụ vượt trội với công cụ quản lý trang trại và dinh dưỡng kỹ thuật số, dịch vụ phòng thí nghiệm đạt chuẩn quốc tế.
Với sự kiên trì đồng hành và hướng dẫn của Cargill từ các chương trình dinh dưỡng, tư vấn kỹ thuật tại trại, hướng dẫn quy trình chăm sóc, quản lý dịch bệnh, đến giải pháp quản lý tự động hóa giúp trang trại nâng cao năng suất, nhiều khách hàng của Cargill đã phát triển từ quy mô nhỏ lên hệ thống chăn nuôi hiện đại với hàng nghìn heo nái, heo thịt, đàn gia cầm hàng trăm nghìn con.
Tuy nhiên, giá trị lớn nhất mà Cargill hướng đến không chỉ là nâng tầm sinh kế, mà còn là sự phát triển ổn định cho kinh tế hộ gia đình, doanh nghiệp chăn nuôi và cộng đồng. Đây là nền tảng để thế hệ tiếp theo kế thừa và phát triển ngành chăn nuôi một cách bền vững.
Công ty tập trung vào 3 yếu tố cốt lõi là chất lượng sản phẩm, tri thức kỹ thuật và công nghệ quản lý, trong hơn ba thập kỷ tại Việt Nam. Nhờ đó, Cargill đã trở thành một trong những đối tác tin cậy của hàng nghìn hộ và doanh nghiệp chăn nuôi cũng như đại lý trên khắp cả nước.
Chị Vũ Thị Quế, một chủ trang trại tại Thanh Hóa, cho biết: “Trước đây, nghe nhiều người nói về cám Cargill nên tôi cũng quyết định dùng thử. Đầu tiên tôi sử dụng cám nái, sau đó thấy tốt nên chuyển hết sang dùng toàn bộ cám Cargill từ lợn nái đến lợn con và lợn thịt.
Với dòng sản phẩm Right Track IP cho heo con của Cargill, tôi thấy đàn lợn phát triển rất ổn định, da dẻ bóng mượt, hồng hào và nhanh lớn. Trước đây tôi mới có 30 nái, giờ thì tôi đã tăng lên được 150 nái, và 1.500 thịt. Tôi rất hài lòng vì khi hợp tác với Cargill, tôi nhận được sự hỗ trợ rất tốt từ khâu bán hàng cho đến kỹ thuật”.
Bước sang năm mới 2026, Cargill cam kết sẽ tiếp tục đổi mới sáng tạo, đồng hành cùng khách hàng đạt những tầm cao mới về tối ưu chi phí, nâng cao hiệu suất, góp phần thực hiện sứ mệnh “Cùng Việt Nam nuôi dưỡng thế giới”, xây dựng một nền nông nghiệp hiện đại, nơi người dân có thể an cư, lập nghiệp và duy trì chất lượng sống ngay cả trong những giai đoạn nhiều biến động."
https://dantri.com.vn/kinh-doanh/nguoi-viet-choi-chung-khoan-ngay-cang-nhieu-hon-25-trieu-tai-khoan-mo-moi-20260111165503721.htm,"Người Việt chơi chứng khoán ngày càng nhiều: Hơn 2,5 triệu tài khoản mở mới","(Dân trí) - Số lượng tài khoản giao dịch chứng khoán tính đến cuối năm ngoái đạt gần 11,9 triệu, tăng hơn 2,5 triệu so với đầu năm. Đây là con số tăng kỷ lục trên sàn chứng khoán Việt Nam.","Theo số liệu từ Tổng công ty Lưu ký và bù trừchứng khoánViệt Nam (VSD), trong tháng cuối năm 2025, nhà đầu tư mở mới khoảng 280.000 tài khoản, nâng con số mở mới cả năm lên 2,5 triệu tài khoản. Đây là năm ghi nhận tăng trưởng tài khoản mạnh nhất trong lịch sử thị trường chứng khoán Việt Nam.
Tính đến cuối năm, thị trường có gần 11,9 triệu tài khoản, tương đương 11,6% dân số cả nước. Số lượng tài khoản này đã vượt xa mục tiêu 9 triệu vào năm 2025 và 11 triệu vào năm 2030 theo Chiến lược phát triểnthị trường chứng khoáncủa Chính phủ.
Cá nhân vẫn chiếm tỷ trọng áp đảo trong cơ cấu nhàđầu tư chứng khoánvới 99,4%, còn nhà đầu tư nước ngoài chiếm chưa đến 0,5%.
Người Việt chơi chứng ngày càng nhiều: Hơn 2,5 triệu tài khoản mở mới trong năm 2025 (Ảnh: Hải Long).
Số lượng tài khoản chứng khoán tăng nhanh trong bối cảnh thị trường diễn biến tích cực. VN-Index tăng hơn 5,5% trong tháng 12 qua đó lập đỉnh mới. Thanh khoản thị trường cũng được cải thiện so với tháng trước đó, giá trị khớp lệnh bình quân trên HoSE đạt trên 20.000 tỷ đồng/phiên.
Đáng chú ý, khối ngoại đã mua ròng trở lại. Mặc dù giá trị không lớn chỉ gần 2.100 tỷ trên sàn HoSE nhưng đây vẫn là một tín hiệu tích cực với chứng khoán Việt Nam sau giai đoạn bán ròng triền miên trước đó. Xu hướng này đang được duy trì trong những ngày đầu năm 2026, mở ra kỳ vọng dòng vốn ngoại thực sự đảo chiều."
https://dantri.com.vn/kinh-doanh/loi-ich-kep-tu-trong-rung-theo-chung-chi-xanh-20260111084917282.htm,"Lợi ích kép từ trồng rừng theo ""chứng chỉ xanh""","(Dân trí) - Với hơn 42.000ha rừng đạt chứng chỉ FSC, tỉnh Thanh Hóa đang từng bước hiện thực hóa các tiêu chí ESG, giúp người dân nâng cao thu nhập và mở rộng ""lộ trình xanh"" cho gỗ Việt vươn tầm quốc tế.","Trong bối cảnh các tiêu chíESGngày càng trở thành yêu cầu bắt buộc đối với chuỗi cung ứng toàn cầu, chứng chỉ quản lý rừng bền vững, Hội đồng Quản lý rừng (Forest Stewardship Council - FSC) đóng vai trò quan trọng giúp ngành lâm nghiệp Việt Nam đáp ứng các chuẩn mực quốc tế.
Khi rừng có “chứng chỉ xanh”
Gia đình anh Lê Anh Tuấn (42 tuổi, thôn Xuân Lai, xã Như Thanh, tỉnh Thanh Hóa) có hơn 10ha keo được hội đồng FSC cấp chứng chỉ trồng rừng theo tiêu chuẩn bền vững.
Gắn bó với cây keo gần 20 năm, anh Tuấn cho biết, trước đây việc trồng rừng của gia đình chủ yếu dựa vào kinh nghiệm, sản xuất manh mún, chưa tuân theo quy trình kỹ thuật hay tiêu chuẩn cụ thể.
Năm 2023, gia đình được cán bộ Ban Quản lý rừng phòng hộ Như Thanh và các đơn vị liên quan tuyên truyền, hướng dẫn về tiêu chí cũng như quyền lợi khi tham gia trồng, chăm sóc, bảo vệ rừng theo tiêu chuẩn FSC. “Tôi thấy rõ lợi ích lâu dài nên vợ chồng mạnh dạn đăng ký tham gia”, anh Tuấn chia sẻ.
Gia đình anh Tuấn có hơn 10ha rừng được cấp chứng chỉ FSC (Ảnh: Hạnh Linh).
Trong tổng số hơn 10ha rừng được cấp chứng chỉ FSC, gia đình anh Tuấn có cả rừng sản xuất và một phần rừng tự nhiên. Sau chu kỳ chăm sóc, gia đình được thu hoạch keo ở rừng trồng; dưới tán rừng tự nhiên có thể kết hợp chăn nuôi hoặc trồng dược liệu, tăng thêm nguồn thu.
Theo anh Tuấn, khi tham gia trồng rừng theo bộ tiêu chí “xanh” của FSC, gia đình được hướng dẫn bài bản từ khâu chọn giống, chăm sóc, khai thác đến bảo vệ môi trường rừng. Hiện diện tích keo của gia đình có tuổi đời hơn 3 năm, dự kiến khoảng 4 năm nữa sẽ đến kỳ thu hoạch.
“Trong cam kết, nếu chủ rừng đáp ứng đầy đủ các điều kiện theo tiêu chuẩn FSC sẽ đượcdoanh nghiệpbao tiêu sản phẩm. Gỗ có chứng chỉ được mua với giá bằng hoặc cao hơn thị trường, chủ yếu phục vụ chế biến xuất khẩu sang châu Âu hoặc Nhật Bản”, anh Tuấn nói.
Ông Lê Thanh Phong, Trưởng phòng Hành chính bảo vệ và Phát triển rừng (Ban Quản lý rừng phòng hộ Như Thanh), cho biết đơn vị đang quản lý hơn 3.500ha rừng được cấp chứng chỉ FSC, với 931 hộ dân nhận khoán, chăm sóc rừng theo bộ tiêu chuẩn của Hội đồng Quản lý rừng.
Theo ông Phong, FSC được gọi là “chứng chỉ xanh” bởi bộ tiêu chuẩn hướng tới phát triển và quản lý rừng bền vững, đề cao trách nhiệm của con người đối với môi trường, xã hội và quản trị, trong đó trọng tâm là bảo vệ tài nguyên rừng và hệ sinh thái tự nhiên.
“Phát triển rừng theo tiêu chí xanh vừa tạo sinh kế ổn định, vừa bảo vệ môi trường sinh thái, phù hợp với định hướng phát triển lâm nghiệp gắn với ESG”, ông Phong nhận định.
Gỗ được trồng đáp ứng đúng các tiêu chí của FSC sẽ được các công ty bao tiêu sản phẩm (Ảnh: Hạnh Linh).
FSC - Công cụ hiện thực hóa ESG trong lâm nghiệp
Ông Nguyễn Đình Thái, Trưởng phòng Phát triển và Sử dụng rừng (Chi cục Kiểm lâm tỉnh Thanh Hóa), cho biết Thanh Hóa hiện có khoảng 42.000ha rừng được cấp chứng chỉ quản lý rừng bền vững FSC, trong đó rừng trồng chiếm khoảng 32.000ha, còn lại là 10.000ha rừng tự nhiên.
Việc rừng được cấp chứng chỉ FSC mang lại lợi ích “kép”, vừa nâng cao giá trị kinh tế, vừa thúc đẩy bảo vệ môi trường. Chứng chỉ FSC được ví như “lệnh thông hành” giúp sản phẩm gỗ Việt Nam thâm nhập sâu vào thị trường quốc tế, nâng cao giá trị gỗ nguyên liệu so với phương thức sản xuất truyền thống.
Không chỉ tạo đầu ra ổn định, phát triển rừng theo tiêu chuẩn còn góp phần tạo việc làm, nâng cao thu nhập, khuyến khích người dân gắn bó lâu dài với nghề rừng, đồng thời hình thành chuỗi sản xuất khép kín từ trồng rừng - chăm sóc - khai thác - chế biến - tiêu thụ.
Những cánh rừng được cấp chứng chỉ FSC đang mở ra nguồn lợi “kép” cho người dân (Ảnh: Hạnh Linh).
Ông Thái cho biết, ở góc độ phát triển bền vững, chứng chỉ FSC có mối liên hệ chặt chẽ với ba trụ cột của ESG. Ở trụ cột môi trường (E), FSC yêu cầu quản lý rừng bền vững, bảo vệ tài nguyên rừng, đa dạng sinh học và hạn chế tác động tiêu cực đến hệ sinh thái.
Với trụ cột xã hội (S), bộ tiêu chuẩn FSC đề cao quyền lợi của người lao động, sự tham gia và hưởng lợi của cộng đồng địa phương, góp phần bảo đảm sinh kế,an sinhxã hội cho người dân làm nghề rừng.
Trong khi đó, trụ cột quản trị (G) được thể hiện qua các yêu cầu về tính minh bạch, truy xuất nguồn gốc, tuân thủ pháp luật trong toàn bộ chuỗi sản xuất – tiêu thụ gỗ.
“FSC đang từng bước thay đổi tư duy của người trồng rừng: Rừng không còn là nguồn thu ngắn hạn mà trở thành “tài sản xanh”. Việc trồng rừng theo tiêu chuẩn FSC không chỉ bảo vệ tài nguyên rừng, đa dạng sinh học mà còn bảo đảm quyền lợi của người lao động và cộng đồng địa phương, hoàn toàn phù hợp với các tiêu chí ESG”, ông Thái khẳng định."
https://dantri.com.vn/kinh-doanh/highlands-coffee-da-nhap-nhung-gi-tu-do-hop-ha-long-20260111115326400.htm,Highlands Coffee đã nhập những gì từ Đồ hộp Hạ Long?,"(Dân trí) - Ở lần thông báo thứ hai, Highlands Coffee cho biết nhập hạt sen và vải đóng hộp từ Đồ hộp Hạ Long. Chuỗi đã dừng hoàn toàn việc nhập và tạm ngưng bán sản phẩm liên quan.","CTCP Dịch vụ Cà phê Cao Nguyên (Highlands Coffee) vừa tiếp tục phát đi thông báo cập nhật liên quan đến thông tin nhập nguyên liệu từ CTCP Đồ hộp Hạ Long.
Ở lần thông báo này, Highlands Coffee khẳng định không thu mua và chưa từng sử dụng bất kỳ sản phẩm thịt heo chế biến nào của CTCP Đồ hộp Hạ Long (Halong Canfoco).
""Đối với các sản phẩm không phải thịt - cụ thể là hạt sen và vải đóng hộp, CTCP Đồ hộp Hạ Long chỉ là một trong những đơn vị cung cấp nguồn nguyên liệu này cho Highlands Coffee"",doanh nghiệpcho hay.
Khoản mục Phải thu của khách hàng tại báo cáo tài chính của Đồ hộp Hạ Long (Ảnh chụp màn hình).
Theo thông tin được công bố vào ngày 9/1, Highlands Coffee đã ngừng hoàn toàn việc sử dụng các nguyên liệu được cung ứng từ nhà cung cấp nói trên. Chuỗi đã chủ động huy động các nhà cung cấp hiện có, đã được thẩm định đầy đủ, nhằm hạn chế sự gián đoạn trong việc phục vụ các sản phẩm liên quan.
""Với nỗ lực này, việc tạm ngưng phục vụ các sản phẩm bị ảnh hưởng chỉ xảy ra tại một số cửa hàng, không ảnh hưởng đến toàn bộ hệ thống của Highlands Coffee"", đại diện chuỗi cho biết.
Trước đó, ở lần thông báo đầu tiên, Highlands Coffee không chỉ rõ những sản phẩm nào của chuỗi có sử dụng nguyên liệu từ công ty Đồ hộp Hạ Long. Chính điều này khiến dư luận càng thêm quan tâm và đặt nhiều câu hỏi liên quan đến các sản phẩm hiện tại của chuỗi.
Sáng 10/1, ghi nhận trên các ứng dụng giao hàng phổ biến (như ShopeeFood, GrabFood...), món Trà Vải của Highlands Coffee đã hoàn toàn biến mất hoặc hiển thị trạng thái ""Hết món"".
Tại báo cáotài chínhhợp nhất bán niên năm 2025 của Đồ hộp Hạ Long (được công bố ngày 30/8/2025), bất ngờ xuất hiện Công ty cổ phần Dịch vụ Cà phê Cao Nguyên - đơn vị chủ quản thương hiệu Highlands Coffee.
Cụ thể, tại khoản Phải thu ngắn hạn khách hàng, ghi nhận Công ty cổ phần Dịch vụ Cà phê Cao Nguyên là một trong những khách hàng có giao dịch và công nợ 3 tỷ đồng với Đồ hộp Hạ Long (tại thời điểm 30/6/2025). Số dư đầu kỳ thậm chí lên đến 5,3 tỷ đồng.
Đáng chú ý, khoản phải thu ngắn hạn đối với Dịch vụ Cà phê Cao Nguyên đã xuất hiện trên báo cáo tài chính của Đồ hộp Hạ Long từ nhiều năm trước. Năm 2023, số dư đầu kỳ là 5,8 tỷ đồng, trong khi số dư đầu kỳ của năm 2024 là gần 3,7 tỷ đồng.
Trước đó, ngày 8/9/2025, Phòng Cảnh sát kinh tế Công an TP Hải Phòng phát hiện hai ô tô vận chuyển hơn 1.274kg thịt lợn đã giết mổ, có mùi ôi thiu, không rõ nguồn gốc, dương tính với virus dịch tả lợn châu Phi. Số thịt được vận chuyển từ vùng có dịch đến các cơ sở chế biến thực phẩm trên địa bàn để tiêu thụ.
Kết quả xét nghiệm xác định các mẫu thịt trên xe và mẫu thịt lưu trữ trong kho lạnh của Công ty cổ phần Đồ hộp Hạ Long đều dương tính với virus dịch tả lợn châu Phi.
Khám xét khẩn cấp trụ sở và các kho hàng của công ty, Công an TP Hải Phòng đã niêm phong 4 kho lạnh, chứa khoảng 130 tấn thịt lợn đông lạnh. Toàn bộ số thịt nhiễm bệnh sau đó bị tiêu hủy theo quy định.
Ngày 12/9/2025, Cơ quan Cảnh sát điều tra Công an TP Hải Phòng khởi tố vụ án Vi phạm quy định về an toàn thực phẩm. Đến ngày 24/12/2025, 9 bị can liên quan đã bị khởi tố.
Cơ quan chức năng đang tiếp tục điều tra, xử lý vụ việc."
https://dantri.com.vn/kinh-doanh/o-to-nhap-ve-viet-nam-nhieu-nhat-tu-truoc-den-nay-20260111112424303.htm,Ô tô nhập về Việt Nam nhiều nhất từ trước đến nay,"(Dân trí) - Việt Nam nhập khẩu 205.630 ô tô năm ngoái, kim ngạch đạt 4,7 tỷ USD, cao nhất từ trước đến nay.","Theo số liệu thống kê sơ bộ từ Cục Hải quan (Bộ Tài chính), trong tháng 12/2025, các doanh nghiệp tại Việt Nam đã nhập khẩu tổng cộng 14.707ô tônguyên chiếc các loại với giá trị kim ngạch đạt gần 406 triệu USD.
So với tháng liền trước, lượng ô tô nhập khẩu vào Việt Nam giảm hơn 3.600 xe, tương đương 19,9%, giá trị kim ngạch nhập khẩu theo đó cũng giảm 10,8%. Đây là một trong những tháng có lượng xe nhập khẩu về Việt Nam đạt mức thấp nhất trong năm 2025, đồng thời là tháng thứ 2 trong năm đạt mức dưới 15.000 xe.
Giai đoạn cuối năm, cácdoanh nghiệpnhập khẩu và phân phối ô tô chủ động thu hẹp lượng xe đưa về nhằm cân đối cung - cầu, tránh áp lực tồn kho lớn khi chuyển sang năm 2026. Thực tế, những năm trước, hoạt động nhập khẩu ô tô cũng thường chững lại vào giai đoạn cuối năm với lý do tương tự.
Cả năm 2025, tổng lượng ô tô nhập khẩu vào Việt Nam đạt 205.630 xe các loại với tổng giá trị gần 4,74 tỷ USD; tăng 32.069 xe, tương đương 18,6% về số lượng và tăng 31,1% về giá trị nhập khẩu so với năm 2024.
Việt Nam nhập khẩu xe nhiều kỷ lục trong năm 2025 (Ảnh: Nguyễn Hải).
Như vậy, trong năm 2025, trung bình mỗi ngày có thêm khoảng 563 xe ô tô mới các loại nhập khẩu vào Việt Nam, giá trị bình quân mỗi xe rơi vào khoảng hơn 23.000 USD.
Xét theo nguồn cung, các quốc gia trong khối ASEAN vẫn là trụ cột của hoạt động nhập khẩu ô tô vào Việt Nam. Indonesia tiếp tục đứng đầu với 78.156 xe được đưa về, tổng giá trị khoảng 1,1 tỷ USD. So với năm 2024, lượng xe nhập từ thị trường này tăng 3,7%, còn kim ngạch tăng 6,4%. Các mẫu xe chủ yếu là ô tôdu lịchdưới 9 chỗ, tập trung vào phân khúc MPV và SUV cỡ nhỏ - những dòng xe đang được nhiều gia đình Việt ưa chuộng.
Đứng ở vị trí tiếp theo là Thái Lan, nơi Việt Nam nhập khẩu 66.109 xe với kim ngạch ước khoảng 1,3 tỷ USD. So với năm trước, thị trường này cũng ghi nhận mức tăng tương ứng 3,7% về số lượng và 6,4% về giá trị. Lợi thế thuế nhập khẩu 0% trong nội khối ASEAN cùng nền công nghiệp ô tô phát triển giúp Thái Lan duy trì vai trò là nguồn cung lớn, đặc biệt ở nhóm xe gầm cao và bán tải phục vụ nhu cầu cá nhân.
Tổng cộng 47.895 xe có xuất xứ từ thị trường Trung Quốc được đưa vào Việt Nam, với kim ngạch đạt 1,6 tỷ USD, tăng mạnh 54,5% về sản lượng và 76% về giá trị so với năm 2024.
Năm 2025 ghi nhận lần đầu tiên lượng xe nhập khẩu nguyên chiếc của Việt Nam vượt mốc 200.000 xe/năm."
https://dantri.com.vn/kinh-doanh/lo-dien-tinh-tang-truong-kinh-te-manh-nhat-bat-ngo-ve-ha-noi-tphcm-20260106003448618.htm,"Lộ diện tỉnh tăng trưởng kinh tế mạnh nhất, bất ngờ về Hà Nội, TPHCM","(Dân trí) - Năm 2025, có 6 tỉnh thành có tốc độ tăng trưởng sản phẩm trên địa bàn trên 10%, trong đó dẫn đầu là Quảng Ninh. Hà Nội đứng thứ 16, TPHCM đứng thứ 21.","Cục Thống kê (Bộ Tài chính) cho biết tốc độ tăng trưởng tổng sản phẩm trên địa bàn (GRDP) của các địa phương năm 2025 dao động từ 5,84% đến 11,89%. Phần lớn các địa phương có tốc độ tăng trưởng trên 7% (chỉ có 5 tỉnh có tốc độ tăng trưởng dưới 7%).
Dẫn đầu tốc độ tăng GRDP của cả nước là Quảng Ninh với mức tăng 11,89%. Hải Phòng đứng thứ hai với mức tăng 11,81%.
Tại Quảng Ninh, động lực chính đến từ Khu kinh tế ven biển Quảng Yên và tổ hợp công nghiệp ôtô Thành Công Việt Hưng, các dự án FDI trong khu công nghiệp Đông Mai, Hải Hà. Trong khi đó, Hải Phòng ghi dấu ấn đậm nét với các dự án của Tập đoàn LG và tổ hợp sản xuất ôtô VinFast.
Các vị trí tiếp sau lần lượt thuộc về Ninh Bình, Phú Thọ, Bắc Ninh và Quảng Ngãi, tăng trưởng từ 10,02% đến 10,65%, cao hơn đáng kể so với mức bình quân chung.
Các địa phương này có điểm chung là định hướng phát triển kinh tế phù hợp với điều kiện và lợi thế so sánh của địa phương; nền tảng công nghiệp và dịch vụ tương đối vững chắc; triển khai hiệu quả các giải pháp cải cách thể chế, cải thiện môi trường đầu tư,kinh doanhvà nâng cao hiệu lực, hiệu quả điều hành.
“Việc phát huy nội lực gắn với thu hút và sử dụng hiệu quả các dòng vốn đầu tư, đặc biệt là vốn FDI đã tạo động lực thúc đẩy tăng trưởng GRDP đạt mức cao”, Cục Thống kê cho biết.
Trong khi đó, Hà Nội đứng thứ 16 với mức tăng 8,16%; TPHCM xếp thứ 21 với mức tăng 7,53%.
Bên cạnh những địa phương đạt mức tăng trưởng cao, một số địa phương có tốc độ tăng trưởng GRDP thấp hơn mức bình quân chung, gồm Vĩnh Long, Thái Nguyên, Tuyên Quang với mức tăng dao động từ 5,84% đến 6,4%. Nguyên nhân chủ yếu xuất phát từ những rào cản mang tính khách quan và đặc thù kinh tế.
Xét theo vùng kinh tế thì đồng bằng sông Hồng tiếp tục giữ vai trò là vùng động lực tăng trưởng quan trọng của cả nước. Tốc độ tăng GRDP ước đạt 9,74% cao hơn mức tăng trưởng chung, đóng góp tới 36,41% vào tăng trưởng chung của cả nước, cao nhất trong các vùng.
Kết quả này cho thấy vai trò nổi bật của các trung tâm kinh tế lớn, công nghiệp chế biến, chế tạo và dịch vụ hiện đại, cùng với hiệu quả lan tỏa từ các địa phương đầu tàu như Hà Nội, Hải Phòng, Bắc Ninh, Quảng Ninh.
Vùng trung du và miền núi phía Bắc tăng trưởng GRDP ước đạt 8,53%, đóng góp 7,77% vào tăng trưởng chung của cả nước. Vùng Bắc Trung Bộ ghi nhận mức tăng GRDP ước đạt 8,37%, đóng góp 6,47%. Vùng Nam Trung Bộ và Tây Nguyên ước tăng trưởng đạt 7,74%, đóng góp 9,56%.
Vùng Đông Nam Bộ tiếp tục là vùng kinh tế có quy mô lớn nhất cả nước, tốc độ tăng GRDP ước đạt 7,98% và đóng góp 31,4% vào tăng trưởng chung. Đây là vùng tập trung nhiều trung tâm công nghiệp, dịch vụ, logistics vàtài chínhlớn.
Vùng đồng bằng sông Cửu Long tăng trưởng GRDP ước đạt 7,24%, đóng góp 8,39% vào tăng trưởng chung. Mặc dù tốc độ tăng thấp hơn một số vùng khác nhưng vẫn khá ổn định, ít đột phá do phần lớn hoạt động kinh tế cơ bản gắn với phát triển nông nghiệp hàng hóa, công nghiệp chế biến nông sản và dịch vụ logistics nội vùng."
https://dantri.com.vn/kinh-doanh/ceo-tpbank-chi-phi-cho-mot-giao-dich-truyen-thong-dat-gap-300-lan-kenh-so-20251223200433457.htm,CEO TPBank: Chi phí cho một giao dịch truyền thống đắt gấp 300 lần kênh số,"(Dân trí) - Theo ông Nguyễn Hưng, CEO TPBank, việc duy trì một phần hoạt động truyền thống vẫn cần thiết, song hiệu quả kênh số nhìn rõ khi chi phí rẻ hơn 300 lần so với chi phí của kênh giao dịch truyền thống.","TPBankđẩy mạnh chuyển đổi số để tối ưu quản trị và thực thi ESG
Tại Diễn đànESGViệt Nam 2025 do báoDân trítổ chức chiều ngày 22/12/2025, ông Nguyễn Hưng, Tổng giám đốc Ngân hàng TMCP Tiên Phong (TPBank), chia sẻ về việc ứng dụng khoa học công nghệ trong chuyển đổi số, tối ưu hóa quản trị và hoạt động của ngân hàng cũng như hiệu quả đạt được và định hướng tiếp tục vận dụng công nghệ trong thực thi ESG thời gian tới.
Ông Hưng nêu, đặc thù ngân hàng là ngành nắm giữ rất nhiều tiền của trong xã hội, đòi hỏi con số phải rất chính xác, đi kèm rất nhiều loại giấy tờ, hồ sơ, bằng chứng để đối chiếu, khớp đúng về tài chính, về dòng tiền giữa ngân hàng với nhau và giữa ngân hàng với khách hàng.
“Mục tiêu cuối cùng là làm sao khách hàng có thể tin tưởng gửi tiền vào ngân hàng, vay vốn ở ngân hàng và không bao giờ phải lo rằng đồng tiền đó một ngày nào đó bị sai số hay thất thoát”, ông nói.
Ông Nguyễn Hưng, Tổng giám đốc Ngân hàng TMCP Tiên Phong (Ảnh: Mạnh Quân).
Ngân hàng có đặc thù là ngànhkinh doanhrủi ro. Do đó, ông Hưng cho biết ngân hàng phải xây dựng rất nhiều chốt kiểm soát để phòng ngừa rủi ro, song đi cùng với đó là thời gian kéo dài, quy trình phức tạp, giấy tờ nhiều và tiêu tốn rất nhiều nguồn lực.
Trước đây, chỉ riêng việc đi lại giữa các chi nhánh, điểm giao dịch cũng tốn kém rất nhiều thời gian và chi phí. Khi có ESG, ngân hàng ứng dụng công nghệ mạnh hơn, các quy trình được số hóa, theo dõi tiến độ rõ ràng hơn, thời gian xử lý nhanh lên, giảm đáng kể những phần việc thủ công.
Nếu làm theo cách truyền thống, quy mô giao dịch của TPbank chỉ ở mức vài trăm nghìn đến 1 triệu giao dịch một tháng. Nhưng sau khi ứng dụng công nghệ, đến nay một tháng ngân hàng xử lý khoảng 200 triệu giao dịch, trong đó hơn 98% lượng giao dịch trên kênh số.
“Chúng tôi tính toán rằng chi phí cho một giao dịch trên kênh truyền thống, tính cả con người và vận hành, đắt gấp 300 lần so với giao dịch trên kênh số. Tất nhiên,doanh nghiệpvẫn phải duy trì một phần hoạt động truyền thống, vì vẫn có những khách hàng chưa thể tiếp cận chuyển đổi số đầy đủ và cũng do các yêu cầu thủ tục hiện hành”, ông nói.
Song về lâu dài, mục tiêu của TPBank là giảm giấy tờ, tiến tới các quy trình số hóa nhiều hơn, có thể sử dụng xác thực điện tử, chữ ký điện tử, để quy trình nhanh hơn, quản trị rủi ro thuận lợi hơn, minh bạch hơn.
Khi giảm giấy tờ, ngân hàng tiết kiệm được thời gian, điện năng tiêu thụ và nhiều nguồn lực khác, từ đó giảm chi phí dịch vụ, đồng thời hỗ trợ việc thực thi các mục tiêu phát triển bền vững tốt hơn ngay trong ngân hàng.
Đo lường phát thải, tối ưu vận hành để thực thi ESG
Tổng giám đốc TPBank cũng nhấn mạnh tính đo lường trong thực thi ESG.
Để đo lường yếu tố trên, ví dụ khí nhà kính, TPBank ước lượng được cường độ phát thải khí nhà kính trên mỗi đồng doanh thu. Chỉ số này được họ lần đầu công bố trong báo cáo phát triển bền vững năm nay, ở mức 0,87 tấn CO2e (đơn vị chuẩn hóa để đo lường tác động lên sự nóng lên toàn cầu của các khí nhà kính khác nhau) mỗi 1 tỷ đồng doanh thu, giảm mạnh so với mức 1,16 tấn năm ngoái.
Ông Nguyễn Hưng chia sẻ chiều ngày 22/12 (Ảnh: Mạnh Quân).
Lãnh đạo ngân hàng này cho biết đã bước đầu đo lường và công bố chỉ số cường độ phát thải khí nhà kính trên mỗi đồng doanh thu trong Báo cáo phát triển bền vững năm nay. Theo đó, cường độ phát thải đạt 0,87 tấn CO2e trên mỗi tỷ đồng doanh thu, giảm đáng kể so với mức 1,16 tấn của năm trước.
Kết quả đó đến từ việc cải thiện hiệu quả hoạt động nội bộ, trong đó có việc tối ưu các chuyến công tác bằng đường hàng không và sử dụng nguồn lực hiệu quả hơn. Cụ thể, hiệu suất tiêu thụ năng lượng, nhiên liệu và giấy tính trên lợi nhuận đều giảm mạnh. Năm 2024, ngân hàng tiêu thụ khoảng 2.700kW điện và 365 lít xăng trên mỗi tỷ đồng lợi nhuận, thấp hơn nhiều so với mức 3.200kW và 485 lít năm trước.
Bên cạnh đó, nhằm hạn chế phát thải từ hoạt động di chuyển, ngân hàng khuyến khích cán bộ nhân viên chủ động xây dựng lộ trình công tác hợp lý, ưu tiên phương tiện tiết kiệm nhiên liệu và tăng cường hình thức họp trực tuyến.
""Chúng tôi tính toán một quy trình cần bao nhiêu người đọc, bao nhiêu ""cú click"" để đánh giá khả năng tiết kiệm và tối ưu"", ông Hưng nói. Nếu máy chỉ mất một phút trong khi con người cần 10 phút, ngân hàng sẽ tìm cách tự động hóa.
""Bên cạnh đó, mỗi nhân viên cần hiểu rằng hành vi hàng ngày của họ đang phản ánh mức độ thực thi ESG của tổ chức"", CEO TPBank nhấn mạnh."
https://dantri.com.vn/kinh-doanh/xep-hang-10-tinh-thanh-co-toc-do-tang-truong-kinh-te-manh-nhat-viet-nam-20260106140956497.htm,Xếp hạng 10 tỉnh thành có tốc độ tăng trưởng kinh tế mạnh nhất Việt Nam,"(Dân trí) - Danh sách 10 tỉnh thành có tốc độ tăng trưởng kinh tế mạnh nhất Việt Nam năm 2025 không có Hà Nội, TPHCM. Bắc Ninh, Quảng Ngãi, Hà Tĩnh gây bất ngờ lớn.","Cục Thống kê (Bộ Tài chính) mới đây công bố kết quả tăng trưởng tổng sản phẩm trên địa bàn (GRDP) của 34 tỉnh, thành phố. 2025 là năm đầu tiên ghi nhận bức tranh tăng trưởng của các địa phương sau sáp nhập.
Theo đại diện Cục Thống kê, trong bối cảnh GDP cả nước năm 2025 tăng trưởng khá, đạt 8,02%, tăng trưởng GRDP của các địa phương nhìn chung vận động theo xu hướng chung của nền kinh tế, tiếp tục phục hồi và mở rộng.
Đáng chú ý, 6/34 địa phương ghi nhận tăng trưởng GRDP năm 2025 trên 10%, bao gồm Quảng Ninh, Hải Phòng, Ninh Bình, Phú Thọ, Bắc Ninh và Quảng Ngãi. Mức tăng trưởng kinh tế của các tỉnh thành này dao động từ 10,02% đến 11,89%, cao hơn đáng kể so với bình quân chung.
Trong đó, dẫn đầu là Quảng Ninh và Hải Phòng, với mức tăng GRDP lần lượt là 11,89% và 11,81%, phản ánh khả năng tận dụng hiệu quả các dòng vốn đầu tư, đặc biệt là vốn FDI và sự bứt phá mạnh mẽ của các ngành công nghiệp và dịch vụ.
(Nguồn: Cục Thống kê).
Xếp các vị trí tiếp theo lần lượt là Ninh Bình (tăng 10,65%), Phú Thọ (tăng 10,52%), Bắc Ninh (tăng 10,27%), Quảng Ngãi (tăng 10,02%). Trong khi Ninh Bình và Phú Thọ tăng trưởng tốt nhờ tối ưu hóa các cụm công nghiệp và đẩy mạnh cải cách môi trường đầu tư, Bắc Ninh bứt phá sau khi hợp nhất không gian phát triển với Bắc Giang, trở thành một trung tâm công nghiệp chế biến, chế tạo lớn của cả nước.
Trong khi đó, Quảng Ngãi có quy mô kinh tế nhỏ nhưng đã tận dụng tốt lợi thế về hạ tầng giao thông kết nối và đầu tư công để vươn lên thuộc nhóm có tốc độ tăng trưởng hai con số.
4 vị trí còn lại trong top 10 thuộc về các tỉnh Đồng Nai (tăng 9,63%), Tây Ninh (9,52%), Đà Nẵng (9,18%) và Hà Tĩnh (8,78%).
Kết quả ước tính cho thấy, tốc độ tăng GRDP của các địa phương dao động trong khoảng từ 5,84% đến 11,89%. Phần lớn các địa phương có tốc độ tăng trưởng trên 7% (chỉ có 5 tỉnh có tốc độ tăng trưởng dưới 7%).
Nhóm tỉnh, thành phố có tăng trưởng ổn định từ 7% đến 10% chiếm đa số (với 23/34 tỉnh, thành phố), phản ánh xu thế phục hồi và mở rộng chung của nền kinh tế, cũng như tác động lan tỏa tương đối đồng đều của các chính sách vĩ mô.
Nhóm tăng trưởng thấp dưới 7% (5/34 tỉnh), cho thấy dù còn khó khăn nhưng không có địa phương nào rơi vào tình trạng tăng trưởng trì trệ. Khoảng cách tăng trưởng giữa nhóm dẫn đầu và nhóm cuối đặt ra yêu cầu tăng cường điều tiết và phân bổ nguồn lực hợp lý hơn, nhằm hạn chế nguy cơ các địa phương thuộc ""nhóm biên dưới"" không bị bỏ lại quá xa trong quá trình phát triển kinh tế chung của đất nước.
Theo ông Lê Trung Hiếu, Phó Cục trưởng Cục Thống kê, tốc độ tăng trưởng giữa các địa phương còn chưa đồng đều. Một số có tốc độ tăng trưởng khá và cao, tiếp tục giữ vai trò động lực, đóng góp lớn vào tăng trưởng chung của cả nước; trong khi một số địa phương tăng trưởng chậm hơn do chịu tác động của điều kiện thị trường, cơ cấu kinh tế, thiên tai và các yếu tố đặc thù.
Tuy nhiên, xu hướng tăng trưởng năm 2025 cho thấy kinh tế địa phương đang từng bước thích ứng với bối cảnh mới của đất nước, tạo nền tảng tăng trưởng cho giai đoạn phát triển tiếp theo.
Bên cạnh các cực tăng trưởng truyền thống, nhiều địa phương có quy mô kinh tế nhỏ đã tận dụng tốt lợi thế về hạ tầng giao thông kết nối và đầu tư công để vươn lên thuộc nhóm có tốc độ tăng trưởng khá, tiêu biểu như Quảng Ngãi, Lào Cai, Hà Tĩnh, Huế, Lạng Sơn."
https://dantri.com.vn/kinh-doanh/chung-khoan-shs-co-ceo-moi-la-nguoi-cu-tai-ssi-vpbanks-20260110142902048.htm,"Chứng khoán SHS có CEO mới, là ""người cũ"" tại SSI, VPBankS","(Dân trí) - Ông Nguyễn Duy Linh, tân Tổng giám đốc Chứng khoán SHS, sinh năm 1982, từng đảm nhiệm nhiều vị trí tại các công ty chứng khoán như SSI, VPBankS...","Công ty cổ phầnChứng khoánSài Gòn - Hà Nội (SHS, mã chứng khoán: SHS) vừa công bố nghị quyết của Hội đồng quản trị (HĐQT) về việc bổ nhiệm ông Nguyễn Duy Linh giữ vị trí Tổng giám đốc.
Ông Nguyễn Duy Linh sinh năm 1982, được giới thiệu là thạc sĩ quản trị kinh doanh, tốt nghiệp Solvay Brussels School. SHS nêu ông Linh có gần 20 năm kinh nghiệm trong lĩnh vực chứng khoán, từng đảm nhiệm các vị trí lãnh đạo cao cấp tại Chứng khoán SSI, Chứng khoánVPBank(VPBankS), Chứng khoán Mirae Asset Việt Nam.
Ông Nguyễn Duy Linh, tân Tổng giám đốc Chứng khoán Sài Gòn - Hà Nội (Ảnh: SHS).
SHS nêu quyết định bổ nhiệm nằm trong lộ trình kiện toàn bộ máy điều hành, tăng cường năng lực quản trị và chuẩn bị nguồn lực lãnh đạo cho giai đoạn phát triển tiếp theo của công ty trong bối cảnhthị trường chứng khoánViệt Nam đang bước vào chu kỳ cạnh tranh ngày càng gay gắt. Việc này đòi hỏi các công ty chứng khoán phải tái định vị mô hình hoạt động, nâng cao tiêu chuẩn quản trị và chất lượng dịch vụ.
Năm 2025, công ty dự kiến đạt 1.648 tỷ lợi nhuận trước thuế, vượt 20% kế hoạch năm.
Chứng khoán SHS làdoanh nghiệptrong hệ sinh thái các doanh nghiệp của doanh nhân Đỗ Quang Hiển. Chủ tịch HĐQT Chứng khoán SHS là ông Đỗ Quang Vinh - con trai ông Đỗ Quang Hiển - Chủ tịch HĐQT SHB. Ông Vinh hiện là Phó chủ tịch HĐQT Ngân hàng TMCP Sài Gòn - Hà Nội (SHB)."
https://dantri.com.vn/kinh-doanh/kinh-te-my-2025-viec-lam-giam-sau-duoi-bong-ma-hieu-qua-va-ai-20260110135858055.htm,"Kinh tế Mỹ 2025: Việc làm giảm sâu dưới bóng ma ""hiệu quả"" và AI","(Dân trí) - Không chỉ là chu kỳ kinh tế, thị trường việc làm Mỹ đang bị tái cấu trúc bởi ""cuộc đại san phẳng"" của các tài phiệt công nghệ. Khi AI làm thay việc văn phòng, tấm bằng đại học dần mất đi giá trị.","Dữ liệu mới nhất từ Cục Thống kê Lao động Mỹ (BLS) cho thấy một sự sụt giảm chóng mặt về nhu cầu nhân sự. Tổng cộng cả năm 2025, nước Mỹ chỉ có thêm 584.000 việc làm mới. Con số này thấp hơn rất nhiều so với mức hơn 2 triệu việc làm mỗi năm trong 2 năm trước đó.
Tính bình quân, thị trường chỉ tạo ra khoảng 48.000 việc làm mỗi tháng sau khi điều chỉnh. Đáng chú ý, các số liệu của tháng 10 và 11 cũng bị điều chỉnh giảm mạnh so với báo cáo ban đầu. Cụ thể, tháng 10 từ mức mất 105.000 việc làm bị điều chỉnh thành mất tới 173.000, tháng 11 từ tăng 64.000 xuống chỉ còn 56.000.
Ông Eric Merlis, đồng trưởng bộ phận thị trường toàn cầu tại Citizens nhận định: ""Đây không phải là một báo cáo đáng nhớ. Tỷ lệ thất nghiệp và các chỉ số lực lượng lao động hầu như không biến động, cho thấy thị trường vẫn ổn định nhưng đà tăng trưởng đã chững lại rõ rệt"".
Mặc dù tỷ lệ thất nghiệp giảm xuống 4,4% trong tháng 12, giới phân tích cho rằng mức giảm này phần lớn đến từ các điều chỉnh kỹ thuật của BLS hơn là sức khỏe thực sự của nền kinh tế.
Các lãnh đạo công nghệ như Sundar Pichai, Mark Zuckerberg và Elon Musk đã dẫn dắt “cuộc thập tự chinh vì hiệu quả” trong lực lượng lao động suốt năm 2025 (Ảnh: Getty).
""Hiệu quả"" - Tôn giáo mới của giới chủ
Nguyên nhân sâu xa của sự sụt giảm này không chỉ đến từ chu kỳ kinh tế, mà còn xuất phát từ một sự thay đổi tư duy quản trị cốt lõi. Theo Business Insider, ""hiệu quả"" đã chuyển từ một giá trịdoanh nghiệpđơn thuần thành một ""tôn giáo"" tại thung lũng Silicon và lan rộng ra toàn bộ khu vực tư nhân trong năm 2025.
Các lãnh đạo công nghệ hàng đầu như Mark Zuckerberg (Meta), Sundar Pichai (Google) và Elon Musk đang dẫn đầu cái gọi là ""cuộc đại san phẳng"". Xu hướng này tập trung vào việc loại bỏ các tầng nấc quản lý trung gian và đơn giản hóa sơ đồ tổ chức. Đây là một canh bạc lớn khi giới chủ tin rằng sự kết hợp giữa trí tuệ nhân tạo (AI) và bộ máy tinh gọn sẽ chuyển hóa thành lợi nhuận cao hơn cho cổ đông.
Hệ quả là hàng loạt vị trí quản lý cấp trung và nhân viên văn phòng bị cắt giảm. Tại các tập đoàn lớn như Dell, AT&T hay Verizon, làn sóng sa thải diễn ra âm thầm nhưng quyết liệt nhằm cân đối ngân sách trong bối cảnh lãi suất cao và lạm phát dai dẳng.
Không chỉ khu vực tư nhân, khu vực công cũng chịu tác động mạnh mẽ. Ban Hiệu suất Chính phủ (DOGE) do tỷ phú Elon Musk đứng đầu đã trở thành biểu tượng cho chiến dịch này.
Theo NBC News, việc làm trong khu vực chính phủ giảm mạnh, đặc biệt là vào tháng 10, khi hàng chục nghìn nhân viên liên bang phải rời đi. Tổng cộng trong năm, khoảng 265.000 nhân viên chính phủ đã mất việc. Elon Musk từng gửi email yêu cầu nhân viên liệt kê nhiệm vụ để đánh giá năng suất, với cảnh báo lạnh lùng: ""Không phản hồi đồng nghĩa với tự nguyện từ chức"".
Nỗi bi quan của người lao động trí thức
Sự lên ngôi của ""hiệu quả"" và AI đang tạo ra nghịch lý trên thị trường: Doanh nghiệp vẫn hoạt động, nhưng cánh cửa cho người tìm việc ngày càng hẹp.
Business Insider dẫn chứng câu chuyện của Jaqueline Kline, một sinh viên mới tốt nghiệp. Sau khi nộp hồ sơ vào hàng trăm vị trí mà không có kết quả, cô chia sẻ trong tuyệt vọng: ""Tấm bằng đại học từng là một đặc quyền, nhưng giờ nó chẳng còn ý nghĩa gì. Điểm GPA của tôi không quan trọng. Không có gì quan trọng nếu tôi không có việc làm"".
Các Chatbot và AI tạo sinh ngày càng thành thạo trong việc viết mã, soạn thảo văn bản và xử lý hành chính. Điều này dẫn đến tình trạng đóng băng tuyển dụng trên diện rộng đối với lao động văn phòng có trình độ. Charley Kim, một nhân sự trẻ trong ngành công nghệ mô tả thực tế tàn khốc: ""Được gọi đi phỏng vấn bây giờ còn khó hơn cả việc vượt qua buổi phỏng vấn đó"".
Số liệu thống kê cũng củng cố bức tranh ảm đạm này: Tỷ lệ thất nghiệp dài hạn tăng, trong khi tỷ lệ tự nguyện nghỉ việc giảm. Người lao động đang bám trụ lấy chiếc ghế của mình vì sợ không thể tìm được bến đỗ mới.
Dù phần lớn doanh nghiệp, ngoại trừ một số trường hợp đáng chú ý, cố gắng tránh các đợt sa thải quy mô lớn, nhưng người tìm việc hiện sẽ khó tìm được công việc hơn so với một năm trước (Ảnh: Final Round AI).
Những điểm sáng le lói và rủi ro lạm phát
Dù bức tranh chung nhuốm màu xám, thị trường vẫn ghi nhận sự tăng trưởng ở một số khu vực đặc thù. Theo Bộ Lao động Mỹ, việc làm trong tháng 12 chủ yếu tăng ở lĩnh vực dịch vụ ăn uống, y tế và hỗ trợ xã hội. Ngược lại, bán lẻ và sản xuất tiếp tục là những gánh nặng kéo lùi chỉ số chung.
Một điểm đáng lưu ý là thu nhập bình quân theo giờ vẫn tăng 3,8% so với cùng kỳ năm trước, đạt 37,02 USD. Đây là con số được Cục Dự trữ Liên bang Mỹ (Fed) theo dõi sát sao, bởi mức tăng lương này có thể là tín hiệu cho thấy áp lực lạm phát vẫn còn âm ỉ, làm phức tạp thêm bài toán lãi suất trong thời gian tới.
Mặc dù các doanh nghiệp đang đặt cược lớn vào AI và sự tinh gọn, hiệu quả thực sự vẫn là dấu hỏi. Một báo cáo của McKinsey hồi tháng 6 cho thấy gần 80% doanh nghiệp đã sử dụng AI tạo sinh, nhưng đa số chưa thấy tác động đáng kể đến lợi nhuận. Ngay cả Elon Musk cũng thừa nhận dự án DOGE chỉ ""thành công một chút"".
Tuy nhiên, với người lao động, sự chờ đợi kết quả của canh bạc này là một sự xa xỉ. Abbey Owens, một người tìm việc chia sẻ sự thay đổi trong tâm thế: ""Ban đầu tôi tìm kiếm một công việc cụ thể, nhưng rồi tiêu chuẩn dần hạ xuống mức: Tôi chấp nhận gần như bất cứ điều gì"".
Năm 2026 mở ra với nhiều bất định, khi bóng ma ""hiệu quả"" vẫn tiếp tục ám ảnh các quyết định nhân sự, từ Washington D.C. đến thung lũng Silicon."
https://dantri.com.vn/kinh-doanh/do-hop-ha-long-lam-an-ra-sao-duoi-thoi-tong-giam-doc-vua-bi-bat-20260111012525288.htm,Đồ hộp Hạ Long làm ăn ra sao dưới thời Tổng giám đốc vừa bị bắt?,"(Dân trí) - Nhậm chức từ năm 2021, ông Trương Sỹ Toàn đã dẫn dắt Halong Canfoco trải qua giai đoạn kinh doanh trồi sụt với lợi nhuận chạm đáy vào năm 2024, trước khi vướng vòng lao lý vào đầu năm 2026.","NhưDân tríđã đưa tin, chiều 10/1, VKSND TP Hải Phòng đã phê chuẩn lệnh bắt người trong trường hợp khẩn cấp đối với ông Trương Sỹ Toàn, Tổng giám đốc Công ty cổ phần Đồ hộp Hạ Long (Halong Canfoco, mã chứng khoán: CAN).
Cùng ngày, Cơ quan Cảnh sát điều tra Công an TP Hải Phòng đã thi hành lệnh bắt khẩn cấp ông Toàn do liên quan trực tiếp đến công tác quản lý, điều hành trong vụ thu gom, bảo quản số lượng lớn thịt lợn nhiễm bệnh tại các kho lạnh.
Theo thông tin từ báo cáo thường niên năm 2024 của doanh nghiệp, ông Trương Sỹ Toàn gia nhập Đồ hộp Hạ Long ngày 16/10/2012. Ông Toàn đã đảm nhiệm nhiều vị trí khác nhau trong công ty như trưởng phòng Tổ chức hành chính; trưởng phòng Market và bán hàng; phụ trách nhà máy; Giám đốc Công ty TNHH MTV Đồ hộp Hạ Long - Đà Nẵng... Đến tháng 10/2019, ông được bổ nhiệm làm Phó Tổng giám đốc.
Tháng 6/2021, ông Trương Sỹ Toàn tiếp tục được bổ nhiệm chức vụ Tổng Giám đốc Halong Canfoco, thay thế cho ông Kek Chin Ann (người Malaysia). Đúng 1 năm sau đó, ông Toàn được tái bổ nhiệm vị trí Tổng Giám đốc công ty, thời hạn bổ nhiệm là 4 năm.
Thông tin về ông Trương Sỹ Toàn (Nguồn: Báo cáo quản trị bán niên 2025).
Đáng chú ý, dưới thời ông Trương Sỹ Toàn dẫn dắt, kết quảkinh doanhcủa công ty ghi nhận nhiều biến động.
Cụ thể, theo báo cáo tài chính hợp nhất của Halong Canfoco, năm 2021doanh nghiệpđạt doanh thu thuần kỷ lục lên đến hơn 864 tỷ đồng, lợi nhuận sau thuế 29 tỷ đồng.
Tuy nhiên, các năm sau đó, kết quả kinh doanh của công ty bắt đầu đi xuống. Năm 2022, doanh thu giảm mạnh còn khoảng 606 tỷ đồng, lợi nhuận sau thuế chỉ còn hơn 16 tỷ đồng. Sang năm 2023, đà suy giảm tiếp diễn khi doanh thu đạt 742 tỷ đồng và lợi nhuận sau thuế giảm xuống 12 tỷ đồng.
Bước sang năm 2024, doanh nghiệp này ghi nhận doanh thu giảm gần 60 tỷ đồng so với năm trước xuống còn 682 tỷ đồng, lợi nhuận sau thuế cũng chỉ còn hơn 2 tỷ đồng.
Trong 9 tháng đầu năm 2025, doanh thu của công ty đạt 486,9 tỉ đồng, giảm gần 10% so với cùng kỳ. Ngược lại, lợi nhuận sau thuế đạt 11,5 tỉ đồng, tăng mạnh so với kết quả thực hiện của cả năm 2024.
Còn tính trong 9 tháng 2025, doanh thu thuần của công ty đạt 470 tỷ đồng, giảm 10% so với cùng kỳ năm trước. Lợi nhuận sau thuế 9 tháng đạt 11,4 tỷ đồng, trong khi cùng kỳ năm 2024 công ty lỗ hơn 5,8 tỷ đồng.
Trước đó, ngày 8/9/2025, Phòng Cảnh sát kinh tế Công an TP Hải Phòng phát hiện haiô tôvận chuyển hơn 1.274kg thịt lợn đã giết mổ, có mùi ôi thiu, không rõ nguồn gốc, dương tính với virus dịch tả lợn châu Phi. Số thịt được vận chuyển từ vùng có dịch đến các cơ sở chế biến thực phẩm trên địa bàn để tiêu thụ.
Kết quả xét nghiệm xác định các mẫu thịt trên xe và mẫu thịt lưu trữ trong kho lạnh của Công ty cổ phần Đồ hộp Hạ Long đều dương tính với virus dịch tả lợn châu Phi.
Khám xét khẩn cấp trụ sở và các kho hàng của công ty, Công an TP Hải Phòng đã niêm phong 4 kho lạnh, chứa khoảng 130 tấn thịt lợn đông lạnh. Toàn bộ số thịt nhiễm bệnh sau đó bị tiêu hủy theo quy định.
Ngày 12/9/2025, Cơ quan Cảnh sát điều tra Công an TP Hải Phòng khởi tố vụ án Vi phạm quy định về an toàn thực phẩm. Đến ngày 24/12/2025, 9 bị can liên quan đã bị khởi tố.
Cơ quan chức năng đang tiếp tục điều tra, xử lý vụ việc."
https://dantri.com.vn/kinh-doanh/dung-26-tai-khoan-thao-tung-co-phieu-sjs-2-nguoi-bi-phat-3-ty-dong-20260110090029954.htm,"Dùng 26 tài khoản thao túng cổ phiếu SJS, 2 người bị phạt 3 tỷ đồng","(Dân trí) - Trong khoảng thời gian 2 cá nhân này dùng 26 tài khoản thao túng, giá cổ phiếu SJC tăng 60%. Tuy nhiên, theo kết quả kiểm tra, tính toán cho thấy không có khoản thu trái pháp luật.","Ngày 8/1, Ủy banChứng khoánNhà nước (UBCKNN) xử phạt vi phạm hành chính đối với ông Nguyễn Ngọc Chiến (Hưng Yên) và ông Trần Quang Cành (Hà Nội) mỗi người 1,5 tỷ đồng.
Lý do là từ ngày 10/4/2023 đến ngày 10/1/2024, ông Nguyễn Ngọc Chiến và ông Trần Quang Cành đã dùng 26 tài khoản chứng khoán để liên tục thực hiện việc mua, bán cổ phiếu SJS của Công ty cổ phần Đầu tư Phát triển Đô thị và Khu công nghiệp Sông Đà (nay là SJ Group) nhằm tạo ra cung, cầu giả tạo, thao túngthị trường chứng khoánđối với cổ phiếu SJS. Hành vi trên vi phạm quy định tại Khoản 3 Điều 12 Luật Chứng khoán.
Ghi nhận cho thấy, trong khoảng thời gian này, cổ phiếu SJS tăng hơn 60% thị giá. Tuy nhiên, theo kết quả kiểm tra, tính toán cho thấy không có khoản thu trái pháp luật có được do thực hiện hành vi vi phạm của ông Nguyễn Ngọc Chiến và ông Trần Quang Cành.
Tòa nhà Sudico (Ảnh: SJ Group).
2 cá nhân trên bị cấm giao dịch chứng khoán trong 2 năm, kể từ ngày 10/1. Cả 2 cũng bị cấm đảm nhiệm chức vụ tại công ty chứng khoán, công ty quản lý quỹ đầu tư chứng khoán, chi nhánh công ty chứng khoán và công ty quản lý quỹ nước ngoài tại Việt Nam, công ty đầu tư chứng khoán có thời hạn 2 năm, kể từ ngày 10/1.
Đối với hành vi cho người khác mượn tài khoản để giao dịch chứng khoán dẫn đến hành vi thao túng thị trường chứng khoán, ngày 8/1, UBCKNN cũng xử phạt 5 cá nhân. Những cá nhân này bao gồm các ông Vũ Anh Tuấn, Nguyễn Anh Tuấn, Nguyễn Việt Bắc, Nguyễn Huy Hoàng và Nguyễn Đức Đông. Biện pháp áp dụng là đình chỉ hoạt động giao dịch chứng khoán có thời hạn 9 tháng.
Kết quả kiểm tra chưa có cơ sở để xác định 5 cá nhân có số lợi bất hợp pháp có được do thực hiện hành vi vi phạm. Cả 5 người bị cấm giao dịch chứng khoán có thời hạn 2 năm, từ ngày 10/1. Những người này cũng bị cấm đảm nhiệm chức vụ tại cácdoanh nghiệpchứng khoán, quản lý quỹ... trong 2 năm, từ ngày 10/1."
https://dantri.com.vn/kinh-doanh/co-phieu-vua-phan-hoa-sau-vcb-den-luot-bid-tang-tran-20260109154859549.htm,"Cổ phiếu vua phân hóa, sau VCB đến lượt BID tăng trần","(Dân trí) - Thị trường chứng khoán chứng kiến nhóm cổ phiếu ngân hàng phân hóa, một số mã ""ngủ đông"" đã thức giấc. Nếu như hôm qua, VCB tăng trần thì nay đến lượt BID.","Phiên giao dịchchứng khoánngày 9/1, thị trường rơi vào cảnh ""xanh vỏ đỏ lòng"" khi chỉ số chung tăng mạnh nhưng các cổ phiếu giảm điểm lại chiếm đa số. VN-Index tăng hơn 12 điểm, đưa chỉ số lên mức cao 1.867,9 điểm.
Tuy nhiên, sàn HoSE có tới 219 mã giảm giá, áp đảo so với con số 107cổ phiếutăng giá. Tình hình diễn ra tương tự trên sàn HNX.
Nhóm cổ phiếu ảnh hưởng mạnh tới chỉ số (Ảnh chụp màn hình).
Trong những ngày thị trường liên tục gia tăng về mặt điểm số, thanh khoản cũng có nhiều cải thiện. Giá trị giao dịch trên HoSE ghi nhận hơn 39.200 tỷ đồng, giảm nhẹ so với hôm qua nhưng vẫn cao hơn nhiều so với trung bình phiên của tháng 12.
Nếu như hôm qua, cổ phiếu VCB (Vietcombank) tăng trần thì nay, điểm sáng lại chuyển sang BID (BIDV) và dư mua giá trần hơn 2,8 triệu đơn vị. Cùng với đó, cả VCB và CTG (VietinBank) cũng đều có mức tăng cao chạm trần, lần lượt ở vùng 68.000 đồng/đơn vị và 40.750 đồng/đơn vị.
Bộ đôi VCB và CTG cùng với MBB, TCB dẫn đầu nhóm ảnh hưởng mạnh tới chỉ số hôm nay. Tuy vậy, cổ phiếu ngành ngân hàng vẫn có sự phân hóa đáng kể. Bên cạnh nhiều cổ phiếu diễn biến tích cực thì một nhóm khác lại giảm điểm, kéo lùi đà tăng của chỉ số như VPB, HBD, STB, LPB...
Nhóm cổ phiếu ngành bất động sản dường như phản ứng khá tiêu cực với diễn biến thị trường. Nhiều mã đầu ngành giảm giá sâu như NVL giảm 5,6%, DXG giảm 6,06%, QCG giảm 6,53%. Đặc biệt một số cổ phiếu giảm sàn như TCH, PDR, SGR, DXS, BII.
Nhà đầu tư nước ngoài hôm nay khá ưa thích việc mua ròng các cổ phiếu ngân hàng tăng tốt như VCB, MBB, BID, CTG, TCB. Ngược lại, họ bán ròng VIX, GMD, GEX, KDH, VJC, HDB..."
https://dantri.com.vn/kinh-doanh/mua-la-chuoi-khong-hoa-don-ho-kinh-doanh-can-lam-gi-khi-ke-khai-thue-20260106133353050.htm,"Mua lá chuối không hóa đơn, hộ kinh doanh cần làm gì khi kê khai thuế?","(Dân trí) - Chuyển sang kê khai, nộp thuế điện tử là yêu cầu bắt buộc khi xóa bỏ thuế khoán, song nhiều hộ kinh doanh nhỏ ở Đà Nẵng vẫn lúng túng với hóa đơn đầu vào.","Cổng Thông tin điện tử thành phố Đà Nẵng đã tổ chức tọa đàm trực tuyến với chủ đề “Xóa bỏ thuế khoán - Hộkinh doanhsẵn sàng thực hiện kê khai, nộp thuế điện tử từ 1/1”, nhằm giải đáp vướng mắc cho cá nhân, hộ kinh doanh khi chuyển sang hình thức kê khai thuế, nhất là các hộ nhỏ và siêu nhỏ.
Tại tọa đàm, một hộ kinh doanh đặc sản nem nêu khó khăn khi mua nguyên liệu đầu vào như lá chuối, các loại lá từ nông dân, những trường hợp không có hóa đơn. Hộ này đặt câu hỏi làm thế nào để hạch toán chi phí và tuân thủ quy định về thuế khi thực hiện kê khai điện tử.
Người dân dùng lá chuối để gói bánh tại Đà Nẵng (Ảnh: Hoài Sơn).
Giải đáp vấn đề trên, bà Nguyễn Thị Thu Lương, Phó Trưởng Thuế cơ sở 3, cho biết hóa đơn đầu vào là khó khăn chung của nhiều hộ kinh doanh nhỏ lẻ, đặc biệt khi mua hàng từ người trực tiếp sản xuất, trồng trọt, không hoạt động kinh doanh thương mại.
Theo quy định về Luật Thuế thu nhập doanh nghiệp, nếu doanh nghiệp mua vào hàng hóa của người trực tiếp sản xuất và bán ra có thể lập bảng kê. Với hộ kinh doanh mua lá của những người trực tiếp trồng trọt, không phải người kinh doanh thường xuyên cần lập bảng kê để chứng minh đầu vào.
“Trong quá trình lập bảng kê, nhằm xác định đây là chi phí thực tế để chứng minh hoạt động mua bán hàng hóa có nguồn gốc, chúng ta phải điền tên của người bán và căn cước công dân là một trong những minh chứng để kiểm soát sau này. Hộ kinh doanh cần lưu ý, mua hàng của ai cũng phải có tên, địa chỉ và căn cước công dân đầy đủ”, Phó Trưởng Thuế cơ sở 3 giải thích.
Theo bà Lương, việc lập bảng kê rất quan trọng trong việc xác minh dòng tiền trong hoạt động kinh doanh. Vì vậy, với trường hợp hộ kinh doanh mua hàng từ những người trực tiếp sản xuất hoặc trồng trọt, cần có bảng kê thu mua để lưu vào hồ sơ, nhằm đảm bảo đúng quy định.
Còn ông Ngô Đình Hùng, Phó Trưởng Thuế thành phố Đà Nẵng, cho biết việc chuyển đổi từ thuế khoán sang kê khai được thực hiện theo lộ trình, không phải tất cả hộ kinh doanh đều bắt buộc xuất hóa đơn.
“Những hộ có doanh thu dưới 1 tỷ đồng/năm không phải xuất hóa đơn, do đó việc lập bảng kê trong trường hợp nêu trên là phù hợp quy định”, ông Hùng nhấn mạnh.
Tuy nhiên, ông Hùng lưu ý, đối với hàng hóa, dịch vụ mua vào từ 5 triệu đồng trở lên hộ kinh doanh phải thanh toán qua ngân hàng.
“Như vậy, có quyền mua nhỏ lẻ, không có hóa đơn, dùng bảng kê nhưng phải thanh toán qua ngân hàng để chứng minh chi phí đó đã được thanh toán đúng quy định và được hạch toán vào chi phí”, ông Hùng giải thích."
https://dantri.com.vn/kinh-doanh/lo-bi-ai-cuop-viec-dan-van-phong-trung-quoc-do-xo-hoc-nghe-la-20260103232141984.htm,"Lo bị AI cướp việc, dân văn phòng Trung Quốc đổ xô học nghề lạ","(Dân trí) - Giữa lúc dân văn phòng nơm nớp lo “bay màu” vì AI, thị trường Trung Quốc lại chứng kiến cơn khát nhân lực kỳ lạ ở những ngách mới, nơi lương tăng vọt bất chấp bão sa thải.","Frances Xu, một giám đốc marketing ngoài 30 tuổi tại Hong Kong (Trung Quốc) lẽ ra phải đang bận rộn với các chiến dịch quảng cáo. Nhưng thay vào đó, cô dành thời gian rảnh rỗi để học châm cứu và xoa bóp trị liệu. Không phải vì cô đam mê y học cổ truyền đột xuất, mà bởi một nỗi sợ rất thực tế, đó là AI.
""Tôi không giàu, còn độc thân và phải lo cho bố mẹ. Cảm giác khủng hoảng nghề nghiệp đang hiện hữu rất rõ"", Xu chia sẻ. Cô tin rằng, trong khi AI có thể viết nội dung marketing trong tích tắc, nó vẫn chưa thể thay thế đôi bàn tay con người để cảm nhận từng huyệt đạo hay vấn đề xương khớp của bệnh nhân.
Câu chuyện của Xu là một lát cắt điển hình cho tâm lý chung của thị trường lao động Trung Quốc hiện nay. Giữa một bên là những cơ hội mới đầy hào nhoáng do công nghệ mang lại và một bên là nỗi lo bị đào thải âm thầm, bức tranh việc làm tại nền kinh tế lớn thứ 2 thế giới đang được vẽ lại hoàn toàn.
Trí tuệ nhân tạo sẽ định hình tương lai tạo việc làm tại Trung Quốc, khi nhu cầu đối với quản lý sản phẩm AI tăng vọt 178% và kỹ năng số trở thành điều kiện bắt buộc trong bức tranh việc làm mới (Ảnh: SCMP).
Khi AI biến “lính mới” thành người thắng cuộc
Thị trường lao động công nghệ - vốn là niềm mơ ước của giới trẻ Trung Quốc - đang chứng kiến những thay đổi mang tính cấu trúc và khắc nghiệt.
Tại các ông lớn như Tencent hay Baidu, hơn 50% lượng mã nguồn mới hiện nay được tạo ra bởi AI. Ông Nhậm Chính Phi, người đứng đầu Huawei, nhận định AI có thể giúp kỹ sư giảm 30% khối lượng việc thậm chí lên tới 70% trong tương lai. Điều này dẫn đến một thực tế tàn khốc: Tiêu chuẩn tuyển dụng đang bị đảo lộn.
Trước đây, một vị trí có thể yêu cầu 5 năm kinh nghiệm thì nay cácdoanh nghiệpchỉ cần nhân sự 2-3 năm kinh nghiệm nhưng biết tận dụng AI để đạt hiệu suất tương đương. Hệ quả là nhân sự trẻ, giá rẻ lên ngôi, trong khi lớp nhân sự trung cao niên đối mặt nguy cơ bị thay thế.
Một giám đốc nội dung giấu tên tiết lộ, việc xin thêm định biên nhân sự giờ đây khó như lên trời, trừ khi bà chứng minh được công việc đó AI không thể làm. Thay vì sa thải ồ ạt gây sốc, nhiều công ty chọn cách sa thải im lặng - cắt giảm nhỏ giọt khoảng 5% nhân sự mỗi năm, vừa để tiết giảm chi phí, vừa tránh gây chú ý với cơ quan quản lý.
Dù vậy, AI không hẳn là kẻ hủy diệt hoàn toàn. Số liệu từ Zhaopin cho thấy nhu cầu tuyển dụng quản lý sản phẩm AI đã tăng vọt 178%. Một thế hệ việc làm mới đang hình thành, nơi kỹ năng số trở thành tấm vé thông hành bắt buộc. Từ công nhân nhà máyô tôchuyển từ cầm cờ-lê sang tinh chỉnh hệ thống, cho đến các họa sĩ hoạt hình dùng AI để tạo nội dung, ranh giới giữa người và máy đang được định nghĩa lại theo hướng cộng sinh.
Những ""vùng đất hứa"" mới: Từ phi công drone đến bảo mẫu cao cấp
Trong khi cánh cửa văn phòng truyền thống đang hẹp lại, ""bản thiết kế"" thị trường lao động 5 năm tới của Trung Quốc lại mở ra những cánh cửa khác đầy tiềm năng, tập trung vào những ngách thị trường mà trước đây ít ai ngờ tới.
Đầu tiên là nền kinh tế tầm thấp. Dự kiến nhu cầu đối với phi công điều khiển máy bay không người lái sẽ lên tới 1 triệu người. Kéo theo đó là chuỗi nhân lực toàn diện từ kỹ sư điều khiển bay đến nhà thiết kế thuật toán không lưu.
Tiếp đến là làn sóng ""xuất ngoại"" tại chỗ. Tại trung tâm hàng hóa Nghĩa Ô, các doanh nghiệp đang săn lùng ráo riết nhân sự biết tiếng Tây Ban Nha hay chuyên gia chuỗi cung ứng để phục vụ thương mại điện tử xuyên biên giới. Hiệp hội Kinh tế Lao động Trung Quốc ước tính mảng logistics cho thương mại điện tử quốc tế có thể tạo ra tới 45 triệu việc làm vào năm 2030.
Nhưng đáng chú ý nhất là sự trỗi dậy của ngành dịch vụ chăm sóc. Với 44 triệu người cao tuổi cần hỗ trợ nhưng thị trường lại thiếu hụt tới 5,5 triệu nhân viên, đây đang là mỏ vàng việc làm.
Không còn là công việc lao động phổ thông đơn thuần, ngành này đang được chuyên nghiệp hóa với các yêu cầu về phục hồi chức năng, chăm sóc nhận thức và dịch vụ cuối đời. Hơn 4.000 cơ sở giáo dục đã mở ngành đào tạo liên quan, biến nghề chăm sóc trở thành một nghề có chuyên môn cao và thu nhập ổn định.
Nghịch lý ""nhà máy tối"" và bài toán chi phí
Một điểm thú vị trong bức tranh toàn cảnh là không phải ở đâu AI và tự động hóa cũng thắng thế.
Tại Quảng Đông, ông Lương - một chủ xưởng may đồthể thao- đã đầu tư dây chuyền tự động hóa hoàn toàn từ 2 năm trước. Tuy nhiên, hiện tại, những cỗ máy đắt tiền này đang bị ""đắp chiếu"". Lý do rất thực tế là chi phí vận hành quá cao.
""Hóa ra thuê công nhân lành nghề vẫn rẻ hơn và sản phẩm họ làm ra tốt hơn máy móc"", ông Lương thừa nhận. Câu chuyện này cho thấy, dù xu hướng nhà máy tối (vận hành không cần ánh sáng cho con người) đang lan rộng, nhưng tại các doanh nghiệp nhỏ, bàn tay con người vẫn giữ lợi thế cạnh tranh về chi phí và sự linh hoạt.
Nhà máy tối vận hành 24/7 không cần ánh sáng, nơi robot và AI đang dần thay thế hoàn toàn lao động thủ công ở các khâu lặp lại (Ảnh: WSJ).
Thị trường lao động Trung Quốc đang dịch chuyển khỏi mô hình dòng chảy một chiều về Bắc Kinh, Thượng Hải, Thâm Quyến để tỏa về các cực tăng trưởng mới như Vũ Hán, Thành Đô hay Trùng Khánh.
Giáo sư Lương Chính từ Đại học Thanh Hoa nhận định, khác với Mỹ, AI tại Trung Quốc hiện thiên về tích hợp vào phần cứng và sản xuất hơn là thay thế hoàn toàn dịch vụ. Chính phủ nước này đang nỗ lực kiểm soát để quá trình chuyển đổi diễn ra êm ái, khuyến khích mô hình ""người máy hợp tác"" thay vì loại bỏ con người.
Tuy nhiên, áp lực là có thật. Như nhận xét của một chuyên gia kinh tế từ Stanford, sự suy yếu của thị trường việc làm giống như vụ án trên chuyến tàu tốc hành phương Đông: Có rất nhiều ""thủ phạm"", từ kinh tế chậm lại, chiến tranh thương mại cho đến AI.
Với người lao động, thông điệp lúc này rất rõ ràng: Việc làm không mất đi, nhưng nó sẽ không còn như cũ. Sự ổn định giờ đây không nằm ở bản hợp đồng dài hạn, mà nằm ở khả năng liên tục tái tạo kỹ năng của chính mỗi người, dù là học viết code cho AI hay học cách bắt mạch, châm cứu."
https://dantri.com.vn/kinh-doanh/hang-robot-my-chon-tphcm-lam-dai-ban-doanh-san-xuat-robot-cho-kyro-20260108104931202.htm,"Hãng robot Mỹ chọn TPHCM làm ""đại bản doanh"" sản xuất robot chó Kyro","(Dân trí) - AMC Robotics (niêm yết sàn Nasdaq) vừa thành lập công ty con tại TPHCM để sản xuất robot chó Kyro, biến Việt Nam thành mắt xích chiến lược trong chuỗi cung ứng công nghệ cao toàn cầu.","AMC Robotics, công ty sản xuất các loại robot AI đình đám của Mỹ, đã chọn TPHCM làm đại bản doanh sản xuất dòng robot chó Kyro danh tiếng, biến Việt Nam thành mắt xích chiến lược trong chuỗi cung ứng công nghệ cao toàn cầu.
Được biết, AMC Robotics đang niêm yết trên sàn Nasdaq với mã AMCI. Công ty con tại Việt Nam của hãng có tên là Công ty TNHH AMCV, tên tiếng Anh là AMCV Company Limited.
Theo thông tin từ ngành thuế, AMCV Company Limited có mã số thuế là 0319240140 và được quản lý bởi Thuế TPHCM, địa chỉ tại tầng 2, Số 81, đường Cách Mạng Tháng Tám, phường Bến Thành.
Công ty TNHH AMCV đóng vai trò là hạt nhân điều phối toàn bộ chuỗi cung ứng khu vực, từ việc quản lý nhà cung cấp, lắp ráp linh kiện cơ điện tử cho đến tích hợp hệ thống và kiểm soát chất lượng nghiêm ngặt theo tiêu chuẩn quốc tế.
Robot chó Kyro do AMC Robotics sản xuất. (Ảnh: Website AMC Robotics).
Về quyết định chọn Việt Nam, cụ thể là TPHCM, làm nơi đặt cơ sở sản xuất phần cứng quan trọng, theo công ty không chỉ dựa trên lợi thế về chi phí và tính ổn định của thuế quan; mà còn là sự công nhận đối với hệ sinh thái sản xuất điện tử và linh kiện chính xác đang phát triển vô cùng mạnh mẽ tại đây.
Lãnh đạo AMC Robotics khẳng định việc mở rộng sang Việt Nam là bước đi chiến lược để xây dựng mạng lưới sản xuất phân tán toàn cầu.Doanh nghiệpkỳ vọng việc thiết lập cơ sở sản xuất tại Việt Nam sẽ giúp cải thiện cấu trúc chi phí, rút ngắn thời gian giao hàng và hỗ trợ khả năng mở rộng thương mại cho dòng sản phẩm Kyro trong các ứng dụng công nghiệp, thương mại và khu vực công.
Ngoài ra, AMC Robotics cũng sẽ xem xét khả năng mở rộng hiện diện tại Việt Nam trong tương lai thông qua việc thành lập trung tâm nghiên cứu và phát triển (R&D) để hỗ trợ đổi mới sản phẩm và các sáng kiến robot thế hệ tiếp theo."
https://dantri.com.vn/kinh-doanh/dong-fest-2025-thu-hut-dong-dao-nguoi-tham-du-mo-huong-moi-cho-le-hoi-ha-noi-20251229143721174.htm,"Đông Fest 2025 thu hút đông đảo người tham dự, mở hướng mới cho lễ hội Hà Nội","(Dân trí) - Gần 2 tuần diễn ra, Đông Fest 2025 đã thu hút gần 40.000 lượt người tham dự, trở thành lễ hội mùa đông có một không hai tại Hà Nội.","Không chỉ dừng lại ở một đêm đại nhạc hội, Đông Fest 2025 đã xây dựng mô hình lễ hội trải nghiệm đa chiều, kết hợp âm nhạc, nghệ thuật, công nghệ và hoạt động cộng đồng, mang đến mùa đông ấm áp và kết nối cho người dân thủ đô.
Đông Fest 2025 đã để lại dấu ấn khi trở thành điểm hẹn văn hóa, giải trí, du lịch của giới trẻ và các gia đình Thủ đô trong dịp cuối năm.
Sự kiện mở màn bằng Đại nhạc hội Đông Concert vào tối 24/12 tại Công viên Yên Sở, quy tụ dàn nghệ sĩ hàng đầu làng giải trí Việt, sự kiện thu hút khoảng 13.000 lượt khán giả, vượt cả mong đợi của đơn vị tổ chức.
Giữa không gian lễ hội rực rỡ, sân khấu Đông Concert trở thành tâm điểm khi hình ảnh chú gấu bắc cực trắng khổng lồ xuất hiện ở vị trí trung tâm. Thiết kế sân khấu mở, kết hợp hai màn LED cánh lớn, khiến không gian trình diễn như được kéo dài bất tận, ôm trọn cảm xúc của khán giả.
Trong âm nhạc, ánh sáng và những hiệu ứng bùng nổ liên tiếp, Đông Concert chính thức đẩy nhịp lễ hội lên cao trào, mở ra giai đoạn cuồng nhiệt và đáng nhớ nhất của Đông Fest.
Từ ngày 25/12/2025 đến 1/1/2026, lễ hội Đông Đúc Đủ Đầy diễn ra tại Công viên Yên Sở, nơi được “biến hình” thành một thế giới mùa đông đa trải nghiệm dành cho nhiều nhóm đối tượng. Không gian lễ hội được phân khu rõ ràng với các hoạt động nổi bật như đường đua Go-kart, khu vui chơi dành cho trẻ nhỏ, cùng không gian cắm trại và team building dành cho các gia đình.
Khu vui chơi gia đình và trẻ em được thiết kế như một thế giới lễ hội thu nhỏ với các hoạt động phong phú như nhà phao, nhà bóng, câu cá… Các khu vực cắm trại ngoài trời và sinh hoạt chung được bảo đảm an toàn, vừa mang đến trải nghiệm mới mẻ, trọn vẹn cho các gia đình trong dịp cuối năm.
Trong đó, đường đua Go-kart là một trong những điểm nhấn thu hút đông đảo người dân tham gia. Đường đua được đầu tư thiết kế hiện đại, mang lại cảm giác chinh phục và khám phá trong không khí lễ hội mùa đông.
Bên cạnh đó, các hoạt động vận động, tổ hợp trò chơi nhập vai theo trạm thử thách cũng tạo nên không gian tương tác sôi nổi, tăng tính kết nối và mang đến cơ hội nhận những phần quà hấp dẫn cho người chơi. Không chỉ dừng lại ở các hoạt động giải trí, lễ hội còn mở ra không gian ẩm thực phục vụ người dân.
Khu vực trưng bày của nhà tài trợ VNPAY (Ảnh: BTC).
Bên cạnh các hoạt động trải nghiệm, khu vực trưng bày của các nhà tài trợ thu hút đông đảo người tham dự với không gian thiết kế hiện đại, nhiều hoạt động tương tác, chụp ảnh và minigame nhận quà.
Khi hoàng hôn buông xuống, Đông Đúc Đủ Đầy mang đến những khoảng lắng giàu cảm xúc với chiếu phim ngoài trời và Sunset Show, nơi khán giả thư giãn trên những chiếc ghế lười, thưởng thức phim lễ hội và các màn trình diễn âm nhạc trẻ trung, khép lại ngày hội theo cách nhẹ nhàng và đầy cảm xúc.
Chuỗi sự kiện Đông Fest 2025 (Đông Concert và Lễ hội Đông Đúc Đủ Đầy) nhận được sự đồng hành từ Ngân hàng TMCP Công Thương Việt Nam (VietinBank) và Công ty cổ phần Giải pháp Thanh toán Việt Nam (VNPAY) với vai trò nhà tài trợ kim cương, cùng nhà tài trợ Tổ chức thẻ quốc tế JCB.
Với quy mô lớn, nội dung đa dạng và định hướng trải nghiệm rõ nét, Đông Fest 2025 không chỉ khép lại một mùa lễ hội rực rỡ mà còn mở ra kỳ vọng trở thành lễ hội mùa đông thường niên của Hà Nội. Chương trình góp phần thúc đẩy hoạt động du lịch, thương mại và các kết nối cộng đồng dịp cuối năm."
https://dantri.com.vn/kinh-doanh/kinh-doanh-bao-trum-co-hoi-viec-lam-ben-vung-cho-nguoi-khuyet-tat-20260106144417818.htm,Kinh doanh bao trùm: Cơ hội việc làm bền vững cho người khuyết tật,"(Dân trí) - Kinh doanh bao trùm mở ra cơ hội việc làm bền vững cho người khuyết tật, nhưng cần chính sách đồng bộ và sự tham gia thực chất của doanh nghiệp.","Ngày 6/1, hội thảo “Kinh doanh bền vững: Lợi thế mới - giá trị mới” do Cục phát triểndoanh nghiệptư nhân và kinh tế tập thể (Bộ Tài chính) phối hợp với Ban nghiên cứu và phát triển kinh tế tư nhân (Ban IV) diễn ra.
Kinh doanhbao trùm: Cơ hội lớn với người khuyết tật
Trình bày tham luận tại hội thảo, PGS.TS Lê Thị Thu Hà, Giám đốc Trung tâm Sáng tạo và Ươm tạo, Trường Đại học Ngoại thương (FIIS), cho biết theo Ủy ban Kinh tế và Xã hội Liên Hợp Quốc khu vực châu Á - Thái Bình Dương (UNESCAP), doanh nghiệp kinh doanh bao trùm là doanh nghiệp cung cấp hàng hóa, dịch vụ cho người thu nhập thấp.
Các đơn vị này đưa người thu nhập thấp tham gia chuỗi giá trị của công ty với vai trò nhà cung cấp, nhà sản xuất, hoặc với vai trò là nhà phân phối, nhà bán lẻ, hoặc khách hàng, qua đó tạo ra giá trị cho người thu nhập thấp một cách bền vững.
Theo bà Hà, tại Việt Nam, nhiều chính sách đã được triển khai nhằm hỗ trợ và trao quyền kinh tế cho người khuyết tật thông qua đào tạo nghề, tạo việc làm, ưu đãi tín dụng và khuyến khích doanh nghiệp sử dụng lao động là người khuyết tật. Tuy nhiên, quá trình thực thi trên thực tế vẫn gặp không ít rào cản.
Vận động viên tranh tài tại giải Vô địch quốc gia dành cho người khuyết tật (Ảnh: Trịnh Nguyễn).
Những hạn chế nổi bật gồm việc thiếu sự tích hợp đồng bộ về thể chế, nguồn lực và năng lực thực thi còn hạn chế, công tác truyền thông chính sách chưa hiệu quả, khoảng cách trong nhận thức về kinh doanh bao trùm đối với người khuyết tật, cùng với các thủ tục hành chính phức tạp và mức độ tiếp cận chính sách của người khuyết tật vẫn còn thấp…
Người khuyết tật không thiếu năng lực, chỉ thiếu cơ hội việc làm phù hợp
Bà Vũ Thị Quyên, CEO Công ty TNHH We-Edit Việt Nam, cho rằng, kinh doanh bao trùm là chiến lược phát triển bền vững. Bà lấy ví dụ tại doanh nghiệp mình, việc kinh doanh là “làm thật, KPI thật, lương thật” và sẽ không hạ thấp tiêu chuẩn mà điều chỉnh lại các tiêu chuẩn cho phù hợp với năng lực của người khuyết tật. Doanh nghiệp cũng đối diện với không ít áp lực, từ deadline, chất lượng quốc tế, rào cản giao tiếp, thời gian đào tạo…
Bà Nguyễn Hồng Hạnh, Giám đốc Hạnh Phúc của Tokyo Life, cho biết Việt Nam có khoảng 6,2 triệu người khuyết tật, trong đó 2,5 triệu người có khả năng và mong muốn được lao động.
Theo bà Hạnh, hòa nhập thực chất chỉ có thể thành công khi được triển khai theo hướng 2 chiều. Theo bà, kinh doanh bao trùm không phải là sự hỗ trợ một chiều dành cho người khuyết tật, mà đòi hỏi sự thay đổi từ chính những người không khuyết tật trong doanh nghiệp.
Theo bà Lê Thị Thu Hà, tiềm năng của kinh doanh bao trùm đối với hòa nhập người khuyết tật là rõ ràng, nhưng để chuyển hóa thành tác động thực chất cần cụ thể hóa các tiêu chí, tăng cường điều phối liên ngành và gắn công tác giám sát, đánh giá (M&E) với các kết quả kinh tế - xã hội của người khuyết tật.
Hỗ trợ các vận động viên khuyết tật tham gia cuộc thi thể thao (Trịnh Nguyễn).
Bà Phạm Thị Ngọc Thủy, Giám đốc điều hành Ban Nghiên cứu Phát triểnkinh tế tư nhân(Ban IV), cho biết nhiều doanh nghiệp đã lựa chọn “dấn thân” với quyết tâm cao, tạo nên những lớp đi trước mở đường để các lớp doanh nghiệp tiếp theo tiếp tục chinh phục những bài toán khó.
Trong bối cảnh thị trường lao động nhiều biến động, bà chọn “sáng suốt” và “bền bỉ” là kim chỉ nam, bởi doanh nghiệp cần đủ sáng suốt để biến hành trình này thành một lợi thế, thay vì coi đó là khó khăn về yếu tố con người."
https://dantri.com.vn/kinh-doanh/vietinbank-uu-dai-cho-tai-khoan-doanh-nghiep-dip-tet-2026-20251224092824811.htm,VietinBank ưu đãi cho tài khoản doanh nghiệp dịp Tết 2026,"(Dân trí) - Trong dịp Tết 2026, VietinBank triển khai ưu đãi gói Tài khoản doanh nghiệp, giúp doanh nghiệp bước vào 2026 với chi phí vận hành hợp lý hơn và nguồn lực linh hoạt hơn, tập trung cho các mục tiêu tăng trưởng và mở rộng hoạt động trong giai đoạn mới.","Lộc Tết đầu năm - Ưu đãi phí hấp dẫn
Tâm điểm của chương trình là loạt ưu đãi gắn với thông điệp “phát lộc - phát tài”, mang đến lựa chọn tài chính hiệu quả cho doanh nghiệp. Bộ tài khoản số đẹp được các khách hàng lựa chọn như cách lấy may mắn đầu năm, mở ra một hành trình tài chính 2026 thịnh vượng và hanh thông của doanh nghiệp.
Song song với đó, gói Tài khoản ưu đãi phí khi sử dụng dịch vụ, giúp doanh nghiệp giảm chi phí vận hành và củng cố dòng tiền. Khi đăng ký gói tài khoản phù hợp, doanh nghiệp có thể được miễn tới 100% nhiều loại phí giao dịch thiết yếu, bao gồm: Mở và sử dụng tài khoản thanh toán số đẹp - số ngắn; chuyển tiền nội địa VND; phí duy trì và giao dịch online trên VietinBank eFAST; chuyển tiền ngoại tệ và chuyển tiền biên mậu; dịch vụ QRPay.
Gói tài khoản linh hoạt - Phù hợp mọi quy mô doanh nghiệp
Điểm nổi bật của gói tài khoản VietinBank nằm ở sự phù hợp cho từng nhu cầu vận hành và hành trình kinh doanh của doanh nghiệp. 7 gói tài khoản được thiết kế riêng theo nhu cầu từng nhóm khách hàng: VietinBank - Ngân hàng giao dịch của tôi, V-MSME, V-Business Pro, V-Business Advance, V-Business Premium, V-FDI, V-Capital.
Mỗi gói cung cấp hạng mục phí và ưu đãi riêng, phù hợp cả cho doanh nghiệp mới thành lập, doanh nghiệp vừa và nhỏ, đến các doanh nghiệp lớn hay FDI ở nhiều ngành nghề. Đây cũng là giải pháp tài chính hiệu quả cho các doanh nghiệp nhỏ chuyển đổi từ hộ kinh doanh khi Nghị quyết 68-NQ/TW có hiệu lực.
Bắt đầu gói với một tài khoản số đẹp đi kèm ưu đãi phí vượt trội không chỉ giúp doanh nghiệp tối ưu chi phí mà còn mang ý nghĩa khởi đầu may mắn cho năm mới. VietinBank kỳ vọng chương trình “Tết phát lộc - Tài khoản phát tài” sẽ mở ra một năm mới khởi sắc và lan tỏa tinh thần thịnh vượng trong suốt năm.
Để biết thêm thông tin về chương trình và đăng ký sử dụng, doanh nghiệp có thể tới phòng giao dịch, chi nhánh gần nhất của VietinBank hoặc liên hệ hotline dành riêng cho doanh nghiệp: 1900 558 886 để được tư vấn."
https://dantri.com.vn/kinh-doanh/dong-duc-du-day-le-hoi-mua-dong-da-trai-nghiem-cua-ha-noi-dip-cuoi-nam-20251226171810703.htm,Đông Đúc Đủ Đầy: Lễ hội mùa đông đa trải nghiệm của Hà Nội dịp cuối năm,(Dân trí) - Đông Đúc Đủ Đầy với hàng loạt hoạt động giải trí đa trải nghiệm dành cho người dân Thủ đô ra mắt từ ngày 25/12/2025 đến 1/1/2026.,"Lễ hội hứa hẹn đưa người dân Hà Nội bước vào một không gian giải trí hoàn toàn khác biệt dịp cuối năm với nhiều khu vực được thiết kế độc đáo cho đa dạng khán giả.
Khu check-in (chụp ảnh) thiết kế bắt mắt, được chia thành nhiều phân khu khác nhau. Điểm nổi bật là linh vật các chú gấu Bắc Cực, nhà tuyết khổng lồ, mê cung linh hoạt cùng các khu vực chụp ảnh nhiều màu sắc đậm chất lễ hội.
Nhà tuyết khổng lồ tại khuôn viên sự kiện (Ảnh: BTC).
Khu vui chơi được xây dựng thành một thế giới lễ hội dành cho gia đình và trẻ nhỏ. Tại đây, người tham gia có thể trải nghiệm như nhà phao cổ tích, nhà bóng, câu cá… Các trò chơi, hoạt động tập thể cho gia đình hay khu cắm trại ngoài trời được bố trí riêng, tạo điều kiện để các gia đình trải nghiệm một cách trọn vẹn.
Theo chia sẻ từ ban tổ chức, yếu tố an toàn của khu vực cắm trại và sân chơi được ưu tiên hàng đầu, nên không gian sân chơi được kiểm soát chặt chẽ nhưng vẫn đảm bảo được sự mới lạ cho các gia đình vào dịp cuối năm.
Một trong những điểm đến hấp dẫn của Đông Fest 2025 là đường đua Go-kart. Đường đua được thiết kế với nhiều điểm nhấn đặc biệt, với những chiếc xe Go-kart hiện đại, tạo cảm giác như đang bước vào một hành trình mùa đông kỳ thú.
Song song với đó là tổ hợp các trò chơi khám phá, người chơi nhập vai thực hiện nhiệm vụ qua từng trạm, vượt qua thử thách của chương trình để nhận thưởng.
Những hoạt động này góp phần tăng tính kết nối và mang đến trải nghiệm vừa giải trí vừa sáng tạo cho người tham dự. Đặc biệt, vào mỗi ngày, những khách hàng may mắn còn có cơ hội nhận được phần quà thú vị trên fanpage của chương trình Đông Fest.
Không chỉ là điểm hẹn của những vận động sôi nổi, lễ hội còn mở ra một không gian ấm áp, nơi ánh đèn, sắc màu và âm thanh hòa quyện. Không gian ẩm thực được bài trí gần gũi, mang đến trải nghiệm đa dạng cho khách tham quan, cùng chuỗi hoạt động tương tác thú vị từ các nhà tài trợ, tạo nên nhịp kết nối rộn ràng cho mùa đông.
Vào thời điểm hoàng hôn buông xuống, Đông Đúc Đủ Đầy 2025 còn mang đến những khoảng lặng giàu cảm xúc với không gian chiếu phim ngoài trời và Sunset show.
Khán giả sẽ được theo dõi những bộ phim chủ đề lễ hội trên những chiếc ghế lười nhiều màu sắc, hay thưởng thức những màn trình diễn âm nhạc của các ban nhạc sinh viên.
Đây được xem là điểm hẹn để người tham dự chậm lại giữa nhịp lễ hội rộn ràng, tận hưởng trọn vẹn không khí mùa đông theo cách riêng.
Các khu vực trả phí nằm trong chuỗi sự kiện như Go-kart và ẩm thực sẽ được triển khai theo mô hình thanh toán không dùng tiền mặt tại. Điều này không chỉ mang đến trải nghiệm nhanh chóng và thuận tiện cho khách hàng, mà còn tạo nên tổng thể hiện đại và an toàn hơn cho lễ hội.
Với quy mô rộng lớn, nội dung đa dạng và cách tổ chức đậm chất trải nghiệm, Lễ hội Đông Đúc Đủ Đầy thuộc chuỗi hoạt động Đông Fest 2025 nhận được sự đồng hành của Ngân hàng TMCP Công Thương Việt Nam VietinBank và Công ty Cổ phần Giải pháp Thanh toán Việt Nam (VNPAY) với vai trò nhà tài trợ kim cương hứa hẹn mang đến hành trình mùa đông nhiều cảm xúc, nơi âm nhạc, nghệ thuật và công nghệ hội tụ."
https://dantri.com.vn/kinh-doanh/vietinbank-nhan-hai-giai-thuong-quoc-te-danh-cho-ngan-hang-doanh-nghiep-20251218155609667.htm,VietinBank nhận hai giải thưởng quốc tế dành cho ngân hàng doanh nghiệp,(Dân trí) - VietinBank được International Finance Magazine (IFM) trao tặng hai giải thưởng trong khuôn khổ hệ thống giải thưởng Tài chính Quốc tế.,"Được xướng tên ở cả hai hạng mục giải thưởng đã tiếp tục khẳng định vị thế của VietinBank trong lĩnh vực ngân hàng doanh nghiệp cùng dấu ấn nỗ lực không ngừng đổi mới, nâng tầm trải nghiệm khách hàng và thúc đẩy chuyển đổi số toàn diện.
IFM vinh danh VietinBank với hai giải thưởng: Ngân hàng dành cho khách hàng doanh nghiệp tốt nhất Việt Nam 2024 (Best Corporate Bank - Vietnam 2024) và Ngân hàng số dành cho khách hàng doanh nghiệp tốt nhất Việt Nam 2024 (Best Corporate Digital Bank - Vietnam 2024).
Đại diện VietinBank chia sẻ: “Việc được IFM vinh danh ở cả hai hạng mục quan trọng vừa là niềm tự hào; đồng thời minh chứng cho cam kết nhất quán của VietinBank trong việc nâng cao năng lực cạnh tranh, đổi mới sáng tạo và lấy KH làm trung tâm.
Đây cũng là động lực để chúng tôi tiếp tục tiên phong cung cấp các giải pháp tài chính - số hóa hiện đại, đồng hành cùng doanh nghiệp Việt Nam trên hành trình hội nhập và phát triển bền vững”.
VietinBank - Đối tác chiến lược đồng hành cùng doanh nghiệp
Trên hành trình phát triển, VietinBank luôn xác định khách hàng doanh nghiệp là một trong những trụ cột quan trọng. Ngân hàng đã và đang triển khai đồng bộ các chiến lược nhằm đáp ứng toàn diện nhu cầu tài chính từ tín dụng, bảo lãnh, thanh toán quốc tế, ngoại hối cho đến các giải pháp quản lý dòng tiền, tài trợ chuỗi cung ứng và số hóa quy trình vận hành.
Không chỉ dừng lại ở việc cung cấp sản phẩm tài chính, VietinBank còn đóng vai trò là đối tác tư vấn - đồng hành cùng doanh nghiệp từ giai đoạn khởi sự đến mở rộng, hội nhập và phát triển bền vững. Các giải pháp tài chính được thiết kế riêng biệt theo từng nhóm ngành, từng giai đoạn phát triển, góp phần gia tăng giá trị vận hành và tối ưu nguồn lực cho doanh nghiệp.
VietinBank cũng là một trong những ngân hàng tiên phong triển khai các gói hỗ trợ tín dụng xanh, sản phẩm tài chính gắn với tiêu chuẩn ESG, đồng hành cùng doanh nghiệp thực hiện các mục tiêu tăng trưởng bền vững và chuyển đổi năng lượng theo định hướng Quốc gia.
VietinBank eFAST - Trợ lý tài chính số toàn diện cho doanh nghiệp
Giải thưởng Ngân hàng số dành cho khách hàng doanh nghiệp tốt nhất Việt Nam 2024 là sự ghi nhận rõ nét cho nền tảng VietinBank eFAST - hệ thống ngân hàng số chuyên biệt dành cho khách hàng doanh nghiệp do VietinBank phát triển và vận hành.
Với triết lý “Khách hàng là trung tâm”, VietinBank eFAST tích hợp đầy đủ các dịch vụ ngân hàng thiết yếu từ chuyển khoản, thanh toán, tín dụng, ngoại hối đến các nghiệp vụ chuyên sâu như: Bảo lãnh, tài trợ chuỗi cung ứng, ký số văn bản điện tử, kết nối ERP...
Không chỉ mang lại tính tiện dụng, VietinBank eFAST còn sở hữu những ưu điểm vượt trội:
Quản lý tài chính linh hoạt: VietinBank là ngân hàng tiên phong trong nhóm ngân hàng thương mại Nhà nước cung cấp sản phẩm giải ngân online và bảo lãnh online dành cho khách hàng doanh nghiệp. Giải ngân online và bảo lãnh online cho phép doanh nghiệp tiếp cận vốn và hoàn thành các cam kết hợp đồng ngay tức thì, mọi lúc, mọi nơi, chỉ với vài thao tác trên thiết bị được kết nối internet.
Tiện lợi và nhanh chóng: Doanh nghiệp có thể mở tài khoản thanh toán hoặc đăng ký VietinBank eFAST chỉ trong 5 phút qua nền tảng số, loại bỏ hoàn toàn thủ tục giấy tờ rườm rà và thời gian chờ đợi tại quầy.
Giao diện thân thiện, bảo mật cao: Hệ thống sử dụng các công nghệ hiện đại như eKYC, OCR, NFC, ký số giúp đảm bảo an toàn, đồng thời mang lại trải nghiệm tiện lợi cho doanh nghiệp.
Phiên bản đặc biệt VietinBank eFAST X-Mate là phiên bản cao cấp phục vụ tổng thể nhu cầu quản lý dòng tiền cho doanh nghiệp và hệ sinh thái của doanh nghiệp: Quản lý vốn tập trung; quản lý khoản phải trả, phải thu.
Tốc độ xử lý giao dịch vượt trội, hỗ trợ tới 5.000 giao dịch/file với thời gian xử lý chỉ tính bằng phần trăm giây.
VietinBank eFAST tích hợp công nghệ AI, Big Data và Machine Learning giúp cá nhân hóa trải nghiệm, phân tích dòng tiền, dự báo xu hướng tài chính và đưa ra gợi ý giao dịch phù hợp cho từng doanh nghiệp; hỗ trợ giao dịch ngoại tệ 24/7.
Cơ chế phê duyệt của VietinBank eFAST linh hoạt theo ma trận nhóm, phù hợp với mô hình quản trị phức tạp của các tập đoàn lớn.
VietinBank eFAST đảm bảo an toàn với hệ thống bảo mật đạt chuẩn quốc tế ISO/IEC 27001:2013, hỗ trợ cảnh báo sớm các hành vi bất thường trong giao dịch.
Trong năm 2025, VietinBank tiếp tục nâng cấp VietinBank eFAST với hơn 60 cải tiến kỹ thuật nhằm nâng cao trải nghiệm người dùng, và tiếp tục phát triển các sản phẩm đột phá tạo lợi thế cạnh tranh.
VietinBank eFAST bảo lãnh dự thầu điện tử trên hệ thống mạng đấu thầu quốc gia (eGP), mở tài khoản thanh toán, số hóa quy trình cấp tín dụng: Bảo lãnh từng lần, tự động hóa 1 phần quy trình cấp tín dụng; ứng dụng chữ ký số trong quy trình cấp tín dụng, giải ngân.
VietinBank eFAST cung cấp chứng từ giao dịch có chữ ký số của ngân hàng: Ủy nhiệm chi, giấy nộp tiền vào ngân sách nhà nước, xác nhận tiền gửi có kì hạn... hướng đến xây dựng một hệ sinh thái số đồng bộ - an toàn - hiệu quả cho doanh nghiệp ở mọi quy mô."
https://dantri.com.vn/kinh-doanh/ra-mat-lien-minh-kinh-te-tam-thap-khai-pha-mo-vang-10-ty-usd-20251010193555138.htm,"Ra mắt Liên minh Kinh tế tầm thấp: Khai phá ""mỏ vàng"" 10 tỷ USD","(Dân trí) - Liên minh Kinh tế tầm thấp quy tụ các tập đoàn công nghệ, tài chính hàng đầu, cùng chung mục tiêu hình thành một ngành kinh tế trọng điểm.","Ngày 10/10, Chương trình ""Toàn cảnh Kinh tế tư nhân lần thứ nhất"" (ViPEL 2025) đã diễn ra tại Trung tâm Hội nghị quốc gia Hà Nội. Hơn 500doanh nghiệpđã tham gia thảo luận trong khuôn khổ 4 Ủy ban chuyên môn và Diễn đàn Nữ doanh nhân ViPEL.
Tại Ủy ban 1 về các ngành công nghệ mới và đổi mới sáng tạo, Liên minh Kinh tế tầm thấp Việt Nam với 10 đại diện doanh nghiệp, viện, trường các ngành công nghệ mới nổi đã được hình thành.
Nền kinh tế tầm thấp (Low Altitude Economy - LAE) là hệ sinh thái kinh tế hoạt động trong không phận dưới 1.000m, gồm các hoạt động liên quan đến máy bay không người lái (UAV/Drone), phương tiện bay cất hạ cánh thẳng đứng (eVTOL/Air Taxi), cùng với sự hỗ trợ của các công nghệ quan trọng như trí tuệ nhân tạo (AI), bán dẫn.
Sự kiệnra mắt Liên minh Kinh tế tầm thấp Việt Nam đánh dấu một cột mốc quan trọng trong tiến trình nâng tầm vị thế Việt Nam trên bản đồ công nghệ toàn cầu.
Liên minh quy tụ các tập đoàn công nghệ, tài chính, start up và chuyên gia hàng đầu, cùng chung mục tiêu hình thành một ngành kinh tế trọng điểm. Qua đó, thúc đẩy phát triển mạnh mẽ hàng nghìn doanh nghiệp phụ trợ, mang về hàng chục tỷ USD trong 10-15 năm tới và tạo 1 triệu việc làm chất lượng cao.
Việt Nam - với lợi thế địa chính trị, chính sách khuyến khích đổi mới sáng tạo, lực lượng lao động trẻ và năng động - đang đứng trước ""cơ hội ngàn năm có một"" để trở thành trung tâm công nghiệp tầm thấp của khu vực và thế giới.
Liên minh LAE không chỉ khai mở ""hạ tầng mềm"" cho kinh tế tầm thấp Việt Nam mà còn tạo nền tảng để Việt Nam tiến tới làm chủ công nghệ ""Made by Vietnam"".
Toàn cảnh phiên họp của Ủy ban 1 sáng 10/10 (Ảnh: Hải Long).
Chia sẻ tại phiên họp của Ủy ban 1, ông Trần Anh Tuấn, Phó chủ tịch và CEO Mạng lưới UAV Việt Nam, cho biết trên thế giới, ngành hàng không tầm thấp được định giá dự kiến đạt khoảng 700 tỷ USD vào năm 2035.
Tại Trung Quốc, lĩnh vực này đang tăng trưởng nhanh chóng với quy mô ước đạt 71 tỷ USD vào năm 2023, tăng hơn 33,8% so với năm trước.
Đối với Việt Nam, tiềm năng của kinh tế tầm thấp được đánh giá có thể đạt 10 tỷ USD, nếu tận dụng tốt các cơ hội hiện có. Thách thức lớn nhất hiện nay đến từ rào cản pháp lý và sự sẵn sàng công nghệ.
Các quy định hiện hành về an ninh và quản lý UAV còn mang tính đặc thù và kiểm soát chặt chẽ, dẫn đến nhiều khó khăn cho hoạt động nghiên cứu - phát triển (R&D), thử nghiệm và sản xuất drone trong nước. Đây là trở ngại cần được tháo gỡ để mở đường cho sự phát triển của lĩnh vực mới mẻ nhưng đầy tiềm năng này."
