url,title,description,content
https://dantri.com.vn/the-gioi/eu-ap-u-lap-luc-luong-100000-quan-de-the-chan-binh-si-my-20260112080419280.htm,EU ấp ủ lập lực lượng 100.000 quân để thế chân binh sĩ Mỹ,(Dân trí) - Quan chức quốc phòng cấp cao của châu Âu kêu gọi EU cần mạnh mẽ hơn trong vấn đề an ninh.,"Ủy viên châu Âu phụ trách Quốc phòng Andrius Kubilius (Ảnh: AFP).
Các nước EU nên cân nhắc thành lập một lực lượng vũ trang chung, trong tương lai có thể thay thế binh sĩ Mỹ tại châu Âu, hiện khoảng 100.000 quân nhân, theo Ủy viên châu Âu phụ trách Quốc phòng Andrius Kubilius.
Phát biểu tại một hội nghị an ninh ở Thụy Điển ngày 11/1, ôngKubilius cho rằng châu Âu cần xây dựng lực lượng vũ trang châu Âu thường trực với quy mô ít nhất 100.000 binh sĩ để bảo vệ lục địa tốt hơn.
“Chúng ta sẽ thay thế lực lượng quân đội thường trực của Mỹ gồm 100.000 người, vốn là xương sống sức mạnhquân sựở châu Âu, như thế nào?”, ông đặt câu hỏi.
Ngoài ra, ông Kubilius đề xuất thành lập một Hội đồng An ninh châu Âu. Cơ quan này sẽ chỉ bao gồm các quốc gia chủ chốt của Liên minh châu Âu, dù không loại trừ khả năng mời Anh tham gia. Một cơ chế như vậy có thể đẩy nhanh đáng kể quá trình ra quyết định liên quan đến quốc phòng.
“Hội đồng An ninh châu Âu có thể gồm các thành viên thường trực then chốt, cùng với một số thành viên luân phiên, tổng cộng khoảng 10-12 nước, với nhiệm vụ thảo luận những vấn đề quốc phòng quan trọng nhất”, ông nhấn mạnh.
Ngày 10/1, Ngoại trưởng Tây Ban Nha José Manuel Albares kêu gọi thành lập một quân đội châu Âu thống nhất và tích hợp với ngành công nghiệp quốc phòng của EU. Theo ông, điều này sẽ giúp EU hành động độc lập với các nước thứ 3 và tăng cường an ninh của khối.
Vào cuối tháng 11 năm ngoái, ông Manfred Weber, lãnh đạo Đảng Nhân dân châu Âu (EPP), nhóm lớn nhất trong Nghị viện châu Âu, đã kêu gọi biến EU thành một “NATO châu Âu"".
Sau đó, Tổng thư ký NATO Mark Rutte từng cảnh báo Liên minh châu Âu (EU) sẽ chỉ tự gây hại cho chính mình nếu quyết định đi theo con đường riêng trong lĩnh vực an ninh. Theo ông, NATO không chỉ có mỗi EU mà vẫn còn Mỹ, quốc gia dẫn đầu liên minh quân sự."
https://dantri.com.vn/the-gioi/chien-su-ukraine-121-moi-de-doa-tu-phia-bac-sumy-khien-kiev-lo-lang-20260112102416102.htm,Chiến sự Ukraine 12/1: Mối đe dọa từ phía bắc Sumy khiến Kiev lo lắng,(Dân trí) - Nga đang thiết lập khu vực tập kết cho các hành động tấn công tiếp theo trên hướng Khotin ở vùng Sumy. Quân đoàn xung kích dù số 7 của Ukraine thừa nhận mối đe dọa ngày càng tăng.,"Chiến sự Ukraine đang đứng trước bước ngoặt lớn (Ảnh minh họa: Skynews).
Anh phát triển tên lửa đạn đạo cho Ukraine
Theo thông cáo báo chí của Bộ Quốc phòng Anh cung cấp cho Kyiv Independent ngày 11/1, Vương quốc Anh đã khởi động Dự án Nightfall, nhằm nhanh chóng phát triển các tên lửa đạn đạo tầm xa mới cho Ukraine có khả năng tấn công các mục tiêu nằm sâu trong lãnh thổ Nga.
Thông báo này được đưa ra sau chuyến thăm Ukraine gần đây của Bộ trưởng Quốc phòng Anh John Healey, trùng với cuộc tập kích bằng tên lửa và UAV quy mô lớn của Nga nhằm vào Kiev cũng như các thành phố khác hôm 8-9/1.
Trong đợt tập kích này, Nga đã phóng một tên lửa đạn đạo siêu vượt âm tầm trung Oreshnik vào tỉnh Lvov, miền Tây Ukraine, chỉ cách biên giới Ba Lan - một thành viên NATO - 60km.
Vụ tấn công bằng tên lửa Oreshnik xảy ra khi ông Healey đang di chuyển qua khu vực này trên đường đến Kiev.
""Chúng tôi đã ở đủ gần để nghe thấy còi báo động không kích quanh Lvov trên đường đến Kiev, đó là một khoảnh khắc nghiêm trọng"", ông Healey nói.
“Chúng tôi sẽ không dung thứ cho điều này, đó là lý do tại sao chúng tôi quyết tâm cung cấp vũ khí hiện đại nhất cho Ukraine khi họ phản công”, Bộ trưởng Anh nói.
Bộ Quốc phòng Anh cho biết, tên lửa Nightfall, có tầm bắn hơn 500km, sẽ mang đầu đạn nặng 200kg. Các tên lửa phóng từ mặt đất này được thiết kế để phóng loạt chớp nhoáng, sau đó rút lui nhanh chóng, tạo cơ hội cho Ukraine đánh phá các mục tiêu quan trọng trước khi lực lượng Moscow có thể phản ứng. Tốc độ sản xuất là 10 tên lửa mỗi tháng, với giá tối đa là 1,07 triệu USD.
""Một châu Âu an toàn cần một Ukraine mạnh mẽ. Những tên lửa tầm xa mới của Anh sẽ giúp Ukraine tiếp tục tham chiến và khiến (Tổng thống Nga Vladimir) Putin phải lo lắng thêm một điều nữa"", Bộ trưởng Mua sắm Quốc phòng Anh Luke Pollard cho biết.
Nga sắp phóng tên lửa siêu vượt âm mới vào Ukraine
Kênh Military Summary đưa tin, quân đội Nga (RFAF) đã bắt đầu chuẩn bị cho cuộc tập kích đường không quy mô lớn tiếp theo. Các báo cáo cho thấy họ sẽ thử nghiệm một dòng tên lửa siêu vượt âm mới. Nếu được xác nhận, đây có thể trở thành cuộc đánh phá mạnh nhất vào cơ sở hạ tầng năng lượng Ukraine kể từ khi bắt đầu ""Chiến dịchquân sựđặc biệt"".
Hoạt động giao tranh có thể được quan sát dọc theo hầu hết toàn bộ chiến tuyến. Bất chấp điều kiện thời tiết khắc nghiệt, các cuộc tấn công của RFAF vẫn tiếp tục.
RFAF đang tập trung vào Konstantinovka và Liman (Lyman). Các nguồn tin báo cáo về việc họ giành được lãnh thổ ở Konstantinovka với các đoạn video từ phía bắc Donetsk, nơi binh sĩ Nga  được phát hiện ở Yarove.
Bản đồ chiến sự Nga - Ukraine tại Liman ngày 11/1. Moscow đang gia tăng sức ép, liên tục gây sức ép trên thế gọng kìm khiến Kiev gồng mình chống đỡ (Ảnh: Military Summary).
Các đơn vị Moscow liên tục tăng cường áp lực lên Konstantinovka và Izyum. Quân đội Ukraine (AFU) tại thành phố Konstantinovka đang trên bờ vực cạn kiệt hậu cần, trong khi trên trục Izyum, dường như hệ thống phòng thủ của họ sắp sụp đổ.
Tại Zaporizhia, RFAF được cho là đã vượt sông ở phía đông một lần nữa, chiếm thêm một ngôi làng. Đồng thời, hình ảnh khác cũng cho thấy binh sĩ Nga có mặt dọc theo chuỗi chiến hào phía tây sông.
Bản đồ chiến sự Nga - Ukraine tại Zaporizhia ngày 11/1. Moscow đang gia tăng tốc độ, liên tục gây sức ép. Kiev dựa vào các tuyến phòng ngự kiên cố để chống đỡ (Ảnh: Military Summary).
Ukraine tấn công các giàn khoan dầu của Nga ở Biển Caspi
Lực lượng Kiev đã tấn công 3 giàn khoan dầu thuộc sở hữu của Lukoil, một trong những nhà sản xuất dầu lớn nhất của Nga, ở Biển Caspi, Bộ Tổng tham mưu Ukraine báo cáo ngày 11/1, Kyiv Independent đưa tin.
Ukraine cũng đã phá hủy một hệ thống tên lửa phòng không Buk-M3 của Nga ở Lugansk và các mục tiêu quân sự khác, theo tuyên bố.
Ba giàn khoan của Tập đoàn Lukoil bị Ukraine tấn công được sử dụng để khai thác dầu khí.
""Đã ghi nhận các cuộc tấn công trực diện. Mức độ thiệt hại đang được đánh giá"", tuyên bố cho biết.
Các giàn khoan này cung cấp nhiên liệu cho quân đội Nga, theo Lực lượng Đặc nhiệm Ukraine (SSO), đơn vị đã thực hiện các cuộc tấn công vào rạng sáng 11/1. SSO cũng công bố đoạn video về các cuộc tấn công.
Ukraine phản công, giành lại vị trí ở Konstantinovka
Tình hình xung quanh Konstantinovka vẫn căng thẳng, một lần nữa, trận chiến giành Pleshcheyevo lại diễn ra, kênh Rybar cho hay.
Tại vùng ngoại ô phía tây Chasov Yar và bờ hồ Kleban-Byk vẫn là chiến trường, nơi các nhóm xung kích từ cả hai phía hoạt động tích cực.
Cách đây một thời gian, các đoạn phim xuất hiện trên mạng cho thấy sự hiện diện của binh sĩ Ukraine tại Pleshcheyevo. Họ đang sử dụng các vành đai rừng phía tây ngôi làng để phát động các cuộc phản công, mặc dù không kiểm soát một cách ổn định. Do đó, rất có thể các nhóm bộ binh riêng lẻ vẫn thỉnh thoảng đột nhập rồi sau đó tập hợp lại trong những hầm trú ẩn.
Tuy nhiên, AFU không thể tiến xa hơn về phía Nelepovka qua Krivoy Torets do sự hiện diện dày đặc của UAV. Vì thiếu tiếp tế cũng như các cuộc tấn công thường xuyên của UAV, binh sĩ Ukraine cũng nhanh chóng mất đi khả năng chiến đấu, phải trú ẩn trong các hầm ngầm suốt nhiều tuần.
Từ lâu, hầu như không có chiến tuyến nào theo hướng này. Mặt trận phía trước bao gồm một chuỗi các cứ điểm thường bị cô lập, với một ""vùng xám"" nằm giữa chúng. Do đội hình thưa thớt này, cả hai bên thường xuyên sử dụng chiến thuật ""xâm nhập"", đưa các nhóm bộ binh vào phía sau lực lượng phòng thủ đối phương.
Do đó, quân đội Nga chỉ có thể hoàn toàn bảo vệ Pleshcheyevo khỏi các cuộc phản công của đối phương sau khi chiếm giữ hoàn toàn bờ bắc cao hơn của hồ Kleban-Byk.
Bản đồ chiến sự Nga - Ukraine tại Konstantinovka ngày 11/1. Các khu vực gạch chéo là nơi Moscow mới giành được, đang tiếp tục tấn công theo những mũi tên đỏ (Ảnh: Rybar).
Trái ngược với Rybar, kênh OSINT Intuit cho biết, lực lượng Kiev phản công theo hướng Kramatorsk, đánh bật quân đội Nga khỏi Virobuvka, giành lại một nửa ngôi làng đồng thời xoay chuyển tình thế trong các trận giao tranh chiến hào ác liệt phía bắc Konstantinovka.
Tuyên bố ""kiểm soát"" của RFAF nhanh chóng sụp đổ khi lực lượng Kiev phản công mạnh mẽ. Tinh thần chiến đấu được nâng cao cho các chiến binh Ukraine giữa mùa đông khắc nghiệt. ""Đây là cách để giữ vững phòng tuyến, tiếp tục gây áp lực"", kênh OSINT Intuit kêu gọi.
Ukraine phản công dữ dội trên hướng Kramatorsk, chặn đứng đà tiến của Nga, giành lại một ngôi làng (Ảnh: OSINT Intuit).
Tình hình đối với Ukraine ngày càng xấu đi ở Liman
Theo kênh VoenkorKotenok, Cụm tác chiến phương Tây RFAF tiếp tục đột phá ở ngoại ô Liman và đang giao tranh bên trong thành phố.
Ở phía nam, các đơn vị Moscow, trong khi tiếp tục phát triển về phía tây bắc Dibrova, đã tiến qua vùng rừng về phía cơ sở lâm nghiệp, cắt đứt đường T-05-14, tiến vào rìa phía nam thành phố đến tận đường Limanskaya.
Phía tây Dibrova, RFAF đang tiến về Starıy Karavan - Brusovka, từ đó lực lượng Kiev đang phản công theo từng nhóm nhỏ về phía nam Dibrova.
Các nhóm xung kích Moscow đang tiến vào làng Ilyichevka Ozyornoye. Khoảng 1/2 diện tích đã nằm dưới sự kiểm soát của RFAF.
Ở ngoại ô đông bắc Liman, các trận chiến đang diễn ra ở nông trại. Ở rìa đông nam thành phố, các trận chiến đang diễn ra tại Maslyakovka.
Các cuộc giao tranh ác liệt đang diễn ra ở phía đông bắc Drobysevo, Stavki, phía tây khe núi Shablin Yar và trang trại chăn nuôi.
Tập đoàn quân 20 và Tập đoàn quân xe tăng số 1 RFAF đã giải tỏa phía nam Novosyolovka và khu rừng phía nam, tiến về phía đông Yarovaya đồng thời đã xâm nhập nơi đây.
Phía bắc Yarovaya, các trận chiến đang diễn ra theo hướng Izyum ở ngoại ô Aleksandrovka và phía đông bắc Koroviy Yar. Lực lượng Moscow tiếp tục tiến công qua các khe núi Kreydaynıy Melovoy Yar và Krutoy Yar, tiến đến gần Volchiy Yar.
Phía tây Yarovaya, RFAF đang giao tranh ở ngoại ô phía đông Sosnovka và Slavyanogorsk.
Bản đồ chiến sự Nga - Ukraine ở Liman ngày 11/1. Moscow tiếp tục đột phá theo các mũi tên đỏ, tiến về thành phố (Ảnh: VoenkorKotenok).
Mối đe dọa từ phía bắc Sumy khiến Ukraine lo lắng
Quân đội Nga đang thiết lập khu vực tập kết cho các hành động tấn công tiếp theo trên hướng Khotin ở vùng Sumy. Điều này được Quân đoàn xung kích dù số 7 AFU tuyên bố, thừa nhận mối đe dọa ngày càng tăng về một cuộc tiến công hướng tới thành phố Sumy, thủ phủ của vùng cùng tên, kênh ZOV Military xác nhận.
Lực lượng Moscow thường xuyên tiến hành các chiến dịch tấn công và tăng cường hoạt động của các hệ thống không người lái ở một số nơi. Họ tránh tấn công trực diện và hoạt động có hệ thống từ hai bên sườn.
Như vậy, từ ngoại ô thành phố Sumy đến các vị trí gần nhất của RFAF là khoảng 17km.
Nga đang gây áp lực, mũi xung kích tiên phong của họ chỉ còn cách thành phố Sumy, thủ phủ của vùng cùng tên khoảng 17km (Ảnh: ZOV Military Summary).
Kênh RVvoenkor cung cấp những thôngtin mớinhất cho biết, theo Quân đoàn số 7 AFU, quân đội Nga đang thiết lập đầu cầu để tiến hành cuộc tấn công vào Sumy.
Các hoạt động đang diễn ra theo hướng làng Khotin, điều này tiềm ẩn nguy cơ RFAF tiến công trực tiếp vào Sumy. Báo cáo ghi nhận sự gia tăng hoạt động của UAV Nga, cũng như các nỗ lực đánh bọc sườn những vị trí của lực lượng Kiev.
Kênh Suriyakmaps cho hay, trên mặt trận Sumy, trong 3 ngày qua, quân đội Nga bắt đầu xâm nhập vào cánh rừng phía đông Yunakivka và tiếp tục triển khai các hoạt động phía nam Varachyne.
Nga tiếp tục mở rộng vùng đệm an ninh biên giới, tiến về phía Khotin và gây sức ép mạnh lên thành phố Sumy (Ảnh: DeepState).
Ukraine cảnh báo Nga tìm cách thiết lập bàn đạp để tấn công Sumy
Lực lượng Moscow đang cố gắng thiết lập một đầu cầu cho các hoạt động tấn công mới ở Đông Bắc Ukraine, có khả năng tạo tiền đề cho một ""cuộc đột phá về phía thành phố Sumy"", quân đội Ukraine báo cáo hôm 11/1.
""Tất cả các nỗ lực như vậy đều nhanh chóng bị phát hiện và ngăn chặn"", Quân đoàn 7 AFU cho biết trên kênh Telegram của mình.
RFAF được cho là đang tăng cường các hoạt động ở tỉnh Sumy với mục tiêu tiến về Khotin, một ngôi làng nằm cách thủ phủ của vùng khoảng 15-17km về phía bắc.
Sumy, nơi sinh sống của khoảng 250.000 cư dân, thường xuyên là mục tiêu của các cuộc pháo kích và không kích của Nga nhưng chưa bao giờ bị RFAF chiếm giữ.
Lực lượng Moscow đang kiểm soát một số ngôi làng thuộc tỉnh Sumy, chủ yếu ở phía bắc, giáp với tỉnh Kursk của Nga. Theo kênh DeepState có liên hệ mật thiết với Tổng cục Tình báo quốc phòng Ukraine (GUR), RFAF chỉ còn cách Khotin khoảng 5km tính đến ngày 9/1.
Bản đồ chiến sự Nga - Ukraine cho thấy vị trí điểm nóng hiện tại ở Sumy ngày 11/1 (Ảnh: Kyiv Independent).
Một cuộc bao vây sắp xảy ra ở Zaporizhia?
Kênh Rybar đưa tin, đầu cầu của quân đội Nga vượt qua sông Gaichur đang dần được mở rộng. Mặc dù có một loạt các cuộc phản công của AFU ở Priluki, lực lượng Moscow vẫn duy trì thế chủ động và dần bao vây ngôi làng từ phía tây.
Theo các đoạn phim giám sát khách quan, Cụm tác chiến phương Đông RFAF đang phát động các cuộc đột phá từ Dobropillya. Gần đây, họ đã chiếm được ít nhất một phần phía bắc rừng Bairaki và củng cố vị trí tại một cứ điểm gần đó.
Điều này sẽ cho phép lực lượng Moscow giành quyền kiểm soát hỏa lực đối với các tuyến đường tiếp tế của AFU ở Priluki và tiến đến một cứ điểm lớn phía tây Varvarovka. Việc kiểm soát cứ điểm này là cần thiết để hình thành mặt trận phòng thủ phía nam của đầu cầu ở bờ trái sông Gaichur và ngăn chặn các cuộc phản công có thể xảy ra từ cánh rừng gần đó.
Từ đây, quân đội Nga sẽ có thể tiến xa hơn về phía tây đến đoạn đường sắt giữa Ternovatoye và Zheleznodorozhnoye. Điều này sẽ tạo tiền đề cho việc bao vây thêm lực lượng Kiev ở phía tây Huliaipole.
Bản đồ chiến sự Nga - Ukraine ở cánh đông Zaporizhia ngày 11/1. Moscow kiểm soát phần màu nâu, các khu vực gạch chéo là nơi họ mới giành được và đang tiếp tục tấn công theo những mũi tên đỏ. Kiev phản công theo các mũi tên xanh (Ảnh: Rybar).
Theo kênh Military Chronicles, RFAF đã kiểm soát khu định cư Belogorie ở vùng Zaporizhia.
Ngôi làng nằm trên bờ bắc sông Konka, cách thành phố Orekhov 15km về phía đông nam và cách Mala Tokmachka 2,5km về phía đông. Cụm tác chiến Dnipro RFAF đã chọc thủng phòng tuyến và giành được ngôi làng khỏi một lữ đoàn xung kích sơn cước AFU. Việc giành quyền kiểm soát Belogorie mở ra triển vọng đột phá vào Orekhov, khu vực phòng thủ chính của quân đội Ukraine ở vùng Zaporizhia.
Sau khi chiếm được Belogorie, Cụm tác chiến Dnipro, với sự hỗ trợ hỏa lực từ tên lửa và pháo binh, cũng như UAV FPV, sẽ bắt đầu tiến về làng Novoselivka, điều này sớm cho phép họ tiếp cận các vị trí chiến lược giữa 2 làng và bắt đầu đẩy Lữ đoàn cơ giới độc lập 61 và Tiểu đoàn Volyn thuộc AFU về phía các làng Novoselivka và Omelnik.
Tóm lại, điều này sẽ cho phép quân đội Nga thiết lập quyền kiểm soát đối với chuỗi khu định cư Novosyolovka - Yegorovka - Omelnik và tước đoạt tuyến đường tiếp tế phía đông bắc của nhóm Orekhovskaya thuộc lực lượng Kiev.
Bản đồ chiến sự Nga - Ukraine tại Zaporizhia ngày 11/1. Moscow kiểm soát phần màu đỏ, dồn sức đột phá về phía thành phố Orekhov (Ảnh: Rybar).
Kênh Suriyakmaps tóm tắt diễn biến ở Zaporizhia xác nhận, ở Orekhov, trong 10 ngày qua, quân đội Nga đã hoàn toàn chiếm được khu vực Bilohirya và nối lại các cuộc tiến công về phía đông Mala Tokmachka, đồng thời tái chiếm trường học chính phía bắc trại giam.
Bản đồ chiến sự Nga - Ukraine tại Orekhov ngày 11/1. Moscow kiểm soát phần màu nâu, các khu vực bao quanh bởi nét đứt màu đỏ là nơi họ mới giành được và tiếp tục phát triển về phía thành phố (Ảnh: Suriyakmaps).
Quanh khu vực Vasylivka, trong 3 ngày qua, RFAF đã gần như chiếm được khu định cư Prymorske, chuyển các cuộc giao tranh sang các khu nhà nghỉ cuối tuần ở phía bắc. Ngoài ra, lực lượng Moscow hoàn toàn kiểm soát khu vực Stepnogorsk bằng việc chiếm giữ các chiến hào phía bắc, cũng gần nhà máy điện mặt trời.
Bản đồ chiến sự Nga - Ukraine ở cánh tây Zaporizhia ngày 11/1. Moscow kiểm soát phần màu nâu, các khu vực bao quanh bởi nét đứt màu đỏ là nơi họ mới giành được và tiếp tục phát triển về phía thành phố (Ảnh: Suriyakmaps)."
https://dantri.com.vn/the-gioi/my-len-day-cot-sap-nhap-greenland-dan-mach-doi-mat-thoi-khac-dinh-menh-20260112073932933.htm,"Mỹ lên dây cót sáp nhập Greenland, Đan Mạch đối mặt “thời khắc định mệnh”",(Dân trí) - Đan Mạch đang đứng trước “thời khắc định mệnh” trong bối cảnh Tổng thống Mỹ Donald Trump để ngỏ khả năng sáp nhập Greenland.,"Một bến cảng ở Greenland (Ảnh: Reuters).
“Chúng ta đang ở ngã rẽ và đây là một thời khắc định mệnh. Những gì đang bị đe dọa lớn hơn nhiều so với điều chúng ta có thể thấy, bởi nếu những gì chúng ta thấy từ phía Mỹ cho thấy họ thực sự đang quay lưng lại với liên minh phương Tây, quay lưng lại với sự hợp tác NATO bằng cách đe dọa một đồng minh - điều mà trước đây chúng ta chưa từng chứng kiến - thì mọi thứ sẽ chấm dứt”, Thủ tướng Đan Mạch Mette Frederiksen tuyên bố hôm 11/1.
Thủ tướng Frederiksen cho biết mặc dù bà đã gặp Tổng thống Donald Trump, nhưng bà chưa thảo luận về vấn đề Greenland với nhà lãnh đạo Mỹ kể từ cuộc điện đàm cách đây một năm.
Theo bà Frederiksen, Đan Mạch đang “làm mọi cách có thể để lập trường của mình được thừa nhận trong thực tế chính trị của Mỹ”, nhưng cũng phải “kiên định” về vấn đề Greenland.
Mô tả tình hình hiện tại giữa các đồng minh lâu năm là một “cuộc xung đột về Greenland”, bà cho biết: “Chúng tôi đã nhận được sự ủng hộ rất lớn từ các quốc gia trong khối NATO”.
Bloomberg và The Telegraph đưa tin, Anh và Đức đang xây dựng các kế hoạch nhằm ngăn chặn Tổng thống Trump kiểm soát Greenland.
Berlin và London đang tìm cách tăng cường sự hiện diện của NATO trong khu vực nhằm làm suy yếu động thái an ninh của Tổng thống Trump.
Bloomberg tiết lộ một đề xuất của Đức liên quan đến sứ mệnh chung của NATO có tên gọi “Arctic Sentry”. Ngoại trưởng Đức Johann Wadephul dự kiến sẽ thảo luận vấn đề này với Ngoại trưởng Mỹ Marco Rubio trong tuần này.
“Tôi muốn thảo luận trong chuyến đi của mình về cách chúng ta có thể gánh vác trách nhiệm này tốt nhất trong NATO”, nhà ngoại giao hàng đầu của Đức nói hôm 11/1.
Theo Telegraph, các quan chức Anh cũng đã gặp những người đồng cấp từ Đức và Pháp trong những ngày gần đây để xây dựng kế hoạch cho một sứ mệnh của NATO, dự kiến được triển khai tại Greenland. Các đề xuất này đã được thảo luận tại một cuộc họp NATO vào tuần trước.
Những phương án do London đề xuất bao gồm tổ chức các cuộc tập trận quân sự, chia sẻ tình báo, tăng chi tiêu quốc phòng có mục tiêu, thậm chí là triển khai đầy đủ binh lực tới Greenland. Telegraph lưu ý rằng các kế hoạch này vẫn đang ở giai đoạn sơ khai.
Tổng thống Trump từ lâu đã cho rằng Mỹ nên kiểm soát Greenland, hòn đảo tự trị thuộc Đan Mạch này, đề cập đến vị trí chiến lược của Greenland cũng như nhu cầu ngăn chặn ảnh hưởng của Nga và Trung Quốc tại Bắc Cực. Lập trường của nhà lãnh đạo Mỹ đã khiến ông đối đầu với một số thành viên NATO ở châu Âu, những nước đã lên tiếng ủng hộ Đan Mạch.
Tổng thống Trump hôm 10/1 tuyên bố Mỹ sẽ giành được Greenland “dù họ có thích hay không”, đồng thời cảnh báo ông có thể đạt được điều đó “bằng con đường cứng rắn”.
Trong khi các kênh truyền thông đưa tin Mỹ đang cân nhắc việc mua lại hòn đảo và đưa ra các ưu đãitài chínhcho người dân địa phương, Nhà Trắng không loại trừ khả năng sử dụng vũ lực quân sự.
Daily Mail đưa tin Tổng thống Trump đã ra lệnh cho các chỉ huy cấp cao xây dựng kế hoạch cho khả năng can thiệp vào Greenland.
Nghị sĩ Đan Mạch Rasmus Jarlov cảnh báo NATO sẽ không thể tiếp tục tồn tại nếu Greenland bị Washington sáp nhập. Ông mô tả kịch bản Mỹ sáp nhập hòn đảo này là “có lẽ là yêu sách lãnh thổ vô lý nhất trong lịch sử”, bởi trên thực tế nó nhằm trực tiếp vào một đồng minh của Washington.
Nghị sĩ Đan Mạch nhấn mạnh rằng việc sáp nhập Greenland vào Mỹ mà không có sự đồng ý của Copenhagen sẽ vi phạm luật pháp quốc tế cũng như các thỏa thuận song phương."
https://dantri.com.vn/the-gioi/sat-thu-phong-khong-nga-lan-dau-xung-tran-o-ukraine-20260112091828207.htm,"""Sát thủ phòng không"" Nga lần đầu xung trận ở Ukraine",(Dân trí) - Ukraine cảnh báo mối đe dọa từ vũ khí mới của Nga với các hệ thống phòng không và máy bay của Kiev.,"Hình ảnh mô phỏng Geran-5 của Nga do Ukraine thực hiện (Ảnh: HUR).
Theo Cục Tình báo Quốc phòng Ukraine( HUR) Nga đang thử nghiệm các hình thức tác chiến đường không mới. Đầu năm nay, lực lượng Moscow lần đầu tiên sử dụng Geran-5 dài 6m, một UAV tấn công chạy bằng động cơ phản lực mới.
Sự xuất hiện của Geran-5 phản ánh nỗ lực của Nga tìm cách loại bỏ các hệ thống phòng không của Ukraine.
UAV mới này có sải cánh lên tới 5,5m. Đầu đạn nặng khoảng 90kg, và tầm tấn công được công bố lên tới 1.000km.
Theo HUR, điều đáng lo ngại đặc biệt là thông tin cho thấy Nga đang cân nhắc trang bị cho Geran-5 tên lửa R-73. Động thái như vậy sẽ là nỗ lực biến một UAV tấn công thành một phần của hệ thống phòng không tích hợp hoặc tác chiến đối không.
Với R-73, UAV Nga có thể nhằm mục tiêu vào máy bay cũng như lá chắn phòng không của đối thủ với độ chính xác cao, làm gia tăng mối đe dọa với Ukraine.
Việc sử dụng động cơ phản lực, cùng với tên lửa R-73, khiến việc Ukraine đánh chặn nền tảng này bằng trực thăng và tiêm kích càng trở nên khó khăn hơn nữa.
Trong UAV mới của mình, Nga sử dụng hệ thống dẫn đường vệ tinh “Kometa” 12 kênh, cùng các modem 3G/4G. UAV được trang bị động cơ phản lực Telefly, tương tự loại dùng trên Geran-3 nhưng có lực đẩy lớn hơn.
Nga cũng đang xem xét các phương án phóng Geran-5 từ các nền tảng trên không, bao gồm máy bay Su-25. Mục tiêu là tăng tầm hoạt động đồng thời giảm chi phí triển khai.
Theo HUR, phương tiện không người lái này có thiết kế khá tương đồng với UAV Karrar do Iran phát triển.
UAV tấn công đóng vai trò then chốt trong chiến dịch đường không của Nga nhằm vào các thành phố và cơ sở hạ tầng của Ukraine.
Với tầm hoạt động rộng, về lý thuyết, UAV mới có thể vươn tới bất kỳ điểm nào trên lãnh thổ Ukraine.
Trong khi Nga tìm cách hiện đại hóa đội hình UAV của mình, Ukraine cũng đang phát triển các chiến thuật mới để đối phó với các đòn tấn công đường không của Nga.
Ngoài việc sử dụng các hệ thống phòng không do phương Tây cung cấp, Ukraine đã đẩy mạnh sản xuất UAV đánh chặn, được thiết kế để đối phó với các UAV Shahed của Nga.
Chỉ trong hơn một tuần qua, lực lượng Nga đã phóng gần 1.100 UAV tấn công nhằm vào Ukraine, cùng với 890 bom dẫn đường trên không và 50 tên lửa, Tổng thống Volodymyr Zelensky cho biết ngày 11/1."
https://dantri.com.vn/the-gioi/cuba-len-tieng-sau-canh-bao-cua-my-20260112060532632.htm,Cuba lên tiếng sau cảnh báo của Mỹ,(Dân trí) - Cuba tuyên bố có quyền nhập khẩu nhiên liệu từ bất kỳ nhà cung cấp nào sẵn sàng xuất khẩu và không ai có thể ép Cuba ký thỏa thuận với Mỹ.,"Chủ tịch Cuba Miguel Diaz-Canel (Ảnh: Xinhua).
Tổng thống Mỹ Donald Trump hôm 11/1 tuyên bố sẽ không còn bất kỳ dầu mỏ hay tiền bạc nào từ Venezuela chảy sang Cuba, đồng thời gợi ý Cuba nên đạt được một thỏa thuận với Washington.
“Sẽ không còn dầu mỏ hay tiền bạc nào chảy sang Cuba. Bằng không! Tôi khuyến nghị họ đạt được một thỏa thuận, trước khi quá muộn”, Tổng thống Trump viết trên nền tảng Truth Social khi nói rằng Cuba đã dựa vào lượng lớn dầu mỏ và tiền bạc từ Venezuela trong nhiều năm.
Tổng thống Mỹ không nêu rõ nội dung thỏa thuận mà ông gợi ý.
Chủ tịch Cuba Miguel Diaz-Canel đã bác bỏ lời đe dọa của nhà lãnh đạo Mỹ, cho rằng Washington không có thẩm quyền để ép Cuba phải ký kết bất kỳ thỏa thuận nào.
“Cuba là một quốc gia tự do, độc lập và có chủ quyền. Không ai có quyền ra lệnh cho chúng tôi phải làm gì. Cuba không tấn công ai. Cuba đã bị Mỹ tấn công suốt 66 năm qua. Cuba không đe dọa. Cuba chuẩn bị sẵn sàng, quyết tâm bảo vệ Tổ quốc đến giọt máu cuối cùng”, Chủ tịch Cuba Miguel Diaz-Canel viết trên nền tảng X.
Ngoại trưởng Cuba Bruno Rodriguez trong một bài đăng khác trên X cũng tuyên bố, Cuba có quyền nhập khẩu nhiên liệu từ bất kỳ nhà cung cấp nào sẵn sàng xuất khẩu. Ông cũng phủ nhận việc Cuba nhận được bất kỳ khoản bồi hoàntài chínhhay “lợi ích vật chất” nào để đổi lấy các dịch vụ an ninh cung cấp cho bất kỳ quốc gia nào.
Alberto Jimenez, 45 tuổi, một người bán nông sản tại Havana, cho biết Cuba sẽ không lùi bước trước lời đe dọa của Washington. “Điều đó không làm tôi sợ. Hoàn toàn không. Người dân Cuba đã sẵn sàng cho mọi thứ”, Jimenez nói.
Venezuela là nhà cung cấp dầu lớn nhất cho Cuba, nhưng dữ liệu vận tải cho thấy, kể từ khi Tổng thống Venezuela Nicolas Maduro bị lực lượng Mỹ bắt giữ đầu tháng 1 trong bối cảnh Mỹ áp đặt một lệnh phong tỏa dầu mỏ nghiêm ngặt đối với quốc gia thành viên OPEC này, không còn chuyến hàng nào rời các cảng Venezuela để tới Cuba.
Trong khi đó, Caracas và Washington đang tiến triển trong một thỏa thuận trị giá 2 tỷ USD nhằm cung cấp tối đa 50 triệu thùng dầu Venezuela cho Mỹ, với nguồn thu được gửi vào các tài khoản do Bộ Tài chính Mỹ giám sát. Đây được xem là phép thử lớn đối với mối quan hệ đang hình thành giữa Tổng thống Mỹ và Tổng thống lâm thời Venezuela Delcy Rodriguez.
Trong những tuần gần đây, các quan chức Mỹ đã gia tăng giọng điệu cứng rắn đối với Cuba.
Hơn 30 thành viên của lực lượng vũ trang và cơ quan tình báo Cuba đã thiệt mạng trong cuộc đột kích của Mỹ vào Venezuela hôm 3/1. Phía Cuba cho biết những người thiệt mạng chịu trách nhiệm về “an ninh và quốc phòng”, nhưng không cung cấp chi tiết về thỏa thuận giữa hai đồng minh lâu năm này.
Cuba phụ thuộc vào dầu thô và nhiên liệu nhập khẩu, chủ yếu từ Venezuela, và một phần nhỏ hơn từ Mexico, mua trên thị trường mở để duy trì hoạt động của các nhà máy điện và phương tiện giao thông.
Khi năng lực lọc dầu của Venezuela suy giảm trong những năm gần đây, nguồn cung dầu thô và nhiên liệu cho Cuba cũng giảm theo. Tuy vậy, quốc gia Nam Mỹ này vẫn là nhà cung cấp lớn nhất, với khoảng 26.500 thùng/ngày được xuất khẩu trong năm ngoái. Con số này đáp ứng khoảng 50% mức tiêu thụ dầu của Cuba.
Trong những tuần gần đây, Mexico đã nổi lên như một nhà cung cấp dầu thay thế quan trọng cho Cuba, dù khối lượng vẫn còn nhỏ, theo dữ liệu vận tải."
https://dantri.com.vn/the-gioi/ong-zelensky-dong-minh-can-chuyen-ten-lua-phong-khong-du-tru-toi-ukraine-20260112113941737.htm,Ông Zelensky: Đồng minh cần chuyển tên lửa phòng không dự trữ tới Ukraine,(Dân trí) - Tổng thống Volodymyr Zelensky cho biết tên lửa phòng không trong kho dự trữ của các nước đối tác cần được chuyển tới Ukraine khi Nga đang gia tăng cường độ các vụ tập kích.,"Tổng thống Ukraine Volodymyr Zelensky (Ảnh: Reuters).
Trong bài phát biểu buổi tối, Tổng thống Zelensky cho biết Ukraine nắm rõ về các tên lửa phòng không đang nằm trong kho dự trữ của đồng minh và số vũ khí này này cần được chuyển tới Ukraine.
Ông Zelensky đã trao đổi với ông Oleksandr Syrskyi, Tổng tư lệnh Lực lượng Vũ trang Ukraine, chủ yếu về phòng không và nguồn cung từ các đối tác.
Cụ thể, 2 ông đã bàn về những gì đang trên đường chuyển đến, những gì còn thiếu, những yêu cầu nào vẫn chưa được đáp ứng và những nội dung nào cần được đẩy nhanh.
“Ưu tiên số một là tên lửa phòng không. Cụ thể, ngày mai chúng tôi sẽ có một cuộc họp để thảo luận vấn đề này. Cần có thêm các đóng góp mới từ các đối tác cho sáng kiến PURL, cũng như các đợt bàn giao từ kho dự trữ ở châu Âu: Các tên lửa đang có trong kho, chúng tôi biết rõ điều đó, chúng tôi nắm hết thông tin, và chúng cần được đưa vào sử dụng bởi lực lượng phòng không của chúng tôi”, Tổng thống nói.
Ông Zelensky cũng cho biết đã được Thư ký Hội đồng An ninh và Quốc phòng Quốc gia Rustem Umierov báo cáo về các cuộc họp với Mỹ.
“Chúng tôi đang lên kế hoạch lịch trình các cuộc gặp và các vòng đàm phán tiếp theo, và Ukraine đang hành động một cách xây dựng nhất và nhanh nhất có thể trong tiến trình này"", ông nói.
Lời kêu gọi của ông Zelensky đến trong bối cảnh Ukraine đang vật lộn để khôi phục điện cho hàng chục nghìn người bị mất sưởi ấm trong điều kiện giá lạnh khắc nghiệt, sau một tuần Nga tiến hành các đợt không kích dữ dội khiến hạ tầng năng lượng của Ukraine gần như tê liệt.
Thủ tướng Ukraine Yulia Svyrydenko cáo buộc Nga đã tấn công các cơ sở hạ tầng năng lượng mỗi ngày trong suốt tuần qua, khi nhiệt độ liên tục giảm sâu.
“Tình hình càng trở nên phức tạp do điều kiện thời tiết khó khăn và nhiệt độ giảm mạnh”, bà nói trong một tuyên bố.
Theo Cơ quan Tình trạng Khẩn cấp Nhà nước, các điểm trú ẩn di động đã được thiết lập tại thủ đô, cung cấp nơi để người dân sưởi ấm, sạc điện thoại và các thiết bị khác, cũng như uống trà nóng.
Dẫu vậy, người dân cho biết cuộc sống không có điện giữa mùa đông là một thách thức rất lớn.
Nga đã nhiều lần tập kích hạ tầng năng lượng vàquân sựcủa Ukraine kể từ năm 2022, sử dụng các đợt tên lửa và UAV nhằm làm tê liệt năng lực vận hành của các cơ sở này.
Trung bình, người dân Kiev không có điện 9,5 giờ mỗi ngày trong tháng 12, khi hệ thống năng lượng phải gồng mình đáp ứng nhu cầu mùa đông.
Các cuộc không kích trong tuần qua diễn ra khi xung đột bước sang mùa đông thứ 4, đẩy các thành phố vào tình trạng mất điện kéo dài trong khi nhiệt độ xuống dưới mức đóng băng và được dự báo còn giảm thêm.
Hôm thứ Bảy, Ukrenergo, đơn vị vận hành lưới điện quốc gia của Ukraine, đã ra lệnh cắt điện khẩn cấp tại Kiev và khu vực xung quanh để sửa chữa hệ thống bị hư hại nặng.
Ông Klitschko cảnh báo rằng hệ thống cung cấp năng lượng của thủ đô vẫn ở tình trạng “rất khó khăn” bất chấp các nỗ lực khôi phục."
https://dantri.com.vn/the-gioi/tong-thong-trump-iran-muon-dam-phan-nhung-my-co-the-ra-tay-truoc-20260112104350093.htm,"Tổng thống Trump: Iran muốn đàm phán, nhưng Mỹ có thể ra tay trước",(Dân trí) - Tổng thống Mỹ Donald Trump cho biết chính quyền của ông đang theo dõi chặt chẽ tình hình ở Iran và tiếp tục cân nhắc những phương án quân sự tiềm năng nhằm vào nước này.,"Tổng thống Mỹ Donald Trump (Ảnh: AFP).
Tổng thống Mỹ Donald Trump hôm 11/1 cho biết lãnh đạo Iran đã gọi điện cho ông để đàm phán.
“Họ đã gọi hôm qua. Iran đã gọi để đàm phán. Các nhà lãnh đạo Iran muốn đàm phán. Tôi nghĩ họ đã mệt mỏi vì liên tục bị Mỹ giáng đòn. Iran muốn đàm phán với chúng tôi”, chủ nhân Nhà Trắng nói.
Tuy nhiên, ông cảnh báo: "" Chúng tôi có thể sẽ phải hành động trước khi có một cuộc gặp”.
Ông nói thêm, chính quyền của ông đang theo dõi sát tình hình và cân nhắc các phương án với Iran.
“Chúng tôi đang xem xét vấn đề này một cách rất nghiêm túc. Quân đội đang xem xét tình hình, và chúng tôi đang cân nhắc một số lựa chọn rất cứng rắn. Chúng tôi sẽ đưa ra quyết định”, Tổng thống Trump nói.
Ông Trump cũng cho biết chính quyền của ông có thể sẽ trao đổi với nhà sáng lập SpaceX Elon Musk về việc giúp người dân Iran tiếp cận Starlink, dịch vụ Internet vệ tinh của tỷ phú công nghệ này.
Khi được hỏi Mỹ sẽ phản ứng ra sao nếu Iran tấn công các căn cứquân sựMỹ, ông Trump trả lời: “Chúng tôi sẽ đáp trả họ ở mức độ mà họ chưa từng hứng chịu trước đây”.
Trước đó, hôm 9/1, ông Trump cảnh báo: “Iran đang gặp rắc rối lớn. Theo tôi thấy, người dân đang giành quyền kiểm soát một số thành phố mà chỉ vài tuần trước đây không ai nghĩ là có thể xảy ra. Họ tốt hơn hết là đừng bắt đầu nổ súng, bởi vì chúng tôi cũng sẽ nổ súng... chúng tôi sẽ can dự”.
Chủ nhân Nhà Trắng giải thích thêm: “Điều đó không có nghĩa là đưa bộ binh xuống thực địa, nhưng có nghĩa sẽ là đòn đánh rất mạnh vào những chỗ đau nhất”. Ông nhấn mạnh, các quan chức Mỹ đang theo dõi sát tình hình.
Truyền thông trước đó đưa tin, Tổng thống Trump đang cân nhắc một loạt phương án quân sự có thể áp dụng đối với Iran, và trong những ngày gần đây đã được báo cáo về nhiều kế hoạch can thiệp khác nhau. Ông Trump dự kiến họp với các cố vấn cấp cao vào ngày 13/1 để thảo luận chi tiết các phương án đối với Iran.
Tuy nhiên, các nguồn tin cho hay, nội bộ chính quyền Mỹ đang tồn tại những lo ngại cho rằng các cuộc tấn công quân sự có thể phản tác dụng. Theo các quan chức, mối lo là những đòn tấn công có thể vô tình khiến người dân Iran đoàn kết ủng hộ chính quyền, hoặc khiến Iran đáp trả bằng sức mạnh quân sự của chính họ.
Bộ Ngoại giao Iran hiện chưa bình luận về những phát ngôn mới nhất của ông Trump. Tuy nhiên, người đứng đầu quân đội Iran, Tướng Amir Hatami tuần trước cảnh báo tấn công phủ đầu nhằm vào các lợi ích của Mỹ.
Chủ tịch Quốc hội Iran Mohammad Baqer Qalibaf hôm qua cũng tuyên bố: “Nếu Iran bị tấn công, cả các vùng lãnh thổ bị kiểm soát lẫn toàn bộ các trung tâm, căn cứ quân sự và tàu thuyền của Mỹ trong khu vực sẽ là những mục tiêu hợp pháp của chúng tôi”.
Ông nhấn mạnh: “Chúng tôi không coi mình chỉ giới hạn ở việc phản ứng sau khi hành động đã xảy ra và sẽ hành động dựa trên bất kỳ dấu hiệu khách quan nào của mối đe dọa”."
https://dantri.com.vn/the-gioi/tong-thong-trump-50-trieu-thung-dau-venezuela-dang-tren-duong-toi-my-20260112102149065.htm,Tổng thống Trump: 50 triệu thùng dầu Venezuela đang trên đường tới Mỹ,(Dân trí) - Tổng thống Donald Trump nhắc lại cam kết của lãnh đạo lâm thời Venezuela về việc chuyển 50 triệu thùng dầu sang Mỹ.,"Tổng thống Donald Trump (Ảnh: Reuters).
Tổng thống Donald Trump ngày 11/1 bày tỏ sẵn sàng gặp gỡ Tổng thống lâm thời Venezuela, bà Delcy Rodriguez, sau khi Mỹ bắt giữ Tổng thống Nicolas Maduro trong chiến dịchquân sựngày 3/1.
“Chúng tôi đang hợp tác rất tốt với giới lãnh đạo (Venezuela), và chúng ta sẽ xem mọi việc diễn ra như thế nào”, ông Trump nói với các phóng viên trên chuyên cơ Không Lực Một.
Tổng thống Trump cho biết Tổng thống lâm thời Rodriguez đã đề nghị cung cấp cho Mỹ 50 triệu thùng dầu và lô dầu này đang trên đường đến Mỹ.
""Bà ấy (Tổng thống lâm thời Venezuela) hỏi chúng tôi liệu chúng tôi có thể nhận 50 triệu thùng dầu hay không, và tôi nói có, chúng tôi có thể. Nó trị giá 4,2 tỷ USD và đang trên đường đến Mỹ"", ông chủ Nhà Trắng nói thêm.
Ông Trump không nêu rõ các điều khoản cụ thể của thỏa thuận hoặc liệu lô dầu này có liên quan đến các cuộc đàm phán chiến lược giữa hai nước hay không. Mỹ hiện có các nhà máy lọc dầu được thiết kế đặc biệt để tinh chế loại dầu của Venezuela.
Tổng thống Trump không đưa ra thời gian cụ thể cho cuộc gặp tiềm năng với Tổng thống lâm thời Rodriguez, hay chuyến thăm tiềm năng của ông hoặc Ngoại trưởng Mỹ Marco Rubio tới Venezuela. Tuy nhiên, nhà lãnh đạo Mỹ dự kiến​​ gặp lãnh đạo phe đối lập Venezuela Maria Machado trong tuần này.
Khi được hỏi liệu có công ty dầu khí nào cam kết ủng hộ quyết định của ông về việc tái thiết ngành công nghiệp dầu mỏ của Venezuela hay không, Tổng thống Trump cho biết ông “không hài lòng” với phản hồi của tập đoàn ExxonMobil.
Trước đó, Giám đốc điều hành của ExxonMobil cảnh báo “không thể đầu tư” vào Venezuela trong bối cảnh hiện tại, nói rằng tình hình hiện tại tiềm ẩn rủi ro không thể chấp nhận được đối với tập đoàn.
“Chúng tôi có lẽ sẽ không khuyến khích Exxon tham gia”, ông Trump tuyên bố.
Tổng thống Trump cho biết ông sẽ đích thân quyết định công ty nào của Mỹ có thể vào Venezuela và tái thiết ngành công nghiệp dầu mỏ của nước này. Các giám đốc điều hành ngành dầu khí phần lớn từ chối cam kết về một thỏa thuận như vậy trong cuộc họp với nhà lãnh đạo Mỹ vào tuần trước.
Tổng thống Trump tuyên bố các công ty Mỹ sẽ đầu tư ít nhất 100 tỷ USD vào hoạt động sản xuất dầu mỏ của Venezuela.
“Các công ty Mỹ sẽ có cơ hội tái thiết cơ sở hạ tầng năng lượng của Venezuela và cuối cùng nâng sản lượng dầu lên mức chưa từng thấy trước đây. Khi cộng Venezuela và Mỹ lại với nhau, chúng tôi có 55% lượng dầu của thế giới”, ông Trump cho biết.
Venezuela, quốc gia sở hữu trữ lượng dầu mỏ được cho là lớn nhất thế giới, đã quốc hữu hóa tài sản của các công ty Mỹ vào những năm 2000 dưới thời cố Tổng thống Hugo Chavez.
Ông Trump viện dẫn việc quốc hữu hóa “không công bằng” này là một trong những lý do khiến ông ra lệnh điều lực lượng đặc nhiệm bắt giữ Tổng thống Venezuela Nicolas Maduro khỏi dinh thự ở Caracas.
Sau cuộc đột kích vào Caracas, chủ nhân Nhà Trắng cho biết, chính quyền lâm thời Venezuela đã đồng ý chuyển 30 triệu đến 50 triệu thùng dầu cho Mỹ. Số dầu này sẽ được chuyển thẳng đến các cảng của Mỹ. Ông Trump cam kết sẽ sử dụng số tiền thu được vì lợi ích của người dân 2 nước.
Ông cũng nói rằng Venezuela sẽ chỉ mua các sản phẩm do Mỹ sản xuất như một phần của thỏa thuận với Washington liên quan đến việc bán dầu mỏ của quốc gia Mỹ Latinh này.
Các quan chức trong chính quyền Tổng thống Trump cho biết họ cần kiểm soát việc bán dầu và nguồn thu từ dầu của Venezuela trong thời gian dài để bảo đảm quốc gia này hành động phù hợp với lợi ích của Mỹ, đồng thời cũng muốn các tập đoàn dầu khí lớn khôi phục các mỏ dầu của Venezuela sau nhiều thập niên suy thoái."
https://dantri.com.vn/the-gioi/venezuela-tim-cach-giai-cuu-dua-tong-thong-maduro-ve-nuoc-20260112065542374.htm,"Venezuela tìm cách “giải cứu”, đưa Tổng thống Maduro về nước",(Dân trí) - Lãnh đạo lâm thời Venezuela tuyên bố sẽ tìm cách “giải cứu” Tổng thống Nicolas Maduro và đưa ông về nước.,"Tổng thống Venezuela Nicolas Maduro bị áp giải đến tòa án Mỹ (Ảnh: Yonhap).
Trong một tuyên bố vào ngày 10/1, Tổng thống lâm thời Venezuela, bà Delcy Rodriguez, đã tuyên bố sẽ giải cứu gia đình Tổng thống Nicolas Maduro và lên án cuộc tấn công của Mỹ vào Venezuela.
Bà Rodriguez tuyên bố sẽ không nghỉ ngơi cho đến khi Tổng thống Maduro và Đệ nhất phu nhân được trở về Venezuela.
Bà chỉ trích cuộc tấn công của Mỹ vào Venezuela hôm 3/1 sẽ ""đi vào lịch sử như một vết nhơ lớn"" trong quan hệ giữa hai nước.
Trước đó, Tổng thống lâm thời Rodriguez ngày 7/1 đã chủ trì một “cuộc họp quan trọng” của liên minh chính trị tại Venezuela. Nội dung cuộc họp liên quan đến việc “giải cứu” Tổng thống Maduro và vợ ông.
Trong bài phát biểu trên truyền hình sau cuộc đột kích của Mỹ, bà Rodriguez, khi đó là Phó Tổng thống Venezuela, đã kêu gọi “trả tự do ngay lập tức” cho Tổng thống Maduro và vợ ông, đồng thời khẳng định “Tổng thống Nicolas Maduro là tổng thống duy nhất của Venezuela”.
Cùng với các quan chức cấp cao khác, bà Rodriguez mô tả việc Mỹ bắt giữ Tổng thống Maduro và phu nhân Flores là một “vụ bắt cóc”, và vi phạm chủ quyền lãnh thổ của Venezuela.
Tổng thống Maduro và vợ đã bị bắt giữ trong một chiến dịch quân sự bất ngờ của Mỹ diễn ra vào giữa đêm khuya, rạng sáng 3/1. Venezuela xác nhận cuộc đột kích khiến hơn 100 người thiệt mạng, trong khi vợ chồng Tổng thống Maduro bị thương.
Tổng thống Maduro và vợ lần đầu ra hầu tòa tại tòa án liên bang ở New York vào ngày 5/1, với những cáo buộc liên quan đến vũ khí và ma túy.
Chính quyền của Tổng thống Mỹ Donald Trump đã sử dụng các cáo buộc này để biện minh cho việc bắt giữ ông Maduro và vợ. Cả 2 người đều mạnh mẽ bác bỏ những cáo buộc từ phía Washington.
Cả ông Maduro và bà Flores đều không nhận tội trong phiên tòa đầu tiên. Họ khẳng định mình hoàn toàn “vô tội” và bác bỏ các cáo buộc do Mỹ đưa ra.
Ông Nicolas Maduro Guerra, con trai Tổng thống Maduro, ngày 10/1 cho biết vợ chồng ông Maduro “vẫn ổn” trong trại giam ở Mỹ.
“Các luật sư nói với chúng tôi rằng ông ấy rất kiên cường. Ông ấy nói mọi người đừng buồn và rằng họ vẫn ổn, họ là những chiến binh. Một con người mà đối phương không thể đánh bại bằng bất kỳ cách nào. Ông ấy rất kiên cường”, ông Guerra nói.
Tại Venezuela, các nhóm ủng hộ chính phủ đã xuống đường tại nhiều thành phố trên khắp cả nước để yêu cầu Mỹ trả tự do cho vợ chồng Tổng thống Maduro. Các cuộc tuần hành diễn ra tại Caracas, Trujillo, Nueva Esparta, Miranda và nhiều địa điểm khác.
Trong sự kiện này, bà Rodriguez khẳng định rằng tại Venezuela “vẫn có một chính phủ, đó là chính phủ của Tổng thống Nicolas Maduro"".
Chính phủ các nước, trong đó có Nga và Trung Quốc, cũng kêu gọi Mỹ trả tự do cho vợ chồng Tổng thống Maduro, đồng thời lên án hành độngquân sựcủa Mỹ tại Venezuela."
https://dantri.com.vn/the-gioi/nga-tuyen-bo-ban-roi-tiem-kich-f-16-cua-ukraine-20260112073034629.htm,Nga tuyên bố bắn rơi tiêm kích F-16 của Ukraine,(Dân trí) - Một chỉ huy Nga cho biết khẩu đội phòng không S-300 do ông chỉ huy đã bắn rơi một máy bay tiêm kích F-16 của Ukraine được Mỹ viện trợ.,"Máy bay chiến đấu F-16 do Mỹ sản xuất (Ảnh: AFP).
Trả lời phỏng vấn kênh Russia-1 hôm 11/1, vị chỉ huy Nga có mật danh Sever (phương Bắc) nói với nhà báo Vladimir Solovyov rằng, khẩu đội S-300 do ông chỉ huy đã phóng 2 tên lửa vào tiêm kích F-16 của Ukraine. Quả đầu tiên “làm hư hại” máy bay, còn quả thứ hai “giáng đòn chí mạng”.
Viên chỉ huy này cho biết thêm, F-16 là một trong những mục tiêu mà đơn vị của ông mất nhiều thời gian và nỗ lực nhất để đối phó.
“Chúng tôi đã mất rất nhiều thời gian để chuẩn bị cho chiến dịch này. Chúng tôi theo dõi và chờ đợi thời điểm. Phía đối phương từng khoe rằng những máy bay này là bất khả xâm phạm. Nhưng hóa ra, chúng cũng rơi khỏi bầu trời giống như các loại khác”, ông Sever nói.
Tuy nhiên, ông không nêu rõ vụ bắn rơi xảy ra vào thời điểm nào.
F-16 do tập đoàn Lockheed Martin của Mỹ chế tạo. Máy bay có thể mang phóng được nhiều loại bom và tên lửa hiện đại.
Ukraine đã nhận được những tiêm kích F-16 đầu tiên từ Hà Lan và Đan Mạch vào năm 2024 sau khi được Mỹ “bật đèn xanh”. Các máy bay chiến đấu thế hệ thứ tư do Mỹ sản xuất này đã được triển khai để tăng cường lá chắn bầu trời của Ukraine và giúp đẩy lùi các cuộc tấn công trên không của Nga.
Hiện không rõ phi đội của Ukraine có tổng cộng bao nhiêu chiếc F-16, song Kiev xác nhận họ đã mất 4 chiếc trong hoạt động tác chiến.
Theo Business Insider, Kiev đến nay chính thức nhận được 44 trong tổng số 87 máy bay tiêm kích được các nước châu Âu cam kết viện trợ."
https://dantri.com.vn/the-gioi/tong-thong-trump-xem-xet-hanh-dong-quan-su-voi-iran-20260112060426324.htm,Tổng thống Trump xem xét hành động quân sự với Iran,"(Dân trí) - Tổng thống Mỹ Donald Trump đã được báo cáo các phương án quân sự cho một cuộc tấn công nhằm vào Iran, trong bối cảnh những cuộc biểu tình lan rộng.","Tổng thống Donald Trump (Ảnh: Reuters).
Truyền thông Mỹ dẫn lời các quan chức Mỹ cho biết, Tổng thống Donald Trump đang cân nhắc một loạt phương ánquân sựở Iran sau các cuộc biểu tình chết người tại nước này.
Theo các quan chức Mỹ, Tổng thống Donald Trump đã được báo cáo trong những ngày gần đây về các kế hoạch can thiệp khác nhau vào Iran.
Một số cuộc thảo luận cũng bao gồm các phương án không liên quan đến lực lượng quân sự trực tiếp của Mỹ.
Một quan chức Mỹ tiết lộ, Tổng thống Trump vẫn chưa đưa ra quyết định cuối cùng về việc can thiệp quân sự vào Iran, nhưng ông đang nghiêm túc xem xét hành động khi số người chết ở Iran tiếp tục tăng lên.
“Iran đang hướng tới tự do, có lẽ hơn bao giờ hết. Mỹ sẵn sàng giúp đỡ”, ông Trump viết trên mạng xã hội hôm 10/1.
Theo một nhóm nhân quyền có trụ sở tại Mỹ, ít nhất 490 người biểu tình đã thiệt mạng và hơn 10.000 người bị bắt giữ trong 15 ngày qua. Iran hiện đã bị mất kết nối mạng hơn 72 giờ sau khi chính quyền cắt đứt truy cập Internet và đường dây điện thoại trong bối cảnh hỗn loạn.
Biểu tình ở Iran (Ảnh: Getty).
Hãng thông tấn Iran Tasnim cho biết hơn 100 thành viên lực lượng an ninh Iran đã thiệt mạng kể từ khi các cuộc biểu tình bắt đầu.
Chính quyền Iran đẩy mạnh nỗ lực kiềm chế các cuộc biểu tình lớn nhất trong nhiều năm qua, với hàng nghìn người xuống đường phản đối giá cả sinh hoạt leo thang và tình trạng lạm phát. Tuy nhiên, một số cuộc biểu tình đã biến thành bạo loạn, khi nhiều hành vi bạo lực và đốt phá đã diễn ra.
Các cuộc biểu tình lớn nhất trong nhiều năm qua được châm ngòi bởi cuộc khủng hoảng kinh tế do các lệnh trừng phạt khắc nghiệt của phương Tây gây ra cho Iran.
Tổng thống Trump cảnh báo có thể can thiệp quân sự nếu chính quyền Iran có hành vi bạo lực với người biểu tình. Vào ngày 11/1, Chủ tịch Quốc hội Iran Mohammad Baqer Qalibaf cảnh báo Mỹ “đừng tính toán sai lầm”.
“Nếu Iran bị tấn công, cả các vùng lãnh thổ bị kiểm soát lẫn toàn bộ các trung tâm, căn cứ quân sự và tàu thuyền của Mỹ trong khu vực sẽ là những mục tiêu hợp pháp của chúng tôi”, Chủ tịch Quốc hội Iran tuyên bố.
Quân đội Iran cũng tuyên bố sẽ bảo vệ “lợi ích quốc gia"". “Quân đội, dưới sự chỉ huy của Tổng Tư lệnh Tối cao, cùng với các lực lượng vũ trang khác, ngoài việc theo dõi các động thái của đối thủ trong khu vực, sẽ kiên quyết bảo vệ và gìn giữ lợi ích quốc gia, cơ sở hạ tầng chiến lược của đất nước và tài sản công”, tuyên bố nêu rõ.
Hiện vẫn chưa rõ Iran nghiêm túc đến mức nào trong khả năng phát động một cuộc tấn công phủ đầu, đặc biệt sau khi chứng kiến hệ thống phòng không của mình bị phá hủy trong cuộc chiến kéo dài 12 ngày hồi tháng 6 năm ngoái với Israel. Bất kỳ quyết định nào về việc bước vào một cuộc xung đột đều sẽ thuộc thẩm quyền của Lãnh tụ Tối cao Iran, Đại giáo chủ Ali Khamenei.
Quân đội Mỹ cho biết tại Trung Đông họ đang “bố trí lực lượng bao trùm đầy đủ các năng lực tác chiến nhằm bảo vệ binh sĩ của mình, các đối tác, đồng minh và lợi ích của Mỹ”."
https://dantri.com.vn/the-gioi/vi-sao-nga-khong-the-bat-nhieu-tu-binh-ukraine-o-mirnograd-20260111112728441.htm,Vì sao Nga không thể bắt nhiều tù binh Ukraine ở Mirnograd?,"(Dân trí) - Thành phố Mirnograd, một phần của khu vực Pokrovsk ở phía tây tỉnh Donetsk, vẫn đang là tâm điểm của cuộc xung đột Nga - Ukraine với một chiến thuật tấn công đặc biệt dữ dội từ phía Moscow.","Binh sĩ Ukraine tuần tra qua một tòa nhà đổ nát (Ảnh minh họa: Reuters).
Mặc dù Nga đã chính thức tuyên bố kiểm soát Mirnograd nhưng dường như trong thành phố vẫn còn những cứ điểm kháng cự của quân đội Ukraine (AFU) và vì thế, các đợt ném bom không dừng lại.
Một điểm đáng chú ý là, trong khi Pokrovsk chứng kiến chiến thuật ""đánh chặn - xâm nhập"" của Nga với hỏa lực hạn chế, Mirnograd lại phải đối mặt với sức công phá khủng khiếp từ siêu bom FAB-3000, nhằm vào các cứ điểm kiên cố là những tòa nhà chung cư cao tầng thời Liên Xô.
Nga dùng bom hạng nặng phá hủy cứ điểm Ukraine ở Mirnograd (Video: Telegram).
Hai đô thị, hai chiến thuật
Chiến sự tại khu vực Pokrovsk, bao gồm Pokrovsk, Mirnograd và Rodinske, vẫn là trọng tâm của cuộc xung đột. Tuy nhiên, cách tiếp cận của quân đội Nga (RFAF) tại đây lại có sự khác biệt rõ rệt.
Tại Pokrovsk, với dân số trước chiến tranh 63.000 người, RFAF áp dụng chiến thuật ""đánh chặn - xâm nhập"". Hỏa lực pháo binh và UAV FPV, kết hợp không quân, được sử dụng để ngăn chặn quân tiếp viện Ukraine.
Đồng thời, các nhóm bộ binh nhỏ của Nga xâm nhập vào thành phố, dần dần loại bỏ lực lượng phòng thủ Ukraine đang thiếu tiếp viện, giành quyền kiểm soát hàng loạt điểm then chốt theo kiểu ""da báo"".
Hỏa lực mạnh cũng được Nga sử dụng nhưng tương đối kiềm chế. Bộ binh RFAF đã tràn ngập Pokrovsk từ đầu tháng 12, buộc Ukraine phải rút về phía bắc, biến làng Grishino thành cứ điểm phòng thủ mới.
Ngược lại, ở Mirnograd, với dân số trước chiến tranh 46.000 người, chiến thuật của RFAF dữ dội hơn nhiều. Cuộc bao vây của Nga chủ yếu nhắm vào Mirnograd, nơi quân đội Ukraine vẫn ""kiên cường phòng thủ"" ở khu vực phía bắc. Mặc dù quân Nga đã chiếm phần lớn phía nam thành phố, phần phía bắc được cho là vẫn nằm trong tay lực lượng Kiev.
Điều đáng chú ý là RFAF đã áp dụng chiến thuật ""nặng tay"" ở Mirnograd, sử dụng rất nhiều hỏa lực mạnh để bắn phá các vị trí phòng thủ của Ukraine, trong khi hoạt động xâm nhập của bộ binh không mấy hiệu quả.
Lý do chính là khu vực phía đông của phía bắc Mirnograd có khu vực nhà cao tầng lớn nhất thành phố. Những tòa nhà này, hầu hết được xây dựng từ thời Liên Xô, rất kiên cố và được biến thành các pháo đài vững chắc, đóng vai trò cốt lõi trong hệ thống phòng thủ của quân đội Ukraine.
Hỏa lực pháo binh thông thường khó có thể phá hủy chúng, và binh lính Ukraine tin rằng ẩn náu trong tầng hầm có thể giảm thiểu thiệt hại.
Bản đồ chiến sự Nga - Ukraine tại Pokrovsk và Mirnograd ngày 10/1. Moscow được cho là vẫn chưa thể hoàn toàn kiểm soát thành phố Mirnograd (Ảnh: Liveuamap).
Siêu bom FAB-3000: Sát thủ của những tòa nhà cao tầng
Thay vì mạo hiểm đưa bộ binh tấn công trực diện vào khu vực nhà cao tầng ở phía bắc Mirnograd, RFAF đã sử dụng một loại vũ khí hủy diệt: bom lượn FAB-3000. Những ""siêu bom"" nặng 3 tấn này, với lượng thuốc nổ 1.400kg, có sức công phá lớn hơn nhiều so với đạn pháo hay UAV và các loại bom thông thường như FAB-500.
Kể từ khi được triển khai chiến đấu vào tháng 6/2024, FAB-3000 ban đầu chỉ được sử dụng gần biên giới Nga, sau đó dần mở rộng ra các khu vực tiền tuyến khác.
Thông thường, Không quân Nga hiếm khi sử dụng quá nhiều máy bay Su-34 để thả FAB-3000 ở cùng một khu vực. Tuy nhiên, tại Mirnograd, hàng chục chiếc Su-34 đã được huy động để thả bom FAB-3000 vào các khu vực nhà cao tầng, đặc biệt là khu vực lớn nhất ở phía đông bắc.
Mặc dù các tòa nhà cao tầng thời Liên Xô rất kiên cố và khó có thể bị đánh sập chỉ bằng một quả bom, nhưng sức công phá của FAB-3000 gây ra thiệt hại nặng nề cho binh lính Ukraine ẩn náu bên trong và dưới tầng hầm. Dù vậy, các tòa nhà này vẫn là nơi bảo vệ tốt nhất cho họ, và việc trụ vững tại Mirnograd sẽ là điều không tưởng nếu thiếu chúng.
Quân phòng thủ Ukraine vẫn tiếp tục tiến vào từng đợt, đối mặt với những trận mưa bom từ Không quân Nga, trong khi bộ binh RFAF vẫn chưa tấn công. Điều này đã gây ra thiệt hại nặng nề cho Lữ đoàn Thủy quân lục chiến số 38 và Lữ đoàn xung kích đường không số 25 của AFU ở khu vực này.
Nga không thể bắt hàng loạt tù binh Ukraine ở Mirnograd
Tinh thần chiến đấu của các đơn vị Kiev vẫn rất cao, tương tự như tinh thần của các tay súng thuộc lực lượngquân sựtư nhân Wagner của RFAF.
Việc Không quân thường xuyên thả bom FAB-3000 vào Mirnograd cho thấy RFAF khó có thể bắt được nhiều tù binh ""theo kế hoạch"", cho dù ước tính có tới cả nghìn binh sĩ Ukraine đang mắc kẹt.
Tuy nhiên, với số lượng bom lớn được thả xuống thành phố, rất có thể nhiều thi thể binh sĩ Ukraine sẽ được tìm thấy trong quá trình dọn dẹp thành phố sau chiến tranh, thậm chí một số binh sĩ đã tử vong do siêu bom và không còn gì sót lại.
Do lực lượng Kiev tại Mirnograd đang gặp khó khăn trong việc nhận tiếp viện, tình trạng hao hụt quân số như vậy không thể duy trì lâu dài. Khi bộ binh AFU bị tiêu hao đến một mức độ nhất định, quân đội Nga chắc chắn sẽ phát động một cuộc tấn công xâm nhập, và sự sụp đổ hoàn toàn của Mirnograd là điều không thể tránh khỏi.
So với khu đô thị Pokrovsk còn khá nguyên vẹn, Mirnograd đã trở nên đổ nát hơn nhiều, và những quả bom tấn tiếp tục trút xuống thành phố này vào những ngày đầu năm 2026."
https://dantri.com.vn/the-gioi/quan-doi-trong-mo-my-ap-u-tham-vong-chua-tung-co-ke-tu-sau-the-chien-ii-20260111213834332.htm,"""Quân đội trong mơ"": Mỹ ấp ủ tham vọng chưa từng có kể từ sau Thế chiến II","(Dân trí) - Chuyên gia cảnh báo tham vọng của Mỹ về việc chi 1.500 tỷ USD ngân sách quốc phòng để xây dựng ""quân đội trong mơ"".","Tổng thống Mỹ Donald Trump (Ảnh: Reuters).
Tuần này, Tổng thống Mỹ Donald Trump đã đăng trên mạng xã hội Truth Social thông báo rằng ông sẽ tìm cách đề xuất ngân sáchquân sự1.500 tỷ USD cho năm tài khóa 2027, một con số tăng tới 50% so với mức hiện tại.
Nếu con số được thông qua, đây sẽ là mức tăng ngân sách quân sự theo năm chưa từng thấy kể từ Thế chiến II của Mỹ.
“Sau các cuộc đàm phán dài và khó khăn với các nghị sĩ, bộ trưởng và các đại diện chính trị khác, tôi đã quyết định rằng, vì Lợi ích của Đất nước chúng ta, đặc biệt trong những thời điểm đầy bất ổn và nguy hiểm hiện nay, ngân sách quân sự cho năm 2027 không nên là 1.000 tỷ USD, mà phải là 1.500 tỷ USD. Điều này sẽ cho phép chúng ta xây dựng ""quân đội trong mơ"" mà chúng ta từ lâu xứng đáng có được và, quan trọng hơn, sẽ giữ cho chúng ta an toàn và bảo đảm dù đối thủ là ai"", ông giải thích.
Các đồng minh đảng Cộng hòa của Tổng thống đã hoan nghênh thông báo này. Cả Thượng nghị sĩ Roger Wicker và Hạ nghị sĩ Mike Rogers, lần lượt là Chủ tịch Ủy ban Quân vụ Thượng viện và Hạ viện, cho rằng con số mà ông Trump đưa ra ""chính xác là mức đầu tư cần thiết để tái thiết quân đội và khôi phục vai trò lãnh đạo của Mỹ trên trường quốc tế"".
Tuy nhiên, cả Tổng thống Trump lẫn các đồng minh của ông tại Quốc hội đều chưa đưa ra được một lập luận mạch lạc để lý giải cho mức tăng khổng lồ này.
Mỹ hiện đã chi gần 1.000 tỷ USD cho Lầu Năm Góc, mức gần kỷ lục, cao gần gấp 3 lần Trung Quốc. Dĩ nhiên, tiền bạc không phải là thước đo trực tiếp của sức mạnh quân sự. Vấn đề cốt lõi là chi tiêu quốc phòng một cách khôn ngoan và phù hợp với một chiến lược thực tế.
Mặt khác, lời kêu gọi tăng chi tiêu mạnh tay của Tổng thống Trump dường như có điểm chưa nhất quán với một số luận điểm trong tài liệu Chiến lược An ninh Quốc gia gần đây của Lầu Năm Góc, vốn kêu gọi kiềm chế các cuộc chiến không hồi kết và giới hạn hành động quân sự của Mỹ vào những “lợi ích cốt lõi”.
Theo Forbes, nếu những tuyên bố đó được hiện thực hóa, ngân sách Lầu Năm Góc có thể giảm, chứ không phải tăng thêm 500 tỷ USD.
Ngoài ra, cũng có những nghi vấn về việc liệu ngành công nghiệp vũ khí của Mỹ có thể hấp thụ được lượng tiền khổng lồ như vậy hay không. Nhiều cơ sở sản xuất vũ khí hiện đã hoạt động hết công suất, hầu như không còn khả năng mở rộng sản lượng. Bên cạnh đó, còn tồn tại tình trạng thiếu hụt lao động tay nghề cao, đặc biệt trong các lĩnh vực như đóng tàu ngầm.
Theo các chuyên gia, điều Lầu Năm Góc cần lúc này dường như không phải là chi tiêu nhiều hơn mà cần hiệu quả hơn. Theo giới quan sát, để đảm bảo an ninh, Mỹ sẽ cần một đánh giá rõ ràng về những thách thức lớn nhất đang đối mặt, cùng một chiến lược kết hợp sức mạnh quân sự, ngoạigiao thôngminh và hội nhập kinh tế sâu rộng."
https://dantri.com.vn/the-gioi/chau-au-can-nao-thuyet-phuc-ong-trump-tu-bo-y-dinh-sap-nhap-greenland-20260111200335220.htm,"Châu Âu ""cân não"" thuyết phục ông Trump từ bỏ ý định sáp nhập Greenland","(Dân trí) - Sau khi Tổng thống Mỹ Donald Trump nhiều lần bày tỏ mong muốn kiểm soát đảo Greenland, các nước châu Âu đang bàn bạc về những phương án ứng phó.","Đảo Greenland (Ảnh: Telegraph).
Telegraph đưa tin, Anh đang tiến hành các cuộc thảo luận với các đồng minh châu Âu về việc triển khai một lực lượngquân sựtới Greenland nhằm tăng cường bảo vệ khu vực Bắc Cực.
Các chỉ huy quân sự đang xây dựng kế hoạch cho một sứ mệnh tiềm năng trên hòn đảo này, trong bối cảnh Tổng thống Mỹ cho biết ông muốn sáp nhập hòn đảo vì lý do an ninh.
Trong những ngày gần đây, các quan chức Anh đã gặp gỡ đối tác từ các quốc gia bao gồm Đức và Pháp để bắt đầu công tác chuẩn bị. Các kế hoạch, hiện vẫn ở giai đoạn rất sớm, có thể bao gồm việc triển khai binh sĩ Anh, tàu chiến và máy bay nhằm bảo vệ Greenland trước những đối thủ tiềm tàng.
Các quốc gia châu Âu dường như hy vọng rằng việc gia tăng đáng kể sự hiện diện tại Bắc Cực sẽ thuyết phục ông Trump từ bỏ tham vọng sáp nhập hòn đảo có vị trí chiến lược này.
Điều đó sẽ cho phép ông Trump tuyên bố một chiến thắng với dư luận trong nước bằng cách lập luận rằng châu Âu đang gánh nhiều hơn chi phí cho việc bảo đảm an ninh khu vực Đại Tây Dương.
Trước đó, Mỹ tuyên bố đang thảo luận các phương án để kiểm soát Greenland, bao gồm biện pháp quân sự. Đây là một hòn đảo tự trị nhưng về mặt lãnh thổ thuộc Đan Mạch, một thành viên NATO. Ông Trump viện dẫn lo ngại rằng các đối thủ của Mỹ sẽ kiểm soát được hòn đảo nếu ông không hành động.
Cả Đan Mạch và Greenland đều phản đối đề xuất của ông Trump. Trong khi đó, các nước châu Âu đã đồng loạt phát đi tuyên bố khẳng định Greenland thuộc về người dân của hòn đảo. Tuyên bố cũng nhấn mạnh ""chỉ Đan Mạch và Greenland, và không bên nào khác, có quyền quyết định các vấn đề liên quan đến Đan Mạch và Greenland”.
Greenland cũng giàu tài nguyên thiên nhiên, bao gồm đồng, niken và các khoáng sản đất hiếm, có vai trò then chốt đối với công nghệ hiện đại.
Các nguồn tin trong chính phủ Anh cho biết Thủ tướng Keir Starmer coi mối đe dọa từ các đối thủ của NATO trong khu vực là “cực kỳ nghiêm trọng” và đồng ý rằng cần phải có hành động để răn đe.
“Các cuộc thảo luận trong NATO về việc củng cố an ninh khu vực vẫn đang tiếp diễn, và chúng tôi sẽ không đi trước những thảo luận đó, nhưng Anh đang làm việc với các đồng minh NATO để thúc đẩy nỗ lực tăng cường răn đe và phòng thủ ở Bắc Cực"", nguồn tin nhấn mạnh.
Việc Mỹ kiên quyết theo đuổi lãnh thổ này đã đẩy NATO vào tình thế căng thẳng nội bộ. Các quan chức Anh cho biết Lực lượng Vũ trang nước này đã chuẩn bị cho vai trò lớn hơn trong an ninh Bắc Cực.
Công tác chuẩn bị bao gồm việc các đơn vị đặc nhiệm và tàu của Hải quân Hoàng gia tham gia cuộc tập trận Joint Viking năm ngoái, một cuộc diễn tập chung của NATO tại Na Uy trong điều kiện nhiệt độ dưới 0.
Một người phát ngôn của Bộ Ngoại giao Anh cho biết: “Anh cam kết làm việc với các đồng minh NATO để tăng cường khả năng răn đe và phòng thủ của NATO tại Bắc Cực.”"
https://dantri.com.vn/the-gioi/bom-dong-loat-phat-no-tai-11-tram-xang-o-thai-lan-20260111190134463.htm,Bom đồng loạt phát nổ tại 11 trạm xăng ở Thái Lan,(Dân trí) - Các vụ đánh bom xảy ra ở khu vực miền Nam Thái Lan dường như là nhằm cản trở cuộc bầu cử địa phương.,"Hiện trường vụ việc (Ảnh: AFP).
Quân đội Thái Lan cho biết, các đối tượng tấn công đã kích nổ bom tại 11 trạm xăng ở vùng miền Nam của Thái Lan, giáp Malaysia, vào rạng sáng 11/1, làm 4 người bị thương. Đây là những vụ tấn công mới nhất tại khu vực thường chứng kiến xung đột giữa phe nổi dậy và lực lượng chính phủ.
Cuộc xung đột ở mức độ thấp kéo dài từ năm 2004 đến nay đã khiến hàng nghìn người thiệt mạng, khi các nhóm nổi dậy tại khu vực có đa số dân theo Hồi giáo đòi quyền tự chủ lớn hơn.
Theo thông báo của quân đội Thái Lan, một số quả bom đã phát nổ trong vòng 40 phút sau nửa đêm 11/1, gây cháy tại 11 trạm xăng trên khắp các tỉnh cực nam của Thái Lan gồm Narathiwat, Pattani và Yala.
Nhà chức trách chưa công bố bất kỳ vụ bắt giữ nào cũng như chưa cho biết ai có thể đứng sau các vụ tấn công.
“Các vụ việc xảy ra gần như cùng một thời điểm. Một nhóm đàn ông không rõ số lượng đã đến và kích nổ bom, gây hư hại các trụ bơm nhiên liệu"", Thống đốc tỉnh Narathiwat Boonchauy Homyamyen nói với truyền thông địa phương, đồng thời cho biết thêm rằng 1 sĩ quan cảnh sát đã bị thương tại tỉnh này.
Theo quân đội, một lính cứu hỏa và 2 nhân viên trạm xăng đã bị thương tại tỉnh Pattani. Người phát ngôn quân đội Thái Lan nói với AFP rằng cả 4 người đều đã được đưa vào bệnh viện, không ai bị chấn thương nghiêm trọng.
Thủ tướng Thái Lan Anutin Charnvirakul nói với các phóng viên rằng các cơ quan an ninh tin rằng các vụ tấn công là một “tín hiệu” được thực hiện trùng với thời điểm diễn ra cuộc bầu cử địa phương ngày 11/1.
Tư lệnh quân đội tại miền Nam Thái Lan, Narathip Phoynok, cho biết ông đã ra lệnh nâng các biện pháp an ninh lên “mức tối đa ở tất cả các khu vực”, bao gồm các chốt kiểm soát đường bộ và biên giới."
https://dantri.com.vn/the-gioi/bieu-tinh-bien-thanh-bao-loan-o-iran-hon-100-nhan-vien-an-ninh-thiet-mang-20260111211848014.htm,"Biểu tình biến thành bạo loạn ở Iran, hơn 100 nhân viên an ninh thiệt mạng",(Dân trí) - Truyền thông nhà nước Iran cho biết hơn 100 nhân viên an ninh nước này đã thiệt mạng trong các cuộc biểu tình đang lan rộng.,"Các phương tiện bị đốt phá trong biểu tình (Ảnh: Reuters).
Hãng thông tấn bán chính thức Tasnim đưa tin, tổng cộng 109 nhân viên an ninh Iran đã thiệt mạng trong các cuộc biểu tình trên toàn quốc trong những tuần qua. Con số thương vong về dân thường vẫn chưa được công bố cụ thể.
Trong khi đó, Hội Trăng lưỡi liềm Đỏ Iran cho biết một nhân viên của tổ chức này đã thiệt mạng trong một vụ tấn công nhằm vào một cơ sở cứu trợ ở Gorgan, thủ phủ tỉnh Golestan. Truyền thông nhà nước cũng đưa tin một nhà thờ Hồi giáo đã bị phóng hỏa tại Mashhad, miền Đông Iran, vào tối 10/1.
Các số liệu thương vong được công bố trong bối cảnh chính quyền Iran đẩy mạnh nỗ lực kiềm chế các cuộc biểu tình lớn nhất trong nhiều năm qua, với hàng nghìn người xuống đường phản đối giá cả sinh hoạt leo thang và tình trạng lạm phát. Tuy nhiên, một số cuộc biểu tình đã biến thành bạo loạn, khi nhiều hành vi bạo lực và đốt phá đã diễn ra.
Bộ Nội vụ Iran cho biết các “cuộc bạo loạn” đang dần lắng xuống, trong khi Bộ Tư pháp cảnh báo những người tham gia gây rối có thể đối mặt với bản án nghiêm khắc.
Tổng thống Iran Masoud Pezeshkian đã đề cập đến các kế hoạch kinh tế và “những yêu cầu của người dân” trong một cuộc phỏng vấn phát sóng hôm 11/1 trên truyền hình nhà nước.
Trước đó, Tổng thống Mỹ Donald Trump cảnh báo có thể can thiệpquân sựnếu chính quyền Iran có hành vi bạo lực với người biểu tình. Vào ngày 11/1, Chủ tịch Quốc hội Mohammad Baqer Qalibaf cảnh báo Mỹ “đừng tính toán sai lầm”.
Các cuộc biểu tình lớn nhất trong nhiều năm qua được châm ngòi bởi cuộc khủng hoảng kinh tế do các lệnh trừng phạt khắc nghiệt của phương Tây gây ra cho Iran.
Ông Trump hôm 10/1 nói rằng Mỹ “sẵn sàng giúp đỡ” để ""Iran hướng tới tự do"".
Trong khi đó, quân đội Iran tuyên bố hôm 10/1 rằng họ sẽ bảo vệ “lợi ích quốc gia. “Quân đội, dưới sự chỉ huy của Tổng Tư lệnh Tối cao, cùng với các lực lượng vũ trang khác, ngoài việc theo dõi các động thái của đối thủ trong khu vực, sẽ kiên quyết bảo vệ và gìn giữ lợi ích quốc gia, cơ sở hạ tầng chiến lược của đất nước và tài sản công”, tuyên bố nêu rõ."
https://dantri.com.vn/kinh-doanh/my-rot-100-ty-usd-vao-venezuela-tham-vong-kiem-soat-55-dau-mo-the-gioi-20260111174558069.htm,"Mỹ rót 100 tỷ USD vào Venezuela, tham vọng kiểm soát 55% dầu mỏ thế giới","(Dân trí) - Tổng thống Mỹ Donald Trump công bố kế hoạch huy động 100 tỷ USD từ khối tư nhân để khôi phục hạ tầng dầu mỏ Venezuela, hướng tới mục tiêu kiểm soát hơn một nửa trữ lượng dầu thô toàn cầu.","Theo nguồn tin từFox Business, Tổng thống Mỹ Donald Trump vừa có cuộc thảo luận chiến lược tại Nhà Trắng với gần 20 CEO của các tập đoàn dầu khí hàng đầu quốc gia. Trọng tâm của cuộc gặp là kế hoạch triển khai làn sóng đầu tư quy mô lớn vào Venezuela nhằm tái thiết hệ thống hạ tầng năng lượng đang xuống cấp tại nước này.
Phát biểu tại cuộc họp ngày 9/1, ông Trump khẳng định cácdoanh nghiệpMỹ dự kiến sẽ rót khoảng 100 tỷ USD vào ngành dầu mỏ Venezuela. Mục tiêu không chỉ là khôi phục sản xuất mà còn đưa sản lượng khai thác tại quốc gia Nam Mỹ này lên mức cao nhất lịch sử.
Đáng chú ý, người đứng đầu Nhà Trắng đã đưa ra một tuyên bố mang tính chiến lược về sự dịch chuyển quyền lực năng lượng: ""Khi cộng trữ lượng dầu mỏ của Venezuela và Mỹ lại, chúng ta sẽ kiểm soát 55% nguồn dầu thô toàn cầu"". Con số này cho thấy ý định thiết lập một ưu thế vượt trội, có khả năng chi phối hoàn toàn thị trường năng lượng quốc tế trong tương lai.
Tổng thống Donald Trump trong cuộc gặp với các giám đốc điều hành công ty dầu mỏ của Mỹ tại Nhà Trắng, ngày 9/1 (Ảnh: Fox Business).
Tổng thống Mỹ nhấn mạnh khoản đầu tư khổng lồ này hoàn toàn đến từ nguồn vốn của khu vực tư nhân, không sử dụng ngân sách liên bang. Tuy nhiên, Washington sẽ giữ quyền kiểm soát chặt chẽ thông qua việc trực tiếp lựa chọn các doanh nghiệp Mỹ được phép tham gia vận hành tại Venezuela.
Hiện tại, Venezuela đã đồng ý để Mỹ thực hiện việc lọc hóa và thương mại hóa ngay lập tức 50 triệu thùng dầu thô của quốc gia này. Ông Trump khẳng định ngườitiêu dùngMỹ sẽ là bên hưởng lợi trực tiếp nhất khi giá năng lượng tiếp tục giảm sâu. Thực tế ghi nhận tại một số khu vực, giá xăng đã lùi về dưới 2 USD/gallon, một mức giảm ấn tượng so với biên độ 3-5 USD trước đây.
Trên bình diện chính trị, sau những biến động sau chiến dịch quân sự, chính phủ lâm thời Venezuela do bà Delcy Rodriguez đứng đầu đã bắt đầu các bước đi nhằm bình thường hóa quan hệ với Mỹ. Ngoại trưởng Yvan Gil xác nhận Caracas đã khởi động tiến trình thăm dò để tái lập các phái đoàn ngoại giao giữa hai nước.
Việc chuyển giao từ 30 đến 50 triệu thùng dầu cho phía Mỹ được xem là cam kết đầu tiên của chính quyền lâm thời trong lộ trình hợp tác năng lượng dài hạn với Washington."
https://dantri.com.vn/the-gioi/don-vi-uav-tinh-nhue-cua-nga-pha-huy-hang-loat-xe-boc-thep-ukraine-20260111150318534.htm,Đơn vị UAV tinh nhuệ của Nga phá hủy hàng loạt xe bọc thép Ukraine,(Dân trí) - Bộ Quốc phòng Nga công bố một video tổng hợp ghi lại những đòn tập kích thành công của máy bay không người lái góc nhìn thứ nhất (FPV) nhằm vào các phương tiện bọc thép và binh sĩ Ukraine tại Donbass.,"Đơn vị UAV tinh nhuệ của Nga phá hủy hàng loạt xe bọc thép Ukraine (Video: RT).
Theo Bộ Quốc phòng Nga, các cuộc tấn công do các kíp điều khiển thuộc đơn vị tinh nhuệ Rubicon thực hiện. Đây là lực lượng chuyên thử nghiệm và triển khai các hệ thống máy bay không người lái.
Trong phần mô tả kèm theo đoạn video, Bộ Quốc phòng Nga cho biết những đòn đánh được ghi lại đã diễn ra ở khu vực lân cận Krasny Lyman, thuộc Donetsk, miền Đông Ukraine. Thị trấn này nằm cách thành phố Slavyansk, một trung tâm hậu cần quan trọng của quân đội Ukraine tại Donbass, khoảng 30km về phía đông bắc.
Trong số các mục tiêu bị máy bay không người lái FPV của Nga đánh trúng và phá hủy có một xe bọc thép HMMWV do Mỹ sản xuất, một xe tăng, một công sự ngầm của Ukraine, cũng như các hệ thống robot quân sự.
Trung tâm Rubicon được thành lập theo chỉ thị của Bộ trưởng Quốc phòng Nga Andrey Belousov vào tháng 8/2024, song phải vài tháng sau mới lần đầu được công bố rộng rãi. Trung tâm này được cho là có sử dụng trí tuệ nhân tạo (AI) trong một số máy bay không người lái tấn công mang thuốc nổ.
Trong một bài viết hồi tháng 9 năm ngoái, tạp chí Forbes mô tả Rubicon là “một trong những lực lượng hiệu quả nhất trên chiến tuyến”, đồng thời cho biết đơn vị này đã mở rộng đáng kể vùng tiêu diệt, đặc biệt nhắm vào hệ thống hậu cần của Ukraine.
Forbes dẫn lời các binh sĩ Ukraine cho hay, lực lượng Kiev hiện đối mặt với tình trạng thiếu hụt xe tải, xe bán tải và phương tiện vận tải bọc thép do các đòn tấn công này gây ra.
Máy bay không người lái tấn công góc nhìn thứ nhất (FPV) đã dần nổi lên như một vũ khí tầm ngắn, chi phí thấp nhưng mang tính then chốt đối với cả 2 bên trong xung đột Ukraine. Trong những tháng gần đây, máy bay không người lái FPV dẫn đường bằng sợi quang ngày càng thay thế các UAV điều khiển bằng sóng vô tuyến truyền thống vốn dễ bị gây nhiễu và chế áp điện tử."
https://dantri.com.vn/the-gioi/iran-canh-bao-cung-ran-truoc-nguy-co-bi-tan-cong-quan-su-20260111164541735.htm,Iran cảnh báo cứng rắn trước nguy cơ bị tấn công quân sự,(Dân trí) - Tehran tuyên bố sẽ coi các căn cứ quân sự và cơ sở thương mại của Mỹ là mục tiêu trả đũa nếu Washington can thiệp quân sự vào Iran.,"Chủ tịch Quốc hội Iran Mohammad Baqer Qalibaf (Ảnh: Reuters).
“Nếu Iran bị tấn công, cả các vùng lãnh thổ bị kiểm soát lẫn toàn bộ các trung tâm, căn cứquân sựvà tàu thuyền của Mỹ trong khu vực sẽ là những mục tiêu hợp pháp của chúng tôi”, Chủ tịch Quốc hội Iran Mohammad Baqer Qalibaf tuyên bố ngày 11/1.
Ông nhấn mạnh thêm: “Chúng tôi không coi mình chỉ giới hạn ở việc phản ứng sau khi hành động đã xảy ra và sẽ hành động dựa trên bất kỳ dấu hiệu khách quan nào của mối đe dọa”.
Hiện vẫn chưa rõ Iran nghiêm túc đến mức nào trong khả năng phát động một cuộc tấn công phủ đầu, đặc biệt sau khi chứng kiến hệ thống phòng không của mình bị phá hủy trong cuộc chiến kéo dài 12 ngày hồi tháng 6 năm ngoái với Israel. Bất kỳ quyết định nào về việc bước vào một cuộc xung đột đều sẽ thuộc thẩm quyền của Lãnh tụ Tối cao Iran, Đại giáo chủ Ali Khamenei.
Cảnh báo được đưa ra sau khi Tổng thống Mỹ Donald Trump một lần nữa dọa tấn công Iran nếu chính quyền nước này sử dụng vũ lực để trấn áp làn sóng biểu tình trên toàn quốc đang gia tăng.
New York Times và Wall Street Journal dẫn lời các quan chức Mỹ giấu tên cho hay, Tổng thống Trump đã được trình bày các phương án quân sự cho một cuộc tấn công nhằm vào Iran, nhưng ông vẫn chưa đưa ra quyết định cuối cùng.
Riêng Bộ Ngoại giao Mỹ cảnh báo: “Đừng đánh đố Tổng thống Mỹ. Khi ông ấy nói sẽ làm điều gì, ông ấy thực sự nghiêm túc”.
Quân đội Mỹ cho biết tại Trung Đông họ đang “bố trí lực lượng bao trùm đầy đủ các năng lực tác chiến nhằm bảo vệ binh sĩ của mình, các đối tác, đồng minh và lợi ích của Mỹ”."
https://dantri.com.vn/the-gioi/nhung-quoc-gia-tieu-thu-bia-nhieu-nhat-the-gioi-20260111160830828.htm,Những quốc gia tiêu thụ bia nhiều nhất thế giới,"(Dân trí) - Mỹ, Trung Quốc tiếp tục là các quốc gia tiêu thụ nhiều bia nhất thế giới, nhưng xu hướng giảm nhẹ. Trong khi đó, một số thị trường mới nổi có mức tiêu thụ bia tăng đáng kể.","Bia vẫn là một trong những đồ uống có cồn phổ biến nhất thế giới (Ảnh: AFP).
Bia vẫn là một trong những đồ uống có cồn phổ biến nhất thế giới. Trong khi mức tiêu thụ bình quân đầu người thường thu hút sự chú ý, thì tổng lượng tiêu thụ lại kể một câu chuyện khác, được định hình bởi quy mô dân số, tăng trưởng kinh tế và sự thay đổi trong thói quen tiêu dùng.
Theo dữ liệu của Kirin Holding, năm 2024, Trung Quốc và Mỹ thống trị lượng bia tiêu thụ toàn cầu.
Trung Quốc tiếp tục là thị trường bia lớn nhất thế giới, bỏ xa các nước khác, với 40,5 tỷ lít, chiếm gần 21% nhu cầu toàn cầu. Tuy nhiên, bất chấp quy mô khổng lồ, lượng tiêu thụ bia tại Trung Quốc giảm 3,7% so với cùng kỳ năm trước.
Mỹ xếp thứ hai với 22,3 tỷ lít, chiếm 11,5% thị phần toàn cầu. Tương tự Trung Quốc, lượng bia tiêu thụ tại Mỹ cũng giảm nhẹ, tiếp nối xu hướng dài hạn hướng tới uống điều độ hơn và chuyển sang các loại đồ uống thay thế.
Một số thị trường mới nổi ghi nhận mức tăng đáng kể trong tiêu thụ bia. Ấn Độ là quốc gia tăng trưởng nhanh nhất trong nhóm các nước lớn, với tổng lượng tiêu thụ tăng 14,6%, khi thu nhập tăng lên và bia ngày càng phổ biến trong giới trẻ.
Mexico (10,8 tỷ lít) và Nga (9,5 tỷ lít) cũng nổi bật, với mức tăng lần lượt là 5,4% và 9%.
Trong khi đó, châu Âu vẫn là khu vực sản xuất và tiêu thụ bia quan trọng, nhưng xu hướng lại khác biệt rõ rệt giữa các quốc gia.
Đức, thị trường bia lớn thứ sáuthế giới(7,2 tỷ lít), ghi nhận mức giảm 2,2%, trong khi Séc, nổi tiếng là quốc gia có mức tiêu thụ bia bình quân đầu người cao nhất, cũng ghi nhận mức giảm nhẹ."
https://dantri.com.vn/the-gioi/tong-thong-trump-my-co-the-thu-ve-hang-nghin-ty-usd-tu-dau-mo-venezuela-20260109151248277.htm,Tổng thống Trump: Mỹ có thể thu về hàng nghìn tỷ USD từ dầu mỏ Venezuela,"(Dân trí) - Tổng thống Mỹ Donald Trump cho biết Washington sẽ thu về hàng tỷ USD, thậm chí có thể là hàng nghìn tỷ USD từ việc bán dầu mỏ của Venezuela.","Tổng thống Mỹ Donald Trump (Ảnh: AFP).
“Chúng ta sẽ thu về hàng tỷ và hàng tỷ USD tiền dầu mỏ, và con số đó sẽ lên tới hàng trăm tỷ USD, rồi hàng nghìn tỷ USD, nhưng chúng ta sẽ ở đó cho đến khi chấn chỉnh lại đất nước này”, Tổng thống Mỹ Donald Trump trả lời phỏng vấn Fox News ngày 8/1.
Ngày 3/1, Mỹ đã phát động một chiến dịchquân sựquy mô lớn nhằm vào Venezuela. Ông Trump cho hay, lực lượng đặc nhiệm Mỹ đã đột kích vào nơi ở của vợ chồng Tổng thống Venezuela Nicolas Maduro nằm trong một khu phức hợp quân sự được mô tả kiên cố như một pháo đài với hàng nghìn binh sĩ canh gác.
Lực lượng Mỹ sau đó bắt giữ vợ chồng Tổng thống Venezuela Nicolas Maduro và đưa họ tới New York hầu tòa với các cáo buộc liên quan đến ma túy và vũ khí.
Tổng thống Trump cảnh báo chính quyền lâm thời Venezuela đáp ứng các yêu cầu của Washington hoặc sẽ phải gánh hậu quả thậm chí tồi tệ hơn ông Maduro.
Chủ nhân Nhà Trắng cho biết, chính quyền lâm thời Venezuela đã đồng ý chuyển 30 triệu đến 50 triệu thùng dầu cho Mỹ. Số dầu này sẽ được chuyển thẳng đến các cảng của Mỹ. Ông cam kết sẽ sử dụng số tiền thu được vì lợi ích của người dân 2 nước.
Ông cũng nói rằng Venezuela sẽ chỉ mua các sản phẩm do Mỹ sản xuất như một phần của thỏa thuận với Washington liên quan đến việc bán dầu mỏ của quốc gia Mỹ Latinh này.
Trong khi đó, Ngoại trưởng Mỹ Marco Rubio ngày 7/1 cho biết, Washington đang lên kế hoạch cho 3 giai đoạn đối với Venezuela gồm: ổn định, phục hồi và chuyển tiếp, trong đó, Mỹ sắp triển khai một thỏa thuận nhằm tiếp quản “toàn bộ lượng dầu đang bị mắc kẹt ở Venezuela”.
Ông mô tả thỏa thuận dầu mỏ là một phần của giai đoạn ổn định và sẽ còn “nhiều thỏa thuận nữa sẽ được Mỹ triển khai” với chính phủ lâm thời Venezuela.
“Chúng tôi sẽ tiếp quản từ 30 đến 50 triệu thùng dầu. Chúng tôi sẽ bán số dầu đó trên thị trường, theo giá thị trường, chứ không phải với mức chiết khấu mà Venezuela từng phải chấp nhận. Số tiền thu được sau đó sẽ được xử lý theo cách mà chúng tôi kiểm soát việc phân bổ, sao cho mang lại lợi ích cho người dân Venezuela”, ông nói.
Chiến dịch của Mỹ đã vấp phải sự chỉ trích của cộng đồng quốc tế. Nga và Trung Quốc đề nghị Washington trả tự do ngay lập tức cho vợ chồng ông Maduro.
Về phía Venezuela, chính quyền lâm thời dường như theo đuổi chính sách vừa mềm mỏng, vừa cứng rắn, một mặt kêu gọi hợp tác, mặt khác tuyên bố không khuất phục.
Tổng thống lâm thời Delcy Rodriguez khẳng định không có thể lực bên ngoài nào đang điều hành Venezuela, đồng thời nêu rõ các nguồn tài nguyên dầu mỏ và khí đốt phải phục vụ cho sự phát triển quốc gia."
https://dantri.com.vn/the-gioi/the-gioi-bi-tac-dong-ra-sao-khi-my-dong-loat-rut-khoi-66-to-chuc-quoc-te-20260109142213683.htm,Thế giới bị tác động ra sao khi Mỹ đồng loạt rút khỏi 66 tổ chức quốc tế?,"(Dân trí) - Chuyên gia nhận định, việc Mỹ rút khỏi hàng chục quốc tế, bao gồm trên 30 cơ quan thuộc Liên hợp quốc, sẽ gây ra nhiều tác động đối với hoạt động hợp tác quốc tế.","Tổng thống Mỹ Donald Trump (Ảnh: AFP).
Chính quyền Tổng thống Donald Trump sẽ rút khỏi hàng chục tổ chức quốc tế, bao gồm cơ quan dân số của Liên hợp quốc và hiệp ước đặt nền tảng cho các cuộc đàm phán khí hậu quốc tế, đánh dấu việc Mỹ tiếp tục thu hẹp vai trò hợp tác toàn cầu.
Tổng thống Trump ngày 7/1 đã ký một sắc lệnh hành pháp đình chỉ sự ủng hộ của Mỹ đối với 66 tổ chức, cơ quan và ủy ban, sau khi chính quyền của ông hoàn tất việc rà soát mức độ tham gia và tài trợ của Mỹ đối với toàn bộ các tổ chức quốc tế, bao gồm cả những tổ chức trực thuộc Liên hợp quốc.
Phần lớn các tổ chức bị nhắm tới là các cơ quan, ủy ban và hội đồng tư vấn liên quan đến Liên hợp quốc, tập trung vào các vấn đề khí hậu, lao động, di cư và những lĩnh vực khác mà chính quyền ông Trump cho rằng không mang lại lợi ích cho Mỹ.
Ngoài các tổ chức thuộc Liên hợp quốc, danh sách còn bao gồm một số tổ chức quốc tế khác như Đối tác Hợp tác Đại Tây Dương, Viện Quốc tế về Dân chủ và Hỗ trợ Bầu cử, và Diễn đàn Chống Khủng bố Toàn cầu.
Thu hẹp phạm vi hợp tác quốc tế
Bộ Ngoại giao Mỹ tuyên bố rằng: “Chính quyền nhận thấy các thể chế này có phạm vi hoạt động trùng lặp, quản lý chưa tốt, không cần thiết, lãng phí, vận hành kém hiệu quả, bị chi phối bởi lợi ích của các nhóm thúc đẩy chương trình nghị sự đi ngược lại lợi ích của chúng ta, hoặc gây đe dọa đến chủ quyền, các quyền tự do và sự thịnh vượng chung của quốc gia"".
Đây là đợt rút lui mới nhất của Mỹ khỏi các cơ quan toàn cầu dưới một chính quyền có quan điểm ""Nước Mỹ là trên hết"". Trước đó, chính quyền ông Trump đã đình chỉ hỗ trợ đối với các tổ chức như Tổ chức Y tế Thế giới, Cơ quan Liên hợp quốc về người tị nạn Palestine (UNRWA), Hội đồng Nhân quyền Liên hợp quốc và Tổ chức Giáo dục, Khoa học và Văn hóa của Liên hợp quốc, trong khuôn khổ cách tiếp cận “chọn lọc từng phần” trong việc đóng góptài chínhcho Liên hợp quốc.
Theo đó, Mỹ sẽ chỉ chi tiền cho những hoạt động và cơ quan mà họ cho là phù hợp với chương trình nghị sự của ông Trump và rút khỏi những gì không còn phục vụ lợi ích của Mỹ.
“Tôi cho rằng điều chúng ta đang chứng kiến là sự định hình rõ ràng cách tiếp cận của Mỹ đối với chủ nghĩa đa phương, theo kiểu ""theo cách của tôi hoặc không có gì cả”. Đó là một tầm nhìn rất rõ ràng về việc chỉ muốn hợp tác quốc tế theo các điều kiện do Washington đặt ra"", ông Daniel Forti, Trưởng bộ phận phụ trách Liên hợp quốc của Tổ chức International Crisis Group, nhận định.
Động thái này đánh dấu một sự thay đổi lớn so với cách các chính quyền Mỹ trước đây đối xử với Liên hợp quốc. Nhiều tổ chức phi chính phủ độc lập, trong đó có các tổ chức hợp tác với Liên hợp quốc, cho biết họ đã phải đóng cửa nhiều dự án do quyết định của chính quyền Mỹ năm ngoái cắt giảm mạnh viện trợ nước ngoài thông qua Cơ quan Phát triển Quốc tế Mỹ.
Bất chấp sự thay đổi lớn này, các quan chức Mỹ, bao gồm cả ông Trump, cho biết họ vẫn nhìn thấy tiềm năng của Liên hợp quốc và muốn tập trung nguồn tiền thuế của người dân Mỹ vào việc mở rộng ảnh hưởng của Mỹ trong các sáng kiến thiết lập tiêu chuẩn quốc tế, nơi Mỹ đang cạnh tranh với các đối thủ, như Liên minh Viễn thông Quốc tế, Tổ chức Hàng hải Quốc tế và Tổ chức Lao động Quốc tế.
Những tác động
Việc Mỹ rút khỏi hàng loạt các tổ chức quốc tế dự kiến sẽ tạo ra tác động lớn. Tổng Thư ký Liên hợp quốc Antonio Guterres lấy làm tiếc trước quyết định của Mỹ. Ông đồng thời nhấn mạnh rằng khoản tài trợ của Mỹ đối với “một số lượng lớn” các cơ quan Liên hợp quốc là nghĩa vụ bắt buộc.
Mỹ là quốc gia đóng góp lớn nhất cho ngân sách thường xuyên của Liên hợp quốc, chi trả mức tối đa 22% theo tỷ lệ đóng góp đã được Đại hội đồng Liên hợp quốc thông qua. Các khoản đóng góp này là bắt buộc.
Tuy nhiên, theo Người phát ngôn Liên hợp quốc Stephane Dujarric, Mỹ đã không thực hiện bất kỳ khoản thanh toán nào cho ngân sách thường xuyên trong năm ngoái và hiện đang nợ khoảng 1,5 tỷ USD.
Mỹ cũng sẽ rút khỏi UN Women, cơ quan hoạt động vì bình đẳng giới và trao quyền cho phụ nữ, cùng với Quỹ Dân số Liên hợp quốc, cơ quan của Liên hợp quốc tập trung vào kế hoạch hóa gia đình cũng như sức khỏe bà mẹ và trẻ em tại hơn 150 quốc gia.
Những tổ chức khác nằm trong danh sách của Mỹ còn có Hội nghị Liên hợp quốc về Thương mại và Phát triển, Diễn đàn Năng lượng Quốc tế, Sổ đăng ký Vũ khí Thông thường của Liên hợp quốc và Ủy ban Xây dựng Hòa bình của Liên hợp quốc.
Bên cạnh đó, việc Mỹ rút khỏi Công ước Khung của Liên hợp quốc về Biến đổi Khí hậu là bước đi mới nhất trong nỗ lực của ông Trump nhằm tách Mỹ khỏi các tổ chức quốc tế tập trung vào vấn đề khí hậu và biến đổi khí hậu.
Công ước Khung của Liên hợp quốc về Biến đổi Khí hậu, được ký kết năm 1992 giữa 198 quốc gia, nhằm hỗ trợ tài chính cho các hoạt động ứng phó biến đổi khí hậu tại các nước đang phát triển, là nền tảng pháp lý cho Hiệp định Khí hậu Paris mang tính bước ngoặt. Ông Trump, người không tin vào biến đổi khí hậu, đã rút Mỹ khỏi hiệp định này ngay sau khi quay trở lại Nhà Trắng.
Bà Gina McCarthy, cựu Cố vấn Khí hậu Nhà Trắng, bày tỏ sự không đồng ý với quyết định của chính quyền ông Trump. “Là quốc gia duy nhất trênthế giớikhông tham gia Công ước Khung của Liên hợp quốc về Biến đổi Khí hậu, chính quyền ông Trump đang bỏ đi hàng chục năm vai trò lãnh đạo của Mỹ trong vấn đề khí hậu và hợp tác toàn cầu”, bà McCarthy nhận định.
Danh sách tổ chức Mỹ rút ra còn có Ban Liên chính phủ về Biến đổi Khí hậu, cơ quan hàng đầu thế giới về khoa học khí hậu. Ban này cung cấp cho các chính phủ ở mọi cấp độ những thông tin khoa học làm cơ sở để xây dựng chính sách khí hậu.
Ông David Widawsky, Giám đốc Viện Tài nguyên Thế giới, cũng cảnh báo các cộng đồng vàdoanh nghiệpMỹ sẽ mất lợi thế kinh tế khi các quốc gia khác nắm bắt cơ hội việc làm, của cải và thương mại được tạo ra từ nền kinh tế năng lượng sạch đang bùng nổ.
Trong chính giới Mỹ, một số ý kiến cũng cho rằng, việc Mỹ rút khỏi các tổ chức quốc tế có thể làm suy giảm tầm ảnh hưởng của Washington trên toàn cầu trong thời gian tới. Điều này cũng ảnh hưởng tới việc hợp tác quốc tế chống lại nhiều vấn đề được quan tâm chung như chống khủng bố, y tế công cộng..."
https://dantri.com.vn/the-gioi/nato-ung-pho-kich-ban-my-can-thiep-quan-su-de-sap-nhap-greenland-20260109164724298.htm,NATO ứng phó kịch bản Mỹ can thiệp quân sự để sáp nhập Greenland,"(Dân trí) - Các nước NATO đang triển khai hành động để ứng phó với kịch bản Mỹ sáp nhập Greenland, vùng lãnh thổ thuộc Đan Mạch.","Tảng băng gần bãi biển ở Nuuk, Greenland (Ảnh: Reuters).
Politico dẫn các nguồn tin cho biết, NATO đã khởi động nỗ lực ngoại giao gồm hai giai đoạn nhắm đến Tổng thống Mỹ Donald Trump, với mục đích ngăn chặn khả năng Mỹ tiến hành một cuộc can thiệpquân sựvào Greenland.
Theo các nguồn tin, các đại sứ NATO đã đề xuất tăng chi tiêu quốc phòng tại khu vực Bắc Cực, triển khai thêm trang thiết bị quân sự và đẩy mạnh các cuộc tập trận để Tổng thống Trump thấy rằng khu vực này đã đủ an ninh.
Các nguồn tin cũng cho biết, trong một cuộc họp kín tại Brussels, các đại sứ NATO đã đi đến kết luận rằng cần phải tìm kiếm một sự thỏa hiệp với lập trường của ông Trump về tương lai của Greenland.
Trước đó, Politico đưa tin, trong bối cảnh Tổng thống Trump đưa ra lập trường ngày càng cứng rắn liên quan đến khả năng thiết lập quyền kiểm soát đối với Greenland, nhiều quan chức trong Liên minh châu Âu (EU) đã kêu gọi sẵn sàng cho một cuộc đối đầu trực tiếp với người đứng đầu chính quyền Mỹ.
Theo Politico, trong khi trước đây các chính phủ châu Âu chưa nhận thức đầy đủ mức độ nghiêm trọng trong những lời cảnh báo của Tổng thống Trump, thì nay họ đã hiểu rõ hơn.
Châu Âu đang gấp rút thống nhất một kế hoạch phản ứng phối hợp sau khi Nhà Trắng tuyên bố trong tuần này rằng ông Trump muốn mua Greenland và không loại trừ khả năng sử dụng biện pháp quân sự.
Tổng thống Mỹ Donald Trump và các đồng minh của ông nhiều lần lập luận rằng Mỹ nên giành quyền kiểm soát Greenland, một vùng lãnh thổ thuộc Đan Mạch. Ông Trump nói rằng, Mỹ cần sở hữu Greenland vì lý do an ninh quốc gia.
Thư ký báo chí Nhà Trắng Karoline Leavitt cũng cho biết, phương án mua Greenland đang được “Tổng thống và nhóm an ninh quốc gia của ông tích cực thảo luận”.
Bà Leavitt lưu ý Mỹ để ngỏ “mọi lựa chọn”, kể cả việc sử dụng sức mạnh quân sự để kiểm soát Greenland.
Ngoại trưởng Mỹ Marco Rubio cũng thông báo kế hoạch gặp các quan chức Đan Mạch vào tuần tới để thảo luận về Greenland.
Phó Tổng thống Mỹ JD Vance ngày 8/1 đã cảnh báo châu Âu cần phải xem ý tưởng về việc kiểm soát Greenland của Tổng thống Trump là “nghiêm túc"".
Ông Vance cho rằng Đan Mạch, một đồng minh NATO, cùng với phần còn lại của châu Âu đã không làm đủ để bảo vệ hòn đảo có vị trí chiến lược quan trọng trước những toan tính từ các đối thủ của Mỹ.
Ông Vance kêu gọi châu Âu đặc biệt chú ý đến lập luận của ông Trump rằng Mỹ cần hòn đảo này cho mục đích “phòng thủ tên lửa”, trong bối cảnh các đối thủ của Washington gia tăng hoạt động quân sự ở khu vực lân cận, đồng thời các khối băng ở Bắc Cực đang tan chảy do biến đổi khí hậu.
Trong khi đó, các cuộc thăm dò cho thấy đa số người dân Greenland phản đối việc Mỹ tiếp quản hòn đảo.
Thủ hiến Greenland Jens-Frederik Nielsen nhiều lần bác bỏ lập luận của chính quyền Tổng thống Trump rằng Mỹ cần phải thâu tóm hòn đảo này.
Bộ Quốc phòng Đan Mạch cũng cảnh báo quân đội nước này sẽ lập tức dùng vũ lực đáp trả nếu Greenland bị chiếm đóng.
Lãnh đạo của một số quốc gia châu Âu, bao gồm Đan Mạch, Pháp, Đức, Italy, Ba Lan và Anh, đã ra tuyên bố chung đầu tuần này bày tỏ sự ủng hộ đối với Greenland."
https://dantri.com.vn/the-gioi/chien-su-ukraine-111-cac-don-vi-nga-bi-bao-vay-o-benh-vien-kupyansk-20260111103242364.htm,Chiến sự Ukraine 11/1: Các đơn vị Nga bị bao vây ở bệnh viện Kupyansk,"(Dân trí) - Quân đội Ukraine đã giải tỏa được những khu vực cuối cùng ở phía tây nam Kupyansk, đồng thời tiến hành không kích nhằm vào các đội hình Nga bị bao vây tại Bệnh viện Trung tâm Kupyansk.","Các binh sĩ Ukraine đang nỗ lực ngăn chặn Nga tiến xa hơn (Ảnh minh họa: Skynews/Reuters).
Ukraine tuyên bố chặn đứng 140 đợt xung phong của Nga
Ukrainska Pravda đưa tin, báo cáo tối 10/1 của Bộ Tổng tham mưu Ukraine cho biết, trên mặt trận đã diễn ra gần 140 trận giao tranh, trong đó hướng Pokrovsk và Huliaipole là những điểm nóng nhất.
""Từ đầu ngày, đã có 139 cuộc đụng độ, đặc biệt, quân đội Nga đã thực hiện 32 cuộc tấn công ở hướng Pokrovsk, 19 cuộc tấn công ở hướng Huliaipole"", báo cáo viết.
Bộ Tổng tham mưu Ukraine khẳng định lực lượng phòng vệ đã cơ bản bẻ gãy các nỗ lực xâm nhập của đối phương ở Slobozhansky - Kursk, Kupyansk, Liman, Sloviansk, Konstantinovka, Oleksandrivka, Huliaipole và Dnieper. Tại Pokrovsk, Nga phát động 32 cuộc tấn công nhưng bất thành, đồng thời hứng chịu tổn thất 97 binh sĩ, trong đó 58 người thiệt mạng.
Nga gia tăng áp lực với Ukraine
Kênh Military Summary nhận định,thế giớiđang thay đổi, những chuyển biến sâu sắc là điều không thể tránh khỏi. Tổng thống Mỹ Donald Trump đang siết chặt kiểm soát đối với Tây Bán cầu, các cuộc biểu tình đang diễn ra dữ dội ở Iran, Thổ Nhĩ Kỳ tìm cách tham gia liên minh quân sự giữa Ả rập Xê út và Pakistan, trong khi Nga tiếp tục chiến dịch quân sự đặc biệt của mình.
Kiev đang trải qua sự cố mất điện lớn nhất kể từ khi xung đột bắt đầu. Chính quyền Ukraine đang làm mọi thứ có thể để khôi phục hệ thống sưởi ấm ở thủ đô, tuy nhiên, tình hình trở nên phức tạp hơn do thời tiết rất lạnh trong bối cảnh Nga tăng cường đánh phá các nhà máy nhiệt điện, gây thiệt hại nặng nề.
Một thành phố triệu dân khác ở Ukraine cũng đang trong tình trạng tương tự: đó là Dnipro, nơi đã không có điện cũng như hệ thống sưởi ấm trong 3 ngày.
Trong đêm 9-10/1, lực lượng Moscow đã tập kích Dnipro bằng UAV Geran cũng như phóng tên lửa vào Kryvyi Rih.
Sau kỳ nghỉ Tết Dương lịch, quân đội Nga (RFAF) một lần nữa bắt đầu tăng cường áp lực. Các bước phát triển của lực lượng Moscow được ghi nhận ở hướng Zaporizhia và khu vực thành phố Konstantinovka.
Bản đồ chiến sự Nga - Ukraine tại Konstantinovka ngày 10/1. Moscow đang gia tăng sức ép, Kiev gồng mình chống đỡ (Ảnh: Military Summary).
Kênh Rybar làm rõ hơn chi tiết. Sau cuộc tập kích phối hợp gần đây của RFAF vào Kiev, tình trạng mất điện khẩn cấp vẫn tiếp diễn ở khu vực thủ đô Ukraine, khiến hàng nghìn hộ gia đình không có nước nóng và nước sinh hoạt.
Bên cạnh đó, sau các cuộc tấn công vào Nhà máy Nhiệt điện Kryvyi Rih, khoảng 100.000 khách hàng ở Kryvyi Rih và Dnipropetrovsk đã bị mất điện. Các đòn đánh chính xác nhằm vào các tàu chở hàng tại khu vực Odessa vẫn tiếp tục.
Ngược lại, lực lượng Kiev cũng không đứng yên, họ đáp trả dữ dội. Hơn 100 UAV Ukraine đã bị bắn hạ trong 24 giờ qua. Một kho dầu Nga bốc cháy ở vùng Volgograd. UAV đã gây hư hại cho một tòa nhà dân cư ở Kaluga. Tại vùng Belgorod, tình trạng mất điện diện rộng vẫn tiếp diễn sau vụ tấn công tên lửa rạng sáng 9/1.
UAV Ukraine lao trúng tòa chung cư ở Voronezh, Nga (Video: Telegram).
Tính đến ngày 10/1, có thể khẳng định chắc chắn rằng trận chiến giành Konstantinovka đã bắt đầu, với bước đột phá của quân đội Nga ở đông, nam - tây nam thành phố.
Lực lượng Moscow cũng liên tiếp tấn công ở bắc Udachne, tây - tây bắc Huliaipole và bắc Rysan Yar.
Bản đồ chiến sự Nga - Ukraine tại Huliaipole ngày 10/1. Moscow tiếp tục mở rộng vùng kiểm soát xung quanh thành phố (Ảnh: Military Summary).
Phòng không Ukraine khai hỏa ở Kiev
Không quân Ukraine trên Telegram rạng sáng 11/1 thông báo, tại Kiev cũng như khu vực lân cận, các hệ thống phòng không đã hoạt động chống lại UAV đối phương. Lúc 1h09, báo động không kích vang lên ở Kiev.
Lúc 1h22, Cơ quan quân quản thành phố Kiev báo cáo rằng ""lực lượng phòng không đang hoạt động để loại bỏ mối đe dọa trên bầu trời thủ đô"".
Không quân Ukraine cảnh báo về sự di chuyển của UAV Nga theo hướng khu vực Kiev, đặc biệt là Boryspil. Sau đó, thông tin về chiến dịch phòng không ở khu vực được công bố.
Cảnh báo không kích đã được dỡ bỏ ở khu vực Kiev vào lúc 2h04.
Nga khắc phục sai lầm ở Konstantinovka
Tại khu vực Konstantinovka, các đơn vị Moscow đang tấn công ở sườn phía bắc thành phố, với những thành công cục bộ gần kênh đào Seversky Donets-Donbass, kênh Rybar cho hay.
Bằng chứng về các cuộc tấn công của AFU ở vùng ngoại ô phía tây Novomarkovo đã xuất hiện trên mạng. Thị trấn này chính thức được Moscow tuyên bố kiểm soát vào ngày 12/3/2025, nhưng trên thực tế, nó chỉ mới thực sự nằm dưới sự kiểm soát của RFAF vào ngày 6-7/12.
Tình hình càng phức tạp hơn khi lực lượng Kiev kiểm soát Markovo và Orekhovo-Vasilevka, trái với tuyên bố của phía Nga, cả 2 thị trấn này vẫn chưa bị chiếm giữ. Tình hình tương tự cũng xảy ra ở Verolyubovka, một mũi nhọn của lực lượng Moscow ở phía bắc thành phố ""chỉ tồn tại trên mạng"".
Hơn nữa, tình hình ở Chasov Yar vẫn căng thẳng. Như Rybar đã đưa tin trước đó, có sự hiện diện của binh sĩ Ukraine ở phía đông nam thành phố. Việc lực lượng Kiev tuyên bố kiểm soát 20% khu vực không được bàn luận, nhưng một số tuyến phố với khu dân cư tư nhân vẫn nằm chắc trong tầm kiểm soát của AFU.
Trong khi đó, thỉnh thoảng Ukraine vẫn triển khai quân tiếp viện tại đây, lợi dụng việc kiểm soát Mykolaivka và Krasne. Đáng chú ý là Krasne đã chính thức được Nga tuyên bố chiếm giữ vào ngày 8/12.
Ở phía nam Konstantinovka, lực lượng Moscow gần đây đã đẩy lùi một cuộc phản công của đối phương nhằm đánh bật các chiến binh Nga khỏi cứ điểm gần Ivanopol. Trong trận chiến, nhóm xung kích AFU bị xóa sổ, 1 binh sĩ Ukraine bị bắt giữ.
Nhìn chung, tình hình tại khu vực Konstantinovka vẫn tương đối sáng sủa đối với Nga. Các đơn vị Moscow phát triển từ Dzerzhinsk (Toretsk) đã xóa sổ nhiều cứ điểm nhỏ còn sót lại. Trong nửa cuối năm ngoái, họ đã chuẩn bị một cách có hệ thống cho một cuộc tấn công toàn diện vào thành phố. Và xét theo mọi dấu hiệu, chúng ta sẽ thấy điều đó trong tương lai gần.
Bản đồ chiến sự Nga - Ukraine tại Konstantinovka ngày 10/1. Moscow kiểm soát phần màu nâu, các khu vực gạch chéo là nơi họ mới giành được, đang tiếp tục tấn công theo những mũi tên đỏ (Ảnh: Rybar).
Các đơn vị Nga bị bao vây ở bệnh viện Kupyansk
Theo hướng Kupyansk, đôi bên đang tiến công ở cả hai bờ sông Oskil, kênh AMK Mapping ghi nhận.
Ở phía bắc, sau khi nhận được thêm quân tiếp viện từ Sư đoàn Xe tăng 47, lực lượng Moscow nối lại hoạt động từ khu vực Holubivka, chiếm được nhiều vị trí mới trong những khu rừng phía đông Radkivka. Các nhóm xung kích khác củng cố được một phần phía bắc Kindrashivka, trước khi thâm nhập sâu hơn về phía tây, vượt qua các vị trí của đối phương được phòng thủ yếu kém vào Tyshchenivka, hiện nằm trong vùng xám.
Về phía đông nam, lực lượng Moscow bắt đầu phản công ở phía đông Kupyansk, tái chiếm một số nhà máy công nghiệp ở phía đông bắc thành phố. Từ đó, binh sĩ Nga thâm nhập theo con đường đến phía đông Podoly.
Ở phía nam, lực lượng Kiev đã giải tỏa được những khu vực cuối cùng ở phía tây nam Kupyansk, bao gồm cả khu dân cư cao tầng Yuvileynyi, chiếm được chợ trung tâm thành phố. Hoạt động phản công của AFU vẫn tiếp tục ở các khu vực khác của trung tâm thành phố, trong khi các cuộc không kích đang được thực hiện nhằm vào các đội hình Nga bị bao vây tại Bệnh viện Trung tâm Kupyansk.
Trong vài ngày qua, có thêm 5,10km² nghiêng về phía Nga, lực lượng Kiev giành lại 1,75km².
Bản đồ chiến sự Nga - Ukraine tại Kupyansk ngày 10/1. Kiev phản công dữ dội, giành lại các khu vực xanh nhạt, chia cắt các đội hình của lực lượng Moscow (Ảnh: AMK Mapping).
Nga mở rộng vùng kiểm soát quanh Huliaipole
Theo kênh Creamy Caprice, trên mặt trận phía đông Zaporizhia, giao tranh chiếm giữ vị trí tại khu vực Huliaipole diễn ra ác liệt. Lực lượng Moscow đã tiến thêm 700m về phía tây khu định cư Priluki, chiếm giữ các vị trí mới tại một cứ điểm kiên cố.
Vị trí tiền tuyến trên bờ tây sông Gaichur đang bị quân đội Ukraine (AFU) bắn phá.
Bản đồ chiến sự Nga - Ukraine tại Huliaipole ngày 10/1. Moscow kiểm soát phần màu nâu, các vị trí cắm cờ Nga là nơi họ đã xuất hiện (Ảnh: Creamy Caprice).
Giao tranh ác liệt ở Liman
Tại khu vực Liman (Lyman), quân đội Nga đang cố gắng củng cố vị trí ở Aleksandrivka, mở rộng sự hiện diện ở Yarovaya, trong khi giao tranh vẫn tiếp diễn trên các tuyến đường tiếp cận Svyatogorsk, theo kênh Rybar.
Bản đồ chiến sự Nga - Ukraine tại Liman ngày 10/1. Moscow kiểm soát phần màu nâu, các khu vực gạch chéo là nơi họ mới giành được, đang tiếp tục tấn công theo những mũi tên đỏ (Ảnh: Rybar).
Kênh AMK Mapping cho biết, cả lực lượng Moscow và Kiev đều tiến công, mỗi bên giành được thắng lợi ở 4 khu vực khác nhau, với 4,33km² nghiêng về phía Ukraine, trong khi Nga có thêm 4,03km².
Ở phía bắc, sau những đợt tấn công trước đó của các đơn vị trinh sát - đặc nhiệm, RFAF tiếp tục tiến sâu xuống các khu rừng phía bắc Liman, chiếm được một số công trình nông nghiệp ở vùng ngoại ô.
Ở phía nam, lực lượng Kiev đã giải tỏa khu vực trung tâm và phía đông thành phố khỏi các đơn vị trinh sát - đặc nhiệm Nga. Việc tái chiếm được Trường số 2 cho phép họ tiến xa hơn về phía đông xuyên qua các khu rừng. Ngoài ra, họ xâm nhập vào quận Masliakivka ở rìa phía đông thành phố, chiếm lại khoảng một nửa quận này. Giao tranh vẫn đang tiếp diễn ở các con phố phía đông.
Ở phía nam, RFAF bắt đầu tiến về phía bắc từ mũi nhọn phía nam Liman, nơi họ đã chiếm được phần lớn khu rừng, tiến đến đường cao tốc Liman - Raihorodok. Các nhóm xung kích khác tiếp tục củng cố sườn nam của mũi nhọn này, mở rộng thêm vị trí của họ trong các khu rừng ở đó.
Bản đồ chiến sự Nga - Ukraine tại Liman ngày 10/1. Cả hai bên đều tích cực hành động và giành được một số vị trí mới (Ảnh: AMK Mapping).
Nga đạt tiến bộ đáng kể ở Borova và Svyatohirsk
Kênh AMK Mapping đưa tin, theo hướng Borova và Svyatohirsk, lực lượng Moscow tăng cường các hoạt động, đạt được những tiến bộ đáng kể trên nhiều khu vực. Họ chiếm được loạt cứ điểm mạnh của Ukraine ở phía đông Korovii Yar, cho phép phát triển về phía bắc, cắt đứt tuyến đường Korovii Yar - Karpivka, kiểm soát các vị trí ở những khu rừng khác nhau xa hơn về phía bắc.
Về phía tây nam, quân đội Nga tiến xa hơn về phía tây dọc theo khe núi từ Seredjne, chiếm giữ các vị trí trong các khu rừng trồng ở đó. Các mũi xung kích khác kiểm soát những vị trí ở 2 khu rừng khác nhau, xâm nhập phần phía đông Oleksandrivka.
Về phía nam, RFAF chiếm được những cánh rừng còn lại ở phía tây bắc Yarova. Từ đó, họ thâm nhập vào phần phía tây ngôi làng, tiếp tục di chuyển về phía tây nam đến sông Siverskyi Donets, tiến vào phần phía đông thành phố Svyatohirsk.
Về phía đông, binh sĩ Nga tiếp tục dọn sạch các khu rừng phía bắc Yarova, chiếm được những con phố phía đông bắc ngôi làng. Các nhóm tấn công khác đã chọc thủng một loạt vị trí Ukraine xa hơn về phía đông, buộc các đơn vị Kiev còn lại phải rút lui khỏi phía nam Novoselivka do nguy cơ bị bao vây, cho phép RFAF kiểm soát hoàn toàn khu định cư này cũng như một số khu rừng phía nam. Tổng cộng, 16,59km² nghiêng về phía Nga.
Bản đồ chiến sự Nga - Ukraine tại Borova và Svyatohirsk ngày 10/1. Moscow tích cực đột phá, giành được một số vị trí mới, buộc lực lượng Kiev phải rút lui theo mũi tên xanh (Ảnh: AMK Mapping)."
https://dantri.com.vn/the-gioi/dai-loan-tro-thanh-xa-hoi-sieu-gia-20260110074520192.htm,"Đài Loan trở thành ""xã hội siêu già""",(Dân trí) - Hòn đảo ở khu vực Đông Á đang đối mặt với thách thức càng lớn khi tốc độ già hóa dân số tăng cao.,"Dân số Đài Loan già hóa nhanh chóng trong những năm qua (Ảnh: ST).
Đài Loan lần đầu tiên trở thành một “xã hội siêu già”, khi 20% dân số của hòn đảo này ở độ tuổi từ 65 trở lên trong năm 2025, theo dữ liệu mà chính quyền công bố ngày 9/1.
Hòn đảo với hơn 23 triệu dân đang đối mặt với thách thức nhân khẩu học ngày càng lớn, khi dân số vừa suy giảm về tổng thể vừa già hóa nhanh chóng.
Theo cơ quan nội chính, trong năm 2025, Đài Loan có 4,67 triệu người từ 65 tuổi trở lên, chiếm 20,06% dân số.
Điều này đồng nghĩa với việc Đài Loan đáp ứng tiêu chí của Tổ chức Y tếThế giớivề một xã hội siêu già, tức cứ 5 người dân thì có 1 người từ 65 tuổi trở lên. Dữ liệu của Đài Loan cũng cho thấy, nhóm từ 0-14 tuổi chỉ chiếm 11,51% tổng dân số.
Chỉ có 9.027 trẻ sơ sinh được ghi nhận trong tháng 12 năm 2025, giảm 27% so với cùng kỳ năm trước, và tổng số trẻ sơ sinh trong cả năm 2025 chạm mức thấp kỷ lục 107.812.
Tỷ suất sinh thô, tính theo số ca sinh trên mỗi 1.000 dân mỗi năm, đạt 4,56 trong tháng 12.
Dân số Đài Loan lần đầu tiên suy giảm vào năm 2020, trong khi tỷ lệ sinh đã liên tục giảm suốt hai thập niên qua.
Các nhà nhân khẩu học cho biết phụ nữ Đài Loan ngày càng kết hôn muộn hơn, lựa chọn gia đình ít con, hoặc quyết định sống độc thân. Chi phí sinh hoạt gia tăng và sự thiếu hụt hỗ trợ chăm sóc trẻ em cũng khiến một số phụ nữ đi làm phải trì hoãn kế hoạch làm mẹ.
Tháng 12, chính quyền hòn đảo đã đề xuất mở rộng khả năng tiếp cận các biện pháp hỗ trợ sinh sản cho phụ nữ độc thân và các cặp đôi đồng giới nữ đã kết hôn, nhằm thúc đẩy tỷ lệ sinh."
https://dantri.com.vn/the-gioi/campuchia-lenh-thanh-ly-ngan-hang-do-ong-trum-chen-zhi-lap-ra-20260108150549244.htm,Campuchia lệnh thanh lý ngân hàng do ông trùm Chen Zhi lập ra,"(Dân trí) - Campuchia thông báo thanh lý ngân hàng do ông trùm Chen Zhi lập ra, đối tượng đã bị cáo buộc đứng sau các hoạt động lừa đảo trực tuyến quy mô lớn.","Một trụ sở ngân hàng Prince Bank (Ảnh: AFP).
Ngân hàng trung ương Campuchia cho biết, một ngân hàng tại Campuchia do ông trùm Chen Zhi lập ra đã bị ra lệnh thanh lý vào ngày 8/1.
Trong một tuyên bố, Ngân hàng Quốc gia Campuchia (NBC) thông báo Prince Bank “đã bị đặt vào diện thanh lý theo đúng quy định pháp luật của Vương quốc Campuchia”.
Tuyên bố cho biết thêm, Prince Bank đã bị “đình chỉ cung cấp các dịch vụ ngân hàng mới, bao gồm nhận tiền gửi và cấp tín dụng”. NBC nhấn mạnh họ đã chỉ định công ty kiểm toán Morisonkak MKA làm đơn vị thanh lý.
Prince Bank là công ty con của Prince Holding Group do Chen kiểm soát mà Mỹ cáo buộc là vỏ bọc cho một tổ chức lừa đảo trực tuyến xuyên quốc gia.
NBC cho hay, các khách hàng có tiền gửi tại Prince Bank “có thể rút tiền bình thường sau khi chuẩn bị đầy đủ hồ sơ”, còn những người vay vốn “phải tiếp tục thực hiện đầy đủ nghĩa vụ như bình thường”.
Theo trang web của ngân hàng, Prince Bank hiện quản lý khoảng 1 tỷ USD tài sản.
Chen, người sinh ra tại Trung Quốc, đã bị Washington và Anh áp đặt các biện pháp trừng phạt vào tháng 10/2025 vì bị cáo buộc chỉ đạo các đường dây lừa đảo trên không gian mạng, sử dụng hàng trăm nạn nhân buôn người bị ép làm việc trong các khu phức hợp tập trung.
Nhà chức trách Campuchia cho biết họ đã bắt giữ Chen và dẫn độ đối tượng này sang Trung Quốc vào ngày 6/1. Bộ Nội vụ Campuchia thông báo quốc tịch Campuchia của Chen đã bị tước bỏ vào tháng 12/2025.
Bộ Nội vụ Campuchia cho hay, chiến dịch này được tiến hành theo yêu cầu của phía Trung Quốc, sau nhiều tháng “hợp tác điều tra”. Cho đến nay, phía Trung Quốc chưa bình luận về vụ bắt giữ Chen kể từ khi thông tin được công bố vào ngày 7/1.
Giới chức Campuchia khẳng định nhà chức trách nước này đang tiến hành chiến dịch trấn áp các đường dây lừa đảo trực tuyến.
Chen có thể đối mặt mức án lên tới 40 năm tù nếu bị kết tội tại Mỹ với các cáo buộc âm mưu gian lận điện tử và rửa tiền, liên quan đến khoảng 127.271 bitcoin bị Mỹ thu giữ, trị giá hơn 11 tỷ USD theo giá hiện tại.
Vào tháng 10, các công tố viên Mỹ đã công bố bản cáo trạng, cáo buộc Chen đứng đầu các khu phức hợp tại Campuchia, nơi những lao động bị buôn người bị ép thực hiện các vụ lừa đảo, thu về hàng tỷ USD.
Các nạn nhân bị nhắm tới thông qua các chiêu trò nhằm xây dựng lòng tin trong thời gian dài trước khi dụ dỗ chiếm đoạt tiền. Những hoạt động này đã gây thiệt hại hàng tỷ USD trên toàn cầu."
https://dantri.com.vn/the-gioi/my-dong-loat-rut-khoi-31-co-quan-thuoc-lien-hop-quoc-20260108062506701.htm,Mỹ đồng loạt rút khỏi 31 cơ quan thuộc Liên hợp quốc,"(Dân trí) - Mỹ thông báo rút khỏi hơn 60 tổ chức quốc tế, trong đó có 31 đơn vị thuộc Liên hợp quốc mà họ cho rằng không phù hợp với lợi ích của đất nước.","Chính quyền Tổng thống Mỹ Donald Trump đã rút nước này khỏi các tổ chức quốc tế mà họ cho là đi ngược với lợi ích quốc gia (Ảnh: Reuters).
Ngày 7/1, Tổng thống Mỹ Donald Trump đã ký một tuyên bố chính thức rút Mỹ khỏi 35 tổ chức không thuộc Liên hợp quốc và 31 cơ quan của Liên hợp quốc mà theo Nhà Trắng là “hoạt động đi ngược lại lợi ích quốc gia của Mỹ”.
Trong thông báo, Nhà Trắng không nêu tên cụ thể các tổ chức này, nhưng cáo buộc họ thúc đẩy “các chính sách khí hậu cực đoan, quản trị toàn cầu và những chương trình mang tính ý thức hệ xung đột với chủ quyền cũng như sức mạnh kinh tế của Mỹ”.
Theo Nhà Trắng, quyết định trên là kết quả của một cuộc rà soát toàn diện đối với tất cả các tổ chức liên chính phủ quốc tế, các công ước và hiệp ước mà Mỹ là thành viên hoặc là bên tham gia.
“Những quyết định rút lui này sẽ chấm dứt việc sử dụng tiền thuế của người dân Mỹ cũng như sự tham gia của Mỹ vào các thực thể thúc đẩy chương trình nghị sự toàn cầu hóa thay vì ưu tiên lợi ích của Mỹ, hoặc xử lý các vấn đề quan trọng một cách kém hiệu quả đến mức tiền thuế của người dân Mỹ nên được phân bổ tốt hơn cho những cách khác nhằm hỗ trợ các sứ mệnh liên quan”, Nhà Trắng nêu rõ.
Nhà Trắng chưa phản hồi ngay khi được yêu cầu cung cấp thêm chi tiết cũng như danh sách các tổ chức liên quan.
Kể từ khi bắt đầu nhiệm kỳ thứ 2 cách đây một năm, ông Trump đã tìm cách cắt giảm mạnh nguồn tài trợ của Mỹ cho Liên hợp quốc, chấm dứt sự tham gia của Mỹ với Hội đồng Nhân quyền Liên hợp quốc, gia hạn việc ngừng tài trợ cho Cơ quan Cứu trợ vàViệc làmcủa Liên hợp quốc dành cho người tị nạn Palestine (UNRWA) và rút khỏi Tổ chức Giáo dục, Khoa học và Văn hóa của Liên hợp quốc (UNESCO). Ông cũng đã công bố kế hoạch rút khỏi Tổ chức Y tế Thế giới và Thỏa thuận khí hậu Paris."
https://dantri.com.vn/the-gioi/anh-video-gia-dung-bang-ai-vu-my-dot-kich-venezuela-tran-lan-mang-xa-hoi-20260106143948958.htm,"Ảnh, video giả dựng bằng AI vụ Mỹ đột kích Venezuela tràn lan mạng xã hội","(Dân trí) - Chỉ ít phút sau tuyên bố của Tổng thống Mỹ Donald Trump về cuộc tập kích Venezuela cuối tuần qua, mạng xã hội thế giới đã nhanh chóng tràn ngập hình ảnh và video giả mạo được tạo ra bởi AI.","Một người ủng hộ cầm bức tranh của Tổng thống Maduro ở Caracas, Venezuela (Ảnh minh họa: Reuters).
Từ cảnh Tổng thống Venezuela Nicolás Maduro bị lực lượng thực thi pháp luật Mỹ đưa khỏi máy bay, đến người dân Caracas đổ ra đường, hay tên lửa dội xuống thành phố ở Venezuela, nhiều trong số các bức ảnh và video lan truyền trên mạng vào thời điểm đó là sai sự thật, theo Guardian.
Trong bối cảnh thông tin xác thực khan hiếm, cùng với sự phát triển nhanh chóng của các công cụ AI, ranh giới giữa sự thật và hư cấu ngày càng trở nên mờ nhạt.
Theo trang kiểm chứng thông tin NewsGuard, các hình ảnh do AI tạo ra này đã được xem và chia sẻ hàng triệu lượt trên các nền tảng X, Instagram, Facebook và TikTok.
Ngay cả Thị trưởng thành phố Coral Gables (bang Florida, Mỹ), ông Vince Lago, cũng đăng tải lên Instagram bức ảnh giả mạo cảnh Tổng thống Venezuela bị các đặc vụ Mỹ áp giải. Bài đăng này thu hút hơn 1.500 lượt thích và được chia sẻ rộng rãi.
Trao đổi với Guardian, bà Sofia Rubinson, biên tập viên cấp cao của NewsGuard đồng thời là chuyên viên nghiên cứu thông tin sai lệch và thuyết âm mưu, cho biết nhiều hình ảnh giả về Caracas được dựng rất sát với diễn biến thực tế, khiến việc phân biệt thật - giả trở nên khó khăn hơn.
“Nhiều hình ảnh do AI tạo ra không bóp méo nghiêm trọng sự thật. Tuy nhiên, chúng đang được dùng để lấp đầy khoảng trống của cáctin tứcchính thống”, bà Rubinson nhận định.
“Đây là chiến thuật mới trong việc phát tán thông tin sai lệch. Chúng khó kiểm chứng hơn, vì thường rất giống với thực tế”, bà cho biết thêm.
Ngày 5/1, NewsGuard đã công bố báo cáo xác định 5 bức ảnh sai sự thật, cùng 2 video gây hiểu nhầm liên quan đến chiến dịchquân sựở Venezuela.
Theo NewsGuard, 7 nội dung sai lệch này đã thu hút hơn 14 triệu lượt xem chỉ riêng trên nền tảng X. Thậm chí, một số bài đăng sử dụng ảnh và video giả trên các tài khoản có tầm ảnh hưởng vẫn chưa bị gỡ bỏ cho đến hôm nay khi đã thu hút được hàng triệu lượt xem. Điều đó cho thấy mối đe dọa ngày càng gia tăng của vấn nạn tin giả trong kỷ nguyên công nghệ ngày càng bùng nổ.
Tố Uyên"
https://dantri.com.vn/the-gioi/kieu-bao-ba-lan-tang-vuon-rau-tri-gia-250-trieu-dong-cho-dao-truong-sa-lon-20251208161009330.htm,Kiều bào Ba Lan tặng vườn rau trị giá 250 triệu đồng cho đảo Trường Sa Lớn,"(Dân trí) - Câu lạc bộ Hoàng Sa - Trường Sa tại Ba Lan đã đề xuất, vận động và triển khai dự án nhằm tặng vườn rau xanh cho đảo Trường Sa Lớn, hành động thể hiện tấm lòng luôn hướng về biển đảo quê hương.","Câu lạc bộ Hoàng Sa - Trường Sa tại Ba Lan trao tặng món quà cho đảo Trường Sa Lớn (Ảnh: Bộ Ngoại giao).
Ngày 8/12 tại Cam Ranh, đoàn công tác của Ủy ban Nhà nước về người Việt Nam ở nước ngoài, Bộ Ngoại giao và Câu lạc bộ Hoàng Sa - Trường Sa tại Ba Lan đã tới thăm và làm việc với Lữ đoàn 146, Bộ Tư lệnh Vùng 4 Hải quân.
Tại đây, Câu lạc bộ Hoàng Sa - Trường Sa tại Ba Lan, một tổ chức cộng đồng của người Việt tại Ba Lan, đã trao tặng Vườn rau xanh cho đảo Trường Sa Lớn (trị giá 250 triệu đồng). Đây là dự án do Câu lạc bộ Hoàng Sa - Trường Sa tại Ba Lan đề xuất, vận động.
Phát biểu tại chương trình, bà Phạm Thị Kim Hoa, Phó Chủ nhiệm Ủy ban Nhà nước về người Việt Nam ở nước ngoài bày tỏ xúc động và trân trọng tình cảm của cộng đồng người Việt tại Ba Lan, đặc biệt là các thành viên Câu lạc bộ Hoàng Sa - Trường Sa, luôn hướng về biển đảo quê hương bằng những hành động thiết thực.
Ý tưởng xây dựng vườn rau xanh được hình thành sau chuyến thăm Trường Sa và Nhà giàn DK-I của đoàn kiều bào tháng 4. Từ những trăn trở về đời sống của quân và dân trên đảo, Câu lạc bộ đã chủ động đề xuất và vận động cộng đồng quyên góp để hỗ trợ cải thiện điều kiện sinh hoạt, tăng cường tự chủ lương thực tại Trường Sa. Đây không chỉ là đóng góp vật chất mà còn là minh chứng cho tình đoàn kết dân tộc và tấm lòng của kiều bào với tiền tuyến biển đảo.
“Đây không chỉ là đóng góp vật chất mà còn là minh chứng cho tình đoàn kết dân tộc và tấm lòng của kiều bào với tiền tuyến biển đảo”, bà nói.
Bà Cao Hồng Vinh, Chủ tịch Câu lạc bộ Hoàng Sa - Trường Sa tại Ba Lan xúc động chia sẻ khi được thay mặt cộng đồng kiều bào tại Ba Lan gửi tặng món quà ý nghĩa đến Trường Sa.
Bà khẳng định: “Chúng tôi, những người con xa Tổ quốc, luôn mang trong tim hình ảnh thiêng liêng của biển đảo quê hương. Sau những chuyến thăm Trường Sa, chúng tôi càng hiểu rõ sự gian khó và ý chí kiên cường của các cán bộ, chiến sĩ và nhân dân trên đảo.
Việc ủng hộ vườn rau xanh không chỉ nhằm cải thiện đời sống, mà còn gửi gắm mong muốn được đồng hành lâu dài với Trường Sa. Mỗi luống rau, mỗi mảng xanh mọc lên trên đảo sẽ là một lời nhắn gửi của kiều bào Ba Lan rằng: Trường Sa luôn trong trái tim chúng tôi. Vườn rau đầu tiên của dự án sẽ triển khai trong thời gian tới tại đảo Trường Sa và dự kiến khánh thành nhân dịp đoàn kiều bào thăm Trường Sa năm 2026”.
Bà khẳng định, cộng đồng người Việt tại Ba Lan luôn sẵn sàng tiếp tục đồng hành trong các sáng kiến hướng về biển đảo, coi đó là trách nhiệm thiêng liêng của người Việt xa quê.
Kiều bào Ba Lan khẳng định tấm lòng luôn hướng về biển đảo quê hương (Ảnh: Bộ Ngoại giao).
Thay mặt Lữ đoàn 146, Thượng tá Nguyễn Văn Tạo, Phó Chính ủy Lữ đoàn 146 trân trọng cảm ơn tình cảm của kiều bào Ba Lan nói riêng và cộng đồng người Việt ở nước ngoài nói chung.
Ông nhấn mạnh: “Với cán bộ, chiến sĩ Trường Sa, mỗi sự hỗ trợ, mỗi tấm lòng của đồng bào trong và ngoài nước đều là động lực lớn giúp chúng tôi vững vàng nơi đầu sóng ngọn gió. Dự án Vườn rau xanh không chỉ mang giá trị vật chất, mà còn là biểu tượng của sức mạnh đại đoàn kết dân tộc, của “hậu phương xa” luôn hướng về “tiền tuyến biển đảo”. Chúng tôi cam kết sử dụng nguồn hỗ trợ đúng mục đích, bảo đảm triển khai hiệu quả, để những vườn rau kiều bào gửi gắm sớm xanh tốt trên đảo”.
Chương trình được xem là dấu mốc tiếp nối chuỗi hoạt động của Câu lạc bộ Hoàng Sa - Trường Sa tại Ba Lan, tập thể đã có nhiều đóng góp ủng hộ cũng như tổ chức các Hội thảo về Biển Đông và triển lãm ảnh nhằm lan tỏa tình yêu biển đảo tới cộng đồng người Việt ở châu Âu.
Cũng nhân dịp này, Ủy ban Nhà nước về người Việt Nam ở nước ngoài, Câu lạc bộ Hoàng Sa - Trường Sa tại Ba Lan và Ban liên lạc người Việt châu Âu “Vì biển, đảo Việt Nam” đã có hoạt động tri ân các anh hùng liệt sĩ, dâng hương tại Khu tưởng niệm chiến sĩ Gạc Ma đồng thời đến thăm, tặng quà cho trường Mầm non, Tiểu học căn cứ quân sự Cam Ranh và 26 suất học bổng dành cho các em học sinh có thành tích học tập xuất sắc, có hoàn cảnh khó khăn, với tổng trị giá 40 triệu đồng."
https://dantri.com.vn/the-gioi/australia-bat-nu-thay-boi-bi-to-lua-dao-cong-dong-nguoi-viet-46-trieu-usd-20251113171429909.htm,"Australia bắt nữ thầy bói bị ""tố"" lừa đảo cộng đồng người Việt 46 triệu USD",(Dân trí) - Một người phụ nữ tự nhận là thầy bói và chuyên gia phong thủy đã bị cáo buộc lừa đảo 70 triệu AUD (46 triệu USD) từ cộng đồng người Việt tại Sydney.,"Nghi phạm bị bắt giữ (Ảnh: Cảnh sát New South Wales).
Cảnh sát cáo buộc Anya Phan là thành viên của một trong những đường dây tội phạmtài chínhlớn nhất trong lịch sử Australia.
Người phụ nữ 53 tuổi này bị bắt cùng con gái 25 tuổi trong một cuộc đột kích lúc khoảng 6h sáng 12/11 tại một căn nhà ở Dover Heights, khu ngoại ô phía đông Sydney.
Cảnh sát đã thu giữ các tài liệu tài chính, điện thoại di động, thiết bị điện tử, túi xách hàng hiệu, hơn 6.000 AUD tiền phỉnh dùng trong sòng bạc và một thỏi vàng 40 gram trị giá 10.000 AUD.
Thanh tra trưởng Gordon Arbinja thuộc Đội điều tra tội phạm tài chính cho biết bà Phan là người “có ảnh hưởng và được tin tưởng trong cộng đồng người Việt của mình”.
Cảnh sát cáo buộc vai trò của bà Phan trong đường dây là thuyết phục người khác trở thành người đứng tên vay tiền thay và vay 10 khoản, mỗi khoản trị giá 1,5 triệu AUD.
Thanh tra Arbinja cho biết, bà Phan nhập quốc tịch Australia sau khi đến nước này vào năm 2001, nhưng chưa từng đi làm và đang nhận trợ cấp khuyết tật.
Cảnh sát cáo buộc bà Phan lợi dụng các khách hàng bằng cách thuyết phục họ vay tiền, rồi giữ lại phần chia cho mình, dựa trên “lời tiên đoán” rằng trong tương lai họ sẽ trở thành “tỷ phú”.
Vụ lừa đảo được thực hiện với sự hỗ trợ của nghi phạm 25 tuổi, người mua một căn nhà trị giá 5,3 triệu AUD ở Rose Bay để phục vụ cho hoạt động của đường dây.
Ủy ban Tội phạm bang NSW đã phong tỏa thêm tài sản trị giá 15 triệu AUD, nâng tổng giá trị tài sản liên quan đến đường dây lên 75 triệu AUD.
Hai người phụ nữ bị đưa về đồn cảnh sát Surry Hills, nơi nghi phạm 53 tuổi bị truy tố 39 tội danh, bao gồm chỉ đạo hoạt động của nhóm tội phạm và 19 tội danh gian lận nhằm thu lợi tài chính.
Bà Phan bị từ chối được bảo lãnh và sẽ hầu tòa tại Tòa địa phương Downing Centre vào ngày 13/11
Nghi phạm 25 tuổi bị buộc 2 tội danh gian lận và tham gia nhóm tội phạm, được bảo lãnh có điều kiện và sẽ hầu tòa vào tháng 1.
Cảnh sát New South Wales cho biết vụ bắt giữ nằm trong khuôn khổ Chiến dịch Myddleton, nhằm điều tra một băng nhóm tội phạm chuyên nhắm vào các công ty tài chính ô tô ở Sydney.
Cuộc điều tra ban đầu phát hiện đường dây này sử dụng thông tin cá nhân bị đánh cắp để vay tiền qua nhiều công ty tài chính khác nhau nhằm mua các “siêu xe ma” trên thực tế không tồn tại.
Sau đó, cảnh sát phát hiện hoạt động của đường dây này mở rộng sang quy mô lớn hơn, bao gồm lừa đảo vay cá nhân, vaydoanh nghiệpvà vay thế chấp nhà đối với nhiều tổ chức tài chính.
Trong quá trình điều tra, hai người phụ nữ nói trên được xác định là có liên quan trực tiếp đến đường dây.
Tính đến nay, 17 người khác đã bị truy tố trong Chiến dịch Myddleton, và Ủy ban Tội phạm NSW đã phong tỏa tài sản trị giá 60 triệu AUD.
Thanh tra Arbinja nói rằng cuộc điều tra đã mở rộng rất nhiều kể từ khi bắt đầu: “Những gì khởi đầu là cuộc điều tra về gian lận tài chính mua ô tô, nay đã hé lộ một trong những đường dây tội phạm tài chính tinh vi nhất mà tôi từng thấy trong sự nghiệp của mình. Các điều tra viên của chúng tôi đã làm việc không ngừng để phơi bày một mạng lưới không chỉ nhắm vào các tổ chức tài chính mà còn lợi dụng những cá nhân dễ tổn thương để trục lợi""."
https://dantri.com.vn/the-gioi/trong-dung-nguoi-tai-phat-huy-nguon-luc-kieu-bao-de-xay-dung-dat-nuoc-20251222165407270.htm,"Trọng dụng người tài, phát huy nguồn lực kiều bào để xây dựng đất nước",(Dân trí) - Thứ trưởng Bộ Ngoại giao Lê Thị Thu Hằng khẳng định Đảng và Nhà nước luôn coi cộng đồng Người Việt Nam ở nước ngoài (NVNONN) là nguồn lực quan trọng phát triển đất nước.,"Thứ trưởng Bộ Ngoại giao Lê Thị Thu Hằng (Ảnh: Đức Hoàng).
""Việt Nam đã có rất nhiều chuyển biến mạnh mẽ trong thời gian qua và đang bước vào kỷ nguyên mới, kỷ nguyên phát triển, hùng cường, thịnh vượng của dân tộc.
Để đạt được mục tiêu này, Việt Nam cần có sự đồng lòng của đồng bào trong và ngoài nước, cũng như phát huy tối đa sức mạnh nội sinh, trong đó nguồn lực của cộng đồng NVNONN là yếu tố rất quan trọng"", Thứ trưởng Lê Thị Thu Hằng phát biểu trong buổi gặp gỡ báo chí thông tin về Hội nghị toàn quốc tổng kết việc thực hiện NQ36-NQ/TW (2004) và các văn bản chỉ đạo của Bộ Chính trị, Ban Bí thư về công tác đối với NVNONN.
Hội nghị dự kiến sẽ diễn ra vào ngày 25/12, nhằm tổng kết việc thực hiện Nghị quyết số 36-NQ/TW năm 2004 và các văn bản chỉ đạo của Bộ Chính trị, Ban Bí thư về công tác đối với người Việt Nam ở nước ngoài trong hơn 20 năm qua, để kịp thời đề xuất các chủ trương, quyết sách phù hợp cho giai đoạn mới.
Nghị quyết 36 là văn kiện định hướng chiến lược toàn diện đầu tiên của Đảng về công tác đối với người Việt Nam ở nước ngoài trong thời kỳ đẩy mạnh hội nhập quốc tế. Nghị quyết đã tạo dấu mốc quan trọng, trở thành “kim chỉ nam” cho các chủ trương, hoạt động của Đảng, Nhà nước, các ban, bộ, ngành và địa phương trong suốt hơn hai thập kỷ, khẳng định quan điểm nhất quán, xuyên suốt: người Việt Nam ở nước ngoài là bộ phận không tách rời và là một nguồn lực của cộng đồng dân tộc Việt Nam, là nhân tố quan trọng góp phần củng cố quan hệ hợp tác, hữu nghị giữa Việt Nam với các nước.
Sau hơn 20 năm thực hiện Nghị quyết 36, cộng đồng người Việt Nam ở nước ngoài đã phát triển mạnh cả về quy mô, chất lượng và mức độ hội nhập. Từ khoảng 2,7 triệu người ở gần 90 quốc gia và vùng lãnh thổ năm 2004, đến nay đã có gần 6,5 triệu người Việt Nam ở nước ngoài tại trên 130 quốc gia và vùng lãnh thổ, trong đó 80% sinh sống tại các nước phát triển, có vai trò, vị thế ngày càng được khẳng định, được đánh giá cao tại sở tại và trên các diễn đàn quốc tế.
Cộng đồng NVNONN đã có đóng góp cho nước sở tại về kinh tế, văn hóa, nhưng cũng có những đóng góp quan trọng cho quê hương Việt Nam. NVNONN không chỉ đóng góp về vật chất, thông qua nguồn kiều hối hay đầu tư tài chính, mà còn đóng góp về tri thức và chất xám.
Mỗi năm có khoảng 300-400 lượt giảng viên NVNONN về nước tham gia giảng dạy, nghiên cứu khoa học. NVNONN cũng phát huy tinh thần tương thân tương ái truyền thống của dân tộc trong các hoạt động thiện nguyện. Chỉ tính trong đợt bão lũ năm nay, cộng đồng NVNONN đã đóng góp hơn 40 tỷ đồng để hỗ trợ đồng bào trong nước chịu ảnh hưởng bởi thiên tai.
Ngoài ra, sự gắn bó giữa Đảng, Nhà nước và Nhân dân trong nước với đồng bào ở nước ngoài ngày càng được củng cố, chặt chẽ và thực chất hơn. Việc hoàn thiện, sửa đổi hệ thống pháp luật tạo điều kiện, bảo vệ quyền và lợi ích chính đáng của NVNONN cũng đã được thực hiện trong thời gian qua.
Một chuyển biến quan trọng là Đảng và Nhà nước không chỉ coikiều bàolà người thụ hưởng, mà còn khuyến khích kiều bào tham gia vào quá trình xây dựng chủ trương, chính sách lớn của đất nước. Ví dụ, tới nay đã có hơn 2.000 ý kiến của kiều bào đóng góp cho Văn kiện Đại hội Đảng lần thứ XIV.
Đảng và Nhà nước cũng đã tạo điều kiện để thu hút và phát huy nguồn lực của cộng đồng NVNONN, nhưng với những cách tiếp cận mới, hướng tới trọng dụng người tài.
""Trọng dụng tức là trao quyền, tạo điều kiện cho họ cómôi trườnglàm việc tốt nhất, được cống hiến hiệu quả nhất"", Thứ trưởng Lê Thị Thu Hằng nhấn mạnh.
Ngoài ra, việc giữ gìn, tôn vinh các giá trị văn hóa Việt, đặc biệt là tiếng Việt, đã có sự thay đổi lớn. Đảng và Nhà nước đã có các chương trình, chính sách nhằm thúc đẩy hiệu quả của các chương trình dạy tiếng Việt cho NVNONN.
Đến nay, Ủy ban Nhà nước về người Việt Nam ở nước ngoài đã tiếp nhận 60 báo cáo tổng kết, 20 tham luận chuyên đề, với 180 đề xuất, kiến nghị từ các ban, bộ, ngành, địa phương (trong đó có các cơ quan báo chí chủ chốt). Ủy ban cũng đã tổng hợp báo cáo, tham mưu, kiến nghị của 98 cơ quan đại diện Việt Nam ở nước ngoài; đồng thời tổ chức 5 tọa đàm, hội thảo chuyên đề phục vụ rà soát, đánh giá toàn diện công tác đối với người Việt Nam ở nước ngoài thời gian qua, làm cơ sở tham mưu phương hướng lớn trong giai đoạn tới."
