url,title,description,content
https://dantri.com.vn/lao-dong-viec-lam/buc-tranh-tong-quan-ve-phu-cap-theo-nghe-tu-2026-20260112104955063.htm,Bức tranh tổng quan về phụ cấp theo nghề từ 2026,"(Dân trí) - Phụ cấp theo nghề đang trải rộng từ 10-30% (tư pháp, thanh tra…) đến 70-100% (giáo dục, y tế vùng khó khăn). Nhiều chính sách mới bắt đầu áp dụng từ ngày 1/1.","Trong hệ thống tiền lương khu vực công, phụ cấp theo nghề (ưu đãi theo nghề) là khoản cộng thêm nhằm bù đắp điều kiện lao động đặc thù (độc hại, rủi ro, áp lực nghề nghiệp...), hoặc để Nhà nước ưu tiên thu hút - giữ chân nhân lực ở một số lĩnh vực.
Khung chung được đặt trong Nghị định 204/2004/NĐ-CP, từng mức cụ thể được quy định trong các văn bản chuyên ngành. Phụ cấp ưu đãi theo nghề có thể theo các bậc từ 5% đến 50% (tùy ngành, công việc), còn một số nhóm lại dùng ""phụ cấp trách nhiệm theo nghề"" theo thang từ 10-30%.
Cách tính, đối tượng và điều kiện hưởng của các ngành nghề có thể khác nhau. Ví dụ, nhóm tư pháp, thanh tra,... thường áp dụng ""phụ cấp trách nhiệm theo nghề"", còn giáo dục, y tế lại có ""phụ cấp ưu đãi theo nghề"" với mức cao hơn và phân theo cấp học/chuyên khoa/địa bàn.
Ngành giáo dục hiện hưởng 25-70%, đang có đề xuất nâng mạnh từ 2026
Báo cáo tổng kết của Bộ GD&ĐT cho thấy phụ cấp ưu đãi đối với nhà giáo có các mức 25%, 30%, 35%, 40%, 45%, 50% (tùy cấp học, loại trường, môn giảng dạy, địa bàn), và nhóm trường/địa bàn đặc thù có thể lên 70%.
Số liệu tổng hợp chi trả (tháng 6/2024) trong báo cáo cho thấy tỷ lệ bình quân phụ cấp ưu đãi khoảng 36,32%, và nhóm vùng kinh tế - xã hội đặc biệt khó khăn có thể tăng thêm tới 70%.
Đáng chú ý, trong hồ sơ đề nghị xây dựng nghị định mới về phụ cấp ưu đãi theo nghề cho viên chức, người lao động trong cơ sở giáo dục công lập, Bộ GD&ĐT viện dẫn mục tiêuchính sáchcủa Nghị quyết 71-NQ/TW (22/8/2025): hướng tới tối thiểu 70% cho giáo viên mầm non, phổ thông; tối thiểu 30% cho nhân viên; và 100% cho giáo viên ở khu vực đặc biệt khó khăn, biên giới, hải đảo, vùng đồng bào dân tộc thiểu số.
Giáo viên và học sinh Trường Phổ thông cơ sở Xã Đàn trong ngày khai giảng (Ảnh: Nguyễn Hà Nam).
Đột phá mới về ưu đãi nghề cho ngành Y
Ngành y tế có nền tảng là Nghị định 56/2011/NĐ-CP về phụ cấp ưu đãi theo nghề cho công chức, viên chức tại cơ sở y tế công lập.
Bước sang năm 2026, Nghị quyết 261/2025/QH15 về một số cơ chế, chính sách đặc biệt tạo đột phá cho công tác bảo vệ, chăm sóc và nâng cao sức khỏe nhân dân có hiệu lực. Trong đó có nhiều nội dung liên quan đến chế độ lương, phụ cấp cho nhân viên y tế.
Điểm nhấn đáng chú ý là định hướng duy trì và mở rộng mức phụ cấp ưu đãi ở ngưỡng cao, trong đó có mức 100%, đối với một số nhóm nhân viên y tế dự phòng, y tế cơ sở và các lĩnh vực đặc thù.
Đối với các khu vực vùng sâu, vùng xa, biên giới và hải đảo, mức phụ cấp tối đa này không chỉ là sự ghi nhận vềtài chínhmà còn là giải pháp căn cơ để thu hút nhân lực chất lượng cao về cơ sở.
Bên cạnh đó, nghị quyết đặt ra định hướng điều chỉnh mức sàn phụ cấp ưu đãi lên tối thiểu 70% đối với đa số cán bộ trực tiếp làm chuyên môn y tế. Song song, chính sách tiền lương cũng có thay đổi đáng chú ý khi cho phép bác sĩ, dược sĩ mới tuyển dụng được xếp lương khởi điểm từ bậc 2 thay vì bậc 1 như trước.
Chế độ lương, phụ cấp cho nhân viên y tế có nhiều thay đổi từ 2026 (Ảnh: Hoàng Lê).
Tư pháp - thanh tra - kiểm toán phổ biến 10-30%, đi theo phụ cấp trách nhiệm theo nghề
Nghị định 204/2004/NĐ-CP quy định phụ cấp trách nhiệm theo nghề (thang 10%, 15%, 20%, 25%, 30%), áp dụng cho một số chức danh ngành tòa án, kiểm sát, thanh tra và một số chức danh tư pháp; đồng thời nêu nguyên tắc: đã hưởng phụ cấp trách nhiệm theo nghề thì không hưởng phụ cấp ưu đãi theo nghề (tránh chồng chéo).
Một số nhánh có văn bản riêng. Chẳng hạn, với chấp hành viên thi hành án dân sự, chế độ phụ cấp trách nhiệm theo nghề được nhắc lại theo Quyết định 27/2012/QĐ-TTg (chi trả cùng kỳ lương…), và mức hưởng thường được tổng hợp theo nhóm bậc công việc khoảng 20-30%.
Với thanh tra viên được hưởng 25% tính trên lương hiện hưởng (cộng phụ cấp chức vụ, thâm niên vượt khung nếu có).
Còn kiểm toán nhà nước, phụ cấp ưu đãi nghề được thiết kế theo ngạch kiểm toán viên, có mức tham chiếu 15-25% tùy chức danh/ngạch.
Phụ cấp đặc thù trong ngành quốc phòng - an ninh
Đối với lực lượng vũ trang, Nhà nước không áp dụng phụ cấp ưu đãi theo nghề theo cách thông thường như giáo dục hay y tế, mà xây dựng một hệ thống lương và phụ cấp đặc thù riêng.
Trong Nghị định 204/2004/NĐ-CP, quân đội và công an được xếp bảng lương theo cấp bậc, quân hàm hoặc cấp hàm, tách biệt với khu vực dân sự. Trên nền lương này, nhiều loại phụ cấp được thiết kế để phản ánh tính chất nhiệm vụ, gồm phụ cấp thâm niên nghề, phụ cấp trách nhiệm, chỉ huy, phụ cấp khu vực và phụ cấp theo điều kiện công tác.
Đối với một số loại phụ cấp áp dụng cho địa bàn và nhiệm vụ đặc biệt, mức hưởng có thể lên tới 100% lương hiện hưởng, như trường hợp cán bộ, chiến sĩ công tác tại nhà giàn DK1, vùng biên giới, hải đảo có điều kiện đặc biệt khó khăn. Các địa bàn khác được hưởng các mức phụ cấp từ 30-50% tùy tính chất nhiệm vụ và khu vực.
Lực lượng vũ trang được xây dựng hệ thống lương và phụ cấp đặc thù riêng (Ảnh: Mạnh Quân).
Bên cạnh đó, chính sách thu hút nhân tài theo Nghị định 363/2025/NĐ-CP quy định mức phụ cấp tăng thêm hằng tháng lên đến 250% đối với sinh viên tốt nghiệp xuất sắc trong 5 năm đầu. Các chuyên gia, nhân sĩ trí thức có đóng góp đột phá trong lĩnh vực quân sự, an ninh có thể hưởng mức phụ cấp đặc thù từ 400% đến 550% lương hiện hưởng.
Đối với lực lượng vũ trang, cùng với hệ thống tiền lương được thiết kế riêng theo cấp bậc, quân hàm, nhiều loại phụ cấp vẫn tiếp tục được áp dụng đồng thời nhằm phản ánh điều kiện công tác, địa bàn và tính chất nhiệm vụ.
Trong đó, phụ cấp khu vực được áp dụng theo hệ số từ 0,1 đến 1,0 đối với cán bộ, chiến sĩ công tác tại vùng sâu, vùng xa, biên giới, hải đảo và các địa bàn có điều kiện kinh tế - xã hội đặc biệt khó khăn.
Bên cạnh đó, các khoản phụ cấp gắn với chức vụ, trách nhiệm, chỉ huy và nhiệm vụ đặc thù cũng được chi trả theo quy định riêng của từng lực lượng. Đối với các lĩnh vực có tính chất đặc biệt như không quân, hải quân, cảnh sát đặc nhiệm, hệ thống phụ cấp được thiết kế theo điều kiện công tác và mức độ rủi ro nghề nghiệp, góp phần bảo đảm thu nhập thực tế cho người làm nhiệm vụ và phục vụ mục tiêu ổn định, lâu dài đội ngũ trong lực lượng vũ trang."
https://dantri.com.vn/noi-vu/nhung-xa-phuong-co-4-pho-chu-tich-o-quang-ngai-20260112064450979.htm,"Những xã, phường có 4 phó chủ tịch ở Quảng Ngãi","(Dân trí) - Theo quyết định của UBND tỉnh Quảng Ngãi, 96 xã, phường, đặc khu có không quá 226 phó chủ tịch UBND. Trong số này có 7 xã, phường được phép có đến 4 phó chủ tịch.","Ngày 12/1, thông tin từ Văn phòng UBND tỉnh Quảng Ngãi, bà Y Ngọc, Phó Chủ tịch Thường trực UBND tỉnh Quảng Ngãi, đã ký quyết định phê duyệt số lượng cấp phó của các cơ quan chuyên môn thuộc UBND tỉnh và số lượng phó chủ tịch UBND của 96 xã, phường, đặc khu.
Theo quyết định này, tổng số lượng cấp phó của các cơ quan chuyên môn thuộc UBND tỉnh là 60 người. Trong đó, Sở Nông nghiệp và Môi trường, Sở Tài chính, Sở Xây dựng có từ 5 đến 6 phó giám đốc; Sở Nội vụ, Văn phòng UBND tỉnh có từ 4 đến 5 cấp phó.
Bà Y Ngọc, Phó Chủ tịch Thường trực UBND tỉnh Quảng Ngãi, đã ký quyết định phê duyệt số lượng cấp phó của các cơ quan chuyên môn thuộc UBND tỉnh (Ảnh: Quốc Triều).
Sở Văn hóa, Thể thao và Du lịch, Sở Khoa học và Công nghệ, Thanh tra tỉnh, Sở Giáo dục và Đào tạo, Sở Y tế, Sở Công Thương có từ 3 đến 4 cấp phó. Sở Dân tộc và Tôn giáo, Sở Tư pháp có từ 2 đến 3 cấp phó; Sở Ngoại vụ có không quá 2 cấp phó.
UBND tỉnh Quảng Ngãi giao Giám đốc Sở Nội vụ khi tham mưu kiện toàn cấp phó các cơ quan chuyên môn thuộc UBND tỉnh phải thực hiện giảm dần số lượng. Trên cơ sở đó, đến năm 2030, số lượng cấp phó tại các cơ quan trực thuộc UBND tỉnh Quảng Ngãi sẽ đúng theo định hướng, quy định của Trung ương.
UBND tỉnh Quảng Ngãi cũng quyết định phê duyệt số lượng phó chủ tịch UBND của 96 xã, phường, đặc khu trên địa bàn tỉnh là 226 người. Trong số này có 7 đơn vị được bố trí 4 phó chủ tịch UBND, gồm các phường Kon Tum, Nghĩa Lộ, Cẩm Thành và các xã Vạn Tường, Bình Sơn, Đông Sơn, Tư Nghĩa.
Tiếp đó có 20 xã, phường được bố trí 3 phó chủ tịch UBND, những đơn vị còn lại được phép bố trí 2 phó chủ tịch."
https://dantri.com.vn/noi-vu/dam-bao-cham-soc-tot-nguoi-co-cong-va-gia-dinh-chinh-sach-20260110111503280.htm,Đảm bảo chăm sóc tốt người có công và gia đình chính sách,"(Dân trí) - ""Huy động đa dạng nguồn lực, đặc biệt là xã hội hóa, cùng với ngân sách để bảo đảm thực hiện bền vững công tác chăm sóc người có công và gia đình chính sách"".","Đây là một trong những nội dung trong kế hoạch thực hiện công tác chăm sóc tốt người có công (NCC) và thân nhân NCC với cách mạng giai đoạn 2025-2030 vừa được UBND tỉnh Cà Mau ban hành.
Có ít nhất 6 nhiệm vụ trọng tâm trong kế hoạch phải triển khai, bao gồm: Thực hiện đầy đủ, kịp thời các chế độ, chính sách ưu đãi NCC và thân nhân; cải thiện điều kiện chăm sóc sức khỏe và nâng cao đời sống cho NCC và thân nhân; nâng cấp, tu bổ công trình ghi công liệt sỹ; đẩy mạnh xã hội hóa công tác ""đền ơn đáp nghĩa""; ứng dụng công nghệ thông tin, chuyển đổi số cơ sở dữ liệu, giảm thủ tục hành chính.
Cà Mau triển khai kế hoạch chăm sóc tốt người có công và thân nhân đảm bảo bền vững (Ảnh: Huỳnh Hải).
Trong đó, một số nhiệm vụ cơ bản Cà Mau yêu cầu các sở, ngành, địa phương thực hiện là tiếp tục rà soát, bổ sung danh sách NCC đủ điều kiện nhưng chưa được hưởng chế độ theo quy định.
Xây dựng và triển khai các chính sách đặc thù phù hợp với tình hình kinh tế - xã hội của địa phương như: Đa dạng hóa các hình thức phụng dưỡng Mẹ Việt Nam Anh hùng, hỗ trợ thương binh nặng; hỗ trợ NCC và thân nhân gặp hoàn cảnh khó khăn, bệnh tật.
Các đơn vị liên quan nghiên cứu, đề xuất các mô hình thăm khám, chăm sóc sức khỏe tập trung và tại cộng đồng đối với NCC cao tuổi, mắc bệnh tật; tổ chức rà soát, hỗ trợ xây mới, sửa chữa, nâng cấp, chăm sóc mộ liệt sỹ an táng tại gia đình.
Cà Mau cũng đề nghị xem xét nguồn ngân sách địa phương thực hiện các chính sách đặc thù, hỗ trợ thêm cho các đối tượng chính sách.
Sở Nội vụ được UBND tỉnh Cà Mau giao chủ trì, phối hợp với các đơn vị, địa phương tăng cường kiểm tra, giám sát việc thực hiện các chế độ, chính sách ưu đãi NCC; kịp thời phát hiện, chấn chỉnh sai sót và khắc phục hạn chế trong quá trình tổ chức thực hiện.
Theo thông tin từ Phòng Người có công (Sở Nội vụ tỉnh Cà Mau), sau khi hợp nhất 2 tỉnh Cà Mau và Bạc Liêu, toàn tỉnh có hơn 185.000 NCC được công nhận. Tính đến tháng 11/2025, có 21.283 NCC đang hưởng trợ cấp hàng tháng, với tổng kinh phí hơn 56 tỷ đồng.
Trong năm 2025, đơn vị phối hợp các ngành chức năng lập bản đồ tìm kiếm, quy tập 20.766 hài cốt liệt sỹ; tổ chức thu thập, cập nhật trên 14.328 thông tin liệt sỹ vào cơ sở dữ liệu quốc gia về dân cư (trong đó khoảng 11.169 liệt sỹ có đầy đủ thông tin và 3.159 liệt sỹ chưa xác định danh tính). Đơn vị cũng đã cập nhật 3.248 thân nhân họ ngoại liệt sỹ phục vụ việc lấy mẫu ADN."
https://dantri.com.vn/noi-vu/chi-tiet-muc-tro-cap-thuong-binh-loai-b-nam-2026-20260105020057625.htm,Chi tiết mức trợ cấp thương binh loại B năm 2026,"(Dân trí) - Năm 2026, mức trợ cấp ưu đãi hằng tháng cao nhất dành cho thương binh loại B là 7.397.000 đồng/tháng, mức trợ cấp thấp nhất là 1.552.000 đồng/tháng.","Các cựu chiến binh tập luyện chuẩn bị tham gia đại lễ ngày 30/4/2025 (Ảnh: Khoa Nguyễn).
Theo Khoản 3 Điều 23 Pháp lệnh Ưu đãi người có công với cách mạng năm 2020, thương binh loại B là quân nhân, công an nhân dân bị thương có tỷ lệ tổn thương cơ thể từ 21% trở lên trong khi tập luyện, công tác đã được cơ quan, đơn vị có thẩm quyền công nhận trước ngày 31/12/1993.
Trong năm 2026, mức hưởng trợ cấp, phụ cấp và các chế độ ưu đãi người có công với cách mạng được thực hiện theo Nghị định 77/2024/NĐ-CP. Theo đó, mức chuẩn để tính mức hưởng trợ cấp đối với người có công là 2.789.000 đồng.
Căn cứ vào mức chuẩn trên, tại Phụ lục III, Nghị định 77/2024/NĐ-CP quy định mức hưởng trợ cấp ưu đãi hằng tháng đối với thương binh loại B.
Theo phụ lục này, trong năm 2026, mức trợ cấp cao nhất dành cho thương binh loại B với tỷ lệ tổn thương cơ thể 100% là 7.397.000 đồng/tháng, mức trợ cấp thấp nhất với tỷ lệ tổn thương cơ thể 21% là 1.552.000 đồng/tháng.
Cụ thể mức hưởng trợ cấp ưu đãi hằng tháng đối với thương binh loại B trong năm 2026 như sau:"
https://dantri.com.vn/noi-vu/bo-me-bao-nhieu-tuoi-thi-con-duoc-tinh-giam-tru-thue-thu-nhap-nam-2026-20260109215555493.htm,Bố mẹ bao nhiêu tuổi thì con được tính giảm trừ thuế thu nhập năm 2026?,"(Dân trí) - Khi bố mẹ của người nộp thuế đáp ứng đủ các điều kiện về độ tuổi lao động, mức thu nhập thì được tính là người phụ thuộc để áp dụng mức giảm trừ gia cảnh.","Về cách tính thuế thu nhập cá nhân vớingười lao động, Phó Giám đốc Công ty Luật TNHH YouMe Vũ Thuỳ Trang cho biết, Điểm b, Khoản 3, Điều 19 Luật Thuế thu nhập cá nhân 2007 quy định về các đối tượng người phụ thuộc là người mà đối tượng nộp thuế có trách nhiệm nuôi dưỡng để tính giảm trừ gia cảnh.
Bao gồm các cá nhân không có thu nhập hoặc có thu nhập không vượt quá mức quy định, bao gồm con thành niên đang học đại học, cao đẳng, trung học chuyên nghiệp hoặc học nghề; vợ hoặc chồng không có khả năng lao động; bố, mẹ đã hết tuổi lao động hoặc không có khả năng lao động; những người khác không nơi nương tựa mà người nộp thuế phải trực tiếp nuôi dưỡng.
Căn cứ vào Thông tư số 111/2013/TT-BTC thì cha đẻ, mẹ đẻ; cha vợ, mẹ vợ (hoặc cha chồng, mẹ chồng); cha dượng, mẹ kế; cha nuôi, mẹ nuôi hợp pháp của người nộp thuế là người phụ thuộc để tính giảm trừ gia cảnh khi đáp ứng các điều kiện.
Cụ thể, người trong độ tuổi lao động phải đáp ứng đồng thời các điều kiện sau: Bị khuyết tật, không có khả năng lao động; Không có thu nhập hoặc có thu nhập bình quân tháng trong năm từ tất cả các nguồn thu nhập không vượt quá 1 triệu đồng.
Người ngoài độ tuổi lao động phải không có thu nhập hoặc có thu nhập bình quân tháng trong năm từ tất cả các nguồn thu nhập không vượt quá 1 triệu đồng.
Theo bà Trang, căn cứ Khoản 2 Điều 169 Bộ luật Lao động 2019 và Khoản 2 Điều 4 Nghị định số 135/2020/NĐ-CP, kể từ năm 2021, tuổi nghỉ hưu của người lao động trong điều kiện lao động bình thường là đủ 60 tuổi 3 tháng đối với lao động nam và đủ 55 tuổi 4 tháng đối với lao động nữ; sau đó, cứ mỗi năm tăng thêm 3 tháng đối với lao động nam và 4 tháng đối với lao động nữ.
Tuổi nghỉ hưu của người lao động năm 2026 (Ảnh: Hoa Lê).
Theo đó, vào năm 2026, độ tuổi nghỉ hưu của người lao động trong điều kiện lao động bình thường là đủ 61 tuổi 6 tháng đối với lao động nam và đủ 57 tuổi đối với lao động nữ.
Như vậy, trong năm 2026, con cái có người phụ thuộc là cha đẻ, mẹ đẻ; cha vợ, mẹ vợ (hoặc cha chồng, mẹ chồng); cha dượng, mẹ kế; cha nuôi, mẹ nuôi hợp pháp trong độ tuổi lao động hoặc ngoài độ tuổi lao động được tính giảm trừ gia cảnh nếu đáp ứng các điều kiện sau:
Người trong độ tuổi lao động nếu bị khuyết tật, không có khả năng lao động, đồng thời không có thu nhập hoặc có thu nhập bình quân tháng trong năm từ tất cả các nguồn thu nhập không vượt quá 1 triệu đồng thì được tính giảm trừ gia cảnh.
Người có tuổi từ đủ 61 tuổi 6 tháng đối với lao động nam và đủ 57 tuổi đối với lao động nữ và không có thu nhập hoặc có thu nhập bình quân tháng trong năm từ tất cả các nguồn thu nhập không vượt quá 1 triệu đồng thì được tính giảm trừ gia cảnh.
Việc xác định mức giảm trừ gia cảnh đối với người phụ thuộc thực hiện theo nguyên tắc mỗi người phụ thuộc chỉ được tính giảm trừ một lần vào một đối tượng nộp thuế."
https://dantri.com.vn/noi-vu/van-dong-can-bo-gop-100000-dongnguoi-de-ho-tro-qua-tet-cho-nguoi-dan-20260112121445716.htm,Vận động cán bộ góp 100.000 đồng/người để hỗ trợ quà Tết cho người dân,"(Dân trí) - Cà Mau đề nghị 4 Đảng ủy thuộc Tỉnh ủy vận động đảng viên, cán bộ, công chức của đơn vị đóng góp mỗi người 100.000 đồng để hỗ trợ quà Tết cho một số xã khó khăn.","Theo kế hoạch tổ chức các hoạt động “Mừng Đảng, mừng Xuân Bính Ngọ năm 2026”, UBND tỉnh Cà Mau yêu cầu các đơn vị, địa phương huy động các nguồn lực xã hội để tập trung hướng về cơ sở.
Người dân nhận quà Tết (Ảnh minh họa: CTV).
Một trong những đề nghị của Cà Mau là các Đảng ủy thuộc Tỉnh ủy vận động đảng viên, cán bộ, công chức đóng góp mỗi người 100.000 đồng để hỗ trợ cho mỗi xã, phường 100 suất quà (trị giá một triệu đồng/suất, gồm phần bánh kẹo 500.000 đồng và tiền mặt 500.000 đồng).
Cụ thể, Đảng ủy các cơ quan Đảng tỉnh hỗ trợ một xã; Đảng ủy UBND tỉnh hỗ trợ 6 xã; Đảng ủy Công an tỉnh hỗ trợ 2 xã; Đảng ủy Bộ Chỉ huy Quân sự tỉnh hỗ trợ một xã.
Số tiền vận động được, 4 Đảng ủy hỗ trợ 10 xã, phường theo phân công. Số tiền còn lại giao cho Đảng ủy chỉ đạo đơn vị rà soát, xem xét hỗ trợ cho các đối tượng là đảng viên, cán bộ, công chức, viên chức thuộc đơn vị có hoàn cảnh khó khăn.
Đối với 54 xã, phường còn lại, UBND tỉnh vận động xã hội hóa để trao các phần quà hỗ trợ cán bộ bán chuyên trách, người dân cóhoàn cảnh khó khănđược vui xuân, đón Tết vui vẻ, đầm ấm, tạo sự phấn khởi trong nhân dân.
Theo kế hoạch của UBND tỉnh Cà Mau, với tinh thần ""Xuân đoàn kết, Tết ấm no, lo mọi nhà đều có Tết"", tỉnh sẽ tổ chức nhiều hoạt động ""Mừng Đảng, mừng Xuân Bính Ngọ năm 2026"" với tổng kinh phí dự kiến hơn 101 tỷ đồng.
Trong đó, tỉnh tập trung tổ chức thăm viếng, chăm lo các gia đình chính sách, hộ nghèo, hộ có hoàn cảnh khó khăn, người yếu thế đảm bảo mọi người, mọi nhà đều được vui xuân, đón tết đầm ấm, an toàn, nghĩa tình với tinh thần tương thân, tương ái, không để ai bị bỏ lại phía sau."
https://dantri.com.vn/noi-vu/bo-noi-vu-huong-dan-cach-xep-luong-moi-voi-cong-chuc-20260110222938215.htm,Bộ Nội vụ hướng dẫn cách xếp lương mới với công chức,(Dân trí) - Người được tuyển dụng vào công chức đã có thời gian công tác và đóng bảo hiểm xã hội bắt buộc sẽ được xếp lương theo hướng dẫn mới của Bộ Nội vụ.,"Bộ Nội vụ vừa ban hành Thông tư hướng dẫn xếp lương đối với người được tuyển dụng vàocông chức. Thông tư có hiệu lực từ 1/3.
Thông tư này hướng dẫn xếp lương đối với người được tuyển dụng vào công chức đã có thời gian công tác có đóngbảo hiểmxã hội bắt buộc quy định tại Điều 20 Nghị định số 170/2025/NĐ-CP quy định về tuyển dụng, sử dụng và quản lý công chức.
Liên quan đến việc xếp lương đối với người được tuyển dụng vào công chức đã xếp lương theo các bảng lương đối với cán bộ, công chức, thông tư nêu rõ trường hợp tuyển dụng vào vị trí việc làm xếp ngạch có cùng hệ số bậc lương đã hưởng thì xếp ngang bậc lương và % phụ cấp thâm niên vượt khung (nếu có) đang hưởng (kể cả tính thời gian xét nâng bậc lương lần sau hoặc xét hưởng phụ cấp thâm niên vượt khung nếu có ở ngạch cũ) sang hệ số bậc lương ở ngạch công chức tương ứng với vị trí việc làm được tuyển dụng.
Thời gian hưởng lương mới được tính kể từ ngày ký quyết định xếp lương ở vị trí việc làm được tuyển dụng.
Bộ Nội vụ hướng dẫn xếp lương đối với người được tuyển dụng vào công chức (Ảnh minh họa: Hoa Lê).
Bên cạnh đó, liên quan đến tuyển dụng vào vị trí việc làm xếp ngạch có hệ số bậc lương khác với hệ số bậc lương đã hưởng thì trường hợp chưa hưởng phụ cấp thâm niên vượt khung sẽ căn cứ vào hệ số lương đã hưởng để xếp vào hệ số lương gần nhất (cao hơn hoặc thấp hơn) ở ngạch công chức được xếp.
Thời gian xét nâng bậc lần sau được tính như sau:
Đối với trường hợp xếp vào hệ số lương cao hơn gần nhất, nếu chênh lệch giữa hệ số lương mới được xếp so với hệ số lương đã hưởng bằng hoặc lớn hơn chênh lệch hệ số lương giữa 2 bậc lương liền kề ở ngạch cũ thì được tính kể từ ngày ký quyết định xếp lương ở vị trí việc làm được tuyển dụng; nếu nhỏ hơn chênh lệch hệ số lương giữa 2 bậc lương liền kề ở ngạch cũ thì được tính kể từ ngày xếp hệ số lương đang hưởng ở ngạch cũ.
Đối với trường hợp xếp vào hệ số lương thấp hơn gần nhất thì được tính kể từ ngày xếp hệ số lương đang hưởng ở ngạch cũ.
Công chức đang hưởng phụ cấp thâm niên vượt khung thì căn cứ vào tổng hệ số lương cộng phụ cấp thâm niên vượt khung đang hưởng để xếp vào hệ số lương gần nhất (cao hơn hoặc thấp hơn) ở ngạch được xếp.
Thời gian hưởng lương mới được tính kể từ ngày ký quyết định xếp lương ở vị trí việc làm được tuyển dụng; thời gian xét nâng bậc lương lần sau được tính như quy định.
Còn trường hợp có hệ số lương đã hưởng hoặc có tổng hệ số lương cộng phụ cấp thâm niên vượt khung đã hưởng lớn hơn hệ số lương ở bậc cuối cùng trong ngạch được xếp thì xếp vào hệ số lương ở bậc cuối cùng trong ngạch được xếp và được hưởng thêm hệ số chênh lệch bảo lưu cho bằng hệ số lương hoặc tổng hệ số lương cộng phụ cấp thâm niên vượt khung đã hưởng.
Thời gian hưởng lương mới (kể cả hệ số chênh lệch bảo lưu) và thời gian xét hưởng phụ cấp thâm niên vượt khung được tính kể từ ngày ký quyết định xếp lương ở vị trí việc làm được tuyển dụng.
Hệ số chênh lệch bảo lưu (tính tròn số sau dấu phẩy 2 số) được hưởng trong suốt thời gian xếp ngạch công chức.
Sau đó, nếu công chức tiếp tục được thay đổi vị trí việc làm có ngạch công chức xếp theo thứ bậc về chuyên môn, nghiệp vụ cao hơn ngạch hiện giữ thì được cộng hệ số chênh lệch bảo lưu này vào hệ số lương đang hưởng để xếp lương vào ngạch công chức theo vị trí việc làm mới đó và thôi hưởng hệ số chênh lệch bảo lưu kể từ ngày được xếp lương ở ngạch công chức theo vị trí việc làm mới đó.
Thông tư nêu rõ nguyên tắc, việc xếp lương phải căn cứ vào thời gian công tác phù hợp với yêu cầu về trình độ chuyên môn, nghiệp vụ của vị trí việc làm được tuyển dụng, có đóng bảo hiểm xã hội bắt buộc, được bố trí làm công việc theo đúng chuyên môn, nghiệp vụ trước đây đã đảm nhiệm.
Thời gian công tác có đóng bảo hiểm xã hội bắt buộc không phù hợp với yêu cầu về trình độ chuyên môn, nghiệp vụ của vị trí việc làm được tuyển dụng thì không được tính để làm căn cứ xếp lương ở ngạch công chức tương ứng theo vị trí việc làm được tuyển dụng.
Bên cạnh đó, cơ quan có thẩm quyền tuyển dụng xác định thời gian công tác có đóng bảo hiểm xã hội bắt buộc theo quy định của pháp luật làm công việc tương ứng với yêu cầu về chuyên môn, nghiệp vụ của vị trí việc làm tuyển dụng để xếp lương đối với người được tuyển dụng vào công chức."
https://dantri.com.vn/noi-vu/tang-phu-cap-chuc-vu-lanh-dao-ap-dung-tu-11-20251222145522358.htm,"Tăng phụ cấp chức vụ lãnh đạo, áp dụng từ 1/1","(Dân trí) - Chính phủ chính thức điều chỉnh phụ cấp chức vụ lãnh đạo của Cục thuộc Bộ, UBND xã, phường, đặc khu và Thanh tra thuộc Bộ, cơ quan ngang Bộ...","Chính phủ vừa ban hành Nghị định số 07 sửa đổi, bổ sung một số điều của Nghị định số 204/2004/NĐ-CP ngày 14/12/2004 của Chính phủ về chế độ tiền lương đối với cán bộ,công chức, viên chức và lực lượng vũ trang được sửa đổi, bổ sung bởi Nghị định 76/2009/NĐ-CP, Nghị định 14/2012/NĐ-CP, Nghị định 17/2013/NĐ-CP và Nghị định 117/2016/NĐ-CP. Nghị định có hiệu lực từ ngày 10/1, chế độ phụ cấp quy định tại Nghị định này được áp dụng kể từ ngày 1/1.
Theo đó, nghị định mới đã sửa đổi, bổ sung, bãi bỏ một số điểm, khoản của Bảng phụ cấp chức vụ lãnh đạo trong các cơ quan nhà nước, đơn vị sự nghiệp của Nhà nước; cơ quan, đơn vị thuộc Quân đội nhân dân và Công an nhân dân ban hành kèm theo Nghị định số 204/2004/NĐ-CP và các nghị định được sửa đổi, bổ sung.
Cụ thể, Chính phủ sửa đổi hệ số phụ cấp chức vụ lãnh đạo của Cục thuộc Bộ như sau:
Như vậy, với Cục loại 2, hệ số phụ cấp chức vụ giữ nguyên như quy định tại Nghị định 204 hiện hành. Còn với Cục loại 1, hệ số được nâng lên, cao hơn 0,10 so với chức danh tương đương của Cục loại 2.
Nghị định cũng bãi bỏ toàn bộ phụ cấp chức vụ lãnh đạo của các Tổng cục và Cục thuộc Tổng cục do mô hình Tổng cục kết thúc hoạt động từ ngày 1/3. Hệ số của các tổ chức này sẽ áp dụng theo khung phụ cấp của Cục thuộc Bộ.
Bên cạnh đó, nghị định mới cũng bổ sung khoản 9a tại Mục I Bảng phụ cấp chức vụ lãnh đạo trong các cơ quan nhà nước, đơn vị sự nghiệp của Nhà nước; cơ quan, đơn vị thuộc Quân đội nhân dân và Công an nhân dân ban hành kèm theo Nghị định số 204/2004/NĐ-CP.
Cụ thể, phụ cấp của các chức danh trong UBND xã, phường, đặc khu thuộc tỉnh, thành phố trực thuộc Trung ương như sau:
Như vậy, chủ tịch UBND cấp xã được hưởng hệ số 0,7 tại Hà Nội và TP.HCM và 0,6 tại các tỉnh khác; phó chủ tịch là 0,6 và 0,5 tương ứng. Trưởng phòng thuộc UBND xã có hệ số phụ cấp 0,35 ở hai đô thị lớn và 0,25 ở các địa bàn còn lại. Phó trưởng phòng chuyên môn thuộc UBND xã có hệ số 0,20 tại hai đô thị lớn và 0,15 ở các địa bàn còn lại.
Đồng thời, nghị định mới cũng sửa đổi phụ cấp của Thanh tra thuộc Bộ, cơ quan ngang Bộ, Thanh tra thuộc Cục thuộc Bộ:
Như vậy, phụ cấp chánh thanh tra Bộ giữ nguyên hệ số 1; phó chánh thanh tra là 0,8. Với thanh tra thuộc Cục, Chánh Thanh Tra hưởng hệ số 0,7 và 0,6 tương ứng với cục loại 1 và loại 2.
Nghị định cũng nêu quy định chuyển tiếp đối với chức danh lãnh đạo của UBND xã, phường, đặc khu đang bảo lưu phụ cấp chức vụ lãnh đạo do chịu tác động của sắp xếp tổ chức bộ máy hoặc sắp xếp đơn vị hành chính theo quy định tại Nghị quyết của Ủy ban Thường vụ Quốc hội, Chính phủ hoặc chưa được hưởng hệ số phụ cấp chức vụ lãnh đạo:
Trường hợp bảo lưu hệ số phụ cấp chức vụ lãnh đạo mà hệ số phụ cấp chức vụ lãnh đạo bảo lưu cao hơn hệ số theo quy định nghị định này thì thực hiện theo nguyên tắc tiếp tục thực hiện phụ cấp chức vụ lãnh đạo bảo lưu đến hết thời gian quy định. Sau thời gian này hưởng phụ cấp theo quy định của nghị định này.
Nghị định còn quy định nguyên tắc với trường hợp còn trong khoảng thời gian từ ngày 1/7/2025 đến trước ngày 1/1/2026 chưa được hưởng hệ số phụ cấp chức vụ lãnh đạo hoặc được bảo lưu hệ số phụ cấp chức vụ lãnh đạo thấp hơn hệ số phụ cấp chức vụ lãnh đạo theo quy định."
https://dantri.com.vn/noi-vu/tro-cap-mai-tang-voi-nguoi-nghi-huu-qua-doi-trong-nam-2026-20260111064236113.htm,Trợ cấp mai táng với người nghỉ hưu qua đời trong năm 2026,"(Dân trí) - Năm 2026, trợ cấp mai táng dành cho người tham gia bảo hiểm xã hội được tính theo mức tham chiếu (hiện tại là lương cơ sở). Tuy nhiên, thân nhân cần lưu ý thời hạn làm hồ sơ nhận trợ cấp.","Chế độ trợ cấp mai táng
Trong năm 2026, chế độ trợ cấp mai táng được áp dụng theo quy định tại Điều 85 LuậtBảo hiểmxã hội (BHXH) năm 2024.
Theo đó, mức trợ cấp mai táng dành cho thân nhân người nghỉ hưu bằng 10 lần mức tham chiếu tại tháng mà người đang hưởng lương hưu qua đời.
Mức tham chiếu do Chính phủ quy định. Trong thời gian chưa bãi bỏ mức lương cơ sở thì mức tham chiếu bằng lương cơ sở. Tại thời điểm lương cơ sở bị bãi bỏ thì mức tham chiếu không thấp hơn mức lương cơ sở. Như vậy, trong năm 2026, mức trợ cấp mai táng là 23,4 triệu đồng.
Đối tượng được nhận trợ cấp mai táng thân nhân, người thừa kế và tổ chức, cá nhân lo mai táng cho người qua đời.
Người đang hưởng lương hưu qua đời, người lo mai táng cho họ được nhận trợ cấp mai táng là 23,4 triệu đồng (Ảnh minh họa; Tùng Nguyên).
Hồ sơ hưởng trợ cấp
Thủ tục để hưởng chế độ trợ cấp mai táng được Bộ Nội vụ công bố tại Quyết định số 863/QĐ-BNV ngày 7/8/2025. Theo đó, hồ sơ hưởng trợ cấp mai táng bao gồm 3 thành phần.
Thứ nhất là sổ BHXH (người mất là người đang hưởng lương hưu thì không cần giấy tờ này).
Thứ hai là bản sao giấy chứng tử, hoặc trích lục khai tử, hoặc bản sao giấy báo tử, hoặc bản sao quyết định của Tòa án tuyên bố là đã chết.
Thứ ba là tờ khai của thân nhân, cá nhân lo mai táng.
Thời hạn nộp hồ sơ
Trong Quyết định số 863/QĐ-BNV, Bộ Nội vụ cũng quy định rõ trình tự thực hiện thủ tục hưởng trợ cấp mai táng.
Theo đó, đối với trường hợp người đang hưởng lương hưu qua đời thì thân nhân hoặc tổ chức, cá nhân lo mai táng cho họ nộp hồ sơ cho cơ quan BHXH.
Lưu ý, người thực hiện thủ tục này phải nộp hồ sơ trong thời hạn 90 ngày kể từ ngày người đang hưởng lương hưu qua đời.
Tham gia BHXH bắt buộc và tự nguyện hưởng chế độ như nhau
Theo Quyết định số 863/QĐ-BNV, có 4 trường hợp người lao động sau khi chết thì tổ chức, cá nhân lo mai táng cho họ được nhận một lần trợ cấp mai táng.
Thứ nhất, người lao động (công dân Việt Nam và công dân nước ngoài làm việc tại Việt Nam) có thời gian đóng BHXH bắt buộc từ đủ 12 tháng trở lên.
Thứ hai, người lao động là công dân Việt Nam có tổng thời gian đóng BHXH bắt buộc và BHXH tự nguyện từ đủ 60 tháng trở lên, trong trường hợp thời gian đóng BHXH bắt buộc dưới 12 tháng.
Thứ ba, người lao động là công dân Việt Nam chết do tai nạn lao động, bệnh nghề nghiệp.
Thứ tư, người đang hưởng hoặc đang tạm dừng hưởng lương hưu; người đang hưởng hoặc đang tạm dừng hưởng trợ cấp tai nạn lao động, bệnh nghề nghiệp hằng tháng đã nghỉ việc.
Như vậy, người đang hưởng lương hưu tham gia BHXH tự nguyện hay BHXH bắt buộc qua đời thì người lo mai táng cho họ đều được hưởng chế độ trợ cấp mai táng như nhau."
https://dantri.com.vn/noi-vu/tien-tro-cap-bi-treo-4-thang-nguoi-nuoi-con-khuyet-tat-lam-canh-kho-khan-20260111162318024.htm,"Tiền trợ cấp bị ""treo"" 4 tháng, người nuôi con khuyết tật lâm cảnh khó khăn","(Dân trí) - Hơn 4 tháng qua, hàng nghìn đối tượng bảo trợ xã hội tại xã Ea Rốk (Đắk Lắk), trong đó có nhiều trẻ khuyết tật nặng, vẫn chưa được chi trả trợ cấp xã hội khiến cuộc sống vốn khó khăn càng thêm vất vả.","Nhiều tháng qua, hàng trăm hộ dân tại xã Ea Rốk (tỉnh Đắk Lắk) đang phải đối mặt với khó khăn khi chính quyền xã chậm trễ trong việc chi trả tiền trợ cấp xã hội theo Nghị định 20 và Nghị định 176 của Chính phủ. Tình trạng này đã đẩy nhiều gia đình vào cảnh túng quẫn, đặc biệt là những hộ có người thân bị khuyết tật nặng.
Chị Mã Thị Dua (26 tuổi, trú tại thôn 15, xã Ea Rốk) là một trong số những trường hợp điển hình. Con trai chị (4 tuổi) mắc bệnh bại não nặng. Trước đây, gia đình chị nhận được 1 triệu đồng trợ cấp xã hội mỗi tháng để chăm sóc con. Tuy nhiên, từ tháng 9/2025 đến nay, khoản tiền này bỗng dưng bị ngắt.
Nhiều gia đình nuôi con trẻ bị khuyết tật nặng tại xã Ea Rốk mỏi mòn chờ được chi trả trợ cấp xã hội (Ảnh: Uy Nguyễn).
""Có khoản trợ cấp xã hội việc chăm sóc con cũng vơi đi vất vả phần nào nhưng nhiều tháng nay tôi không được nhận tiền. Để có chi phí chăm con, tôi đi làm thuê khắp vùng, Tết gần đến chỉ mong sao sẽ sớm được nhận khoản trợ cấp để mua sắm thêm quần áo, thuốc thang cho con"", chị Dua chia sẻ.
Tương tự, chị Cao Thị Thu (36 tuổi, trú tại thôn 4), thuộc diện hộ nghèo, đang nuôi dưỡng hai người con đều bị khuyết tật. Con đầu 6 tuổi bị bại não kèm bệnh tim, con út mới 13 tháng tuổi cũng bị khuyết tật nặng.
""Ngày trước, tiền trợ cấp được chi trả đều đặn nhưng nhiều tháng nay bị gián đoạn, không hiểu vì sao lại không phát nữa cho các cháu. Không có tiền trợ cấp, gia đình tôi vất vả nhiều lắm"", chị Thu bày tỏ sự băn khoăn.
Lý giải về tình trạng chậm trễ này, một lãnh đạo UBND xã Ea Rốk cho biết, tổng kinh phí thực hiện chi trả trợ cấp xã hội của địa phương trong 6 tháng cuối năm 2025 là hơn 8,9 tỷ đồng. Tuy nhiên, xã mới chỉ được UBND tỉnh Đắk Lắk cấp hơn 2,2 tỷ đồng, đủ chi trả cho tháng 7 và tháng 8.
""Hiện nay, kinh phí còn thiếu để chi trả trợ cấp xã hội 4 tháng còn lại của năm 2025 vào khoảng hơn 6,6 tỷ đồng. UBND xã Ea Rốk đã có 4 văn bản báo cáo, kiến nghị gửi Sở Tài chính và UBND tỉnh Đắk Lắk đề nghị bổ sung kinh phí, song đến nay vẫn chưa được cấp"", vị lãnh đạo này cho hay.
Trước thực trạng trên, UBND xã Ea Rốk đã đề nghị Ban tự quản thôn, buôn và Bưu điện Ea Rốk thông báo đến các đối tượng thụ hưởng về việc chậm chi trả trợ cấp xã hội từ tháng 9 đến nay. Chính quyền xã Ea Rốk sẽ thông báo lịch chi trả cụ thể ngay khi được cấp bổ sung kinh phí.
Phóng viên đã liên hệ lãnh đạo Sở Tài chính tỉnh Đắk Lắk để làm rõ nội dung vụ việc nhưng chưa nhận được phản hồi.
Theo Nghị định 176/2025, các đối tượng bảo trợ xã hội hưởng trợ cấp hàng tháng, gồm: Trẻ em (bị bỏ rơi, mồ côi cha mẹ hoặc cả cha mẹ bị tuyên bố mất tích hoặc trong tù...; có cha mẹ là người khuyết tật đang hưởng trợ cấp; trẻ dưới 16 tuổi không có nguồn nuôi dưỡng).
Người cao tuổi (không hưởng lương hưu, trợ cấpbảo hiểmxã hội; thuộc hộ nghèo, cận nghèo; thuộc hộ nghèo, không có người phụng dưỡng...).
Người khuyết tật (trẻ em, người khuyết tật nặng, đặc biệt nặng) và các đối tượng khác."
https://dantri.com.vn/noi-vu/bo-noi-vu-yeu-cau-hoan-thanh-chi-tra-qua-tet-2026-truoc-311-20260110172349620.htm,Bộ Nội vụ yêu cầu hoàn thành chi trả quà Tết 2026 trước 31/1,"(Dân trí) - Bộ Nội vụ yêu cầu các địa phương chi trả quà Tết của Chủ tịch nước bằng tiền, đúng đối tượng người có công, bảo đảm không trùng suất, không để xảy ra sai sót, tiêu cực.","Đây là yêu cầu được Bộ Nội vụ nêu rõ trong công văn hướng dẫn gửi UBND các tỉnh, thành phố, nhằm triển khai Quyết định số 01/QĐ-CTN ngày 5/1/2026 của Chủ tịch nước về việc tặng quà Tết cho người có công với cách mạng
Theo hướng dẫn, quà Tết của Chủ tịch nước được tặng bằng tiền, chi trả từ ngân sách trung ương, thông qua ngân sách địa phương, gắn với việc thực hiện Pháp lệnh Ưu đãi người có công với cách mạng.
Cựu chiến binh tại lễ diễu binh A80 tháng 9/2025 (Ảnh: Hải Long).
Mỗi người chỉ nhận một suất quà, ưu tiên mức cao nhất
Bộ Nội vụ nêu rõ nguyên tắc: mỗi người chỉ được nhận một suất quà của Chủ tịch nước. Trường hợp một người đồng thời thuộc nhiều nhóm đối tượng đủ điều kiện hưởng các mức quà khác nhau thì chỉ nhận một suất quà với mức cao nhất. Nếu đủ điều kiện hưởng cùng một mức quà thì nhận một suất theo mức đó.
Đối với thân nhân liệt sỹ, việc nhận quà được thực hiện theo nguyên tắc cử đại diện. Theo đó, mỗi liệt sỹ chỉ có một người đại diện thân nhân còn sống được nhận một suất quà. Trường hợp người đại diện thân nhân liệt sỹ đồng thời thuộc diện được nhận quà theo các nhóm đối tượng khác thì phải cử một thân nhân khác của liệt sỹ để nhận suất quà dành cho thân nhân liệt sỹ.
Trong trường hợp thân nhân liệt sỹ chỉ còn một người duy nhất còn sống và người này đồng thời thuộc diện được nhận quà theo nhóm đối tượng khác, thì người đó được nhận thêm một suất quà với tư cách đại diện thân nhân liệt sỹ.
Đối với các liệt sỹ không còn thân nhân, người thờ cúng liệt sỹ sẽ là người được nhận quà của Chủ tịch nước. Mỗi liệt sỹ tương ứng với một suất quà.
Hoàn thành chi trả trước 31/1, báo cáo kết quả trước 15/2
Bộ Nội vụ yêu cầu Chủ tịch UBND các tỉnh, thành phố chỉ đạo Sở Nội vụ phối hợp với các cơ quan liên quan tổ chức tuyên truyền, lập danh sách, chi trả quà Tết đầy đủ, đúng đối tượng và hoàn thành trước ngày 31/1.
Việc tặng quà phải được kết hợp chu đáo với hoạt động thăm hỏi, động viên người có công, thể hiện sự tri ân của Đảng, Nhà nước và chính quyền các cấp đối với những đóng góp, hy sinh trong sự nghiệp cách mạng.
Căn cứ đối tượng nhận quà theo quy định, phòng văn hóa - xã hội cấp xã có trách nhiệm lập danh sách người được nhận quà theo biểu mẫu thống nhất, gửi Sở Nội vụ để kiểm tra, đối chiếu hồ sơ gốc và phê duyệt. Sau khi phê duyệt, danh sách được chuyển lại để tổ chức thực hiện chi trả.
Sở Nội vụ các địa phương có trách nhiệm theo dõi, đôn đốc, kiểm tra quá trình thực hiện và tổng hợp báo cáo kết quả tặng quà về Bộ Nội vụ (Cục Người có công) trước ngày 15/2/2026.
Đối với các đối tượng chính sách thuộc quân đội và công an nhân dân, việc tặng quà được thực hiện theo hướng dẫn riêng của Bộ Quốc phòng và Bộ Công an"
https://dantri.com.vn/lao-dong-viec-lam/them-nhom-nguoi-duoc-ho-tro-mien-phi-bao-hiem-y-te-tu-nam-2026-20260109123029291.htm,Thêm nhóm người được hỗ trợ miễn phí bảo hiểm y tế từ năm 2026,"(Dân trí) - Theo Nghị quyết của HĐND tỉnh Đồng Nai, giai đoạn 2026-2030, người mắc bệnh hiểm nghèo, cộng tác viên dân số, người lang thang trên địa bàn tỉnh theo quy định… được hỗ trợ 100% mức đóng bảo hiểm y tế.","HĐND tỉnh Đồng Nai đã ban hành Nghị quyết số 36 về Quy định mức hỗ trợ đóngbảo hiểmy tế cho một số đối tượng trên địa bàn tỉnh Đồng Nai giai đoạn 2026-2030. Nghị quyết có hiệu lực từ ngày 1/1.
Theo đó, việc hỗ trợ 100% mức đóng bảo hiểm y tế được áp dụng đối với các đối tượng bao gồm:
- Người dân tộc thiểu số thuộc các dân tộc còn gặp nhiều khó khăn, có khó khăn đặc thù theo quy định của Chính phủ.
- Người mắc bệnh hiểm nghèo theo quy định của Chính phủ và các cơ quan có thẩm quyền.
- Người từ đủ 70 tuổi đến dưới 75 tuổi có nơi thường trú, tạm trú tại: các xã khu vực I; các thôn, ấp vùng đồng bào dân tộc thiểu số và miền núi tỉnh Đồng Nai theo quy định của Thủ tướng Chính phủ.
- Người lao động hết thời gian hưởng trợ cấp thất nghiệp quá 3 tháng chưa tham gia lại bảo hiểm y tế cho đến khi tìm đượcviệc làmmới và tham gia bảo hiểm xã hội bắt buộc hoặc hưởng trợ cấp bảo hiểm xã hội một lần.
- Người thuộc hộ gia đình thoát nghèo theo quy định chuẩn nghèo đa chiều của trung ương trong thời gian 24 tháng từ khi có quyết định công nhận thoát nghèo.
- Người lang thang, xin ăn trên địa bàn tỉnh Đồng Nai đang được tập trung vào cơ sở trợ giúp xã hội công lập thuộc ngành Y tế quản lý trong thời gian chờ đưa về nơi cư trú.
- Cộng tác viên dân số.
Theo Nghị quyết của HĐND tỉnh Đồng Nai, giai đoạn 2026-2030 sẽ có thêm nhiều đối tượng được hỗ trợ 100% mức đóng bảo hiểm y tế (Ảnh minh họa: Trịnh Nguyễn)
Ngoài mức hỗ trợ 100%, Nghị quyết cũng quy định mức hỗ trợ 50% sẽ được áp dụng đối với học sinh, sinh viên khuyết tật học hòa nhập tại các cơ sở giáo dục trên địa bàn tỉnh và các học sinh tại Trung tâm Hỗ trợ phát triển Giáo dục hòa nhập tỉnh Đồng Nai; nhân viên y tế, cô đỡ thôn, bản (ấp).
Mức hỗ trợ 50% cũng được áp dụng đối với nạn nhân theo quy định của Luật Phòng, chống mua bán người. Tuy nhiên, thời gian hỗ trợ dành cho nhóm này là 1 năm kể từ khi đối tượng được cơ quan có thẩm quyền xác nhận là nạn nhân theo quy định của Luật Phòng, chống mua bán người.
Địa phương cũng hỗ trợ 30% mức đóng bảo hiểm y tế với người thuộc hộ gia đình cận nghèo theo chuẩn Trung ương. Người thuộc hộ gia đình làm nông nghiệp, lâm nghiệp, ngư nghiệp có mức sống trung bình theo quy định chuẩn hộ có mức sống trung bình của Trung ương được hỗ trợ 20% mức đóng.
Trường hợp một người thuộc nhiều nhóm đối tượng được ngân sách nhà nước hỗ trợ đóng bảo hiểm y tế thì được hưởng theo đối tượng có mức hỗ trợ cao nhất.
Kinh phí thực hiện được trích từ nguồn ngân sách được bố trí hằng năm theo phân cấp ngân sách hiện hành.
Đặc biệt, HĐND tỉnh Đồng Nai đề nghị UBMTTQ Việt Nam tỉnh giám sát và vận động người dân cùng giám sát việc thực hiện Nghị quyết này, phản ánh kịp thời tâm tư, nguyện vọng và kiến nghị của các đối tượng được thụ hưởngchính sáchđến các cơ quan có thẩm quyền."
https://dantri.com.vn/noi-vu/ha-noi-chi-thu-nhap-tang-them-cho-can-bo-cong-chuc-tu-thang-12026-20260109164319107.htm,"Hà Nội chi thu nhập tăng thêm cho cán bộ, công chức từ tháng 1/2026","(Dân trí) - Từ tháng 1/2026, Hà Nội triển khai chi thu nhập tăng thêm cho cán bộ, công chức, viên chức từ nguồn cải cách tiền lương còn dư, gồm chi hằng tháng và chi cuối năm gắn với kết quả đánh giá.","Ngày 7/1, UBND Hà Nội ban hành Văn bản số 73/UBND-SNV về việc tổ chức triển khai thực hiện Nghị quyết số 81/2025/NQ-HĐND ngày 27/11/2025 của HĐND Thành phố quy định chi thu nhập tăng thêm cho cán bộ, công chức, viên chức thuộc thành phố quản lý.
Theo Nghị quyết, đối tượng áp dụng gồm cán bộ, công chức, viên chức đang làm việc trong các cơ quan nhà nước, tổ chức chính trị, Mặt trận Tổ quốc Việt Nam, các tổ chức chính trị - xã hội và các đơn vị sự nghiệp công lập được ngân sách nhà nước bảo đảm toàn bộ chi thường xuyên thuộc thành phố Hà Nội quản lý. Ngoài ra, chính sách này còn áp dụng với người làm việc thường xuyên tại các hội được Đảng, Nhà nước giao nhiệm vụ, trong độ tuổi lao động, là lãnh đạo chuyên trách, công chức, viên chức được giao biên chế.
Hà Nội chi thu nhập tăng thêm cho cán bộ, công chức từ tháng 1/2026 (Ảnh minh họa: Sơn Nguyễn).
Chi hằng tháng tối đa 0,5 lần quỹ lương cơ bản
Nghị quyết 81 quy định việc chi thu nhập tăng thêm được thực hiện theo hai hình thức, gồm chi hằng tháng và chi vào cuối năm, trên cơ sở quỹ lương cơ bản và kết quả đánh giá, xếp loại cán bộ, công chức, viên chức.
Cụ thể, thành phố sử dụng tối đa 0,5 lần quỹ lương cơ bản để chi thu nhập tăng thêm hằng tháng cho toàn bộ cán bộ, công chức, viên chức hiện có. Mức chi được tính theo lương ngạch, bậc, chức vụ hoặc chức danh đang hưởng, không bao gồm các khoản phụ cấp.
Việc chi trả thu nhập tăng thêm hằng tháng nhằm góp phần cải thiện thu nhập thường xuyên cho đội ngũ cán bộ, công chức, viên chức, đồng thời tạo nền tảng để thực hiện cơ chế khuyến khích gắn với chất lượng và hiệu quả công việc.
Chi cuối năm gắn với kết quả đánh giá
Bên cạnh khoản chi hằng tháng, Nghị quyết cho phép sử dụng tối đa 0,3 lần quỹ lương cơ bản hằng tháng, tính theo số biên chế hiện có, để chi thu nhập tăng thêm vào cuối năm.
Khoản chi này chỉ áp dụng đối với cán bộ, công chức, viên chức được đánh giá, xếp loại từ mức ""hoàn thành nhiệm vụ"" trở lên. Thủ trưởng cơ quan, đơn vị có trách nhiệm căn cứ kết quả đánh giá, xếp loại để quyết định mức chi cụ thể cho từng cá nhân, bảo đảm đúng nguyên tắc và phạm vi nguồn kinh phí được giao.
Nghị quyết nhấn mạnh việc chi thu nhập tăng thêm phải dựa trên năng lực, hiệu quả công việc và mức độ hoàn thành nhiệm vụ của từng người, tránh bình quân, cào bằng trong chi trả.
Nguồn kinh phí từ cải cách tiền lương
Nguồn kinh phí thực hiện chi thu nhập tăng thêm được lấy từ nguồn cải cách tiền lương còn dư sau khi đã bảo đảm đủ nhu cầu thực hiện cải cách tiền lương theo quy định chung của Trung ương.
UBND các xã, phường được yêu cầu chủ động sử dụng nguồn cải cách tiền lương còn dư để bố trí kinh phí chi thu nhập tăng thêm. Trường hợp nguồn không bảo đảm, các đơn vị tổng hợp nhu cầu, gửi Sở Tài chính để xem xét, đề xuất bổ sung theo quy định.
Sau năm 2026, căn cứ vào nguồn cải cách tiền lương còn dư và kết quả thực hiện trong năm, UBND Thành phố sẽ báo cáo HĐND xem xét, quyết định mức trích chi thu nhập tăng thêm cho các năm tiếp theo, với trần không vượt quá 0,8 lần quỹ lương cơ bản.
Để bảo đảm triển khai Nghị quyết kịp thời, hiệu quả, UBND thành phố Hà Nội yêu cầu thủ trưởng các cơ quan, đơn vị tổ chức tuyên truyền, quán triệt sâu rộng nội dung Nghị quyết; đồng thời xây dựng, công khai phương án chi thu nhập tăng thêm theo đúng đối tượng, đúng nguồn và đúng định mức được phê duyệt.
Sở Tài chính được giao tham mưu phân bổ, giao dự toán kinh phí; hướng dẫn cụ thể mức chi, thời gian tính hưởng, phương thức chi trả và xử lý các vướng mắc phát sinh trong quá trình thực hiện, áp dụng từ tháng 1/2026.
Sở Nội vụ có trách nhiệm hướng dẫn đối tượng, nguyên tắc thực hiện; theo dõi, tổng hợp, đánh giá kết quả triển khai và phối hợp rà soát, hoàn thiện các quy định liên quan đến đánh giá, xếp loại cán bộ, công chức, viên chức làm cơ sở chi thu nhập tăng thêm.
Các cơ quan, đơn vị phải gửi báo cáo kết quả thực hiện và kiến nghị (nếu có) về Sở Nội vụ trước ngày 30/9/2026 để tổng hợp, báo cáo UBND Thành phố.
Việc triển khai Nghị quyết 81/2025/NQ-HĐND được kỳ vọng góp phần thực hiện hiệu quả chủ trương cải cách tiền lương, tạo động lực nâng cao chất lượng đội ngũ cán bộ, công chức, viên chức, đáp ứng yêu cầu quản lý và phát triển của Thủ đô trong giai đoạn mới."
https://dantri.com.vn/noi-vu/han-chot-duyet-vi-tri-viec-lam-hoan-thien-xep-ngach-cong-chuc-cac-cap-20260110094847127.htm,"Hạn chót duyệt vị trí việc làm, hoàn thiện xếp ngạch công chức các cấp","(Dân trí) - Chính phủ yêu cầu các bộ, ngành, địa phương ban hành quyết định phê duyệt vị trí việc làm chậm nhất đến ngày 1/7.","Nghị định số 361/2025/NĐ-CP quy định danh mụcvị trí việc làmkhung trong các cơ quan, tổ chức hành chính như: Danh mục vị trí việc làm công chức lãnh đạo, quản lý, công chức chuyên môn, nghiệp vụ trong cơ quan, tổ chức hành chính ở bộ, ở cấp tỉnh; danh mục vị trí việc làm hỗ trợ, phục vụ trong cơ quan, tổ chức hành chính ở bộ, ở cấp tỉnh...
Chính phủ yêu cầu căn cứ danh mục vị trí việc làm khung và trên cơ sở chức năng, nhiệm vụ, quyền hạn, cơ cấu tổ chức theo quy định của cấp có thẩm quyền, cơ quan sử dụng công chức có trách nhiệm xác định vị trí việc làm cụ thể được sử dụng trong cơ quan mình.
Các cơ quan này cũng phải xây dựng bản mô tả công việc và khung năng lực của từng vị trí việc làm theo mẫu, đồng thời xác định tỷ lệ công chức cần bố trí theo từng vị trí việc làm trong cơ quan, tổ chức mình.
Chính phủ hướng dẫn xác định vị trí việc làm với công chức (Ảnh: Sơn Nguyễn).
Nghị định nêu rõ, chậm nhất đến ngày 1/7, các bộ, ngành, cơ quan Trung ương, UBND cấp tỉnh, Văn phòng Đoàn Đại biểu Quốc hội và HĐND cấp tỉnh phải chỉ đạo tổ chức thực hiện và ban hành quyết định phê duyệt vị trí việc làm của cơ quan, tổ chức thuộc phạm vi quản lý theo quy định tại Nghị định này để thay thế các quyết định về vị trí việc làm đã ban hành trước đó.
Trong thời gian cơ quan có thẩm quyền chưa ban hành quyết định phê duyệt vị trí việc làm theo quy định tại Nghị định này, các quyết định phê duyệt vị trí việc làm ban hành trước đó được tiếp tục áp dụng.
Bên cạnh đó, Chính phủ yêu cầu chậm nhất đến ngày 1/7/2027, các bộ, ngành, cơ quan Trung ương, địa phương phải hoàn thành việc bố trí vào vị trí việc làm và xếp ngạch tương ứng với vị trí việc làm đối với công chức được tuyển dụng trước ngày 1/7/2025 thuộc phạm vi quản lý.
Việc bố trí vào vị trí việc làm và xếp ngạch tương ứng theo 5 định hướng: Bố trí vào vị trí việc làm chuyên viên cao cấp và tương đương đối với công chức đang giữ ngạch chuyên viên cao cấp và tương đương; bố trí vào vị trí việc làm chuyên viên chính và tương đương đối với công chức đang giữ ngạch chuyên viên chính và tương đương.
Đồng thời, bố trí vào vị trí việc làm chuyên viên và tương đương đối với công chức đang giữ ngạch chuyên viên và tương đương; bố trí vào vị trí việc làm cán sự và tương đương đối với công chức đang giữ ngạch cán sự và tương đương và bố trí vào vị trí việc làm nhân viên đối với công chức đang giữ ngạch nhân viên.
Sau khi bố trí vào vị trí việc làm và xếp ngạch tương ứng, trường hợp cơ quan sử dụng có số lượng thực tế vượt quá tỷ lệ quy định tại Nghị định này thì cơ quan có thẩm quyền thực hiện việc sắp xếp, bố trí để bảo đảm sau ngày 1/7/2027 thực hiện đúng tỷ lệ theo quy định.
Trong thời gian này, không thực hiện việc thay đổi vị trí việc làm có ngạch công chức xếp theo thứ bậc về chuyên môn, nghiệp vụ từ thấp lên cao đối với những vị trí việc làm đã vượt quá tỷ lệ theo quy định."
https://dantri.com.vn/noi-vu/danh-muc-benh-nghe-nghiep-moi-co-hieu-luc-tu-ngay-152-20260109142921993.htm,Danh mục bệnh nghề nghiệp mới có hiệu lực từ ngày 15/2,"(Dân trí) - (Dân trí) -Người lao động mắc 1 trong số 35 bệnh nghề nghiệp sẽ được hưởng trợ cấp BHXH, căn cứ vào mức suy giảm khả năng lao động và thời gian đã đóng bảo hiểm.","Trong các khoảnbảo hiểmxã hội bắt buộc, người lao động đóng 0,5% tiền lương tháng làm căn cứ đóng bảo hiểm xã hội vào quỹ Tai nạn lao động – bệnh nghề nghiệp.
Do đó, khi chẳng may mắc bệnh nghề nghiệp, người lao động sẽ được nhận trợ cấp bảo hiểm xã hội tùy thuộc vào tỷ lệ suy giảm khả năng lao động và thời gian đóng bảo hiểm.
Khi mắc bệnh nghề nghiệp, người lao động sẽ được hưởng trợ cấp bảo hiểm xã hội (Ảnh minh họa: Trịnh Nguyễn).
Trợ cấp này được quy định tại Điều 48 và Điều 49 Luật An toàn, vệ sinh lao động.
Theo đó, nếu người mắc bệnh nghề nghiệp bị suy giảm khả năng lao động từ 5 - 30% thì được nhận trợ cấp một lần.
Nếu suy giảm 5% thì được hưởng 5 lần mức lương cơ sở. Sau đó, cứ giảm thêm 1% thì hưởng thêm 0,5 lần mức lương cơ sở.
Ngoài ra, trợ cấp một lần trên còn được cộng thêm khoản trợ cấp tính theo số năm đã đóng vào quỹ Tai nạn lao động – bệnh nghề nghiệp.
Nếu đóng từ 1 năm trở xuống thì được hưởng 0,5 tháng tiền lương làm căn cứ đóng vào quỹ. Sau đó, cứ thêm 1 năm được hưởng thêm 0,3 tháng tiền lương.
Trong trường hợp người mắc bệnh nghề nghiệp bị suy giảm khả năng lao động từ 31% trở lên sẽ được hưởng trợ cấp hàng tháng.
Nếu suy giảm 31% khả năng lao động thì được hưởng 30% mức lương cơ sở. Sau đó, cứ giảm thêm 1% thì hưởng thêm 2% mức lương cơ sở.
Ngoài ra, trợ cấp hàng tháng trên còn được cộng thêm khoản trợ cấp tính theo số năm đã đóng vào quỹ Tai nạn lao động – bệnh nghề nghiệp.
Nếu đóng từ 1 năm trở xuống được hưởng 0,5% tháng tiền lương làm căn cứ đóng vào quỹ. Sau đó, cứ thêm 1 năm được thêm 0,3% tháng tiền lương.
Hiện các loại bệnh nghề nghiệp được Bộ Y tế quy định tại Thông tư số 15/2016/TT-BYT, được sửa đổi, bổ sung một số điều tại Thông tư số 02/2023/TT-BYT.
Từ ngày 15/2, danh mục bệnh nghề nghiệp được quy định tại Thông tư 60/2025/TT-BYT với 35 loại bệnh như sau:"
https://dantri.com.vn/noi-vu/phat-hien-2-hai-cot-liet-sy-kem-nhieu-di-vat-trong-vuon-keo-tram-20260109173911271.htm,Phát hiện 2 hài cốt liệt sỹ kèm nhiều di vật trong vườn keo tràm,(Dân trí) - Đơn vị quy tập hài cốt liệt sỹ thuộc Bộ Chỉ huy Quân sự tỉnh Quảng Trị đã cất bốc được 2 hài cốt liệt sỹ kèm nhiều di vật.,"Chiều 9/1, Đội Quy tập hài cốt liệt sỹ (Đội 584), Bộ Chỉ huy Quân sự tỉnh Quảng Trị xác nhận thông tin trên.
Các hài cốt liệt sỹ được bọc bằng tăng bộ đội, nằm ở độ sâu 0,8-1m, trong vườn keo tràm thuộc thôn Trại Cá, xã Đakrông, tỉnh Quảng Trị.
Các di vật liệt sỹ được tìm thấy (Ảnh: Đội 584).
Di vật kèm theo 2 hài cốt liệt sỹ có mũ cối, giày, thắt lưng, võng bộ đội, hộp tiếp đạn, đạn AK và các đồ dùng cá nhân. Đội 584 tiếp tục mở rộng tìm kiếm tại khu vực phát hiện hài cốt liệt sỹ.
Trước đó, tại thôn Tà Rùng, xã Khe Sanh, tỉnh Quảng Trị, Đội Quy tập hài cốt liệt sỹ, Đoàn Kinh tế - Quốc phòng 337, Quân khu 4 cũng phát hiện 2 hài cốt liệt sỹ.
Các hài cốt được phát hiện ở độ sâu 0,8-1,2m, kèm theo một số di vật như tăng nguyên tấm, dây dù, túi da đựng tài liệu, bật lửa. Công tác tìm kiếm được Đoàn Kinh tế - Quốc phòng 337 tiếp tục triển khai."
https://dantri.com.vn/noi-vu/trao-tang-huy-hieu-dang-doi-voi-thu-truong-bo-noi-vu-20260109142328044.htm,Trao tặng Huy hiệu Đảng đối với Thứ trưởng Bộ Nội vụ,"(Dân trí) - Sáng 9/1, Đảng bộ Bộ Nội vụ tổ chức Lễ trao tặng Huy hiệu Đảng đối với Thứ trưởng Nguyễn Thị Hà.","Tại buổi lễ, Ủy viên Ban Thường vụ, Trưởng ban Ban Tổ chức Đảng ủy Bộ, Vụ trưởng Vụ Tổ chức cán bộ Bộ Nguyễn Tuấn Ninh công bố Quyết định của Đảng ủy Chính phủ về việc tặngHuy hiệu 30 năm tuổi Đảngđối với Thứ trưởng Bộ Nội vụ Nguyễn Thị Hà.
Thay mặt Đảng ủy Chính phủ, Bí thư Đảng ủy, Bộ trưởng Bộ Nội vụ Đỗ Thanh Bình trao tặng Huy hiệu 30 năm tuổi Đảng đối với Thứ trưởng Nguyễn Thị Hà.
Phát biểu chúc mừng Thứ trưởng Nguyễn Thị Hà, Bộ trưởng Đỗ Thanh Bình cho biết đồng chí Nguyễn Thị Hà đã có quá trình hơn 33 năm công tác, phấn đấu, cống hiến kiên trì, bền bỉ, trong đó có 30 năm được vinh dự đứng trong hàng ngũ của Đảng. Dù ở bất kỳ cương vị công tác nào, Thứ trưởng luôn tuyệt đối trung thành với Đảng, Tổ quốc và nhân dân; luôn giữ vững bản lĩnh chính trị, lập trường tư tưởng, nêu cao tinh thần trách nhiệm và hoàn thành tốt mọi nhiệm vụ được giao.
""Việc trao tặng Huy hiệu 30 năm tuổi Đảng đối với đồng chí Nguyễn Thị Hà là sự ghi nhận của Đảng về phẩm chất trung thành và kết quả quá trình phấn đấu, cống hiến, nỗ lực, tận tâm của đồng chí trong suốt 30 năm qua"", Bộ trưởng Đỗ Thanh Bình nhấn mạnh.
Bộ trưởng Bộ Nội vụ Đỗ Thanh Bình trao tặng Huy hiệu 30 năm tuổi Đảng đối với Thứ trưởng Nguyễn Thị Hà (Ảnh: Tống Giáp).
Theo Bộ trưởng, việc trao tặng Huy hiệu Đảng ngày hôm nay không chỉ là niềm vinh dự lớn lao của cá nhân Thứ trưởng Nguyễn Thị Hà và gia đình, mà còn là niềm tự hào chung của toàn thể Đảng bộ Bộ Nội vụ và Vụ Công tác Thanh niên và Bình đẳng giới nói riêng.
Thay mặt Đảng ủy, lãnh đạo Bộ, Bộ trưởng mong muốn và đề nghị trong thời gian tới, với bề dày kinh nghiệm công tác, Thứ trưởng Nguyễn Thị Hà tiếp tục phát huy vai trò, trách nhiệm của Ủy viên Ban Thường vụ Đảng ủy, Thứ trưởng Bộ Nội vụ, cùng với tập thể Đảng ủy, Ban Thường vụ Đảng ủy và lãnh đạo Bộ Nội vụ lãnh đạo, chỉ đạo Đảng bộ và ngành Nội vụ hoàn thành tốt nhiệm vụ công tác xây dựng Đảng và nhiệm vụ chính trị được giao.
Tại buổi lễ, Thứ trưởng Nguyễn Thị Hà xúc động khi được Đảng ghi nhận, trao tặng Huy hiệu 30 năm tuổi Đảng: “Tôi xin bày tỏ lòng biết ơn sâu sắc tới Đảng, Nhà nước; tới các đồng chí lãnh đạo, đồng chí, đồng nghiệp, các thế hệ cán bộ và nhân dân ở những cơ quan, đơn vị, địa phương tôi đã từng công tác. Trân trọng cảm ơn các đồng chí Uỷ viên Ban Thường vụ, Uỷ viên Ban Chấp hành Đảng uỷ Bộ cùng toàn thể cán bộ, đảng viên trong cơ quan đã luôn đồng hành, chia sẻ, tạo điều kiện và giúp đỡ tôi hoàn thành nhiệm vụ được giao”.
Thứ trưởng cũng bày tỏ nhận thức sâu sắc rằng, được nhận Huy hiệu 30 năm tuổi Đảng là dấu mốc có ý nghĩa đặc biệt trong quá trình rèn luyện, phấn đấu của người đảng viên; đồng thời cũng là dịp để nhắc nhở bản thân cần tiếp tục nỗ lực, cố gắng, giữ vững bản lĩnh chính trị, không ngừng học hỏi, đổi mới tư duy, nâng cao chất lượng công tác, cùng tập thể lãnh đạo Bộ, công chức ngành Nội vụ hoàn thành tốt nhiệm vụ mà Đảng, Nhà nước và nhân dân giao phó."
https://dantri.com.vn/noi-vu/thong-diep-cua-bo-truong-quyet-liet-lam-viec-ngay-tu-dau-nam-20260109154259167.htm,Thông điệp của Bộ trưởng quyết liệt làm việc ngay từ đầu năm,"(Dân trí) - Bộ trưởng Bộ Nội vụ Đỗ Thanh Bình quán triệt tinh thần quyết liệt triển khai nhiệm vụ ngay từ đầu năm với việc lên kế hoạch cụ thể, phân công rõ người, rõ sản phẩm.","Đảng ủy Bộ Nội vụtổ chức Hội nghị Tổng kết công tác năm 2025, triển khai nhiệm vụ công tác năm 2026 vào ngày 9/1.
Hội nghị diễn ra trong bối cảnh chuẩn bị Đại hội lần thứ XIV của Đảng, chuẩn bị bầu cử đại biểu Quốc hội và đại biểu HĐND các cấp và tổ chức triển khai thực hiện nghị quyết của Đảng bộ Chính phủ, Đảng bộ Bộ Nội vụ.
Các đại biểu dự hội nghị cùng tổng kết, nhìn lại kết quả năm 2025, xác định nhiệm vụ, phương hướng của năm 2026. Bên cạnh đó, hội nghị thảo luận về dự thảo kế hoạch của Đảng ủy Bộ Nội vụ triển khai chương trình hành động của Ban Chấp hành Đảng bộ Chính phủ triển khai Nghị quyết của Đại hội đại biểu Đảng bộ Chính phủ lần thứ nhất, nhiệm kỳ 2025-2030.
Toàn cảnh hội nghị (Ảnh: Tống Giáp).
Phát biểu tại hội nghị, Bí thư Đảng ủy, Bộ trưởng Bộ Nội vụ Đỗ Thanh Bình cho biết, năm qua, Bộ đã bám sát sự lãnh đạo, chỉ đạo của Bộ Chính trị, Ban Bí thư, Đảng ủy Chính phủ, chủ động thực hiện nhiều nhiệm vụ và đạt được nhiều kết quả nổi bật. Trong đó, những đóng góp của Đảng bộ Bộ Nội vụ góp phần quan trọng để đạt được kết quả trên.
Bên cạnh những mặt làm được, Bộ trưởng Bộ Nội vụ cũng thẳng thắn chỉ rõ những tồn tại, hạn chế.
2026 được Bộ trưởng nhấn mạnh là năm quan trọng với Đảng bộ Bộ Nội vụ, năm đầu tiên thực hiện Nghị quyết Đại hội XIV của Đảng. Vì vậy, Bộ trưởng quán triệt cần phải tiếp tục bám sát quan điểm, mục tiêu về công tác xây dựng Đảng, mục tiêu xây dựng, phát triển đất nước trong giai đoạn mới.
Trên cơ sở kế thừa những kết quả đã đạt được, Bộ trưởng lưu ý phát huy tinh thần đoàn kết, tu dưỡng đạo đức, trách nhiệm nêu gương của đảng viên trong thực hiện nhiệm vụ.
“Cần quyết liệt triển khai ngay những công việc từ đầu năm. Người đứng đầu các Cục, Vụ xác định nhiệm vụ chính trị mà đơn vị mình phụ trách để lãnh đạo, chỉ đạo. Bí thư, cấp ủy quan tâm ngay từ đầu năm việc xây dựng kế hoạch cụ thể, phân công rõ ràng, thời gian thực hiện, rõ sản phẩm, phấn đấu hoàn thành nhiệm vụ trước thời hạn”, Bộ trưởng Đỗ Thanh Bình nêu rõ.
Bộ trưởng Bộ Nội vụ Đỗ Thanh Bình (Ảnh: Tống Giáp).
Người lãnh đạo đứng đầu Bộ Nội vụ cũng nêu vai trò của Ban chấp hành, vai trò của người đứng đầu các cấp triển khai, phối hợp thật tốt, nhịp nhàng và hỗ trợ hoàn thành nhiệm vụ, đồng thời quán triệt đảm bảo chi bộ trong sạch, vững mạnh.
Về các nhiệm vụ cụ thể, Bộ trưởng nhắc lại Bộ đăng ký 43 nhiệm vụ với Chính phủ. Bên cạnh đó, còn các nhiệm vụ thường xuyên, giao thêm… Cùng với đó là thực hiện tốt công tác xây dựng, chỉnh đốn trong Đảng.
Trong chương trình làm việc năm 2026, Đảng ủy Bộ đã thông qua nghị quyết, giao nhiệm vụ từ Ban Chấp hành, Bí thư Chi, Đảng bộ. Bộ trưởng đề nghị Ủy ban kiểm tra, Vụ Tổ chức cán bộ theo dõi, cụ thể hóa khi thực hiện nghị quyết.
Từ những chủ trương mà Bộ tham mưu tác động đến toàn xã hội, Bộ trưởng tin tưởng Ban Chấp hành Đảng ủy Bộ tâm huyết, năng động, bản lĩnh, linh hoạt làm sao tham mưu cho lãnh đạo Bộ hoàn thành tốt nhiệm vụ được Bộ Chính trị, Ban Bí thư giao."
https://dantri.com.vn/noi-vu/huong-dan-xep-ngach-cong-chuc-cap-xa-theo-vi-tri-viec-lam-20260109100751235.htm,Hướng dẫn xếp ngạch công chức cấp xã theo vị trí việc làm,"(Dân trí) - Người đứng đầu, cấp phó người đứng đầu cơ quan chuyên môn thuộc xã được xếp ngạch chuyên viên chính và tương đương.","Nghị định 361/2025/NĐ-CP quy định về vị trí việc làm công chức dành 1 điều để quy định việc xếpngạch công chứctheo vị trí việc làm.
Nghị định nêu 4 nguyên tắc xếp ngạch công chức theo vị trí việc làm. Theo đó, công chức được bố trí vào vị trí việc làm nào thì xếp ngạch tương ứng theo vị trí việc làm đó.
Việc xếp ngạch công chức theo vị trí việc làm đối với công chức chuyên môn, nghiệp vụ phải căn cứ bản mô tả công việc, khung năng lực của vị trí việc làm.
Công chức được bổ nhiệm giữ chức vụ lãnh đạo, quản lý là cấp phó của người đứng đầu trong cơ quan, tổ chức (không áp dụng đối với vị trí việc làm công chức là Thứ trưởng và tương đương), cấp trưởng, cấp phó các tổ chức thuộc và trực thuộc trong cơ quan, tổ chức khi xếp vào ngạch theo vị trí việc làm phải đáp ứng yêu cầu của vị trí việc làm chuyên môn, nghiệp vụ ở ngạch tương ứng được sử dụng tại cơ quan, tổ chức mình.
Nghị định còn nêu, việc xếp ngạch công chức theo vị trí việc làm lãnh đạo, quản lý là người đứng đầu không áp dụng đối với người được giao quyền.
Thêm nữa, việc xếp ngạch công chức theo vị trí việc làm phải bảo đảm thực hiện đúng tỷ lệ do cơ quan có thẩm quyền phê duyệt vị trí việc làm quyết định quy định.
Định hướng xếp ngạch công chức (Ảnh: Hoàng Hải).
Từ định hướng chung, Chính phủ cũng quy định cụ thể việc xếp ngạch công chức theo vị trí việc làm tại cơ quan chuyên môn thuộc tỉnh và cơ quan chuyên môn thuộc xã.
Cụ thể, xếp ngạch chuyên viên cao cấp và tương đương đối với người đứng đầu, cấp phó người đứng đầu cơ quan chuyên môn thuộc tỉnh.
Bên cạnh đó, xếp ngạch chuyên viên chính và tương đương đối với 2 trường hợp.
Thứ nhất là cấp phó người đứng đầu cơ quan chuyên môn thuộc tỉnh; cấp trưởng, cấp phó các tổ chức thuộc cơ cấu tổ chức của cơ quan chuyên môn thuộc tỉnh; công chức của cơ quan chuyên môn thuộc tỉnh được bố trí vào vị trí việc làm chuyên viên chính và tương đương.
Thứ hai là người đứng đầu, cấp phó người đứng đầu cơ quan chuyên môn thuộc xã.
Bên cạnh đó, xếp ngạch chuyên viên và tương đương đối với công chức được bố trí vào vị trí việc làm chuyên viên và tương đương. Còn lại, xếp ngạch cán sự và tương đương đối với công chức được bố trí vào vị trí việc làm cán sự và tương đương."
https://dantri.com.vn/lao-dong-viec-lam/tang-phu-cap-nghe-giao-duc-moi-thang-ngan-sach-phat-sinh-hon-1000-ty-dong-20260109102753872.htm,"Tăng phụ cấp nghề giáo dục, mỗi tháng ngân sách phát sinh hơn 1.000 tỷ đồng","(Dân trí) - Theo báo cáo đánh giá tác động của Bộ GD&ĐT, nếu điều chỉnh phụ cấp ưu đãi theo nghề cho giáo viên mầm non, phổ thông, ngân sách nhà nước dự kiến phát sinh hơn 1.000 tỷ đồng mỗi tháng.","Theo Báo cáo đánh giá tác động dự thảo Nghị định quy định chế độ phụ cấp ưu đãi theo nghề đối với viên chức, người lao động trong các cơ sở giáo dục công lập, Bộ Giáo dục và Đào tạo (GD&ĐT) đã tính toán cụ thể chi phí phát sinh nếu thực hiện điều chỉnh mức phụ cấp ưu đãi theo nghề đối với đội ngũ nhà giáo và nhân viên ngành giáo dục.
Báo cáo cho thấy, phương án điều chỉnh phụ cấp nhằm khắc phục những bất cập kéo dài trongchính sáchđã ban hành từ năm 2005, đồng thời bảo đảm tính thống nhất, đồng bộ với lộ trình cải cách tiền lương theo các nghị quyết của Đảng và Quốc hội.
Bộ GD&ĐT đề xuất tăng phụ cấp ưu đãi theo nghề đối với đội ngũ nhà giáo và nhân viên ngành giáo dục (Ảnh: DT).
Chi phí phát sinh lớn nhất từ giáo viên mầm non, phổ thông
Theo Bộ GD&ĐT, nhóm đối tượng có tác động ngân sách lớn nhất là giáo viên và cán bộ quản lý tại các cơ sở giáo dục mầm non và phổ thông. Với đề xuất điều chỉnh tăng thêm 10% phụ cấp ưu đãi theo nghề so với mức hiện hành, chi phí ngân sách dự kiến tăng khoảng 1.042 tỷ đồng mỗi tháng.
Đây là nhóm chiếm số lượng đông đảo trong toàn ngành giáo dục. Hiện nay, đội ngũ nhà giáo và cán bộ quản lý giáo dục hưởng lương từ ngân sách nhà nước lên tới gần một triệu người, làm việc tại các cấp học từ mầm non đến trung học phổ thông, phân bố rộng khắp từ thành thị đến nông thôn, miền núi, vùng sâu, vùng xa.
Bộ GD&ĐT cho rằng mức phụ cấp hiện hành chưa tương xứng với đặc thù lao động sư phạm và chưa bảo đảm mức sống cho giáo viên, nhất là giáo viên trẻ và giáo viên công tác tại khu vực đồng bằng, thành phố. Việc điều chỉnh phụ cấp được đánh giá là cần thiết để ổn định đời sống, tạo động lực cho đội ngũ giáo viên yên tâm công tác.
Ngoài nhóm mầm non và phổ thông, báo cáo cũng đề xuất điều chỉnh mức phụ cấp đối với giáo viên trường dự bị đại học. Theo đó, mức phụ cấp ưu đãi theo nghề của nhóm này được đề xuất điều chỉnh từ 50% lên 80%, với chi phí phát sinh ước tính khoảng 343 triệu đồng mỗi tháng.
Một số nhóm không làm tăng chi ngân sách
Báo cáo đánh giá tác động cũng lần đầu đề xuất bổ sung mức phụ cấp ưu đãi theo nghề 20% đối với viên chức và người lao động thuộc nhóm vị tríviệc làmhỗ trợ, phục vụ và các chức danh nghề nghiệp chuyên ngành (trừ giáo viên, giảng viên) trong các cơ sở giáo dục công lập.
Với đề xuất này, chi phí bổ sung dự kiến khoảng 158 tỷ đồng mỗi tháng, được xác định là khoản chi mới từ ngân sách nhà nước.
Trong khi đó, đối với các cơ sở giáo dục đại học, cơ sở giáo dục nghề nghiệp và các trường cao đẳng, Bộ GD&ĐT đề xuất điều chỉnh tăng thêm 5% phụ cấp ưu đãi theo nghề cho giảng viên và 20% cho nhân viên. Tuy nhiên, do các cơ sở này thực hiện cơ chế tự bảo đảm chi tiền lương, việc điều chỉnh không làm phát sinh chi ngân sách nhà nước.
Bên cạnh tác động về ngân sách, Bộ GD&ĐT đánh giá việc ban hành Nghị định mới sẽ góp phần hoàn thiện hệ thống pháp luật về tiền lương, phụ cấp đối với nhà giáo, thay thế các quy định đã áp dụng hơn 20 năm, đồng thời khắc phục tình trạng chi trả phụ cấp chưa thống nhất giữa các địa phương.
Theo báo cáo, dự thảo Nghị định được xây dựng trên tinh thần kế thừa những quy định còn phù hợp, không mở rộng thêm đối tượng hưởng phụ cấp so với hiện hành, đồng thời bảo đảm tính khả thi và phù hợp với điều kiện thực tiễn khi triển khai cải cách tổng thể chính sách tiền lương trong thời gian tới."
https://dantri.com.vn/noi-vu/nguoi-co-muc-luong-hon-970-trieu-dongthang-nhan-thuong-tet-ra-sao-20260108124702595.htm,Người có mức lương hơn 970 triệu đồng/tháng nhận thưởng Tết ra sao?,"(Dân trí) - Bên cạnh mức thưởng bình quân chung, xuất hiện nhiều lao động có mức lương cao và nhận thưởng Tết hơn 1 tỷ đồng ở doanh nghiệp có vốn đầu tư nước ngoài.","Hiện nay, nhiều tỉnh, thành đã công bố mức lương của năm 2025 và thưởng Tết năm 2026. Trong đó, bức tranh lương,thưởngcủa người lao động trong các loại hình doanh nghiệp khá đa dạng.
Thưởng Tết tiền tỷ
Từ báo cáo của 3.802 doanh nghiệp với gần 700.000 công nhân, lao động, Sở Nội vụ TPHCM cho biết, mức lương bình quân của lao động trong 4 loại hình doanh nghiệp là 12,39 triệu đồng/tháng.
Trong đó, mức lương cao nhất thuộc về người lao động trong doanh nghiệp có vốn đầu tư nước ngoài là hơn 972 triệu đồng/tháng. Tiếp đến là mức hơn 741 triệu đồng/tháng của lao động trong doanh nghiệp dân doanh.
Qua tổng hợp, Sở Nội vụ TPHCM nhận thấy, mức thưởng cao nhất thuộc doanh nghiệp ngành điện tử - công nghệ thông tin; chế biến thực phẩm; phát triển phần mềm; kinh doanh bất động sản... Các doanh nghiệp sản xuất quy mô nhỏ, các doanh nghiệp sử dụng lao động giản đơn có mức thưởng thấp hơn.
Thưởng Tết là khoản được người lao động mong chờ (Ảnh minh họa: Nguyễn Sơn).
Điều này thể hiện rõ qua mức thưởng Tết Dương lịch cao nhất thuộc về doanh nghiệp có vốn đầu tư nước ngoài, chạm mức hơn 1,1 tỷ đồng. Kế đến, có người lao động trong loại hình doanh nghiệp này thưởng Tết Nguyên đán lên đến hơn 1,8 tỷ đồng. Đây cũng là mức thưởng Tết cao nhất từ phía các tỉnh, thành đã công bố.
Trong khi đó với hơn 3.182 doanh nghiệp báo cáo, Sở Nội vụ Hà Nội ghi nhận mức lương cao nhất và thưởng lớn nhất thuộc về doanh nghiệp dân doanh. Mức lương cao nhất là 230 triệu đồng/tháng, đồng thời mức thưởng Tết cao nhất là hơn 614 triệu đồng/người.
Bên cạnh đó, đối với khối doanh nghiệp FDI, đơn vị có mức tiền lương cao nhất là 225 triệu đồng/người/tháng. Đối với Tết Nguyên đán năm 2026, mức thưởng bình quân là 4,5 triệu đồng/người. Doanh nghiệp có mức thưởng cao nhất là 286 triệu đồng/người.
Từ báo cáo hơn 643.000 công nhân, lao động, Sở Nội vụ tỉnh Bắc Ninh thông tin, mức tiền lương cao nhất là 461 triệu đồng/người/tháng, thuộc khối doanh nghiệp có vốn đầu tư nước ngoài. Cũng với loại hình doanh nghiệp này, mức thưởng cao nhất là 400 triệu đồng/người.
Doanh nghiệp cố gắng có thưởng Tết cho người lao động
Bên cạnh mức thưởng cao, nhiều địa phương cũng ghi nhận mức thưởng thấp nhất khoảng 100.000 đồng/người.
Trong 3.802 doanh nghiệp gửi báo cáo kế hoạch thưởng Tết năm 2026, Sở Nội vụ TPHCM cho biết có 719 doanh nghiệp (chiếm 18,91%) thông tin gặp khó trong việc thưởng Tết cho người lao động.
Nguyên nhân do hoạt động sản xuất, kinh doanh trong năm còn nhiều khó khăn, đơn hàng giảm, doanh nghiệp phải thu hẹp hoạt động, khó thu hồi công nợ, trả tiền lãi vay... ảnh hưởng đến kết quả kinh doanh cả năm và việc dự kiến thưởng.
Tuy nhiên, hầu hết doanh nghiệp đều quan tâm, chia sẻ, cố gắng thực hiện thưởng Tết cho người lao động theo quy chế thưởng, thỏa ước lao động tập thể, hợp đồng lao động.
Ngoài thưởng bằng tiền mặt, doanh nghiệp hỗ trợ thêm người lao động bằng nhiều hình thức khác (Ảnh minh họa: Hoàng Lam).
Ngoài tiền thưởng Tết cho người lao động, nhiều doanh nghiệp có nhiều hình thức hỗ trợ thiết thực cho người lao động như tặng quà Tết, phiếu mua hàng, lì xì, tổ chức xe đưa đón (hoặc hỗ trợ tiền tàu xe, tặng vé xe).
Bên cạnh đó, nhiều doanh nghiệp có kế hoạch tổ chức tất niên và thăm hỏi người lao động gặp hoàn cảnh khó khăn, tổ chức đón Tết cho người lao động chưa có điều kiện về quê trong dịp này.
Tại Hải Phòng, tiền lương bình quân tại các loại hình doanh nghiệp sử dụng nhiều lao động là doanh nghiệp có vốn đầu tư nước ngoài (FDI) và doanh nghiệp dân doanh tiếp tục tăng. Mức tăng tiền lương bình quân tương ứng 4,4-4,5% so với năm trước.
Thành phố này chưa ghi nhận tình trạng nợ lương kéo dài đối với người lao động trong năm 2025. Kết quả này có được chủ yếu do tình hình sản xuất, kinh doanh của đa số doanh nghiệp trên địa bàn thành phố cơ bản ổn định. Các doanh nghiệp chủ động xây dựng và thực hiện phương án sử dụng lao động, kế hoạch trả lương gắn với kết quả sản xuất, kinh doanh..."
https://dantri.com.vn/noi-vu/co-hoi-lich-su-thanh-tuu-lich-su-mang-y-nghia-sap-xep-lai-giang-son-20251229124802012.htm,"""Cơ hội lịch sử, thành tựu lịch sử mang ý nghĩa sắp xếp lại giang sơn""","(Dân trí) - Phó Thủ tướng thường trực Chính phủ Nguyễn Hòa Bình nhận định tại hội nghị tổng kết công tác 2025 Bộ Nội vụ, nhiều năm sau nữa cũng khó có cơ hội làm việc to lớn ""sắp xếp lại giang sơn"" như năm nay.","Hội nghị là dịp đánh giá những kết quả đã đạt được, chỉ ra những tồn tại, hạn chế, nguyên nhân của năm 2025 và xác định các nhiệm vụ, giải pháp trọng tâm trong năm 2026.
Thực hiện chỉ đạo sát sao, quyết liệt của Trung ương Đảng, Quốc hội, Chính phủ, Thủ tướng Chính phủ, toànngành Nội vụđã bám sát mục tiêu, nhiệm vụ được giao để tập trung tổ chức thực hiện đồng bộ, hiệu quả, chất lượng; phát huy tinh thần chủ động, tích cực gắn trách nhiệm người đứng đầu trong việc tham mưu, thực hiện nhiệm vụ.
Ngay từ đầu năm, Bộ Nội vụ đề ra phương châm hành động của năm 2025 là “Đoàn kết, kỷ cương, đổi mới, hiệu năng, hiệu quả”. Trên cơ sở đó, toàn ngành đã chủ động tham mưu, đề xuất sửa đổi, bổ sung hoặc ban hành mới nhiều chính sách quan trọng.
Công tác lãnh đạo, chỉ đạo, điều hành có nhiều đổi mới, quyết liệt, có trọng tâm, trọng điểm. Bộ Nội vụ vừa tập trung tham mưu, tổ chức thực hiện các chủ trương lớn của Đảng trên lĩnh vực nội vụ, vừa giải quyết những vấn đề phát sinh từ thực tiễn bảo đảm yêu cầu, mục tiêu, nhiệm vụ trước mắt và chiến lược lâu dài.
Tổng Bí thư Tô Lâm trao tặng Bộ Nội vụ Huân chương Lao động hạng Nhất (Ảnh: Mạnh Quân).
Bộ Nội vụ nêu 5 điểm nhấn nổi bật là: Thực hiện việc tinh gọn, sắp xếp tổ chức bộ máy của các bộ, ngành, bảo đảm hoạt động hiệu quả, thông suốt; Tổ chức lại đơn vị hành chính các cấp; xây dựng mô hình tổ chức chính quyền địa phương 2 cấp; Đổi mới công tác xây dựng và thi hành pháp luật, trong đó trình Bộ Chính trị, Quốc hội, Chính phủ, Thủ tướng Chính phủ thông qua nhiều cơ chế, chính sách mang tính đột phá, chiến lược.
Cùng với đó là những kết quả đạt được trong việc đẩy mạnh phân cấp, phân quyền giữa Chính phủ với các bộ, ngành, với địa phương; Đẩy mạnh cải cách thủ tục hành chính, cải thiện môi trường đầu tư, kinh doanh, giảm chi phí tuân thủ, tạo thuận lợi cho người dân, doanh nghiệp, người nước ngoài, chuyên gia nước ngoài; thúc đẩy phát triển khoa học, công nghệ, đổi mới sáng tạo và chuyển đổi số trong Bộ, ngành Nội vụ.
Bên cạnh đó, cùng với việc chỉ đạo triển khai thực hiện các nhiệm vụ theo chương trình, kế hoạch đề ra, Bộ, ngành Nội vụ đã chú trọng chỉ đạo, tập trung nguồn lực triển khai các nhiệm vụ được giao bổ sung.
Theo Hệ thống theo dõi nhiệm vụ của Văn phòng Chính phủ từ đầu năm 2025 đến nay, Bộ Nội vụ được Chính phủ, Thủ tướng Chính phủ giao thực hiện 183 nhiệm vụ, trong đó, đã hoàn thành 160 nhiệm vụ, đang tiếp tục thực hiện 23 nhiệm vụ, không có nhiệm vụ quá hạn chưa hoàn thành.
Ảnh:Mạnh Quân,Hải Long"
https://dantri.com.vn/noi-vu/bo-truong-bo-noi-vu-thong-tin-ve-thoi-diem-de-xuat-5-bang-luong-moi-20251218142200750.htm,Bộ trưởng Bộ Nội vụ thông tin về thời điểm đề xuất 5 bảng lương mới,(Dân trí) - Bộ trưởng Bộ Nội vụ Đỗ Thanh Bình đã ký văn bản trả lời kiến nghị cử tri về việc điều chỉnh lương cơ sở và lộ trình thực hiện cải cách tiền lương đồng bộ.,"Bộ Nội vụ đã nhận được kiến nghị của cử tri tỉnh Ninh Bình do Ủy ban Dân nguyện và Giám sát của Quốc hội chuyển đến.
Cụ thể, cử tri đề nghị điều chỉnh tăng mức phụ cấp, hoàn thiện chính sách đối với người hoạt động không chuyên trách ở thôn, xóm, đảm bảo phù hợp với tính chất công việc và mức độ đóng góp thực tế.
Đồng thời, cử tri cũng kiến nghị điều chỉnhtăng lương cơ sở, xem xét bổ sung các loại phụ cấp (công vụ, chức vụ, trách nhiệm, kiêm nhiệm...) cho cán bộ, công chức cấp xã, đặc biệt là những người trực tiếp làm việc tại địa phương, thường xuyên tiếp xúc và giải quyết công việc với người dân.
Cùng với đó là ban hành bảng lương và phụ cấp đặc thù riêng cho cán bộ, công chức cấp xã, đảm bảo tính đặc thù của cấp cơ sở, thống nhất trên toàn quốc, ổn định lâu dài, hạn chế việc sửa đổi manh mún.
Đặc biệt, cử tri cũng nhắc đến việc thực hiện cải cách tiền lương một cách đồng bộ, hiệu quả, phù hợp với lộ trình cải cách chính sách tiền lương theo Nghị quyết số 27-NQ/TW của Trung ương, nhằm nâng cao hiệu quả hoạt động của chính quyền cơ sở.
Tính toán chế độ tiền lương mới sau khi hoàn thiện danh mục vị trí việc làm
Về nội dung này, Bộ Nội vụ cho biết, Nghị quyết số 27-NQ/TW về cải cách chính sách tiền lương đối với cán bộ, công chức, viên chức, lực lượng vũ trang và người lao động trong doanh nghiệp có quy định các yếu tố cụ thể để thiết kế bảng lương mới, mở rộng quan hệ tiền lương làm căn cứ để xác định mức tiền lương cụ thể trong hệ thống bảng lương.
Đồng thời, theo Kết luận số 64-KL/TW và Nghị quyết số 104/2023/QH15, Bộ Nội vụ đã chủ trì, phối hợp với các bộ, cơ quan liên quan báo cáo cấp có thẩm quyền về thực hiện 6 nội dung cải cách tiền lương theo Nghị quyết số 27-NQ/TW từ ngày 1/7/2024.
Tuy nhiên, trong quá trình triển khai có phát sinh nhiều vướng mắc, bất cập. Theo đó, Bộ Chính trị đã ban hành Kết luận số 83-KL/TW; Quốc hội đã ban hành Nghị quyết số 142/2024/QH15 và Chính phủ đã ban hành Nghị định số 73/2024/NĐ-CP điều chỉnh mức lương cơ sở từ 1,8 triệu đồng/tháng lên 2,34 triệu đồng/tháng (tăng thêm 30%) từ ngày 1/7/2024 đối với cán bộ, công chức, viên chức và lực lượng vũ trang.
Sẽ nghiên cứu, đề xuất chế độ tiền lương mới (Ảnh minh họa: Hoàng Hải).
""Việc điều chỉnh mức lương cơ sở nêu trên là một nỗ lực lớn của Trung ương, Quốc hội, Chính phủ góp phần cải thiện được đời sống người hưởng lương, tạo động lực và nâng cao năng suất lao động ổn định xã hội"", công văn của Bộ Nội vụ nêu rõ.
Tại Kết luận số 83-KL/TW, Bộ Chính trị đã giao Ban Kinh tế Trung ương (nay là Ban Chính sách, chiến lược Trung ương) chủ trì sơ kết Nghị quyết số 27-NQ/TW.
Trong đó, Đảng ủy Bộ Nội vụ sẽ phối hợp với các ban, bộ, ngành có liên quan nghiên cứu đánh giá sự phù hợp, tính khả thi và đề xuất việc thực hiện 5 bảng lương và 9 chế độ phụ cấp mới của khu vực công cho phù hợp để trình Trung ương xem xét trong năm 2026 khi Bộ Chính trị ban hành và triển khai thực hiện hệ thống Danh mục vị trí việc làm trong hệ thống chính trị.
Trên cơ sở các mục tiêu, nhiệm vụ được Đại hội Đảng toàn quốc lần thứ XIV thông qua, các kế hoạch phát triển kinh tế - xã hội, tài chính 5 năm tới, điều kiện kinh tế xã hội và khả năng của ngân sách Nhà nước, Bộ Nội vụ sẽ báo cáo cấp có thẩm quyền xem xét đề xuất chế độ tiền lương cho phù hợp theo lộ trình tại Kết luận số 83-KL/TW.
Đề xuất tăng lương cơ sở
Thực hiện nhiệm vụ Bộ Chính trị giao tại Kết luận số 174-KL/TW, Kết luận số 186-KL/TW và Kết luận số 206-KL/TW, Bộ Nội vụ đang phối hợp với các Bộ, cơ quan liên quan nghiên cứu, đề xuất chính sách tiền lương và điều chỉnh một số chế độ phụ cấp liên quan đối với cán bộ, công chức, viên chức, lực lượng vũ trang, người lao động sau sắp xếp tổ chức bộ máy và tổ chức chính quyền địa phương 2 cấp.
Trước mắt, để cải thiện đời sống của cán bộ, công chức, viên chức, người lao động, Bộ Nội vụ phối hợp với Bộ Tài chính và các Bộ, cơ quan liên quan tiếp tục báo cáo cấp có thẩm quyền xem xét, quyết định tăng mức lương cơ sở trong năm 2026, bảo đảm phù hợp với chỉ số giá tiêu dùng, mức tăng trưởng kinh tế và khả năng của ngân sách nhà nước."
https://dantri.com.vn/noi-vu/de-xuat-hoan-doi-ngay-lam-viec-de-tet-duong-lich-2026-duoc-nghi-4-ngay-20251224100833048.htm,Đề xuất hoán đổi ngày làm việc để Tết Dương lịch 2026 được nghỉ 4 ngày,"(Dân trí) - Tết Dương lịch năm 2026 rơi vào thứ năm tuần tới, nguyên tắc chỉ nghỉ 1 ngày. Bộ Nội vụ đề xuất phương án hoán đổi ngày làm việc thứ sáu liền kề để có thể kéo dài kỳ nghỉ 4 ngày liên tiếp.","Bộ Nội vụ vừa có đề xuất mới về phương án nghỉTết Dương lịchnăm 2026. Phương án nêu ra đang được lấy ý kiến các bộ, ngành.
Theo đó, cơ quan này đề xuất nghỉ ngày 1/1/2026 dương lịch theo quy định; hoán đổi từ ngày làm việc thứ sáu (ngày 2/1/2026) sang ngày nghỉ hằng tuần thứ bảy (ngày 10/1/2026).
Tết Dương lịch năm 2026 rơi vào thứ năm, ngày 1/1/2026 (Ảnh minh họa).
Nếu đề xuất này được thông qua, dịp tết Dương lịch năm 2026, công chức, viên chức được nghỉ 4 ngày liên tục từ thứ năm ngày 1/1/2026 dương lịch đến hết chủ nhật ngày 4/1/2026 dương lịch. Trong đó, có 2 ngày nghỉ liên tiếp do hoán đổi với ngày làm việc và 2 ngày nghỉ hằng tuần.
Bộ Nội vụ cho biết đề xuất này cũng khuyến khích người sử dụng lao động áp dụng thời gian nghỉ tết Dương lịch năm 2026 cho người lao động như quy định đối với công chức, viên chức nhưng đảm bảo thực hiện đầy đủ các chế độ cho người lao động theo quy định của pháp luật; khuyến khích những thỏa thuận có lợi hơn cho người lao động.
Trước đó, theo thông báo của Bộ Nội vụ về các dịp nghỉ lễ, Tết năm 2026, kỳ nghỉ Tết Nguyên đán, cán bộ, công chức, viên chức và người lao động của các cơ quan hành chính, sự nghiệp, tổ chức chính trị, tổ chức chính trị - xã hội được nghỉ 5 ngày theo quy định, gồm 1 ngày trước Tết và 4 ngày sau Tết.
Như vậy, kỳ nghỉ Tết chính thức bắt đầu từ thứ hai ngày 16/2/2026 (tức ngày 29 tháng Chạp năm Ất Tỵ) đến hết thứ sáu, ngày 20/2/2026 (tức ngày mùng 4 tháng Giêng năm Bính Ngọ).
Cùng với 5 ngày nghỉ Tết, cán bộ, công chức được nghỉ nối tiếp 4 ngày nghỉ hằng tuần. Khối cơ quan khu vực công có kỳ nghỉ tới 9 ngày liên tiếp.
Đối với người lao động, người sử dụng lao động khu vực ngoài công lập, đơn vị quyết định lựa chọn phương án nghỉ Tết Nguyên đán như sau: Lựa chọn nghỉ 1 ngày cuối năm Ất Tỵ và 4 ngày đầu năm Bính Ngọ hoặc 2 ngày cuối năm Ất Tỵ và 3 ngày đầu năm Bính Ngọ hoặc 3 ngày cuối năm Ất Tỵ và 2 ngày đầu năm Bính Ngọ.
Với dịp lễ Quốc khánh, công chức, viên chức được nghỉ 2 ngày theo quy định, gồm ngày 2/9/2026 và 1 ngày liền kề trước là ngày 1/9/2026. Cả nước cũng thực hiện hoán đổi từ ngày làm việc thứ hai, ngày 31/8/2026, sang ngày nghỉ hằng tuần thứ bảy, ngày 22/8/2026 (nghỉ thứ hai, ngày 31/8/2026, và làm bù vào thứ bảy, ngày 22/8/2026).
Như vậy, cùng với ngày nghỉ hằng tuần và nghỉ lễ, cán bộ, công chức được nghỉ 5 ngày liên tiếp dịp này.
Với người lao động khu vực doanh nghiệp, dịp lễ Quốc khánh sẽ được nghỉ thứ tư ngày 2/9/2026 và lựa chọn nghỉ 1 trong 2 ngày: thứ ba, ngày 1/9/2026, hoặc thứ năm, ngày 3/9/2026.
Ngoài 3 dịp nghỉ lễ trên, cán bộ, công chức còn được nghỉ ngày Giỗ Tổ Hùng Vương (10/3 âm lịch), ngày 30/4 (Chiến thắng), ngày 1/5 (Quốc tế lao động)."
https://dantri.com.vn/noi-vu/chi-tiet-ty-le-cong-chuc-theo-vi-tri-viec-lam-o-cap-tinh-xa-moi-nhat-20260109092419296.htm,"Chi tiết tỷ lệ công chức theo vị trí việc làm ở cấp tỉnh, xã mới nhất","(Dân trí) - Chính phủ quy định tỷ lệ công chức bố trí theo vị trí việc làm ở Bộ, cấp tỉnh, cấp xã đối với vị trí lãnh đạo, quản lý, chuyên viên chính thức...","Chính phủ đã ban hành Nghị định 361/2025/NĐ-CP quy định về vị trí việc làmcông chức.
Tỷ lệ công chức lãnh đạo, quản lý là 100%
Theo đó, Nghị định 361/2025/NĐ-CP quy định chi tiết về tỷ lệ công chức bố trí theo vị trí việc làm ở cấp tỉnh, cấp xã.
Cụ thể, tỷ lệ công chức bố trí theo vị trí việc làm xếp ngạch chuyên viên cao cấp và tương đương đối với lãnh đạo, quản lý là người đứng đầu cơ quan chuyên môn thuộc tỉnh là 100%.
Với vị trí việc làm lãnh đạo, quản lý là cấp phó người đứng đầu cơ quan chuyên môn thuộc tỉnh thì tỷ lệ công chức không vượt quá 50% tổng số lượng cấp phó người đứng đầu của toàn bộ các cơ quan chuyên môn thuộc tỉnh theo quy định của cấp có thẩm quyền.
Chính phủ quy định vị trí việc làm của công chức (Ảnh minh họa: Hoàng Hải).
Bên cạnh đó, tỷ lệ công chức theo vị trí việc làm xếp ngạch chuyên viên chính và tương đương đối với cơ quan chuyên môn thuộc tỉnh sẽ không vượt quá 50% tổng số biên chế công chức của từng cơ quan chuyên môn thuộc tỉnh được cấp có thẩm quyền giao.
Với vị trí việc làm lãnh đạo, quản lý là người đứng đầu cơ quan chuyên môn thuộc xã có tỷ lệ công chức là 100%.
Còn lãnh đạo, quản lý là cấp phó người đứng đầu cơ quan chuyên môn thuộc xã thì có tỷ lệ công chức không vượt quá 50% tổng số lượng cấp phó người đứng đầu của toàn bộ cơ quan chuyên môn thuộc xã theo quy định của cấp có thẩm quyền.
Liên quan đến tỷ lệ công chức bố trí theo vị trí việc làm xếp ngạch chuyên viên và tương đương, ngạch cán sự và tương đương, ngạch nhân viên thì sẽ có tỷ lệ còn lại đối với số lượng công chức còn lại.
Nghị định cũng quy định cơ quan có thẩm quyền phê duyệt vị trí việc làm quyết định, điều chỉnh tỷ lệ công chức bố trí theo vị trí việc làm trong từng cơ quan chuyên môn thuộc tỉnh, cơ quan chuyên môn thuộc xã thuộc phạm vi quản lý.
Điều này bảo đảm phù hợp với chức năng, nhiệm vụ, quy mô quản lý, tính chất, yêu cầu nhiệm vụ.
Tỷ lệ công chức bố trí theo vị trí việc làm ở Bộ
Nghị định 361/2025/NĐ-CP còn quy định về tỷ lệ công chức bố trí theo vị trí việc làm ở Bộ.
Theo đó, tỷ lệ công chức bố trí theo vị trí việc làm không áp dụng đối với công chức lãnh đạo, quản lý là Thứ trưởng và tương đương hoặc công chức đảm nhiệm vị trí việc làm chuyên gia cao cấp theo quy định của cấp có thẩm quyền.
Liên quan đến tỷ lệ công chức bố trí theo vị trí việc làm xếp ngạch chuyên viên cao cấp và tương đương đối với Vụ và tương đương thì tỷ lệ không vượt quá 40% tổng số biên chế của đơn vị được cấp có thẩm quyền giao.
Đối với Vụ và tương đương là tổ chức thực hiện chức năng tham mưu tổng hợp hoặc tham mưu về công tác quản trị nội bộ thì tỷ lệ công chức không vượt quá 30% tổng số biên chế của đơn vị được cấp có thẩm quyền giao.
Nghị định mới nêu chi tiết về tỷ lệ công chức bố trí theo vị trí việc làm ở bộ (Ảnh minh họa: Trung Kiên).
Nghị định quy định tỷ lệ công chức đối với Cục loại 1, 2 lần lượt không vượt quá 25% và 35% tổng số biên chế của đơn vị được cấp có thẩm quyền giao.
Đối với Văn phòng bộ, tỷ lệ không vượt quá 20% tổng số biên chế của đơn vị được cấp có thẩm quyền giao.
Tỷ lệ công chức bố trí theo vị trí việc làm xếp ngạch chuyên viên chính và tương đương đối với Vụ và tương đương - là tổ chức thực hiện chức năng tham mưu chuyên sâu về quản lý nhà nước đối với từng lĩnh vực - không vượt quá 40% tổng số biên chế của đơn vị được cấp có thẩm quyền giao.
Với Vụ và tương đương là tổ chức tham mưu tổng hợp hoặc tham mưu về công tác quản trị nội bộ thì tỷ lệ công chức không vượt quá 50% tổng số biên chế của đơn vị được cấp có thẩm quyền giao.
Cục loại 1,2 có tỷ lệ trên không vượt quá 40%, 50% tổng số biên chế của đơn vị được cấp có thẩm quyền giao.
Tỷ lệ này ở Văn phòng Bộ không vượt quá 50% tổng số biên chế của đơn vị được cấp có thẩm quyền giao.
Về công chức bố trí theo vị trí việc làm xếp ngạch chuyên viên và tương đương, ngạch cán sự và tương đương, ngạch nhân viên thì tỷ lệ còn lại đối với số lượng công chức còn lại của đơn vị quy định.
Nghị định có hiệu lực từ ngày 31/12/2025."
https://dantri.com.vn/noi-vu/tong-bi-thu-than-phuc-nhung-con-nguoi-binh-di-lam-nen-ky-tich-20251226205911928.htm,Tổng Bí thư thán phục những con người bình dị làm nên kỳ tích,"(Dân trí) - Chỉ đạo tại Đại hội thi đua yêu nước lần thứ XI, Tổng Bí thư Tô Lâm nhấn mạnh, điều trân trọng ở các điển hình không chỉ là thành tích mà là phẩm chất trung thực, trách nhiệm, vì lợi ích chung.","Đại hội Thi đua yêu nước toàn quốclần thứ XI là sự kiện chính trị - xã hội có ý nghĩa đặc biệt quan trọng của đất nước, được tổ chức định kỳ.
Đại hội được tổ chức nhằm tổng kết, đánh giá toàn diện các phong trào thi đua yêu nước và công tác khen thưởng trong giai đoạn 2021-2025; đồng thời xác định phương hướng, nhiệm vụ tiếp tục đẩy mạnh phong trào thi đua yêu nước trong giai đoạn 2026-2030.
Với chủ đề “Thi đua đổi mới, sáng tạo, tăng tốc bứt phá đưa đất nước vào kỷ nguyên phát triển hùng cường, văn minh, thịnh vượng”, đại hội thể hiện rõ quyết tâm chính trị cao của Đảng và Nhà nước trong việc tiếp tục phát huy truyền thống thi đua yêu nước; coi thi đua là giải pháp quan trọng để huy động sức mạnh tổng hợp của cả hệ thống chính trị, cộng đồng doanh nghiệp và toàn thể nhân dân trong sự nghiệp xây dựng và phát triển đất nước.
Đây cũng là dịp để tôn vinh, biểu dương các tập thể, cá nhân tiêu biểu; các anh hùng, chiến sĩ thi đua, điển hình tiên tiến - những người đại diện cho trí tuệ, bản lĩnh, tinh thần cống hiến và sức sáng tạo của con người Việt Nam trong thời kỳ mới.
Bộ trưởng Bộ Nội vụ Đỗ Thanh Bình - Phó Chủ tịch Thường trực Hội đồng Thi đua - Khen thưởng Trung ương báo cáo cơ cấu, thành phần đại biểu tham dự Đại hội (Ảnh: Phạm Thắng).
Trước đó tại phiên trù bị, báo cáo về thành phần cơ cấu, chất lượng đại biểu, Bộ trưởng Bộ Nội vụ Đỗ Thanh Bình - Phó Chủ tịch Thường trực Hội đồng Thi đua - Khen thưởng Trung ương cho biết - tổng số đại biểu về dự đại hội là 2.223 người, gồm 198 đại biểu khách mời và 2.025 đại biểu chính thức; được thành lập thành 105 đoàn đại biểu.
Trong 2.025 đại biểu chính thức có các đại biểu là cá nhân Anh hùng, đại diện các tập thể Anh hùng, Chiến sĩ thi đua toàn quốc và các điển hình tiên tiến được phong tặng, suy tôn từ sau Đại hội Thi đua yêu nước toàn quốc lần thứ X đến nay.
Về cơ cấu đại biểu, ngành kinh tế có 663 đại biểu (chiếm 32,7%); ngành an ninh, quốc phòng 338 đại biểu (chiếm 19,2%); ngành văn hóa, xã hội, giáo dục, y tế 640 đại biểu (chiếm 31,6%); các lĩnh vực khác 334 đại biểu, chiếm 16,5%. Bên cạnh đó, đại biểu cá nhân là 1.733, đại diện các tập thể là 292.
Phần lớn là các điển hình tiên tiến xuất sắc trong các phong trào thi đua yêu nước; chủ yếu là những người trực tiếp lao động, sản xuất, công tác trên các lĩnh vực kinh tế, văn hóa - xã hội, quốc phòng, an ninh của các bộ, ban, ngành, đoàn thể Trung ương và các tỉnh, thành phố, chiếm 65,5% tổng số đại biểu tham dự đại hội.
Trong số 2.025 đại biểu chính thức có 105 đại biểu là Chủ tịch Hội đồng Thi đua - Khen thưởng các bộ, ban, ngành, đoàn thể Trung ương, các tỉnh, thành phố trực thuộc Trung ương.
Bên cạnh đó, 139 đại biểu đại diện tập thể hoặc cá nhân Anh hùng Lực lượng vũ trang nhân dân, Anh hùng Lao động được phong tặng từ năm 2021 đến nay; 86 đại biểu đại diện Chiến sĩ thi đua toàn quốc được phong tặng từ năm 2021 đến nay; 36 đại biểu đại diện cá nhân tiêu biểu trong Học tập và làm theo tư tưởng, đạo đức, phong cách Hồ Chí Minh; 198 đại biểu là người dân tộc thiểu số (chiếm 9,8%); 41 đại biểu là người Việt Nam ở nước ngoài, người nước ngoài có công lao, đóng góp với Việt Nam.
Tham dự đại hội còn có 138 đại biểu tiêu biểu đại diện các ngành nghề, các lĩnh vực.
Như vậy, có 1.282 đại biểu là các điển hình tiên tiến xuất sắc trong các phong trào thi đua yêu nước, chủ yếu là người trực tiếp lao động sản xuất trên các lĩnh vực kinh tế, văn hóa xã hội, quốc phòng, an ninh của các bộ, ban, ngành, đoàn thể trung ương, các tỉnh, thành phố sẽ được vinh danh tại Đại hội.
Bên cạnh chương trình đại hội chính thức, nhiều hoạt động phong phú được tổ chức trước, trong và sau đại hội như: Triển lãm ảnh, trưng bày thành tựu phát triển kinh tế - xã hội; các hoạt động văn hóa, nghệ thuật; giao lưu, tôn vinh các điển hình tiên tiến, qua đó, tạo không khí thi đua sôi nổi, lan tỏa sâu rộng tinh thần thi đua yêu nước trong toàn xã hội.
14 đại biểu của Bộ Nội vụ dự Đại hội thi đua yêu nước
Bộ Nội vụ có 14 đại biểu vinh dự tham dự Đại hội thi đua yêu nước lần thứ XI, gồm:
Bộ trưởng Bộ Nội vụ Đỗ Thanh Bình - Phó Chủ tịch Thường trực Hội đồng Thi đua - Khen thưởng Trung ương.
Nguyên Chánh Văn phòng Bộ Nội vụ Vũ Đăng Minh.
Phó Vụ trưởng Vụ Chính quyền địa phương Nguyễn Thị Tú Thanh.
Vụ trưởng Vụ Tổ chức - Biên chế Vũ Hải Nam.
Vụ trưởng Vụ Chính quyền địa phương Phan Trung Tuấn.
Vụ trưởng Vụ Tổ chức phi chính phủ Thang Thị Hạnh.
Vụ trưởng Vụ Cải cách hành chính Phạm Minh Hùng.
Cục trưởng Cục Tiền lương vàBảo hiểmxã hội Phạm Trường Giang.
Cục trưởng Cục Việc làm Vũ Trọng Bình.
Giám đốc Trung tâm Công nghệ Thông tin Đỗ Chí Dũng.
Quyền Chánh Văn phòng Bộ Nội vụ Bùi Huy Tùng.
Tổng Biên tập Báo Dân trí Phạm Tuấn Anh.
Phó Vụ trưởng Vụ Hợp tác quốc tế Hà Thị Minh Đức.
Trưởng phòng Phòng Thi đua - Khen thưởng và Truyền thông, Văn phòng Bộ Đỗ Văn Phong.
Ảnh:Hải Long"
https://dantri.com.vn/noi-vu/to-chuc-lai-thon-xay-dung-che-do-voi-can-bo-khong-chuyen-trach-20260105191952622.htm,"Tổ chức lại thôn, xây dựng chế độ với cán bộ không chuyên trách","(Dân trí) - Bộ Nội vụ đang nghiên cứu xây dựng dự thảo Nghị định về tổ chức và hoạt động của thôn, tổ dân phố và một số chế độ, chính sách đối với người không chuyên trách.","Nội dung này thể hiện trong văn bản Bộ Nội vụ trả lời kiến nghị của cử tri tỉnh Tuyên Quang.
Trước đó, cử tri tỉnh này đề nghị Bộ Nội vụ tham mưu Chính phủ trình Ủy ban Thường vụ Quốc hội sớm ban hành quy định về tiêu chí phân loại đơn vị hành chính thay thế Nghị quyết số 1211/2016/UBTVQH13 của Ủy ban Thường vụ Quốc hội về tiêu chuẩn của đơn vị hành chính và phân loại đơn vị hành chính, có hiệu lực kể từ ngày 25/5/2016, được sửa đổi, bổ sung bởi Nghị quyết số 27/2022/UBTVQH15 ngày 21/9/2022 của Ủy ban Thường vụ Quốc hội.
Lý do, quy định về tiêu chuẩn đơn vị hành chính hiện không còn phù hợp do hợp nhất, sáp nhập đơn vị hành chính cấp tỉnh, cấp xã.
Cùng với đó, cử tri đề nghị ban hành văn bản thành lập và thống nhất toàn quốc về thôn, tổ dân phố theo nguyên lý dưới xã là thôn, dưới phường là tổ dân phố.
Bộ Nội vụ đang nghiên cứu xây dựng chế độ, chính sách với người hoạt động không chuyên trách (Ảnh minh họa: Toàn Vũ).
Về vấn đề này, Bộ Nội vụ cho biết, Luật Tổ chức chính quyền địa phương số 72/2025/QH15 quy định: “Phân loạiđơn vị hành chínhphải dựa trên các tiêu chí về quy mô dân số, diện tích tự nhiên, điều kiện phát triển kinh tế - xã hội và các yếu tố đặc thù của từng loại đơn vị hành chính ở nông thôn, đô thị, hải đảo theo quy định của Chính phủ”.
Cùng với đó, Chính phủ đã ban hành Nghị định số 307/2025/NĐ-CP ngày 27/11/2025 về phân loại đơn vị hành chính. Theo đó, tiêu chí phân loại đơn vị hành chính cấp tỉnh, cấp xã đã được quy định cụ thể tại Nghị định nêu trên.
Đối với tiêu chuẩn của đơn vị hành chính, Chính phủ đã trình Ủy ban Thường vụ Quốc hội hồ sơ dự thảo Nghị quyết về tiêu chuẩn của đơn vị hành chính.
Liên quan đến việc thành lập thôn, tổ dân phố, theo Bộ Nội vụ, thực hiện Kết luận số 186-KL/TW ngày 29/8/2025 của Bộ Chính trị, Ban Bí thư về tình hình, kết quả hoạt động của bộ máy hệ thống chính trị và chính quyền địa phương 2 cấp, trong đó có nội dung “khẩn trương ban hành quy định về tiêu chí và trình tự, thủ tục sắp xếp thôn, tổ dân phố”.
Ngày 31/8/2025, Chính phủ đã ban hành Nghị quyết số 268/NQ-CP về tình hình triển khai thực hiện và vận hành mô hình chính quyền địa phương 2 cấp, trong đó Bộ Nội vụ được giao chủ trì và phối hợp với các bộ, ngành liên quan, các địa phương xây dựng trình Chính phủ ban hành quy định về tiêu chí và trình tự, thủ tục sắp xếp thôn, tổ dân phố; hướng dẫn việc bố trí, sắp xếp người hoạt động không chuyên trách để các địa phương tổ chức thực hiện.
Hiện nay, Bộ Nội vụ đang nghiên cứu xây dựng dự thảo Nghị định về tổ chức và hoạt động của thôn, tổ dân phố và một số chế độ, chính sách đối với người hoạt động không chuyên trách để trình Chính phủ xem xét, quyết định.
Bộ Nội vụ ghi nhận kiến nghị của cử tri tỉnh Tuyên Quang để báo cáo cấp có thẩm quyền trong quá trình xây dựng, trình ban hành Nghị định này."
https://dantri.com.vn/noi-vu/quy-dinh-moi-ve-so-phong-chuyen-mon-va-pho-truong-phong-cap-xa-20260101204630062.htm,Quy định mới về số phòng chuyên môn và phó trưởng phòng cấp xã,"(Dân trí) - Từ 1/1/2026, số lượng phòng chuyên môn cấp xã được khống chế theo khung bình quân, số phó trưởng phòng tính theo nguyên tắc bình quân 2 cấp phó/phòng, thẩm quyền quyết định giao cho UBND cấp xã.","Chính phủ vừa ban hành Nghị định số 370/2025/NĐ-CP ngày 31/12/2025 sửa đổi, bổ sung một số điều của Nghị định số 150/2025/NĐ-CP ngày 12/6/2025 quy định tổ chức các cơ quan chuyên môn thuộc UBND tỉnh, thành phố trực thuộc trung ương và UBND xã, phường, đặc khu thuộc tỉnh, thành phố trực thuộc trung ương.
Mỗi xã không quá 4,5 phòng, tổ chức chuyên môn
Theo quy định mới, việc tổ chức phòng chuyên môn thuộc UBND cấp xã được thực hiện trên cơ sở các nhóm ngành, lĩnh vực và tiêu chí phân loại đơn vị hành chính.
Căn cứ quy mô dân số, diện tích tự nhiên, trình độ phát triển, điều kiện kinh tế - xã hội và các yếu tố đặc thù của từng địa phương, UBND cấp tỉnh quyết định khung số lượng và tên gọi các phòng chuyên môn áp dụng tại đơn vị hành chính cấp xã trong phạm vi quản lý.
Nghị định quy định bình quân số lượng tổ chức thuộc UBND cấp xã không vượt quá 4,5 tổ chức, bao gồm các phòng chuyên môn và Trung tâm phục vụ hành chính công. Riêng đối với thành phố Hà Nội và TPHCM, bình quân không vượt quá 4,7 tổ chức trên một đơn vị hành chính cấp xã.
Trường hợp đơn vị hành chính cấp xã không thành lập phòng chuyên môn, UBND cấp xã bố trí công chức chuyên môn để tham mưu, giúp quản lý nhà nước đối với các ngành, lĩnh vực theo quy định. Trung tâm phục vụ hành chính công cấp xã được tổ chức và hoạt động theo quy định của Chính phủ.
Bình quân số lượng tổ chức thuộc UBND cấp xã không vượt quá 4,5 (Ảnh: Trịnh Nguyễn).
Bình quân không quá 2 phó trưởng phòng thuộc UBND xã
Nghị định 370 quy định rõ người đứng đầu phòng chuyên môn thuộc UBND cấp xã là trưởng phòng, do chủ tịch UBND cấp xã bổ nhiệm, chịu trách nhiệm trước UBND cấp xã, chủ tịch UBND cấp xã và trước pháp luật về việc thực hiện chức năng, nhiệm vụ, quyền hạn của phòng.
Cấp phó của người đứng đầu phòng chuyên môn là phó trưởng phòng, giúp trưởng phòng chỉ đạo một số mặt công tác và chịu trách nhiệm trước trưởng phòng về nhiệm vụ được phân công. Khi trưởng phòng vắng mặt, phó trưởng phòng được trưởng phòng ủy quyền điều hành hoạt động của phòng.
Về số lượng, Nghị định quy định số lượng phó trưởng phòng được xác định theo nguyên tắc bình quân 2 cấp phó trên một phòng. Trên cơ sở quy định này và số lượng phòng chuyên môn được thành lập, UBND cấp xã quyết định cụ thể số lượng phó trưởng phòng của từng phòng chuyên môn thuộc phạm vi quản lý.
Việc bổ nhiệm, bổ nhiệm lại, kéo dài thời gian giữ chức vụ, miễn nhiệm, điều động, luân chuyển, khen thưởng, kỷ luật và thực hiện chế độ, chính sách đối với Trưởng phòng, phó trưởng phòng do chủ tịch UBND cấp xã quyết định theo quy định của pháp luật.
Thẩm quyền tổ chức và trách nhiệm của UBND cấp xã
Nghị định 370 giao UBND cấp xã trình HĐND cùng cấp quyết định việc thành lập, tổ chức lại, giải thể phòng chuyên môn và các tổ chức hành chính khác thuộc UBND cấp xã theo quy định của pháp luật.
UBND cấp xã có trách nhiệm quy định cụ thể chức năng, nhiệm vụ, quyền hạn của từng phòng chuyên môn, bảo đảm phù hợp với hướng dẫn của UBND cấp tỉnh và bộ quản lý ngành, lĩnh vực. Đồng thời, căn cứ số lượng phòng chuyên môn được thành lập và số lượng phó trưởng phòng bình quân theo quy định, UBND cấp xã quyết định số lượng phó trưởng phòng của từng phòng chuyên môn.
Hằng năm, UBND cấp xã báo cáo HĐND cấp xã (nếu có) và UBND cấp tỉnh về tình hình tổ chức và hoạt động của các phòng chuyên môn thuộc phạm vi quản lý.
Nghị định 370/2025/NĐ-CP có hiệu lực thi hành từ ngày 1/1/2026. Các quy định chuyển tiếp được áp dụng nhằm bảo đảm hoạt động của bộ máy hành chính cấp xã diễn ra liên tục, ổn định trong quá trình sắp xếp, kiện toàn tổ chức."
https://dantri.com.vn/noi-vu/thanh-hoa-co-tan-giam-doc-so-noi-vu-20251229163131927.htm,Thanh Hóa có tân Giám đốc Sở Nội vụ,"(Dân trí) - Ông Lê Ngọc Hợp, quyền Giám đốc Sở Nội vụ tỉnh Thanh Hóa vừa được Chủ tịch UBND tỉnh này bổ nhiệm giữ chức Giám đốc Sở Nội vụ.","Ngày 29/12, thông tin từ UBND tỉnh Thanh Hóa, ông Nguyễn Hoài Anh, Chủ tịch UBND tỉnh đã ký, ban hành quyết định bổ nhiệm Giám đốc Sở Nội vụ tỉnh Thanh Hóa.
Theo đó, tại quyết định số 4079/QĐ-UBND ngày 26/12, Chủ tịch UBND tỉnh Thanh Hóa quyết định bổ nhiệm ông Lê Ngọc Hợp, quyền Giám đốc Sở Nội vụ tỉnh Thanh Hóa giữ chức Giám đốc Sở Nội vụ. Thời gian bổ nhiệm là 5 năm, có hiệu lực kể từ ngày ký.
Ông Lê Ngọc Hợp (thứ 3 từ trái qua) tại Kỳ họp thứ 38, HĐND tỉnh Thanh Hóa khóa XVIII (Ảnh: Quốc Hương).
Ông Lê Ngọc Hợp (SN 1979) quê xã Thiệu Hóa, tỉnh Thanh Hóa. Ông Hợp từng giữ các chức vụ như: Phó chánh Văn phòng HĐND tỉnh Thanh Hóa; Bí thư Huyện ủy Nga Sơn (cũ).
Sau khi chính quyền 2 cấp đi vào vận hành, ông Lê Ngọc Hợp là Bí thư Đảng ủy, Chủ tịch HĐND xã Nga Sơn.
Đầu tháng 10, ông Hợp được điều động, bổ nhiệm giữ chức Phó giám đốc Sở Nội vụ tỉnh Thanh Hóa, sau đó giữ quyền Giám đốc Sở Nội vụ tỉnh Thanh Hóa."
https://dantri.com.vn/noi-vu/kien-nghi-tang-muc-phu-cap-cua-truong-thon-vi-khoi-luong-cong-viec-lon-20251222085457649.htm,Kiến nghị tăng mức phụ cấp của trưởng thôn vì khối lượng công việc lớn,"(Dân trí) - Bộ Nội vụ đang khẩn trương đánh giá hoạt động của thôn, tổ dân phố để xây dựng dự thảo Nghị định quy định về tổ chức, hoạt động của cấp này.","Bộ Nội vụ đã nhận được kiến nghị của cử tri tỉnh Ninh Bình do Ủy ban Dân nguyện và Giám sát của Quốc hội chuyển đến. Theo đó, cử tri kiến nghị quan tâm hoàn thiện chính sách đối với cán bộ, công chức cấp xã vàngười hoạt động không chuyên tráchở thôn, xóm.
Hiện nay, sau khi triển khai mô hình chính quyền địa phương 2 cấp, khối lượng công việc tại cơ sở ngày càng tăng, yêu cầu nhiệm vụ ngày càng cao, trong khi chế độ đãi ngộ, thu nhập và phụ cấp đối với lực lượng này còn thấp, chưa tương xứng với trách nhiệm được giao.
Điều này gây khó khăn trong công tác thu hút, giữ chân người có năng lực, tâm huyết làm việc lâu dài tại cơ sở.
Cử tri đề nghị điều chỉnh tăng mức phụ cấp, hoàn thiện chính sách đối với người hoạt động không chuyên trách ở thôn, xóm, đảm bảo phù hợp với tính chất công việc và mức độ đóng góp thực tế, đồng thời sớm ban hành hướng dẫn cụ thể về việc sắp xếp tổ chức, các hội quần chúng và chế độ, chính sách đối với cán bộ cơ sở sau sáp nhập, tinh gọn bộ máy.
Cử tri kiến nghị tăng phụ cấp của người hoạt động không chuyên trách ở thôn (Ảnh minh họa: Sơn Nguyễn).
Về nội dung này, Bộ Nội vụ cho biết, thực hiện Quyết định số 1589/QĐ-TTg, Bộ Nội vụ được giao xây dựng dự thảo Nghị định quy định về tổ chức, hoạt động của thôn, tổ dân phố và các chế độ, chính sách đối với người hoạt động không chuyên trách ở thôn, tổ dân phố.
Theo đó, Bộ Nội vụ đã có văn bản số 7238/BNV-CQĐP đề nghị các địa phương tổng kết, đánh giá việc thực hiện các quy định về tổ chức, hoạt động của thôn, tổ dân phố và chế độ, chính sách đối với người hoạt động không chuyên trách ở thôn, tổ dân phố.
Trên cơ sở báo cáo của các địa phương, Bộ Nội vụ đang khẩn trương triển khai tổng kết, đánh giá tình hình tổ chức, hoạt động của thôn, tổ dân phố và việc thực hiện chế độ, chính sách đối với người hoạt động không chuyên trách ở thôn, tổ dân phố, làm cơ sở cho việc xây dựng dự thảo Nghị định quy định về tổ chức, hoạt động của thôn, tổ dân phố và các chế độ, chính sách đối với người hoạt động không chuyên trách ở thôn, tổ dân phố trình Chính phủ xem xét, quyết định gắn với lộ trình kéo dài việc sử dụng người hoạt động không chuyên trách phù hợp với thời điểm sắp xếp lại thôn, tổ dân phố (trước ngày 31/5/2026) theo đúng Kết luận số 163-KL/TW của Bộ Chính trị, Ban Bí thư.
Liên quan đến việc sáp nhập, hợp nhất các hội quần chúng (không phải là do Đảng, Nhà nước giao nhiệm vụ) ở địa phương, Nghị định số 126/2024/NĐ-CP đã có quy định về chia, tách, sáp nhập, hợp nhất và giải thể hội khi thay đổi địa giới hành chính.
Bên cạnh đó, Nghị định số 129/2025/NĐ-CP cũng có quy định về thẩm quyền giải quyết thủ tục hành chính đối với hội có phạm vi hoạt động trong xã thuộc thẩm quyền của chủ tịch UBND cấp xã.
Bộ Nội vụ đã kịp thời ban hành công văn số 1911/BNV-TCPCP ngày 29/4/2025 gửi UBND tỉnh, thành phố trực thuộc Trung ương về một số nội dung liên quan đến sáp nhập các hội quần chúng (không phải hội do Đảng, Nhà nước giao nhiệm vụ) hoạt động phạm vi tỉnh, xã.
Theo đó, về thẩm quyền, hồ sơ, trình tự, thủ tục sáp nhập, hợp nhất các hội quần chúng ở địa phương thực hiện theo quy định nêu trên và văn bản hướng dẫn của Bộ Nội vụ.
Việc sáp nhập, hợp nhất các Hội do Đảng, Nhà nước giao nhiệm vụ ở địa phương thực hiện theo Kết luận số 174 - KL/TW, Kết luận số 177- KL/TW và Kết luận số 178-KL/TW của Bộ Chính trị; văn bản số 59-CV/BCĐ của Ban Chỉ đạo Trung ương về tổng kết Nghị quyết số 18-NQ/TW; Hướng dẫn số 05/HD-MTTW-BTT của Ban Thường trực Uỷ ban Trung ương Mặt trận Tổ quốc Việt Nam về việc tiếp tục thực hiện sắp xếp, tinh gọn, hợp nhất các Hội quần chúng do Đảng, Nhà nước giao nhiệm vụ ở tỉnh, xã.
Theo đó, các Hội do Đảng, Nhà nước giao nhiệm vụ ở tỉnh, xã báo cáo Uỷ ban Mặt trận Tổ quốc Việt Nam cùng cấp để được hướng dẫn thực hiện sáp nhập, hợp nhất, sắp xếp, tinh gọn theo chủ trương của Đảng và quy định nêu trên nhằm bảo đảm thống nhất, thuận lợi trong tổ chức và hoạt động của các hội ở địa phương.
Hiện nay, mức phụ cấp hơn 14 triệu đồng/tháng áp dụng với không quá 3 chức danh gồm Bí thư chi bộ, trưởng thôn hoặc tổ trưởng tổ dân phố, trưởng ban công tác Mặt trận."
https://dantri.com.vn/noi-vu/ky-vong-nguoi-gac-cong-the-che-xung-dang-la-dau-moi-phap-ly-tin-cay-20260108171022502.htm,"Kỳ vọng ""người gác cổng thể chế"" xứng đáng là đầu mối pháp lý tin cậy","(Dân trí) - Ghi nhận kết quả đạt được của Vụ Pháp chế, Thứ trưởng Bộ Nội vụ Cao Huy cho biết Vụ đã đóng góp quan trọng vào công tác xây dựng pháp luật, tham mưu giải quyết các vấn đề pháp lý phức tạp của Bộ.","Vụ Pháp chế, Bộ Nội vụ tổ chức lễ kỷ niệm 20 năm Ngày thành lập Vụ Pháp chế (10/1/2006-10/1/2026) chiều 8/1.
Phát biểu tại buổi lễ, Thứ trưởng Bộ Nội vụ Cao Huy khái quát, 20 năm hình thành và phát triển Vụ Pháp chế là một dấu mốc quan trọng để nhìn lại chặng đường đã qua, ghi nhận những nỗ lực, đóng góp bền bỉ của các thế hệ cán bộ làm công tác pháp chế qua các thời kỳ, đồng thời xác định rõ hơn yêu cầu, nhiệm vụ trong giai đoạn tới.
Toàn cảnh lễ kỷ niệm (Ảnh: Hải Long).
Từ những ngày đầu thành lập, Vụ gặp nhiều khó khăn vềtổ chức bộ máy, nhân lực. Tuy nhiên với sự nỗ lực không ngừng, Thứ trưởng Bộ Nội vụ cho rằng Vụ đã từng bước trưởng thành, phát triển, xác định vị trí, vai trò quan trọng trong công tác thẩm định, có ý kiến trong xây dựng thể chế đa ngành, đa lĩnh vực của Bộ, cũng như các bộ ngành khác.
""Những kết quả đó đã đóng góp quan trọng vào công tác xây dựng pháp luật, tham mưu giải quyết các vấn đề pháp lý phức tạp của Bộ Nội vụ"", Thứ trưởng Cao Huy nhấn mạnh.
Một dấu mốc quan trọng trong chặng đường phát triển của Vụ Pháp chế, Thứ trưởng Bộ Nội vụ nhắc đến là việc sáp nhập hai Vụ Pháp chế của Bộ Lao động – Thương binh và Xã hội trước đây với Bộ Nội vụ từ ngày 1/3/2025. Từ đó, hình thành một đầu mối thống nhất trong tham mưu xây dựng pháp luật của Bộ.
Thứ trưởng Bộ Nội vụ Cao Huy phát biểu (Ảnh: Hải Long).
Việc sáp nhập này đặt ra không ít khó khăn, thách thức, song cũng mở ra cơ hội để tăng cường tính chuyên nghiệp, phát huy kinh nghiệm, thế mạnh của các Vụ Pháp chế trước đây.
Ngay sau khi sáp nhập, tập thể Vụ Pháp chế đã nhanh chóng ổn định tổ chức, giữ vững đoàn kết nội bộ, chủ động thích ứng với yêu cầu mới, từng bước nâng cao chất lượng, hiệu quả trong công tác tham mưu.
Để góp phần hoàn thiện hệ thống thể chế về lĩnh vực nội vụ nói riêng, hệ thống pháp luật nói chung; đặc biệt trong bối cảnh triển khai thực hiện mô hình chính quyền địa phương 2 cấp, Thứ trưởng Bộ Nội vụ yêu cầu hơn bao giờ hết, Vụ Pháp chế - đơn vị tham mưu, giúp việc Bộ trưởng về thể chế - cần phát huy tinh thần đoàn kết, đổi mới mạnh mẽ tư duy, không ngừng nâng cao năng lực chuyên môn, chủ động tham mưu kịp thời, có chất lượng cho lãnh đạo Bộ.
Lãnh đạo Bộ Nội vụ tặng quà cho các cán bộ hưu trí (Ảnh: Hải Long).
Đặc biệt, Thứ trưởng Cao Huy đề nghị mỗi cán bộ pháp chế đều phải luôn giữ vững và lan tỏa những giá trị cốt lõi của nghề: Vững về chuyên môn, am hiểu về thực tiễn quản lý nhà nước, có tinh thần trách nhiệm cao trong thực thi công vụ, đạo đức công vụ, “dám đảm đương với khó khăn và thử thách”.
Tập thể cán bộ Vụ Pháp chế dù trong bất kỳ vị trí công tác nào cần xác định tham mưu cho Bộ trong mỗi văn bản quy phạm pháp luật được ban hành phải là một sản phẩm chất lượng, trí tuệ, uy tín nghề nghiệp.
Đồng thời, Thứ trưởng cũng đề nghị Vụ phải luôn chủ động phối hợp chặt chẽ với các đơn vị trong và ngoài Bộ, cũng như các cơ quan pháp chế bộ ngành liên quan nhằm bảo đảm công tác pháp chế được triển khai đồng bộ, thống nhất.
""Trong thời gian tới, Bộ Nội vụ, cùng các cơ quan, đơn vị trong và ngoài Bộ sẽ tiếp tục dành sự quan tâm sâu sắc, chỉ đạo thống nhất và tạo mọi điều kiện thuận lợi để công tác pháp chế xứng đáng với vai trò là đầu mối pháp lý thống nhất của Bộ, là “người gác cổng thể chế”, là chỗ dựa pháp lý tin cậy cho lãnh đạo Bộ và các đơn vị thuộc Bộ, góp phần xây dựng nền hành chính chuyên nghiệp, hiện đại, liêm chính, phục vụ nhân dân"", Thứ trưởng Cao Huy nhấn mạnh.
Vụ trưởng Vụ Pháp chế Nguyễn Văn Thủy cho biết, thời gian qua, chất lượng thẩm định, tham gia góp ý chính sách cho các văn bản quy phạm pháp luật theo đề nghị của các đơn vị trong và ngoài Bộ ngày càng được nâng cao, thông tin thẩm định, góp ý của Vụ đang dần trở thành căn cứ tin cậy cho lãnh đạo Bộ xem xét, quyết định ban hành văn bản.
Vụ trưởng Vụ Pháp chế Nguyễn Văn Thủy (Ảnh: Hải Long).
Chỉ tính riêng năm 2025, Vụ Pháp chế đã chủ trì nghiên cứu, phối hợp với các đơn vị liên quan tham mưu cho Bộ trưởng, lãnh đạo Bộ văn bản tham gia ý kiến đối với hơn 600 văn bản quy phạm pháp luật theo đề nghị của Bộ, ngành và đơn vị thuộc, trực thuộc Bộ, qua đó góp phần quan trọng bảo đảm tính hợp Hiến, hợp pháp, thống nhất, đồng bộ, khả thi của hệ thống pháp luật."
https://dantri.com.vn/noi-vu/nguoi-dan-phan-anh-can-bo-nhan-nho-tho-o-dia-phuong-chan-chinh-20260107151517094.htm,"Người dân phản ánh cán bộ “nhăn nhó, thờ ơ”, địa phương chấn chỉnh","(Dân trí) - Xã Vạn Thắng (Khánh Hòa) đã nhắc nhở cán bộ, công chức làm việc tại bộ phận một cửa sau khi người dân phản ánh về thái độ thiếu thân thiện trong quá trình tiếp nhận, giải quyết thủ tục hành chính.","Ngày 7/1, lãnh đạo UBND xã Vạn Thắng cho biết địa phương đã ban hành văn bản phúc đáp đơn phản ánh của ông T.V.N. (trú tại phường Tây Nha Trang, tỉnh Khánh Hòa) liên quan quy trình giải quyết thủ tục cải chính hộ tịch và thái độ phục vụ tại bộ phận một cửa của xã.
Trước đó, ông N. phản ánh ngày 21/12/2025, ông đến bộ phận một cửa UBND xã Vạn Thắng để thực hiện thủ tục cải chính giấy khai tử do ghi sai họ tên người đã mất (ghi T.X. trong khi tên đúng là T.S.).
Người dân đến thực hiện thủ tục hành chính tại một địa phương cấp xã ở tỉnh Khánh Hòa (Ảnh minh họa: Trung Thi).
Theo ông N., hồ sơ hộ tịch này do chính UBND xã Vạn Thắng đăng ký và cấp trích lục, căn cứ từ sổ hộ tịch gốc. Do đó, việc kiểm tra, xác minh và cải chính sai sót thuộc thẩm quyền của UBND xã theo quy định của Luật Hộ tịch.
Tuy nhiên, thay vì thực hiện đúng chức năng, UBND xã Vạn Thắng lại yêu cầu ông N. đến Công an xã để xác nhận “thông tin”, trong khi người đã mất từ năm 2004 và Công an xã cũng khẳng định không còn dữ liệu lưu trữ.
Ông N. cho rằng, việc yêu cầu một loại giấy tờ không tồn tại trên thực tế, rồi lấy lý do đó để không giải quyết hồ sơ cho người dân được cho là máy móc, thiếu trách nhiệm, không đúng quy định pháp luật; thể hiện sự đùn đẩy trách nhiệm sang cơ quan khác, gây khó khăn và kéo dài thời gian giải quyết thủ tục hành chính.
Theo phản ánh, dù ông N. đã cung cấp đầy đủ giấy tờ hợp pháp như trích lục khai tử, giấy đăng ký kết hôn, sổ hộ tịch, bia mộ và căn cước công dân của con ruột người đã mất để chứng minh quan hệ nhân thân, UBND xã vẫn không hỗ trợ giải quyết theo bản chất là cải chính sai sót hộ tịch do lỗi ghi chép.
Ông N. còn cho rằng trong quá trình làm việc tại bộ phận một cửa UBND xã Vạn Thắng, thái độ tiếp dân của cán bộ, công chức chưa chuẩn mực, thiếu thiện chí hỗ trợ, có biểu hiện nhăn nhó, thờ ơ, không giải thích rõ ràng, khiến người dân bức xúc, mệt mỏi khi thực hiện quyền và nghĩa vụ hành chính chính đáng.
Sau đó, ông N. đã phản ánh vụ việc lên hệ thống phản ánh, kiến nghị của UBND tỉnh Khánh Hòa.
Văn bản phúc đáp của UBND xã Vạn Thắng xác nhận ông N. có đến làm thủ tục hành chính tại bộ phận một cửa của địa phương.
UBND xã Vạn Thắng cho rằng tại thời điểm làm việc, bộ phận tiếp nhận và trả kết quả đã hướng dẫn đầy đủ, cụ thể về thành phần hồ sơ, trình tự, thủ tục thay đổi, cải chính, bổ sung thông tin hộ tịch theo quy định hiện hành. Ông N. đồng ý với hướng dẫn, tuy nhiên chưa thực hiện nộp hồ sơ nên cơ quan có thẩm quyền chưa có cơ sở tiếp nhận và giải quyết.
Lãnh đạo UBND xã Vạn Thắng đề nghị ông N. khi có nhu cầu thực hiện thủ tục cải chính, thay đổi, bổ sung hộ tịch liên hệ Trung tâm Phục vụ hành chính công xã Vạn Thắng để được hướng dẫn và nộp hồ sơ theo đúng quy định; địa phương sẽ xem xét, chỉ đạo giải quyết đúng thẩm quyền.
Đối với phản ánh về thái độ phục vụ, UBND xã Vạn Thắng tiếp thu ý kiến của ông T.V.N., đồng thời đã nhắc nhở cán bộ, công chức tại bộ phận tiếp nhận và trả kết quả nâng cao tinh thần trách nhiệm, thái độ phục vụ, giải thích rõ ràng, tạo thuận lợi cho người dân khi thực hiện thủ tục hành chính."
https://dantri.com.vn/noi-vu/keo-dai-nhiem-ky-voi-truong-thon-to-truong-dan-pho-20260105154515185.htm,"Kéo dài nhiệm kỳ với trưởng thôn, tổ trưởng dân phố","(Dân trí) - UBND tỉnh Đồng Nai vừa có văn bản chỉ đạo về việc kéo dài nhiệm kỳ hoặc cử trưởng thôn, trưởng ấp, tổ trưởng khu phố lâm thời trên địa bàn tỉnh.","Nội dung quy định thể hiện tại Công văn số 12917 của UBND tỉnh. Theo đó, đối với các thôn, ấp, khu phố tại các xã, phường có nhiệm kỳ kết thúc trong năm 2025 và 2026, UBND tỉnh yêu cầu tạm thời chưa tổ chức bầu trưởng thôn, ấp, khu phố. Cùng với quyết định này, Đồng Nai thực hiện kéo dài nhiệm kỳ đối với các trưởng thôn, ấp, khu phố đương nhiệm.
Trường hợp thôn, ấp, khu phố khuyết chức danh trưởng thôn, ấp, khu phố, UBND tỉnh giao chủ tịch UBND cấp xã xem xét, quyết định việc cử trưởng thôn, ấp, khu phố lâm thời theo quy định.
Đối với các thôn, ấp, khu phố đã có quyết định cử trưởng thôn, ấp, khu phố lâm thời, chủ tịch UBND cấp xã có trách nhiệm rà soát, xem xét để quyết định tiếp tục cử lâm thời hoặc kéo dài nhiệm kỳ, bảo đảm đúng quy định.
Thời gian kéo dài nhiệm kỳ hoặc cử trưởng thôn, ấp, khu phố lâm thời được thực hiện cho đến khi có quy định mới của cơ quan có thẩm quyền."
https://dantri.com.vn/noi-vu/so-luong-cap-pho-trong-co-quan-hanh-chinh-duoc-xac-dinh-ra-sao-20260106105808015.htm,Số lượng cấp phó trong cơ quan hành chính được xác định ra sao?,"(Dân trí) - Từ ngày 1/1, Nghị định 370/2025/NĐ-CP quy định cụ thể nguyên tắc xác định số lượng cấp phó trong cơ quan hành chính, gắn với quy mô tổ chức, cấp quản lý và thẩm quyền quyết định của từng cấp.","Nguyên tắc chung: Không vượt cấp trên, gắn với quy mô tổ chức
Nghị định 370/2025/NĐ-CP sửa đổi, bổ sung quy định về tổ chức các cơ quan chuyên môn thuộc UBND các cấp, trong đó làm rõ cách xác định số lượng cấp phó trong hệ thống hành chính nhà nước.
Theo Nghị định, số lượng cấp phó phải tuân theo các nguyên tắc thống nhất.
Cụ thể, số lượng cấp phó của một cơ quan chuyên môn không được vượt quá số lượng cấp phó của cơ quan cấp trên trực tiếp. Các cơ quan cùng cấp, nếu không có tổ chức trực thuộc bên trong, thì số lượng cấp phó tối đa không được nhiều hơn cơ quan có tổ chức bên trong. Việc xác định cấp phó phải bảo đảm tương xứng với chức năng, nhiệm vụ và quy mô tổ chức của từng cơ quan.
Cấp phó là người giúp việc cho người đứng đầu, chịu trách nhiệm trước người đứng đầu và trước pháp luật về nhiệm vụ được phân công; trong trường hợp cần thiết, cấp phó được ủy quyền điều hành hoạt động của cơ quan khi người đứng đầu vắng mặt.
Số lượng cấp phó của một cơ quan chuyên môn không được vượt quá số lượng cấp phó của cơ quan cấp trên trực tiếp (Ảnh minh họa: Hoài Sơn).
Số lượng cấp phó gắn với hợp nhất và cơ cấu bên trong
Đối với cấp tỉnh, Nghị định 370 quy định mỗi sở được bố trí bình quân 3 phó giám đốc. Trường hợp sở được hình thành từ việc hợp nhất, sáp nhập các sở hoặc tổ chức tương đương sở thì được bố trí thêm phó giám đốc, tùy theo số lượng đơn vị hợp nhất. Riêng Hà Nội và TPHCM, căn cứ quy mô quản lý và yêu cầu nhiệm vụ, được bố trí thêm không quá 10 phó giám đốc sở ngoài khung chung.
Ở cấp chi cục, số lượng phó chi cục trưởng được xác định theo cơ cấu tổ chức bên trong. Chi cục có từ 1 đến 3 phòng được bố trí 1 phó chi cục trưởng; chi cục không có phòng hoặc có từ 4 phòng trở lên được bố trí tối đa 2 phó chi cục trưởng. Trường hợp chi cục được hợp nhất, sáp nhập, số lượng cấp phó được xem xét trong giai đoạn chuyển tiếp và từng bước sắp xếp về đúng khung theo quy định.
Cấp phó gắn với biên chế và số phòng chuyên môn
Nghị định 370 cũng quy định rõ số lượng cấp phó ở cấp phòng và cấp xã. Đối với phòng chuyên môn thuộc sở hoặc chi cục, số lượng phó trưởng phòng được xác định theo biên chế. Phòng có dưới 10 biên chế được bố trí 1 phó trưởng phòng; từ 10 đến 14 biên chế được bố trí không quá 2 phó trưởng phòng; từ 15 biên chế trở lên được bố trí không quá 3 phó trưởng phòng.
Ở cấp xã, cấp phó của người đứng đầu phòng chuyên môn là phó trưởng phòng. Số lượng phó trưởng phòng được xác định theo nguyên tắc bình quân 2 phó trưởng phòng trên một phòng chuyên môn. Trên cơ sở số lượng phòng chuyên môn được thành lập, UBND cấp xã quyết định cụ thể số lượng phó trưởng phòng, bảo đảm tuân thủ khung quy định.
Việc bổ nhiệm, bổ nhiệm lại, miễn nhiệm, điều động, luân chuyển, khen thưởng, kỷ luật đối với cấp phó được thực hiện theo thẩm quyền của chủ tịch UBND cùng cấp.
Đối với các cơ quan đang có số lượng cấp phó cao hơn khung quy định trước thời điểm Nghị định có hiệu lực, Nghị định cho phép áp dụng cơ chế chuyển tiếp để bảo đảm hoạt động ổn định, đồng thời thực hiện sắp xếp theo lộ trình đưa số lượng cấp phó về đúng khung.
Nghị định 370/2025/NĐ-CP có hiệu lực từ ngày 1/1/2026, là căn cứ để các địa phương rà soát, kiện toàn tổ chức bộ máy và xác định số lượng cấp phó trong cơ quan hành chính từ tỉnh đến xã theo nguyên tắc thống nhất."
https://dantri.com.vn/noi-vu/se-tu-van-giai-quyet-thu-tuc-hanh-chinh-cho-nguoi-dan-ngay-tai-quan-ca-phe-20260104205209620.htm,"Sẽ tư vấn, giải quyết thủ tục hành chính cho người dân ngay tại quán cà phê","(Dân trí) - Thay vì đến trụ sở UBND xã, người dân Ân Hảo (Gia Lai) có thể vừa uống cà phê sáng, vừa được cán bộ hỗ trợ làm thủ tục hành chính qua mô hình “cà phê dịch vụ công”, xóa khoảng cách ""quan - dân"".","Ngày 4/1, ông Võ Duy Tín, Chủ tịch UBND xã Ân Hảo (tỉnh Gia Lai), cho biết địa phương đang chuẩn bị triển khai mô hình “cà phê dịch vụ công” giai đoạn 2026-2027, nhằm “mềm hóa” hoạt động hành chính, hướng tới xây dựng chính quyền thân thiện, vì dân phục vụ.
Theo kế hoạch, từ tháng 6, vào sáng thứ bảy hàng tuần (7h30-11h), một số quán cà phê tại trung tâm xã sẽ trở thành điểm hỗ trợ người dân thực hiện dịch vụ công trực tuyến.
Ông Lâm Hải Giang (thứ hai bên phải qua), Phó Chủ tịch UBND tỉnh Gia Lai, kiểm tra công tác vận hành cấp xã tại xã Ân Hảo (Ảnh: Công Sơn).
Khung giờ này phù hợp với người lao động, hộ kinh doanh bận rộn trong giờ hành chính, giúp việc giải quyết thủ tục trở nên thuận tiện hơn.
Tại các điểm cà phê, UBND xã thành lập tổ hỗ trợ lưu động gồm lãnh đạo xã, công chức chuyên môn, công an xã và đoàn viên thanh niên. Người dân được hướng dẫn tạo tài khoản dịch vụ công, nộp hồ sơ trực tuyến, kích hoạt VNeID mức 2, giải quyết vướng mắc về cư trú; thậm chí nhận kết quả ngay tại quán nếu hồ sơ đã hoàn tất.
Theo UBND xã Ân Hảo, mô hình ra đời từ thực tế còn nhiều khó khăn trong cải cách hành chính như không gian “một cửa” còn cứng nhắc, giờ làm việc trùng với giờ lao động của người dân, cán bộ quá tải nên khó hướng dẫn chi tiết.
Đoàn viên thanh niên hỗ trợ người dân làm thủ tục hành chính tại xã Ân Hảo, tỉnh Gia Lai (Ảnh: Công Sơn).
Việc đưa dịch vụ công ra không gian xã hội hóa như quán cà phê không chỉ giúp tiết kiệm ngân sách, mà còn tạo môi trường gần gũi, xóa dần khoảng cách giữa “quan” và “dân”, huy động sự tham gia của nhiều lực lượng cùng phục vụ người dân.
Mục tiêu trong năm nay, mô hình phấn đấu hỗ trợ ít nhất 300 hồ sơ trực tuyến, trên 95% người dân đánh giá hài lòng và rất hài lòng. Sau 6 tháng thí điểm tại 1-2 quán cà phê trung tâm, xã sẽ đánh giá để nhân rộng.
“Cà phê dịch vụ công” không chỉ là một sáng kiến cải cách hành chính, mà còn thể hiện cách làm mới của chính quyền cơ sở: thân thiện, hiện đại và gần dân."
https://dantri.com.vn/noi-vu/dieu-dong-can-bo-quan-ly-du-an-sang-lam-giao-duc-chu-tich-da-nang-noi-gi-20251231141324128.htm,Điều động cán bộ quản lý dự án sang làm giáo dục: Chủ tịch Đà Nẵng nói gì?,"(Dân trí) - Chủ tịch UBND thành phố Đà Nẵng nhận định, dù có ý kiến băn khoăn khi điều động cán bộ làm tốt lĩnh vực dự án sang ngành giáo dục, nhưng thành phố xác định đây là bước đào tạo, rèn luyện dài hạn.","Ngày 31/12, ông Nguyễn Minh Huy, Giám đốc Ban quản lý dự án đầu tư xây dựng công trình giao thông và nông nghiệp Đà Nẵng đã được UBND thành phố điều động giữ chức Phó Giám đốc Sở Giáo dục và Đào tạo.
Tại hội nghị công bố quyết định điều động, ông Phạm Đức Ấn, Chủ tịch UBND thành phố Đà Nẵng, cho biết đây là cán bộ trẻ, năng động, có năng lực quản lý tài chính, dự án, từng giúp đơn vị đạt tỷ lệ giải ngân vượt kế hoạch, được đánh giá hoàn thành xuất sắc nhiệm vụ.
Ông Nguyễn Minh Huy (ngoài cùng bên trái) được điều động giữ chức Phó Giám đốc Sở Giáo dục và Đào tạo thành phố Đà Nẵng (Ảnh: Hoài Sơn).
Theo ông Ấn, dù có ý kiến băn khoăn khi điều động một cán bộ đang làm tốt lĩnh vực dự án sang ngành giáo dục, nhưng lãnh đạo thành phố xác định đây là bước đào tạo, rèn luyện dài hạn theo hướng quản lý nhà nước.
“Trong bối cảnh Sở Giáo dục và Đào tạo đang thiếu phó giám đốc phụ trách tài chính, kỹ thuật, cơ sở vật chất, ông Huy được kỳ vọng sẽ tham mưu hiệu quả cho việc đầu tư hạ tầng trường lớp trên địa bàn”, ông Ấn nhấn mạnh.
Đối với ông Nguyễn Văn Thường, Giám đốc Ban quản lý dự án công trình giao thông Quảng Nam, được bổ nhiệm làm Giám đốc Ban quản lý dự án đầu tư xây dựng công trình giao thông và nông nghiệp Đà Nẵng, ông Ấn đánh giá đây là cán bộ có chuyên môn sâu, phù hợp lĩnh vực dự án.
Nhiệm vụ trọng tâm của ông Thường trong thời gian tới là tổ chức lập, triển khai các dự án, nhất là khu vực phía Tây và Tây Nam thành phố, bảo đảm tiến độ giải ngân đầu tư công, không để chậm trễ.
Về phương án sáp nhập các Ban quản lý dự án, theo ông Ấn, thành phố lựa chọn tổ chức theo chuyên ngành, giữ nguyên pháp nhân các ban, chỉ sắp xếp lại bộ máy bên trong để tránh phát sinh thủ tục hành chính, bảo đảm công việc không bị gián đoạn.
Chủ tịch UBND thành phố Đà Nẵng cũng nhấn mạnh “từ khóa” của giai đoạn này là làm nhanh, quyết liệt và khẩn trương; kiên quyết thay thế cán bộ, kể cả cấp trưởng và cấp phó, nếu không đáp ứng yêu cầu nhiệm vụ.
“Các đơn vị mới phải đoàn kết, phối hợp chặt chẽ, coi việc chuyển tiếp bộ máy như một “chiến dịch đặc biệt” để hoàn tất thủ tục, quyết toán, giải ngân đúng quy định”, ông Ấn chỉ đạo.
Bà Trần Thị Kim Hoa, Giám đốc Sở Nội vụ thành phố Đà Nẵng, cho hay UBND thành phố sắp xếp 5 ban quản lý dự án thành 3 ban chuyên ngành, hoạt động từ ngày 1/1/2026.
Sáp nhập Ban quản lý dự án đầu tư xây dựng Quảng Nam vào Ban quản lý dự án đầu tư xây dựng công trình dân dụng công nghiệp và hạ tầng kỹ thuật Đà Nẵng, ông Nguyễn Hữu Nhật tiếp tục giữ chức giám đốc.
Sáp nhập Ban quản lý dự án công trình giao thông Quảng Nam vào Ban quản lý dự án đầu tư xây dựng công trình giao thông và nông nghiệp Đà Nẵng, ông Nguyễn Văn Thường giữ chức giám đốc.
Ban quản lý dự án đầu tư xây dựng cơ sở hạ tầng ưu tiên Đà Nẵng được giữ nguyên trạng."
https://dantri.com.vn/noi-vu/da-nang-co-bien-dong-nhan-su-vao-ngay-cuoi-nam-20251231085654188.htm,Đà Nẵng có biến động nhân sự vào ngày cuối năm,"(Dân trí) - Thành phố Đà Nẵng sáp nhập, sắp xếp 5 ban quản lý dự án thành 3 ban chuyên ngành. Một giám đốc ban quản lý được điều động giữ chức phó giám đốc sở.","Sáng 31/12, UBND thành phố Đà Nẵng tổ chức hội nghị công bố quyết định tổ chức bộ máy và công tác cán bộ.
Bà Trần Thị Kim Hoa, Giám đốc Sở Nội vụ thành phố Đà Nẵng, cho hay UBND thành phố sắp xếp 5 ban quản lý dự án thành 3 ban chuyên ngành, hoạt động từ ngày 1/1/2026.
Chủ tịch UBND thành phố Đà Nẵng trao quyết định bổ nhiệm cho các nhân sự (Ảnh: Hoài Sơn).
Đà Nẵng cũng sắp xếp, bố trí cán bộ tại các ban quản lý dự án khu vực về trung tâm cung ứng dịch vụ sự nghiệp công cấp phường, xã để tiếp tục triển khai các dự án được thông suốt, liền mạch.
Thành phố quyết định sáp nhập Ban quản lý dự án đầu tư xây dựng Quảng Nam vào Ban quản lý dự án đầu tư xây dựng công trình dân dụng công nghiệp và hạ tầng kỹ thuật Đà Nẵng. Ông Nguyễn Hữu Nhật tiếp tục giữ chức giám đốc.
Sáp nhập Ban quản lý dự án công trình giao thông Quảng Nam vào Ban quản lý dự án đầu tư xây dựng công trình giao thông và nông nghiệp Đà Nẵng. Ông Nguyễn Văn Thường, giữ chức giám đốc.
Hội nghị cũng công bố quyết định tiếp nhận, bổ nhiệm ông Nguyễn Minh Huy, Giám đốc Ban quản lý dự án đầu tư xây dựng công trình giao thông và nông nghiệp Đà Nẵng, giữ chức Phó Giám đốc Sở Giáo dục và Đào tạo thành phố Đà Nẵng.
Cũng tại hội nghị, UBND thành phố Đà Nẵng công bố quyết định bổ nhiệm 8 phó giám đốc của 2 ban quản lý.
Như vậy, sau khi sắp xếp, thành phố Đà Nẵng còn 3 ban quản lý dự án. Ngoài 2 ban sau sắp xếp nói trên, còn Ban quản lý dự án đầu tư xây dựng cơ sở hạ tầng ưu tiên Đà Nẵng được giữ nguyên trạng."
https://dantri.com.vn/noi-vu/mien-phi-hang-loat-thu-tuc-hanh-chinh-truc-tuyen-20251230120803882.htm,Miễn phí hàng loạt thủ tục hành chính trực tuyến,"(Dân trí) - Từ ngày 21/12 đến hết ngày 31/12/2027, hàng loạt thủ tục hành chính trực tuyến trên địa bàn thành phố Đà Nẵng được áp dụng mức phí, lệ phí “0 đồng”.","Hội đồng nhân dân thành phố Đà Nẵng đã ban hành nghị quyết quy định mức thu phí, lệ phí ""0 đồng"" đối với các thủ tục hành chính được thực hiện thông qua dịch vụ công trực tuyến.
Chính sách này nhằm khuyến khích người dân, doanh nghiệp sử dụng các nền tảng số, góp phần đẩy mạnh cải cách hành chính, xây dựng chính quyền điện tử.
Các tổ chức, cá nhân có yêu cầu giải quyết thủ tục hành chính bằng hình thức trực tuyến trên địa bàn thành phố, thuộc diện phải nộp phí, lệ phí theo quy định, sẽ được hưởng chính sách miễn giảm này.
Ngoài ra, các cơ quan, đơn vị, tổ chức, cá nhân được giao nhiệm vụ hoặc được phân cấp, ủy quyền thu phí, lệ phí cũng là đối tượng thực hiện nghị quyết.
Nhiều loại phí, lệ phí “0 đồng” được áp dụng trên địa bàn Đà Nẵng khi làm thủ tục hành chính qua dịch vụ công trực tuyến (Ảnh: Công Bính).
Các loại phí, lệ phí được áp dụng mức ""0 đồng"", gồm: Phí bình tuyển, công nhận cây mẹ, cây đầu dòng, vườn giống cây lâm nghiệp, rừng giống đối với hoạt động bình tuyển, công nhận do cơ quan địa phương thực hiện; đăng ký kinh doanh đối với cá nhân, nhóm cá nhân, hộ gia đình, tổ hợp tác, hợp tác xã, liên hiệp hợp tác xã.
Lệ phí cấp giấy phép lao động cho người nước ngoài làm việc tại Việt Nam; cấp giấy phép xây dựng; cấp giấy chứng nhận quyền sử dụng đất, quyền sở hữu nhà, tài sản gắn liền với đất và hộ tịch.
Đối với các xã trên địa bàn thành phố, phí thẩm định hồ sơ cấp giấy chứng nhận quyền sử dụng đất đối với hồ sơ cấp giấy chứng nhận lần đầu cũng được áp dụng mức ""0 đồng"", trừ trường hợp hồ sơ cấp giấy chứng nhận lần đầu cho các tổ chức được nhà nước giao đất, cho thuê đất có thu tiền sử dụng đất.
Ngoài ra, phí đăng ký giao dịch bảo đảm bằng quyền sử dụng đất, tài sản gắn liền với đất đối với hồ sơ đăng ký văn bản thông báo về việc xử lý tài sản thế chấp, đã đăng ký thế chấp trước đó cũng thuộc diện miễn thu.
Chính sách này được kỳ vọng sẽ tạo điều kiện thuận lợi hơn cho người dân và doanh nghiệp khi thực hiện các thủ tục hành chính, thúc đẩy mạnh mẽ quá trình chuyển đổi số tại Đà Nẵng.
18 loại phí được miễn khi làm dịch vụ công trực tuyến
Ngày 30/12, lãnh đạo Trung tâm Hành chính công tỉnh Khánh Hòa xác nhận Hội đồng nhân dân tỉnh này đã ban hành nghị quyết quy định mức thu 0 đồng đối với 18 loại phí, lệ phí thuộc thẩm quyền quyết định của cơ quan này khi thực hiện thủ tục hành chính trực tuyến.
Đối tượng áp dụng gồm: tổ chức, cá nhân đề nghị giải quyết thủ tục hành chính thông qua dịch vụ công trực tuyến; cơ quan nhà nước, đơn vị sự nghiệp công lập và các tổ chức được cơ quan nhà nước có thẩm quyền giao cung cấp dịch vụ công trực tuyến phục vụ công tác quản lý nhà nước, cùng các cơ quan, tổ chức, cá nhân liên quan.
Trung tâm Hành chính công tỉnh Khánh Hòa (Ảnh: Trung Thi).
Các loại phí, lệ phí thu 0 đồng khi thực hiện thủ tục hành chính trực tuyến gồm: bình tuyển, công nhận cây mẹ, cây đầu dòng, vườn giống cây lâm nghiệp, rừng giống; sử dụng tạm thời lòng đường, hè phố; khai thác và sử dụng tài liệu đất đai; cung cấp thông tin về giao dịch bảo đảm bằng quyền sử dụng đất, tài sản gắn liền với đất; đăng ký giao dịch bảo đảm.
Các loại lệ phí gồm: hộ tịch; cấp giấy phép lao động cho người nước ngoài làm việc tại Việt Nam; cấp giấy chứng nhận quyền sử dụng đất, quyền sở hữu nhà ở và tài sản gắn liền với đất; cấp giấy phép xây dựng; đăng ký kinh doanh.
Nhóm phí thẩm định gồm: cấp giấy chứng nhận đủ điều kiện kinh doanh hoạt động cơ sở thể thao, câu lạc bộ thể thao chuyên nghiệp; báo cáo đánh giá tác động môi trường; phương án cải tạo, phục hồi môi trường; hồ sơ cấp giấy chứng nhận quyền sử dụng đất; đề án, báo cáo thăm dò, đánh giá trữ lượng, khai thác, sử dụng nước dưới đất; hồ sơ, điều kiện hành nghề khoan nước dưới đất; đề án khai thác, sử dụng nước mặt, nước biển; cấp, cấp lại, điều chỉnh giấy phép môi trường.
Nghị quyết này có hiệu lực kể từ ngày 1/1/2026."
