url,title,description,content
https://genk.vn/tai-sao-con-nguoi-lai-so-ma-goc-nhin-tien-hoa-he-lo-mot-su-that-bat-ngo-ve-noi-so-co-xua-nhat-cua-loai-nguoi-165251122103216011.chn,Tại sao con người lại sợ ma? Góc nhìn tiến hóa hé lộ một sự thật bất ngờ về nỗi sợ cổ xưa nhất của loài người,"Trong hàng ngàn năm, loài người luôn mang theo một nỗi sợ mơ hồ nhưng mãnh liệt về bóng tối, về những chuyển động không tên trong đêm và về cảm giác như có ai đó đứng phía sau lưng dù xung quanh hoàn toàn vắng lặng.","Từ các nền văn minh cổ đại cho đến xã hội hiện đại, con người vẫn bị ám ảnh bởi ma quỷ, những thực thể vô hình tồn tại chủ yếu trong trí tưởng tượng. Nhưng câu hỏi đặt ra là: Tại sao chúng ta lại sợ ma nếu chúng chưa từng được chứng minh tồn tại? Phải chăng nỗi sợ này bắt nguồn từ một mối đe dọa có thật nào đó từng ẩn nấp trong lịch sử tiến hóa loài người?
Dưới lăng kính của khoa học, đặc biệt là sinh học tiến hóa và tâm lý học hành vi, nỗi sợ ma không xuất phát từ việc tổ tiên chúng ta từng gặp phải các linh hồn bí ẩn. Ngược lại, nó là hệ quả của sự chọn lọc tự nhiên tàn khốc, nơi mà những cá thể quá bình tĩnh trước các tín hiệu mơ hồ đã bị loại bỏ. Chỉ những người luôn cảnh giác quá mức, luôn tưởng tượng ra điều tệ nhất trong bóng tối, mới sống sót và truyền lại bộ gen cảnh báo ấy cho thế hệ ngày nay.

Trong thời đại tiền sử, khi tổ tiên chúng ta sống giữa thảo nguyên châu Phi đầy rẫy thú săn mồi, phản xạ hoảng hốt khi nghe tiếng động lạ không phải là yếu điểm mà là một kỹ năng sinh tồn quan trọng. Hãy hình dung một đêm nguyên thủy, hai người đàn ông ngồi cạnh đống lửa.
Một người bình tĩnh cho rằng tiếng động chỉ là gió, còn người kia lập tức bật dậy và chuẩn bị chống trả. Trong 99 phần trăm trường hợp, kẻ hoang mang chỉ đang lãng phí năng lượng. Nhưng trong 1 phần trăm còn lại, chính phản ứng thừa thãi đó giúp anh ta thoát chết. Còn người quá bình thản đã bị xóa tên khỏi chuỗi tiến hóa.
Trải qua hàng trăm nghìn năm, não bộ con người được lập trình để luôn phóng đại mối nguy hiểm, đặc biệt là vào ban đêm khi tầm nhìn bị hạn chế. Vì vậy, chỉ cần một âm thanh nhỏ hay một bóng mờ không rõ ràng là đủ khiến tim người hiện đại đập nhanh, dù không còn thú dữ rình rập như trước. Nói cách khác, chúng ta vẫn mang trong mình hệ thống báo động của tổ tiên, một cơ chế từng cứu sống họ nhưng nay lại gieo rắc hàng loạt báo động giả.
Vậy tại sao nỗi sợ ấy lại cụ thể hóa thành hình ảnh ma quỷ? Câu trả lời nằm ở những đặc điểm rất con người nhưng cũng rất nguy hiểm đối với loài người trong quá khứ. Khái niệm về ma hội tụ ba yếu tố từng gây chết chóc cho tổ tiên chúng ta: sự vô hình, khả năng tiếp cận lặng lẽ và hình dạng giống người nhưng lại thiếu những dấu hiệu quen thuộc.
Trong rừng rậm, thứ đáng sợ nhất không phải là kẻ thù nhìn thấy được mà là kẻ phục kích vô hình. Những con rắn ẩn dưới lá khô, những con mèo lớn lặng lẽ tiến đến từ phía sau đều khiến con người nguyên thủy phát triển cảm giác nhạy bén với mọi tín hiệu mơ hồ. Đó chính là nền tảng cho nỗi sợ những thứ vô hình mà ngày nay chúng ta gán cho ma quỷ.
Không chỉ vậy, hình ảnh một bóng trắng thấp thoáng hay dáng người lạ lẫm trong đêm chạm đúng vào vùng thung lũng kỳ lạ trong tâm lý học. Đây là phản ứng mạnh mẽ khi bộ não nhìn thấy một hình dạng gần giống con người nhưng lại thiếu các đặc điểm quan trọng như nhiệt độ cơ thể, gương mặt rõ ràng hay cách di chuyển tự nhiên.
Trong lịch sử tiến hóa, những sinh vật giống người nhưng không phải người thường mang theo mối đe dọa lớn như xác chết lây bệnh hoặc kẻ thù từ bộ lạc khác. Chính hệ thống cảnh giác ấy khiến chúng ta rùng mình chỉ vì một hình nhân mờ ảo hay tiếng bước chân nhẹ hẫng giữa đêm.

Nỗi sợ ma vì thế không thực sự liên quan đến ma. Nó là cách mà bộ não hiện đại diễn giải lại những tín hiệu sinh tồn từ quá khứ. Nếu tổ tiên chúng ta từng bị săn đuổi bởi thú dữ hay chết vì bệnh dịch, thì ngày nay tiếng gió ngoài cửa sổ hay một chiếc áo trắng bay nhẹ cũng có thể kích hoạt cơ chế hoảng loạn tương tự. Dù sống trong thành phố đầy ánh điện, con người vẫn mang trong mình bộ gen của những cá thể đã sống sót nhờ sự cảnh giác đến mức cực đoan.
Điều thú vị là nỗi sợ ấy lại được duy trì vì nó từng mang lại lợi thế sinh tồn. Chỉ cần một phần trăm khả năng gặp nguy hiểm, hệ thống cảnh báo trong não sẵn sàng báo động đến mức mười phần trăm, thậm chí một trăm phần trăm.
Chính vì thế, chúng ta vẫn dễ bị giật mình trong bóng tối, vẫn rùng mình khi nghe tiếng kẽo kẹt giữa đêm hay vẫn cảm thấy có ai đó nhìn mình dù thực tế chẳng có gì xảy ra. Đó là một di sản tiến hóa, một chiếc chuông báo động không bao giờ tắt, dù hiểm nguy nguyên thủy đã xa dần.
Từ góc nhìn này, con người không hề được nuôi dạy để sợ hãi mà thực ra chính là con cháu của những kẻ luôn lo lắng, cảnh giác và tưởng tượng ra điều xấu nhất. Những cá thể quá bình tĩnh, luôn tin rằng mọi thứ đều an toàn, đã biến mất khỏi lịch sử tiến hóa từ rất lâu. Chỉ những người biết sợ mới sống sót và tạo nên chúng ta ngày nay.
Vì vậy, khi một đêm nào đó bạn nghe thấy tiếng động lạ và cảm giác lạnh chạy dọc sống lưng, hãy nhớ rằng đó không phải dấu hiệu của ma quỷ, mà chỉ là tiếng vọng của tổ tiên đang kéo bạn trở lại thời nguyên thủy.
Nỗi sợ ấy không vô lý và cũng không yếu đuối, nó là minh chứng cho khả năng sinh tồn đã giúp con người trường tồn suốt hàng trăm nghìn năm. Và trong khoảnh khắc tim đập thình thịch vì bóng tối, chúng ta lại thấy mình gần gũi với tổ tiên hơn bao giờ hết.

"
https://genk.vn/co-nguoi-noi-vu-tru-chi-la-mot-te-bao-sinh-hoc-khoa-hoc-noi-gi-ve-gia-thuyet-gay-soc-nay-165251123080811055.chn,"Có người nói vũ trụ chỉ là một tế bào sinh học, khoa học nói gì về giả thuyết gây sốc này?","Trong nhiều năm trở lại đây, mạng xã hội thường xuyên xuất hiện những quan điểm táo bạo, thậm chí giật gân về bản chất của vũ trụ. Một trong số đó là tuyên bố cho rằng toàn bộ vũ trụ mà con người đang sống thực chất chỉ là một tế bào thuộc về một dạng sinh vật siêu lớn nào đó.","Nghe qua thì đây là một ý tưởng hấp dẫn, thậm chí mang màu sắc triết học và gợi mở chiều sâu tưởng tượng. Tuy nhiên, khi soi chiếu bằng các nguyên lý cơ bản của khoa học hiện đại, giả thuyết này lại bộc lộ vô số điểm bất hợp lý.
Khoa học không phủ nhận sự sáng tạo của con người, nhưng mọi lập luận mang danh khoa học đều phải dựa trên phương pháp luận rõ ràng, bằng chứng kiểm chứng được và tuân thủ tinh thần của khoa học. Bài viết dưới đây phân tích những khía cạnh quan trọng nhất để lý giải vì sao ý tưởng vũ trụ là một tế bào sinh học chỉ tồn tại trong tưởng tượng chứ không phải trong thực tại.

Khi bàn về một tuyên bố liên quan đến bản chất vật chất, điều đầu tiên phải nhắc đến chính là kết cấu vi mô của mọi vật thể trong vũ trụ. Theo hiểu biết khoa học hiện đại, mọi vật chất mà con người quan sát được, từ các hành tinh khổng lồ đến những hạt bụi nhỏ nhất, đều được cấu thành từ 118 nguyên tố đã biết.
Đây là toàn bộ các nguyên tố đã được phát hiện cả trên Trái Đất lẫn trong vũ trụ. Điều đáng chú ý là dù được tìm thấy ở đâu, chúng vẫn tuân theo cùng một hệ thống định luật vật lý và hóa học. Điều này chứng minh tính thống nhất cơ bản của vũ trụ, đồng thời bác bỏ khả năng tồn tại các dạng vật chất hoàn toàn khác biệt mà một tế bào sinh học vũ trụ giả định có thể chứa.
Ngay cả các nguyên tố nhân tạo, vốn chỉ tồn tại trong phòng thí nghiệm và có chu kỳ bán rã cực ngắn như nguyên tố 118 với thời gian phân rã chỉ 12 mili giây, cũng không thể được xem như bằng chứng về việc vũ trụ có thể được cấu trúc theo kiểu tế bào. Thực tế này chỉ cho thấy rằng những nguyên tố ấy không thể tồn tại bền vững trong tự nhiên chứ không phải nằm ngoài khuôn khổ của vũ trụ.

Khi đi sâu hơn vào cấu trúc nguyên tử, khoa học từ lâu đã xác định rằng nguyên tử bao gồm hạt nhân chứa proton và neutron, bao quanh là electron. Mỗi proton và neutron lại được cấu thành từ ba quark.
Trong suốt nhiều thập kỷ nghiên cứu, khoa học hiện đại chưa từng tìm thấy bằng chứng cho thấy quark có thể tồn tại độc lập do bị chi phối bởi cơ chế giam cầm quark. Bên cạnh đó, một số lý thuyết sâu hơn như lý thuyết dây còn cho rằng bản chất của các hạt cơ bản không phải là điểm mà là những dây cực nhỏ có thể rung theo nhiều tần số khác nhau.
Sự rung động này tạo ra các hạt mà ta quan sát được. Mặc dù lý thuyết dây vẫn còn gây tranh luận và chưa thể kiểm chứng trực tiếp, nó lại là ứng viên sáng giá cho tham vọng thống nhất bốn lực cơ bản trong tự nhiên. Quan trọng hơn, dù đến mức độ quark hay sâu hơn, khoa học chưa từng phát hiện ra bất kỳ cấu trúc nào có thể liên hệ hay tương đồng với cấu trúc của một tế bào sinh học.
Những người ủng hộ quan điểm vũ trụ là một tế bào thường dựa trên sự so sánh hình thức giữa mô hình nguyên tử và chuyển động quỹ đạo của các hành tinh trong hệ Mặt Trời. Tuy nhiên, đây là một suy luận sai lầm từ gốc. Mô hình hành tinh của nguyên tử đã bị bác bỏ từ rất lâu. Thay vào đó, khoa học ngày nay khẳng định rằng electron tồn tại ở dạng đám mây điện tử, chỉ mang tính xác suất chứ không chuyển động theo quỹ đạo cố định như các hành tinh quay quanh Mặt Trời. Việc đánh đồng hai khái niệm hoàn toàn khác biệt chỉ vì hình dung trực quan giống nhau là biểu hiện điển hình của lối suy diễn không dựa trên phương pháp khoa học.

Tương tự, việc suy diễn quy mô vũ trụ thành quy mô sinh học chỉ vì chúng đều có cấu trúc phức tạp cũng thiếu căn cứ. Tế bào là đơn vị cấu trúc và chức năng cơ bản của các sinh vật sống.
Từ khi Robert Hooke quan sát tế bào lần đầu tiên vào năm 1665, qua hàng thế kỷ phát triển, loài người đã hiểu rõ về cấu trúc tế bào, phân loại tế bào nhân sơ và nhân thực, khám phá DNA, cơ chế di truyền và hàng loạt quá trình sinh học khác. Khoa học biết rõ kích thước tế bào dao động từ 0,1 micromet đến vài trăm micromet, lớn nhất là tế bào trứng đà điểu dài tới 15 cm. Tế bào tồn tại trong môi trường sinh học cụ thể, vận hành theo những quy luật hóa sinh đặc trưng.
Tuy nhiên, những quy luật này không thể áp dụng ở quy mô vũ trụ, nơi vật chất vận động theo các lực cơ bản như hấp dẫn, điện từ, tương tác mạnh và yếu. Từ cấu trúc đến cơ chế vận động, hai lĩnh vực này không có một điểm tương đồng về bản chất.
Ngược lại với sự hữu hạn của kích thước tế bào, vũ trụ mà con người quan sát được tồn tại trong thang đo khổng lồ trải dài hàng chục tỷ năm ánh sáng. Mô hình vũ trụ học tiêu chuẩn khẳng định vũ trụ bắt đầu từ vụ nổ lớn cách đây 13,8 tỷ năm dựa trên dữ liệu quan sát về nền vi sóng vũ trụ, sự giãn nở của không gian và nhiều bằng chứng khác.
Hai trụ cột của vật lý hiện đại là thuyết tương đối và cơ học lượng tử đều xác thực mô hình này. Trong khi đó, tế bào sinh học không có tính chất nở rộng theo không gian, không có nguồn gốc tương tự và không chịu tác động của các lực tương tự. Việc gán cấu trúc vũ trụ vào một tế bào cũng không giải thích được sự tồn tại của hàng trăm tỷ thiên hà hay các hiện tượng vật lý phức tạp ở quy mô lớn.

Điểm quan trọng nhất nằm ở tinh thần khoa học. Mọi lập luận khoa học đều phải dựa trên các phương pháp quan sát, thực nghiệm, phân tích định tính và định lượng. Một giả thuyết muốn được công nhận phải có khả năng kiểm chứng bởi bất kỳ nhà khoa học nào khác, được đối chiếu độc lập và được xác nhận bởi các tổ chức nghiên cứu uy tín.
Khoa học luôn mở cửa trước phản biện, nhưng phản biện phải dựa trên bằng chứng và phương pháp, không phải trên tưởng tượng tự do. Trong lịch sử khoa học, những suy luận thiếu căn cứ nhưng mang vẻ uyên bác thường được xếp vào nhóm tư duy ảo tưởng hay khoa học nghiệp dư, bởi chúng chỉ dựa trên ấn tượng cá nhân thay vì dữ liệu.
Khi đặt cạnh những hiểu biết về tế bào và vũ trụ học hiện nay, có thể thấy rõ rằng giả thuyết vũ trụ là một tế bào sinh học không đứng vững trước khoa học. Nó thú vị dưới góc độ triết học hoặc nghệ thuật, nhưng không phản ánh bất cứ quy luật nào của tự nhiên.
Điều mà khoa học nhấn mạnh không phải là hạn chế trí tưởng tượng, mà là nhắc nhở rằng tưởng tượng cần có ranh giới khi bước vào lĩnh vực của khoa học. Chỉ khi dựa trên thực tiễn, bằng chứng và phương pháp, con người mới tiến gần hơn đến sự thật của vũ trụ, thay vì sa vào những suy diễn mang màu sắc bí ẩn nhưng không có giá trị khoa học.

"
https://genk.vn/thien-ha-bi-an-van-tao-ra-nhung-ngoi-sao-du-khong-co-nhien-lieu-bi-an-vu-tru-khien-gioi-khoa-hoc-boi-roi-165251122085537187.chn,Thiên hà bí ẩn vẫn tạo ra những ngôi sao dù không có nhiên liệu: Bí ẩn vũ trụ khiến giới khoa học bối rối,"Giữa không gian mênh mông của vũ trụ, có những vùng trống rỗng đến mức tưởng như không thể chứa đựng bất cứ thứ gì sống động. Thế nhưng trong khoảng không ấy, một thiên hà nhỏ bé lại đang thách thức toàn bộ hiểu biết của con người về quá trình hình thành sao.","Thiên hà lùn NGC 6789, nằm cách Trái Đất khoảng 12 triệu năm ánh sáng, đã khiến các nhà thiên văn trên khắp thế giới phải kinh ngạc khi tiếp tục tạo ra những ngôi sao mới dù dường như không hề có nguồn nhiên liệu cần thiết. Câu chuyện về nó không chỉ đặt ra một nghịch lý khoa học mà còn làm dấy lên câu hỏi lớn về cách các thiên hà nhỏ tồn tại và phát triển trong môi trường thiếu hụt vật chất.
NGC 6789 tọa lạc trong một khu vực gần như trống rỗng hoàn toàn, được gọi là Khoảng Trống Địa Phương, một vùng ít thiên hà và đặc biệt khan hiếm khí hydro lạnh, vốn là nhiên liệu chính cho quá trình hình thành sao.
Thiên hà này được phát hiện từ cuối thế kỷ 19, nhưng phải đến những thập kỷ gần đây, khi công nghệ quan sát phát triển hơn, các nhà khoa học mới nhận thấy điều bất thường: dù sống trong môi trường không thuận lợi, nó vẫn đang âm thầm sản sinh những thế hệ sao trẻ.
Dữ liệu cho thấy khoảng 4 phần trăm khối lượng sao hiện tại của NGC 6789 được sinh ra chỉ trong 600 triệu năm gần đây, một con số đáng kể đối với một thiên hà lùn bị cô lập và gần như không có tương tác với môi trường xung quanh.
Điều này không khỏi khiến giới nghiên cứu bối rối, bởi thông thường, quá trình hình thành sao đòi hỏi các đám mây khí lớn phải liên tục được bổ sung từ bên ngoài hoặc từ những vụ va chạm và sáp nhập thiên hà.
Trong trường hợp của NGC 6789, các nhà thiên văn lại không tìm thấy bất kỳ nguồn cung cấp vật chất nào. Không có thiên hà láng giềng đủ gần để trao đổi khí, không có dấu hiệu của các vụ sáp nhập trong quá khứ và càng không có dấu vết cho thấy thiên hà này bị xáo trộn bởi tương tác hấp dẫn.
Nói cách khác, NGC 6789 đang hoạt động như một cỗ máy tự sản xuất sao mà không có nguồn nhiên liệu bổ sung, điều hoàn toàn trái ngược với những mô hình hình thành thiên hà được giới khoa học chấp nhận.

Để giải mã bí ẩn này, nhóm nghiên cứu do nhà thiên văn Ignacio Trujillo thuộc Viện Vật lý Thiên văn Quần đảo Canary dẫn đầu đã tiến hành một cuộc khảo sát chi tiết sử dụng Kính viễn vọng Twin Two mét tại Đài quan sát Teide của Tây Ban Nha.
Họ dành thời gian quan sát cả vùng ngoại vi và khu vực trung tâm của thiên hà nhằm tìm kiếm bằng chứng về những dấu hiệu mà các thiên hà thường để lại sau quá trình tương tác, chẳng hạn như đuôi thủy triều, các cấu trúc sao bị kéo giãn hoặc các vệt sáng mờ do những mảnh thiên hà cũ để lại. Nếu tồn tại các cấu trúc này, chúng có thể chứng minh rằng NGC 6789 đã từng hấp thụ một thiên thể nhỏ khác, từ đó bổ sung lượng khí cần thiết để tiếp tục chu kỳ hình thành sao.
Thế nhưng kết quả thu được lại khác hẳn kỳ vọng. Dữ liệu quan sát cho thấy thiên hà hoàn toàn nguyên vẹn và không mang dấu hiệu bị xáo trộn. Sự tinh khiết của cấu trúc khiến các nhà khoa học phải đi đến kết luận rằng những ngôi sao trẻ trong NGC 6789 không thể đến từ bên ngoài, mà phải được hình thành ngay bên trong nó.
Điều này mở ra hai khả năng. Thứ nhất, thiên hà có thể vẫn còn một lượng nhỏ khí còn sót lại từ thời kỳ hình thành ban đầu, và lượng khí này dù ít ỏi vẫn đủ để tạo ra những đợt hình thành sao mới rải rác qua thời gian. Thứ hai, thiên hà có thể đang hấp thu lượng khí nguyên sơ cực mảnh từ không gian xung quanh, lượng khí này nhanh chóng rơi vào trung tâm và bị tiêu thụ trước khi kịp để lại dấu vết rõ ràng.
Dù sao đi nữa, cả hai kịch bản đều khiến giới chuyên môn khó đưa ra lời giải thích thỏa đáng, bởi những mô hình hiện tại đều dự đoán rằng một thiên hà bị cô lập trong môi trường nghèo nàn vật chất như Khoảng Trống Địa Phương sẽ sớm cạn nhiên liệu và rơi vào trạng thái ngừng hình thành sao. Việc NGC 6789 tiếp tục duy trì hoạt động trong hàng trăm triệu năm mà không có nguồn cung cấp khí rõ ràng là điều vượt qua mọi dự đoán.

Câu hỏi đặt ra là điều gì làm cho thiên hà nhỏ bé này trở nên đặc biệt. Các nhà khoa học cho rằng có thể cấu trúc nội tại của NGC 6789 giữ lại khí hiệu quả hơn các thiên hà lùn khác, hoặc một phần vật chất tối bên trong thiên hà đã góp phần giữ lại lượng khí nguyên thủy mà không bị phân tán. Tuy nhiên, những giả thuyết này hiện mới chỉ dừng ở mức suy đoán và cần thêm nhiều dữ liệu từ các thiết bị quan sát hiện đại hơn.
Điều khiến giới thiên văn học đặc biệt quan tâm là NGC 6789 không chỉ là một trường hợp đơn lẻ. Những năm gần đây, một số thiên hà lùn cô lập khác cũng cho thấy dấu hiệu hình thành sao bất thường, và mỗi trường hợp lại đặt ra thêm nhiều câu hỏi về các mô hình tiến hóa thiên hà đang được sử dụng.
Nếu các thiên hà nhỏ có khả năng tự duy trì hoạt động mà không cần nguồn khí dồi dào, điều đó có thể làm thay đổi cách chúng ta hiểu về sự phát triển của vũ trụ, đặc biệt trong những vùng trống rộng lớn vốn được cho là gần như bất động.
Nhóm nghiên cứu cho biết họ sẽ tiếp tục quan sát NGC 6789 bằng các kính viễn vọng lớn hơn như VLT hoặc JWST nhằm tìm kiếm những tín hiệu mờ nhạt mà các thiết bị hiện tại chưa phát hiện được. Những quan sát này có thể giúp xác định rõ thành phần khí còn sót lại, tốc độ hình thành sao cũng như những dấu hiệu của vật chất tối trong thiên hà. Nếu may mắn, chúng ta có thể tìm ra lời giải cho cách mà một thiên hà lùn yếu ớt lại có thể duy trì sức sống trong môi trường khắc nghiệt đến vậy.
Tuy nhiên, cho đến lúc đó, NGC 6789 vẫn là một câu đố đầy thách thức đối với khoa học hiện đại. Nó nằm lặng lẽ trong khoảng không vô tận, không có hàng xóm, không có dòng khí dồi dào, thế nhưng vẫn tiếp tục sáng tạo ra những ngôi sao mới như thể đang phớt lờ mọi quy luật vũ trụ mà chúng ta từng biết. Thiên hà bé nhỏ này nhắc chúng ta rằng vũ trụ vẫn còn vô vàn bí ẩn, và rằng những điều tưởng như không thể lại có thể tồn tại ngay giữa nơi tưởng như hoàn toàn trống rỗng.

"
https://genk.vn/tai-sao-ca-sau-hiem-khi-an-chuot-lang-nuoc-bi-an-ve-loai-gam-nham-diem-tinh-nhat-hanh-tinh-165251122102241822.chn,Tại sao cá sấu hiếm khi ăn chuột lang nước: Bí ẩn về loài gặm nhấm điềm tĩnh nhất hành tinh?,"Trong thế giới tự nhiên, nơi những cuộc rượt đuổi sinh tồn diễn ra mỗi ngày và kẻ săn mồi luôn rình rập con mồi, có một loài động vật lại khiến giới sinh vật học và những người yêu động vật không khỏi ngạc nhiên vì sự ung dung đến lạ.","Chuột lang nước, hay capybara, loài gặm nhấm lớn nhất hành tinh, từ lâu đã nổi tiếng với tính cách điềm đạm, thân thiện và một khả năng đặc biệt: sống hòa bình với hầu hết mọi loài, kể cả cá sấu và caiman, những kẻ săn mồi đáng sợ nhất ở Nam Mỹ.
Những hình ảnh capybara thong thả nằm phơi nắng cạnh cá sấu, hoặc thậm chí để chim chóc, rùa và các loài khác thoải mái trèo lên người, đã trở thành biểu tượng trên mạng xã hội. Nhưng đằng sau đó là một câu hỏi lớn khiến nhiều người băn khoăn: Tại sao cá sấu gần như không bao giờ ăn chuột lang nước?

Để lý giải hiện tượng tưởng như nghịch lý ấy, các nhà khoa học đã đưa ra nhiều nhận định dựa trên tập tính sinh học, đặc điểm cơ thể và cả vị trí của capybara trong chuỗi thức ăn của hệ sinh thái Nam Mỹ.
Nhìn bề ngoài, capybara có vẻ hiền lành, thậm chí hơi ngờ nghệch với dáng vẻ tròn trịa và ánh mắt thư thái, nhưng sự thật là chúng sở hữu nhiều đặc điểm khiến cá sấu phải dè chừng. Trong điều kiện tự nhiên, capybara thường sinh sống ở các khu vực nhiều nước như hồ, đầm lầy và sông, chính là môi trường sinh tồn của các loài caiman.
Mặc dù cùng sử dụng chung lãnh thổ, cá sấu caiman lại rất hiếm khi săn đuổi chúng. Tiến sĩ Elizabeth Congdon, chuyên gia nghiên cứu capybara và là trợ lý giáo sư tại Đại học Bethune Cookman, cho biết việc chứng kiến cá sấu chủ động tấn công capybara ngoài tự nhiên là vô cùng hiếm hoi. Bà khẳng định rằng cá sấu hoàn toàn có thể ăn capybara khi thức ăn khan hiếm, nhưng phần lớn chúng không hề lựa chọn con mồi này.
Một trong những lý do quan trọng nhất tạo ra sự thỏa hiệp bất thành văn giữa hai loài nằm ở khả năng tự vệ đáng kinh ngạc của capybara. Không chỉ đơn thuần hiền hòa như vẻ ngoài thể hiện, capybara thực chất sở hữu bộ răng cửa cực kỳ lớn và sắc nhọn.
Dù chúng chủ yếu dùng răng để cắn cỏ và thực vật thủy sinh, nhưng khi cần thiết, vũ khí này có thể gây thương tích rất nghiêm trọng. Tiến sĩ Congdon giải thích rằng capybara có thể gây ra những cú cắn cực mạnh, và cá sấu hoàn toàn có nguy cơ bị thương nếu cố tấn công. Với kích thước cơ thể lớn, trọng lượng có thể từ 30 đến 70 kg cùng khả năng chạy nhanh và bơi giỏi, capybara không phải là lựa chọn dễ dàng hay đáng để mạo hiểm.
Đồng thời, cá sấu là loài săn mồi có xu hướng tìm kiếm con mồi dễ bắt và ít rủi ro. Trong môi trường đầm lầy Nam Mỹ, cá sấu luôn có sẵn vô số lựa chọn khác như cá, chim nước hoặc những động vật nhỏ hơn.
Vì vậy, việc tấn công một capybara trưởng thành trở thành lựa chọn không tối ưu khi so sánh giữa năng lượng bỏ ra và nguy cơ có thể gặp phải. Nói cách khác, cá sấu đơn giản là không thấy capybara xứng đáng với nỗ lực săn đuổi. Cũng theo bà Congdon, những trường hợp cá sấu tấn công capybara mà bà từng ghi nhận chủ yếu xảy ra với những con non.
Capybara sơ sinh thường là mục tiêu của nhiều kẻ săn mồi, từ chim săn mồi đến báo đốm và trăn Nam Mỹ. Chúng còn quá nhỏ để tự vệ, và đây là lý do khiến tỉ lệ sống sót của capybara con trong tự nhiên không cao.

Ngoài cá sấu, capybara còn duy trì mối quan hệ hòa bình với nhiều loài động vật khác. Những hình ảnh chú chim đậu trên lưng capybara, rùa nằm cạnh chúng để phơi nắng hay thậm chí những con khỉ nghịch ngợm trèo lên đầu chúng, không phải là chuyện hiếm gặp.
Với tính cách ôn hòa, ít xung đột và không tranh giành lãnh thổ, capybara trở thành một biểu tượng thú vị trong hệ sinh thái, như một loài vật được chào đón ở hầu hết nơi chúng xuất hiện. Theo Tiến sĩ Congdon, chỉ cần capybara có đủ cỏ để ăn và nước để tắm mát, chúng gần như có thể chung sống hòa bình với mọi loài.
Thế nhưng dù loài vật này nổi tiếng hiền lành, không phải lúc nào chúng cũng kiên nhẫn. Một số video lan truyền và những bài báo từng ghi nhận capybara tấn công vật nuôi hoặc thậm chí con người khi bị trêu chọc, đe dọa hay cảm thấy lãnh thổ bị xâm phạm.
Vết cắn của capybara có thể rất nguy hiểm, đặc biệt khi chúng sử dụng toàn bộ sức mạnh của bộ hàm. Điều này cho thấy rằng dù capybara có vẻ ngoài điềm tĩnh, chúng vẫn là động vật hoang dã và luôn có giới hạn chịu đựng nhất định.
Tuy nhiên, mối đe dọa lớn nhất mà capybara phải đối mặt không phải từ cá sấu, báo đốm hay trăn Nam Mỹ, mà đến từ con người. Ở nhiều khu vực Nam Mỹ, người dân vẫn săn bắt và ăn thịt capybara dù có nơi đã ban hành lệnh cấm.
Để giảm áp lực lên quần thể hoang dã, một số trang trại nuôi capybara đã được thành lập và loài vật này tỏ ra rất phù hợp với mô hình nông nghiệp. Dù vậy, việc săn bắt quá mức vẫn gây nhiều lo ngại đối với các nhà bảo tồn.
Sự thú vị của capybara không chỉ nằm ở dáng vẻ hiền hòa mà còn ở khả năng sinh tồn độc đáo của chúng trong một môi trường đầy rẫy nguy hiểm. Dù cùng sống chung với những kẻ săn mồi khét tiếng, capybara vẫn giữ được sự bình yên của mình nhờ sự cân bằng tự nhiên, khả năng tự vệ mạnh mẽ và bản tính ôn hòa mà ít loài nào có được.
Chính những đặc điểm ấy khiến capybara trở thành biểu tượng dễ mến của thế giới tự nhiên, đồng thời nhắc nhở rằng mọi hệ sinh thái đều vận hành theo những quy tắc rất riêng, đôi khi trái ngược với những gì chúng ta vẫn nghĩ về mối quan hệ giữa kẻ săn mồi và con mồi.

"
https://genk.vn/neu-toan-bo-bang-o-nam-cuc-bien-mat-luc-dia-nay-se-trong-nhu-the-nao-165251122101441846.chn,"Nếu toàn bộ băng ở Nam Cực biến mất, lục địa này sẽ trông như thế nào?","Từ lâu, Nam Cực luôn được biết đến như một thế giới trắng xóa, lạnh lẽo và gần như bất động, nơi 98 phần trăm diện tích được bao phủ bởi những tảng băng dày hàng nghìn mét.","Dưới lớp băng ấy, phần lớn nhân loại chưa từng được nhìn thấy hình dạng thật sự của lục địa rộng lớn này. Tuy nhiên, nhờ sự phát triển vượt bậc của công nghệ viễn thám và kỹ thuật hình ảnh trong những năm gần đây, các nhà khoa học đã có thể hé lộ diện mạo nguyên bản của Nam Cực, phơi bày một vùng đất gồ ghề, khắc nghiệt và đầy những đặc điểm địa hình bất ngờ. Đó là một thế giới hoàn toàn khác, một Nam Cực không có băng, và những hình dung này đang giúp nhân loại hiểu rõ hơn về cách lục địa này phản ứng trước biến đổi khí hậu.
Năm 2013, bản đồ Bedmap2 được công bố, trở thành bước ngoặt lớn trong nghiên cứu Nam Cực. Bản đồ này được xây dựng dựa trên lượng dữ liệu khổng lồ từ vệ tinh, máy bay và khảo sát mặt đất, do NASA và Cơ quan Khảo sát Nam Cực của Anh thực hiện.
Với Bedmap2, các nhà khoa học lần đầu tiên có được một mô tả chi tiết về địa hình đá nền dưới lớp băng Nam Cực, từ độ dày băng, độ cao bề mặt cho đến những đặc điểm địa chất phức tạp và ẩn sâu nhất. Những gì bản đồ tiết lộ đã khiến cộng đồng khoa học thực sự kinh ngạc.

Nếu toàn bộ 27 triệu kilômét khối băng trên lục địa này biến mất, Nam Cực sẽ hiện ra như một vùng đất hoang dã và thô ráp, đầy dãy núi, thung lũng và những rãnh sâu kéo dài hàng trăm kilômét. Nhiều khu vực không chỉ cao và dốc mà còn nằm dưới mực nước biển với độ sâu lớn đến khó tin.
Một trong những điểm gây chú ý nhất là khu vực dưới sông băng Byrd ở Victoria Land, nơi lớp băng che phủ một hõm sâu tới 2.870 mét dưới mực nước biển. Đây được xem là điểm thấp nhất trên bất kỳ lục địa nào của Trái Đất, một hố sâu khổng lồ mà nếu không có băng, nó có thể trở thành một vùng biển nội địa rộng lớn.
Peter Fretwell, chuyên gia từ Cơ quan Khảo sát Nam Cực của Anh, cho biết vào thời điểm công bố Bedmap2 rằng bản đồ mới cho phép giới khoa học nhìn vào Nam Cực theo cách hoàn toàn khác so với trước đây. Nếu trước đó chúng ta chỉ có thể mô tả từng khu vực một cách tổng quát, thì với độ phân giải cao hơn, Bedmap2 đã làm lộ ra một cảnh quan phức tạp với các dãy núi cao, những vùng đồng bằng lượn sóng cùng vô số thung lũng và hẻm sâu bị che giấu dưới lớp băng kéo dài hàng triệu năm. Hình dạng địa hình này không chỉ mang ý nghĩa khoa học mà còn là yếu tố then chốt trong việc dự đoán tốc độ tan băng và mực nước biển toàn cầu trong tương lai.
Để thu thập dữ liệu cho Bedmap2, một trong những công cụ quan trọng nhất được sử dụng chính là radar xuyên băng. Thiết bị mang tên Máy đo độ sâu radar đa kênh này có khả năng quét xuyên lớp băng dày hàng nghìn mét, gửi tín hiệu xuống đáy và phản hồi lại các thông tin về độ dày băng và độ sâu của nền đá. Một phần lớn hiểu biết về cấu trúc địa hình Nam Cực hiện nay đến từ công nghệ này, nhờ khả năng hoạt động trong môi trường mà con người không thể tiếp cận trực tiếp.

Việc hiểu rõ hình dạng của thế giới bên dưới lớp băng Nam Cực không chỉ là câu chuyện khám phá địa lý. Nó còn ảnh hưởng trực tiếp đến dự đoán tương lai của khí hậu Trái Đất. Sophie Nowicki, nhà khoa học nghiên cứu băng tại Trung tâm bay không gian Goddard của NASA, ví sự lan tỏa của các tảng băng như việc đổ mật ong lên một chiếc đĩa.
Băng được hình thành từ tuyết tích tụ qua hàng nghìn năm và lan rộng dần do trọng lượng của chính nó. Hình dạng của phần đá nền bên dưới quyết định cách băng chảy, tốc độ chảy và mức độ mà băng có thể biến mất khi nhiệt độ toàn cầu tăng lên. Nếu đá nền nghiêng dần về phía trong, băng có xu hướng rút ngược vào lòng lục địa nhanh hơn, tạo điều kiện cho quá trình tan băng diễn ra mạnh mẽ hơn so với nơi có địa hình bằng phẳng hoặc dốc ra phía biển.
Dữ liệu Bedmap2 cũng giúp các nhà khoa học ước tính chính xác hơn khối lượng băng của Nam Cực. Với khoảng 27 triệu kilômét khối nước đóng băng, nếu toàn bộ lượng băng này tan chảy, mực nước biển toàn cầu sẽ tăng thêm khoảng 58 mét.
Đây là con số có sức nặng lớn vì nó đủ để nhấn chìm hầu hết các thành phố ven biển trên thế giới, bao gồm cả những đô thị đông dân ở châu Á, châu Âu và Bắc Mỹ. Dù vậy, các chuyên gia khẳng định rằng kịch bản tan chảy hoàn toàn chưa phải điều có thể xảy ra trong tương lai gần theo những mô hình khí hậu hiện nay. Tuy nhiên, điều đáng lo ngại là tốc độ băng tan đang diễn ra nhanh hơn so với dự đoán ban đầu.
Theo các ước tính mới nhất, mực nước biển hiện đang dâng khoảng 4 mm mỗi năm do băng tan từ Nam Cực và Greenland. Dù con số này nhìn qua có vẻ nhỏ, nhưng nó đại diện cho một xu hướng dài hạn và bền vững, và các nhà khoa học tin rằng tốc độ này rất gần với kịch bản tồi tệ nhất do Ủy ban Liên chính phủ về Biến đổi khí hậu của Liên Hợp Quốc đưa ra. Nếu tình trạng này tiếp diễn, nhiều quốc gia sẽ phải đối mặt với nguy cơ mất đất, xói mòn bờ biển, gia tăng bão lũ và những biến động môi trường khó lường.

Trước những yêu cầu ngày càng cấp thiết của việc theo dõi và dự đoán biến đổi khí hậu, các nhà khoa học đang xây dựng thế hệ bản đồ tiếp theo mang tên Bedmap3. Phiên bản mới sẽ sử dụng dữ liệu hiện đại hơn, chính xác hơn và phong phú hơn, từ cảm biến mặt đất đến hình ảnh vệ tinh độ phân giải cao.
Bedmap3 không chỉ giúp tái hiện Nam Cực với độ chi tiết chưa từng có mà còn hỗ trợ tính toán các mô hình băng chảy, dự báo mực nước biển dâng và đánh giá ảnh hưởng của khí hậu trong nhiều thập kỷ tới.
Khi nhìn vào những hình ảnh của Nam Cực không có băng, một cảm giác lạ lẫm luôn xuất hiện. Lục địa vốn được xem là biểu tượng của giá lạnh lại hiện ra như một vùng đất thô ráp, với những dãy núi hùng vĩ và những thung lũng sâu hoắm.
Nó nhắc chúng ta rằng bên dưới sự tĩnh lặng mà lớp băng mang lại là một thế giới địa chất đầy biến động, một thế giới vẫn đang góp phần định hình tương lai của hành tinh. Những bản đồ như Bedmap2 hay Bedmap3 chính là chìa khóa để hiểu rõ hơn mối liên kết giữa quá khứ, hiện tại và tương lai của Trái Đất.

"
https://genk.vn/mot-nua-so-tieu-thuyet-gia-tin-rang-ai-se-thay-the-hoan-toan-cong-viec-cua-ho-16525112208473336.chn,Một nửa số tiểu thuyết gia tin rằng AI sẽ thay thế hoàn toàn công việc của họ,"Trong nhiều thập kỷ, viết tiểu thuyết vẫn được xem là một trong những hoạt động mang đậm dấu ấn con người nhất.","Viết tiểu thuyết là quá trình chậm rãi, cần nhiều suy ngẫm và gắn liền với những trăn trở về thân phận, cảm xúc, ký ức cùng vô số tầng ý nghĩa mà tác giả gửi gắm vào từng câu chữ. Thế nhưng, trong bối cảnh trí tuệ nhân tạo bùng nổ và len lỏi vào mọi lĩnh vực sáng tạo, những giá trị vốn tưởng chừng không thể bị máy móc thay thế nay lại đang đứng trước nguy cơ bị cuốn phăng chỉ trong vài năm ngắn ngủi.
Một báo cáo mới công bố của Trung tâm Công nghệ và Dân chủ Minderoo thuộc Đại học Cambridge đã làm dấy lên làn sóng lo lắng trong giới văn chương tại Anh và nhiều quốc gia khác. Trong số gần 400 tiểu thuyết gia được khảo sát, gần 40 phần trăm cho biết thu nhập của họ đã giảm đáng kể do sự xuất hiện của AI trong ngành xuất bản.
Đáng chú ý hơn, hơn một nửa số người tham gia tin rằng trí tuệ nhân tạo sẽ sớm thay thế hoàn toàn công việc của họ trong tương lai không xa. Đây được xem là lời cảnh báo nghiêm trọng về những rủi ro mà công nghệ có thể mang đến cho nghề viết, vốn đã không hề dễ sống ngay cả trong thời kỳ không có AI.

Trong nhiều năm, các mô hình ngôn ngữ đã sử dụng dữ liệu từ vô số nguồn để học cách viết giống con người và thể hiện cảm xúc như người thật. Đối với giới văn chương, điều này đồng nghĩa với việc hàng triệu cuốn sách, từ những tác phẩm văn học kinh điển đến những tiểu thuyết đương đại mới xuất bản, có thể đã bị thu thập và đưa vào kho dữ liệu mà không có bất kỳ sự đồng thuận nào từ tác giả.
Theo báo cáo, 59 phần trăm tiểu thuyết gia Anh biết rằng tác phẩm của họ đã bị dùng để huấn luyện AI, nhưng 99 phần trăm không hề cấp phép cho việc này và 100 phần trăm chưa từng nhận được bất kỳ khoản thù lao nào.
Một nhà văn trả lời phỏng vấn đã nói thẳng rằng những công ty công nghệ đang đánh cắp chất xám của họ để tạo ra công cụ cạnh tranh trực tiếp với chính họ. Điều này không chỉ vi phạm bản quyền mà còn đẩy người sáng tạo vào thế phải đối đầu với chính những thứ được tạo ra từ công sức suốt nhiều năm của mình.
Trong khi đó, thu nhập của các tác giả lại đang giảm sút nghiêm trọng. Tại Anh, mức thu nhập trung bình của một tiểu thuyết gia vào năm 2022 thậm chí thấp hơn mức lương tối thiểu, khiến nhiều người viết phải làm thêm các công việc như viết quảng cáo, biên tập hay dịch thuật để duy trì cuộc sống.
Trớ trêu thay, chính những công việc phụ này cũng đang dần bị AI thay thế. Khi nền tảng âm nhạc từng bị tràn ngập các bài hát tạo ra bởi máy tính, thì giờ đây thị trường sách trên Amazon và nhiều nền tảng khác cũng đang chứng kiến làn sóng xuất bản ồ ạt những cuốn sách do AI viết mà không hề bị kiểm soát.

Tiến sĩ Clementine Collett, tác giả của báo cáo, cho biết nhiều tiểu thuyết gia lo ngại rằng các mô hình ngôn ngữ lớn được đào tạo từ lượng dữ liệu văn học khổng lồ sẽ khiến giá trị của tác phẩm văn chương do con người sáng tạo bị giảm sút. Các công ty AI thì đang không ngừng tung ra những công cụ hỗ trợ viết lách, từ ứng dụng động não, tạo ý tưởng cho đến phần mềm có thể viết cả một cuốn tiểu thuyết trọn vẹn hoặc hỗ trợ quy trình xuất bản tự động.
Điều này khiến giới viết văn không chỉ lo mất thu nhập mà còn lo sân chơi của họ sẽ biến thành nơi đầy rẫy các tác phẩm thiếu chiều sâu, được tạo ra chỉ trong vài phút.
Báo cáo của Cambridge mô tả bức tranh tương lai của ngành viết như một thị trường hai tầng. Ở tầng cao nhất, các tiểu thuyết văn học nghiêm túc vẫn sẽ tồn tại như một mặt hàng xa xỉ, tương tự như cách đĩa than được yêu thích bởi những người mê âm nhạc.
Tuy nhiên, phần lớn tác phẩm phổ thông, vốn là nguồn thu nhập chính của nhiều nhà văn, sẽ bị AI lấn át. Các giọng đọc sách nói cũng đang bị mô phỏng hoặc thay thế hoàn toàn bằng giọng tổng hợp, khiến những người làm công việc thuyết minh audiobook đứng trước nguy cơ thất nghiệp hàng loạt.
Nhưng điều khiến các nhà văn đau lòng hơn cả vấn đề kinh tế chính là sự phai nhạt trong tính nhân văn của văn học. Nhiều người cho rằng văn bản do AI tạo ra dù có thể đánh lừa người đọc trong một số trường hợp nhưng vẫn thiếu cảm xúc cá nhân và sự tinh tế trong trải nghiệm sống mà chỉ con người mới có thể mang lại.
AI học từ những mẫu có sẵn và tạo ra lối viết trung bình về mặt thống kê, dẫn đến văn phong nhạt nhẽo và lặp lại. Một số nhà văn còn gọi tên cụm từ mà họ cho là đặc trưng của AI, như tapestry hay delve, xuất hiện với tần suất dày đặc đến mức gây khó chịu.

Dẫu vậy, báo cáo cũng chỉ ra rằng vấn đề này không mang tính đặc thù của Anh, bởi vì hầu hết quốc gia hiện nay đều chia sẻ thách thức tương tự trong ngành sáng tạo. Từ châu Âu đến Mỹ hay châu Á, giới văn học đang đứng trước làn sóng công nghệ mạnh mẽ và khó đoán định, buộc họ phải liên tục thích nghi để tồn tại.
Vậy đâu là lối thoát. Một số chuyên gia cho rằng điều cần thiết nhất hiện nay là siết chặt quy định về quyền sở hữu trí tuệ trong kỷ nguyên AI. Mô hình opt out, cho phép người sáng tạo yêu cầu không sử dụng tác phẩm của mình trong dữ liệu AI, bị nhiều người chỉ trích vì đặt gánh nặng bảo vệ bản quyền lên chính tác giả.
Nhiều nhà văn cho rằng chính phủ cần đưa ra yêu cầu minh bạch dữ liệu đào tạo đối với các công ty AI, đồng thời bắt buộc họ phải xin phép và trả thù lao nếu muốn sử dụng tác phẩm của người khác.
Tiến sĩ Collett cho biết luật bản quyền cần được sửa đổi để phù hợp với thời đại mới, và việc trả tiền cho tác giả là điều hoàn toàn công bằng. Chỉ khi người sáng tạo được bảo vệ và được trả công xứng đáng thì ngành văn học mới có thể phát triển bền vững trong tương lai.
Ngành kể chuyện, vốn là một phần không thể thiếu của đời sống tinh thần nhân loại, đang đứng trước ngã rẽ lớn. Để bảo vệ sự độc đáo và chiều sâu cảm xúc mà văn chương mang lại, nhiều người cho rằng cần hỗ trợ các nhà văn độc lập, tăng đầu tư cho xuất bản truyền thống và giữ lại những không gian sáng tạo không có sự can thiệp của AI.
Tuy nhiên, liệu các chính phủ và doanh nghiệp có thực sự lắng nghe tiếng nói của giới sáng tạo hay không lại là câu hỏi vẫn chưa có câu trả lời rõ ràng.

"
https://genk.vn/lieu-hoa-tang-bang-nuoc-co-tro-thanh-cach-an-tang-moi-cua-nguoi-my-165251122084107872.chn,Liệu hỏa táng bằng nước có trở thành cách an táng mới của người Mỹ?,"Khi người Mỹ quan tâm nhiều hơn đến môi trường, chi phí và sự lựa chọn cá nhân, hỏa táng bằng nước hoàn toàn có thể trở thành lựa chọn mới cho thế hệ tương lai.","Trong nhiều thập kỷ, câu chuyện về cái chết ở nước Mỹ vẫn xoay quanh hai lựa chọn quen thuộc là chôn cất trong quan tài hoặc hỏa táng bằng lửa. Thế nhưng, giữa bối cảnh biến đổi khí hậu và những lo ngại ngày càng tăng về tác động môi trường từ các nghi thức tang lễ truyền thống, một phương pháp mới đang l quietly len lỏi vào nhận thức công chúng: hỏa táng bằng nước, hay còn gọi là thủy phân kiềm.
Dù còn xa lạ với phần đông người Mỹ, nhưng cách xử lý thi thể này đã bất ngờ thu hút sự chú ý khi Tổng giám mục Desmond Tutu, biểu tượng chống chủ nghĩa apartheid và người giành giải Nobel Hòa Bình năm 1984, chọn nó làm phương thức an táng cuối cùng của mình. Chính sự lựa chọn có tính biểu tượng đó đã mở ra cuộc thảo luận rằng liệu đây có thể là tương lai của ngành tang lễ Mỹ hay không.
Vào lúc 9 giờ tối đầu năm mới, Samantha Sieber, phó chủ tịch nghiên cứu tại Bio-Response Solutions, đang ở nhà mặc đồ ngủ thì bất ngờ nhận được cuộc gọi từBBC World News. Họ cần cô giải thích trực tiếp trên sóng truyền hình về aquamation, thuật ngữ dùng để chỉ thủy phân kiềm.
Tutu qua đời và báo chí thế giới ngay lập tức chú ý đến nguyện vọng của ông về một tang lễ thân thiện hơn với môi trường. Sieber kể lại rằng cô phải vội đưa con và chó xuống tầng hầm rồi ngồi trước máy quay để giải thích về công nghệ mà công ty cô đang dẫn đầu. Đó là một thời khắc mà cô tin rằng phương pháp an táng bằng nước bắt đầu được cả thế giới nhìn nhận nghiêm túc hơn.
Máy thủy phân kiềm tại White Rose Aqua Cremation ở Escondido, California.
Về bản chất, thủy phân kiềm sử dụng hỗn hợp gồm 95 phần trăm nước và 5 phần trăm natri hydroxit, đưa vào khoang thép không gỉ và được đun nóng, nhằm đẩy nhanh quá trình phân hủy tự nhiên của cơ thể. Có hai dạng quy trình: một dạng dùng nhiệt độ thấp kéo dài 14 đến 16 giờ, dạng khác dùng nhiệt cao hơn lên tới khoảng 150 độ C, giúp rút ngắn thời gian xuống còn 4 đến 6 giờ.
Trong quá trình này, các mô cơ thể bị phá vỡ thành hỗn hợp lỏng vô trùng chứa axit amin, muối, đường và xà phòng. Hỗn hợp này được đưa vào hệ thống cống thải như nước thải thông thường, trong khi phần xương được giữ lại, sấy khô và nghiền thành dạng bột mịn, sau đó được trao lại cho gia đình giống như tro cốt trong hỏa táng bằng lửa.
Dù xuất hiện trước công chúng hơn mười năm, nhưung thủy phân kiềm vẫn là phương pháp hiếm gặp trong tang lễ Mỹ. Dù đã được cấp phép tại 26 tiểu bang, phần lớn người dân Mỹ vẫn chưa quen với khái niệm này.
Tuy nhiên, sự lựa chọn của những nhân vật có tầm ảnh hưởng lớn như Desmond Tutu đang khiến dư luận phải suy nghĩ lại. Nhiều chuyên gia cho rằng nước Mỹ đã quá muộn trong việc tìm kiếm giải pháp an táng bền vững hơn, trong bối cảnh chôn cất bằng quan tài và hỏa táng bằng lửa đã tồn tại hàng thập kỷ nhưng lại gây ảnh hưởng đáng kể đến môi trường.
Sơ đồ quá trình thủy phân kiềm.
Thủy phân kiềm thực ra không phải phát minh mới. Bằng sáng chế đầu tiên xuất hiện từ năm 1888, khi Amos Herbert Hobson phát hiện rằng đun nóng hài cốt động vật với chất kiềm có thể tạo ra gelatin và phân bón.
Nhưng phải đến thế kỷ 20, các nhà nghiên cứu tại Đại học Y Albany, gồm Gordon I. Kaye và Peter B. Weber, mới phát triển công nghệ hiện đại dựa trên nguyên lý này để xử lý xác động vật thí nghiệm, đặc biệt là những cá thể nhiễm phóng xạ. Sau khi chứng minh được tính an toàn và hiệu quả, hai ông đã phát minh ra thiết bị đầu tiên dùng thủy phân kiềm cho mục đích y tế, đặt nền móng cho việc ứng dụng lên hài cốt người.
Thập niên 1990 và 2000 chứng kiến sự phát triển mạnh của các hệ thống thủy phân kiềm do Kaye và Weber chế tạo. Sau khi công ty ban đầu giải thể, các kỹ sư và nhà quản lý tiếp tục thành lập Bio-Response Solutions và Resomation Ltd., hiện là hai nhà sản xuất hàng đầu thế giới về thiết bị hỏa táng bằng nước.
Bước ngoặt thật sự diễn ra vào năm 2011, khi giám đốc nhà tang lễ Jeff Edwards tại Ohio trở thành người đầu tiên đưa thủy phân kiềm vào dịch vụ tang lễ cho công chúng. Ông nhanh chóng thu hút sự chú ý, nhưng cũng phải đối mặt với phản ứng dữ dội từ cơ quan quản lý.
Sau 19 ca xử lý, Edwards bị buộc phải dừng hoạt động vì tiểu bang chưa có quy định cụ thể. Edwards khởi kiện, nhưng tòa phán rằng quyền quyết định thuộc về cơ quan quản lý. Từ đó đến nay, Ohio vẫn cấm xử lý hài cốt bằng thủy phân kiềm, buộc nhà tang lễ của Edwards phải chuyển thi thể sang Missouri để thực hiện dịch vụ.
Trong khi đó, tại Oregon, giám đốc nhà tang lễ Morris Pearson đã thực hiện hơn 1.700 ca từ năm 2013, và phương pháp này hiện chiếm hơn một nửa tổng số dịch vụ của ông. Pearson thừa nhận rằng hầu hết các nhà làm luật cảm thấy khó chấp nhận việc đưa nước thải từ quá trình xử lý vào hệ thống cống.
Tuy nhiên, nhiều nghiên cứu cho thấy chất thải này hoàn toàn vô trùng và thậm chí còn hỗ trợ vi khuẩn có lợi trong quy trình xử lý nước thải đô thị. Một số cơ quan còn thừa nhận nó có thể giúp giảm chi phí vận hành.

Không chỉ an toàn, thủy phân kiềm còn được xem là phương pháp an táng có tác động môi trường thấp nhất hiện nay. Chỉ riêng ngành hỏa táng bằng lửa tại Mỹ được cho là thải ra 360.000 tấn CO2 mỗi năm, cùng với thủy ngân từ răng và nhiều chất độc khác. Trong khi đó, chôn cất truyền thống tiêu tốn hàng triệu feet gỗ cứng, hàng ngàn tấn kim loại và hàng triệu tấn bê tông mỗi năm.
Thủy phân kiềm chỉ sử dụng khoảng 10 phần trăm năng lượng so với hỏa táng bằng lửa và không tạo ra khí thải nhà kính. Hơn nữa, quy trình này có khả năng phân hủy các hóa chất tồn dư trong cơ thể, bao gồm thuốc hóa trị và formaldehyde dùng trong ướp xác, thứ mà mỗi năm người Mỹ chôn xuống đất khoảng 800.000 gallon.
Theo Barbara Kemmis, giám đốc điều hành Hiệp hội Hỏa táng Bắc Mỹ, thủy phân kiềm tuy chỉ chiếm chưa đến 0,1 phần trăm trong tổng số ca xử lý thi thể ở Mỹ, nhưng tốc độ tăng trưởng của nó vượt xa hỏa táng bằng lửa trong giai đoạn đầu phát triển. Kemmis cho rằng sự chấp nhận phương pháp này chỉ còn là vấn đề thời gian khi các tiểu bang dần bổ sung quy định và người dân trở nên quen thuộc hơn. Trên thị trường, nhiều công ty đã gán nhãn phương pháp này là hỏa táng bằng nước nhằm nhấn mạnh sự tương đồng về kết quả cuối cùng, dù quy trình hoàn toàn khác biệt.

Những người từng chứng kiến sự thay đổi của ngành tang lễ Mỹ tin rằng câu chuyện của thủy phân kiềm có thể lặp lại lịch sử của hỏa táng bằng lửa. Từ chỗ bị nghi ngờ, phản đối, rồi dần trở nên phổ biến đến mức chiếm hơn 50 phần trăm vào năm 2016, hỏa táng bằng lửa cho thấy rằng các nghi thức tang lễ không phải thứ bất biến. Khi người Mỹ quan tâm nhiều hơn đến môi trường, chi phí và sự lựa chọn cá nhân, hỏa táng bằng nước hoàn toàn có thể trở thành lựa chọn mới cho thế hệ tương lai.
Dù vậy, hành trình phía trước của phương pháp này vẫn còn nhiều rào cản. Rào cản lớn nhất có lẽ không phải là công nghệ, mà là tâm lý. Nhiều người vẫn cảm thấy khó chấp nhận ý tưởng đưa thi thể người thân vào một hệ thống máy móc để rồi phần chất lỏng được thải xuống cống. Nhưng những người ủng hộ tin rằng khi hiểu rõ bản chất của quy trình và lợi ích môi trường mà nó mang lại, xã hội sẽ sớm vượt qua cảm giác e dè ban đầu. Và nếu điều đó xảy ra, có thể một ngày nào đó, hỏa táng bằng nước sẽ không còn là lựa chọn lạ lẫm, mà trở thành phương pháp an táng phổ biến trong đời sống người Mỹ.

"
https://genk.vn/dau-vet-su-song-ngoai-trai-dat-voi-do-chac-chan-997-con-so-gay-chan-dong-nay-duoc-tinh-nhu-the-nao-165251120100157335.chn,"Dấu vết sự sống ngoài Trái Đất với độ chắc chắn 99,7%: Con số gây chấn động này được tính như thế nào?","Dù phát hiện tại K2-18b đã thắp lên niềm hy vọng mới, con đường đến câu trả lời cuối cùng về sự sống ngoài Trái Đất vẫn rất dài và đầy thách thức.","Phát hiện sự sống ngoài Trái Đất luôn là một trong những mục tiêu khoa học đầy thách thức và cũng đầy sức hút đối với nhân loại. Mỗi tín hiệu lạ được ghi nhận từ những thế giới xa xôi đều có thể trở thành manh mối đầu tiên về một dạng sống hoàn toàn mới, hay chí ít là bằng chứng cho thấy sự sống không phải là đặc quyền của Trái Đất.
Trong bối cảnh đó, công bố mới nhất của nhóm nghiên cứu thuộc Đại học Cambridge đã lập tức thu hút sự quan tâm toàn cầu khi họ phát hiện hai phân tử hữu cơ đặc biệt trong khí quyển hành tinh K2-18b, nằm cách chúng ta 124 năm ánh sáng.
Điều khiến cộng đồng khoa học xôn xao không chỉ nằm ở bản thân phát hiện, mà còn ở mức độ tin cậy được công bố: 99,7 phần trăm. Đây là một con số tưởng chừng chạm ngưỡng khẳng định, nhưng thực chất lại cần được hiểu đúng trong bối cảnh của thống kê, vật lý thiên văn và khoa học sự sống ngoài hành tinh.

Trong quá trình phân tích dữ liệu quang phổ, nhóm nghiên cứu Cambridge đã phát hiện sự hiện diện của dimethyl sulfide và dimethyl disulfide trong khí quyển K2-18b. Trên Trái Đất, hai phân tử này là dấu hiệu quen thuộc của hoạt động sinh học, đặc biệt là sinh vật phù du biển.
Hơn 90 phần trăm lượng dimethyl sulfide trong đại dương có nguồn gốc từ các vi sinh vật như tảo cát và những loài phù du khác; gần như không có quy trình phi sinh học nào có thể tạo ra lượng lớn phân tử này trong điều kiện Trái Đất. Điều đó khiến dimethyl sulfide thường được xem như một trong những dấu hiệu sinh học tiềm năng quan trọng.
Điều quan trọng nằm ở chỗ K2-18b được xếp vào nhóm hành tinh đại dương hydro, một dạng thế giới có khí quyển giàu hydro và bề mặt bao phủ bởi đại dương sâu. Với điều kiện nhiệt độ nằm trong vùng sinh sống được, hành tinh này có thể duy trì nước lỏng, vốn là thành phần không thể thiếu của sự sống như chúng ta biết.
Một thế giới như vậy, về mặt lý thuyết, hoàn toàn có khả năng sản sinh hoặc nuôi dưỡng quá trình tạo ra các phân tử chứa lưu huỳnh giống như Trái Đất. Các quan sát trong thời gian qua từ nhiều kính viễn vọng đã củng cố những dự đoán lý thuyết này, khiến K2-18b trở thành ứng viên sáng giá trong danh sách những hành tinh có môi trường tiềm năng hỗ trợ sự sống.
Tuy nhiên, khoa học hành tinh không bao giờ đơn giản như việc tìm thấy một phân tử và kết luận rằng có sự sống. Dimethyl sulfide và dimethyl disulfide vẫn có thể được tạo ra bằng những con đường phi sinh học.
Thực tế, Đài quan sát Purple Mountain từng phát hiện dimethyl sulfide trên sao chổi 67P, nơi hoàn toàn không có điều kiện cho sự sống nảy nở. Trong trường hợp đó, phân tử được tạo thành thông qua phản ứng giữa băng và bức xạ cực tím, cho thấy môi trường không sinh học vẫn có thể tạo ra các hợp chất hữu cơ phức tạp. Vì vậy, bất kỳ kết luận nào về sự sống đều cần phải dựa trên bức tranh tổng thể của toàn bộ hệ hành tinh, thay vì chỉ một hay hai phân tử đơn lẻ.

Vậy tại sao mức độ tin cậy 99,7% lại được nhắc đến nhiều đến vậy? Con số này bắt nguồn từ khái niệm độ lệch chuẩn trong thống kê, thường được ký hiệu là sigma. Trong vật lý và thiên văn học, sigma càng lớn thì độ tin cậy của phép đo càng cao.
Một kết quả đạt mức 3 sigma tương đương khoảng 99,7 phần trăm chắc chắn rằng tín hiệu thu được là có thật chứ không phải nhiễu. Dữ liệu quan sát từ K2-18b rơi vào khoảng 2,9 đến 3,4 sigma, tức là tín hiệu phân tử ghi nhận được rất đáng tin cậy. Tuy nhiên, cần nhấn mạnh rằng điều này chỉ nói lên rằng phân tử đó tồn tại trong khí quyển hành tinh, chứ không khẳng định sự tồn tại của sự sống.
Để tiến xa hơn, các nhà khoa học cần tìm kiếm những phân tử được xem là dấu hiệu sống mạnh mẽ hơn, chẳng hạn như oxy hoặc metan. Sự tồn tại đồng thời của hai phân tử này với tỷ lệ không thể giải thích bằng các quá trình phi sinh học sẽ là bằng chứng đáng tin cậy hơn nhiều. Nhưng đạt được điều đó lại là thử thách lớn, bởi việc phân tích khí quyển các hành tinh ngoài hệ Mặt Trời phụ thuộc rất nhiều vào công nghệ, độ nhạy của thiết bị và chiến lược quan sát.

Trong lịch sử, con đường truy tìm sự sống ngoài Trái Đất từng chứng kiến nhiều cú vấp ngã. Có những tín hiệu từng được ca ngợi là dấu hiệu sinh học nhưng sau đó lại hóa ra chỉ là nhiễu thiết bị hoặc kết quả của các phản ứng hóa học không liên quan đến sinh vật. Đó cũng là lý do tại sao giới khoa học hiện nay rất thận trọng với từng tuyên bố.
Tuy vậy, thí nghiệm mới nhất lần này vẫn được đánh giá rất cao, bởi phương pháp họ sử dụng là quang phổ chuyển tiếp, một kỹ thuật đã được áp dụng rộng rãi trong giám sát khí quyển Trái Đất. Điều đó chứng minh rằng những công cụ hiện có hoàn toàn có khả năng phân tích khí quyển của các hành tinh xa xôi với độ chính xác đủ tốt để tìm kiếm dấu hiệu của sự sống.
Một bước ngoặt khác đến từ phát hiện vào năm 2024 của Đài quan sát Vân Nam, khi các nhà khoa học tìm thấy alanine thuận tay trái trong không gian vũ trụ. Điều này cho thấy một số phân tử hữu cơ trong vũ trụ có tính chất khác biệt so với các phân tử cùng loại trên Trái Đất, mở ra câu hỏi lớn về nguồn gốc và sự đa dạng của hóa học vũ trụ.
Các phát hiện như vậy không chỉ làm phong phú thêm kiến thức khoa học mà còn giúp con người hiểu rõ hơn về các kịch bản có thể dẫn tới sự hình thành của sự sống.
Trong thời gian tới, giới khoa học kỳ vọng nhiều vào Kính viễn vọng Khảo sát Bầu trời, dự kiến được phóng vào năm 2027. Thiết bị này được cho là có độ phân giải vượt trội hơn cả Hubble, mang lại khả năng quan sát tinh tế và rõ ràng hơn đối với các hành tinh trong vùng sinh sống. Các tín hiệu như dimethyl sulfide trên K2-18b có thể được xác minh, bổ sung và đối chiếu với dữ liệu từ những phân tử khác nhằm vẽ nên bức tranh chính xác hơn về môi trường sinh học tiềm năng.
Dù phát hiện tại K2-18b đã thắp lên niềm hy vọng mới, con đường đến câu trả lời cuối cùng về sự sống ngoài Trái Đất vẫn rất dài và đầy thách thức. Nhưng mỗi bước tiến nhỏ lại đưa nhân loại gần hơn một chút đến việc giải đáp câu hỏi lớn nhất của vũ trụ: liệu chúng ta có cô đơn hay không.
Và dù câu trả lời này cần thêm nhiều năm nghiên cứu nữa, phát hiện 99,7% từ K2-18b đã cho thấy chúng ta đang đi đúng hướng, với những công cụ ngày càng mạnh mẽ và những thành tựu khoa học ngày càng thuyết phục.

"
https://genk.vn/lon-rung-nang-200kg-tung-ha-vo-so-cho-san-trong-mot-nam-lieu-chung-co-thuc-su-nguy-hiem-hon-ho-165251120102933677.chn,Lợn rừng nặng 200kg từng hạ vô số chó săn trong một năm: Liệu chúng có thực sự nguy hiểm hơn hổ?,"Lợn rừng là loài ăn tạp, chúng có thể ăn hầu như mọi thứ.","Trong nhận thức của nhiều người, lợn rừng là loài động vật quen thuộc đến mức đôi khi bị xem nhẹ về mức độ nguy hiểm. Nhưng câu chuyện về một con lợn rừng nặng 200kg, với khả năng tấn công dữ dội và từng giết chết vô số chó săn chỉ trong vòng một năm, đang khiến dư luận Trung Quốc phải nhìn nhận lại.
Liệu lợn rừng có thể trở thành loài còn đáng sợ hơn cả hổ, vốn được biết đến như vua của các loài thú săn mồi? Những gì xảy ra trong tự nhiên cho thấy câu trả lời không hề đơn giản.

Nhiều thập kỷ trước, lợn rừng từng xuất hiện dày đặc ở khắp các tỉnh thành Trung Quốc, là mục tiêu săn bắt quen thuộc của những người thợ rừng. Thế nhưng sau một thời gian dài suy giảm mạnh vì quá trình săn bắt và thay đổi môi trường sống, loài này dần trở nên hiếm hoi.
Bất ngờ thay, trong vài chục năm trở lại đây, số lượng lợn rừng lại tăng tốc mạnh mẽ. Theo thống kê mới nhất, chúng đã xuất hiện ở 28 tỉnh thành trên khắp Trung Quốc, và ở 26 tỉnh trong số đó, mật độ của chúng đã đạt mức gây hại rõ rệt. Ước tính có hơn 2 triệu con lợn rừng sinh sống trên toàn Trung Quốc, thường xuyên phá hoại mùa màng, tràn vào đất nông nghiệp và gây thiệt hại nặng nề cho người dân.
Đối mặt với tốc độ gia tăng không kiểm soát, nhiều địa phương buộc phải đưa ra các biện pháp mạnh để hạn chế thiệt hại. Một số huyện, thị như Giang Ninh ở Nam Kinh thậm chí treo thưởng hàng trăm nghìn nhân dân tệ cho các đội săn bắt, với mục tiêu tiêu diệt hàng trăm con lợn rừng mỗi năm.
Nhưng ngay cả các đội săn chuyên nghiệp cũng hiểu rằng săn lợn rừng không phải nhiệm vụ đơn giản. Các biện pháp thủ công như đặt bẫy, giăng lưới hay dùng mồi đều có hiệu quả thấp, thường khiến người săn phải trắng tay sau nhiều đêm phục kích. Việc sử dụng máy bay không người lái để phát hiện vị trí chỉ mang tính hỗ trợ, vì khi tiến đến gần, người săn vẫn phải đối mặt với sức mạnh đáng sợ của loài vật này. Ở nhiều đội săn, chó săn là lực lượng chủ lực, nhưng ngay cả những con chó được huấn luyện kỹ cũng dễ bị lợn rừng phản công.

Điển hình là vụ việc gây chấn động ở Thiên Thủy, Cam Túc, Trung Quốc. Một đội săn bắn được huy động nhằm xử lý con lợn rừng nặng khoảng 200kg thường xuyên phá hoại hoa màu. Sau khi dùng thiết bị chụp ảnh nhiệt xác định vị trí, 12 con chó săn được thả ra để bao vây.
Nhưng cuộc đối đầu nhanh chóng trở thành thảm kịch. Con lợn rừng khổng lồ lao vào đàn chó với tốc độ và sức mạnh khó tưởng tượng, khiến bốn con chó săn thiệt mạng ngay tại chỗ trước khi đội săn kịp hạ gục nó. Đây không phải là trường hợp hiếm hoi. Những con lợn rừng lớn, đặc biệt là lợn đực trưởng thành, có thể chống đỡ cả đàn chó săn và gây thiệt hại nặng nề cho lực lượng săn bắt.
Một trong những lý do khiến lợn rừng khó bị khống chế nằm ở đặc điểm sinh học của chúng. Khác với lợn nhà hiền lành, lợn rừng có bản tính hung dữ, thậm chí những con non mới tách mẹ cũng có thể chủ động tấn công người nếu cảm thấy bị đe dọa. Lớp da và thịt của chúng dày hơn nhiều so với các loài động vật tương tự, giúp bảo vệ nội tạng một cách đáng kinh ngạc trước các đòn tấn công.
Không những vậy, lợn rừng thích lăn mình trong bùn, khiến đất và lông kết dính thành một lớp áo giáp tự nhiên, cứng lại theo thời gian do gió và ánh nắng. Lớp giáp này có thể giảm được lực cắn, vết thương và thậm chí hạn chế khả năng xuyên thấu của các dụng cụ thô sơ.
Đặc biệt, lợn đực trong mùa giao phối còn phát triển một lớp mô dưới da dày từ 2 đến 3 cm kéo dài từ vai đến hông. Lớp mô này giống như một tấm áo chống đạn sinh học, cho phép chúng chiến đấu với đối thủ mà vẫn bảo vệ được những bộ phận quan trọng. Tố chất này khiến lợn rừng mạnh mẽ hơn rất nhiều so với những gì người ta thường nghĩ, và là lý do vì sao ngay cả trong thế bất lợi về số lượng, chúng vẫn có thể chống trả quyết liệt.

Kích thước cũng là yếu tố khiến lợn rừng trở thành đối thủ đáng sợ. Một con lợn rừng nặng dưới 100kg có thể bị bao vây và khống chế dễ hơn, nhưng một con nặng 150kg đến 200kg lại là thách thức rất khác. Chúng có thể tăng tốc nhanh, lao vào đối thủ như một quả tạ nặng với cặp ngà sắc nhọn có thể rạch toạc da thịt chỉ trong một cú húc.
Ở những vùng nông thôn Đông Bắc Trung Quốc, người dân truyền nhau câu nói: Nhất lợn rừng, nhì gấu, ba hổ, để nhấn mạnh mức độ nguy hiểm tiềm tàng của loài này. Câu nói nghe có vẻ phóng đại, nhưng lại phản ánh sự thật rằng người dân vùng núi gặp lợn rừng thường xuyên hơn hổ và cũng dễ bị tấn công hơn.
Xét về khả năng gây thương vong cho con người, lợn rừng thực sự đứng ở mức rất cao. Một khảo sát quốc tế năm 2012 ghi nhận có đến 665 vụ lợn rừng tấn công người từ năm 1825 đến năm 2012, chủ yếu xảy ra vào mùa đông khi nguồn thức ăn khan hiếm. Không chỉ vậy, lợn rừng là loài ăn tạp, gần như không kén chọn nguồn thức ăn.
Ngay cả khi bị thương, chúng vẫn có thể kiếm ăn và tiếp tục sinh tồn, khiến chúng không dễ bị suy yếu như các loài thú săn mồi khác. Hổ, báo hay các loài săn mồi lớn thường bị ảnh hưởng nghiêm trọng khi dính thương tích, dẫn đến sự thận trọng hơn trong việc chọn mục tiêu. Ngược lại, lợn rừng lại không có sự dè chừng này, và điều đó khiến chúng trở thành mối đe dọa thực sự.

Chính sự kết hợp giữa sức mạnh, độ bền, khả năng phòng vệ tự nhiên và môi trường sống gần con người đã tạo nên hình ảnh một loài động vật tưởng chừng quen thuộc nhưng lại cực kỳ nguy hiểm. Khi số lượng lợn rừng tiếp tục tăng và xâm lấn vào khu vực sinh hoạt của con người, nguy cơ xảy ra các vụ xung đột sẽ ngày càng cao.
Điều quan trọng nhất là người dân, đặc biệt là những người sống ở vùng nông thôn, cần hiểu rõ mức độ nguy hiểm của loài vật này để phòng tránh và báo cáo kịp thời khi phát hiện chúng xuất hiện trong khu vực dân cư.
Giữa thiên nhiên hoang dã, đôi khi kẻ mà con người đánh giá thấp nhất lại chính là sinh vật nguy hiểm nhất. Và lợn rừng, với sức chiến đấu bùng nổ và sự liều lĩnh đặc trưng, chính là minh chứng rõ ràng nhất cho điều đó.

"
https://genk.vn/qua-cau-khong-lo-an-duoi-nui-o-trung-quoc-bat-duoc-hat-ma-pha-vo-hieu-biet-vat-ly-cua-nhan-loai-165251120092144587.chn,"Quả cầu khổng lồ ẩn dưới núi ở Trung Quốc bắt được hạt ma, phá vỡ hiểu biết vật lý của nhân loại","Neutrino có thể cho chúng ta biết điều gì về nguồn gốc của vật chất, năng lượng và mọi thứ chúng ta có thể nhìn thấy.","Sâu 700 mét dưới một ngọn núi ở miền nam Trung Quốc, một quả cầu khổng lồ chứa đầy chất lỏng siêu tinh khiết đang âm thầm quan sát những hạt nhỏ nhất và khó hiểu nhất trong vũ trụ. Chúng là neutrino, những hạt ma gần như không tương tác với bất kỳ thứ gì và xuyên qua cơ thể chúng ta với tốc độ hàng nghìn tỷ mỗi giây mà ta không hề hay biết.
Thế nhưng chính những hạt ma này, trong thí nghiệm quy mô lớn mang tên Đài quan sát Neutrino Ngầm Giang Môn JUNO, vừa hé lộ một bất ngờ làm rung chuyển nền vật lý hiện đại.
Kết quả thu được chỉ sau 59 ngày vận hành đã xác nhận sự bất tương hợp bí ẩn giữa các neutrino Mặt Trời và neutrino từ lò phản ứng, điều mà giới khoa học nghi ngờ trong nhiều năm nhưng chưa ai đủ sức chứng minh.
Máy dò trung tâm hình cầu với 43.000 cảm biến quang nằm trong một hồ nước có đường kính khoảng 44 mét, sau này sẽ đóng vai trò như một lá chắn chủ động chống lại bức xạ vũ trụ và phóng xạ tự nhiên.
Phía sau phát hiện này là một công trình có quy mô gây kinh ngạc. Bên dưới lớp đá dày, các kỹ sư Trung Quốc đã xây dựng một quả cầu khổng lồ chứa 20.000 tấn chất phát quang siêu trong. Đây là trái tim của JUNO, hiện được xem là máy dò neutrino lớn nhất và nhạy nhất thế giới.
Bao quanh nó là hơn 43.000 ống nhân quang điện, mỗi ống tinh chỉnh để ghi nhận những tia sáng nhỏ xíu phát ra khi một neutrino bất ngờ va chạm vào proton trong chất lỏng. Số tia sáng đó hiếm đến mức mỗi lần xuất hiện đều mang giá trị như một mẩu thông tin vô giá từ vũ trụ.
Quy mô của JUNO vượt xa bất kỳ thí nghiệm tương tự nào trước đây. Nó lớn hơn 20 lần so với KamLAND của Nhật Bản, sử dụng hệ thống thu ánh sáng tinh vi nhất từng được chế tạo. Theo nhà vật lý J. Pedro Ochoa Ricoux của Đại học California Irvine, người trực tiếp tham gia dự án, mức độ đòi hỏi kỹ thuật ở JUNO gần như không cho phép sai sót. Thế nhưng sau ba tháng vận hành đầu tiên, mọi dữ liệu đều cho thấy hệ thống hoạt động hoàn hảo.
Dự án trị giá 350 triệu đô la này chính thức vận hành toàn phần vào cuối tháng 8 và chỉ đến tháng 11 đã lập tức tạo ra phát hiện đầu tiên. Những phép đo cho thấy neutrino đến từ Mặt Trời có hành vi khác biệt nhẹ nhưng rõ rệt khi so với neutrino tạo ra trong các lò phản ứng hạt nhân. Điều này từng được một số thí nghiệm quốc tế gợi ý, nhưng JUNO là công trình đầu tiên đạt được độ chính xác đủ cao để xác nhận nó.
Hai tham số dao động quan trọng của neutrino Mặt Trời là theta 12 và delta m bình phương 21 được JUNO đo chính xác hơn 1,6 lần so với tổng hợp tất cả các thí nghiệm trước đó cộng lại. Giám đốc dự án Wang Yifang cho biết việc đạt được độ chính xác như vậy chỉ sau hai tháng cho thấy máy dò hoạt động đúng như những gì các nhà khoa học kỳ vọng.
Một neutrino được JUNO phát hiện vào ngày 24 tháng 8, được ghi lại bởi khoảng 43.000 ống nhân quang điện của thí nghiệm.
Phát hiện này khơi dậy một câu hỏi lớn: liệu các mô hình vật lý hiện tại có đang bỏ sót điều gì đó về bản chất của neutrino. Không thể trông cậy vào giả thuyết nhiễu số liệu nữa vì kết quả đã được xác thực bằng thiết bị tiên tiến nhất của nhân loại hiện nay. Các nhà khoa học buộc phải đối mặt với khả năng rằng chúng ta có thể đang chứng kiến dấu hiệu đầu tiên của vật lý mới, điều từng chỉ tồn tại trong các bài toán lý thuyết.
Lịch sử vật lý hạt từng có thời xem neutrino là hạt không khối lượng. Nhưng vào cuối thế kỷ 20, các thí nghiệm ở Nhật Bản và Mỹ đã chứng minh neutrino có thể dao động giữa ba dạng electron, muon và tau trong quá trình di chuyển. Sự dao động này chỉ có thể xảy ra nếu neutrino sở hữu khối lượng. Tuy nhiên đến nay chưa ai biết chính xác khối lượng đó là bao nhiêu và trật tự nặng nhẹ giữa ba dạng neutrino ra sao.
Đây chính là nhiệm vụ lớn nhất của JUNO. Nếu xác định được trật tự khối lượng neutrino, giới khoa học có thể giải mã bí ẩn vì sao vật chất vẫn tồn tại sau Vụ Nổ Lớn thay vì bị tiêu diệt hoàn toàn bởi phản vật chất. Như Sam Zeller, phó giám đốc dự án DUNE của Mỹ từng nói, trật tự khối lượng neutrino có thể là cánh cổng dẫn đến câu hỏi cuối cùng của nhân loại: tại sao chúng ta tồn tại.
Để giải câu hỏi này, JUNO phải quan sát những dao động tinh tế trong phản neutrino phát ra từ hai nhà máy điện hạt nhân gần đó. Mỗi lần neutrino bị phát hiện là một mảnh ghép giúp thu hẹp các tham số biến đổi. Dự kiến sau sáu năm, JUNO sẽ có đủ dữ liệu để xác định trật tự khối lượng với độ tin cậy ba sigma, mức độ thuyết phục cao trong ngành vật lý.
Ở nửa bên trái, bạn có thể thấy các cảm biến quang tạo thành lớp bảo vệ hoạt động bên trong của JUNO. Bên phải là quả cầu acrylic, hiện đang được đổ đầy chất lỏng phát quang.
Nỗ lực của JUNO diễn ra trong bối cảnh cuộc đua quốc tế về khoa học neutrino đang nóng lên. Thí nghiệm DUNE ở Mỹ và Hyper Kamiokande ở Nhật Bản đều sẽ sớm thu thập dữ liệu để truy tìm câu trả lời tương tự. Nhưng thành công bước đầu của JUNO cho thấy cộng đồng vật lý toàn cầu đang tiến gần hơn bao giờ hết đến việc hiểu rõ một trong những hạt bí ẩn nhất từng được biết đến.
Không chỉ phục vụ mục tiêu vật lý hạt, JUNO còn sở hữu độ nhạy đủ để quan sát các hiện tượng khác trong vũ trụ và ngay trên Trái Đất. Nếu một siêu tân tinh bất ngờ phát nổ trong vùng lân cận thiên hà, JUNO có thể là một trong những thiết bị đầu tiên bắt được tín hiệu neutrino phát ra, qua đó cảnh báo sớm cho các nhà thiên văn học.
Máy dò này cũng có thể quan sát geoneutrino, loại neutrino phát sinh từ quá trình phân rã phóng xạ trong lòng Trái Đất, giúp trả lời câu hỏi hành tinh của chúng ta tạo ra bao nhiêu nhiệt từ bên trong.
Theo ông Cao Jun, giám đốc Viện Vật lý năng lượng cao Trung Quốc, JUNO sẽ tiếp tục hoạt động trong nhiều thập kỷ, không chỉ cung cấp thêm những phát hiện quan trọng mà còn đào tạo thế hệ nhà khoa học mới cho ngành vật lý hạt toàn cầu.
Nhìn rộng hơn, mỗi phát hiện liên quan đến neutrino đều đưa con người tiến gần hơn đến việc giải mã nguồn gốc vật chất, năng lượng và cấu trúc của vũ trụ. Những hạt nhỏ bé gần như không tương tác này có thể chính là chìa khóa quan trọng để hiểu vì sao vũ trụ tồn tại như ngày nay. Và quả cầu khổng lồ sâu dưới ngọn núi ở Trung Quốc đang âm thầm viết những chương đầu tiên cho hành trình đó.

"
https://genk.vn/loai-chim-bay-lien-11-ngay-khong-an-uong-vuot-13560-km-va-song-sot-nho-an-noi-tang-cua-chinh-minh-165251120105003661.chn,"Loài chim bay liền 11 ngày không ăn uống, vượt 13.560 km và sống sót nhờ ăn nội tạng của chính mình","Trong thế giới động vật, những câu chuyện về khả năng sinh tồn phi thường luôn tạo nên sức hút đặc biệt.","Từ những loài cá có thể sống trong điều kiện nước gần như đóng băng cho đến các loài côn trùng có sức chịu đựng khó tin, tự nhiên luôn chứa đựng những giới hạn mà con người khó hình dung nổi. Thế nhưng, ngay cả giữa vô số ví dụ kỳ lạ đó, chim choắt mỏ cong đuôi sọc, tên khoa học Limosa lapponica, vẫn là một trường hợp khiến các nhà sinh học phải kinh ngạc.
Nhìn qua, đây chỉ là một loài chim lội nước với hình dáng nhỏ nhắn, đôi chân dài và chiếc mỏ cong đặc trưng. Nhưng ẩn sau vẻ ngoài hiền lành là một sinh vật với khả năng di cư có thể xem là siêu năng lực: chúng bay liên tục 11 ngày không nghỉ, không ăn, không uống và vượt qua hành trình dài tới 13.560 km. Điều đáng kinh ngạc hơn, để hoàn thành chuyến đi, chúng thậm chí còn tiêu thụ chính nội tạng của mình như một nguồn năng lượng.

Loài chim này phân bố rộng ở vùng cực bắc Âu Á và tây bắc Bắc Mỹ. Khi mùa xuân và mùa hè đến, chúng sinh sống và sinh sản tại những vùng đất lạnh giá. Nhưng ngay khi tháng 9 bắt đầu và nhiệt độ giảm xuống, chúng lại rời khỏi quê nhà để tìm đến những vùng trú đông rất xa, trong đó có New Zealand.
Hành trình này không chỉ dài mà còn là một trong những chuyến di cư khắc nghiệt nhất hành tinh. Nhiều năm trước, giới khoa học gần như không hiểu làm thế nào một loài chim với tốc độ bay trung bình lại có khả năng đến nơi trú đông nhanh đến như vậy.
Các nghiên cứu rời rạc tại nhiều quốc gia chỉ cho thấy loài chim này xuất hiện ở hai đầu hành trình, nhưng tuyệt nhiên không thấy dấu vết của chúng ở bất kỳ điểm dừng chân nào giữa quãng đường hơn 10.000 km.
Bí ẩn chỉ được giải mã vào năm 2007 khi các nhà nghiên cứu thuộc Dự án Chim di cư Thái Bình Dương, một sáng kiến hợp tác giữa Cục Khảo sát Địa chất Hoa Kỳ và Trung tâm Khoa học Bảo tồn PRBO, bắt đầu sử dụng công nghệ định vị vệ tinh để theo dõi trực tiếp chuyển động của chúng.
Lần đầu tiên, hành trình di cư của chim choắt mỏ cong đuôi sọc được phác họa rõ ràng. Các thiết bị cho thấy vào giữa tháng 3 mỗi năm, chúng rời New Zealand để bay về phương bắc, men theo bờ biển phía tây Thái Bình Dương và hướng đến Hoàng Hải. Quãng đường này đã dài hơn 10.000 km, nhưng điều đáng kinh ngạc là chúng không dừng lại nghỉ ngơi dù chỉ một lần.

Đỉnh điểm của khám phá này đến vào năm 2022 khi một cá thể Limosa lapponica được theo dõi đã lập kỷ lục bay liền 11 ngày từ Alaska đến Tasmania, vượt qua 13.560 km không ngừng nghỉ. Không có thức ăn, không có nước uống, không có cơ hội nạp lại năng lượng. Vậy điều gì khiến chúng có thể sống sót qua hành trình gần như bất khả thi như vậy?
Câu trả lời nằm ở cơ chế sinh học mà các nhà khoa học mô tả là tự thực, hay autophagy. Đây là một quá trình quen thuộc trong nhiều sinh vật, nơi cơ thể tái chế các tế bào cũ hoặc không cần thiết để duy trì hoạt động. Nhưng ở chim choắt mỏ cong đuôi sọc, quá trình này được đẩy đến một mức độ cực đoan và trở thành vũ khí sinh tồn đặc biệt.
Nghiên cứu tại Alaska năm 1998 đã cung cấp dữ liệu bất ngờ: một nhóm chim choắt mỏ cong đuôi sọc không may va vào mái vòm radar và chết ngay sau khi bắt đầu chuyến di cư. Khi được mổ xẻ, chúng cho thấy lượng mỡ chiếm đến 55 phần trăm trọng lượng cơ thể, thuộc hàng cao nhất trong giới chim.
Nhưng điều đặc biệt nhất là các cơ quan nội tạng của chúng như gan, thận, mề và đặc biệt là ruột non đều co lại đáng kể, giảm từ 20 đến 50 phần trăm kích thước ban đầu.
Hóa ra để nhường chỗ cho lượng mỡ dự trữ khổng lồ, cơ thể của chúng chuẩn bị từ trước hàng tuần. Khi ngày dài dần lên, hormone tuyến giáp tăng mạnh, kích hoạt quá trình làm giảm kích thước nội tạng.
Những cơ quan không giúp ích cho việc bay bị tạm thời thu nhỏ, nhường chỗ cho nhiên liệu và giảm tải trọng lượng phải mang theo. Trên đường di cư, khi mỡ dần cạn kiệt, cơ thể tiếp tục phân giải thêm các mô và tế bào nội tạng để tạo ra năng lượng. Nói cách khác, chúng ăn chính mình để sống sót.

Mặc dù điều này nghe có vẻ tàn nhẫn, nhưng đây lại là cách thích nghi hoàn hảo với hành trình di cư dài chưa từng có. Mỗi gam trọng lượng được loại bỏ giúp chuyến bay nhẹ nhàng hơn và mỗi mô tế bào bị phân giải trở thành nguồn năng lượng quý giá.
Điều kỳ diệu là khi đến điểm dừng chân, các cơ quan này có khả năng phục hồi nhanh chóng. Trong vòng 3 đến 7 ngày, gan, thận và ruột của chúng gần như trở lại trạng thái bình thường nhờ hoạt động mạnh mẽ của tế bào gốc.
Giới khoa học cho rằng sức bền và khả năng thích nghi này là một trong những ví dụ hoàn hảo nhất về tiến hóa tối ưu hóa theo nhu cầu sinh tồn. Loài chim choắt mỏ cong đuôi sọc không mạnh mẽ nhất, không nhanh nhất và cũng không lớn nhất trong họ chim lội nước.
Nhưng chúng lại là những nhà vô địch về độ bền, vượt xa nhiều loài chim di cư khác và nắm giữ kỷ lục thế giới về chuyến bay không dừng dài nhất từng được ghi nhận.

Khả năng đặc biệt này khiến nhiều người liên tưởng đến những viễn cảnh khoa học tương lai. Nếu con người hiểu và học được cơ chế tự phân giải tổ chức theo cách kiểm soát như loài chim này, nhiều ngành nghề mới có thể ra đời, từ y sinh đến hàng không.
Tuy nhiên, điều đó vẫn chỉ nằm trong tưởng tượng. Với con người, việc phá vỡ mô nội tạng sẽ gây ra tổn thương không thể đảo ngược, còn với loài chim nhỏ bé kia, đó lại là điều kiện tiên quyết để tiếp tục một vòng tuần hoàn sống vốn đã được xây dựng từ hàng triệu năm tiến hóa.
Khả năng bay suốt 11 ngày không ngủ, không ăn và không nghỉ của chim choắt mỏ cong đuôi sọc cho thấy thiên nhiên luôn vượt xa trí tưởng tượng của con người. Trong khi thế giới vẫn tiếp tục khám phá những bí mật mới, loài chim nhỏ bé này đã âm thầm giữ cho mình một vị trí đặc biệt trong danh sách những sinh vật có sức mạnh phi thường nhất hành tinh.

"
https://genk.vn/gap-go-nhung-con-nguoi-thuc-su-khong-biet-so-khi-noi-so-bien-mat-va-khoa-hoc-ly-giai-bi-an-kho-tin-16525112009123452.chn,Gặp gỡ những con người thực sự không biết sợ: Khi nỗi sợ biến mất và khoa học lý giải bí ẩn khó tin,Hiếm người muốn sống một đời không biết sợ.,"Trong suốt hàng trăm triệu năm tiến hóa, nỗi sợ hãi luôn là người bạn đồng hành của sinh vật sống, từ những loài động vật nguyên thủy cho đến con người hiện đại. Nó giúp chúng ta sinh tồn, tránh nguy hiểm và hình thành bản năng tự vệ ăn sâu trong tiềm thức.
Thế nhưng ở một góc nào đó của thế giới, có những con người gần như bị tước bỏ cảm giác sợ hãi. Họ nhìn thẳng vào cái chết như thể đang nhìn vào bữa sáng của mình, bình thản đến mức khoa học cũng phải kinh ngạc. Dù gặp nguy hiểm, bị đe dọa hay đối diện những tình huống tồi tệ nhất, cơ thể họ chẳng hề tạo ra phản ứng mà người bình thường vốn coi là bản năng sống còn.
Câu chuyện tưởng như bước ra từ phim viễn tưởng này lại hoàn toàn có thật. Một số trường hợp xuất phát từ bệnh hiếm, số khác lại do tổn thương não sau phẫu thuật. Nhưng dù nguyên nhân là gì, cuộc sống của họ đều trở thành những tư liệu quý giá giúp giới khoa học khám phá sâu hơn về cách bộ não vận hành nỗi sợ, đồng thời mở ra những góc nhìn mới về cảm xúc căn bản nhất của loài người.
Jordy Cernik đã đu dây xuống một tòa tháp cao 418ft (128m) như thể anh đang chạy việc vặt trên phố.
Một trong những trường hợp điển hình nhất là Jordy Cernik, người đàn ông Anh gây tò mò khi phát hiện mình hoàn toàn không biết sợ. Khoảnh khắc giúp anh nhận ra sự bất thường này diễn ra trong một lần nhảy dù vào năm 2013.
Dù lao từ độ cao hàng ngàn mét, nhưng cơ thể anh lại hoàn toàn bình thản, không chút adrenaline, không cảm giác kích thích hay căng thẳng. Từ đó, Cernik thực hiện hàng loạt thử thách mà phần lớn mọi người chỉ cần nhìn đã rùng mình, trong đó có màn đu dây xuống mép Tháp Nâng Quốc gia ở Northampton cao tới 128 mét.
Nguồn gốc của sự biến đổi kỳ lạ này bắt đầu từ năm 2005, khi Cernik được chẩn đoán mắc Hội chứng Cushing, căn bệnh hiếm gặp do cơ thể sản xuất quá nhiều cortisol. Đây là loại hormone đóng vai trò trung tâm trong phản ứng căng thẳng. Nồng độ cortisol cao khiến hệ thần kinh của anh liên tục trong trạng thái báo động giả, dẫn đến tăng cân đột biến, đổ mồ hôi quá mức và suy kiệt cả thể chất lẫn tinh thần.
Căn bệnh ảnh hưởng tới 10 đến 15 người trên một triệu dân mỗi năm này thường xuất phát từ việc tuyến yên tạo ra quá nhiều hormone ACTH. Cernik phải trải qua phẫu thuật não để điều trị, nhưng bệnh lại quá dai dẳng, buộc các bác sĩ phải cắt bỏ hoàn toàn tuyến thượng thận. Đây là bước ngoặt khiến cuộc đời anh rẽ sang hướng không ai ngờ tới.
Khi tuyến thượng thận biến mất, cơ thể anh ngừng sản xuất adrenaline, hormone giúp con người phản ứng trước nguy hiểm. Về mặt khoa học, đây giống như việc tắt đi công tắc phản xạ sợ hãi. Kết quả là khi thực hiện những thử thách mạo hiểm, các thiết bị đo sinh học cho thấy cơ thể Cernik không có bất kỳ phản ứng căng thẳng nào. Không có tim đập nhanh, không tiết mồ hôi, không run rẩy. Cơ thể anh bình yên một cách đáng ngờ.
Thế nhưng sống không biết sợ không đồng nghĩa với sống không đau đớn. Vì thiếu adrenaline, vốn là một chất giảm đau tự nhiên, ngay cả những vết thương nhỏ cũng khiến anh đau hơn người thường. Đồng thời, anh gần như không còn cảm giác phấn khích, mất luôn động lực để theo đuổi các mục tiêu cá nhân. Với anh, mọi thứ trở nên nhạt nhòa như một bản nhạc không có cao trào.

Trường hợp nổi tiếng nhất trong y văn về hiện tượng không biết sợ thuộc về một người phụ nữ được biết đến với cái tên SM, được các nhà khoa học Đại học Iowa nghiên cứu vào năm 2011. SM mắc bệnh Urbach Wiethe, chứng bệnh di truyền cực hiếm khiến các mảng canxi tích tụ tại hạch hạnh nhân.
Đây là khu vực não chịu trách nhiệm xử lý nỗi sợ. Khoảng 400 người trên thế giới từng được ghi nhận mắc bệnh này, nhưng SM lại sở hữu tổn thương song phương hoàn hảo đến mức gần như xóa sạch khả năng cảm nhận sợ hãi.
Các nhà khoa học đã thử mọi cách để tạo ra phản ứng sợ hãi: cho cô tiếp xúc với rắn độc, nhện sống, đưa vào nhà ma, chiếu các bộ phim kinh dị nổi tiếng. Nhưng trong mọi thử nghiệm, SM không hề run sợ. Cô cười khi ""quái vật"" xuất hiện, thậm chí còn trêu chọc diễn viên hóa trang trong nhà ma. Với rắn hay nhện, cô không chỉ chạm mà còn cố nài nỉ muốn sờ những con lớn hơn dù được cảnh báo nguy hiểm.
Tính cách chủ động và bản năng không hề phòng vệ của SM càng được thể hiện rõ trong thực tế. Cô từng bị tấn công bằng dao trong công viên, kề lưỡi dao ngay cổ họng, nhưng vẫn đứng vững và nói chuyện bình thản đến mức khiến kẻ tấn công phải bỏ đi. Hôm sau, cô quay lại công viên như không có gì xảy ra.
Dù mất phản ứng sợ hãi, nhưng SM vẫn cảm nhận được các cảm xúc khác như buồn bã, tức giận hay ghê tởm. Chỉ duy nhất nỗi sợ là biến mất hoàn toàn.
Smith đã trải qua phẫu thuật não để điều trị chứng động kinh nghiêm trọng. Trong quá trình phẫu thuật, một phần hạch hạnh nhân của anh đã bị cắt bỏ, làm giảm đáng kể phản ứng sợ hãi của anh.
Một trường hợp khác là Jody Smith, người Mỹ 28 tuổi, từng trải qua phẫu thuật cắt bỏ một phần hạch hạnh nhân, thùy thái dương và hồi hải mã để điều trị động kinh. Và sau ca mổ, nỗi sợ cũng biến mất khỏi đời anh.
Không giống Cernik hay SM, Smith vẫn hiểu thế nào là nguy hiểm, nhưng cơ thể anh không còn tạo ra phản ứng bản năng. Khi đứng gần vách đá hay đối mặt với nhóm người khả nghi trên phố Newark, anh vẫn tránh những hành động liều lĩnh nhưng không hề hoảng loạn hoặc run rẩy. Sự bình tĩnh của anh khiến ngay cả những kẻ có ý định xấu cũng phải dè chừng và bỏ qua.
Trong khi có những cá nhân gần như miễn nhiễm với nỗi sợ, thì đa số loài người vẫn đang vận hành dựa trên cơ chế sinh tồn được hình thành từ hàng trăm triệu năm. Hạch hạnh nhân khởi động phản ứng chiến đấu hoặc bỏ chạy, khiến tim đập nhanh, nhịp thở tăng và adrenaline tràn vào cơ thể. Hồi hải mã giúp ta hiểu bối cảnh, còn vỏ não trước trán đánh giá xem mối đe dọa có thực sự nguy hiểm hay không.
Nỗi sợ vừa là sự bảo vệ, vừa là lời nhắc nhở về giới hạn. Không có nó, con người dễ đánh mất sự cảnh giác, bước vào nguy hiểm mà không nhận ra. Nhưng với những người như Cernik, SM hay Smith, khoa học nhìn thấy nhiều hơn sự khác biệt. Họ là những minh chứng sống giúp chúng ta hiểu sâu hơn về bộ não, cảm xúc và bản chất sinh tồn.
Hiếm người muốn sống một đời không biết sợ. Nhưng nhờ những trường hợp đặc biệt này, các nhà khoa học có thêm cơ hội khám phá cách nỗi sợ hình thành, vì sao nó mạnh mẽ đến vậy và điều gì xảy ra nếu một ngày nó đột ngột biến mất. Nhìn vào cuộc đời họ, ta không chỉ thấy sự lạ lẫm mà còn nhận ra một điều giản dị: sợ hãi, dù đôi khi khiến ta yếu đuối, vẫn là một phần quan trọng làm nên sự sống của chính chúng ta.

"
https://genk.vn/einstein-khong-he-noi-doi-chung-ta-vu-tru-so-huu-mot-sieu-kinh-vien-vong-mien-phi-giup-nhin-thay-thien-ha-tu-13-ty-nam-truoc-16525111909364809.chn,"Einstein không hề nói dối chúng ta: Vũ trụ sở hữu một siêu kính viễn vọng miễn phí, giúp nhìn thấy thiên hà từ 13 tỷ năm trước","Con người không ngừng đầu tư vào những công nghệ quan sát vũ trụ tinh vi nhất, nhưng thật trớ trêu, vũ trụ vốn đã cung cấp sẵn cho chúng ta một công cụ quan sát mạnh mẽ đến mức chính các kính viễn vọng tối tân cũng phải dè chừng.","Công cụ ấy không được chế tạo bằng kim loại hay gương kính, mà hình thành từ chính những cấu trúc khổng lồ của vũ trụ. Các nhà khoa học gọi nó bằng một cái tên nghe đầy bí ẩn: thấu kính hấp dẫn.
Điều thú vị hơn cả là hiện tượng này đã được Einstein dự đoán từ hơn một thế kỷ trước, khi ông đang miệt mài với những dòng tính toán của thuyết tương đối rộng.
Khi đọc những báo cáo gần đây, đặc biệt là nghiên cứu về thiên hà JD1 đăng trên tạp chí Nature, không ít nhà thiên văn học đã ví thấu kính hấp dẫn như một siêu kính viễn vọng miễn phí mà vũ trụ tự thiết kế.
Sự so sánh đó không hề cường điệu, bởi lẽ chính nhờ hiệu ứng bẻ cong ánh sáng của trọng lực, các cụm thiên hà đồ sộ có thể khuếch đại hình ảnh của những thiên thể nằm xa đến mức tưởng như không thể quan sát. Hình ảnh từ nơi xa xôi ấy được kéo căng, phóng đại và dẫn thẳng về phía ống kính của những thiết bị đang hoạt động quanh Trái Đất.
Hiện tượng này hoạt động không khác gì chiếc kính lúp mà ai cũng từng cầm trên tay hồi nhỏ, chỉ thay vì tập trung ánh sáng mặt trời, nó tập trung cả không gian và thời gian.

Điển hình cho sức mạnh của thấu kính hấp dẫn chính là trường hợp thiên hà JD1. Dấu vết mờ nhạt của thiên thể này từng được ghi nhận lần đầu vào năm 2012, nhưng ánh sáng quá yếu khiến các nhà khoa học không thể xác định được bản chất thực sự của nó.
Mọi thứ thay đổi khi Kính viễn vọng Webb hướng ống kính về phía vùng không gian đó. Một cụm thiên hà khổng lồ nằm giữa Webb và JD1 đã tạo ra hiệu ứng thấu kính, phóng đại ánh sáng từ JD1 lên 13 lần, khiến hình ảnh của nó trở nên sắc nét và rõ ràng hơn rất nhiều.
Nói một cách hình tượng, nếu không có thấu kính hấp dẫn, việc nhìn thấy JD1 chẳng khác nào cố quan sát bước chân của con kiến dưới bóng râm. Nhưng khi có một chiếc kính lúp thích hợp, từng chi tiết nhỏ bé đều hiện ra một cách rõ ràng.
Quan sát này trở nên đặc biệt ấn tượng khi các nhà nghiên cứu xác định được tuổi của ánh sáng phát ra từ JD1. Theo tính toán, những tia sáng ấy rời khỏi thiên hà này khi vũ trụ chỉ mới 480 triệu năm tuổi, tức là chỉ là một đứa trẻ sơ sinh so với tuổi đời 13,8 tỷ năm của vũ trụ ngày nay.
Điều đó đồng nghĩa rằng khi chúng ta nhìn vào JD1, chúng ta đang nhìn vào lịch sử của vũ trụ ở thời kỳ hết sức sơ khai, thời điểm mà những thiên hà đầu tiên mới bắt đầu hình thành những ngôi sao trẻ nhất. Những đường quang phổ thu được từ JD1 đóng vai trò như tấm căn cước, cho biết số lượng các nguyên tố nặng, tốc độ chuyển động và cấu trúc của nó.
Đây chính là những bằng chứng giúp các nhà thiên văn khẳng định chắc chắn rằng JD1 là một trong những thiên hà cổ nhất từng được nhân loại quan sát.

Không chỉ cổ xưa, thiên hà JD1 còn mang trên mình vẻ ngoài bình dị đến bất ngờ. Khối lượng và kích thước đều nhỏ hơn rất nhiều so với Dải Ngân Hà, hình dạng lại khá hỗn loạn và mất trật tự. Tuy nhiên chính sự mờ nhạt ấy mới khiến giới khoa học phấn khích.
Trong nhiều năm, những thiên hà xa xôi mà chúng ta quan sát được thường là những thiên hà sáng nhất, to lớn nhất, có cấu trúc ổn định hơn. Đó chỉ là những ngoại lệ. Sự thật là phần lớn thiên hà sơ khai trong vũ trụ đều nhỏ bé và mờ nhạt như JD1.
Chính ánh sáng khiêm tốn nhưng ổn định từ những thiên hà như vậy đã góp phần xé toạc lớp sương mù hydro trung tính bao phủ vũ trụ thời kỳ đầu, mở ra giai đoạn được gọi là tái ion hóa, nơi ánh sáng có thể lan tỏa và định hình nên vũ trụ rộng mở như ngày nay.
Một đặc điểm nổi bật khác của JD1 là nó được bao trùm bởi các nguyên tử hydro trung hòa. Ở giai đoạn đầu vũ trụ, tầng hydro này giống như lớp hơi nước dày che kín một chiếc bánh bao nóng, khiến bao thế hệ kính thiên văn trước đây gần như không thể xuyên qua để quan sát cấu trúc bên trong.
Thế nhưng, sức mạnh kết hợp của Webb và thấu kính hấp dẫn đã giúp xuyên thủng lớp sương mù đó, mang đến cái nhìn chi tiết chưa từng có về một thiên hà nhỏ bé từ 13 tỷ năm trước. Đây là bước tiến quan trọng, mở ra cơ hội tìm kiếm những thiên hà thậm chí còn cổ xưa hơn, có thể là nơi khai sinh ra những ngôi sao đầu tiên trong lịch sử vũ trụ.
Câu chuyện khoa học mang tính đột phá này khiến nhiều người tò mò về cảm xúc của Einstein, nếu như ông có thể chứng kiến những điều đang xảy ra ngày nay. Khi dự đoán ánh sáng sẽ bị bẻ cong bởi trọng lực trong thuyết tương đối rộng, ông từng cho rằng hiện tượng này quá nhỏ và khó xảy ra, khó có thể quan sát bằng dụng cụ thời đó.
Nhưng chỉ một thế kỷ sau, nó không chỉ được ghi nhận, mà còn trở thành công cụ quan trọng để nhìn về thời kỳ mà vũ trụ chỉ mới nằm trong nôi. Người đời vẫn thường nói những điều tưởng như xa vời cuối cùng cũng có thể trở thành hiện thực, và hiệu ứng thấu kính hấp dẫn của Einstein chính là minh chứng rõ ràng nhất.

Trong các phòng thí nghiệm, các nhà khoa học không chỉ quan sát mà còn cảm nhận được ý nghĩa sâu sắc của những phát hiện này. Một nhà nghiên cứu đã kể rằng ông dành suốt ba tháng liên tục xử lý dữ liệu quang phổ của JD1.
Khi con số 480 triệu năm hiện ra trên màn hình, bàn tay ông run lên vì xúc động. Với ông, đó giống như khoảnh khắc chạm vào lịch sử của vũ trụ, như thể đang bắt tay với một phần ký ức đã tồn tại từ 13 tỷ năm trước. Cảm xúc ấy là điều mà bất kỳ ai theo đuổi thiên văn học đều mong muốn trải nghiệm một lần trong đời.
Hiện tại, các kính viễn vọng hàng đầu như Webb vẫn đang khai thác tối đa sức mạnh của thấu kính hấp dẫn để truy tìm thêm những thiên hà cổ. Mỗi lần phát hiện mới đều là một bước tiến giúp chúng ta ghép thêm một mảnh vào bức tranh khổng lồ về nguồn gốc của vũ trụ.
Có lẽ, trong tương lai không xa, những thiên hà đầu tiên từng hình thành sau Vụ Nổ Lớn sẽ được quan sát trực tiếp. Chỉ riêng ý nghĩ ấy cũng đủ khiến bất kỳ ai yêu vũ trụ phải rùng mình vì phấn khích.

"
https://genk.vn/honda-dau-tu-vao-omc-power-buoc-di-nho-nhung-co-the-lam-thay-doi-cuoc-choi-cua-xe-may-dien-toan-cau-16525111909392979.chn,Honda đầu tư vào OMC Power: Bước đi nhỏ nhưng có thể làm thay đổi cuộc chơi của xe máy điện toàn cầu,Khoản đầu tư của Honda vào OMC Power của Ấn Độ có thể mở đường cho các trạm đổi pin năng lượng tái tạo dành cho xe hai bánh chạy điện.,"Sự chuyển dịch sang giao thông điện hóa đang bước vào giai đoạn mà động cơ điện hay bộ pin không còn là tâm điểm duy nhất. Thay vào đó, thế giới đang chứng kiến sự hình thành của những hệ sinh thái năng lượng hoàn chỉnh, nơi sản xuất điện, lưu trữ, phân phối và phương tiện di chuyển liên kết chặt chẽ với nhau.
Trong bối cảnh đó, việc Honda nắm giữ từ 5 đến 10 phần trăm cổ phần tại công ty năng lượng tái tạo OMC Power của Ấn Độ không đơn thuần là một động thái đầu tư, mà có thể là bước khởi đầu cho một mô hình di chuyển bằng điện hoàn toàn mới, đặc biệt đối với xe hai bánh vốn đang chiếm vị trí áp đảo tại các quốc gia như Ấn Độ.
Nếu Honda và OMC có thể chứng minh rằng lưới điện siêu nhỏ tái tạo và pin di động có thể cùng tồn tại ở quy mô lớn, họ sẽ có một khuôn mẫu mà các quốc gia khác có thể học tập.
OMC Power được thành lập năm 2011 tại Gurgaon và nhanh chóng nổi lên như một trong những đơn vị tiên phong phát triển lưới điện siêu nhỏ sử dụng năng lượng mặt trời kết hợp pin lưu trữ.
Các dự án của công ty trải rộng từ cung cấp điện cho tháp viễn thông, nhà dân, doanh nghiệp nhỏ đến cả những vùng nông thôn vốn phụ thuộc vào nguồn điện chắp vá. Với mục tiêu mở rộng lên mức công suất tái tạo 1 gigawatt trong tương lai, OMC không chỉ thu hút các tập đoàn Nhật Bản như Mitsui & Co. hay Chubu Electric Power mà còn lọt vào tầm nhìn của Honda, một thương hiệu đang đẩy mạnh chiến lược phát triển bền vững và quản lý năng lượng phân tán.
Điểm khiến giới chuyên môn đặc biệt chú ý chính là khả năng kết nối giữa hệ thống lưới điện siêu nhỏ của OMC và dự án Power Pack e: của Honda. Tại Nhật Bản, bộ pin có thể hoán đổi này đã chứng minh tính hữu dụng khi cung cấp năng lượng cho xe tay ga giao hàng, xe điện nhỏ cỡ đô thị và thậm chí cả thiết bị dân dụng di động.
Nếu mô hình đó được áp dụng tại Ấn Độ, nơi có hàng trăm triệu người phụ thuộc vào xe máy mỗi ngày, tác động sẽ rất lớn. Thay vì đòi hỏi các trạm sạc quy mô lớn và nguồn điện lưới ổn định, xe máy điện có thể hoạt động dựa trên mạng lưới đổi pin nhỏ gọn do OMC vận hành, được nạp lại hoàn toàn bằng năng lượng mặt trời. Người dùng chỉ cần đến các điểm đổi pin, hoán đổi pin cạn và tiếp tục di chuyển mà không phải chờ sạc.
Trạm đổi pin sử dụng Mobile Power Pack e: của Honda hoàn toàn phù hợp với mô hình kinh doanh của OMC.
Không dừng lại ở đó, OMC còn đang đẩy mạnh tái sử dụng pin xe điện đã qua sử dụng cho các hệ thống lưu trữ cố định. Điều này phù hợp với tầm nhìn vòng đời pin mà Honda đang theo đuổi, khi một bộ pin không còn phù hợp với phương tiện vẫn có thể tiếp tục vận hành trong lưới điện thông minh hoặc hệ thống dự phòng tại cộng đồng nông thôn.
Đây là một chiến lược không chỉ làm giảm chi phí mà còn tạo ra một chu trình năng lượng bền vững, nơi mỗi bộ pin đều được tối ưu hóa giá trị trước khi kết thúc vòng đời.
Tác động của hướng đi này đối với ngành công nghiệp xe máy tại Ấn Độ có thể rất sâu rộng. Hạ tầng điện chưa ổn định từ lâu đã là rào cản khiến người dân dè dặt trước xe máy điện.
Nhưng với mạng lưới đổi pin hỗ trợ bởi năng lượng tái tạo, nỗi lo về tầm hoạt động và thời gian sạc dần được loại bỏ. Xe điện trở nên phù hợp hơn với nhịp sống đông đúc của các đô thị đông dân và đồng thời mở ra cơ hội tiếp cận cho các khu vực nông thôn vốn ít được hưởng lợi từ hạ tầng hiện đại.
OMC chuyên cung cấp các giải pháp lưu trữ điện cho các vùng nông thôn ở Ấn Độ.
Đối với thị trường toàn cầu, sự hợp tác giữa Honda và OMC Power có thể trở thành hình mẫu cho cách các nhà sản xuất phương tiện gắn kết năng lượng và di chuyển thành một hệ thống thống nhất. Đông Nam Á, châu Phi và nhiều khu vực tại Mỹ Latinh đang đối mặt với những thách thức tương tự như Ấn Độ: hạ tầng điện yếu, chi phí nhiên liệu tăng và nhu cầu di chuyển bằng xe máy cao.
Nếu mô hình này thành công, Honda sẽ tạo ra một khuôn mẫu chuyển đổi năng lượng mà nhiều quốc gia có thể áp dụng mà không cần đầu tư lớn cho hệ thống sạc truyền thống.
Khoản đầu tư nhỏ vào OMC Power vì thế mang ý nghĩa lớn hơn rất nhiều so với những con số được công bố. Nó thể hiện tầm nhìn dài hạn của Honda trong việc không chỉ sản xuất xe điện, mà còn xây dựng nền tảng năng lượng giúp xe điện vận hành bền vững.
Một tương lai nơi xe máy điện chạy bằng pin có thể thay thế nhanh, được nạp bằng năng lượng mặt trời, có thể sớm trở thành hiện thực nếu Honda và OMC thành công trong việc kết hợp hai thế mạnh của mình. Đây có thể là bước khởi đầu cho một cuộc cách mạng di chuyển sạch tại những thị trường đông dân nhất thế giới.

"
https://genk.vn/niu-concept-06-sieu-xe-tay-ga-dien-chay-155-km-h-ho-tro-ai-toi-uu-cong-suat-theo-dieu-kien-thuc-te-165251119093529442.chn,"NIU Concept 06: Siêu xe tay ga điện chạy 155 km/h, hỗ trợ AI tối ưu công suất theo điều kiện thực tế","Tại EICMA năm nay, NIU không chỉ mang đến một mẫu xe mới mà còn trình làng cả một tuyên ngôn về tương lai của xe tay ga điện.","Concept 06 xuất hiện với dáng vẻ của một chiếc Sport Tourer thu nhỏ, nhưng điều khiến giới mô tô phải chú ý chính là hiệu suất vượt xa mọi chuẩn mực thông thường trong phân khúc xe điện đô thị.
Với công suất 20 kW, tương đương khoảng 27 mã lực, cùng tốc độ tối đa lên tới 155 km/h, Concept 06 thậm chí còn nhanh hơn BMW CE 04, mẫu xe vốn được xem là chuẩn mực tốc độ của xe máy điện hiện nay. Sự xuất hiện của Concept 06 đang đặt NIU vào cuộc đua tốc độ một cách đầy bất ngờ và táo bạo.

Trong nhiều năm, NIU gắn liền với những mẫu xe dành cho di chuyển hàng ngày trong đô thị như MQi hay NQi. Nhưng Concept 06 cho thấy thương hiệu này đang hướng lên phân khúc cao hơn, nơi hiệu suất và công nghệ là hai yếu tố quyết định.
Mặc dù NIU chưa công bố mô men xoắn, nhưng với mức công suất 20 kW, việc chạy cao tốc, vượt xe hay di chuyển đường dài đã không còn là điều xa lạ. Điều duy nhất được giữ kín là phạm vi hoạt động, một thông số quan trọng sẽ quyết định xem liệu người dùng có thể kỳ vọng Concept 06 đạt hoặc vượt mức 128 km của BMW CE 04 hay không.
Chính sự im lặng này khiến chiếc xe càng trở nên được chú ý hơn, với nhiều câu hỏi mở dành cho NIU về cách họ cân bằng giữa tốc độ và khả năng sử dụng thực tế.

Tuy nhiên, hiệu suất ấn tượng chỉ là một phần trong câu chuyện mà Concept 06 mang đến. NIU dành sự đầu tư lớn cho hệ thống trí tuệ nhân tạo mà hãng gọi là AI Co Pilot. Đây không chỉ là một trợ lý ảo mà còn là bộ não theo dõi, học hỏi và điều chỉnh thói quen lái xe của người dùng.
AI có thể phát hiện bạn đang điều khiển xe ổn định hay không, tối ưu công suất theo điều kiện thực tế và đưa ra cảnh báo khi cần thiết. Dàn công nghệ hỗ trợ người lái còn có hàng loạt tính năng như kiểm soát hành trình thích ứng ACC, hỗ trợ khởi hành ngang dốc, kiểm soát đổ đèo, giám sát 360 độ thông qua hệ thống NIU Nearest Unit, cảnh báo khoảng cách bằng ánh sáng chiếu xuống mặt đất, kính chắn gió chỉnh điện, tay lái chỉnh điện và cả chế độ giám sát sau khi đỗ xe Sentry Mode.
Những tính năng này vốn chỉ xuất hiện trên ô tô cao cấp, nay đã được đưa lên một mẫu xe tay ga điện.

Ngoại hình của Concept 06 cũng thể hiện rõ định hướng bước sang một kỷ nguyên mới. Thân xe thấp, rộng và kéo dài theo phong cách Sport Tourer, kết hợp với hệ thống đèn pha LED sắc sảo, các mảng ốp lớn và thiết kế liền lạc mang hơi thở tương lai.
Chiếc xe gần như vượt ra khỏi cấu trúc thiết kế quen thuộc của NIU, tạo cảm giác như một mẫu concept trình diễn hơn là sản phẩm chuẩn bị sản xuất. Nhưng khi nhìn vào độ hoàn thiện của những chi tiết xuất hiện trên phiên bản trưng bày, nhiều chuyên gia cho rằng NIU rõ ràng không chỉ trưng bày nhằm phô diễn, mà còn muốn thử phản ứng thị trường trước khi tính đến chuyện thương mại hóa.

Dù NIU chưa xác nhận việc sản xuất hàng loạt Concept 06, nhưng tham vọng của hãng đã được thể hiện một cách rất rõ ràng. Trong bối cảnh thị trường xe điện đang chuyển mình mạnh mẽ, tốc độ đang trở thành một thước đo mới để phân biệt giữa xe điện phổ thông và xe điện hiệu suất cao. NIU Concept 06 với tốc độ tối đa 155 km/h, công suất 20 kW và hệ thống AI toàn diện đã tiến một bước xa hơn so với những gì người dùng kỳ vọng ở một chiếc xe tay ga điện.

Nếu Concept 06 thực sự được đưa vào sản xuất, nó có thể trở thành một trong những bước ngoặt lớn của NIU, không chỉ nâng tầm thương hiệu mà còn mở ra một cuộc cạnh tranh hoàn toàn mới trong ngành xe điện hai bánh.
Trong lúc chờ câu trả lời từ NIU, Concept 06 đã kịp khẳng định một điều: tương lai của xe tay ga điện sẽ không chỉ xoay quanh sự tiện lợi, mà còn là cuộc đua của tốc độ, công nghệ và trải nghiệm lái tốc độ cao.

"
https://genk.vn/virus-co-phai-la-sinh-vat-song-khong-tranh-cai-keo-dai-hang-thap-ky-va-nhung-kham-pha-moi-dang-thay-doi-cau-tra-loi-165251119093411094.chn,Virus có phải là sinh vật sống không? Tranh cãi kéo dài hàng thập kỷ và những khám phá mới đang thay đổi câu trả lời,Câu hỏi virus có phải là sinh vật sống hay không có thể không bao giờ có câu trả lời tuyệt đối.,"Trong giới sinh học, hiếm có câu hỏi nào gây tranh luận kéo dài và chưa bao giờ thực sự ngã ngũ như việc virus có được xem là sinh vật sống hay không. Nhiều thế hệ học sinh đã lớn lên với định nghĩa trong sách giáo khoa rằng virus không phải sinh vật sống, rằng chúng chỉ là các cấu trúc vô bào buộc phải ký sinh để tồn tại.
Tuy nhiên, trong bối cảnh hàng loạt phát hiện khoa học mới liên tục xuất hiện trong hai thập kỷ qua, định nghĩa tưởng như rõ ràng này đang đứng trước thách thức lớn hơn bao giờ hết. Có thể nói, những hiểu biết hiện đại đang dần khiến ranh giới giữa sống và không sống trở nên mờ nhạt, buộc chúng ta xem lại những khái niệm tưởng như hiển nhiên.

Nhiều nhà khoa học vẫn giữ quan điểm thận trọng, nhưng không ít người đã bắt đầu tin rằng virus thực sự là một dạng sự sống. Lập luận này không chỉ đến từ góc nhìn triết học hay cách tiếp cận linh hoạt trong sinh học, mà còn xuất phát từ hàng loạt bằng chứng thực nghiệm cho thấy virus phức tạp hơn rất nhiều so với hình dung ban đầu.
Khi dõi theo lịch sử nghiên cứu virus trong hơn 100 năm qua, ta sẽ nhận ra rằng định nghĩa về sự sống vốn không hề tuyệt đối. Ngay từ ban đầu, khái niệm sinh học được xây dựng từ những quan sát quen thuộc của con người, chỉ sau này mới dần được chỉnh sửa để phù hợp với những phát hiện mới.
Theo cách phân loại phổ biến, sự sống thường được mô tả thông qua bảy tiêu chí như tồn tại dựa trên tế bào, có trao đổi chất, phản ứng với kích thích, phát triển, duy trì cân bằng nội môi, sinh sản và tiến hóa. Virus không sở hữu gần như toàn bộ các tiêu chí đầu tiên, và đó là lý do trong suốt thế kỷ 20, giới học thuật thường xếp chúng ra ngoài phạm trù sinh vật sống.
Tuy nhiên, bước sang thế kỷ 21, mọi chuyện dần thay đổi khi những phát hiện mang tính bước ngoặt liên tục xuất hiện, buộc giới khoa học phải đánh giá lại toàn bộ nhận thức về virus.

Điểm khởi đầu của sự thay đổi này diễn ra vào năm 1997, khi nhóm của nhà nghiên cứu R. Birtles phát hiện một tác nhân gây bệnh kỳ lạ trong amip. Với kích thước lớn bất thường, họ tưởng rằng đó là một loại vi khuẩn khổng lồ chưa từng biết đến, đặt tên là Bradfordcoccus.
Mọi chuyện chỉ thực sự gây địa chấn vào năm 2003, khi kính hiển vi điện tử hé lộ hình dạng của nó. Không ai có thể tin rằng cấu trúc lớn và phức tạp đến vậy lại là virus, và cái tên Mimivirus ra đời từ đó, mở đầu cho một dòng sinh vật hoàn toàn mới: các virus khổng lồ.
Từ cột mốc Mimivirus, cửa ngõ dẫn tới một thế giới virus khổng lồ liên tục được mở rộng. Pandoravirus, được phát hiện năm 2013, có đường kính hơn 1 micromet, tiệm cận kích thước của sinh vật nhân chuẩn nhỏ nhất.
Tới năm 2019, Megaklothovirus horridgei gây sửng sốt khi đạt chiều dài tới 4 micromet, lớn đến mức từng bị nhầm là một cấu trúc nội bào trong tế bào của chaetognatha. Những cái tên này không chỉ khiến kích thước virus trở nên khó tin, mà còn thách thức toàn bộ nền tảng sinh học cơ bản.

Điều làm các nhà khoa học bất ngờ hơn cả là bộ gen của những virus này. Trong khi virus thông thường chỉ sở hữu vài chục gen, các virus khổng lồ lại có bộ gen khổng lồ lên đến 1 Mbp, thậm chí vượt qua cả một số vi khuẩn.
Quan trọng hơn, trong bộ gen đó tồn tại những đoạn mã tưởng chừng như không bao giờ thuộc về virus, bao gồm gen liên quan đến đường phân và chu trình axit tricarboxylic, tức là những thành phần cốt lõi của quá trình trao đổi chất.
Một số nghiên cứu còn đề xuất giả thuyết táo bạo rằng một số virus khổng lồ có thể duy trì một mức độ trao đổi chất yếu ớt của chính chúng, điều vốn bị cho là không thể xảy ra đối với virus truyền thống.
Một số loại virus còn tạo ra nhà máy virus ngay bên trong tế bào chủ, một cấu trúc được bao bọc bởi màng lipid hoặc màng protein, đóng vai trò bảo vệ và điều phối hoạt động nhân lên.
Chính sự độc lập tương đối này khiến một số nhà khoa học đặt câu hỏi liệu đây có phải là tổ tiên của hệ thống nhân tế bào ở sinh vật nhân chuẩn. Dù giả thuyết này chưa được ủng hộ rộng rãi, nhưng nó thể hiện rõ mức độ phức tạp mà virus có thể đạt được.

Điều đáng nói là chính sự tồn tại của các virus khổng lồ đã khiến giả thuyết từng bị coi là dị giáo trở nên hợp lý hơn. Giả thuyết này cho rằng một số virus thực chất tiến hóa từ sinh vật tế bào. Nếu điều này là đúng, việc kết luận virus không phải sinh vật sống dẫn tới một nghịch lý hoàn toàn vô lý: sinh vật sống có thể tiến hóa thành vật không sống.
Thêm vào đó, trong năm nay, các nhà khoa học đã phát hiện một loài vi khuẩn cổ có tên Sukunaarchaeum, sở hữu bộ gen chỉ 238 kbp, nhỏ hơn nhiều so với nhiều virus khổng lồ. Gần như toàn bộ hoạt động sống của nó phụ thuộc vào vật chủ, đến mức cấu trúc tế bào có thể đã suy giảm nghiêm trọng.
Nó vẫn được coi là sinh vật tế bào vì còn khả năng sinh sản tự chủ, nhưng rõ ràng nó đang tiến rất gần ranh giới của virus. Điều này khiến phổ sự sống trở nên liên tục, thay vì chia rạch ròi thành hai thái cực.
Một ví dụ khác còn gây chấn động hơn là nhóm sinh vật thực nhân, thuộc giới Nấm nhưng có kích thước chỉ nhỉnh hơn 1 micromet. Lối sống của chúng lại mang đậm tính virus, bao gồm việc bị amip nuốt chửng, rồi xâm nhập vào nhân tế bào vật chủ và dần tiêu thụ bộ gen của vật chủ trước khi sinh sản. Ranh giới giữa sinh vật tế bào và virus vì thế càng trở nên nhòe mờ hơn bao giờ hết.

Không chỉ vậy, các phát hiện về virophage, hay virus ký sinh trên virus, tiếp tục làm lung lay mọi tiêu chuẩn phân loại truyền thống. Virophage như Sputnikvirus có thể bám vào nhà máy virus của thể thực khuẩn, chèn gen, ức chế nhân lên và làm hỏng quá trình tạo virus mới.
Điều này đồng nghĩa nếu coi virus là không sống, ta phải chấp nhận một điều phi lý rằng một vật không sống có thể ký sinh lên một vật không sống khác.
Càng nhiều dữ liệu được thu thập, phổ từ virus đơn giản nhất như viroid đến sinh vật tế bào phức tạp dần trở nên liền mạch. Trong bức tranh này, hai tiêu chí cốt lõi nhất của sự sống chỉ còn là khả năng sinh sản và tiến hóa.
Ngay cả những phân tử RNA đơn giản nhất, chỉ hơn hai trăm base, vẫn thỏa mãn hai điều kiện này. Điều đó khiến virus khác biệt hoàn toàn so với vật chất vô cơ, dù chúng không sở hữu cấu trúc tế bào.

Có lẽ phải chờ thêm nhiều khám phá nữa, khoảng trống giữa vật chất vô tri và sự sống mới được lấp đầy, và khi đó, chúng ta mới có thể mô tả một cách đầy đủ con đường mà sự sống hình thành từ những thành phần đơn giản nhất của tự nhiên. Cho đến lúc ấy, tranh luận về việc virus có phải là sinh vật sống hay không vẫn sẽ tiếp tục, và mỗi người có thể giữ cho mình một cách nhìn khác nhau.
Theo phân loại mới nhất của ICTV 2025, virus hiện được chia thành bảy miền với sự đa dạng lớn đến mức không phải lúc nào cũng tồn tại liên hệ tiến hóa giữa chúng. Những virus khổng lồ được nhắc đến phần lớn thuộc miền Varidnaviria, còn những thực thể đơn giản nhất như viroid thậm chí còn nằm ngoài toàn bộ hệ thống phân loại này.
Như vậy, câu hỏi virus có phải là sinh vật sống hay không có thể không bao giờ có câu trả lời tuyệt đối. Nhưng chính những tranh luận này đang giúp giới khoa học hiểu rõ hơn bản chất của sự sống, đồng thời mở ra cơ hội tiếp cận những khái niệm sinh học theo cách toàn diện và sâu sắc hơn.

"
https://genk.vn/bi-mat-ve-5200-chiec-ho-tren-day-andes-dan-he-lo-165251119072205277.chn,Bí mật về 5.200 chiếc hố trên dãy Andes dần hé lộ,"(NLĐO) - Trải dài 1,5 km qua thung lũng Pisco ở phía Nam dãy Andes là một dãy dài gồm 5.200 chiếc hố, được tạo nên khoảng 600-1.000 năm trước.","Một nghiên cứu vừa được công bố trên tạp chí khoa họcAntiquityđã chỉ ra những bằng chứng giúp giải thích nguồn gốc của cấu trúc bí ẩn Monte Sierpe, một dãy gồm 5.200 chiếc hố băng ngang thung lũng Pisco ở phía Nam dãy Andes, thuộc địa phận Peru.
Những chiếc hố này khá đều nhau, đường kính từ 1-2 m, sâu 0,5-1 m, được tổ chức thành các khối và nối nhau tạo nên một cụm cấu trúc dài tới 1,5 km.
Niên đại của nó ít nhất vào khoảng năm 1000-1400, sau đó tiếp tục được người Inca sử dụng trong những năm 1400-1532.
Dãy hố bí ẩn trên dãy Andes, địa phận Peru - Ảnh:  ĐẠI HỌC SYDNEY
Lần đầu tiên công trình này được chú ý vào năm 1933, khi những bức ảnh chụp trên không về các hố này được công bố trên tạp chíNational Geographic, gây nhiều đồn đoán từ thực tế đến huyền bí.
Nhóm nghiên cứu dẫn đầu bởi tiến sĩ Jacob Bongers (Đại học Sydney - Úc) đã đi tìm sự thật bằng cách sử dụng công nghệ máy bay không người lái để lập bản đồ địa điểm để tìm các mẫu số chung tiềm năng, nhằm hiểu được phần nào ý đồ sắp xếp trong dãy hố.
Điều khiến họ ngạc nhiên là cách sắp xếp của Monte Sierpe tương tự như cấu trúc của ít nhất một khipu - một thiết bị tính toán bằng dây thắt nút cổ xưa của người Inca - được tìm thấy ở cùng thung lũng đó.
“Đây là một khám phá phi thường giúp mở rộng hiểu biết về nguồn gốc và sự đa dạng của các hoạt động kế toán bản địa trong và ngoài dãy Andes” - tiến sĩ Bongers nói vớiSci-News.
Họ cũng phân tích đích hố và tìm thấy phấn hoa từ cây bắp, một trong những cây lương thực quan trọng nhất ở dãy Andes, cũng như dấu vết của các loại sậy được người dân nơi đây đan giỏ trong nhiều thiên niên kỷ.
Điều này cho thấy trong các thế kỷ mà dãy hố được sử dụng, người dân ở đây có thể đã đặt những chiếc giỏ đựng bắp vào hố.
Vì vậy, dãy hố bí ẩn này có thể là một khu chợ cổ xưa, với quy mô đáng kinh ngạc.
""Có lẽ đây là một khu chợ thời tiền Inca, giống như một khu chợ trời vậy - tiến sĩ Bongers phỏng đoán.
Dân số thời tiền Inca trong khu vực khoảng 100.000 người và có thể khu chợ đã đón thêm nhiều thương nhân từ nơi xa xôi đến, những đoàn lữ hành lạc đà không bướu mang theo nông sản và các hàng hóa khác để trao đổi.
Nhóm nghiên cứu cho biết có thể coi dãy hố này như một loại công nghệ xã hội giúp kết nối mọi người lại với nhau, với quy mô ngày một mở rộng khi Đế chế Inca lên ngôi.
Vẫn còn nhiều câu hỏi bỏ ngỏ, bao gồm việc tại sao mô hình chợ này - nếu nó đúng là khu chợ - chỉ được nhìn thấy ở vị trí này, chứ không phải khắp dãy Andes hay nơi nào khác trên thế giới."
https://genk.vn/yamaha-ra-mat-bo-doi-xe-may-dien-hoan-toan-moi-trong-do-co-mau-giong-het-nvx-155-tai-viet-nam-165251118143534886.chn,"Yamaha ra mắt bộ đôi xe máy điện hoàn toàn mới, trong đó có mẫu giống hệt NVX 155 tại Việt Nam","Yamaha vừa chính thức tung ra bộ đôi xe máy điện hoàn toàn mới tại thị trường Ấn Độ, mở ra bước đi quan trọng trong chiến lược điện hóa toàn cầu của thương hiệu Nhật Bản.","Hai cái tên được giới thiệu là AEROX-E và EC-06, mỗi mẫu xe mang một triết lý thiết kế và công năng khác nhau nhưng đều thể hiện tham vọng của Yamaha trong việc chuyển đổi từ động cơ xăng sang nền tảng di chuyển điện thông minh.
Đáng chú ý, AEROX-E có diện mạo gần như giống hệt Yamaha NVX đang bán tại Việt Nam, mang đến sự quen thuộc đặc biệt cho người dùng trong khu vực Đông Nam Á.

Sự ra mắt này diễn ra trong bối cảnh thị trường xe điện đang tăng trưởng mạnh, tạo nên áp lực chuyển đổi đối với các hãng xe máy truyền thống. Yamaha, vốn nổi tiếng với những mẫu xe tay ga xăng hiệu suất cao, quyết định bước vào cuộc chơi bằng cách giữ lại những giá trị cốt lõi về thiết kế thể thao và cảm giác lái nhưng điện hóa hoàn toàn hệ dẫn động.
Điều này tạo nên bộ đôi sản phẩm vừa quen thuộc vừa mới mẻ, đáp ứng xu hướng di chuyển xanh nhưng không đánh đổi trải nghiệm vận hành vốn là DNA của hãng.
AEROX-E được xem là mẫu xe tiên phong trong chiến lược điện hóa khi giữ lại gần như nguyên vẹn ngoại hình thể thao của dòng xe tay ga Maxi như NVX 155 (và có tên là AEROX 155 tại một số thị trường khác) vốn rất quen thuộc tại Việt Nam. Yamaha gọi triết lý thiết kế của AEROX-E là Heart Shaking Speedster, hướng đến một chiếc xe điện vẫn mang lại cảm giác phấn khích tương tự xe xăng truyền thống.
Ngoại hình của xe nổi bật với những đường nét ba chiều sắc sảo, đèn pha LED kép Class D, cụm đèn hậu 3D và màn hình TFT màu thời thượng tích hợp dẫn đường, theo dõi thông tin vận hành cũng như kết nối thông minh Y Connect. Nhờ đó, người dùng có thể xem thông báo bảo dưỡng hoặc tìm lại vị trí đỗ xe cuối cùng dễ dàng.
Sức mạnh của AEROX-E đến từ động cơ điện có công suất cực đại 9,4 kW tương đương khoảng 12,6 mã lực và mô men xoắn lên đến 48 Nm, mang lại khả năng tăng tốc ấn tượng trong những pha vọt ga.
Xe được trang bị bộ pin kép 3 kWh có thể tháo rời, cung cấp quãng đường di chuyển chính thức 106 km cho mỗi lần sạc. Ngoài ba chế độ lái Eco, Standard và Power, Yamaha còn bổ sung thêm chế độ Boost giúp đưa toàn bộ công suất của xe vào thời điểm cần tăng tốc hoặc vượt xe, mang lại sự tiện lợi trong quá trình sử dụng hàng ngày.
Xe cũng có chế độ lùi để phù hợp với môi trường đô thị đông đúc, đồng thời hệ thống phanh đĩa trước sau đi kèm ABS một kênh giúp đảm bảo an toàn trong mọi tình huống vận hành. Từ ngoại hình cho đến trang bị, AEROX-E như một phiên bản điện của NVX, hướng đến nhóm khách hàng trẻ yêu thích kiểu dáng thể thao, thích sự mạnh mẽ nhưng vẫn quan tâm đến tương lai di chuyển xanh.

Trong khi đó, EC-06 lại thể hiện một hình ảnh trái ngược hoàn toàn. Thay vì chạy theo phong cách thể thao, mẫu xe này hướng đến sự tinh gọn, tiện dụng và bền bỉ trong môi trường đô thị. Yamaha áp dụng triết lý thiết kế cân bằng động nhằm tạo ra một chiếc xe hài hòa giữa sự nhỏ gọn, linh hoạt và chất hiện đại.
Phom dáng của EC-06 có phần tối giản nhưng cứng cáp, phù hợp với nhu cầu đi lại thường xuyên trong thành phố. Đây là mẫu xe hướng đến nhóm người dùng trẻ và những người tìm kiếm giải pháp di chuyển xanh hằng ngày.
EC-06 được trang bị động cơ 4,5 kW với công suất cực đại 6,7 kW tương đương khoảng 9 mã lực, đi cùng bộ pin 4 kWh cho phạm vi vận hành lên đến 160 km. Đây là con số ấn tượng trong phân khúc, cho phép người dùng thoải mái di chuyển nhiều ngày trước khi cần sạc lại.
Thời gian sạc đầy khoảng 9 giờ bằng ổ cắm gia dụng thông thường, phù hợp thói quen sử dụng ban đêm của phần lớn người dùng. Giống như AEROX-E, EC-06 cũng có ba chế độ lái và tích hợp chế độ lùi, giúp việc xoay trở trong không gian hẹp trở nên thuận tiện hơn.
Xe được trang bị phanh đĩa trước sau, hệ thống chiếu sáng LED toàn bộ và màn hình LCD màu hiển thị rõ ràng. Đặc biệt, Yamaha tích hợp mô đun SIM vào EC-06, mang đến khả năng theo dõi thông số xe theo thời gian thực và tăng tính kết nối trong trải nghiệm người dùng.
Một điểm cộng lớn khác là cốp xe dung tích 24,5 lít, đủ chứa mũ bảo hiểm hoặc nhiều vật dụng cá nhân hằng ngày, giúp EC-06 trở thành mẫu xe điện đô thị đúng nghĩa thực dụng. Từ ngoại hình cho đến tính năng, EC-06 nhắm đến nhóm người dùng ưu tiên sự gọn nhẹ, tiết kiệm và phong cách sống bền vững.

Sự xuất hiện của bộ đôi AEROX-E và EC-06 cho thấy Yamaha không còn đứng ngoài cuộc đua xe điện mà đã bước vào thị trường bằng cách tạo ra những sản phẩm có bản sắc rõ ràng. AEROX-E giữ lại chất thể thao đặc trưng của Yamaha trong một nền tảng vận hành hoàn toàn bằng điện, trong khi EC-06 đại diện cho một hướng đi mới, mang tính công nghệ và tiện dụng hơn.
Cả hai mẫu xe đều được xây dựng dựa trên phong cách thiết kế trẻ trung, hiện đại và khai thác sâu vào nhu cầu thực tế của người dùng tại các đô thị đông đúc.

Với sự phát triển mạnh mẽ của xu hướng xanh trên toàn cầu, việc Yamaha điện hóa các dòng xe tay ga cỡ lớn và xe đô thị có thể sẽ tạo nên ảnh hưởng lớn đến thị trường trong tương lai gần.
Sự quen thuộc trong thiết kế của AEROX-E có thể là chìa khóa giúp Yamaha dễ dàng tiếp cận người dùng tại những thị trường như Việt Nam, nơi NVX là một trong những mẫu xe được ưa chuộng hàng đầu.
Nếu được phân phối tại thị trường Việt Nam, AEROX-E hứa hẹn sẽ tạo nên làn sóng mới trong phân khúc xe điện thể thao, trong khi EC-06 phù hợp với nhóm khách hàng tìm kiếm tính thực dụng và công nghệ kết nối.
Bộ đôi xe điện mới của Yamaha đánh dấu khởi đầu cho một kỷ nguyên mới, nơi hiệu suất, công nghệ và tính bền vững được đặt lên hàng đầu trong hành trình di chuyển của người dùng hiện đại.

"
https://genk.vn/ngua-appaloosa-hoa-mai-sinh-vat-dot-bien-gen-mang-ve-dep-quy-phai-nhung-an-chua-nhieu-khiem-khuyet-bi-an-165251118085837315.chn,Ngựa Appaloosa hoa mai: Sinh vật đột biến gen mang vẻ đẹp quý phái nhưng ẩn chứa nhiều khiếm khuyết bí ẩn,Ngựa Appaloosa hoa mai giống như một món đồ sưu tầm dành cho những người yêu thích sự độc đáo hơn là lựa chọn thực tế cho công việc nặng nhọc.,"Trong thế giới động vật, có những loài trở nên nổi bật nhờ vẻ ngoài khác biệt đến mức khó tin, và đôi khi chính sự khác biệt ấy lại trở thành lý do giúp chúng đạt mức giá cực cao bất chấp những khuyết điểm bẩm sinh.
Ngựa Appaloosa hoa mai là một trong những ví dụ điển hình, khi bộ lông loang lổ họa tiết da báo của chúng tạo nên sức hút mạnh mẽ với giới yêu ngựa, dù bản thân loài này sinh ra đã mang theo nhiều yếu tố di truyền được xem là khiếm khuyết.
Khó tin hơn, những cá thể đẹp nhất của chúng có thể đạt giá lên đến 300.000 đô la, một con số khiến nhiều người sửng sốt, nhất là khi hiểu rõ những gì đang ẩn sau lớp lông rực rỡ ấy.

Ở thời điểm trí tuệ nhân tạo bùng nổ trên mạng xã hội, một xu hướng kỳ quặc bất ngờ lan rộng khi mọi người sử dụng AI để tạo ra hình ảnh các loài động vật mang họa tiết da báo, dù đó là những con vật vốn không liên quan gì đến mô típ này.
Nhưng trong khi các sản phẩm tạo bởi AI giờ đây buộc phải được dán nhãn rõ ràng, thì với ngựa Appaloosa hoa mai, bộ lông họa tiết da báo là hoàn toàn tự nhiên, có nguồn gốc hàng trăm năm và được chứng minh bằng lịch sử lẫn di truyền học. Điều này càng khiến loài ngựa đặc biệt này trở thành chủ đề được săn đón và tò mò nhiều hơn bao giờ hết.
Ngựa Appaloosa là giống ngựa có ngoại hình rất dễ nhận diện nhờ bộ lông loang lổ nổi bật. Những đốm hoa mai trên cơ thể chúng không chỉ giới hạn ở các sắc vàng hay cam giống da báo, mà có thể biến đổi từ đen, nâu đến hạt dẻ tùy theo màu lông nền.
Nhờ sự pha trộn giữa màu sắc tự nhiên và những mảng đốm rải khắp cơ thể, chúng toát lên vẻ đẹp hoang dã, thanh lịch và rất dễ thu hút mọi ánh nhìn. Tuy nhiên, sự độc đáo này không hoàn toàn do ngẫu nhiên mà đến từ một đột biến gen có tên phức hợp hoa văn báo LP. Gen này quyết định sự xuất hiện của các đốm trên cơ thể, nhưng để tạo thành bộ lông hoa mai hoàn chỉnh, nó cần kết hợp với nhiều gen điều biến khác đóng vai trò quyết định số lượng, mức độ rõ nét và vị trí đốm.

Điều thú vị là dù đã được lai tạo ổn định qua nhiều thế hệ, kiểu hình báo đốm của ngựa Appaloosa vẫn rất khó dự đoán. Ngay cả những nhà lai tạo giàu kinh nghiệm cũng không thể chắc chắn 100 phần trăm về ngoại hình của một chú ngựa con dựa trên bố mẹ của chúng.
Chỉ khi xét nghiệm DNA, dựa vào hai gen chính LP và PATN1, người ta mới có thể xác định cụ thể việc con ngựa sinh ra sẽ có nhiều đốm hay ít, rõ ràng hay nhạt màu. Những cá thể sở hữu cấu trúc LP đồng hợp thường có bộ lông đốm rực rỡ, còn dị hợp thì đốm ít và mờ hơn. Chính sự bất định này khiến mỗi chú ngựa đẹp như một tác phẩm nghệ thuật chứa đựng may rủi, góp phần làm tăng giá trị của chúng.
Nhưng vẻ đẹp đôi khi đi kèm sự đánh đổi. Những con ngựa mang đột biến LP cũng phải gánh theo không ít vấn đề về sức khỏe. Trong đó đáng chú ý nhất là chứng quáng gà bẩm sinh, khiến chúng gần như không thể nhìn trong bóng tối.
Những con có bộ đốm rõ nét lại càng có nguy cơ mắc bệnh cao hơn. Điều này khiến chúng thường đứng yên khi đêm xuống vì sợ va chạm và lạc hướng, gây bất tiện lớn trong việc chăm sóc lẫn sử dụng.
Ngoài ra, một số con còn mang nguy cơ mắc viêm màng bồ đào tái phát, một dạng viêm mắt đau đớn dễ dẫn đến mất thị lực nếu không điều trị kịp thời. Da của chúng cũng nhạy cảm hơn và dễ bị cháy nắng do sở hữu nhiều vùng da hồng và trắng. Những hạn chế này khiến ngựa Appaloosa hoa mai không phù hợp cho công việc nặng nhọc, đường dài hay công tác tại trang trại như nhiều giống ngựa khác.

Dù vậy, về mặt thể chất và khả năng vận động, ngựa Appaloosa vẫn là giống ngựa cưỡi cực kỳ xuất sắc. Chúng nổi tiếng với sự nhanh nhẹn, linh hoạt, khả năng phản xạ nhanh và dễ huấn luyện. Nhờ vậy, chúng được ưa chuộng trong các bộ môn rodeo như đua thùng, cưỡi ngựa miền Tây, cắt bò hay bắt bò bằng thòng lọng.
Ngoài ra, nhiều cá thể còn có thể tham gia các môn cưỡi kiểu Anh, bao gồm nhảy biểu diễn, biểu diễn tự do và thậm chí cả ba môn phối hợp. Với vẻ ngoài thu hút, chúng cũng thường xuất hiện trong các lễ diễu hành, trở thành linh vật hoặc điểm nhấn ở các chương trình biểu diễn.
Tất nhiên, sự nổi tiếng luôn đi kèm giá trị cao. Mức giá của ngựa Appaloosa dao động từ 5.000 đến 10.000 đô la cho các cá thể phổ thông hoặc chưa được huấn luyện. Tuy nhiên, giá sẽ tăng vọt nếu chúng có dòng dõi vô địch, ngoại hình đẹp và các đốm rõ nét.
Một trong những cá thể được ghi nhận có giá cao nhất là Amir, được bán vào cuối năm 2023 tại Colorado với mức 45.400 đô la. Con số này gây choáng váng ngay cả trong cộng đồng yêu ngựa, bởi dù đây là giống ngựa có giá trị lịch sử, những khiếm khuyết di truyền của chúng vẫn là điều không thể bỏ qua.

Lịch sử của loài ngựa độc đáo này có thể bắt nguồn từ bộ tộc Nez Perce ở khu vực Tây Bắc Thái Bình Dương. Người Nez Perce coi trọng những con ngựa đốm vì họ cho rằng chúng mạnh mẽ và hoang dã hơn.
Họ đã thuần hóa và chọn lọc Appaloosa trở thành dòng ngựa ưu tú dùng trong di chuyển và chiến đấu. Nhưng bi kịch xảy ra khi bộ tộc bị cưỡng bức di dời vào cuối thế kỷ 19, và một số lượng lớn ngựa của họ bị tịch thu bởi quân đội Hoa Kỳ. Điều này khiến giống ngựa Appaloosa rơi vào tình trạng gần như tuyệt chủng.
Phải đến những năm 1930, một nhóm các nhà lai tạo mới bắt đầu nỗ lực hồi sinh giống ngựa này dựa trên các ghi chép còn lại và những cá thể sống sót. Câu lạc bộ Ngựa Appaloosa ra đời vào năm 1938, đóng vai trò quan trọng trong việc bảo tồn và nhân rộng giống ngựa mang tính biểu tượng này.
Khi những cá thể mang đốm rõ nét ngày càng được ưa chuộng, việc lai tạo tập trung vào đặc điểm này cũng trở nên phổ biến, dẫn đến sự xuất hiện của ngựa Appaloosa hoa mai ngày nay, với tất cả sự đẹp đẽ và những khiếm khuyết di truyền đi kèm.

Xét cho cùng, ngựa Appaloosa hoa mai giống như một món đồ sưu tầm dành cho những người yêu thích sự độc đáo hơn là lựa chọn thực tế cho công việc nặng nhọc. Khi những giống ngựa khỏe mạnh và phù hợp hơn tiếp tục xuất hiện, tương lai của giống ngựa này có thể vẫn còn nhiều bấp bênh.
Tuy vậy, với lịch sử lâu đời, vẻ ngoài nổi bật và sức hút kỳ lạ, Appaloosa hoa mai vẫn giữ được vị trí đặc biệt trong thế giới ngựa và trong trái tim của những người yêu vẻ đẹp khác biệt.

"
https://genk.vn/mau-xe-may-duoc-menh-danh-la-quai-vat-lai-250cc-benda-p51-thach-thuc-gioi-han-60-ma-luc-165251118143730764.chn,Mẫu xe máy được mệnh danh là 'quái vật lai' 250cc: Benda P51 thách thức giới hạn 60 mã lực,"Tại triển lãm EICMA 2025, giữa hàng loạt mẫu xe mới từ các thương hiệu lớn, cái tên Benda P51 bất ngờ nổi lên như một hiện tượng. Đây không phải là chiếc mô tô 250cc mà giới chơi xe đã quen thuộc, và cũng không phải mẫu xe concept mang tính trình diễn đơn thuần.","Benda P51 xuất hiện với cấu hình lai hiếm thấy trong phân khúc: động cơ hai xi lanh nằm ngang 250cc kết hợp cùng một mô tơ điện đặt phía dưới. Sự kết hợp táo bạo này đã tạo nên một mẫu xe mà nhiều người mô tả là quái vật công nghệ, thách thức trực tiếp giới hạn của phân khối nhỏ.

Điểm ấn tượng đầu tiên đến từ phong cách thiết kế lấy cảm hứng trực tiếp từ huyền thoại không chiến P-51 Mustang. Những đường nét khí động học mạnh mẽ, dàn áo sắc sảo và tỷ lệ cơ bắp khiến chiếc xe trông như một cỗ máy tốc độ thu nhỏ được lấy ra từ thời kỳ vàng son của những chiến đấu cơ Mỹ.
Theo đó, Benda cũng không giấu tham vọng khi đặt tên mẫu xe theo một biểu tượng sức mạnh của lịch sử hàng không, và điều này được phản ánh trọn vẹn trong khả năng vận hành mà P51 sở hữu.
Bên dưới lớp vỏ mang dấu ấn Mustang là khối động cơ DOHC hai xi lanh nằm ngang, làm mát bằng chất lỏng, dung tích 250cc. Tuy nhiên, điểm tạo nên sự khác biệt nằm ở mô tơ điện hỗ trợ đặt bên dưới, hoạt động đồng thời để tạo ra tổng công suất lên đến 62 mã lực và mô men xoắn 100 Nm.
Trọng lượng khô chỉ khoảng 178 kg cho phép toàn bộ sức mạnh được giải phóng gần như tức thì, giúp Benda P51 tăng tốc từ 0 đến 100 km/h chỉ trong 3,7 giây. Đây là con số mà ngay cả nhiều mẫu xe phân khối lớn cũng khó đạt được, chứ chưa nói đến những chiếc 250cc thông thường.

Khi đặt lên bàn cân so sánh, sự phi lý theo hướng tích cực của P51 lại càng thể hiện rõ. Yamaha MT 07, một trong những mẫu naked bike tầm trung được yêu thích tại châu Á và nhiều thị trường quốc tế, sở hữu công suất 73,4 PS từ động cơ 689cc.
Vậy nhưng P51, với dung tích chỉ bằng một phần ba, lại tiệm cận sức mạnh của MT 07 nhờ cấu hình hybrid. Đây là điều chưa từng thấy trong phân khúc xe nhỏ vốn được xem là nhập môn, nhẹ nhàng và ít đòi hỏi. Benda đã đặt câu hỏi trực tiếp với toàn ngành: liệu có phải động cơ dung tích lớn luôn đồng nghĩa với hiệu suất vượt trội?

Với P51, rõ ràng câu trả lời không còn đơn giản như trước. Sự kết hợp giữa công nghệ điện và động cơ truyền thống giúp Benda thể hiện một hướng đi mới, nơi hiệu suất không còn phụ thuộc hoàn toàn vào số cc.
P51 từ đó không chỉ là một mẫu xe ý tưởng trưng bày cho đẹp mặt mà nó đại diện cho tầm nhìn về tương lai, nơi những chiếc mô tô phân khối nhỏ có thể đạt hiệu năng ngang ngửa hoặc thậm chí vượt qua cả các mẫu xe tầm trung và hạng lớn, miễn là được hỗ trợ đúng cách về công nghệ.
Điều này cũng lý giải vì sao gian hàng của Benda tại EICMA 2025 luôn đông nghịt khách tham quan. Không ít người chơi xe vốn quen với những chuẩn mực truyền thống đã phải đứng lại nhìn P51 lâu hơn dự kiến.
Sự xuất hiện của mẫu xe này như một lời thách thức với mọi định kiến trước đây về phân khối nhỏ, nơi các thương hiệu thường tập trung vào giá dễ tiếp cận và mức độ thân thiện cho người mới. P51 phá vỡ chuẩn mực đó bằng cách hỏi thẳng một câu đầy tính khiêu khích: liệu bạn có dám đưa mẫu xe này vào sản xuất hàng loạt không?

Với một thiết kế mang hơi thở chiến đấu cơ, sức mạnh hơn 60 mã lực, khả năng tăng tốc ở mức siêu xe mô tô và định hướng công nghệ hoàn toàn mới, Benda P51 đang mở ra một chương mới cho thị trường xe máy 250cc. Nó cho thấy rằng phân khối chỉ còn là một yếu tố trong vô số biến số quyết định nên hiệu suất. Khi công nghệ hybrid ngày càng phát triển, việc tái định nghĩa sức mạnh trong phân khúc xe nhỏ có thể chỉ còn là vấn đề thời gian.
Dù vẫn chưa rõ ngày mẫu xe này có được đưa lên dây chuyền sản xuất hay không, Benda P51 vẫn đã kịp để lại dấu ấn mạnh tại EICMA. Với những người yêu xe hiệu suất cao, đây chính là lời hứa về một tương lai nơi tốc độ không còn bị giới hạn bởi con số 250cc, và nơi mọi giới hạn trước đây có thể sẽ bị phá vỡ chỉ bằng một cú nhấn ga.

"
https://genk.vn/nhung-chiec-hop-so-do-dat-gap-ba-lan-nga-voi-va-bi-kich-phia-sau-loai-chim-bi-san-den-tuyet-diet-165251118085720446.chn,Những chiếc hộp sọ đỏ đắt gấp ba lần ngà voi và bi kịch phía sau loài chim bị săn đến tuyệt diệt,"Nếu không có sự chung tay của toàn xã hội, có lẽ trong tương lai không xa, vẻ đẹp độc đáo của hồng hoàng mũ sẽ chỉ còn nằm lại trong ký ức và những bức ảnh cũ.","Trong nhiều năm, khi nhắc đến thị trường buôn bán sản phẩm từ động vật hoang dã, phần lớn mọi người đều nghĩ ngay đến ngà voi, sừng tê giác hay da báo. Nhưng ít ai biết rằng có một loài chim sở hữu hộp sọ quý giá đến mức giá trị của nó vượt xa cả ngà voi.
Khi bị nhắm đến, những con chim tội nghiệp sẽ bị cắt lấy hộp sọ ngay khi còn sống, và rồi gục chết trong cơn đau đớn vì mất máu. Đằng sau những món đồ trang sức hay vật phẩm sưu tầm hào nhoáng là cả một chuỗi bi kịch của loài chim mỏ sừng mũ, hay còn gọi là hồng hoàng mũ, một trong những nạn nhân đáng thương nhất của nạn săn trộm vì lợi nhuận khổng lồ.

Câu chuyện gây rúng động này được hé lộ qua hàng loạt vụ thu giữ hộp sọ chim với số lượng lớn tại Trung Quốc những năm gần đây. Năm 2014, cảnh sát nhận thấy một thùng hàng bất thường trên xe buýt giường nằm tuyến Thâm Quyến - Phủ Điền. Khi mở ra, họ phát hiện 286 hộp sọ chim được bọc kín trong băng dính. Giá trị lô hàng này được các chuyên gia ước tính lên đến hàng triệu nhân dân tệ.
Ba năm sau, tại cảng Phúc Điền, nhân viên hải quan lại phát hiện thêm 14 hộp sọ khác trong một chiếc túi xách của hành khách đến từ Hong Kong. Những vụ việc liên tiếp cho thấy hộp sọ chim mỏ sừng mũ đang bị săn lùng ráo riết hơn bao giờ hết.
Loài chim bị săn đến mức khốc liệt như vậy chính là mỏ sừng mũ, loài chim lớn nhất trong họ hồng hoàng. Chúng sở hữu chiều dài cơ thể 110 đến 120 cm, cao ngang tầm một đứa trẻ 10 tuổi trưởng thành.

Điều khiến loài chim này trở thành mục tiêu của tội phạm buôn lậu không phải kích thước đồ sộ hay bộ lông ấn tượng, mà chính là chiếc hộp sọ đặc biệt nằm ngay trên mỏ, được gọi là mũ bảo hiểm. Ban đầu, chiếc mũ này có màu vàng nhạt, nhưng theo thời gian, tuyến bã nhờn của chim sẽ tiết ra chất sáp màu đỏ, khiến phần mũ dần chuyển sang màu đỏ son đậm vô cùng nổi bật.
Khi ánh sáng chiếu vào, chiếc mũ đỏ vàng ấy lấp lánh như ngọc. Đặc biệt, hộp sọ lại rất rắn, chiếm gần 10% trọng lượng cơ thể. Khác với phần lớn loài chim có xương rỗng để giảm trọng lượng nhằm hỗ trợ quá trình bay, cấu trúc hộp sọ của mỏ sừng mũ đặc một cách bất thường.
Chính cấu trúc chắc chắn này khiến chúng trở thành vật liệu lý tưởng cho các nghệ nhân điêu khắc. Dưới bàn tay con người, những chiếc sọ bị cắt ra từ cơ thể nóng hổi của con chim biến thành chuỗi hạt, nhẫn, tượng nhỏ, lọ đựng thuốc hít, hay các vật phẩm phong thủy giá trị.

Trong giới sưu tầm, hộp sọ chim mỏ sừng mũ được gọi bằng cái tên mỹ miều ""Hạc đỉnh hồng"". Sở dĩ như vậy là vì cảm giác khi chạm vào chất liệu này tương tự như chạm vào ngọc quý. Không có đường vân như ngà voi, không có thớ như gỗ hay xương động vật khác, sự trơn láng và sắc đỏ tự nhiên khiến các nghệ phẩm từ sọ chim trở nên độc bản và có giá trị cao.
Một hiện vật được chạm khắc từ hộp sọ loài chim này có thể đạt giá 700.000 đến 800.000 nhân dân tệ, tức gấp ba lần ngà voi. Năm 2007, một lọ đựng thuốc hít nặng chưa đến 300 gram làm từ hộp sọ mỏ sừng mũ đã được bán với giá 650.000 đô la tại New York.
Đến năm 2012, một tượng nhỏ có kích thước bằng nắm tay cũng được định giá lên đến 180.000 nhân dân tệ tại Bắc Kinh. Những con số khổng lồ ấy là động lực khiến các băng nhóm săn trộm bất chấp luật pháp và đạo đức.

Ở môi trường tự nhiên, chim mỏ sừng mũ là loài cực kỳ chung thủy. Khi chọn được bạn đời, chim trống và chim mái gắn bó với nhau suốt đời. Đặc biệt, trong mùa sinh sản, chim mái sẽ chui vào một hốc đá hoặc hốc cây, nơi chim trống xây tổ và bịt kín lối vào bằng bùn, chỉ chừa một khe nhỏ để mang thức ăn vào. Trong suốt thời gian ấp trứng và nuôi con non, chim mái không hề rời khỏi hang. Chim trống một mình gánh vác trách nhiệm kiếm ăn cho cả gia đình.
Chính đặc tính sinh học này khiến việc săn trộm trở nên tàn khốc hơn. Những kẻ săn trộm luôn nhắm vào chim trống vì chúng có kích thước lớn hơn và hộp sọ đẹp hơn. Khi chim trống bị giết, con mái bị mắc kẹt trong tổ, không có khả năng thoát ra. Nó sẽ chết dần vì đói, còn chim non thì chết ngay sau đó. Một cái chết của chim trống dẫn đến cái chết của cả gia đình. Ngay cả khi thoát nạn, chim mái cũng thường không tìm bạn đời mới, khiến quần thể loài suy giảm nghiêm trọng.
Sự tàn ác còn vượt xa những gì công chúng có thể tưởng tượng. Để giữ nguyên vẹn hộp sọ, những kẻ săn trộm sẽ giữ con chim còn sống, cắt rời toàn bộ đầu bằng dao răng cưa. Con chim bị cắt đầu nhưng tim vẫn còn đập, và nó chết dần trong đau đớn vì mất máu. Tất cả chỉ để phục vụ nhu cầu sưu tầm của con người và lợi nhuận khổng lồ của các đường dây buôn lậu.

Sự suy giảm nghiêm trọng của loài chim mỏ sừng mũ khiến nhiều quốc gia đưa chúng vào danh sách động vật nguy cấp cần bảo vệ đặc biệt. Tại Trung Quốc, Điều 341 Bộ luật Hình sự của quốc gia này quy định rõ hình phạt cho hành vi săn bắt, giết hại, vận chuyển hoặc buôn bán động vật quý hiếm được bảo hộ. Tùy mức độ nghiêm trọng, kẻ phạm tội có thể bị phạt tù từ 5 đến 10 năm và nộp phạt bổ sung.
Thế nhưng, khi lợi nhuận từ một hộp sọ có thể lên tới hàng trăm nghìn đô la, biện pháp pháp lý vẫn chưa đủ sức ngăn chặn triệt để. Bi kịch của mỏ sừng mũ nhắc nhở nhân loại về những hậu quả tồi tệ mà lòng tham có thể gây ra. Một món đồ trưng bày hào nhoáng có thể là cái chết của một gia đình chim.
Một tác phẩm nghệ thuật đắt giá có thể là kết thúc của cả một dòng giống. Việc bảo vệ loài chim đầy tính biểu tượng này không chỉ là trách nhiệm của cơ quan chức năng, mà còn là trách nhiệm của mỗi cá nhân, từ việc nói không với sản phẩm từ động vật hoang dã cho đến nâng cao nhận thức cộng đồng về vấn nạn săn trộm.
Nếu không có sự chung tay của toàn xã hội, có lẽ trong tương lai không xa, vẻ đẹp độc đáo của hồng hoàng mũ sẽ chỉ còn nằm lại trong ký ức và những bức ảnh cũ. Và mỗi chiếc hộp sọ được trưng bày trong tủ kính sẽ là một lời nhắc nhở đau đớn về cách mà loài người đã đối xử với thiên nhiên chỉ vì lợi nhuận.

"
https://genk.vn/su-gian-no-ngay-cang-nhanh-cua-vu-tru-co-phai-chi-la-ao-giac-nghien-cuu-han-quoc-dat-lai-cau-hoi-cho-ly-thuyet-tung-doat-giai-nobel-165251118085612601.chn,Sự giãn nở ngày càng nhanh của vũ trụ có phải chỉ là ảo giác? Nghiên cứu Hàn Quốc đặt lại câu hỏi cho lý thuyết từng đoạt giải Nobel,"Dù tranh cãi còn kéo dài, nhưng nghiên cứu từ Đại học Yonsei đã làm được điều mà khoa học luôn hướng đến: đặt câu hỏi với những điều tưởng như chắc chắn.","Trong suốt hơn hai thập kỷ qua, việc vũ trụ đang giãn nở với tốc độ ngày càng nhanh được xem như một sự thật hiển nhiên của ngành thiên văn học hiện đại. Đây là nền tảng của khái niệm năng lượng tối, lực bí ẩn chiếm gần 70 phần trăm vũ trụ và được cho là đang đẩy các thiên hà ra xa nhau.
Từ khi những siêu tân tinh loại Ia ở xa được phát hiện mờ hơn so với độ sáng chuẩn vào năm 1998, cộng đồng khoa học đã tin rằng sự giãn nở của vũ trụ đang tăng tốc. Khám phá đó thậm chí được vinh danh bằng Giải Nobel Vật lý năm 2011.
Tuy nhiên, một nghiên cứu mới công bố từ Đại học Yonsei của Hàn Quốc đang thách thức trực tiếp nhận định này, đặt ra khả năng rằng vũ trụ không còn tăng tốc nữa mà đã bắt đầu bước vào giai đoạn giãn nở chậm dần. Nếu điều này là sự thật, hàng loạt mô hình vũ trụ học từng được xem là nền tảng có thể cần phải xem xét lại.

Nghiên cứu gây chú ý này do Giáo sư Young-Wook Lee và cộng sự thực hiện, được đăng tải trênTạp chí Monthly Notices of the Royal Astronomical Society. Nhóm nghiên cứu đã tiến hành phân tích chi tiết các thiên hà chủ của hàng trăm siêu tân tinh loại Ia và phát hiện điều từng bị bỏ qua suốt nhiều năm: độ sáng của siêu tân tinh không thực sự ổn định như giới khoa học giả định.
Theo kết quả phân tích, siêu tân tinh xuất hiện trong những thiên hà trẻ thường mờ hơn một chút so với siêu tân tinh trong các thiên hà già. Điều này đồng nghĩa với việc ngọn nến chuẩn mà các nhà thiên văn dùng để đo khoảng cách và suy ra tốc độ giãn nở của vũ trụ sở hữu một sai lệch hệ thống. Nếu bản thân siêu tân tinh tối hơn mà lại bị nhầm là xa hơn, các kết luận về sự tăng tốc của vũ trụ có thể đã bị thổi phồng một cách không mong muốn.
Sau khi hiệu chỉnh các sai lệch này, nhóm nghiên cứu đã so sánh lại dữ liệu siêu tân tinh với những quan sát độc lập khác như dao động âm thanh baryon và nền vi sóng vũ trụ. Kết quả cho thấy dữ liệu hiệu chỉnh về siêu tân tinh lại khớp hơn với các phép đo độc lập, và điều bất ngờ là chúng không ủng hộ kịch bản giãn nở tăng tốc.
Thay vào đó, chúng gợi ý rằng tốc độ giãn nở của vũ trụ đã đạt đỉnh từ trước và đang chậm lại theo thời gian. Giáo sư Young-Wook Lee viết trong báo cáo rằng những phân tích hiện tại cho thấy năng lượng tối không duy trì sức mạnh ổn định mà đang suy giảm. Đây là một mệnh đề đủ sức làm rung chuyển nền tảng của vũ trụ học hiện đại.
Điều đáng nói là kết quả từ Đại học Yonsei không phải xuất hiện trong khoảng không. Những năm gần đây, một số dự án quan sát quy mô lớn cũng ghi nhận những dấu hiệu tương tự. Đầu năm nay, dự án DESI của Hoa Kỳ, nơi sử dụng dữ liệu từ hàng triệu thiên hà để nghiên cứu sự giãn nở của vũ trụ, cũng đưa ra kết luận rằng vũ trụ có thể đã bước vào thời điểm bước ngoặt và năng lượng tối có dấu hiệu thay đổi theo thời gian.
Việc nhiều nguồn dữ liệu độc lập bắt đầu nghiêng về một xu hướng tương đồng khiến cộng đồng khoa học không thể bỏ qua khả năng rằng mô hình vũ trụ học lâu nay đã bỏ sót một chi tiết quan trọng.

Thông tin này nhanh chóng gây ra những phản ứng trái chiều trong giới thiên văn học toàn cầu. Một số chuyên gia cho rằng nghiên cứu từ Hàn Quốc đã góp phần mở ra lời giải thích khả thi cho vấn đề căng thẳng Hubble, mâu thuẫn kéo dài nhiều năm giữa các phép đo khác nhau về tốc độ giãn nở của vũ trụ.
Nếu việc sử dụng siêu tân tinh làm ngọn nến chuẩn chứa sai lệch hệ thống, sự khác biệt giữa các phương pháp đo có thể được giải thích dễ dàng hơn. Carlos Frenk, nhà vũ trụ học nổi tiếng của Đại học Durham, đánh giá nghiên cứu này là táo bạo và sâu sắc, đồng thời cho rằng nó xứng đáng được kiểm chứng bằng dữ liệu lớn hơn.
Tuy nhiên, nhiều nhà khoa học khác vẫn giữ thái độ thận trọng. Nhà vũ trụ học Ed Macaulay từ Đại học Queen Mary nhận định rằng kết quả này mới chỉ là tín hiệu ban đầu và chưa đủ sức đảo ngược các mô hình hiện tại. Theo ông, việc tuyên bố vũ trụ đang giãn nở chậm lại cần thêm bằng chứng quan sát trực tiếp.
Thực tế cho thấy nghiên cứu này vẫn tồn tại một số hạn chế đáng chú ý. Trước hết, phương pháp của nhóm Yonsei dựa trên việc ước tính tuổi trung bình của thiên hà chứ không phải đo trực tiếp đặc tính của từng siêu tân tinh.
Trong khi đó, các thiên hà chịu ảnh hưởng của vô số yếu tố như tốc độ hình thành sao, độ kim loại, lượng bụi và cấu trúc nội tại, khiến việc đánh giá độ sáng chuẩn của siêu tân tinh trở nên phức tạp hơn nhiều. Bên cạnh đó, mẫu siêu tân tinh được sử dụng trong nghiên cứu còn khiêm tốn và chưa đủ để mô tả đầy đủ trạng thái của vũ trụ ở thời điểm xa xưa.
Dù vậy, phương pháp hiệu chỉnh này vẫn là bước tiến quan trọng trong nỗ lực khắc phục sai lệch hệ thống, một yếu tố ngày càng được nhìn nhận là nguyên nhân tiềm ẩn của nhiều tranh cãi vũ trụ học.

Một điểm quan trọng khác là nghiên cứu này không đặt tham vọng xóa bỏ hoàn toàn khái niệm năng lượng tối. Mặc dù nhóm nghiên cứu gợi ý rằng năng lượng tối có thể đang suy yếu, họ cũng thừa nhận rằng bản chất thật sự của nó vẫn là một bí ẩn sâu sắc.
Năng lượng tối có thể là một trường vô hướng, một dạng vật chất lạ, một hạt cơ bản chưa được phát hiện hoặc thậm chí là thuộc tính của không thời gian. Việc nó thay đổi theo thời gian không nhất thiết dẫn đến kịch bản vũ trụ co lại trong tương lai. Các nhà khoa học vẫn cần thêm thời gian và dữ liệu để hiểu điều gì đang thực sự diễn ra ở quy mô vũ trụ.
Trong thời gian tới, các dự án quan sát mới sẽ đóng vai trò quyết định trong việc xác thực hoặc bác bỏ xu hướng mà nhóm Yonsei đề xuất. Đài quan sát Vera C. Rubin tại Chile dự kiến sẽ khảo sát hơn 20.000 thiên hà chứa siêu tân tinh trong vài năm tới, cung cấp dữ liệu chi tiết hơn về tuổi sao và đặc tính thiên hà.
Trong khi đó, sứ mệnh Euclid của châu Âu và Kính viễn vọng Không gian Nancy Grace Roman của NASA sẽ cung cấp những phép đo cực kỳ chính xác về sự giãn nở của vũ trụ. Khi những dữ liệu này được kết hợp, giới khoa học sẽ có cơ hội lần đầu tiên đánh giá năng lượng tối một cách trực tiếp và toàn diện hơn.

Dù tranh cãi còn kéo dài, nghiên cứu từ Đại học Yonsei đã làm được điều mà khoa học luôn hướng đến: đặt câu hỏi với những điều tưởng như chắc chắn. Việc vũ trụ có đang giãn nở chậm lại hay không sẽ tiếp tục là một trong những chủ đề nóng nhất của ngành thiên văn học hiện đại. Và trong lúc giới khoa học chờ đợi dữ liệu mới, một điều có thể khẳng định là bức tranh về vũ trụ của nhân loại vẫn còn rất nhiều khoảng trống chờ được lấp đầy.

"
https://genk.vn/chat-thai-cua-cac-phi-hanh-gia-duoc-xu-ly-ra-sao-tren-tram-vu-tru-quoc-te-hanh-trinh-khep-kin-cua-nuoc-rac-va-nhung-dieu-khong-ai-nghi-toi-165251118085500548.chn,"Chất thải của các phi hành gia được xử lý ra sao trên Trạm vũ trụ quốc tế: Hành trình khép kín của nước, rác và những điều không ai nghĩ tới","Trong đời sống hàng ngày, chuyện đi vệ sinh vốn là việc đơn giản đến mức không ai bận tâm. Nhưng trong môi trường không trọng lực cách Trái Đất hàng trăm kilomet, ngay cả những điều quen thuộc nhất cũng có thể trở thành thử thách lớn đối với các phi hành gia.","Câu nói nổi tiếng của một phi hành gia Mỹ rằng ""Yesterday's coffee becomes tomorrow's coffee!"" từng khiến nhiều người bật cười, nhưng nó phản ánh rất chính xác một thực tế khắc nghiệt: tài nguyên trên Trạm vũ trụ quốc tế luôn ở mức tối thiểu và nước là thứ quý giá nhất trong số đó. Việc tái sử dụng chất lỏng và xử lý chất thải vì thế trở thành nhiệm vụ quan trọng mà không một sứ mệnh không gian dài hạn nào có thể xem nhẹ.

Môi trường không trọng lực khiến cho mọi hoạt động của con người, đặc biệt là ăn uống và vệ sinh cá nhân, trở nên phức tạp hơn nhiều. Trên Trái Đất, trọng lực giúp chất thải đi theo đúng hướng cần đi và hạn chế khả năng gây ô nhiễm.
Nhưng trong không gian, mọi giọt chất lỏng hay mảnh giấy nhỏ đều có thể bay lơ lửng khắp nơi, đe dọa thiết bị điện tử, bộ lọc không khí lẫn sức khỏe của phi hành gia. Trạm vũ trụ quốc tế, nơi con người sinh sống trong thời gian dài, lại càng dễ bị ô nhiễm vì sự xuất hiện của nấm mốc và vi khuẩn.
Những tấm ảnh chụp từ bên trong trạm từng cho thấy nhiều loại nấm mốc bám đầy các góc khuất, minh chứng cho môi trường sống vốn đã chật hẹp lại càng khó kiểm soát vệ sinh. Vì vậy, việc duy trì sự sạch sẽ trong khu vực vệ sinh luôn là ưu tiên hàng đầu, bởi chỉ cần một sai sót nhỏ cũng có thể gây ra sự cố nghiêm trọng.

Trong những ngày đầu của ngành hàng không vũ trụ, vấn đề này thậm chí còn chưa được tính đến. Năm 1961, khi Alan Shepard chuẩn bị trở thành người Mỹ đầu tiên bay vào vũ trụ, chuyến bay dự kiến quá ngắn để phải lo chuyện đi vệ sinh.
Tuy nhiên, sự trì hoãn kéo dài hơn ba giờ khiến ông rơi vào tình huống khó xử. Shepard xin phép rời tên lửa để giải quyết nhu cầu cá nhân nhưng bị từ chối nhằm tránh mất thêm thời gian. Cuối cùng, ông buộc phải đi tiểu ngay trong bộ đồ phi hành gia. Sự cố này gây nhiều chú ý và khiến các kỹ sư nhận ra rằng việc bỏ qua nhu cầu sinh lý cơ bản của con người trong môi trường không gian là điều không thể.
Sau này, khi Trạm vũ trụ quốc tế được xây dựng chung giữa Mỹ và Nga, nhà vệ sinh đầu tiên đã xuất hiện. Tuy nhiên, nó chỉ được thiết kế dựa trên tiêu chuẩn dành cho nam giới, dẫn đến việc các phi hành gia nữ gặp nhiều khó khăn khi sử dụng.
Đối với đại tiện, các phi hành gia phải giữ cơ thể cố định bằng cách ép đùi và mông vào bệ ngồi để ngăn chất thải thoát ra ngoài. Chỉ một khe hở nhỏ cũng có thể khiến chất thải bay lơ lửng trong khoang và gây hậu quả khó lường. Nhiều phi hành gia từng thừa nhận rằng trong số tất cả trải nghiệm khó quên khi làm việc ngoài không gian, đi vệ sinh luôn là điều khiến họ muốn tránh nhất.
Nhận thấy bất cập này, đến năm 2018, NASA quyết định chi 23 triệu USD để thiết kế hệ thống nhà vệ sinh hoàn toàn mới cho trạm, mang tên Universal Waste Management System. Đây là mẫu nhà vệ sinh hiện đại hơn, phù hợp với cả nam và nữ, đồng thời sử dụng hút chân không để đảm bảo chất thải được thu gom triệt để ngay khi vừa thoát khỏi cơ thể người dùng. Nhà vệ sinh trên trạm Thiên Cung của Trung Quốc cũng áp dụng nguyên lý tương tự.
Thiết bị gồm một ống mềm có phễu dành cho việc tiểu tiện và một bệ ngồi nhỏ, kín khí cho việc đại tiện. Khi phi hành gia mở nắp bồn cầu, hệ thống hút sẽ tự động khởi động để tạo luồng khí kéo chất thải xuống dưới, tránh rò rỉ và giảm mùi hôi. Những hình ảnh được chia sẻ từ trạm cho thấy nhà vệ sinh rất nhỏ, nhưng kích thước này là cần thiết để duy trì áp suất ổn định.

Chất thải lỏng chủ yếu được xử lý bằng cách thu gom và tái chế. Nước tiểu vốn chứa hơn 90 phần trăm là nước, vì vậy nó được đưa vào hệ thống lọc để tách các tạp chất, từ đó tạo ra nước uống hoàn toàn sạch.
Đây chính là ý nghĩa của câu nói cà phê hôm nay là cà phê ngày mai. Mặc dù nghe có vẻ khó tin, nhưng các công nghệ lọc và khử trùng hiện nay có thể đưa nước tiểu trở lại trạng thái tinh khiết hơn cả nước lọc thông thường.
Sự thật là hầu hết phi hành gia sau thời gian đầu hơi e ngại đều quen hoàn toàn với điều này, bởi họ hiểu rằng chi phí vận chuyển nước sạch từ Trái Đất lên vũ trụ là cực kỳ lớn. Với giá thành khoảng 50.000 USD cho mỗi kilogram vật liệu được đưa lên quỹ đạo, việc tái sử dụng gần như toàn bộ lượng nước là điều bắt buộc để giảm chi phí vận hành trạm.
Trong khi đó, chất thải rắn như phân lại có cách xử lý đơn giản hơn. Sau khi được hút vào túi chứa chuyên dụng, phân cùng giấy vệ sinh, khăn ướt, găng tay và các vật dụng dính bẩn được niêm phong trong thùng chứa kín.
Một số mẫu phân được giữ lại để phục vụ nghiên cứu y sinh, giúp các chuyên gia đánh giá ảnh hưởng của môi trường không trọng lực lên hệ tiêu hóa và vi sinh vật đường ruột. Phần còn lại sẽ được đưa lên những tàu vận tải chở hàng. Các tàu này thường chỉ đi một chiều: mang hàng tiếp tế lên trạm rồi tự rơi vào khí quyển Trái Đất. Trong quá trình rơi, ma sát khiến chúng bốc cháy toàn bộ cùng với tất cả chất thải bên trong.
Bởi vậy, đôi khi những vệt sáng dài xé ngang bầu trời mà ta vẫn gọi là sao băng thực chất lại có thể là một tàu chở hàng đang bốc cháy với đầy rác thải từ trạm vũ trụ. Tất nhiên, hiện tượng này diễn ra ở độ cao lớn và không ảnh hưởng đến mặt đất. Nhưng nó nhắc nhở con người rằng trong hành trình chinh phục không gian, ngay cả chất thải cũng phải tuân theo các quy trình hết sức chặt chẽ.

Những hệ thống này là một phần quan trọng trong các nỗ lực phát triển công nghệ sinh hoạt ngoài không gian. Khi nhân loại đặt mục tiêu xây dựng căn cứ Mặt Trăng và thực hiện các chuyến du hành đến sao Hỏa, khả năng tái chế chất thải và tối ưu hóa nguồn nước sẽ quyết định sự sống còn của phi hành gia.
Bài học từ Trạm vũ trụ quốc tế cho thấy rằng công nghệ hỗ trợ sự sống phải không chỉ hiệu quả, mà còn phù hợp với môi trường khắc nghiệt nơi con người không thể trông chờ vào nguồn tiếp tế thường xuyên từ Trái Đất.
Việc xử lý chất thải trên trạm vũ trụ tưởng chừng là câu chuyện nhỏ nhưng lại phản ánh rõ cách con người thích nghi với môi trường hoàn toàn xa lạ. Giữa không gian bao la, mỗi giọt nước đều quý giá, mỗi quy trình đều phải chuẩn xác tuyệt đối.
Đó chính là lý do khiến các hệ thống nhà vệ sinh và tái chế chất thải trở thành một trong những thành tựu quan trọng nhất trong quá trình phát triển công nghệ không gian, góp phần bảo đảm cuộc sống của các phi hành gia và giúp con người tiến xa hơn trong hành trình khám phá vũ trụ.

"
https://genk.vn/dot-pha-cong-nghe-midea-trinh-lang-sieu-robot-sau-tay-di-chuyen-bang-banh-xe-thach-thuc-moi-gioi-han-sinh-hoc-165250912111805762.chn,"Đột phá công nghệ: Midea trình làng ""siêu robot"" sáu tay, di chuyển bằng bánh xe, thách thức mọi giới hạn sinh học","Thay vì cố gắng sao chép nguyên bản hình dáng con người như xu hướng chung, gã khổng lồ gia dụng Midea đã chọn một lối đi táo bạo với MIRO U - cỗ máy kỳ lạ sở hữu sáu cánh tay.","Trong cuộc đua khốc liệt nhằm đưa người máy vào dây chuyền sản xuất, hầu hết các công ty đều theo đuổi một triết lý chung: tạo ra những cỗ máy mô phỏng hoàn hảo cơ thể con người với hai tay, hai chân để phù hợp với môi trường làm việc vốn được thiết kế cho nhân sự sinh học.
Tuy nhiên, tại Diễn đàn Kinh tế Mới Vùng Vịnh Lớn năm 2025 diễn ra vào ngày 5 tháng 12 vừa qua, Tập đoàn Midea đã gây chấn động giới công nghệ khi đi ngược lại quy chuẩn đó bằng việc ra mắt MIRO U - một ""siêu robot hình nhân"" với thiết kế dị biệt.

Điểm nhấn gây tranh cãi nhưng cũng đầy ấn tượng của MIRO U chính là ngoại hình. Dù vẫn giữ phần đầu và thân mình mô phỏng con người để tương thích với các trạm làm việc tiêu chuẩn, nhưng phần còn lại của robot này hoàn toàn phá vỡ các quy tắc sinh học. Thay vì đôi chân, MIRO U di chuyển trên một khung gầm đặc biệt kết hợp giữa chân và bánh xe. Và thay vì hai tay, nó được trang bị tới sáu cánh tay sinh học linh hoạt.
Ông Wei Chang, Phó Chủ tịch kiêm Giám đốc Công nghệ của Midea, khẳng định rằng giá trị cốt lõi của MIRO U không nằm ở việc bắt chước hình thái con người, mà là vượt qua nó. ""Mục tiêu của chúng tôi là đạt được bước nhảy vọt về hiệu suất vận hành, phá vỡ các giới hạn sinh lý mà một công nhân bình thường - dù là người hay máy móc hai tay - không thể chạm tới"", ông Chang nhấn mạnh.
Tư duy thiết kế ""đa chiều"" của Midea được thể hiện rõ nét qua cách vận hành của sáu cánh tay. Trong khi các cánh tay phía dưới đảm nhiệm việc nâng đỡ các linh kiện nặng, các cánh tay phía trên có thể tập trung thực hiện các thao tác lắp ráp tinh vi. Khả năng xoay 360 độ tại chỗ và cơ chế thay đổi công cụ siêu tốc giúp MIRO U linh hoạt hơn bất kỳ công nhân con người nào, loại bỏ hoàn toàn các động tác thừa trong quá trình sản xuất.

Không dừng lại ở bản mẫu trưng bày, Midea đã lên kế hoạch đưa MIRO U vào thực chiến ngay trong tháng này. Điểm đến đầu tiên của ""siêu robot"" này là Nhà máy Midea Wuxi High-end Washing Machine Factory. Tại đây, MIRO U sẽ không chỉ là một công nhân bình thường mà còn gánh vác một KPI cụ thể: cải thiện 30% hiệu quả chuyển đổi và điều chỉnh dây chuyền sản xuất.
Với khả năng làm việc không mệt mỏi và năng suất tương đương ba cặp tay người cộng lại, Midea kỳ vọng MIRO U sẽ chứng minh tính khả thi của việc áp dụng tự động hóa phức tạp trong các môi trường sản xuất biến thiên.
Đây được xem là bước đi chiến lược nhằm tách bạch hai mảng phát triển robot của tập đoàn: dòng Miro chuyên dụng cho công nghiệp nặng và dòng Meila (dự kiến ra mắt năm 2026) phục vụ cho lĩnh vực thương mại và gia đình.

Sự xuất hiện của MIRO U đặt ra một câu hỏi triết học thú vị cho ngành công nghiệp: Khi nào thì một robot hình nhân không còn là robot hình nhân nữa?
Bằng cách lai ghép giữa hình dáng con người và các bộ phận cơ khí chuyên dụng, Midea đang gửi đi một thông điệp mạnh mẽ: Hình dáng con người không phải lúc nào cũng là đỉnh cao của hiệu quả công nghiệp. MIRO U có thể trông không giống một con người theo nghĩa truyền thống, nhưng nó là một công cụ tối ưu được khoác lên mình hình hài nhân tạo ở những điểm cần thiết.
Khi MIRO U bắt đầu lăn bánh vào Nhà máy Midea Wuxi High-end Washing Machine Factory cuối tháng 12 này, cả thế giới sẽ cùng dõi theo để kiểm chứng xem liệu trong kỷ nguyên công nghiệp 4.0, sáu tay có thực sự tốt hơn hai tay hay không.

"
https://genk.vn/cac-nha-khoa-hoc-phat-trien-loai-vat-lieu-moi-khong-chi-ben-chac-ma-con-an-co2-tu-khong-khi-165251209103401466.chn,"Các nhà khoa học phát triển loại vật liệu mới không chỉ bền chắc mà còn ""ăn"" CO2 từ không khí","Các nhà nghiên cứu tại Viện Bách khoa Worcester vừa phát triển một loại vật liệu sinh học mới có khả năng tự đông cứng trong vài giờ và hấp thụ CO2 từ khí quyển, hứa hẹn tạo ra cuộc cách mạng xanh cho ngành xây dựng toàn cầu.","Trong bối cảnh biến đổi khí hậu đang diễn biến phức tạp, ngành xây dựng từ lâu đã bị xem là một trong những ""thủ phạm"" lớn nhất gây ô nhiễm môi trường. Việc sản xuất bê tông - vật liệu phổ biến nhất hành tinh - chiếm tới gần 8% tổng lượng khí thải CO2 toàn cầu. Tuy nhiên, một tia hy vọng mới đã xuất hiện từ phòng thí nghiệm của Viện Bách khoa Worcester (WPI) với sự ra đời của Vật liệu Cấu trúc Enzyme (ESM).
Được dẫn dắt bởi Giáo sư Nima Rahbar, Trưởng khoa Kỹ thuật Xây dựng tại WPI, nhóm nghiên cứu đã tạo ra ESM dựa trên một quy trình mô phỏng sinh học đầy sáng tạo. Thay vì sử dụng các phản ứng hóa học tiêu tốn năng lượng và phát thải cao như xi măng, họ sử dụng một loại enzyme đặc biệt. Enzyme này có khả năng chuyển hóa khí carbon dioxide (CO2) thành các hạt khoáng chất rắn, sau đó liên kết chúng lại với nhau để tạo thành cấu trúc vững chắc.
Điểm đột phá nhất của công nghệ này nằm ở khả năng đảo ngược tác động môi trường. Theo tính toán của nhóm nghiên cứu, quá trình sản xuất một mét khối ESM có thể hấp thụ và cô lập hơn 6 kg CO2 từ khí quyển. Để so sánh, việc sản xuất cùng một lượng bê tông truyền thống sẽ thải ra môi trường khoảng 330 kg khí nhà kính này. Đây là một bước tiến quan trọng, biến các công trình xây dựng từ nguồn phát thải trở thành những ""bể chứa"" carbon khổng lồ.

Không chỉ thân thiện với môi trường, ESM còn sở hữu những đặc tính kỹ thuật vượt trội so với bê tông. Trong khi bê tông truyền thống cần nhiệt độ cao và mất hàng tuần để đạt độ cứng tối ưu, ESM có thể đông cứng và hình thành các bộ phận cấu trúc chỉ trong vòng vài giờ ở điều kiện nhiệt độ thường.
Đặc tính này mở ra những ứng dụng vô giá trong thực tế, đặc biệt là tại các khu vực chịu ảnh hưởng của thiên tai. Với khả năng tạo hình nhanh, trọng lượng nhẹ và quy trình sản xuất ít tốn kém năng lượng, ESM có thể được sử dụng để dựng các công trình cứu trợ khẩn cấp, giúp đẩy nhanh tốc độ tái thiết sau thảm họa.
Ngoài ra, vật liệu này còn có độ bền cao, khả năng điều chỉnh cường độ chịu lực, dễ dàng sửa chữa và đặc biệt là có thể tái chế hoàn toàn. Điều này giúp giảm thiểu chi phí bảo trì dài hạn và giải quyết bài toán rác thải xây dựng vốn đang bị bỏ ngỏ. Giáo sư Rahbar nhận định: ""Nếu chỉ một phần nhỏ của ngành xây dựng toàn cầu chuyển sang các vật liệu âm các-bon như ESM, tác động mang lại sẽ là vô cùng to lớn"".
Công trình nghiên cứu này, vừa được công bố trên tạp chí khoa học uy tín Matter, đang mở ra một hướng đi mới cho kiến trúc bền vững. Ở đó, các tòa nhà không chỉ phục vụ con người mà còn chủ động làm sạch bầu không khí cho hành tinh.

"
https://genk.vn/ky-lan-robot-trung-quoc-xuat-xuong-robot-hinh-nguoi-thu-5000-tuyen-chien-song-phang-voi-tesla-optimus-cua-elon-musk-165250912114029264.chn,"Kỳ lân robot Trung Quốc xuất xưởng robot hình người thứ 5.000, tuyên chiến sòng phẳng với Tesla Optimus của Elon Musk","AgiBot vừa đánh dấu cột mốc quan trọng khi robot hình người thứ 5.000 rời dây chuyền, khẳng định năng lực sản xuất quy mô lớn và tham vọng cạnh tranh trực tiếp với Optimus của Elon Musk. Thành tựu này phản ánh tốc độ phát triển vượt trội của ngành robot hình người tại Trung Quốc.","Ngày 8 tháng 12, tại Thượng Hải, Trung Quốc, AgiBot (Startup được mệnh danh là kỳ lân công nghệ của Trung Quốc) đã chính thức thông báo robot hình người đa dụng thứ 5.000 của họ, mẫu Lingxi X2, đã rời dây chuyền và sẵn sàng bước vào các thử nghiệm và ứng dụng thực tế.
Với con số 5.000 sản phẩm, AgiBot cho rằng công ty đã đạt mức độ trưởng thành mới, đủ năng lực bước vào giai đoạn sản xuất hàng loạt toàn diện. Theo dữ liệu nội bộ, tổng sản lượng hiện tại của ba dòng sản phẩm chính gồm 1.742 robot thuộc dòng Expedition, 1.846 robot thuộc dòng Lingxi và 1.412 robot thuộc dòng Spirit, phản ánh sự mở rộng nhanh chóng của hệ sinh thái robot mà doanh nghiệp đang xây dựng.

Lingxi X2, tâm điểm của sự kiện lần này, sở hữu 28 bậc tự do, trọng lượng 33,8 kg cùng hệ thống phần cứng được AgiBot tự phát triển hoàn toàn. Các thành phần như bộ điều khiển tiểu não, bộ điều khiển miền, hệ thống quản lý năng lượng thông minh và mô đun khớp cốt lõi đều được thiết kế nhằm tối ưu khả năng vận động và nhận thức.
AgiBot mô tả đây là robot hình người đầu tiên của hãng thực sự đạt được tính linh hoạt và tương tác theo thời gian thực, với phản hồi ở mức mili giây và khả năng suy luận dựa trên thị giác, cho phép robot thực hiện nhiều tác vụ đòi hỏi sự chính xác lẫn tốc độ cao.
Trong buổi công bố, ông Wang Chuang, đối tác và phó chủ tịch cao cấp của AgiBot, nhấn mạnh rằng việc xuất xưởng đơn vị thứ 5.000 không chỉ là một con số mà còn là minh chứng cho các giai đoạn phát triển có tính hệ thống của công ty.
Ông cho rằng sản phẩm đầu tiên chỉ là lời khẳng định về tính khả thi, đơn vị sản phẩm thứ 200 phản ánh sự ổn định vượt qua nguyên mẫu thí nghiệm, đơn vị sản phẩm thứ 1.000 cho thấy robot đã đủ khả năng hoạt động ngoài đời thực và đơn vị thứ 5.000 là dấu hiệu AgiBot đã sẵn sàng cho thương mại hóa quy mô lớn.
Theo đó, Wang dự đoán sản lượng robot hình người của doanh nghiệp có thể đạt mức 5.000 sản phẩm mỗi năm trong tương lai gần.

Tốc độ phát triển của AgiBot diễn ra trong bối cảnh Trung Quốc đang nổi lên như một trong những quốc gia dẫn đầu về robot công nghiệp và robot dịch vụ. Dữ liệu mới nhất cho thấy sản lượng robot công nghiệp trong hai tháng đầu năm đã tăng 27 phần trăm so với cùng kỳ, đạt hơn 91.000 sản phẩm, trong khi robot dịch vụ tăng 36 phần trăm, lên đến 1,5 triệu đơn vị. Với môi trường phát triển mạnh mẽ như vậy, việc AgiBot đặt mục tiêu cạnh tranh với Optimus của Elon Musk được xem là bước đi phù hợp theo xu thế.
TheoSouth China Morning Post, AgiBot đã trở thành một trong những doanh nghiệp robot quan trọng tại Thượng Hải với cơ sở tại Khu mới Lingang. Không dừng lại ở đó, công ty dự kiến mở rộng với một nhà máy mới tại Pudong, nhằm nâng công suất sản xuất lên hơn 400 robot mỗi tháng để đáp ứng nhu cầu tăng mạnh từ thị trường công nghiệp.
Ông Yao Maoqing, chủ tịch đơn vị trí tuệ hiện thân của AgiBot, cho biết trong năm nay công ty tập trung đưa robot vào những kịch bản công nghiệp cụ thể, thay thế con người ở những nhiệm vụ hạn chế nhưng mang lại giá trị thực tế cho doanh nghiệp.

AgiBot được thành lập vào tháng 2 năm 2023 bởi Peng Zhihui, một gương mặt nổi bật từng tham gia chương trình “Genius Youth” của Huawei. Chỉ sáu tháng sau khi thành lập, công ty đã ra mắt Raise A1, mẫu robot hình người đầu tiên, thể hiện tốc độ phát triển mà ít doanh nghiệp nào có thể đạt được trong ngành công nghệ phần cứng phức tạp này.
Bên cạnh Lingxi X2, AgiBot còn sở hữu dòng sản phẩm Yuanzheng A2, cao 175 cm, nặng 55 kg và có thể thực hiện nhiều nhiệm vụ tinh vi như xâu kim nhờ hệ thống cảm biến AI và khả năng xử lý đa phương thức gồm văn bản, âm thanh và hình ảnh.
Danh mục sản phẩm của công ty hiện trải dài nhiều phân khúc, từ A2 Max đến các mẫu robot dịch vụ như A2-W, X1 và X1-W, cho thấy tham vọng xây dựng hệ sinh thái robot toàn diện.
NDoGoh3FquPf2zgv
Không chỉ tập trung vào phần cứng, AgiBot còn đầu tư mạnh vào công nghệ AI. Tháng 3 năm 2025, công ty ra mắt Genie Operator-1 (GO-1), mô hình AI được thiết kế để xử lý lượng lớn dữ liệu hình ảnh và video nhằm nâng cao khả năng hiểu hành động con người và thực hiện nhiệm vụ trong môi trường thực. GO-1 hoạt động dựa trên khung Vision-Language-Latent-Action, kết hợp hiểu cảnh, lập kế hoạch và thực thi hành động.
Mô hình ngôn ngữ - thị giác đảm nhiệm phần nhận thức môi trường, hệ thống chuyên gia chuyển động giúp tinh chỉnh vận động, trong khi bộ lập kế hoạch ẩn dự đoán hành động phù hợp. Được huấn luyện trên bộ dữ liệu AgiBot World, chứa hơn một triệu quỹ đạo robot thuộc 217 nhiệm vụ, GO-1 đã nâng tỷ lệ hoàn thành nhiệm vụ từ 46 phần trăm lên 78 phần trăm, đặc biệt hiệu quả trong các hoạt động thường ngày như rót nước hay phục vụ đồ uống.

Sự kết hợp giữa hệ thống robot được sản xuất hàng loạt và mô hình trí tuệ nhân tạo tiên tiến cho thấy chiến lược rõ ràng của AgiBot: tạo ra các robot hình người không chỉ có khả năng vận động mà còn sở hữu trí tuệ đủ để trở thành tác nhân tự chủ trong nhiều môi trường khác nhau. Đây cũng là lý do công ty tin rằng GO-1 sẽ góp phần đẩy nhanh việc ứng dụng robot hình người trong công nghiệp, dịch vụ và sau đó là hộ gia đình trong vòng năm năm tới.
Với việc xuất xưởng Lingxi X2 và đẩy mạnh phát triển GO-1, AgiBot đang khẳng định tham vọng tham gia cuộc đua toàn cầu giữa các doanh nghiệp phát triển robot hình người. Khi Optimus của Tesla vẫn đang trong quá trình hoàn thiện và nhiều doanh nghiệp khác cũng đang tăng tốc, sự xuất hiện của AgiBot như một đối thủ đáng gờm cho thấy ngành robot hình người đang bước vào giai đoạn cạnh tranh quyết liệt với tốc độ đổi mới chưa từng có.

"
https://genk.vn/phat-hien-loai-chim-moi-tai-amazon-co-tap-tinh-ngay-tho-giong-het-loai-dodo-da-tuyet-chung-165251209104729292.chn,"Phát hiện loài chim mới tại Amazon có tập tính ""ngây thơ"" giống hệt loài Dodo đã tuyệt chủng","Giữa rừng già Amazon, các nhà khoa học vừa tìm thấy một loài chim chưa từng được biết đến trong suốt 75 năm qua. Tuy nhiên, sự dạn dĩ kỳ lạ và thiếu bản năng tự vệ của chúng đang khiến giới chuyên môn lo ngại về một kịch bản diệt vong tương tự loài Dodo huyền thoại.","Tại vùng núi hẻo lánh Serra do Divisor thuộc phía tây Amazon, các nhà khoa học Brazil vừa công bố một phát hiện chấn động trên tạp chíZootaxa. Sau nhiều năm lần theo những tiếng hót ma quái vọng lại từ rừng sâu, họ đã xác định được một loài chim hoàn toàn mới mang tênTinamus resonans(tinamou mặt xám). Đây là lần đầu tiên sau hơn ba phần tư thế kỷ, một loài mới thuộc chi này được ghi nhận.

Câu chuyện bắt đầu vào năm 2021, khi các nhà thám hiểm lần đầu nghe thấy một âm thanh kỳ lạ, vang vọng khắp các sườn núi. Tiếng kêu này có đặc tính đánh lừa thính giác, khuếch tán trong tầng thấp của rừng khiến người nghe mất phương hướng. Sự bí ẩn của ""ca sĩ"" giấu mặt, kết hợp với địa hình hiểm trở và thảm thực vật dày đặc, đã thách thức giới nghiên cứu suốt nhiều năm trời.
Phải đến tháng 11 năm 2024, nhờ sử dụng công nghệ phát lại âm thanh tổng hợp kỹ thuật số, nhóm nghiên cứu mới dụ được hai cá thể bước ra ánh sáng. Kết quả phân tích cho thấy chúng thuộc họTinamidae, một dòng họ có liên hệ gần gũi với loài chim Moa khổng lồ đã tuyệt chủng tại New Zealand.
Về ngoại hình,Tinamus resonanscó kích thước chỉ bằng một con gà, sở hữu bộ lông màu quế, thân hình tròn trịa và đôi mắt to tròn được tô điểm bởi một vệt lông tối màu. Chúng chủ yếu sống trên mặt đất và khả năng bay lượn rất hạn chế.

Điều khiến phát hiện này trở nên đặc biệt và cũng đáng lo ngại nhất - không phải là ngoại hình mà là hành vi của chúng. Các nhà nghiên cứu mô tả loài chim này ""bình thản đến mức kỳ lạ"". Khi đối mặt trực tiếp với con người, chúng không hề tỏ ra sợ hãi hay lảng tránh.
Báo cáo nghiên cứu chỉ rõ: ""Các cá thể di chuyển chậm rãi qua những khu vực thoáng đãng mà không hề có dấu hiệu cảnh giác. Chúng dường như thất bại trong việc nhận diện con người là một mối đe dọa tiềm tàng"".
Tập tính này gợi nhớ một cách đau lòng đến loài chim Dodo nổi tiếng. Vào thế kỷ 17, khi người châu Âu đặt chân lên đảo Mauritius, loài Dodo do sống biệt lập quá lâu đã hoàn toàn không sợ người. Sự ""ngây thơ"" về mặt sinh học đó, kết hợp với khả năng di chuyển chậm chạp trên mặt đất, đã dẫn đến sự tuyệt chủng nhanh chóng của chúng chỉ trong vài thập kỷ.

Hiện tại, quần thểTinamus resonansước tính có khoảng 2.106 cá thể. Sự an toàn của chúng tạm thời được đảm bảo nhờ sự hẻo lánh của vùng Serra do Divisor. Tuy nhiên, các kế hoạch phát triển kinh tế và mở cửa rừng Amazon đang treo lơ lửng trên đầu loài vật này.
Luis Morais, nghiên cứu sinh tiến sĩ tại Bảo tàng Quốc gia Rio de Janeiro và là tác giả chính của nghiên cứu, cảnh báo trên tờNew York Times: ""Hành vi của loài chim này phản chiếu chính xác những ghi chép lịch sử về loài Dodo đã tuyệt chủng, và nguy cơ tuyệt chủng của nó là thực tế không kém"".
Phát hiện vềTinamus resonanslà một tin vui cho đa dạng sinh học, nhưng đồng thời cũng đặt ra một bài toán cấp bách cho công tác bảo tồn. Nếu không có các biện pháp bảo vệ nghiêm ngặt trước sự xâm lấn của con người, sự ""thân thiện"" của loài chim này có thể chính là án tử của chúng.

"
https://genk.vn/giong-noi-con-nguoi-se-bien-doi-nhu-the-nao-khi-du-hanh-qua-cac-hanh-tinh-trong-he-mat-troi-165251209104025731.chn,Giọng nói con người sẽ biến đổi như thế nào khi du hành qua các hành tinh trong Hệ Mặt trời?,"Nếu đứng trên bề mặt Sao Hỏa hay Sao Kim, giọng nói của bạn sẽ thay đổi đáng kinh ngạc. Từ âm trầm như người khổng lồ đến giọng nói của Xì trum, môi trường khí quyển tại các thiên thể này sẽ bẻ cong âm thanh theo những cách khó tin.","Trong các bộ phim khoa học viễn tưởng, các phi hành gia thường giao tiếp với nhau bằng giọng nói bình thường bất kể họ đang đứng trên hành tinh nào. Tuy nhiên, thực tế vật lý lại vẽ nên một bức tranh hoàn toàn khác biệt. Âm thanh là sóng cơ học, cần môi trường vật chất để truyền tải.
Do đó, sự khác biệt về mật độ, nhiệt độ và áp suất khí quyển giữa các thiên thể sẽ biến đổi giọng nói của chúng ta thành những âm sắc kỳ dị mà ngay cả chủ nhân của chúng cũng khó lòng nhận ra.

Sao Kim nổi tiếng với điều kiện khắc nghiệt, nơi nhiệt độ có thể làm tan chảy chì. Nhưng nếu bỏ qua yếu tố sinh tồn để thực hiện một thí nghiệm âm thanh, kết quả thu được sẽ vô cùng thú vị. Dữ liệu từ các sứ mệnh Venera 13 và 14 của Liên Xô vào đầu những năm 1980 cho thấy tốc độ âm thanh tại bề mặt hành tinh này vào khoảng 410 m/s, nhanh hơn đáng kể so với mức 340 m/s trên Trái đất.
Tuy nhiên, tốc độ không phải là yếu tố duy nhất. Giáo sư Tim Leighton đã giải thích một hiện tượng nghịch lý vào năm 2012: Bầu khí quyển đặc quánh như một ""nồi súp khí"" của sao Kim sẽ khiến dây thanh quản của con người rung chậm lại, tạo ra âm vực trầm hơn hẳn.
Thế nhưng, tốc độ truyền âm quá nhanh lại đánh lừa não bộ, khiến người nghe cảm giác âm thanh phát ra từ một sinh vật nhỏ bé. Kết quả là một tổ hợp kỳ quặc mà giáo sư Leighton ví von: ""Trên sao Kim, con người nghe giống như những chú Xì trum có giọng trầm (bass Smurfs)"".
Rời khỏi sao Kim nóng bỏng để đến với Titan - mặt trăng lớn nhất của sao Thổ, chúng ta sẽ gặp một kịch bản trái ngược. Tàu thăm dò Huygens của sứ mệnh Cassini hạ cánh năm 2005 đã xác nhận Titan có bầu khí quyển dày nhưng cực lạnh.
Tại đây, âm thanh di chuyển chậm chạp với tốc độ chỉ hơn 200 m/s. Điều này có thể biến giọng nói của bạn trở nên ồm ồm và kéo dài, gợi liên tưởng đến tiếng gầm gừ của những gã khổng lồ trong truyện cổ tích.
Trong khi đó, sao Hỏa là nơi chúng ta có dữ liệu thực tế phong phú nhất nhờ xe tự hành Perseverance của NASA - thiết bị đầu tiên mang micro lên hành tinh này. Perseverance không chỉ ghi lại được tiếng tia laser và các cơn ""quỷ bụi"", mà còn xác định tốc độ âm thanh tại đây vào khoảng 240 m/s.

Nếu những hành tinh đất đá mang lại những biến đổi thú vị, thì các hành tinh khí khổng lồ như sao Mộc lại nắm giữ kỷ lục về tốc độ. Càng đi sâu vào tâm hành tinh, mật độ và áp suất càng tăng, kéo theo sự gia tăng khủng khiếp của tốc độ âm thanh.
Tại lõi của sao Mộc, nơi vật chất được cho là tồn tại ở dạng ""hydro kim loại"" cực đoan, tốc độ âm thanh có thể chạm ngưỡng giới hạn lý thuyết là 36 km/s. Con số này gấp đôi tốc độ truyền âm trong kim cương và nhanh hơn 100 lần so với trong không khí trên Trái đất.
Từ những dữ liệu này, có thể thấy câu nói kinh điển trong phim Alien ""Trong vũ trụ, không ai có thể nghe thấy bạn hét"" chỉ đúng trong môi trường chân không. Còn tại các hành tinh khác, người ta vẫn có thể nghe thấy bạn, chỉ là tiếng hét đó có thể nghe giống như của một chú Xì trum hoặc một người khổng lồ đang giận dữ mà thôi.

"
https://genk.vn/chuyen-that-nhu-dua-tai-iran-robot-hinh-nguoi-cao-cap-tai-trien-lam-cong-nghe-bi-boc-me-la-nguoi-that-dong-gia-165251209105430189.chn,Chuyện thật như đùa tại Iran: Robot hình người cao cấp tại triển lãm công nghệ bị bóc mẽ là người thật đóng giả,"Cộng đồng mạng quốc tế đang dậy sóng trước những hình ảnh ""dở khóc dở cười"" tại một triển lãm công nghệ ở Iran. Hai mẫu robot hình người được quảng cáo là tiên tiến hóa ra chỉ là người thật hóa trang.","Trong kỷ nguyên mà trí tuệ nhân tạo và công nghệ tự động hóa đang đạt được những bước tiến thần tốc, công chúng luôn háo hức chờ đợi những đột phá mới tại các sự kiện công nghệ lớn. Tuy nhiên, Triển lãm Công nghệ Kish Inox vừa diễn ra tại Iran lại mang đến một sự thất vọng pha lẫn hài hước khi hai ""robot nhân hình tiên tiến"" bị vạch trần chỉ là những diễn viên đóng thế vụng về.
Sự việc bắt đầu lan truyền chóng mặt trên mạng xã hội sau khi các đoạn video quay cận cảnh tại triển lãm được công bố. Hai ""robot"" một nam và một nữ xuất hiện trong những bộ trang phục bó sát màu bạc sến sẩm, được trang trí bằng các dãy số nhị phân 0 và 1 nhằm tạo vẻ ngoài kỹ thuật số.

Tuy nhiên, dưới ống kính máy quay độ nét cao, ""lớp vỏ công nghệ"" này nhanh chóng sụp đổ. Khách tham quan dễ dàng nhận ra những đặc điểm sinh học không thể chối cãi của con người: những vết sẹo mụn trên da mặt, đôi mắt chớp liên tục, lồng ngực phập phồng theo nhịp thở và những chuyển động cơ học gượng gạo, thiếu tự nhiên.
Trong một đoạn clip gây bão, robot nữ tự xưng là ""Miss Data"" đã có màn giao tiếp khó hiểu với khách tham quan. ""Cô"" thao thao bất tuyệt rằng mình đang sống trong ""không gian blockchain"" và cùng với đối tác nam bên cạnh tạo thành ""một tập hợp dữ liệu làm việc cùng nhau trong một mã dữ liệu chung"". Những thuật ngữ công nghệ sáo rỗng này càng khiến màn trình diễn trở nên lố bịch trong mắt giới chuyên môn.
Trước làn sóng chế giễu nhắm vào ngành công nghiệp robot của quốc gia, các quan chức Iran đã nhanh chóng lên tiếng đính chính. Theo trang tin công nghệZoomitcủa Iran, ông Hossein Afshin, một quan chức cấp cao phụ trách lĩnh vực Khoa học, Công nghệ và Kinh tế tri thức, đã phủ nhận mọi liên quan của ban tổ chức đối với cặp đôi robot này.
""Tôi chỉ biết rằng một trong các công ty tham gia đã thực hiện điều này như một chiêu thức quảng cáo riêng. Do đó, họ hoàn toàn phải chịu trách nhiệm về hành động của mình"", ông Afshin khẳng định. Vị quan chức này cũng nhấn mạnh rằng việc sử dụng người đóng giả robot không phải là chủ trương của các nhà hoạch định chính sách hay ban tổ chức triển lãm Innotex Kish.

Thực tế, việc sử dụng người đóng giả robot tại các sự kiện công nghệ không phải là chưa từng có tiền lệ. Trước đây, thế giới đã từng chứng kiến những màn trình diễn tương tự tại Trung Quốc, nhưng đa phần chúng được thực hiện tinh vi hơn hoặc mang tính giải trí rõ ràng hơn.
Trường hợp tại Iran lần này bị đánh giá là ""thảm họa"" bởi sự cẩu thả trong khâu hóa trang và kịch bản, biến một sự kiện công nghệ nghiêm túc trở thành trò cười. Thay vì phô diễn sức mạnh trí tuệ nhân tạo hay kỹ thuật cơ khí, màn đóng giả vụng về này chỉ phơi bày sự ngây ngô trong cách tiếp cận truyền thông của doanh nghiệp tư nhân, đồng thời vô tình làm lu mờ những nỗ lực phát triển công nghệ thực sự của quốc gia này.

"
https://genk.vn/tu-choi-cap-phep-anh-nu-nhiep-anh-gia-bat-ngo-thay-tac-pham-bi-ve-lai-va-dang-bao-165251208182440905.chn,"Từ chối cấp phép ảnh, nữ nhiếp ảnh gia bất ngờ thấy tác phẩm bị… vẽ lại và đăng báo","Một tạp chí lớn tại Canada đã phải lên tiếng xin lỗi sau khi tự ý vẽ lại ảnh của nhiếp ảnh gia Jackie Dives để đăng bài, dù trước đó cô đã từ chối cấp phép sử dụng.","Nhiếp ảnh gia Jackie Dives cho biết cô đã vô cùng bất ngờ khi phát hiện một số bức ảnh do mình chụp đã bị Maclean’s Magazine vẽ lại và đăng trong bài viết, mặc dù cô đã chủ động từ chối cấp phép. Sự việc được Dives chia sẻ với CBC, thu hút nhiều sự quan tâm của cộng đồng báo chí và giới nhiếp ảnh tại Canada.
Ảnh chụp của nhiếp ảnh gia Jackie Dives (trái) và hình bị vẽ lại, đăng tại tạp chí Maclean’s
Trước đó, Maclean’s liên hệ với Dives để xin sử dụng loạt ảnh chụp liên quan đến nguồn cung ma túy tại Vancouver cho một bài báo năm 2024. Dives cho biết cô đã quay lại hỏi ý kiến những người có mặt trong ảnh và một trong hai nhân vật không đồng ý xuất hiện trên báo. Cô đã thông báo điều này với Maclean’s, khẳng định không thể cấp phép những hình ảnh đó.
Tuy nhiên, vài tháng sau, một trong những nhân vật trong ảnh gửi tin nhắn cho Dives, cho biết ảnh của cô đã bị vẽ lại và đăng trong bài viết. Theo Dives, các hình minh họa được thuê vẽ ""rất, rất giống"" ảnh gốc và khiến cô cảm thấy xấu hổ khi biết sự việc. Những hình vẽ này mô phỏng lại cảnh làm việc trong một căn phòng nhỏ cùng nhiều dụng cụ xét nghiệm ma túy, có bố cục và chi tiết trùng khớp với ảnh do cô thực hiện.

Dives gửi thư đến tòa soạn, cho rằng đây là hành động vi phạm bản quyền và đi ngược lại mong muốn của nhân vật được chụp. Cô nhấn mạnh việc tự ý vẽ lại ảnh để vượt qua quy trình cấp phép đã làm tổn hại niềm tin mà cô xây dựng với cộng đồng trong hơn một thập kỷ làm việc tại các môi trường nhạy cảm của khủng hoảng overdose. Theo Dives, hành động này không chỉ ảnh hưởng đến cô mà còn gây tổn hại đến uy tín của những nhiếp ảnh gia tác nghiệp trong lĩnh vực báo chí.
Vụ việc khiến Maclean’s phải đưa ra lời xin lỗi công khai trên mạng xã hội vào ngày 2 tháng 9 năm 2025. Tạp chí thừa nhận đã sử dụng hình minh họa dựa trên ảnh của Dives mà không có sự đồng ý, đồng thời bày tỏ tiếc nuối về thiệt hại mà cô phải gánh chịu.
Dives cho biết sự kiểm soát hình ảnh là yêu cầu then chốt trong công việc của cô bởi phần lớn nhân vật đều hỏi trước tiên rằng ảnh của họ sẽ được sử dụng vào mục đích gì. Cô khẳng định mình cần đảm bảo quyền riêng tư của họ, đặc biệt khi tác nghiệp tại các bối cảnh nhạy cảm. Cuối cùng, Dives đã thuê luật sư và đạt được thỏa thuận dàn xếp với Maclean’s ngoài tòa án."
https://genk.vn/trung-quoc-siet-chat-quan-ly-nganh-robot-hinh-nhan-truoc-nguy-co-bong-bong-dau-tu-va-sao-chep-cong-nghe-165251208093101222.chn,"Trung Quốc siết chặt quản lý ngành robot hình nhân trước nguy cơ ""bong bóng"" đầu tư và sao chép công nghệ","Bắc Kinh vừa gióng lên hồi chuông cảnh báo về tình trạng phát triển quá nóng của ngành công nghiệp robot nhân hình, khi hàng trăm doanh nghiệp đổ xô tung ra các sản phẩm sao chép giống hệt nhau, đe dọa sự phát triển bền vững của lĩnh vực công nghệ mũi nhọn này.","Trong một động thái hiếm hoi và quyết liệt, Ủy ban Cải cách và Phát triển Quốc gia Trung Quốc (NDRC) - cơ quan đầu não về hoạch định chiến lược kinh tế, đã chính thức lên tiếng cảnh báo về rủi ro ""bong bóng hóa"" trong ngành công nghiệp robotnhân hình.
Sự can thiệp này diễn ra trong bối cảnh cơn sốt đầu tư vào trí tuệ nhân tạo hiện thân (embodied AI) đang bùng nổ mạnh mẽ, gợi nhớ lại những bài học đau đớn từ các trào lưu xe đạp chia sẻ hay bán dẫn trong quá khứ.

Theo số liệu từ NDRC, thị trường nội địa Trung Quốc hiện đã ghi nhận sự tham gia của hơn 150 doanh nghiệp sản xuất robotnhân hình. Tuy nhiên, thay vì tạo ra những đột phá công nghệ riêng biệt, phần lớn các đơn vị này lại tung ra những sản phẩm có độ tương đồng cao đến mức đáng báo động.
Phát biểu với báo giới tại Bắc Kinh, người phát ngôn của NDRC, bà Lý Siêu, nhấn mạnh rằng chính phủ cần phải tập trung ngăn chặn tình trạng các sản phẩm sao chép ""đổ xô"" ra thị trường. Bà cảnh báo rằng việc các doanh nghiệp đua nhau chạy theo số lượng mà bỏ qua chất lượng sẽ khiến không gian dành cho nghiên cứu và phát triển (R&D) thực chất bị nén lại, kìm hãm khả năng sáng tạo của toàn ngành.
""Tốc độ và bong bóng luôn là những vấn đề cần nắm bắt và cân bằng trong quá trình phát triển các ngành công nghiệp tiên phong,"" bà Lý Siêu nhận định. Tuyên bố này được xem là gáo nước lạnh dội vào cơn hưng phấn của thị trường, nhưng cũng là liều thuốc cần thiết để thanh lọc môi trường kinh doanh.

Cơn sốt robotnhân hìnhtại Trung Quốc thực sự bùng nổ sau màn trình diễn ấn tượng của đội quân robot nhảy múa thuộc hãng Unitree tại Gala Lễ hội Mùa xuân năm nay. Sự kiện này, cùng với việc người sáng lập Unitree ngồi hàng ghế đầu trong cuộc tọa đàm với Chủ tịch Tập Cận Bình, đã trở thành chất xúc tác mạnh mẽ cho dòng vốn đầu tư.
Kể từ đó, các startup mới nổi như AgiBot hay Galbot liên tục ""chiếm sóng"" mạng xã hội với những video robot chạy marathon, đấu võ hay pha cà phê điêu luyện. Hệ quả là Chỉ số Robotnhân hìnhTrung Quốc Solactive đã tăng gần 30% chỉ trong năm nay, phản ánh sự kỳ vọng - và cả sự đầu cơ - của giới tài chính. Tập đoàn Citigroup thậm chí còn đưa ra dự báo lạc quan rằng quy mô thị trường này có thể chạm mốc 7 nghìn tỷ USD vào năm 2050.

Tuy nhiên, giữa những con số hào nhoáng, thực tế là việc phổ cập robot vào từng hộ gia đình hay nhà máy vẫn là câu chuyện của nhiều năm nữa. Để tránh vết xe đổ của các bong bóng kinh tế trước đây, NDRC đã vạch ra lộ trình quản lý mới.
Theo đó, chính phủ Trung Quốc sẽ tăng tốc thiết lập các cơ chế sàng lọc nghiêm ngặt về việc gia nhập và rút lui khỏi thị trường. Mục tiêu là tạo ra một sân chơi công bằng, nơi các nguồn lực được tập trung vào việc chinh phục các công nghệ lõi thay vì lãng phí vào các sản phẩm sao chép. Đồng thời, nhà nước sẽ thúc đẩy việc xây dựng các nền tảng hạ tầng chung cho việc huấn luyện và thử nghiệm, khuyến khích chia sẻ tài nguyên để đẩy nhanh ứng dụng thực tế.
Phản ứng trước động thái này, thị trường chứng khoán đã có những điều chỉnh thú vị. Cổ phiếu của ""ông lớn"" UBTech Robotics Corp. đã tăng hơn 4%, cho thấy niềm tin của nhà đầu tư đang dịch chuyển về phía các doanh nghiệp đầu ngành có nền tảng công nghệ vững chắc, những người được dự báo sẽ sống sót và hưởng lợi sau khi cơn bão thanh lọc đi qua.

"
https://genk.vn/robot-trong-tre-da-xuat-hien-ngay-cang-thong-minh-hon-va-mo-ra-ky-nguyen-moi-cua-cuoc-song-gia-dinh-165251208100948535.chn,"Robot trông trẻ đã xuất hiện, ngày càng thông minh hơn và mở ra kỷ nguyên mới của cuộc sống gia đình","Công nghệ đang tiến rất nhanh, và mỗi bước tiến đều đưa chúng ta đến gần hơn với giấc mơ về một hệ sinh thái robot thông minh phục vụ đời sống con người một cách toàn diện.","Một buổi sáng thức dậy, máy pha cà phê tự động đã sẵn sàng hoạt động, robot hút bụi tranh thủ hoàn thành việc dọn dẹp nhà cửa trong lúc bạn chuẩn bị cho ngày mới. Trước khi bước chân ra khỏi cửa, robot quản gia nhẹ nhàng nhắc bạn mang theo ô vì buổi chiều có thể mưa, đồng thời tóm tắt lịch trình họp hành trong ngày. Khi trở về vào buổi tối, một robot nấu ăn sẽ phục vụ bạn bữa tối nóng hổi. Đến đêm, robot bạn đồng hành kể một câu chuyện cổ tích rồi ru trẻ nhỏ vào giấc ngủ.
Những hình ảnh tưởng chừng chỉ thấy trong phim khoa học viễn tưởng đang dần trở thành một phần của đời sống hiện đại.

Sự phát triển mạnh mẽ của ngành công nghiệp robot trong những năm gần đây khiến viễn cảnh ấy không còn xa vời. Theo số liệu từ Cục Thống kê Quốc gia Trung Quốc, riêng trong tháng 5 năm nay, sản lượng robot công nghiệp đã tăng 35,5 phần trăm so với cùng kỳ, đạt khoảng 69.000 chiếc. Robot dịch vụ cũng tăng trưởng 13,8 phần trăm, vượt mức 1,216 triệu sản phẩm.
Những con số này cho thấy một thị trường robot gia đình đang bùng nổ, trong đó nổi bật nhất là dòng robot bảo mẫu, được thiết kế để chăm sóc con trẻ, người già và hỗ trợ sinh hoạt hằng ngày.
Trên thực tế, robot bảo mẫu là một bước tiến xa hơn so với robot hút bụi hay robot lau nhà vốn chỉ thực hiện một nhiệm vụ đơn lẻ. Chúng được tạo ra để đảm nhiệm hàng loạt công việc trong gia đình, từ chăm sóc sức khỏe, theo dõi thuốc men, hỗ trợ vận động cho người cao tuổi đến trò chuyện, dạy học và giải trí cho trẻ em.
Dựa trên chức năng, robot bảo mẫu hiện được chia thành bốn nhóm chính gồm hỗ trợ điều dưỡng, theo dõi sức khỏe, dịch vụ sinh hoạt và hỗ trợ xã hội. Tùy theo địa điểm sử dụng, chúng có thể được triển khai trong gia đình, cơ sở y tế hoặc cộng đồng.

Phần lớn robot xuất hiện trong nhà hiện nay vẫn có thiết kế không giống người, tiêu biểu như robot hút bụi hay robot bạn đồng hành. Tại Triển lãm Xúc tiến Chuỗi cung ứng Quốc tế Trung Quốc lần thứ 3, TCL đã thu hút nhiều sự chú ý với robot đồng hành AiMe, nổi bật với đôi mắt to, biết chớp và khả năng trò chuyện tự nhiên.
Nhân viên giới thiệu cho biết AiMe có thể kết nối cảm xúc với người dùng, nhận ra cảm xúc buồn vui và chủ động hỏi han, an ủi. Không chỉ vậy, AiMe còn điều khiển được nhiều thiết bị gia dụng thông minh, giúp người dùng tương tác thuận tiện hơn với ngôi nhà của mình.

Bên cạnh đó, robot hình người cũng đang tăng tốc thâm nhập vào đời sống gia đình. Một số có thể gấp quần áo, phơi đồ, một số biết giặt giũ, thậm chí có robot đã có thể tự nấu ăn. Mẫu Galbot G1 của Galaxy General Robotics được thiết kế với hai tay và bánh xe, giúp nó thực hiện các nhiệm vụ như dọn dẹp, tìm kiếm đồ vật và nhận hàng hóa. Trong khi đó, AlphaBot 2 của Zhifang gây ấn tượng khi có thể điều khiển nhiều thiết bị gia dụng và thậm chí pha trà hay pha cà phê.
Để pha được một tách cà phê đúng chuẩn, AlphaBot 2 phải vận hành nhiều công nghệ cốt lõi như hệ thống nhận thức không gian, khả năng nhận dạng vật thể và lập kế hoạch hoạt động dài hạn. Nhờ đó, robot có thể tự cầm cốc, nhấn nút máy pha cà phê, xử lý các bước cần thiết và phục vụ cà phê mà gần như không cần sự giúp đỡ của con người. Những công nghệ này đã cho thấy mức độ hoàn thiện ngày càng cao của robot gia dụng.

Trong khi đó, Công ty Robot Yuliqi đang đẩy mạnh kế hoạch đưa robot vào các gia đình thông qua mẫu Wanda 2.0, robot hình người được bán với giá khởi điểm 88.000 nhân dân tệ. Wanda 2.0 có thể nướng, chiên trứng, pha chế đồ uống, rửa bát đĩa hay thậm chí chơi cờ vua với người dùng.
Sản phẩm hiện đã được bán ra hơn 100 chiếc, chủ yếu phục vụ các lĩnh vực thương mại như y tế, an ninh và chào đón khách, nhưng nhiều cá nhân cũng đã sẵn sàng mua robot để sử dụng tại nhà.
Dẫu vậy, phần lớn các công ty trong ngành vẫn cho rằng robot bảo mẫu cần thêm thời gian trước khi có thể phổ biến trong từng hộ gia đình. Thay vào đó, nhiều doanh nghiệp đang lựa chọn triển khai robot ở những mô hình trung gian như viện dưỡng lão và cửa hàng bán lẻ.
Tại một viện dưỡng lão ở Thâm Quyến, robot trợ lý Astribot S1 đã trở thành nhân viên mới, hỗ trợ người cao tuổi đẩy xe lăn, pha trà, chuẩn bị nước uống, hướng dẫn tập thể dục và đồng hành trong nhiều hoạt động hàng ngày. Đại diện viện dưỡng lão cho biết robot giúp giảm tải khối lượng công việc và tăng hiệu quả chăm sóc người già.

Song song với đó, nghiên cứu về robot chăm sóc người cao tuổi cũng được đẩy mạnh tại các trường đại học. Đại học Công nghệ Hà Bắc đã phát triển một robot hình người có khả năng nâng đỡ bệnh nhân hoặc hỗ trợ họ lên xe lăn. Theo các nhà nghiên cứu, robot không chỉ hoạt động theo điều khiển từ xa mà còn học hỏi từ dữ liệu thực tế để dần tiến tới khả năng vận hành tự động, với an toàn được đặt lên hàng đầu.
Robot hình người cũng đang được thử nghiệm trong ngành bán lẻ. Galbot G1 đã được đưa vào gần mười nhà thuốc không người trực tại Bắc Kinh, đảm nhiệm tất cả quy trình từ kiểm kê, bổ sung, lấy hàng đến đóng gói và bàn giao cho nhân viên giao nhận. Những cửa hàng này mang lại sự tiện lợi lớn cho người dân, đặc biệt trong các tình huống cần thuốc gấp vào ban đêm.
Dù vậy, hành trình để robot trở thành bảo mẫu thực thụ vẫn còn nhiều rào cản. Trí thông minh của robot cần được nâng cấp mạnh mẽ để có thể xử lý tốt các tình huống phức tạp trong gia đình vốn khó đoán hơn nhiều so với môi trường công nghiệp.
Tại Vũ Hán, robot Photon đang được huấn luyện cách trộn salad bằng việc ghi lại và phân tích mọi chuyển động của huấn luyện viên, từ lực tay đến tốc độ và quỹ đạo thao tác. Khối dữ liệu khổng lồ này sẽ trở thành nền tảng giúp robot học sâu và thực hiện công việc một cách tự chủ trong tương lai.

Các chuyên gia cho rằng robot gia đình cần thời gian để tích lũy đủ dữ liệu và khả năng nhận thức mới có thể đáp ứng kỳ vọng của người dùng. Tuy nhiên, với tốc độ phát triển hiện tại, viễn cảnh robot trông trẻ, robot đầu bếp hay robot điều dưỡng xuất hiện trong từng ngôi nhà có lẽ chỉ còn là vấn đề thời gian. Công nghệ đang tiến rất nhanh, và mỗi bước tiến đều đưa chúng ta đến gần hơn với giấc mơ về một hệ sinh thái robot thông minh phục vụ đời sống con người một cách toàn diện.

"
https://genk.vn/cu-hich-ngan-ma-luc-dong-co-sieu-nho-cua-yasa-hua-hen-cuoc-cach-mang-giam-500kg-cho-xe-dien-165251208094759708.chn,"Cú hích ""ngàn mã lực"": Động cơ siêu nhỏ của YASA hứa hẹn cuộc cách mạng giảm 500kg cho xe điện","Với sức mạnh lên tới 1.000 mã lực chỉ trong một bánh xe và khả năng loại bỏ hoàn toàn hệ thống phanh sau truyền thống, phát minh này được kỳ vọng sẽ định nghĩa lại hoàn toàn khái niệm về xe điện hiệu suất cao.","Trong cuộc đua khốc liệt nhằm tối ưu hóa hiệu suất xe điện, trọng lượng và không gian luôn là hai bài toán hóc búa nhất. Tuy nhiên, YASA, nhà sản xuất động cơ điện danh tiếng có trụ sở tại Oxfordshire (Anh) và là công ty con của Mercedes-Benz dường như vừa tìm ra lời giải hoàn hảo.
Vào ngày 3 tháng 12, hãng này đã công bố một nguyên mẫu động cơ in-wheel (tích hợp trong bánh xe) với những thông số kỹ thuật gây chấn động, thiết lập một kỷ lục phi chính thức về mật độ công suất trên thế giới.

Trái tim của đột phá này là một khối động cơ chỉ nặng vỏn vẹn 12,7 kg. Bất chấp kích thước khiêm tốn, nó có thể sản sinh công suất cực đại lên tới 750 kW, tương đương khoảng 1.005 mã lực.
Để dễ hình dung, mật độ công suất của ""quái vật tí hon"" này đạt 59 kW/kg, vượt xa mọi tiêu chuẩn công nghiệp hiện hành. Ngay cả ở chế độ vận hành liên tục, động cơ vẫn duy trì được sức mạnh từ 469 đến 536 mã lực, đảm bảo sự bền bỉ cho các hành trình dài.
So sánh với các đối thủ sừng sỏ, sản phẩm của YASA thể hiện sự vượt trội rõ rệt. Đơn cử như động cơ ""Dark Matter"" danh tiếng của hãng siêu xe Koenigsegg dù rất hiện đại nhưng vẫn nặng tới 39 kg để tạo ra 789 mã lực. Trong khi đó, động cơ của YASA nhẹ hơn ba lần nhưng lại mạnh mẽ hơn, chứng minh hiệu quả kỹ thuật đáng kinh ngạc.

Ông Tim Woolmer, Nhà sáng lập kiêm Giám đốc Công nghệ của YASA, nhận định rằng công nghệ động cơ in-wheel trước đây thường bị rào cản bởi trọng lượng lớn và mô-men xoắn yếu.
Tuy nhiên, thiết kế mới của YASA đã giải quyết triệt để vấn đề này. Bằng cách tích hợp động cơ vào bánh xe mà vẫn giữ được tính ""trung tính về khối lượng"" (không làm tăng trọng lượng hệ thống treo), YASA đã mở ra những khả năng thiết kế chưa từng có.
Điểm đột phá nhất nằm ở khả năng tích hợp hệ thống phanh tái sinh tiên tiến. Nhờ hiệu suất thu hồi năng lượng cực cao, hệ thống này cho phép các nhà sản xuất loại bỏ hoàn toàn phanh đĩa bánh sau và các trục truyền động cồng kềnh.
YASA ước tính, việc áp dụng công nghệ này có thể giúp một chiếc xe điện thiết kế mới giảm tới 500 kg trọng lượng - một con số khổng lồ trong ngành công nghiệp ô tô, nơi các kỹ sư thường phải đấu tranh để giảm từng gram.
Việc giảm trọng lượng không chỉ giúp xe tăng tốc nhanh hơn, xử lý linh hoạt hơn mà còn kéo dài đáng kể quãng đường di chuyển sau mỗi lần sạc. Hơn nữa, việc loại bỏ các bộ phận cơ khí truyền thống giúp giải phóng không gian nội thất và cho phép tối ưu hóa khí động học tốt hơn.

Hệ thống động cơ này đi kèm với bộ biến tần kép nặng 15 kg, tạo nên một tổng thể hệ thống truyền động gọn nhẹ nhưng cực kỳ mạnh mẽ. Giám đốc điều hành Jörg Miska khẳng định công nghệ này đã mở toang cánh cửa cho kỷ nguyên xe điện nhẹ hơn và hiệu quả hơn.
Hiện tại, nguyên mẫu đầy đủ chức năng đang được phát triển với sự hỗ trợ từ Trung tâm Đẩy mạnh Tiên tiến Vương quốc Anh. Dù sức mạnh 1.000 mã lực ban đầu nhắm đến phân khúc siêu xe và xe hiệu suất cao, YASA khẳng định công nghệ này hoàn toàn có thể mở rộng để áp dụng cho các dòng xe điện phổ thông trong tương lai.
Với vị thế là nhà cung cấp động cơ cho các siêu phẩm như Ferrari SF90, Lamborghini Revuelto và sự hậu thuẫn từ tập đoàn mẹ Mercedes-Benz, công nghệ của YASA không chỉ là bản vẽ trên giấy mà đang tiến rất gần đến việc hiện diện trên những chiếc xe lăn bánh ngoài thực tế, hứa hẹn một cuộc lột xác ngoạn mục cho ngành công nghiệp ô tô điện toàn cầu.

"
https://genk.vn/taxi-robot-cua-baidu-gay-tai-nan-nghiem-trong-tai-trung-quoc-hai-nguoi-di-bo-nhap-vien-trong-tinh-trang-nguy-kich-165251208101648957.chn,"Taxi robot của Baidu gây tai nạn nghiêm trọng tại Trung Quốc, hai người đi bộ nhập viện trong tình trạng nguy kịch","Một chiếc xe taxi robot của Baidu đang hoạt động tại thành phố Chu Châu, Trung Quốc đã gặp phải một vụ va chạm nghiêm trọng, khiến hai người đi bộ phải nhập viện để chăm sóc đặc biệt.","Một vụ tai nạn nghiêm trọng liên quan đến xe taxi tự hành đã xảy ra tại thành phố Chu Châu, tỉnh Hồ Nam, Trung Quốc, khiến hai người đi bộ bị thương nặng và phải nhập viện trong tình trạng đặc biệt nguy kịch.
Sự cố nhanh chóng thu hút sự chú ý lớn của dư luận khi hình ảnh về hiện trường lan truyền rộng rãi trên mạng xã hội Trung Quốc, làm dấy lên nhiều câu hỏi về mức độ an toàn của các hệ thống xe tự lái đang được triển khai ngày càng phổ biến tại nước này.
Vụ việc diễn ra trên đường Yanjiang vào thời điểm phương tiện tự hành mang dòng chữ ""Hello Autonomous Driving"" và mã số 3009 đang di chuyển theo hướng nam. Theo các nhân chứng, chiếc robotaxi bất ngờ va chạm với hai người đi bộ ngay sau khi băng qua vạch kẻ đường, tạo nên khung cảnh hỗn loạn và gây hoang mang cho những người có mặt tại khu vực.
Video được người dân ghi lại cho thấy một trong hai nạn nhân bị kẹt dưới gầm xe, trong khi người còn lại ngã xuống gần đó với nhiều dấu hiệu chấn thương. Hình ảnh cho thấy người bị mắc kẹt đội mũ bảo hiểm và có biểu hiện đau đớn rõ rệt, buộc những người xung quanh phải hợp sức nâng chiếc xe nặng hàng tấn lên để kéo nạn nhân ra ngoài.

Ngay sau vụ va chạm, lực lượng cứu hộ địa phương nhanh chóng có mặt, đưa hai nạn nhân gồm một nam và một nữ tới Bệnh viện Y học Cổ truyền tỉnh Hồ Nam. Cả hai được đưa thẳng vào phòng chăm sóc đặc biệt để theo dõi và điều trị tích cực. Cho đến thời điểm hiện tại, bệnh viện vẫn chưa công bố chi tiết về tình trạng sức khỏe của họ, trong khi gia đình và dư luận đều chờ đợi những thông tin tiếp theo về diễn biến của vụ tai nạn.
Chính quyền Chu Châu cho biết họ đã mở cuộc điều tra toàn diện liên quan đến chiếc xe tự hành được cho là mẫu Apollo RT6 do Baidu phát triển. Đây là thế hệ thứ sáu của dòng xe tự lái Apollo, được Baidu hợp tác với hãng JMC sản xuất và tích hợp nhiều công nghệ tự hành tiên tiến.
Trong những tháng gần đây, mẫu xe này được triển khai tại Chu Châu sau khi chính quyền cho phép thử nghiệm trên đường công cộng, với quy mô vận hành từ 20 đến 30 xe chạy trên các tuyến đường được chỉ định trong thành phố.

Theo truyền thông Trung Quốc, một đại diện dịch vụ khách hàng của Hello, đơn vị vận hành đội xe robotaxi tại khu vực, xác nhận đã nhận thông báo về vụ tai nạn và cho biết công ty đang tích cực phối hợp với các cơ quan liên quan để phục vụ điều tra.
Cảnh sát giao thông địa phương cho biết vụ việc đã được chuyển sang bộ phận pháp lý để xử lý thêm, đồng thời từ chối cung cấp bình luận chi tiết khi cuộc điều tra vẫn đang ở giai đoạn đầu.
Sự cố xảy ra chỉ vài tuần sau khi Hello công bố kế hoạch mở rộng mạnh mẽ trong lĩnh vực xe tự hành. Công ty, vốn nổi tiếng với hệ thống chia sẻ xe đạp và sự tham gia ngày càng sâu vào ngành gọi xe, từng đặt mục tiêu giới thiệu mẫu xe tự hành cấp độ L4 đầu tiên vào tháng 6 năm 2026, đồng thời dự kiến giao những chiếc xe đầu tiên vào tháng 3 cùng năm.
Đồng sáng lập Yu Qiankun chia sẻ tham vọng rằng Hello có thể đưa hơn 50.000 robotaxi vào vận hành trước năm 2027, hướng đến một mạng lưới tự lái quy mô lớn tại Trung Quốc. Tuy nhiên, sau vụ va chạm nghiêm trọng này, Hello đã tạm dừng triển khai dịch vụ robotaxi tại Chu Châu để phục vụ công tác rà soát và đánh giá an toàn.

Trong khi Hello vẫn đang trong giai đoạn thử nghiệm ở các thành phố nhỏ như Chu Châu và Lệ Dương, Baidu lại là cái tên đã có nhiều kinh nghiệm vận hành robotaxi tại Trung Quốc. Hệ thống Apollo Go của hãng hiện được xem là một trong những mạng lưới xe taxi tự hành lớn nhất thế giới, với hoạt động trải rộng ở 22 thành phố.
Baidu đã đưa robotaxi vào vận hành tại hàng loạt đô thị lớn gồm Bắc Kinh, Thượng Hải, Vũ Hán, Thâm Quyến và cả Hồng Kông, đồng thời mở rộng thử nghiệm sang thị trường quốc tế tại Dubai và Abu Dhabi. Với quy mô lớn như vậy, bất kỳ sự cố nào liên quan đến xe tự lái đều lập tức thu hút sự chú ý của công chúng và giới công nghệ.
Vụ tai nạn ở Chu Châu đặt ra nhiều câu hỏi về mức độ sẵn sàng của các hệ thống tự hành trước khi triển khai đại trà. Xe tự lái được kỳ vọng giảm tai nạn nhờ khả năng xử lý chính xác và phản ứng nhanh hơn con người trong nhiều tình huống.
Tuy nhiên, những sự cố như lần này cho thấy công nghệ vẫn còn đối mặt với nhiều thách thức lớn, đặc biệt trong môi trường giao thông phức tạp tại các đô thị châu Á nơi hành vi người đi bộ khó đoán hơn, và mật độ phương tiện hỗn hợp cao.
Khi điều tra đang tiếp tục và thông tin về tình trạng hai nạn nhân vẫn chưa được công bố rõ ràng, dư luận Trung Quốc đang theo dõi sát sao những diễn biến tiếp theo. Vụ việc một lần nữa nhắc nhở rằng việc đưa xe tự hành vào đời sống không chỉ dựa trên công nghệ mà còn cần sự đảm bảo tuyệt đối về an toàn, chuẩn bị kỹ lưỡng về pháp lý và khả năng ứng phó trong các tình huống bất ngờ. Trong bối cảnh Trung Quốc đặt trọng tâm phát triển mạnh mẽ ngành di động tự động, sự cố lần này chắc chắn sẽ ảnh hưởng đáng kể đến tốc độ mở rộng robotaxi trong thời gian tới.

"
https://genk.vn/my-ra-mat-cong-nghe-dna-bien-ma-gien-thanh-o-cung-bat-tu-ton-tai-ngan-nam-165251208094045388.chn,"Mỹ ra mắt công nghệ DNA biến mã gien thành ""ổ cứng bất tử"" tồn tại ngàn năm","Một kỷ nguyên mới đã mở ra khi các nhà khoa học biến mã gien sự sống thành nơi lưu trữ thông tin vĩnh cửu. Hệ thống Atlas Eon 100 chính thức ra mắt, hứa hẹn bảo vệ di sản nhân loại trong hàng thiên niên kỷ.","Trong một bước tiến lịch sử của ngành công nghệ sinh học, Atlas Data Storage, công ty tiên phong của Mỹ vừa chính thức công bố Atlas Eon 100 vào ngày 2/12. Đây được xem là dịch vụ lưu trữ dữ liệu bằng DNA tổng hợp có khả năng mở rộng quy mô đầu tiên trên thế giới, đánh dấu sự chuyển dịch từ kỷ nguyên lưu trữ từ tính sang kỷ nguyên lưu trữ sinh học.

Công nghệ đột phá này hoạt động dựa trên nguyên lý chuyển đổi dữ liệu kỹ thuật số truyền thống - vốn được cấu thành từ các dãy số 0 và 1 sang ngôn ngữ của sự sống. Cụ thể, thông tin sẽ được mã hóa thành bốn bazơ nitơ của DNA: Adenine (A), Cytosine (C), Guanine (G) và Thymine (T).
Ông Bill Banyai, người sáng lập Atlas Data Storage, không giấu được niềm tự hào khi tuyên bố: ""Atlas vinh dự là công ty duy nhất trên toàn cầu triển khai sản phẩm lưu trữ dựa trên công nghệ DNA ở quy mô lớn. Đây là kết tinh của hơn một thập kỷ nghiên cứu đa ngành, mang đến giải pháp tối ưu cho việc lưu trữ dài hạn"".
Khác với các thiết bị hiện hành, Atlas Eon 100 sử dụng DNA tổng hợp đã được khử nước. Trạng thái ""ngủ đông"" này cho phép dữ liệu được bảo quản an toàn trong hàng nghìn năm mà không cần cung cấp năng lượng liên tục hay phải di chuyển dữ liệu định kỳ để tránh hỏng hóc.

Sự ra đời của Atlas Eon 100 là lời giải trực diện cho điểm yếu chí mạng của các phương tiện lưu trữ hiện tại: tuổi thọ ngắn ngủi. Trong khi ổ cứng HDD thường gặp lỗi cơ học sau 10 năm, đĩa quang (CD/DVD) bị phân hủy trong khoảng 25 năm, hay bộ nhớ Flash chỉ thọ được 1-10 năm do hiện tượng di chuyển điện tử, thì DNA lại là một ""kho lưu trữ bất tử"".
Không chỉ bền bỉ, công nghệ này còn sở hữu mật độ lưu trữ khủng khiếp, cao hơn 1.000 lần so với các phương tiện từ tính truyền thống. Một lượng dữ liệu khổng lồ có thể được gói gọn trong một thể tích siêu nhỏ, dễ dàng vận chuyển và sao chép với độ tin cậy được nhà sản xuất cam kết lên tới 99,99999999999%.

Với khả năng ""miễn nhiễm"" với thời gian, công nghệ này mở ra cánh cửa hy vọng cho việc bảo tồn di sản nhân loại. Các bảo tàng, chính phủ và tổ chức văn hóa giờ đây có thể yên tâm lưu trữ các bản scan hiện vật, lịch sử truyền miệng hay các ngôn ngữ đang có nguy cơ tuyệt chủng trong nhiều thế kỷ.
Đối với khối doanh nghiệp và nghiên cứu, đây là giải pháp hoàn hảo để lưu giữ hồ sơ công ty, dữ liệu huấn luyện AI hay các dữ liệu khí hậu quan trọng mà không lo ngại về gánh nặng môi trường hay chi phí bảo trì khổng lồ như các trung tâm dữ liệu truyền thống.
Atlas Eon 100 được định vị không chỉ là một sản phẩm, mà là viên gạch đầu tiên cho một lộ trình tham vọng hơn: hướng tới khả năng lưu trữ dung lượng cấp Terabyte trên DNA. Khi dữ liệu thế giới đang tăng trưởng theo cấp số nhân, việc quay về với mã gien - cấu trúc lưu trữ thông tin cơ bản nhất của tự nhiên - dường như là con đường bền vững nhất mà con người có thể lựa chọn.

"
https://genk.vn/kham-pha-bi-an-mat-cua-sahara-cau-truc-ky-vi-giua-bien-cat-menh-mong-165251208082603112.chn,Khám phá bí ẩn Mắt của Sahara: cấu trúc kỳ vĩ giữa biển cát mênh mông,"Giữa sa mạc Sahara khô cằn, Mắt Sahara hiện lên như hồng tâm khổng lồ từ vũ trụ, hé lộ bí ẩn địa chất hàng trăm triệu năm.","Giữa biển cát mênh mông của Sahara, nơi gió và nắng thiêu đốt không ngừng, hiện lên một vòng xoắn đá khổng lồ tưởng chừng như được bàn tay siêu nhiên khắc họa. Từ quỹ đạo, trong những bức ảnh do vệ tinh Copernicus Sentinel-2 của Cơ quan Vũ trụ châu Âu ghi lại, hình ảnh ấy giống như một hồng tâm khổng lồ, một “con mắt” mở ra giữa sa mạc: Richat Structure, hay còn gọi là Mắt của Sahara.
Cấu trúc Richat hiện lên như một “con mắt” khổng lồ giữa sa mạc Sahara. (Nguồn: dữ liệu Copernicus Sentinel đã chỉnh sửa, ESA 2025)
Với đường kính khoảng 50 km, cấu trúc này đủ lớn để trở thành một cột mốc dễ dàng nhận thấy từ không gian. Thế nhưng, khi đứng trên mặt đất, hình dạng vòng tròn gần như biến mất, bị che khuất bởi cồn cát, sương nóng và địa hình gồ ghề. Chỉ từ trên cao, những vòng đồng tâm mới hiện ra rõ ràng, tựa như những gợn sóng hóa đá, đông cứng trong thời gian.
Sự hoàn hảo của hình tròn này từng khiến các nhà khoa học tin rằng nó là dấu tích của một vụ va chạm thiên thạch cổ xưa. Một vòng tròn nằm giữa hư không – chẳng phải đó là miệng hố thiên thạch sao? Nhưng khi khảo sát thực địa, họ không tìm thấy dấu vết của thạch anh sốc hay đá nóng chảy, những bằng chứng không thể thiếu của một cú va chạm vũ trụ. Bí ẩn dần hé lộ: Đây không phải là vết thương từ ngoài không gian, mà là một câu chuyện địa chất sâu thẳm của Trái Đất.
Hàng triệu năm trước, một bong bóng magma khổng lồ đã trỗi dậy từ lòng đất, nâng các lớp đá trầm tích lên thành mái vòm khổng lồ. Theo thời gian, gió, nước và cát – những nghệ nhân kiên nhẫn của Sahara – đã bào mòn các lớp đá mềm, để lại những vòng tròn đồng tâm từ đá cứng như sa thạch thạch anh. Kết quả là một mặt cắt ngang tự nhiên của lớp vỏ Trái Đất, hé lộ những tầng đá cổ xưa có tuổi đời ít nhất 100 triệu năm.
Hình ảnh màu giả của Cấu trúc Richat hé lộ chi tiết thành phần hóa học bên trong. (Nguồn: dữ liệu Copernicus Sentinel đã chỉnh sửa, ESA 2025)
Trong các hình ảnh màu giả từ sứ mệnh Copernicus, cảnh quan ấy trở nên huyền bí hơn nữa. Những dải sa thạch thạch anh cứng hiện lên với sắc đỏ và hồng, vạch rõ các vòng ngoài và gờ bên trong; xen giữa là những mảng tối của đá mềm bị xói mòn; còn những đốm tím nhỏ ở phía nam cho thấy sự sống mong manh – cây cối và bụi rậm – bám dọc theo lòng sông khô cạn.
Từ góc nhìn trên quỹ đạo, Mắt Sahara như vẫn đang dõi theo nhân loại, một vòng tròn địa chất khổng lồ khắc sâu vào sa mạc, lặng lẽ kể lại lịch sử bí ẩn của Trái Đất bằng chính những lớp đá của nó."
https://genk.vn/giac-mo-gundam-thanh-hien-thuc-sieu-robot-tsubame-archax-gia-3-trieu-do-la-chinh-phuc-gioi-thuong-luu-va-huong-toi-mat-trang-16525120809214343.chn,Giấc mơ Gundam thành hiện thực: Siêu robot Tsubame Archax giá 3 triệu đô la chinh phục giới thượng lưu và hướng tới Mặt Trăng,"Không phải siêu xe hay du thuyền, món đồ chơi mới nhất khiến giới tỷ phú ""phát cuồng"" là một cỗ máy robot khổng lồ cao 4,5 mét bước ra từ thế giới anime, với tham vọng không chỉ dừng lại ở Trái Đất.","Tại triển lãm Japan Mobility Show, giữa rừng siêu xe bóng bẩy, sự chú ý của công chúng đổ dồn vào một gã khổng lồ sừng sững: Tsubame Archax. Được chế tạo bởi Tsubame, một công ty có trụ sở tại Yokohama, cỗ máy này là hiện thân của giấc mơ mecha (người máy) Nhật Bản với mức giá niêm yết lên tới 3 triệu đô la.
Archax có bốn chân, nhưng nó không đi bộ trên chúng như vậy. Ở dưới cùng của mỗi chân là một chiếc lốp công nghiệp Yokohama loại bạn thường gắn trên xe nâng, mỗi chiếc được dẫn động bởi một động cơ điện.
Archax không phải là một mô hình tĩnh. Đây là thành quả sau 4 năm nghiên cứu và phát triển ròng rã, nặng tới 3,5 tấn và sở hữu khả năng biến hình độc đáo. Giống như các Transformers trong điện ảnh, Archax có thể chuyển đổi linh hoạt giữa ""Chế độ Robot"" (đứng thẳng cao 15 feet) và ""Chế độ Xe"" (hạ thấp trọng tâm với 4 chân dang rộng).
Tuy nhiên, thay vì bước đi, nó di chuyển bằng 4 lốp xe công nghiệp gắn dưới chân, đạt tốc độ tối đa khoảng 9,6 km/h.
Toàn bộ dự án là đứa con tinh thần của CEO Ryo Yoshida, người đã đăng những bức ảnh đầu tiên về thiết kế Archax trên Twitter. Ishii đã nhắn tin cho ông ấy trên đó và được thuê để giúp hiện thực hóa dự án.
Cảm hứng từ series Gundam huyền thoại hiện hữu trong từng chi tiết. Từ cơ chế cửa buồng lái mở ra đầy kịch tính, hệ thống điều khiển bằng joystick và bàn đạp, cho đến tầm nhìn toàn cảnh được ghép từ 26 camera góc rộng bao quanh thân máy.
Điều này không có gì lạ khi Giám đốc kỹ thuật của dự án, ông Akinori Ishii, cũng chính là người đứng sau tượng đài Gundam RX-78F00 kích thước thật tại Yokohama.

Hiện tại, với số lượng giới hạn chỉ 5 chiếc, Archax được định vị là món đồ chơi xa xỉ dành riêng cho giới siêu giàu đam mê công nghệ. Tuy nhiên, tham vọng của CEO Ryo Yoshida và đội ngũ Tsubame còn xa hơn thế.
Kế hoạch tiếp theo của họ là tạo ra một giải đấu robot thực tế ảo (AR). Hãy tưởng tượng những con Archax thật di chuyển trên chiến trường thật, nhưng bắn vào nhau những loạt tên lửa ảo rực rỡ như trong game. Đó sẽ là sự kết hợp hoàn hảo giữa thể thao điện tử và cơ khí hạng nặng.

Nhưng đích đến cuối cùng của Archax nằm ngoài bầu khí quyển: Mặt trăng. Ông Ishii, cựu kỹ sư của Hitachi, tin rằng robot hình nhân đa năng sẽ là giải pháp tối ưu cho việc xây dựng căn cứ trên mặt trăng, thay thế cho hàng loạt máy móc chuyên dụng cồng kềnh. ""Trên Trái đất, chúng ta có máy xúc, máy ủi riêng biệt. Nhưng trên mặt trăng, một cỗ máy giống người có thể làm tất cả mọi việc"", ông chia sẻ.

Dù hiện tại Archax mới chỉ nâng được vật nặng 20kg và chủ yếu để... vẫy tay chào khán giả, nhưng nó là bước đệm quan trọng cho kỷ nguyên robot hóa. Và với những ai đang mơ về một phiên bản giá rẻ ""bình dân"" hơn? Câu trả lời của ông Ishii chỉ là một nụ cười đầy ẩn ý. Có lẽ, giấc mơ lái Gundam vẫn sẽ là đặc quyền của những chiếc ví dày nhất hành tinh trong một thời gian dài nữa.


"
https://genk.vn/bi-an-loai-de-biet-nha-to-nhu-nhen-hanh-vi-ky-la-lam-khoa-hoc-phai-kinh-ngac-165250112110225132.chn,Bí ẩn loài dế biết nhả tơ như nhện: Hành vi kỳ lạ làm khoa học phải kinh ngạc,"Bằng những kỹ năng tưởng chừng đơn giản nhưng thực chất vô cùng tinh vi, loài dế cuốn lá đang cho thấy một góc nhìn đầy bất ngờ về khả năng thích nghi của thiên nhiên.","Trong thế giới tự nhiên luôn tồn tại những câu chuyện tưởng chừng chỉ xuất hiện trong các bộ phim tài liệu hư cấu, nơi những sinh vật bé nhỏ lại sở hữu kỹ năng sinh tồn tinh vi đến mức khiến giới nghiên cứu phải đặt câu hỏi liệu chúng có những khả năng vượt xa những hiểu biết phổ thông hay không.
Một trong số những sinh vật như vậy chính là loài dế cuốn lá, hay còn gọi là leaf rolling cricket, một loài côn trùng nhỏ thường xuất hiện trong những cánh rừng ẩm nhiệt đới của châu Á. Dù chỉ dài vài centimet và sở hữu thân thể tưởng như rất đỗi bình thường, loài dế này lại có hành vi cuộn lá tạo thành nơi trú ẩn với kỹ thuật tinh xảo đến mức các nhà côn trùng học phải sử dụng cụm từ kiến trúc sinh học vi mô để mô tả.
Qua nhiều năm theo dõi, hành vi cuộn lá của chúng được xem như một trong những biểu hiện tiến hóa đáng chú ý, giúp loài dế này tồn tại trước các mối nguy hiểm của tự nhiên. Điều đáng nói là trong chu trình tiến hóa rộng lớn, kỹ năng này lại chỉ xuất hiện ở một nhóm rất nhỏ của họ Gryllacrididae, khiến quá trình phát triển hành vi trở nên càng khó lý giải hơn.

Khi quan sát hành vi của dế cuốn lá, điều gây ấn tượng nhất chính là khả năng thao tác chính xác bằng đôi hàm tuy nhỏ nhưng đầy sức mạnh. Mỗi khi chọn được chiếc lá phù hợp, chúng không hành động bừa mà bắt đầu bằng việc phân tích độ dày, độ mềm và chiều dài của lá, như thể đang tính toán xem liệu vật liệu này có đáp ứng được yêu cầu xây dựng hay không.
Khi đã quyết định, chúng cưa nhẹ dọc theo gân lá tạo ra một đường trượt mảnh để dễ dàng cuộn vào bên trong. Sau đó, chúng dùng hàm và chân để kéo mép lá, tạo nên chuyển động xoắn đều từ đầu đến cuối. Nếu chiếc lá quá rộng, chúng sẵn sàng điều chỉnh bằng cách cắt bớt diện tích sao cho vừa đủ để cuộn lại thành một ống ổn định.
Chính hành vi này đã khiến giới nghiên cứu gọi chúng là những kiến trúc sư vi mô, bởi ở quy mô nhỏ như vậy, việc điều chỉnh vật liệu theo đúng kích thước yêu cầu là điều không phải loài côn trùng nào cũng có thể làm được.
Sau khi cuộn trọn vẹn chiếc lá, dế cuốn lá còn thực hiện bước gia cố bằng cách tiết ra các sợi tơ mảnh, giúp mép lá bám chặt và giữ kết cấu ổn định trong nhiều ngày. Lớp tơ này cũng có vai trò giống chất kết dính tự nhiên, giúp chiếc lá không bị bung ra trước những tác động mạnh của thời tiết.
Một số nhà nghiên cứu cho biết những sợi tơ này có cấu trúc protein đặc biệt, tương tự loại sợi mà nhiều loài côn trùng khác dùng để tạo kén hoặc màng bảo vệ. Điều này cho thấy hành vi cuộn lá của dế không chỉ đơn thuần dừng ở việc tạo nơi trú ẩn, mà còn là sự kết hợp phức tạp giữa kỹ năng cơ học và sử dụng vật liệu sinh học.

Trong môi trường tự nhiên, chiếc lều lá này mang lại cho loài dế rất nhiều lợi ích. Nó giúp bảo vệ chúng khỏi ánh nắng trực tiếp trong các tháng khô nóng, giữ độ ẩm ổn định để hạn chế mất nước và tránh được nhiệt độ quá thấp vào ban đêm.
Ngoài ra, cấu trúc dạng ống của chiếc lá cuộn còn có khả năng khuếch đại âm thanh, giúp tiếng kêu của chúng vang xa hơn khi vào mùa giao phối. Đây được xem là một lợi thế lớn giúp chúng thu hút bạn tình trong những khu rừng rậm lớn, nơi tán cây và lớp bụi dày thường gây cản trở âm thanh.
Nhiều nhà côn trùng học cho rằng chính hiệu ứng âm học tự nhiên này đã góp phần củng cố hành vi cuộn lá trong tiến hóa, vì nó giúp cá thể có khả năng sinh sản tốt hơn sẽ truyền lại đặc tính này cho đời sau.
Không chỉ dùng làm nơi trú ẩn, chiếc lá cuộn còn là môi trường bảo vệ trứng và ấu trùng. Một số quan sát ghi nhận dế mẹ thường đẻ trứng vào bên trong, tận dụng độ ẩm lý tưởng và sự che chắn khỏi các loài kiến săn mồi. Khi trứng nở, ấu trùng non cũng được hưởng lợi từ lớp lá tạo thành rào chắn tạm thời, giúp chúng có thêm thời gian phát triển trước khi phải đối mặt với thế giới bên ngoài.
Chính việc tận dụng một vật liệu duy nhất cho nhiều mục đích đã khiến hành vi của loài dế này trở thành chủ đề nghiên cứu hấp dẫn, vì nó phản ánh sự tối ưu hóa đặc biệt trong tiến hóa sinh học.

Câu hỏi đặt ra là vì sao hành vi cuộn lá lại chỉ xuất hiện trong một số nhóm nhỏ thuộc họ Gryllacrididae. Qua nghiên cứu gene và hành vi, giới khoa học cho rằng kỹ năng này có thể phát triển từ thói quen trú ẩn ban đêm của tổ tiên loài dế.
Khi các khu rừng nhiệt đới trở nên dày đặc hơn trong hàng ngàn năm, các loài săn mồi như nhện, rắn và thằn lằn xuất hiện với mật độ cao hơn, buộc những sinh vật nhỏ bé như dế phải tìm ra phương án ẩn nấp hiệu quả. Những cá thể biết tận dụng lá để tạo nơi trú ẩn có khả năng sống sót cao hơn, từ đó hành vi cuộn lá có thể dần trở thành đặc điểm di truyền cố định qua nhiều thế hệ.
Điều đáng chú ý là các kỹ năng xây dựng của chúng phát triển vượt xa mức độ bản năng đơn giản, thể hiện qua khả năng điều chỉnh kích thước vật liệu, gia cố kết cấu và lựa chọn vị trí phù hợp trong từng thời điểm.
Các chuyên gia cũng nhận định rằng hành vi cuộn lá của loài dế này mang lại góc nhìn mới về tiến hóa hành vi ở côn trùng. Trước đây, những hành vi được xem là phức tạp như xây tổ hay điều chỉnh vật liệu chủ yếu chỉ được ghi nhận ở kiến, ong hoặc mối, những loài có cấu trúc xã hội tập trung.
Thế nhưng dế cuốn lá lại là sinh vật sống đơn lẻ, không có hệ thống phân công lao động hay tổ chức quần thể, điều này khiến kỹ năng xây dựng của chúng trở nên độc đáo hơn rất nhiều. Một sinh vật nhỏ bé, sống biệt lập, nhưng vẫn có thể tự mình thực hiện một quy trình gồm nhiều bước liên hoàn, cho thấy sự linh hoạt đáng kinh ngạc của hệ thần kinh và hành vi trong thế giới côn trùng.
Ngày nay, việc hiểu rõ hành vi của những loài dế cuốn lá không chỉ mang ý nghĩa khám phá mà còn giúp đánh giá sức khỏe hệ sinh thái. Những khu vực có sự xuất hiện dày đặc của chúng thường là nơi môi trường ổn định, ít biến động về khí hậu và có thảm thực vật khỏe mạnh.
Trong khi đó, sự suy giảm số lượng loài này có thể là tín hiệu cảnh báo về tình trạng phá rừng, khô hạn hay biến đổi khí hậu làm giảm chất lượng sinh cảnh. Đây là lý do khiến nhiều nhóm nghiên cứu tại các quốc gia châu Á như Malaysia, Thái Lan và Việt Nam đang tăng cường khảo sát loài dế này để hiểu rõ hơn biến động của rừng nhiệt đới.

Bằng những kỹ năng tưởng chừng đơn giản nhưng thực chất vô cùng tinh vi, loài dế cuốn lá đang cho thấy một góc nhìn đầy bất ngờ về khả năng thích nghi của thiên nhiên. Từ chiếc lá rụng giữa rừng, chúng có thể biến nó thành một nơi trú ẩn, một buồng giao phối, một chiếc buồng ấp, thậm chí là một công cụ khuếch đại âm thanh.
Hành vi tưởng như nhỏ bé ấy lại chứa đựng cả một câu chuyện tiến hóa lâu dài và bền bỉ. Với các nhà khoa học, loài côn trùng này không chỉ là đối tượng nghiên cứu mà còn là lời nhắc nhở rằng trong thế giới tự nhiên, những sinh vật khiêm tốn nhất đôi khi lại sở hữu những bí mật lớn nhất, và hành vi cuộn lá tinh xảo của chúng chính là một minh chứng sống động cho sự kỳ diệu đó.

"
https://genk.vn/so-phan-cua-vu-tru-se-di-ve-dau-mot-kich-ban-lanh-leo-hay-su-khoi-dau-cua-ve-dep-chua-tung-thay-165250312102035232.chn,Số phận của vũ trụ sẽ đi về đâu: Một kịch bản lạnh lẽo hay sự khởi đầu của vẻ đẹp chưa từng thấy?,"Liệu ngôi nhà chung của nhân loại có thực sự đi đến hồi kết? Từ sự lụi tàn của các vì sao đến những cú va chạm thiên hà nảy lửa, các nhà vật lý thiên văn đang vẽ nên một bức tranh tương lai vừa bi tráng, vừa đầy hy vọng cho vũ trụ bao la này.","Từ thuở sơ khai khoảng 14 tỷ năm trước với sự kiện Vụ Nổ Lớn (Big Bang), vũ trụ của chúng ta chưa bao giờ ngừng thay đổi. Từ một đám khí khuếch tán của các hạt cơ bản, nó đã sụp đổ và kết tinh thành hàng tỷ thiên hà rực rỡ.
Nhưng câu chuyện này sẽ đi về đâu? Liệu có một dấu chấm hết cho tất cả? Để trả lời câu hỏi này, các nhà khoa học buộc phải sử dụng phương pháp ""ngoại suy"", dự đoán tương lai dựa trên quy luật vận động của các ngôi sao và thiên hà hiện tại.
Dù phương pháp này chứa đựng rủi ro về những biến số bất ngờ, nó vẫn cung cấp cho chúng ta một cái nhìn thoáng qua về vận mệnh của vũ trụ trong hàng nghìn tỷ năm tới.
Vũ trụ, bao gồm tất cả không gian và thời gian, cũng như tất cả vật chất và năng lượng được bắt đầu vào khoảng 14 tỷ năm trước trong một sự giãn nở nhanh chóng gọi là Vụ Nổ Lớn (Big Bang), nhưng kể từ đó nó luôn ở trong trạng thái thay đổi liên tục.
Tin tốt cho nhân loại là Mặt Trời, ngôi sao màu vàng cỡ trung của chúng ta mới đi được nửa chặng đường trong vòng đời 10 tỷ năm của nó. Tuy nhiên, quy luật sinh tử của vũ trụ là không thể tránh khỏi.
Các ngôi sao lớn màu xanh sẽ cháy hết mình và phát nổ thành siêu tân tinh chỉ sau vài triệu năm. Trong khi đó, những ngôi sao như Mặt Trời cuối cùng sẽ trút bỏ lớp vỏ ngoài để trở thành tinh vân, nhường lại sân khấu cho những ngôi sao lùn đỏ mờ nhạt.
Theo thời gian, nguồn khí để tạo sao sẽ cạn kiệt. Các thiên hà sẽ ngừng sản sinh những ngôi sao mới. Ánh sáng lấp lánh mà chúng ta thấy trên bầu trời đêm nay sẽ dần chuyển sang màu đỏ và lịm tắt. Vũ trụ sẽ chìm dần vào bóng tối, nhưng quá trình này sẽ diễn ra rất chậm chạp, kéo dài gấp hàng trăm lần tuổi thọ hiện tại của vũ trụ.
Sự hiểu biết của chúng ta về tương lai của vũ trụ được đúc kết từ các vật thể và quá trình mà chúng ta quan sát ngày nay. Dự đoán tương lai của vũ trụ bằng cách mở rộng những gì chúng ta thấy ngày nay là phép ngoại suy. Việc này rất rủi ro, vì bất cứ biến số nào cũng có thể bất ngờ diễn ra mà không thể lường trước.
Trong khi các ngôi sao lụi tàn, cấu trúc của các thiên hà cũng sẽ trải qua những biến động dữ dội. Giống như việc bồi đắp một lâu đài cát, các thiên hà lớn lên bằng cách ""nuốt chửng"" các thiên hà nhỏ hơn. Tương lai của vũ trụ là kỷ nguyên của những vụ va chạm và sáp nhập.
Điển hình nhất là ""cái hẹn"" giữa dải Ngân Hà của chúng ta và thiên hà Tiên Nữ (Andromeda) lân cận trong vài tỷ năm tới. Từ những thiên hà xoắn ốc có cấu trúc đĩa trật tự, cú va chạm này sẽ biến chúng thành một thiên hà hình elip khổng lồ, hỗn độn nhưng thống nhất.
Một điều thú vị là dù va chạm nghe có vẻ thảm khốc, các ngôi sao bên trong lại nằm cách nhau quá xa nên chúng sẽ lướt qua nhau một cách an toàn, tạo nên một cảnh tượng ngoạn mục cho bất kỳ nền văn minh nào còn tồn tại để chứng kiến.

Yếu tố quyết định số phận cuối cùng của vũ trụ nằm ở cuộc chiến giữa hai thế lực: trọng lực (kéo vật chất lại gần nhau) và năng lượng tối (đẩy mọi thứ ra xa). Các bằng chứng hiện tại cho thấy năng lượng tối đang chiếm ưu thế, khiến vũ trụ giãn nở ngày càng nhanh.
Giống như những quả nho khô trong một chiếc bánh quy đang nướng, các thiên hà sẽ bị đẩy ra xa nhau với tốc độ chóng mặt. Đến một lúc nào đó, chúng sẽ trôi dạt quá xa đến mức không thể quan sát thấy nhau từ dải Ngân Hà.
Kịch bản khả dĩ nhất hiện nay là một sự vĩnh cửu lạnh lẽo và tăm tối. Các thiên hà sẽ hợp nhất thành những khối elip khổng lồ, chứa đầy những ngôi sao già cỗi đang nguội dần, trôi dạt trong một không gian giãn nở vô tận.
Tuy nhiên, viễn cảnh về một ""kết thúc"" này không hẳn là tuyệt vọng. Chúng ta có thể cảm thấy chút bâng khuâng khi nghĩ về sự lụi tàn, nhưng cũng nên thấy may mắn. Chúng ta đang sống trong ""thời đại hoàng kim"" của vũ trụ, giai đoạn khởi đầu sôi động nhất với đầy ắp các ngôi sao và thiên hà rực rỡ.
Câu chuyện của vũ trụ vẫn còn kéo dài hàng nghìn tỷ năm, và biết đâu đấy, những dữ liệu mới trong tương lai sẽ mở ra một chương tiếp theo hoàn toàn khác biệt và đẹp đẽ đến bất ngờ.

"
https://genk.vn/vi-sao-muc-nang-so-huu-dong-tu-hinh-chu-w-ky-la-nhat-dai-duong-165250512100736040.chn,"Vì sao mực nang sở hữu đồng tử hình chữ ""W"" kỳ lạ nhất đại dương?",Đồng tử hình chữ W của mực nang từng khiến giới khoa học bối rối suốt nhiều năm. Liệu đây là cách ngụy trang hay công cụ hỗ trợ săn mồi? Một nghiên cứu năm 2012 đã mang đến lời giải thích rõ ràng về cơ chế thị giác độc đáo của sinh vật dưới nước này.,"Trong thế giới sinh vật biển, mực nang luôn nằm trong nhóm những loài sở hữu khả năng thị giác đáng kinh ngạc. Chúng không chỉ có khả năng nhìn phân cực tốt nhất trong toàn bộ giới động vật mà còn sở hữu một đặc điểm khiến các nhà khoa học phải trăn trở suốt nhiều thập kỷ: đồng tử hình chữ W.
Đây là một trong những cấu trúc mắt kỳ lạ nhất từng được ghi nhận, và chính sự khác biệt này đã trở thành chủ đề của nhiều giả thuyết khoa học, từ khả năng ngụy trang đến việc đo đạc khoảng cách. Tuy nhiên, phải đến năm 2012, bí mật thực sự phía sau hình dạng bất thường này mới được giải mã một cách rõ ràng.
Mực nang sống chủ yếu ở vùng nước nông, nơi có sự chênh lệch ánh sáng theo chiều dọc rất lớn. Ánh sáng Mặt Trời khiến phía trên rất sáng, trong khi bên dưới lại tối hơn. Đồng tử hình chữ W giúp giảm độ chói từ mặt trời và làm phẳng độ tương phản sáng - tối, giúp mực nang dễ phát hiện con mồi hoặc kẻ thù đang đến từ những khu vực tối trong tầm nhìn.
Trong nghiên cứu đó, ba cá thểSepia officinalisđược đưa vào các bể riêng biệt và không bị cố định để đảm bảo hành vi tự nhiên. Nhóm nghiên cứu sử dụng một camera hồng ngoại kết hợp bộ tách chùm tia để ghi lại đồng tử của từng cá thể dưới những điều kiện ánh sáng khác nhau. Mục tiêu là theo dõi sự thay đổi hình dạng đồng tử cũng như xác định ngưỡng sáng mà tại đó cấu trúc đồng tử hình chữ W xuất hiện.
Kết quả thu được đã mang tính quyết định: đồng tử hình chữ W chỉ xuất hiện trong điều kiện ánh sáng mạnh. Khi cường độ ánh sáng giảm, phần đồng tử đặc trưng này mở rộng dần và nhanh chóng trở về dạng tròn hoàn chỉnh. Điều này cho thấy cấu trúc chữ W không phải là hình dạng cố định mà là phản ứng trực tiếp với mức độ chiếu sáng của môi trường.
Giải thích cho cơ chế này nằm ở chính môi trường sống của mực nang. Loài này chủ yếu sinh sống ở vùng nước nông, nơi có sự chênh lệch ánh sáng theo chiều dọc rất rõ rệt. Ánh sáng từ Mặt Trời khiến lớp nước phía trên luôn sáng hơn nhiều so với các tầng bên dưới. Chính sự chênh lệch này tạo ra một thách thức lớn cho thị giác của các loài săn mồi và bị săn mồi, đặc biệt là trong việc phát hiện những vật thể đang di chuyển trong vùng tối của tầm nhìn.
Nhóm tác giả của nghiên cứu đã tính toán bản đồ chiếu sáng trên võng mạc và chỉ ra rằng đồng tử hình chữ W giúp giảm mạnh độ tương phản sáng – tối. Khi ánh sáng mạnh từ phía trên bị hạn chế một phần nhờ hình dạng đồng tử này, toàn bộ trường nhìn trở nên đồng đều hơn. Điều này giúp mực nang dễ dàng quan sát các chuyển động từ những vùng tối hơn trong tầm nhìn mà không bị ánh sáng chói phía trên làm giảm độ nhạy tương phản.
Ngoài việc làm đồng đều ánh sáng, cấu trúc chữ W còn có thể đóng vai trò ngăn hiện tượng tán xạ ánh sáng trong thấu kính hoặc môi trường mắt dưới điều kiện chiếu sáng mạnh. Tán xạ quá mức có thể khiến hình ảnh ở những vùng tối trở nên mờ hoặc mất chi tiết, và cơ chế của đồng tử chữ W giúp hạn chế vấn đề này, qua đó cải thiện khả năng quan sát tổng thể.
Các tác giả cũng gợi ý rằng đồng tử hình chữ W có thể giúp ngụy trang mắt và thậm chí cải thiện khả năng lấy nét ở một số góc nhìn nhất định, điều rất hữu ích vì vị trí mắt của mực nang khá đặc biệt. Khi ánh sáng yếu, đồng tử sẽ phản ứng bằng cách mở rộng thành vòng tròn hoàn chỉnh để thu được nhiều ánh sáng nhất có thể.
Các tác giả nghiên cứu cũng đặt ra khả năng rằng đồng tử hình chữ W có thể hỗ trợ ngụy trang cho đôi mắt của mực nang, vốn nằm ở vị trí khá đặc biệt trên đầu. Bên cạnh đó, hình dạng độc đáo này cũng có thể hỗ trợ khả năng lấy nét ở một số hướng nhìn nhất định, mang đến lợi thế trong việc phát hiện con mồi hoặc kẻ thù tiềm tàng.
Khi ánh sáng yếu đi, đồng tử của mực nang mở rộng thành hình tròn để thu vào tối đa lượng ánh sáng có thể, giúp chúng duy trì khả năng quan sát trong môi trường tối hơn. Sự linh hoạt này tạo thành một cơ chế thị giác thích nghi mạnh mẽ, góp phần giúp mực nang trở thành một trong những loài có khả năng xử lý hình ảnh tinh vi nhất ở đại dương.
Dù đồng tử hình chữ W của mực nang có thể xem là một trong những cấu trúc “kỳ quặc” nhất, chúng không phải là loài duy nhất sở hữu dạng đồng tử đặc biệt. Ở động vật sống trên cạn, xu hướng chung cho thấy loài kiếm ăn thường sở hữu đồng tử tròn, động vật săn mồi phục kích có đồng tử dọc, còn những loài bị săn mồi lại có đồng tử ngang. Tuy nhiên, vẫn có những ngoại lệ gây tò mò, điển hình như đôi mắt của cầy mangut, khiến giới nghiên cứu tiếp tục đặt ra nhiều câu hỏi chưa có lời giải.
Qua nghiên cứu này, có thể thấy rằng ngay cả những chi tiết tưởng chừng nhỏ bé như hình dạng đồng tử cũng chứa đựng vai trò quan trọng trong hành vi sinh tồn của sinh vật. Với mực nang, đó không chỉ là một đặc điểm khác lạ mà còn là công cụ tinh vi giúp chúng thích nghi hoàn hảo với thế giới đầy tương phản ánh sáng dưới mặt biển.

"
https://genk.vn/ro-ri-bang-sang-che-xe-tay-ga-125cc-moi-cua-nha-suzuki-voi-thiet-ke-the-thao-goc-canh-165251204095549268.chn,Rò rỉ bằng sáng chế xe tay ga 125cc mới của nhà Suzuki với thiết kế thể thao góc cạnh,"Với diện mạo lột xác đầy táo bạo và sắc sảo, mẫu xe bí ẩn này đang được kỳ vọng sẽ là quân bài chiến lược mới, phá vỡ những định kiến về thiết kế bảo thủ của hãng xe Nhật Bản.","Thị trường xe máy phổ thông, đặc biệt là phân khúc xe tay ga 125cc, từ lâu đã là ""chiến địa"" khốc liệt của các ông lớn. Mới đây, Cục Sở hữu Trí tuệ Quốc gia Trung Quốc đã công bố một loạt hồ sơ kiểu dáng công nghiệp, vô tình để lộ một ""vũ khí bí mật"" từ Suzuki.
Dù chỉ là những bản vẽ kỹ thuật đen trắng, nhưng giới quan sát và những tay lái tinh tường đã nhanh chóng nhận ra đây không phải là một bản nâng cấp bình thường, mà là một cuộc cách mạng thực sự về ngôn ngữ thiết kế.

Nếu như mẫu xe Suzuki UY125 hiện tại (một dòng xe rất ăn khách tại thị trường Trung Quốc và một số nước châu Á) mang dáng vẻ trung tính, thực dụng và có phần hiền lành, thì mẫu xe mới trong bằng sáng chế lại chọn một hướng đi hoàn toàn trái ngược. Các nhà thiết kế của Suzuki dường như đã quyết định rũ bỏ hình ảnh ""cậu bé ngoan"" để khoác lên mình một bộ cánh gai góc và hiếu chiến hơn.
Sự thay đổi mạnh mẽ nhất tập trung ở phần mặt nạ trước. Cụm đèn pha - ""đôi mắt"" của chiếc xe đã được tái cấu trúc hoàn toàn. Thay vì những đường bo tròn mềm mại, hệ thống chiếu sáng giờ đây được kéo dài và vuốt nhọn về hai phía, kết hợp cùng những đường gân dập nổi sắc lẹm trên thân xe.

Tất cả tạo nên một tổng thể mang tính khí động học cao, toát lên vẻ ""hung hãn"" và đậm chất thể thao. Đây là ngôn ngữ thiết kế thường thấy trên các dòng xe phân khối lớn hoặc xe tay ga thể thao cao cấp, nay đã được Suzuki mạnh dạn áp dụng cho phân khúc phổ thông.
Phần đuôi xe cũng nhận được sự chăm chút kỹ lưỡng. Yên xe được thiết kế lại, không chỉ để phù hợp với tổng thể góc cạnh mà còn hứa hẹn mang lại tư thế ngồi thoải mái hơn cho cả người lái và người ngồi sau. Sự cân bằng giữa tính thẩm mỹ thời thượng và công năng sử dụng thực tế dường như là đích đến mà Suzuki đang hướng tới.

Mặc dù ngoại hình đã có sự ""thay da đổi thịt"" đáng kể, nhưng những chi tiết kỹ thuật lộ ra từ bản vẽ lại cho thấy một sự kế thừa mang tính chiến lược. Quan sát kỹ khu vực động cơ, giới chuyên môn đã phát hiện ra vị trí dẫn gió đặc trưng của hệ thống làm mát bằng không khí cưỡng bức. Chi tiết này gần như là lời khẳng định chắc nịch rằng mẫu xe mới sẽ tiếp tục sử dụng khối động cơ xi-lanh đơn huyền thoại của Suzuki.
Nhiều khả năng, đó chính là động cơ ""Super Core"" đang được trang bị trên dòng UY125. Nếu giả thuyết này là đúng, người dùng có thể hoàn toàn yên tâm về hiệu suất vận hành. Khối động cơ 124cc này nổi tiếng với sự bền bỉ ""nồi đồng cối đá"" và khả năng tiết kiệm nhiên liệu ấn tượng.
Với thông số kỹ thuật tham chiếu là công suất tối đa 6,9kW và mô-men xoắn cực đại 10,0N·m, đây là ""trái tim"" lý tưởng cho nhu cầu di chuyển linh hoạt trong đô thị đông đúc, đảm bảo độ bốc cần thiết mà không ""uống"" xăng như nước lã.

Việc tung ra một mẫu xe với thiết kế cấp tiến như vậy cho thấy Suzuki đang muốn mở rộng tệp khách hàng của mình. Không còn chỉ tập trung vào nhóm khách hàng trung niên ưa chuộng sự bền bỉ và thực dụng, hãng xe Nhật Bản đang ném một viên đá dò đường vào nhóm khách hàng Gen Z, những người trẻ tuổi luôn khao khát thể hiện cá tính và sự khác biệt.
Hiện tại, vẫn còn quá sớm để khẳng định tên gọi chính thức của mẫu xe này. Liệu đây sẽ là phiên bản UY125 thế hệ mới, hay là một dòng xe hoàn toàn độc lập mang thiên hướng thể thao (như cách Honda làm với Vario hay Yamaha với NVX)? Câu trả lời vẫn còn nằm trong vòng bí mật.
Tuy nhiên, sự xuất hiện của bằng sáng chế này đã đủ để khuấy động thị trường. Nó là tín hiệu cho thấy Suzuki không ngủ quên trên chiến thắng của những dòng xe huyền thoại cũ kỹ. Bằng cách kết hợp nền tảng động cơ bền bỉ đã được kiểm chứng với một diện mạo trẻ trung, phá cách, Suzuki đang nắm trong tay cơ hội lớn để viết tiếp một chương mới rực rỡ hơn trong phân khúc xe tay ga 125cc. Chúng ta hãy cùng chờ đợi ngày mẫu xe này chính thức lăn bánh ra khỏi dây chuyền sản xuất.

"
https://genk.vn/ky-quan-ky-thuat-60000-ty-tung-la-niem-tu-hao-cua-my-phai-chiu-thua-truoc-san-pham-gia-re-trung-quoc-165251207084043212.chn,"Kỳ quan kỹ thuật 60.000 tỷ, từng là niềm tự hào của Mỹ phải ""chịu thua"" trước sản phẩm giá rẻ Trung Quốc",Công trình quy mô lớn đang dần biến mất sau hơn một thập kỷ.,"Một trong những dự án năng lượng tái tạo đầy tham vọng nhất của Hoa Kỳ đang chuẩn bị đóng cửa sau chưa đầy một thập kỷ hoạt động. Nhà máy Điện Mặt trời Ivanpah tại Sa mạc Mojave, California, từng được quảng bá là biểu tượng tương lai của năng lượng sạch.
Từng là “kỳ quan kỹ thuật”
Được xây dựng với chi phí khoảng 2,2 tỷ USD, Ivanpah được thiết kế để cung cấp điện cho 140.000 hộ gia đình bằng năng lượng mặt trời tập trung, một công nghệ sử dụng nhiệt năng được kỳ vọng sẽ vượt xa các tấm pin quang điện truyền thống. Hơn 300.000 tấm gương điều khiển bằng máy tính đã được lắp đặt trên khắp sa mạc, hướng ánh sáng mặt trời vào ba tháp trung tâm, tạo ra hơi nước để chạy tua-bin. Khi bắt đầu xây dựng vào năm 2010, tầm nhìn kỹ thuật đó phù hợp với nỗ lực quốc gia nhằm tái khởi động nền kinh tế sau cuộc khủng hoảng tài chính.
Ivanpah được thực hiện nhờ chương trình kích thích năng lượng sạch năm 2009, bơm tiền liên bang vào cơ sở hạ tầng xanh. Google đã đầu tư hàng triệu USD, các công ty năng lượng ký kết hợp đồng và các khoản vay được chính phủ liên bang bảo lãnh. Những người ủng hộ coi đây là một cột mốc của nước Mỹ, chứng minh rằng các hệ thống năng lượng tái tạo quy mô lớn có thể thay thế năng lượng hóa thạch.

Khi Ivanpah được hình thành, công nghệ của nó, được gọi là năng lượng mặt trời tập trung hoặc năng lượng mặt trời nhiệt, được coi là một bước đột phá tiềm năng.
Cơ chế hoạt động như sau: Hàng trăm nghìn tấm gương được điều khiển bằng máy tính, gọi là ""heliostat"", theo dõi mặt trời và tập trung tia sáng vào ba tòa tháp, mỗi tòa cao khoảng 137 mét và được đặt trên đỉnh bằng các nồi hơi chứa đầy nước. Năng lượng siêu tập trung của mặt trời biến nước này thành hơi nước, làm quay tua-bin để tạo ra điện.
Một trong những điểm bán hàng chính của công nghệ năng lượng mặt trời này là khả năng lưu trữ nhiệt, cho phép sản xuất điện vào ban đêm hoặc khi không có mặt trời mà không cần dùng đến pin.
“Dự án này là biểu tượng cho sự tiến bộ đáng kinh ngạc mà chúng ta đang chứng kiến trong toàn ngành”, Bộ trưởng Năng lượng Ernest Moniz phát biểu vào tháng 2/2014 trong buổi lễ khánh thành tại địa điểm này.
Kết quả ảm đạm
Vấn đề cốt lõi của Ivanpah không chỉ nằm ở kỹ thuật. Nó còn nằm ở thời điểm kinh tế. Trong quá trình xây dựng nhà máy từ năm 2010 đến năm 2014, toàn bộ ngành công nghiệp năng lượng mặt trời đã trải qua một cuộc chuyển đổi. Chi phí tấm pin mặt trời quang điện (PV) đã giảm gần 80%, chủ yếu nhờ năng lực sản xuất khổng lồ tại Trung Quốc. Đột nhiên, các trang trại PV đơn giản, cả trên mái nhà và quy mô tiện ích, trở nên rẻ hơn, nhanh hơn và dễ triển khai hơn so với các hệ thống CSP phức tạp.
Thị trường năng lượng đã thay đổi nhanh chóng. Giá của các tấm pin mặt trời thông thường đã giảm mạnh. Cùng lúc đó, giá khí đốt tự nhiên giảm mạnh, và các công ty tiện ích bắt đầu ưu tiên các nhà máy điện chạy bằng khí đốt để đảm bảo nguồn điện cơ bản ổn định.

Hơn nữa, Ivanpah cũng không đạt được sản lượng đã cam kết. Trong giai đoạn đầu hoạt động, sản lượng thấp hơn nhiều so với mức sản lượng đã ký kết, buộc phải phụ thuộc nhiều hơn vào hệ thống dự phòng khí đốt tự nhiên. Điều này đã đặt ra những câu hỏi khó trả lời về mức độ sạch thực sự của nhà máy, đặc biệt là khi những lo ngại về môi trường ngày càng gia tăng do chim chết và môi trường sống bị phá vỡ ở Mojave.
Ngày nay, các công ty điện lực từng ký hợp đồng mua bán điện dài hạn không còn cần đến sản lượng điện đắt đỏ của Ivanpah nữa. Điện mặt trời giá rẻ kết hợp với hệ thống lưu trữ pin có thể cung cấp nguồn điện linh hoạt, dự đoán được với rủi ro vận hành thấp hơn. Khi các hợp đồng này hết hạn, lợi ích kinh tế để duy trì hoạt động của Ivanpah đã giảm sút.
Tuy nhiên, các chuyên gia cho rằng việc đóng cửa nhà máy này không phải là dấu hiệu của sự thất bại trong lĩnh vực năng lượng mặt trời. Thay vào đó, Ivanpah đại diện cho một bước chuyển đổi. Các kỹ sư đã chứng minh rằng các hệ thống năng lượng mặt trời tập trung phức tạp có thể hoạt động ở quy mô lớn, thu thập dữ liệu tạo cảm hứng cho các thiết kế mới hơn ở nước ngoài. Kể từ đó, năng lượng mặt trời đã chuyển sang các hệ thống đơn giản hơn, mô-đun hơn, và những hệ thống này hiện đang thống trị thị trường.
Ivanpah khởi đầu như một biểu tượng của sự đổi mới. Sự kết thúc của nó đánh dấu tốc độ phát triển nhanh chóng của sự đổi mới."
https://genk.vn/nhan-ban-thu-cung-cung-thu-vi-nhung-dang-sau-do-la-nhung-rui-ro-ma-gioi-khoa-hoc-canh-bao-165250512113715417.chn,"Nhân bản thú cưng cũng thú vị, nhưng đằng sau đó là những rủi ro mà giới khoa học cảnh báo","Thay vì tìm kiếm sự bất tử thông qua công nghệ nhân bản, các chuyên gia khuyên rằng điều thiết thực và nhân văn nhất là chăm sóc thú cưng hiện tại của chúng ta một cách trọn vẹn nhất.","Trong nhiều thập kỷ, người nuôi thú cưng ở khắp nơi trên thế giới luôn phải đối mặt với một sự thật khó chấp nhận: những người bạn bốn chân mà họ yêu thương hết mực lại chỉ đồng hành trong một phần tương đối ngắn của cuộc đời. Tình cảm, thời gian, công sức và cả tiền bạc đều được dành cho chúng, nhưng hành trình ấy sớm muộn cũng khép lại khi thú cưng già đi.
Chính vì vậy, việc công nghệ nhân bản ra đời đã mở ra một giấc mơ mới cho nhiều người, đặc biệt là những người nổi tiếng: liệu có thể tạo ra một phiên bản y hệt của thú cưng, qua đó giữ chúng bên mình mãi mãi.

Từ khi chú cừu Dolly chào đời năm 1997, đánh dấu lần đầu tiên con người nhân bản thành công một động vật có vú, công nghệ nhân bản đã nhanh chóng phát triển thành một ngành kinh doanh toàn cầu. Không ít nghệ sĩ và nhân vật nổi tiếng được cho là đã chi số tiền khổng lồ để nhân bản thú cưng của họ.
Trong số đó có cựu danh thủ bóng bầu dục Mỹ Tom Brady hay huyền thoại âm nhạc Barbara Streisand, người từng gây xôn xao khi tiết lộ đã nhân bản chú chó cưng của mình. Những câu chuyện như vậy khiến nhiều người nuôi thú cưng đặt ra câu hỏi: nếu công nghệ cho phép, liệu thú cưng của họ có thể trở nên bất tử.
Về mặt cảm xúc, ý tưởng này rõ ràng rất hấp dẫn. Với nhiều người, thú cưng là một thành viên thực thụ trong gia đình. Khi chúng mất đi, nỗi đau để lại có thể sâu sắc chẳng kém gì sự ra đi của một người thân. Vì vậy, việc tạo ra một bản sao dường như là cách để duy trì sợi dây gắn kết và xoa dịu nỗi mất mát ấy. Tuy nhiên, theo các chuyên gia, đằng sau lựa chọn tưởng như nhân văn này lại là những câu hỏi đạo đức và rủi ro lớn đối với động vật.
Về cơ bản, nhân bản vô tính dựa trên việc tạo ra một bản sao di truyền chính xác của sinh vật gốc. Quy trình này, được gọi là chuyển nhân tế bào soma SCNT, sử dụng vật liệu di truyền từ nhân của một tế bào, đưa vào một tế bào trứng đã loại bỏ nhân. Trứng sau đó được kích thích để phát triển, trước khi được cấy vào một con cái mang thai hộ để sinh ra bản sao hoàn chỉnh. Từ ếch móng vuốt châu Phi vào thập niên 1960 đến cừu, ngựa, chó, mèo hay gia súc, danh sách các loài được nhân bản ngày càng dài hơn.
Tuy vậy, thành công về mặt kỹ thuật vẫn không tương xứng với mức độ phức tạp của công nghệ. Tỷ lệ nhân bản thành công hiện nay chỉ khoảng 16 phần trăm. Nghĩa là cứ sáu phôi nhân bản mới có một phôi có cơ hội phát triển hoàn chỉnh. Con số thấp ấy cho thấy quá trình này tiềm ẩn rất nhiều rủi ro và không hề đơn giản như các quảng cáo thương mại có thể gợi ý.

Quan trọng hơn, các chuyên gia nhấn mạnh rằng nhân bản vô tính không tạo ra một bản sao hoàn chỉnh về hành vi hay tính cách. Dù hai cá thể có mã di truyền giống nhau, đặc điểm tâm lý của chúng vẫn phụ thuộc vào quá trình nuôi dưỡng, môi trường sống, sự tương tác với con người và nhiều yếu tố khác trong suốt cuộc đời.
Điều đó đồng nghĩa thú cưng nhân bản khó có thể có cách cư xử, thói quen hay phản ứng giống hệt bản gốc. Ngay cả ngoại hình cũng có thể thay đổi do cơ chế biểu hiện gen. Trường hợp nổi tiếng nhất là con mèo CC, bản sao của một cá thể mèo tam thể, nhưng lại lớn lên với bộ lông chỉ có màu nâu.
Những khác biệt này khiến nhiều nhà khoa học đặt ra câu hỏi: liệu việc bỏ ra hàng chục nghìn đô la để nhân bản có thực sự giúp người nuôi thú cưng vượt qua nỗi đau mất mát, hay chỉ tạo ra một sinh vật mới bị kỳ vọng phải trở thành bản sao hoàn hảo của một cá thể không thể thay thế.
Bên cạnh yếu tố cảm xúc, câu chuyện đạo đức cũng là chủ đề gây tranh cãi. Thú cưng không thể đồng ý hoặc hiểu được việc cơ thể chúng bị lấy mẫu mô để lưu trữ cho mục đích nhân bản. Một số quy trình lấy mẫu từ động vật còn sống có thể gây đau đớn và căng thẳng, chưa kể chi phí bảo quản mô đông lạnh hàng tháng không hề nhỏ.
Với những con cái mang thai hộ trong quá trình SCNT, rủi ro sinh sản như sảy thai, dị tật bẩm sinh hay suy giảm sức khỏe cũng là vấn đề cần xem xét kỹ lưỡng. Đối với các loài động vật được sử dụng làm nguồn trứng, quy trình thu trứng thường xâm lấn và đòi hỏi điều trị hormone.
Không chỉ vậy, các nghiên cứu còn cho thấy động vật nhân bản mang nhiều nguy cơ sức khỏe nghiêm trọng. Một khảo sát từng ghi nhận gần một nửa số lợn con nhân bản chết trong tháng đầu đời. Gia súc nhân bản cũng gặp các vấn đề liên quan đến hệ cơ xương như khập khiễng hoặc bất thường gân.
Một số bằng chứng ban đầu từng gợi ý khả năng tăng nguy cơ viêm xương khớp, dù các nghiên cứu mới chưa đưa ra kết luận rõ ràng. Điều này cho thấy lĩnh vực nhân bản vẫn còn rất nhiều lỗ hổng trong hiểu biết khoa học.

Nếu thú cưng gốc mang bệnh di truyền, bản sao của chúng cũng sẽ thừa hưởng toàn bộ những yếu tố nguy cơ này. Nghĩa là công nghệ nhân bản không thể loại bỏ rủi ro về sức khỏe hay kéo dài tuổi thọ như nhiều người kỳ vọng. Thậm chí, trong nhiều trường hợp, nó có thể khiến động vật phải trải qua nhiều vấn đề sức khỏe nghiêm trọng hơn.
Chi phí nhân bản cũng là rào cản lớn. Một lần nhân bản chó hoặc mèo có giá hơn 50.000 USD, với số tiền ấy, người ta có thể cứu sống hàng trăm thú cưng vô chủ trong các trung tâm cứu hộ hoặc đầu tư cho các chương trình phúc lợi động vật.
Tại Anh, nhân bản thú cưng không được phép thương mại hóa và bị xem là một hình thức thử nghiệm trên động vật, dù việc gửi mẫu ra nước ngoài vẫn có thể thực hiện nếu người nuôi sẵn sàng chi trả.
Dù vậy, nhu cầu nhân bản thú cưng không có dấu hiệu giảm, nhất là khi mạng xã hội tạo ra xu hướng tôn thờ những khoảnh khắc ngọt ngào giữa người và vật nuôi. Nhưng dưới góc nhìn khoa học và đạo đức, nhân bản vẫn còn là một vùng xám với nhiều câu hỏi chưa có lời giải.


"
https://genk.vn/gau-pha-vo-quy-tac-tien-hoa-hai-lan-trong-lich-su-bi-an-he-lo-tu-bo-rang-co-dai-165250512140720296.chn,Gấu phá vỡ quy tắc tiến hóa hai lần trong lịch sử: Bí ẩn hé lộ từ bộ răng cổ đại,Nghiên cứu về sự tiến hóa của bộ răng gấu không chỉ giải thích quá khứ mà còn giúp giới khoa học hiểu rõ khả năng thích nghi của loài này trước những biến động khí hậu tương lai.,"Trong giới sinh học tiến hóa, hiếm có loài động vật có vú nào lại dám “thách thức” những quy luật hình thành hàng chục triệu năm như loài gấu. Chúng trông có vẻ giống hầu hết các loài thú lớn khác với dáng vóc lực lưỡng, bộ lông dày và lối sống thích nghi linh hoạt.
Thế nhưng, khi các nhà khoa học quan sát kỹ hơn vào cấu trúc răng của chúng, thứ được ví như “hộp đen” chứa đầy mật mã về tiến hóa và khí hậu thì một câu chuyện hoàn toàn khác hiện ra.
Lần đầu tiên, giới nghiên cứu đã xác định được thời điểm và cách thức loài gấu cổ đại phá vỡ những quy tắc cơ bản của tiến hóa, và đáng chú ý là điều đó đã xảy ra không chỉ một, mà tới hai lần trong lịch sử.

Nghiên cứu do nhóm khoa học tại Bộ sưu tập Lịch sử Tự nhiên Bang Bavaria (SNSB, Đức) thực hiện đã hé lộ rằng tổ tiên của loài gấu ngày nay từng thay đổi hoàn toàn mô hình phát triển răng hàm, một trong những quy luật có tính ổn định cao nhất ở động vật có vú.
Trong đa số các loài thú, răng hàm hình thành theo mô hình gọi là “chuỗi ức chế” (Inhibitory Cascade Model - ICM). Khi một chiếc răng phát triển, nó sẽ phát ra tín hiệu hóa học để “kìm hãm” chiếc răng tiếp theo, tạo nên sự phân bố kích thước răng hàm có thể dự đoán được.
Những loài ăn thịt thường có răng hàm đầu tiên lớn hơn răng hàm cuối, còn động vật ăn cỏ thì ngược lại. Nhờ quy luật này, chỉ cần quan sát răng, giới khoa học có thể suy đoán chế độ ăn và hành vi của một loài động vật.
Nhưng gấu lại là ngoại lệ lớn nhất của tự nhiên. Răng hàm thứ hai (m2) của chúng lớn bất thường, phá vỡ mô hình thường gặp ở động vật có vú. Để tìm hiểu nguồn gốc của sự dị biệt này, các nhà khoa học đã phân tích hàm răng của gấu qua suốt 13 triệu năm, từ những hóa thạch Miocene đến các loài gấu đang sống. Kết quả cho thấy loài gấu đã phá vỡ quy tắc tiến hóa vào hai thời điểm đặc biệt, trùng khớp với những giai đoạn biến động khí hậu mạnh.

Lần “nổi loạn” đầu tiên xảy ra khoảng 3,6 triệu năm trước, ở loài Ursus minimus – tổ tiên của phần lớn các loài gấu hiện đại. Khi đó, châu Âu đang trải qua sự chuyển đổi mạnh mẽ từ rừng cận nhiệt đới ẩm sang môi trường mát và khô hơn, với sự xuất hiện ngày càng nhiều của rừng ôn đới và đồng cỏ.
Loài Ursus boeckhi, sinh sống trước U. minimus, vốn dựa phần lớn vào thức ăn là động vật nhỏ, bò sát và chim. Nhưng khi nguồn thức ăn này suy giảm, gấu buộc phải chuyển sang chế độ ăn tạp hơn, gồm rễ cây, hạt, quả hạch và các loài không xương sống. Tuy nhiên, để thích nghi với thực đơn mới, “bộ công cụ” trong miệng chúng phải thay đổi.
Tiến hóa đã can thiệp bằng cách làm giảm tín hiệu ức chế từ răng hàm đầu tiên (m1), cho phép răng hàm thứ hai phát triển vượt kích thước bình thường. Điều này dẫn tới sự ra đời của một cấu trúc được gọi là “chuỗi ức chế một phần”, tức mô hình ICM bị điều chỉnh, chứ không biến mất hoàn toàn.
Kết quả là chiếc m2 quá khổ xuất hiện, đánh dấu một trong những bước chuyển lớn nhất trong tiến hóa răng của động vật có vú. Đây chính là lần đầu tiên loài gấu phá vỡ quy luật tiến hóa của răng hàm.

Sau hàng triệu năm, loài gấu lại thực hiện một cuộc “cách mạng” thứ hai vào khoảng 1,25 đến 0,7 triệu năm trước, trong thời kỳ Chuyển tiếp Pleistocene Sớm - Giữa. Khi khí hậu toàn cầu trở nên mát hơn và đồng cỏ mở rộng mạnh ở châu Âu, tổ tiên của gấu hang động thời tiền sử, Ursus deningeri, bắt đầu ăn nhiều thực vật hơn.
Một lần nữa, chương trình phát triển răng đã được điều chỉnh: tín hiệu từ răng m2 giảm, tạo điều kiện để răng hàm thứ ba (m3) to hơn, thích hợp để nghiền thức ăn giàu chất xơ. Đây là lần thứ hai loài gấu can thiệp vào quy luật ICM để thích nghi với biến đổi môi trường.
Anneke van Heteren, phụ trách bộ sưu tập động vật có vú tại SNSB, cho biết những thay đổi này phản ánh sự linh hoạt đặc biệt của loài gấu trong hàng triệu năm tiến hóa. Theo bà, bằng cách điều chỉnh sự “giao tiếp hóa học” giữa các răng, gấu đã chuyển đổi vai trò trong chuỗi thức ăn, từ loài ăn thịt sang ăn tạp, sau đó là ăn cỏ ở một số nhánh.
Tuy nhiên, điều thú vị là ngay cả những loài gấu hiện đại cũng vẫn mang dấu vết của hai lần “phạm quy” này.

Gấu nâu (Ursus arctos) và gấu đen châu Mỹ (Ursus americanus) đều có răng m2 lớn bất thường, dấu tích của giai đoạn tiến hóa thời Pliocene. Gấu Bắc Cực (Ursus maritimus), dù là loài ăn thịt gần như tuyệt đối, vẫn giữ nguyên cấu trúc răng hàm tương tự tổ tiên ăn tạp của mình.
Ngay cả gấu trúc khổng lồ, loài nổi tiếng với chế độ ăn tre nứa, cũng không đi theo quy luật ICM. Chúng chọn một hướng hóa giải khác: phát triển răng tiền hàm và hàm cắn mạnh mẽ để thích nghi với nguồn thức ăn cực kỳ đặc thù.
Một ngoại lệ gây tò mò khác là gấu đeo kính Nam Mỹ (Tremarctos ornatus). Loài này có răng m2 lớn - phù hợp với dấu vết của những thay đổi cổ xưa, nhưng trong dữ liệu hóa thạch, các nhà khoa học chưa tìm thấy tổ tiên trực tiếp của chúng thuộc nhóm mặt ngắn (Arctotheriini). Vì vậy, họ vẫn chưa hiểu được chính xác loài gấu này đã phát triển bộ răng đặc biệt ra sao. Nhóm nghiên cứu nhấn mạnh rằng cần có thêm hóa thạch từ họ hàng đã tuyệt chủng để làm sáng tỏ quá trình này.

Kết quả nghiên cứu, vừa được công bố trên tạp chí Boreas, cho thấy rằng dù ICM được xem là một trong những quy luật phát triển ổn định nhất của động vật có vú, nhưng loài gấu đã tìm thấy những “kẽ hở tiến hóa” để bẻ cong quy tắc này.
Hai lần thay đổi lớn về răng hàm diễn ra tương ứng với hai giai đoạn khí hậu bất ổn, cho thấy mức độ nhạy cảm và khả năng thích nghi mạnh mẽ của gấu trước áp lực môi trường. Dấu ấn của những lần can thiệp này vẫn tồn tại trong miệng của các loài gấu hiện đại, như một minh chứng sống động về cách tự nhiên vận hành vượt ngoài khuôn mẫu tưởng chừng bất biến.


"
https://genk.vn/trung-quoc-doc-toan-luc-san-xuat-hang-loat-doi-quan-robot-cong-nghiep-the-he-moi-165250512141121129.chn,Trung Quốc dốc toàn lực sản xuất hàng loạt đội quân robot công nghiệp thế hệ mới,"Sự hậu thuẫn từ các gã khổng lồ ô tô và công nghệ đã tạo đà cho RobotEra nhận khoản vốn khủng. Với các đơn đặt hàng thương mại trị giá hàng chục triệu USD, viễn cảnh robot nhân hình làm việc song song cùng con người trong nhà máy đang gần hơn bao giờ hết","Trong một động thái khẳng định rõ nét hướng đi tương lai của nền công nghiệp sản xuất, RobotEra, một công ty công nghệ robot đình đám của Trung Quốc vừa công bố thương vụ gọi vốn thành công rực rỡ.
Với gần 1 tỷ Nhân dân tệ (tương đương 140 triệu USD) thu về từ vòng Series A , RobotEra không chỉ củng cố vị thế tài chính mà còn nhận được cái gật đầu tín nhiệm từ những ""cá mập"" sừng sỏ nhất.
Dẫn đầu vòng gọi vốn là Geely Capital, cùng sự tham gia chiến lược của BAIC Capital, Alibaba Group và Haier Capital. Sự hội tụ của các ông lớn ngành ô tô và công nghệ này là minh chứng rõ ràng nhất cho niềm tin vào kỷ nguyên của ""trí tuệ hiện thân"".

Không dừng lại ở những con số trên giấy tờ, RobotEra đã chứng minh tính khả thi thương mại của mình bằng những bản hợp đồng thực tế. Công ty tuyên bố đã nắm trong tay các đơn đặt hàng trị giá khoảng 70 triệu USD cho năm 2025.
Đây là tín hiệu cho thấy các cỗ máy của họ đã sẵn sàng rời khỏi các video trình diễn hào nhoáng để bước vào những nhà xưởng bụi bặm, nơi hiệu suất là thước đo duy nhất.
Sản phẩm chủ lực, ""ngôi sao"" của RobotEra, chính là mẫu robot hình nhân L7. Với chiều cao 171cm và cân nặng 65kg, L7 sở hữu vóc dáng tương đương một người trưởng thành nhưng mang trong mình sức mạnh cơ khí vượt trội.
Được trang bị 55 bậc tự do và mô-men xoắn khớp lên tới 400 N·m, L7 có thể thực hiện những tác vụ mà ít robot nào làm được. Trong các buổi trình diễn, nó không chỉ chạy nước rút với tốc độ 14,4 km/h mà còn thực hiện các động tác phức tạp như xoay 360 độ hay thậm chí là nhảy breakdance.
Tuy nhiên, giá trị thực sự của L7 nằm ở khả năng nâng vật nặng 20kg và thao tác linh hoạt trong môi trường nhà máy, nhờ vào bàn tay robot XHAND1 được thiết kế tinh xảo.

Điểm khác biệt cốt lõi trong chiến lược của RobotEra nằm ở khái niệm ""trí tuệ hiện thân"" (embodied intelligence). Khác với các mô hình AI truyền thống chỉ chạy trên phần mềm máy tính, trí tuệ hiện thân là sự tích hợp AI vào một cơ thể vật lý. Cảm biến và bộ truyền động không chỉ là lớp vỏ vô tri, mà là một phần của hệ thống nhận thức.
Điều này cho phép robot không chỉ ""tính toán"" mà còn ""cảm nhận"" và ""học hỏi"" từ môi trường thực tế đầy biến động. Trong các nhà máy lắp ráp ô tô hay kho vận - nơi mọi thứ thường lộn xộn và khó đoán - khả năng tự thích nghi, tránh chướng ngại vật và xử lý các vật thể bất quy tắc của robot hiện thân mang lại lợi thế vượt trội so với các cánh tay robot công nghiệp cứng nhắc trước đây.

Với sự hậu thuẫn từ Geely và BAIC, RobotEra nắm giữ lợi thế chiến lược khi có thể đưa ""đội quân"" robot của mình vào thực chiến ngay tại các dây chuyền sản xuất ô tô. Nguồn vốn mới sẽ là nhiên liệu để tăng tốc quá trình sản xuất hàng loạt, chuyển đổi từ các bản mẫu demo sang quy mô công nghiệp.
Sự trỗi dậy của RobotEra cùng làn sóng đầu tư ồ ạt từ các quỹ tư nhân lẫn nhà nước tại Trung Quốc đang vẽ nên một bức tranh mới cho thị trường lao động toàn cầu. Robot hình nhân đang dần thoát khỏi cái mác ""đồ chơi công nghệ"" để trở thành những đồng nghiệp thực thụ.
Nếu lộ trình này thành công, các nhà máy trong tương lai sẽ không chỉ có tiếng máy móc vận hành, mà còn có cả những bước chân nhịp nhàng của những công nhân kim khí thông minh.

"
https://genk.vn/phat-hien-hai-loai-vo-cuc-moi-de-doa-pha-vo-nhung-quy-tac-nen-tang-cua-vu-tru-165250512140859352.chn,Phát hiện hai loại vô cực mới đe dọa phá vỡ những quy tắc nền tảng của vũ trụ,"Giới toán học đang xôn xao trước một phát hiện chấn động từ các nhà nghiên cứu châu Âu. Sự xuất hiện của hai loại ""bản số"" vô cực mới không chỉ thách thức các định luật hiện hành mà còn gợi mở về một vũ trụ toán học hỗn loạn và khó nắm bắt hơn chúng ta tưởng.","Từ thuở sơ khai, khái niệm ""vô cực"" luôn là một câu đố đầy mê hoặc. Đối với người thường, vô cực chỉ đơn giản là không có điểm dừng. Nhưng với các nhà toán học, vô cực không chỉ có một hương vị.
Trong nhiều thế kỷ, họ đã dày công xây dựng một ""chiếc thang"" vĩ đại để phân loại các vô cực, từ những tập hợp số tự nhiên đơn giản (Aleph-null) ở đáy tháp cho đến những tập hợp số thực khổng lồ và các ""bản số lớn"" phức tạp ở đỉnh cao. Đó là một cấu trúc trật tự, tuyến tính và đầy tính thẩm mỹ.
Tuy nhiên, sự bình yên của tòa tháp này vừa bị lung lay dữ dội. Một nhóm nghiên cứu từ Đại học Công nghệ Vienna và Đại học Barcelona vừa công bố trênarXivvề việc tìm ra hai ""cư dân"" mới trú ngụ tại tầng cao nhất của thế giới vô hạn: bản số exacting (khắt khe) và bản số ultra-exacting (siêu khắt khe). Điều đáng sợ là chúng từ chối tuân theo luật chơi cũ.

Theo Giáo sư Joan Bagaria từ Đại học Barcelona, hai loại bản số này tồn tại ở vùng cực hạn của hệ thống phân cấp. Chúng mạnh mẽ hơn, ""lớn"" hơn và phức tạp hơn bất kỳ khái niệm vô cực nào trước đây. Nếu bản số exacting có thể tương tác với vũ trụ toán học theo những cách chưa từng thấy, thì bản số ultra-exacting lại giống như một phiên bản sở hữu ""siêu năng lực"", khuếch đại tác động của chúng lên toàn bộ hệ thống.
Vấn đề nằm ở chỗ, các ""bản số lớn"" trước đây thường tuân theo một tiến trình tuyến tính có thể dự đoán được, giúp củng cố Lý thuyết tập hợp Zermelo-Fraenkel (ZFC) - nền tảng của toán học hiện đại.
Ngược lại, hai loại bản số mới này lại phá vỡ các khuôn mẫu truyền thống. Nhà toán học Juan Aguilera từ Đại học Công nghệ Vienna nhận định: ""Thông thường, các khái niệm lớn về vô cực tự sắp xếp chính mình theo trật tự. Nhưng các bản số ultra-exacting thì khác. Chúng tương tác rất kỳ lạ với các khái niệm cũ"".

Phát hiện này giáng một đòn mạnh vào ""Giả thuyết HOD"" (Tính xác định thứ tự di truyền) - niềm hy vọng lâu nay của giới toán học rằng ngay cả những vô cực ngỗ ngược nhất cũng có thể được thuần hóa và sắp xếp. Giả thuyết này đề xuất rằng vũ trụ toán học giống như một thư viện ngăn nắp, nơi mọi tập hợp vô hạn đều có thể được định nghĩa và lập danh mục.
Tuy nhiên, sự tồn tại của các bản số exacting và ultra-exacting đã tạo ra một kịch bản mà các nhà khoa học gọi là ""V rất xa HOD"" (V is far from HOD). Dịch sang ngôn ngữ phổ thông, điều này có nghĩa là vũ trụ toán học không phải là một thư viện trật tự, mà là một vùng hoang dã hỗn loạn, rộng lớn và không thể thuần hóa. Phần ""có thể định nghĩa"" và hiểu được chỉ là một ốc đảo nhỏ bé giữa sa mạc mênh mông của sự bất định.

Nhiều người có thể tự hỏi: ""Thêm vài con số vô cực thì ảnh hưởng gì đến cuộc sống của tôi?"". Thực tế, tầm ảnh hưởng của phát hiện này vượt xa những trang giấy nháp của các giáo sư. Vô cực nằm ở trái tim của những công nghệ định hình thế giới hiện đại như mật mã học, trí tuệ nhân tạo (AI) và cả những nghiên cứu vũ trụ học về lỗ đen.
Việc tìm ra các loại vô cực mới không chỉ giúp mở đường cho những tiến bộ trong an ninh mạng hay vật lý lý thuyết, mà quan trọng hơn, nó là một bài kiểm tra sức chịu đựng (stress-test) cho nền móng của tri thức nhân loại.
Chúng ta không chỉ đang xây thêm tầng cho tòa nhà chọc trời của toán học, mà đang kiểm tra xem liệu nền đá logic bên dưới có đủ vững chắc hay không, hay toàn bộ hệ thống máy tính và khoa học hiện đại đang đứng trên bờ vực của sự sụp đổ về mặt lý thuyết.
Hơn cả một bài toán, sự xuất hiện của các bản số mới buộc chúng ta đối mặt với một câu hỏi triết học sâu sắc: Liệu con người có bao giờ thực sự hiểu được vũ trụ, hay vô cực sẽ mãi mãi là một biến số hỗn loạn luôn chực chờ đánh úp sự kiêu ngạo của trí tuệ nhân loại?

"
