url,title,description,content
https://thanhnien.vn/tong-bi-thu-to-lam-kiem-tra-du-an-san-bay-long-thanh-185251113125346852.htm,Tổng Bí thư Tô Lâm kiểm tra dự án sân bay Long Thành,"Báo cáo Tổng Bí Thư Tô Lâm, ông Vũ Hồng Văn - Bí thư Tỉnh ủy Đồng Nai cho biết tỉnh xác định sân bay Long Thành và sông Đồng Nai là tiềm năng, lợi thế, động lực quan trọng để phát triển kinh tế 2 con số trong thời gian tới.","Sáng 13.11, Tổng Bí thư Tô Lâm cùng đoàn công tác Trung ương đã đếnsân bay Long Thành(Đồng Nai) thăm, kiểm tra, làm việc về tiến độ dự án.
Tổng Bí thư Tô Lâm và đoàn công tác nghe báo cáo về dự án sân bay Long Thành
ẢNH: CỔNG THÔNG TIN ĐIỆN TỬ ĐẢNG CỘNG SẢN VIỆT NAM
Báo cáo tại buổi làm việc,Bí thư Tỉnh ủy Đồng NaiVũ Hồng Văn cho biết tỉnh Đồng Nai xác định sân bay Long Thành và sông Đồng Nai là tiềm năng, lợi thế, động lực quan trọng để phát triển kinh tế 2 con số trong thời gian tới.
Do đó, tỉnh Đồng Nai đã chuẩn bị các điều kiện cần thiết để khai thác tối đa các lợi thế khi sân bay Long Thành đi vào hoạt động.
Cụ thể, đã xây dựng và hoàn thành nhiều tuyến đường kết nối đến sân bay Long Thành, đồng thời đang đẩy mạnh thi công, khởi công nhiều tuyến đường kết nối khác.
Ngoài ra, tỉnh Đồng Nai và TP.HCM đã thống nhất nguyên tắc thực hiện các dự án giao thông kết nối giữa 2 địa phương như: cầu Cát Lái, cầu Đồng Nai 2, cầu Phú Mỹ 2 và đang nghiên cứu các phương án kết nối giao thông nhanh nhất từ sân bay Tân Sơn Nhất đến sân bay Long Thành.
Tổng Bí thư Tô Lâm tặng quà cho cán bộ, công nhân làm việc trên công trường sân bay Long Thành
ẢNH: H.K
Đồng Nai cũng lập quy hoạch một khu vực rộng lớn 43.000 ha để xây dựng đô thị sân bay Long Thành, với mục tiêu kết nối toàn cầu đưa Long Thành trở thành trung tâm hàng không - logistics quốc tế hàng đầu Đông Nam Á.
Ở đô thị sân bay này, Đồng Nai sẽ tập trung khai thác về công nghiệp (công nghệ cao, bán dẫn, hàng không vũ trụ, công nghệ thông tin); khai thác dịch vụ phục vụ sân bay gồm nhà hàng, khách sạn 5 sao, trung tâm hội nghị, mua sắm, trung tâm tài chính, sân golf…; dịch vụ logistics (kho bãi, vận tải); phát triển đô thị thông minh, đô thị sinh thái ven sông phục vụ nhu cầu ở cho các chuyên gia, lao động, người dân đến sống và làm việc tại Long Thành; xây dựng khu đô thị giáo dục đại học; mời gọi đầu tư hệ thống bệnh viện quy mô lớn phục vụ nhu cầu chăm sóc sức khỏe của nhân dân khi đô thị sân bay hình thành.
Ngoài ra, để nâng cao năng lực cạnh tranh của sân bay Long Thành, tỉnh Đồng Nai đã xây dựng đề án thành lập khu thương mại tự do với quy mô gần 7.500 ha, vị trí ở bên trong và xung quanh sân bay Long Thành.
Tổng Bí thư Tô Lâm trao đổi với đại diện chủ đầu tư và nhà thầu thi công dự án sân bay Long Thành
ẢNH: H.K
Tại báo cáo, Bí thư Tỉnh ủy Đồng Nai cũng cho biết, để hoàn thành mục tiêu tăng trưởng kinh tế 2 con số cho cả nhiệm kỳ 2025 - 2030, và đáp ứng các chỉ tiêu cơ bản trở thành thành phố trực thuộc Trung ương vào 2030, tỉnh Đồng Nai kiến nghị Trung ương 4 vấn đề.
Tổng Bí thư Tô Lâm chủ trì buổi làm việc tại công trường dự án sân bay Long Thành
ẢNH: CỔNG THÔNG TIN ĐIỆN TỬ ĐẢNG CỘNG SẢN VIỆT NAM
Thứ nhất, hiện có 10 tỉnh, thành trong cả nước (Hà Nội, TP.HCM, Hải Phòng, Đà Nẵng, Cần Thơ, Nghệ An…) đã được Quốc hội ban hành Nghị quyết thí điểm về cơ chế, chính sách đặc thù để phát triển.
Tỉnh Đồng Nai có quy mô dân số đông, nền kinh tế lớn, có vị trí chiến lược quan trọng trong vùng Đông Nam bộ, tiếp giáp với TP.HCM, nhưng Đồng Nai vẫn chưa có cơ chế, chính sách đặc thù về đầu tư, đất đai, hạ tầng giao thông.
Do đó, tỉnh Đồng Nai kính kiến nghị Tổng Bí thư và Bộ Chính trị chấp thuận chủ trương cho Chính phủ tổng kết đánh giá kết quả thực hiện các cơ chế, chính sách đặc thù làm cơ sở để xây dựng nghị quyết của Quốc hội về thí điểm một số cơ chế, chính sách đặc thù phát triển tỉnh Đồng Nai trong một số lĩnh vực tương tự như Nghị quyết 98 áp dụng cho TP.HCM, để 2 địa phương có cùng cơ chế, chính sách thu hút đầu tư và xây dựng hạ tầng giao thông kết nối liên vùng.
Đồng Nai đã chuẩn bị các điều kiện cần thiết để khai thác tối đa các lợi thế khi sân bay Long Thành đi vào hoạt động
ẢNH: ACV
Thứ hai, ngày 19.2.2025, Quốc hội ban hành Nghị quyết số 188/2025/QH15 về thí điểm một số cơ chế, chính sách đặc thù, đặc biệt để phát triển hệ thống mạng lưới đường sắt đô thị tại TP.Hà Nội, TP.HCM.
Sau khi rà soát, tỉnh Đồng Nai nhận thấy dự án tuyến đường sắt đô thị do tỉnh Đồng Nai nghiên cứu nhằm kết nối giữa sân bay Tân Sơn Nhất và sân bay Long Thành có đoạn đầu tư thuộc địa bàn TP.HCM đáp ứng được các tiêu chí của Nghị quyết số 188.
Nhằm đẩy nhanh tiến độ triển khai dự án, phát huy hiệu quả khai thác sân bay Long Thành, tỉnh Đồng Nai kiến nghị Tổng Bí thư Tô Lâm và đoàn công tác xem xét chấp thuận chủ trương bổ sung dự án kéo dài tuyến Metro Bến Thành - Suối Tiên đến tỉnh Đồng Nai và Sân bay quốc tế Long Thành vào danh mục các dự án đường sắt đô thị thí điểm một số cơ chế, chính sách đặc thù theo Nghị quyết số 188.
Thứ ba, nhằm đẩy nhanh tiến độ quy hoạch đô thị sân bay Long Thành, kiến nghị Trung ương cho phép tỉnh Đồng Nai rà soát, điều chỉnh quy mô dân số trong quy hoạch tỉnh tại kỳ điều chỉnh quy hoạch lần này để dự báo, tính toán, quy hoạch các quỹ đất, làm cơ sở đón đầu làn sóng đầu tư của các nhà đầu tư, tập đoàn lớn.
Theo quy hoạch tỉnh Đồng Nai đã được Thủ tướng phê duyệt vào ngày 3.7.2024, đến 2030, đô thị Long Thành có quy mô dân số dự báo khoảng 320.000 người (không dự báo đến 2050). Đồng thời, theo nhiệm vụ được Thủ tướng phê duyệt tại Quyết định ngày 20.2.2024, quy mô dân số dự báo đến 2030 khoảng 340.000 - 370.000 người, dự báo đến 2045 khoảng 480.000 - 500.000 người.
Đồng Nai lập quy hoạch một khu vực rộng lớn 43.000 ha để xây dựng đô thị sân bay Long Thành
ẢNH: LÊ LÂM
Tuy nhiên, theo ông Vũ Hồng Văn, hiện nay đô thị Long Thành cùng với đô thị Nhơn Trạch là những đô thị có vai trò chiến lược, là đầu mối kết nối giao thông và tiếp giáp TP.HCM, có quỹ đất thuận lợi thu hút các nhà đầu tư quốc tế phát triển đô thị động lực đẳng cấp quốc tế. Các chuyên gia quốc tế dự báo dân số đô thị khu vực Long Thành - Nhơn Trạch có thể đạt 2 - 2,5 triệu người sau giai đoạn 2045.
Thứ tư, kiến nghị Chính phủ chỉ đạo các bộ, ngành Trung ương xem xét, bổ sung quy hoạch tuyến cao tốc trục Đông - Tây đoạn qua tỉnh Đồng Nai để đồng bộ tuyến cao tốc từ cửa khẩu Hoa Lư, khu vực Tây nguyên đến sân bay Long Thành; và xem xét phê duyệt đồng bộ cơ chế, chính sách của khu thương mại tự do Đồng Nai và khu thương mại tự do Cái Mép Hạ để đảm bảo tính kết nối, hỗ trợ nhau và cạnh tranh với các khu thương mại tự do quốc tế.
Sân bay Long Thành rộng 5.000 ha (thuộc xã Long Thành, Đồng Nai), được khởi công vào ngày 5.1.2021.
Dự án sân bay Long Thành có tổng mức đầu tư 336.630 tỉ đồng (tương đương 16,03 tỉ USD) và được chia làm 3 giai đoạn.
Trong giai đoạn 1 sẽ đầu tư 1 đường cất hạ cánh và 1 nhà ga hành khách cùng các hạng mục phụ trợ đồng bộ với công suất 25 triệu hành khách/năm và 1,2 triệu tấn hàng hóa/năm.
Khi hoàn thành, sân bay Long Thành có đến 4 đường cất hạ cánh, 4 nhà ga hành khách cùng với các hạng mục phụ trợ đồng bộ, công suất 100 triệu hành khách/năm và 5 triệu tấn hàng hóa/năm.
Theo kế hoạch, sân bay Long Thành giai đoạn 1 sẽ cơ bản hoàn thành và đón chuyến bay kỹ thuật vào 19.12 tới đây. Đến 2026 thì chính thức đi vào khai thác."
https://thanhnien.vn/giao-luu-huu-nghi-quoc-phong-bien-gioi-viet-nam-campuchia-lan-thu-2-185251113141220489.htm,Giao lưu hữu nghị quốc phòng biên giới Việt Nam - Campuchia lần thứ 2,"Trong 2 ngày 13 - 14.11, chương trình Giao lưu hữu nghị quốc phòng biên giới Việt Nam - Campuchia lần thứ 2 được tổ chức tại khu vực biên giới chung giữa tỉnh Tây Ninh (Việt Nam) và tỉnh Svay Rieng (Campuchia).","Giao lưu hữu nghị quốc phòng biên giới Việt Nam - Campuchia lần thứ 2do đại tướng Phan Văn Giang, Ủy viên Bộ Chính trị, Phó bí thư Quân ủy Trung ương, Bộ trưởng Bộ Quốc phòng Việt Nam và đại tướng Tea Seiha, Phó thủ tướng Chính phủ, Bộ trưởng Bộ Quốc phòng Campuchia đồng chủ trì.
Đại tướng Phan Văn Giang, Bộ trưởng Bộ Quốc phòng Việt Nam và đại tướng Tea Seiha, Phó thủ tướng Chính phủ, Bộ trưởng Bộ Quốc phòng Campuchia đồng chủ trì chương trình
ẢNH: THÚY LIỄU
Trước ngày giao lưu chính thức, nhiều hoạt động bên lề đã diễn ra, trong đó có chương trình khám chữa bệnh, cấp phát thuốc miễn phí cho người dân dọc 2 bên biên giới; chương trình Giao lưu Sĩ quan trẻ biên giới Việt Nam - Campuchia tối 12.11 tại Trung tâm Văn hóa tỉnh Tây Ninh.
Ngày 13.11, tại Việt Nam, 2 bên tổ chức nhiều hoạt động ý nghĩa. Đoàn Campuchia được đón chính thức tại khu vực cửa khẩu Mộc Bài (tỉnh Tây Ninh). Lãnh đạoBộ Quốc phòng2 nước trồng cây hữu nghị và chứng kiến diễn tập quân y chung của quân đội 2 nước. Kết thúc diễn tập, 2 Bộ trưởng đã tặng quà động viên lực lượng tham gia.
Đại tướng Phan Văn Giang và đại tướng Tea Seiha cùng trồng cây hữu nghị biên giới Việt Nam - Campuchia
ẢNH: THÚY LIỄU
Diễn tập quân y chung của quân đội 2 nước Việt Nam - Campuchia
ẢNH: LÊ TRẦM - THÚY LIỄU
Sau đó, đoàn đại biểu dự lễ khánh thành khu phòng học bán trú của Trường tiểu học Bến Cầu (ấp Thuận Lâm, xã Bến Cầu, tỉnh Tây Ninh); dự lễ kết nghĩa cụm dân cư 2 bên biên giới giữa ấp Long Cường (xã Long Thuận, Tây Ninh, Việt Nam) và ấp Ô Tà Mô, xã Mô Nô Rum (huyện Svay Teap, tỉnh Svay Rieng, Campuchia).
Em học sinh Trường tiểu học Bến Cầu thắt khăn quàng đỏ cho đại tướng Phan Văn Giang
ẢNH: LÊ TRẦM
Lãnh đạo Bộ Quốc phòng cắt băng khánh thành khu phòng học bán trú của Trường tiểu học Bến Cầu (ấp Thuận Lâm, xã Bến Cầu, tỉnh Tây Ninh)
ẢNH: LÊ TRẦM
Đại biểu hai nước cũng đến tham quan Nhà truyền thống Sư đoàn 5 (Quân khu 7) trước khi bước vào hội đàm và ký kết các văn kiện hợp tác quốc phòng.
Đại tướng Phan Văn Giang và đại tướng Tea Seiha tham quan Nhà truyền thống Sư đoàn 5 (Quân khu 7)
ẢNH: THÚY LIỄU
Ngày 14.11, tại Campuchia, phía bạn tổ chức lễ đón chính thức Bộ trưởng Bộ Quốc phòng Việt Nam; thực hiện nghi thức chào và tô son cột mốc chủ quyền 171; trồng cây hữu nghị; tuần tra chung giữa lực lượng quản lý, bảo vệ biên giới 2 nước.
Hai bên dự lễ khởi công công trình hữu nghị Trường tiểu học Sang Sovan (huyện Svay Teap, tỉnh Svay Rieng) và thăm trụ sở Bộ Tư lệnh Hiến binh tỉnh Svay Rieng.
Trong hội đàm, đại tướng Phan Văn Giang nhấn mạnh giao lưu hữu nghị quốc phòng biên giới là điểm sáng hợp tác, tiếp nối kết quả tốt đẹp từ chương trình lần thứ 1 tổ chức tại tỉnh Bình Phước (Việt Nam) và tỉnh Kratie (Campuchia) vào tháng 5.2022.
Sự kiện lần này tiếp tục khẳng định mô hình hợp tác hiệu quả, mang ý nghĩa chính trị sâu sắc, thể hiện quyết tâm của Đảng, nhà nước, quân đội, các bộ ngành, địa phương và đặc biệt là nhân dân 2 nước trong xây dựng đường biên giới hòa bình, hữu nghị, hợp tác và phát triển.
Đại tướng Tea Seiha và đại tướng Phan Văn Giang trao đổi tại hội đàm và ký kết các văn kiện hợp tác quốc phòng
ẢNH: THÚY LIỄU
Bộ trưởng Phan Văn Giang đánh giá, thời gian qua, hợp tác quốc phòng Việt Nam - Campuchia ngày càng đi vào thực chất. Hai bên đã tăng cường trao đổi tình hình, tham mưu hiệu quả cho lãnh đạo cấp cao; triển khai toàn diện hợp tác giữa Bộ đội Biên phòng, các quân khu, đơn vị giáp biên, hải quan, cảnh sát biển; tổ chức tuần tra chung và đấu tranh phòng chống tội phạm xuyên quốc gia.
Nhiều mô hình kết nghĩa đồn - trạm, kết nghĩa cụm dân cư 2 bên biên giới phát huy hiệu quả, đóng góp tích cực vào an sinh xã hội, củng cố tình đoàn kết nhân dân 2 nước.
Bộ trưởng cũng nhấn mạnh hoạt động giao lưu sĩ quan trẻ lần này có nội dung phong phú, góp phần giáo dục thế hệ trẻ về truyền thống hữu nghị Việt Nam - Campuchia.
Trong lĩnh vực chính trị, tư tưởng, 2 nước đã phối hợp tổ chức thành công lễ kỷ niệm 48 năm ""Hành trình tiến tới đánh đổ chế độ diệt chủng Pôn Pốt"" của Samdech Techo Hun Sen, đồng thời tăng cường tuyên truyền, giáo dục về lịch sử và quan hệ hữu nghị giữa quân đội 2 nước.
Về phương hướng hợp tác thời gian tới, 2 Bộ trưởng thống nhất tiếp tục củng cố quan hệ đoàn kết, gắn bó giữa 2 nước; tăng cường trao đổi tình hình, tham mưu hiệu quả cho lãnh đạo cấp cao; đẩy mạnh gặp gỡ, tiếp xúc cấp cao và các cấp; mở rộng hoạt động giao lưu lãnh đạo trẻ, sĩ quan trẻ; phát huy hiệu quả các cơ chế đối thoại chính sách.
Hai bên thống nhất thúc đẩy hợp tác 3 nước Việt Nam - Lào - Campuchia, trong đó có cuộc gặp thường niên của 3 Bộ trưởng Quốc phòng, diễn tập chung và phối hợp đấu tranh chống tội phạm.
Kết thúc hội đàm, 2 Bộ trưởng ký kết Kế hoạch hợp tác năm 2026; Bản ghi nhớ về tăng cường hợp tác trong lĩnh vực đào tạo, tập huấn nguồn nhân lực; Thỏa thuận về hợp tác biên phòng. Đồng thời, chứng kiến trao Biên bản ký kết nghĩa giữa Đồn biên phòng cửa khẩu quốc tế Mộc Bài (Việt Nam) và Ban Chỉ huy Hiến binh thành phố Bavet (Campuchia)
ẢNH: LÊ TRẦM
Đối với hợp tác biên giới, 2 bên nhất trí tăng cường phối hợp quản lý, bảo vệ biên giới; trao đổi thông tin; tuần tra song phương; bảo vệ đường biên, mốc giới; xử lý kịp thời các vụ việc phát sinh; ngăn chặn tội phạm xuyên quốc gia; xây dựng khu vực biên giới hòa bình, ổn định, hữu nghị, đổi mới và phát triển.
Trong phát biểu của mình, đại tướng Tea Seiha gửi lời cảm ơn Bộ Quốc phòng Việt Nam đã đón tiếp chu đáo đoàn Campuchia; chia buồn với những thiệt hại do bão tại Việt Nam; chúc mừng Việt Nam đã tổ chức thành công nhiều sự kiện thời gian qua.
Bộ trưởng Campuchia khẳng định mong muốn thông qua giao lưu hữu nghị lần này, quan hệ hợp tác giữa 2 Bộ trưởng và 2 Bộ Quốc phòng ngày càng bền chặt, môi trường biên giới ổn định hơn và đời sống nhân dân 2 nước tiếp tục được nâng cao. Hai bên thống nhất các nội dung hợp tác đã trao đổi tại hội đàm.
Giao lưu hữu nghị quốc phòng biên giới Việt Nam - Campuchia lần thứ 2 là sự kiện, hoạt động đối ngoại quốc phòng trọng điểm năm 2025, có ý nghĩa trên nhiều phương diện.
Sự kiện tăng cường tình đoàn kết hữu nghị, thúc đẩy hợp tác thực chất, hiệu quả giữa lực lượng quản lý, bảo vệ biên giới, chính quyền địa phương và nhân dân khu vực biên giới 2 nước; góp phần xây dựng đường biên giới Việt Nam - Campuchia hòa bình, hữu nghị, ổn định, hợp tác và phát triển.
Đồng thời, sự kiện củng cố tin cậy chính trị, trực tiếp góp phần thúc đẩy, tăng cường mối quan hệ đoàn kết, hữu nghị giữa 2 nước Việt Nam - Campuchia; góp phần đấu tranh phản bác quan điểm, luận điệu xuyên tạc quan hệ Việt Nam - Campuchia.
Đây cũng là sự kiện có ý nghĩa thông tin đối ngoại, giới thiệu, quảng bá hình ảnh Việt Nam yêu chuộng hòa bình, thân thiện, hữu nghị đến với các quốc gia láng giềng, cán bộ, chiến sĩ lực lượng vũ trang và nhân dân; đồng bào ta ở nước ngoài và bạn bè, cộng đồng quốc tế."
https://thanhnien.vn/niem-tin-gui-dang-chu-trong-phat-trien-the-luc-tam-voc-con-nguoi-viet-nam-185251112170712551.htm,"Niềm tin gửi Đảng: Chú trọng phát triển thể lực, tầm vóc con người Việt Nam","Phát triển thể lực, tầm vóc và sức khỏe con người VN là nhiệm vụ chiến lược, góp phần tạo nền tảng cho phát triển bền vững đất nước. Những năm qua, công tác chăm sóc sức khỏe, giáo dục thể chất, thể dục thể thao đạt nhiều kết quả tích cực, song vẫn còn không ít thách thức.","Trong những năm qua, Đảng và Nhà nước đặc biệt quan tâm, chỉ đạo nhiều chủ trương, chính sách nhằmnâng cao thể lực, tầm vóc và sức khỏe nhân dân. Nổi bật là Đề án tổng thể phát triển thể lực, tầm vóc ngườiViệt Namgiai đoạn 2011 - 2030 (Đề án 641) với mục tiêu cải thiện thể chất thanh niênViệt Nam; gần đây nhất là Nghị quyết 72-NQ/TW ngày 9.9.2025 của Bộ Chính trị ""Về một số giải pháp đột phá, tăng cường bảo vệ, chăm sóc và nâng cao sức khỏe nhân dân"".
Vị thế thể thaoViệt Namngày càng được nâng cao trên trường khu vực và thế giới
ẢNH: NGỌC DƯƠNG
Các chủ trương này cho thấy tầm quan trọng của dinh dưỡng và giáo dục thể chất cho thế hệ trẻ, bởi một dân tộc khỏe mạnh phải được chăm lo từ gốc.Việt Namđược quốc tế đánh giá cao trong thực hiện các mục tiêu phát triển bền vững của LHQ về sức khỏe. Chỉ số bao phủ dịch vụ y tế thiết yếu củaViệt Namcao hơn mức trung bình khu vực; nhiều chỉ số sức khỏe vượt trội so với các nước có cùng trình độ phát triển. Trong thập niên 2010 - 2020, chiều cao trung bình thanh niênViệt Namtăng rõ rệt: nam 18 tuổi tăng 3,7 cm, nữ tăng 2,6 cm. Tỷ lệsuy dinh dưỡngthấp còi ở trẻ dưới 5 tuổi giảm từ hơn 30% (năm 2010) còn 19,6% (năm 2020), tốc độ cải thiện nhanh hơn mức trung bình Đông Nam Á. Tuổi thọ trung bình tăng từ 62 tuổi năm 1990 lên 74,5 tuổi năm 2024, chỉ số phát triển con người (HDI) đạt 0,76 điểm, thuộc nhóm cao trong các nước cùng trình độ phát triển.
Bên cạnh thành tựu về dinh dưỡng và y tế, công tác thể dục thể thao (TDTT) đạt nhiều kết quả nổi bật. Nhận thức về vai trò của TDTT trong rèn luyện sức khỏe nhân dân được nâng cao. Nhờ đó, công tác lãnh đạo, chỉ đạo, quản lý hoạt động TDTT được tăng cường. Nhiều cơ quan, đơn vị, địa phương đã xây dựng môi trường làm việc lành mạnh, góp phần hình thành đời sống văn hóa mới, phòng ngừa tệ nạn xã hội.
Phong trào TDTT quần chúng phát triển mạnh mẽ với nhiều hình thức đa dạng, thu hút đông đảo nhân dân. Các cuộc vận động như ""Toàn dân rèn luyện thân thể theo gương Bác Hồ vĩ đại"", ""Ngày chạy Olympic vì sức khỏe toàn dân"", ""Toàn dân tập luyện môn bơi, phòng chống đuối nước""... lan tỏa sâu rộng, góp phần nâng cao sức khỏe cộng đồng. Hoạt động thể thao cho người yếu thế, người khuyết tật, trẻ em có hoàn cảnh khó khăn được chú trọng. Các câu lạc bộ dưỡng sinh, thể thao truyền thống, trò chơi dân gian phát triển mạnh. Năm 2023, tỷ lệ người tập luyện thể thao thường xuyên đạt 36,7%, số gia đình tập luyện thường xuyên đạt 27,7% tổng số hộ.
Bên cạnh đó, giáo dục thể chất học đường có nhiều chuyển biến tích cực. Cơ sở vật chất như sân bãi, dụng cụ tập luyện được đầu tư; thể thao thành tích cao phát triển, góp phần nâng tầm vị thếViệt Namtrong khu vực và quốc tế.Việt Namđã đăng cai thành công nhiều sự kiện thể thao lớn như SEA Games, đồng thời chú trọng phát triển các môn thể thao thế mạnh, có khả năng cạnh tranh khu vực và châu lục.
Cơ sở vật chất kỹ thuật phục vụ TDTT từ T.Ư đến cơ sở được đầu tư, nâng cấp; công tác xã hội hóa được đẩy mạnh, hiệu quả đầu tư ngày càng cao. Hội nhập quốc tế về thể thao được mở rộng, góp phần nâng cao vị thế thể thaoViệt Namtrên trường khu vực và thế giới.
Những kết quả trên khẳng định vị thế ngày càng cao của ngành TDTT trong đời sống xã hội, kết tinh từ sự quan tâm, chỉ đạo của Đảng, Nhà nước, cùng sự tham gia tích cực của các tổ chức chính trị - xã hội và toàn dân trong phong trào rèn luyện sức khỏe.
Bên cạnh những kết quả đạt được,Việt Namđang đối diện nhiều thách thức về thể lực và dinh dưỡng. So với tiêu chuẩn quốc tế, thể lực và tầm vóc ngườiViệt Namvẫn còn khiêm tốn, thấp hơn nhiều nước trong khu vực. Nếu không được khắc phục sớm, điều này sẽ ảnh hưởng đến chất lượng nguồn nhân lực - yếu tố quyết định trong quá trình hội nhập quốc tế và công nghiệp hóa, hiện đại hóa đất nước.
Phong trào thể dục thể thao quần chúng ngày càng phát triển mạnh mẽ
ẢNH: HẢI HÒA
Tỷ lệ trẻ em thấp còi ở vùng dân tộc thiểu số vẫn trên 30%; trong khi ở các đô thị lớn, tỷ lệ học sinh thừa cân, béo phì tăng gần gấp đôi trong thập niên qua, vượt ngưỡng 20%. Chính sách hỗ trợ học sinh đồng bào dân tộc thiểu số, vùng sâu, vùng xa còn nhiều bất cập.
Bên cạnh đó, sự lãnh đạo, chỉ đạo của một số cấp ủy đảng, chính quyền địa phương về công tác TDTT chưa được quan tâm đúng mức. Phong trào TDTT quần chúng dù được chú trọng nhưng hiệu quả chưa cao, chưa lan tỏa sâu rộng, đặc biệt ở khu vực nông thôn, miền núi, vùng đồng bào dân tộc thiểu số, khu công nghiệp, khu chế xuất. Giáo dục thể chất học đường được đầu tư nhưng kết quả chưa đạt kỳ vọng. Công tác xã hội hóa TDTT còn yếu, nguồn lực đầu tư hạn hẹp.
Từ thực tiễn đó, tôi đề xuất Dự thảo văn kiện Đại hội XIV của Đảng cần cụ thể hóa một số giải pháp nhằm nâng cao công tác chăm sóc sức khỏe, giáo dục thể chất và phát triển TDTT, qua đó thúc đẩy mạnh mẽ chiến lược nâng cao thể lực,tầm vóc con ngườiViệt Nam.
Thứ nhất, đẩy mạnh tuyên truyền để tạo chuyển biến mạnh mẽ trong nhận thức và hành động của các cấp ủy, chính quyền, MTTQ, các đoàn thể và người dân về vai trò của TDTT; đặc biệt chú trọng tuyên truyền tại vùng sâu, vùng xa. Đẩy mạnh truyền thông thay đổi hành vi, nâng cao ý thức người dân về dinh dưỡng hợp lý, vận động thể lực, phòng chống các yếu tố nguy cơ như rượu, bia, thuốc lá; huy động sự tham gia của các đoàn thể, doanh nghiệp trong các chương trình cải thiện dinh dưỡng cộng đồng. Phát triển phong trào TDTT quần chúng thông qua các cuộc vận động gắn với chương trình xây dựng nông thôn mới, đô thị văn minh; phát huy các môn thể thao dân tộc, thể thao trong lực lượng vũ trang.
Thứ hai, nâng cao chất lượng giáo dục thể chất học đường; tiếp tục triển khai hiệu quả Đề án tổng thể phát triển giáo dục thể chất và thể thao trường học, phát triển mạnh các hoạt động thể thao học sinh - sinh viên, góp phần phát hiện và đào tạo năng khiếu thể thao. Chú trọng đào tạo tài năng thể thao, xây dựng đội ngũ kế cận chất lượng; mở rộng quy mô, hiện đại hóa trung tâm huấn luyện thể thao quốc gia; đổi mới tổ chức, quản lý thể thao thành tích cao theo hướng chuyên nghiệp; ưu tiên đầu tư và huy động nguồn lực xã hội cho các môn thể thao trọng điểm.
Thứ ba, tăng cường sự lãnh đạo của Đảng, hiệu lực quản lý nhà nước về TDTT; thường xuyên kiểm tra, sơ tổng kết, đánh giá kết quả thực hiện nghị quyết; hoàn thiện cơ chế, chính sách phát triển TDTT; chú trọng đào tạo đội ngũ cộng tác viên, hướng dẫn viên ở cơ sở. Quan tâm đầu tư cơ sở vật chất, tạo điều kiện để người dân luyện tập TDTT; dành nguồn lực tương xứng cho hoạt động thể thao người khuyết tật và thể thao thành tích cao. Nâng cấp hạ tầng và trang thiết bị huấn luyện, chú trọng xây dựng phong trào tập luyện ở cơ sở, tạo nền tảng cho phát triển thể thao đỉnh cao.
Thứ tư, hoàn thiện thể chế bảo vệ, chăm sóc, nâng cao sức khỏe nhân dân; triển khai hiệu quả các chương trình nâng cao thể lực, trí lực, tầm vóc người Việt, chiến lược quốc gia về dinh dưỡng, y tế và sữa học đường. Tăng cường giáo dục, nâng cao nhận thức về vai trò của dinh dưỡng đối với sự phát triển toàn diện của con người; huy động mọi nguồn lực, nhất là khu vực y tế tư nhân, đẩy mạnh ứng dụng công nghệ, chuyển đổi số trong quản lý và chăm sóc sức khỏe.
Khi mỗi người dân khỏe mạnh, năng động và tự tin, đất nước sẽ có thêm sức bật để đi xa hơn. Giai đoạn mới đòi hỏi những giải pháp mạnh mẽ, sáng tạo và mang tầm chiến lược để thể lực, tầm vóc và trí tuệ người Việt thật sự trở thành nguồn lực đột phá cho tương lai."
https://thanhnien.vn/xay-dung-the-tran-an-ninh-nhan-dan-gan-voi-the-tran-long-dan-18525111223015121.htm,Xây dựng thế trận an ninh nhân dân gắn với thế trận lòng dân,"Chiều 12.11, Thủ tướng Phạm Minh Chính đã dự hội nghị sơ kết 1 năm triển khai lực lượng tham gia bảo vệ an ninh, trật tự ở cơ sở.","Phát biểu tại sự kiện,Thủ tướng Phạm Minh Chínhnhấn mạnh, việc ban hành luật Lực lượng tham gia bảo vệ an ninh, trật tự (ANTT) ở cơ sở đánh dấu một bước tiến quan trọng về việc thể chế hóa quan điểm, chủ trương của Đảng về xây dựng, củng cố lực lượng tham gia bảo vệ ANTT ở cơ sở; xây dựng nềnan ninh nhân dân, thế trận an ninh nhân dân gắn với thế trận lòng dân vững chắc tại cơ sở.
Thủ tướng Phạm Minh Chính dự hội nghị sơ kết 1 năm triển khai lực lượng tham gia bảo vệ an ninh, trật tự ở cơ sở
ẢNH: NHẬT BẮC
Việc thành lập lực lượng tham gia bảo vệ ANTT ở cơ sở đã khắc phục được tình trạng chồng chéo, phân tán của 3 lực lượng trước đây; qua đó, phát hiện sớm các nguy cơ, vấn đề tiềm ẩn ngay từ cơ sở để xử lý, ngăn chặn từ gốc, bởi mọi người dân đều ở cơ sở.
Những kết quả đạt được sau một năm triển khai lực lượng đã đóng góp vào sự chuyển biến tích cực, toàn diện trong công tác bảo vệ ANTT ở cơ sở. Số vụ phạm pháp hình sự giảm hơn 8% so với cùng kỳ. Thủ tướng cũng ghi nhận và tri ân nhiều thành viên lực lượng đã hy sinh và bị thương để bảo vệ cuộc sống bình yên, hạnh phúc cho nhân dân (đã có 82 thành viên bị thương và đặc biệt là có 7 người hy sinh)...
Để nâng cao hiệu quả hoạt động của lực lượng hỗ trợ đảm bảo ANTT ở cơ sở trong thời gian tới, Thủ tướng lưu ý cần tiếp tục xác định công tác bảo đảm ANTT là sự nghiệp của nhân dân, do nhân dân và vì nhân dân. Lực lượng tham giabảo vệ ANTTcơ sở tham gia hòa giải mâu thuẫn, không để hình thành những điểm nóng về ANTT ngay tại địa bàn cơ sở..."
https://thanhnien.vn/ba-phung-thi-hong-ha-lam-chu-tich-hdnd-tpha-noi-185251113095926918.htm,Bà Phùng Thị Hồng Hà làm Chủ tịch HĐND TP.Hà Nội,"Phó bí thư Thành ủy, Phó chủ tịch thường trực HĐND TP.Hà Nội Phùng Thị Hồng Hà được bầu giữ chức Chủ tịch HĐND TP.Hà Nội khóa XVI, nhiệm kỳ 2021 - 2026.","Tại kỳ họp chuyên đề diễn ra chiều 13.11, 100% các đại biểu HĐND TP.Hà Nộicó mặt đã tán thành, bầu bà Phùng Thị Hồng Hà, Phó bí thư Thành ủy Hà Nội, Phó chủ tịch thường trực HĐND TP.Hà Nội, giữ chức Chủ tịch HĐND TP.Hà Nội khóa XVI, nhiệm kỳ 2021 - 2026.
Bà Phùng Thị Hồng Hà được bầu giữ chức Chủ tịch HĐND TP.Hà Nội nhiệm kỳ 2021 - 2026
ẢNH: NGUYỄN HỢP
Trước đó, cũng tại kỳ họp, các đại biểu đã tiến hành miễn nhiệm chức danh Chủ tịch HĐND TP.Hà Nội nhiệm kỳ 2021 - 2026 đối với ông Nguyễn Ngọc Tuấn do không đủ điều kiện về độ tuổi tái cử.
Bà Phùng Thị Hồng Hà (54 tuổi); quê quán ở xã Ứng Hòa (Hà Nội). Trình độ học vấn: cử nhân kinh tế, thạc sĩ chuyên ngành tài chính - ngân hàng.
Trước đó, tại Đại hội đại biểu Đảng bộ TP.Hà Nội khóa XVIII, nhiệm kỳ 2025 - 2030, bà Phùng Thị Hồng Hà, Phó chủ tịch thường trực HĐND thành phố, được bầu vào Ban Chấp hành Đảng bộ thành phố nhiệm kỳ 2025 - 2030. Tại hội nghị lần thứ nhất Ban Chấp hành Đảng bộ thành phố, bà được bầu làm Phó bí thư Thành ủy Hà Nội.
Về quá trình công tác, từ tháng 7.1990 - tháng 7.2007, bà Hà là cán bộ Chi cục quốc doanh; cán bộ Phòng Quản lý hành chính sự nghiệp, rồi lần lượt giữ chức Phó trưởng phòng, Trưởng phòng Quản lý hành chính sự nghiệp Sở Tài chính tỉnh Hà Tây (cũ).
Từ tháng8.2007 - tháng 6.2012, bà Hà giữ chức Phó giám đốc Sở Tài chính tỉnh Hà Tây, rồi giữ chức Phó giám đốc Sở Tài chính Hà Nội sau khi tỉnh Hà Tây sáp nhập với TP.Hà Nội.
Đến tháng 6.2012, bà Hà giữ chức Bí thư Huyện ủy Thanh Oai (cũ); tháng 6.2016, bà là Ủy viên Đảng đoàn HĐND TP.Hà Nội, Phó chủ tịch HĐND TP.Hà Nội.
Bà Hà tiếp tục giữ chức Phó chủ tịch HĐND TP.Hà Nội đến tháng 12.2020 thì được bầu giữ chức Phó chủ tịch thường trực HĐND TP.Hà Nội."
https://thanhnien.vn/tong-bi-thu-doan-ket-de-dung-xay-non-song-ben-vung-muon-doi-185251114212159807.htm,Tổng Bí thư: Đoàn kết để dựng xây non sông bền vững muôn đời,"Tổng Bí thư kêu gọi, chúng ta hãy nắm chặt tay nhau, đồng lòng chung sức: Đoàn kết để chiến thắng khó khăn. Đoàn kết để đi tới thành công. Đoàn kết để dựng xây non sông bền vững muôn đời.","Tối 14.11, Ủy ban Mặt trận Tổ quốc (MTTQ) Việt Nam P.Thượng Cát (Hà Nội) tổ chức Ngày hộiĐại đoàn kết toàn dân tộcnăm 2025. Tổng Bí thư Tô Lâm đã tới dự và chung vui cùng nhân dân P.Thượng Cát.
Tổng Bí thư Tô Lâm dự Ngày hội Đại đoàn kết toàn dân tộc của P.Thượng Cát
ẢNH: TTXVN
Dự chương trình còn có Chủ tịch Ủy ban Trung ương MTTQ Việt Nam Bùi Thị Minh Hoài; Bí thư Thành ủy Hà Nội Nguyễn Duy Ngọc…
Phát biểu tại buổi gặp mặt, Tổng Bí thư Tô Lâm khẳng định, đại đoàn kết toàn dân tộc là truyền thống, là tài sản, là di sản vô giá của cha ông, là sức mạnh làm nên mọi thắng lợi, mọi thành tựu của dân tộc ta, đất nước ta.
Dẫn lại lời căn dặn của Chủ tịch Hồ Chí Minh: ""Đoàn kết, đoàn kết, đại đoàn kết; thành công, thành công, đại thành công"", Tổng Bí thư khẳng định đó là chân lý, là phương châm hành động, là mệnh lệnh từ trái tim của dân tộc, của hồn thiêng sông núi, của Tổ quốc gửi đến từng người trong chúng ta.
Tổng Bí thư Tô Lâm cùng nhân dân P.Thượng Cát trong Ngày hội Đại đoàn kết toàn dân
ẢNH: TTXVN
Chia sẻ với bà con nhân dân về sức mạnh của khối đại đoàn kết toàn dân, Tổng Bí thư cho biết, sự ủng hộ của tuyệt đại bộ phận các tầng lớp nhân dân đối với Đảng, Nhà nước trong công cuộc đổi mới, trong ""sắp xếp lại giang sơn"" là động lực, là nguồn sức mạnh vô song để Đảng vững tin thực hiện các nhiệm vụ chính trị của mình, triển khai quyết liệt các đường lối, chính sách, đặc biệt là nội dung các nghị quyết mà Đại hội Đảng lần thứ XIII và các đại hội của Đảng trước đó đã đề ra.
Để tinh thần đoàn kết đi vào đời sống hằng ngày, để thành kết quả có thể đo đếm được, Tổng Bí thư nhấn mạnh việc thực hiện ""dân là gốc"". Theo đó, mọi chủ trương, chính sách phải xuất phát từ nhu cầu thực sự của dân, do dân bàn, dân kiểm tra, dân thụ hưởng. Tăng cường đối thoại công khai, minh bạch; lắng nghe để điều chỉnh kịp thời. Thành công là sự hài lòng của nhân dân.
Cạnh đó, cần kỷ cương, liêm chính. Thượng tôn pháp luật, phòng chống tham nhũng, lãng phí, tiêu cực với quan điểm không có vùng cấm, không có ngoại lệ, mọi người đều bình đẳng trước pháp luật, tiếp tục tiến hành nhiệm vụ này với tinh thần quyết tâm, quyết liệt, không ngừng nghỉ, không khoan nhượng. Khi niềm tin được củng cố, đoàn kết tự khắc bền chặt, nội lực sẽ được nhân lên…
Cùng đó là bộ máy tinh gọn; khơi thông nguồn lực để phát triển. Tháo ách tắc pháp lý, nâng cấp hạ tầng chiến lược, phát triển nguồn nhân lực chất lượng cao.
Giảm nghèo đa chiều, bền vững; chăm lo y tế, giáo dục, nhà ở, việc làm; bảo vệ người yếu thế, chăm lo cho người già, trẻ nhỏ, quan tâm cho vùng sâu, vùng xa, biên giới, hải đảo, vùng khó khăn. Xây dựng đời sống văn hóa lành mạnh, gìn giữ bản sắc, nuôi dưỡng lòng nhân ái, nghĩa tình trong mỗi cộng đồng.
Đối với mặt trận, đoàn thể, tổ chức xã hội, cộng đồng người Việt Nam ở nước ngoài, bạn bè quốc tế cần được kết nối chặt hơn, rộng hơn qua các hoạt động…
""Phát huy vai trò nòng cốt của Mặt trận Tổ quốc trong tập hợp, đoàn kết, giám sát, phản biện xã hội. Gắn kết chặt chẽ với cộng đồng quốc tế để tỏa ra sức mạnh và những giá trị nhân văn cao đẹp của dân tộc ta, nhất là giá trị và truyền thống đại đoàn kết của nhân dân ta"", Tổng Bí thư nói.
Tổng Bí thư Tô Lâm chung vui cùng nhân dân P.Thượng Cát tại Ngày hội Đại đoàn kết toàn dân
ẢNH: TUỔI TRẺ THỦ ĐÔ
Theo Tổng Bí thư, đoàn kết rất gần gũi, rất đời thường, là hơi thở, nhịp sống hàng ngày. Ở địa phương, hãy coi sự hài lòng của người dân là thước đo mọi quyết định. Ở doanh nghiệp, công trường, xưởng máy, hãy coi sự liêm chính, thu nhập của người lao động là vốn quý, là sức sống của doanh nhân…
Hãy khắc ghi và lan tỏa tinh thần ""5 dám"" (dám nghĩ, dám nói, dám làm, dám chịu trách nhiệm, dám đổi mới sáng tạo vì lợi ích chung); và ""3 cùng"" (cùng bàn, cùng làm, cùng hưởng). Nếu thực hiện như vậy là chúng ta đã góp một viên gạch bền chắc vào ngôi nhà đại đoàn kết Việt Nam.
Với các địa phương, cơ sở, nơi diễn ra mọi hoạt động của đời sống xã hội hằng ngày, Tổng Bí thư nhấn mạnh phải dân chủ, công khai, minh bạch; phải xây dựng văn hóa nghĩ đúng, nghĩ xa, nghĩ cùng dân, nghĩ vì dân; phải nói thẳng, nói thật, nói gọn; phải làm nhanh, làm chắc; làm đến nơi đến chốn... phải bảo vệ quyền và lợi ích chính đáng của người dân và cán bộ.
Tổng Bí thư Tô Lâm tặng bức tượng Chủ tịch Hồ Chí Minh cho phường Thượng Cát, TP.Hà Nội
ẢNH: TTXVN
Tổng Bí thư Tô Lâm lưu ý, việc gì có lợi cho dân thì làm hết sức, việc gì có hại cho dân thì phải hết sức tránh. Đích đến là bộ máy tinh gọn hơn, phục vụ tốt hơn, chi phí xã hội thấp hơn, cơ hội phát triển cao hơn.
Theo Tổng Bí thư, chúng ta bước vào giai đoạn mới với không ít thử thách. Nhưng càng khó, đoàn kết càng tỏa sáng. Một dân tộc đã đi qua chiến tranh vệ quốc, vượt qua những năm tháng bao cấp gian nan, tạo kỳ tích đổi mới, dân tộc ấy, khi đồng lòng, chắc chắn sẽ vươn tới những đỉnh cao mới.
Nhân Ngày hội Đại đoàn kết toàn dân tộc 18.11, Tổng Bí thư kêu gọi đồng bào, đồng chí, chiến sĩ cả nước, cộng đồng người Việt Nam ở nước ngoài, hãy cùng nhau gìn giữ, bồi đắp và phát huy hơn nữa sức mạnh đại đoàn kết toàn dân tộc.
Hãy biến tinh thần ấy thành hành động hôm nay… Tất cả vì Tổ quốc Việt Nam thân yêu, vì hạnh phúc của nhân dân, vì mục tiêu 2030 và khát vọng 2045 mà nhân dân đang mong chờ.
""Chúng ta hãy nắm chặt tay nhau, đồng lòng chung sức: Đoàn kết để chiến thắng khó khăn. Đoàn kết để đi tới thành công. Đoàn kết để dựng xây non sông bền vững muôn đời"", Tổng Bí thư nhấn mạnh."
https://thanhnien.vn/tiep-tuc-sap-xep-truong-hoc-benh-vien-doanh-nghiep-nha-nuoc-thon-to-dan-pho-185251114184801127.htm,"Tiếp tục sắp xếp trường học, bệnh viện, doanh nghiệp nhà nước, thôn, tổ dân phố","Tổng Bí thư Tô Lâm vừa ký ban hành Kết luận số 210 của Trung ương Đảng về tiếp tục xây dựng, hoàn thiện tổ chức bộ máy của hệ thống chính trị trong thời gian tới.","Tại Kết luận 210, Trung ương Đảng thống nhất đánh giá, sau 8 năm thực hiện Nghị quyết số 18, việcsắp xếp, tinh gọn tổ chức bộ máy đã được triển khai tổng thể, triệt để và đồng bộ trong cả nước với quy mô lớn.
Cả nước giảm 34,9% đầu mối trực thuộc Trung ương, 100% đảng đoàn, ban cán sự đảng; giảm 46% đơn vị hành chính cấp tỉnh, 66,9% đơn vị hành chính cấp xã. Lần đầu tiên kể từ năm 1945, chúng ta giảm một cấp hành chính (không tổ chức cấp huyện), thực hiện chính quyền địa phương 2 cấp.
Việc tổng kết thực hiện Nghị quyết 18 về sắp xếp, tinh gọn bộ máy hệ thống chính trị đã được Trung ương Đảng thảo luận tại Hội nghị Trung ương 14 khóa XIII vừa qua
ẢNH: PHẠM THẮNG
Những kết quả đạt được trong thời gian qua đã khẳng định sự đột phá, đổi mới tư duy cả trong công tác lãnh đạo, chỉ đạo và tổ chức thực hiện, thực sự là cuộc cách mạng, ""sắp xếp lại giang sơn"". Tổ chức lại, mở rộng không gian phát triển của đất nước, kiến tạo mô hình phát triển mới mang tính chiến lược, dài hạn.
Cùng đó, thúc đẩy quản trị quốc gia, quản trị địa phương, chuyển từ mô hình quản lý sang phục vụ, kiến tạo phát triển, đưa nước bước vào kỷ nguyên mới, kỷ nguyên vươn mình phát triển giàu mạnh, thịnh vượng; thể hiện quyết tâm thực hiện cải cách về tổ chức bộ máy của hệ thống chính trị một cách căn bản, mạnh mẽ của Đảng, Nhà nước và nhân dân.
Kết quả cuộc cách mạng tinh gọn tổ chức bộ máy của hệ thống chính trị cho thấy đây là một chủ trương rất đúng, rất trúng, có ý nghĩa lịch sử, được cán bộ, đảng viên và nhân dân đồng tình ủng hộ, dư luận quốc tế đánh giá cao.
Trên cơ sở đánh giá kết quả đạt được, Trung ương Đảng chỉ đạo các cấp ủy, cơ quan, đơn vị, nhất là người đứng đầu tăng cường và giữ vững đoàn kết nội bộ; đẩy mạnh sơ kết, tổng kết thực tiễn, nghiên cứu lý luận, tiếp tục bổ sung, hoàn thiện mô hình tổ chức tổng thể của hệ thống chính trị, mô hình chính quyền địa phương 2 cấp hoạt động hiệu lực, hiệu quả, phù hợp với đường lối đổi mới và con đường đi lên chủ nghĩa xã hội ở Việt Nam.
Về hoàn thiện thể chế, Trung ương Đảng yêu cầu tập trung cao nhất các nguồn lực để tiếp tục hoàn thiện đồng bộ thể chế liên quan đến chức năng, nhiệm vụ, quyền hạn, tổ chức bộ máy của các cơ quan, đơn vị, tổ chức trong hệ thống chính trị để phát triển nhanh và bền vững đất nước.
Việc phân định thẩm quyền, trách nhiệm của Quốc hội, Chính phủ, cơ quan hành pháp, cơ quan tư pháp, thẩm quyền liên thông giữa 3 cấp (Trung ương, tỉnh, xã) cho từng lĩnh vực, xóa chồng lấn, bỏ trống nhiệm vụ, bảo đảm đồng bộ, thống nhất, rõ ràng theo các kết luận của Trung ương, phù hợp với các dự thảo văn kiện trình Đại hội XIV của Đảng, Hiến pháp năm 2013.
Về sắp xếp tổ chức, bộ máy; quản lý cán bộ, công chức, viên chức, Trung ương Đảng yêu cầu tập trung lãnh đạo, chỉ đạo, thực hiện sắp xếp các đơn vị sự nghiệp công lập, 2 viện hàn lâm khoa học xã hội và khoa học công nghệ, trường học, cơ sở giáo dục, cơ sở y tế, doanh nghiệp nhà nước theo đúng định hướng của Trung ương, phù hợp với từng ngành, lĩnh vực, địa bàn.
Trong đó, đặc biệt quan tâm các lĩnh vực giáo dục, y tế ở địa bàn khó khăn, miền núi, vùng sâu, vùng xa; ban hành chính sách thúc đẩy mạnh mẽ tự chủ tài chính của các đơn vị sự nghiệp công lập. Tiếp tục rà soát, sắp xếp tinh gọn các tổ chức bên trong các cơ quan, đơn vị, tổ chức trong hệ thống chính trị bảo đảm hoạt động hiệu năng, hiệu lực, hiệu quả.
Khẩn trương hoàn thành sắp xếp lại đầu mối bên trong cơ quan Mặt trận Tổ quốc, các tổ chức chính trị - xã hội, các hội quần chúng các cấp do Đảng, Nhà nước giao nhiệm vụ; sắp xếp các cơ quan báo, tạp chí, đơn vị sự nghiệp thuộc các tổ chức chính trị - xã hội (cấp Trung ương, cấp tỉnh) theo các kết luận của Trung ương, bảo đảm đồng bộ, thông suốt, tinh gọn, hiệu lực, hiệu quả, gần dân, sát dân, bám cơ sở và lập tổ chức đảng tương ứng, phù hợp của từng tổ chức chính trị - xã hội.
Trung ương Đảng cũng yêu cầu sắp xếp các thôn, tổ dân phố ở xã, phường và người hoạt động không chuyên trách ở thôn, tổ dân phố phù hợp với yêu cầu trong tình hình mới.
Về cán bộ, Trung ương Đảng yêu cầu khẩn trương thực hiện hiệu quả, đồng bộ thể chế về công tác cán bộ; đặc biệt tập trung triển khai nghiêm các quy định mới ban hành theo đúng chủ trương ""có vào có ra"", ""có lên có xuống"".
Tiếp tục thực hiện quyết liệt, đồng bộ, hiệu quả việc bố trí chức danh bí thư cấp ủy, chủ tịch UBND, chủ nhiệm ủy ban kiểm tra, chánh thanh tra... không phải là người địa phương. Nghiên cứu thực hiện việc bố trí chức danh người đứng đầu các ngành, lĩnh vực: kiểm sát, tòa án, thuế cấp tỉnh không phải là người địa phương.
Tăng cường kiểm soát quyền lực trong công tác cán bộ một cách thực chất và hiệu quả; kiên quyết khắc phục những yếu kém, bất cập, sơ hở trong công tác cán bộ. Đấu tranh quyết liệt, hiệu quả với các hành vi chạy chức, chạy quyền.
Cùng đó, bố trí đủ nguồn lực, tổ chức đào tạo bắt buộc về chuyên môn, nghiệp vụ, năng lực quản trị (cả về quản trị dữ liệu) để xây dựng đội ngũ cán bộ, công chức, viên chức trong hệ thống chính trị đủ năng lực vận hành tổ chức bộ máy sau sắp xếp từ Trung ương đến địa phương, đáp ứng yêu cầu, nhiệm vụ rất cao trong giai đoạn phát triển mới. Thực hiện cải cách chế độ tiền lương, phụ cấp phù hợp với yêu cầu thực tiễn về sắp xếp, tổ chức lại bộ máy và tinh giản biên chế..."
https://thanhnien.vn/niem-tin-gui-dang-trong-dung-nhan-tai-nang-cao-chat-luong-nguon-nhan-luc-185251113193456817.htm,"Niềm tin gửi Đảng: Trọng dụng nhân tài, nâng cao chất lượng nguồn nhân lực","Nhân tài luôn được coi là nguyên khí quốc gia. Trong bối cảnh Việt Nam đẩy mạnh công nghiệp hóa, hiện đại hóa và chuyển đổi số, việc phát hiện, bồi dưỡng, trọng dụng nhân tài không chỉ là yêu cầu chiến lược mà còn là động lực then chốt để thực hiện khát vọng phát triển phồn vinh, hạnh phúc.","Nghị quyết Đại hội XIII của Đảng đã xác định phát triển nguồn nhân lực chất lượng cao, đặc biệt là nhân lực KH-CN, đổi mới sáng tạo, là 1 trong 3 đột phá chiến lược. Nghị quyết 57-NQ/TW về phát triển KH-CN, đổi mới sáng tạo và chuyển đổi số quốc gia cũng nhấn mạnh xây dựng đội ngũ trí thức, chuyên gia có năng lực đẳng cấp quốc tế. Chiến lược phát triển KH-CN quốc gia đến năm 2030 tiếp tục khẳng định cần có cơ chế phát hiện, bồi dưỡng vàtrọng dụng nhân tài, bảo đảm đất nước chủ động thích ứng với xu thế phát triển của thời đại.
Diễn đàn Trí thức trẻViệt Namtoàn cầu lần thứ 6 năm 2025 diễn ra tại Hà Nội với chủ đề ""Trí thức trẻViệt Namtoàn cầu góp sức cùng đất nước bước vào kỷ nguyên mới""
Ảnh: Tuấn Minh
Thực tiễn những năm qua cho thấyViệt Namđã đạt nhiều thành tựu trong phát hiện, đào tạo và sử dụng nhân tài, đặc biệt về công nghệ thông tin, toán học, y tế và nông nghiệp công nghệ cao. Đây là minh chứng rõ rệt cho tiềm năng trí tuệ của người Việt, khẳng định năng lực đáp ứng yêu cầu ngày càng cao của thời đại. Công tác phát hiện và đào tạo nhân tài đã có bước tiến quan trọng, nhiều chương trình quốc gia về phát triển nguồn nhân lực chất lượng cao được triển khai, nhiều trường ĐH và viện nghiên cứu hình thành nhóm nghiên cứu mạnh có khả năng tiếp cận, giải quyết vấn đề KH-CN hiện đại.
Riêng trong lĩnh vực y tế,Việt Namđã có những bước tiến nổi bật trong việc nghiên cứu và ứng dụng trí tuệ nhân tạo (AI), đặc biệt là trong nội soi và chẩn đoán hình ảnh. Tôi và các cộng sự, thầy cô tại Trường ĐH Y Hà Nội, Bệnh viện ĐH Y Hà Nội đã phối hợp với nhiều đồng nghiệp cả nước trong lĩnh vực nội soi tiêu hóa, cùng các chuyên gia công nghệ thông tin từ ĐH Bách khoa Hà Nội và Công ty VinBrain - đơn vị vừa trở thành Trung tâm R&D của NVIDIA - triển khai nhiều dự án phát triển bộ dữ liệu ảnh nội soi tiêu hóa với hàng trăm nghìn hình ảnh được các chuyên gia y tế gán nhãn tổn thương.
Trên cơ sở đó, các thuật toán AI đã được xây dựng, huấn luyện và đóng gói thành công cụ hỗ trợ bác sĩ trong việc phát hiện, nhận diện tổn thương đường tiêu hóa, đặc biệt là những trường hợp ung thư sớm. Hiện dự án đã bắt đầu được đưa vào ứng dụng thực tế để đánh giá khả năng triển khai rộng rãi. Đây là minh chứng sinh động cho thấy khi có cơ chế khuyến khích và môi trường thuận lợi, nhân tàiViệt Namhoàn toàn có thể làm chủ công nghệ hiện đại, đồng thời tạo ra những đóng góp có giá trị không chỉ trong nước mà còn mang tầm quốc tế.
Cùng với đó, ngày càng có nhiều tài năng trẻViệt Namở nước ngoài trở về cống hiến hoặc tham gia các chương trình kết nối trí thức toàn cầu, trở thành cầu nối quan trọng giữa nguồn lực trong nước với tri thức quốc tế, mở ra những hướng hợp tác mới choViệt Nam.
Tuy nhiên, bên cạnh những kết quả tích cực, công tác phát hiện, bồi dưỡng vàtrọng dụng nhân tàivẫn còn hạn chế. Cơ chế phát hiện nhân tài còn dàn trải, thiếu sự gắn kết và đồng bộ giữa giáo dục phổ thông, giáo dục ĐH, nghiên cứu khoa học và nhu cầu thực tiễn của thị trường lao động. Chính sách đãi ngộ, môi trường làm việc và cơ hội phát triển chưa đủ sức hấp dẫn để giữ chân và thu hút nhân tài, đặc biệt là đối với trí thức trẻ đang làm việc ở nước ngoài.
Việt Namcũng chưa khai thác hết tiềm năng đội ngũ trí thức trẻ trong các lĩnh vực KH-CN mới nổi như AI, dữ liệu lớn, công nghệ sinh học, năng lượng tái tạo - những lĩnh vực có ý nghĩa chiến lược trong phát triển quốc gia. Khoảng cách giữa các mục tiêu đột phá nêu trong nghị quyết và thực tiễn triển khai chính sách vẫn còn xa, khiến hiệu quả đạt được của các chủ trương lớn chưa như mong muốn.
Bối cảnh phát triển mới, với sự bùng nổ của AI, chuyển đổi số, cùng xu thế kinh tế xanh, kinh tế tuần hoàn, đặt ra yêu cầu cấp thiết cho chính sách nhân tài. Chính sách nhân tài cần được đổi mới mạnh mẽ, thực chất và hiệu quả hơn.
Kết quả thảo luận tại Diễn đàn Trí thức trẻViệt Namtoàn cầu 2025 đã khẳng định: đểViệt Namtrở thành quốc gia phát triển, nhân tài phải được coi là ""tài nguyên đặc biệt"", là lợi thế cạnh tranh cốt lõi trong chiến lược phát triển quốc gia. Nhân tài phải được xem là động lực trung tâm của phát triển đất nước. Mọi chiến lược phát triển đều phải đặt con người làm trọng tâm, trong đó nhân tài giữ vai trò dẫn dắt đổi mới, sáng tạo.
Công tác phát hiện, bồi dưỡng và trọng dụng nhân tài cần là nhiệm vụ lâu dài, thường xuyên, xuyên suốt và có tính kế thừa. Nhân tài không chỉ bó hẹp trong giới hàn lâm mà ở mọi lĩnh vực, từ kinh tế, văn hóa, nghệ thuật đến khởi nghiệp, quản trị, sản xuất. Cần kết hợp sức mạnh trong nước với cộng đồng trí thứcViệt Namở nước ngoài, phát huy vai trò tiên phong của thanh niên và trí thức trẻ trong chuyển đổi số, đổi mới sáng tạo và hội nhập quốc tế.
Để phát hiện nhân tài, cần đổi mới giáo dục phổ thông và ĐH theo hướng phát hiện, nuôi dưỡng năng khiếu sớm; ứng dụng AI, dữ liệu lớn trong đánh giá, phân tích năng lực; tổ chức các sân chơi học thuật, cuộc thi đổi mới sáng tạo, khởi nghiệp tầm quốc gia và quốc tế làm ""vườn ươm"" nhân tài.
Trong bồi dưỡng nhân tài, cần xây dựng hệ thống học bổng quốc gia cho lĩnh vực chiến lược, gắn đào tạo trong nước với gửi đi học tập tại trung tâm khoa học lớn quốc tế; phát triển viện nghiên cứu, phòng thí nghiệm trọng điểm; xây dựng môi trường sáng tạo mở kết nối trường - viện - doanh nghiệp - nhà nước; khuyến khích hợp tác quốc tế để trí thức trẻ rèn luyện trong môi trường toàn cầu.
Với trọng dụng nhân tài, cần xây dựng cơ chế đãi ngộ đặc thù, đủ sức cạnh tranh khu vực và quốc tế; coi sử dụng nhân tài quan trọng như phát hiện nhân tài; cải cách thủ tục, môi trường làm việc minh bạch, khuyến khích sáng tạo, dám nghĩ, dám làm, dám chịu trách nhiệm; mạnh dạn giao trọng trách cho người trẻ tài năng. Trong thu hút nhân tàiViệt Namở nước ngoài, cần xây dựng mạng lưới trí thức Việt toàn cầu trên nền tảng số, tạo cơ chế linh hoạt cho trí thức kiều bào đóng góp, kể cả bán thời gian hoặc tư vấn từ xa.
Thanh niên cần được phát huy vai trò trung tâm trong công cuộc phát triển nhân tài. Các phong trào ""Thanh niên làm chủ công nghệ số, khởi nghiệp sáng tạo"" cần gắn với nhiệm vụ chuyển đổi số quốc gia. Cần chú trọng đào tạo kỹ năng số, kỹ năng nghiên cứu khoa học ngay từ bậc phổ thông, ĐH. Hội Liên hiệp Thanh niênViệt Namvà Đoàn TNCS Hồ Chí Minh cần tiếp tục làm cầu nối trí thức trẻ, khuyến khích nghiên cứu ứng dụng gắn với thực tiễn phát triển đất nước.
Từ đó, tôi kiến nghị Dự thảo Văn kiệnĐại hội XIV của Đảngcụ thể hóa một số nội dung sau:
Một là,xác định rõ chiến lược quốc gia về phát hiện, bồi dưỡng, trọng dụng nhân tài, coi đây là chương trình lớn, có tính liên ngành và liên tục.
Hai là,bổ sung mục tiêu cụ thể: đến năm 2030 xây dựng đội ngũ nhân lực chất lượng cao về AI, dữ liệu lớn, công nghệ sinh học, năng lượng sạch đạt chuẩn khu vực và quốc tế.
Ba là,ban hành cơ chế đột phá về thể chế, chính sách đãi ngộ, môi trường sáng tạo để thu hút, giữ chân nhân tài, đặc biệt là trí thức trẻ.
Bốn là,tăng cường hợp tác quốc tế, phát huy trí tuệ ngườiViệt Namở nước ngoài như một phần của sức mạnh tổng hợp quốc gia.
Năm là,đề cao vai trò của thanh niên và trí thức trẻ trong phát triển và hội nhập, đưa vào Văn kiện giải pháp phát huy vai trò của họ trong chuyển đổi số và đổi mới sáng tạo.
Trong kỷ nguyên số, với những cơ hội và thách thức lớn từ AI, đổi mới sáng tạo và hội nhập toàn cầu, việc phát hiện, bồi dưỡng, trọng dụng nhân tài cần được đặt ở vị trí trung tâm trong các Văn kiện trình Đại hội XIV, để phát huy cao nhất trí tuệ, sức trẻ của người Việt trong và ngoài nước, góp phần thực hiện khát vọng đưa đất nước vươn mình."
https://thanhnien.vn/tan-hien-vi-hanh-phuc-cua-phu-nu-viet-18525111319114444.htm,Tận hiến vì hạnh phúc của phụ nữ Việt,"Là nữ giám đốc duy nhất của một bệnh viện cấp chuyên sâu tuyến T.Ư thuộc Sở Y tế TP.HCM, PGS-TS-BS Hoàng Thị Diễm Tuyết đã dẫn dắt Bệnh viện Hùng Vương không ngừng đổi mới, nâng cao chất lượng chăm sóc sức khỏe phụ nữ và trẻ sơ sinh.","Khoa Hiếm muộn,Bệnh viện Hùng Vươnglà một trong 4 đơn vị công lập trên cả nước đạt tiêu chuẩn quốc tế RTAC về quản lý chất lượng trong thụ tinh trong ống nghiệm (IVF) từ năm 2018 và duy trì đến nay.
Theo PGS Tuyết, việc đạt chuẩn RTAC không chỉ là thành tựu chuyên môn mà còn khẳng định vị thế hội nhập của y học Việt Nam, giúp người bệnh trong và ngoài nước tin tưởng lựa chọn điều trị.
Cơ sở vật chất hiện đại, hệ thống nuôi phôi theo dõi liên tục (time-lapse) cùng quy trình vô trùng nghiêm ngặt đã giúp tỷ lệ thực hiện IVF thành công tăng vượt bậc. Nhiều kỹ thuật mới được triển khai cho các trường hợp không có tinh trùng hoặc tinh trùng phát triển nửa chừng, mang lại cơ hội làm cha mẹ cho những cặp vợ chồng hiếm muộn tưởng chừng như đã tuyệt vọng.
Nhờ nỗ lực không ngừng của đội ngũ y bác sĩ, tỷ lệ thành công sauthụ tinh trong ống nghiệmtại bệnh viện đã tăng ngoạn mục. Nếu trong 10 năm đầu tiên chỉ có khoảng 500 em bé ra đời, thì một thập niên sau, con số ấy đã tăng gấp ba với hơn 1.500 thiên thần nhỏ cất tiếng khóc chào đời trong niềmhạnh phúcvô bờ của gia đình.
PGS-TS-BS Hoàng Thị Diễm Tuyết, Giám đốc Bệnh viện Hùng Vương (TP.HCM)
Ảnh: NVCC
Đối với bác sĩ Tuyết, mỗi bệnh nhân là một câu chuyện đầy nhân văn. Bà không bao giờ quên trường hợp một cô gái trẻ khao khát làm mẹ nhưng lại không may bị dị tật bẩm sinh, sinh ra đã không có tử cung. Từ năm 1990, Việt Nam đã triển khai kỹ thuật IVF nhưng những trường hợp bị dị tật bẩm sinh như cô gái này vẫn không thể làm mẹ. Sau đó, Việt Nam đã thay đổi chính sách, Bộ Y tế cho phép thực hiện thụ tinh trong ống nghiệm, mang thai hộ vì mục đích nhân đạo.
""Khi chính sách thay đổi, cô gái ấy tìm đến Bệnh viện Hùng Vương để hiện thực hóa giấc mơ làm mẹ. Không chỉ tiến bộ về mặt kỹ thuật, khi phát triển về chính sách, pháp luật mang tính nhân đạo đã mang lạihạnh phúccho phụ nữ khi không may bị dị tật bẩm sinh"", PGS Tuyết khẳng định.
Song song đó, bệnh viện liên tục ứng dụng các kỹ thuật tiên tiến trong sản phụ khoa như: phẫu thuật nội soi 3D giúp xử lý u xơ, ung thư phụ khoa giai đoạn sớm với vết mổ nhỏ, hồi phục nhanh; ứng dụng trí tuệ nhân tạo (AI) trong tầm soát ung thư cổ tử cung, rút ngắn thời gian trả kết quả từ 5 - 7 ngày xuống chỉ vài phút.
Đặc biệt, Bệnh viện Hùng Vương là đơn vị đầu tiên tại Việt Nam thành lập khoa Nhũ, chuyên sàng lọc, chẩn đoán và điều trị các bệnh lý tuyến vú, góp phần phát hiện sớm ung thư vú, giảm chi phí và áp lực cho bệnh nhân.
Không chỉ dẫn dắt những bước tiến chuyên môn, PGS Tuyết còn là người ""đứng mũi chịu sào"" trong những giai đoạn thử thách nhất của ngành y.
Khi đại dịch Covid-19 bùng phát, Bệnh viện Hùng Vương trở thành ""tuyến đầu của tuyến đầu"" trong chăm sóc sản phụ. Chỉ trong vài tuần, khu tiếp nhận F0 phải mở rộng từ 20 lên 200 giường. Số thai phụ nhiễm bệnh tăng nhanh, kéo theo hàng trăm trẻ sơ sinh ra đời từ các bà mẹ F0 buộc phải cách ly.
PGS Tuyết thực hiện 1 ca IVF
Ảnh: NVCC
Trong hoàn cảnh đó, PGS Tuyết cùng tập thể bệnh viện đã mạnh dạn đề xuất UBND TP.HCM thành lập Trung tâm H.O.P.E nhằm chăm sóc tạm thời trẻ sơ sinh có mẹ là F0. Trong điều kiện vô cùng thiếu thốn, đội ngũ bệnh viện vẫn nuôi dưỡng an toàn 259 trẻ sơ sinh trong gần 4 tháng hoạt động.
Sau đại dịch, hành trình chăm sóc trẻ sơ sinh tiếp tục được nối dài bằng những sáng kiến nhân văn khác. Từ năm 2023, bệnh viện triển khai ""Ngân hàng sữa mẹ"" - một trong những ngân hàng lớn nhất cả nước. Mỗi ngày, ngân hàng tiếp nhận và xử lý khoảng 60 lít sữa hiến tặng từ các bà mẹ khỏe mạnh, cung cấp nguồn dinh dưỡng quý giá cho hàng trăm trẻ sinh non và nhẹ cân. Nhờ đó, tỷ lệ nuôi con hoàn toàn bằng sữa mẹ tại bệnh viện đạt hơn 99,8%.
Không chỉ tận tụy trong chuyên môn, PGS Tuyết còn được đồng nghiệp kính trọng nhờ phong cách lãnh đạo nhân văn nhưng quyết đoán. Trong vai trò người đứng đầu, bà theo đuổi triết lý quản trị bằng ""đắc nhân tâm"". Khi xảy ra sai sót, tập thể cùng ngồi lại tìm nguyên nhân gốc rễ, phân biệt lỗi hệ thống hay lỗi cá nhân để rút kinh nghiệm và điều chỉnh quy trình. Tinh thần ""không trừng phạt"" giúp nhân viên y tế dám nói thật, dám nhận lỗi và dám cải tiến, hình thành văn hóa chất lượng bền vững trong toàn viện.
Từ năm 2023, bệnh viện triển khai đánh giá hiệu suất làm việc (KPI) gắn với cơ chế khen thưởng. Mọi sáng kiến hay, những ca cứu sống đặc biệt hay hành động đẹp trong nghề đều được ghi nhận kịp thời, tạo động lực cống hiến cho đội ngũ hơn 1.400 cán bộ, nhân viên.
Thế nhưng, đằng sau những đổi mới ấy vẫn là nỗi trăn trở thường trực của PGS Hoàng Thị Diễm Tuyết về thu nhập và đời sống của nhân viên y tế. Thu nhập ở bệnh viện công lập còn thấp, trong khi áp lực công việc ngày càng nặng nề khiến tình trạng ""chảy máu chất xám"" sang khu vực tư nhân diễn ra phổ biến. ""Chúng tôi không ngại đào tạo lớp kế cận nhưng thật xót xa khi những người giỏi không đủ động lực ở lại"", BS Tuyết chia sẻ.
Theo bà, cần có chính sách đãi ngộ phù hợp và bền vững để nhân viên y tế sống được bằng nghề, có thời gian nghỉ ngơi và nghiên cứu, thay vì phải làm thêm ngoài giờ để kiếm thêm thu nhập.
Hơn 3 thập niên gắn bó với nghề, PGS Tuyết hiếm khi có một ngày nghỉ trọn vẹn. Bà tâm sự không chỉ riêng mình, mà tất cả nhân viên y tế đều phải tạm gác lại niềm riêng để hoàn thành công việc. Vào những ngày cuối tuần, lễ, tết, họ vẫn lặng lẽ trực ở bệnh viện. Với họ, hai chữ ""dung hòa"" tưởng chừng đơn giản nhưng lại là cả hành trình nỗ lực và hy sinh.
Dù vẫn còn nhiều thách thức nhưng đội ngũ y bác sĩ Bệnh viện Hùng Vương luôn nỗ lực nâng cao chất lượng phục vụ người bệnh.
Là một trong những đơn vị đầu tiên tại TP.HCM triển khai bệnh án điện tử từ năm 2014, đến nay bệnh viện đã áp dụng đồng bộ sổ khám điện tử, đăng ký khám trực tuyến, chỉ định xét nghiệm ưu tiên, thanh toán không tiền mặt, tra cứu thông tin bệnh qua mã QR. Nhờ đó, quy trình khám chữa bệnh được rút ngắn, thời gian chờ trung bình giảm từ vài tiếng xuống dưới 60 phút, mức độ hài lòng của người bệnh tăng rõ rệt.
Dưới sự dẫn dắt của PGS Tuyết, Bệnh viện Hùng Vương trở thành 1 trong 5 đơn vị có điểm chất lượng cao nhất TP.HCM theo đánh giá của Sở Y tế TP.HCM trong nhiều năm liền. Các khoa chuyên môn như Hiếm muộn, Di truyền y học, Giải phẫu bệnh liên tiếp đạt chuẩn quốc tế, khẳng định vị thế bệnh viện công lập hiện đại, nhân văn và hội nhập quốc tế.
Giờ đây, điều khiến PGS-TS-BS Hoàng Thị Diễm Tuyết cùng tập thể Bệnh viện Hùng Vương tự hào nhất chính là đã xây dựng được một địa chỉ y tế tin cậy dành cho mọi phụ nữ. Dù khác biệt về hoàn cảnh hay điều kiện kinh tế, họ đều xứng đáng được chăm sóc sức khỏe sinh sản một cách toàn diện, an toàn và bình đẳng.
PGS-TS-BS Hoàng Thị Diễm Tuyết là một trong 478 gương điển hình tiên tiến trong phong trào thi đua yêu nước của TP.HCM giai đoạn 2020 - 2025. Bà cũng là thành viên trong đoàn đại biểu TP.HCM tham dự Đại hội Thi đua yêu nước toàn quốc lần thứ XI vào tháng 12 tới."
https://thanhnien.vn/nang-cao-hieu-qua-hop-tac-nghi-vien-viet-nam-jordan-185251112214327958.htm,Nâng cao hiệu quả hợp tác nghị viện Việt Nam - Jordan,"Chiều 12.11, Chủ tịch Quốc hội Trần Thanh Mẫn đã hội kiến Quốc vương Jordan Abdullah II Ibn Al Hussein.","Tại cuộc hội kiến,Chủ tịch Quốc hội Trần Thanh Mẫnkhẳng định, dù cách xa về địa lý nhưng hai nước có quan hệ hữu nghị, gắn bó, được xây dựng trên nền tảng tôn trọng lẫn nhau, bình đẳng và cùng có lợi, góp phần vào hòa bình, ổn định và phát triển của khu vực và thế giới.
Chủ tịch Quốc hội Trần Thanh Mẫn hội kiến Quốc vương Jordan Abdullah II Ibn Al Hussein
ẢNH: QUOCHOI.VN
Chủ tịch Quốc hội Trần Thanh Mẫn đánh giá cao những nỗ lực của Jordan trong việc thúc đẩy hòa bình, ổn định và phát triển ở Trung Đông, cũng như vai trò lãnh đạo của Quốc vương Jordan trong thúc đẩy các giá trị nhân văn, công bằng xã hội và an ninh lương thực toàn cầu.
Chủ tịch Quốc hội khẳng định Việt Nam sẵn sàng thúc đẩy mối quan hệ hợp tác trong nhiều lĩnh vực với Jordan trên cơ sở cùng có lợi; nhấn mạnh Quốc hội Việt Nam sẵn sàng tạo điều kiện thuận lợi về pháp lý, thúc đẩy các chính sách hỗ trợ hợp tác song phương; phối hợp giám sát việc thực hiện các thỏa thuận hợp tác giữa hai nước, qua đó thúc đẩy hợp tác toàn diện giữa hai nước.
Quốc vương Abdullah II Ibn Al Hussein bày tỏ sự ngưỡng mộ tinh thần quật cường, truyền thống cần cù, sáng tạo của người dân Việt Nam và những thành tựu phát triển kinh tế - xã hội mà Việt Nam đã đạt được thời gian qua.
Trong bối cảnh cả hai nước đang đẩy mạnh triển khai các chính sách phát triển kinh tế - xã hội, Quốc vương Abdullah II Ibn Al Hussein mong muốn hai nước sẽ thúc đẩy hợp tác trên tất cả các lĩnh vực, đặc biệt là giữa hai khu vực tư nhân.
Chủ tịch Quốc hội Trần Thanh Mẫn và Quốc vương Abdullah II Ibn Al Hussein thống nhất hai bên cần tăng cường lòng tin chính trị, thúc đẩy hợp tác về quốc phòng - an ninh thông qua việc trao đổi đoàn các cấp.
Trong lĩnh vực kinh tế, hai nhà lãnh đạo thống nhất tạo điều kiện thuận lợi cho các mặt hàng có thế mạnh của mỗi nước, thúc đẩy hợp tác vào các lĩnh vực nông nghiệp công nghệ cao, dệt may, năng lượng tái tạo, logistics, y tế…
Chủ tịch Quốc hội Trần Thanh Mẫn cũng đề nghị mở rộng hợp tác văn hóa, giáo dục và giao lưu nhân dân thông qua các hoạt động trao đổi sinh viên, học bổng, du lịch và văn hóa để thế hệ trẻ hai dân tộc hiểu biết và gắn bó hơn. Để thực hiện mục tiêu này, Quốc vương Jordan đề nghị hai bên nghiên cứu mở đường bay thẳng giữa hai nước.
Hai nhà lãnh đạo cũng nhất trí cơ quan lập pháp hai nước cần nâng cao hiệu quả hợp tác nghị viện, coi đây là một trong những trụ cột quan trọng trong tổng thể quan hệ song phương giữa Việt Nam và Jordan.
Nhân dịp này, qua Quốc vương, Chủ tịch Quốc hội Trần Thanh Mẫn đã gửi lời thăm hỏi và nhắc lại lời mời lãnh đạo lưỡng viện Jordan sớm thăm Việt Nam vào thời gian thích hợp nhằm làm sâu sắc hơn hợp tác nghị viện giữa hai nước."
https://thanhnien.vn/de-nghi-jordan-tang-cuong-ho-tro-viet-nam-phat-trien-nganh-halal-185251112213131354.htm,Đề nghị Jordan tăng cường hỗ trợ Việt Nam phát triển ngành Halal,"Tại cuộc hội kiến Quốc vương Jordan Abdullah II Ibn Al Hussein, Thủ tướng Phạm Minh Chính đề nghị phía Jordan tăng cường hỗ trợ Việt Nam phát triển ngành Halal.","Chiều nay 12.11, Thủ tướng Phạm Minh Chính đã hội kiến Quốc vương Jordan Abdullah II Ibn Al Hussein.
Trong bối cảnh tình hình thế giới và khu vực Trung Đông đang có nhiều biến động nhanh, Thủ tướng Phạm Minh Chính đánh giá cao vai trò kiến tạo hòa bình củaJordantại khu vực cũng như sự giúp đỡ quý báu mà Jordan đã dành cho sự nghiệp đấu tranh chính nghĩa của nhân dân Palestine.
Thủ tướng Phạm Minh Chính hội kiến Quốc vương Jordan Abdullah II Ibn Al Hussein
ẢNH: TUẤN MINH
Quốc vương Abdullah II Ibn Al Hussein nhấn mạnh mong muốn của Jordan trong việc tăng cường quan hệ đối tác với Việt Nam trong nhiều lĩnh vực, khẳng định Việt Nam là đối tác quan trọng của Jordan tại khu vực Đông Nam Á và Jordan sẵn sàng trở thành cửa ngõ để hàng hóa Việt Nam tiếp cận thị trường khu vực Trung Đông.
Đánh giá cao sự tương đồng giữa Việt Nam và Jordan, Quốc vương Jordan khẳng định hai nước có rất nhiều tiềm năng có thể học tập và chia sẻ kinh nghiệm lẫn nhau, trong đó có các lĩnh vực rất quan trọng nhằm giúp hai bên đối phó với các thách thức toàn cầu, trong đó nổi bật là các lĩnh vực như nông nghiệp, công nghệ, phát triển ngành Halal…
Quốc vương Abdullah II Ibn Al Hussein cũng đề nghị hai bên tăng cường các hoạt động giao lưu, trao đổi giữa sinh viên hai nước nhằm củng cố hiệu quả cầu nối giữa hai đất nước, hai dân tộc.
Để triển khai có hiệu quả các kết quả thực chất của chuyến thăm, Thủ tướng Phạm Minh Chính và Quốc vương Abdullah II Ibn Al Hussein thống nhất hai nước cần tiếp tục củng cố tin cậy chính trị, thông qua tăng cường tiếp xúc, trao đổi đoàn các cấp, nhất là cấp cao và đẩy mạnh hợp tác về quốc phòng - an ninh, nâng cao hiệu quả các cơ chế hợp tác giữa hai nước.
Trong lĩnh vực kinh tế - thương mại - đầu tư, hai bên nhất trí đẩy mạnh hợp tác trên cơ sở phát huy tiềm năng, thế mạnh và yêu cầu phát triển của mỗi nước, trong đó có việc tạo điều kiện thuận lợi cho hàng hóa của nhau.
Thủ tướng Phạm Minh Chính khẳng định Việt Nam sẵn sàng tạo điều kiện để các tập đoàn lớn của Jordan hoạt động tại Việt Nam và đề nghị doanh nghiệp hai nước nghiên cứu khả năng hợp tác, đầu tư chung, nhất là trong các lĩnh vực phát triển hạ tầng, kinh tế xanh, kinh tế số, viễn thông, sản xuất, chế biến nông sản…, thúc đẩy kết nối hệ sinh thái khởi nghiệp và đổi mới sáng tạo giữa hai nước.
Về hợp tác nông nghiệp, Thủ tướng Phạm Minh Chính nhấn mạnh hai bên cần tìm kiếm các mô hình hợp tác mới để nâng cao tính hiệu quả, giảm thiểu chi phí sản xuất như triển khai các dự án xuất khẩu tại chỗ, cho biết đây là mô hình đã được Việt Nam triển khai thành công tại một số quốc gia. Thủ tướng Chính phủ đề nghị các bộ, ngành, doanh nghiệp hai bên cần sớm trao đổi cụ thể về hướng hợp tác này.
Bên cạnh đó, Thủ tướng cũng đề nghị phía Jordan tăng cường hỗ trợ Việt Nam phát triển ngành Halal. Quốc vương Jordan cho biết hai nước có thể triển khai các dự án hợp tác chung cũng như hợp tác ba bên nhằm nâng cao hiệu quả dự án.
Thủ tướng Phạm Minh Chính và Quốc vương Abdullah II Ibn Al Hussein cũng đã trao đổi các biện pháp nhằm thúc đẩy hợp tác trên các lĩnh vực giáo dục - đào tạo, giao lưu nhân dân, du lịch, y tế, hoàn thiện khuôn khổ pháp lý…
Quốc vương Jordan cho biết sẽ chỉ đạo các cơ quan hữu quan nghiên cứu, sớm cấp học bổng cho sinh viên Việt Nam học tiếng Ả rập theo đề nghị của Thủ tướng Phạm Minh Chính.
Hai nhà lãnh đạo thống nhất tiếp tục thúc đẩy phối hợp và ủng hộ lẫn nhau tại các diễn đàn đa phương quan trọng, đặc biệt là tại Liên Hiệp Quốc. Nhân dịp này, hai bên đã trao đổi các vấn đề quốc tế và khu vực cùng quan tâm, trong đó có vấn đề Biển Đông."
https://thanhnien.vn/nhat-tri-dua-quan-he-viet-nam-jordan-buoc-sang-mot-giai-doan-moi-185251112205336821.htm,Nhất trí đưa quan hệ Việt Nam - Jordan bước sang một giai đoạn mới,"Ngày 12.11, ngay sau lễ đón chính thức được tổ chức trọng thể tại Phủ Chủ tịch, Chủ tịch nước Lương Cường đã hội đàm với Quốc vương Jordan Abdullah II Ibn Al Hussein.","Đánh giá Việt Nam vàJordanchia sẻ nhiều điểm tương đồng về tinh thần quật cường, kiên trì đấu tranh vì độc lập và giải phóng dân tộc, Chủ tịch nước Lương Cường khẳng định Việt Nam coi trọng và mong muốn thúc đẩy mạnh mẽ, thực chất, hiệu quả mối quan hệ hợp tác nhiều mặt với Jordan.
Chủ tịch nước Lương Cường và Quốc vương Jordan Abdullah II Ibn Al Hussein
ẢNH: TUẤN MINH
Quốc vương Jordan Abdullah II Ibn Al Hussein khẳng định tài sản vô giá của hai nước là sự cần cù, sáng tạo của người dân, là chất lượng giáo dục cao cùng các nỗ lực phát triển khoa học, công nghệ, chuyển đổi số.
Trong bầu không khí cởi mở, chân thành, tin cậy và hiểu biết lẫn nhau, hai nhà lãnh đạo thống nhất nhận định quan hệ hợp tác song phương giữa Việt Nam và Jordan thời gian qua còn khiêm tốn, chưa tương xứng với tiềm năng và mong muốn của lãnh đạo cùng nhân dân hai nước; cùng nhất trí đưa quan hệ song phương bước sang một giai đoạn mới.
Trên cơ sở đó, Chủ tịch nước Lương Cường và Quốc vương Jordan Abdullah II Ibn Al Hussein thống nhất hai bên cần củng cố lòng tin chính trị thông qua các hoạt động trao đổi đoàn, đặc biệt là các đoàn cấp cao.
Hai bên cũng nhất trí cần triển khai hiệu quả Bản ghi nhớ hợp tác giữa hai Bộ Ngoại giao được ký kết trong chuyến thăm, nghiên cứu thúc đẩy sớm ký thỏa thuận thành lập các cơ chế hợp tác khác, sớm cử lãnh sự danh dự tại mỗi nước để thúc đẩy hợp tác.
Quốc vương Jordan đề nghị hai Bộ Ngoại giao làm đầu mối để trao đổi các biện pháp nhằm thúc đẩy hợp tác song phương, trong đó có việc hài hòa hóa các quy định của hai bên nhằm tạo hành lang pháp lý thuận lợi cho hợp tác trên các lĩnh vực khác nhau.
Trên cơ sở nền tảng lòng tin chính trị, hai nhà lãnh đạo nhất trí thúc đẩy hợp tác trên các lĩnh vực quan trọng khác, trong đó có quốc phòng, an ninh, chia sẻ thông tin, trao đổi chuyên gia, cán bộ giữa các cơ sở quốc phòng - an ninh nhằm nâng cao hiểu biết lẫn nhau và trao đổi kinh nghiệm trong các lĩnh vực hai bên cùng quan tâm.
Trong lĩnh vực kinh tế, hai nhà lãnh đạo nhất trí tạo điều kiện thuận lợi cho việc mở cửa thị trường cho các mặt hàng thế mạnh của nhau, đồng thời khuyến khích doanh nghiệp hai nước nghiên cứu khả năng hợp tác, đầu tư, đặc biệt trong các lĩnh vực phát triển hạ tầng, kinh tế xanh, kinh tế số, viễn thông, sản xuất, chế biến nông sản…, thúc đẩy kết nối hệ sinh thái khởi nghiệp và đổi mới sáng tạo giữa hai nước.
Quốc vương Jordan đề nghị hai nước nghiên cứu sớm mở đường bay thẳng trực tiếp, tạo điều kiện thuận lợi cho việc cấp thị thực nhập cảnh cho công dân hai bên.
Khẳng định thế mạnh về nông nghiệp của Việt Nam, Chủ tịch nước Lương Cường nhấn mạnh Việt Nam sẵn sàng tăng cường xuất khẩu các mặt hàng thế mạnh cho Jordan. Quốc vương Jordan bày tỏ sẵn sàng hỗ trợ Việt Nam phát triển ngành Halal thông qua hỗ trợ chia sẻ thông tin, kinh nghiệm về lĩnh vực Halal, vấn đề chứng chỉ Halal và mở cửa thị trường cho các sản phẩm Halal của Việt Nam.
Hai nhà lãnh đạo cũng trao đổi các biện pháp nhằm thúc đẩy hợp tác về y tế, là thế mạnh của Jordan, đặc biệt trong các lĩnh vực khám chữa bệnh từ xa, ứng dụng công nghệ vào y học…
Trong lĩnh vực giáo dục - đào tạo, hai bên nhất trí tăng cường trao đổi sinh viên, trao đổi học thuật, đặc biệt là trong các lĩnh vực mới nổi như khoa học - công nghệ, trí tuệ nhân tạo, chất bán dẫn, khẳng định đây là lĩnh vực rất tiềm năng nhằm mở ra các cơ hội cho thế hệ trẻ hai nước.
Về hợp tác tại các diễn đàn đa phương, hai bên nhất trí cần tiếp tục tham vấn và ủng hộ các ứng cử của nhau cũng như làm cầu nối thúc đẩy hợp tác giữa Liên đoàn Ả rập và ASEAN. Hai bên cũng trao đổi các vấn đề quốc tế và khu vực cùng quan tâm, trong đó có vấn đề Biển Đông.
Sau hội đàm giữa Chủ tịch nước Lương Cường và Quốc vương Abdullah II Ibn Al Hussein, Bộ trưởng Bộ Ngoại giao Lê Hoài Trung và Phó thủ tướng, Bộ trưởng Ngoại giao Jordan đã ký Bản ghi nhớ về hợp tác giữa hai Bộ Ngoại giao và Bản ghi nhớ về hợp tác giữa Học viện Ngoại giao Việt Nam và Học viện Ngoại giao Jordan.
"
https://thanhnien.vn/jordan-mong-muon-thuc-day-hop-tac-toan-dien-voi-viet-nam-185251112204639302.htm,Jordan mong muốn thúc đẩy hợp tác toàn diện với Việt Nam,"Chiều 12.11, Tổng Bí thư Tô Lâm đã hội kiến Quốc vương Jordan Abdullah II Ibn Al-Hussein nhân dịp thăm chính thức Việt Nam.","Tổng Bí thư Tô Lâmkhẳng định Việt Nam vàJordancó rất nhiều tiềm năng để thúc đẩy hơn nữa hiệu quả hợp tác không chỉ vì lợi ích của nhân dân hai nước mà còn vì lợi ích của khu vực ASEAN và Trung Đông. Việt Nam rất coi trọng việc củng cố quan hệ với các quốc gia Trung Đông, trong đó có Jordan, quốc gia có vị thế rất quan trọng tại khu vực.
Tổng Bí thư Tô Lâm và Quốc vương Jordan Abdullah II Ibn Al-Hussein
ẢNH: TUẤN MINH
Tổng Bí thư Tô Lâm cho rằng, với những điểm tương đồng trong chính sách hòa bình, độc lập, tự chủ, hợp tác cùng phát triển, Việt Nam và Jordan sẽ trở thành đối tác tin cậy của nhau ở hai khu vực, phát huy các thế mạnh của nhau để cùng bứt phá vươn lên trong sự nghiệp phát triển, vì lợi ích của nhân dân hai nước.
Tổng Bí thư Tô Lâm cũng hoan nghênh việc Jordan cử đoàn doanh nghiệp quy mô lớn tháp tùng Quốc vương trong chuyến thăm lần này, góp phần nâng cao hiệu quả thực chất của chuyến thăm.
Quốc vương Abdullah II Ibn Al-Hussein khẳng định rất coi trọng chuyến thăm Việt Nam, nhất trí với nhận định của Tổng Bí thư Tô Lâm về tầm quan trọng của giai đoạn hiện nay đối với quá trình phát triển của hai đất nước, hai dân tộc. Quốc vương Jordan bày tỏ chia sẻ trước các mất mát to lớn mà nhân dân Việt Nam phải gánh chịu qua các đợt thiên tai vừa qua.
Thông tin với Tổng Bí thư Tô Lâm về những kết quả cụ thể, thực chất trong buổi hội đàm với Chủ tịch nước Lương Cường, Quốc vương Abdullah II Ibn Al-Hussein khẳng định Jordan mong muốn thúc đẩy hợp tác toàn diện với Việt Nam, trong đó đặc biệt là hợp tác giữa khu vực tư nhân hai bên.
Quốc vương Abdullah II Ibn Al-Hussein mong muốn hai bên củng cố hơn nữa lòng tin chính trị, mở rộng hợp tác về quốc phòng - an ninh, chia sẻ kinh nghiệm và học hỏi lẫn nhau về khoa học - công nghệ, đẩy mạnh các hoạt động giao lưu nhân dân nhằm nâng cao hơn nữa hiểu biết giữa hai dân tộc. Nhân dịp này, Quốc vương Jordan mờiViệt Nam tham dự Hội nghị quốc tế về bảo đảm an ninh lương thực mà Jordan sắp tổ chức.
Về các định hướng lớn cho quan hệ hợp tác song phương giữa Việt Nam và Jordan trong thời gian tới, Tổng Bí thư Tô Lâm và Quốc vương Abdullah II Ibn Al-Hussein thống nhất trong bối cảnh tình hình thế giới và khu vực đang diễn biến phức tạp, Việt Nam và Jordan cần thúc đẩy hợp tác nhằm ứng phó với các thách thức mới.
Hai nhà lãnh đạo cũng thống nhất một số biện pháp cụ thể cần triển khai trong thời gian tới như chính trị - ngoại giao, quốc phòng - an ninh, đẩy mạnh và tạo đột phá về hợp tác kinh tế, thương mại, đầu tư, đặc biệt trong các lĩnh vực nông nghiệp, y tế và thiết bị y tế, dược phẩm, năng lượng, du lịch…; thúc đẩy hợp tác và ủng hộ lẫn nhau trên các diễn đàn."
https://thanhnien.vn/phat-huy-suc-manh-dai-doan-ket-toan-dan-toc-de-phat-trien-dat-nuoc-185251112183349727.htm,Phát huy sức mạnh đại đoàn kết toàn dân tộc để phát triển đất nước,"Nhân dịp kỷ niệm 95 năm Ngày thành lập Mặt trận Dân tộc thống nhất Việt Nam - Ngày truyền thống Mặt trận Tổ quốc Việt Nam (18.11.1930 - 18.11.2025), Tổng Bí thư Tô Lâm đã có bài viết với tiêu đề 'Phát huy sức mạnh đại đoàn kết toàn dân tộc để phát triển đất nước'. Báo Thanh Niên trân trọng giới thiệu toàn văn bài viết của Tổng Bí thư Tô Lâm.","Cách đây 95 năm, dưới sự chủ trì của Đảng, Hội Phản đế Đồng minh được thành lập vào ngày 18.11.1930, trở thành tổ chức đầu tiên của Mặt trận Dân tộc thống nhất Việt Nam. Trong suốt tiến trình đấu tranh giải phóng dân tộc và xây dựng đất nước, với nhiều tên gọi và hình thức khác nhau, Mặt trận Dân tộc thống nhất luôn hoàn thành sứ mệnh tập hợp, đoàn kết mọi tầng lớp nhân dân Việt Nam. Dù ở bất cứ giai đoạn nào, nguyên tắc cốt lõi của Mặt trận vẫn làđoàn kết toàn dânvì mục tiêu chung: độc lập dân tộc và phồn vinh, hạnh phúc của nhân dân.
Tổng Bí thư Tô Lâm
ẢNH: VGP
Chủ tịch Hồ Chí Minh đã tiếp thu những tinh hoa của dân tộc, của thế giới về đại đoàn kết, khởi xướng và rèn luyện khối đại đoàn kết toàn dân tộc khi chúng ta có chính quyền của nhân dân. Tư tưởng của Người đã được Đảng ta kế thừa và phát triển trong mọi giai đoạn lịch sử. Đảng luôn xác định đại đoàn kết toàn dân tộc là đường lối chiến lược, là truyền thống vô cùng quý báu, là cội nguồn sức mạnh của dân tộc, của cách mạng, là nhân tố quyết định mọi thắng lợi của sự nghiệp xây dựng, bảo vệ và phát triển đất nước. ""Đoàn kết, đoàn kết, đại đoàn kết - Thành công, thành công, đại thành công"" đã trở thành chân lý, thành lẽ sống của chúng ta.
Trong các cuộc kháng chiến trường kỳ gian khổ, chính sức mạnh đại đoàn kết toàn dân tộc đã kết tụ nên những thắng lợi vĩ đại. Từ Cách mạng Tháng Tám 1945 đến Chiến thắng Điện Biên Phủ 1954, từ Đại thắng Mùa Xuân 1975 đến công cuộc Đổi mới, mỗi bước ngoặt lịch sử đều in đậm dấu ấn của sự đồng lòng, chung sức của toàn dân tộc dưới sự lãnh đạo của Đảng. Nhờ phát huy tinh thần ""Đại đoàn kết toàn dân tộc"", hàng triệu triệu người con đất Việt thuộc các giai cấp, tôn giáo, dân tộc khác nhau đã hội tụ dưới lá cờ của Đảng, chiến đấu hy sinh cho độc lập, tự do và thống nhất đất nước.
Ngày nay, bài học lớn về đại đoàn kết dân tộc vẫn giữ nguyên giá trị thời sự. Nhìn ra thế giới, chúng ta càng thấm thía giá trị của một dân tộc ""trên dưới một lòng"", ""tướng sĩ một lòng phụ tử/hòa nước sông chén rượu ngọt ngào"", ""bầu ơi thương lấy bí cùng/tuy rằng khác giống nhưng chung một giàn""... cùng sống hòa thuận, yên bình trên đất nước Rồng - Tiên trong khi nhiều quốc gia đang phải đối mặt với chia rẽ xã hội, xung đột sắc tộc, tôn giáo và bất ổn chính trị kéo dài. Chiến tranh, bạo lực và mâu thuẫn phe phái diễn ra ở không ít nơi, thậm chí có nơi xung đột đã đẩy người dân vào cảnh ly tán, đói nghèo cùng cực. Bức tranh địa chính trị toàn cầu được dự báo tiếp tục đầy bất ổn và khó lường. Trong bối cảnh đó, Việt Nam nổi lên như một điểm sáng với môi trường chính trị - xã hội ổn định, nhân dân một lòng đoàn kết, đồng thuận hướng về mục tiêu chung xây dựng và phát triển đất nước.
Tổng Bí thư Tô Lâm, Chủ tịch Quốc hội Trần Thanh Mẫn cùng dự Ngày hội Đại đoàn kết toàn dân tộc với cán bộ, nhân dân Hà Nội
ẢNH: QUANG VINH
Một minh chứng tiêu biểu gần đây về tinh thần đoàn kết, dân chủ trong xã hội ta là đợt sinh hoạt chính trị góp ý các dự thảo văn kiện trình Đại hội XIV của Đảng. Lần đầu tiên, việc lấy ý kiến nhân dân vào văn kiện Đại hội Đảng được triển khai rộng rãi, ứng dụng công nghệ số để mọi người dân trong và ngoài nước đều có thể tham gia dễ dàng. Qua ứng dụng VNeID trên điện thoại thông minh và cổng thông tin trực tuyến, nhiều triệu người dân đã gửi ý kiến tâm huyết đóng góp cho Đảng. Đến nay, đã có gần 3 triệu lượt ý kiến góp ý được gửi qua nhiều hình thức khác nhau (trong đó có hơn 2 triệu góp ý qua nền tảng VNeID...). Đây là số lượng ý kiến đóng góp lớn nhất trong các kỳ đại hội Đảng từ trước đến nay, thể hiện rõ tinh thần dân chủ, sự đồng thuận và ý thức trách nhiệm chính trị của nhân dân ta đối với những quyết sách trọng đại của đất nước. Tiếng nói của nhân dân - xuất phát từ cơ sở thực tiễn cuộc sống - sẽ là những đóng góp quý báu, giúp Đảng ta hoàn thiện đường lối, phản ánh đúng ý chí và nguyện vọng của nhân dân trong Văn kiện Đại hội đại biểu toàn quốc lần thứ XIV của Đảng sắp tới.
Một điển hình khác là từ đầu năm 2025 đến nay, nhiều tỉnh thành trong cả nước, đặc biệt là khu vực miền Bắc và miền Trung - Tây nguyên, đã hứng chịu những đợt thiên tai dồn dập, mưa lũ liên tiếp gây thiệt hại đặc biệt nghiêm trọng về người và của. Trước tình hình đó, dưới sự chỉ đạo sát sao của Đảng và Nhà nước, các lực lượng như quân đội, công an, y tế, dân quân đã nhanh chóng vào cuộc cứu dân, tổ chức sơ tán khẩn cấp và hỗ trợ tái thiết cuộc sống sau lũ. Đồng thời, nhân dân cả nước, cũng đồng lòng chung tay, phát huy mạnh mẽ truyền thống ""tương thân tương ái"", ""lá lành đùm lá rách"", ""thương người như thể thương thân"" của dân tộc. Từ các cơ quan, đoàn thể, doanh nghiệp đến những nhóm thiện nguyện tự phát và đội ngũ thanh niên tình nguyện, các nguồn lực đều được huy động, quyên góp nhằm sẻ chia, ủng hộ đồng bào vùng lũ vượt qua khó khăn.
Không chỉ đoàn kết trên phạm vi quốc gia, người Việt Nam ở trong và ngoài nước cũng ngày càng gắn bó chặt chẽ. Kiều bào ta tại nhiều quốc gia luôn hướng về Tổ quốc, đóng góp cả trí lực và tài lực cho quê hương bằng nhiều cách khác nhau. Những đợt quyên góp ""Vì biển, đảo Việt Nam"", những chương trình kết nối doanh nhân kiều bào đầu tư về nước, hay những lớp học dạy tiếng Việt miễn phí do cộng đồng người Việt ở nước ngoài tổ chức… tất cả đều xuất phát từ tấm lòng luôn hướng về cội nguồn, từ tinh thần đại đoàn kết của con Lạc cháu Hồng dù ở bất cứ nơi đâu. Có thể khẳng định, chưa bao giờ khối đại đoàn kết toàn dân tộc của chúng ta, bao gồm cả đồng bào trong nước và hơn 5 triệu người Việt Nam ở nước ngoài, lại được củng cố vững chắc như hiện nay. Đây là nguồn sức mạnh nội sinh to lớn, là điểm tựa để đất nước vượt qua mọi thách thức, vững bước tiến lên trên con đường đổi mới và hội nhập.
Thời gian tới, để tiếp tục củng cố khối đại đoàn kết toàn dân tộc, trước hết phải tăng cường đoàn kết trong Đảng và khối đại đoàn kết toàn dân tộc dưới sự lãnh đạo của Đảng. Hơn bao giờ hết, cần đặt ưu tiên hàng đầu cho việc củng cố và phát huy sức mạnh đại đoàn kết, xem đó là nhân tố then chốt đưa đất nước bước vào kỷ nguyên phát triển mới. Điều này đòi hỏi mỗi cán bộ, đảng viên phải thật sự nêu gương, ""nói đi đôi với làm"", đặt lợi ích quốc gia - dân tộc và nhân dân lên trên hết, trước hết; kiên quyết đấu tranh làm thất bại mọi âm mưu, phương thức, thủ đoạn hoạt động của các thế lực thù địch hòng chia rẽ khối đoàn kết của chúng ta.
Đồng thời, phải không ngừng nâng cao đời sống vật chất, tinh thần và bảo vệ quyền lợi chính đáng của nhân dân. Đây vừa là mục tiêu, vừa là động lực củng cố khối đại đoàn kết. Đảng xác định nhân dân là trung tâm; lấy hạnh phúc, ấm no của nhân dân làm mục tiêu phấn đấu. Cần đặc biệt chăm lo người dân trong diện dễ bị tổn thương và vùng khó khăn: đồng bào dân tộc thiểu số, người dân ở vùng sâu, vùng xa, biên giới, hải đảo, vùng căn cứ cách mạng cũ, vùng thường xuyên chịu thiên tai… Tiếp tục thực hiện hiệu quả các chương trình xóa đói giảm nghèo bền vững, chính sách an sinh xã hội, không để ai bị bỏ lại phía sau. Khi dân giàu, nước mạnh, dân chủ, công bằng, văn minh, khi mọi người dân đều được hưởng thành quả phát triển công bằng, thì khối đại đoàn kết càng bền chặt, không thế lực nào kích động chia rẽ được.
""Mỗi người dân Việt Nam, dù khác biệt về vùng miền, dân tộc, tôn giáo hay nghề nghiệp, đều cùng chung một quyết tâm: đoàn kết vì tương lai phồn vinh của đất nước""
ẢNH: VGP
Cùng với đó, cần đổi mới mạnh mẽ nội dung, phương thức hoạt động của Mặt trận Tổ quốc và các đoàn thể, hướng về cơ sở và lấy người dân làm trung tâm phục vụ. Mặt trận cần làm tốt hơn nữa vai trò nòng cốt trong việc tập hợp, đoàn kết các giai tầng xã hội, các cá nhân tiêu biểu… tất cả cùng hướng tới mục tiêu chung vì một Việt Nam hùng cường, thịnh vượng. Mặt trận Tổ quốc phải trở thành diễn đàn rộng rãi để mọi tầng lớp nhân dân, đồng bào các dân tộc, tôn giáo, kiều bào ở nước ngoài… có thể gặp gỡ, trao đổi, bày tỏ ý kiến, nguyện vọng một cách dân chủ, cởi mở. Đồng thời, cần chú trọng phát huy vai trò của các nhân sĩ, trí thức, chuyên gia, người có uy tín trong xã hội và cộng đồng người Việt Nam ở nước ngoài trong việc hiến kế xây dựng đất nước.
Mặt khác, đại đoàn kết không chỉ giới hạn trong phạm vi quốc gia mà cần được mở rộng ra tầm quốc tế. Qua đó, Việt Nam tranh thủ được sự ủng hộ của bạn bè thế giới, tạo môi trường thuận lợi cho sự nghiệp xây dựng và bảo vệ Tổ quốc; đồng thời tăng cường đoàn kết giữa nhân dân Việt Nam với nhân dân các nước, nhất là với các lực lượng yêu chuộng hòa bình và tiến bộ trên thế giới. Một nước Việt Nam ổn định, hòa hợp, giàu lòng nhân ái chắc chắn sẽ có những đóng góp quan trọng cho hòa bình, hợp tác và phát triển chung của nhân loại.
Lịch sử 95 năm xây dựng và phát huy sức mạnh đại đoàn kết toàn dân tộc là một hành trình vẻ vang, để lại nhiều bài học sâu sắc. Nhờ đoàn kết mà dân tộc ta đã làm nên những điều tưởng chừng không thể, từ chiến thắng trong các cuộc chiến tranh giải phóng dân tộc vĩ đại, bảo vệ vững chắc độc lập, chủ quyền, toàn vẹn lãnh thổ đến vươn mình thoát khỏi nghèo nàn, lạc hậu. Ngày nay, trước thời cơ và thách thức đan xen, càng phải củng cố khối đại đoàn kết như giữ gìn con ngươi của mắt mình. Mỗi người dân Việt Nam, dù khác biệt về vùng miền, dân tộc, tôn giáo hay nghề nghiệp, đều cùng chung một quyết tâm: đoàn kết vì tương lai phồn vinh của đất nước. Đó chính là cội nguồn của ý chí, niềm tin và sức mạnh để hiện thực hóa mục tiêu xây dựng nước Việt Nam hùng cường, thịnh vượng, nhân dân hạnh phúc. Việt Nam chúng ta với dân tộc anh hùng, nhân dân đoàn kết, cần cù, sáng tạo, chắc chắn sẽ lập nên những kỳ tích phát triển mới, có vị thế xứng đáng, sánh vai với bạn bè khắp năm châu."
https://thanhnien.vn/dai-tuong-phan-van-giang-tay-ninh-phai-bao-ve-vung-chac-bien-gioi-quoc-gia-185251112161313362.htm,"Đại tướng Phan Văn Giang: Tây Ninh phát huy vị trí chiến lược, kết hợp phát triển kinh tế","Đại tướng Phan Văn Giang, Bộ trưởng Bộ Quốc phòng yêu cầu tỉnh Tây Ninh tiếp tục phát huy tiềm lực kinh tế, chăm lo đời sống người dân vùng sâu, vùng xa, giữ vững chủ quyền biên giới và xây dựng nền quốc phòng toàn dân vững mạnh.","Chiều 12.11,đại tướng Phan Văn Giang, Ủy viên Bộ Chính trị, Phó bí thư Quân ủy Trung ương, Bộ trưởng Bộ Quốc phòng dẫn đầu đoàn công tác Bộ Quốc phòng làm việc với Ban Thường vụ Tỉnh ủy Tây Ninh về tình hình phát triển kinh tế - xã hội, quốc phòng, an ninh và đối ngoại nhân dân trên địa bàn.
Đại tướng Phan Văn Giang làm việc với Ban Thường vụ Tỉnh ủy Tây Ninh
ẢNH: LÊ TIẾN
Tại buổi làm việc, đại diện Thường trực Tỉnh ủy Tây Ninh báo cáo kết quả tình hình phát triển kinh tế - xã hội, quốc phòng, an ninh và đối ngoại nhân dân thời gian qua.
Trong 9 tháng đầu năm 2025, kinh tế Tây Ninh đạt tốc độ tăng trưởng 9,52%, đứng thứ 8/34 tỉnh, thành cả nước, đứng thứ 10 vùng Đông Nam bộ; thu ngân sách gần 44.000 tỉ đồng, tăng 38% so với cùng kỳ năm 2024; thu hút hơn 832 triệu USD vốn FDI.
Lĩnh vực văn hóa, xã hội đạt nhiều kết quả tích cực. Đời sống người dân được nâng cao. Tỉnh chú trọng xây dựng Đảng, hệ thống chính trị trong sạch, vững mạnh, đẩy mạnh công tác kiểm tra, giám sát, phòng chống tham nhũng, tiêu cực, xử lý nghiêm các trường hợp vi phạm.
Hoạt động của MTTQ và các tổ chức chính trị - xã hội có nhiều đổi mới, hướng về cơ sở, vùng sâu, vùng xa, khu vực biên giới, góp phần củng cố khối đại đoàn kết toàn dân. Công tác bảo đảm an sinh xã hội, sắp xếp tổ chức bộ máy và chính sách đối với cán bộ, công chức, viên chức được thực hiện kịp thời, hiệu quả.
Trong lĩnh vực quốc phòng, an ninh, cấp ủy, chính quyền và lực lượng vũ trangtỉnh Tây Ninhthường xuyên nắm chắc tình hình, chủ động xử lý hiệu quả các vấn đề phát sinh, không để bị động bất ngờ. Tỉnh quan tâm xây dựng nền quốc phòng toàn dân, thế trận an ninh nhân dân, biên giới vững mạnh, kết hợp phát triển kinh tế - xã hội với tăng cường tiềm lực quốc phòng, an ninh.
Công tác phối hợp với Bộ Quốc phòng trong quản lý, bảo vệ biên giới, đấu tranh phòng chống tội phạm, buôn lậu đạt kết quả tích cực. Tỉnh cũng làm tốt công tác chuẩn bị tổ chức giao lưu hữu nghị Quốc phòng biên giới Việt Nam - Campuchia lần thứ 2.
Phát biểu tại buổi làm việc,đại tướng Phan Văn Giangghi nhận, biểu dương kết quả mà Đảng bộ, chính quyền, lực lượng vũ trang và người dân Tây Ninh đạt được thời gian qua trên các lĩnh vực kinh tế - xã hội, quốc phòng, an ninh và đối ngoại nhân dân.
Thỏa thuận hợp tác chiến lược giai đoạn 2026 - 2030 giữa Tập đoàn Viettel và UBND tỉnh Tây Ninh
ẢNH: LÊ TIẾN
Bộ trưởng Bộ Quốc phòng đề nghị Tỉnh ủy Tây Ninh tiếp tục tập trung lãnh đạo, chỉ đạo thực hiện tốt một số nhiệm vụ trọng tâm như: quán triệt, thực hiện nghiêm các nghị quyết, chỉ thị của Đảng, Nhà nước và Quân ủy Trung ương. Nâng cao tinh thần cảnh giác cách mạng, chủ động đấu tranh làm thất bại âm mưu, hoạt động ""diễn biến hòa bình"" của các thế lực thù địch.
Đồng thời, tỉnh cần phát triển các ngành kinh tế mũi nhọn, bảo đảm kinh tế bền vững; tập trung đầu tư hạ tầng giao thông, phát triển các khu kinh tế cửa khẩu; quan tâm hơn nữa đến đời sống đồng bào dân tộc, tôn giáo, vùng sâu, vùng xa; giải quyết tốt các vấn đề xã hội, giữ vững an ninh chính trị, trật tự an toàn xã hội.
Bộ trưởng Phan Văn Giang nhấn mạnh: ""Trong bất luận hoàn cảnh nào, Tây Ninh phải quyết tâm giữ dân, giữ đất, bảo vệ vững chắc chủ quyền biên giới quốc gia. Coi trọng tăng cường tiềm lực quốc phòng, an ninh, tập trung xây dựng nền quốc phòng toàn dân, thế trận quốc phòng toàn dân gắn với nền an ninh nhân dân, thế trận an ninh nhân dân vững chắc"".
Quân ủy Trung ương Bộ Quốc phòng tặng tỉnh Tây Ninh công trình cầu an sinh xã hội
ẢNH: LÊ TIẾN
Cũng tại buổi làm việc, Bộ trưởng Bộ Quốc phòng đã giải đáp những đề xuất, kiến nghị của Tỉnh ủy Tây Ninh liên quan đến công tác quân sự, quốc phòng; cơ chế, chính sách; đầu tư xây dựng, trang thiết bị cho lực lượng vũ trang.
Dịp này, Bộ trưởng Bộ Quốc phòng Phan Văn Giang chứng kiến thỏa thuận hợp tác chiến lược giai đoạn 2026 - 2030 giữa Tập đoàn Viettel và UBND tỉnh Tây Ninh. Đồng thời, Quân ủy Trung ương - Bộ Quốc phòng cũng tặng tỉnh Tây Ninh công trình cầu an sinh xã hội trị giá 30 tỉ đồng."
https://thanhnien.vn/chu-tich-nuoc-luong-cuong-chu-tri-le-don-quoc-vuong-jordan-tham-chinh-thuc-viet-nam-185251112150121036.htm,Chủ tịch nước Lương Cường chủ trì lễ đón Quốc vương Jordan thăm chính thức Việt Nam,"Chiều 12.11, tại Phủ Chủ tịch, Chủ tịch nước Lương Cường đã chủ trì Lễ đón chính thức Quốc vương Jordan Abdullah II Ibn Al Hussein thăm chính thức Việt Nam.","Nhận lời mời củaChủ tịch nước Lương Cường, Quốc vương Jordan Abdullah II Ibn Al Hussein đã đến thủ đô Hà Nội, bắt đầu chuyến thăm chính thức Việt Nam ngày 12 - 13.11.
Tham dự lễ đón có Bộ trưởng Bộ Ngoại giao Lê Hoài Trung; Chủ nhiệm Văn phòng Chủ tịch nước Lê Khánh Hải; Bộ trưởng Bộ Y tế Đào Hồng Lan; Thứ trưởng Bộ Quốc phòng, thượng tướng Võ Minh Lương; Đại sứ Việt Nam tại UAE kiêm nhiệm Jordan Nguyễn Thanh Diệp; Thứ trưởng Bộ Công an, trung tướng Đặng Hồng Đức; Thứ trưởng Bộ Nông nghiệp và Môi trường Trần Thanh Nam; Thứ trưởng Bộ Công thương Trương Thanh Hoài; Trợ lý Chủ tịch nước Dương Quốc Hưng.
Đây là chuyến thăm đầu tiên của người đứng đầu Vương quốc Jordan đến Việt Nam và là trao đổi đoàn cấp người đứng đầu Nhà nước, Chính phủ đầu tiên giữa hai nước kể từ khi thiết lập quan hệ ngoại giao. Chuyến thăm diễn ra trong bối cảnh hai nước kỷ niệm 45 năm thiết lập quan hệ ngoại giao (9.8.1980 - 9.8.2025), góp phần mở ra giai đoạn hợp tác mới.
Sau lễ đón, Chủ tịch nước Lương Cường và Quốc vương Abdullah II Ibn Al Hussein dẫn đầu đoàn cấp cao hai nước tiến hành hội đàm, đánh giá kết quả hợp tác giữa hai nước thời gian qua và đề xuất các phương hướng hợp tác thời gian tới.
Chủ tịch nước Lương Cường và Quốc vương Jordan chụp ảnh cùng các cháu thiếu nhi
ẢNH: TUẤN MINH
Chủ tịch nước Lương Cường và Quốc vương Jordan trên bục danh dự, quân nhạc cử quốc thiều hai nước
ẢNH: TUẤN MINH
Chủ tịch nước Lương Cường và Quốc vương Jordan Abdullah II Ibn Al Hussein duyệt Đội danh dự Quân đội nhân dân Việt Nam
ẢNH: TUẤN MINH
Sau lễ đón, Chủ tịch nước Lương Cường và Quốc vương Abdullah II Ibn Al Hussein dẫn đầu đoàn cấp cao hai nước tiến hành hội đàm
ẢNH: TUẤN MINH
Toàn cảnh cuộc hội đàm
ẢNH: TUẤN MINH
Chủ tịch nước Lương Cường tại cuộc hội đàm
ẢNH: TUẤN MINH
Quốc vương Jordan Abdullah II Ibn Al Hussein tại cuộc hội đàm
ẢNH: TUẤN MINH
"
https://thanhnien.vn/ong-tran-huy-tuan-duoc-gioi-thieu-bau-lam-chu-tich-tinh-ninh-binh-185251112135036591.htm,Ông Trần Huy Tuấn được giới thiệu bầu làm Chủ tịch tỉnh Ninh Bình,"Ông Trần Huy Tuấn, Phó bí thư Tỉnh ủy, Chủ tịch UBND tỉnh Lào Cai, đã được điều động, chỉ định làm Phó bí thư Tỉnh ủy, đồng thời được giới thiệu để bầu làm Chủ tịch UBND tỉnh Ninh Bình thay ông Phạm Quang Ngọc vừa được điều động, chỉ định làm Phó bí thư Tỉnh ủy Hưng Yên.","Ngày 12.11, Tỉnh ủy Ninh Bình tổ chức hội nghị về công tác cán bộ. Tại hội nghị, đại diện Ban Tổ chức T.Ư đã công bố quyết định củaBan Bí thưT.Ư Đảng về việc cho ông Trần Huy Tuấn, Phó bí thư Tỉnh ủy, Chủ tịch UBND tỉnh Lào Cai, thôi tham gia Ban Chấp hành, Ban Thường vụ Tỉnh ủy, thôi giữ chức vụ Phó bí thư Tỉnh ủy Lào Cai, để điều động, chỉ định tham gia Ban Chấp hành, Ban Thường vụ Tỉnh ủy, giữ chức vụ Phó bí thư Tỉnh ủy Ninh Bình và giới thiệu để bầu giữ chức vụ Chủ tịch UBND tỉnh Ninh Bình nhiệm kỳ 2021 - 2026.
Lãnh đạo tỉnh Ninh Bình tặng hoa chúc mừng ông Trần Huy Tuấn (bìa trái)
ẢNH: PHÚC NGƯ
Trước đó, ông Phạm Quang Ngọc, Phó bí thư Tỉnh ủy,Chủ tịch UBND tỉnh Ninh Bình, đã được điều động, chỉ định giữ chức Phó bí thư Tỉnh ủy Hưng Yên. HĐND tỉnh Hưng Yên cũng đã tổ chức kỳ họp thứ 33 (ngày 12.11) bầu ông Ngọc giữ chức Chủ tịch UBND tỉnh Hưng Yên nhiệm kỳ 2021 - 2026.
Tại hội nghị hôm nay, phát biểu nhận nhiệm vụ, ông Trần Huy Tuấn gửi lời cảm ơn Bộ Chính trị, Ban Bí thư, Ban Tổ chức T.Ư đã quan tâm, tin tưởng giao trọng trách mới đối với ông.
Tân Phó bí thư Tỉnh ủy Ninh Bình hứa sẽ luôn giữ vững bản lĩnh chính trị, phẩm chất đạo đức, tinh thần gương mẫu, đặt lợi ích của Đảng, của nhân dân lên trên hết, trước hết. Không ngừng học tập, tu dưỡng, rèn luyện; duy trì phong cách làm việc sâu sát, thực chất, hiệu quả, giữ mối liên hệ mật thiết với nhân dân - gần dân, trọng dân, hiểu dân, học dân, bám sát thực tiễn, hướng mạnh về cơ sở.
Ông Trần Huy Tuấn, Phó bí thư Tỉnh ủy Ninh Bình, phát biểu nhận nhiệm vụ
ẢNH: PHÚC NGƯ
Đồng thời, phát huy tinh thần đoàn kết, sáng tạo, đem hết sức lực, trí tuệ, tâm huyết vàkhát vọng cống hiến; đồng tâm - đồng chí - đồng thuận - đồng hành cùng tập thể Ban Chấp hành Đảng bộ tỉnh Ninh Bình để xây dựng Đảng và hệ thống chính trị trong sạch, vững mạnh…
Ông Trần Huy Tuấn sinh năm 1974, quê quán tỉnh Lào Cai; có trình độ lý luận chính trị cao cấp; trình độ chuyên môn kỹ sư thủy lợi, cử nhân kinh tế chính trị, thạc sĩ chuyên ngành kinh tế tài nguyên thiên nhiên và môi trường.
Quá trình công tác, ông Tuấn từng giữ các chức vụ: Phó giám đốc Sở NN-PTNT tỉnh Yên Bái cũ; Phó chánh văn phòng, Chánh văn phòng UBND tỉnh Yên Bái cũ; Trưởng ban Tổ chức Tỉnh ủy; Phó bí thư Tỉnh ủy, Chủ tịch UBND tỉnh Yên Bái cũ.
Ngày 24.6, ông Tuấn được chỉ định giữ chức Phó bí thư Tỉnh ủy, Chủ tịch UBND tỉnh Lào Cai (sau hợp nhất)."
https://thanhnien.vn/tong-bi-thu-to-lam-xuat-khau-cong-nghe-nong-nghiep-de-thu-ve-ngoai-te-185251112124320552.htm,Tổng Bí thư Tô Lâm: Xuất khẩu công nghệ nông nghiệp để thu về ngoại tệ,"Tổng Bí thư Tô Lâm định hướng ngành nông nghiệp và môi trường tiếp tục tái cơ cấu theo hướng sinh thái, giá trị gia tăng xuất khẩu công nghệ nông nghiệp để mang ngoại tệ về cho quốc gia.","Ngày 12.11, tại Hà Nội, Bộ Nông nghiệp và Môi trường tổ chức lễ kỷ niệm 80 nămNgành Nông nghiệpvà Môi trường (1945 - 2025) và Đại hội Thi đua yêu nước lần thứ I.Tổng Bí thư Tô Lâm, Thủ tướng Chính phủ Phạm Minh Chính cùng các lãnh đạo, nguyên lãnh đạo Đảng, Nhà nước và các bộ, ngành, địa phương tới dự.
Tổng Bí thư Tô Lâm phát biểu chỉ đạo tại lễ kỷ niệm 80 năm Ngành Nông nghiệp và Môi trường
ẢNH: TRUNG TÙNG
Phát biểu tại buổi lễ, Tổng Bí thư Tô Lâm nhấn mạnh, Ngành Nông nghiệp và Môi trường quản lý nhiều nguồn tài nguyên sống còn của đất nước như: đất, nước, rừng, khoáng sản, không khí, đa dạng sinh học, môi trường sinh thái. Mỗi tấc đất, mỗi dòng sông, mỗi khu rừng, mỗi vùng biển không chỉ là không gian sinh tồn, phát triển sinh kế mà còn là thành tố của chủ quyền quốc gia. Vì vậy, phát triển nông nghiệp và bảo vệ môi trường không đơn thuần là phát triển kinh tế mà còn là nhiệm vụ chính trị, văn hóa, xã hội, an ninh, quốc phòng.
Trong 80 năm qua, Ngành Nông nghiệp và Môi trường đã đồng hành cùng dân tộc, trở thành trụ cột nền kinh tế và đến nay trở thành nhân tố quan trọng trong công cuộc chuyển mình quốc gia, đưa đất nước phát triển trong kỷ nguyên mới.
Chỉ đạo, định hướng phát triển ngành những năm tới, Tổng Bí thư Tô Lâm yêu cầu, khoa học, công nghệ, đổi mới sáng tạo phải được củng cố, dữ liệu phải trở thành động lực then chốt. Bộ Nông nghiệp và Môi trường tiếp tục triển khai hiệu quảNghị quyết 57về phát triển khoa học, công nghệ và đổi mới sáng tạo trong lĩnh vực nông nghiệp, môi trường; xây dựng hệ thống dữ liệu đồng bộ đất đai, tài nguyên, nước, rừng, khí tượng thủy văn, đa dạng dạng sinh học..., phát triển thành cơ sở dữ liệu của ngành, thống nhất trong toàn quốc.
""Đưa khoa học, công nghệ trở thành trung tâm trong sản xuất nông nghiệp từ giống cây trồng, vật nuôi, công nghệ sinh học, tự động hóa, truy xuất nguồn gốc, logistics... Khuyến khích mô hình nhà khoa học, doanh nghiệp, hợp tác xã, nông dân cùng tham chuỗi giá trị, khuyến nông gắn với đồng ruộng, gắn với người nông dân, cơ sở sản xuất, không dừng lại ở hô hào phong trào"", Tổng Bí thư Tô Lâm lưu ý.
Tổng Bí thư Tô Lâm yêu cầu Ngành Nông nghiệp và Môi trường tiếp tục tái cơ cấu ngành nông nghiệp theo hướng sinh thái, giá trị gia tăng, xuất khẩu công nghệ nông nghiệp. Theo Tổng Bí thư, chúng ta có đủ điều kiện để xuất khẩu kinh nghiệm, bài học ngành nông nghiệp ra nước ngoài để thu ngoại tệ cho quốc gia.
Cũng tại lễ kỷ niệm, điểm lại lịch sử 80 năm qua, Bộ trưởng Bộ Nông nghiệp và Môi trường Trần Đức Thắng cho biết, trong hai cuộc kháng chiến (giai đoạn 1945 - 1975), nông nghiệp vừa duy trì vừa sản xuất vừa chiến đấu, tạo nên kỳ tích ""thóc không thiếu một cân, quân không thiếu một người"".
Bộ trưởng Trần Đức Thắng điểm lại đóng góp của Ngành Nông nghiệp và Môi trường trong 80 năm qua
ẢNH: TRUNG TÙNG
Sau ngày thống nhất đất nước (năm 1975), trong điều kiện kinh tế vô cùng khó khăn, hạ tầng bị tàn phá, ngành nông nghiệp nhanh chóng khôi phục sản xuất, củng cố cơ sở vật chất kỹ thuật, phát triển hợp tác xã, nông - lâm trường quốc doanh, triển khai các chương trình khai hoang, thủy lợi, cải tạo đồng ruộng, trồng rừng. Đến cuối thập niên 1970, năng lực sản xuất lương thực cơ bản được phục hồi.
Bước vào công cuộc đổi mới năm 1986, nông nghiệp Việt Nam có bước phát triển vượt bậc, từ chỗ thiếu ăn, phải nhập khẩu lương thực, Việt Nam tự bảo đảm an ninh lương thực và trở thành một trong những quốc gia xuất khẩu nông sản hàng đầu thế giới. Các mặt hàng, như gạo, cà phê, hạt điều, hồ tiêu, thủy sản, rau quả… nằm trong nhóm 5 nước xuất khẩu lớn nhất toàn cầu, mang lại hàng chục tỉ USD mỗi năm.
""Nông nghiệp trở thành trụ đỡ của nền kinh tế, góp phần ổn định vĩ mô, bảo đảm an sinh xã hội và giảm nghèo bền vững. Trong 3 thập kỷ qua, giá trị xuất khẩu nông, lâm, thủy sản tăng gần 50 lần, đạt hơn 62,5 tỉ USD năm 2024, đưa Việt Nam vào top 15 quốc gia xuất khẩu nông sản lớn nhất thế giới"", Bộ trưởng Trần Đức Thắng nói.
Bộ trưởng Bộ Nông nghiệp và Môi trường nhấn mạnh, bước vào giai đoạn phát triển mới - kỷ nguyên vươn mình của dân tộc, ngành sẽ tập trung phát triển nông nghiệp sinh thái, kinh tế xanh và tuần hoàn; quản lý, sử dụng hiệu quả và bền vững tài nguyên quốc gia, khai thác tiết kiệm đất, nước, rừng, khoáng sản, biển phục vụ phát triển lâu dài.
Ngành Nông nghiệp và Môi trường sẽ thúc đẩy khoa học, công nghệ và chuyển đổi số làm động lực bứt phá; ứng dụng trí tuệ nhân tạo, dữ liệu lớn, cảm biến, chuỗi khối trong giám sát tài nguyên và nông nghiệp thông minh; đẩy mạnh nghiên cứu giống cây, con thích ứng khí hậu; hỗ trợ khởi nghiệp và hệ sinh thái đổi mới sáng tạo ở nông thôn.
Tại buổi lễ, Tổng Bí thư Tô Lâm đã trao Huân chương Lao động hạng nhất cho Bộ Nông nghiệp và Môi trường."
https://thanhnien.vn/ong-pham-quang-ngoc-lam-chu-tich-tinh-hung-yen-18525111211021641.htm,Ông Phạm Quang Ngọc làm Chủ tịch tỉnh Hưng Yên,"Tại kỳ họp thứ 33 khóa XVII, nhiệm kỳ 2021 - 2026, HĐND tỉnh Hưng Yên đã bầu ông Phạm Quang Ngọc, Phó bí thư Tỉnh ủy Hưng Yên, làm Chủ tịch UBND tỉnh Hưng Yên nhiệm kỳ 2021 - 2026.","Sáng 12.11, HĐND tỉnhHưng YênkhóaXVII, nhiệm kỳ 2021 - 2026 tổ chức kỳ họp thứ 33 đểxem xét, quyết định nhiều nội dung quan trọng.
Trong đó, HĐND tỉnh Hưng Yên thực hiện quy trình miễn nhiệm Chủ tịch UBND tỉnh và bầu Chủ tịch UBND tỉnh nhiệm kỳ 2021 - 2026. Đồng thời, quyết định nhiều chính sách, cơ chế tạo nền tảng pháp lý phục vụ công tác quản lý, điều hành phát triểnkinh tế- xã hội của tỉnh trong giai đoạn chuyển tiếp từ năm 2025 sang năm 2026 - năm đầu thực hiện mô hình chính quyền địa phương 2 cấp.
Ông Phạm Quang Ngọc, tân Chủ tịch UBND tỉnh Hưng Yên
ẢNH: TÙNG ANH
Tại kỳ họp, các đại biểu HĐND tỉnh Hưng Yên đã biểu quyết thông qua việc miễn nhiệm Chủ tịch UBND tỉnh Hưng Yên nhiệm kỳ 2021 - 2026 với ông Nguyễn Khắc Thận (do chuyển công tác làm Bí thư Tỉnh ủy Nghệ An).
Ông Phạm Quang Ngọc, Phó bí thư Tỉnh ủy Hưng Yên nhiệm kỳ 2025 - 2030, được bầu làm Chủ tịch UBND tỉnh Hưng Yên nhiệm kỳ 2021 - 2026.
Phát biểu nhận nhiệm vụ, trên cương vị mới, ôngPhạm Quang Ngọchứa sẽ nỗ lực cùng Đảng bộ, chính quyền và nhân dân tỉnh Hưng Yên hoàn thành những mục tiêu lớn đặt ra: xây dựng nền kinh tế năng động và phát triển nhanh, bền vững dựa trên khoa học, công nghệ, đổi mới sáng tạo, chuyển đổi số; xã hội hài hòa; bản sắc văn hóa được bảo tồn và phát huy; môi trường sinh thái được bảo vệ an toàn.
Đến năm 2035, Hưng Yên là tỉnh công nghiệp hiện đại, đáp ứng tiêu chí đô thị loại I; đến năm 2045, Hưng Yên là thành phố thông minh, sinh thái trực thuộc T.Ư và nhân dân có cuộc sống thịnh vượng, hạnh phúc.
Tân Chủ tịch UBND tỉnh Hưng Yên cũng khẳng định sẽ đẩymạnh cải cách hành chính, nhất là cải cách thủ tục hành chính tạo môi trường và điều kiện thuận lợi thúc đẩy sản xuất kinh doanh.
Cạnh đó, kiên quyết đẩy lùi, loại bỏ những hành vi tiêu cực, nhũng nhiễu, né tránh, đùn đẩy trách nhiệm trong thực thi công vụ. Mục tiêu để mỗi người dân, doanh nghiệp cảm nhận được, thụ hưởng được những lợi ích từ quá trình cải cách hoạt động chỉ đạo, điều hành của chính quyền địa phương 2 cấp... Đồng thời, kiên quyết đấu tranh phòng, chống tham nhũng, tiêu cực, lãng phí.
Trước đó, chiều 11.11, Tỉnh ủyHưng Yêntổ chức hội nghị công bố quyết định của Ban Bí thư về việc ông Phạm Quang Ngọcthôi tham gia Ban Chấp hành, Ban Thường vụ, thôi giữ chức Phó bí thư Tỉnh ủy Ninh Bình nhiệm kỳ 2025 - 2030 để tham gia Ban Chấp hành, Ban Thường vụ và giữ chức Phó bí thư Tỉnh ủy Hưng Yên nhiệm kỳ 2025 - 2030.
"
https://thanhnien.vn/ra-mat-sach-cua-co-tong-bi-thu-nguyen-phu-trong-ve-xay-dung-luc-luong-cand-185251111230158536.htm,Ra mắt sách của cố Tổng Bí thư Nguyễn Phú Trọng về xây dựng lực lượng CAND,"Chiều 11.11, Bộ Công an phối hợp Ban Tuyên giáo và Dân vận T.Ư, Nhà xuất bản Chính trị quốc gia Sự thật tổ chức lễ ra mắt cuốn sáchXây dựng lực lượng Công an nhân dân thực sự trong sạch, vững mạnh, vì nước quên thân, vì dân phục vụcủa cố Tổng Bí thư Nguyễn Phú Trọng.","Cuốn sách là công trình có giá trị lý luận và thực tiễn sâu sắc, thể hiện sự quan tâm xuyên suốt của Tổng Bí thư Nguyễn Phú Trọng đối với nhiệm vụ bảo đảm an ninh quốc gia, trật tự, an toàn xã hội, bảo vệ vững chắc Tổ quốc. Với dung lượng 600 trang, cuốn sách tuyển chọn 39 bài viết, bài phát biểu, thư và chỉ đạo quan trọng của Tổng Bí thư Nguyễn Phú Trọng với lực lượng Công an nhân dân (CAND) qua nhiều giai đoạn, trên nhiều cương vị công tác, phản ánh sinh động thực tiễn, đồng thời thể hiện tư duy lý luận nhất quán, tầm nhìn chiến lược và tình cảm của Tổng Bí thư đối với nhiệm vụ bảo vệ an ninh quốc gia, bảo đảm trật tự, an toàn xã hội.
Cuốn sách về xây dựng lực lượng CAND của cố Tổng Bí thư Nguyễn Phú Trọng
Ảnh: TTXVN
Tại buổi lễ, đại tướng Lương Tam Quang, Bộ trưởng Bộ Công an, cho biết sinh thời, Tổng Bí thư Nguyễn Phú Trọng luôn đặc biệt quan tâm và có đóng góp to lớn trong sự nghiệp bảo vệ an ninh quốc gia, bảo đảm trật tự an toàn xã hội, xây dựng lực lượng CAND. Để lực lượng CAND hoàn thành thắng lợi mọi nhiệm vụ chính trị, xứng đáng là chỗ dựa tin cậy của Đảng, Nhà nước và nhân dân, Tổng Bí thư Nguyễn Phú Trọng đặc biệt quan tâm chỉ đạo công tác xây dựng lực lượng CAND thật sự trong sạch, vững mạnh, gắn bó mật thiết với nhân dân, phối hợp hiệp đồng chặt chẽ với QĐND. Các bài viết, bài phát biểu chỉ đạo, trao đổi thể hiện sâu sắc trí tuệ, tâm huyết, tầm nhìn, trách nhiệm cũng như sự quan tâm đặc biệt, tình cảm sâu nặng và niềm tin của người đứng đầu Đảng ta đối với lực lượng CAND, được tập hợp trong cuốn sách ra mắt ngày hôm nay.
Với nội dung được chia thành 3 phần: ""Xây dựng lực lượng CAND vững mạnh, toàn diện, xứng đáng là lực lượng tuyệt đối trung thành với Đảng, Nhà nước và Nhân dân"", ""Lực lượng CAND bảo vệ vững chắc an ninh quốc gia, bảo đảm trật tự, an toàn xã hội, vì nước quên thân, vì dân phục vụ"", ""Những dấu ấn nổi bật, tình cảm sâu đậm củalực lượng CANDvới Tổng Bí thư Nguyễn Phú Trọng và trách nhiệm chính trị của lực lượng CAND trong thời kỳ mới"", cuốn sách đã cung cấp những luận điểm chiến lược về vai trò, vị trí của lực lượng CAND trong bảo vệ và xây dựng Tổ quốc, hệ thống hóa những định hướng, giải pháp để lực lượng CAND tiếp tục hoàn thành xuất sắc nhiệm vụ, xứng đáng với truyền thống vẻ vang 80 năm xây dựng, chiến đấu và trưởng thành.
Cuốn sách không chỉ là một tư liệu quý mà còn là kim chỉ nam định hướng cho toàn lực lượng CAND trong công tác, chiến đấu và xây dựng lực lượng những năm tiếp theo; cho cấp ủy, chính quyền địa phương các cấp trong lãnh đạo quản lý công tác bảo vệ an ninh trật tự; động viên khích lệ, khơi dậy tinh thầnyêu nước, hướng dẫn quần chúng nhân dân tích cực tham gia vào sự nghiệp bảo vệ Tổ quốc nói chung, sự nghiệp bảo vệ an ninh trật tự nói riêng.
"
https://thanhnien.vn/niem-tin-gui-dang-tieng-noi-trach-nhiem-cua-nguoi-tre-voi-to-quoc-18525111121233088.htm,Niềm tin gửi Đảng: Tiếng nói trách nhiệm của người trẻ với Tổ quốc,"Chiều 11.11, tại Hà Nội đã diễn ra Hội nghị cán bộ chủ chốt Hội Liên hiệp thanh niên VN, các thành viên tập thể của Hội Liên hiệp thanh niên VN và thanh niên tiêu biểu góp ý dự thảo Văn kiện Đại hội XIV của Đảng.","Chủ trì hội nghị có anh Nguyễn Tường Lâm, Bí thư T.Ư Đoàn, Chủ tịch T.Ư Hội Liên hiệpthanh niên VN; anh Nguyễn Kim Quy, Ủy viên Ban thường vụ, Trưởng ban Công tác Thanh thiếu nhi T.Ư Đoàn, Phó chủ tịch thường trực T.Ư Hội Liên hiệp thanh niên VN.
Tại hội nghị, nhiều ý kiến sâu sắc từ thanh niên các lĩnh vực được gửi tới ban tổ chức, thể hiện tinh thần dấn thân, trí tuệ và tâm huyết của thế hệ trẻ.
Là một trong những Gương mặt trẻ VN tiêu biểu 2021, thạc sĩ - bác sĩ Đỗ Doãn Bách (Viện Tim mạch - Bệnh viện Bạch Mai) đã có bản tham luận đầy tâm huyết về đổi mới y tế. Anh nhấn mạnh: ""Sức khỏe nhân dân là yếu tố được Đảng và Nhà nước ta đặc biệt quan tâm, là nền tảng vững chắc để người dân hạnh phúc, và là yếu tố quan trọng trong sự phát triển bền vững của đất nước"".
Bác sĩ Bách thẳng thắn chỉ ra hàng loạt khó khăn mà ngành y tế đang đối mặt như: các yếu tố nguy cơ gây bệnh, môi trường sống và an toàn vệ sinh thực phẩm chưa được kiểm soát đúng mức; y tế dự phòng, y tế gia đình chưa được đầu tư tương xứng, khiến năng lực phòng ngừa bệnh còn hạn chế. Hệ thống chăm sóc y tế tuyến cơ sở chưa đáp ứng đầy đủ các dịch vụ chăm sóc ban đầu; quản lý bệnh mạn tính và khám sàng lọc còn nhiều bất cập, khiến người dân thiếu niềm tin và thường xuyên vượt tuyến, gây quá tải bệnh viện T.Ư…
Anh Nguyễn Tường Lâm và anh Nguyễn Kim Quy chủ trì hội nghị
ẢNH: ĐĂNG HẢI
Trước thực trạng đó, bác sĩ Bách đề xuất đầu tư mạnh mẽ cho y tế dự phòng, y tế gia đình và y tế cơ sở để chuyển trọng tâm từ chữa bệnh sang phòng bệnh. Anh nhấn mạnh cần có chính sách đãi ngộ vượt trội để thu hút nhân tài, luân phiên bác sĩ trẻ về cơ sở, phát triển nguồn lực chất lượng cao. Đồng thời, thúc đẩy tự chủ sản xuất thiết bị, vật tư, dược phẩm trong nước và đẩy mạnh chuyển đổi số toàn diện, hoàn thiện dữ liệu y tế quốc gia, liên thông hồ sơ bệnh án điện tử và phát triển ứng dụng y tế thông minh, hướng tới chăm sóc sức khỏe mọi lúc, mọi nơi.
Tham luận tại hội nghị, ca sĩ Hà Myo (nghệ sĩ trẻ của Nhà hát Ca múa nhạc VN) đưa ra nhiều giải pháp thiết thực nhằm bảo tồn và lan tỏa mạnh mẽ giá trị văn hóa truyền thống trong đời sống đương đại. Nữ ca sĩ đề xuất đẩy mạnh các chính sách khuyến khích sáng tạo dựa trên di sản, để mỗi di sản được ""tái sinh"" trong môi trường hiện đại. Hà Myo kiến nghị thành lập quỹ hỗ trợ nghệ sĩ trẻ sáng tạo, nhằm giúp các thử nghiệm nghệ thuật mới mẻ có cơ hội đến với công chúng. Đây cũng là cách khích lệ thế hệ trẻ mạnh dạn dấn thân trong sáng tạo và cống hiến.
Đặc biệt, Hà Myo nhấn mạnh về việc cần bảo vệ bản quyền, khi ""nhiều sản phẩm nghệ thuật số hiện nay bị sao chép, phát tán trái phép"". Theo cô, cần có cơ chế bảo hộ chặt chẽ để đảm bảo động lực sáng tạo cho nghệ sĩ. Đồng thời, tăng cường hợp tác quốc tế về văn hóa - nghệ thuật, để nghệ sĩ VN vừa học hỏi, vừa lan tỏa bản sắc dân tộc ra thế giới, góp phần xây dựng hình ảnh VN tự tin, giàu bản sắc trong kỷ nguyên hội nhập.
Hội nghị được tổ chức trực tiếp và trực tuyến với sự tham dự của nhiều thanh niên tiêu biểu
ẢNH: ĐĂNG HẢI
Ở điểm cầu Nghệ An, anh Phạm Thế Duyệt, Bí thư Chi đoàn Trung tâm y tế Nghi Lộc, Ủy viên Ủy ban Hội Liên hiệpthanh niên VNtỉnh Nghệ An, nêu góc nhìn của một thanh niên Công giáo. Từ phân tích và trăn trở về những bất cập trong giai đoạn vừa qua, anh đề xuất 2 kiến nghị trọng tâm nhằm thực hiện thắng lợi các định hướng về tôn giáo và đại đoàn kết dân tộc.
Trong đó, theo anh, cần khẩn trương rà soát, hoàn thiện đồng bộ thể chế, pháp luật về tín ngưỡng, tôn giáo, ưu tiên tính minh bạch, đơn giản và kiến tạo trong quản lý nhà nước. ""Đây là yêu cầu cấp thiết để giải quyết ""điểm nghẽn"" về thể chế mà chính các dự thảo đã chỉ rõ là ""còn chồng chéo, vướng mắc, thiếu ổn định"". Việc chúng ta quyết tâm hoàn thiện luật Tín ngưỡng, tôn giáo phải theo tinh thần kiến tạo phát triển, chuyển mạnh từ tiền kiểm sang hậu kiểm. Một thể chế minh bạch sẽ ngăn chặn sự nhũng nhiễu và quan trọng nhất là tạo điều kiện thuận lợi nhất để các tôn giáo hợp pháp, chân chính phát huy tối đa các nguồn lực của mình cho sự nghiệp phát triển đất nước, đúng như tinh thần Đảng và Nhà nước đang mong đợi"", anh nói.
Anh Duyệt cũng kiến nghị tập trung đầu tư đào tạo, xây dựng đội ngũ cán bộ chuyên trách về công tác dân vận, dân tộc, tôn giáo thực sự có kiến thức chuyên sâu, am hiểu văn hóa và có tấm lòng chân thành. Theo anh, để ngăn ngừa ""điểm nóng"" và ""vụ việc phức tạp"", không gì hiệu quả bằng sự tin cậy.
""Muốn có sự tin cậy, người cán bộ phải thực sự thấu hiểu đời sống đức tin, văn hóa của tôn giáo. Tôi kiến nghị cần có chiến lược dài hạn để đào tạo đội ngũ cán bộ này, giúp họ vượt qua tâm lý né tránh, sợ trách nhiệm để thực sự trở thành cầu nối vững chắc, thân tình giữa Đảng, Nhà nước và các cộng đồng tôn giáo"", anh Duyệt đề xuất.
Tiến sĩ Phạm Huy Hiệu góp ý kiến tại hội nghị
ẢNH: ĐĂNG HẢI
Tiến sĩ Phạm Huy Hiệu (Phó giám đốc Văn phòng Nghiên cứu và Đổi mới sáng tạo, Trường ĐH VinUni), đại diện Mạng lưới trí thức trẻ VN toàn cầu, đã nêu những kiến nghị mạnh mẽ liên quan đến trọng dụng nhân tài và đổi mới giáo dục, coi đây là ""nút đột phá"" quyết định tương lai quốc gia trong kỷ nguyên công nghệ.
Theo tiến sĩ Hiệu, trong thời đại tri thức, tài năng khoa học - công nghệ chính là ""tài nguyên khan hiếm số một"", VN phải xây dựng cơ chế trọng dụng thực chất, trao quyền cho người tài được quyết định hướng nghiên cứu, cách tiếp cận, được sử dụng và phân bổ nguồn lực một cách chủ động, minh bạch.
Anh nhấn mạnh: ""Muốn giữ chân và thu hút nhân tài, chính sách không thể chỉ dừng ở khẩu hiệu mà phải đi vào điều kiện đãi ngộ cạnh tranh, môi trường nghiên cứu hiện đại, tôn trọng tự do học thuật và liêm chính khoa học; coi nhà khoa học là ""giá trị cốt lõi"" của quốc gia, xứng đáng được vinh danh và bảo vệ"".
Ở lĩnh vựcgiáo dục, anh Hiệu kiến nghị đẩy mạnh xây dựng hệ sinh thái đại học nghiên cứu thực thụ, nơi tri thức mới được tạo ra và lan tỏa. Theo anh, giáo dục đại học phải trở thành trung tâm sản sinh tri thức - không chỉ dạy kiến thức có sẵn, mà khơi dậy đam mê khám phá, nuôi dưỡng tư duy sáng tạo và trang bị kỹ năng công nghệ. Anh đề xuất tạo cơ chế kết nối mạnh mẽ giữa nhà trường - viện nghiên cứu - doanh nghiệp để tri thức được chuyển hóa thành công nghệ và giá trị thực tiễn.
Những kiến nghị này, theo tiến sĩ Phạm Huy Hiệu, là nền tảng để VN bứt phá, tự tin bước vào ""kỷ nguyên cạnh tranh bằng tri thức và đổi mới sáng tạo"".
Phát biểu kết luận hội nghị, anh Nguyễn Tường Lâm cho biết hội nghị đã diễn ra thành công, ghi nhận 9 ý kiến sâu sắc và trách nhiệm từ 9 thanh niên tiêu biểu đại diện cho nhiều lĩnh vực. Anh khẳng định sự đồng tình cao của các đại biểu với định hướng trong dự thảo văn kiện, đồng thời đánh giá cao tính khoa học, chi tiết và tâm huyết trong từng góp ý.
Anh Lâm cho biết ban tổ chức đã lắng nghe các ý kiến và sẽ tổng hợp đầy đủ vào kho dữ liệu hơn 100.000 góp ý đã thu thập từ nhiều kênh khác nhau. Theo anh Lâm, con số này vẫn còn nhỏ so với 20 triệu thanh niên cả nước. Anh Lâm mong muốn cần lan tỏa tinh thần hội nghị để khuyến khích thêm nhiều bạn trẻ đóng góp tiếng nói của mình vào văn kiện."
https://thanhnien.vn/lop-yoga-dac-biet-o-hanh-lang-benh-vien-tu-du-185251111165203628.htm,Lớp yoga đặc biệt ở hành lang Bệnh viện Từ Dũ,"Tại Bệnh viện Từ Dũ (P.Bến Thành, TP.HCM), Hội Chữ thập đỏ bệnh viện phối hợp cùng Chi hội Khoa Dược và Chi hội Khoa Ung bướu phụ khoa mở lớp yoga miễn phí cho bệnh nhân ung thư.","Mỗi sáng thứ ba và thứ năm hằng tuần, hành lang Khoa Ung bướu phụ khoa,Bệnh viện Từ Dũlại rộn ràng với một lớp học đặc biệt - lớp yoga dành cho bệnh nhân (BN) ung thư.
Lớp yoga chobệnh nhân ung thưđược thành lập từ tháng 9.2022, khởi đầu chỉ bằng những buổi tập thể dục đơn giản. Đồng hành cùng lớp là các huấn luyện viên chuyên nghiệp và những tình nguyện viên giàu kinh nghiệm thay phiên nhau hướng dẫn.
Những bài tập hít thở sâu, thư giãn, động tác kéo giãn nhẹ nhàng không chỉ giúp giảm đau, tăng sự linh hoạt mà còn cải thiện giấc ngủ, tăng cường hệ miễn dịch cho BN. Những ""học viên đặc biệt"" cũng đến lớp bằng tinh thần tự nguyện, chăm chỉ luyện tập và trả ""học phí"" bằng chính nụ cười của mình.
Lớp yoga miễn phí của Bệnh viện Từ Dũ được các bệnh nhân ủng hộ và tham gia đều đặn
ẢNH: THÚY LIỄU
Chị Phan Ngọc Hương Lan (huấn luyện viên yoga của lớp) kể trước đây trong một lần đến BV, chị tình cờ biết nơi đây có lớp yoga dành cho BN. Trước đó, lớp từng hoạt động nhưng phải ngưng một thời gian vì thiếu giáo viên. Nghe tin, chị Lan tìm gặp các bác sĩ (BS) Phòng Công tác xã hộiBệnh viện Từ Dũđể hỏi thăm. Thấy đây là việc rất có ý nghĩa, chị tình nguyện đứng lớp, bắt đầu từ năm 2022 đến nay.
""Những ngày đầu, lớp chỉ có 4 người tham gia, BN thường nghĩ yoga là môn quá khó, tập không nổi nhưng tôi vẫn duy trì lớp, đều đặn 2 buổi/tuần. Sau khoảng 6 tháng, nhiều người bệnh bắt đầu thấy hiệu quả, cơ thể khỏe hơn, giảm các tác dụng phụ của thuốc như buồn nôn, chóng mặt, đau đầu. Các y BS cũng động viên BN ra tập. Nhờ vậy lớp dần đông hơn, đến nay thường xuyên có 20 - 30 người tham gia mỗi buổi"", chị Lan nhớ lại những ngày đầu đến lớp dạy.
Khi dạy, tôi không chỉ cho đi mà còn nhận lại nhiều tình cảm, sự yêu thương từ BN và người nhà. Mỗi buổi dạy xong, tôi như được tiếp thêm năng lượng, có thêm nội lực để làm tốt những công việc khác. Tôi mong muốn có thể lan tỏa lớp yoga đến nhiều BV hơn để giúp nhiều người bệnh có thêm động lực.
Các bài tập mà chị Lan chọn chủ yếu là nội dung hít thở kết hợp vận động tay chân nhẹ nhàng để hỗ trợ BN giảm cảm giác tê mỏi khi truyền thuốc, giúp máu huyết lưu thông tốt hơn. Nhiều BN sau khi tập nhớ bài, có thể tự luyện ở nhà.
""Điều hạnh phúc nhất là thấy học viên khỏe lên, có tinh thần tiếp tục điều trị. Một số BN đã hồi phục, ra viện nhưng vẫn quay lại thăm lớp, khuyên những người khác tiếp tục tập luyện, ăn uống điều độ để mau khỏe"", chị Lan nói. Duy trì lớp suốt những năm qua, chị Hương Lan cảm thấy công sức mình bỏ ra vô cùng xứng đáng.
""Khi dạy, tôi không chỉ cho đi mà còn nhận lại nhiều tình cảm, sự yêu thương từ BN và người nhà. Mỗi buổi dạy xong, tôi như được tiếp thêm năng lượng, có thêm nội lực để làm tốt những công việc khác. Tôi mong muốn có thể lan tỏa lớp yoga đến nhiều BV hơn để giúp nhiều người bệnh có thêm động lực"", chị Lan chia sẻ.
Đồng hành cùng lớp yoga còn có chị Nguyễn Thị Ngọc Yến Nhi. Hai huấn luyện viên thay phiên nhau đứng lớp. ""Nhiều BN trước khi vào lớp còn mệt lả, chóng mặt, buồn nôn do vừa truyền thuốc, có người mất ngủ kéo dài. Thế nhưng khi mình động viên họ cố gắng tập, đến cuối buổi, họ thấy người khỏe hẳn, tay chân đỡ tê, cảm giác buồn nôn, chóng mặt cũng giảm. Thần sắc BN hồng hào hơn, muốn ăn uống hơn. Điều quan trọng nhất là họ thích tập yoga, cảm nhận rõ sự thay đổi trong cơ thể mình"", chị Nhi chia sẻ.
Chị Nhi nói thêm mỗi khi thấy sự thay đổi tích cực của học viên, chị cảm nhận sâu sắc ý nghĩa của công việc mình đang làm. ""Tôi thấy những gì mình tạo ra không chỉ là bài tập thể chất đơn thuần, mà còn tiếp thêm tinh thần, động lực để họ chiến đấu với bệnh tật"", chị bày tỏ.
BS CKII Võ Thanh Nhân, Trưởng khoa Ung bướu phụ khoa Bệnh viện (BV) Từ Dũ, cho biết lớp yoga miễn phí tại BV được hình thành từ năm 2022. Mục tiêu của lớp là tạo sự kết nối chặt chẽ hơn giữa người bệnh với nhau, cũng như giữa BN với đội ngũ y BS. Qua đó, BV mong muốn mang lại sức khỏe tinh thần, giúp người bệnh có không gian thoải mái, tạm quên nỗi đau bệnh tật, cảm thấy như đang được sinh hoạt cùng chính người thân của mình.
Theo BS Nhân, khoa đã chọn yoga làm phương pháp hỗ trợ BN ung thư bởi đây là liệu pháp giúp tăng cường thể lực tổng thể, cải thiện sức khỏe tinh thần. Đồng thời, người bệnh sẽ giảm căng thẳng và lo âu về bệnh tật, hạn chế trầm cảm, cung cấp nguồn năng lượng tích cực, giảm mệt mỏi, cải thiện giấc ngủ và hỗ trợ hồi phục sau phẫu thuật.
Chị Hương Lan đồng hành cùng các bệnh nhân ung thư từ năm 2022 đến nay
ẢNH: THÚY LIỄU
Sau một thời gian triển khai, từ những buổi tập đầu tiên còn nhiều bỡ ngỡ và rụt rè, số lượng BN tham gia ngày càng đông. Người bệnh cảm nhận được lợi ích rõ rệt của việc tập yoga: dễ ngủ hơn, đỡ mệt mỏi và tê tay chân, giảm nôn ói sau các liệu trình hóa trị. Không chỉ vậy, họ còn có những phút giây thư giãn, tinh thần vui tươi, tràn đầy năng lượng cho một ngày mới.
""Có nhiều BN để lại ấn tượng sâu sắc nhờ kiên trì tập luyện đã cải thiện đáng kể sức khỏe và tinh thần. Họ ăn ngon miệng hơn, bớt đau nhức, tinh thần trở nên thoải mái. Chính vì hiểu rõ tác động tích cực của yoga đến quá trình điều trị và hồi phục, các BS trong khoa luôn tích cực vận động BN tham gia lớp học"", BS Nhân nói.
Hiện lớp yoga vẫn duy trì tập vào các buổi sáng thứ ba và thứ năm hằng tuần, bắt đầu từ 6 giờ. Tuy nhiên, do khoa nằm ở lầu 3 không có thang máy, nhiều BN từ các tỉnh xa trở lại hóa trị thường đi xe đêm, cần thời gian nghỉ ngơi nên không thể tham gia buổi tập sáng.
""Không gian khoa lại khá chật hẹp nên số lượng người tham gia cũng bị giới hạn. Ngoài ra, vẫn còn một số BN chưa thật sự nhận thức được tầm quan trọng của yoga trong hỗ trợ điều trị, còn e dè chưa mạnh dạn tham gia. Trong những trường hợp này, nhân viên y tế của khoa sẽ là người đồng hành, chia sẻ và động viên để BN yên tâm, mạnh dạn tham gia tập luyện"", BS Nhân chia sẻ.
Lớp yoga miễn phí dành cho BN ung thư của BV Từ Dũ là một trong những tấm gương điển hình trong phong trào thi đua yêu nước ""Những tấm gương thầm lặng mà cao cả"" của TP.HCM lần 6, năm 2024."
https://thanhnien.vn/tong-bi-thu-gap-mat-dai-bieu-luc-luong-bao-ve-an-ninh-trat-tu-co-so-185251111204214856.htm,"Tổng Bí thư gặp mặt đại biểu lực lượng bảo vệ an ninh, trật tự cơ sở","Chiều 11.11, tại trụ sở Trung ương Đảng, Tổng Bí thư Tô Lâm đã gặp mặt 70 tập thể, cá nhân lực lượng tham gia bảo vệ an ninh, trật tự ở cơ sở tiêu biểu, xuất sắc trên toàn quốc.","Cùng dự cuộc gặp có Trưởng ban Tổ chức Trung ương Lê Minh Hưng, Trưởng ban Nội chính Trung ương Phan Đình Trạc; Thường trực Tiểu ban Văn kiện Đại hội XIV của Đảng Nguyễn Văn Nên; Bộ trưởng Bộ Công an Lương Tam Quang; Trưởng ban Tuyên giáo - Dân vận Trung ương Trịnh Văn Quyết; Chánh văn phòng Trung ương Đảng Phạm Gia Túc cùng đại diện Văn phòng Trung ương Đảng, Văn phòngTổng Bí thư, đại diện lãnh đạo, các đơn vị thuộc Bộ Công an…
Tổng Bí Thư Tô Lâm tặng quà các đại biểu
ẢNH: TTXVN
Phát biểu tại buổi gặp mặt, Tổng Bí thư Tô Lâm bày tỏ vui mừng gặp mặt đại diện tập thể, cá nhân tiêu biểu, xuất sắc của lực lượng tham gia bảo vệ an ninh, trật tự ở cơ sở trên toàn quốc; chúc các lực lượng tham gia bảo vệ an ninh, trật tự ở cơ sở tiếp tục hoàn thành xuất sắc nhiệm vụ, phục vụ nhân dân ở ngõ xóm, làng bản, nơi cư trú mà Đảng, Nhà nước, Bộ Công an và nhân dân đã tin cậy giao phó.
Tổng Bí thư bày tỏ, lực lượng tham gia bảo vệ an ninh, trật tự ở cơ sở đã phát huy vai trò, trách nhiệm, thường xuyên bám nắm địa bàn; cung cấp nhiều thông tin giá trị; chủ động hỗ trợ, phối hợp với công an xã tuyên truyền, vận động nhân dân tự giác chấp hành chủ trương, đường lối của Đảng, chính sách, pháp luật của Nhà nước và ngăn chặn kịp thời các vụ việc, các hành vi vi phạm pháp luật, góp phần giữ bình yên cho nhân dân.
Đặc biệt, trong thiên tai, lũ lụt, hỏa hoạn, hình ảnh lực lượng tham gia bảo vệ an ninh, trật tự cơ sở không quản hiểm nguy, gác lại khó khăn của bản thân, gia đình, cùng chính quyền địa phương và công an xã hỗ trợ nhân dân khắc phục hậu quả thiên tai, được nhân dân đánh giá cao.
Tổng Bí thư nhấn mạnh, an ninh cơ sở là bộ phận quan trọng của an ninh quốc gia. Nhận thức sâu sắc tầm quan trọng đặc biệt của công tác này, Đảng, Nhà nước đã quyết định thành lập lực lượng tham gia bảo vệ an ninh, trật tự ở cơ sở, những đồng chí có ưu thế là người địa phương, có quá trình công tác lâu dài, gắn bó với địa bàn, gần dân, sát dân, nắm chắc đặc điểm tình hình dân cư, am hiểu phong tục, tập quán; với nhiệm vụ hỗ trợ công an cấp xã triển khai các mặt công tác bảo vệ an ninh, trật tự.
Trong năm vừa qua, an ninh cơ sở được giữ vững, phong trào toàn dân bảo vệ an ninh Tổ quốc ngày càng đi vào chiều sâu thực chất; trong thành tích chung của lực lượng Công an nhân dân, có đóng góp hết sức quan trọng của lực lượng tham gia bảo vệ an ninh, trật tự ở cơ sở.
Thay mặt lãnh đạo Đảng, Nhà nước, Tổng Bí thư ghi nhận, đánh giá cao và nhiệt liệt biểu dương những thành tích, kết quả mà lực lượng tham gia bảo vệ an ninh, trật tự ở cơ sở mà điển hình là 70 tập thể, cá nhân dự buổi gặp mặt đã đạt được trong thời gian qua.
Biểu dương Bộ Công an đã kịp thời tổng kết, phát hiện, tôn vinh, khen thưởng, động viên các tập thể, cá nhân lực lượng tham gia bảo vệ an ninh, trật tự ở cơ sở có thành tích xuất sắc trong thực hiện nhiệm vụ, Tổng Bí thư khẳng định Đảng, Nhà nước và Bộ Công an tiếp tục quan tâm, chăm lo để lực lượng tham gia bảo vệ an ninh, trật tự ở cơ sở hoàn thành tốt chức năng, nhiệm vụ.
Tổng Bí thư lưu ý, tình hình an ninh trật tự ngày càng phức tạp, Bộ Công an cần phối hợp với cấp ủy, chính quyền địa phương, thường xuyên rà soát, trang bị đầy đủ công cụ hỗ trợ, tạo điều kiện về cơ sở vật chất để lực lượng tham gia bảo vệ an ninh, trật tự ở cơ sở thực hiện tốt nhiệm vụ, đảm bảo an toàn; trên cơ sở điều kiện kinh tế của địa phương, từng bước quan tâm, hỗ trợ chế độ chính sách đối với lực lượng tham gia nhiệm vụ đảm bảo an ninh, trật tự ở cơ sở.
Tổng Bí thư Tô Lâm phát biểu tại cuộc gặp mặt
ẢNH: TTXVN
Tiếp tục phát huy thành tích kết quả, Tổng Bí thư mong muốn, lực lượng tham gia bảo vệ an ninh, trật tự ở cơ sở tiếp tục đoàn kết, thống nhất với cấp ủy, chính quyền địa phương tập trung xây dựng lực lượng tham gia bảo vệ an ninh, trật tự ở cơ sở vững mạnh, rộng khắp, đáp ứng yêu cầu, hoàn thành tốt nhiệm vụ.
Lực lượng tham gia bảo vệ an ninh, trật tự ở cơ sở tiếp tục vận động nhân dân hăng hái thực hiện các chủ trương của Đảng, tham gia phòng ngừa, phát hiện, đấu tranh chống tội phạm, tệ nạn xã hội, các vi phạm pháp luật khác; xây dựng, nhân rộng mô hình, điển hình tiên tiến trong phong trào toàn dân bảo vệ an ninh Tổ quốc; tiếp tục phối hợp với lực lượng công an giúp dân, nhất là trong những lúc hiểm nguy, gian khó, trong thiên tai, bão lũ và các tình huống cứu nạn, cứu hộ.
Với những thành tích, kết quả bước đầu đã đạt được, với sự quan tâm của Đảng, Nhà nước, Chính phủ, Bộ Công an, cấp ủy, chính quyền địa phương, Tổng Bí thư tin tưởng lực lượng tham gia bảo vệ an ninh, trật tự ở cơ sở sẽ hoàn thành tốt nhiệm vụ được giao, cùng với công an cấp xã hoàn thành xuất sắc nhiệm vụ giữ vững an ninh cơ sở, bảo vệ và phục vụ nhân dân.
Thực hiện Nghị quyết số 12-NQ/TW ngày 16.3.2022 của Bộ Chính trị về ""Đẩy mạnh xây dựng lực lượng Công an nhân dân thật sự trong sạch, vững mạnh, chính quy, tinh nhuệ, hiện đại, đáp ứng yêu cầu, nhiệm vụ trong tình hình mới"", ngày 1.7.2024, Bộ Công an đã tổ chức Lễ ra mắt Lực lượng tham gia bảo vệ an ninh, trật tự ở cơ sở trên cả nước - là lực lượng được thành lập trên cơ sở kiện toàn thống nhất tổ chức của 3 lực lượng gồm: công an xã bán chuyên trách, bảo vệ dân phố và đội trưởng, đội phó đội dân phòng theo quy định của luật Lực lượng tham gia bảo vệ an ninh, trật tự ở cơ sở năm 2023.
Sau hơn 1 năm hoạt động, lực lượng tham gia bảo vệ an ninh, trật tự ở cơ sở đã phát huy vai trò nòng cốt, góp phần xây dựng thế trận an ninh vững chắc ngay từ cơ sở, khẳng định là chỗ dựa tin cậy của chính quyền và nhân dân trong sự nghiệp bảo đảm an ninh, trật tự.
"
https://thanhnien.vn/chu-tich-tinh-ninh-binh-pham-quang-ngoc-lam-pho-bi-thu-tinh-uy-hung-yen-185251111173054366.htm,Chủ tịch tỉnh Ninh Bình Phạm Quang Ngọc làm Phó bí thư Tỉnh ủy Hưng Yên,"Ông Phạm Quang Ngọc, Phó bí thư Tỉnh ủy, Chủ tịch UBND tỉnh Ninh Bình, được Ban Bí thư điều động, chỉ định giữ chức Phó bí thư Tỉnh ủy Hưng Yên nhiệm kỳ 2025 - 2030.","Chiều 11.11, Tỉnh ủyHưng Yêntổ chức hội nghị công bố quyết định của Ban Bí thư về công tác cán bộ. Tại hội nghị, ông Nguyễn Văn Tùng, Vụ trưởng Vụ Địa phương I, Ban Tổ chức T.Ư, đã công bố quyết định của Ban Bí thư về công tác cán bộ.
Theo đó, ông Phạm Quang Ngọc, Phó bí thư Tỉnh ủy, Chủ tịch UBND tỉnhNinh Bình, thôi tham gia Ban Chấp hành, Ban Thường vụ, thôi giữ chức Phó bí thư Tỉnh ủy Ninh Bình nhiệm kỳ 2025 - 2030, để tham gia Ban Chấp hành, Ban Thường vụ và giữ chức Phó bí thư Tỉnh ủy Hưng Yên nhiệm kỳ 2025 - 2030. Ông Ngọc cũng được giới thiệu để bầu giữ chức Chủ tịch UBND tỉnh Hưng Yên.
Phó trưởng ban Tổ chức T.Ư Nguyễn Quang Dương (bên phải) trao quyết định cho tân Phó bí thư Tỉnh ủy Hưng Yên Phạm Quang Ngọc
ẢNH: TÙNG ANH
Phát biểu chỉ đạo tại hội nghị, ông Nguyễn Quang Dương, Phó trưởngban Tổ chức T.Ư, nhấn mạnh việc luân chuyển cán bộ là để thực hiện triệt để chủ trương ""cán bộ chủ chốt không là người địa phương"", trong đó có chức danh chủ tịch UBND tỉnh.
Ông Dương cho hay,Hưng Yên hiện có vị trí chiến lược, đặc biệt quan trọng, do vậy, tin tưởng ông Phạm Quang Ngọcvới bản lĩnh, năng lực, phẩm chất và kinh nghiệm công tác tại nhiều cương vị, sẽ cùng tập thể lãnh đạo tỉnh Hưng Yên tiếp cận nhanh, triển khai tốt nhiệm vụ.
Phát biểu nhận nhiệm vụ, tân Phó bí thư Tỉnh ủy Hưng Yên Phạm Quang Ngọc cam kết trên cương vị mới sẽ nỗ lực hết mình để nắm bắt cơ hội, vượt qua khó khăn thách thức để xây dựng Hưng Yên ngày càng giàu đẹp, trở thành thành phố, nhân dân có cuộc sống thịnh vượng, hạnh phúc, cùng cả nước tự chủ, tự cường, tự tin, tiến mạnh trong kỷ nguyên vươn mình của dân tộc.
Ông Phạm Quang Ngọc sinh năm 1973, tại tỉnh Ninh Bình, có trình độ chuyên môn tiến sĩ chăn nuôi, thạc sĩ khoa học môi trường, cử nhân sinh học; trình độ lý luận chính trị cao cấp.
Ông Ngọc từng kinh qua các chức vụ: Chủ tịch UBND huyện, Bí thư Huyện ủy Yên Khánh (Ninh Bình); Trưởng ban Tuyên giáo Tỉnh ủy; Phó chủ tịch UBND tỉnh Ninh Bình.
Ngày 9.12.2020, tại kỳ họp thứ 21, HĐND tỉnh Ninh Bình khóa XIV, nhiệm kỳ 2016 - 2021, ông Ngọc được bầu giữ chức Chủ tịch UBND tỉnh Ninh Bình. Ngày 1.7, ông Ngọc được chỉ định tiếp tục giữ chức Phó bí thư Tỉnh ủy, Chủ tịch UBND tỉnh Ninh Bình (mới) nhiệm kỳ 2021 - 2026."
https://thanhnien.vn/ong-nguyen-khac-than-lam-bi-thu-tinh-uy-nghe-an-185251111090150511.htm,Ông Nguyễn Khắc Thận làm Bí thư Tỉnh ủy Nghệ An,"Ông Nguyễn Khắc Thận, Chủ tịch UBND tỉnh Hưng Yên, được điều động giữ chức Bí thư Tỉnh ủy Nghệ An nhiệm kỳ 2025 - 2030.","Sáng 11.11, Tỉnh ủyNghệ Anđã tổ chức hội nghị công bố quyết định của Bộ Chính trị về công tác cán bộ. Ông Lê Minh Hưng, Ủy viên Bộ Chính trị, Bí thư T.Ư Đảng, Trưởng ban Tổ chức T.Ư, dự và chủ trì hội nghị.
Theo đó, Bộ Chính trị đã quyết định điều động, chỉ định ông Nguyễn Khắc Thận, Phó bí thư Tỉnh ủy, Chủ tịch UBND tỉnhHưng Yên, tham gia Ban Chấp hành, Ban Thường vụ, giữ chức Bí thư Tỉnh ủy Nghệ An khóa XX, nhiệm kỳ 2025 - 2030.
Ông Lê Minh Hưng, Ủy viên Bộ Chính trị, Bí thư T.Ư Đảng, Trưởng ban Tổ chức T.Ư Đảng, tặng hoa chúc mừng tân Bí thư Tỉnh ủy Nghệ An Nguyễn Khắc Thận
ẢNH: K.H
Trước đó, ông Nguyễn Đức Trung, Bí thư Tỉnh ủy Nghệ An, đã được Bộ Chính trị điều động, chỉ định tham gia Ban Chấp hành, Ban Thường vụ, giữ chức Phó bí thư Thành ủy Hà Nội nhiệm kỳ 2025 - 2030, giới thiệu để HĐND thành phố bầu giữ chức Chủ tịch UBND TP.Hà Nội.
Ông Nguyễn Khắc Thận sinh năm 1974, quê xã Phụ Dực, tỉnh Hưng Yên. Trước năm 2016, ông Thận là Trưởng phòng TN-MT, Phó chủ tịch UBND H.Quỳnh Phụ, Bí thư Huyện ủy Quỳnh Phụ, tỉnh Thái Bình (cũ).
Tháng 3.2016, ông Thận giữ chức Giám đốc Sở Nội vụ Thái Bình; tháng 7.2019, giữ chức Phó chủ tịch UBND tỉnh Thái Bình.
Năm 2020, ông Thận được bầu giữ chức Chủ tịch UBND tỉnh Thái Bình; năm 2024 là Bí thư Tỉnh ủy Thái Bình.
Từ ngày 1.7.2025, sau khi sáp nhập Hưng Yên và Thái Bình thành tỉnh Hưng Yên, ông Thận giữ chức Chủ tịch UBND tỉnh Hưng Yên."
https://thanhnien.vn/niem-tin-gui-dang-tang-cuong-quyen-giam-sat-lam-chu-cua-nhan-dan-185251110165159515.htm,"Niềm tin gửi Đảng: Tăng cường quyền giám sát, làm chủ của nhân dân","Hoàn thiện cơ chế kiểm soát quyền lực là yêu cầu tất yếu để xây dựng Đảng và hệ thống chính trị trong sạch, vững mạnh. Trong kỷ nguyên phát triển mới, phát huy quyền giám sát của nhân dân thông qua MTTQ, các tổ chức chính trị - xã hội và truyền thông đại chúng là nền tảng bảo đảm dân chủ thực chất, củng cố niềm tin của nhân dân.","Hơn 95 năm qua,Đảng Cộng sản VNđã lãnh đạo nhân dân giành và giữ vững độc lập dân tộc, xây dựng nền tảng cho con đường đi lên CNXH. Tuy nhiên, trong bối cảnh toàn cầu hóa, đất nước bước vào kỷ nguyên vươn mình, trách nhiệm của Đảng ngày càng nặng nề, đòi hỏi phải quyết liệt hơn trong công cuộc xây dựng, chỉnh đốn Đảng và hệ thống chính trị. Vì vậy, kiểm soát quyền lực trong Đảng là yêu cầu tất yếu, có ý nghĩa sống còn đối với vai trò lãnh đạo của Đảng và sự tồn vong của chế độ.
Dự thảo Báo cáo chính trị trìnhĐại hội XIV của Đảngxác định:""Xây dựng, hoàn thiện cơ chế, chính sách để thực hiện có hiệu quả quyền làm chủ của nhân dân, thực hiện pháp luật về dân chủ ở cơ sở và phương châm ""Dân biết, dân bàn, dân làm, dân kiểm tra, dân giám sát, dân thụ hưởng"". Thực hiện nguyên tắc Đảng gắn bó mật thiết với nhân dân, phục vụ nhân dân, chịu sự giám sát của nhân dân, chịu trách nhiệm trước nhân dân về các quyết định của mình"".
Hội nghị giao ban báo chí đầu tiên theo mô hình mới của các cơ quan báo chí thuộc Ủy ban T.Ư MTTQ VN diễn ra ngày 16.10.2025
ẢNH: MINH HIỂN
Thực tiễn những năm qua, MTTQ VN đã phát huy vị trí, vai trò, quyền và trách nhiệm trong tham gia xây dựng Đảng, nhà nước; tổ chức góp ý nhiều dự thảo văn bản quy phạm pháp luật, chương trình, đề án quan trọng. Nhiều ý kiến của Ban Thường trực Ủy ban T.Ư MTTQ VN và các cấp được cơ quan có thẩm quyền tiếp thu, chỉnh lý. Hằng năm, Đoàn Chủ tịch Ủy ban T.Ư MTTQ VN báo cáo tổng hợp ý kiến, kiến nghị của cử tri và nhân dân tại các kỳ họp Quốc hội, phản ánh kịp thời tâm tư, nguyện vọng của nhân dân đến Đảng và Nhà nước.
Hoạt động giám sát, phản biện đã thể hiện được vai trò của MTTQ trong thực hiện Hiến pháp và pháp luật, đại diện, bảo vệ quyền và lợi ích hợp pháp, chính đáng của nhân dân, tham giaxây dựng Đảng và Nhà nước. Ở T.Ư, Mặt trận tập trung phản biện các dự thảo chính sách, pháp luật; ở địa phương, tập trung phản biện các chương trình, dự án liên quan trực tiếp đến quyền lợi người dân. Các tổ chức thành viên, nhất là các tổ chức chính trị - xã hội (CT-XH), đã chủ động hơn trong việc bảo vệ quyền và lợi ích hợp pháp, chính đáng của hội viên, đồng thời huy động được sự tham gia của chuyên gia, nhà khoa học, người có uy tín, góp phần nâng cao chất lượng giám sát, phản biện xã hội.
Tuy vậy, công tác này vẫn còn hạn chế. Nhận thức về giám sát, phản biện xã hội ở một số nơi chưa theo kịp chủ trương của Đảng và pháp luật của nhà nước. Một số cấp lãnh đạo chưa thực sự coi trọng nhiệm vụ này; nội dung, phạm vi giám sát rất rộng nhưng năng lực, số lượng cán bộ mặt trận, đoàn thể còn hạn chế. Việc theo dõi, phản hồi, tiếp thu kiến nghị sau giám sát vẫn chưa đáp ứng yêu cầu.
Dự thảo báo cáo tổng kết 40 năm đổi mới chỉ rõ:""Cơ chế kiểm soát quyền lực chưa hoàn thiện; tham nhũng, lãng phí, tiêu cực tuy có giảm, nhưng diễn biến còn phức tạp. Vai trò của MTTQ, các tổ chức thành viên, các tổ chức xã hội tham gia đóng góp, xây dựng và hoàn thiện nhà nước pháp quyền chưa phát huy đầy đủ; quyền con người, quyền công dân có mặt chưa được phát huy đầy đủ, có lúc, có nơi còn bị vi phạm"".
Từ thực tiễn đó, cần thể chế hóa rõ hơn các quy định trong Dự thảo Báo cáo chính trị về quyền giám sát của nhân dân. Cụ thể, bổ sung cơ chế giải trình bắt buộc của các cơ quan, tổ chức, cá nhân được giám sát; quy định rõ trách nhiệm của cấp ủy, chính quyền trong tiếp thu, phản hồi ý kiến phản biện; đồng thời xây dựng quy trình, tiêu chí đánh giá hiệu quả công tác giám sát, phản biện xã hội. Có như vậy, quyền giám sát của nhân dân mới thực sự được phát huy, dân chủ mới trở thành động lực của đổi mới và phát triển.
Để giám sát, phản biện xã hội trở thành công cụ hiệu quả trongkiểm soát quyền lực, trước hết cần nâng cao nhận thức, trách nhiệm của MTTQ, các tổ chức CT-XH và nhân dân. Trong cơ chế ""Đảng lãnh đạo, nhà nước quản lý, nhân dân làm chủ"", vai trò của các chủ thể này là cầu nối quan trọng giúp Đảng và Nhà nước ban hành, tổ chức thực hiện chủ trương, chính sách đúng với ý chí, nguyện vọng của nhân dân.
Các tổ chức Mặt trận, đoàn thể cần phổ biến, quán triệt sâu các quy định của Đảng về giám sát, phản biện như Quyết định 217, 218-QĐ/TW, đặc biệt là Quyết định 124-QĐ/TW của Ban Bí thư (khóa XII) về giám sát của MTTQ VN, các tổ chức CT-XH và nhân dân đối với việc tu dưỡng, rèn luyện đạo đức, lối sống của người đứng đầu, cán bộ chủ chốt và cán bộ, đảng viên. Cùng với đó, cần nâng cao năng lực, trình độ, kỹ năng giám sát cho đội ngũ cán bộ Mặt trận, đoàn thể, gắn công tác giám sát với xây dựng tổ chức trong sạch, vững mạnh, gần dân và hiểu dân hơn.
Phát huy quyền giám sát của nhân dân không thể tách rời việc nâng cao dân trí, dân khí và dân quyền. Khi người dân được học tập, trang bị kiến thức pháp luật và ý thức công dân, họ sẽ chủ động tham gia giám sát quyền lực của các cơ quan, tổ chức. Việc này đòi hỏi phải lồng ghép giáo dục công dân, pháp luật và văn hóa giám sát xã hội trong chương trình giáo dục phổ thông và đại học, qua đó hình thành thế hệ công dân có ý thức, kiến thức pháp lý, kỹ năng phản biện, tham gia vào đời sống CT-XH một cách văn minh, hiệu quả.
Một chủ thể không thể thiếu là truyền thông đại chúng. Thực tế cho thấy, nhiều vụ việc tiêu cực, vi phạm pháp luật, suy thoái về đạo đức, lối sống của cán bộ, đảng viên được phát hiện đầu tiên từ phản ánh của báo chí. Để truyền thông phát huy vai trò giám sát xã hội, cần bảo đảm quyền tiếp cận thông tin, xử lý nghiêm các hành vi cản trở hoặc trù dập nhà báo, cơ quan báo chí thực hiện nhiệm vụ; đồng thời khuyến khích, khen thưởng những tờ báo, phóng viên dũng cảm đấu tranh với tiêu cực. Đẩy mạnh hơn nữa vai trò của truyền thông đại chúng trong việc nâng cao dân trí và giáo dục pháp luật, cung cấp thông tin về quá trình tổ chức và thực thi quyền lực của Đảng, đồng thời phân tích, định hướng cho nhân dân.
Song song đó, phải tăng cường cơ chế công khai, minh bạch trong hoạt động của các cơ quan Đảng và nhà nước, tạo điều kiện để MTTQ, đoàn thể, báo chí và nhân dân tham gia giám sát hiệu quả. Giám sát phải có công cụ, có thông tin và có trách nhiệm giải trình rõ ràng. MTTQ và các tổ chức CT-XH cũng cần xây dựng kế hoạch giám sát, phản biện theo nhiệm kỳ, năm, quý; lựa chọn nội dung trọng tâm, thiết thực, tránh dàn trải. Bản thân các tổ chức này phải đổi mới nội dung, phương thức hoạt động, nâng cao năng lực, trình độ và tính độc lập để thực hiện tốt vai trò giám sát và phản biện xã hội.
Dự thảo cần xác lập rõ vị thế độc lập và trách nhiệm giải trình của MTTQ, các tổ chức CT-XH, bảo đảm các chủ thể này thực hiện giám sát không phụ thuộc đối tượng bị giám sát. Bổ sung quy định về tiêu chí đánh giá hiệu quả giám sát và phản biện xã hội, tránh hình thức, nể nang. Đồng thời, cần hoàn thiện cơ chế phối hợp trong giám sát quyền lực, gắn với yêu cầu công khai, minh bạch và chuyển đổi số trong quản lý nhà nước; đẩy mạnh ứng dụng dữ liệu số phục vụ công tác theo dõi, kiểm tra, giám sát.
Giám sát và phản biện xã hội là hoạt động quan trọng trong xây dựng, chỉnh đốn Đảng, bảo vệ thể chế chính trị và củng cố niềm tin của nhân dân. Ở VN, đây vừa là biểu hiện sinh động của quyền dân chủ, vừa là phương thức để nhân dân tham gia kiểm soát quyền lực của Đảng và Nhà nước, góp phần đưa mọi chủ trương, chính sách đi vào đời sống, tạo động lực phát triển bền vững trong kỷ nguyên mới."
https://thanhnien.vn/nha-nuoc-kien-tao-cong-tu-dong-hanh-185251110233700497.htm,"Nhà nước kiến tạo, công - tư đồng hành","Chiều 10.11, tại Hà Nội, Thủ tướng Phạm Minh Chính dự và phát biểu tại Diễn đàn doanh nghiệp Việt Nam thường niên năm 2025.","Thủ tướng Phạm Minh Chínhnhấn mạnh, 5 năm qua,kinh tếViệt Namkhẳng định đủ sức chống chịu trước các ""cú sốc"" bên ngoài, duy trì tốc độ tăng trưởng thuộc nhóm cao hàng đầu thế giới. Trong bối cảnh rất khó khăn, GDP năm 2025 dự kiến tăng trên 8%; bình quân giai đoạn 2021 - 2025 tăng 6,3%.
Thủ tướng Phạm Minh Chính phát biểu tại Diễn đàn doanh nghiệpViệt Namthường niên năm 2025
ẢNH: NHẬT BẮC
Bên cạnh kết quả đạt được là cơ bản, nền kinh tếViệt Namcòn những tồn tại, thách thức. Trong đó, với khu vực có vốn đầu tư nước ngoài (FDI), chất lượng đầu tư, trình độ công nghệ và chuyển giao công nghệ ở một số dự án còn hạn chế; tỷ lệ nội địa hóa còn thấp…
Về nhiệm vụ, giải pháp trọng tâm thời gian tới,Thủ tướngnêu rõ,Việt Namsẽ tiếp tục giữ vững ổn định chính trị, trật tự an toàn xã hội. Cạnh đó, đẩy mạnh 3 đột phá chiến lược về thể chế, nguồn nhân lực và hạ tầng; cơ cấu lại nền kinh tế, đổi mới mô hình tăng trưởng dựa vào khoa học - công nghệ, đổi mới sáng tạo.
Trong bối cảnh nhiều nước có tỷ lệnợ côngcao,Việt Namsẽ tiếp tục giữ vững ổn định kinh tế vĩ mô, kiểm soát lạm phát, bảo đảm các cân đối lớn của nền kinh tế; đẩy mạnh kết nối nền kinh tếViệt Namvới các nước trong khu vực, thế giới; giữa doanh nghiệpViệt Namvới các doanh nghiệp FDI và các doanh nghiệp trên thế giới; kết nối chuỗi sản xuất, chuỗi cung ứng, chuỗi giá trị toàn cầu.
Đối với cộng đồng doanh nghiệp, nhà đầu tư FDI, người đứng đầu Chính phủ đề nghị mở rộng đầu tư, chuyển giao công nghệ, kết nối với doanh nghiệpViệt Nam, tham gia xây dựng thể chế, hiện đại hóa quản trị thông minh với tinh thần ""Nhà nước kiến tạo, doanh nghiệp tiên phong, công - tư đồng hành, đất nước giàu mạnh, nhân dân hạnh phúc, doanh nhân thụ hưởng""…
Trước đó, sáng cùng ngày, tại Hà Nội, Thủ tướng Phạm Minh Chính dự và phát biểu tại Đại hội thi đua yêu nước Bộ Ngoại giao giai đoạn 2025 - 2030.
Thủ tướng khẳng định, đối với ngànhngoại giao, phong trào thi đua yêu nước có ý nghĩa đặc biệt, luôn gắn liền với lời dạy của Bác Hồ: ""Thi đua là tinh thần quốc tế""; ""Thi đua là góp sức giữ gìn hòa bình và dân chủ thế giới"".
Trong giai đoạn phát triển sắp tới,Việt Namcó những thời cơ, vận hội lớn để tăng tốc, bứt phá, song cũng phải đối mặt không ít khó khăn, thách thức mới. Cơ bản nhất trí với phương hướng, nhiệm vụ thời gian tới được xác định tại đại hội, Thủ tướng lưu ý thêm một số nội dung trọng tâm.
Đó là tiếp tục phát huy vai trò tiên phong,đổi mớimạnh mẽ tư duy và phương pháp triển khai công tác đối ngoại trên tất cả các lĩnh vực; xây dựng nền ngoại giao toàn diện, hiện đại, mang đậm bản sắc ngoại giaoViệt Nam- kiên cường về nguyên tắc, mềm dẻo trong sách lược, nhân văn, nhân nghĩa trong hành xử, kiên định với lợi ích quốc gia - dân tộc, phù hợp với Hiến chương Liên Hiệp Quốc và luật pháp quốc tế; có cơ chế huy động nguồn lực trong nước, ngoài nước, của tổ chức, cá nhân để phục vụ sự nghiệp xây dựng và bảo vệ Tổ quốc.
Cạnh đó, chủ động, tích cực thúc đẩy đưa quan hệ với các nước láng giềng, các nước lớn, các nước Đông Nam Á, đối tác quan trọng, bạn bè truyền thống và các đối tác tiềm năng đi vào chiều sâu, thực chất; nâng cao hơn nữa hiệu quả công tác ngoại giao kinh tế, ngoại giao khoa học - công nghệ, ngoại giao văn hóa, thông tin đối ngoại, lãnh sự, bảo hộ công dân, ngườiViệt Namở nước ngoài…"
https://thanhnien.vn/tphcm-huong-toi-vi-the-sieu-do-thi-quoc-te-cua-asean-185251113105504581.htm,TP.HCM hướng tới vị thế siêu đô thị quốc tế của ASEAN,"TP.HCM sẽ đầu tư xây dựng hạ tầng đô thị phát triển đồng bộ, văn minh, hiện đại và tái cấu trúc không gian phát triển theo tư duy đa cực, tích hợp, siêu kết nối, hướng tới một vị thế siêu đô thị quốc tế của ASEAN.","Sáng 13.11, phát biểu khai mạc diễn đàn đối thoại cấp cao về quan hệ kinh tế ASEAN - Ý (tổ chức tại phường Bình Dương, TP.HCM), ông Nguyễn Văn Được, Chủ tịch UBND TP.HCM cho biết TP.HCM đang tái cấu trúc không gian phát triển theo tư duy đa cực - tích hợp - siêu kết nối; huy động nguồn lực đầu tư xây dựng hệ thống kết cấu hạ tầngđô thịphát triển đồng bộ, văn minh, hiện đại.
Ông Nguyễn Văn Được cho biết TP.HCM đã định hướng hình thành ""3 vùng - 1 đặc khu - 3 hành lang - 5 trụ cột"". Theo đó, vùng Bình Dương (nơi tổ chức diễn đàn đối thoại cấp cao về quan hệ kinh tế ASEAN - Ý) sẽ là thủ phủ phát triểncông nghiệpcông nghệ cao.
Chủ tịch UBND TP.HCM Nguyễn Văn Được phát biểu tại diễn đàn ASEAN - Ý
ẢNH: Đ.X
Vùng Bà Rịa - Vũng Tàu (trước đây) sẽ tập trung phát triển kinh tế biển, du lịch biển, năng lượng sạch, logistics và vùng trung tâm TP.HCM (trước đây) phát triển công nghệ cao, dịch vụ, tài chính quốc tế, là đô thị lõi.
Còn đặc khu Côn Đảo được định hướng phát triển du lịch biển đảo xanh, bền vững, là đặc khu hiện đại, đáng sống, mang tầm khu vực và quốc tế.
Bên cạnh đó, TP.HCM sẽ hình thành 3 hành lang gồm: hành lang Bắc - Nam dọc theo sông Sài Gòn hướng biển; hành lang phía Đông nối khu vực Bà Rịa - Vũng Tàu - Cần Giờ; hành lang Đông Tây kết nối Đồng Nai - Tây Ninh thông qua quốc lộ 1 và đường Xuyên Á.
Ông Nguyễn Văn Được, Chủ tịch UBND TP.HCM (thứ 4 từ phải qua) cùng các đại biểu tham gia diễn đàn
ẢNH: Đ.X
Về 5 trụ cột bao gồm: công nghiệp công nghệ cao; logistics gắn với cảng biển, cảng hàng không, khu mậu dịch tự do; Trung tâm tài chính quốc tế tại TP.HCM; du lịch và công nghiệp văn hóa; giáo dục, y tế, khoa học - công nghệ.
Ông Nguyễn Văn Được khẳng định, mục tiêu đến năm 2030 (kỷ niệm 100 năm thành lập Đảng Cộng sản Việt Nam), TP.HCM hướng tới trở thành đô thị văn minh, hiện đại, năng động, hội nhập, có vị thế nổi bật ở khu vực Đông Nam Á (ASEAN) nằm trong nhóm 100 thành phố toàn cầu đáng sống, có hệ sinh thái đổi mới sáng tạo hàng đầu thế giới và đạt mức thu nhập cao.
Đến năm 2045, TP.HCM hướng tới vị thếsiêu đô thị quốc tếcủa Đông Nam Á, nằm trong nhóm 100 thành phố tốt nhất thế giới, là trung tâm kinh tế, tài chính, du lịch, dịch vụ, giáo dục và y tế của châu Á, điểm đến toàn cầu hấp dẫn, phát triển kinh tế - văn hóa - xã hội đặc sắc, bền vững, chất lượng sống cao, và hội nhập quốc tế sâu rộng.
Diễn đàn đối thoại cấp cao về quan hệ kinh tế ASEAN - Ý được tổ chức tại Trung tâm hội nghị triển lãm Bình Dương (TP.HCM) do UBND TP.HCM, The European House - Ambrosetti (TEHA) và Associazione Italia - ASEAN đồng chủ trì, cùng với sự đồng hành của Ban thư ký ASEAN, Tập đoàn Becamex.
Tham dự diễn đàn có hơn 500 khách mời bao gồm gồm lãnh đạo các bộ ngành, địa phương và đại diện các tổ chức quốc tế từ ASEAN và Ý, các cơ quan đại diện ngoại giao, doanh nghiệp…
Nhiều doanh nghiệp tham gia diễn đàn đối thoại kinh tế ASEAN - Ý
ẢNH: Đ.X
Thông qua diễn đàn, lãnh đạo TP.HCM kêu gọi các doanh nghiệp, nhà đầu tư, tổ chức quốc tế và giới học giả… cùng chung tay hành động, góp phần xây dựng một tương lai hòa bình, sáng tạo, thịnh vượng và bền vững cho ASEAN, Việt Nam và Ý.
Ý hiện là đối tác thương mại lớn thứ 3 của Việt Nam trong EU. Trong 7 tháng đầu năm 2025, kim ngạch thương mại hai chiều đạt 4,3 tỉ USD, tăng 5,1% so với cùng kỳ 2024.
Ý đang đứng thứ 32/151 quốc gia và vùng lãnh thổ có tổng số vốn đăng ký hơn 624 triệu USD đầu tư vào Việt Nam và là nhà đầu tư đứng thứ 24/129 quốc gia và vùng lãnh thổ, với tổng vốn đầu tư gần 135 triệu USD vào TP.HCM."
https://thanhnien.vn/phu-nhan-tong-bi-thu-to-lam-tham-benh-vien-nhi-evelina-london-18525103018501112.htm,Phu nhân Tổng Bí thư Tô Lâm thăm Bệnh viện Nhi Evelina London,"Trong khuôn khổ chuyến thăm chính thức Anh cùng Tổng Bí thư Tô Lâm, phu nhân Ngô Phương Ly đã tới thăm Bệnh viện Nhi Evelina London, một trong những cơ sở y tế hiện đại và uy tín hàng đầu của nước Anh.","Tại bệnh viện, bác sĩ Owen Miller, Phó giám đốc phụ trách chuyên môn, cùng bác sĩ Simon Filson và bác sĩ Florian Bast đã giới thiệu vớiphu nhânNgô Phương Ly khái quát về lịch sử, hoạt động và quan hệ hợp tác giữa Bệnh viện Nhi Evelina London với các bệnh viện của Việt Nam trong lĩnh vực phẫu thuật và đào tạo y khoa.
Phu nhân Ngô Phương Ly thăm Bệnh viện Nhi Evelina London
ẢNH: BNG
Sau khi nghe giới thiệu,phu nhânNgô Phương Ly đã thăm khu nội trú tim mạch dành cho bệnh nhi, ân cần hỏi thăm và tặng quà các em nhỏ đang điều trị tại bệnh viện. Phu nhân bày tỏ xúc động khi được chứng kiến tận mắt mô hình chăm sóc sức khỏe trẻ em tiên tiến hàng đầu thế giới - nơi kết tinh giữa trí tuệ khoa học và lòng nhân ái.
Phu nhân Ngô Phương Ly nhấn mạnh, y tế luôn là lĩnh vực được toàn xã hội quan tâm, bởi gắn trực tiếp với chất lượng cuộc sống, đặc biệt là công tác chăm sóc sức khỏe trẻ em, những mầm non cần được yêu thương và bảo vệ bằng tất cả sự tận tâm.
Lãnh đạo Bệnh viện Nhi Evelina London giới thiệu với phu nhân Ngô Phương Ly về lịch sử, hoạt động và quan hệ hợp tác giữa bệnh viện với các bệnh viện của Việt Nam trong lĩnh vực phẫu thuật và đào tạo y khoa
ẢNH: BNG
Đánh giá cao giá trị nhân văn trong mô hình chăm sóc y tế của Bệnh viện Nhi Evelina London,phu nhân Ngô Phương Lyxúc động khi biết nhiều năm qua, các y bác sĩ của bệnh viện đã tham gia các chương trình hợp tác y tế tại Việt Nam, trực tiếp khám, tư vấn và phẫu thuật cho trẻ em Việt Nam.
""Chính những bàn tay vàng và trái tim nhân hậu của các bác sĩ đã thắp lên hy vọng, mang lại cuộc đời thứ hai cho biết bao trẻ em Việt Nam không may mắc bệnh"",phu nhânNgô Phương Ly chia sẻ.
Phu nhân Ngô Phương Ly thăm Bệnh viện Nhi Evelina London
ẢNH: BNG
Phu nhân Ngô Phương Ly cho rằng, việc giúp các em nhỏ có được ""cuộc sống bình thường và tương lai tươi sáng hơn"" không chỉ là thành tựu y học, mà còn là minh chứng sống động cho tình người và sự kết nối giữa trái tim với trái tim, vượt qua mọi ranh giới ngôn ngữ và quốc gia.
Phu nhânNgô Phương Ly cho biết, tại Việt Nam, mỗi năm có nhiều trẻ em sinh ra với khiếm khuyết bẩm sinh. Dù đất nước đang phát triển nhanh chóng, song nguồn lực vẫn còn hạn chế, đặc biệt ở vùng sâu, vùng xa - nơi trẻ em khó tiếp cận với dịch vụ y tế chất lượng cao.
Phu nhânNgô Phương Ly thăm khu nội trú tim mạch dành cho bệnh nhi, ân cần hỏi thăm và tặng quà các em nhỏ đang điều trị tại bệnh viện
ẢNH: BNG
Nhờ chuyên môn và tấm lòng nhân hậu của các bác sĩ Bệnh viện Nhi Evelina London, nhiều em nhỏ Việt Nam đã được phẫu thuật thành công, có thể nở nụ cười trọn vẹn đầu tiên sau khi điều trị tật hở hàm ếch, hay bước đi bằng chính đôi chân của mình sau những ca mổ phức tạp.
""Đó là minh chứng rõ nét cho ý nghĩa to lớn của hợp tác y tế quốc tế, là biểu tượng đẹp của tình hữu nghị giữa Việt Nam và Anh"",phu nhânNgô Phương Ly nhấn mạnh.
Phu nhânNgô Phương Ly chụp ảnh lưu niệm với các bác sĩ Bệnh viện Nhi Evelina London
ẢNH: BNG
Đánh giá cao mô hình hợp tác hiệu quả và nhân văn giữa Bệnh viện Nhi Evelina London và các bệnh viện Việt Nam,phu nhânNgô Phương Ly bày tỏ kỳ vọng quan hệ hợp tác này sẽ tiếp tục được mở rộng trong thời gian tới, không chỉ trong khám chữa bệnh, mà còn ở đào tạo, nghiên cứu và phát triển hệ thống y tế nhi khoa hiện đại, vì tương lai khỏe mạnh của trẻ em hai nước."
https://thanhnien.vn/chu-tich-nguyen-van-duoc-trong-10-nam-toi-tphcm-se-dau-tu-xong-he-thong-metro-185251014211804604.htm,"Chủ tịch Nguyễn Văn Được: Trong 10 năm tới, TP.HCM sẽ đầu tư xong hệ thống metro","'Trong 10 năm tới, chúng ta sẽ đầu tư xong hệ thống đường sắt đô thị', Phó Bí thư Thành ủy, Chủ tịch UBND TP.HCM Nguyễn Văn Được nhấn mạnh tại tổ thảo luận số 3, Đại hội Đảng bộ TP.HCM lần thứ I, nhiệm kỳ 2025 - 2030.","Chiều 14.10, các đại biểu dự Đại hội Đảng bộ TP.HCM lần thứ I, nhiệm kỳ 2025 - 2030, chia tổ thảo luận. Phó bí thư Thành ủy, Chủ tịch UBND TP.HCM Nguyễn Văn Được tham gia tổ thảo luận số 3. Tại đây, các đại biểu đã trao đổi về tình trạngkẹt xe,ngập nước, đường sắt đô thị (metro) - vấn đề người dân TP.HCM luôn quan tâm trong nhiều năm qua.
Chủ tịch UBND TP.HCM Nguyễn Văn Được nhấn mạnh việc sáp nhập 3 địa phương (TP.HCM, Bình Dương, Bà Rịa - Vũng Tàu) không phải là phép tính cộng đơn thuần mà là sự cộng hưởng, giao thoa để phát triển.
""Hãy gạt hết tư tưởng cục bộ địa phương. Chúng ta là một, phải đoàn kết, đồng tâm, hiệp lực thực hiện thắng lợi các nhiệm vụ sắp tới"", ông Được đề nghị.
Ông Nguyễn Văn Được, Phó bí thư Thành ủy, Chủ tịch UBND TP.HCM
ẢNH: SỸ ĐÔNG
Về định hướng ""3 vùng, 1 đặc khu, 3 hành lang, 5 trụ cột"" được nêu trong báo cáo chính trị, Chủ tịch UBND TP.HCM cho biết định hướng này dựa trên thế mạnh, đặc điểm kinh tế - xã hội của từng địa phương và phát huy tối đa thế mạnh đó.
Trao đổi thêm về tình trạngkẹt xe,ngập nước, ô nhiễm môi trường, lãnh đạo TP.HCM nhìn nhận đây là bài toán không dễ và TP.HCM sẽ quyết tâm, quyết liệt để giải quyết. Cụ thể, TP.HCM sẽ tập trung các tuyến đường vành đai 2, 3, 4 cũng như hệ thống giao thông đối ngoại từ trung tâm ra các tuyến quốc lộ kết nối vùng.
Riêng mạng lưới đường sắt đô thị, ông Được cho biết nhiều nhà đầu tư đã đăng ký, điển hình như Vingroup, Vietjet,Becamexđã đăng ký thực hiện một số tuyến.
""Trong 10 năm tới, chúng ta sẽ đầu tư xong hệ thống đường sắt đô thị"", Chủ tịch TP.HCM nói.
Ông Trần Quang Lâm, Giám đốc Sở Xây dựng TP.HCM, cho biết bản thân rất trăn trở với việc giải quyết bức xúc của người dân về tình trạng kẹt xe, ngập nước. Sau khi sáp nhập Bình Dương và Bà Rịa - Vũng Tàu, toàn TP.HCM có khoảng 80 điểm ngập. Trước khi sáp nhập, toàn TP.HCM (cũ) chỉ còn chưa tới 20 điểm.
Ông Lâm cho rằng để thực hiện các mục tiêu của đại hội cần phải có quy hoạch, nguồn lực và con người triển khai.
""3 yếu tố này phải chuẩn bị bài bản, căn cơ, thực tâm thì mới bắt tay vào công cuộc đổi mới sắp tới được"", ông Lâm nói.
Ông Trần Quang Lâm, Giám đốc Sở Xây dựng TP.HCM
ẢNH: SỸ ĐÔNG
Ước tính 5 năm tới, TP.HCM cần nguồn vốn hơn 3 triệu tỉ đồng nhưng mới cân đối được hơn 1 triệu tỉ đồng. Ông Lâm nhận định TP.HCM có lợi thế nguồn lực đất đai, nhất là khi luật Đầu tư theo phương thức đối tác công tư và các nghị định hướng dẫn rất rõ, nhất là hình thức BT (xây dựng - chuyển giao) thu hút nhiều nhà đầu tư tham gia. Bên cạnh đó, TP.HCM cũng có thể huy động trái phiếu để làm đường sắt đô thị.
Về nguồn nhân lực, ông Lâm cho biết TP.HCM đang đứng trước cơ hội rất lớn để phát triển trung tâm tài chính, cảng biển, logistics, đường sắt nên cần giải pháp bổ sung nguồn nhân lực cho các lĩnh vực mũi nhọn.
Riêng lĩnh vực đường sắt rất cần thu hút chuyên gia quốc tế, những người tài giỏi trong nước, kiến trúc sư, người có kinh nghiệm khu vực ngoài nhà nước.
""Hiện việc tuyển dụng công chức, viên chức vướng quy định nên rất khó. Chúng tôi muốn tuyển một anh tư vấn rất giỏi về làm phó phòng đường sắt nhưng rất khó, đặc biệt là trong giai đoạn này đang tinh giảm biên chế"", ông Lâm chia sẻ.
Ông Bùi Tá Hoàng Vũ, Giám đốc Sở Công thương TP.HCM, cho biết với sau khi hợp nhất, TP.HCM đã hội tụ đầy đủ những yếu tố cần thiết để trở thành một cực công nghiệp công nghệ cao hàng đầu Đông Nam Á.
Ông Bùi Tá Hoàng Vũ, Giám đốc Sở Công thương TP.HCM
ẢNH: SỸ ĐÔNG
Ông Vũ cho rằng cần ưu tiên vốn ODA và vốn trái phiếu Chính phủ cho các dự án hạ tầng giao thông chiến lược: cao tốc, đường sắt, kết nối cảng, sân bay tại TP.HCM; phát triển các dự án năng lượng tái tạo quốc gia tại khu vực Bà Rịa - Vũng Tàu, Cần Giờ.
Giám đốc Sở Công thương cũng đề xuất cơ quan Trung ương cho phép TP.HCM thực hiện một số cơ chế đặc thù như cung cấp dịch vụ công ""một cửa tại chỗ"" tại các khu công nghiệp, khu chế xuất, khu công nghệ cao phục vụ nhà đầu tư."
https://thanhnien.vn/tiep-tuc-sap-xep-cac-cuc-vu-thuoc-bo-nganh-tu-185251007003908368.htm,"Tiếp tục sắp xếp các cục, vụ thuộc bộ, ngành T.Ư","Chiều tối 6.10, Thủ tướng Phạm Minh Chính đã chủ trì họp Ban chỉ đạo của Chính phủ về tổng kết Nghị quyết số 18 về sắp xếp đơn vị sự nghiệp công lập thuộc các bộ, ngành, địa phương.","Thực hiện Văn bản số 59 củaBan chỉ đạo T.Ưvề tổng kết Nghị quyết 18, Ban chỉ đạo của Chính phủ đã ban hành Kế hoạch 130 về sắp xếp đơn vị sự nghiệp công lập, doanh nghiệp nhà nước, tổ chức bên trong hệ thống hành chính nhà nước.
Theo đó, ở T.Ư tiếp tục rà soát, sắp xếp tinh gọn tổ chức bộ máy trong các bộ, cơ quan ngang bộ, cơ quan thuộc Chính phủ, nhất là các đơn vị cấp vụ, cục trực thuộc bộ, ngành, bảo đảm không trùng lặp về chức năng, nhiệm vụ; thực hiện nghiêm chủ trương không thành lập phòng trong vụ trực thuộc bộ, ngành.
Ở địa phương, rà soát, khẩn trương ban hành quy định về chức năng, nhiệm vụ, tổ chức bộ máy của các cơ quan, đơn vị, tổ chức cấp tỉnh, cấp xã, nhất là các cơ quan, đơn vị, tổ chức sau hợp nhất, sáp nhập theo mô hình mới. Tiếp tục nghiên cứu, đề xuất phương án sắp xếp tinh gọn các tổ chức bên trong của các ban, sở, ngành, cơ quan, đơn vị cấp tỉnh.
Đánh giá cao tinh thần khẩn trương của các bộ, ngành, địa phương,Thủ tướngyêu cầu tiếp tục rà soát tổng thể quá trình thực hiện các nghị quyết, văn bản kể trên, đồng thời đối chiếu với các cơ sở chính trị khác có liên quan như Nghị quyết số 71, Nghị quyết số 72 của Bộ Chính trị vừa ban hành để có phương án tối ưu nhất có thể.
Thủ tướng cũng yêu cầu Bộ Nội vụ hướng dẫn các bộ, ngành, địa phương tiếp tục sắp xếp đơn vị sự nghiệp, doanh nghiệp nhà nước và đầu mối bên trong các cơ quan, tổ chức trong hệ thống chính trị.
Tối cùng ngày,Thủ tướng Phạm Minh Chínhchủ trì cuộc họp Thường trực Chính phủ với các địa phương để tháo gỡ khó khăn, vướng mắc cho các dự án, đất đai."
https://thanhnien.vn/niem-tin-gui-dang-xay-dung-vung-chac-the-tran-long-dan-tren-khong-gian-mang-185251105203718936.htm,Niềm tin gửi Đảng: Xây dựng vững chắc thế trận lòng dân trên không gian mạng,"Internet, mạng xã hội đang trở thành không gian sống thứ hai, nơi công dân tiếp nhận, chia sẻ thông tin và bày tỏ quan điểm, cảm xúc. Vì thế, xây dựng ""thế trận lòng dân"" trên không gian mạng trở thành nhiệm vụ chiến lược để củng cố nền tảng tư tưởng của Đảng, tạo sức mạnh đại đoàn kết trong kỷ nguyên mới.","Dự thảo Văn kiệnĐại hội XIV của Đảngnhấn mạnh: ""Bảo vệ vững chắc an ninh quốc gia, an ninh con người, an ninh kinh tế,an ninh mạng; ngăn ngừa, đẩy lùi từ sớm các nhân tố gây mất ổn định chính trị từ bên trong; giữ vững an ninh chính trị, trật tự, an toàn xã hội; giữ vững và củng cố môi trường hòa bình để xây dựng, phát triển đất nước"".
Đây là định hướng có ý nghĩa chiến lược, thể hiện tầm nhìn của Đảng trong bối cảnh toàn cầu hóa thông tin, khi mặt trận tư tưởng vượt khỏi giới hạn của đời sống thực, mở rộng trên không gian mạng - nơi thông tin đan xen, lan tỏa với sự phức tạp và tốc độ chưa từng có.
Bảo vệ nền tảng tư tưởng của Đảng trên không gian mạng là cuộc đấu tranh không tiếng súng với những kẻ thù ẩn danh, giấu mặt, đòi hỏi bản lĩnh chính trị, năng lực truyền thông và niềm tin vững vàng. Nhiệm vụ ấy càng cấp bách khi Việt Nam hiện có hơn 79,8 triệu người dùng internet, trong đó 76,2 triệu tài khoản mạng xã hội (MXH) đang hoạt động, chiếm 75,2% dân số. Mỗi ngày, hàng triệu thông tin được đăng tải, chia sẻ, có thể lan tỏa năng lượng tích cực, cũng có thể trở thành ""viên đạn vô hình"" phá hoại niềm tin cộng đồng nếu thiếu sự định hướng và kiểm chứng.
T.Ư Đoàn TNCS Hồ Chí Minh tổ chức hội nghị sơ kết 3 năm thực hiện chương trình “Giáo dục lý tưởng cách mạng, đạo đức, lối sống văn hóa cho thanh niên, thiếu niên, nhi đồng trên không gian mạng giai đoạn 2023 - 2030”
ẢNH: ĐÌNH HUY
Thực tiễn cho thấy, an ninh tư tưởng và an ninh mạng đang ngày càng gắn bó chặt chẽ. Các lực lượng thù địch vẫn luôn lợi dụng MXH để phủ nhận vai trò lãnh đạo của Đảng, xuyên tạc lịch sử, kích động chia rẽ dân tộc, kêu gọi biểu tình, bạo loạn dưới vỏ bọc ""tự do - dân chủ"". Trong khi đó, ""sức miễn dịch thông tin"" của một bộ phận xã hội còn hạn chế, việc nhận diện và xử lý thông tin xấu, độc trên không gian mạng ở một số thời điểm còn chậm, làm gia tăng nguy cơ mất an ninh tư tưởng.
Từ đó, Dự thảo Văn kiện cần định hướng, làm rõ hơn về tăng cường sức đề kháng xã hội trongkỷ nguyên số. Đây không chỉ nói về năng lực công nghệ, mà còn là năng lực chính trị, văn hóa ứng xử và đạo đức trên môi trường số. Tăng cường sức đề kháng cũng chính là củng cố thế trận lòng dân trên không gian mạng, tạo niềm tin, đồng thuận, thống nhất ý chí và hành động trong toàn xã hội. Sức đề kháng không chỉ nhằm phòng thủ mà còn hướng tới miễn dịch chủ động, tức tăng cường khả năng phát hiện, phân tích, phản ứng và phản biện kịp thời trước thông tin xấu, độc.
Tỉnh đoàn Quảng Nam trao 500 suất học bổng để các cán bộ Đoàn có cơ hội học tập, thực hành các công cụ AI hiện đại, áp dụng vào thực tiễn công tác tuyên truyền thời đại số
ẢNH: THÀNH ĐẠT
Có thể xem xét bổ sung vào Dự thảo Văn kiện các giải pháp như: Xây dựng chương trình quốc gia về nâng cao sức đề kháng về tư tưởng - văn hóa trên không gian mạng. Đưa nội dung ""kỹ năng nhận diện thông tin sai lệch, kỹ năng truyền thông chính trị trên nền tảng số"" vào chương trình giáo dục công dân, đào tạo cán bộ và đảng viên, để góp phần nâng cao sức đề kháng trên không gian mạng của toàn xã hội.
Dự thảo Văn kiện nhấn mạnh: ""Xây dựng ""thế trận lòng dân"" gắn với thế trận quốc phòng toàn dân và thế trận an ninh nhân dân vững chắc; thiết lập thế trận quốc phòng, an ninh liên hoàn bên trong, bên ngoài biên giới quốc gia và trên không gian mạng"".
Điểm mới này có ý nghĩa lý luận và thực tiễn sâu sắc, thể hiện sự phát triển trong nhận thức của Đảng về vai trò của nhân dân trong sự nghiệp bảo vệ Tổ quốc và chế độ XHCN trong kỷ nguyên số. Đề nghị Dự thảo Văn kiện làm rõ hơn nội hàm ""thế trận lòng dân"" trong điều kiện chuyển đổi số, khi lòng dân được biểu hiện không chỉ qua sinh hoạt xã hội thực, mà còn qua các nền tảng mạng, phản ánh dư luận, niềm tin và sự đồng thuận trực tuyến. Từ quan điểm đó, đặt ra yêu cầu xây dựng ""thế trận lòng dân số"". Đây không chỉ là bổ sung về mặt thuật ngữ, mà còn đặt ra yêu cầu về tổ chức lực lượng, điều phối dữ liệu và ứng dụng công nghệ để nắm bắt, phân tích, phản hồi dư luận xã hội trên không gian số một cách khoa học và kịp thời.
Có thể cụ thể hóa một số giải pháp như: Nghiên cứu xây dựng và công bố định kỳ ""Chỉ số niềm tin xã hội"" (Social Trust Index) để đo lường niềm tin, sự đồng thuận của nhân dân đối với Đảng và nhà nước; xây dựng hệ thống phân tích dữ liệu dư luận xã hội số quốc gia; xây dựng cơ chế phản ứng nhanh, định hướng thông tin chính thống trước các vụ việc gây nhiễu; ban hành Chiến lược an ninh tư tưởng số...
Công an tỉnh Lâm Đồng vận hành Trung tâm giám sát an toàn, an ninh mạng tập trung
ẢNH: LÂM VIÊN
Đảm bảo an ninh mạng luôn liên hệ mật thiết, không thể tách rời nhiệm vụ bảo vệ nền tảng tư tưởng của Đảng; các nhiệm vụ này cần được triển khai đồng bộ, gắn với công tác tuyên giáo, dân vận, thông tin - truyền thông và đối ngoại.
Để chủ động ứng phó, bảo vệ nền tảng tư tưởng của Đảng trên không gian mạng, Dự thảo Văn kiện có thể bổ sung thêm các định hướng, như: Đẩy mạnh giáo dục, lan tỏa giá trị chủ nghĩaMác - Lênin, tư tưởng Hồ Chí Minh trên nền tảng số; phát triển các kênh truyền thông chính trị hiện đại, ứng dụng học tập trực tuyến, hệ thống dữ liệu mở về các giá trị tư tưởng - văn hóa quốc gia.
Đặc biệt, cần cụ thể hóa vai trò tiên phong của cán bộ, đảng viên trong tuyên truyền, định hướng và lan tỏa giá trị tích cực trên không gian mạng. Mỗi cán bộ, đảng viên cần thực sự là ""người gieo, giữ niềm tin"" trong thời đại số; tiên phong nói điều đúng, làm điều phải, thể hiện bản lĩnh vững vàng và văn hóa ứng xử mẫu mực trên không gian mạng. Cùng với đó, cần thiết lập và khơi thông mạnh mẽ dòng chảy tích cực trên MXH. Lấy ""xây"" để ""chống"", dùng ""đẹp"" để dẹp ""xấu"", lấy tích cực lấn át tiêu cực.
Các cơ quan làm công tác thông tin tuyên truyền, giáo dục chính trị - tư tưởng cần đổi mới nội dung, phương thức, sáng tạo hơn nữa các sản phẩm truyền thông hiện đại, ngắn gọn, hấp dẫn như video clip, podcast, đồ họa, nền tảng tương tác… Mỗi câu chuyện đẹp, mỗi tấm gương sáng, mỗi việc làm tử tế khi được lan tỏa trên không gian mạng chính là viên gạch niềm tin góp phần xây nên ""pháo đài lòng dân"" vững chắc.
Song song đó, có thể bổ sung các giải pháp để phát huy hiệu quả hệ thống phân tích dữ liệu MXH và các công cụ giám sát thông tin xấu, độc để kịp thời phát hiện, xử lý, định hướng dư luận. Việc hình thành đội ngũ chuyên gia truyền thông số, tuyên truyền viên MXH có bản lĩnh chính trị, năng lực phân tích, sáng tạo nội dung, sẽ tạo nên những ""địa chỉ đỏ"" dẫn dắt dòng chảy thông tin tích cực, củng cố niềm tin xã hội.
Đối với mục tiêu ""Phát triển mạnh mẽ, toàn diện văn hóa và con người VN"", Dự thảo có thể bổ sung định hướng bồi dưỡng văn hóa ứng xử, năng lực số và trách nhiệm công dân trên không gian mạng. Mỗi người dân cần được khuyến khích hình thành thói quen sử dụng MXH văn minh, tôn trọng sự thật, chia sẻ thông tin tích cực, chủ động phản bác quan điểm sai trái, góp phần xây dựng môi trường mạng lành mạnh, nhân văn, trở thành một biểu hiện cụ thể của ""con người Việt Nam thời đại số"".
Ba trụ cột - bảo vệ nền tảng tư tưởng của Đảng, xây dựng thế trận lòng dân, giữ vững an ninh mạng - tạo nên ""lá chắn mềm"" bảo vệ Tổ quốc trong kỷ nguyên số. Dự thảo Văn kiện Đại hội XIV của Đảng đã đặt nền móng vững chắc cho những trụ cột đó. Việc cụ thể hóa bằng cơ chế linh hoạt, công cụ đo lường hiệu quả và phương thức tuyên truyền sáng tạo sẽ giúp ""ý Đảng"" hòa quyện với ""lòng dân"", sức mạnh tinh thần của quốc gia được tăng cường, củng cố."
https://thanhnien.vn/nguoi-truong-ban-cua-long-dan-185251109190312279.htm,Người trưởng bản của lòng dân,"Giữa núi rừng Tây Bắc, trưởng bản Mùa A Thi (26 tuổi, đồng bào dân tộc Mông) là điểm tựa vững chắc cho cả cộng đồng. Giữa đêm mưa lũ, anh đã lao vào vùng nguy hiểm để cứu cả bản Háng Pu Xi thoát khỏi tử thần.","Ở bản Háng Pu Xi, xã Xa Dung, tỉnh Điện Biên, cuộc sống của bà conđồng bào Môngvẫn còn nhiều gian khó. Cũng chính trên mảnh đất ấy, có một trưởng bản trẻ tuổi nhưng đầy quả cảm và giàu tình yêu thương. Sinh năm 1999, dù hoàn cảnh khó khăn như bao người dân nơi đây, anh Mùa A Thi vẫn cố gắng học hết lớp 12 vào năm 2019. Anh xác định gác lại những giấc mơ xa hơn để phụ giúp bố mẹ công việc nương rẫy. Vì muốn gìn giữ nét đặc sắc của dân tộc, anh là người duy nhất trong bản đi học Lý - một nghi lễ không thể thiếu trong các đám tang của người Mông, mang ý nghĩa tiễn đưa linh hồn người đã khuất về với tổ tiên.
Anh Mùa A Thi được tuyên dương Thanh niên sống đẹp năm 2025
ẢNH: VŨ THƠ
Giữa lúc nhiều giá trị truyền thống đang dần mai một, việc mộtngười trẻnhư Mùa A Thi vẫn nặng lòng với văn hóa cội nguồn khiến bà con vô cùng quý mến. Anh không chỉ là một thanh niên chăm chỉ, mà còn là người kết nối quá khứ với hiện tại, là sợi dây tinh thần gắn kết cộng đồng. Vì thế, năm 2022, anh được bà con tín nhiệm bầu làm trưởng bản khi mới 23 tuổi. Ở cái tuổi mà nhiều người còn đang loay hoay tìm hướng đi cho mình thì Mùa A Thi đã gánh vác cả một bản làng.
Làm trưởng bản, Mùa A Thi hiểu trách nhiệm của anh là làm sao để cuộc sống của 72 hộ dân với gần 400 nhân khẩu trong bản ngày một tốt hơn. Và anh đã bắt đầu hành trình của mình bằng những hành động nhỏ bé nhưng đầy ý nghĩa.
Nhận thấy cuộc sống của bà con bấp bênh vì quá phụ thuộc vào cây ngô, cây sắn, Mùa A Thi tích cực vận động dân bản thay đổi tư duy sản xuất. Anh đi đầu trong việc tuyên truyền các dự án của nhà nước, thuyết phục bà con nhận bò giống để phát triển chăn nuôi, tạo thêm nguồn thu nhập. Gần đây nhất, anh miệt mài gõ cửa từng nhà để vận động bà con tham gia dự án trồng cà phê giai đoạn 2024 - 2025, với hy vọng cây trồng mới sẽ mang lại sự ổn định và bền vững lâu dài.
Một dấu ấn sâu đậm khác mà anh Mùa A Thi để lại trong lòng người dân Háng Pu Xi là nỗ lực không mệt mỏi vận động các gia đình cho con em đến trường. Anh thấu hiểu hơn ai hết rằng chỉ có con đường học vấn mới có thể giúp thế hệ tương lai thoát khỏi vòng luẩn quẩn của đói nghèo. Trước đây, tình trạng học sinh, đặc biệt là các em vừa học xong lớp 9, bỏ học để ở nhà phụ giúp gia đình là một vấn đề nhức nhối. Anh Mùa A Thi đã không quản ngại khó khăn, đến từng nhà, kiên trì phân tích, thuyết phục cả phụ huynh và các em.
Bằng tấm lòng chân thành và lý lẽ thuyết phục, anh đã vận động thành công gần chục em quay trở lại trường học. Nhiều em trong số đó hiện đang học lớp 12, một số khác thìhọc nghềở trung tâm tỉnh, mở ra một tương lai tươi sáng hơn. Hành động của anh không chỉ thay đổi cuộc đời của một vài cá nhân, mà còn gieo vào nhận thức của cộng đồng niềm tin mãnh liệt về giá trị của tri thức.
Tên tuổi của trưởng bản Mùa A Thi có lẽ sẽ chỉ được biết đến trong phạm vi bản làng, nếu không có cái đêm định mệnh 1.8.2025. Đêm đó, mưa xối xả trút xuống núi rừng Xa Dung. Khoảng 3 giờ sáng, khi cả bản đang chìm trong giấc ngủ, thấy nước tràn vào nhà, Mùa A Thi nhận định thảm họa có thể xảy ra, nên gọi điện cho các gia đình ở những vùng nguy hiểm để nắm bắt tình hình. Nhận thấy nguy cơ sạt lở đất, anh cấp báo chính quyền, đồng thời lập tức chạy bộ đến khu vực nguy hiểm kêu gọi bà con di dời khẩn cấp. Cùng với Bí thư Chi bộ và một đội thanh niên trong bản, anh lao vào từng nhà, dìu dắt người già, bế ẵm trẻ nhỏ chạy đua với tử thần.
Anh Mùa A Thi (bìa phải) cùng lực lượng chức năng tìm kiếm nạn nhân bị vùi lấp do sạt lở đất
ẢNH: XUÂN TƯ
Trong cuộc chạy đua giành giật sự sống ấy, có 3 cụ già nhất quyết không chịu rời đi. Anh Mùa A Thi đã bình tĩnh và kiên nhẫn thuyết phục: ""Đất đá đã rơi xuống thế này rồi, trời thì tối không có đèn pin, các con cháu thì đang khóc. Con mong các cụ hãy đi theo chúng con, để sáng mai trời yên, mình lại về xem xét tình hình"". Lời nói chân thành, đầy trách nhiệm của ngườitrưởng bảntrẻ đã lay động các cụ. Cuối cùng, cả 3 cụ đồng ý rời đi và được đưa đến nơi an toàn. Chỉ sau vài phút, đất đá sầm sập đổ xuống vùi lấp cả một bản làng. Hơn 90 người dân thoát chết trong gang tấc.
Thế nhưng, cũng rất xót xa khi trận sạt lở kinh hoàng đã cướp đi sinh mạng của 2 em nhỏ. Thời điểm đó, bố mẹ đi vắng, đất đá đổ xuống ngôi nhà khi 2 em đang ngủ say… Kể lại câu chuyện, giọng trưởng bản Mùa A Thi chùng xuống, đầy day dứt: ""Rất đau xót... Mình không cứu được hai em bé"". Nỗi đau đó là một vết sẹo không bao giờ lành trong trái tim người trưởng bản, một lời nhắc nhở đau đớn về sự tàn khốc của thiên tai.
Là một trong những người dân thoát nạn trong gang tấc, anh Mùa Chứ Pó vô cùng cảm phục tinh thần quả cảm của trưởng bản Mùa A Thi: ""Chúng tôi được giục chạy sang nhà trường bên kia suối để tránh lũ. Ai cũng được dặn cứu người mới quan trọng, nhà cửa, tài sản tính sau. Các con tôi chuyển sang bên kia an toàn nhưng tài sản thì mất hết theo lũ dữ. Gia đình tôi và nhiều người dân trong bản ai cũng thấy biết ơn trưởng bản"".
Sau trận lũ, cuộc sống của người dân Háng Pu Xi càng thêm chồng chất khó khăn. Bản thân gia đình anh Mùa A Thi cũng chịu thiệt hại nặng nề. Một trong 2 ô ruộng lớn, nguồn sống chính của cả nhà, bị đất đá vùi lấp hoàn toàn. Chi phí để khắc phục ước tính lên đến hơn 100 triệu đồng - con số khổng lồ đối với một gia đình nông dân nghèo. Tuy nhiên, ngay cả khi đối mặt với mất mát của riêng mình, anh vẫn đặt nỗi lo chung của cộng đồng lên trên hết.
Trong nghịch cảnh, tinh thần quả cảm và tấmlòng nhân áicủa anh Mùa A Thi lại tỏa sáng. Tháng 10 vừa qua, khi nghe tin đồng bào ở Nghệ An phải gánh chịu hậu quả nặng nề của bão lũ, người trưởng bản trẻ không ngần ngại đứng ra vận động bà con trong bản quyên góp ủng hộ. Anh chia sẻ một cách giản dị: ""Lúc mình gặp khó khăn thì bà con nơi khác cũng hỗ trợ mình. Bây giờ bà con ở Nghệ An khó khăn hơn, mình có ít giúp ít, có nhiều giúp nhiều"".
Lời kêu gọi của anh đã chạm đến trái tim của mỗi người dân. Từ những đồng tiền chắt chiu, từ những sản vật ít ỏi còn lại sau trận lũ, bà con đã cùng nhau quyên góp được hơn 4 triệu đồng. Số tiền tuy không lớn nhưng chứa đựng tình yêu thương, sự sẻ chia và tinh thần ""lá lành đùm lá rách"" của những con người dù nghèo về vật chất nhưng vô cùng giàu có về tình người.
Hành động ấy của trưởng bản Mùa A Thi và người dân Háng Pu Xi đã viết nên một câu chuyện cổ tích giữa đời thường, lan tỏa tình nghĩa đồng bào trong lúc khó khăn. Anh là tấm gương sáng cho thế hệ trẻ đồng bào các dân tộc, những người đang ngày đêm cống hiến để xây dựng quê hương ngày một ấm no, hạnh phúc hơn. Với những đóng góp đó, anh Mùa A Thi đã được Thủ tướng Chính phủ tặng bằng khen; được trao tặng Huân chương Lao động hạng nhất; được T.Ư Đoàn, T.Ư Hội Liên hiệp thanh niên VN tuyên dương là Thanh niên sống đẹp năm 2025."
https://thanhnien.vn/chung-dong-mau-lac-hong-nguoi-phu-nu-giup-dan-lam-giau-tren-cao-nguyen-da-185251101221115795.htm,Chung dòng máu Lạc Hồng: Người phụ nữ giúp dân làm giàu trên cao nguyên đá,"Từ hai bàn tay trắng với vài triệu đồng tiền mừng cưới, chị Lù Thị Tuyên (dân tộc Nùng, 42 tuổi, ở xã Quản Bạ (Hà Giang cũ), tỉnh Tuyên Quang) đã xây dựng một doanh nghiệp nông sản trị giá hàng chục tỉ đồng và thay đổi cuộc sống hàng trăm hộ nông dân trên cao nguyên đá Hà Giang.","Năm 2003, cô gái Lù Thị Tuyên (sinh năm 1983) bước vào cuộc sống hôn nhân với hành trang gần như là con số không về kinh tế. Vốn liếng duy nhất của hai vợ chồng trẻ khi ấy là 3 - 4 triệu đồng tiền mừng cưới. ""Chúng tôi khởi nghiệp chỉ có 3 không"", chị tâm sự. ""3 không"", theo chị Tuyên, gồm: không đất đai nhiều, không kinh nghiệm thương trường, nhưng họ không cam chịu, với một ý chí sắt đá để thoát nghèo.
Trước cảnh làm nông nghiệp manh mún, chỉ đủ ăn, chị Tuyên quyết định thử sức khởi nghiệp. Với số vốn ít ỏi, chị đầu tư vào thứ mà mảnh đất quê hương sẵn có là củ gừng. Chị mua khoảng 3 - 4 tạ gừng, bắt đầu hành trình buôn bán nông sản đầu tiên. Những ngày tháng sau đó là chuỗi ngày làm việc không ngừng nghỉ. Từ trồng rau, nuôi gần trăm con heo đến mua xe ben chở vật liệu xây dựng, bất cứ việc gì có thể tạo ra thu nhập, vợ chồng chị đều không nề hà.
Chị Lù Thị Tuyên(bìa trái)cùng các đại biểu được lãnh đạo Đảng, Nhà nước, MTTQ VN gặp mặt trong dịp Kỷ niệm 80 năm Cách mạng Tháng Tám và Quốc khánh 2.9
ẢNH: CTV
Bước ngoặt đến vào năm 2019, khi chị tham gia và đoạt giải trong một cuộc thi khởi nghiệp dành cho phụ nữ do tỉnh Hà Giang (cũ) tổ chức. Đây không chỉ là sự công nhận cho những nỗ lực không mệt mỏi mà còn là động lực để chị tin vào một con đường lớn hơn. Ngay cả trong giai đoạn đại dịch Covid-19, sự nhạy bén đã giúp chị chuyển hướng sang trồng nấm tươi, cung cấp hơn 1 tấn nấm cho thị trường, chứng tỏ khả năng xoay xở linh hoạt trước nghịch cảnh.
Chị Lù Thị Tuyên(bìa trái)thu mua nông sản của nông dân
ẢNH: CTV
Thấu hiểu những khó khăn của người dân quê mình là thiếu vốn, thiếu kỹ thuật và đặc biệt là đầu ra bấp bênh, chị Tuyên đã xây dựng mô hình liên kết sản xuất khép kín, một cuộc cách mạng thực sự trên mảnh đất Quản Bạ. Chị thành lập Công ty TNHH MTV Thiên Phú SH, không chỉ để kinh doanh mà còn trở thành ""bà đỡ"" cho nông sản địa phương.
Mô hình của Thiên Phú SH vận hành dựa trên sự tin tưởng và chia sẻ rủi ro tuyệt đối. Đó là đầu tư toàn diện: công ty cung cấp toàn bộ vật tư đầu vào cho bà con, từ hạt giống, phân bón đến các vật dụng cần thiết như lưới, dây leo. ""Bà con chỉ bỏ tiền công và đất ra làm thôi"", chị Tuyên chia sẻ. Bên cạnh đó, chị và đội ngũ của mình trực tiếp hướng dẫn kỹ thuật trồng trọt, thời điểm xuống giống, cách chăm sóc để đạt năng suất cao nhất. Đặc biệt công ty bao tiêu 100% sản phẩm. Đây chính là chìa khóa tạo nên sự khác biệt. Nông dân không còn phải lo lắng về đầu ra. Mọi sản phẩm đạt chất lượng đều được công ty thu mua với việc minh bạch giá, được thông tin từng ngày.
Chị Lù Thị Tuyên tham gia cuộc gặp mặt với lãnh đạo Đảng, Nhà nước, MTTQ VN
ẢNH: CTV
Từ vài hộ ban đầu, mô hình đã nhanh chóng lan tỏa. Đến nay, công ty của chị Tuyên đã liên kết với khoảng 10 nhóm sản xuất, mỗi nhóm có khoảng 40 hộ gia đình, tạo thành mạng lưới gần 400 hộ nông dân cùng làm, cùng hưởng lợi. Các trưởng nhóm không chỉ điều phối sản xuất mà còn được trả 500 đồng/kg nông sản thu mua, tạo thêm một nguồn thu nhập ổn định.
Sự ra đời của mô hình Thiên Phú SH đã làm thay đổi bộ mặt kinh tế của nhiều gia đình tại Quản Bạ và các vùng lân cận. Từ chỗ thu nhập vài chục triệu đồng mỗi năm, nhiều hộ dân đã có thu nhập lên tới hàng trăm triệu đồng.
Chị Lù Thị Tuyên khởi nghiệp với Công ty TNHH MTV Thiên Phú SH
ẢNH: CTV
Một ví dụ điển hình là cây dưa chuột Hà Giang, dưới sự tổ chức của chị, đã trở thành một đặc sản có giá trị cao. ""Các thương lái cũng khẳng định dưa Hà Giang có giá trị nhất"", chị cho biết. Vào thời điểm cao giá, một cân dưa chuột bán tại vườn có thể lên tới 14.000 đồng, một con số mơ ước đối với nông sản vùng cao. Không chỉ dừng lại ở dưa chuột, công ty của chị còn bao tiêu các mặt hàng như cà chua, bí, lạc đỏ, đậu tương, ngô ngọt và gừng. Mỗi ngày, 3 chiếc xe tải của công ty tỏa đi các ngả, thu mua hàng chục tấn nông sản, rồi xuôi về các chợ đầu mối lớn ở Hà Nội cung cấp cho các công ty chế biến, xuất khẩu.
Hiện Công ty Thiên Phú SH đã trở thành doanh nghiệp lớn mạnh, doanh thu hằng năm lên tới hàng chục tỉ đồng. Mô hình đã liên kết sản xuất, tạo việc làm cho khoảng 1.200 hội viên/năm; hỗ trợ tiêu thụ 950 - 1.000 tấn nông sản/năm, cấp phân bón hơn 1.000 tấn/năm và thuốc bảo vệ thực vật trị giá 1 tỉ đồng/năm.
Điều làm nên sự khác biệt và bền vững trong mô hình của chị Lù Thị Tuyên không chỉ nằm ở chiến lược kinh doanh thông minh, mà còn ở một trái tim nhân hậu luôn hướng về cộng đồng. Chị hiểu sâu sắc rằng, với người nông dânHà Giang, khó khăn lớn nhất không phải là sự vất vả, mà là sự khắc nghiệt và khó lường của thiên tai.
Chính vì vậy, chị đã xây dựng một chính sách hỗ trợ rủi ro đầy nhân văn, hoạt động như một ""tấm khiên"" vững chắc bảo vệ người nông dân. Khi có hộ gia đình trong mạng lưới liên kết không may bị thiên tai tàn phá, quy trình hỗ trợ của công ty được kích hoạt lập tức. Toàn bộ chi phí vật tư đầu vào mà công ty đã cung cấp đầu vụ, bao gồm giống, phân bón, thuốc bảo vệ thực vật đều được hỗ trợ. ""Có những nhà bị lũ quét mất hết thì công ty sẽ hỗ trợ, không phải thanh toán nữa, để họ cố gắng hơn"", chị tâm sự. Điều này giúp các gia đình không bị gánh nặng nợ nần, có đủ can đảm và nguồn lực để gượng dậy, tái sản xuất cho vụ mùa tiếp theo.
Mỗi năm, có khoảng 5 - 10 hộ gia đình nhận được sự hỗ trợ đặc biệt này. Việc làm của chị Tuyên là liều thuốc tinh thần quý giá, thắp lên niềm tin và sự đoàn kết. Nó biến mối quan hệ giữa doanh nghiệp và nông dân trở thành một liên minh cộng sinh bền chặt, nơi rủi ro được chia sẻ và thành công được nhân lên, tạo dựng nên một cộng đồng nông nghiệp kiên cường và vững mạnh giữa muôn vàn khó khăn củacao nguyên đá. Công ty của chị còn hỗ trợ miễn phí phân bón cho trường học để khuyến khích trồng cây xanh ở trường. ""Tôi mong muốn bà con biết chuyển đổi cơ cấu cây trồng, cùng nhau phát triển"", đó là tâm nguyện giản dị của chị với mong muốn gieo những mầm xanh no ấm và hy vọng trên khắpcao nguyên đáHà Giang.
Với những đóng góp to lớn cho cộng đồng, năm 2019, chị Lù Thị Tuyên được Chủ tịch UBND tỉnh Hà Giang cũ tặng bằng khen trong phong trào khởi nghiệp phát triển kinh tế. Năm 2025, chị Tuyên vinh dự là một trong những đại biểu tiêu biểu đại diện cho các tầng lớp nhân dân toàn quốc, tham gia cuộc gặp mặt của lãnh đạo Đảng, Nhà nước, MTTQ VN trong dịp Kỷ niệm 80 năm Cách mạng Tháng Tám và Quốc khánh 2.9.
Bà Thèn Thị Nghiệp (45 tuổi, dân tộc Nùng), tổ trưởng của ""Nhóm dưa bản Thăng"", một trong 40 nhóm nông dân do chị Tuyên tổ chức, đánh giá cao sự giúp đỡ của chị Tuyên trong việc hỗ trợ nông dân làm kinh tế và thoát nghèo. Theo bà Nghiệp, chị Tuyên đã có công đưa các giống cây trồng mới, cho năng suất cao về địa phương, cung cấp trước các vật tư nông nghiệp như phân bón, thuốc bảo vệ thực vật, giúp bà con có điều kiện sản xuất, từ đó tăng năng suất và thu nhập. Bà Nghiệp chia sẻ, trước khi quen biết chị Tuyên, gia đình bà chủ yếu chăn nuôi và trồng các loại cây truyền thống như lúa, ngô. Sau khi được chị Tuyên hỗ trợ chuyển đổi sang trồng các loại hoa màu có giá trị kinh tế cao hơn, kinh tế gia đình đã cải thiện rõ rệt. Bà Nghiệp đã hợp tác với chị Tuyên theo mô hình này được 3 năm và khẳng định đây là cách làm rất hiệu quả."
https://thanhnien.vn/chung-dong-mau-lac-hong-nghia-cu-cua-gia-dinh-nguoi-bao-ve-185251031081156332.htm,Chung dòng máu Lạc Hồng: Nghĩa cử của gia đình người bảo vệ,"Mảnh đất ấy, tính ra trị giá hàng trăm triệu đồng nhưng với ông NguyễnBinhvà người cha đã khuất, cái quý nhất không nằm ở tiền bạc mà ở chỗ mảnh đất trở thành ""mái nhà"" chung để thôn xóm quây quần, đoàn kết.","PVThanh Niêntìm về vùng đất Vạn Tường (Quảng Ngãi), nơi Khu kinh tế Dung Quất sôi động từng ngày với những đoàn xe nối dài chở vật liệu, thép, dầu khí…, để nghe câu chuyện gia đình ông Nguyễn Binh (58 tuổi) ở thôn Tuyết Diêm 3 - người làm nghề bảo vệ với mức lương chỉ 5 triệu đồng/tháng nhưng đã cùng gia đình 2 lần tự nguyện hiến hơn 1.500 m² đất cho thôn.
Ông Nguyễn Binh, người đã cùng gia đình 2 lần hiến gần 1.500 m² đất cho thôn, xã
ẢNH: PHẠM ANH
Thôn Tuyết Diêm 3 là vùng bán nông bán hải, nằm kề bên các nhà máy cao ngất của Dung Quất. Hơn 2 thập niên trước, người dân nơi đây sinh hoạt rất khó khăn. Mỗi lần họp thôn, họ phải mượn tạm nơi họp, có khi mượn cả phòng học của nhà trường. Mùa hè thì nóng hầm hập, mùa mưa mái tôn kêu ầm ầm, nước nhỏ giọt ròng ròng. Có khi đang họp phải bỏ ngang.
Trước tình cảnh ấy, chính quyền xã Bình Thuận (cũ, nay thuộc xã Vạn Tường) kêu gọi người dânhiến đấtxây nhà văn hóa thôn. Ông Nguyễn Chi (cha của ông Nguyễn Binh, đã qua đời năm 2015), khi đó là Chủ tịch Hội Nông dân xã Bình Thuận, trăn trở: ""Nhà có mấy ngàn mét đất, mình không hiến thì ai hiến? Bà con cần chỗ sinh hoạt đàng hoàng, phải lo cho thôn thôi"". Nghĩ là làm, ông gọi vợ con lại bàn. Nói là bàn tính nhưng cũng chỉ ""hỏi ý"" cho có, bởi ông đã sẵn quyết định: hiến ngay 1.000 m² đất.
""Ban đầu, anh em trong nhà cũng tiếc chứ, vì đất là tài sản của cả đời. Nhưng rồi nghĩ lại khi nghe cha nói cho đất chứ thôn đang khó quá. Thấy cha quyết vìcộng đồngthì mình cũng đồng lòng theo"", ông Binh nhớ lại. Thế rồi năm 2001, hội trường thôn Tuyết Diêm 3 được dựng lên trên chính phần đất gia đình ông hiến tặng. Tiếng cuốc, tiếng xẻng, tiếng cười nói của bà con hôm ấy rộn rã, như đánh dấu một bước ngoặt mới cho sự gắn kết cộng đồng.
Hội trường thôn Tuyết Diêm 3 được xây trên mảnh đất do gia đình ông Nguyễn Binh hiến tặng
ẢNH: PHẠM ANH
Hai mươi năm trôi qua, hội trường khang trang nay trở thành ""trái tim"" của thôn, nơi 660 hộ dân với hơn 1.700 nhân khẩu quây quần. Thế nhưng, lối vào hội trường lúc đó chỉ là bờ ruộng nhỏ hẹp, mỗi khi mưa xuống thì trơn trượt, bùn đất bám đầy. Người dân muốn đi họp cũng ngại còn ô tô thì không thể vào. Bà con lại ngỏ ý nhờ ông Binh giúp. Lần này, đến lượt người con tiếp nối cha, hiến gần 500 m² đất để làm con đường bê tông rộng rãi dẫn thẳng vào hội trường.
Có lúc, ông Binh cũng nghĩ, dù chỉ thoáng qua, rằng nếu bán đất thì cũng vài trăm triệu đồng, hoặc xây dãy phòng trọ cho thuê thì tiền lời còn nhiều hơn cả lương bảo vệ của mình. Thế nhưng nghĩ đi nghĩ lại, đường sá cho bà con đi lại thuận tiện, mình còn tiếc gì nữa. Còn vợ ông Binh, bà Nguyễn Thị Ba, ban đầu cũng chần chừ, có lúc cũng băn khoăn lắm. Nhưng rồi, bà dứt khoát gật đầu: ""Hiến cho thônlàm đường, vì lợi ích chung, mới đáng!"". Vậy là vợ chồng đồng lòng hiến mảnh đất cho thôn.
Từ ngày con đường được mở, xe cộ ra vào thuận tiện, sân hội trường rộng rãi có thể đón vài chục ô tô chạy vào đỗ cùng lúc. Thôn còn lắp thêm sân bóng chuyền, dụng cụ thể thao, biến nơi đây thành điểm sinh hoạt, vui chơi lành mạnh cho mọi lứa tuổi. Cảnh lầy lội, nóng bức năm xưa giờ chỉ còn là ký ức...
Trong căn nhà nhỏ, câu chuyện hiến đất của ông Binh nhiều lần bị ngắt quãng. Ông vừa nói, vừa chạy đi chạy lại giữa phòng khách và gian nhà bên. Hỏi ra mới biết, ông đang chăm sóc cụ bà 95 tuổi, là mợ của bà Ba, cũng là vợ liệt sĩ Nguyễn Thoại (hy sinh năm 1968). Theo lời ông Binh, cách đây hơn 10 năm, khi thấy mợ ở TP.HCM không được chăm sóc trọn vẹn vì con cháu quá bận rộn với công tác, vợ chồng ông Binh đã xin đón mợ về quê nhà để phụng dưỡng. Từ đó đến nay, cả hai vợ chồng luân phiên lo từng bữa ăn, giấc ngủ cho cụ. ""Bà nhiều khi nhớ nhớ quên quên, nhưng chúng tôi chăm như bổn phận của con cháu. Làm được việc gì tốt thì cũng mong 3 đứa con nhìn vào mà sống tử tế hơn với đời"", ông Binh trải lòng.
Con đường do ông Nguyễn Binh tặng đất cho thôn xây dựng
ẢNH: PHẠM ANH
Nghe ông Binh kể, mới thấy nghĩa cửhiến đấtkhông phải là hành động riêng lẻ mà nó nằm trong cách sống, trong cái gốc nhân nghĩa mà cha ông đã gieo, để con cháu hôm nay tiếp nối.
Ông Nguyễn Thanh Hiếu, nguyên Phó chủ tịch UBND xã Bình Thuận (nay là Phó trưởng phòng Kinh tế xã Vạn Tường), cho biết thời gian qua đã có hàng trăm người dân trên địa bàn ủng hộ hiến đất, góp ngày công, kinh phí... cùng địa phương đảm bảo các tiêu chí xây dựng nông thôn mới, hướng đến nông thôn mới nâng cao. Gia đình ông Binh là một trong những điển hình nổi bật của phong trào hiến đất, góp công xây dựng nông thôn mới. Trong hàng trăm hộ dân góp sức cho cộng đồng, gia đình ông Binh đặc biệt ở chỗ: 2 lần hiến đất đều là những thời khắc thôn cần nhất. ""Việc làm ấy không chỉ giúp địa phương hoàn thành tiêu chí nông thôn mới, mà còn lan tỏa tinh thần vì cộng đồng, củng cố sức mạnh đoàn kết"", ông Hiếu nhận định.
Nghĩa cử ""cho đi không tính toán"" của gia đình ông Binh khiến ai cũng cảm phục. Nó gợi nhắc tình quê, tình làng xóm chính là sợi dây gắn kết bền chặt nhất, tạo nên sức mạnh để nông thôn ngày một đổi thay.
Ông Nguyễn Binh chăm sóc người mợ của vợ, nay đã 95 tuổi
ẢNH: PHẠM ANH
Câu chuyện hiến đất của gia đình ông Binh giản dị nhưng thấm đẫm tình người. Cụ Nguyễn Chi đã gieo hạt giống nghĩa tình từ hơn 20 năm trước, để hôm nay ông Binh tiếp nối người cha bằng hành động hiến đất mở đường. Họ không chỉ trao đi đất đai, mà còn gửi niềm tin, góp ngọn lửa ấm để sẻ chia cho cả cộng đồng.
Trên mảnh đất Dung Quất sôi động, nơi các nhà máy thép, dầu khí và máy móc ngày đêm hoạt động, vẫn còn đó một góc làng bình yên với những con người sống chan hòa, biết sẵn sàng hy sinh lợi ích riêng. Có lẽ, giá trị lớn nhất mà gia đình ông Binh để lại không chỉ nằm ở con đường bê tông hay ngôi nhà văn hóa, mà còn ở bài học sâu xa cho thế hệ mai sau: sống nghĩa tình, biết sẻ chia là cách để giữ gìn hồn quê và nhân cách."
https://thanhnien.vn/chu-tich-nuoc-luong-cuong-trao-danh-hieu-anh-hung-llvtnd-cho-quan-khu-7-185251209092446741.htm,Chủ tịch nước Lương Cường trao danh hiệu Anh hùng LLVTND cho Quân khu 7,"Tại lễ kỷ niệm 80 năm ngày truyền thống lực lượng vũ trang (LLVT) Quân khu 7, Chủ tịch nước Lương Cường trao tặng danh hiệu Anh hùng LLVT nhân dân cho Quân khu 7.","Sáng 9.12, Thường vụ Đảng ủy, Bộ Tư lệnh Quân khu 7 tổ chức trọng thể lễ kỷ niệm 80 năm ngày truyền thống LLVT Quân khu 7 và đón nhận danh hiệuAnh hùng LLVT nhân dân (LLVTND).
Chủ tịch nước Lương Cường duyệt đội danh dự
ẢNH: NGUYỄN ANH
Chủ tịch nước Lương Cường và đoàn công tác Trung ương dự lễ kỷ niệm 80 năm ngày truyền thống LLVT Quân khu 7
ẢNH: LÊ TRẦM
Quân khu 7 đón nhận danh hiệu Anh hùng lực lượng vũ trang nhân dân tại lễ kỷ niệm 80 năm
Chủ tịch nước Lương Cườngdự và chỉ đạo lễ kỷ niệm.
Tham dự còn có các Ủy viên Bộ Chính trị: Bộ trưởng Bộ Quốc phòng Phan Văn Giang; Chủ nhiệm Tổng cục Chính trị Quân đội nhân dân Việt Nam Nguyễn Trọng Nghĩa; nguyên Chủ tịch nước Nguyễn Minh Triết; nguyên Chủ tịch nước Trương Tấn Sang; nguyên Thủ tướng Chính phủ Nguyễn Tấn Dũng; nguyên Chủ tịch Quốc hội Nguyễn Thị Kim Ngân; Phó thủ tướng Thường trực Chính phủ Nguyễn Hòa Bình; Trưởng ban Tuyên giáo và Dân vận Trịnh Văn Quyết;  Bí thư Thành ủy TP.HCM Trần Lưu Quang; Chính ủyQuân khu 7Trần Vinh Ngọc, cùng các lãnh đạo, nguyên lãnh đạo Đảng, Nhà nước, Quân ủy Trung ương, Bộ Quốc phòng.
Ngoài ra, còn có đơn vị kết nghĩa của Quân đội Hoàng gia Campuchia; Tổng lãnh sự quán Cộng hòa dân chủ nhân dân Lào, Cộng hòa Cu Ba và Vương quốc Campuchia tại TP.HCM; cùng hơn 2.000 cán bộ, chiến sĩ, công nhân, viên chức quốc phòng thuộc LLVT Quân khu 7, các đơn vị quân đội trên địa bàn và học sinh, sinh viên.
Chủ tịch nước Lương Cường chụp ảnh lưu niệm cùng thủ trưởng Bộ Tư lệnh Quân khu 7
ẢNH: LÊ TRẦM
Lễ kỷ niệm 80 năm ngày truyền thống LLVT Quân khu 7là sự kiện chính trị quan trọng, thể hiện sự quan tâm sâu sắc của Đảng, Nhà nước, Quân ủy Trung ương, Bộ Quốc phòng đối với quá trình xây dựng, chiến đấu, chiến thắng và trưởng thành của LLVT Quân khu 7 trong suốt chặng đường 80 năm qua.
Tại lễ kỷ niệm,Chủ tịch nước Lương Cườngtrao tặng danh hiệu Anh hùng LLVTND cho LLVT Quân khu 7, vì đã có thành tích đặc biệt xuất sắc trong huấn luyện, sẵn sàng chiến đấu, xây dựng quân đội nhân dân, củng cố quốc phòng, góp phần vào sự nghiệp xây dựng chủ nghĩa xã hội và bảo vệ Tổ quốc.
Chủ tịch nước Lương Cường trao tặng danh hiệu Anh hùng LLVTND cho LLVT Quân khu 7
ẢNH: LÊ TRẦM
Quân khu 7 đón nhận danh hiệu Anh hùng LLVTND
ẢNH: LÊ TRẦM
Phát biểu chỉ đạo, Chủ tịch nước Lương Cường nhấn mạnh, trong sự nghiệp xây dựng và bảo vệ Tổ quốc, nhất là trong gần 40 năm đổi mới, LLVT Quân khu 7 luôn phát huy truyền thống vẻ vang, hoàn thành xuất sắc chức năng, nhiệm vụ đội quân chiến đấu, đội quân công tác, đội quân lao động sản xuất.
Quân khu 7 là lực lượng nòng cốt xây dựng nền quốc phòng toàn dân, thế trận quốc phòng toàn dân gắn với thế trận an ninh nhân dân và ""thế trận lòng dân"" vững chắc trên địa bàn chiến lược phía nam của Tổ quốc.
Chủ tịch nước Lương Cường phát biểu chỉ đạo tại lễ kỷ niệm
ẢNH: NGUYỄN ANH
Quân khu 7 là đơn vị tiêu biểu của toàn quân trong đề xuất, triển khai nhiều chủ trương, đề án, mô hình sáng tạo mang ý nghĩa chính trị, xã hội sâu sắc; chủ động đến với nhân dân với tinh thần ""vì nhân dân quên mình, vì nhân dân hy sinh"", tích cực tham gia xây dựng nông thôn mới, xóa đói giảm nghèo, xung kích đi đầu trong phòng chống, khắc phục hậu quả thiên tai, tìm kiếm cứu hộ, cứu nạn, phòng chống dịch bệnh.
Đơn vị đang tích cực phối hợp với các địa phương triển khai thần tốc ""chiến dịch Quang Trung"" sửa chữa, xây lại nhà cho nhân dân tỉnh Lâm Đồng và các địa phương bị thiệt hại bởi thiên tai, bão lũ thời gian vừa qua.
Thay mặt lãnh đạo Đảng, Nhà nước, Chủ tịch nước đánh giá cao và nhiệt liệt chúc mừng những chiến công, thành tích và những đóng góp to lớn của LLVT Quân khu 7 đối với sự nghiệp cách mạng vẻ vang của Đảng, của dân tộc trong suốt 80 năm qua.
Để hoàn thành tốt nhiệm vụ trong tình hình mới, Chủ tịch nước đề nghị Đảng ủy, Bộ Tư lệnh Quân khu 7 tập trung lãnh đạo, chỉ đạo thực hiện tốt một số nhiệm vụ trọng tâm.
Trước hết là luôn giữ vững sự lãnh đạo tuyệt đối, trực tiếp về mọi mặt của Đảng, của Quân ủy Trung ương, Bộ Quốc phòng; tiếp tục quán triệt sâu sắc tư tưởng quân sự Hồ Chí Minh, đường lối quân sự, quốc phòng và đối ngoại của Đảng, nhất là chiến lược bảo vệ Tổ quốc trong tình hình mới; triển khai thực hiện hiệu quả Nghị quyết Đại hội Đảng lần thứ XIV sắp tới, Nghị quyết Đại hội Đảng bộ Quân đội lần thứ XII và Nghị quyết Đại hội Đảng bộ Quân khu 7 lần thứ XI.
Nhiệm vụ thứ hai là tập trung xây dựng LLVT quân khu ""cách mạng, chính quy, tinh nhuệ, hiện đại"", nâng cao sức mạnh tổng hợp, trình độ, khả năng chiến đấu; thực hiện nghiêm nền nếp, chế độ sẵn sàng chiến đấu; quản lý chặt chẽ vùng trời, vùng biển, biên giới, nội địa, ngoại biên, không gian mạng và các địa bàn trọng điểm; đẩy mạnh phát triển khoa học công nghệ, đổi mới sáng tạo và chuyển đổi số trong lĩnh vực quân sự, quốc phòng.
Lãnh đạo, nguyên lãnh đạo Đảng, Nhà nước dự lễ kỷ niệm
ẢNH: LÊ TRẦM
Thứ ba, tiếp tục phối hợp chặt chẽ với cấp ủy, chính quyền các địa phương lãnh đạo, chỉ đạo triển khai thực hiện thắng lợi nhiệm vụ quân sự, quốc phòng địa phương; trong đó đặc biệt coi trọng xây dựng các tỉnh, thành phố thành khu vực phòng thủ vững chắc trong tình hình mới và trong bối cảnh đang thực hiện mô hình chính quyền địa phương 2 cấp.
Tập trung xây dựng lực lượng dự bị động viên hùng hậu, dân quân tự vệ vững mạnh, rộng khắp; làm nòng cốt cùng các lực lượng khác ứng phó, xử lý hiệu quả các tình huống về an ninh chính trị và an ninh phi truyền thống ngay tại cơ sở.
Thứ tư, bảo đảm kịp thời, đầy đủ vật chất, trang bị hậu cần, kỹ thuật cho các nhiệm vụ, cả thường xuyên và đột xuất, nhất là nhiệm vụ huấn luyện, sẵn sàng chiến đấu; chăm lo nâng cao đời sống bộ đội; chủ động phòng chống dịch bệnh, đẩy mạnh tăng gia sản xuất, thực hành tiết kiệm; quản lý, khai thác, sử dụng vũ khí, trang bị kỹ thuật tốt, bền, an toàn, tiết kiệm và bảo đảm an toàn giao thông trong LLVT Quân khu 7.
Thứ năm, tập trung xây dựng Đảng bộ quân khu thực sự trong sạch, vững mạnh về chính trị, tư tưởng, đạo đức, tổ chức và cán bộ; đặc biệt coi trọng nâng cao năng lực lãnh đạo toàn diện, sức chiến đấu của các cấp ủy, tổ chức đảng và vai trò tiên phong, gương mẫu của đội ngũ cán bộ, đảng viên, nhất là cán bộ chủ trì và cấp ủy viên các cấp...
Các đại biểu chụp ảnh lưu niệm
ẢNH: NGUYỄN ANH
Cách đây 80 năm, ngày 10.12.1945, tại xã Bình Hòa Nam, huyện Đức Huệ, tỉnh Long An (nay là xã Đức Huệ, tỉnh Tây Ninh), Hội nghị Xứ ủy Nam bộ quyết định thành lập các khu 7, 8, 9. Từ đó, ngày 10.12 hằng năm trở thành ngày truyền thống của LLVT Quân khu 7.
Ngay từ khi ra đời, LLVT Quân khu 7 đã đoàn kết, tự lực, tự cường, vượt qua gian khổ, vừa chiến đấu vừa xây dựng và nhanh chóng trưởng thành với nhiều chiến công trong 2 cuộc kháng chiến chống Pháp và chống Mỹ.
Sau giải phóng, quân dân trên địa bàn Quân khu 7 nhanh chóng bước vào nhiệm vụ giữ vững an ninh chính trị, trật tự an toàn xã hội, khắc phục hậu quả chiến tranh, đồng thời tiếp tục chiến đấu bảo vệ Tổ quốc trên tuyến biên giới Tây Nam, làm nghĩa vụ quốc tế, hỗ trợ Campuchia thoát khỏi họa diệt chủng.
Bước vào giai đoạn mới, LLVT Quân khu 7 quán triệt quan điểm quân sự, quốc phòng của Đảng, nắm vững hai nhiệm vụ chiến lược xây dựng - bảo vệ Tổ quốc; xây dựng Đảng bộ trong sạch, lực lượng vững mạnh toàn diện; củng cố nền quốc phòng toàn dân gắn với thế trận an ninh nhân dân.
Nhiều đề án, dự án, mô hình sáng tạo được triển khai hiệu quả như: xây dựng hơn 350 km đường tuần tra biên giới; kiên cố 63/72 chốt dân quân thường trực; xây dựng 58 điểm dân cư liền kề chốt, đồn, trạm với hơn 800 căn nhà; hỗ trợ xây dựng hàng ngàn căn nhà và 150 công trình văn hóa - thể thao; các đơn vị phía sau hỗ trợ hàng chục tỉ đồng mỗi năm cho địa bàn biên giới; tăng cường phối hợp, giúp đỡ quân đội và nhân dân Campuchia.
Trong đại dịch Covid-19, cán bộ, chiến sĩ Quân khu 7 xông pha tuyến đầu, bám trụ tại những điểm khó khăn nhất, giúp dân khắc phục hậu quả, hỗ trợ phát triển kinh tế, xóa đói giảm nghèo, tham gia hiệu quả chương trình ""xóa nhà tạm, nhà dột nát"".
Trải qua 80 năm xây dựng, chiến đấu và trưởng thành, LLVT Quân khu 7 luôn giữ vững, phát huy phẩm chất ""Bộ đội Cụ Hồ"", tinh thần yêu nước, ý chí tiến công cách mạng, hun đúc nên truyền thống ""Trung thành vô hạn, chủ động sáng tạo, tự lực tự cường, đoàn kết quyết thắng"".
Với những đóng góp to lớn, LLVT Quân khu 7 đã được tặng thưởng: 2 Huân chương Sao vàng, 3 Huân chương Hồ Chí Minh, 1 Huân chương Quân công hạng nhất, 2 Huân chương Bảo vệ Tổ quốc hạng nhất, 1 Huân chương Chiến công hạng nhất.
Toàn quân khu có 718 lượt đơn vị và 423 cán bộ, chiến sĩ được tuyên dương danh hiệu Anh hùng LLVTND; 17.684 Mẹ Việt Nam anh hùng; nhiều tập thể, cá nhân được trao phần thưởng cao quý của Đảng, Nhà nước và nước bạn Lào, Campuchia."
https://thanhnien.vn/tong-bi-thu-xay-dung-luc-luong-vu-trang-quan-khu-9-chinh-quy-tinh-nhue-185251208151447332.htm,"Tổng Bí thư: Xây dựng lực lượng vũ trang Quân khu 9 chính quy, tinh nhuệ","Sáng 8.12, tại TP.Cần Thơ, Đảng ủy Bộ Tư lệnh Quân khu 9 tổ chức lễ kỷ niệm 80 năm Ngày truyền thống lực lượng vũ trang Quân khu 9 (10.12.1945 - 10.12.2025) và đón nhận danh hiệu Anh hùng lực lượng vũ trang nhân dân.","Tổng Bí thư Tô Lâm, Bí thư Quân ủy Trung ương, dự và phát biểu chỉ đạo tại buổi lễ.
Cùng dự lễ có nguyên các nguyên Chủ tịch nước Nguyễn Minh Triết, Trương Tấn Sang; nguyên Thủ tướng Chính phủ Nguyễn Tấn Dũng; Chủ tịch Quốc hội Trần Thanh Mẫn; nguyên Chủ tịch Quốc hội Nguyễn Thị Kim Ngân; nguyên Thường trực Ban Bí thư Lê Hồng Anh; cùng nhiều lãnh đạo, nguyên lãnh đạo Đảng, Nhà nước và quân đội.
Ngoài ra còn có lãnh đạo, nguyên lãnh đạo các ban, bộ, ngành Trung ương và địa phương; mẹ Việt Nam anh hùng, anh hùng lực lượng vũ trang nhân dân; lãnh đạo, nguyên lãnh đạo cơ quan Bộ Quốc phòng, Quân khu; đại biểu các đơn vị Quân đội Hoàng gia Campuchia.
Tổng Bí thư Tô Lâm và các đại biểu
ẢNH: TTXVN
Phát biểu tại buổi lễ, Tổng Bí thư Tô Lâm nêu rõ, qua 80 năm xây dựng, chiến đấu, chiến thắng và trưởng thành, lực lượng vũ trang Quân khu 9 luôn tỏ rõ bản chất tốt đẹp và truyền thống vẻ vang của Quân đội nhân dân Việt Nam anh hùng.
Thay mặt lãnh đạo Đảng, Nhà nước, Tổng Bí thư nhiệt liệt chúc mừng những chiến công, thành tích to lớn, sự lớn mạnh của lực lượng vũ trang Quân khu 9; chúc mừng Quân khu 9 được nhận danh hiệu đơn vị Anh hùng Lực lượng vũ trang nhân dân - phần thưởng cao quý của Đảng và Nhà nước trao tặng.
Bước vào giai đoạn phát triển mới, tình hình thế giới và khu vực có những diễn biến nhanh chóng, phức tạp, khó dự đoán với các thách thức an ninh truyền thống và phi truyền thống, đặc biệt là vấn đề biến đổi khí hậu, nước biển dâng, xâm nhập mặn đang tác động sâu sắc đến Đồng bằng sông Cửu Long, Tổng Bí thư chỉ rõ, nhiệm vụ bảo vệ Tổ quốc, nhiệm vụ xây dựng quân đội nói chung và của Quân khu 9 nói riêng đang đặt ra những yêu cầu ngày càng cao.
Tổng Bí thư Tô Lâm và các lãnh đạo, nguyên lãnh đạo Đảng, Nhà nước, quân đội tham dự buổi lễ
ẢNH: TTXVN
Tổng Bí thư đề nghị Quân khu 9 tiếp tục nâng cao chất lượng tổng hợp, sức mạnh chiến đấu; đoàn kết, gắn bó với cấp ủy, chính quyền, nhân dân các địa phương; nắm chắc, dự báo đúng tình hình, làm tốt công tác tham mưu chiến lược với Quân ủy Trung ương, Bộ Quốc phòng.
Lực lượng vũ trang Quân khu 9 xây dựng, củng cố nền quốc phòng toàn dân, thế trận quốc phòng toàn dân vững mạnh gắn với thế trận an ninh nhân dân, xây dựng khu vực phòng thủ vững chắc, tạo thế chủ động làm thất bại mọi âm mưu chống phá của các thế lực thù địch; giữ vững môi trường hòa bình, ổn định trên địa bàn và chủ quyền của đất nước.
Tổng Bí thư yêu cầu, tập trung xây dựng lực lượng vũ trang Quân khu 9 cách mạng, chính quy, tinh nhuệ, hiện đại, lấy xây dựng về chính trị làm cơ sở để nâng cao chất lượng tổng hợp và sức mạnh chiến đấu; quán triệt tư tưởng ""người trước, súng sau"" của Chủ tịch Hồ Chí Minh, tập trung đổi mới, nâng cao chất lượng huấn luyện chiến đấu, rèn luyện nâng cao bản lĩnh, thể chất và trình độ kỹ thuật, chiến thuật.
Làm chủ vũ khí, trang bị, nhất là vũ khí mới, hiện đại, sẵn sàng chiến đấu và chiến thắng trong mọi điều kiện, mọi tình huống và các hình thái chiến tranh mới. Trong không gian phát triển mới, tình hình và nhiệm vụ mới cần đặc biệt chú trọng nâng cao trình độ khoa học, công nghệ cho bộ đội trong công tác huấn luyện, sẵn sàng chiến đấu; cần ""huấn luyện thực chất, rèn luyện thực chất, tình huống thực chất"" để chiến đấu và chiến thắng trong mọi tình huống.
Tổng Bí thư phát biểu chỉ đạo tại buổi lễ
ẢNH: TTXVN
Tổng Bí thư nhấn mạnh, thường xuyên làm tốt công tác dân vận, tăng cường củng cố mối quan hệ đoàn kết gắn bó với quân dân, xây dựng thế trận lòng dân vững chắc; kết hợp chặt chẽ nhiệm vụ củng cố quốc phòng, an ninh với phát triển kinh tế - xã hội, thực hiện có hiệu quả các dự án kinh tế - quốc phòng trên địa bàn; thực hiện tốt công tác chính sách, tích cực tham gia các hoạt động an sinh xã hội.
Chủ động, sẵn sàng tham gia giúp nhân dân phòng, chống, khắc phục hậu quả thiên tai, dịch bệnh. Quân khu 9 phải là lực lượng tinh nhuệ, là chỗ dựa tin cậy của nhân dân trên mặt trận này.
Tổng Bí thư Tô Lâm trao danh hiệu Anh hùng Lực lượng vũ trang nhân dân cho lực lượng vũ trang Quân khu 9
ẢNH: TTXVN
Tổng Bí thư cũng chỉ rõ, Quân khu 9 tiếp tục thực hiện có hiệu quả nhiệm vụ đối ngoại quốc phòng với Quân đội Hoàng gia Vương quốc Campuchia; phối hợp với các lực lượng của Bộ Quốc phòng trong công tác đối ngoại quốc phòng, nhất là với các nước ASEAN; nắm chắc tình hình có liên quan, chủ động tham mưu chiến lược, xử lý kiên quyết, khôn khéo các vấn đề về biên giới, biển đảo; đấu tranh làm thất bại mọi âm mưu, thủ đoạn chống phá, gây chia rẽ quan hệ giữa Việt Nam với Campuchia và các nước trong ASEAN.
Sáng cùng ngày, cũng tại TP.Cần Thơ, Tổng Bí thư Tô Lâm và đoàn công tác của Trung ương đã đến dâng hương, dâng hoa tại tượng đài chiến thắng, nhà bia tưởng niệm các anh hùng liệt sĩ và nhà tưởng niệm Chủ tịch Hồ Chí Minh ở TP.Cần Thơ. Dịp này, Tổng Bí thư Tô Lâm đã dự và cắt băng khánh thành Sở chỉ huy Quân khu 9."
https://thanhnien.vn/tiep-tuc-xay-dung-quan-doi-tinh-gon-manh-hien-dai-185251204222233435.htm,"Tiếp tục xây dựng quân đội tinh, gọn, mạnh, hiện đại","Ngày 4.12, Quân ủy T.Ư tổ chức hội nghị lần thứ 15 nhằm đánh giá kết quả lãnh đạo thực hiện nhiệm vụ công tác quân sự, quốc phòng năm 2025, phương hướng nhiệm vụ năm 2026; cho ý kiến vào dự thảo Nghị quyết lãnh đạo nhiệm vụ quân sự, quốc phòng và xây dựng Đảng bộ Quân đội năm 2026. Tổng Bí thư Tô Lâm, Bí thư Quân ủy T.Ư, chủ trì hội nghị.","Thủ tướng Chính phủ Phạm Minh Chính, Ủy viên Thường vụ Quân ủy T.Ư; Thường trực ban Bí thư Trần Cẩm Tú dự hội nghị. Đại tướng Phan Văn Giang, Phó bí thư Quân ủy T.Ư, Bộ trưởng Bộ Quốc phòng, điều hành hội nghị.
Tổng Bí thư Tô Lâm Chủ tịch nước Lương Cường, Thủ tướng Chính phủ Phạm Minh Chính, Thường trực Ban Bí thư Trần Cẩm Tú và các đại biểu dự Hội nghị Đảng ủy Công an T.Ư
ẢNH: TTXVN
Phát biểu tại hội nghị, Tổng Bí thư Tô Lâm khẳng định: Năm 2025, dưới sự lãnh đạo, chỉ đạo của Đảng, Nhà nước, trực tiếp là Quân ủy T.Ư, Bộ Quốc phòng, toàn quân đã thực hiện thắng lợi nhiệm vụ quân sự,quốc phòngvà xây dựng Đảng bộQuân độitrong sạch, vững mạnh. Toàn quân có quyết tâm chính trị cao, nỗ lực lớn, hoàn thành tốt các nhiệm vụ, trong đó có nhiều nhiệm vụ hoàn thành xuất sắc.
Tổng Bí thư nhấn mạnh năm 2026 là năm có ý nghĩa rất quan trọng - năm đầu tiên toàn Đảng, toàn dân và toàn quân triển khai thực hiện Nghị quyết Đại hội đại biểu toàn quốc lần thứ XIV của Đảng với khối lượng công việc lớn để hiện thực hóa các quyết sách quan trọng; tổ chức cuộc bầu cử đại biểu Quốc hội khóa XVI và đại biểu HĐND các cấp nhiệm kỳ 2026 - 2031. Đây cũng là năm đầu tiên thực hiện chủ trương xây dựngquân độihiện đại và nền quốc phòng toàn dân hiện đại.
Tổng Bí thư yêu cầu Quân ủy T.Ư, Bộ Quốc phòng tiếp tục thực hiện tốt chức năng tham mưu chiến lược với Đảng, Nhà nước về quân sự, quốc phòng và phát huy vai trò nòng cốt trong sự nghiệp quốc phòng, bảo vệ Tổ quốc. Trong đó, nâng cao năng lực nghiên cứu dự báo chiến lược, kịp thời tham mưu với Đảng, Nhà nước các đối sách thích hợp để xử lý thắng lợi các tình huống, tuyệt đối không để bị động bất ngờ; tiếp tục nghiên cứu, tham mưu ban hành các nghị quyết, chỉ thị, kết luận, luật, pháp lệnh, đề án, dự án về quân sự, quốc phòng; nghiên cứu, đề xuất nội hàm và chủ trương, giải pháp xây dựng nền quốc phòng toàn dân vững mạnh, hiện đại...
Tổng Bí thư Tô Lâm phát biểu chỉ đạo tại Hội nghị Quân ủy T.Ư lần thứ 15
ẢNH: TTXVN
Quân ủy T.Ư, Bộ Quốc phòng lãnh đạo, chỉ đạo tiến hành tốt công tác tư tưởng của Đảng trong quân đội. Trọng tâm là tiến hành tốt công tác giáo dục chính trị, xây dựng nhân tố chính trị, tinh thần vững chắc cho bộ đội, bảo đảm trong bất kỳ hoàn cảnh nào, quân đội cũng tuyệt đối trung thành với Tổ quốc, với Đảng, Nhà nước và nhân dân, sẵn sàng chiến đấu bảo vệ vững chắc độc lập, chủ quyền, thống nhất, toàn vẹn lãnh thổ; xung kích, đi đầu trong phòng chống, khắc phục hậu quảthiên tai, thảm họa, tìm kiếm cứu nạn, cứu hộ.
Tổng Bí thư nhấn mạnh tiếp tục xây dựng quân đội tinh, gọn, mạnh, hiện đại; nâng cao chất lượng huấn luyện, sẵn sàng chiến đấu; bảo đảm tốt hậu cần, kỹ thuật cho các nhiệm vụ; nghiên cứu bổ sung, hoàn thiện và thúc đẩy thực hiện ""Bộ tiêu chí xây dựng Quân đội nhân dân Việt Nam hiện đại trong tình hình mới"", bảo đảm cơ chế đồng bộ, lộ trình rõ ràng, bước đi vững chắc; đẩy mạnh đột phá phát triển khoa học, công nghệ, đổi mới sáng tạo và chuyển đổi số; phát triển hệ sinh thái số, cơ sở dữ liệu, gắn với bảo mật và an toàn thông tin; đẩy mạnh tăng gia sản xuất, nâng cao đời sống, sức khỏe và điều kiện sinh hoạt, công tác, huấn luyện của bộ đội theo phương châm ""thực túc, binh cường"".
Tổng Bí thư chỉ rõ tiếp tục mở rộng, nâng tầm hội nhập quốc tế và đối ngoại quốc phòng, trong đó cần đặc biệt quan tâm tạo lập thế cân bằng chiến lược trong quan hệ với các đối tác, nhất là các nước lớn; giữ vững môi trường hòa bình, ổn định để phát triển đất nước, ngăn ngừa từ sớm, từ xa mọi nguy cơ chiến tranh, xung đột.
Quân ủy T.Ư, Bộ Quốc phòng triển khai đồng bộ các giải pháp xây dựng Đảng bộ Quân đội trong sạch, vững mạnh toàn diện, mẫu mực, tiêu biểu, đặc biệt coi trọng triển khai hiệu quả chính sách thu hút, trọng dụng nhân tài, xây dựng đội ngũ cán bộ quân đội hiện đại.
Để toàn quân vững vàng bước vào kỷ nguyên phát triển mới của dân tộc, Tổng Bí thư Tô Lâm đề nghị hành động theo phương châm 5 vững (đó là ""chính trị vững - kỷ luật vững - công nghệ vững - nghệ thuật quân sự vững - đời sống bộ đội vững""). Tổng Bí thư mong muốn mỗi cán bộ, chiến sĩ khắc ghi khẩu hiệu này, biến ""5 vững"" thành hành động hằng ngày, thành tiêu chí rèn luyện, thành thước đo kết quả xây dựng quân đội trong tình hình mới.
Ngày 4.12, Đảng ủy Công an T.Ư tổ chức Hội nghị Đảng ủy Công an T.Ư năm 2025 để cho ý kiến vào các nội dung theo thẩm quyền.
Tổng Bí thư Tô Lâm, Ủy viên Ban Thường vụ Đảng ủy Công an T.Ư; Chủ tịch nước Lương Cường, Ủy viên Ban Thường vụ Đảng ủy Công an T.Ư; Thủ tướng Chính phủ Phạm Minh Chính, Ủy viên Ban Thường vụ Đảng ủy Công an T.Ư đến dự và phát biểu chỉ đạo.
Cùng dự có Thường trực Ban Bí thư Trần Cẩm Tú. Đại tướng Lương Tam Quang, Bí thư Đảng ủy Công an T.Ư, Bộ trưởng Bộ Công an, chủ trì hội nghị.
Phát biểu tại hội nghị, Tổng Bí thư Tô Lâm, Chủ tịch nước Lương Cường, Thủ tướng Chính phủ Phạm Minh Chính ghi nhận, đánh giá cao sự nỗ lực, cố gắng, tinh thần gương mẫu, đi đầu và những kết quả đạt được của Đảng ủy Công an T.Ư, Bộ Công an trong năm 2025.
Chỉ đạo một số nhiệm vụ trọng tâm thời gian tới, Tổng Bí thư Tô Lâm yêu cầu, lực lượng Công an nhân dân tập trung toàn lực bảo vệ tuyệt đối an ninh, an toàn Đại hội đại biểu toàn quốc lần thứ XIV của Đảng và bầu cử đại biểu Quốc hội khóa XVI, bầu cử đại biểu HĐND nhiệm kỳ 2026 - 2031… Định vị cụ thể những công tác gia tăng đóng góp của lực lượng Công an trong thực hiện 3 mục tiêu chiến lược ""hòa bình, ổn định - phát triển bền vững, chất lượng cao - nâng cao mọi mặt đời sống nhân dân"", tăng trưởng 2 con số, thực hiện các nghị quyết chiến lược của Bộ Chính trị và nỗ lực phấn đấu thực hiện bằng được với sản phẩm, kết quả công việc rõ nét…; tập trung xây dựng Đảng, xây dựng lực lượng Công an nhân dân cách mạng, chính quy, tinh nhuệ, hiện đại…
Tổng Bí thư Tô Lâm nhấn mạnh để thực hiện thắng lợi Nghị quyết Đại hội XIV và các chủ trương chiến lược của Đảng cần quyết tâm, nỗ lực rất lớn, sự bứt phá mạnh mẽ của toàn Đảng, toàn dân, toàn quân với tinh thần tất cả vì sự phát triển của đất nước, vì hạnh phúc của nhân dân; trong đó vai trò, sự đóng góp của lực lượng Công an nhân dân đặc biệt quan trọng. Tổng Bí thư tin tưởng với tinh thần ""Kỷ luật nhất - Trung thành nhất - Gần dân nhất"", lực lượng Công an sẽ hoàn thành xuất sắc nhiệm vụ công tác năm 2026, xứng đáng với sự tin cậy của Đảng, Nhà nước và nhân dân.
Thay mặt Đảng ủy Công an T.Ư, đại tướng Lương Tam Quang, Bí thư Đảng ủy Công an T.Ư, Bộ trưởng Bộ Công an trân trọng cảm ơn và nghiêm túc tiếp thu ý kiến chỉ đạo của Tổng Bí thư, Chủ tịch nước, Thủ tướng Chính phủ, nhất là gợi ý của Tổng Bí thư về các nhiệm vụ mà lực lượng Công an nhân dân cần tập trung thực hiện trong thời gian tới.
Bám sát và triển khai nghiêm túc chỉ đạo của Tổng Bí thư và lãnh đạo Đảng, Nhà nước, toàn lực lượng Công an nhân dân sẽ tập trung toàn lực bảo vệ tuyệt đối an ninh, an toàn Đại hội XIV của Đảng, bầu cử đại biểu Quốc hội khóa XVI và đại biểu HĐND các cấp nhiệm kỳ 2026 - 2031, không để xảy ra sơ suất dù là nhỏ nhất…"
https://thanhnien.vn/tim-diem-nghen-de-giai-phong-suc-manh-du-lieu-185251204204621534.htm,Tìm 'điểm nghẽn' để giải phóng sức mạnh dữ liệu,"Trong ngành kỹ thuật, thường được mặc định dành cho nam giới, chị Dương Thị Ngọc Hân từng bước khẳng định vị trí bằng sự bền bỉ và tinh thần cải tiến.","Từ một nhân viên IT hỗ trợ nội bộ, chị trở thành một trong những người dẫn dắt chuyển đổi số tại Công ty cổ phần cấp nước Trung An với các sáng kiến mang lại hiệu quả kinh tế lên đến hàng tỉ đồng mỗi năm.
Trong hình dung của nhiều người, ngành cấp nước là lĩnh vựckỹ thuậtđặc thù, khô cứng và công nghệ thông tin (IT) lại càng là ""lãnh địa"" của nam giới. Thế nhưng, câu chuyện của chị Dương Thị Ngọc Hân (Trưởng phòng Công nghệ thông tin, Công ty cổ phần cấp nước Trung An, đơn vị trực thuộc Tổng công ty cấp nước Sài Gòn - Sawaco) đã chứng minh điều ngược lại.
Chị Dương Thị Ngọc Hân là người đứng sau nhiều sáng kiến chuyển đổi số
ẢNH: NVCC
Hơn 10 năm gắn bó với nghề, chị không chỉ là ""bóng hồng"" hiếm hoi cầm trịch mảng công nghệ tại đơn vị mà còn đứng sau hàng loạt sáng kiến làm lợi hàng tỉ đồng mỗi năm.
Kể về cơ duyên đến với ngành, chị Hân nhớ lại năm 2014, khi mới bước vào Công ty cổ phần cấp nước Trung An, xuất phát điểm của chị là dân công nghệ thông tin nhưng thiên về thiết kế website. Thời gian đầu, chị được phân công vào tổ lập trình của Phòng Kỹ thuật công nghệ, chủ yếu làm công tác hỗ trợ các vấn đềcông nghệthông tin nội bộ của công ty.
""Nhận thấy nhu cầu thực tế của đơn vị cần những ứng dụng phục vụ sản xuất kinh doanh, công ty đã tạo điều kiện mở lớp bồi dưỡng lập trình cho nhân viên. Tôi xin tham gia và ngã rẽ bắt đầu từ đó"", chị Hân chia sẻ.
Từ vị trí hỗ trợ kỹ thuật, chị Hân cùng các cộng sự trong tổ bắt đầu mày mò, học hỏi để tự tay viết nên những phần mềm cho công ty. Ngành lập trình vốn đòi hỏi tư duy logic cao độ và sự kiên nhẫn, thường được mặc định dành cho nam giới. Tuy nhiên, với chị Hân, sự tỉ mỉ của phụ nữ lại trở thành lợi thế.
Hiện tại, với cương vị Trưởng phòng Công nghệ thông tin, chị Hân đang quản lý một nhóm gồm 7 thành viên, trong đó có 6 lập trình viên. Nhóm của chị, như chị mô tả, là những người trẻ và tràn đầy nhiệt huyết. Chính sự năng nổ ấy đã trở thành động lực để chị dìu dắt cả nhóm vượt qua những áp lực của công cuộc chuyển đổi số đang diễn ra mạnh mẽ tại Sawaco.
Nếu chỉ nghe chị kể chuyện nghề một cách khiêm tốn, ít ai biết rằng những phần mềm do ""team chị Hân"" phát triển đã mang lại hiệu quả kinh tế vượt trội.
Chị Dương Thị Ngọc Hân là người đứng sau nhiều sáng kiến chuyển đổi số
ẢNH: NVCC
Điển hình là giải pháp ""Ứng dụng tin nhắn Notification miễn phí qua App MyTawaco"". Trước đây, để thông báo hóa đơn, cảm ơn khách hàng hay báo sự cố, công ty phải tốn một khoản chi phí khổng lồ cho tin nhắn SMS truyền thống. Nhận thấy xu hướng sử dụng smartphone ngày càng phổ biến, chị Hân đã đề xuất chuyển dịch sang thông báo qua ứng dụng.
Kết quả của sự chuyển dịch này là những con số biết nói: trung bình mỗi tháng, công ty tiết kiệm được khoảng 445.352 tin nhắn SMS, trong đó gồm hơn 125.000 tin nhắn hóa đơn, hơn 317.000 tin nhắn thông báo sự cố mạng lưới… Tổng chi phí tiết kiệm được từ sáng kiến này lên tới hơn 1,33 tỉ đồng mỗi năm. Một con số ấn tượng trong bối cảnh các doanh nghiệp đều đang nỗ lực thắt chặt chi tiêu và tối ưu hóa vận hành.
Chưa dừng lại ở đó, chị Hân còn là ""kiến trúc sư"" cho giải pháp ""tạo mã QR tra cứu thông tin và thanh toán tiền nước trực tuyến"". Sáng kiến này đã thay đổi hoàn toàn phương thức thu tiền truyền thống. Thay vì nhân viên phải đến tận nhà thu tiền, giờ đây khách hàng được tạo thói quen tự giác thanh toán trực tuyến. Điều này giúp giảm áp lực nhân sự, giảm lượng hóa đơn tồn đọng và đẩy mạnh tỷ lệ thực thu. Ước tính, giải pháp này giúp tiết kiệm khoảng 672 triệu đồng mỗi năm nhờ tiết giảm nhân sự thu tiền trực tiếp.
Ở khía cạnh kỹ thuật, sáng kiến ""phần mềm xử lý sự cố trực tuyến"" tích hợp GIS (hệ thống thông tin địa lý) của chị Hân cũng mang lại hiệu quả kinh tế rõ rệt. Trước kia, khi có tin báo bể ống nước, công ty phải cử 3 - 4 công nhân đến hiện trường mới biết là ống lớn hay nhỏ để xử lý. Nay, nhờ phần mềm, chỉ cần một công nhân tiếp cận, chụp hình gửi về, văn phòng Đội Thi công có thể nhận định ngay tình huống để điều phối nhân lực và vật tư chính xác. Chỉ riêng năm 2021, sáng kiến này đã làm lợi hơn 724 triệu đồng.
Bên cạnh các giải pháp mang tính vĩ mô, những ứng dụng nhỏ nhưng thiết thực như ""Tra cứu thông tin thay đồng hồ nước"", ""Chatbot AIchăm sóc khách hàng"" hay ""Khảo sát mức độ hài lòng trực tuyến"" cũng đều mang dấu ấn của chị Hân. Những công cụ này giúp giảm tải áp lực cho quầy giao dịch và tổng đài viên, khi mà số lượng khách hàng tăng trưởng hằng năm nhưng công ty không cần tuyển thêm nhân sự mới.
Với những đóng góp không mệt mỏi đó, chị Dương Thị Ngọc Hân đã có 5 năm liền (2020 - 2024) đạt danh hiệu Chiến sĩ thi đua cơ sở, nhận nhiều bằng khen của UBND TP.HCM. Đặc biệt, chị là một trong những gương mặt tiêu biểu được trao Giải thưởng Tôn Đức Thắng lần thứ 24 năm 2024 - giải thưởng cao quý dành cho những kỹ sư, công nhân có nhiều sáng kiến, cải tiến kỹ thuật xuất sắc.
Chị Dương Thị Ngọc Hân là một trong 478 gương điển hình tiên tiến trong phong trào thi đua yêu nước TP.HCM giai đoạn 2020 - 2025. Chị cũng là thành viên trong đoàn đại biểu của thành phố tham dự Đại hội Thi đua yêu nước toàn quốc lần thứ XI vào tháng 12 này."
https://thanhnien.vn/tong-bi-thu-to-lam-du-hoi-nghi-dang-uy-cong-an-tu-nam-2025-185251204212345332.htm,Tổng Bí thư Tô Lâm dự Hội nghị Đảng ủy Công an T.Ư năm 2025,"Chỉ đạo tại Hội nghị Đảng ủy Công an T.Ư năm 2025, Tổng Bí thư Tô Lâm tin tưởng với tinh thần '3 nhất', lực lượng công an sẽhoàn thành xuất sắc nhiệm vụ công tác năm 2026, xứng đáng với sự tin cậy của Đảng, Nhà nước và nhân dân.","Thực hiện Quy chế làm việc và Chương trình công tác năm 2025, ngày 4.12, Đảng ủy Công an T.Ư đã tổ chức Hội nghị Đảng ủy Công an T.Ư năm 2025 để cho ý kiến vào các nội dung theo thẩm quyền.
Tổng Bí thư Tô Lâm, Ủy viên Ban Thường vụ Đảng ủy Công an T.Ư; Chủ tịch nước Lương Cường, Ủy viên Ban Thường vụ Đảng ủy Công an T.Ư; Thủ tướng Chính phủ Phạm Minh Chính, Ủy viên Ban Thường vụ Đảng ủy Công an T.Ư, dự và phát biểu chỉ đạo.
Phát biểu tại hội nghị,Tổng Bí thư Tô Lâm, Chủ tịch nước Lương Cường, Thủ tướng Chính phủ Phạm Minh Chính ghi nhận, đánh giá cao sự nỗ lực, cố gắng, tinh thần gương mẫu, đi đầu và những kết quả đạt được của Đảng ủy Công an T.Ư, Bộ Công an trong năm 2025.
Tổng Bí thư Tô Lâm chỉ đạo tại hội nghị
ẢNH: BỘ CÔNG AN
Chỉ đạo một số nhiệm vụ trọng tâm thời gian tới, Tổng Bí thư Tô Lâm yêu cầu lực lượng công an nhân dân (CAND) tập trung toàn lực bảo vệ tuyệt đối an ninh, an toàn Đại hội đại biểu toàn quốc lần thứ XIV của Đảng và bầu cử đại biểu Quốc hội khóa XVI, bầu cử đại biểu Hội đồng nhân dân các cấp nhiệm kỳ 2026 - 2031…
Tổng Bí thư Tô Lâm cũng yêu cầu Đảng ủy Công an T.Ư định vị cụ thể những công tác gia tăng đóng góp của lực lượng công an trong thực hiện 3 mục tiêu chiến lược ""hòa bình, ổn định - phát triển bền vững, chất lượng cao - nâng cao mọi mặt đời sống nhân dân"", tăng trưởng 2 con số, thực hiện các nghị quyết chiến lược của Bộ Chính trị và nỗ lực phấn đấu thực hiện bằng được với sản phẩm, kết quả công việc rõ nét…
Chủ tịch nước và Thủ tướng Chính phủ phát biểu chỉ đạo tại hội nghị
ẢNH: TTXVN
Tổng Bí thư cũng yêu cầu Đảng ủy Công an T.Ư tập trung xây dựng Đảng, xây dựng lực lượng CAND cách mạng, chính quy, tinh nhuệ, hiện đại.
Tổng Bí thư nhấn mạnh, để thực hiện thắng lợi Nghị quyết Đại hội XIV và các chủ trương chiến lược của Đảng cần quyết tâm, nỗ lực rất lớn, sự bứt phá mạnh mẽ của toàn Đảng, toàn dân, toàn quân với tinh thần tất cả vì sự phát triển của đất nước, vì hạnh phúc của nhân dân.
Tổng Bí thư tin tưởng, với tinh thần ""Kỷ luật nhất - Trung thành nhất - Gần dân nhất"", lực lượng công an sẽ hoàn thành xuất sắc nhiệm vụ công tác năm 2026, xứng đáng với sự tin cậy của Đảng, Nhà nước và nhân dân.
Thay mặt Đảng ủy Công an T.Ư, đại tướng Lương Tam Quang, Bộ trưởng Bộ Công an, cảm ơn và nghiêm túc tiếp thu những ý kiến tham gia góp ý của các đại biểu, ý kiến chỉ đạo của Tổng Bí thư, Chủ tịch nước, Thủ tướng Chính phủ, nhất là gợi ý của Tổng Bí thư về các nhiệm vụ mà lực lượng CAND cần tập trung thực hiện trong thời gian tới.
Trước đó, phát biểu khai mạc hội nghị, Bộ trưởngBộ Công anLương Tam Quang cho biết trong năm 2025, Đảng ủy Công an T.Ư và cấp ủy, thủ trưởng các cấp trong CAND luôn quyết liệt lãnh đạo, chỉ đạo công an các đơn vị, địa phương triển khai thực hiện thắng lợi các mục tiêu, yêu cầu, chỉ tiêu, nhiệm vụ của nghị quyết về bảo vệ an ninh quốc gia, bảo đảm trật tự, an toàn xã hội và xây dựng lực lượng CAND năm 2025…
Đại tướng Lương Tam Quang
ẢNH: BỘ CÔNG AN
Qua đó, lực lượng CAND đã giữ vững an ninh quốc gia, củng cố một bước trật tự, an toàn xã hội, tạo môi trường, điều kiện để thực hiện các quyết sách phát triển của Đảng.
Bộ trưởng Lương Tam Quangnêu 5 kết quả nổi bật, trong đó lực lượng CAND đã bảo đảm tuyệt đối an ninh, an toàn các sự kiện chính trị đặc biệt quan trọng, không để xảy ra sơ suất; công tác phòng, chống tội phạm đạt nhiều kết quả tích cực, góp phần giữ vững ổn định chính trị, phục vụ hiệu quả nhiệm vụ phát triển kinh tế, văn hóa, xã hội và đối ngoại của đất nước.
Trong năm 2025, lực lượng CAND cũng thể hiện vai trò tiên phong, nòng cốt trong tiến trình chuyển đổi số quốc gia; tạo nền tảng cho kinh tế số, xã hội số tạo thuận lợi tối đa cho người dân, doanh nghiệp, góp phần thúc đẩy phát triển kinh tế - xã hội...
Cạnh đó,lực lượng CAND cũng khẳng định vai trò trong thực hiện công tác an sinh xã hội, với tinh thần ""bảo vệ tính mạng, tài sản của nhân dân là trên hết, trước hết, tất cả vì nhân dân"". Đảng ủy Công an T.Ư cũng đã chỉ đạo lực lượng CAND tích cực, kịp thời hỗ trợ người dân phòng, chống và khắc phục hậu quả thiên tai, bão, lũ."
https://thanhnien.vn/quoc-hoi-chot-bo-y-te-van-quan-ly-dao-tao-bac-si-noi-tru-chuyen-khoa-185251210004531333.htm,"Quốc hội 'chốt' Bộ Y tế vẫn quản lý đào tạo bác sĩ nội trú, chuyên khoa","Đào tạo chuyên sâu sau đại học như bác sĩ nội trú, bác sĩ chuyên khoa vẫn sẽ do Bộ Y tế quản lý theo quy định tại dự thảo luật Giáo dục đại học (sửa đổi).","Sáng 10.12, với đa số đại biểu tán thành, Quốc hội đã biểu quyết thông qualuật Giáo dụcvà luật Giáo dục đại học sửa đổi.
Trước khi các đại biểu bấm nút biểu quyết, Bộ trưởng Bộ GD-ĐT Nguyễn Kim Sơn đã trình bày trước Quốc hội báo cáo tiếp thu giải trình của Chính phủ về các luật trong lĩnh vực giáo dục và 2 nghị quyết về giáo dục đào tạo.
Bộ trưởng Bộ GD-ĐT Nguyễn Kim Sơn
ẢNH: GIA HÂN
Tiếp thu ý kiến đại biểu, Chính phủ đã chuẩn hóa thuật ngữ “văn bằng chương trình đào tạo chuyên sâu của một số ngành, lĩnh vực đặc thù” thay cho “văn bằng tương đương”, phản ánh đúng bản chất các văn bằng như bác sĩ, dược sĩ, kỹ sư, kiến trúc sư.
Đồng thời, quy định rõ Bộ trưởng Bộ GD-ĐT quản lý văn bằng, chứng chỉ của hệ thống giáo dục quốc dân để bảo đảm linh hoạt, kịp thời điều chỉnh theo yêu cầu thực tiễn.
Đặc biệt, Bộ trưởng Bộ GD-ĐT Nguyễn Kim Sơn khẳng định, Bộ Y tế và Bộ GD-ĐT đã ""thống nhất cao"", đối với các chương trình đào tạo chuyên sâu sau đại học thuộc lĩnh vực sức khỏe cấp văn bằng như bác sĩ nội trú, bác sĩ chuyên khoa, việc hướng dẫn tổ chức thực hiện và quản lý do Bộ Y tế thực hiện theo quy định tại dự thảo luật Giáo dục đại học (sửa đổi).
Việc giao Bộ Y tế quản lý đào tạo chuyên sâu ngành y, theo Bộ trưởng Bộ GD-ĐT, nhằm đảm bảo các vấn đề về quy phạm cũng như chuyên môn. ""Bộ GD-ĐT chúc Bộ Y tế quản lý thật tốt các chương trình đào tạo này"", Bộ trưởng Nguyễn Kim Sơn nhấn mạnh.
Đây là quy định rất mới so với dự thảo được trình trước đó. Thảo luận tại hội trường ngày 20.11, Thứ trưởng Bộ Y tế Nguyễn Trí Thức cho biết rất buồn khi nhiều đề xuất đưa ra đã không được cơ quan soạn thảo tiếp thu.
Lãnh đạo Bộ Y tế cho rằng, đào tạo chuyên khoa, nhất là bác sĩ nội trú là ""tinh hoa của tinh hoa"" trong ngành y, xem đây như là đào tạo chứng chỉ hành nghề là hoàn toàn không chính xác. Ông và nhiều đại biểu đều đề nghị giáo dục lĩnh vực sức khỏe phải do Bộ Y tế quản lý.
Liên quan đến sách giáo khoa, điều 32 của luật quy định Chính phủ quy định việc miễn phí sách giáo khoa cho học sinh; Bộ trưởng Bộ GD-ĐT quyết định một bộ sách giáo khoa giáo dục phổ thông sử dụng thống nhất toàn quốc.
Hội đồng quốc gia thẩm định sách giáo khoa do Bộ trưởng Bộ GD-ĐT quy định và thành lập theo từng môn học, hoạt động giáo dục để thẩm định sách giáo khoa. Hội đồng và thành viên hội đồng chịu trách nhiệm về nội dung và chất lượng thẩm định.
Chủ tịch nước Lương Cường tham dự phiên họp sáng 10.12
ẢNH: GIA HÂN
Trước đó, cho ý kiến thẩm tra dự thảo luật, Ủy ban Văn hóa và Xã hội của Quốc hội tán thành quy định Nhà nước cung cấp một bộ sách giáo khoa sử dụng thống nhất toàn quốc, nhằm thể chế hóa chủ trương của Đảng, Nhà nước về sách giáo khoa giáo dục phổ thông.
Tuy nhiên, cơ quan thẩm tra cũng đề nghị cơ quan chủ trì soạn thảo rà soát, cân nhắc một số nội dung, như không quy định giải pháp trong dự thảo luật; làm rõ xã hội hóa ở những khâu nào (biên soạn, in ấn, phát hành...).
Tiếp thu ý kiến thẩm tra, Chính phủ đang chỉ đạo xây dựng báo cáo phương án triển khai thực hiện một bộ sách giáo khoa thống nhất trong cả nước từ năm học 2026 - 2027, theo hướng công khai, minh bạch, khách quan, tiết kiệm, chống lãng phí.
Cạnh đó, kế thừa và phát huy ưu điểm của các bộ sách hiện có, hạn chế tối đa tác động đến các đối tượng liên quan và không gây xáo trộn hoạt động dạy, học tại cơ sở giáo dục.
Tại thời điểm này, việc cụ thể hóa trong luật việc biên soạn là xã hội hóa hay do Nhà nước biên soạn là chưa khả thi và chưa phù hợp với thực tiễn hiện nay. Nghị quyết 88/2014/QH13 cũng giao Chính phủ chỉ đạo thực hiện “xã hội hóa biên soạn sách giáo khoa”.
Sau khi thống nhất về phương án triển khai thực hiện, Chính phủ sẽ chỉ đạo rà soát, chỉnh lý, ban hành các quy định để tạo cơ sở pháp lý triển khai cụ thể phương án “một bộ sách giáo khoa thống nhất toàn quốc”."
https://thanhnien.vn/tong-bi-thu-yeu-cau-tiep-tuc-hoan-thien-cong-tac-nhan-su-trinh-hoi-nghi-trung-uong-15-18525120922343372.htm,Tổng Bí thư yêu cầu tiếp tục hoàn thiện công tác nhân sự trình Hội nghị Trung ương 15,Tổng Bí thư yêu cầu Tiểu ban Nhân sự Đại hội XIV của Đảng tiếp tục hoàn thiện các công việc liên quan đến công tác nhân sự để trình Hội nghị Trung ương 15 sắp tới.,"Ngày 9.12, tại trụ sở Trung ương Đảng,Tổng Bí thư Tô Lâmchủ trì buổi làm việc với thường trực các tiểu ban Đại hội XIV của Đảng.
Tổng Bí thư Tô Lâm yêu cầu tiếp tục hoàn thiện công tác nhân sự trình Hội nghị Trung ương 15
ẢNH: TTXVN
Sau khi nghe báo cáo và ý kiến phát biểu của các đại biểu dự họp, Tổng Bí thư Tô Lâm thay mặt Bộ Chính trị, Ban Bí thư đánh giá cao kết quả và biểu dương những nỗ lực, cố gắng, tinh thần trách nhiệm cao với công việc của các tiểu ban.
Tổng Bí thư đề nghị các tiểu ban tiếp tục chỉ đạo quyết liệt để hoàn thành mọi nội dung công việc đúng tiến độ, chuẩn bị thật tốt các điều kiện để tổ chức thành công Đại hội XIV của Đảng.
Tổng Bí thư nhấn mạnh, tăng cường công tác thông tin tuyên truyền về Đại hội XIV của Đảng, bảo đảm bao phủ thông tin tích cực, củng cố niềm tin của cán bộ, đảng viên và nhân dân đối với Đại hội; tạo sự thống nhất trong Đảng, sự đồng thuận trong xã hội, cùng hướng tới và hành động vì mục tiêu phát triển đất nước. Đồng thời, tăng cường ngăn chặn thông tin xấu độc, đấu tranh phản bác các luận điệu phản động, sai trái, chống phá, chia rẽ khối đại đoàn kết toàn dân tộc.
Tổng Bí thư yêu cầu Tiểu ban Văn kiện và Tiểu ban Điều lệ của Đảng tiếp tục rà soát hoàn thiện các văn kiện, bảo đảm nội dung văn kiện đáp ứng đầy đủ những yêu cầu mà Bộ Chính trị, Ban Bí thư đã cho ý kiến; báo cáo Trung ương Đảng cho ý kiến tại Hội nghị Trung ương 15 để hoàn thiện báo cáo Đại hội.
Đồng thời, Tổng Bí thư lưu ý, có 2 vấn đề lớn cần nghiên cứu, xây dựng đề án để xin ý kiến Trung ương trong thời gian tới: Tổng kết một số vấn đề lý luận và thực tiễn 100 năm cách mạng Việt Nam dưới sự lãnh đạo của Đảng; Tổng kết 40 năm thực hiện Cương lĩnh xây dựng đất nước trong thời kỳ quá độ lên chủ nghĩa xã hội. Theo Tổng Bí thư, đây là những tổng kết lý luận và thực tiễn quan trọng để chuẩn bị cho Đại hội XV của Đảng. Việc này phải bắt đầu ngay sau Đại hội XIV của Đảng.
Tổng Bí thư yêu cầu, Tiểu ban Nhân sự tiếp tục hoàn thiện các công việc liên quan đến công tác nhân sự để trình Hội nghị Trung ương 15. Ban Tổ chức Trung ương rà soát các văn bản Quy chế làm việc của Đại hội, Quy chế bầu cử tại Đại hội, các hồ sơ nhân sự liên quan đến Đại hội.
Tổng Bí thư Tô Lâm chủ trì buổi làm việc với thường trực các tiểu ban Đại hội XIV của Đảng
ẢNH: TTXVN
Tiểu ban Tổ chức phục vụ Đại hội cần có kế hoạch tổng thể, khoa học, có biểu đồ theo dõi công việc từ nay đến Đại hội, phân công trách nhiệm rõ ràng. Văn phòng Trung ương Đảng rà soát tổng thể các văn bản, đầu công việc phục vụ tổ chức Đại hội XIV của Đảng, phân công rõ những việc trước, trong, sau Đại hội, bảo đảm tránh sơ suất, sót việc.
Trước đó, theo báo cáo của đại diện các tiểu ban từ ngày 15.10 - 15.11, dự thảo các văn kiện trình Đại hội XIV của Đảng đã được công bố công khai trên các phương tiện thông tin đại chúng để xin ý kiến đóng góp của các đại biểu Quốc hội, Mặt trận Tổ quốc, các tổ chức chính trị - xã hội, cán bộ, đảng viên và nhân dân; trong đó có các cuộc gặp riêng xin ý kiến các nhóm cán bộ lão thành, nhân sĩ, trí thức, nhà khoa học, doanh nhân…
Tổng số có gần 5 triệu lượt góp ý với trên 13 triệu ý kiến. Các ý kiến cơ bản thống nhất cao với dự thảo các Văn kiện trình Đại hội XIV của Đảng. Đặc biệt, các ý kiến thể hiện sự đồng tình, đánh giá cao việc tích hợp nội dung 3 văn kiện (gồm Báo cáo chính trị, Báo cáo kinh tế - xã hội, Báo cáo tổng kết xây dựng Đảng) thành một Báo cáo chính trị thống nhất, đồng bộ.
Nhiều ý kiến đóng góp tâm huyết, trí tuệ với tinh thần xây dựng cao đối với định hướng phát triển đất nước trong thời gian tới. Thường trực các tiểu ban đã tiếp thu tối đa những ý kiến hợp lý, xác đáng để chỉnh sửa, bổ sung, hoàn thiện dự thảo các Văn kiện trình Đại hội XIV của Đảng."
https://thanhnien.vn/tong-bi-thu-to-lam-tiep-thu-ky-hoi-dong-an-ninh-nga-185251209202103902.htm,Tổng Bí thư Tô Lâm tiếp Thư ký Hội đồng An ninh Nga,"Chiều 9.12, tại trụ sở T.Ư Đảng, Tổng Bí thư Tô Lâm đã tiếp Thư ký Hội đồng An ninh Nga Sergey Shoigu trong khuôn khổ chuyến thăm làm việc tại Việt Nam.","Tổng Bí thư Tô Lâmnhấn mạnh Việt Nam luôn trân trọng mối quan hệ hữu nghị truyền thống, gắn bó được vun đắp bởi nhiều thế hệ lãnh đạo và nhân dân hai nước; đánh giá cao và cảm ơn sự hỗ trợ của Liên Xô vàNgadành cho Việt Nam trong sự nghiệp đấu tranh giải phóng dân tộc trước đây cũng như công cuộc xây dựng và bảo vệ Tổ quốc ngày nay.
Tổng Bí thư Tô Lâm tiếp Thư ký Hội đồng An ninh Nga Sergei Shoigu
ẢNH: TTXVN
Tổng Bí thư Tô Lâm khẳng định Đảng và Nhà nước Việt Nam nhất quán triển khai đường lối đối ngoại độc lập, tự chủ, đa dạng hóa, đa phương hóa quan hệ đối ngoại, trong đó việc tăng cường quan hệ tin cậy và Đối tác chiến lược toàn diện với Nga là một trong những ưu tiên quan trọng.
Hai nước và các cơ quan chức năng cần đẩy mạnh triển khai hiệu quả các thỏa thuận, cam kết của lãnh đạo cấp cao cũng như các văn bản đã ký, khai thác tối đa các tiềm năng, thế mạnh để đưa quan hệ song phương lên tầm cao mới, phục vụ lợi ích phát triển của mỗi nước và đóng góp vào hòa bình, hợp tác và phát triển ở khu vực và trên thế giới.
Tổng Bí thư Tô Lâm đánh giá cao kết quả trao đổi làm việc giữa Đoàn đại biểu Hội đồng An ninhNgavới các cơ quan chức năng Việt Nam; đồng thời ghi nhận những nội dung hợp tác thiết thực mà hai bên đã thống nhất, đặc biệt trong các lĩnh vực phòng, chống tội phạm xuyên quốc gia; phòng, chống khủng bố; bảo đảm an ninh mạng; an ninh phi truyền thống; trao đổi thông tin chiến lược và đào tạo bồi dưỡng cán bộ.
Tổng Bí thư nhấn mạnh, trong bối cảnh tình hình thế giới diễn biến nhanh chóng và phức tạp, Việt Nam vàNgacàng cần tăng cường phối hợp, tham vấn và chia sẻ kinh nghiệm để hỗ trợ và bổ sung cho nhau vì an ninh, thịnh vượng của mỗi nước; Việt Nam sẵn sàng thúc đẩy và làm cầu nối, cửa ngõ đểNgatăng cường hợp tác nhiều mặt với ASEAN và các nước thành viên ASEAN.
Thư ký Hội đồng An ninhNgaSergey Shoigu bày tỏ vui mừng được thăm lại Việt Nam, đất nước ông có nhiều tình cảm đặc biệt; trân trọng chuyển lời chúc sức khỏe của lãnh đạo cấp caoNgatới Tổng Bí thư. Ông Shoigu khẳng định Nga coi Việt Nam là đối tác tin cậy và quan trọng hàng đầu tại khu vực châu Á - Thái Bình Dương; đánh giá cao vai trò, vị thế và đường lối đối ngoại hòa bình, độc lập, tự chủ của Việt Nam trên trường quốc tế.
Thư ký Hội đồng An ninhNganhấn mạnh rằng quan hệ hợp tác giữa hai nước luôn dựa trên nền tảng tin cậy, tôn trọng lẫn nhau, phù hợp với luật pháp quốc tế và lợi ích của cả hai bên.
Ông cho rằng hợp tác song phương trong lĩnh vực an ninh - quốc phòng, đào tạo cán bộ, chia sẻ kinh nghiệm ứng phó thách thức an ninh phi truyền thống, phòng chống tội phạm… đã đạt nhiều kết quả tích cực.
Ông Sergey Shoigu bày tỏ mong muốn thúc đẩy hợp tác toàn diện giữa Hội đồng An ninh Nga và các cơ quan chức năng của Việt Nam; mở rộng đối thoại chiến lược giữa các cơ quan chuyên trách; khẳng định sẵn sàng hỗ trợ, chia sẻ kinh nghiệm và mở rộng các chương trình, cơ chế hợp tác, cũng như triển khai các sáng kiến hợp tác mới phù hợp yêu cầu và điều kiện của mỗi bên.
Trong không khí cởi mở và tin cậy, hai bên cũng trao đổi về thúc đẩy các lĩnh vực hợp tác khác và nhất trí cần tăng cường các cơ chế hợp tác kinh tế - thương mại, mở rộng hợp tác trong năng lượng, dầu khí, nông nghiệp, chế tạo máy và công nghệ cao; đồng thời khuyến khích tăng cường kết nối giữa các địa phương, doanh nghiệp và hiệp hội kinh tế hai nước nhằm tạo động lực mới cho quan hệ hợp tác song phương; thúc đẩy các chương trình hợp tác khoa học, chuyển giao công nghệ, nghiên cứu chung; coi trọng hợp tác giáo dục, đào tạo nguồn nhân lực chất lượng cao, góp phần củng cố nền tảng lâu dài cho quan hệ Việt Nam - Nga.
Hai bên cũng nhấn mạnh ý nghĩa của giao lưuvăn hóa, giao lưu nhân dân trong việc tăng cường hiểu biết, củng cố tình cảm hữu nghị truyền thống giữa hai dân tộc; nhất trí tiếp tục thúc đẩy các chương trình giao lưuvăn hóa, nghệ thuật, du lịch, trao đổi học giả và sinh viên."
https://thanhnien.vn/pho-bi-thu-tinh-doan-lam-pho-giam-doc-so-vh-tt-dl-vinh-long-185251209101335498.htm,Phó bí thư Tỉnh đoàn làm Phó giám đốc Sở VH-TT-DL Vĩnh Long,"Anh Trần Công Khánh, Phó bí thư Tỉnh đoàn Vĩnh Long được bổ nhiệm giữ chức Phó giám đốc Sở VH-TT-DL Vĩnh Long thời hạn 5 năm.","Ngày 9.12, thông tin từ UBND tỉnhVĩnh Longcho biết, vừa tổ chức công bố quyết định của Chủ tịch UBND tỉnh về việc tiếp nhận, bổ nhiệm anh Trần Công Khánh, Phó bí thư Tỉnh đoàn Vĩnh Long giữ chức Phó giám đốcSở VH-TT-DLVĩnh Long.
Bà Nguyễn Thị Bé Mười, Phó chủ tịch UBND tỉnh Vĩnh Long trao quyết định và hoa chúc mừng tân Phó giám đốc Sở VH-TT-DL Vĩnh Long Trần Công Khánh
ẢNH: NAM LONG
Anh Trần Công Khánh được điều động bổ nhiệm chức Phó giám đốc Sở VH-TT-DL thời hạn 5 năm kể từ ngày 1.12.
Phát biểu nhận nhiệm vụ, tân Phó giám đốc Sở VH-TT-DLVĩnh Longcảm ơn lãnh đạo tỉnh tin tưởng giao chức trách, nhiệm vụ mới. Đồng thời cam kết thời gian tới, sẽ nỗ lực cố gắng, nghiên cứu, học tập, nâng cao năng lực công tác, rèn luyện tư tưởng, phẩm chất, đạo đức chính trị và không ngừng học hỏi, cùng tập thể, đơn vị mới thực hiện tốt nhiệm vụ được giao.
Anh Trần Công Khánh (39 tuổi, quê Vĩnh Long), trình độ chuyên môn thạc sĩ luật, cao cấp lý luận chính trị. Tân Phó giám đốc Sở VH-TT-DL Vĩnh Long từng trải qua các vị trí công tác như: Bí thư Huyện đoàn Tam Bình (Vĩnh Long cũ), Bí thư Đảng ủy xã Mỹ Lộc (H.Tam Bình cũ), Phó chủ tịch UBND H.Tam Bình (cũ); Phó bí thư; Bí thư Tỉnh đoàn Vĩnh Long nhiệm kỳ 2022 - 2027."
https://thanhnien.vn/ong-hoang-phuong-thao-lam-chanh-thanh-tra-tinh-ca-mau-185251209084829485.htm,Ông Hoàng Phương Thảo làm Chánh thanh tra tỉnh Cà Mau,"Ông Hoàng Phương Thảo, cán bộ công an biệt phái giữ chức Phó trưởng ban Nội chính Tỉnh ủy Cà Mau, vừa được  bổ nhiệm làm Chánh thanh tra tỉnh Cà Mau.","Ngày 9.12, tin từ UBND tỉnhCà Mau, cơ quan này vừa công bố quyết định bổ nhiệm ông Hoàng Phương Thảo, Tỉnh ủy viên, Phó trưởng ban Thường trực Ban Nội chính Tỉnh ủy (công an biệt phái), giữ chức vụ Chánh thanh tra tỉnh Cà Mau, thời hạn bổ nhiệm là 5 năm.
Ông Lữ Quang Ngời, Chủ tịch UBND tỉnh Cà Mau (trái) trao quyết định và tặng hoa chúc mừng ông Hoàng Phương Thảo
ẢNH: CTV
Trước đó, Ban Thường vụ Tỉnh ủy Cà Mau đã công bốquyết định bổ nhiệmông Nguyễn Minh Phụng, Chánh thanh tra tỉnh, giữ chức Phó trưởng ban Nội chính Tỉnh ủy. Ban Thường vụ đồng thời điều động ông Hoàng Phương Thảo để Chủ tịch UBND tỉnh Cà Mau bổ nhiệm giữ chức Chánh thanh tra tỉnh; điều động ông Dương Minh Vũ, Phó trưởng ban Nội chính Tỉnh ủy (công an biệt phái), để Chủ tịch UBND tỉnh Cà Mau bổ nhiệm giữ chức Phó giám đốc Sở Dân tộc và Tôn giáo.
Ngoài ra, Chủ tịch UBND tỉnhCà Maucũng đã ký quyết định về việc thôi kiêm nhiệm chức Trưởng ban Tiếp công dân tỉnh thuộc Văn phòng UBND tỉnh đối với Phó chánh văn phòng UBND tỉnh Kiều Trung Tính; công bố quyết định bổ nhiệm Phó chánh văn phòng UBND tỉnh Bùi Đông Thuận kiêm nhiệm chức Trưởng ban Tiếp công dân tỉnh Cà Mau.
"
https://thanhnien.vn/phan-dau-dua-kim-ngach-thuong-mai-viet-nam-campuchia-dat-20-ti-usd-185251208175133025.htm,Phấn đấu đưa kim ngạch thương mại Việt Nam - Campuchia đạt 20 tỉ USD,"Sáng 8.12 nhân dịp đồng chủ trì lễ khai trương Cửa khẩu quốc tế Tân Nam (tỉnh Tây Ninh) - Meun Chey (tỉnh Prey Veng, Campuchia), Thủ tướng Phạm Minh Chính và Thủ tướng Campuchia Hun Manet đã hội đàm đánh giá kết quả hợp tác thời gian qua, đồng thời trao đổi các biện pháp thúc đẩy quan hệ song phương.","Hai thủ tướng nhận định, trong năm qua Việt Nam vàCampuchiađã đạt được nhiều kết quả thực chất. Quan hệ chính trị, đối ngoại không ngừng được củng cố, các cơ chế hợp tác song phương tiếp tục phát huy hiệu quả, trong đó có Hội nghị Hợp tác và phát triển các tỉnh biên giới lần thứ 13 (27 - 29.11).
Toàn cảnh cuộc hội đàm
ẢNH: NHẬT BẮC
Hợp tác quốc phòng, an ninh ngày càng thực chất, ba bên đã tổ chức cuộc gặp giữa ba bộ trưởng quốc phòng Campuchia - Lào - Việt Nam. Các cuộc đối thoại chính sách, giao lưu quốc phòng, cuộc gặp cấp bộ trưởng góp phần thắt chặt quan hệ.
Hợp tác kinh tế, thương mại, đầu tư tăng trưởng mạnh mẽ. Kim ngạch thương mại hai nước đạt 10,4tỉUSD trong 11 tháng đầu năm 2025, tăng 12,7% so với cùng kỳ năm 2024 và dự kiến đạt 12tỉUSD trong năm 2025. Với Campuchia, Việt Nam là đối tác thương mại lớn thứ ba trên thế giới và lớn nhất trong ASEAN.
Thủ tướng Phạm Minh Chính tại cuộc hội đàm
ẢNH: NHẬT BẮC
Việt Nam hiện là nhà đầu tư nước ngoài lớn thứ năm tại Campuchia. Campuchia là địa bàn đầu tư nước ngoài lớn thứ hai của Việt Nam. Hợp tác biên giới lãnh thổ đạt nhiều tiến triển; hợp tác giáo dục, đào tạo, y tế, văn hóa, du lịch, giao lưu nhân dân được quan tâm.
Hai thủ tướng đánh giá cao ý nghĩa việc khai trương cửa khẩu quốc tế Tân Nam - Meun Chey trong việc gia tăng gắn kết, kinh tế, thương mại và giao lưu nhân dân; khẳng định quyết tâm tiếp tục hoàn thiện hệ thống cửa khẩu, nâng cấp hạ tầng giao thông xuyên biên giới, tạo động lực mới cho phát triển kinh tế khu vực.
Hai thủ tướng cùng cho rằng hai bên cần phối hợp tốt trong quản lý, giữ vững an ninh, trật tự khu vực biên giới, ngăn ngừa tội phạm xuyên biên giới, buôn lậu và các hoạt động phi pháp, đồng thời sớm ký kết ""Hiệp định về quản lý cửa khẩu"" và ""Hiệp định về quy chế quản lý biên giới"", đáp ứng mục tiêu phát triển của hai nước trong giai đoạn mới.
Hai bên nhất trí tăng cường tiếp xúc cấp cao, trao đổi đoàn trên tất cả các cấp, các kênh, phát huy các cơ chế hợp tác song phương hiện có; củng cố hợp tác quốc phòng, an ninh; thực hiện nguyên tắc không để các thế lực thù địch sử dụng lãnh thổ nước này để chống phá nước kia; duy trì an ninh trật tự khu vực biên giới, phòng chống tội phạm xuyên biên giới, lừa đảo trực tuyến; và phối hợp đấu tranh chống các luận điệu xuyên tạc, các tin giả, sai sự thật của các thế lực thù địch kích động, chống phá và chia rẽ quan hệ Việt Nam - Campuchia.
Hai bên nhất trí tập trung hợp tác kinh tế, bao gồm phát triển kinh tế số, kết nối cơ sở hạ tầng và kết nối về chính sách, đặc biệt trong lĩnh vực thương mại, đầu tư, giao thông vận tải, văn hoá, du lịch; đẩy nhanh kết nối hạ tầng giao thông và logistics, đồng thời phát triển các cửa khẩu và hạ tầng thương mại biên giới; phấn đấu đưa kim ngạch thương mại song phương sớm đạt 20 tỉ USD trong thời gian tới.
Thủ tướng Campuchia Hun Manet tại hội đàm
ẢNH: NHẬT BẮC
Hai thủ tướng nhất trí phối hợp tuyên truyền sâu rộng về truyền thống đoàn kết, hữu nghị giữa Việt Nam - Campuchia đến nhân dân hai nước, tăng cường giao lưu nhân dân với các hình thức mới.
Thủ tướng Phạm Minh Chính khẳng định Việt Nam sẵn sàng hỗ trợ Campuchia nâng cao chất lượng nguồn nhân lực, gia tăng học bổng đào tạo cho Campuchia.
Hai thủ tướng nhấn mạnh tầm quan trọng của việc duy trì đường biên giới hai nước hòa bình, ổn định, hợp tác và phát triển bền vững; khẳng định tiếp tục phối hợp xử lý các vấn đề phát sinh, trong đó có việc bảo vệ bền vững môi trường ở khu vực biên giới; thúc đẩy đàm phán, giải quyết khoảng 16% đường biên giới chưa hoàn thành phân giới cắm mốc, phối hợp quản lý biên giới cả trên bộ và trên biển.
Nhân dịp này, Thủ tướng Chính phủ Phạm Minh Chính đề nghị Campuchia tiếp tục giải quyết vấn đề pháp lý để người gốc Việt tại Campuchia ổn định cuộc sống, đóng góp tích cực cho sự phát triển của Campuchia và quan hệ hữu nghị hai nước.
Trao đổi về căng thẳng biên giới Campuchia - Thái Lan, Thủ tướng Phạm Minh Chính khẳng định Việt Nam luôn quan tâm và sẽ tiếp tục đóng góp vào giải pháp hòa bình, cho rằng ổn định lâu dài là biện pháp tốt nhất cho cả Campuchia và Thái Lan, vì tình đoàn kết trong ASEAN, vì môi trường hòa bình, ổn định, hợp tác và phát triển của khu vực và thế giới."
https://thanhnien.vn/nguoi-tre-gui-gam-ky-vong-cho-chang-duong-phat-trien-moi-185251205152153124.htm,Người trẻ gửi gắm kỳ vọng cho chặng đường phát triển mới,"Đại hội XIV của Đảng diễn ra trong bối cảnh đất nước đứng trước những cơ hội bứt phá cũng như thách thức lớn. Thế hệ trẻ kỳ vọng đại hội sẽ đưa ra các quyết sách chiến lược, đủ tầm về công tác cán bộ, nhân tài, giáo dục, môi trường và chính sách thanh niên, tạo động lực đưa đất nước bước vào kỷ nguyên phát triển mới.","Từ góc độ chuyên môn công tác và tinh thần tâm huyết trách nhiệm của mình, tôi xin gửi gắm một số kỳ vọng tớiĐại hội XIV của Đảng.
Trước hết, yêu cầu then chốt đặt ra là công tác nhân sự của đại hội phải được chuẩn bị thật kỹ lưỡng, khách quan và khoa học, để từ đó bầu chọn được đội ngũ cán bộ, nhất là các lãnh đạo chủ chốt, Bộ Chính trị, Ban Bí thư, Ban Chấp hành T.Ư... đủ đức, đủ tài, đủ tâm và đủ tầm.
Bộ máy lãnh đạo phải là những người có tư duy đổi mới, có tầm trí tuệ, khả năng dự báo, dự đoán, có tư duy số, luôn luôn đặt lợi ích của Tổ quốc, của Đảng, nhân dân lên trên hết; phải thực sự trung thành với Đảng, phải thật lòng trong sáng vô tư. Bởi lẽ, dù văn kiện đại hội được xây dựng công phu đến đâu, nếu thiếu một đội ngũ cán bộ xứng tầm về đạo đức và trí tuệ thì những quyết sách lớn cũng khó có thể đi vào thực tiễn.
Kỳ vọng đại hội tiếp tục định hướng ban hành nhiều chủ trương, chính sách phát triển thanh niên
ẢNH: NHẬT THỊNH
Cùng với đó, văn kiện đại hội cần thể hiện rõ những chủ trương, chính sách chiến lược mang tính đột phá trong thu hút vàtrọng dụng nhân tài. Thực tiễn cho thấy, trong suốt 40 năm đổi mới, Đảng ta đã ban hành nhiều nghị quyết, chính sách liên quan đến đội ngũ trí thức, nhưng vẫn thiếu một chiến lược cụ thể về sử dụng và phát huy nhân tài, đặc biệt là nhân tài trong lĩnh vực tham mưu chiến lược, hoạch định đường lối ở tầm lý luận cao và khoa học - công nghệ.
Một lĩnh vực khác được người trẻ đặc biệt kỳ vọng là giáo dục và đào tạo. Những năm qua, dù Đảng và Nhà nước rất quan tâm, nhưng dường như thực trạng phát triển giáo dục - đào tạo nước ta vẫn trong vòng luẩn quẩn (cải cách, đổi mới nhiều lần, nhiều hình thức, phương pháp thi, học, đánh giá) nhưng chưa thực sự hiệu quả và chưa có giải pháp đột phá, đồng bộ, hiện đại.
Nhìn ra thế giới, không quốc gia nào trở thành nước phát triển nếu thiếu một nền giáo dục tiên tiến, hiện đại. Do đó, đất nước có thể vươn mình tiến vào kỷ nguyên mới hay không, có thể trở thành nước phát triển hay không, phần lớn được quyết định bởi chất lượng, hiệu quả của nền giáo dục - đào tạo.
Bên cạnh phát triển kinh tế - xã hội, nhiệm vụ bảo vệ môi trường và ứng phó với biến đổi khí hậu cũng cần được đặt ở vị trí trung tâm với các giải pháp mạnh mẽ, đồng bộ và hệ thống pháp luật đủ sức răn đe.
Thực tế cho thấy, những năm gần đây nước ta chịu tác động và thiệt hại ngày càng nghiêm trọng do biến đổi khí hậu, với mưa lũ lớn kéo dài ở miền Bắc, miền Trung, triều cường và xâm nhập mặn ở miền Nam, cùng nguy cơ nước biển dâng. Nếu không có các chính sách dài hạn, mang tính chiến lược và quyết liệt, mục tiêu phát triển đất nước cũng như không gian sinh tồn của dân tộc sẽ bị ảnh hưởng nghiêm trọng.
Đặc biệt, kỳ vọng Đảng, Nhà nước tiếp tục quan tâm ban hành nhiều chủ trương, chính sách phát triển thanh niên, nhất là chính sách tạo việc làm. Việc làm của thanh niên là vấn đề đặc biệt quan trọng, gắn trực tiếp với ổn định và phát triển xã hội; thực tế cho thấy nhiều bất ổn ở một số quốc gia chủ yếu xuất phát từ tình trạng thanh niên thiếu việc làm.
Cùng với đó, cần tạo môi trường phát triển lành mạnh cho thanh niên - thế hệ chủ nhân tương lai của đất nước, nhất là môi trường không gian số trong thời đại số hóa hiện nay.
Bên cạnh đó, quá trìnhsắp xếp tổ chức bộ máyvà đơn vị hành chính cũng đặt ra những vấn đề cần được quan tâm kịp thời. Đảng, Nhà nước cần tiếp tục có các chính sách cụ thể, giải pháp căn cơ, toàn diện nhằm quan tâm, hỗ trợ phù hợp đối với đời sống, thu nhập, hoàn cảnh gia đình cũng như tình hình, diễn biến tư tưởng của cán bộ, đảng viên sau sáp nhập các đơn vị hành chính và tinh gọn bộ máy.
Bởi thực tế, một bộ phận cán bộ còn băn khoăn, lo lắng, tâm tư do bị tác động đến quyền và lợi ích như vị trí công tác, cơ hội phát triển, điều kiện sinh hoạt, di chuyển, ăn ở sau sáp nhập.
Chúng ta gửi gắm kỳ vọng Đại hội XIV của Đảng sẽ mở ra một giai đoạn phát triển mới, khí thế mới, tạo động lực mới, hiệu triệu sức mạnh toàn Đảng, toàn dân để hiện thực hóa khát vọng phát triển và đưa đất nước bước vào kỷ nguyên mới giàu mạnh."
https://thanhnien.vn/ong-nguyen-ngoc-luong-tiep-tuc-giu-chuc-chu-tich-mttq-viet-nam-tinh-gia-lai-185251204141807235.htm,Ông Nguyễn Ngọc Lương tiếp tục giữ chức Chủ tịch MTTQ Việt Nam tỉnh Gia Lai,"Đại hội MTTQ VN tỉnh Gia Lai nhiệm kỳ 2025 - 2030 khai mạc, thảo luận định hướng đoàn kết, đổi mới và phát triển, kiện toàn tổ chức và triển khai mạnh các phong trào vận động.","Sáng 4.12, Đại hội đại biểu MTTQ Việt Nam tỉnhGia Lailần thứ 1, nhiệm kỳ 2025 - 2030 chính thức khai mạc.
Gia Lai tổ chức khai mạc đại hội MTTQ Việt Nam lần thứ 1
ẢNH: ĐỨC NHẬT
Tham dự và chỉ đạo đại hội có ông Hoàng Công Thủy, Phó chủ tịch Ủy ban Trung ương MTTQ Việt Nam.
Phát biểu khai mạc, Phó bí thư Tỉnh ủy, Chủ tịch Ủy ban MTTQ Việt Nam tỉnhNguyễn Ngọc Lươngnhấn mạnh, Đại hội là sự kiện chính trị quan trọng, tạo khí thế mới và củng cố niềm tin của nhân dân vào những quyết sách phát triển tỉnh Gia Lai trong giai đoạn mới. Đại hội thực hiện nhiệm vụ đánh giá kết quả thực hiện Nghị quyết nhiệm kỳ trước, rút kinh nghiệm và đề ra chương trình hành động nhiệm kỳ 2025 - 2030 theo tinh thần đoàn kết, dân chủ và đổi mới.
Báo cáo tại đại hội, Phó chủ tịch Thường trực Trần Minh Sơn cho biết hệ thống Mặt trận các cấp đã nhanh chóng ổn định sau sáp nhập, kiện toàn tổ chức tại 135 xã, phường và thành lập 10 ban tham mưu giúp việc cấp tỉnh. Chỉ sau 5 tháng vận hành mô hình mới, bộ máy hoạt động thông suốt, không gián đoạn nhiệm vụ chính trị.
Chủ tịch Ủy ban MTTQ Việt Nam tỉnh Gia Lai Nguyễn Ngọc Lương phát biểu khai mạc đại hội
ẢNH: ĐỨC NHẬT
Nhiều phong trào, cuộc vận động đạt kết quả nổi bật, đặc biệt mục tiêuxóa nhà tạmnăm 2025 được hoàn thành sớm với 12.520 căn được hỗ trợ. Cuộc vận động xây dựng nông thôn mới, đô thị văn minh tiếp tục lan tỏa mạnh mẽ, cùng nhiều mô hình hiệu quả và sự đóng góp lớn của người dân. Chương trình làm thay đổi nếp nghĩ, cách làm trong đồng bào dân tộc thiểu số đạt kết quả rõ rệt, góp phần giảm hơn 13.000 hộ nghèo.
Chỉ đạo tại đại hội, ông Hoàng Công Thủy, Phó chủ tịch Ủy ban Trung ương MTTQ Việt Nam, đề nghị phải lấy nhân dân làm trung tâm, chủ thể, mục tiêu và động lực của đổi mới; kết hợp dân chủ - kỷ cương - pháp quyền; chuyển từ phong trào hình thức sang kết quả thực chất để làm kim chỉ nam xuyên suốt trong công tác Mặt trận nhiệm kỳ này.
Ông Hoàng Công Thủy, Phó chủ tịch Ủy ban Trung ương MTTQ Việt Nam phát biểu chỉ đạo tại đại hội
ẢNH: ĐỨC NHẬT
Ông Hoàng Công Thủy đề nghị Đại hội xem xét, cụ thể hóa vào nghị quyết và chương trình hành động nhiệm kỳ tới một số nội dung trọng tâm.
Mặt trận các cấp cần tập hợp, đoàn kết rộng rãi các tầng lớp nhân dân; khơi dậy và phát huy giá trị văn hóa, sức sáng tạo, tinh thần cống hiến của nhân dân; tạo nguồn lực nội sinh mạnh mẽ, hun đúc khát vọng xây dựng quê hương giàu đẹp, văn minh; phát huy trí tuệ, công sức, nguồn lực của nhân dân để thực hiện mục tiêu đưaGia Laitrở thành tỉnh phát triển khá của cả nước.
Đại hội cũng đã hiệp thương 134 ủy viên Ủy ban MTTQ Việt Nam tỉnh khóa I, bầu đoàn đại biểu dự Đại hội toàn quốc. Ông Nguyễn Ngọc Lương tiếp tục giữ chức Chủ tịch Ủy ban MTTQ Việt Nam tỉnh; ông Trần Minh Sơn giữ chức Phó chủ tịch Thường trực.
Ủy ban Trung ương MTTQ Việt Nam cũng đã trao biển tượng trưng hỗ trợ 30 tỉ đồng cho nhân dân tỉnh Gia Lai bị thiệt hại do mưa bão
ẢNH: ĐỨC NHẬT
Dịp này, Ủy ban Trung ương MTTQ Việt Nam cũng đã trao biển tượng trưng hỗ trợ 30 tỉ đồng cho nhân dân tỉnh Gia Lai bị thiệt hại do mưa bão."
https://thanhnien.vn/tong-bi-thu-to-lam-chu-tri-hoi-nghi-quan-uy-tu-lan-thu-15-185251204134255719.htm,Tổng Bí thư Tô Lâm chủ trì hội nghị Quân ủy T.Ư lần thứ 15,"Sáng 4.12, Quân ủy T.Ư tổ chức hội nghị lần thứ 15 nhằm đánh giá kết quả lãnh đạo thực hiện nhiệm vụ công tác quân sự, quốc phòng năm 2025, phương hướng nhiệm vụ năm 2026; cho ý kiến vào dự thảo Nghị quyết lãnh đạo nhiệm vụ quân sự, quốc phòng và xây dựng Đảng bộ Quân đội năm 2026. Tổng Bí thư Tô Lâm, Bí thư Quân ủy T.Ư, chủ trì hội nghị.","Theo BáoQuân Đội Nhân Dân, phát biểu tại hội nghị,Tổng Bí thư Tô Lâmkhẳng định, năm 2025, dưới sự lãnh đạo, chỉ đạo của Đảng, Nhà nước, trực tiếp là Quân ủy T.Ư, Bộ Quốc phòng, toàn quân đã thực hiện thắng lợi nhiệm vụ quân sự, quốc phòng và xây dựng Đảng bộ Quân đội trong sạch, vững mạnh. Đặc biệt, toàn quân luôn có quyết tâm chính trị cao, nỗ lực lớn, hoàn thành tốt các nhiệm vụ, trong đó có nhiều nhiệm vụ hoàn thành xuất sắc.
Tổng Bí thư Tô Lâm chủ trì hội nghị
ẢNH: QĐND
Tổng Bí thư nhấn mạnh, năm 2026 là năm có ý nghĩa rất quan trọng, năm đầu tiên toàn Đảng, toàn dân và toàn quân triển khai thực hiện Nghị quyết Đại hội đại biểu toàn quốc lần thứ XIV của Đảng với khối lượng công việc rất lớn để hiện thực hóa các quyết sách quan trọng; tổ chức cuộc bầu cử Đại biểu Quốc hội khóa XVI và đại biểu HĐND các cấp nhiệm kỳ 2026 - 2031. Đây cũng là năm đầu tiên thực hiện chủ trương xây dựng quân đội hiện đại và nền quốc phòng toàn dân hiện đại.
Để quân đội hoàn thành tốt nhiệm vụ trọng tâm năm 2026, Tổng Bí thư Tô Lâm yêu cầu Quân ủy T.Ư, Bộ Quốc phòng triển khai đồng bộ 6 nhóm nhiệm vụ, giải pháp. Trước hết, cần quán triệt và triển khai hiệu quả Nghị quyết Đại hội XIV của Đảng và các nghị quyết chiến lược quan trọng của Bộ Chính trị.
Tiếp tục thực hiện tốt chức năng tham mưu chiến lược với Đảng, Nhà nước về quân sự, quốc phòng và phát huy vai trò nòng cốt trong sự nghiệp quốc phòng, bảo vệ Tổ quốc. Trong đó, nâng cao năng lực nghiên cứu dự báo chiến lược, kịp thời tham mưu với Đảng, Nhà nước các đối sách thích hợp để xử lý thắng lợi các tình huống, tuyệt đối không để bị động bất ngờ. Tiếp tục nghiên cứu, tham mưu ban hành các nghị quyết, chỉ thị, kết luận, luật, pháp lệnh, đề án, dự án về quân sự, quốc phòng...
Lãnh đạo, chỉ đạo tiến hành tốt công tác tư tưởng của Đảng trong Quân đội. Trọng tâm là tiến hành tốt công tác giáo dục chính trị, xây dựng nhân tố chính trị, tinh thần vững chắc cho bộ đội, bảo đảm trong bất kỳ hoàn cảnh nào, quân đội cũng tuyệt đối trung thành với với Tổ quốc, với Đảng, Nhà nước và nhân dân, sẵn sàng chiến đấu bảo vệ vững chắc độc lập, chủ quyền, thống nhất, toàn vẹn lãnh thổ; xung kích, đi đầu trong phòng, chống, khắc phục hậu quả thiên tai, thảm họa, tìm kiếm cứu nạn, cứu hộ, góp phần phát huy giá trị văn hóa “Bộ đội Cụ Hồ” thời kỳ mới.
Tổng Bí thư Tô Lâm phát biểu tại hội nghị
ẢNH: QĐND
Xây dựng quân đội “tinh, gọn, mạnh”, hiện đại; nâng cao chất lượng huấn luyện, sẵn sàng chiến đấu; bảo đảm tốt hậu cần, kỹ thuật cho các nhiệm vụ. Nghiên cứu bổ sung, hoàn thiện và thúc đẩy thực hiện “bộ tiêu chí xây dựng Quân đội nhân dân Việt Nam hiện đại trong tình hình mới”, bảo đảm cơ chế đồng bộ, lộ trình rõ ràng, bước đi vững chắc; đẩy mạnh tăng gia sản xuất, nâng cao đời sống, sức khỏe và điều kiện sinh hoạt, công tác, huấn luyện của bộ đội theo phương châm “thực túc, binh cường”.
Tiếp tục mở rộng, nâng tầm hội nhập quốc tế và đối ngoại quốc phòng. Trong đó, cần đặc biệt quan tâm tạo lập thế cân bằng chiến lược trong quan hệ với các đối tác, nhất là các nước lớn; giữ vững môi trường hòa bình, ổn định để phát triển đất nước, ngăn ngừa từ sớm, từ xa mọi nguy cơ chiến tranh, xung đột.
Triển khai đồng bộ các giải pháp xây dựng Đảng bộ Quân đội trong sạch, vững mạnh toàn diện, mẫu mực, tiêu biểu. Đặc biệt coi trọng triển khai hiệu quả chính sách thu hút, trọng dụng nhân tài, xây dựng đội ngũ cán bộ quân đội hiện đại, đáp ứng yêu cầu nhiệm vụ thời kỳ mới.
Để toàn quân vững vàng bước vào kỷ nguyên phát triển mới của dân tộc, Tổng Bí thư Tô Lâm yêu cầu Quân ủy T.Ư, Bộ Quốc phòng cùng toàn quân hành động theo phương châm “5 vững”. Đó là “chính trị vững - kỷ luật vững - công nghệ vững - nghệ thuật quân sự vững - đời sống bộ đội vững”.
Tổng Bí thư mong mỗi cán bộ, chiến sĩ khắc ghi, biến phương châm “5 vững” thành hành động hằng ngày và coi đó là tiêu chí rèn luyện, thước đo kết quả xây dựng quân đội trong tình hình mới."
https://thanhnien.vn/viet-nam-lao-nhat-tri-tang-cuong-ket-noi-hai-nen-kinh-te-185251203231724538.htm,Việt Nam - Lào nhất trí tăng cường kết nối hai nền kinh tế,"Sáng 3.12, tại thủ đô Vientiane, Lào, Thủ tướng Phạm Minh Chính và Thủ tướng Lào Sonexay Siphandone đồng chủ trì kỳ họp lần thứ 48 Ủy ban liên Chính phủ về hợp tác song phương Việt Nam - Lào.","Kỳ họp nhằm rà soát, đánh giá tình hình triển khai thực hiện các thỏa thuận trong Kế hoạch hợp tácViệt Nam- Lào giai đoạn 2021 - 2025 và năm 2025; đồng thời trao đổi, thống nhất phương hướng và nhiệm vụ hợp tác giai đoạn 2026 - 2030 và năm 2026; đặc biệt triển khai cụ thể hóa ngay kết quả Cuộc họp cấp cao giữa Đảng Cộng sảnViệt Namvà Đảng Nhân dân Cách mạng Lào.
Tại kỳ họp, sau khi nghe báo cáo rà soát các lĩnh vực hợp tác giai đoạn 2021 - 2025 và phương hướng, nhiệm vụ hợp tác giai đoạn 2026 - 2030, hai Thủ tướng và lãnh đạo các bộ, ngành, cơ quan hai bên đã thông tin, trao đổi những biện pháp cụ thể để triển khai các thỏa thuận hợp tác trong thời gian tới, với những chương trình,dự áncụ thể.
Thủ tướng Phạm Minh Chính và Thủ tướng Lào Sonexay Siphandone đồng chủ trì kỳ họp lần thứ 48 Ủy ban liên Chính phủ về hợp tác song phươngViệt Nam- Lào
ẢNH: TTXVN
Hợp tác kinh tế, thương mại, đầu tư giữa hai nước có nhiều bước phát triển. Tính đến tháng 4.2025,Việt Namcó 267 dự án đầu tư tại Lào, với tổng vốn đăng ký 5,63 tỉ USD. Trong 10 tháng năm 2025, đầu tư củaViệt Namsang Lào đạt 566,1 triệu USD. Tổng kim ngạch xuất nhập khẩuViệt Nam- Lào trong 10 tháng đầu năm 2025 đạt 2,6 tỉ USD, tăng 50,4% so với cùng kỳ năm 2024, trong đóViệt Namnhập siêu 626,2 triệu USD.
Các lĩnh vựcGD-ĐT, KH-CN, văn hóa, du lịch, giao lưu nhân dân, hợp tác giữa các bộ, ngành, cơ quan và địa phương hai nước… diễn ra sôi động và tiếp tục được tăng cường. Hai nướcViệt Nam- Lào luôn phối hợp chặt chẽ, ủng hộ lẫn nhau trên các diễn đàn đa phương và khu vực, nhất là phối hợp với các nước thành viên ASEAN khác trong việc xây dựng Cộng đồng ASEAN và duy trì đoàn kết, đồng thuận của ASEAN trong các vấn đề chiến lược ở khu vực…
Thủ tướng Phạm Minh Chính nhấn mạnh trong bối cảnh hiện nay, hai nước cần có quyết tâm mới, cách tiếp cận mới, động lực mới, tạo đà, tạo lực, tạo khí thế mới để hai nước cùng nhau phát triển; đồng thời thúc đẩy và thắt chặt hơn nữa, xây dựng quan hệ đặc biệtViệt Nam- Lào, trở thành hình mẫu trong quan hệ quốc tế.
Nhằm thúc đẩy quan hệ hai nước, nhất là ngay sau Cuộc họp cấp cao giữa hai Đảng, hai Thủ tướng thống nhất hai bên bắt tay ngay làm sâu sắc nội hàm quan hệViệt Nam- Lào với tầm cao mới ""Hữu nghị vĩ đại, đoàn kết đặc biệt, hợp tác toàn diện, gắn kết chiến lược"", với ""quan hệ chính trị là sống còn, hợp tác quốc phòng - an ninh và kinh tế là then chốt, hợp tác KH-CN, GD-ĐT là đột phá, hợp tác doanh nghiệp và nhân dân là nền tảng, hợp tác địa phương là đòn bẩy"".
Trước mắt, ngay trong năm 2026, hai bên tập trung thực hiện tốt các Tuyên bố chungViệt Nam- Lào; Thỏa thuận ký kết tại Kỳ họp 48 Ủy ban liên Chính phủ; đề ra nhiều biện pháp mạnh mẽ, thiết thực để tiếp tục đưa quan hệ chính trị, ngoại giao giữa hai nước đi vào chiều sâu; tăng cường trụ cột hợp tác quốc phòng - an ninh; tiếp tục dành ưu tiên đặc biệt cho hợp tác GD-ĐT.
Hai Thủ tướng nhất trí tăng cường kết nối hai nền kinh tế, thúc đẩy hợp tác đầu tư - thương mạiViệt Nam-Lào, phấn đấu tiếp tục thúc đẩy tăng kim ngạch thương mại giữa hai nước năm 2026 từ 10 - 15% so với năm 2025, sớm đưa kim ngạch thương mại hai chiều lên 5 tỉ USD và hướng tới 10 tỉ USD/năm; tập trung giải quyết khó khăn, thúc đẩy triển khai kết nối hạ tầng giao thông; coi nông nghiệp và phát triển nông thôn một trong những trụ cột của hợp tác kinh tế giữa hai nước.
Hai bên tin tưởng rằng thành công của kỳ họp sẽ tạo động lực mới giúp quan hệ hợp tác giữa hai nước ngày càng phát triển, đi vào chiều sâu, thực chất, tin cậy, hiệu quả, góp phần không ngừng củng cố mối quan hệ hữu nghị vĩ đại, đoàn kết đặc biệt và hợp tác toàn diệnViệt Nam- Lào trong thời gian tới.
Tại kỳ họp, hai bên đã ký kết các văn kiện hợp tác. Chiều cùng ngày, hai Thủ tướng đã cùng chủ trì Hội nghị xúc tiến đầu tưViệt Nam- Lào có chủ đề ""Hợp tác chiến lược: Kiến tạo phát triển thịnh vượng"".
Chiều 3.12, Thủ tướng Phạm Minh Chính đã hội kiến Tổng Bí thư, Chủ tịch nước Lào Thongloun Sisoulith. Tối cùng ngày, Thủ tướng Phạm Minh Chính và Đoàn đại biểuViệt Namvề tới Hà Nội, kết thúc tốt đẹp chuyến công tác tại Lào trong 2 ngày 2 - 3.12 theo lời mời của Thủ tướng Chính phủ Lào Sonexay Siphandone."
https://thanhnien.vn/ong-phan-thang-an-lam-bi-thu-tinh-uy-cao-bang-185251203170601158.htm,Ông Phan Thăng An làm Bí thư Tỉnh ủy Cao Bằng,"Bộ Chính trị điều động, chỉ định Phó trưởng Ban Tổ chức T.Ư Phan Thăng An giữ chức Bí thư Tỉnh ủy Cao Bằng, thay cho ôngQuản Minh Cườngđược điều động làm Bí thư Tỉnh ủy Quảng Ninh.","Chiều 3.12, Tỉnh ủy Cao Bằng tổ chức Hội nghị triển khai quyết định của Bộ Chính trị về công táccán bộ. Ủy viên Bộ Chính trị, Bí thư T.Ư Đảng, Trưởng Ban Tổ chức T.Ư Lê Minh Hưng dự và chỉ đạo hội nghị.
Tại hội nghị, Ban Tổ chức T.Ư công bố và trao quyết định của Bộ Chính trị cho ông Phan Thăng An thôi tham gia Ban Chấp hành Đảng bộ các cơ quan Đảng T.Ư, nhiệm kỳ 2020 - 2025, thôi giữ chức Phó Trưởng ban Tổ chức T.Ư; điều động, chỉ định tham gia Ban Chấp hành, Ban Thường vụ Tỉnh ủy, giữ chức vụ Bí thư Tỉnh ủy Cao Bằng, nhiệm kỳ 2025 - 2030 và chỉ định tham gia Đảng ủy Quân khu 1.
Trưởng Ban Tổ chức T.Ư Lê Minh Hưng trao quyết định cho tân Bí thư Tỉnh ủy Cao Bằng Phan Thăng An
ẢNH: B.C.B
Trao quyết định và phát biểu giao nhiệm vụ, Trưởng ban Tổ chức T.Ư Lê Minh Hưng khẳng định, việc điều động ông Phan Thăng An giữ chứcBí thư Tỉnh ủyCao Bằng thể hiện sự tin tưởng, kỳ vọng của Bộ Chính trị đối với một cán bộ được đào tạo bài bản, quyết liệt và có bề dày kinh nghiệm thực tiễn.
Trước những yêu cầu của giai đoạn mới, Trưởng ban Tổ chức T.Ư đề nghị tân Bí thư Tỉnh ủy cùng Ban Chấp hành, Ban Thường vụ Tỉnh ủy Cao Bằng bắt tay ngay vào công việc, bám sát chỉ đạo của T.Ư để lãnh đạo, chỉ đạo thực hiện các chương trình trọng tâm, nội dung đột phá, các chỉ tiêu, nhiệm vụ đã đề ra trong nghị quyết Đại hội Đảng bộ tỉnh lần thứ XX ngay từ đầu nhiệm kỳ; tập trung hoàn thành và hoàn thành vượt mức chỉ tiêu nghị quyết Đại hội XIII của Đảng và kế hoạch năm 2025; đồng thời chuẩn bị chu đáo cho công tác bầu cử đại biểu Quốc hội khóa XVI và HĐND các cấp nhiệm kỳ 2026 - 2031.
Phát biểu nhận nhiệm vụ, tânBí thư Tỉnh ủyPhan Thăng An cam kết sẽ nhanh chóng nắm bắt tình hình, nêu cao tinh thần tiên phong, giữ vững đoàn kết tập thể Ban Thường vụ Tỉnh ủy, Ban Chấp hành Đảng bộ tỉnh, để bảo đảm bộ máy chính quyền địa phương 2 cấp hoạt động thông suốt, hiệu lực, hiệu quả; lãnh đạo thực hiện thắng lợi 12 chỉ tiêu, 3 nhiệm vụ trọng tâm và 3 đột phá chiến lược mà Nghị quyết Đại hội Đảng bộ tỉnh lần thứ XX đã đề ra.
Về định hướng sắp tới, ông Phan Thăng An nhấn mạnh việc cụ thể hóa chỉ đạo của T.Ư phù hợp với đặc thù tỉnh biên giới, tập trung tháo gỡ điểm nghẽn và khơi thông nguồn lực. Đặc biệt, tân Bí thư Tỉnh ủy Cao Bằng khẳng định cần ""tái kết nối mạch nguồn lịch sử, văn hóa, thiên nhiên làm ánh sáng"" để thu hút sự quan tâm đến Cao Bằng, với mục tiêu tối thượng là nâng cao đời sống vật chất và tinh thần cho nhân dân.
Trước đó, ông Quản Minh Cường, nguyên Bí thư Tỉnh ủy Cao Bằng được Bộ Chính trị điều động, chỉ định tham gia Ban Chấp hành, Ban Thường vụ Tỉnh ủy, giữ chức vụ Bí thư Tỉnh ủy Quảng Ninh, nhiệm kỳ 2025 - 2030."
https://thanhnien.vn/ong-quan-minh-cuong-giu-chuc-bi-thu-tinh-uy-quang-ninh-185251203095439325.htm,Ông Quản Minh Cường giữ chức Bí thư Tỉnh ủy Quảng Ninh,"Ông Quản Minh Cường vừa được Bộ Chính trị điều động, chỉ định tham gia Ban Chấp hành, Ban Thường vụ, giữ chức Bí thư Tỉnh ủy Quảng Ninh nhiệm kỳ 2025 - 2030.","Ngày 3.12, Tỉnh ủy Quảng Ninh đã tổ chức hội nghị công bố quyết định của Bộ Chính trị về công tác cán bộ.Ông Lê Minh Hưng, Ủy viên Bộ Chính trị, Bí thư T.Ư Đảng, Trưởng ban Tổ chức T.Ư, dự và chủ trì hội nghị.
Ông Quản Minh Cường (bên trái) nhận quyết định giữ chức Bí thư Tỉnh ủy Quảng Ninh
ẢNH: Q.M.G
Theo đó, Bộ Chính trị quyết định cho ông Quản Minh Cường thôi tham gia Ban Chấp hành, Ban Thường vụ, thôi giữ chức vụ Bí thư Tỉnh ủy Cao Bằng; đồng thời điều động, chỉ định ông Cường tham gia Ban Chấp hành, Ban Thường vụ, giữ chức vụBí thư Tỉnh ủy Quảng Ninhkhóa XVI, nhiệm kỳ 2025 - 2030.
Phát biểu giao nhiệm vụ, ông Lê Minh Hưng, Ủy viên Bộ Chính trị, Bí thư T.Ư Đảng, Trưởng ban Tổ chức T.Ư, khẳng định ông Quản Minh Cường được Bộ Chính trị đánh giá là cán bộ được đào tạo bài bản, có năng lực và kinh nghiệm trong công tác xây dựng Đảng, xây dựng chính trị; có tư duy nhạy bén, phương pháp làm việc khoa học, chỉ đạo quyết liệt, sâu sát cơ sở, đã trải qua nhiều chức vụ lãnh đạo quan trọng.
Trên các cương vị công tác, ông Cường luôn hoàn thành xuất sắc nhiệm vụ được giao, góp phần quan trọng vào kết quả nhiệm vụ chung của các cơ quan, đơn vị, địa phương đã công tác.
Tân Bí thư Tỉnh ủy Quảng Ninh Quản Minh Cường phát biểu nhận nhiệm vụ
ẢNH: Q.M.G
Trưởng ban Tổ chức T.Ư tin tưởng và kỳ vọng, với năng lực, bản lĩnh, trách nhiệm và kinh nghiệm của mình, ông Quản Minh Cường sẽ hoàn thành xuất sắc nhiệm vụ vai trò Bí thư Tỉnh ủy Quảng Ninh. Đồng thời, đề nghị các cán bộ lãnh đạo trong Ban Chấp hành Đảng bộ, Ban Thường vụ Tỉnh ủy, lãnh đạo các cấp, ngành tỉnh Quảng Ninh tiếp tục phát huy truyền thống đoàn kết, thống nhất, tập trung lãnh đạo, chỉ đạo thực hiện thắng lợi Nghị quyết Đại hội đại biểu Đảng bộ tỉnh lần thứ XVI, nhiệm kỳ 2025 - 2030, đưa Quảng Ninh trở thành thành phố trực thuộc T.Ư trước năm 2030, tự tin cùng cả nước bước vào kỷ nguyên mới.
Ông Lê Minh Hưng, Ủy viên Bộ Chính trị, Bí thư T.Ư Đảng, Trưởng ban Tổ chức T.Ư, tặng hoa chúc mừng ông Vũ Đại Thắng giữ chức Chủ tịch UBND TP.Hà Nội
ẢNH: Q.M.G
Phát biểu nhận nhiệm vụ, tân Bí thư Tỉnh ủy Quảng Ninh mong muốn xây dựng một tinh thần làm việc ""thẳng thắn - minh bạch - trách nhiệm"": khi bàn việc thì rõ ràng, khi triển khai thì quyết tâm, quyết liệt, khi kết quả chưa tốt thì dũng cảm nhận trách nhiệm để làm cho tốt hơn.
Cùng với đó, tiếp tục giữ gìn truyền thống ""kỷ luật và đồng tâm"", nhưng đồng thời nuôi dưỡng một tinh thần mới: kết nối rộng hơn, mở cửa mạnh hơn, hợp tác sâu hơn, để Quảng Ninh không chỉ là động lực của vùng mà còn là điểm đến của bạn bè, nhà đầu tư trong và ngoài nước.
Ông Quản Minh Cường (56 tuổi, quê quán Hưng Yên) có trình độ cao cấp chính trị, tiến sĩ luật, cử nhân cảnh sát. Trước khi làm Bí thư Tỉnh ủy Quảng Ninh, ông trải qua các nhiệm vụ ởBộ Công an, Phó trưởng ban Tổ chức T.Ư, Phó bí thư Tỉnh ủy Đồng Nai, Bí thư Tỉnh ủy Cao Bằng.
Người tiền nhiệm của ông Quản Minh Cường làông Vũ Đại Thắng, vừa được Bộ Chính trị điều động, luân chuyển làm Phó bí thư Thành ủy Hà Nội và được bầu giữ chức Chủ tịch UBND TP.Hà Nội vào ngày 28.11 vừa qua."
https://thanhnien.vn/grdp-tinh-dong-nai-nam-2025-uoc-dat-963-vuot-chi-tieu-chinh-phu-giao-185251202221230374.htm,"GRDP tỉnh Đồng Nai năm 2025 ước đạt 9,63%, vượt chỉ tiêu Chính phủ giao","Tổng sản phẩm trên địa bàn (GRDP) cả năm 2025 của tỉnh Đồng Nai ước đạt 9,63%, vượt chỉ tiêu mà Chính phủ giao.","Ngày 2.12, tin từ UBND tỉnh Đồng Nai cho biết, năm 2025GRDP tỉnh Đồng Naiước đạt 9,63%, vượt chỉ tiêu Chính phủ giao.
Cụ thể, theo thống kê của Cục Thống kê (Bộ Tài chính), GRDP tỉnh Đồng Nai của quý 4 ước tăng 10,73%, đứng thứ tư cả nước.
GRDP cả năm 2025 ước đạt 9,63%, vượt 1,13 điểm phần trăm (mức vượt cao nhất toàn quốc) so với chỉ tiêu của Chính phủ giao (8,50%).
Sân bay Long Thành dự kiến đón chuyến bay đầu tiên vào ngày 19.12.2025, từ năm 2026 bắt đầu khai thác
ẢNH: ACV
Theo UBND tỉnh Đồng Nai, kết quả trên có được nhờ sự nỗ lực lớn của chính quyền, cộng đồng doanh nghiệp và người dân. Đồng Nai tiếp tục khẳng định vị thế là trung tâm công nghiệp - dịch vụ trọng điểm, nằm trong nhóm địa phương dẫn đầu cả nước về năng lực thích ứng và tốc độ phục hồi kinh tế.
Lãnh đạo UBND tỉnh Đồng Nai cũng cho biết, lĩnh vực giữ vai trò ""đầu tàu"" giúp kinh tế Đồng Nai bứt phá mạnh mẽ là  công nghiệp - xây dựng với mức tăng 21,69%.
Điển hình là các dự án trọng điểm được triển khai và về đích, nhưcảng Phước An(xã Phước An, huyện Nhơn Trạch cũ). Cảng Phước An nằm bên bờ sông Thị Vải, là cảng biển lớn nhất tỉnh Đồng Nai với diện tích 183 ha, tổng chiều dài bến hơn 3.000 m, gồm 6 bến container, 4 bến tổng hợp có khả năng đón tàu có tải trọng 60.000 DWT.
Cảng Phước An là cảng biển lớn nhất tỉnh Đồng Nai với diện tích 183 ha, có khả năng đón tàu có tải trọng 60.000 DWT
ẢNH: LÊ LÂM
Và đặc biệt là dự án sân bay Long Thành, rộng 5.000 ha ở xã Long Thành đang tăng tốc về đích. Dự kiến ngày 19.12.2025 đón chuyến bay đầu tiên, sang năm 2026 bắt đầu khai thác.
Dự báo khisân bay Long Thànhđi vào hoạt động, đây sẽ là cực tăng trưởng lớn để Đồng Nai bứt phá, là tiềm năng, lợi thế, động lực quan trọng để tăng trưởng kinh tế 2 con số trong thời gian tới.
Bên cạnh đó, hệ thống các tuyến giao thông kết nối đang dần hoàn thiện, cải cách hành chính được đẩy mạnh, môi trường đầu tư kinh doanh hấp dẫn… là những yếu tố tạo nền tảng vững chắc để Đồng Nai bước vào giai đoạn phát triển mới với triển vọng tăng trưởng nhanh, bền vững.
Tỉnh Đồng Nai mới (sau khi sáp nhập Đồng Nai và Bình Phước) có diện tích 12.737,18 km², dân số khoảng 4,5 triệu người. Tỉnh có 95 đơn vị hành chính cấp xã, gồm 72 xã và 23 phường. Đảng bộ tỉnh có 99 đảng bộ trực thuộc với 131.989 đảng viên, là địa phương có sự đa dạng về văn hóa, lịch sử, dân tộc và tôn giáo (với 37 dân tộc thiểu số và 10 tôn giáo).
Trên địa bàn tỉnh Đồng Nai có rất nhiều quốc lộ và cao tốc đi qua
ẢNH: LÊ LÂM
Đồng Nai nằm trong vùng kinh tế trọng điểm phía nam, có hệ thống hạ tầng giao thông đồng bộ với đầy đủ 5 phương thức giao thông (gồm: đường bộ, đường hàng không, đường sắt, đường hàng hải và đường thủy nội địa), nổi bật là sân bay Long Thành, cảng Phước An và 10 tuyến đường cao tốc đã, đang và sẽ triển khai. Bên cạnh đó còn có đường biên giới tiếp giáp Vương quốc Campuchia dài 258,939 km và Khu kinh tế cửa khẩu quốc tế Hoa Lư.
Đồng Nai cũng là một trong những tỉnh phát triển công nghiệp hàng đầu của cả nuớc, với 83 khu công nghiệp được quy hoạch với diện tích trên 36.728 ha; có diện tích rừng tự nhiên lớn và hệ sinh thái rừng đa dạng (như Vườn quốc gia Cát Tiên, Vườn quốc gia Bù Gia Mập, rừng ngập mặn Long Thành).
Trong giai đoạn 2026 - 2030, Đồng Nai đề ra tốc độ tăng trưởng GRDP đạt bình quân 10% trở lên."
https://thanhnien.vn/viet-nam-lao-phoi-hop-chat-che-trong-cac-van-de-chien-luoc-185251202230407136.htm,Việt Nam - Lào phối hợp chặt chẽ trong các vấn đề chiến lược,"Chiều 2.12, tại thủ đô Vientiane (Lào) đã diễn ra cuộc gặp cấp cao giữa Đảng Cộng sản VN và Đảng Nhân dân Cách mạng Lào do Tổng Bí thư Tô Lâm và Tổng Bí thư, Chủ tịch nước Lào Thongloun Sisoulith đồng chủ trì.","Đây là cơ chế hợp tác cao nhất và có ý nghĩa đặc biệt quan trọng đóng vai trò định hướng, đưa quan hệ hữu nghị vĩ đại, đoàn kết đặc biệt, hợp tác toàn diện, gắn kết chiến lượcVN - Lào, Lào - VN ngày càng phát triển, đi vào chiều sâu, mang lại lợi ích thiết thực cho nhân dân hai nước, góp phần ổn định hòa bình, an ninh và thịnh vượng chung của khu vực và thế giới.
Tại cuộc gặp, Tổng Bí thư Tô Lâm và Tổng Bí thư, Chủ tịch nước Lào Thongloun Sisoulith thông báo cho nhau về tình hình mỗi Đảng, mỗi nước; đánh giá những kết quả hợp tác chính, nổi bật giữa hai Đảng, hai nước trong thời gian qua; trao đổi một số cơ chế nhằm tạo đột phá trong quan hệ hợp tác giữa hai nước trong tình hình mới; chia sẻ một số nội dung về tình hình thế giới và khu vực mà hai bên cùng quan tâm.
Tổng Bí thư Tô Lâmchúc mừng Đảng và Nhà nước Lào tổ chức thành công trọng thể lễ kỷ niệm 50 năm Quốc khánh trước sự chứng kiến của đông đảo người dân và bạn bè quốc tế; nhấn mạnh VN trước sau như một, luôn coi trọng phát triển quan hệ VN - Lào, coi đây là ưu tiên hàng đầu trong chính sách đối ngoại của VN.
Tổng Bí thư Tô Lâm và Tổng Bí thư, Chủ tịch nước Lào Thongloun Sisoulith đồng chủ trì Cuộc gặp cấp cao giữa Đảng Cộng sản VN và Đảng Nhân dân Cách mạng Lào
ẢNH: TTXVN
Cảm ơn Tổng Bí thư Tô Lâm đã dẫn đầu Đoàn đại biểu cấp cao VN sang dự lễ kỷ niệm 50 năm Quốc khánh Lào, Tổng Bí thư, Chủ tịch nước Lào Thongloun Sisoulith nhấn mạnh sự tham dự của lãnh đạo cấp cao Đảng và Nhà nước VN càng làm tăng thêm ý nghĩa của lễ kỷ niệm Quốc khánh Lào năm nay.
Hai nhà lãnh đạo đánh giá cao những thành tựu quan trọng, toàn diện, có ý nghĩa lịch sử mà hai Đảng, hai Nhà nước và nhân dân hai nước đã đạt được, nhất là trong thực hiện Nghị quyết Đại hội cũng như công tác chuẩn bị tổ chức Đại hội Đảng sắp tới ở mỗi nước; cảm ơn sự giúp đỡ chí tình, chí nghĩa mà hai Đảng, hai nước, nhân dân hai nước dành cho nhau từ trước đến nay; khẳng định tầm quan trọng của quan hệ đặc biệt VN - Lào trong bối cảnh tình hình khu vực và quốc tế tiếp tục có nhiều biến động nhanh chóng và phức tạp.
Sáng 2.12, lễ kỷ niệm 50 năm Quốc khánh nước CHDCND Lào (2.12.1975 - 2.12.2025) diễn ra trọng thể tại quảng trường ThatLuang ở thủ đô Vientiane. Tham dự buổi lễ có Tổng Bí thư, Chủ tịch nước Lào Thongloun Sisoulith và các lãnh đạo Đảng, Nhà nước Lào; đại diện các bộ, ban, ngành và các địa phương; các vị lão thành cách mạng; đại biểu các tầng lớp nhân dân; các đoàn đại biểu quốc tế; đại diện các đoàn ngoại giao, các tổ chức quốc tế tại Lào và đại diện các cộng đồng người Lào ở nước ngoài.
Tổng Bí thư Tô Lâm và Phu nhân, cùng đoàn đại biểu cấp cao VN tham dự và chia vui với đất nước Lào anh em.
Hai nhà lãnh đạo bày tỏ vui mừng trước những bước phát triển sâu rộng, hiệu quả và thực chất trong quan hệ hợp tác VN - Lào. Nhìn lại kết quả hợp tác quan trọng trong năm qua, Tổng Bí thư, Chủ tịch nước Lào Thongloun Sisoulith nhấn mạnh hai bên đã cùng nhau tổ chức thực hiện thành công Thỏa thuận cấp cao hai Đảng, hai Nhà nước; các bộ, ngành, các cấp từ T.Ư đến địa phương, các doanh nghiệp của hai nước đã chủ động triển khai các bản ghi nhớ hợp tác giữa hai Đảng, hai Nhà nước, hai Chính phủ một cách tích cực, hiệu quả và thiết thực; quan hệ chính trị gắn bó tiếp tục là nền tảng vững chắc, tạo động lực thúc đẩy phát triển hợp tác trên mọi lĩnh vực.
Hai bên đánh giá cao hợp tác quốc phòng - an ninh ngày càng chặt chẽ, hiệu quả, tiếp tục được phát huy và khẳng định là trụ cột quan trọng trong quan hệ hai nước; hai bên phối hợp tổ chức thành công nhiều dự án, góp phần hỗ trợ Lào tăng cường tiềm lực quốc phòng - an ninh, tổ chức triển khai các kế hoạch, chương trình hợp tác chất lượng, hiệu quả; thực hiện tốt công tác tìm kiếm, quy tập và hồi hương hài cốt quân tình nguyện và chuyên gia VN hy sinh tại Lào về nước. Hai bên tăng cường phối hợp với Campuchia triển khai kết quả của cuộc gặp giữa ba người đứng đầu ba Đảng, phối hợp đạt đồng thuận về định hướng phát triển lâu dài, đặt ưu tiên hàng đầu cho mối quan hệ gắn bó, chặt chẽ, mang ý nghĩa chiến lược giữa ba nước.
Hai nhà lãnh đạo cũng đánh giá hợp tác kinh tế, thương mại và đầu tư được quan tâm, thúc đẩy, có nhiều chuyển biến tích cực. Thời gian qua, lãnh đạo hai nước đã chỉ đạo sát sao, bảo đảm các dự án hợp tác trọng điểm được triển khai đúng tiến độ, góp phần nâng cao chất lượng cuộc sống của người dân hai nước. Các lĩnh vực văn hóa, giáo dục, khoa học kỹ thuật tiếp tục được quan tâm, thúc đẩy và đạt nhiều kết quả thiết thực. Hợp tác giữa các ban Đảng; bộ, ngành của Chính phủ; các cơ quan tiếp tục được đẩy mạnh, tăng cường hợp tác, giao lưu nhân dân giữa các tổ chức đoàn thể T.Ư và địa phương.
Lãnh đạo hai Đảng, hai Nhà nước đánh giá sựhợp tác toàn diệngiữa hai nước đã đóng góp quan trọng vào phát triển kinh tế - xã hội, củng cố quốc phòng - an ninh, giữ vững ổn định chính trị và trật tự an toàn xã hội của mỗi nước. Trong bối cảnh tình hình khu vực và thế giới nhiều biến động, hai nhà lãnh đạo khẳng định sẽ tiếp tục tăng cường và làm sâu sắc hơn nữa mối quan hệ hữu nghị vĩ đại, đoàn kết đặc biệt, hợp tác toàn diện và gắn kết chiến lược VN - Lào thông qua các cơ chế hợp tác thiết thực và hiệu quả đã có; đồng thời thiết lập, tổ chức các cơ chế mới đã được lãnh đạo cấp cao hai nước thống nhất triển khai, qua đó đóng góp tích cực vào quá trình thực hiện các mục tiêu phát triển của mỗi nước.
Hai bên khẳng định cùng nhau tiếp tục đưa quan hệ giữa hai Đảng, hai nước tiếp tục đi vào chiều sâu, coi đây là trụ cột nòng cốt định hướng chiến lược tổng thể cho quan hệ hợp tác toàn diện VN - Lào, khẳng định chủ trương nhất quán của hai Đảng, hai Nhà nước trong việc luôn kề vai sát cánh, ủng hộ và giúp đỡ lẫn nhau trong sự nghiệp đổi mới, xây dựng, phát triển và bảo vệ Tổ quốc; xác định quan hệ VN - Lào, Lào - VN luôn là ưu tiên hàng đầu trong chính sách đối ngoại của mỗi nước; là mối quan hệ mẫu mực, mang tầm chiến lược lâu dài, là một trong những nhân tố quyết định thắng lợi của sự nghiệp cách mạng ở mỗi nước.
Hai bên khẳng định sẽ phối hợp chặt chẽ trong các vấn đề chiến lược liên quan đến an ninh và phát triển, đồng thời cùng chuẩn bị tổ chức thành công Đại hội đại biểu toàn quốc của mỗi Đảng. Hai nhà lãnh đạo nhấn mạnh và khẳng định tầm quan trọng chiến lược của việc tăng cường hơn nữa trụ cột hợp tác quốc phòng, an ninh và đối ngoại nhằm giữ vững ổn định chính trị, an ninh và trật tự xã hội; coi đây là một trong những trụ cột quan trọng của quan hệ đặc biệt VN - Lào.
Hai bên khẳng định tiếp tục phát huy tối đa hiệu quả các cơ chế hợp tác hiện có, đồng thời tiếp tục đổi mới và nâng cao chất lượng phối hợp trên mọi lĩnh vực. Trên cơ sở đó, hai nước sẽ xem xét xây dựng các cơ chế hợp tác mới phù hợp nhằm tăng cường hơn nữa quan hệ đoàn kết đặc biệt VN - Lào, mang lại lợi ích thiết thực cho nhân dân mỗi nước và đóng góp vào hòa bình, hợp tác và phát triển của khu vực cũng như thế giới. Lãnh đạo hai bên cũng thống nhất tiếp tục trao đổi thông tin kịp thời, tham vấn lập trường, phối hợp chặt chẽ và ủng hộ lẫn nhau tại các diễn đàn quốc tế và khu vực.
Cũng tại cuộc gặp, Thủ tướng Chính phủ Phạm Minh Chính và Thủ tướng Lào Sonexay Siphandone đánh giá cao những kết quả đạt được trong hợp tác kinh tế, thương mại, đầu tư, văn hóa - giáo dục và khoa học - kỹ thuật giữa hai nước thời gian qua. Về kinh tế, hai bên nhất trí thúc đẩy hợp tác thương mại, đầu tư, coi đây là trụ cột quan trọng của gắn kết chiến lược VN - Lào. Hai nước sẽ triển khai hiệu quả các tuyên bố chung, thỏa thuận cấp cao và chương trình hợp tác giữa các bộ, ngành, địa phương; đẩy mạnh kết nối và bổ trợ giữa hai nền kinh tế; tích cực tháo gỡ các khó khăn, vướng mắc trong quá trình thực thi.
Hai bên cũng trao đổi nhiều định hướng và biện pháp cụ thể nhằm nâng cao hiệu quả hợp tác kinh tế, thương mại trong giai đoạn tới, đặc biệt nhấn mạnh sự cần thiết phải tạo bước chuyển biến mạnh mẽ, mang tính đột phá trong hợp tác phát triển kinh tế, thương mại và đầu tư, đưa lĩnh vực này trở thành một trụ cột gắn kết chiến lược, tương xứng với tầm vóc quan hệ chính trị cũng như tiềm năng của mỗi nước. Hai bên nhất trí thúc đẩy tăng trưởng kim ngạch thương mại song phương để sớm đạt mục tiêu 5 tỉ USD và hướng tới mốc 10 tỉ USD trong thời gian tới; đồng thời ưu tiên xử lý các vướng mắc tồn đọng, đẩy mạnh kết nối, trong đó tập trung nguồn lực triển khai các dự án kết nối hạ tầng trọng điểm như dự án đường cao tốc Hà Nội - Vientiane, thúc đẩy triển khai mô hình Khu công nghiệp VN - Lào, kinh tế cửa khẩu qua biên giới trên hành lang kinh tế Đông - Tây; xây dựng môi trường đầu tư, kinh doanh và kết nối cơ sở hạ tầng nhằm tạo điều kiện thuận lợi thúc đẩy doanh nghiệp hai nước phát triển bền vững, tăng cường bổ trợ lẫn nhau giữa hai nền kinh tế VN - Lào.
Bên cạnh đó, VN và Lào sẽ mở rộng hợp tác giữa các cơ quan Đảng, Nhà nước, Mặt trận, đoàn thể và tổ chức nhân dân; tăng cường phối hợp, hỗ trợ lẫn nhau trong phát triển kinh tế - xã hội, cũng như bảo đảm an ninh và ổn định tại khu vực biên giới, góp phần củng cố vững chắc quan hệ đặc biệt giữa hai nước.
Tổng Bí thư Tô Lâm và Phu nhân Ngô Phương Ly dự lễ kỷ niệm 50 năm Quốc khánh CHDCND Lào
ẢNH: TTXVN
* Cũng trong ngày 2.12, trong khuôn khổ chuyến thăm cấp Nhà nước của Tổng Bí thư Tô Lâm và Phu nhân cùng Đoàn đại biểu cấp cao Đảng, Nhà nước VN tới CHDCND Lào, dự lễ kỷ niệm 50 năm Quốc khánh CHDCND Lào và đồng chủ trì Cuộc gặp cấp cao giữa Đảng Cộng sản VN và Đảng Nhân dân Cách mạng Lào tại thủ đô Vientiane theo lời mời của Tổng Bí thư Ban Chấp hành T.Ư Đảng Nhân dân Cách mạng Lào, Chủ tịch nước CHDCND Lào Thongloun Sisoulith và Phu nhân, hai bên đã ra tuyên bố chung.
Tối cùng ngày, Tổng Bí thư Tô Lâm và Phu nhân Ngô Phương Ly cùng Đoàn đại biểu cấp cao VN đã rời sân bay quốc tế Wattay ở thủ đô Vientiane, kết thúc tốt đẹp chuyến thăm.
Ngày 2.12, trong khuôn khổ chuyến thăm cấp Nhà nước tới Lào, Tổng Bí thư Tô Lâm đã thăm, chúc sức khỏe nguyên Tổng Bí thư, nguyên Chủ tịch nước Lào Choummaly Sayasone và nguyên Tổng Bí thư, nguyên Chủ tịch nước Lào Bounnhang Vorachith. Cùng ngày, Tổng Bí thư Tô Lâm và Phu nhân cùng Đoàn đại biểu cấp cao VN đã dự lễ khánh thành Công viên Hữu nghị Lào - VN ở thủ đô Vientiane. Cùng dự có Tổng Bí thư, Chủ tịch nước Lào Thongloun Sisoulith và Phu nhân; lãnh đạo Đảng, Nhà nước Lào, một số bộ, ngành và đông đảo nhân dân Lào."
https://thanhnien.vn/nguoi-mang-vang-bach-kim-kim-cuong-ve-benh-vien-da-khoa-dong-nai-185251202180625162.htm,"Người mang 'vàng, bạch kim, kim cương' về Bệnh viện đa khoa Đồng Nai","'Vàng, bạch kim, kim cương' ở đây tất nhiên không phải nói đến các kim loại quý mà là những chứng nhận của Hội Đột quỵ châu Âu và Tổ chức Đột quỵ thế giới ghi nhận, trao tặng cho bệnh viện.","Theo PGS-TS Nguyễn Huy Thắng, Phó chủ tịch Hội đột quỵViệt Nam, Đồng Nai là một trong những địa phương đi đầu cả nước về chuyên ngành đột quỵ, là tỉnh duy nhất có tới 3 cơ sở y tế đạt chứng nhận của Hội Đột quỵ thế giới (gồmBệnh viện đa khoa Đồng Nai, Bệnh viện đa khoa Thống Nhất Đồng Nai và Bệnh viện đa khoa khu vực Long Khánh). Đây là thành tích đáng tự hào, thể hiện sự đầu tư nghiêm túc của Đồng Nai trong phát triển các trung tâm đột quỵ chuẩn mực, góp phần nâng cao chất lượng chăm sóc sức khỏe cho nhân dân trên địa bàn.
Tổ chức Đột quỵ thế giới trao chứng nhận kim cương trong điều trị đột quỵ cho Bệnh viện đa khoa Đồng Nai vào tháng 4.2024
Ảnh: Lê Lâm
Trong số 3 bệnh viện ở Đồng Nai được PGS-TS Nguyễn Huy Thắng nhắc đến,Bệnh viện đa khoa Đồng Naicó thể coi là ""đi đầu trong đi đầu"" khi từ năm 2008 đã cử nhân lực đi học chuyên khoa thần kinh, rồi học thêm các lớp vềđột quỵ, làm tiền đề cho việc lập khoa Nội thần kinh sau này.
Dù là bệnh viện tuyến tỉnh, nhưng Bệnh viện đa khoa Đồng Nai liên tục ghi dấu ấn đậm nét trong điều trị đột quỵ, được Hội Đột quỵ châu Âu và Tổ chức Đột quỵ thế giới trao tặng hàng loạt chứng nhận vàng, bạch kim và cả kim cương. Cụ thể, đây là bệnh viện tuyến tỉnh đầu tiên ở phía nam đạt chứng nhận vàng (2019); một trong 3 bệnh viện tạiViệt Namvà là bệnh viện tuyến tỉnh đầu tiên đạt chứng nhận bạch kim (2020). Đến năm 2024, bệnh viện đạt chứng nhận kim cương, tiêu chuẩn cao nhất về điều trị đột quỵ hiện nay. Đặc biệt, từ quý 3/2023 đến hết quý 2/2025, Bệnh viện đa khoa Đồng Nai đã 3 lần liên tục đạt chứng nhận kim cương của Tổ chức Đột quỵ thế giới.
Giá trị của những chứng nhận nói trên không thể đong đếm bằng vật chất, vì đi liền với đó là hàng ngàn bệnh nhân bị đột quỵ được cứu chữa thành công. Giám đốc Bệnh viện đa khoa Đồng Nai Ngô Đức Tuấn tự hào nói thành quả này là nhờ sự phối hợp nhịp nhàng của các khoa Cấp cứu, Chẩn đoán hình ảnh, Xét nghiệm và điểm cuối là Khoa Nội thần kinh, nơi có Trưởng khoa Nguyễn Đình Quang là chốt chặn cuối cùng và cũng là ""kiến trúc sư"" của toàn bộ quy trình chữa trị đột quỵ.
Khi nhắc đến bằng khen gương điển hình trong phong trào thi đua yêu nước giai đoạn 2020 - 2025 của UBND tỉnh Đồng Nai trao tặng bác sĩ Nguyễn Đình Quang, ông Ngô Đức Tuấn khẳng định ""hoàn toàn xứng đáng"".
Chia sẻ với PVThanh Niên, bác sĩ Quang cho biết năm 2004, sau khi tốt nghiệp Trường ĐH Y dược TP.HCM, anh xin vào làm việc tại Bệnh viện đa khoa Đồng Nai, được phân về Khoa Cấp cứu. Đến năm 2007 thì chuyển sang Khoa Hồi sức cấp cứu (bây giờ là Hồi sức tích cực và chống độc).
Bác sĩ Nguyễn Đình Quang được UBND tỉnh Đồng Nai tặng bằng khen về gương điển hình trong phong trào thi đua yêu nước giai đoạn 2020 - 2025
Ảnh: Lê Lâm
Từ năm 2008 - 2010, anh được bệnh viện cử đi học chuyên khoa 1 về chuyên ngành thần kinh tại Trường ĐH Y dược TP.HCM. Sau khi hoàn thành khóa học, năm 2011, anh được điều động về Khoa Thần kinh và Nội tiết, giữ chức Phó khoa phụ trách thần kinh, bắt đầu điều trị các bệnh về thần kinh, trong đó có đột quỵ.
Sang năm 2012, bệnh viện cử bác sĩ Quang lên Bệnh viện Nhân dân 115 (TP.HCM) học lớp điều trị đột quỵ trong 3 tháng. Vừa học xong trở về thì có bệnh nhân nhập viện trong tình trạng đột quỵ nặng, anh lập tức áp dụng ngay kiến thức đã học để điều trị thành công.
Nhắc lại cột mốc không thể quên trong cuộc đời, bác sĩ Quang chia sẻ: ""Lúc đó cũng lo lắng chứ không phải là không, nếu chọn hướng tiếp cận an toàn thì mình chọn ca nhẹ để khởi đầu cho suôn sẻ, rủi ro thấp. Nhưng bệnh nhân lúc này đang trong ""giờ vàng"" nên mình quyết định làm luôn, may mắn ca đó thành công, hồi phục tốt"".
Theo bác sĩ Nguyễn Đình Quang, trong điều trị đột quỵ, thời gian vô cùng quan trọng, nếu điều trị trong ""giờ vàng"" thì tỷ lệ thành công cao, người bệnh phục hồi tốt. Và để đạt được điều này cần sự phối hợp nhịp nhàng của nhiều đơn vị trong bệnh viện. Một ca đột quỵ được điều trị thành công là thành quả của cả tập thể.
""Việc điều trị không khó, khó là chuyện phối hợp. Đột quỵ không thể làm một mình, mà cả ê kíp. Đầu tiên là cấp cứu, đến chẩn đoán hình ảnh, xét nghiệm, rồi cuối cùng là khoa Nội thần kinh, nếu tất cả không hợp tác thì không làm được"", bác sĩ Quang cho hay.
Cũng theo bác sĩ Quang, thời gian đầu cũng gặp một số trục trặc. Bộ phận chụp phim, xét nghiệm bực bội vì suốt ngày anh cứ nhờ ""ưu tiên"" cho bệnh nhân của khoa Nội thần kinh, họ hỏi lại còn những khoa khác thì sao? Vì thế, anh phải xây dựng quy trình chữa trị đột quỵ trình Ban giám đốc bệnh viện. Sau khi Ban giám đốc ký, các trưởng khoa liên quan đồng thuận, bác sĩ Nguyễn Đình Quang còn xuống tận các khoa xin được gặp anh em vài phút để trao đổi, trình bày lý do bệnh nhân đột quỵ khi nhập viện cần phải được xử lý nhanh.
""Mặc dù quy trình đã được Ban giám đốc thông qua, nhưng mình muốn nói chuyện với anh em các khoa khác để mọi người hiểu và làm. Như vậy sẽ hiệu quả hơn việc chưa thấu hiểu và phải thực hiện theo mệnh lệnh"", bác sĩ Quang kể.
Bên cạnh đó, bác sĩ Quang còn tổ chức tập huấn cho nhân viên, bác sĩ ở khoa Cấp cứu cách nhận biết đâu là đột quỵ để xử lý sớm. ""Tại khoa Cấp cứu, khi có nhiều bệnh nhân nhập viện cùng lúc thì ca nặng trước, ca nhẹ sau. Bác sĩ phát hiện ca đó đột quỵ thì cũng sẽ ưu tiên thăm khám, xử lý"", anh lý giải.
Bác sĩ Quang tâm sự, thần kinh là chuyên ngành khó, ít bác sĩ đi theo. Khi được bệnh viện cử đi học chuyên khoa 1, anh chọn tiêu hóa nhưng hết suất nên quyết định chọn Nội thần kinh vì không thích ""cái nội"" nào khác. Khi học xong, đem kiến thức đó về điều trị gọn gàng, hiệu quả, bệnh nhân không còn phải chuyển lên tuyến trên. Rồi khi có bệnh nhân nào liên quan đến thần kinh, đặc biệt là đột quỵ thì các khoa khác lại mời anh sang tham gia hội chẩn.
Bác sĩ Nguyễn Đình Quang hiện là Trưởng khoa Nội thần kinh, Bệnh viện đa khoa Đồng Nai
Ảnh: Lê Lâm
""Lúc đó cảm thấy mình có ích, có giá trị, làm được việc đồng nghiệp tin tưởng, thấy học ngành này cũng có lý, cứu được nhiều người, niềm vui cứ tới từng ngày"", bác sĩ Quang vừa cười vừa nói.
Năm 2015, sau khi khoa Nội thần kinh thành lập, bác sĩ Quang được giao trọng trách trưởng khoa cho đến nay. Trong suốt thời gian đó, anh vừa truyền nghề lại cho các bác sĩ, nhân viên trong khoa vừa đưa bác sĩ đi đào tạo.
Anh cho biết, hồi đó chỉ một mình, vào ngày không phải ca trực nhưng có bệnh nhân đột quỵ nhập viện là phải chạy vào. Bây giờ thì đã khác, tất cả các kíp trực đều có bác sĩ xử lý được đột quỵ.
Tính từ tháng 1.2018 đến tháng 3.2024, Bệnh viện đa khoa Đồng Nai đã điều trị cho hơn 6.700 bệnh nhân bị đột quỵ, nằm trong tốp đầu cả nước.
Đối với các chứng nhận vàng, bạch kim, kim cương, bác sĩ Nguyễn Đình Quang nói rằng cái khó nhất không phải là đạt được các chứng nhận mà làm sao để giữ được, đó mới là quan trọng. Vì theo anh, ""nếu mình cố gắng để đạt được, có danh tiếng sau đó buông… thì mọi thứ không còn ý nghĩa nữa""."
https://thanhnien.vn/tong-bi-thu-to-lam-tham-cac-nguyen-lanh-dao-lao-185251202173926648.htm,Tổng Bí thư Tô Lâm thăm các nguyên lãnh đạo Lào,"Ngày 2.12, Tổng Bí thư Tô Lâm đã thăm, chúc sức khỏe nguyên Tổng Bí thư, nguyên Chủ tịch nước Lào Choummaly Sayasone và nguyên Tổng Bí thư, nguyên Chủ tịch nước Lào Bounnhang Vorachith.","Các nguyênlãnh đạocấp caoLàocho biết luôn quan tâm đến tình hình hợp tác giữa Lào và Việt Nam, vui mừng khi thấy quan hệ hai nước tiếp tục phát triển mạnh mẽ, những dự án mang tính chiến lược đang tiếp tục được triển khai.
Nhân dịp này, các nguyênlãnh đạoLào trân trọng gửi lời thăm hỏi thân thiết đến các nguyênlãnh đạovàlãnh đạoViệt Nam; mong muốnlãnh đạocấp cao hai nước tiếp tục kế thừa truyền thống để ngày càng vun đắp cho quan hệ tốt đẹp giữa hai nước.
Tổng Bí thư Tô Lâm gặp nguyên Tổng Bí thư, nguyên Chủ tịch nước Lào Bounnhang Vorachith
ẢNH: TTXVN
Tổng Bí thư Tô Lâmbày tỏ xúc động được gặp lại các nguyênlãnh đạo Lào, những người bạn thân thiết luôn gắn bó với Việt Nam, luôn dành tình cảm và sự ủng hộ trước sau như một đối với Đảng, Nhà nước và nhân dân Việt Nam, có nhiều đóng góp cho quan hệ hai nước trong mọi hoàn cảnh.
Tổng Bí thư Tô Lâm cảm ơn các nguyênlãnh đạoLào luôn quan tâm theo dõi sự phát triển của Việt Nam và tình cảm dành cho các thế hệlãnh đạoViệt Nam. Tổng Bí thư chuyển lời thăm hỏi và lời chúc sức khỏe của cáclãnh đạo, nguyênlãnh đạoĐảng và Nhà nước Việt Nam tới các nguyênlãnh đạoLào.
Tổng Bí thư Tô Lâm chia sẻ trong chuyến thăm lần này, hai bên đã thống nhất nâng tầm quan hệ Việt Nam - Lào lên mức ""hữu nghị vĩ đại, đoàn kết đặc biệt, hợp tác toàn diện, gắn kết chiến lược"", thể hiện tầm nhìn chung và định hướng đồng hành lâu dài vì thịnh vượng chung của hai dân tộc.
Các nguyênlãnh đạoLào nhấn mạnh, Việt Nam luôn là người bạn trước sau như một, sát cánh cùng Lào trong những giai đoạn khó khăn nhất cũng như trong công cuộc đổi mới và phát triển hiện nay; bày tỏ tin tưởng chắc chắn rằng, dưới sựlãnh đạocủa hai Đảng, mối quan hệ đoàn kết đặc biệt Việt Nam - Lào sẽ ngày càng phát triển mạnh mẽ, đi vào chiều sâu, mang lại lợi ích thiết thực cho nhân dân hai nước.
Các nguyênlãnh đạoLào nhấn mạnh sẽ luôn lưu giữ những kỷ niệm và tình cảm thân tình nhất với đất nước, con người Việt Nam, đồng thời mong muốn các thế hệlãnh đạokế tiếp sẽ tiếp tục vun đắp mối quan hệ đặc biệt này, không ngừng nâng cao hiệu quả hợp tác và triển khai các hiệp định, thỏa thuận song phương; đặc biệt nhấn mạnh tầm quan trọng của việc giáo dục, tuyên truyền cho nhân dân, nhất là thế hệ trẻ hai nước, về truyền thống quan hệ gắn bó lâu đời giữa hai dân tộc Lào - Việt.
Tổng Bí thư Tô Lâm gặp nguyên Tổng Bí thư, nguyên Chủ tịch nước Lào Choummaly Sayasone
ẢNH: TTXVN
Tổng Bí thư Tô Lâm cam kết cùng Lào triển khai hiệu quả các thỏa thuận đã đạt được, nhất là các định hướng chiến lược trong hợp tác kinh tế, quốc phòng - an ninh, văn hóa, giáo dục và kết nối hạ tầng và những nội dung mới vừa đạt được sau cuộc hội đàm cấp cao.
Tổng Bí thư Tô Lâm thông tin tới các nguyên lãnh đạo Lào về cuộc họp cấp cao giữa hai Đảng sẽ diễn ra chiều ngày 2.12 và ngay sau đó, hai nước sẽ tổ chức họp Ủy ban liên Chính phủ vào sáng 3.12 để triển khai những kết quả đạt được của cuộc hội đàm cấp cao, tin tưởng hai nước hoàn toàn có cơ sở để thúc đẩy quan hệ tốt đẹp hơn, nâng kim ngạch thương mại lên 5 tỉ USD trong tương lai gần và hướng tới 10 tỉ USD trong thời gian tới; nhất trí gắn kết chiến lược, kết nối hạ tầng giao thông, đường không, đường sắt, đường biển; kết nối năng lượng, nhất là năng lượng tái tạo, năng lượng sạch; đẩy mạnh công tác đào tạo đội ngũ cán bộ, tăng cường hợp tác khoa học - công nghệ.
Tổng Bí thư Tô Lâm bày tỏ mong muốn các nguyên lãnh đạo Lào tiếp tục dành sự quan tâm, đóng góp và chia sẻ kinh nghiệm quý báu cho việc tăng cường quan hệ giữa hai nước; chúc các nguyên lãnh đạo Lào và gia đình dồi dào sức khoẻ, hạnh phúc và trân trọng mời các nguyên lãnh đạo Lào sang thăm, nghỉ dưỡng tại Việt Nam."
https://thanhnien.vn/viet-nam-lao-luon-ke-vai-sat-canh-ung-ho-va-giup-do-lan-nhau-18525120220340436.htm,"Việt Nam - Lào luôn kề vai sát cánh, ủng hộ và giúp đỡ lẫn nhau","Chiều 2.12, tại thủ đô Vientiane đã diễn ra Cuộc gặp cấp cao giữa Đảng Cộng sản Việt Nam và Đảng Nhân dân Cách mạng Lào do Tổng Bí thư Tô Lâm và Tổng Bí thư, Chủ tịch nước Lào Thongloun Sisoulith đồng chủ trì.","Đây là cơ chế hợp tác cao nhất và có ý nghĩa đặc biệt quan trọng đóng vai trò định hướng, đưa quan hệ hữu nghị vĩ đại, đoàn kết đặc biệt, hợp tác toàn diện, gắn kết chiến lược Việt Nam - Làongày càng phát triển, đi vào chiều sâu, mang lại lợi ích thiết thực cho nhân dân hai nước, góp phần ổn định hòa bình, an ninh và thịnh vượng chung của khu vực và thế giới.
Tại cuộc gặp, Tổng Bí thư Tô Lâm và Tổng Bí thư, Chủ tịch nước Lào Thongloun Sisoulith đã thông báo cho nhau về tình hình mỗi Đảng, mỗi nước; đánh giá những kết quả hợp tác chính, nổi bật giữa hai Đảng, hai nước trong thời gian qua; trao đổi một số cơ chế nhằm tạo đột phá trong quan hệ hợp tác giữa hai nước trong tình hình mới; chia sẻ một số nội dung về tình hình thế giới và khu vực mà hai bên cùng quan tâm.
Tổng Bí thư Tô Lâm và Tổng Bí thư, Chủ tịch nước Lào Thongloun Sisoulith
ẢNH: TTXVN
Tổng Bí thư Tô Lâm chúc mừng Đảng và Nhà nước Lào tổ chức thành công trọng thể Lễ kỷ niệm 50 năm Quốc khánh trước sự chứng kiến của đông đảo người dân và bạn bè quốc tế; nhấn mạnh Việt Nam trước sau như một, luôn coi trọng phát triển quan hệ Việt Nam - Lào, coi đây là ưu tiên hàng đầu trong chính sách đối ngoại của Việt Nam.
Cảm ơn Tổng Bí thư Tô Lâm đã dẫn đầu đoàn đại biểu cấp cao Việt Nam sang dự Lễ kỷ niệm 50 năm Quốc khánh Lào, Tổng Bí thư, Chủ tịch nước Lào Thongloun Sisoulith nhấn mạnh sự tham dự của lãnh đạo cấp cao Đảng và Nhà nước Việt Nam càng làm tăng thêm ý nghĩa của Lễ kỷ niệm Quốc khánh Lào năm nay.
Hai nhà lãnh đạo bày tỏ vui mừng trước những bước phát triển sâu rộng, hiệu quả và thực chất trong quan hệ hợp tác Việt Nam - Lào. Nhìn lại kết quả hợp tác quan trọng trong năm qua, Tổng Bí thư, Chủ tịch nước Lào Thongloun Sisoulith nhấn mạnh, hai bên đã cùng nhau tổ chức thực hiện thành công Thỏa thuận cấp cao hai Đảng, hai Nhà nước. Các bộ, ngành, các cấp từ Trung ương đến địa phương, doanh nghiệp của hai nước đã chủ động triển khai các bản ghi nhớ hợp tác giữa hai Đảng, hai Nhà nước, hai Chính phủ một cách tích cực, hiệu quả và thiết thực; quan hệ chính trị gắn bó tiếp tục là nền tảng vững chắc, tạo động lực thúc đẩy phát triển hợp tác trên mọi lĩnh vực.
Hai bên đánh giá cao hợp tác quốc phòng - an ninh ngày càng chặt chẽ, hiệu quả, tiếp tục được phát huy và khẳng định là trụ cột quan trọng trong quan hệ hai nước.
Hai bên phối hợp tổ chức thành công nhiều dự án, góp phần hỗ trợ Lào tăng cường tiềm lực quốc phòng - an ninh, tổ chức triển khai các kế hoạch, chương trình hợp tác chất lượng, hiệu quả; thực hiện tốt công tác tìm kiếm, quy tập và hồi hương hài cốt quân tình nguyện và chuyên gia Việt Nam hy sinh tại Lào về nước.
Hai bên tăng cường phối hợp với Campuchia triển khai kết quả của Cuộc gặp giữa ba người đứng đầu ba Đảng, phối hợp đạt đồng thuận về định hướng phát triển lâu dài, đặt ưu tiên hàng đầu cho mối quan hệ gắn bó, chặt chẽ, mang ý nghĩa chiến lược giữa ba nước.
Hợp tác kinh tế, thương mại và đầu tư được quan tâm, thúc đẩy, có nhiều chuyển biến tích cực. Thời gian qua, lãnh đạo hai nước đã chỉ đạo sát sao, bảo đảm các dự án hợp tác trọng điểm được triển khai đúng tiến độ, góp phần nâng cao chất lượng cuộc sống của người dân hai nước.
Lãnh đạo hai Đảng, hai Nhà nước đánh giá, sự hợp tác toàn diện giữa hai nước đã đóng góp quan trọng vào phát triển kinh tế - xã hội, củng cố quốc phòng - an ninh, giữ vững ổn định chính trị và trật tự an toàn xã hội của mỗi nước.
Trong bối cảnh tình hình khu vực và thế giới nhiều biến động, hai nhà lãnh đạo khẳng định sẽ tiếp tục tăng cường, làm sâu sắc hơn nữa mối quan hệ hữu nghị vĩ đại, đoàn kết đặc biệt, hợp tác toàn diện và gắn kết chiến lược Việt Nam - Lào thông qua các cơ chế hợp tác thiết thực và hiệu quả đã có; thiết lập, tổ chức các cơ chế mới đã được lãnh đạo cấp cao hai nước thống nhất triển khai, qua đó đóng góp tích cực vào quá trình thực hiện các mục tiêu phát triển của mỗi nước.
Hai bên khẳng định cùng nhau tiếp tục đưa quan hệ giữa hai Đảng, hai nước tiếp tục đi vào chiều sâu, coi đây là trụ cột nòng cốt định hướng chiến lược tổng thể cho quan hệ hợp tác toàn diện Việt Nam - Lào, khẳng định chủ trương nhất quán của hai Đảng, hai Nhà nước trong việc luôn kề vai sát cánh, ủng hộ và giúp đỡ lẫn nhau trong sự nghiệp đổi mới, xây dựng, phát triển và bảo vệ Tổ quốc.
Tổng Bí thư Tô Lâm và Tổng Bí thư, Chủ tịch nước Lào Thongloun Sisoulith chứng kiến Lễ ký Biên bản thỏa thuận giữa hai Bộ Chính trị năm 2026
ẢNH: TTXVN
Đồng thời, xác định quan hệ Việt Nam - Lào, Lào - Việt Nam luôn là ưu tiên hàng đầu trong chính sách đối ngoại của mỗi nước; là mối quan hệ mẫu mực, mang tầm chiến lược lâu dài, là một trong những nhân tố quyết định thắng lợi của sự nghiệp cách mạng ở mỗi nước.
Hai nhà lãnh đạo nhấn mạnh và khẳng định tầm quan trọng chiến lược của việc tăng cường hơn nữa trụ cột hợp tác quốc phòng, an ninh và đối ngoại, nhằm giữ vững ổn định chính trị, an ninh và trật tự xã hội; coi đây là một trong những trụ cột quan trọng của quan hệ đặc biệt Việt Nam - Lào.
Hai bên khẳng định tiếp tục phát huy tối đa hiệu quả các cơ chế hợp tác hiện có, đồng thời tiếp tục đổi mới và nâng cao chất lượng phối hợp trên mọi lĩnh vực.
Trên cơ sở đó, hai nước sẽ xem xét xây dựng các cơ chế hợp tác mới phù hợp, nhằm tăng cường hơn nữa quan hệ đoàn kết đặc biệt Việt Nam - Lào, mang lại lợi ích thiết thực cho nhân dân mỗi nước và đóng góp vào hòa bình, hợp tác và phát triển của khu vực cũng như thế giới.
Lãnh đạo hai bên cũng thống nhất tiếp tục trao đổi thông tin kịp thời, tham vấn lập trường, phối hợp chặt chẽ và ủng hộ lẫn nhau tại các diễn đàn quốc tế và khu vực.
Tại cuộc gặp, Thủ tướng Phạm Minh Chính và Thủ tướng Lào Sonexay Siphandone đánh giá cao những kết quả đạt được trong hợp tác trên nhiều lĩnh vực.
Tổng Bí thư Tô Lâm và Tổng Bí thư, Chủ tịch nước Lào Thongloun Sisoulith đồng chủ trì Cuộc gặp cấp cao giữa Đảng Cộng sản Việt Nam và Đảng Nhân dân Cách mạng Lào
ẢNH: TTXVN
Về kinh tế, hai bên nhất trí thúc đẩy hợp tác thương mại, đầu tư, coi đây là trụ cột quan trọng của gắn kết chiến lược Việt Nam - Lào.
Hai nước sẽ triển khai hiệu quả các tuyên bố chung, thỏa thuận cấp cao và chương trình hợp tác giữa các bộ, ngành, địa phương; đẩy mạnh kết nối và bổ trợ giữa hai nền kinh tế; tích cực tháo gỡ các khó khăn, vướng mắc trong quá trình thực thi.
Hai bên cũng trao đổi nhiều định hướng và biện pháp cụ thể nhằm nâng cao hiệu quả hợp tác kinh tế, thương mại trong giai đoạn tới, đặc biệt nhấn mạnh sự cần thiết phải tạo bước chuyển biến mạnh mẽ, mang tính đột phá trong hợp tác phát triển kinh tế, thương mại và đầu tư, đưa lĩnh vực này trở thành một trụ cột gắn kết chiến lược, tương xứng với tầm vóc quan hệ chính trị cũng như tiềm năng của mỗi nước.
Hai bên nhất trí thúc đẩy tăng trưởng kim ngạch thương mại song phương để sớm đạt mục tiêu 5 tỉ USD và hướng tới mốc 10 tỉ USD trong thời gian tới; đồng thời ưu tiên xử lý các vướng mắc tồn đọng, đẩy mạnh kết nối, trong đó sẽ tập trung nguồn lực triển khai các dự án kết nối hạ tầng trọng điểm như dự án đường cao tốc Hà Nội -Vientiane, thúc đẩy triển khai mô hình Khu công nghiệp Việt Nam - Lào, kinh tế cửa khẩu qua biên giới trên hành lang kinh tế Đông - Tây; xây dựng môi trường đầu tư, kinh doanh và kết nối cơ sở hạ tầng nhằm tạo điều kiện thuận lợi thúc đẩy doanh nghiệp hai nước phát triển bền vững, tăng cường bổ trợ lẫn nhau giữa hai nền kinh tế Việt Nam - Lào.
Bên cạnh đó, Việt Nam và Lào sẽ mở rộng hợp tác giữa các cơ quan Đảng, Nhà nước, Mặt trận, đoàn thể và tổ chức nhân dân; tăng cường phối hợp, hỗ trợ lẫn nhau trong phát triển kinh tế - xã hội, cũng như bảo đảm an ninh và ổn định tại khu vực biên giới, góp phần củng cố vững chắc quan hệ đặc biệt giữa hai nước."
https://thanhnien.vn/bo-chinh-tri-yeu-cau-thi-diem-chinh-sach-vuot-troi-cho-nong-nghiep-cong-nghe-cao-185251202165820589.htm,Bộ Chính trị yêu cầu thí điểm chính sách vượt trội cho nông nghiệp công nghệ cao,"Bộ Chính trị yêu cầu trong năm 2026 cơ bản hoàn thành rà soát cơ chế, chính sách thu hút doanh nghiệp đầu tư vào nông nghiệp xanh; ưu tiên đầu tư, thí điểm chính sách vượt trội cho mô hình sản xuất nông nghiệp công nghệ cao.","Cần có chính sách đột phá thu hút nguồn lực đầu tư từ người dân, doanh nghiệp phát triển nông nghiệp xanh, nông nghiệp tuần hoàn,nông nghiệp công nghệ cao, là một trong những nội dung trọng tâm trong Kết luận số 219-KL/TW ngày 26.11 của Bộ Chính trị về việc tiếp tục thực hiện Nghị quyết số 19 NQ/TW ngày 16.6.2022 của Ban Chấp hành T.Ư Đảng khóa VIII về phát triển nông nghiệp, nông dân, nông thôn đến năm 2030, tầm nhìn 2050 (Nghị quyết 19), do Thường trực Ban Bí thư Trần Cẩm Tú ký ban hành.
Thường trực Ban Bí thư Trần Cẩm Tú ký ban hành kết luận của Bộ Chính trị tiếp tục thực hiện Nghị quyết số 19
ẢNH: TTXVN
Bộ Chính trị đánh giá, sau 3 năm triển khai, Nghị quyết 19 đã đem lại kết quả tích cực, có ý nghĩa quan trọng đảm bảo an ninh lương thực, ổn định vĩ mô, tăng trưởng kinh tế; nâng cao đời sống người dân nông thôn.
Bên cạnh đó, ngành nông nghiệp còn nhiều hạn chế: tăng trưởng thiếu bền vững, năng suất, chất lượng và năng lực cạnh tranh của một số sản phẩm chưa cao; nhiều khâu sản xuất chưa ứng dụng thành tựu khoa học, công nghệ, đổi mới sáng tạo...
Trước bối cảnh thế giới thay đổi nhanh, khoa học, công nghệ phát triển mạnh mẽ, biến đổi khí hậu, diễn biến thị trường ngày càng phức tạp, tác động rất lớn đến phát triển nông nghiệp, nông thôn, để phát huy những kết quả đạt được, khắc phục hạn chế, yếu kém, Bộ Chính trị yêu cầu cấp ủy, tổ chức Đảng, chính quyền, cơ quan quản lý nhà nước, Mặt trận Tổ quốc Việt Nam, tổ chức chính trị - xã hội, đoàn thể các cấp tiếp tục quán triệt, thực hiện quyết liệt các nhiệm vụ, giải pháp trong Nghị quyết 19.
Trong đó, Bộ Chính trị yêu cầu chuyển mạnh sang tư duy sản xuất hàng hoá, đẩy mạnh cơ cấu lại theo hướng phát triểnnông nghiệp xanh, hữu cơ, tuần hoàn, phát thải thấp, bảo vệ môi trường sinh thái; ứng dụng công nghệ cao, chuyển đổi số toàn diện.
Trong năm 2026, cơ bản hoàn thành việc rà soát, thể chế hoá đầy đủ, kịp thời các chủ trương, định hướng của Đảng thành các luật và văn bản hướng dẫn thi hành, bảo đảm hài hòa lợi ích lâu dài giữa Nhà nước, doanh nghiệp và người nông dân, tạo động lực mới cho phát triển nông nghiệp, nông dân, nông thôn, hỗ trợ thực hiện cơ cấu lại ngành, thúc đẩy xây dựng nông thôn mới.
Có chính sách đột phá, thu hút, huy động sức mạnh của người dân, doanh nghiệp đầu tư vào nông nghiệp xanh, sinh thái, kinh tế tuần hoàn; nghiên cứu có cơ chế ưu đãi, khuyến khích, thúc đẩy quá trình ""xuất khẩu ngành nông nghiệp"" để nâng cao khả năng tiếp cận thị trường, sức cạnh tranh, giá trị gia tăng, uy tín và vị thế của đất nước.
Ưu tiên đầu tư, thí điểm cơ chế, chính sách vượt trội cho các mô hình sản xuất nông nghiệp dựa trên khoa học, công nghệ cao, đổi mới sáng tạo, chuyển đổi số, phát triển xanh, thích ứng với biến đổi khí hậu, coi đây là động lực then chốt để phát triển nhanh và bền vững nông nghiệp, nông thôn, quản lý tài nguyên và bảo vệ môi trường.
Trong kết luận đã ban hành, Bộ Chính trị yêu cầu cấp ủy, tổ chức Đảng, chính quyền, cơ quan quản lý nhà nước, Mặt trận Tổ quốc Việt Nam, tổ chức chính trị - xã hội, đoàn thể các cấp hỗ trợ các doanh nghiệp nông nghiệp phát triển.
Đến năm 2030, Việt Nam sẽ có một số doanh nghiệp nông nghiệp mạnh dẫn đầu thế giới, tham gia vào chuỗi giá trị toàn cầu, xây dựng thương hiệu quốc gia ngành hàng chủ lực.
Hỗ trợ đào tạo, chuyển giao công nghệ để người dân dần hình thành tư duy sản xuất kinh tế hàng hóa lớn, chuyên nghiệp, hiện đại; có kiến thức và kỹ năng số, đặc biệt làthương mại điện tử; triển khai hiệu quả các chính sách hỗ trợ nông dân tiếp cận vốn, tín dụng xanh, bảo hiểm nông nghiệp.
Trước đó, ngày 12.11, phát biểu tại lễ kỷ niệm 50 năm ngành Nông nghiệp và Môi trường, Bộ trưởng Bộ Nông nghiệp và Môi trường Trần Đức Thắng khẳng định 5 trọng tâm phát triển ngành những năm tới.
Trong đó, ngành Nông nghiệp và Môi trường tập trung phát triển nông nghiệp sinh thái, kinh tế xanh và tuần hoàn; chuyển mạnh từ tăng trưởng chiều rộng sang giá trị bền vững dựa trên khoa học, công nghệ và đổi mới sáng tạo; nhân rộng mô hình phát thải thấp; thiết lập tiêu chuẩn xanh, nâng tầmthương hiệu nông sảnViệt Nam gắn với truy xuất nguồn gốc, chỉ dẫn địa lý và tín chỉ carbon.
Ngoài ra, Bộ Nông nghiệp và Môi trường ưu tiên thúc đẩy khoa học, công nghệ và chuyển đổi số làm động lực bứt phá, ứng dụng trí tuệ nhân tạo, dữ liệu lớn, cảm biến, chuỗi khối trong giám sát tài nguyên và nông nghiệp thông minh."
https://thanhnien.vn/tong-bi-thu-to-lam-du-le-khanh-thanh-cong-vien-huu-nghi-lao-viet-nam-185251202135119592.htm,Tổng Bí thư Tô Lâm dự Lễ khánh thành Công viên hữu nghị Lào - Việt Nam,"Trưa 2.12, Tổng Bí thư Tô Lâm và phu nhân cùng đoàn đại biểu cấp cao Việt Nam đã dự Lễ khánh thành Công viên hữu nghị Lào - Việt Nam ở thủ đô Vientiane.","Cùng dự có Tổng Bí thư, Chủ tịch nướcLàoThongloun Sisoulith và phu nhân; lãnh đạo Đảng, Nhà nước Lào, một số bộ, ngành và đông đảo nhân dân Lào.
Tổng Bí thư Tô Lâm cùng Tổng Bí thư, Chủ tịch nước Lào Thongloun Sisoulith dự khánh thành Công viên hữu nghị Lào - Việt Nam
ẢNH: TTXVN
Phát biểu tại buổi lễ, Phó thủ tướng Chính phủ Nguyễn Chí Dũng nhấn mạnh đây là một sự kiện có ý nghĩa đặc biệt quan trọng, đánh dấu một bước tiến mới trong quan hệ giữa hai Đảng, hai Nhà nước, tô đậm thêm sự gắn kết, tình cảm đặc biệt tin cậy, chí tình, chí nghĩa giữa những người đồng chí, anh em Việt Nam - Lào, Lào - Việt Nam.
Phó thủ tướng Nguyễn Chí Dũng cho biết để đạt được kết quả như ngày hôm nay là nhờ sự đồng lòng, quyết tâm chung của hai Đảng, hai Nhà nước và nhân dân hai nước, cùng các bộ, ngành, địa phương, doanh nghiệp đẩy nhanh tiến độ thi công, đảm bảo chất lượng, an toàn và hiệu quả dự án.
Thời gian tới, để Công viên hữu nghị Lào - Việt Nam trở thành tài sản tinh thần quý báu, trường tồn cùng mối quan hệ hữu nghị giữa hai nước, Phó thủ tướng Nguyễn Chí Dũng đề nghị các cơ quan liên quan tiếp tục quan tâm, bố trí nguồn lực phù hợp, tăng cường quản lý, phối hợp vận hành và khai thác dự án đảm bảo hiệu quả, xứng đáng với kỳ vọng của nhân dân hai nước. Phó thủ tướng tin tưởng rằng tiếp nối Công viên hữu nghị Lào - Việt Nam, sẽ có thêm nhiều công trình, dự án lớn, có ý nghĩa trong tương lai.
Về phía Việt Nam, Phó thủ tướng Nguyễn Chí Dũng cam kết luôn nỗ lực, thúc đẩy triển khai các dự án hợp tác trọng điểm đã thỏa thuận, góp phần vào sự thịnh vượng chung của cả hai quốc gia.
Tổng Bí thư Tô Lâm cùng Tổng Bí thư, Chủ tịch nước Lào Thongloun Sisoulith dự khánh thành Công viên hữu nghị Lào - Việt Nam
ẢNH: TTXVN
Tại Lễ khánh thành Công viên hữu nghị Lào - Việt Nam, Chánh văn phòngT.ƯĐảng Nhân dân Cách mạng Lào Phet Phomphiphak bày tỏ Lào và Việt Nam là hai nước láng giềng gần gũi thân thiết, có quan hệ hữu nghị đặc biệt truyền thống từ xa xưa do Chủ tịch Kaysone Phomvihane, Chủ tịch Souphanouvong và Chủ tịch Hồ Chí Minh là người dựng xây, vun đắp dần trở thành di sản vô giá được truyền qua các thế hệ phát triển không ngừng, hội nhập vào khu vực và thế giới.
Chánh văn phòngT.ƯĐảng Nhân dân Cách mạng Lào Phet Phomphiphak nêu rõ công trình không chỉ là biểu tượng của quan hệ hai nước mà trở thành nơi tổ chức các hoạt động văn hóa, nghỉ ngơi, hoạt động thể dục, thể thao, sân chơi cho các thanh thiếu niên, thế hệ trẻ; là nơi giáo dục truyền thống cho thế hệ kế tiếp học tập, giáo dục về truyền thống của hai nước Lào - Việt Nam.
Chánh văn phòngT.ƯĐảng Nhân dân Cách mạng Lào Phet Phomphiphak thay mặt T.Ư Đảng, Chính phủ và nhân dân các dân tộc Lào tiếp nhận công trình đầy ý nghĩa quan trọng này để tiếp tục quản lý gìn giữ và phát huy giá trị cao nhất; trân trọng cảm ơn và bày tỏ lòng biết ơn tới Đảng, Chính phủ và nhân dân Việt Nam đã góp công, góp sức, trí tuệ và tiền của để xây dựng công trình quan trọng có ý nghĩa lịch sử.
Thực hiện theo thỏa thuận của hai Đảng, hai Chính phủ và hai Bộ Chính trị Lào - Việt Nam cũng như triển khai nội dung tinh thần Hiệp định kế hoạch hợp tác năm 2025 và Biên bản Hội nghị lần thứ 47 Ủy ban liên Chính phủ Lào và Việt Nam trong việc xây dựng Công viên hữu nghị Lào - Việt Nam ở Lào. Công viên có diện tích hơn 30.000 m2và dự án có tổng giá trị hơn 340tỉđồng, trong đó vốn đối ứng của Chính phủ Lào là 9tỉkíp (tương đương hơn 10tỉđồng) và vốn viện trợ không hoàn lại của Chính phủ Việt Nam là 330tỉđồng. Đây là công trình mang tính biểu tượng, là món quà văn hóa, tinh thần của Đảng, Nhà nước và nhân dân Việt Nam gửi tới Đảng, Nhà nước và nhân dân Lào anh em nhân dịp kỷ niệm 50 năm Quốc khánh Lào và chào mừng Đại hội đại biểu toàn quốc của hai Đảng.
Với vị trí đắc địa tại khu vực được quy hoạch trở thành trung tâm đô thị lớn của thủ đôVientiane, cùng thiết kế không gian văn hóa - sinh thái hiện đại và cảnh quan đậm nét bản sắc dân tộc hai nước, đây không chỉ là một công trình phục vụ cộng đồng, mà còn là biểu tượng sinh động của mối quan hệ thủy chung, son sắt và hiếm có trong lịch sử thế giới.
Đây sẽ là địa chỉ đỏ, thúc đẩy công tác giáo dục cách mạng để các thế hệ trẻ tìm hiểu về lịch sử gắn bó của hai dân tộc, từ đó nuôi dưỡng trách nhiệm tiếp nối, phát huy truyền thống đoàn kết đặc biệt giữa hai nước."
https://thanhnien.vn/tong-bi-thu-to-lam-du-le-ky-niem-50-nam-quoc-khanh-lao-185251202092333886.htm,Tổng Bí thư Tô Lâm dự Lễ kỷ niệm 50 năm Quốc khánh Lào,"Sáng 2.12, Lễ kỷ niệm 50 năm Quốc khánh Lào (2.12.1975 - 2.12.2025) đã diễn ra trọng thể tại Quảng trường ThatLuang ở thủ đô Vientiane.","Tổng Bí thư Tô Lâm và phu nhân cùng đoàn đại biểu cấp cao Việt Nam đã dự lễ và chia vui vớiđất nước Lào anh em.
Tổng Bí thư Tô Lâm và phu nhân dự Lễ kỷ niệm 50 năm Quốc khánh Lào
ẢNH: TTXVN
Tại buổi lễ, thay mặt lãnh đạo Đảng và Nhà nước Lào, Tổng Bí thư, Chủ tịch nước Lào Thongloun Sisoulith đã đọc bài diễn văn quan trọng. Tổng Bí thư, Chủ tịch nước Lào nêu rõ, cách đây 50 năm, chính tại địa điểm này đông đảo lực lượng là nhà cách mạng và nhân dân Lào yêu nước đã tập hợp để giành chính quyền tại thủ đôVientiane, tiến tới đại hội đại biểu toàn quốc, tuyên bố xóa bỏ hoàn toàn chế độ thực dân và phong kiến, thành lập nướcLàovào ngày 2.12.1975.
""Sự kiện lịch sử vĩ đại này đã làm cho vận mệnh của đất nước và xã hội của chúng ta thay đổi sâu sắc và mở ra kỷ nguyên mới, xây dựng đất nước vô cùng yêu dấu của chúng ta, tiến bước nhanh chóng và vững mạnh theo con đường độc lập, tự chủ, thống nhất và thịnh vượng, bảo đảm người dân các dân tộc Lào có đời sống ấm no, tự do và hạnh phúc"", Tổng Bí thư, Chủ tịch nước Lào Thongloun Sisoulith nói.
Tổng Bí thư, Chủ tịch nước Lào Thongloun Sisoulith nhiệt liệt hoan nghênh, chân thành cảm ơn các nước bạn bè gần xa, đối tác phát triển, tổ chức quốc tế cũng như các tổ chức xã hội đã tích cực ủng hộ, hỗ trợ Lào suốt nửa thập kỷ qua trong sự nghiệp bảo vệ và phát triển đất nước.
Tổng Bí thư, Chủ tịch nước Lào Thongloun Sisoulith khẳng định 50 năm qua là quá trình thành lập, không ngừng hoàn thiện và phát triển nướcLào, là thành quả đỉnh cao của phong trào đấu tranh quyết liệt, cam go, gian khổ, lâu dài với tinh thần yêu nước cao cả, không chịu khuất phục thông qua các phong trào cách mạng sôi nổi và sự hy sinh của thế hệ cha ông, của nhân dân Lào anh hùng cũng như sự hỗ trợ quý báu của các nước bạn bè, đặc biệt là sự đoàn kết và liên minh chiến đấu của 3 nước Đông Dương Lào - Việt Nam - Campuchia anh em, để có thể giành được thắng lợi to lớn và quang vinh do Chủ tịch Kaysone Phomvihane - lãnh tụ kính yêu, người con yêu quý của nhân dân các dân tộc Lào đã đúc kết: ""Đấu tranh lâu dài, thắng lợi to lớn"".
Toàn cảnh buổi lễ
ẢNH: TTXVN
Trước tình hình khu vực và thế giới đang và sẽ tiếp tục diễn biến nhanh chóng, phức tạp, sâu sắc, toàn diện với nhiều thách thức, Tổng Bí thư, Chủ tịch nước Lào Thongloun Sisoulith cho biết đất nước Lào sẽ tiếp tục kiên định đường lối đối ngoại hòa bình, độc lập, hữu nghị và hợp tác vì sự phát triển, phát huy mối quan hệ và hợp tác với các nước bạn bè, đối tác phát triển, trong đó tiếp tục tăng cường đoàn kết, mối quan hệ gắn bó với các nước bạn bè chiến lược; xây dựng nền kinh tế độc lập, tự chủ, kiên định con đường phát triển cân đối, hài hòa giữa kinh tế với văn hóa - xã hội và môi trường theo hướng xanh và bền vững.
Tiếp tục khai thác và phát huy thế mạnh, tiềm năng, kết hợp sức mạnh quốc gia với sức mạnh của thời đại trong bảo vệ và phát triển đất nước trên cơ sở đề cao ý thức dân tộc, độc lập, tự chủ, tự lực, tự cường, vững bước tiến vào thế giới; phát huy quyền làm chủ của dân, nhân dân thụ hưởng thành quả phát triển một cách công bằng và rộng khắp, không ngừng xây dựng cuộc sống ấm no, giàu có.
Đất nước Lào sẽ phấn đấu để đạt mục tiêu lớn: đến năm 2055, kỷ niệm 100 năm Đảng Nhân dân Cách mạng Lào, đất nước Lào phát triển có thu nhập trung bình cao, có hệ thống chính trị vững mạnh, có nền tảng kinh tế hiện đại, lực lượng sản xuất được phát triển toàn diện, có mối quan hệ sản xuất phù hợp và tiến bộ, đời sống của nhân dân các dân tộc Lào cơ bản được bảo đảm, tiến tới đời sống ấm no.
Tổng Bí thư, Chủ tịch nước Lào Thongloun Sisoulith khẳng định sẽ tiếp tục bảo vệ thành quả cách mạng, kết quả và chiến thắng trong suốt 50 năm bằng cả tính mạng và lý tưởng kiên trung, nhất quán của các thế hệ kế tục đến muôn đời sau.
Ngay sau diễn văn của Tổng Bí thư, Chủ tịch nước Lào Thongloun Sisoulith, lễ diễu binh, diễu hành của các lực lượng vũ trang; các bộ, ban, ngành; các tổ chức, đoàn thể chính trị - xã hội đã diễn ra hoành tráng, trang nghiêm, thể hiện sinh động những thành tựu trên mọi lĩnh vực đời sống, xã hội, kinh tế và quốc phòng mà Đảng và nhân dân Lào đã giành được trong 50 năm qua.
Buổi lễ thu hút đông đảo người dân Lào tới xem; bày tỏ niềm tin mãnh liệt, sự tin tưởng của người dân về tương lai tươi sáng của đất nước, được thế hệ cha ông đặt nền móng và xây đắp, đang được thế hệ ngày nay phát triển và thế hệ kế tục không ngừng nâng cao, xây dựng đất nước Lào hòa bình, độc lập, dân chủ, thống nhất và thịnh vượng."
https://thanhnien.vn/quan-he-viet-nam-lao-la-tai-san-chung-vo-gia-cua-hai-dan-toc-18525120123424878.htm,Quan hệ Việt Nam - Lào là tài sản chung vô giá của hai dân tộc,"Khẳng định tình hữu nghị vĩ đại, đoàn kết đặc biệt, hợp tác toàn diện, gắn kết chiến lược giữa Việt Nam và Lào là tài sản vô giá mà tổ tiên và các thế hệ lãnh đạo cách mạng tiền bối của hai nước để lại, Tổng Bí thư nhấn mạnh phải chăm lo giữ gìn, vun đắp, phát huy tài sản vô giá này.","Sáng 1.12, tại thủ đô Vientiane, lễ đón chính thức Tổng Bí thư Tô Lâm và Phu nhân Ngô Phương Ly, cùng Đoàn đại biểu cấp caoViệt Namthăm cấp Nhà nước CHDCND Lào, dự Lễ kỷ niệm 50 năm Quốc khánh nước CHDCND Lào và đồng chủ trì Cuộc gặp cấp cao giữa Đảng Cộng sảnViệt Namvà Đảng Nhân dân Cách mạng Lào đã diễn ra trọng thể tại Phủ Chủ tịch theo nghi thức cao nhất dành cho nguyên thủ quốc gia.
Tổng Bí thư, Chủ tịch nước Lào Thongloun Sisoulith và Tổng Bí thư Tô Lâm duyệt Đội danh dự Quân đội nhân dân Lào
ẢNH: TTXVN
Tổng Bí thư, Chủ tịch nước Lào Thongloun Sisoulith và Phu nhân chủ trì lễ đón. Sau lễ đón,Tổng Bí thư Tô Lâmđã hội đàm với Tổng Bí thư, Chủ tịch nước LàoThongloun Sisoulith.
Tổng Bí thư, Chủ tịch nước Lào Thongloun Sisoulith trao tặng Tổng Bí thư Tô Lâm Huân chương Vàng Quốc gia của Nhà nước Lào
Ảnh: TTXVN
Tổng Bí thư, Chủ tịch nước Lào Thongloun Sisoulith nhiệt liệt chào mừng Tổng Bí thư Tô Lâm và Đoàn đại biểu cấp caoViệt Namsang thăm cấp Nhà nước Lào; đánh giá cao ý nghĩa quan trọng chuyến thăm thể hiện sự coi trọng của Đảng, Nhà nướcViệt Namvà của cá nhân Tổng Bí thư Tô Lâm đối với mối quan hệ hữu nghị vĩ đại, đoàn kết đặc biệt và hợp tác toàn diệnViệt Nam- Lào.
Tổng Bí thư Tô Lâm bày tỏ vui mừng thăm lại đất nướcLàotươi đẹp vào đúng dịp kỷ niệm 50 năm Quốc khánh Lào và 105 năm ngày sinh Chủ tịch Kaysone Phomvihane.
Chuyến thăm tới Lào lần này của Tổng Bí thư Tô Lâm một lần nữa khẳng định đường lối đối ngoại nhất quán củaViệt Namluôn dành ưu tiên cao nhất cho mối quan hệ đoàn kết đặc biệt với Lào.
Tại cuộc hội đàm, hai nhà lãnh đạo bày tỏ vui mừng về mối quan hệ đoàn kết đặc biệt, hợp tác toàn diệnViệt Nam- Lào đang ngày càng phát triển, đi vào chiều sâu, thiết thực và hiệu quả trên các lĩnh vực. Hai bên nhất trí triển khai hiệu quả các thỏa thuận và kế hoạch cấp cao, đặc biệt là kết quả Cuộc gặp cấp cao giữa hai Đảng năm 2025 và Cuộc gặp lần thứ ba giữa 3 người đứng đầu ba ĐảngViệt Nam- Lào - Campuchia. Hai bên nhất trí phát huy hiệu quả các cơ chế hợp tác, đưa quan hệ hai Đảng, hai nước vào chiều sâu thông qua các cơ chế hợp tác hiện có. Hai bên nhất trí làm sâu sắc hơn quan hệ song phương bằng việc bổ sung nội hàm mới: ""Hữu nghị vĩ đại, đoàn kết đặc biệt, hợp tác toàn diện, gắn kết chiến lược"". Hai bên nhất trí tiếp tục đẩy mạnh hợp tác quốc phòng - an ninh, phối hợp chặt chẽ và hỗ trợ lẫn nhau trong ứng phó với các thách thức an ninh ngày càng đa dạng, phức tạp; gắn kết an ninh, quốc phòng với phát triển KT-XH.
Hai bên cũng nhất trí tăng cường kết nối mạnh mẽ về kinh tế, hạ tầng, ngân hàng - tài chính, du lịch hai nước, phấn đấu nâng kim ngạch lên 5 tỉ USD trong tương lai gần và hướng tới 10 tỉ USD trong thời gian tới. Hai nhà lãnh đạo thống nhất thúc đẩy mạnh mẽ, tạo đột phá trong hợp tác kinh tế, văn hóa, khoa học - kỹ thuật; nhất trí thúc đẩy kết nối về giao thông vận tải năng lượng điện, viễn thông, du lịch; tiếp tục nâng cao chất lượng về GD-ĐT và phát triển nguồn nhân lực; đẩy mạnh giao lưu nhân dân và giữa các địa phương.
Hai nhà lãnh đạo khẳng định quan tâm, ủng hộ lẫn nhau trên các diễn đàn đa phương, khu vực ASEAN; bảo vệ lợi ích chính đáng của nhau phù hợp luật pháp quốc tế, trong đó có vấn đề Biển Đông tác động đến hòa bình, ổn định và hợp tác của cả khu vực và thế giới.
Kết thúc hội đàm, hai nhà lãnh đạo đã chứng kiến lễ trao 12 văn kiện hợp tác quan trọng giữa các bộ, ngành, địa phương và cơ quan hữu quan của hai nước trên các lĩnh vực trụ cột.
Tổng Bí thư Tô Lâm đã trân trọng mời Tổng Bí thư, Chủ tịch nước Thongloun Sisoulith và Phu nhân sang thămViệt Namvào thời gian thích hợp. Tổng Bí thư, Chủ tịch nước Thongloun Sisoulith đã chân thành cảm ơn và vui vẻ nhận lời.
Cùng ngày, tại thủ đô Vientiane, Tổng Bí thư Tô Lâm đã có cuộc hội kiến với Chủ tịch Quốc hội Lào Saysomphone Phomvihane; hội kiến Thủ tướng Lào Sonexay Siphandone.
Chiều cùng ngày, Tổng Bí thư Tô Lâm cùng Đoàn đại biểu cấp caoViệt Namđến thăm Học viện Chính trị và Hành chính quốc gia Lào. Cùng dự có Tổng Bí thư, Chủ tịch nước Lào Thongloun Sisoulith; lãnh đạo Đảng, Nhà nước Lào; Ban lãnh đạo Học viện Chính trị và Hành chính quốc gia Lào; và đông đảo thầy cô giáo, cán bộ, học viên học viện.
Tổng Bí thư Tô Lâm phát biểu chính sách tại Học viện Chính trị và Hành chính quốc gia Lào
Ảnh: TTXVN
Tại đây, Tổng Bí thư Tô Lâm đã phát biểu chính sách với chủ đề: Kế thừa tình hữu nghị vĩ đại, vun đắp quan hệ đoàn kết đặc biệt, củng cố hợp tác toàn diện và đẩy mạnh gắn kết chiến lượcViệt Nam- Lào trong giai đoạn mới.
Tổng Bí thư Tô Lâm nêu rõViệt Namvà Lào là hai quốc gia láng giềng cùng chí hướng, chung khát vọng, chung không gian sinh tồn và phát triển. Trong bao thế kỷ, nhân dân hai nước đã cùng trải qua những thử thách lớn của lịch sử, cùng đương đầu với sự khắc nghiệt của thiên nhiên để tồn tại, cùng bị thực dân, đế quốc xâm lược... Trong hoàn cảnh đó, đoàn kết đặc biệtViệt Nam- Lào là lựa chọn duy nhất đúng, là tất yếu lịch sử mang tính chiến lược sống còn. Chính vì vậy, quan hệViệt Nam- Lào được Chủ tịch Hồ Chí Minh, Chủ tịch Kaysone Phomvihane, Chủ tịch Souphanouvong và các thế hệ lãnh đạo hai Đảng, hai Nhà nước dày công vun đắp, đã trở thành mối quan hệ đặc biệt, trong sáng, thủy chung hiếm có trong lịch sử, là tài sản chung vô giá của hai dân tộcViệt Nam- Lào anh em.
Tổng Bí thư Tô Lâm nhấn mạnh đoàn kết gắn bó keo sơn chính là mạch nguồn của quan hệViệt Nam- Lào. Tổng Bí thư đề nghị phải nâng tầm từ hợp tác lên ""gắn kết""; nhấn mạnh tới 3 hướng gắn kết: Gắn kết song phương; gắn kết tiểu vùng - đặc biệt là 3 nước Đông Dương; gắn kết khu vực và quốc tế.
Để kế thừa tình hữu nghị vĩ đại, vun đắp quan hệ đoàn kết đặc biệt, củng cố hợp tác toàn diện và đẩy mạnh gắn kết chiến lượcViệt Nam- Lào trong giai đoạn mới, Tổng Bí thư Tô Lâm đề nghị cần kiên định một số nền tảng chiến lược, đó là: Kiên định mục tiêu độc lập dân tộc gắn liền với CNXH; cùng nhau xây dựng đường biên giới hòa bình, hữu nghị, hợp tác cùng phát triển; bổ sung, hỗ trợ lẫn nhau về nguồn lực, tài nguyên và không gian phát triển.
Tổng Bí thư Tô Lâm cho rằngViệt Namvà Lào còn là hai thành viên trong một cộng đồng lớn hơn là ASEAN. Trong ASEAN, tiếng nói chung củaViệt Namvà Lào sẽ góp phần củng cố đoàn kết, thống nhất; giữ vững nguyên tắc đồng thuận, tôn trọng lẫn nhau; bảo đảm ASEAN là trung tâm của các cấu trúc hợp tác khu vực, không bị chia rẽ, lôi kéo. Trong các cơ chế khu vực và quốc tế, sự phối hợp lập trường, hỗ trợ lẫn nhau giữaViệt Namvà Lào giúp mỗi nước bảo vệ tốt hơn lợi ích chính đáng của mình; góp phần vào hòa bình, ổn định, hợp tác và phát triển của khu vực và thế giới.
Khẳng định tình hữu nghị vĩ đại, đoàn kết đặc biệt, hợp tác toàn diện, gắn kết chiến lược giữaViệt Namvà Lào là tài sản vô giá mà tổ tiên và các thế hệ lãnh đạo cách mạng tiền bối của hai nước để lại, Tổng Bí thư nhấn mạnh phải chăm lo giữ gìn, vun đắp, phát huy tài sản vô giá này. Đó là trách nhiệm chính trị, là nghĩa tình, là danh dự, là lẽ sống, là lương tri của hai dân tộc.
Chiều cùng ngày, Tổng Bí thư Tô Lâm và Phu nhân gặp gỡ cán bộ Đại sứ quán và cộng đồng ngườiViệt Namtại Lào.
Trưa 1.12, thay mặt Đảng và Nhà nước Lào, Tổng Bí thư, Chủ tịch nước Lào Thongloun Sisoulith đã trao tặng Tổng Bí thư Tô Lâm Huân chương Vàng Quốc gia. Đây là huân chương cao quý nhất của Nhà nước CHDCND Lào tặng Tổng Bí thư Tô Lâm đã có công lao to lớn góp phần quan trọng việc vun đắp mối quan hệ hữu nghị vĩ đại, tình đoàn kết đặc biệt và hợp tác toàn diện giữa hai Đảng, hai Nhà nước và nhân dân hai nước Lào -Việt Nam.
Nhân kỷ niệm lần thứ 50 Quốc khánh nước CHDCND Lào (2.12.1975 - 2.12.2025), ngày 1.12, Ban Chấp hành T.Ư Đảng Cộng sảnViệt Nam, Chủ tịch nước, Quốc hội, Chính phủ nước CHXHCNViệt Nam, Ủy ban T.Ư MTTQViệt Namđã đồng gửi Điện mừng đến Ban Chấp hành T.Ư Đảng Nhân dân Cách mạng Lào, Chủ tịch nước, Quốc hội, Chính phủ nước CHDCND Lào, Ủy ban T.Ư Mặt trận Lào xây dựng đất nước."
https://thanhnien.vn/tong-bi-thu-to-lam-noi-ve-gan-ket-chien-luoc-giua-viet-nam-va-lao-185251201200808265.htm,Tổng Bí thư Tô Lâm nói về gắn kết chiến lược giữa Việt Nam và Lào,BáoThanh Niêntrân trọng giới thiệu toàn văn bài phát biểu chính sách của Tổng Bí thư Tô Lâm tại Học viện Chính trị - Hành chính quốc gia Lào.,"Kính thưa đồng chí Thongloun Sisoulith, Tổng Bí thư Ban Chấp hành Trung ương Đảng Nhân dân cách mạng Lào, Chủ tịch nước Cộng hòa Dân chủ nhân dân Lào,
Thưa các đồng chí lãnh đạo Đảng, Nhà nước Lào, các đồng chí trong đoàn Việt Nam,
Thưa các thầy cô giáo, cán bộ, học viên Học viện Chính trị - Hành chính quốc gia Lào,
Thưa các bạn Lào và Việt Nam,
Tôi cùng đoàn đại biểu cấp cao Việt Nam rất vui mừng và xúc động được trở lại đất nước Lào anh em tươi đẹp; đến thăm, gặp gỡ và phát biểu tại Học viện Chính trị - Hành chính quốc gia Lào. Tôi chân thành cảm ơn đồng chíTổng Bí thư, Chủ tịch nước Thongloun Sisoulith và lãnh đạo Đảng, Nhà nước Lào đã dành cho chúng tôi sự đón tiếp chu đáo, nồng hậu, thắm tình đồng chí, anh em.
Tổng Bí thư Tô Lâm phát biểu chính sách tại Học viện Chính trị - Hành chính quốc gia Lào, chiều 1.12
ẢNH: TTXVN
Nhân dịp trọng đại kỷ niệm 50 năm Quốc khánh nước Cộng hòa Dân chủ nhân dân Lào, thay mặt Đảng, Nhà nước và nhân dân Việt Nam, tôi gửi tới Đảng, Nhà nước và nhân dân các dân tộc Lào anh em lời chúc mừng nồng nhiệt nhất. Chúng tôi vô cùng vui mừng, phấn khởi và tự hào trước những thành tựu to lớn, có ý nghĩa lịch sử mà đất nước Lào anh em đã đạt được trong suốt 50 năm xây dựng và phát triển Nhà nước Dân chủ nhân dân.
Tôi nhiệt liệt chúc mừng Học viện Chính trị - Hành chính quốc gia Lào nhân dịp kỷ niệm 30 năm ngày thành lập. Với lịch sử 30 năm hình thành và phát triển, học viện đã trở thành cái nôi đào tạo, bồi dưỡng lý luận, chính trị và hành chính cho nhiều cán bộ lãnh đạo, quản lý trong bộ máy của Đảng và Nhà nước Lào, những người gánh vác trọng trách trong sự nghiệp xây dựng, bảo vệ và phát triển đất nước Lào.
Chủ đề tôi trao đổi với các bạn hôm nay là: Kế thừa tình hữu nghị vĩ đại, vun đắp quan hệ đoàn kết đặc biệt, củng cố hợp tác toàn diện và đẩy mạnh gắn kết chiến lược Việt Nam - Lào trong giai đoạn mới.
Thưa các đồng chí và các bạn,
Việt Nam và Lào là hai quốc gia láng giềng cùng chí hướng, chung khát vọng, chung không gian sinh tồn và phát triển. Địa lý là điểm xuất phát của mối gắn kết tự nhiên, là nơi ""tối lửa tắt đèn có nhau"", là nơi cùng nghe chung tiếng gà gáy, chung bát cơm, hạt muối. Trong bao thế kỷ, nhân dân hai nước đã cùng trải qua những thử thách lớn của lịch sử, cùng đương đầu với sự khắc nghiệt của thiên nhiên để tồn tại, cùng bị thực dân, đế quốc xâm lược, cùng bị chia cắt, kìm kẹp, áp bức, cùng đứng trước áp lực sống còn hoặc đoàn kết để chiến thắng hoặc lần lượt bị khuất phục. Và điều rất đặc biệt, rất riêng, đó là Đảng Cộng sản Đông Dương ra đời cuối năm 1930 để lãnh đạo phong trào cách mạng ở Việt Nam, Lào và Campuchia.
Trong hoàn cảnh đó, đoàn kết đặc biệt Việt - Lào là lựa chọn duy nhất đúng, là một tất yếu lịch sử mang tính chiến lược sống còn. Hai dân tộc nhận ra rằng: ""Muốn tồn tại và phát triển thì phải đứng bên nhau"".
Trên dải Trường Sơn hùng vĩ, nhân dân hai nước, các đơn vị bộ đội, công an Lào và Việt Nam đã dựa lưng vào nhau, che chở cho nhau để chiến đấu và chiến thắng. Con đường chiến lược xuyên Trường Sơn, uốn lượn qua hai nước là đường sống, đường thắng lợi, là biểu tượng của liên minh chiến đấu keo sơn, gắn bó, tin cậy lẫn nhau.
Có thể nói, trong suốt các cuộc kháng chiến chống thực dân, đế quốc, Việt Nam khó có thể giành thắng lợi nếu thiếu chỗ dựa, chỗ đứng chân, sự phối hợp chiến lược của Lào. Cách mạng Lào khó có thể giành chiến thắng nếu thiếu sự hỗ trợ to lớn, toàn diện, vô tư của Việt Nam. Đó là liên minh chiến đấu tự nhiên, là ""cộng sinh chiến lược"" trong quan hệ quốc tế. Máu của người Việt, người Lào cùng tô thắm lá cờ chiến thắng của hai nước.
Chính vì vậy, quan hệ Việt - Lào được Chủ tịch Hồ Chí Minh, Chủ tịch Kaysone Phomvihane, Chủ tịch Souphanouvong và các thế hệ lãnh đạo hai Đảng, hai Nhà nước dày công vun đắp, đã trở thành mối quan hệ đặc biệt, trong sáng, thủy chung hiếm có trong lịch sử, là tài sản chung vô giá của hai dân tộc Việt - Lào anh em.
Qua thực tiễn đấu tranh cách mạng, chúng ta có thể tự hào khẳng định rằng ""tình hữu nghị vĩ đại, đoàn kết đặc biệt, trong sáng, thủy chung, hợp tác toàn diện, gắn kết chiến lược"" được kết tinh từ lịch sử đấu tranh cách mạng đầy hy sinh, chia sẻ, cùng nhau vượt qua hiểm nguy, gian nan thử thách.
""Vĩ đại"" vì đó là tình cảm được hun đúc qua thử thách lớn nhất: chiến tranh, mất mát, xương máu. ""Đặc biệt"" vì đó là tình đoàn kết thủy chung trong sáng của những người chung ý chí, chung chiến hào, chung lợi ích với tâm niệm: ""Giúp bạn là tự giúp mình"", ""Thắng lợi của bạn là thắng lợi của mình"". ""Trong sáng"" vì hai Đảng, hai Nhà nước luôn luôn đặt lợi ích của sự nghiệp cách mạng, giải phóng dân tộc và xây dựng đất nước lên trên hết và là điều kiện tiên quyết trong giải quyết các vấn đề song phương.
Một điều cần khẳng định là: Đoàn kết gắn bó keo sơn chính là mạch nguồn của quan hệ Việt - Lào. Không có mạch nguồn kết dính đó, chúng ta sẽ chỉ là hai quốc gia láng giềng ""đứng cạnh nhau"". Có chất kết dính ""đoàn kết"", chúng ta trở thành hai dân tộc ""đứng cùng nhau"", ""kề vai sát cánh"" trong các chặng đường phát triển.
Thưa các đồng chí, các bạn,
Thế giới đang thay đổi nhanh chóng: Cách mạng công nghiệp lần thứ tư; chuyển dịch chuỗi cung ứng; cạnh tranh chiến lược giữa các nước lớn; các vấn đề an ninh phi truyền thống như biến đổi khí hậu, dịch bệnh, khủng hoảng năng lượng, tài chính... Trong bối cảnh ấy, nếu chúng ta chỉ ""hợp tác"" thì chưa đủ, chúng ta phải nâng tầm từ hợp tác lên ""gắn kết"" vì gắn kết mang tính chiến lược, có thiết kế tổng thể, có phân vai, có bổ sung lẫn nhau.
Tổng Bí thư Tô Lâm phát biểu chính sách tại Học viện Chính trị - Hành chính quốc gia Lào, chiều 1.12
ẢNH: TTXVN
Tôi muốn nhấn mạnh tới ba hướng gắn kết: (1) Gắn kết song phương: Việt Nam - Lào cần gắn kết chiến lược về tầm nhìn phát triển; gắn kết không gian và hạ tầng, các hành lang kinh tế, logistics, năng lượng, chuyển đổi xanh, chuyển đổi số.
(2) Gắn kết tiểu vùng, đặc biệt là ba nước Đông Dương: Quan hệ Việt - Lào càng chặt chẽ thì khối đoàn kết ba nước Đông Dương càng bền vững, ba nước Đông Dương càng đoàn kết thì ASEAN càng thống nhất, vững mạnh.
(3) Gắn kết khu vực và quốc tế: Việt Nam và Lào cùng trong ASEAN, cùng tham gia nhiều cơ chế hợp tác tiểu vùng, khu vực, quốc tế, do vậy cần phát huy thế mạnh bổ sung lẫn nhau. Chúng ta không chỉ tự mạnh lên, mà còn góp phần làm ASEAN mạnh hơn, khu vực Đông Nam Á ổn định và phát triển hơn.
Như vậy, tình đoàn kết đặc biệt Việt - Lào không chỉ là tài sản của hai dân tộc, mà còn là một trụ cột ổn định cho cả tiểu vùng sông Mê Kông, cho ASEAN, cho hòa bình, hợp tác, phát triển ở khu vực và thế giới.
Để kế thừa tình hữu nghị vĩ đại, vun đắp quan hệ đoàn kết đặc biệt, củng cố hợp tác toàn diện và đẩy mạnh gắn kết chiến lược Việt Nam - Lào trong giai đoạn mới, theo tôi, chúng ta cần kiên định một số nền tảng chiến lược.
Thứ nhất, kiên định mục tiêu độc lập dân tộc gắn liền với chủ nghĩa xã hội
Hai Đảng đều lựa chọn con đường độc lập dân tộc gắn liền với chủ nghĩa xã hội; xây dựng Nhà nước pháp quyền xã hội chủ nghĩa của nhân dân, do nhân dân, vì nhân dân; phát triển nền kinh tế thị trường định hướng xã hội chủ nghĩa; nhân dân là trung tâm, là chủ thể, là mục tiêu, động lực của phát triển, nhân dân là trên hết và trước hết.
Trong bối cảnh thế giới có nhiều xu hướng, mô hình, học thuyết khác nhau, Việt Nam và Lào càng cần chia sẻ, trao đổi, bổ sung, làm sáng tỏ hơn con đường mà chúng ta đã chọn trên cơ sở thực tiễn sinh động của mỗi nước. Cùng chia sẻ những thành công và bài học kinh nghiệm khi áp dụng, vận dụng sáng tạo lý luận vào thực tiễn. Chúng ta tăng cường trao đổi về công tác xây dựng Đảng trong sạch, vững mạnh; phòng, chống tham nhũng, lãng phí, tiêu cực; đổi mới mô hình tăng trưởng; quản trị phát triển, quản trị rủi ro, quản trị các nguồn lực.
Thứ hai, cùng nhau xây dựng đường biên giới hòa bình, hữu nghị, hợp tác cùng phát triển
Đường biên giới Việt - Lào đã được phân định, cắm mốc. Song biên giới hai nước cần trở thành nhịp cầu hữu nghị, là cầu nối giữa các cộng đồng dân cư hai nước, cầu nối giữa các hành lang kinh tế, cầu nối giữa các không gian phát triển xanh, bền vững, hài hòa với thiên nhiên. Mục tiêu xây dựng biên giới hòa bình, hữu nghị, ổn định, hợp tác cùng phát triển vừa là yêu cầu an ninh - quốc phòng, vừa là cơ hội phát triển kinh tế - văn hóa - xã hội của hai nước.
Ở đây, tình đoàn kết đặc biệt là ""lá chắn mềm"" nhưng cực kỳ bền vững: Khi lòng tin chiến lược vững chắc, thì mọi âm mưu chia rẽ, lôi kéo, lợi dụng đều thất bại. Khi nhân dân hai bên biên giới coi nhau như đồng chí, anh em, bạn bè, đối tác tin cậy, thì biên giới trở thành vành đai hợp tác, vành đai phát triển, sợi dây thắt chặt tình đoàn kết.
Thứ ba, bổ sung, hỗ trợ lẫn nhau về nguồn lực, tài nguyên và không gian phát triển
Với tầm nhìn phát triển, chúng ta thấy Lào có lợi thế vị trí trung tâm trên đất liền, tiềm năng lớn về tài nguyên thiên nhiên, không gian phát triển xanh; Việt Nam có lợi thế bờ biển dài, cửa ngõ ra biển của tiểu vùng sông Mê Kông rộng lớn, lực lượng lao động hùng hậu, kinh tế đa dạng, hội nhập sâu với khu vực và thế giới. Nếu chỉ phát triển từng nước một cách riêng lẻ, chúng ta sẽ tự thu hẹp không gian phát triển của chính mình. Nhưng nếu bổ sung và liên kết nguồn lực, thì nhiều lợi thế chung sẽ hình thành, tối ưu hóa được các nguồn lực để phục vụ phát triển nhanh, bền vững. Hàng hóa, hành khách của Lào có thể ra biển nhanh hơn qua các cảng biển, cửa khẩu của Việt Nam; nguồn điện, năng lượng tái tạo của Lào có thể kết nối với lưới điện khu vực qua Việt Nam; các hành lang kinh tế Đông - Tây, Bắc - Nam có thể trở thành trục liên kết chiến lược, mở rộng không gian phát triển cho cả hai nước. Ở đây, không chỉ là các dự án, công trình cụ thể mà vấn đề cốt lõi là hai nước phải cùng nhau thiết kế ""bản đồ gắn kết chiến lược"" về không gian phát triển, gắn kết chặt chẽ quy hoạch, chiến lược, kế hoạch phát triển kinh tế - xã hội của mỗi bên.
(Trong giai đoạn 2021 - 2025, Việt Nam đã giúp Lào thực hiện 25 dự án với số vốn viện trợ khoảng 4.000 tỉ đồng, gồm 6 dự án về giáo dục - đào tạo; 3 dự án về lĩnh vực y tế; 4 dự án về khoa học và công nghệ; 6 dự án về các lĩnh vực khác. Tại Lào, Việt Nam có 276 dự án với số vốn đăng lý hơn 6 tỉ USD).
Thưa các đồng chí, các bạn,
Chúng ta đang ở nơi đào tạo, bồi dưỡng đội ngũ cán bộ hành chính, công chức, những người ""cầm lái"" hệ thống quản trị quốc gia. Đối với Học viện Chính trị - Hành chính quốc gia Lào và các cơ sở đào tạo của Việt Nam, tôi muốn nhấn mạnh yếu tố gắn kết về trí tuệ, lý luận và nguồn nhân lực.
Thứ nhất, gắn kết về lý luận và khoa học hành chính. Thế giới thay đổi, mô hình quản trị nhà nước cũng thay đổi, nhà nước phải linh hoạt hơn, minh bạch hơn, số hóa hơn; phải vừa kiến tạo phát triển, vừa bảo đảm công bằng xã hội; phải vừa giữ vững ổn định chính trị, vừa thúc đẩy đổi mới sáng tạo.
Trong bối cảnh đó, Việt Nam và Lào cần chia sẻ sâu sắc hơn kinh nghiệm xây dựng và hoàn thiện Nhà nước pháp quyền xã hội chủ nghĩa, kinh nghiệm cải cách hành chính, tổ chức bộ máy của hệ thống chính trị, kinh nghiệm quản lý tài chính công, quản lý đất đai, tài nguyên, môi trường, quản trị đô thị, nông thôn, phát triển vùng sâu, vùng xa.
Học viện Chính trị - Hành chính quốc gia Lào, các học viện, trường Đảng, trường chính trị, đại học của Lào và Việt Nam tiếp tục xây dựng các chương trình liên kết nghiên cứu, đào tạo các khóa bồi dưỡng cán bộ lãnh đạo, quản lý cấp chiến lược; các chương trình đào tạo thạc sĩ, tiến sĩ, hình thành các nhóm nghiên cứu chung về cải cách hành chính, chuyển đổi số trong quản trị công, quản trị phát triển bền vững.
Thứ hai, gắn kết về đào tạo cán bộ và bồi dưỡng thế hệ trẻ. Tình đoàn kết đặc biệt Việt - Lào muốn bền vững thì phải được ""truyền lửa"" sang thế hệ trẻ, sang lớp cán bộ, công chức mới. Những cán bộ đang ngồi trong giảng đường hôm nay sẽ là người hoạch định và thực thi chính sách ngày mai, hiểu biết của các bạn về quan hệ Việt - Lào sẽ vun đắp, giữ gìn quan hệ hai nước trong tương lai. Vì vậy, chúng ta cần tăng cường các chương trình trao đổi học viên, giảng viên giữa Học viện Chính trị - Hành chính quốc gia Lào với các cơ sở đào tạo của Việt Nam; làm sinh động hơn lịch sử mối quan hệ gắn bó keo sơn, chí cốt, thủy chung, trong sáng của hai dân tộc trong chương trình giáo dục các cấp, trong các công trình văn hóa, tác phẩm nghệ thuật của hai nước, tăng cường tổ chức diễn đàn thanh niên, các lớp bồi dưỡng chung về quản trị nhà nước, về quan hệ quốc tế, về hội nhập, về phát triển bền vững; khuyến khích các công trình nghiên cứu, luận văn, luận án về quan hệ đặc biệt Việt - Lào, về liên kết phát triển tiểu vùng, về hợp tác Việt - Lào - Campuchia.
Không chỉ học cùng nhau, các bạn trẻ cần sống cùng nhau, làm việc cùng nhau, để tình đoàn kết đặc biệt Việt - Lào trở thành trải nghiệm sống, để đơm hoa kết trái.
(Trong giai đoạn 2021 - 2025, Việt Nam đã tiếp nhận gần 6.000 học sinh, sinh viên Lào. Riêng năm học 2024 - 2025, số lượng lưu học sinh Lào thuộc diện học bổng hai Chính phủ học tập tại Việt Nam là 3.417 sinh viên).
Thưa các đồng chí, các bạn,
Việt Nam và Lào không chỉ là hai nước láng giềng, chúng ta còn là hai thành viên trong một cộng đồng lớn hơn: Cộng đồng ASEAN. Một Việt Nam ổn định, phát triển, hội nhập thành công sẽ góp phần quan trọng vào sự phát triển của Lào. Ngược lại, một nước Lào ổn định, phát triển, giữ vững bản sắc và độc lập cũng sẽ là chỗ dựa, là đối tác chiến lược đối với Việt Nam.
Trong ASEAN, tiếng nói chung của Việt Nam và Lào sẽ góp phần củng cố đoàn kết, thống nhất; giữ vững nguyên tắc đồng thuận, tôn trọng lẫn nhau; bảo đảm ASEAN là trung tâm của các cấu trúc hợp tác khu vực, không bị chia rẽ, lôi kéo.
Trong các cơ chế khu vực và quốc tế, sự phối hợp lập trường, hỗ trợ lẫn nhau giữa Việt Nam và Lào giúp mỗi nước bảo vệ tốt hơn lợi ích chính đáng của mình; tạo thêm ""lực cộng hưởng"" cho tiếng nói của một quốc gia đang phát triển; góp phần vào hòa bình, ổn định, hợp tác và phát triển của khu vực và thế giới. Và rõ ràng rằng, tình đoàn kết đặc biệt Việt - Lào không chỉ là ""câu chuyện của hai nước"" mà là một nhân tố tích cực trong cấu trúc an ninh - hòa bình - phát triển của khu vực.
Để khép lại, tôi xin nêu một vài gợi mở mang tính phương châm hành động chung, có thể coi là ""chìa khóa"" cho giai đoạn gắn kết chiến lược mới giữa Việt Nam và Lào.
(1) Giữ vững lòng tin chiến lược, hết sức coi trọng tình đoàn kết đặc biệt trước sau như một. Niềm tin chiến lược phải được xây dựng từ từng việc làm cụ thể, từ cách chúng ta xử lý các vấn đề lợi ích một cách thẳng thắn, chân thành, tôn trọng lẫn nhau.
(2) Phải coi tình đoàn kết đặc biệt là chất kết dính, gắn kết chiến lược là động lực phát triển; đoàn kết giúp chúng ta tồn tại và vươn mình; gắn kết giúp chúng ta vững vàng trong cuộc cạnh tranh phát triển đang ngày càng gay gắt.
(3) Phát huy tối đa sự bổ trợ lẫn nhau về địa - kinh tế, địa - chính trị, địa - văn hóa; biên giới là không gian của cơ hội phát triển, của hội nhập.
(4) Đặt con người vào trung tâm của mọi chương trình, dự án, chính sách liên kết. Mọi tuyến đường, cây cầu, khu kinh tế, hành lang phát triển... chỉ thực sự có ý nghĩa nếu đời sống nhân dân hai bên biên giới tốt hơn, thanh niên có nhiều cơ hội hơn, người dân cảm nhận rõ hơn lợi ích từ mối quan hệ anh em chí cốt Việt - Lào.
(5) Để viết tiếp các chương mới trong pho sử Việt - Lào bằng ngôn ngữ của thời đại số trên nền tảng tình đoàn kết Việt - Lào được gắn kết bằng máu, mồ hôi, nước mắt trên chiến trường năm xưa thì thế hệ hôm nay cần sử dụng tri thức, tình yêu, tình người, sáng tạo, công nghệ, bằng những công trình, dự án thiết thực, hiệu quả, nhân văn và đặc biệt là bằng trái tim nhiệt huyết của thế hệ trẻ.
Các đại biểu tham dự lắng nghe phát biểu chính sách của Tổng Bí thư Tô Lâm tại Học viện Chính trị và Hành chính Quốc gia Lào
ẢNH: TTXVN
Thưa các đồng chí, các bạn,
Thăm Học viện Chính trị - Hành chính quốc gia Lào, tôi cảm nhận rõ hơn về tình hữu nghị vĩ đại, đoàn kết đặc biệt, hợp tác toàn diện, gắn kết chiến lược giữa Việt Nam và Lào là tài sản vô giá mà tổ tiên và các thế hệ lãnh đạo cách mạng tiền bối của hai nước để lại cho chúng ta. Do vậy, chúng ta phải chăm lo giữ gìn, vun đắp, phát huy tài sản vô giá này. Đó là trách nhiệm chính trị, là nghĩa tình, là danh dự, là lẽ sống, là lương tri của hai dân tộc. Tôi tin rằng, với bản lĩnh, trí tuệ, sự kiên trì và sáng tạo của hai Đảng, hai Nhà nước, với khát vọng vươn lên của nhân dân hai nước, với sự góp sức chủ động, nhiệt huyết của đội ngũ cán bộ, công chức, học viên đang được đào tạo tại Học viện Chính trị - Hành chính quốc gia Lào, nhất định chúng ta sẽ tiến vào một giai đoạn gắn kết chiến lược mới, sâu sắc hơn, hiệu quả hơn, bền vững hơn.
Chúc Đảng Nhân dân cách mạng Lào, Nhà nước và nhân dân các dân tộc Lào anh em ngày càng phát triển phồn vinh, nhân dân ấm no, hạnh phúc. Chúc Học viện Chính trị - Hành chính quốc gia Lào tiếp tục là trung tâm đào tạo, nghiên cứu hàng đầu, xứng đáng với niềm tin của Đảng và nhân dân Lào.
Chúc tình hữu nghị vĩ đại, đoàn kết đặc biệt, hợp tác toàn diện, gắn kết chiến lược Việt Nam - Lào mãi mãi xanh tươi, đời đời bền vững.
Xin trân trọng cảm ơn đồng chí Tổng Bí thư, Chủ tịch nước Thongloun Sisoulith, các đồng chí và các bạn."
https://thanhnien.vn/ban-bi-thu-chi-dinh-3-uy-vien-ban-thuong-vu-tinh-uy-dong-nai-185251127175040791.htm,Ban Bí thư chỉ định 3 Ủy viên Ban Thường vụ Tỉnh ủy Đồng Nai,"Ông Nguyễn Kim Long, Phó chủ tịch UBND tỉnh; ông Nguyễn Tuấn Anh, Giám đốc Sở Nông nghiệp và Môi trường; bà Trương Thị Hương Bình, Giám đốc Sở Tài chính được Ban Bí thư chỉ định tham gia Ban Thường vụ Tỉnh ủy Đồng Nai.","Chiều 27.11,Tỉnh ủy Đồng Naitổ chức hội nghị công bố quyết định củaBan Bí thưvề công tác cán bộ.
Lãnh đạo Tỉnh ủy Đồng Nai chúc mừng 3 ủy viên Ban Thường vụ được Ban Bí thư chỉ định
ẢNH: H.K
Theo đó, hội nghị đã công bố quyết định của Ban Bí thư về việc chỉ định tham gia Ban Thường vụ Tỉnh ủy Đồng Nai đối với 3 lãnh đạo: gồm ông Nguyễn Kim Long, Phó chủ tịch UBND tỉnh; ông Nguyễn Tuấn Anh, Giám đốc Sở Nông nghiệp và Môi trường và bà Trương Thị Hương Bình, Giám đốc Sở Tài chính.
Như vậy, hiện tại Ban Thường vụ Tỉnh ủy Đồng Nai có tổng cộng 19 ủy viên, trong đó 6 ủy viên là Thường trực Tỉnh ủy: gồm ông Vũ Hồng Văn, Bí thư Tỉnh ủy, Trưởng đoàn đại biểu Quốc hội tỉnh; bà Tôn Ngọc Hạnh, Phó bí thư Thường trực Tỉnh ủy, Chủ tịch HĐND tỉnh; ông Nguyễn Văn Út, Phó bí thư Tỉnh ủy, Chủ tịch UBND tỉnh; bà Huỳnh Thị Hằng, Phó bí thư Tỉnh ủy, Chủ tịch Ủy ban MTTQ Việt Nam tỉnh; ông Võ Tấn Đức, Phó bí thư Tỉnh ủy; ông Thái Bảo, Phó bí thư Tỉnh ủy, Trưởng ban Tổ chức Tỉnh ủy.
Bí thư Tỉnh ủy Đồng Nai Vũ Hồng Văn trao quyết định của Ban Bí thư cho 3 Ủy viên Ban Thường vụ được chỉ định
ẢNH: H.K
13 Ủy viên Ban Thường vụ còn lại gồm: ông Trần Trung Nhân, Chủ nhiệm Ủy ban Kiểm tra Tỉnh ủy; ông Nguyễn Minh Hợi, Trưởng ban Nội chính Tỉnh ủy; ông Hà Anh Dũng, Phó chủ tịch Thường trực Ủy ban MTTQ Việt Nam tỉnh; ông Lê Trường Sơn, Phó chủ tịch UBND tỉnh; thiếu tướng Nguyễn Đức Hải, Giám đốc Công an tỉnh; đại tá Võ Thành Danh, Chỉ huy trưởng Bộ Chỉ huy Quân sự tỉnh; ông Dương Minh Dũng, Bí thư Đảng ủy, Chủ tịch HĐND xã Long Thành; ông Hồ Văn Nam, Bí thư Đảng ủy, Chủ tịch HĐND phường Trấn Biên; bà Đặng Minh Nguyệt, Bí thư Đảng ủy, Chủ tịch HĐND phường Long Khánh; bà Giang Thị Phương Hạnh, Bí thư Đảng ủy, Chủ tịch HĐND phường Bình Phước; cùng 3 ủy viên mới được chỉ định là: ông Nguyễn Kim Long, Phó chủ tịch UBND tỉnh Đồng Nai; ông Nguyễn Tuấn Anh, Giám đốc Sở Nông nghiệp và Môi trường; bà Trương Thị Hương Bình, Giám đốc Sở Tài chính."
https://thanhnien.vn/san-sang-cho-dai-hoi-dai-bieu-mttq-viet-nam-tphcm-lan-thu-1-185251127143215264.htm,Sẵn sàng cho Đại hội đại biểu MTTQ Việt Nam TP.HCM lần thứ 1,"Đại hội đại biểu MTTQ Việt Nam TP.HCM lần thứ 1, nhiệm kỳ 2025 - 2030 sẽ diễn ra trong 2 ngày 29 và 30.11 với sự tham dự của khoảng 880 đại biểu.","Đại hội đại biểu MTTQ Việt Nam TP.HCMlần thứ I, nhiệm kỳ 2025 - 2030 sẽ diễn ra ngày 29 và 30.11, tại Trung tâm Hội nghị triển lãm Bình Dương (số B11 Hùng Vương, phường Bình Dương, TP.HCM).
Trước thềm đại hội, ngày 27.11, Ủy ban MTTQ Việt Nam TP.HCM đã tổ chức Hội nghị lần thứ 2, nhiệm kỳ 2024 - 2029. Tại hội nghị, Thường trực Ủy ban MTTQ Việt Nam TP.HCM cho biết, công tác chuẩn bị đại hội cơ bản hoàn tất.
Số lượng đại biểu dự kiến khoảng 880 người, gồm 500 đại biểu chính thức và 380 đại biểu khách mời.
Trước ngày đại hội (28.11), các đại biểu sẽ tham dự lễ dâng hương, dâng hoa tại tượng đài Chủ tịch Hồ Chí Minh và các nghĩa trang liệt sĩ; khai mạc triển lãm ảnh với chủ đề ""MTTQ Việt Nam - Sức mạnh đại đoàn kết toàn dân tộc""; đồng thời tham gia các hoạt động an sinh xã hội và thực hiện công trình ""Vườn cây đại đoàn kết"".
Đại hội đại biểu MTTQ Việt Nam TP.HCM lần 1 sẽ diễn ra trong 2 ngày 29 và 30.11
ẢNH: THÚY LIỄU
Theo đề án nhân sự được trình tại hội nghị, tổng số Ủy viênỦy ban MTTQ Việt Nam TP.HCMdự kiến là 168 người, trong đó tại đại hội sẽ hiệp thương 146 người, số còn lại dự kiến bổ sung sau.
Ban Thường trực nhiệm kỳ tới gồm 9 người (giữ nguyên so với nhiệm kỳ 2024 - 2029). Số Phó chủ tịch không chuyên trách dự kiến là 7 người; tại đại hội sẽ hiệp thương 6 người.
Việc xây dựng đội ngũ lãnh đạo nhằm bảo đảm ""số lượng, tiêu chuẩn, cơ cấu, thành phần, tính tiêu biểu và đại diện"", theo đúng yêu cầu của tổ chức.
Thời gian qua, hệ thống MTTQ các cấp tại TP.HCM không chỉ gấp rút chuẩn bị cho đại hội, mà còn tích cực tham gia các chương trình hỗ trợ người dân vùng lũ miền Trung thông qua vận động cứu trợ, thiết lập điểm tiếp nhận hàng cứu trợ tại các quận, phường, ga metro..., thu nhận thuốc men, nhu yếu phẩm, kịp thời chuyển tới đồng bào bị ảnh hưởng. Tổng lượng hàng hóa, thuốc men, nhu yếu phẩm huy động rất lớn.
Song song đó, sau đại hội,MTTQ Việt Nam TP.HCMchuẩn bị tiến hành hiệp thương lần thứ 1 để dự kiến cơ cấu, thành phần, số lượng người ứng cử đại biểu Quốc hội khóa XVI và đại biểu HĐND các cấp nhiệm kỳ 2026 - 2031; đồng thời hoạch định công tác chăm lo, an sinh, gồm cả các dịp lễ, tết sắp tới."
https://thanhnien.vn/tan-chu-tich-tphue-chi-dao-moi-ve-tang-truong-va-co-che-dac-thu-185251124202036551.htm,Tân Chủ tịch TP.Huế chỉ đạo mới về tăng trưởng và cơ chế đặc thù,"Tân Chủ tịch TP.Huế Nguyễn Khắc Toàn chỉ đạo các sở, ngành về các giải pháp tăng trưởng GRDP và cơ chế đặc thù. Đây cũng là cuộc họp đầu tiên với các sở, ngành của tân Chủ tịch UBND TP.Huế tại thành phố di sản.","Chiều 24.11,ông Nguyễn Khắc Toàn, tân Chủ tịch UBND TP.Huế đã chủ trì cuộc họp về nguồn lực tăng trưởng của thành phố nhiệm kỳ 2025 - 2030 và việc triển khai Nghị quyết của Chính phủ về cơ chế đặc thù dành cho TP.Huế, thành phố di sản trực thuộc T.Ư. Đây là cuộc họp đầu tiên với các sở, ban, ngành khi ông được HĐND TP. Huế bầu giữ chức Chủ tịch UBND TP.Huế.
Ông  Nguyễn Khắc Toàn được HĐND TP.Huế bầu giữ chức Chủ tịch UBND TP.Huế ngày 18.11
ẢNH: PHAN NGỌC MINH
Tại cuộc họp, Giám đốc Sở Tài chính La Phúc Thành đã báo cáo tốc độ tăng trưởng GRDP 9 tháng đầu năm của TP.Huế ước đạt 9,06% so với cùng kỳ (cao hơn mức tăng cùng kỳ là 7,34%).Đây là mức tăng trưởng cao nhất từ trước đến nay và lần đầu tiên lọt tốp 10 cả nước.Theo kế hoạch, dự kiến tốc độ tăng trưởng GRDP cả năm 2025 ước đạt từ 10% trở lên.
Tân Chủ tịch UBND TP.Huế Nguyễn Khắc Toàn chủ trì cuộc họp
ẢNH: HOÀNG HIẾU MINH BỐN
Về đánh giá giai đoạn 2021 - 2025, GRDP tăng trưởng trung bình 7,54%, đạt mục tiêu Nghị quyết Đại hội.
Sau khi nghe ý kiến các các sở, ngành Chủ tịch UBND TP.Huế Nguyễn Khắc Toàn thống nhất với kịch bản tăng trưởng do Sở Tài chính trình bày, song nhấn mạnh, tinh thần là phải bám cơ sở, chia sẻ với người dân, doanh nghiệp và nhà đầu tư nhằm đồng hành tháo gỡ khó khăn.
""Các sở, ban, ngành và địa phương phải nỗ lực tập trung điều hành đơn vị, ngành, lĩnh vực để thúc đẩy hoàn thành về đích các nội dung nhiệm vụ theo phân công. Ngoài ra phải phối hợp với Thống kê thành phố trong việc thu nhập thông tin, thực hiện chế độ báo cáo thống kê, chia sẻ thông tin thống kê để tạo sự thống nhất về số liệu khi công bố, phổ biến và sử dụng theo quy định"", Chủ tịch UBND TP.Huế Nguyễn Khắc Toàn yêu cầu.
Ông Nguyễn Khắc Toàn giao cho Sở Tài chính chủ trì, phối hợp với các sở, ngành, địa phương liên quan tiếp tục theo dõi, đôn đốc và tham mưu UBND TP.Huế tập trung triển khai quyết liệt, đồng bộ các giải pháp thúc đẩy giải ngân vốn đầu tư công; xây dựng kế hoạch hằng tuần, hằng tháng để đôn đốc các đơn vị nhằm đảm bảo giải ngân đến cuối năm 2025 đạt 100% kế hoạch.
Phát huy hiệu quả hoạt động của 4 Tổ công tác giám sát, quản lý các dự án đầu tư để chỉ đạo, đôn đốc, kiểm tra, giám sát, xử lý các vướng mắc nhằm đẩy nhanh tiến độ thực hiện các dự án ngoài ngân sách và giải ngân vốn đầu tư công. Đẩy nhanh tiến độ triển khai các dự án khu tái định cư, khu nghĩa trang phục vụ cho công tác giải phóng mặt bằng dự án Đường sắt tốc độ cao trên trục Bắc - Nam.
Giám đốc Sở Tài chính TP.Huế La Phúc Thành báo cáo kết quả  tăng trưởng kinh tế của TP.Huế
ẢNH: HOÀNG HIẾU MINH BỐN
Đối với nhiệm vụ đảm bảo tăng trưởng 2 con số cho giai đoạn 2026 - 2030, ông Nguyễn Khắc Toàn yêu cầu các sở, ngành, địa phương chủ động xây dựng kế hoạch hằng năm và cả giai đoạn đối với việc triển khai các chương trình, dự án, đề án tại phụ lục ban hành kèm theo chương trình hành động thuộc lĩnh vực phụ trách; đồng thời phối hợp với Sở Tài chính tham mưu UBND thành phố xây dựng kế hoạch triển khai chương trình hành động nêu trên; trong đó: đề xuất từng nhiệm vụ cụ thể, rõ người, rõ việc, rõ thời gian, rõ kết quả để làm cơ sở đánh giá mức độ hoàn thành nhiệm vụ của lãnh đạo đơn vị, của đơn vị hằng năm và cả nhiệm kỳ.
Liên quan việc triển khai Nghị quyết của Chính phủ về cơ chế đặc thù, Chủ tịch UBND TP đề nghị các sở, ngành tiếp tục đề xuất những chính sách tương xứng với vai trò và vị thế của thành phố trong giai đoạn phát triển mới.
Đồng thời, lưu ý các cơ quan chuyên môn cần nghiên cứu, đề xuất thêm các cơ chế đặc thù cho đô thị di sản, thúc đẩy đầu tư cho công nghiệp văn hóa, đồng thời xây dựng các chính sách mới choKhu kinh tế Chân Mây - Lăng Cônhằm phát huy tối đa tiềm năng tăng trưởng.
Chủ tịch UBND TP.Huế nhấn mạnh yêu cầu cụ thể hóa hơn nữa các đề xuất về cơ chế, chính sách đặc thù; bảo đảm các cơ quan, đơn vị hoàn thiện hồ sơ, báo cáo và trình cấp có thẩm quyền đúng tiến độ."
https://thanhnien.vn/khoi-day-hao-khi-dan-toc-trong-ky-nguyen-moi-185251117230439389.htm,Khơi dậy hào khí dân tộc trong kỷ nguyên mới,"Kỷ niệm 95 năm Ngày truyền thống MTTQ VN (18.11.1930 - 18.11.2025) là dịp để nhìn lại chặng đường vẻ vang của khối đại đoàn kết toàn dân tộc, nguồn sức mạnh đã làm nên mọi thắng lợi của cách mạng Việt Nam.","Trong bối cảnh mới với những thời cơ và thách thức đan xen, yêu cầu củng cố và phát huyđại đoàn kết toàn dân tộcđược đặt ra ở tầm cao mới. Những chia sẻ của ông Nguyễn Túc, Ủy viên Đoàn Chủ tịch Ủy ban T.Ư MTTQ VN, và GS-TS Phạm Hồng Tung, nguyên Viện trưởng Viện VN học và Khoa học phát triển (ĐHQG Hà Nội), tiếp tục khẳng định giá trị bền vững của truyền thống đoàn kết, đồng thời chỉ ra con đường để Mặt trận thực hiện tốt hơn vai trò nòng cốt trong giai đoạn hiện nay.
Tổng Bí thư Tô Lâm với nhân dân P.Thượng Cát, TP.Hà Nội trong Ngày hội đại đoàn kết toàn dân tộc, tối 14.11
ẢNH: TTXVN
Nhìn lại lịch sử, ông Nguyễn Túc nhấn mạnh một đặc điểm nổi bật của cách mạng VN là sự ra đời của các hình thức mặt trận luôn gắn liền với yêu cầu nhiệm vụ của từng giai đoạn. Từ Hội Phản đế đồng minh năm 1930, Mặt trận Dân chủ giai đoạn 1936 - 1939, đến Mặt trận Việt Minh, Liên Việt, Mặt trận Dân tộc giải phóng miền Nam, rồiMặt trận Tổ quốcVN sau thống nhất… tất cả đều được xây dựng với mục tiêu xuyên suốt: tập hợp rộng rãi nhất sức mạnh toàn dân tộc dưới sự lãnh đạo của Đảng.
Theo ông, đoàn kết là cội nguồn của mọi thắng lợi. Nhờ lòng yêu nước mà nhân dân sẵn sàng gác lại lợi ích riêng để cùng đứng trong một mặt trận thống nhất. ""Mặt trận không phải sức mạnh của nhân dân, nói đúng hơn, Mặt trận là sự tập hợp và nhân lên gấp bội sức mạnh đoàn kết của nhân dân"", ông Túc khẳng định. 95 năm qua, Mặt trận là cầu nối giữa Đảng với nhân dân, góp phần làm nên thắng lợi của các cuộc kháng chiến, giữ vững độc lập và thúc đẩy công cuộc đổi mới.
Khi mỗi người dân, mỗi trí thức, mỗi doanh nhân, mỗi lao động trẻ đều cảm thấy mình là một phần của công cuộc xây dựng đất nước, sức mạnh đại đoàn kết sẽ trở thành động lực vô địch.

Trong bối cảnh hiện nay, khi Mặt trận thực hiện mô hình mới hợp nhất các tổ chức chính trị - xã hội và tổ chức xã hội, ông Nguyễn Túc cho rằng điều này tạo ra một sức mạnh mới: thống nhất về chỉ đạo, linh hoạt trong phối hợp và hiệu quả trong hành động. Với số lượng phó chủ tịch nhiều hơn, đại diện đầy đủ hơn cho các tổ chức thành viên, Mặt trận có khả năng triển khai nhiệm vụ nhanh hơn, đồng bộ hơn. Qua hợp nhất, các phong trào cứu trợ, giám sát, phản biện xã hội hay các hoạt động chăm lo cho nhân dân đều trở nên kịp thời và hiệu quả hơn.
Tuy nhiên, thách thức đặt ra là phải củng cố đoàn kết nội bộ, hài hòa phong cách làm việc vốn khác biệt giữa các tổ chức. Theo ông,tinh thần đoàn kết, thống nhất trong lãnh đạo và từng bộ phận là điều kiện tiên quyết để Mặt trận phát huy được sức mạnh hợp nhất.
Khối đại diện 54 dân tộc Việt Nam tham gia diễu hành tại Lễ kỷ niệm, diễu binh, diễu hành 80 năm Cách mạng tháng Tám và Quốc khánh 2.9
Ảnh: Nhật Bắc
Nếu trong lịch sử, khối đại đoàn kết dân tộc là ""bảo bối"" để chiến thắng kẻ thù xâm lược, thì theo GS-TS Phạm Hồng Tung, trong kỷ nguyên mới, đoàn kết càng có ý nghĩa đặc biệt khi dân tộc đang đứng trước nguy cơ tụt hậu và đối diện sức ép phát triển ngày càng lớn. Ông nhấn mạnh: ""Chúng ta cần phải tập trung và tối ưu hóa nguồn lực; không tối ưu hóa được nguồn lực thì không thể tạo ra xung lực mạnh mẽ để vượt qua tình trạng tụt hậu"".
Nguồn lực mà ông đề cập không chỉ là vật chất, mà quan trọng hơn là nguồn lực tinh thần: sự đồng thuận, ý chí vươn lên của toàn xã hội. Từ gia đình đến quốc gia, phải biết tiết kiệm cái không cần thiết để đầu tư cho tương lai, đặc biệt là choy tế, giáo dục và KH-CN. Một dân tộc khỏe mạnh, một nền giáo dục hiện đại và một lực lượng KH-CN có tầm nhìn là chìa khóa để VN bước vào kỷ nguyên văn minh trí tuệ.
GS-TS Phạm Hồng Tung cho rằng trong thời kỳ khó khăn như chiến tranh hay thiên tai, sự đoàn kết có thể đến từ áp lực bên ngoài. Nhưng trong giai đoạn phát triển, sức ép lại trở nên vô hình. Đó là bẫy thu nhập trung bình, lối sống hưởng thụ, sự phân hóa lợi ích. Chính vì thế, xây dựng đại đoàn kết hiện nay khó hơn, đòi hỏi phải khơi dậy niềm tự hào dân tộc, ý thức trách nhiệm với quốc gia, và tạo ra một hào khí dân tộc mới - vừa thấm đẫm tình cảm VN, vừa có lý tính của thời đại số.
Theo GS-TS Phạm Hồng Tung, thách thức lớn nhất của đoàn kết trong kinh tế thị trường là sự khác biệt về lợi ích. Mặt trận phải giúp xã hội nhận thức rằng lợi ích quốc gia phải đặt lên hàng đầu; lợi ích cá nhân và nhóm chỉ bền vững khi hòa vào lợi ích chung. Một ví dụ ông đưa ra: yêu văn hóa truyền thống phải đi liền với việc biến văn hóa thành nguồn lực thông qua phát triển công nghiệp văn hóa, từ đó tạo sinh kế, việc làm và sức mạnh vật chất.
Năng lực chuyển đổi số là một trong những năng lực quan trọng của cán bộ Mặt trận giai đoạn mới. Trong ảnh: đoàn viên thanh niên hướng dẫn người dân TP.HCM sử dụng ứng dụng “Hỏi - Đáp P.Tân Hưng”
Ảnh: Nữ Vương
Khi mỗi người đều thấy mình được hưởng lợi trong cái chung, khối đại đoàn kết mới bền vững. Đó cũng là cách để tạo nên ""hào khí dân tộc mới"" phù hợp với thời đại chuyển đổi số - một tinh thần gắn bó cộng đồng nhưng cũng dựa trên sự tỉnh táo, hiểu biết và chia sẻ lợi ích.
""MTTQ cần nhìn thấy những vấn đề mới có tính chất thời đại như vậy để thể hiện được vai trò của mình với ý nghĩa là con thuyền chuyên chở tinh thần đại đoàn kết dân tộc trong kỷ nguyên mới"", GS-TS Phạm Hồng Tung chia sẻ.
Trước yêu cầu của thời đại, GS-TS Phạm Hồng Tung nhận định những cải cách về tổ chức và phương thức hoạt động của Mặt trận và các tổ chức thành viên thời gian qua là bước đi quan trọng. Mặt trận trở thành ""ngôi nhà chung"" để Công đoàn, Đoàn thanh niên, Hội Nông dân, Hội Phụ nữ, Hội Cựu chiến binh… phối hợp hoạt động hiệu quả hơn, cùng hướng về mục tiêu khơi dậy sức mạnh toàn dân. Tuy vậy, thách thức lớn vẫn là biết tổ chức với nhau. Bài học từ Mặt trận Việt Minh hay Mặt trận Dân tộc giải phóng miền Nam cho thấy uy tín đến từ tinh thần hy sinh, lăn xả vì dân. Theo GS-TS Phạm Hồng Tung, đó phải là phẩm chất đầu tiên của cán bộ Mặt trận hôm nay: ""Tinh thần lăn xả vào công việc như cán bộ Mặt trận Việt Minh sẽ làm nên uy tín mới của MTTQ"".
Bên cạnh đó là năng lực tổ chức khoa học: phân tích kỹ từng nhóm xã hội, từng tôn giáo, dân tộc, giai tầng để có phương thức vận động phù hợp; kết hợp sức mạnhsố hóađể phối hợp và hỗ trợ nhân dân hiệu quả. Ba năng lực quan trọng nhất của cán bộ Mặt trận trong giai đoạn mới được ông Tung nhấn mạnh gồm: tinh thần lăn xả, hy sinh; năng lực chuyển đổi số; năng lực vận động, thuyết phục nhân dân. Theo ông Tung, khi hội tụ đủ ba yếu tố này, Mặt trận sẽ đáp ứng yêu cầu của kỷ nguyên mới - nơi nhân dân không chỉ cần được lắng nghe, mà còn cần được đồng hành bằng những chính sách minh bạch, khoa học, hiệu quả.
Một điểm nhấn quan trọng được GS-TS Phạm Hồng Tung chỉ ra là trong bối cảnh hội nhập sâu rộng, MTTQ phải trở thành lực lượng tiên phong trong đối thoại nhân dân - vừa với cộng đồng người Việt ở nước ngoài, vừa với bạn bè quốc tế. Hàng trăm ngàn lao động VN đang làm việc ở nước ngoài cần sự hỗ trợ của các tổ chức thành viên; hàng vạn người nước ngoài đến sinh sống, học tập tại VN cần được chào đón trong môi trường văn minh, thân thiện. Đây cũng là nền tảng để xây dựng sức mạnh mềm VN trong thời đại mới, góp phầnthu hút đầu tư, du lịch và tạo dựng hình ảnh quốc gia. Đây không chỉ là nhiệm vụ đối ngoại, mà là một phần cốt lõi của đại đoàn kết dân tộc trong kỷ nguyên toàn cầu hóa.
Để khối đại đoàn kết bền vững và lan tỏa mạnh mẽ, GS-TS Phạm Hồng Tung nhấn mạnh nhiệm vụ của Mặt trận là tạo ra ""hào khí dân tộc"" - nguồn năng lượng tinh thần giúp xã hội vượt qua mọi rào cản. Hào khí đó không chỉ được nuôi dưỡng bằng tình cảm truyền thống, mà bằng ""nhận thức lý tính"", hiểu rõ mục tiêu chung của dân tộc: nâng tầm VN, thoát khỏi bẫy thu nhập trung bình, vươn mình trở thành quốc gia phát triển.
""Hào khí ấy phải được hun đúc từ từng gia đình, từng khu phố, từng doanh nghiệp cho đến toàn xã hội; phải trở thành ý thức cộng đồng mạnh mẽ, thúc đẩy mọi người gắn bó và đóng góp. Khi mỗi người dân, mỗi trí thức, mỗi doanh nhân, mỗi lao động trẻ đều cảm thấy mình là một phần của công cuộc xây dựng đất nước, sức mạnh đại đoàn kết sẽ trở thành động lực vô địch"", ông Tung khẳng định."
https://thanhnien.vn/niem-tin-gui-dang-phat-huy-suc-tre-trong-hanh-trinh-dua-dat-nuoc-vuon-minh-185251117175829943.htm,Niềm tin gửi Đảng: Phát huy sức trẻ trong hành trình đưa đất nước vươn mình,"Đại hội XIV của Đảng đặt ra yêu cầu phát huy mạnh mẽ vai trò chủ thể của nhân dân và sức mạnh đại đoàn kết toàn dân tộc. Trong bối cảnh ấy, thanh niên - với tri thức, công nghệ và khát vọng cống hiến - được kỳ vọng trở thành lực lượng xung kích hiện thực hóa tầm nhìn phát triển đất nước trong kỷ nguyên mới.","Dự thảo Văn kiệnĐại hội XIVthể hiện rõ tầm nhìn và trí tuệ của Đảng trong bối cảnh sau 40 năm đổi mới, khi đất nước bước vào ""kỷ nguyên phát triểnmới"". Tương lai đất nước gắn với tương lai thế hệ trẻ. Vì vậy, tôi đề xuất làm sâu sắc hơn vai trò, sứ mệnh và các giải pháp để thanh niên thực sự trở thành lực lượng xung kích hiện thực hóa các chủ trương lớn của Đảng; qua đó cụ thể hóa đường lối về thanh niên trong Văn kiện Đại hội XIV một cách thiết thực, tạo động lực mạnh mẽ cổ vũ thế hệ trẻ dấn thân, cống hiến.
Chiến dịch Thanh niên tình nguyện hè năm 2025 có đội hình “Bình dân học vụ số” hỗ trợ người dân chuyển đổi số
ẢNH: DƯƠNG TRIỀU
Dự thảo Báo cáo chính trị (BCCT) nhấn mạnh việc ""xây dựng, hoàn thiện nền dân chủ XHCN, bảo đảm quyền làm chủ của nhân dân"". Phương châm ""Dân biết, dân bàn, dân làm, dân kiểm tra, dân giám sát, dân thụ hưởng"" đã trở thành nguyên tắc nền tảng, cơ chế cụ thể để đưa quyền làm chủ của nhân dân đi vào thực chất. Cuộc cách mạng công nghiệp lần thứ tư đặt ra yêu cầu phải có phương thức mới, hiệu quả hơn để thực thi cơ chế này.
Với ưu thế về tri thức, khả năng làm chủ công nghệ và tư duy đổi mới sáng tạo, thanh niên có thể đi đầu trong việc tạo lập và vận hành cácnền tảng sốgiúp kết nối người dân với chính quyền, hỗ trợ giám sát, phản biện xã hội minh bạch và hiệu quả hơn. Đây là không gian rộng lớn để thanh niên phát huy vai trò xung kích, góp phần xây dựng chính phủ số, kinh tế số, xã hội số.
Thực tế cho thấycông nghệ sốgiúp phá bỏ rào cản về không gian, thời gian trong việc lấy ý kiến nhân dân, công khai minh bạch thông tin và giám sát thực thi chính sách. Thanh niên có thể xây dựng ứng dụng phản ánh dân sinh, quản trị diễn đàn thảo luận chính sách, sử dụng dữ liệu lớn phục vụ giám sát. Vai trò này góp phần quan trọng vào phòng, chống tham nhũng, tiêu cực, lãng phí.
Do đó, tại Mục XII của Dự thảo BCCT, đề nghị bổ sung nội dung:""Phát huy cao độ vai trò xung kích, sáng tạo của thanh niên trong làm chủ công nghệ, tham gia xây dựng, vận hành các nền tảng số của chính quyền; tạo kênh tương tác, giám sát, phản biện xã hội trực tuyến, góp phần hiện thực hóa quyền làm chủ trực tiếp của nhân dân ở cơ sở trong bối cảnhchuyển đổi sốquốc gia"".
Dự thảo Báo cáo tổng kết công tác xây dựng Đảng đã xác định rõ vai trò của Đoàn TNCS Hồ Chí Minh là ""đội dự bị tin cậy của Đảng"", là ""trường học XHCN"" của thanh niên, có vai trò nòng cốt trong phong trào thanh niên. Để Đoàn thực sự là hạt nhân chính trị, quy tụ và đoàn kết rộng rãi thanh niên, Dự thảo Văn kiện cần có định hướng cụ thể và mạnh mẽ hơn. Đổi mới tập hợp thanh niên không chỉ là thay đổi hình thức, mà là chuyển đổi tư duy: từ tập hợp theo mô hình hành chính sang theo nhu cầu, sở thích, ngành nghề; từ hoạt động bề nổi sang lợi ích thiết thực, hỗ trợ lập thân lập nghiệp; từ không gian thực sang làm chủ không gian mạng. Việc xây dựng ""mặt trận"" đoàn kết, tập hợp thanh niên trên không gian mạng để dẫn dắt, định hướng và bảo vệ thanh niên phải được xem là nhiệm vụ cấp bách.
Do đó, tôi kiến nghị, xem xét bổ sung nội dung về đổi mới phương thức hoạt động của các tổ chức chính trị - xã hội:""Đổi mới sâu sắc nội dung, phương thức hoạt động của Đoàn TNCS Hồ Chí Minh theo hướng hiện đại, tăng cường ứng dụng công nghệ số và làm chủ không gian mạng. Coi việc tập hợp, đoàn kết thanh niên thông qua việc đáp ứng lợi ích chính đáng và xây dựng ""sức đề kháng"" (định hướng, bảo vệ) thanh niên trước thông tin xấu độc, là nhiệm vụ trọng tâm để củng cố vững chắc khối đại đoàn kết toàn dân tộc ngay từ thế hệ trẻ"".
Dự thảo BCCT xác định các đột phá chiến lược, trong đó có ""tập trung phát triển nguồn nhân lực chất lượng cao"" và ""đột phá phát triển KH-CN, đổi mới sáng tạo"". Thanh niên, với trí tuệ, sức trẻ và khát vọng cống hiến, là lực lượng chủ lực để hiện thực hóa các đột phá này.
Cần xây dựng hệ sinh thái chính sách đồng bộ từ giáo dục phổ thông, giáo dục ĐH đến sau ĐH nhằm phát hiện, bồi dưỡng và trọng dụng nhân tài từ sớm. Cần có cơ chế đặt hàng thanh niên tham gia giải quyết các bài toán lớn của đất nước trong những lĩnh vực ưu tiên nhưchuyển đổi số, kinh tế xanh, kinh tế tuần hoàn, công nghệ sinh học, năng lượng mới; đồng thời hình thành hệ sinh thái khởi nghiệp đổi mới sáng tạo năng động, hiện đại để mọi ý tưởng của thanh niên đều có cơ hội được ươm mầm, góp phần đưa VN thoát khỏi bẫy thu nhập trung bình. Đây không chỉ là đầu tư cho thanh niên, mà là đầu tư cho tương lai đất nước.
Trong Dự thảo BCCT, tại Mục 2 ""Các đột phá chiến lược"", trong nhóm nội dung về phát triển nguồn nhân lực và KH-CN, đề nghị bổ sung định hướng chính sách cụ thể:""Xây dựng và triển khai Chiến lược quốc gia phát triển tài năng trẻ giai đoạn 2026 - 2035. Ban hành các chính sách vượt trội về đào tạo, bồi dưỡng, thu hút và trọng dụng nhân tài, đặc biệt là các chuyên gia trẻ, nhà khoa học trẻ. Tạo lập hệ sinh thái khởi nghiệp đổi mới sáng tạo quốc gia đồng bộ, hiện đại, lấy thanh niên, sinh viên làm trung tâm"".
Dự thảo Văn kiện xác định văn hóa phải trở thành ""sức mạnh nội sinh, động lực và hệ điều tiết phát triển đất nước"" và coi ""phát triển toàn diện con người VN"" là trung tâm của chiến lược phát triển. Trong định hướng đó, thanh niên không chỉ thụ hưởng mà phải là chủ thể sáng tạo, kế thừa và lan tỏa các giá trị văn hóa dân tộc. Một thế hệ trẻ phát triển toàn diện về đạo đức, trí tuệ, năng lực sáng tạo, thể lực và kỹ năng sống, có lòng yêu nước và khát vọng cống hiến là nền tảng tinh thần quan trọng để củng cố sức mạnh đại đoàn kết.
Trong bối cảnh hội nhập sâu rộng, thanh niên đứng trước cơ hội tiếp thu tinh hoa văn hóa thế giới và cả thách thức từ nguy cơ ""xâm lăng văn hóa"". Vì vậy, cần tạo điều kiện để thanh niên tham gia mạnh mẽ vào việc xây dựng và bảo vệ nền văn hóa VN tiên tiến, đậm đà bản sắc dân tộc; khuyến khích sáng tạo các sản phẩm văn hóa - nghệ thuật hiện đại nhưng mang đậm tâm hồn Việt, có sức lan tỏa trong nước và quốc tế. Qua đó, thanh niên trở thành những ""đại sứ văn hóa"", góp phần quảng bá hình ảnh đất nước, nâng cao sức mạnh mềm quốc gia và xây dựng ""sức đề kháng văn hóa"".
Từ đó, tôi kiến nghị, trong Dự thảo BCCT, tại Mục V ""Phát triển văn hóa và con người VN"", nhấn mạnh thêm:""Phát huy vai trò chủ thể của thanh niên trong việc bảo tồn, phát huy các giá trị văn hóa dân tộc và tiếp thu có chọn lọc tinh hoa văn hóa nhân loại. Tạo cơ chế khuyến khích, hỗ trợ các sản phẩm văn hóa, nghệ thuật của người trẻ có giá trị tư tưởng và nghệ thuật cao, góp phần định hình hệ giá trị và nâng cao sức đề kháng văn hóa cho thế hệ trẻ trong bối cảnh hội nhập quốc tế"".
Bên cạnh đó, cần cụ thể hóa vai trò thanh niên trong xây dựng nguồn nhân lực và tham gia bảo vệ nền tảng tư tưởng của Đảng trong bối cảnh mới. Cụ thể, bổ sung vào Dự thảo Chương trình hành động kèm BCCT nội dung:""Đổi mới mạnh mẽ nội dung, phương thức giáo dục lý luận chính trị, tư tưởng, đạo đức, lối sống, đặc biệt chú trọng xây dựng hệ thống và kỹ năng cho đội ngũ cán bộ, đảng viên trẻ và thanh niên; coi đây là trong công tác bảo vệ nền tảng tư tưởng của Đảng"".
Tôi kỳ vọng các ý kiến này sẽ được xem xét, góp phần làm cho các Văn kiện Đại hội XIV của Đảng sau khi ban hành sẽ thực sự đi vào cuộc sống, tiếp thêm nguồn sinh lực mới, cổ vũ mạnh mẽ tuổi trẻ cả nước hăng hái thi đua, xung kích, sáng tạo, góp phần xây dựng đất nước phồn vinh, hạnh phúc."
https://thanhnien.vn/dung-nham-lan-diem-xuat-phat-voi-tiem-nang-cua-ban-185251125192803254.htm,'Đừng nhầm lẫn điểm xuất phát với tiềm năng của bạn',"Được vinh danh là gương thi đua yêu nước TP.HCM giai đoạn 2020 - 2025, Sẩm Pí Diệu gây ấn tượng mạnh với bảng thành tích 'khủng' về công bố khoa học quốc tế và các giải thưởng AI.","Chàng sinh viên năm nhấtngành khoa học máy tính, Trường ĐH Khoa học tự nhiên TP.HCM này còn mang một triết lý sống và cống hiến sâu sắc: lấy chuyên môn cao làm tình nguyện, dùng công nghệ để giải quyết những vấn đề thực tiễn của đất nước, mang lại lợi ích cho cộng đồng.
Hành trình của Sẩm Pí Diệu với công nghệ bắt đầu từ sự tò mò rất đỗi học trò khi năm lớp 7, cậu bạn tình cờ thấy ""anh kia ngồi code Pascal. Anh ấy gõ trên máy giáo viên, em tưởng là ảnh sửa máy cho cô"". Khi biết đó là bài tập môn tin học cho học sinh, Diệu thấy hay hay và cũng xin cô cho học. Thế rồi niềm yêu thích lớn dần, đưa cậu đến với đội tuyển tin học lớp 9, bắt đầu làm quen với ngôn ngữ máy tính C++ và cứ thế học chuyên tin từ đó tới bây giờ.
Bên cạnh thành tích học tập và nghiên cứu ""khủng"", Sẩm Pí Diệu luôn nhiệt huyết tham gia những phong trào thanh niên
ẢNH: NVCC
Khác với nhiều bạn bè cùng lứa đi theo hướng ""lập trình thi đấu"" thuần túy, Diệu sớm rẽ sang con đường riêng là lập trình ứng dụng. Diệu chia sẻ luôn mong muốn làm điều gì đó để đóng góp hiệu quả cho xã hội, ngoài việc chỉ học kiến thức.
Cũng chính tinh thần ""ham vui"", thích khám phá này đã đưa Diệu đến với các hoạt động Đoàn - Hội. Chàng trai thật thà chia sẻ: ""Hồi lớp 6, lớp 7, em cứ đi học xong rồi về nên khá chán. Vậy nên khi đăng ký tham gia các đội nghi lễ, đội trống kèn hay phụ thầy cô xếp báo tuần, em thấy vui. Tham gia Đoàn - Hội cho em gặp được nhiều người hơn, có thể có kết nối với các anh chị khác, tham gia nhiều phong trào, sân chơi mới"".
Một trong những cơ hội đó chính là Hội thi Thử thách trítuệ nhân tạo(AI Challenge)TP.HCM, nơi Diệu đã giành cả giải nhất và nhì trong 2 năm liên tiếp. Đây cũng chính là bước đệm cho công bố khoa học quốc tế đầu tiên của Diệu.
Sau cuộc thi, Ban tổ chức và Hội đồng chuyên môn đã giới thiệu để Diệu và nhóm phát triển đề tài, nộp bài báo khoa học. Kết quả là bài kỷ yếu đăng trên tạp chí xếp hạng Scopus Q4 ra đời.
Khi được hỏi về ý nghĩa của công trình này, Diệu giải thích một cách vô cùng trực quan: ""Mọi người hãy tưởng tượng chúng ta có một video rất dài, ví dụ như một đoạn video camera đường phố kéo dài vài tiếng đến vài ngày và bây giờ các anh CSGT muốn tìm một vụ tai nạn. Theo cách truyền thống, mọi người sẽ phải tự xem và tìm, rất mất thời gian"".
Nghiên cứu của Diệu giải quyết đúng vấn đề đó. ""Chúng em đã xây dựng một hệ thống giống như một phòng họp trực tuyến dành riêng cho việc tìm kiếm video. Tại đây, nhiều người có thể cùng lúc vào tìm kiếm và khi một người tìm thấy một đoạn video quan trọng, kết quả đó sẽ ngay lập tức hiện lên màn hình của tất cả mọi người khác"", cậu bạn lý giải.
Sẩm Pí Diệu nhận bảo trợ Tài năng trẻ TP.HCM năm 2024
ẢNH: NVCC
Điểm đặc biệt là hệ thống hoạt động ""thời gian thực"" nhờ công nghệ WebSocket, giống như ""một đường dây nóng liên tục"". Đề tài này có thể ứng dụng ngay cho các nhà đài, phóng viên tìm kiếm tư liệu hoặc hỗ trợ CSGT kiểm tra camera giám sát, tăng tốc độ tìm kiếm lên nhiều lần.
Không dừng lại ở đó, Diệu còn đang ấp ủ một dự án mới trong khuôn khổ cuộc thi Hành trình ""Bản lĩnh hạt giống xanh"" của Trường ĐH Khoa học tự nhiên TP.HCM. Diệu và nhóm đang nghiên cứu làm một mô hình ""game TVC tương tác tuyên truyền pháp luật"".
Nhận thấy các màn hình TVC trong thang máy hay tại khu vực chờ thường chỉ phát quảng cáo lặp đi lặp lại nên nhóm của Diệu muốn biến chúng thành một trò chơi tương tác, nơi người xem có thể trả lời các câu hỏi tình huống pháp luật (như các luật về giao thông, thanh niên, bầu cử đại biểu Quốc hội và HĐND các cấp…). Mục tiêu là để ""pháp luật tiếp cận các bạn trẻ"", thay vì các bạn trẻ phải chủ động tìm hiểu một lĩnh vực thường bị coi là khô khan.
Từ sự tò mò ban đầu, Sẩm Pí Diệu nhất quán với mục tiêu dùng công nghệ để tạo ra các sản phẩm có thể ứng dụng cho cộng đồng. Cứ thế, bảng thành tích của Diệu dài thêm mỗi ngày: Bằng khen của T.Ư Đoàn, Thành đoàn TP.HCM, Bộ GD-ĐT, Huy hiệu Tuổi trẻ sáng tạo và gần đây nhất là danh hiệu Tài năng trẻ TP.HCM năm 2024.
Để có thể vừa duy trì thành tích học tập, vừa làm nghiên cứu khoa học, vừa tham gia công tác Đoàn - Hội, bí quyết của Diệu nằm ở sắp xếp thời gian và tuân thủ kỷ luật thép trong việc lập kế hoạch. Diệu chia sẻ: ""Em kiểm tra xem thời gian tổ chức có trùng với lịch mình thi giữa kỳ, cuối kỳ không. Và em xác định mặc dù không phải hoạt động nào mình cũng tham gia nhưng khi tham gia thì phải có chất lượng"". Diệu luôn lập kế hoạch chi tiết, chuẩn bị từ sớm để ""tránh dồn công việc, deadline vào gần cuối"" với tâm niệm ""nhiệm vụ chính trị của học sinh - sinh viên, trách nhiệm quan trọng nhất vẫn là việc học trên trường lớp"".
Khi được hỏi về động lực thi đua, Diệu có một cách nhìn rất thú vị, đó là thường xuyên theo dõi thành tích của các anh chị, bạn bè. ""Em thường thấy anh chị, bạn bè hay cả những em nhỏ hơn mình đạt được những thành tích đáng nể. Ai được vinh danh hay đạt danh hiệu gì, em đều xem và lấy đó làm động lực để cố gắng hơn. Em luôn nghĩ ""núi cao còn có núi cao hơn"", nên lúc nào cũng tìm những người giỏi hơn để học hỏi, phấn đấu theo"", Diệu chia sẻ.
Tầm nhìn của Diệu không chỉ dừng lại ở chinh phục các cuộc thi. Chàng trai có định hướng rõ ràng về việc ứng dụng trí tuệ nhân tạo (AI) vào thực tiễn tại Việt Nam. Một là trong lĩnh vực y tế, y sinh, nơi AI có thể hỗ trợ bác sĩ trong chẩn đoán bệnh. Hai là ở khía cạnh công nghệ, Diệu muốn giải quyết bài toán lớn hiện nay: ""Phần lớn các thiết bị chạy được AI đều cần phần cứng rất mạnh nên em mong có thể phát triển những mô hình AI hoạt động trên thiết bị nhỏ gọn, để mang lợi ích của công nghệ đến với nhiều người hơn"".
Đúc kết hành trình của mình, Diệu chia sẻ một cách chân thành: ""Đừng bao giờ nhầm lẫn điểm xuất phát của bạn với tiềm năng của bạn. Mọi người hãy bắt đầu từ những điều nhỏ nhất, từ các bài tập, đồ án trên lớp..., đừng ngại thử sức để biết được bản thân có thể đi xa đến đâu"".
Sẩm Pí Diệu là một trong 478 gương điển hình tiên tiến trong phong trào thi đua yêu nước giai đoạn 2020 - 2025 của TP.HCM và là thành viên đoàn đại biểu của thành phố dự Đại hội Thi đua yêu nước lần thứ XI vào tháng 12 tới.
"
https://thanhnien.vn/triet-ly-lam-nong-tu-te-18525120718280714.htm,Triết lý làm nông tử tế,"Không chấp nhận sự nhập nhèm của thị trường ""rau sạch - rau bẩn"", ông Mai Văn Khánh cùng cộng sự kiên trì xây dựng một mô hình nông nghiệp tử tế. RASAFOOD trở thành cầu nối giữa nông dân và người tiêu dùng, giữa cái tâm làm nghề và niềm tin trên bàn ăn của mỗi gia đình.","Hợp tác xã(HTX) RASAFOOD (xã Đông Thạnh, TP.HCM) được thành lập năm 2018, tiền thân là những tổ hợp tác nhỏ lẻ. Ông Mai Văn Khánh, Giám đốc HTX, nhớ lại những ngày đầu khởi nghiệp với một nỗi niềm chưa bao giờ nguôi ngoai: ""Cách đây khoảng 4 - 5 năm, báo chí liên tục phản ánh nạn rau bẩn trà trộn vào rau sạch, niềm tin củangười tiêu dùnglung lay dữ dội. Người tiêu dùng hoang mang, không biết đâu là thật, đâu là giả. Ra chợ, rau an toàn cũng bị đánh đồng giá với rau không rõ nguồn gốc"".
Ông Mai Văn Khánh, Giám đốc HTX RASAFOOD, với triết lý làm nông nghiệp tử tế
ẢNH: NGUYỄN SỰ
Chính sự nhập nhèm đó đã thôi thúc ông và cộng sự phải làm một điều gì đó khác biệt. Không chỉ đơn thuần là kinh doanh, mục tiêu ban đầu của họ rất giản dị: phục vụ sức khỏe cho chính gia đình mình trước, sau đó là khẳng định giá trị thật của nông sản vớicộng đồng.
Từ 7 thành viên ban đầu, đến nay HTX đã kết nạp được 12 thành viên chính thức. Bên cạnh đó, đơn vị cũng khảo sát, liên kết với khoảng 100 hộ dân trồng rau tại các xã lân cận đồng thời liên kết sản xuất và bao tiêu cho 5 tổ hợp tác vệ tinh.
Tuy nhiên, để thuyết phục được những người nông dân vốn quen với tập quán canh tác truyền thống chuyển sang làm nông nghiệp sạch là một ""cuộc chiến"" về tư tưởng không hề dễ dàng. Ông Khánh thừa nhận những câu hỏi đầu tiên mà bà con luôn đặt ra là: ""Các anh có bao tiêu không?"", ""Có mua hết không?"".
Thay vì hứa hẹn, Ban giám đốc HTX chọn cách tiếp cận bằng bài toán kinh tế. Ông Khánh phân tích cho bà con thấy: nếu canh tác truyền thống trên 1.000 m2, chi phí đầu tư cho giống,phân bón hóa họccó thể lên tới 50 triệu đồng. Nhưng khi áp dụng quy trình công nghệ cao, sử dụng chế phẩm sinh học của HTX, chi phí giảm xuống chỉ còn khoảng 40 triệu đồng. Người nông dân ngay lập tức lợi được 10 triệu đồng chi phí vật tư, chưa kể năng suất tăng và hạn chế sâu bệnh.
Giá trị cốt lõi cuối cùng chúng tôi mang lại không chỉ là bó rau mà là niềm tin và sự an toàn cho bữa cơm của mỗi gia đình Việt.
""Chúng tôi nói với bà con: Muốn bán giá tốt thì trước hết phải làm chuẩn. Nếu làm chưa chuẩn mà đòi hỏi bao tiêu hết thì không thể đáp ứng được. Bà con cứ làm chuẩn, chắc chắn chúng tôi sẽ mua chuẩn"", ông Khánh nói.
Để minh bạch hóa quy trình, RASAFOOD áp dụng triệt để việc truy xuất nguồn gốc. Trong thời đại công nghệ số, chỉ cần một chiếc điện thoại thông minh quét mã QR là người tiêu dùng có thể biết chính xác lô rau đó được trồng ngày nào, quy hoạch bao nhiêu, thu hoạch khi nào. Đây chính là ""tấm vé thông hành"" giúp rau của HTX được xuất hiện tại các bếp ăn công nghiệp, trường học và siêu thị lớn.
Điểm sáng tạo nhất trong mô hình sản xuất của RASAFOOD chính là sự trân trọng đối với môi trường. Nhận thức rõ làm rau sạch mà đất không sạch thì sản phẩm không thể an toàn, HTX đã triển khai mạnh mẽ chương trình ""Hãy trả lại cho đất"".
Thay vì lạm dụng phân bón hóa học khiến đất đai bạc màu, HTX hướng dẫn xã viên tận dụng chính những phế phẩm nông nghiệp (rau già, lá úa, gốc rễ sau thu hoạch) để ủ làm phân vi sinh kết hợp với vi sinh vật hữu cơ. Quy trình này tạo ra một vòng tuần hoàn khép kín: rau nuôi đất, đất nuôi cây.
Ông Khánh chia sẻ: ""Nông nghiệp sạch phải sạch từ đất. Chương trình này vừa giúp bảo vệ môi trường sinh thái, vừa giúp bà con tiết kiệm chi phí phân bón, cải tạo chất lượng đất trồng về lâu dài"".
Bên cạnh liên kết các nông dân, RASAFOOD còn hướng dẫn cách làm nông nghiệp hữu cơ bền vững
ẢNH: NVCC
Bên cạnh đó, HTX mạnh dạn đầu tư hệ thống nhà màng, hệ thống tưới tiêu tự động tiết kiệm nước. Nhờ ứng dụng công nghệ cao, RASAFOOD không chỉ giảm thiểu công lao động chân tay cho xã viên mà còn duy trì được năng suất ổn định ngay cả trong những điều kiện thời tiết bất lợi. Kết quả, sản phẩm cải thìa của HTX đã vinh dự đạt chứng nhận OCOP 3 sao của TP.HCM.
Giai đoạn 2021 - 2025 là thời điểm đầy thử thách vì đại dịchCovid-19nhưng cũng chính trong hoàn cảnh này, vai trò của mô hình kinh tế tập thể như RASAFOOD lại càng được khẳng định. HTX đã linh hoạt tổ chức sản xuất, duy trì chuỗi cung ứng không bị đứt gãy, đảm bảo rau sạch đến tay người dân TP.HCM trong những ngày giãn cách.
Không chỉ lo đầu ra, HTX còn đóng vai trò ""cầu nối"" giữa người dân và chính quyền. Đơn vị chủ động phối hợp với các cấp, ngành mở lớp đào tạo nghề, hướng dẫn nông dân chuyển đổi từ các mô hình chăn nuôi, trồng trọt kém hiệu quả sang trồng nấm, rau mầm, cải baby... Những mô hình này không chỉ tận dụng được lao động nhàn rỗi mà còn góp phần tăng thu nhập, xóa đói giảm nghèo theo các tiêu chí nông thôn mới.
Về hiệu quả kinh doanh, dù đang trong giai đoạn tái đầu tư và mở rộng vùng trồng mới, RASAFOOD vẫn duy trì được đà tăng trưởng. Năm 2024, HTX tiêu thụ khoảng 10 tấn rau. Riêng 6 tháng đầu năm 2025 đã đạt 5 tấn (56,3% kế hoạch) và dự kiến hoàn thành 97% chỉ tiêu vào cuối năm.
Nhận thấy tiềm năng của thương mại điện tử, dù đã từng thử nghiệm trên các sàn khác nhau nhưng ông Khánh nhận định rau tươi vẫn gặp khó khăn trong khâu vận chuyển. Do đó, chiến lược sắp tới của HTX là xây dựng một ""sân chơi"" chung cho các sản phẩm OCOP.
""Chúng tôi muốn quy tụ sản phẩm OCOP của các vùng miền về cửa hàng của HTX. Người dân thành phố không cần đi du lịch xa vẫn có thể mua được đặc sản chuẩn vị"", ông Khánh chia sẻ. Hiện tại, HTX đã mở cửa hàng kinh doanh trực tiếp để vừa giới thiệu sản phẩm, vừa tăng giá trị gia tăng.
Về sản xuất, RASAFOOD đang mở rộng địa bàn ở 2 xã Xuân Thới Sơn và xã Đông Thạnh (TP.HCM) với mô hình trồng cây ăn trái quy mô 5.000 m2, dự kiến triển khai trong tháng 12.2025.
Từ những bài học kinh nghiệm về phát huy sức mạnh tập thể, minh bạch hóa quy trình và ứng dụng khoa học kỹ thuật, HTX RASAFOOD đã và đang chứng minh rằng: nông nghiệp đô thị không phải là ngõ cụt. Trái lại, nó là một ""mỏ vàng"" nếu biết khai thác bằng tư duy hiện đại và cái tâm tử tế.
Ông Mai Văn Khánh đúc kết: ""Giá trị cốt lõi cuối cùng chúng tôi mang lại không chỉ là bó rau mà là niềm tin và sự an toàn cho bữa cơm của mỗi gia đình Việt"".
HTX RASAFOOD là một trong 478 gương điển hình tiên tiến trong phong trào thi đua yêu nước giai đoạn 2020 - 2025 của TP.HCM và là thành viên đoàn đại biểu của thành phố dự Đại hội Thi đua yêu nước lần thứ XI vào tháng 12 tới."
https://thanhnien.vn/chung-dong-mau-lac-hong-anh-den-giua-thung-lung-ha-la-ha-185251209171111389.htm,Chung dòng máu Lạc Hồng: Ánh đèn giữa thung lũng Ha Lá Hạ,"Trong căn phòng nhỏ nép mình dưới thung lũng Ha Lá Hạ (xã Bác Ái, tỉnh Khánh Hòa), ánh đèn bàn mỗi tối luôn sáng đến khuya muộn. Bên dưới ánh sáng vàng dịu ấy, Chamaléa Thị Lý - cô gái Raglai 22 tuổi kiên nhẫn cắt từng con vật bằng giấy màu, viết lại từng dòng kịch bản nhỏ để mai kể chuyện cho học trò mầm non.","Nhìn Lý chăm chú bên chiếc bàn gỗ cũ, ít ai biếtcon đường học vấncủa cô từng đứng trước viễn cảnh dở dang. Ít ai hiểu rằng nghị lực hôm nay được đắp bồi từ những ngày tháng lặng lẽ chiến đấu với định kiến, với cái nghèo và cả sự hoài nghi.
Lý sinh ra trong một gia đình Raglai nghèo có hai chị em. Bữa cơm quanh năm chỉ khiêm tốn vài củ sắn, ít rau rừng, đôi khi có thêm mẻ bắp nướng. Trong cộng đồng, việc con gái học cao không phải là điều phổ biến. Người ta thường bảo biết làm nương, biết vun bếp, rồi lấy chồng, sinh con là đủ.
Cô giáo mầm non Chamaléa Thị Lý luôn ân cần bên giấc ngủ trẻ thơ
ẢNH: T.L
Cô giáo mầm non Chamaléa Thị Lý luôn ân cần bên giấc ngủ trẻ thơ
ẢNH: H.L
Bạn bè cùng trang lứa của Lý, nhiều người rẽ ngang từ sớm. Mới 16, 17 tuổi, một số em gái đã lập gia đình; vài bạn khác theo cha mẹ lên rẫy, rồi không quay lại lớp nữa. Lý thì khác, mỗi khi nhìn thấy ánh mắt thầy cô, hoặc chạm vào một quyển sách mới thơm mùi giấy, cô cảm thấy thế giới rộng ra thêm chút nữa. Rộng vừa đủ để nhen lên một ước mơ, rằng mình có thể đi xa hơn khỏi ngôi làng dựa lưng vào núi.
Tốt nghiệp THPT, Lý đứng trước lựa chọn khó khăn: nghỉ học để đỡ đần gia đình hay tiếp tục theo học cao đẳng sư phạm ở Nha Trang. Khi báo tin cho cha, căn nhà nhỏ lập tức rơi vào khoảng lặng, pha chút căng thẳng. Cha cô nói: ""Có tiền thì tự lo, nhà mình không chu cấp nổi nữa đâu"".
Những ngày sau, Lý ngồi một mình bên chiếc hộp gỗ cũ, nhìn sợi dây chuyền - món quà mà bà ngoại dành dụm trong nhiều năm rong ruổi qua nhiều quả đồi nắng gió chăn thả dê mới đủ tiền sắm cho cháu. Lý nghĩ đến việc bán nó để lấy tiền nhập học, sau đó chuộc lại mà lòng day dứt, đấu tranh với quyết định chính mình. May mắn thay, người chú đang làm thuê ở Bình Dương biết chuyện, gọi về bảo cứ đi học đi, chú giúp phần đầu. Lời nói ấy như chiếc phao cứu sinh, mở ra cánh cửa đến ước mơ với Lý.
Đợt dịch Covid-19, Lý gặp muôn vàn khó khăn khi chuyển sang học trực tuyến. Không có máy tính như bạn bè, em chỉ có chiếc điện thoại cũ làm ""lớp học di động"". Lý kể sống trong căn nhà đơn sơ của bà ngoại, em thường phải đổi vị trí bắt sóng. Lúc đứng sát cửa sổ, lúc ngồi ngoài hiên gió lộng. Có hôm mạng quay mãi, em chỉ nghe được nửa câu của thầy, nhưng vẫn cố ghi chép từng chữ.
Khi dịch bệnh được kiểm soát, Lý trở lại Nha Trang tiếp tục học trực tiếp. Chi phí trọ, tiền ăn khiến em luôn phải tính toán chắt chiu, vừa học vừa tìm việc làm thêm để phụ gia đình. Trong lúc chạy khắp nơi xin việc để có chút thu nhập trang trải qua ngày, Lý bất ngờ nhận tin vui: bước sang năm hai, các khoản học phí của sinh viên là con em đồng bào thiểu số được Nhà nước hỗ trợ tối đa. Với em, đó chẳng khác nào chiếc phao cứu sinh lần nữa, giúp hành trình đến trường bớt gánh nặng.
Lý đèn sách ngày đêm vừa soạn giáo án vừa trau dồi kiến thức để học lên đại học
ẢNH: T.L
Năm 2024, tốt nghiệp cao đẳng, Lý xin về công tác tại Trường mầm non xã Phước Thắng, H.Bác Ái, Ninh Thuận cũ (nay là xã Bác Ái, Khánh Hòa). Ngày đầu đứng lớp, cô giáo trẻ hơi run. Những đứa trẻ Raglai còn nhỏ xíu, tóc rối, mắt long lanh nhìn cô. Nhiều em chưa biết nói tiếng Kinh, chỉ gọi bố mẹ bằng tiếng Raglai. ""Các bé khóc nhiều, khóc đến đỏ cả mắt. Em cũng lúng túng theo"", Lý nhớ lại.
Nhưng chính sự ngơ ngác ấy khiến cô thấy hình ảnh mình thuở nhỏ, đứa bé từng lạ lẫm với thế giới bên ngoài thôn làng. Cô bắt đầu dạy xen kẽ tiếng Raglai và tiếng Kinh, hát dân ca Raglai rồi chuyển sang các giai điệu trong sách giáo khoa; cô kể chuyện bằng hai thứ tiếng để các em thấy việc học trở nên quen thuộc, gần gũi hơn.
Chỉ sau vài tháng, tiếng khóc giảm dần, thay vào đó là những tiếng gọi ""Cô ơi"" bập bẹ. Mỗi lần nghe một bé phát âm câu mới, lòng Lý như nở hoa. Có lẽ, đó là phần thưởng lớn nhất của nghề giáomầm non.
Cô Huỳnh Thị Tuyết Hoa, Hiệu trưởng Trường mầm non Phước Thắng, cho biết cô Lý có tinh thần trách nhiệm, luôn gần gũi, thân thiện với học sinh; có lợi thế trong giao tiếp tiếng địa phương, hỗ trợ tốt cho trẻ trong học tập và sinh hoạt. ""Cô rất tích cực tham gia các hoạt động phong trào của trường và cộng đồng, có ý thức xây dựngmôi trường giáo dụcthân thiện, thái độ làm việc nghiêm túc, cầu tiến…"", cô Hoa chia sẻ và khẳng định chuyên môn của Lý đáp ứng yêu cầu và hơn hết là có khả năng gắn bó lâu dài với nhà trường.
Ngoài giờ dạy, Lý tham gia hầu hết các phong trào của trường và xã, từ văn nghệ, tuyên truyền phòng chống bạo lực trẻ em đến tình nguyện ở thôn xa. Cô muốn trẻ em Raglai được nhìn thấy nhiều điều mới, để hiểu rằng thế giới rộng lớn và ai cũng có quyền mơ ước.
Cô giáo trẻ Chamaléa Thị Lý hồn nhiên cùng lũ trẻ tại trường mầm non
ẢNH: T.L
Bà ngoại luôn là điểm tựa tinh thần lớn lao của cô giáo Chamaléa Thị Lý
ẢNH: T.L
Điều khiến Lý trăn trở nhất là chuyện nghỉ học sớm. Trong thôn, nhiều gia đình vẫn giữ quan niệm cũ: con gái lớn là nghĩ đến chuyện gả chồng, con trai theo cha lên núi. Khi có bé hay nghỉ học, cô đến tận nhà hỏi han, đi cả mấy cây số đường đất, qua dốc trơn trượt, chỉ để thuyết phục phụ huynh cho con trở lại lớp. Một học sinh bị ốm, cô mang chút cháo đến, ngồi chơi với bé cho đến khi bé ngủ.
Gia đình là điểm tựa tinh thần lớn nhất của Lý. Bà ngoại luôn bên cạnh, cha cô giờ hay đứng trước sân mỗi sáng nhìn con đi dạy, hay đón con vui trở về sau khi nắng chiều đã khuất núi. Lương tháng ít ỏi, Lý luôn dành một phần mua cho người thân những món quà nhỏ. ""Cha ít nói. Có lần nhận lương em ra tiệm mua tặng cha chiếc áo mới, cha nhíu mày nói mua làm gì cho tốn kém. Hôm sau, em trộm thấy cha mặc chiếc áo mới đi dự một tiệc lớn trong thôn. Thầm nghĩ, cha không nói ra nhưng đã thừa nhận con đường em chọn"", Lý rưng rưng kể.
Câu chuyện của Lý đã truyền cảm hứng cho nhiều bé gái Raglai. Những bà mẹ từng bảo con gái ""học nhiều làm gì"" nay bắt đầu hỏi Lý về hồ sơ nhập học, lớp bán trú, học phí. ""Em không nghĩ mình làm gì lớn lao. Chỉ là nếu sự cố gắng của em khiến một đứa trẻ muốn đến lớp hơn, vậy đã là quá đủ"", Lý nhẹ giọng và lặng đi đôi chút.
Buổi trưa, khi nhiều bé đã chìm vào giấc ngủ, Lý tranh thủ chỉnh lại chiếc chăn hụt khỏi chân một em nhỏ, rồi khe khẽ dỗ dành bé trai bên cạnh vừa trở mình. Những đứa trẻ thức giấc sớm hơn thì ríu rít chạy quanh cô như chim non tìm hơi ấm. Nhìn cảnh ấy, người ta hiểu rằng đằng sau hành trình vượt thoát định kiến của Lý không chỉ là nỗ lực cá nhân, mà còn là mong mỏi góp phần đổi thay cả cộng đồng.
Từ cô bé từng bị cho là ""không cần học nhiều"", Lý đã trở thành ngườigieo chữcho những mầm nhỏ Raglai. Với mức lương chỉ hơn 4 triệu đồng/tháng, cô vẫn quyết tâm đăng ký chờ học liên thông lên đại học. Hành trình của cô là lời nhắc nhở rằng tri thức có thể mở đường, làm dịu những câu chuyện buồn của nghèo khó, làm sáng bừng đôi mắt trẻ thơ.
Ngôi làng Ha Lá Hạ giờ đây không chỉ là nơi cô bé Lý từng lớn lên mà còn là nơi gieo mầm tri thức cho những thế hệ tiếp theo. Và ánh đèn bàn trong căn phòng nhỏ kia không chỉ soi trang giáo án, mà còn soi hành trình của một cô gái Raglai đang âm thầm tạo nên những đổi thay bền bỉ cho quê hương mình."
https://thanhnien.vn/chung-dong-mau-lac-hong-ca-phe-triu-hat-ben-cot-moc-bien-gioi-dak-lao-185251206214139478.htm,Chung dòng máu Lạc Hồng: Cà phê trĩu hạt bên cột mốc biên giới Đắk Lao,"Những vườn cà phê xanh ngút ngàn dưới chân cột mốc biên giới Đắk Lao (xã Thuận An, Lâm Đồng) đang viết tiếp câu chuyện ấm no của đồng bào vùng đất đỏ ba-zan, nơi mà mỗi người dân đều là một 'cột mốc sống' giữ bình yên Tổ quốc.","Sáng sớm một ngày giữa tháng 11, theo chân thiếu tá Nguyễn Xuân Mạnh, cán bộ Đồn biên phòng Đắk Lao, chúng tôi men theo con đường tuần tra chạy dọc đường biên VN - Campuchia. Nắng lên chậm, trải vàng lên từng vạt đồi, nơi những vườncà phê, hồ tiêu, ca cao... đua nhau xanh thẫm. ""Đất này trồng gì cũng lên"", thiếu tá Mạnh cười đầy tự hào, cho biết anh mới về đồn được 1 năm, nhưng đã thấy ngay sức sống phì nhiêu của vùng đất này, thứ đất đỏ ba-zan mà chỉ cần thả hạt xuống là cây lớn nhanh như được chắp sức.
Cột mốc 49 (thuộc thôn biên giới Đắk Kim, xã Thuận An, tỉnh Lâm Đồng; trước đây thuộc xã Đắk Lao, H.Đắk Mil,Đắk Nông) hiện ra giữa nền trời trong veo. Ngay cạnh đó là vườn cà phê hơn 2 ha của chị Nguyễn Thị Hà đang vào mùa quả chín. Những chùmcà phêđỏ mọng, nặng trĩu đung đưa theo gió.
Chị Hà chăm sóc vườn cà phê trong phạm vi cột mốc chủ quyền số 49
ẢNH: QUỐC HANH
Nhà chị Hà nằm ven QL24, nhưng vào đây làm rẫy trồng cà phê. Chị vừa cắt tỉa những cành thấp vừa khoe: ""Chừng nửa tháng nữa là thu hoạch. Năm nay được mùa, được giá, chắc gia đình tôi thu khoảng 8 tấn cà phê nhân. Với giá hơn 120.000 đồng/kg, gia đình tôi thu được khoảng hơn 1 tỉ đồng"".
Đó cũng là mức thu nhập trung bình của cư dân nơi đây, những người gắn bó cả đời với vành đai biên giới. Chị Hà kể thêm, vườn cà phê gần 3 ha của người chị gái, chỉ cách vài bước chân, năm nay phải thu đến hơn 10 tấn.
Chỉ sang bên kia con suối là rừng cao su của nước bạn Campuchia, thiếu tá Mạnh nói: ""Toàn bộ những vườn bên này là của bà con thôn Đắk Kim, còn kia là đất của bạn. Bà con mình trồng cà phê sát biên luôn"".
Chúng tôi ghé thăm rẫy cà phê của anh Lê Khắc Thế, quê Hà Tĩnh, người đã gắn bó hơn 20 năm với vùng đất này. Từ cảnh đi làm thuê, vợ chồng anh tích góp mua được 1 ha đất, rồi thêm 1 ha nữa. Vườn mới trồng 5 năm đã sai trái đến mức cành cong oằn.
""Năm nay cà phê ở đây đặc biệt được mùa. Nhờ 2 ha cà phê này mà vợ chồng tôi đã nuôi được hai con học đại học ở TP.HCM. Đứa lớn đi làm rồi, đứa nhỏ đang học năm hai. Bình quân mỗi năm nhà tôi còn dư gần 1 tỉ đồng. Dù chưa giàu, nhưng cuộc sống gia đình ổn định, con cái được học hành bài bản, có công ăn việc làm"", anh Thế chia sẻ, ánh mắt đầy mãn nguyện.
Theo thiếu tá Nguyễn Xuân Nguyên, cán bộ Đồn biên phòng Đắk Lao, không chỉ là nông dân giỏi, anh Lê Khắc Thế còn là tổ trưởng tổ tự quản, ""cánh tay nối dài"" của đồn biên phòng trong công tác giữ gìn an ninh biên giới.
Ở thôn Đắk Kim, gần 300 hộ dân sống nhờ cây cà phê dọc biên giới Campuchia. Không còn hộ nghèo, không còn những căn lều tạm bợ, thay vào đó là những ngôi nhà vững chãi, những vườn cà phê xanh thẫm, minh chứng rõ nhất cho cuộc sống ấm no nơi đây. Nhờ bộ đội biên phòng hỗ trợ làm ăn, 9 tổ tự quản của thôn Đắk Kim đều tham gia tuần tra an ninh biên giới. ""Chúng tôi nghĩ rằng giữ vững an ninh biên giới tức là giữ vững cuộc sống làm ăn của bà con mình"", anh Lê Khắc Thế chia sẻ.
Rời Đắk Lao, thiếu tá Nguyễn Xuân Nguyên đưa chúng tôi đến Đồn biên phòng Đắk M'Bai (đồn 757), cách đó hơn 12 km. Đường tuần tra bê tông phẳng lì, hai bên là những hàng cà phê và hồ tiêu xanh mướt như kéo dài đến tận cuối chân trời. Muốn vào đồn phải đi qua trạm kiểm soát, nơi lực lượng biên phòng kết hợp với chủ rừng bảo vệ nghiêm ngặt vùng rừng phòng hộ.
Thiếu tá Nguyễn Xuân Mạnh bên cột mốc chủ quyền biên giới số 49, phía sau là nước bạn Campuchia
ẢNH: QUỐC HANH
Trung tá Trần Mạnh Hoàng, Phó đồn trưởng Đồn biên phòng Đắk M'Bai, đón chúng tôi tại một điểm giáp ranh. Đây là nơi đặt cột mốc 48/24 (2), còn gọi là cột mốc phụ 48. Phía bên kia con suối là cột mốc 48/24 (1) của Campuchia.
""Đơn vị chúng tôi quản lý 12 km đường biên, với 9 cột mốc phụ. Đây là những mốc giới thiêng liêng, bất khả xâm phạm"", trung tá Hoàng nói.
Khác với Đắk Lao có đông dân cư, khu vực Đắk M'Bai gần như không có dân sinh sống. Chỉ có 25 hộ đồng bào M'Nông ở bon Sa Pa và Bu Đắk vào làm rẫy ban ngày rồi tối về nhà. Mùa thu hoạch, họ ngủ lại trong những căn chòi tạm nhưng vẫn tuân thủ nghiêm việc không vượt qua suối, là ranh giới hai nước. ""Bà con ở đây chưa bao giờ vi phạm. Họ chính là những cột mốc sống cùng chúng tôi giữ bình yên biên giới"", trung tá Hoàng chia sẻ.
Còn trung tá Phạm Xuân Phương, Đồn trưởng Đồn biên phòng Đắk Lao, cho biết đơn vị phụ trách 11,8 km đường biên với gần 2.000 hộ dân, hơn 9.000 nhân khẩu. Bà con sống dọc vành đai biên giới nên mỗi người là một ""nòng cốt biên giới"", cùng bộ đội tuần tra, canh gác.
Theo trung tá Phương, ở Đắk Lao có mô hình ""tổ tự quản biên giới"", hoạt động khá hiệu quả trong công tác an ninh trật tự, phòng chống các loại tội phạm, đặc biệt là tội phạm vùng biên giới. ""Chúng tôi thường xuyên phối hợp và được các tổ trưởng tổ tự quản, hay người có uy tín trong dân giúp đỡ. Bộ đội như có ""tai mắt"" nên vùng biên mà chúng tôi tuần tra, kiểm soát chưa từng xảy ra bất cứ chuyện gì về mất an ninh trật tự"", trung tá Phương kể.
Bí thư Đảng ủy xã Thuận An Lê Văn Hoàng (nguyên Chủ tịch UBND H.Đắk Mil, Đắk Nông cũ) cho biết xã Thuận An được sáp nhập từ xã Đắk Lao và Thuận An cũ, có hơn 60 km đường vành đai biên giới. ""Vừa rồi, xã khởi công trường nội trú liên cấp cho học sinh vùng biên, Phó thủ tướng Hồ Đức Phớc cũng về dự. Bà con mừng lắm. Đó là sự quan tâm sâu sắc của Đảng và Nhà nước dành cho vùng biên giới"", ông Hoàng nói.
Anh Lê Khắc Thế đưa thiếu tá Nguyễn Xuân Nguyên tham quan vườn cà phê xanh tốt của mình
ẢNH: QUỐC HANH
Toàn xã có 22.600 dân, nhưng chỉ còn gần 40 hộ nghèo, chiếm 0,75%. Trên địa bàn có 4 đồn biên phòng, phối hợp chặt chẽ với chính quyền giữ vững từng cột mốc biên cương. Và cũng chính dọc những tuyến biên giới này, cà phê của bà con trồng xanh thẫm, trĩu hạt, phản chiếu một cuộc sống đủ đầy. Sự bình yên vùng biên giới Đắk Lao góp phần cho cây cà phê thêm xanh và trĩu quả, đưa cuộc sống người dân vùng biên giới này thay da đổi thịt từng ngày.
Nhìn những vườn cà phê nối dài đến tận chân trời, người ta hiểu vì sao vùng biên giới Đắk Lao hôm nay ngày một khởi sắc. Bình yên được giữ vững, no ấm được vun trồng, tất cả hòa thành dòng chảy lặng mà mạnh, làm nên sức sống mới cho miền biên viễn. Và người Đắk Lao, với bàn tay chai sạm và ánh nhìn hiền hậu, vẫn ngày ngày làm công việc quen thuộc, giữ đất, giữ rẫy, giữ biên cương để màu xanh của cuộc sống mãi ở lại trên dải đất này."
https://thanhnien.vn/dai-hoi-dai-bieu-mttq-vn-tphcm-cau-noi-vung-chac-quy-tu-suc-manh-nhan-dan-185251130193435782.htm,Đại hội đại biểu MTTQ VN TP.HCM: Cầu nối vững chắc quy tụ sức mạnh nhân dân,"Đại hội đại biểu MTTQ VN TP.HCM lần thứ I, nhiệm kỳ 2025 - 2030 mở ra tầm nhìn mới, xây dựng MTTQ như một trung tâm kết nối tinh hoa xã hội, nơi tiếng nói của nhân dân được lắng nghe đầy đủ và phản hồi minh bạch.","Ngày 30.11, Đại hội đại biểu MTTQ VN TP.HCM lần thứ I, nhiệm kỳ 2025 - 2030 diễn ra phiên trọng thể và bế mạc. Tham dự đại hội có nguyên Chủ tịch nước Nguyễn Minh Triết; nguyên Chủ tịch Ủy ban T.Ư MTTQ VN Huỳnh Đảm; Bí thư Thành ủy TP.HCM Trần Lưu Quang; Phó chủ tịch, Tổng thư ký Ủy ban T.Ư MTTQ VN Nguyễn Thị Thu Hà; Trưởng ban Chính sách, chiến lược T.Ư Nguyễn Thanh Nghị; Chủ nhiệm Ủy ban Kinh tế - Tài chính Quốc hội Phan Văn Mãi; Phó bí thư Thường trực Thành ủy TP.HCM Lê Quốc Phong; Chủ tịch UBND TP.HCM Nguyễn Văn Được cùng lãnh đạo TP.HCM, lãnh đạo sở ngành thành phố, các mẹ VN anh hùng cùng 500 đại biểu chính thức và 380 đại biểu khách mời.
Đại hội đã nghe báo cáo kết quả phiên làm việc thứ nhất và nội dung tổng kết nhiệm kỳ 2024 - 2029 của MTTQ VN các cấp tại TP.HCM, Bình Dương và Bà Rịa-Vũng Tàu cũ.
Sau ngày 1.7, hệ thống mặt trận của TP.HCM được tổ chức theo mô hình mới và nhanh chóng đi vào hoạt động ổn định, thể hiện rõ tinh thần ""Đoàn kết - Dân chủ - Nghĩa tình - Phát triển"".
Trong phong trào ""Chung tay xóa nhà tạm, nhà dột náttrong năm 2025"", Ủy ban MTTQ VN TP.HCM đã hỗ trợ xây dựng, sửa chữa 1.632 căn nhà đại đoàn kết với hơn 94 tỉ đồng, đồng thời góp 209 tỉ đồng cho công tác an sinh tại nhiều tỉnh thành. Cuộc vận động ""Toàn dân đoàn kết xây dựng nông thôn mới, đô thị văn minh"" không chỉ cải thiện chất lượng sống mà còn khơi dậy tinh thần tự quản, ý thức giữ gìn văn minh cộng đồng.
Ủy ban MTTQ VN TP.HCM nhận bằng khen của Thủ tướng Chính phủ
ẢNH: MTTQ TP.HCM
TP.HCM phát huy mạnh mẽ truyền thống nghĩa tình qua cuộc vận động ""Vì người nghèo"", công tác chăm lo mẹ VN anh hùng, gia đình chính sách và các hoạt động hậu phương quân đội. Chương trình ""Vì biển đảo quê hương - Vì tuyến đầu Tổ quốc"" tiếp tục tạo thêm sự gắn kết quân dân và lan tỏa lòng yêu nước.
Ở cộng đồng dân cư, tinh thần làm chủ được thể hiện qua việc hình thành 1.680 khu dân cư ""Đoàn kết - Nghĩa tình - Tự quản"", cùng 100% khu dân cư tổ chức ngày hội đại đoàn kết toàn dân tộc hằng năm, tạo nên sự gắn bó, sẻ chia và tin cậy trong cộng đồng.
Trong công tác đối ngoại nhân dân, MTTQ VN TP.HCM duy trì mối quan hệ với nhiều địa phương nước ngoài, tổ chức các hoạt động giao lưu văn hóa, gắn kết kiều bào và gìn giữ tinh thần hướng về cội nguồn.
Đặc biệt, trong đợt Đại hội MTTQ VN các cấp nhiệm kỳ 2025 - 2030, Mặt trận đã triển khai hoạt động an sinh với hơn 84 tỉ đồng, thực hiện 1.974 công trình ""Thành phố muôn sắc hoa"", vận động không nhận hoa chúc mừng, chuyển đổi thành hơn 72 tỉ đồng đóng góp nhân đạo và cứu trợ bão lũ.
Phát biểu chỉ đạo đại hội, Bí thư Thành ủy TP.HCMTrần Lưu Quangghi nhận những nỗ lực to lớn của hệ thống Mặt trận trong nhiệm kỳ qua, đặc biệt là vai trò ""cầu nối"" trong các hoạt động an sinh xã hội. Ông dẫn chứng hành động kịp thời của Ủy ban MTTQ VN TP.HCM trong đợt mưa lũ lịch sử tại miền Trung vừa qua, khi nhanh chóng huy động nguồn lực hỗ trợ đồng bào, đặc biệt tại tỉnh Khánh Hòa, làm sáng lên nghĩa đồng bào trong hoạn nạn.
Bí thư Thành ủy TP.HCM Trần Lưu Quang phát biểu chỉ đạo đại hội
ẢNH: MTTQ TP.HCM
Đặt ra 5 nhiệm vụ trọng tâm cho nhiệm kỳ mới, Bí thư Trần Lưu Quang yêu cầu công tác giám sát và phản biện xã hội phải đi vào thực chất. Theo đó, MTTQ VN TP.HCM cần tập trung giám sát các dự án lớn, các quyết sách quan trọng, đặc biệt là việc thực thi Nghị quyết 98 về cơ chế đặc thù phát triển thành phố. Đồng thời, cần giám sát chặt chẽ đạo đức công vụ, tinh thần phục vụ của cán bộ công chức; tham vấn chuyên sâu các vấn đề về quy hoạch, đô thị hóa.
Một trong những yêu cầu mới và cấp thiết được Bí thư Thành ủy đặt ra là việc ứng dụng công nghệ để tạo ra ""hệ sinh thái tương tác số"" với nhân dân. Ông đề nghị MTTQ VN TP.HCM nghiên cứu xây dựng tổng đài trực tuyến hoạt động 24/7 để tiếp nhận ý kiến nhân dân, công khai tiến độ giải quyết kiến nghị trên môi trường số. Theo ông Trần Lưu Quang, chuyển đổi số không chỉ để hiện đại hóa công tác mà còn là phương thức để Mặt trận dễ lắng nghe dân hơn.
""Phải kiên nhẫn lắng nghe, dũng cảm sửa sai và phản hồi có trách nhiệm. Nếu có sai sót thì phải thẳng thắn nhìn nhận khuyết điểm và kịp thời khắc phục. Không được để ý kiến của nhân dân bị rơi vào lãng quên"", Bí thư Thành ủy TP.HCM nhấn mạnh.
Đề cập mục tiêu đưa TP.HCM trở thành đô thị hiện đại, phát triển bền vững trong kỷ nguyên mới, Bí thư Trần Lưu Quang cho rằng Mặt trận phải trở thành ""thỏi nam châm"" thu hút tinh hoa. ""Thành phố chỉ phát triển nhanh và bền vững khi mọi cá nhân và cộng đồng đều nhận thức rõ vai trò của mình và chủ động đóng góp trí tuệ, công sức cho sự phát triển chung. TP.HCM với tầm vóc mới cần có tư duy trí tuệ của đội ngũ trí thức, chuyên gia, nhà khoa học, nguồn lực kinh tế của các doanh nhân, doanh nghiệp, sức mạnh tinh thần của các tôn giáo, sự kết nối của các kiều bào. Và nói gọn lại, cần sự chung tay góp sức của tất cả mọi người. Mặt trận phải là hạt nhân kết nối, là sự quy tụ và dẫn dắt mọi nguồn lực ấy. Không có cơ chế nào mạnh bằng trí tuệ, khát vọng và sự đồng lòng của nhân dân"", Bí thư Thành ủy TP.HCM Trần Lưu Quang kết luận.
Cũng tại đại hội, bàNguyễn Thị Thu Hà, Phó chủ tịch, Tổng thư ký Ủy ban T.Ư MTTQ VN, đề nghị Ủy ban MTTQ VN TP.HCM bám sát chỉ đạo của Tổng Bí thư Tô Lâm và Nghị quyết Đại hội Đảng bộ TP.HCM. Bà nhấn mạnh yêu cầu đổi mới mạnh mẽ nội dung và phương thức hoạt động, chuyển từ các phong trào mang tính hình thức sang kết quả thực chất, hướng mạnh về cơ sở và lấy nhân dân làm trung tâm.
Bà Nguyễn Thị Thu Hà, Phó chủ tịch, Tổng thư ký Ủy ban T.Ư MTTQ VN, phát biểu tại đại hội
ẢNH: TTXVN
Đặc biệt, thay mặt Ban Thường trực Ủy ban T.Ư MTTQ VN, bà Nguyễn Thị Thu Hà chính thức ""đặt hàng"" TP.HCM thí điểm triển khai các mô hình mới theo định hướng của T.Ư. Cụ thể, thực hiện cổng Mặt trận số; đánh giá chỉ số niềm tin xã hội và chỉ số an sinh cộng đồng; tổ chức ""Tháng nghe dân nói""; diễn đàn nhân dân và các hoạt động đối thoại xã hội.
Đại hội đã thông qua Nghị quyết Đại hội đại biểu MTTQ VN TP.HCM lần thứ I, thống nhất phương hướng, mục tiêu chung và 9 chỉ tiêu chủ yếu thực hiện trong nhiệm kỳ 2025 - 2030.
Bước vào nhiệm kỳ 2025 - 2030, Phó bí thư Thành ủy, Chủ tịch Ủy ban MTTQ VN TP.HCM Nguyễn Phước Lộc đề nghị MTTQ các cấp tiếp tục phát huy vai trò nòng cốt chính trị trong xây dựng khối đại đoàn kết toàn dân tộc, đẩy mạnh công tác tuyên truyền, vận động và tập hợp các tầng lớp nhân dân nhằm tăng cường đồng thuận xã hội. MTTQ các cấp tiếp tục đại diện và bảo vệ quyền, lợi ích hợp pháp, chính đáng của nhân dân. Đồng thời, MTTQ tham gia xây dựng Đảng và Nhà nước, thực hiện dân chủ cơ sở, tăng cường giám sát và thực hiện phản biện xã hội một cách thực chất.
Cùng với đó, MTTQ phát huy vai trò dân chủ và tinh thần tự quản của nhân dân, xây dựng cộng đồng dân cư đoàn kết, ấm no và hạnh phúc. Trong lĩnh vực đối ngoại, MTTQ các cấp thực hiện hiệu quả hoạt động đối ngoại nhân dân và tăng cường kết nối với cộng đồng người VN ở nước ngoài.
Tại đại hội, Bí thư Thành ủy TP.HCM Trần Lưu Quang trao bằng khen của Thủ tướng Chính phủ đến Ủy ban MTTQ VN TP.HCM vì đã có thành tích xuất sắc tiêu biểu trong phong trào thi đua ""Vì người nghèo, không để ai bị bỏ lại phía sau"", giai đoạn 2021 - 2025.
Đồng thời, Ủy ban MTTQ VN TP.HCM cũng biểu dương các tập thể, cá nhân điển hình chung tay hỗ trợ đồng bào miền Trung vượt qua bão lũ, lan tỏa truyền thống nghĩa tình của nhân dân thành phố. Tính tới ngày 25.11, Ban Vận động cứu trợ TP.HCM đã tiếp nhận 10.000 túi thuốc gia đình, gần 2.800 tấn hàng hóa nhu yếu phẩm thiết yếu với tổng giá trị gần 280 tỉ đồng, kịp thời chuyển đến nhân dân các tỉnh Khánh Hòa, Đắk Lắk và Lâm Đồng."
