url,title,description,content
https://thanhnien.vn/chi-dinh-thuong-ta-dong-duc-vu-giu-chuc-truong-ban-ban-thanh-nien-cong-an-185251031202950412.htm,Chỉ định thượng tá Đồng Đức Vũ giữ chức Trưởng ban Ban Thanh niên Công an,"Ban Bí thư T.Ư Đoàn đã công bố quyết định chỉ định 22 nhân sự tham gia Ban Thanh niên Công an nhân dân khóa XXII, nhiệm kỳ 2022 - 2027. Thượng tá Đồng Đức Vũ được chỉ định giữ chức trưởng ban.","Chiều 31.10, Ban Thanh niênCông an nhân dântổ chức Hội nghị công bố Quyết định của Ban Bí thư T.Ư Đoàn về việc chỉ định Ban Thanh niên Công an nhân dân khóa XXII, nhiệm kỳ 2022 - 2027; Hội nghị tổng kết công tác Đoàn, phong trào thanh niên các học viện, trường CAND năm học 2024 - 2025, triển khai chương trình công tác năm học 2025 - 2026, tuyên dương ""Nhà giáo trẻ tiêu biểu"", ""Sinh viên 5 tốt"" cấp bộ.
Tham dự chương trình, có anh Nguyễn Minh Triết, Bí thư T.Ư Đoàn, Chủ tịch T.Ư Hội Sinh viên Việt Nam; thiếu tướng Phạm Kim Đĩnh, Bí thư Đảng ủy, Cục trưởng Cục Công tác chính trị, Bộ Công an.
Tại hội nghị, Ban Bí thư T.Ư Đoàn đã công bố quyết định chỉ định 22 nhân sự tham gia Ban Thanh niên Công an nhân dân khóa XXII, nhiệm kỳ 2022 - 2027. Thượng tá Đồng Đức Vũ được chỉ định giữ chức trưởng ban; trung tá Bạch Quốc Tuyên và thiếu tá Đậu Bá Tuấn được chỉ định giữ chức phó trưởng ban.
Phát biểu chỉ đạo tại hội nghị, anh Nguyễn Minh Triết cho biết, việc chỉ định Ban Thanh niên Công an nhân dân khóa XXII, nhiệm kỳ 2022 - 2027 là một trong những bước quan trọng, xác lập một mô hình tổ chức đặc thù, phù hợp với yêu cầu nhiệm vụ của khối lực lượng vũ trang, đặt ra cho Ban Thanh niên Công an nhân dân nhiều trọng trách mới.
Anh Nguyễn Minh Triết phát biểu tại hội nghị
ẢNH: CHÂU LINH
""Ban Thanh niên Công an nhân dân có nhiệm vụ quan trọng là chỉ đạo, hướng dẫn Đoàn TNCS Hồ Chí Minh Công an các tỉnh, thành phố tổ chức thực hiện nhiệm vụ giữ gìn an ninh trật tự và xây dựng lực lượng Công an nhân dân. Đây là điểm mấu chốt thể hiện vai trò chỉ đạo ngành dọc về nghiệp vụ công tác Đoàn trong lực lượng"", anh Triết nói.
Anh Triết đề nghị, Ban Thanh niên Công an nhân dân phải chủ động xây dựng cơ chế phối hợp chặt chẽ, hiệu quả với ban chấp hành các tỉnh, thành Đoàn để đảm bảo sự chỉ đạo thống nhất, xuyên suốt các nội dung đặc thù của ngành, đồng thời phát huy được thế mạnh của công tác Đoàn tại địa phương. Tổ chức ký kết mới chương trình phối hợp giữa Ban Thanh niên Công an nhân dân với các tỉnh, thành Đoàn ở khu vực, địa bàn trọng điểm sau sắp xếp, sáp nhập.
Anh Nguyễn Minh Triết và thiếu tướng Phạm Kim Đĩnh trao tặng bằng khen cho các ""Nhà giáo trẻ tiêu biểu"" cấp bộ năm học 2024 - 2025
ẢNH: CHÂU LINH
Anh Triết đề nghị Ban Thanh niên Công an nhân dân chỉ đạo các cấp bộ Đoàn trong lực lượng triển khai thực hiện các nhiệm vụ, giải pháp liên kết các lực lượng trong tham gia giữ gìn an ninh chính trị, trật tự, an toàn xã hội trên địa bàn và tham gia bảo vệ nền tảng tư tưởng của Đảng, đấu tranh phản bác với các quan điểm sai trái, thù địch.
Phát biểu nhận nhiệm vụ, thượng tá Đồng Đức Vũ thể hiện quyết tâm, nhiệm kỳ mới sẽ tiếp tục nghiên cứu, đề xuất các giải pháp chiến lược, đột phá nhằm nâng cao hiệu quả toàn diện công tác Đoàn, phong trào thanh niên trong Công an nhân dân.
Thượng tá Đồng Đức Vũ phát biểu nhận nhiệm vụ
ẢNH: CHÂU LINH
Trọng tâm là tăng cường giáo dục lý tưởng cách mạng, đạo đức, lối sống cho thanh niên trên không gian mạng, phát huy tối đa vai trò tiên phong của thanh niên Công an trong ứng dụng khoa học công nghệ, đổi mới sáng tạo và chuyển đổi số quốc gia.
Tại Hội nghị tổng kết công tác Đoàn, phong trào thanh niên các học viện, trường CAND năm học 2024 - 2025, triển khai chương trình công tác năm học 2025 - 2026, T.Ư Hội Sinh viên Việt Nam đã trao tặng bằng khen cho 75 cá nhân thuộc các học viện, trường Công an nhân dân đã có thành tích xuất sắc trong tham gia phong trào ""Sinh viên 5 tốt"" năm học 2024 - 2025; trao tặng bằng khen ""Nhà giáo trẻ tiêu biểu"" cấp bộ năm học 2024 - 2025 cho 22 cá nhân."
https://thanhnien.vn/nhom-sinh-vien-hue-sua-xe-mien-phi-cho-nguoi-dan-sau-lu-du-185251031074917104.htm,Nhóm sinh viên Huế sửa xe miễn phí cho người dân sau lũ dữ,Nhóm sinh viên ở Huế đã tình nguyện sửa xe miễn phí hỗ trợ người dân vùng ngập lụt.,"Từ chiều qua 30.10, sân Trường cao đẳng Công nghiệpHuếnhộn nhịp khác thường. Tiếng cười xen tiếng máy nổ thử vang lên liên hồi. Hơn 200 chiếc xe của người dân bị ngập nước được các tình nguyện viên tiếp nhận vàsửa xe miễn phí.
Dù mồ hôi nhễ nhại, bàn tay dính đầy nhớt, nhưng ai cũng cười tươi. ""Chiều nay mình đã sửa được 3 chiếc rồi, hơi mệt nhưng khi sửa xe nổ lại là thấy đáng công liền"", Huỳnh Minh Thiện, sinh viên trường này nói.
Đội hình ""Sửa xe miễn phí hỗ trợ người dân vùng ngập lụt"" do Ủy ban Mặt trận Tổ quốc Việt Nam TP.Huế, Thành đoàn Huế, UBND P.Thuận Hóa, Trường cao đẳng Công nghiệp Huế và Câu lạc bộ PUN 75 phối hợp thực hiện.
Các ""thợ trẻ"" đảm nhận đủ mọi khâu: thay nhớt, lau bugi, vệ sinh máy, xử lý động cơ vào nước... Tất cả đều miễn phí cho người dân bị ảnh hưởng nặng do lũ, kéo dài đến hết ngày 3.11.
Bạn trẻ cùng các thợ lành nghề sửa xe cho người dân vùng lũ
ẢNH: ĐÀO THỊ THANH XUÂN
Khung cảnh tấp nập trong khu sửa chữa
ẢNH: ĐẢO THỊ THANH XUÂN
Thầy Đặng Thế Anh, Trưởng khoa cơ khí - ô tô, Bí thư Đoàn Trường cao đẳng Công nghiệp Huế, chia sẻ: ""Chúng tôi muốn giúp bà con sớm có lại phương tiện đi lại, đặc biệt là để các bạnsinh viêncó thể quay lại trường học nhanh nhất"".
Không chỉ có sinh viên mà nhiều cựu sinh viên, đoàn viên, người dân khắp nơi cũng góp sức, gửi dầu nhớt, linh kiện, đồ nghề về hỗ trợ. ""Nhìn các bạn trẻ vừa làm vừa cười, mình thấy ấm lòng lắm! Đây không chỉ là sửa xe mà là ""sửa"" lại tinh thần sau bão lũ"", chị Lê Mai Bích Trâm, cựu sinh viên của trường, xúc động nói.
Hàng chục chiếc xe đã được sửa xong, chờ người nhận
ẢNH: ĐÀO THỊ THANH XUÂN
Thời gian tới, Trường cao đẳng Công nghiệp Huế cùng Thành đoàn và chính quyền địa phương sẽ tiếp tục lan tỏa tinh thần tuổi trẻ xung kích bằng nhiều việc làm ý nghĩa hơn nữa, như hỗ trợ dọn dẹp, sửa đồ điện, tặng quà cho các hộ khó khăn...
"
https://thanhnien.vn/gia-vang-cao-chot-vot-nhieu-nguoi-tre-chuyen-sang-thich-choi-bac-18525103109403521.htm,Giá vàng cao chót vót nhiều người trẻ chuyển sang thích chơi... bạc,"Giá vàng tăng chóng mặt trong thời gian gần đây khiến nhiều người trẻ tìm đến bạc như một kênh đầu tư, tích trữ tài sản và dùng làm trang sức mới mẻ.","Sáng 31.10 giá bạc trong nước và thế giới tăng mạnh. Dù đang thấp hơn vùng đỉnh lịch sử nhưng giá bạc trong nước vẫn tăng. Theo các chuyên gia, đây là một kênh đầu tư có mức sinh lời cao hơn giá vàng.
Đến cửa hàng bạc trên đường Nam Kỳ Khởi Nghĩa, P.Xuân Hòa, TP.HCM (trước đây là P.Võ Thị Sáu, Q.3), Lưu Thanh Thúy (29 tuổi), làm việc tại 36 Nguyễn Gia Trí, P.Thạnh Mỹ Tây, TP.HCM (trước là P.25, Q.Bình Thạnh), cho biết cô rất bất ngờ khi thấy 2 tấm bảng dựng trước cửa hàng: ""Tạm hết hàng các sản phẩm bạc miếng, bạc thỏi"" và ""Tạm ngưng nhận đơn mới sản phẩm bạc"". Thúy cho biết: ""Vàng tăng giá quá nhanh nên mình chuyển sang mua bạc. Trên mạng xã hội, nhiều bạn trẻ cũng có ý định tương tự. Họ rủ nhau đến vì nghe nói bạc ở đây chất lượng"".
Bạc 'cháy hàng' tại cửa hàng bạc trên đường Nam Kỳ Khởi Nghĩa
ẢNH: AN VY
Nhân viên cửa hàng tiết lộ rằng bạc hiện đã ""cháy hàng trên mọi mặt trận"" và khách thanh toán bây giờ phải đợi đến tháng 3 năm sau mới nhận được hàng.
Trước đó vài hôm, tại cửa hàng này diễn ra tình trạng xếp hàng để đợi mua bạc. Theo nhân viên, tử 6 giờ sáng, nhiều khách hàng đã đến đây chờ đợi.Đúng 8 giờ, cửa hàng bắt đầu mở bán, nhưng chỉ phục vụ khách đã nhận phiếu đặt hàng. ""Mỗi ngày, chúng tôi chỉ phát 150 số. Trong vòng 1 đến 1,5 giờ đồng hồ, số phiếu đã hết sạch. Nhiều khách đến muộn đành phải hẹn sáng sớm mai quay lại"", nhân viên này chia sẻ.
Tại một cửa hàng khác trên đường Nguyễn Trãi, P.Cầu Ông Lãnh, TP.HCM (trước là P.Nguyễn Cư Trinh, Q.1) cũng diễn ra tình trạng tương tự. Nhân viên thông báo bạc đã hết sạch, không còn hàng để bán. Trước đó, hàng dài người xếp hàng chờ mua mặc cho giá bạc đang ở mức ""đỉnh"".
Ông Nguyễn Trung Anh, Chủ tịch Công ty kim loại quý Ancarat, trao đổi rằng lượng bạc miếng và bạc thỏi được đặt mua gần đây tăng đột biến, gấp nhiều lần so với ngày thường. Chỉ trong một ngày, hệ thống của công ty ghi nhận đơn đặt hàng lên tới vài tấn bạc. Do nhu cầu quá lớn, các cửa hàng phải ngừng nhận đơn mới chỉ sau khoảng 30 phút mở bán. Mỗi khách hàng được mua tối đa 2 kg, trong khi một đại lý được mua 5 kg.
Nhiều người trẻ chấp nhận đứng đợi lâu để chờ mua bạc
ẢNH: AN VY
Theo ông Anh, tình trạng ""cháy bạc"" không phải mới, nhưng chưa bao giờ mạnh mẽ như hiện tại. Trước đây, các sản phẩm bạc giới hạn như bộ sưu tập Lân – Sư – Rồng 1 lượng, hay bạc Phật Bình An từng hết hàng trong vài phút. Nhưng lần này, cả các dòng sản phẩm bạc tích trữ thông thường cũng ""cháy hàng toàn hệ thống"". Điều này cho thấy nhu cầu không chỉ đến từ yếu tố sưu tầm mà đã chuyển sang tích lũy tài sản đại trà, đặc biệt khi giá vàng liên tục tăng cao. Vì thế, bạc trở thành lựa chọn hợp lý hơn, thu hút đông đảo người trẻ và những ai có thói quen tích trữ.
Ông Anh chỉ ra 3 lý do chính khiến người trẻ đổ xô mua bạc. Thứ nhất, giá trị tiếp cận thấp. Trong khi giá vàng ở mức cao, bạc có giá trị tích trữ tương đương nhưng chi phí đầu tư thấp hơn nhiều, phù hợp với tâm lý đầu tư của giới trẻ. Thứ hai, sản phẩm là có câu chuyện. Người trẻ không chỉ muốn tích trữ mà còn tìm kiếm sản phẩm độc đáo, có giá trị nghệ thuật và sưu tầm. Các sản phẩm bạc mỹ nghệ đáp ứng tốt nhu cầu này. Thứ ba, đây còn là kênh phòng hộ an toàn. Trong bối cảnh kinh tế biến động, bạc được xem là ""vàng của người nghèo"", giúp bảo toàn giá trị tài sản hiệu quả.
Bạc hiện đang khan hiếm tại các cửa hàng
ẢNH: AN VY
Ông kể lại kỷ niệm đáng nhớ tại sự kiện mở bán tại cửa hàng ở Hà Nội. Dù chỉ dự kiến phát 200 phiếu mua hàng, từ 6 giờ 30 sáng đã có gần 1.000 người xếp hàng dưới mưa để chờ mua. Một khách hàng chia sẻ rằng: ""Tôi mua miếng bạc này không chỉ để tích trữ mà còn để làm món quà ý nghĩa, trấn an tinh thần trong thời buổi kinh tế khó khăn"", điều này khiến ông xúc động.
Còn ông Phạm Duy Hiếu, Giám đốc Công ty TNHH Thương mại vàng bạc đá quý Anh Phương (TP.HCM), cũng xác nhận xu hướng tích trữ bạc đang lên ngôi. Bạc ép vỉ có giá tăng mạnh trong nước và toàn quốc, với thời gian giao hàng kéo dài từ 3 - 6 tháng. ""Tỷ suất lợi nhuận của bạc hiện cao hơn vàng, trong khi số tiền đầu tư thấp hơn. Vì vậy, khách hỏi mua tích trữ rất nhiều"", ông Hiếu nói.
Bên cạnh đó, ông Hiếu chia sẻ bạc trang sức cũng được ưa chuộng cho các dịp tặng quà hay nhu cầu cá nhân. Ông khuyên khách nên chọn nơi cung cấp sản phẩm nhanh khoảng trong vòng 10 ngày. Bên ông nhận khách đặt hàng trước qua tin nhắn. Với khách mua số lượng lớn, công ty sẽ làm hợp đồng và hẹn giao hàng sau vài ngày.
TS. Châu Đình Linh, Giảng viên Trường ĐH Ngân hàng TP.HCM, phân tích rằng sự quan tâm của người trẻ đến bạc là dễ hiểu trong bối cảnh thị trường vàng méo mó về cung cầu. Giá vàng trong nước chênh lệch lớn so với thế giới, thậm chí cao hơn trên thị trường tự do. ""Vàng khó tiếp cận phải xếp hàng mua, trong khi khả năng sinh lời đang chững lại do nguồn cung sắp được bổ sung. Bạc với giá thành thấp hơn và tỷ suất sinh lời cao hơn đang trở thành lựa chọn hấp dẫn"", ông Linh nhận định.
Ông Linh cũng chỉ ra rằng bạc không chỉ là kim loại quý mà còn có giá trị sử dụng thực tế trong các ngành như pin mặt trời, năng lượng xanh, công nghệ cao… Điều này khiến bạc trở thành tài sản gắn với xu hướng phát triển bền vững. Tuy nhiên, ông cảnh báo rằng thị trường bạc tiềm ẩn nhiều rủi ro hơn vàng.
""Bạc có biến động giá mạnh, dễ đảo chiều. Thị trường bạc tại Việt Nam chưa phát triển, tính thanh khoản thấp, chỉ vài đơn vị nhận giao dịch bạc. Khối lượng bạc lớn cũng gây khó khăn trong bảo quản và vận chuyển"", ông Linh phân tích.
Người trẻ mua bạc trang sức tại cửa hàng trên đường Võ Văn Ngân, P.Thủ Đức, TP.HCM (trước là P.Linh Chiểu, TP.Thủ Đức)
ẢNH: AN VY
TS. Linh khuyên các bạn trẻ không nên ""tất tay"" vào bạc mà cần đa dạng hóa danh mục, kết hợp vàng, bạc và các tài sản khác để giảm rủi ro. Theo ông, người trẻ nên lưu ý trước khi đầu tư như tìm hiểu kỹ quy mô thị trường và thanh khoản, hiểu cơ chế vận hành giá bạc, nhận diện rủi ro khi thị trường biến động, giải ngân theo giai đoạn và luôn có phương án dự phòng. ""Nguyên tắc tài chính là high risk - high return (rủi ro cao, lợi nhuận cao). Đầu tư bạc cần kế hoạch rõ ràng, tính toán khoa học và không nên chạy theo phong trào"", ông nhấn mạnh."
https://thanhnien.vn/phat-dong-san-choi-tri-tue-ung-dung-ai-danh-cho-thieu-nhi-185251031111000619.htm,Phát động sân chơi trí tuệ ứng dụng AI dành cho thiếu nhi,"Năm nay, Giải Cờ vua thiếu nhi Việt Nam - một sân chơi trí tuệ của thiếu nhi, lần đầu tiên được ứng dụng trí tuệ nhân tạo (AI) và chuyển đổi số gắn với giáo dục thể thao học đường.","Ngày 31.10, Hội đồng Đội T.Ư phối hợp các đơn vị liên quan tổ chứcGiải Cờ vua thiếu nhiViệt Nam năm học 2025 - 2026.
Ban tổ chức cho biết, giải đấu được triển khai trên toàn quốc, tạo một sân chơi thể thao trí tuệ dành riêng cho thiếu nhi, góp phần thực hiện Nghị quyết số 71-NQ/TW của Bộ Chính trị về ""Đổi mới căn bản, toàn diện giáo dục và đào tạo, phát triển nguồn nhân lực chất lượng cao trong thời kỳ mới""; cụ thể hóa Đề án của Thủ tướng Chính phủ về ""Phát hiện, bồi dưỡng và phát huy tài năng trẻ Việt Nam giai đoạn 2022 - 2030"".
Giải đấu sẽ được tổ chức xuyên suốt năm học, từ tháng 10.2025 - tháng 6.2026, với 3 vòng thi cấp trường, cấp tỉnh, thành phố và chung kết toàn quốc, đặt mục tiêu thu hút khoảng 1 triệu học sinh từ hơn 25.000 trường tiểu học và THCS trên cả nước tham gia.
Ban tổ chức thực hiện lễ phát động Giải cờ vua thiếu nhi Việt Nam năm học 2025 - 2026
ẢNH: PHAN LINH
Thông qua việc phát triển phong trào ""Cờ vua học đường"", ban tổ chức giải kỳ vọng xây dựng một sân chơi trí tuệ lành mạnh; tập trung phát triển năng lực tư duy logic, sáng tạo, kỷ luật và bản lĩnh cho học sinh; phát hiện và ươm mầm tài năng trẻ, đóng góp nguồn nhân lực trí tuệ cho đất nước trong tương lai.
Năm nay, lần đầu tiên giải được ứng dụng trí tuệ nhân tạo (AI) và chuyển đổi số gắn với giáo dục thể thao học đường. Toàn bộ quá trình đăng ký, luyện tập, thi đấu và xếp hạng được thực hiện trực tuyến trên nền tảng số do doanh nghiệp khoa học công nghệ DUCA Holdings phát triển và vận hành.
Bên cạnh đó, hệ thống ChessGPT - AI chuyên biệt cho môn cờ vua, sẽ đồng hành cùng các em trong suốt quá trình luyện tập, giúp hướng dẫn chiến thuật, phân tích ván cờ, đánh giá năng lực và cá nhân hóa lộ trình học tập cho từng học sinh.
Giải đấu được tổ chức với 10 bảng thi đấu, chia theo 9 khối lớp (lớp 1- 9) và 1 bảng cho các kỳ thủ đã có thành tích quốc gia hoặc quốc tế.
Từ vòng cấp trường, ban tổ chức lựa chọn 500 thí sinh xuất sắc để tham gia vòng cấp tỉnh; vòng chung kết toàn quốc dự kiến tổ chức tại Festival Thiếu nhi toàn quốc năm 2026, với sự tham gia của 500 kỳ thủ tiêu biểu đại diện cho 34 tỉnh, thành phố.
Các em thiếu nhi tham gia lễ phát động Giải Cờ vua thiếu nhi Việt Nam
ẢNH: PHAN LINH
Ban tổ chức sẽ trao 40 giải thưởng chính thức: 10 giải nhất (huy chương vàng, mỗi giải 15 triệu đồng), 10 giải nhì (huy chương bạc, mỗi giải 10 triệu đồng), 10 giải ba (huy chương đồng, mỗi 5 triệu đồng) và 10 giải Tài năng cờ vua trẻ (kỷ niệm chương, mỗi giải 2,5 triệu đồng).
Ngoài ra, vòng chung kết còn có nội dung ""Cờ vua vận động"" - kết hợp tư duy chiến thuật và vận động thể chất, lan tỏa tinh thần ""học mà chơi - chơi mà học"" trong môi trường giáo dục hiện đại."
https://thanhnien.vn/co-giao-tre-mang-bung-bau-cong-con-vuot-suoi-bang-rung-den-voi-hoc-tro-185251031104353203.htm,"Cô giáo trẻ mang bụng bầu, cõng con vượt suối băng rừng đến với học trò","Hình ảnh người giáo viên trẻ mang bụng bầu, cõng con vượt suối, băng rừng để đến với học trò vùng cao đã trở thành minh chứng sống động cho nghị lực phi thường và tình yêu nghề của cô giáo Nguyễn Thị Thu Hà (Trường mầm non Bản Lang, xã Khổng Lào, tỉnh Lai Châu).","Sinh ra, lớn lên và lập gia đình ở tỉnh Phú Thọ,cô giáoNguyễn Thị Thu Hà quyết định rời xa quê hương, khăn gói lên Lai Châu công tác. Thời điểm ấy, Lai Châu, đặc biệt là các xã vùng biên giới như Khổng Lào, còn là một vùng đất đầy thử thách, thiếu thốn trăm bề.
Với sức trẻ và lòng nhiệt huyết của tuổi đôi mươi, cô Hà không ngần ngại đón nhận nhiệm vụ tại Trường mầm non Bản Lang, một điểm trường nằm ở xã biên giới đặc biệt khó khăn của tỉnh Lai Châu.
Cô giáo Nguyễn Thị Thu Hà với các học sinh vùng cao
ẢNH: NVCC
Những ngày đầu đặt chân đến mảnh đất biên cương này, cô Hà đã phải đối mặt với vô vàn trở ngại. Giao thông đi lại khó khăn, cơ sở vật chất thiếu thốn, nhà cửa phải thuê mướn tạm bợ. Nỗi nhớ nhà, nhớ quê hương da diết, đặc biệt là nỗi nhớ con gái đầu lòng mới 18 tháng tuổi phải gửi lại cho ông bà chăm sóc, đôi khi khiến cô bật khóc.
""Ngày đi làm, tối về nhớ con đến rơi nước mắt, nhưng tôi vẫn cố gắng để đến lớp cùng học trò"", cô chia sẻ. Lúc bé đã được 3 tuổi, cô đón con lên ở cùng. Quãng thời gian đó là chuỗi ngày vất vả không thể nào quên.
Năm thứ hai công tác, cô được phân công dạy tại điểm bản Nậm Lùng, nơi xa nhất, khó khăn nhất của xã. Điểm trường cách trung tâm 7 km. Để đến lớp, cô phải vượt qua con đường mòn đầy sỏi đá và bùn lầy, có những đoạn không thể đi xe máy mà phải đi bộ.
Trong hành trình dạy học ở điểm trường vùng cao, cô Hà đã nỗ lực truyền cảm hứng cho học sinh
ẢNH: NVCC
Trong hoàn cảnh ấy, cô Hà lại mang thai bé thứ hai, vừa cõng con đầu trên lưng, lặn lội đến lớp trong mưa gió.
""Chồng tôi là bộ đội ở Phú Thọ, khi tôi phải cắm bản dạy học được 2 năm, anh cũng xin chuyển công tác đến Lai Châu, nhưng vẫn cách xa nơi tôi dạy học khoảng 50 km. Lúc đó, đường sá đi lại khó khăn, nên tôi vẫn phải ở trọ để vừa dạy học, vừa chăm con"", cô chia sẻ.
Hình ảnh người giáo viên trẻ mang bụng bầu, cõng con vượt suối băng rừng để đến với học trò đã trở thành minh chứng sống động cho nghị lực phi thường và tình yêu nghề sâu đậm của cô. Nhưng chính những tháng ngày gian nan ấy đã tôi luyện nên một cô giáo Nguyễn Thị Thu Hà kiên cường, bản lĩnh và tràn đầy tình yêu thương.
Trải qua nhiều năm gắn bó với sự nghiệp ""trồng người"" nơi vùng cao, cô Hà luôn tâm niệm: dù điều kiện còn thiếu thốn, cô vẫn phải tìm mọi cách mang đến cho trẻ một môi trường học tập tốt nhất. Từ thực tiễn giảng dạy, cô đã đúc rút ra nhiều kinh nghiệm và sáng kiến quý báu.
Đầu tiên là triết lý ""lấy trẻ làm trung tâm"", tổ chức các hoạt động phù hợp với nhu cầu, hứng thú của trẻ, để trẻ được học thông qua vui chơi, trải nghiệm.
Cô cũng tận dụng tối đa các nguyên vật liệu địa phương như tre, nứa, vỏ ngô, lá cây, sỏi đá... để biến chúng thành những đồ dùng, đồ chơi sáng tạo, vừa gần gũi, thân thiện, vừa giúp trẻ thêm yêu quê hương, bản làng.
Cô Hà luôn đổi mới phương pháp giảng dạy để khơi dậy tính tích cực của học sinh
ẢNH: ĐĂNG HẢI
Trong phương pháp giảng dạy, cô Hà không ngừng đổi mới, kết hợp kể chuyện, đọc thơ, trò chơi vận động, đóng vai, hoạt động nhóm nhằm khơi dậy tính tích cực, mạnh dạn, sáng tạo ở trẻ. Cô đặc biệt chú trọng việc thực hiện hiệu quả các sáng kiến kinh nghiệm.
Bằng cách khảo sát học sinh đầu năm, căn cứ vào chất lượng để đưa ra đề tài nghiên cứu khoa học và các giải pháp trên cơ sở thực tiễn, cô đã góp phần nâng cao chất lượng học sinh một cách nhanh chóng, đồng thời tạo động lực để mỗi giáo viên phát huy tính sáng tạo, đem lại môi trường giáo dục thân thiện, hiệu quả và hạnh phúc cho trẻ.
Bên cạnh đó, cô còn tăng cường các hoạt động trải nghiệm thực tế cho trẻ, như chăm sóc vườn rau, nuôi gà, gói bánh, thăm bản làng. Những hoạt động này không chỉ giúp trẻ hình thành kỹ năng sống, gắn kết cộng đồng mà còn nuôi dưỡng tình yêu lao động từ khi còn nhỏ. Cô cũng kiên trì phối hợp với phụ huynh, tuyên truyền, vận động để họ cùng đồng hành trong việc chăm lo học tập cho con em mình.
Cô Hà hướng dẫn học sinh bắt sâu, nhổ cỏ, trồng rau
ẢNH: ĐĂNG HẢI
Không ngừng lại ở đó, cô giáo Nguyễn Thị Thu Hà luôn chủ động tự học, bồi dưỡng chuyên môn, tích cực tham gia các lớp tập huấn, học hỏi đồng nghiệp, tìm tòi tài liệu nhằm nâng cao trình độ, áp dụng hiệu quả vào thực tiễn giảng dạy. Tinh thần học hỏi không ngừng nghỉ ấy đã giúp cô luôn đổi mới, mang đến những bài học bổ ích và hấp dẫn cho học trò.
10 năm gắn bó với Lai Châu là 10 năm cô Hà học được cách kiên nhẫn, vượt khó và hơn hết là yêu nghề, yêu trẻ nhiều hơn. Cô tự hào vì được đứng trên bục giảng nơi vùng cao, tự hào vì đã góp một phần công sức nhỏ bé cho sự nghiệp ""trồng người"". Với cô, ở bất cứ nơi đâu, thầy cô giáo cũng chính là những người gieo hạt yêu thương, để mai này hạt giống ấy nảy mầm xanh tốt, góp phần xây dựng một tương lai tươi sáng cho quê hương, đất nước.
Cô Hà cùng tình nguyện viên hướng dẫn học sinh vẽ tranh
ẢNH: ĐĂNG HẢI
Câu chuyện của cô giáo Nguyễn Thị Thu Hà là minh chứng sống động cho những cống hiến thầm lặng nhưng vĩ đại của biết bao nhà giáo nơi vùng cao. Tình yêu nghề, tình yêu trẻ và nghị lực vượt khó của cô không chỉ thắp sáng tri thức mà còn gieo mầm hy vọng vào trái tim của những đứa trẻ vùng biên, giúp các em vững bước trên con đường tương lai.
Cô Nguyễn Thị Thu Hà đã đạt nhiều thành tích xuất sắc trong công tác giảng dạy và các phong trào thi đua. Cô nhận danh hiệu Chiến sĩ thi đua cấp cơ sở các năm học 2018 - 2019, 2020 - 2021, 2022 - 2023; bằng khen của UBND tỉnh năm học 2020 - 2021 và 2021 -  2022 cùng nhiều giấy khen các cấp.
Với những thành tích và nghị lực phi thường, cô đã được xét chọn để tuyên dương trong Chương trình Chia sẻ cùng thầy cô năm 2025, do T.Ư Hội Liên hiệp thanh niên Việt Nam phối hợp với Bộ GD-ĐT, Tập đoàn Thiên Long tổ chức."
https://thanhnien.vn/noi-khong-voi-nghe-si-co-san-pham-co-xuy-loi-song-buong-tha-phan-cam-185251031100559112.htm,"Nói không với nghệ sĩ có sản phẩm cổ xúy lối sống buông thả, phản cảm...","Người trẻ ủng hộ việc ""làm sạch"" đời sống nghệ thuật khi quyết định ""không nghe, không xem, không thần tượng"" những nghệ sĩ cổ xúy lối sống buông thả, sản phẩm phản cảm...","NhưThanh Niênđã thông tin, ngày 24.10, Ban Tuyên giáo và Dân vận Thành ủy TP.HCM đã có công văn gửi Sở Văn hóa và Thể thao TP.HCM, Hội Âm nhạc TP.HCM, Thành đoàn, Hội đồng Lý luận – phê bình văn học nghệ thuật TP.HCM… về việcđề nghị định hướng, chấn chỉnh hoạt động âm nhạc có biểu hiện lệch chuẩn văn hóa.
Sau đó, ngày 27.10, Cục Nghệ thuật biểu diễn và Cục Phát thanh, Truyền hình và Thông tin điện tử (Bộ Văn hóa, Thể thao và Du lịch) đã có buổi làm việc về tình trạng xuất hiện nhiều ca khúc có lời lẽ phản cảm.
Những thông tin này nhanh chóng lan truyền trên mạng xã hội, tạo nên luồng ý kiến sôi nổi. Đáng chú ý là những người trẻ, khán giả chính của thị trường giải trí, đã bày tỏ sự đồng tình, thậm chí ủng hộ mạnh mẽ. Họ cho rằng đã đến lúc phải nói ""không"" với nghệ sĩ lệch chuẩn, không tiếp tay cho những sản phẩm cổ xúy lối sống buông thả, phản cảm, thậm chí lệch lạc giá trị đạo đức.
Rapper Pháo gỡ bỏ sản phẩm ""Sự nghiệp chướng"" ra khỏi nền tảng YouTube
ẢNH: CHỤP MÀN HÌNH
Theo Nguyễn Hải My (sinh viên Trường ĐH Sư phạm kỹ thuật TP.HCM): ""Đã chọn làm người của công chúng, nghệ sĩ cần ý thức rằng mỗi lời nói, hành động đều có sức lan tỏa. Nếu họ làm điều sai, đó không chỉ là chuyện cá nhân, mà còn là sự ảnh hưởng đến cả một thế hệ khán giả trẻ"",
My cho biết mình từng là fan của một nam ca sĩ nổi tiếng. Nhưng sau khi người này liên tục vướng ồn ào về đời tư, đăng tải những hình ảnh, lời lẽ phản cảm, My quyết định ""bỏ theo dõi"". ""Không thể lấy lý do ""tôi chỉ yêu âm nhạc của họ"" để bao biện. Khi thần tượng cổ xúy cho lối sống phản cảm"", My nói.
Quan điểm này nhận được sự đồng tình của nhiều người trẻ khác. Trần Hữu Khang, sinh viên Trường ĐH Văn Hiến, cho rằng việc TP.HCM cũng như Bộ Văn hóa, Thể thao và Du lịch yêu cầu xử lý nghiêm hiện tượng ca khúc phản cảm lệch lạc gia trị văn hóa là động thái cần thiết.
Khang nói: ""Không ai cấm sáng tạo, nhưng sáng tạo phải đi cùng trách nhiệm xã hội. Có những MV dùng hình ảnh nhạy cảm, lời ca khiêu khích, hay livestream chửi thề để ""gây sốc"" thì đó không phải nghệ thuật. Khi một nghệ sĩ đánh mất giới hạn đạo đức, họ không còn xứng đáng được gọi là người truyền cảm hứng"".
Theo Khang, việc ""lọc lại"" những gương mặt biểu diễn trong các chương trình văn hóa, lễ hội của thành phố là cách khẳng định giá trị văn hóa Việt Nam không dung túng sự dung tục, đồng thời gửi thông điệp rằng nghệ thuật phải gắn liền với nhân cách.
B Ray bị nhắc tên là những ca sĩ có ca từ phản cảm trong ca khúc
ẢNH: CHỤP MÀN HÌNH
Ở nhiều hội, nhóm trên Facebook, nhiều người trẻ bắt đầu lan tỏa khẩu hiệu ""Không nghe, không xem, không ủng hộ ca khúc, nghệ sĩ có sản phẩm phản cảm"". Họ chủ động tẩy chay những MV chứa cảnh gợi dục, bạo lực, hay nội dung ca ngợi lối sống hưởng thụ, ích kỷ.
""Bây giờ chúng tôi có quyền lựa chọn. Một nút ""unfollow"" (bỏ theo dõi), một lần không bấm xem là cách phản kháng văn minh nhất"", Phạm Vũ Thanh Quang (24 tuổi), ngụ ở đường Phan Xích Long, P.Cầu Kiệu, TP.HCM; trước đây là P.2, Q.Phú Nhuận, TP.HCM), nói.
""Nghệ sĩ trẻ có thể rất tài năng, nhưng nếu coi thường khán giả, bất chấp giá trị văn hóa để câu view, sớm muộn cũng bị đào thải"", Quang nhận định.
Nhiều người trẻ hiện còn chia sẻ danh sách ""white list"", tức danh sách nghệ sĩ có sản phẩm sạch, hướng đến giá trị tích cực, như một cách khích lệ sáng tạo lành mạnh. Một số nhóm fan còn cùng nhau gửi kiến nghị đến nền tảng nhạc số, đề nghị gắn nhãn cảnh báo hoặc hạn chế đề xuất với MV chứa yếu tố phản cảm.
Nguyễn Thị Phương Quỳnh (27 tuổi, làm việc tại đường Lê Duẩn, P.Sài Gòn, TP.HCM; trước đây là P.Bến Nghé, Q.1, TP.HCM), nói: ""Ở bất kỳ quốc gia nào, nghệ thuật đều vận hành trong khung văn hóa và luật pháp. Khi diễn trước công chúng, đó không còn là chuyện cá nhân mà là một hành vi văn hóa. Vậy nên việc các cơ quan chức năng rà soát danh sách nghệ sĩ biểu diễn là bước đi cần thiết, vừa để bảo vệ công chúng khỏi nội dung độc hại, vừa khẳng định trách nhiệm của ngành văn hóa"".
""Không thể để những người từng vướng scandal phản cảm, phát ngôn với lời lẽ vô văn hóa lại xuất hiện trong các lễ hội, sự kiện lớn của thành phố. Điều đó ảnh hưởng đến hình ảnh chung và định hướng thẩm mỹ của giới trẻ"", Quỳnh nói thêm.
Bị Sở VH-TT Hà Nội xử phạt, Jack xin cơ hội sửa sai
Sau vụ ồn ào trình diễn bài hát có ca từ nhạy cảm trong một sự kiện, Jack lên tiếng xin lỗi, đồng thời thông báo về việc tạm dừng biểu diễn
ẢNH: CHỤP MÀN HÌNH
Theo chuyên gia tâm lý, thạc sĩ xã hội học Lê Thị Ngọc Thoa (Trung tâm tư vấn tâm lý An Nam, P.Tăng Nhơn Phú, TP.HCM; trước đây thuộc P.Hiệp Phú, TP.Thủ Đức, TP.HCM), công chúng, đặc biệt là giới trẻ, đang ngày càng có ý thức hơn trong việc tiếp nhận sản phẩm giải trí.
""Nếu 10 năm trước, nhiều người trẻ còn dễ dãi với các sản phẩm gây sốc, thì nay họ tỉnh táo hơn, biết phân biệt giữa ""gây chú ý"" và ""có giá trị"". Điều này cho thấy sự trưởng thành của thị hiếu thẩm mỹ"", bà Thoa nói.
Bà Thoa chia sẻ thêm: ""Động thái siết chặt hiện tượng ca khúc lệch chuẩn văn hóa là bước khởi đầu quan trọng cho một môi trường nghệ thuật lành mạnh. Nghệ sĩ cần có ý thức tự trọng nghề nghiệp. Còn khán giả phải là người tiêu dùng văn hóa thông minh"".
Ở động thái liên quan, sau khi các cơ quan chức năng siết chặt tiêu chuẩn nghệ sĩ biểu diễn, nhiều nghệ sĩ đã gỡ bỏ không ítsản phẩm âm nhạc có ca từphản cảm ra khỏi các nền tảng YouTube, có thể kể như: Pháo, GDucky, B Ray, Binz, Soobin, Hustlang Robber…
"
https://thanhnien.vn/nhieu-nghe-si-noi-tieng-tham-gia-dem-nhac-hoi-lan-toa-nang-luong-tich-cuc-185250527191009009.htm,Nhiều nghệ sĩ nổi tiếng tham gia đêm nhạc hội 'Lan tỏa năng lượng tích cực',Đêm nhạc hội 'Lan tỏa năng lượng tích cực' đã thu hút đông đảo thanh niên công nhân tại Nghệ An. Các nghệ sĩ trẻ mang đến không gian vui tươi cho giới trẻ.,"Đêm nhạc hội""Lan tỏa năng lượng tích cực"" diễn ra tại Nghệ An với sự tham gia của các nghệ sĩ trẻ như ca sĩ Hà Myo, nghệ sĩ Thanh Nga, Raper Rica... và các nghệ sĩ đến từ Nhà hát kịch Việt Nam đã thu hút đông đảo thanh niên công nhân, lao động trẻ tham gia.
Tham dự chương trình có anh Nguyễn Tường Lâm, Bí thư T.Ư Đoàn, Chủ tịch T.Ư Hội Liên hiệp thanh niên Việt Nam; anh Nguyễn Kim Quy, Ủy viên Ban Thường vụ T.Ư Đoàn, Phó chủ tịch thường trực T.Ư Hội Liên hiệp thanh niên Việt Nam.
Raper Rica khuấy động đêm nhạc hội với những tiết mục xuất sắc
ẢNH: ĐĂNG HẢI
Diễn ra tối 26.5, đêm nhạc hội khuấy động bởi các tiết mục đặc sắc giúp thanh niên công nhân và gia đình có một không gian tràn ngập niềm vui.
Cạnh đó, các thanh niên công nhân được tham gia chương trình bốc thăm trúng thưởng với 2 giải đặc biệt (xe máy trị giá 25 triệu đồng mỗi giải) và 20 phần quà là thùng sản phẩm Red Bull.
Anh Nguyễn Tường Lâm trao xe máy của ban tổ chức cho thanh niên công nhân bốc thăm may mắn
ẢNH: ĐĂNG HẢI
Đây là hoạt động trong chương trình Ngày hội Thanh niên công nhân - Lan tỏa năng lượng tích cực năm 2025 do T.Ư Hội Liên hiệp thanh niên Việt Nam phối hợp cùng Công ty TCP Việt Nam - nhãn hàng Red Bull tổ chức dành riêng cho thanh niên công nhân, lao động trẻ.
Ngày hội đã thu hút hơn 2.000 thanh niên công nhân tham gia với các hoạt động ý nghĩa, gồm: khám bệnh, tư vấn sức khỏe, cấp thuốc và tặng quà miễn phí cho 1.000 thanh niên công nhân; trao quà cho 40 thanh niên công nhân có hoàn cảnh khó khăn; giải Pickleball cho thanh niên công nhân mở rộng tỉnh Nghệ An lần thứ nhất; cuộc thi ""Tìm kiếm tài năng thanh niên công nhân"" tỉnh Nghệ An…
Các nghệ sĩ trẻ tham gia chương trình
ẢNH: ĐĂNG HẢI
Theo ban tổ chức, ngày hội nhằm trang bị kiến thức, kỹ năng sống; nâng cao đời sống thể chất, tinh thần và tăng cường sự gắn kết trong cộng đồng thanh niên công nhân, đặc biệt tại các khu công nghiệp, khu chế xuất, doanh nghiệp ngoài nhà nước.
Đây cũng là dịp để các doanh nghiệp đồng hành, thể hiện trách nhiệm xã hội và sự quan tâm tới lực lượng lao động trẻ."
https://thanhnien.vn/halloween-o-pho-bui-vien-dong-nguoi-nhieu-con-ma-hoa-ma-cuc-chat-185251030234738108.htm,Halloween ở phố Bùi Viện đông người: Nhiều 'con ma' hóa ma cực chất,"Không khí Halloween ở phố Bùi Viện (TP.HCM) nhộn nhịp, đông người trẻ hóa trang thành các nhân vật ma quái, kinh dị.","Tối 30.10, hàng trăm bạn trẻ TP.HCM nô nức xuống phố tham dự lễ hội hóa trang. Phố phường rộn ràng với đủ sắc màu và trang phụcHalloweenấn tượng. Các dịch vụ đặc trưng như hóa trang, vẽ mặt theo yêu cầu hay bán phụ kiện ma quái xuất hiện khắp nơi.
Phố ""ma"" Bùi Viện đông nghịt người trẻ đến chơi lễ hội Halloween
ẢNH: THÁI PHÚC
Hóa trang thành thần chết, Trần Phan Thiện (32 tuổi), ngụ P.Hạnh Thông (trước là P.3, Q.Gò Vấp), TP.HCM, cho biết: “Nhân vật này là do mình tự sáng tạo, với mong muốn mang đến một nét khác biệt và độc đáo riêng. Mình tin rằng khi dám thể hiện cá tính và sáng tạo theo cách của riêng mình, mọi người sẽ chú ý và nhớ đến mình nhiều hơn, thay vì chỉ hòa lẫn trong đám đông"".
Phan Thiện hóa trang thành thần chết trong dịp lễ Halloween
ẢNH: THÁI PHÚC
Hóa trang thành cương thi với trang phục và lớp vẽ mặt ấn tượng, Nguyễn Minh Thông, sinh viên Trường ĐH Khoa học xã hội và nhân văn TP.HCM, chia sẻ: “Mấy ngày nay thấy mọi người đăng hình hóa trang lên mạng xã hội, mình cũng háo hức. Mỗi năm mình chọn một nhân vật khác nhau, nhưng điểm chung là phải thật ma mị, đúng tinh thần của lễ hội Halloween”.
Nhiều bạn trẻ hóa trang ấn tượng trong lễ hội Halloween
ẢNH: THÁI PHÚC
Bên cạnh hóa trang, các dịch vụ hóa trang vẽ mặt tại chỗ cũng ăn nên làm ra nhờ mùa lễ hội này, Nguyễn Gia Hân, sinh viên Trường ĐH Ngân hàng TP.HCM, cho biết mình đã sử dụng dịch vụ này với giá 50.000 đồng. “Các anh chị vẽ cũng khá nhanh nên đôi khi hóa trang chưa đủ ấn tượng thì anh chị có thể “dặm” lại cho mình một chút”. Hân cho biết thêm, các hình vẽ hóa trang từ giản đến phức tạp có giá dao động từ 50.000 - 100.000 đồng.
Check-in với ngoại hình ma mị trong lễ hội Halloween
ẢNH: THÁI PHÚC
Phố “ma” Bùi Viện trở thành điểm hẹn sôi động cho những ai muốn hòa mình vào không khí Halloween giữa lòng TP.HCM.
Các hàng quán tại khu vực phố đi bộ Bùi Viện được trang trí đầy ""ma quỷ""
ẢNH: THÁI PHÚC
Nhiều gia đình trẻ tranh thủ dẫn con xuống phố chơi Halloween
ẢNH: THÁI PHÚC
Đến đây tham quan và vui chơi, Nguyễn Thị Yến Nhi (22 tuổi), ngụ đường Cộng Hòa, P.Bảy Hiền (trước là P.12, Q.Tân Bình), TP.HCM, cho biết: “Không khí Halloween ở đây lúc nào cũng sôi động. Năm nào mình cũng đến để hòa vào không khí náo nhiệt, cảm giác chẳng khác gì đang tham dự lễ hội ở nước ngoài. Nhiều cửa hàng còn hóa trang và tổ chức trò chơi ‘xin kẹo’, khiến mình thấy không khí Halloween ở đây chẳng thua gì phương Tây”.
Nhiêu bạn trẻ cho biết không khí Halloween ở phố đi bộ Bùi Viện lúc nào cũng sôi động, cảm giác chẳng khác gì đang tham dự lễ hội ở nước ngoài.
ẢNH: THÁI PHÚC
Đặc sắc ở phố “ma” Bùi Viện là màn trình diễn múa Chằn đậm nét truyền thống pha lẫn chút rùng rợn của Halloween.
Màn trình diễn múa Chằn đậm nét truyền thống pha lẫn chút rùng rợn của Halloween
ẢNH: THÁI PHÚC
Anh Tạ Công Thành, chủ nhà hàng Đại Việt, người đã thuê đoàn múa từ tỉnh Vĩnh Long (trước là tỉnh Trà Vinh) đến trình diễn tại phố đi bộ Bùi Viện, cho biết: “Tôi muốn đem văn hóa của dân tộc Khmer đến với bạn bè quốc tế. Điệu múa này với mục đích cầu an, xua tan điềm xấu và đem lại may mắn cho mọi người”.
Bắt nguồn từ lễ hội Samhain của người Celt cổ đại, Halloween còn được gọi là “lễ hội ma quỷ” hay “lễ hội hóa trang” là dịp lễ truyền thống diễn ra vào ngày 31.10 hằng năm, ngay trước Lễ Các Thánh trong Kitô giáo phương Tây."
https://thanhnien.vn/nguoi-va-xe-noi-duoi-nhau-chen-chuc-tai-con-duong-ma-quai-dip-halloween-185241031013934447.htm,Người và xe nối đuôi nhau chen chúc tại con đường ma quái dịp Halloween,"Mặc dù chưa phải ngày chính thức, nhưng tối 30.10, phố Tây Bùi Viện đã sôi động với không khí Halloween dẫn đến tình trạng người và xe chen chúc nhau. Nhiều người không thể rời mắt trước các hình ảnh ma quỷ đầy kỳ bí nơi đây.","Có mặt tại phố Bùi Viện, Q.1 (TP.HCM) lúc hơn 19 giờ, người viết chứng kiến cảnh tượng đông đúc nơi đây. Vì không phải là ngày cuối tuần cấm xe cộ qua lại nên nhiều phương tiện nối đuôi nhau kẹt cứng. Một số người đến đây để vui chơiHalloweensớm, nhưng cũng không ít người dân có việc phải di chuyển qua đoạn đường này đã phải vất vả nhích từng chút.
Tối 30.10, phố Tây Bùi Viện sôi động và đông đúc hơn so với ngày thường. Vì là ngày trong tuần, không cấm phương tiện lưu thông nên người đi bộ lẫn đi xe máy chen chúc nhau nhích từng chút một
ẢNH: THẢO PHƯƠNG
Nhiều người vã mồ hôi mới thoát ra khỏi ma trận kẹt cứng. Đứng cạnh tôi, một nam tài xế xe công nghệ vừa thoát khỏi đoạn đường kẹt cứng ở phố Bùi Viện vội đưa nón bảo hiểm cho khách và lấy bình nước uống một hơi rồi than: “Tối nay đường đông quá, đi từ đầu phố Tây đến đây mà kẹt cứng, phải nhích từng chút một”. Khi người viết ngỏ lời trò chuyện thì anh vội từ chối với lý do phải tranh thủ chở khách đi vì đã trễ giờ
ẢNH: THẢO PHƯƠNG
Hóa trang 'siêu anh hùng' đêm Halloween ở phố tây Bùi Viện
Hình ảnh ma quái, máu me, rùng rợn được trang trí trước các hàng quán ở phố Tây Bùi Viện
ẢNH: THẢO PHƯƠNG
Những hình nộm trắng lượn lờ trên không trung cùng với ánh đèn mờ ảo tạo nên một không gian vô cùng ma mị và kỳ bí
ẢNH: THẢO PHƯƠNG

ẢNH: THẢO PHƯƠNG
Vào dịp lễ Halloween, nhiều hàng quán ở phố Tây Bùi Viện khoác lên mình chiếc áo rùng rợn, kinh dị
ẢNH: THẢO PHƯƠNG
Hình ảnh những đầu lâu, hộp sọ được trang trí cạnh một con nhện khổng lồ đang giăng tơ tạo cảm giác rùng rợn, khiếp sợ
ẢNH: THẢO PHƯƠNG
Dù phải chen chân giữa dòng người và xe đông đúc, nhưng nhiều người vẫn thích thú khi được hòa vào không gian của tiếng nhạc sôi động cùng bối cảnh ma mị của lễ hội Halloween tại phố Tây Bùi Viện
ẢNH: THẢO PHƯƠNG
Một số người dân dùng điện thoại ghi lại những hình ảnh, thước phim khi đi ngang qua phố Tây Bùi Viện trước thềm Halloween
ẢNH: THẢO PHƯƠNG
Một số nhân viên của các hàng quán tràn ra giữa đường chèo kéo khách khiến tình trạng lưu thông tại phố Bùi Viện càng thêm ùn tắc
ẢNH: THẢO PHƯƠNG
Một số bạn trẻ hóa trang và xuống phố để hưởng ứng lễ hội Halloween sớm
ẢNH: THẢO PHƯƠNG

ẢNH: THẢO PHƯƠNG
Dịch vụ vẽ mặt, hóa trang Halloween tại phố Bùi Viện cũng khá thu hút khách
ẢNH: THẢO PHƯƠNG
Càng về đêm con phố này càng trở nên đông đúc và náo nhiệt
ẢNH: THẢO PHƯƠNG

"
https://thanhnien.vn/thanh-nien-giup-nguoi-dan-vung-bi-mua-lu-chia-cat-185251030195339586.htm,Thanh niên giúp người dân vùng bị mưa lũ chia cắt,"Giữa những ngày mưa như trút, đất đá từ sườn núi sạt xuống, các tuyến đường bị chia cắt, cũng là lúc thanh niên tình nguyện xuất hiện khắp các thôn bản, len lỏi qua bùn đất, băng rừng, lội suối để hỗ trợ người dân di dời, vận chuyển lương thực, dựng mái che cho những hộ dân vùng sạt lở.","Thiên tai gần như là ""người bạn cũ"" đầy khắc nghiệt của hầu hết các địa phương ở miền núi cao TP.Đà Nẵng. Năm nàomưa lớn, đất đá cũng sạt xuống, đường bị chia cắt, nhiều ngôi làng buộc phải di dời khẩn cấp. Trận mưa lũ lịch sử những ngày qua là minh chứng cụ thể và đau xót nhất về sự tàn phá của thiên tai. Hầu như những tuyến đường huyết mạch dẫn về các xã vùng cao đều sạt lở nặng nề, gây chia cắt hoàn toàn, khiến công tác cứu hộ, cứu nạn càng thêm gian nan.
Người trẻ đội mưa di dời tài sản cho người dân
ẢNH: NGỌC THƠM
Tại xã Trà Tập, tình hình diễn biến đặc biệt phức tạp. Hàng chục điểm sạt lở liên tiếp xuất hiện, đặc biệt là ở các thôn vùng cao như Lăng Lương, Tu Nấc, Tăk Pổ... Tình hình nguy hiểm buộc chính quyền xã phải khẩn trương tổ chức sơ tán hàng chục hộ dân ra khỏi vùng có nguy cơ sạt lở. Giữa lúc ấy, lực lượng đoàn viênthanh niênchính là những người có mặt đầu tiên, không quản hiểm nguy, cùng chính quyền đến tận từng nóc nhà, từng sườn đồi để vận động, hỗ trợ người dân di dời. Họ là những cánh tay nối dài, đưa người dân thoát khỏi thảm họa.
Điểm trường Lăng Lương, nơi được chọn làm điểm sơ tán tập trung cho 16 hộ dân với hơn 90 nhân khẩu, đã trở thành ""ngôi nhà chung"" bất đắc dĩ trong những ngày mưa lũ. Sáng sớm, con đường dẫn lên điểm trường mờ mịt trong màn mưa; đất đỏ nhão ra vì sạt lở, bám dày dưới chân khiến mỗi bước đi nặng trĩu. Thế nhưng, từng thùng mì, bao gạo, két nước, nhu yếu phẩm thiết yếu vẫn đều đặn được đoàn viên thanh niên, cán bộ xã và các thầy cô giáo vận chuyển bằng sức người vào tận nơi để tiếp tế.
Tại điểm sơ tán Lăng Lương, những phòng học cũ được dọn sạch, nhường chỗ cho những tấm chiếu làm chỗ ngủ. Ngoài hiên, giữa không gian rộng chừng 60 m², được dựng lên từ những tấm bạt che tạm, bếp lửa vẫn đỏ rực, khói bếp quyện mùi khói củi và mùi mì tôm thơm nồng. Dù điều kiện sinh hoạt còn thiếu thốn, nhưng trên khuôn mặt khắc khổ của bà con luôn nở nụ cười khi nhắc đến những người trẻnhiệt huyết.
Chị Hồ Thị Ky (35 tuổi, ở làng Lăng Lương) cho biết gia đình chị có 4 người được sơ tán đến điểm tập trung từ nhiều ngày trước. Mưa lớn, đường sạt khiến việc sinh hoạt gặp nhiều khó khăn, nhưng nhờ sự có mặt, hỗ trợ kịp thời của lực lượng đoàn viên, gia đình chị có thể yên tâm tránh trú. ""Nhờ có mấy anh chị đoàn viên thanh niên, cán bộ xã lo cho từng bữa ăn, từng chai nước, nên bà con yên tâm hơn nhiều. Ở đây có mì tôm, trứng, rau rừng do đoàn viên mang vào. Không lo đói nữa, chỉ mong trời sớm tạnh để được về sửa lại nhà"", chị Ky bày tỏ.
Giữa dòng người hối hả ứng cứu có bóng dáng cô giáo trẻ Trà Thị Thu đều đặn túc trực tại 2 điểm Tăk Pổ và Lăng Lương. Là giáo viên tiểu học, lại là đoàn viên tích cực, cô hiểu rằng trong lúc này, nhiệm vụ quan trọng nhất là chăm lo cho học sinh và phụ huynh được an toàn tuyệt đối. Khi phát hiện khu sơ tán thiếu mái che, mưa tạt vào lớp học, cô cùng các đoàn viên trong thôn không ngần ngại chặt tre, căng bạt làm mái tạm để chắn gió, bảo vệ bà con. Mỗi khi thiếu thốn thứ gì, cô lại kết nối ngay với xã hoặc các nhóm thiện nguyện dưới xuôi để bổ sung kịp thời.
Lương thực, thực phẩm được cõng đến tận tay nhân dân
ẢNH: NGỌC THƠM
""Ở vùng cao này, thiên tai là điều không thể tránh. Vì vậy, cái gì thiếu cũng có thể chờ, nhưng sự an toàn của bà con thì không thể chờ được. Là giáo viên, lại là đoàn viên, tôi chỉ nghĩ đơn giản mình còn trẻ càng phải có trách nhiệm hơn, còn sức giúp được gì cứ giúp. Chỉ mong góp chút sức nhỏ để mọi người yên tâm qua mùamưa lũ"", cô Thu nói với giọng kiên định.
Từ đầu đợt mưa đến nay, Đoàn xã Trà Tập đã huy động gần 500 đoàn viên thanh niên từ các chi đoàn thôn, trường học và lực lượng công an, dân quân tham gia công tác phòng chống thiên tai. Nhiều đội thanh niên xung kích được thành lập, chia thành từng nhóm nhỏ trực tại các khu dân cư, vừa tuyên truyền, vừa hỗ trợ người dân chằng chống nhà cửa. Ngoài ra, các đoàn viên còn đảm nhận vai trò là ""tai mắt"" của chính quyền địa phương, cập nhật liên tục tình hình mưa lũ, sạt lở, để kịp thời báo cáo và ứng phó.
Anh Hồ Văn Thanh, Bí thư Đoàn xã Trà Tập, nhớ lại có những khu vực phải đi bộ gần 4 km, băng qua suối, lội bùn mới đến được điểm sơ tán. Có hôm mưa lớn quá, nước tràn qua đường, cả nhóm dùng dây buộc tay nhau để tránh trượt ngã. ""Chúng tôi xác định đây là nhiệm vụ thường xuyên của tuổi trẻ vùng cao. Mỗi mùa mưa đến, đoàn xã đều lên phương án sẵn sàng, phân công cụ thể từng nhóm phụ trách địa bàn, đảm bảo khi có mưa lớn là vào cuộc ngay. Nhờ vậy, đợt này không có thiệt hại về người, bà con được di dời kịp thời"", anh Thanh nói.
Anh Hồ Văn Thanh cho hay không chỉ lo cho người dân, cácđoàn viênthanh niên còn vận chuyển lương thực, thuốc men, nước uống vào các điểm bị cô lập. Nhiều đêm, họ cùng các lực lượng cắm chốt ở điểm sơ tán, vừa hỗ trợ, vừa động viên bà con ổn định tinh thần với niềm tin rằng: ""Sẽ không có ai phải đơn độc trong mưa lũ"". Đây như một lời hứa danh dự của thế hệ trẻ với đồng bào mình.
Chiến sĩ Lữ đoàn Công binh 270 kịp thời cứu nạn nhân co giật giữa biển nước Đà Nẵng
Trao đổi với PVThanh Niên, bà Phạm Thị Mỹ Hạnh, Phó bí thư Đảng ủy xã Trà Tập, khẳng định trong bối cảnh mưa lớn kéo dài, tình hình sạt lở đang diễn biến phức tạp, đe dọa trực tiếp đến tính mạng và tài sản của nhân dân, lực lượng đoàn viên, thanh niên xã Trà Tập đã thể hiện tinh thần xung kích, trách nhiệm rất đáng trân trọng. ""Các bạn là những người có mặt đầu tiên cùng chính quyền địa phương đến từng nóc nhà, từng khu vực có nguy cơ sạt lở để vận động, hỗ trợ người dân di dời đến nơi an toàn, dựng bạt, gia cố điểm trú ẩn tạm"", bà Hạnh nhấn mạnh.
Dù thời tiết khắc nghiệt, đường sá chia cắt, các bạn vẫn không nề hà khó khăn, làm việc xuyên đêm để giúp bà con tránh trú an toàn. Không chỉ dừng lại ở việc di dời và hỗ trợ tại chỗ, đoàn viên thanh niên còn tổ chức các chuyến đi bộ gùi cõng hàng, chủ yếu là mì tôm, nước uống, cá khô, áo ấm… đến các điểm bị cô lập hoàn toàn do sạt lở. ""Những việc làm ấy cho thấy rõ tinh thần ""đâu cầnthanh niêncó, đâu khó có thanh niên"". Đây là nguồn động viên lớn giúp chính quyền và nhân dân Trà Tập thêm vững tin vượt qua giai đoạn nguy hiểm này"", bà Hạnh cho biết.
Phó bí thư Đảng ủy xã Trà Tập chia sẻ: ""Ở những nơi như Trà Tập, khi thiên tai đến, mọi sự giúp đỡ đều trở nên quý giá. Những đôi vai trẻ gùi nhu yếu phẩm băng qua bùn đất ấy, với người dân, không chỉ mang đến đồ ăn mà còn là niềm tin, là chỗ dựa tinh thần kiên cố giữa bão lũ""."
https://thanhnien.vn/tuoi-tre-cao-bang-chung-tay-giup-dan-khac-phuc-hau-qua-mua-lu-185251010102537535.htm,Tuổi trẻ Cao Bằng chung tay giúp dân khắc phục hậu quả mưa lũ,"Những ngày vừa qua tỉnh Cao Bằng bị ảnh hưởng nặng nề bởi 2 cơn bão Bualoi (bão số 10) và Matmo (bão số 11). Trước những khó khăn của người dân, tuổi trẻ Cao Bằng đã chung tay giúp dân khắc phục hậu quả.","Ngày 9.10, đoàn công tác của Tỉnh đoàn Cao Bằng do chị Triệu Thanh Dung, Tỉnh ủy viên, Bí thư Tỉnh đoàn, làm trưởng đoàn, đã đến thăm hỏi, động viên và trao tặng các phần quà của nhà tài trợ tới những gia đình có hoàn cảnh khó khăn bị ảnh hưởng bởimưa lũtại các phường Thục Phán, Nùng Trí Cao, Tân Giang.
Chị Triệu Thanh Dung trao quà cho hộ dân P.Thục Phán bị ảnh hưởng bởi mưa lũ
ẢNH: CTV
Tại các điểm đến, đoàn công tác ân cần thăm hỏi tình hình đời sống, động viên bà con sớm khắc phục khó khăn, ổn định cuộc sống sau thiên tai.
Nhằm chia sẻ phần nào những mất mát, thiệt hại, đoàn công tác đã trao tặng 30 suất quà (mỗi suất trị giá 300.000 đồng), gồm các nhu yếu phẩm thiết yếu, góp phần giúp các gia đình vượt qua khó khăn trước mắt và sớm ổn định cuộc sống.
Đoàn công tác Tỉnh đoàn Cao Bằng trao quà cho người dân P.Nùng Trí Cao
ẢNH: CTV
Đoàn công tác trao quà cho người dân vùng mưa lũ P.Tân Giang
ẢNH: CTV
Trước đó, tuổi trẻ Cao Bằng đã phát huy tinh thần xung kích, tình nguyện, nhanh chóng có mặt tại các điểm bị ảnh hưởng nặng để hỗ trợ nhân dân khắc phục hậu quả.
Chị Triệu Thanh Dung, Bí thư Tỉnh đoàn, cho biết sau cơn bão số 10, thực hiện chỉ đạo của Tỉnh đoàn, khoảng 5.000 lượt đoàn viên, thanh niên ra quân, tham gia dọn dẹp bùn đất, thu gom rác thải, khơi thông cống rãnh, dọn cây gãy đổ tại các tuyến đường, trường học, trạm y tế.
Nhiều đoàn viên còn giúp người dân sửa chữa mái nhà, tường nứt, chuồng trại, hỗ trợ gieo trồng lại cây mùa vụ, chăm sóc vật nuôi, khôi phục sản xuất.
Thanh niên tình nguyện dọn dẹp vệ sinh sau lũ ở Cao Bằng
ẢNH: CTV
Cùng đó, các cơ sở đoàn đã tổ chức thăm hỏi, động viên, trao quà hỗ trợ thiết yếu như gạo, chăn màn, đồ dùng học tập cho các gia đình thiệt hại nặng.
Tỉnh đoàn cũng phát động chiến dịch ""Chung tay vượt bão"", kêu gọi đoàn viên, doanh nghiệp quyên góp tiền mặt, nhu yếu phẩm, vật liệu xây dựng để kịp thời sẻ chia khó khăn với bà con.
Khoảng 5.000 lượt đoàn viên, thanh niên ra quân, tham gia dọn dẹp bùn đất, thu gom rác thải, khơi thông cống rãnh sau lũ
ẢNH: CTV
""Đáng chú ý, sau khi Đoàn xã Phục Hòa tiếp nhận được thông tin có thai phụ chuyển dạ gấp mà vẫn đang ở trong vùng cô lập, Đoàn xã đã báo cáo Ban Chỉ huy phòng thủ dân sự xã triển khai gấp đội hình, lực lượng để đưa thai phụ đến trung tâm y tế an toàn, giúp sản phụ sinh em bé, mẹ tròn con vuông"", chị Dung chia sẻ."
https://thanhnien.vn/doanh-nhan-sao-do-phai-la-nhung-nguoi-di-dau-trong-doi-moi-sang-tao-185251030211804029.htm,Doanh nhân Sao Đỏ phải là những người đi đầu trong đổi mới sáng tạo,"Chủ tịch Hội Doanh nhân trẻ Việt Nam Đặng Hồng Anh cho rằng, những doanh nhân Sao Đỏ được lựa chọn không chỉ là người giỏi điều hành, phát triển kinh tế, mà còn phải là những chiến sĩ tiên phong trên mặt trận mới.","Chiều 30.10, tại Hà Nội đã diễn ra hội nghị Hội đồng chung tuyểnGiải thưởng Sao Đỏ- Doanh nhân trẻ Việt Nam tiêu biểu năm 2025.
Chủ trì hội nghị có anh Đặng Hồng Anh, Phó chủ tịch Hội Liên hiệp thanh niên Việt Nam, Chủ tịch Hội Doanh nhân trẻ Việt Nam, Phó chủ tịch thường trực Hội đồng chung tuyển. Cùng tham dự có anh Nguyễn Kim Quy, Phó chủ tịch thường trực T.Ư Hội Liên hiệp thanh niên Việt Nam, Phó chủ tịch Hội đồng chung tuyển.
Anh Nguyễn Kim Quy cùng chủ trì Hội đồng chung tuyển
ẢNH: CTV
Phát biểu tại chương trình, anhĐặng Hồng Anhnhấn mạnh ý nghĩa đặc biệt của giải thưởng sau 26 năm hình thành và phát triển. Giải thưởng Sao Đỏ - Doanh nhân trẻ Việt Nam tiêu biểu năm 2025 không chỉ là niềm tự hào của thế hệ doanh nhân trẻ Việt Nam, mà còn là sự ghi nhận những nỗ lực, trí tuệ và đóng góp của họ đối với sự phát triển kinh tế - xã hội của đất nước.
Bước vào giai đoạn mới của kỷ nguyên phát triển, anh Đặng Hồng Anh cho rằng, vai trò của lực lượng doanh nhân trẻ càng trở nên quan trọng hơn bao giờ hết. Họ chính là ""những tấm gương sáng, niềm cảm hứng của giới trẻ"", góp phần khơi dậy khát vọng làm giàu chính đáng trong thanh niên cả nước.
Anh Đặng Hồng Anh phát biểu tại hội nghị
ẢNH: CTV
Anh Đặng Hồng Anh nhấn mạnh nhiệm vụ của Hội đồng chung tuyển là vô cùng quan trọng, khi lựa chọn từ 120 ứng viên tiêu biểu để trao danh hiệutop 100 Doanh nhân trẻ Việt Nam tiêu biểu, trong đó 10 gương mặt xuất sắc nhất sẽ được vinh danhGiải thưởng Sao Đỏ 2025.
""Những doanh nhân Sao Đỏ mà chúng ta lựa chọn không chỉ là người giỏi điều hành, phát triển kinh tế, mà còn phải là những chiến sĩ tiên phong trên mặt trận mới này. Họ phải là những người đi đầu trong đổi mới sáng tạo, hội nhập quốc tế, trong thượng tôn pháp luật và là nòng cốt để hiện thực hóa khát vọng phát triển kinh tế tư nhân"", anh Đặng Hồng Anh nêu quan điểm.
Thành viên hội đồng nêu ý kiến tại hội nghị
ẢNH: CTV
Theo anh Đặng Hồng Anh, họ cũng chính là những tấm gương tiêu biểu trong việc xây dựng và phát triển văn hóa doanh nghiệp, nêu cao tinh thần tương thân, tương ái và phát huy những truyền thống văn hóa tốt đẹp của con người Việt Nam.
Anh Đặng Hồng Anh bày tỏtin tưởngrằng với tinh thần trách nhiệm và tâm huyết của toàn thể hội đồng, vòng chung tuyển năm nay sẽ tìm ra những doanh nhân không chỉ xuất sắc trong kinh doanh, mà còn là biểu tượng củaý chí, sáng tạo và trách nhiệm xã hội của doanh nhân Việt Nam.
Ban tổ chức cho biết, Giải thưởng Sao Đỏ - Doanh nhân trẻ Việt Nam tiêu biểu năm 2025 được triển khai từ tháng 7. Ban tổ chức đã ghi nhận hơn 300 ứng viên đăng ký tham gia. Qua quá trình chọn lọc, 137 hồ sơ từ 26 tỉnh, thành phố đã được đề cử tham gia giải thưởng.
Ngày 2.10, Hội đồng sơ tuyển toàn quốc đã họp và bình chọn ra 120 ứng viên vào vòng chung tuyển. Ngay sau hội nghị sơ tuyển, 43 đoàn thẩm định thực tế đã được thành lập, với sự tham gia của lãnh đạo Hội Doanh nhân trẻ Việt Nam; Hội Doanh nhân trẻ các tỉnh, thành phố; các chuyên gia tài chính, kiểm toán độc lập từ KPMG Việt Nam và các đơn vị báo chí.
Hội đồng bỏ phiếu kín lựa chọn 10 doanh nhân trẻ xuất sắc nhất để trao tặng Giải thưởng Sao Đỏ 2025
ẢNH: CTV
Tại hội nghị chung tuyển, hội đồng đã làm việc nghiêm túc, khách quan, nghiên cứu kỹ lưỡng các hồ sơ, báo cáo thẩm định và bảng tổng hợp chấm điểm theo các tiêu chí đã ban hành.
Dựa trên kết quả thảo luận, hội nghị đã thống nhất lựa chọn ra top 100, top 30 doanh nhân trẻ Việt Nam tiêu biểu 2025 và bỏ phiếu kín lựa chọn 10 doanh nhân trẻ xuất sắc nhất để trao tặng Giải thưởng Sao Đỏ - Doanh nhân trẻ Việt Nam tiêu biểu năm 2025.
Dự kiến, lễ trao Giải thưởng Sao Đỏ - Doanh nhân trẻ Việt Nam tiêu biểu năm 2025 sẽ được tổ chức trọng thể vào ngày 26.11 tới, là một trong những sự kiện đặc biệt chào mừng Đại hội đại biểu toàn quốc Hội Doanh nhân trẻ Việt Nam lần thứ 8, sẽ diễn ra cùng thời điểm này."
https://thanhnien.vn/chuyen-doi-so-cua-doan-phai-bat-dau-tu-nhung-viec-lam-cu-the-185251030174709115.htm,Chuyển đổi số của Đoàn phải bắt đầu từ những việc làm cụ thể,"Anh Nguyễn Nhất Linh, Bí thư Đoàn Thanh niên MTTQ, các đoàn thể T.Ư, cho rằng chuyển đổi số của Đoàn không nói suông, không làm tượng trưng, không làm để báo cáo, mà phải bắt đầu từ những việc làm cụ thể.","Ngày 30.10, Đoàn Thanh niên MTTQ, các đoàn thể T.Ư đã tổ chức Diễn đàn ""Tuổi trẻ MTTQ, các đoàn thể T.Ư tiên phong ứng dụngcông nghệ sốtrong hiện đại hóa công tác chuyên môn, nghiệp vụ"". Tham dự diễn đàn có bà Nguyễn Thị Thanh Bình, Phó trưởng ban Tuyên giáo và Dân vận Đảng ủy MTTQ, các đoàn thể T.Ư.
Phát biểu khai mạc diễn đàn, anh Nguyễn Nhất Linh, Ủy viên Ban Chấp hành T.Ư Đoàn, Bí thư Đoàn Thanh niên MTTQ, các đoàn thể T.Ư, cho rằng chuyển đổi số không còn là khẩu hiệu hay xu hướng tương lai, mà đã trở thành yêu cầu bắt buộc trong mọi lĩnh vực, trong đó có công tác Đoàn và phong trào thanh niên.
""Với đặc thù là tổ chức của tuổi trẻ, lực lượng tiên phong trong đổi mới sáng tạo, Đoàn Thanh niên phải đi đầu, dám thử nghiệm, dám làm thật và phải làm đến nơi đến chốn"", anh Linh nói.
Anh Nguyễn Nhất Linh phát biểu tại diễn đàn
ẢNH: CTV
Theo anh Linh, thực tế cho thấy, thời gian qua, nhiều đơn vị đã chủ động ứng dụng công nghệ số trong quản lý đoàn viên, trong tuyên truyền giáo dục, trong các phong trào hành động cách mạng. Tuy nhiên, chuyển đổi số vẫn còn nặng về phong trào, thiếu tính đo lường cụ thể và chưa tạo được sự thay đổi căn bản trong phương thức hoạt động.
""Hôm nay, tôi muốn nhấn mạnh một tinh thần hành động rõ ràng: không nói suông, không làm tượng trưng, không làm để báo cáo. Chuyển đổi số của Đoàn phải bắt đầu từ những việc làm cụ thể, gắn với nhu cầu thật của thanh niên, của cơ sở và phải có thước đo hiệu quả rõ ràng cho từng hoạt động"", anh Linh nhấn mạnh.
Các đại biểu tham dự diễn đàn
ẢNH: CTV
Theo anh Linh, mỗi mô hình, mỗi nền tảng số phải được thử nghiệm thực tế tại cơ sở; có đoàn viên, thanh niên sử dụng, có dữ liệu, có phản hồi. Đo lường thay vì báo cáo cảm tính; học đi đôi với làm: đào tạo kỹ năng số phải gắn liền với việc thực hành dự án thật.
Đồng thời, cần xây dựng đội ngũ cán bộ Đoàn không chỉ biết dùng công nghệ, mà biết ứng dụng công nghệ để giải quyết vấn đề thanh niên, từ việc kết nối, định hướng nghề nghiệp, đến quản trị hoạt động Đoàn hiệu quả.
Tại diễn đàn, các đại biểu đã nghe phần chia sẻ chuyên đề của anh Hoàng Đức Nam, Ủy viên Ban Chấp hành T.Ư Đoàn, Ủy viên Ban Thường vụ Đoàn Thanh niên MTTQ, các đoàn thể T.Ư, Phó trưởng ban Công tác Đoàn, với nội dung: ""Ứng dụng trí tuệ nhân tạo (AI) trong công tác tham mưu tại cơ quan chuyên trách của Đoàn"". Chủ đề đã giúp đoàn viên, thanh niên có thêm kiến thức, kỹ năng và phương pháp ứng dụng công nghệ trong công việc hằng ngày.
Anh Hoàng Đức Nam chia sẻ tại diễn đàn
ẢNH: CTV
Anh Nguyễn Dương Hồng Giang, Giám đốc Kỹ thuật PTHub, giới thiệu về ứng dụng hỗ trợ công tác Đoàn và phong trào thanh niên đang được phát triển và triển khai thực tiễn tại các cơ sở Đoàn. Trong đó, nổi bật là các công cụ tích hợp trí tuệ nhân tạo phục vụ công tác điều hành, quản lý văn bản, truyền thông nội bộ và hỗ trợ tương tác với đoàn viên, thanh niên.
Chương trình cũng ghi nhận nhiều ý kiến tham luận tiêu biểu của các cơ sở Đoàn trực thuộc. Các đại biểu đã làm nổi bật vai trò tiên phong, xung kích của tuổi trẻ MTTQ, các đoàn thể T.Ư trong quá trình chuyển đổi số; đồng thời đề xuất nhiều giải pháp thiết thực nhằm nâng cao hiệu quả công tác chuyên môn, nghiệp vụ và xây dựng hình ảnh người cán bộ trẻ năng động, sáng tạo trong thời kỳ mới.
Theo ban tổ chức, kết quả của diễn đàn sẽ được tổng hợp, làm cơ sở để nhân rộng các mô hình hay, cách làm sáng tạo trong toàn hệ thống Đoàn Thanh niên MTTQ, các đoàn thể T.Ư, góp phần hiện thực hóa mục tiêu ""Chuyển đổi số - đổi mới - sáng tạo - hiện đại hóa vì thanh niên, vì cộng đồng""."
https://thanhnien.vn/su-kien-mo-dau-cho-chuoi-11-hoi-thao-khoa-hoc-sinh-vien-toan-quoc-185251030182050303.htm,Sự kiện mở đầu cho chuỗi 11 hội thảo khoa học sinh viên toàn quốc,"Sáng 30.10, tại Trường ĐH Bách khoa (ĐH Quốc gia TP.HCM), T.Ư Hội Sinh viên Việt Nam chỉ đạo Hội Sinh viên Việt Nam TP.HCM phối hợp với Hội Sinh viên Việt Nam tại Úc tổ chức Hội thảo khoa học sinh viên lĩnh vực điện toán đám mây, điện toán lượng tử và dữ liệu lớn.","Sự kiện là hoạt động mở đầu cho chuỗi 11 hội thảo khoa học sinh viên toàn quốc, gắn với các nhóm ngành công nghệ chiến lược theo định hướng Nghị quyết 57-NQ/TW của Bộ Chính trị về đột phá phát triển khoa học – công nghệ, đổi mới sáng tạo và chuyển đổi số quốc gia.
Phát biểu chỉ đạo tại hội thảo, anh Nguyễn Minh Triết, Bí thư T.Ư Đoàn, Chủ tịch T.Ư Hội Sinh viên Việt Nam, nhấn mạnh ý nghĩa đặc biệt của chương trình: ""Hội thảo khoa học sinh viên trên 11 lĩnh vực công nghệ chiến lược mà Chính phủ vừa ban hành, trong đó hội thảo về điện toán đám mây, điện toán lượng tử và dữ liệu lớn là điểm khởi đầu. Đây không chỉ là một hoạt động học thuật, mà còn là hành trình khẳng định vai trò tiên phong của sinh viên Việt Nam trong nghiên cứu, sáng tạo và làm chủcông nghệ"".
Anh Nguyễn Minh Triết, Bí thư T.Ư Đoàn, Chủ tịch T.Ư Hội Sinh viên Việt Nam phát biểu tại hội thảo
ẢNH: C.T.V
Anh Triết cho biết chuỗi hội thảo này là bước cụ thể hóa định hướng lớn của Đảng và Nhà nước về phát triển nguồn nhân lực công nghệ cao, qua đó tạo ra một diễn đàn học thuật mở, nơi sinh viên, giảng viên, nhà khoa học và doanh nghiệp có thể gặp gỡ, trao đổi, chia sẻ tri thức, đề xuất hướng nghiên cứu và ứng dụng mới, góp phần định hình không gian tri thức Việt Nam thời đại số.
Các sinh viên tham gia hội thảo
ẢNH: C.T.V
Theo anh Triết, đất nước đang chuyển mình mạnh mẽ trong kỷ nguyên số, và tri thức chính là nguồn năng lượng của phát triển. ""Phát triển khoa học, công nghệ; đổi mới sáng tạo và chuyển đổi số quốc gia là một trong 3 đột phá chiến lược. Con đường phát triển của Việt Nam hôm nay không thể dựa vào tài nguyên hay lao động giá rẻ, mà phải dựa trên trí tuệ và sáng tạo của con người Việt Nam"", anh Triết nói
Hội thảo được tổ chức kết hợp trực tiếp và trực tuyến, với sự tham dự của hơn 800 chuyên gia, giảng viên, sinh viên tại điểm cầu TP.HCM cùng hơn 2.000 sinh viên ở gần 90 điểm cầu trong nước và 15 Hội Sinh viên Việt Nam ở nước ngoài.
Hội thảo có nhiều tham luận của các nhà khoa học trẻ
ẢNH: C.T.V
Hội thảo quy tụ nhiều tham luận tiêu biểu đến từ các trường đại học, viện nghiên cứu và doanh nghiệp công nghệ trong và ngoài nước, trong đó có: PGS.TS Thoại Nam (Viện Khoa học và Công nghệ tiên tiến liên ngành, Trường ĐH Bách khoa TP.HCM); tiến sĩ Wibowo Hardjawana (ĐH Sydney, Úc); tiến sĩ Đào Như Ngọc (ĐH Sejong, Hàn Quốc);  PGS.TS Nguyễn Ngọc Điệp (Giám đốc Trung tâm công nghệ chiến lược Australia - Vietnam);  đại diện doanh nghiệp FPT Software, Softech cùng các nhà nghiên cứu trẻ.
Hội thảo góp phần xây dựng một mạng lưới học thuật của sinh viên Việt Nam trên toàn cầu
ẢNH: C.T.V
Anh Nguyễn Minh Triết đánh giá cao tinh thần học thuật, sáng tạo và khát vọng cống hiến của sinh viên Việt Nam trong nước và quốc tế: ""Tri thức không chỉ để học, để thi, mà để sống, để sáng tạo và để cống hiến. Mỗi dòng mã, mỗi ý tưởng, mỗi công trình nghiên cứu của các bạn – dù nhỏ bé đến đâu – đều là một viên gạch góp vào nền móng của một Việt Nam hùng cường trong tương lai"".
Anh Triết cũng gửi thông điệp đến toàn hệ thống Hội Sinh viên trong và ngoài nước: ""Hội Sinh viên các tỉnh, thành phố, các trường và các tổ chức Hội Sinh viên Việt Nam ở nước ngoài cần tích cực hưởng ứng, sáng tạo các mô hình học thuật phù hợp, góp phần xây dựng một mạng lưới học thuật trẻ toàn cầu – nơi mỗi sinh viên Việt Nam, dù ở trong hay ngoài nước, đều được kết nối, được cống hiến và được trưởng thành"".
Theo báo cáo nhanh của ban tổ chức, hội thảo đã tạo hiệu ứng lan tỏa mạnh mẽ trong cộng đồng sinh viên công nghệ, thu hút sự quan tâm của các chuyên gia, doanh nghiệp và các trường đại học trong và ngoài nước. Các đại biểu đánh giá cao tinh thần kết nối học thuật, tính thời sự của chủ đề, cũng như định hướng xây dựng mạng lưới sinh viên tài năng công nghệ giai đoạn 2025 – 2030.
Các ý kiến thảo luận tại hội thảo thống nhất đề xuất thành lập mạng lưới sinh viên điện toán đám mây, điện toán lượng tử và dữ liệu lớn, trực thuộc hệ thống Hội Sinh viên Việt Nam, nhằm thúc đẩy chia sẻ học thuật, khởi nghiệp sáng tạo và hợp tác nghiên cứu giữa sinh viên Việt Nam trong nước với du học sinh quốc tế.
Nhiều tham luận được trình bày tại hội thảo
ẢNH: C.T.V
Anh Nguyễn Minh Triết tặng hoa cho các đơn vị cùng tham gia tổ chức hội thảo
ẢNH: C.T.V
Hội thảo cũng là bước khởi đầu quan trọng để triển khai các hội thảo tiếp theo trong chuỗi 11 nhóm lĩnh vực công nghệ chiến lược mà T.Ư Hội Sinh viên Việt Nam sẽ chủ trì trong thời gian tới, góp phần đào tạo, phát hiện và nuôi dưỡng đội ngũ trí thức trẻ sẵn sàng tham gia vào tiến trình chuyển đổi số quốc gia.
Anh Nguyễn Minh Triết khẳng định: ""T.Ư Hội Sinh viên Việt Nam cam kết sẽ tiếp tục đóng vai trò kiến tạo, kết nối và đồng hành, tạo mọi điều kiện tốt nhất để sinh viên Việt Nam thực hiện sứ mệnh làm chủ khoa học – công nghệ, luôn giữ vững vị thế tiên phong trong công cuộc chuyển đổi số quốc gia giai đoạn 2025 – 2030, góp phần đưa đất nước cất cánh trong kỷ nguyên mới của tri thức và sáng tạo"".
Hội thảo này là sự kiện khởi đầu cho chuỗi 11 hội thảo khoa học sinh viên toàn quốc gắn với 11 nhóm công nghệ chiến lược của Việt Nam, bao gồm: AI, chip bán dẫn, an ninh mạng, robot - tự động hóa, vật liệu - năng lượng tiên tiến, y sinh học, blockchain, 5G/6G, công nghệ đất hiếm - đại dương - lòng đất, và hàng không - vũ trụ.
Sự kiện góp phần khẳng định vai trò tiên phong của Hội Sinh viên Việt Nam, sinh viên Việt Nam trong nghiên cứu, sáng tạo và làm chủ các công nghệ nền tảng, thúc đẩy hợp tác giữa nhà trường - doanh nghiệp - tổ chức quốc tế, và chuẩn bị nguồn nhân lực chất lượng cao cho chuyển đổi số quốc gia giai đoạn 2025-2030.
"
https://thanhnien.vn/hang-loat-viec-lam-luong-tu-20-trieu-dong-thang-dang-can-tuyen-gap-185251030142146829.htm,Hàng loạt việc làm lương từ 20 triệu đồng/tháng đang cần tuyển gấp,"Với mức lương từ 20 triệu đồng/tháng, nhiều việc làm đang chờ ứng viên.","Ngày 30.10, Trung tâm dịch vụ việc làm Thanh niên TP.HCM phối hợp với Đoàn cơ sở Phòng Cảnh sát cơ động Công an TP.HCM tổ chức Ngày hội ""Tư vấn hướng nghiệp, giới thiệu việc làmcho chiến sĩ nghĩa vụ xuất ngũ"" năm 2025.
Sự kiện này nhằm hỗ trợ kịp thời nhu cầu việc làm cho các chiến sĩ sắp xuất ngũ, đồng thời giới thiệu thông tin tuyển dụng từ nhiều doanh nghiệp uy tín
ẢNH: AN VY
Tại ngày hội, hơn 15 doanh nghiệp tham gia tuyển dụng trực tiếp với khoảng 500 vị trí việc làm đa dạng. Nhiều vị trí nổi bật với mức lương cao từ 20 triệu đồng/tháng, thu hút sự quan tâm lớn từ ứng viên.
Đại diện Công ty cổ phần xe khách Phương Trang – Futa Bus Lines chia sẻ về nhu cầu tuyển dụng lớn do mở rộng các tuyến buýt. Hiện tại, công ty đang cần 500 lái xe buýt dấu E, 500 lái xe buýt dấu D và 1.000 tiếp viên xe buýt. Vị trí lái xe buýt dấu E có thu nhập từ 20-24 triệu đồng/tháng. Lái xe dấu D nhận 16-18 triệu đồng/tháng, trong khi tiếp viên xe buýt dao động từ 11-12 triệu đồng/tháng.
Đại diện Công ty cổ phần xe khách Phương Trang – Futa Bus Lines đang tư vấn việc làm cho các ứng viên
ẢNH: AN VY
""Thời gian làm việc linh hoạt từ 5 giờ sáng đến 22 giờ tối, cho phép nhân viên chủ động sắp xếp ca làm. Hiện tại, công ty tuyển cho 35 tuyến buýt tại TP.HCM và dự kiến mở rộng thêm nhiều tuyến nội, ngoại thành. Ứng viên có nhiều lựa chọn để phù hợp với nơi ở và lịch trình cá nhân. Ngoài lương cơ bản, công ty hỗ trợ chỗ lưu trú, phụ cấp hoàn thành nhiệm vụ và các phúc lợi khác. Yêu cầu cho lái xe là bằng lái dấu D hoặc E, còn tiếp viên cần trung thực, tỉ mỉ và khả năng giao tiếp tốt để phục vụ hành khách hiệu quả"", đại diện công ty chia sẻ.
Công ty Eduwing Global (TP.HCM) đang tuyển nhiều cộng tác viên. Công việc này phù hợp cho sinh viên hoặc người đi làm có thời gian rảnh rỗi. Ông Hồ Đức Hoàn, Giám đốc điều hành, cho biết vị trí này không yêu cầu kinh nghiệm, bằng cấp hay đặt cọc. Ứng viên chỉ cần đăng ký trên hệ thống, sau đó giới thiệu và gửi link về chương trình thực tập sinh tại Đức. Mỗi lượt đăng ký thành công, bạn sẽ có hoa hồng từ 10-15 triệu đồng. Đặc biệt, cộng tác viên không phải tư vấn trực tiếp mà đội ngũ công ty sẽ hỗ trợ toàn bộ. ""Công việc này không chỉ mang lại thu nhập cao mà còn giúp chia sẻ cơ hội việc làm châu Âu cho gia đình, bạn bè. Với mô hình làm việc linh hoạt, đây là lựa chọn lý tưởng cho những ai muốn kiếm thêm mà không ràng buộc thời gian cố định"", ông Hoàn nói.
Sự kiện thu hút sự quan tâm của các ứng viên
ẢNH: AN VY
Chị Nguyễn Thị Tuyết Trâm, Trưởng nhóm tuyển dụng Công ty cổ phần Green Speed (TP.HCM), cho biết công ty chị mang đến vị trí hấp dẫn, phù hợp với độ tuổi 18-40, chẳng hạn như sale thị trường, PG bán hàng tại siêu thị… Mức lương dao động từ 10 triệu đồng/tháng trở lên, cao nhất lên đến 20 triệu đồng/tháng tùy hiệu suất. Ví dụ, nhân viên sale thị trường sẽ tiếp cận các cửa hàng tạp hóa để giới thiệu sản phẩm mới, yêu cầu sức khỏe tốt, bằng lái xe để chở hàng nhỏ và khả năng giao tiếp cơ bản.
Ngoài ra, chị Trâm giới thiệu vị trí nhân viên tư vấn trưng bày có thu nhập 10 - 11,6 triệu đồng/tháng. Công việc là trưng bày hàng hóa, kiểm tra giá cả và chương trình khuyến mãi. Ứng viên được thử việc với 100% lương, tham gia đầy đủ bảo hiểm xã hội, y tế và tai nạn. Còn với vị trí nhân viên tư vấn bán hàng nhận 7-12 triệu đồng/tháng, làm ca xoay 6,5 giờ đồng hồ/ngày, tập trung vào tư vấn sản phẩm, xử lý phản hồi khách hàng và xây dựng mối quan hệ tại điểm bán.
Có đến 500 việc làm được giới thiệu trong ngày hội
ẢNH: AN VY
Công ty TNHH Trung tâm thể dục thể hình và yoga California tuyển dụng số lượng PT (huấn luyện viên cá nhân) không giới hạn. Ông Trần Phước Thọ, Trưởng bộ phận huấn luyện cá nhân, chia sẻ công việc này rất thích hợp với các bạn đã được đào tạo về vận động vì phù hợp với chuyên ngành thể dục thể thao, chăm sóc sức khỏe ở bên ông. Thu nhập trung bình ban đầu từ 10-15 triệu đồng/tháng, tăng dần theo kinh nghiệm và thời gian làm việc. Ứng viên sẽ được đội ngũ master ở công ty đào tạo kỹ lưỡng, để đảm bảo kỹ năng chăm sóc sức khỏe cộng đồng hiệu quả. Bên cạnh lương, bạn sẽ còn nhận được chế độ phúc lợi đầy đủ.
Công ty CP Takahiro (TP.HCM) đang tuyển dụng nhiều vị trí trong ngành dịch vụ nhà hàng, không yêu cầu kinh nghiệm. Chị Lê Thị Thủy Tiên, Trưởng phòng nhân sự, cho biết hiện tại công ty đang tuyển phụ bếp, phục vụ, thu ngân, pha chế, lễ tân, tiếp thực,… Nhân viên sẽ được đào tạo từ chuyên gia Nhật Bản. Lương bán thời gian từ 27.000 đồng - 37.000 đồng/giờ, toàn thời gian từ 8-10 triệu đồng/tháng. Đây là môi trường lý tưởng để học hỏi kỹ năng chuyên nghiệp và làm việc trong không khí hiện đại.
Ngày hội “Tư vấn hướng nghiệp, giới thiệu việc làm cho chiến sĩ nghĩa vụ xuất ngũ” năm 2025 thu hút sự quan tâm của các bạn trẻ
ẢNH: AN VY
Công ty cổ phần dịch vụ bảo vệ Đại Nam (TP.HCM) đang tìm kiếm nhân viên bảo vệ độ tuổi từ 20-40. Ông Nguyễn Văn Hiếu, nhân viên công ty, chia sẻ mức lương từ 7 - 10,6 triệu đồng/tháng, với đầy đủ bảo hiểm và chế độ làm việc ổn định."
https://thanhnien.vn/hang-nghin-viec-lam-co-muc-luong-tu-12-40-trieu-dong-thang-185251023140801161.htm,Hàng nghìn việc làm có mức lương từ 12 - 40 triệu đồng/tháng,Nhiều doanh nghiệp đưa ra mức lương từ 12 triệu đồng trở lên để chào mời ứng viên. Có việc làm lương 'khủng' từ 30-40 triệu đồng/tháng.,"Ngày 23.10, Trung tâm dịch vụ việc làm TP.HCMtổ chức ngày hội việc làm, mang đến 3.779 vị trí tuyển dụng đa dạng ngành nghề.
Ông Dominic Vũ, Trưởng bộ phận tuyển dụng Công ty CP Viễn thông ACT (TP.HCM), cho biết công ty ông hoạt động trong lĩnh vực vận hành - khai thác hạ tầng viễn thông, đầu tư cho thuê hạ tầng, cung cấp giải pháp công nghệ số... đang tuyển dụng cho 2 khối văn phòng và vận hành kỹ thuật.
Ông Dominic Vũ đang phỏng vấn ứng viên tại ngày hội việc làm
ẢNH: AN VY
Đối với khối vận hành kỹ thuật, ông Dominic Vũ cho biết công ty tuyển kỹ thuật viên trạm viễn thông và kỹ thuật viên cố định băng rộng. Ứng viên cần tốt nghiệp đại học hoặc cao đẳng các ngành điện tử - viễn thông, công nghệ thông tin, điện – điện tử (chấp nhận sinh viên có bằng tốt nghiệp tạm thời hoặc bảng điểm tổng). Ứng viên dưới 35 tuổi, có sức khỏe tốt, không sợ độ cao. Người lao động sẽ được đào tạo trong 2 tháng (kết hợp lý thuyết và thực hành trên mô hình), được hướng dẫn an toàn lao động, cấp chứng chỉ nghề và hưởng lương trong thời gian đào tạo. Sau khi hoàn thành, có thể bắt tay vào công việc ngay. Mức thu nhập 8 – 12 triệu đồng/tháng trong 6 tháng đầu và 13 – 16 triệu đồng/tháng sau 1 năm, tùy theo năng lực và kinh nghiệm. Công ty đảm bảo đầy đủ chế độ BHXH, BHYT, bảo hiểm tai nạn, khám sức khỏe định kỳ, đồng thời tạo cơ hội tham gia các khóa đào tạo nghiệp vụ nâng cao và phát triển nghề nghiệp lâu dài. Khối văn phòng tuyển các vị trí kinh doanh, hành chính, thu mua... làm việc trực tiếp tại văn phòng.
Công ty Yến sào Khánh Hòa chi nhánh Hồ Chí Minh tuyển nhân viên kinh doanh và nhân viên giám sát thị trường, làm việc giờ hành chính từ thứ hai đến thứ bảy. Chị Nguyễn Thị Ngọc Diệp, Phụ trách khối cửa hàng, cho biết mức lương 13-15 triệu đồng/tháng, hỗ trợ cơm trưa, điện thoại, xăng xe. Công việc tập trung duy trì chăm sóc khách hàng cũ, phát triển mạng lưới mới, tư vấn sản phẩm, triển khai khuyến mãi và thưởng theo quy định. Yêu cầu nam, nữ từ 20-40 tuổi, kinh nghiệm sale, am hiểu địa bàn, kỹ năng giao tiếp thuyết phục tốt, ưu tiên ngành hàng tiêu dùng. Nhân viên hưởng đầy đủ chế độ luật lao động, thưởng quý, lễ tết, quà sinh nhật… ""Chỉ cần chăm chỉ, siêng năng, còn lại công ty sẽ đào tạo thêm"", chị Diệp nhấn mạnh.
Công ty TNHH SPX Express (TP.HCM) cần tuyển gấp nhân viên trạm giao nhận và nhân viên kho phân loại. Thu nhập lên đến 12 triệu đồng/tháng, 20 ngày nghỉ có lương/năm, BHXH 100% lương, phụ cấp cơm, thưởng tháng/quý/tết. Chị Hồ Dương Phương Thảo, nhân viên tuyển dụng, cho biết ở 2 vị trí này công ty yêu cầu ứng viên có bằng THCS trở lên, ưu tiên kinh nghiệm kho, xưởng, logistics, vận chuyển. Nhân viên sẽ làm việc xoay ca, tăng ca. Vì vậy, ứng viên cần phải đảm bảo thời gian làm việc.
Công ty TNHH Thực phẩm Thái Sơn (TP.HCM) tập trung tuyển nhân viên giao hàng và chăm sóc điểm bán. Bà Lê Thị Trang, đại diện, cho biết công ty đang tìm ứng viên từ 18-45 tuổi, làm việc 6 ngày/tuần theo giờ hành chính. Ứng viên chỉ cần có trình độ 9/12, có sức khỏe tốt, xe máy cá nhân, ngoài ra công ty không yêu cầu kinh nghiệm.
""Công việc của nhân viên là nhận hàng tại kho công ty rồi giao cho khách. Vì thế, các anh được linh hoạt chọn kho gần nhà. Thu nhập 8-12 triệu đồng/tháng tùy doanh số, chưa kể còn phụ cấp xăng, thưởng sản lượng... Nhân viên được cấp sim 4G, cước điện thoại, đồng phục miễn phí, hỗ trợ nhớt xe 1 bình/tháng, lộ trình thăng tiến rõ ràng"", bà Trang nói.
Chị Trương Ngọc Thanh, Trưởng phòng hành chính nhân sự Hong Ngoc Ha Travel (TP.HCM), đang tuyển nhân viên kinh doanh, booker vé máy bay,… Chị Thanh tiết lộ công ty đang nhiều vị trí để đào tạo, nhân viên sẽ có thu nhập cạnh tranh thị trường tùy năng lực, có lộ trình thăng tiến rõ, ăn trưa miễn phí, gửi xe, bảo hiểm sức khỏe…
Có rất nhiều việc làm mới được giới thiệu tại ngày hội
ẢNH: AN VY
Công ty TNHH VietNam Concentrix Services (TP.HCM) đang cần tuyển 30 vị trí chăm sóc khách hàng tiếng Anh và tiếng Trung tại chi nhánh công ty ở Malaysia. Chị Phan Đặng Mai Phương, chuyên viên nhân sự, tiết lộ thu nhập của ứng viên sẽ từ 30-40 triệu đồng/tháng. Công ty tài trợ vé máy bay 1 chiều và chỗ ở. Yêu cầu là có bằng HSK 3, 4 trở lên, tiếng Anh B1 trở lên. Đặc biệt ứng viên cần giao tiếp tiếng Trung tốt và có bằng đại học, cao đẳng trở lên. Hệ thống làm việc hoàn toàn tiếng Anh, rất phù hợp bạn trẻ muốn ra nước ngoài.
Hàng nghìn vị trí lương cao đang chờ ứng viên
ẢNH: AN VY
Công ty TNHH Hoa viên Bình An tuyển nhân viên kinh doanh, chuyên viên phát triển thị trường, tư vấn tại TP.HCM và nhân viên hành chính, nghi lễ, lễ tân… tại Đồng Nai, chỉ cần có bằng THPT trở lên là được. Bà Trần Thu Giang, Trưởng phòng hành chính nhân sự, cho biết thu nhập của ứng viên 6-12 triệu đồng/tháng tùy năng lực, làm việc ổn định lâu dài. Bên cạnh đó, công ty còn đóng bảo hiểm xã hội 100% lương cho nhân viên, được khám sức khỏe, phát đồng phục, phát triển kỹ năng. Công ty còn có nhà ăn tập thể, hỗ trợ xe đưa đón cho nhân viên từ TP.HCM đến Đồng Nai."
https://thanhnien.vn/nhung-cuoc-goi-ngat-quang-va-noi-bat-an-khi-que-nha-chim-trong-nuoc-lu-185251030122453396.htm,Những cuộc gọi ngắt quãng và nỗi bất an khi quê nhà chìm trong nước lũ,"Những ngày qua, người dân một số tỉnh, thành miền Trung gồng mình trong mưa lũ cũng là những đêm mà những người con xa quê thao thức không ngủ. Điện thoại trong tay không rời, cập nhật từng dòng tin tức, gọi về nhà trong thấp thỏm lo âu, chỉ mong nghe giọng người thân báo rằng “nhà vẫn ổn”.","Suốt mấy ngày qua, khi thông tinnước lũdâng cao ở các tỉnh miền Trung liên tục xuất hiện, Võ Thị Chi (23 tuổi, quê xã Thăng Điền, TP.Đà Nẵng, trước đây thuộc H.Thăng Bình, Quảng Nam) gần như không ngủ nổi.
Một số nơi ở tỉnh, thành miền Trung đang ngập trong biển nước
ẢNH: P.V.Đ
“Cả đêm mình cứ lướt mạng, tìm số điện thoạicứu hộ. Nhà mất điện nên gọi cho ba mẹ lúc được lúc không. Chỉ biết dặn ba mẹ cố giữ bin điện thoại, nếu nước dâng thì tìm cách ra chỗ cao. Đọc tin mưa lớn, hồ chứa xả lũ mà lòng mình cứ như lửa đốt”, Chi nghẹn giọng.
Ở xa nhà, mỗi lần nghe hai chữ “bão lũ” là tim Chi như thắt lại. Cô nói, người miền Trung lớn lên cùng mưa bão, nhưng mỗi mùa lũ đến vẫn không thể bình tâm. “Nhìn hình ảnh nước ngập trắng đồng, nhà cửa chìm trong biển nước, mình chỉ biết cầu mong trời sớm ngớt mưa, nước rút nhanh để bà con bình an”, Chi nói.
Nước ngập vào đến nhà
ẢNH: V.Đ
Cũng chung nỗi niềm ấy, Nguyễn Thị Lựu (24 tuổi) (quê xã Đại Lộc, TP.Đà Nẵng, trước là thị trấn Ái Nghĩa, Quảng Nam), chia sẻ: “Từ hôm nghe tin nước dâng là lòng không yên phút nào. Mình đang làm việc ở TP.HCM, ở quê chỉ có mẹ một mình nên mình càng lo hơn. Mỗi lần không gọi được cho mẹ là lại bất an, không tập trung làm được việc gì khác ngòa ngóng trông tin tức. Dù nhà mình không phải là rốn lũ, nhưng năm nay nước cao bất thường, mưa lại kéo dài nên lo lắm”.
Mỗi lần lướt mạng thấy người dân cầu cứu, ghe lật, người bị nước cuốn trôi… Lựu nói cô không cầm được nước mắt. “Nhà mình may không ngập sâu, nhưng xung quanh nhiều nơi nước gần lút mái, bà con bị cô lập. Mẹ kể đội cứu hộ có chỗ chưa vào được vì nước chảy xiết. Nghe vậy mà lòng mình nặng trĩu. Chỉ mong sao đợt lũ này sớm qua, ai cũng còn nguyên mái nhà để trở về”, Lựu tâm sự.
'Đại hồng thủy' trên sông Thu Bồn: Lũ vượt mốc lịch sử năm 1964 là 0,14 mét
Đêm qua, Đỗ Nguyễn Hiếu (22 tuổi, quê xã Điện Bàn Tây, TP.Đà Nẵng, trước là thôn Thi Phương, xã Điện Phước, TX.Điện Bàn, Quảng Nam) đã trải qua những giờ phút dài nhất trong đời. Đang làm việc ở TP.HCM, ở quê chỉ còn mẹ, khi nghe tin nước đã ngập gần lút gác, Hiếu hoảng hốt lên mạng xã hội đăng tin cầu cứu.
Hiếu bất lực đăng tin cầu cứu
ẢNH: CHỤP MÀN HÌNH
“Mình đăng bài chỉ mong ai gần đó, có ghe hoặc ca nô thì giúp đưa mẹ ra ngoài. Cả đêm mình không thể làm gì được, chỉ biết chờ tin và cầu mong nước đừng dâng thêm nữa. Ở xa nhìn quê ngập nước mà bất lực, chỉ ước gì được bay về ngay”, Hiếu trải lòng.
May mắn thay, nhờ cộng đồng mạng chia sẻ kịp thời, mẹ Hiếu đã được đội cứu hộ tiếp cận và đưa đến nơi an toàn. “Lúc nghe điện thoại báo mẹ ra được rồi, mình mừng không tả nổi. Không dám tưởng tượng nếu chậm hơn chút nữa, chuyện gì sẽ xảy ra. Đến khuya, vẫn thấy nhiều người đăng bài cầu cứu, thật sự xót xa. Mong bà con mình sớm vượt qua trận lụt lịch sử này”, Hiếu nói.
Những ngày này, có lẽ nhiều người con miền Trung xa quê vẫn đang sống trong tâm trạng lo âu, thấp thỏm. Mỗi dòng tin, mỗi hình ảnh trên mạng xã hội về quê nhà ngập lụt lại khiến họ nhói lòng. Những cuộc điện thoại ngắt quãng, những tin nhắn “nhà vẫn ổn” là liều thuốc an lòng nhất lúc này. Giữa dòng nước dữ, họ chỉ mong người thân được bình an, mái nhà còn đứng vững."
https://thanhnien.vn/ban-do-cuu-ho-khan-cap-nguoi-dan-vung-lu-mien-trung-18525102920584586.htm,Bản đồ cứu hộ khẩn cấp người dân vùng lũ miền Trung,"Một bản đồ số cứu hộ người dân ở các tỉnh miền Bắc vào đầu tháng 10, nay được nhóm bạn trẻ tiếp tục mở rộng ra các tỉnh vùng lũ miền Trung.","Liên tiếp những ngày qua mưa lớn kéo dài, kèm theo việc xả lũ của các thủy điện khiến nhiều nơi ở các tỉnh miền Trung như TP.Huế, TP.Đà Nẵng… chìm trong biển nước, nhiều vùng bị cô lập đặc biệt nghiêm trọng. Nhiều người lên mạng xã hội (MXH) kêu cứu vì nước dâng quá nhanh. Ngay lập tức, nhóm bạn trẻ tiếp tục mở rộng phạm vi của bản đồcứu hộtừng đồng hành cùng người dân vùng lũ miền Bắc trước đó vào các tỉnh miền Trung.
Trước đó, trong đợt lũ vào đầu tháng 10 ở các tỉnh miền núi phía bắc, sáng kiến kết nối MXH tạo ra một ứng dụng bản đồ thông tin về địa chỉ cần cứu hộ của 3 bạn trẻ Nguyễn Thị Mai Anh, Từ Tất Huân, Đặng Thành Long đã góp phần giải quyết một bài toán cấp thiết trong thiên tai. Ứng dụng bản đồ cứu hộ này thu thập và hiển thị điểm cần cứu trợ, cập nhật liên tục theo thời gian thực, từ đó đã giúp lực lượng cứu hộ tiếp cận nhanh hơn, chính xác hơn, góp phần cứu giúp người dân vùng lũ, vùng bị cô lập một cách kịp thời.
Bản đồ cứu hộ người dân vùng lũ đã được mở rộng đến khu vực các tỉnh miền Trung
ẢNH: M.A
Mai Anh cho biết sau khi lũ ở miền Bắc rút, nhóm quyết định duy trì nền tảng cứu hộ thongtincuuho.org và sẵn sàng bật lên khi các tỉnh khác cần. Nhóm cũng đang xin tài trợ hạ tầng để duy trì ít nhất trong một năm tới.
""Về mặt công nghệ, hệ thống của bọn mình sẵn sàng hỗ trợ bất kỳ tỉnh thành nào gặp thiên tai. Tuy nhiên, để dữ liệu từ người dân được xử lý thực sự hiệu quả, bọn mình rất cần sự kết nối và hợp tác từ các đơn vị cứu hộ chuyên môn. Đó là ưu tiên hàng đầu của nhóm trong giai đoạn này"", Mai Anh chia sẻ và cho biết thêm: ""Lần này nhóm đã hợp tác sát với anh Huy Nguyễn, chuyên gia dự báo thời tiết và cứu hộ. Nhóm thu thập thông tin từ trang cá nhân của anh Huy và trích xuất dữ liệu để chuyển đến các đơn vị cứu hộ đang hoạt động tại miền Trung. Anh Huy cũng đang trực tiếp ở miền Trung, điều phối drone hỗ trợ cứu hộ"".
Để được cứu hộ, người dân đăng thông tin cần cứu hộ trên các fanpage, nhóm Facebook, hoặc gửi trực tiếp về trang Thông tin cứu hộ của nhóm. Hệ thống tự động thu thập và hiển thị lên bản đồ. Để bảo mật, nhóm ẩn số điện thoại và chỉ chia sẻ thông tin chi tiết cho các đội cứu hộ đã được xác thực.
Các đội cứu hộ cũng có thể liên hệ với Thông tin cứu hộ để được truy cập vào các dữ liệu này. Mai Anh cho biết nhóm cũng đang tìm kiếm và kết nối với các đội cứu hộ, các cơ quan chức năng, chuyên gia trong lĩnh vực này để chia sẻ dữ liệu và phục vụ cho công tác tìm kiếm cứu hộ, cứu nạn.
Theo Mai Anh, những bình luận, thông tin gửi đến trên trang của nhóm chỉ là một trong nhiều kênh tiếp nhận thông tin. Hệ thống của nhóm tự động tìm kiếm và thu thập dữ liệu từ nhiều fanpage và group Facebook khác nhau, chính vì thế người dân vùng lũ khi cần giúp đỡ chỉ cần đăng lên MXH, ngay lập tức thông tin sẽ được thu thập, xử lý và trực quan lên bản đồ số để lực lượng cứu hộ tiếp cận.
Nước sông Vu Gia - Thu Bồn vượt đỉnh lũ 'đại hồng thủy' năm 1964
Là những người trẻ chuyên về công nghệ, họ không muốn ngồi ngoài cuộc khi chứng kiến đồng bào mình đang oằn mình trong bão lũ. Trước đó, nửa đêm 7.10, khi đồng loạt trên Facebook nhiều bài đăng kêu cứu tình hình ngập lụt ở Thái Nguyên rất khẩn cấp, xem qua Mai Anh thấy mọi người đăng ở rất nhiều nơi một cách liên tục và thậm chí đăng đi đăng lại. Lúc đó, Mai Anh cảm giác như không có một nơi để tập trung thông tin. Ngay lập tức, Mai Anh nhớ ra Huân có một nền tảng tương tự có thể xử lý được những thông tin như thế này đưa lên dạng một bản đồ số để tập trung thông tin một cách trực quan nhất.
Thông tin cứu hộ ở HuếẢNH: CHỤP MÀN HÌNH
Sau khi Mai Anh liên hệ và trao đổi, Huân và Long đã quyết định chuyển đổi nền tảngvntraffic.appvề giao thông thành nền tảng cứu hộ mang tênthongtincuuho.org.
""Hệ thống của tụi mình sẽ thu thập dữ liệu cần cứu hộ của người dân đăng trên MXH, sau đó xử lý, phân loại và trực quan hóa trên bản đồ. Nhóm khá bất ngờ là từ đợt lũ lụt ở miền Bắc, khi chỉ sau vài giờ ra mắt đã ghi nhận được hơn 3.000 lượt truy cập, và sau 24 giờ con số truy cập là hơn 57.000 lượt"", Huân kể.
Long tâm sự: ""Khi tham gia dự án, chúng mình không nghĩ đây đơn thuần chỉ là một sản phẩm công nghệ mà đó là cả quá trình đồng hành. Chúng mình cùng đồng hành với nhau khi mỗi người đều dành hết tâm huyết, nỗ lực không quản ngày đêm với mong muốn duy nhất là làm được một điều gì đó thật sự ý nghĩa. Ngoài ra, chúng mình còn có sự đồng hành của các cá nhân, tổ chức, các chuyên gia trong lĩnh vực cứu hộ, cứu nạn"".
""Tụi mình thấy đã làm được điều gì đó có ích khi đã đồng hành cùng người dân vùng bão lũ. Chính nghị lực, sự kiên cường của họ trong thiên tai là nguồn động lực khiến chúng mình luôn muốn hoàn thiện và muốn làm nhiều hơn nữa để hỗ trợ người dân"", Long bày tỏ.
Trong thời điểmnước lũ ở các tỉnh miền Trungvẫn đang tiếp tục dâng cao, Mai Anh muốn nhắn gửi đến người dân: ""Trước hết hãy bình tĩnh. Xử lý thông tin cẩn thận, ưu tiên tự cứu mình trước. Hãy cố gắng liên lạc với người thân, gửi vị trí chính xác, và kiên nhẫn chờ đợi các đội cứu hộ. Sự bình tĩnh của mọi người sẽ giúp công tác cứu hộ diễn ra hiệu quả hơn rất nhiều"".
Bản đồ số cứu hộ người dân vùng lũ của nhóm đã được tôn vinh sáng kiến truyền thông ""AI vì cộng đồng"" do Media AI Lab (dự án thúc đẩy sử dụng AI một cách đạo đức và hiệu quả trong truyền thông) phối hợp cùng BáoThanh Niêntổ chức vào ngày 17.10. Anh Nguyễn Minh Triết, Bí thư T.Ư Đoàn, Chủ tịch T.Ư Hội Sinh viên VN, đánh giá rất cao sáng kiến của nhóm.
Nếu bạn hoặc người thân đang cần cứu hộ, hoặc bạn có địa điểm/trạm ứng cứu (khu vực cao, an toàn), hãy cung cấp các thông tin: tên và tình trạng hiện tại, mức độ nguy cấp; địa chỉ chi tiết bao gồm: số nhà, đường, thôn/xã, phường/huyện cũ, tỉnh/TP cũ (kèm link Google Map nếu có); số điện thoại liên lạc lên trangThông tin cứu hộ, hoặc các fanpage, nhóm Facebook… thông tin sẽ được tự động tổng hợp lên bản đồ. Người dân ở TP.Huế, TP.Đà Nẵng và Quảng Nam (cũ) truy cập theo địa chỉ:
TP.Huế:https://hue.thongtincuuho.org/TP.Đà Nẵng:https://danang.thongtincuuho.org/Quảng Nam (cũ):https://quangnam.thongtincuuho.org/"
https://thanhnien.vn/sinh-vien-hue-tro-tay-khong-kip-xe-co-do-dac-bi-nhan-chim-trong-nuoc-lu-185251030084820699.htm,"Sinh viên Huế trở tay không kịp, xe cộ, đồ đạc bị nhấn chìm trong nước lũ","Những ánh mắt thất thần nhìn đồ đạc chìm trong biển nước, những bàn tay chuyền nhau gói mì ăn liền để qua cơn đói... đó là hình ảnh khó quên trong mùa lũ năm nay đối với những tân sinh viên ở Huế.","Những ngày qua, cả TP.Huế oằn mình hứng chịu trận lũ lịch sử. Khó khăn, thiếu thốn là điều không tránh khỏi, đặc biệt với sinh viên năm nhất xa nhà vừa chân ướt chân ráo vào đại học. Nguyễn Thị Ngọc Mai, sinh viên năm nhất (quê Hà Tĩnh) thuê trọ trên đường Hải Triều, kể: ""Nước lên quá nhanh, bọn mình không kịp trở tay. Xe cộ, đồ đạc trong phòng ướt sũng hết"".
Xe máy sinh viên ở xóm trọ bị ""nhúng"" nước
ẢNH: ĐÀO THỊ THANH XUÂN
Trưa 27.10, dù đã nghe thông báo nước dâng nhưng vì chưa có kinh nghiệm nên Mai và bạn cùng phòng vẫn hơi thiếu chủ động. Đến chiều tối, nước bất ngờ tràn vào nên các bạn không kịp di chuyển đồ đạc. ""Cứ nghĩ là nước chỉ lên ngoài sân thôi, ai ngờ ngập đến nửa nhà"", Mai nói.
Nhìn những chiếc xe máy chìm trong nước, cô chỉ biết thở dài: ""Trọ ở khu vực trũng, nước ngập đến rốn. May là dọn được vài đồ đạc, chứ xe cộ thì hỏng hết"".
Suốt 3 ngày liền, nước lũ ở nhiều tuyến đường ở trung tâm TP.Huế vẫn chưa rút, điện mất, sóng điện thoại yếu, việc đi lại càng thêm khó khăn.
Sinh viên ở Huế ""trải nghiệm"" cảnh không có điện
ẢNH: ĐÀO THỊ THANH XUÂN
Khi nước lũ dâng cao, đồ ăn dự trữ dần cạn, mì gói trở thành ""món ngon"" giúp sinh viên cầm cự qua ngày.
""Cả ngày hôm nay, phòng mình 2 đứa mới có gói mì đầu tiên lót bụng"", Mai nói, vừa cười vừa run vì đói. Tay bưng chén mì nóng hổi giữa nước lũ lạnh ngắt, cảm giác ấy trở thành một kỷ niệm khó quên với những tân sinh viên xa nhà vướng lũ.
Mỳ gói trở thành món ngon giữa mùa lũ
ẢNH: ĐÀO THỊ THANH XUÂN
Cơm trắng và cá khô, muối lạc
ẢNH: ĐÀO THỊ THANH XUÂN
Ở khu trọ trũng thấp, việc ra ngoài mua đồ gần như bất khả thi. Lê Minh Thùy, quê Quảng Trị, sinh viên trọ ở đường Trường Chinh, kể: ""Mới nhập học nên không chuẩn bị gì sẵn. Lội lụt nấu ăn là trải nghiệm không mấy vui vẻ, nhưng không còn cách nào khác. Nước bên ngoài dâng cao quá!"". Vừa ngâm mình trong nước, đôi tay Thùy vẫn thoăn thoắt nấu nướng, miệng cười lạc quan: ""May là vẫn... còn có vài thứ để nấu"".
Nữ sinh viên Huế nấu nướng khi nước ngập ngang hông
ẢNH: ĐÀO THỊ THANH XUÂN
""Ban đầu không quen, nhưng nước chưa rút, không lội thì lấy đâu ra đồ ăn?"", một sinh viên chia sẻ. Mất điện, cả nhóm rủ nhau lội lụt, người ướt sũng, run cầm cập vì lạnh nhưng vẫn ríu rít đùa vui: ""Tí nữa đi lội tiếp!"".
Lội lụt là điều mà sinh viên Huế phải trải qua lúc này
ẢNH: ĐÀO THỊ THANH XUÂN
Giữa mưa lũ, tiếng cười của sinh viên vang lên, xóa nhòa phần nào những vất vả. Nguyễn Thị Hằng Nga, quê Hà Tĩnh, sinh viên Trường đại học văn hóa – nghệ thuật (Đại học Huế), kể: ""Sau trận lũ này, tụi mình thân nhau hơn hẳn. Mỗi người một việc, người dọn dẹp, người nấu nướng, người hát, người đàn... Dù mệt nhưng thấy ấm lòng vì có nhau"".
Nga nói thêm: ""Dưới chân là nước, nhưng bọn mình vẫn cười, vẫn hát. Lạc quan là chìa khóa giúp tụi mình vượt qua mùa lũ đầu tiên ở Huế"".
Nhóm nữ sinh viên khuân thau quần áo đi giặt
ẢNH: ĐÀO THỊ THANH XUÂN
Giữa mênh mông nước lũ, những tiếng cười trẻ trung của tân sinh viên như ""sưởi ấm"" cả mùa mưa. Với họ, đây không chỉ là thử thách mà còn là một trải nghiệm đáng nhớ, mùa lụt đầu tiên của tuổi thanh xuân ở đất học xứ Huế.
'Đại hồng thủy' trên sông Thu Bồn: Lũ vượt mốc lịch sử năm 1964 là 0,14 mét"
https://thanhnien.vn/nhieu-doi-ban-tre-phai-tam-hoan-dam-cuoi-vi-mua-lu-185231116170417326.htm,Nhiều đôi bạn trẻ phải tạm hoãn đám cưới vì mưa lũ,"Những ngày qua, ở miền Trung xảy ra mưa lớn kéo dài khiến một số nơi ngập lụt nặng. Trước diễn biến phức tạp của thời tiết, nhiều hoạt động bị ảnh hưởng. Trong đó, có không ít đôi bạn trẻ phải tạm hoãn đám cưới vào thời điểm cận kề ngày tổ chức.","‏HồKhắc Vũ (24 tuổi), ngụ tại đường Nguyễn Trãi, P.Phú Thuận, TP.Huế, tỉnh Thừa Thiên-Huế, cho biết dự kiến vào ngày 17.11.2023 sẽ tổ chức tiệc đám cưới với người bạn đời tương lai là Lê Thị Liên (24 tuổi). Thế nhưng do mưa lớn trên địa bàn thành phố, nhà của Liên ở đường An Dương Vương, P.An Cựu, TP.Huế, tỉnh Thừa Thiên-Huế, bị ngập nặng nên đôi bạn trẻ quyết định tạm hoãn đám cưới để đảm bảo an toàn cho tất cả mọi người.
Khắc Vũ và Thị Liên đã bàn bạc, xin phép hai bên gia đình tạm hoãn đám cưới vì mưa lũ‏
NVCC
‏Khắc Vũ kể: ""Những ngày qua, ở chỗ mình trời mưa lớn. Còn khu vực của cô dâu thì nước ở ngoài đường đã dâng cao ngang bụng, nước tràn vào trong nhà ngang đầu gối. Trong khi nhà cũng ởtrung tâm thành phốmà mưa đợt này lớn quá"". ‏
Theo hai bạn trẻ này, đã chuẩn bị sẵn sàng tất cả mọi thứ, từ phát thiệp mời, thuê phương tiện đi lại, thợ trang điểm cho đến đặt nhà hàng… Tuy nhiên với tình hình hiện tại, họ đã thông báo đến hơn 500 khách mời, cùng với đó là liên hệ bộ phận nhà hàng, xe rước dâu, quay phim, chụp hình… để tạm hoãn đám cưới lại. ‏
‏""Mọi người đều thông cảm với sự cố ngoài ý muốn này. Phía các dịch vụ cũng đồng ý khi tụi mình tạm hoãn đám cưới vì mưa lũ. Khi nào có lịch tổ chức chính thức thì báo lại trước 1 - 2 tuần để họ sắp xếp. Khi tình hình thời tiết khả quan hơn, tụi mình sẽ phát thiệp mời lại từ đầu và thông báo tổ chức ngày cưới"", Khắc Vũ nói. ‏
‏Tương tự, lên kế hoạch tổ chức chính thức vào ngày 16.11.2023, thế nhưng anh Văn Đức Trình (30 tuổi), ngụ tại thôn Trằm Ngang, xã Quảng Thái, huyện Quảng Điền, tỉnh Thừa Thiên-Huế, cùng vợ tương lai là Nguyễn Thị Nhân (23 tuổi), quê ở tỉnh Hà Tĩnh, đã tạm hoãn đám cưới vì mưa lũ.
""Mặc dù hai bên gia đình đã chuẩn bị xong xuôi tất cả mọi thứ, nhưng phải tạm hoãn đám cưới ít ngày vì nơi tổ chức hôn lễ ngập cao hơn đầu gối. Nước lũ cũng mấp mé vào nhà mình"", anh Trình chia sẻ.
Anh Trình cho hay: ""Khi tạm hoãn đám cưới, mình gặp khó khăn trong việc báo tin cho mọi người biết, tránh trường hợp họ di chuyển xa, nguy hiểm. Mong họ sẽ thông cảm với gia đình. Tụi mình luôn mong muốn đám cưới được trọn vẹn nhất, đảm bảo an toàn cho người tổ chức lẫn khách tham dự. Hai đứa dự định dời lịch làm đám cưới sang ngày 19.11.2023. Nghe tin ngày mai nước bắt đầu rút, mình sẽ đến tận nhà để mời lại. Còn phía các dịch vụ như: nhà hàng, trang điểm, quay phim, chụp hình... thì họ hiểu và hỗ trợ hết mình trước tình hình này"". ‏‏
‏Trong tình thế này, nhiều cặp đôi chỉ biết trông nhờ vào các phương tiện thông tin liên lạc vì ""lực bất tòng tâm"", không thể đến tận nơi thông báo trực tiếp.
Nhờ mạng xã hội để thông báo ‏
CHỤP MÀN HÌNH
Khắc Vũ cho hay: ""Với những khách ở vùng trũng thấp, mình liên hệ qua số điện thoại. Còn ai không liên hệ được, mình có nhờ người sống gần đó hỏi thăm tình hình và nhắn giúp thông tin về đám cưới. Mình cũng đăng tải thông tin trên các nền tảng mạng xã hội để anh em, bạn bè, người thân ở xa... có thể biết. Hy vọng tất cả mọi người bình an qua đợt mưa lũ này, ""còn người, còn của"" chứ cũng không mong gì hơn"".   ‏
‏Chị Trần Bích Trâm (34 tuổi), chủ nhà hàng tiệc cưới Bích Trâm (xã Quảng Thái, huyện Quảng Điền, tỉnh Thừa Thiên-Huế), cho biết từ khi mưa lớn, ngập lụt diễn ra trên địa bàn, chị đã nhận được thông báo tạm hoãn đám cưới của 3 cặp đôi. ""Ở những chỗ có địa hình cao ráo vẫn tổ chức bình thường, còn ở vùng trũng thì họ có xin dời lịch và sẽ báo lại cho mình trước 2 ngày tổ chức đám cưới khi tình hình thời tiết ổn định hơn"", chị kể.
Nước lũ dâng cao ở khu vực Đức Trình tổ chức đám cưới
NVCC
‏Theo chị Trâm, đó là những trường hợp bất khả kháng nên phía nhà hàng hoàn toàn thông cảm. Chị nói tiếp: ""Trong hoàn cảnh mưa gió như thế này, mình chia sẻ gì được với họ thì cứ làm, đó là tình làng nghĩa xóm. Nước lũ dâng cao nên vấn đề vận chuyển hàng hóa ở một số địa điểm trở nên khó khăn hơn, nhân viên cũng không thể tham gia đầy đủ. Các mặt hàng tươi sống như: mực, tôm, cá… nhà hàng thường lấy vào sáng sớm của ngày tổ chức tiệc cưới để đảm bảo sự tươi ngon cho món ăn. Còn rau, củ, quả thì mình lấy trước đó vài ngày rồi, tuy nhiên, trong địa phương có những đám giỗ, mâm cúng nhỏ tổ chức được thì người dân đã đến ""giải cứu"" giúp mình các mặt hàng này. Vì vậy không ảnh hưởng gì nhiều, chỉ thiệt hại khoảng từ 2 - 3 triệu đồng"". ‏
‏
"
https://thanhnien.vn/pho-halloween-o-tphcm-am-dam-cho-mai-ma-khong-thay-khach-dau-185251029202812607.htm,Phố Halloween ở TP.HCM ảm đạm chờ mãi mà không thấy khách đâu,"Còn ít ngày nữa là đến Halloween, song không khí mua sắm tại các cửa hàng đồ trang trí ở TP.HCM vẫn trầm lắng. Nhiều gian hàng thậm chí bỏ qua mùa lễ hội này để chuyển sang bán đồ giáng sinh sớm.","Tại đường Hải Thượng Lãn Ông (P.Chợ Lớn, TP.HCM), khu phố vốn nổi tiếng với các mặt hàng trang trílễ hội Halloween,nhiều cửa tiệm vẫn bày đầy mặt nạ, bí ngô nhựa, đồ hóa trang ma quái, nhưng lượng khách ghé mua thưa thớt. Không ít chủ tiệm than “buôn bán ế ẩm chưa từng có”.
ChịNguyễn Thị Bích Ngọc, người bán hàng trên tuyến đường này, chia sẻ: “Mấy năm gần đây, đồ chơi và trang trí Halloween ế lắm. Năm nay tôi chỉ dám nhập ít mặt hàng cơ bản như mặt nạ, trang phục ma cà rồng, siêu nhân hay vài món kinh dị, chứ không dám lấy nhiều”.
Nhiều cửa hàng đã bày biện đầy đủ các mặt hàng trang trí Halloween với mẫu mã và giá bán phong phú, từ trang phục hóa trang, mặt nạ, bí ngô, đầu lâu cho đến đèn LED phát sáng, mang lại không khí ma mị đặc trưng của mùa lễ hội.
ẢNH: THÁI PHÚC
Theo chị Ngọc, ban ngày gần như vắng bóng khách, tối khoảng 20 giờ mới lác đác vài người ghé. “Cả ngày nay tôi mới bán được chưa tới 10 khách, chủ yếu là mấy chủ quán cà phê mua vài quả bí ngô nhựa hơn 200.000 đồng để trang trí. Mua vậy thôi chứ không ai chọn thêm gì nữa”, chị Ngọc nói.
Dù cận kề ngày 31.10, phố chuyên bán đồ trang trí Halloween tại TP.HCM vẫn vắng bóng người mua
ẢNH: THÁI PHÚC
Trên cùng con đường, cảnh tượng chung là người bán nhiều hơn người mua. Nhiều tiểu thương ngồi gác cằm đợi khách đến… ngủ gật. Một số cửa hàng còn đóng cửa sớm vì quá vắng.
ChịGiồng Tú Trinh, nhân viên tại một cửa hàng khác, cho biết: “Tầm 19 giờ là tôi dọn hàng vì chờ hoài cũng chẳng bán được bao nhiêu”. Thay vì bán trực tiếp, chị Trinh cho hay buổi tối chị chuyển qua bán online để kiếm thêm đơn hàng.
Theo các tiểu thương đường Hải Thượng Lãn Ông, giá các mặt hàng năm nay không tăng so với mọi năm. Mặt nạ có giá 20.000 - 150.000 đồng/chiếc, bí đỏ trang trí dao động khoảng 30.000 - 50.000 đồng/trái. Áo choàng, mặt hàng được nhiều người ưa chuộng nhất, có giá 50.000 - 200.000 đồng/chiếc.
Nhiều nhân viên của các cửa hàng ngồi xếp hàng chờ khách nhưng không thấy ai, một số cửa hàng thậm chí bỏ qua bán buôn đồ trang trí giáng sinh.
ẢNH: THÁI PHÚC
Không chỉ người bán, khách hàng cũng tỏ ra thờ ơ với mùa lễ hội.Nguyễn Minh Châu, sinh viên Trường ĐH Khoa học xã hội và nhân văn TP.HCM, nói: “Năm nay mình chỉ đặt một quả bí ngô nhựa trên sàn thương mại điện tử. Hàng được giao tận nơi, giá lại rẻ, chỉ 20.000 đồng, khỏi phải ra chợ sợ bị chặt chém”.
ChịNguyễn Thị Thu Thủy(32 tuổi), quản lý quán cà phê trên đường Nguyễn Thái Bình, P.Sài Gòn (trước là P.Bến Nghé, Q.1), TP.HCM, cũng chia sẻ rằng năm nay quán chỉ trang trí đơn giản: “Tôi mua ít bí ngô và nhãn dán mạng nhện hết hơn 100.000 đồng, còn lại tận dụng đồ cũ. Kinh tế khó khăn, chủ quán cũng không muốn chi mạnh tay cho Halloween”.
Trước sức mua giảm mạnh, nhiều cửa hàng trên đường Hải Thượng Lãn Ông đã sớm “chuyển mùa”. Anh Trần Văn Năm, nhân viên tại một tiệm bán đồ trang trí, cho biết: “Năm nay tụi tôi chỉ bày ít đồ Halloween, còn lại tập trung bán đồ Giáng sinh. Dọn hàng Halloween cực mà bán chẳng được bao nhiêu. Giờ khách bắt đầu mua đồ noel rồi nên tranh thủ bày sớm”.
Không khí Halloween ở TP.HCM năm nay vì thế trở nên trầm lắng hơn hẳn. Khi xu hướng mua sắm online và tâm lý tiết kiệm lên ngôi, những gian hàng truyền thống vốn từng nhộn nhịp mỗi mùa lễ hội nay lại rơi vào cảnh ngồi chờ mòn mỏi không thấy khách đâu."
https://thanhnien.vn/se-ket-noi-cac-nen-tang-so-co-dong-thanh-nien-tham-gia-185251029210630687.htm,Sẽ kết nối các nền tảng số có đông thanh niên tham gia,"Ngày 29.10, T.Ư Đoàn tổ chức hội nghị sơ kết 3 năm tham gia thực hiện Quyết định số 311/QĐ-TTg ngày 5.3.2022 của Thủ tướng Chính phủ phê duyệt Chương trình ""Giáo dục lý tưởng cách mạng, đạo đức, lối sống văn hóa cho thanh niên, thiếu niên, nhi đồng trên không gian mạng giai đoạn 2023 - 2030"".","Anh Bùi Quang Huy, Ủy viên dự khuyết T.Ư Đảng, Phó chủ tịch Ủy ban T.Ư MTTQ Việt Nam, Bí thư thứ nhất T.Ư Đoàn; chị Nguyễn Phạm Duy Trang, Bí thư T.Ư Đoàn, Chủ tịch Hội đồng Đội T.Ư, chủ trì hội nghị.
Anh Bùi Quang Huy và chị Nguyễn Phạm Duy Trang chủ trì hội nghị
ẢNH: ĐÌNH HUY
Hội nghị diễn ra theo hình thức trực tiếp kết hợp trực tuyến tại 1.632 điểm cầu, với sự tham gia của trên 12.400 đại biểu. Tại hội nghị, chị Nguyễn Phạm Duy Trang đã phát biểu khai mạc định hướng, cùng với đó là 15 tham luận đến từ các đơn vị sự nghiệp của T.Ư Đoàn, các Ban Thanh niên công an, quân đội và một số tỉnh thành trên cả nước.
Đáng chú ý, anh Nguyễn Trọng Phước, Ủy viên Ban biên tập, Trưởng ban Giáo dục, Giám đốc Trung tâm phát triển nội dung số Báo Thanh Niên, đã phát biểu tham luận với chủ đề ""Chiến lược đa nền tảng trong hoạt động báo chí, truyền thông của Đoàn thích ứng với sự bùng nổ của trí tuệ nhân tạo tạo sinh (GEN AI)"".
Theo anh Phước, hiện nay các nội dung rác, nhảm, độc hại được sản xuất hàng loạt trên mạng xã hội; nhưng đó cũng là cơ hội cho cơ quan báo chí, các tổ chức Đoàn có thể sản xuất các nội dung truyền thông nhanh hơn, rẻ hơn, sáng tạo hơn...
Tổng biên tập BáoThanh NiênNguyễn Ngọc Toàn(trái)và anh Nguyễn Trọng Phước tham dự hội nghị trực tuyến
ẢNH: ĐẠI VÂN
Đề xuất lên T.Ư Đoàn, anh Phước cho rằng trong thời gian tới, tổ chức Đoàn chủ động tiên phong trong việc xây dựng bộ quy tắc đạo đức sử dụng AI trong đoàn viên để người trẻ biết đâu là giới hạn của việc sáng tạo, đâu là tạo ra tin giả, tin xấu. Đối với các cơ quan báo chí, cần có mô hình quản trị riêng phù hợp với đặc thù của từng đơn vị; chuyên biệt hóa nội dung, đa kênh phục vụ cho từng đối tượng độc giả; sử dụng AI trên nhiều sản phẩm báo chí...
Chia sẻ thêm tại hội nghị, đại diện Ban Thanh niên Công an nhân dân cũng cho biết trong thời gian qua, tuổi trẻ Công an nhân dân đã tập trung mô hình kết nối với các KOL, nghệ sĩ trẻ, các kênh truyền thông uy tín để phối hợp trong công tác tuyên truyền phối hợp giáo dục pháp luật trên không gian mạng, hình thành những liên minh niềm tin. Đây là một trong những mô hình mới mà tuổi trẻ Công an nhân dân triển khai để tận dụng sự ảnh hưởng của họ, lan tỏa những hình ảnh đẹp trong cuộc vận động.
Phát biểu kết luận, anh Bùi Quang Huy khẳng định trong 3 năm qua, toàn Đoàn đã chủ động, sáng tạo và thực hiện nhiều giải pháp theo nội dung tinh thần của kế hoạch, kết quả có các điểm nổi bật.
Cụ thể, đã cụ thể hóa và triển khai thực hiện quyết định một cách bài bản, khoa học và kịp thời; đã xây dựng được một nền tảng tương đối vững chắc để thực hiện công tác tuyên truyền giáo dục trênkhông gian mạng; nội dung công tác tuyên truyền và giáo dục được đổi mới mạnh mẽ, điểm nhấn cốt lõi là chuyển đổi số toàn diện trong mọi lĩnh vực...
Bí thư thứ nhất T.Ư Đoàn cho rằng công tác tuyên truyền hiện nay không nên dùng một kênh mà phải dùng rất nhiều kênh. Các kênh có thể phân tán ở các nơi nhưng khi cần tuyên truyền thì phải tập trung vào cùng thời điểm, cùng nội dung. Trong thời gian tới, các cấp bộ Đoàn, các ban tham mưu giúp việc, các đơn vị sự nghiệp bám sát các nhiệm vụ, giải pháp trong Kế hoạch 71, nhất là các chỉ tiêu công tác đến 2030. Những chỉ tiêu nào chưa đạt thì cần có giải pháp để tính toán, đôn đốc.
Cạnh đó, cần nghiên cứu những nội dung chỉ đạo của Tổng Bí thư Tô Lâm để thể hiện rõ và cụ thể trong văn kiện Đại hội Đoàn các cấp và chuyển hóa thành các chương trình công tác hằng năm. Trong điều kiện bộ máy tinh gọn hơn, khối lượng công việc nhiều hơn phải đổi mới tư duy làm việc, làm nhiều nhưng phải làm hiệu quả, phải chú trọng đến kết quả tác động. Mỗi cán bộ Đoàn cần phải chủ động về công nghệ, biết sử dụng dữ liệu, AI và nền tảng số để phục vụ công tác của mình.
Theo anh Huy, cần tiếp tục quan tâm công tác nắm bắt và định hướng dư luận xã hội thông qua nhiều phương thức, ""những việc gì liên quan đến diễn biến tư tưởng của thanh niên thì Đoàn phải biết đầu tiên"". Mặt khác, cần phải phát huy những bài học về kết nối các nền tảng số có đông thanh niên tham gia để lan tỏa tuyên truyền định hướng. Bài học trong các chiến dịch truyền thông A50 và A80 vừa qua cho chúng ta rất nhiều kinh nghiệm quý báu trong việc tổ chức liên kết, kết nối với các trang truyền thông mạnh trên mạng xã hội.
Tại hội nghị, anh Bùi Quang Huy đánh giá cao ý kiến của đại diện BáoThanh Niênvề ban hành quy tắc đạo đức khi sử dụng AI... Anh Huy lấy ví dụ trong bối cảnh hiện nay, đoàn viên, thanh niên sử dụng AI ngày càng nhiều, chuyện ghép ảnh, clip quá đơn giản, dễ dàng, chỉ trong vòng 5 - 7 giây đã có sản phẩm giống như thật. Bí thư thứ nhất T.Ư Đoàn giao Ban Tuyên giáo T.Ư Đoàn nghiên cứu, sớm ban hành quy tắc này."
https://thanhnien.vn/chien-dich-truyen-thong-a80-cua-doan-thanh-nien-lan-toa-ky-luc-tren-nen-tang-so-185250903172518798.htm,Chiến dịch truyền thông A80 của Đoàn thanh niên lan tỏa kỷ lục trên nền tảng số,"Chiến dịch truyền thông A80 của T.Ư Đoàn lan tỏa kỷ lục trên nền tảng số. Không chỉ dừng lại ở một hoạt động truyền thông dịp lễ, mà đã trở thành điểm hẹn đặc biệt của tuổi trẻ, khơi dậy niềm tự hào dân tộc và động lực để cống hiến.","Trong những ngày kỷ niệm 80 năm Cách mạng Tháng Tám và Quốc khánh 2.9 (A80), chiến dịch truyền thông ""Tự hào Việt Nam"" do T.Ư Đoàn phát động đã trở thành một ""bản giao hưởng"" đặc biệt của thời đại số - nơi niềm tự hào dân tộc được thắp sáng, lan tỏa mạnh mẽ và biến thành hành động cụ thể.
Nền tảng cho sự thành công của chiến dịch nằm ở một chiến lược triển khai tổng lực. Điểm nhấn đầu tiên của chiến dịch chính là bộ công cụ số hóa hoàn chỉnh được triển khai trên toàn quốc, giúp bất cứ ai cũng có thể tham gia dễ dàng.
Từ trang web 263.vn/TuhaoVietNam với đầy đủ logo, infographics, avatar, cover Facebook, đến các mẫu CapCut bắt mắt; công cụ tạo Avatar online tại 263.id.vn/thvn cho phép thay ảnh đại diện chỉ trong vài giây. Tính đến ngày 3.9, đã có hơn 317.000 avatar được tạo, biến không gian mạng thành một ""biển cờ"" rực đỏ.
Người trẻ tham gia Lễ chào cờ Tôi yêu Tổ quốc tôi tại Hà Nội
ẢNH: ĐĂNG HẢI
Không chỉ dừng ở thế giới ảo, các cấp bộ Đoàn - Hội - Đội từ thành thị đến nông thôn đồng loạt hưởng ứng chiến dịch.
Hàng ngàn fanpage đồng loạt thay đổi nhận diện, hàng loạt các hoạt động ""Hành trình về nguồn Tự hào Việt Nam"" được tổ chức tại các địa chỉ đỏ. Các hoạt động tri ân, ""uống nước nhớ nguồn"", thăm hỏi các mẹ Việt Nam anh hùng đã kết nối thông điệp online với những giá trị sâu sắc ngoài đời thực. Đây không phải là sự thực thi mệnh lệnh hành chính, mà là sự cộng hưởng của hàng triệu ""mệnh lệnh từ trái tim"".
Người trẻ hưởng ứng ""Hành trình âm nhạc Tự hào Việt Nam"" tại Hà Nội
ẢNH: PHAN LINH
Nếu bộ công cụ là phần ""xương sống"" thì âm nhạc chính là ""linh hồn"" của chiến dịch. Album ""Made in Vietnam"" do T.Ư Đoàn phối hợp DTAP và VMAS sản xuất gồm 16 ca khúc, mang tới diện mạo mới cho âm nhạc yêu nước: hiện đại, gần gũi nhưng vẫn tôn trọng truyền thống.
Đặc biệt, ca khúc""Nhà tôi có treo một lá cờ""với giai điệu mộc mạc đã chạm sâu vào trái tim người nghe, biến hành động treo cờ thành tuyên ngôn tự hào. Bài hát nhanh chóng trở thành nhạc nền yêu thích trên TikTok, gắn liền với hàng trăm nghìn video của giới trẻ.
Ca khúc ""Nhà tôi có treo một lá cờ"" với giai điệu mộc mạc đã chạm sâu vào trái tim người nghe
ẢNH: PHAN LINH
Không chỉ là sản phẩm âm nhạc, ""Hành trình âm nhạc Tự hào Việt Nam"" còn là một chuyến xe ký ức tái hiện hình ảnh đoàn văn công thời chiến trên nền sáng tạo mới. Qua 10 tỉnh thành, từ TP.HCM đến Tây nguyên, miền Trung và đất Tổ, hành trình đã đưa nghệ sĩ trẻ tới những nơi giàu giá trị lịch sử: Bến tàu không số Vũng Rô, Làng Sen quê Bác… Họ cùng ăn cơm với mẹ Việt Nam anh hùng, chung tay khắc phục hậu quả thiên tai - biến tình yêu nước thành hành động cụ thể và cảm động.
T.Ư Đoàn chung tay khắc phục hậu quả thiên tai
ẢNH: DĂNG HẢI
Một thành công khác của ""Tự hào Việt Nam"" là khả năng huy động sức mạnh của cả hệ sinh thái truyền thông. Nhiều kênh báo và mạng xã hội của Đoàn có sức ảnh hưởng lớn với giới trẻ như: BáoThanh Niên, BáoTiền Phongvà các kênh khác như: Kenh14, Schannel, Beatvn, Theanh28, Top Comment… cùng tham gia, tạo nên ""làn sóng"" truyền thông mạnh mẽ.
Tính đến 3.9, chiến dịch truyền thông đã thu về 195.512 bài đăng, đạt 4,8 tỉ lượt xem trên TikTok (hashtag #TuhaoVietNam đang dẫn đầu trong các hashtag hướng đến 80 năm Quốc khánh 2.9 trên nền tảng này); trên Facebook đã có 370.453 nội dung, ước đạt 5 tỉ lượt xem; trên YouTube đã có 14.342 video đăng tải đến từ 3.241 kênh. Tổng lượt xem các nội dung của chiến dịch truyền thông trên các nền tảng số đạt gần 10 tỉ lượt xem.
Các tình nguyện viên tham gia phục vụ đại lễ
ẢNH: VŨ THƠ
Nếu những con số trên mạng xã hội hiện tầm phủ sóng, thì hình ảnh 8.800 tình nguyện viên thủ đô chính là biểu tượng sống động nhất cho chiều sâu và tính hành động của chiến dịch. Họ không chỉ là lực lượng hỗ trợ cho đại lễ mà mỗi bạn trẻ với chiếc balo mang bộ nhận diện ""Tự hào Việt Nam"" trên vai, tỏa đi khắp các tuyến đường, đã trở thành một ""sứ giả truyền thông"" di động.
8.800 tình nguyện viên thủ đô là những sứ giả truyền thông
ẢNH: PHAN LINH
Họ là minh chứng rõ nét nhất cho sự chuyển hóa từ nhận thức online thành hành động offline. Hình ảnh hàng ngàn ""điểm chạm"" nhận diện di động này đã tạo ra một hiệu ứng lan tỏa tự nhiên, mạnh mẽ, đưa thông điệp của chiến dịch len lỏi vào từng góc phố, đến với từng người dân, biến cả thủ đô thành một sân khấu khổng lồ của niềm tự hào.
Một tiết mục trong cuộc thi chung kết Tự hào Việt Nam do T.Ư Đoàn tổ chức dịp kỷ niệm Quốc khánh 2.9
ẢNH: ĐĂNG HẢI
""Tự hào Việt Nam"" đã vượt ra khỏi khuôn khổ của một chiến dịch truyền thông dịp lễ. Nó đã trở thành một hình mẫu về cách thức tổ chức một hoạt động chính trị - xã hội quy mô lớn trong thời đại số: bài bản trong chiến lược, sáng tạo trong nội dung, có sức nặng cảm xúc, có khả năng huy động sức mạnh cộng đồng và có giá trị hành động thực tiễn."
https://thanhnien.vn/cong-an-da-nang-vuot-lu-den-voi-ba-con-185251029210209959.htm,Công an Đà Nẵng vượt lũ đến với bà con,"Giữa dòng lũ xiết ở TP.Đà Nẵng, những chiếc ca nô của Công an TP.Đà Nẵng vượt mưa gió tiếp tế bệnh viện bị cô lập, mang hơi ấm đến với người dân vùng lũ.","Khi những con đường quanh P.Điện Bàn bị nước lũ ""nuốt chửng"", tầng 1 của Bệnh viện (BV) đa khoa Điện Bàn cũng chìm trong biển nước, mọi liên lạc gần như tê liệt. Nhiều bệnh nhân, y bác sĩ và người dân mắc kẹt bên trong, thiếu nước sạch và thức ăn.
Nhận tin báo khẩn, Công an TP.Đà Nẵng lập tức tổ chức lực lượngứng cứu. Điểm tập kết hàng cứu trợ được dựng tạm ở khối phố cổ An Tây (P.Điện Bàn Đông), cách BV hơn 3 km. Nhưng dòng nước xiết khiến không thể di chuyển theo con đường thẳng nhất, ca nô phải đi vòng hơn 5 km, len lỏi qua những con hẻm ngập sâu, lũ cuồn cuộn tiếp cận BV.
Thượng úy Nguyễn Thị Hồng Hoa(bìa trái)nỗ lực đưa người dân di dời khỏi vùng ngập lụt
ẢNH: NGỌC HÂN
Mỗi chuyến đi từ điểm tập kết hàng vào BV mất gần một tiếng. Khi trời ngả chiều, nước càng dâng cao, tầm nhìn chỉ còn vài mét, mưa xối xả như trút, song ca nô của lực lượng Công an TP.Đà Nẵng và Quân khu 5 vẫn nối nhau giữa biển nước bạc, miệt mài vận chuyển từng thùng hàng cứu trợ cho bà con vùng ngập lụt.
Tại điểm tập kết, mưa gió không làm ngơi nhịp tay của các đoàn viên, thanh niên Công an TP.Đà Nẵng. Trong làn nước ngập ngang đầu gối, họ hối hả bốc xếp hàng, chuyển từng thùng sữa, thùng mì, chai nước... lên ca nô. Có người dầm nước hàng giờ, môi tím tái, nhưng ánh mắt vẫn ánh lên niềm vui.
Thiếu tá Bùi Anh Đức, Trưởng ban Thanh niên Công an TP.Đà Nẵng, cho biết: ""Ngay khi hay tin P.Điện Bàn ngập nặng, Ban Thanh niên đã xin ý kiến lãnh đạo Giám đốc Công an TP.Đà Nẵng để huy động lực lượng. Mục tiêu là ""cứ có dân gặp khó là có công an ở đó"". Hàng trăm phần quà được quyên góp trong vài giờ và lập tức đưa đến khu vực bị cô lập"".
Trong đội hình ứng cứu người dân vùng rốn lũ, thượng úy Nguyễn Thị Hồng Hoa, nữ cán bộ trẻ của Công an TP.Đà Nẵng, nổi bật bởi dáng người nhỏ nhắn nhưng nhanh nhẹn, xông xáo lội nước, phụ chuyển hàng. Trời lạnh, mưa táp vào mặt, thượng úy Hoa vẫn không ngừng tay.
""Khi nghe Ban Thanh niên phát động, tôi liền xin phép lãnh đạo, rồi kêu gọi bạn bè, người thân góp nhu yếu phẩm. Chỉ nghĩ đơn giản, giúp được bà con càng sớm càng tốt"", thượng úy Hoa vừa nói vừa phụ đồng đội bốc thêm hàng lên xuồng.
Không chỉ có đoàn viên Công an TP.Đà Nẵng, lực lượng CSGT cũng lập tức được huy động để phối hợp với Quân khu 5 ứng cứu người dân. Họ phối hợp vận chuyển hàng hóa, đồng thời hỗ trợ di chuyển người dân ra khỏi khu vực ngập sâu.
Sự phối hợp chặt chẽ giữa Công an TP.Đà Nẵng, Quân khu 5 và chính quyền địa phương giúp việc cứu trợ diễn ra nhanh chóng, an toàn. Những chuyến hàng chở theo hàng trăm phần quà thiết yếu gồm gạo, mì, nước uống, sữa đã được đưa vào BV đa khoa Điện Bàn, tiếp tế kịp thời cho hàng chục bệnh nhân, y bác sĩ và người dân ở vùng rốn lũ đang kiệt sức vì nhiều ngày bị nước lũ cô lập.
Chị Nguyễn Thị Hằng, người dân P.Điện Bàn Đông, xúc động kể: ""Cả ngày nay chúng tôi không biết làm sao, đường ngập, điện mất, điện thoại hết pin. Khi thấy ca nô công an và bộ đội vào, ai cũng mừng đến rơi nước mắt. Giờ chỉ còn biết trông chờ vào lực lượng vũ trang thôi"".
Bên trong khu điều trị, các bác sĩ cho biết suốt 24 giờ qua, BV chỉ còn ít nước uống và đồ khô. ""Nếu các anh công an không tiếp tế kịp, bệnh nhân và y bác sĩ rất khó trụ được. Chúng tôi thật sự biết ơn"", đại diện lãnh đạo BV đa khoa Điện Bàn xúc động.
Hình ảnh những cán bộchiến sĩ Công an TP.Đà Nẵngdầm mình trong nước lạnh, miệt mài chuyển hàng khiến nhiều người xúc động. Họ không chỉ mang theo nhu yếu phẩm, mà còn mang hơi ấm của tình người.
Thiếu tá Bùi Anh Đức chia sẻ thêm: ""Chúng tôi xác định đây không chỉ là nhiệm vụ cứu hộ mà còn là trách nhiệm và tình cảm với người dân. Nhiều anh em dù nhà cũng ngập nhưng vẫn xung phong đi trước. Có chiến sĩ chưa kịp ăn trưa, ướt sũng từ đầu đến chân, vẫn cười vì được giúp dân lúc này là vui rồi"".
Theo kế hoạch, những ngày tới Ban Thanh niên Công an TP tiếp tục triển khai thêm các chuyến ca nô chở hàng vào vùng sâu, đồng thời hỗ trợ di dời người dân ra khỏi khu vực nguy hiểm. Các đội công tác luân phiên túc trực 24/24, sẵn sàng ứng cứu khi nước lên."
https://thanhnien.vn/nguoi-dan-vung-lu-mien-trung-can-gi-luc-nay-1851006504.htm,Người dân vùng lũ miền Trung cần gì lúc này?,"Việc trở lại cuộc sống bình thường sau lũ dữ liên tiếp của bà con miền Trung không thể trong một sớm một chiều, nơi này vẫn cần sự chung sức của cả cộng đồng.","Xót xa Lệ Thủy đổ nát, tan hoang sau lũ lụt lịch sử trăm năm có một
Miền Trung oằn mình trong bão lũ liên tiếp
Ảnh Hoàng Tiến Hưng
Và khi lũ rút đi, cuộc sống của người dân chưa thể gượng dậy ngay...  Những sự ủng hộ thiết thực rất có ý nghĩa với bà con lúc này
Đồ cứu trợ được gửi tận tay cho đồng bào miền Trung
Ảnh NVCC
Mùa mưa lũ dị thường ở miền Trung: Nỗi thống khổ chưa hồi kết
Những chuyến xe 0 đồng của anh Minh tiếp tục đồng hành với các mạnh thường quân hướng về miền Trung
Ảnh Minh
Miền Trung, Tây Nguyên sẽ có mưa cực lớn vì bão số 9
Một trường mầm non ở Quảng Trị
Ảnh TNV
Trường mầm non ở H. Triệu Phong, Quảng Trị sau khi lũ rút
Ảnh Phòng GD-ĐT cung cấp
Nước rút, để lại bao khó khăn cho đồng bào miền Trung, trường lớp cho trẻ nhỏ cũng bộn bề
Ảnh Phòng GD-ĐT cung cấp"
https://thanhnien.vn/30-tai-nang-tre-nhan-giai-qua-cau-vang-nu-sinh-khoa-hoc-cong-nghe-viet-nam-1852510292054172.htm,"30 tài năng trẻ nhận giải Quả cầu vàng, Nữ sinh khoa học công nghệ Việt Nam","Tối 29.10, tại Hà Nội, T.Ư Đoàn TNCS Hồ Chí Minh phối hợp Bộ KH-CN tổ chức lễ trao giải thưởng Quả cầu vàng và Nữ sinh khoa học công nghệ Việt Nam năm 2025.","Lễ trao giải thưởngQuả cầu vàngvà Nữ sinh khoa học công nghệ Việt Nam cho 30 tài năng trẻ có sự tham dự của Ủy viên Bộ Chính trị, Bí thư T.Ư Đảng, Chủ tịch Ủy ban T.Ư Mặt trận Tổ quốc Việt Nam Đỗ Văn Chiến; Thứ trưởng thường trực Bộ Y tế Vũ Mạnh Hà; Phó chủ tịch Ủy ban T.Ư Mặt trận Tổ quốc Việt Nam, Bí thư thứ nhất T.Ư Đoàn Bùi Quang Huy; đại diện lãnh đạo các bộ, ngành T.Ư.
Ủy viên Bộ Chính trị, Bí thư T.Ư Đảng, Chủ tịch Ủy ban T.Ư Mặt trận Tổ quốc Việt Nam Đỗ Văn Chiến phát biểu tại lễ trao giải
ẢNH: TUẤN MINH
Bí thư T.Ư Đoàn Nguyễn Minh Triết cho biết, trong bối cảnh ra đời của Nghị quyết số 57-NQ/TW của Bộ Chính trị về đột phá phát triển khoa học công nghệ, đổi mới sáng tạo và chuyển đổi số quốc gia, hai giải thưởng năm nay có ý nghĩa và sứ mệnh đặc biệt để truyền cảm hứng, tạo môi trường phát hiện, bồi dưỡng và phát huy tài năng trẻ khoa học công nghệ Việt Nam.
T.Ư Đoàn luôn xác định rõ trách nhiệm tiên phong trong hành động hiện thực hóa Nghị quyết 57 bằng những mô hình, sáng kiến cụ thể, mà nổi bật chính là việc tổ chức và không ngừng nâng tầm chất lượng Giải thưởng Quả cầu vàng và Nữ sinh khoa học công nghệ Việt Nam.
Các giải thưởng không chỉ tôn vinh các tài năng trẻ mà còn góp phần xây dựng hệ sinh thái phát triển tài năng trẻ khoa học công nghệ Việt Nam; kết nối các nhà khoa học trẻ trong và ngoài nước.
Cũng theo anh Nguyễn Minh Triết, giải thưởng Quả cầu vàng năm nay có 83 nhà khoa học trẻ Việt Nam tham gia, tăng 34% so với 2024. Đặc biệt, giải thưởng thu hút 26 nhà khoa học trẻ Việt Nam đang làm việc ở các quốc gia có nền khoa học công nghệ hiện đại như: Nhật Bản, Singapore, Hàn Quốc, Mỹ, Trung Quốc, Pháp, Thụy Điển, Anh, Úc... Điều đó khẳng định uy tín và sức lan tỏa mạnh mẽ của giải thưởng, khẳng định năng lực khám phá và chinh phục khoa cho công nghệ của các nhà nghiên cứu trẻ Việt Nam.
Chủ tịch Ủy ban T.Ư Mặt trận Tổ quốc Việt Nam Đỗ Văn Chiến và Bí thư thứ nhất T.Ư Đoàn trao giải thưởng Quả cầu vàng cho các nhà khoa học trẻ
ẢNH: TUẤN MINH
Nghiên cứu của những nhà khoa học trẻ đạt giải thưởng năm nay tập trung giải quyết các thách thức của toàn cầu, Việt Nam về biến đổi khí hậu, sức khỏe con người và phát triển bền vững. Đây là những bước đi cụ thể góp phần hiện thực hóa các nhiệm vụ, giải pháp của Nghị quyết số 57-NQ/TW.
Giải thưởng Nữ sinh khoa học công nghệ 2025 thu hút 176 nữ sinh viên giỏi, xuất sắc của các ngành đào tạo thuộc lĩnh vực khoa học công nghệ đến từ 45 trường đại học, tăng 56,6% so với năm 2024, trong đó có 4 nữ sinh dân tộc thiểu số và 24 đảng viên trẻ.
""Ban Bí thư T.Ư Đoàn tin tưởng rằng, với trí tuệ, ý chí và tinh thần Việt Nam, các nhà khoa học trẻ, các nữ sinh khoa học công nghệ hôm nay sẽ biến tri thức thành đổi mới sáng tạo, biến đổi mới sáng tạo thành sức mạnh quốc gia. T.Ư Đoàn không chỉ đồng hành trong một lễ trao giải mà sẽ đồng hành cùng các tài năng trẻ trên hành trình theo đuổi khoa học. Chúng tôi tin rằng, trong mỗi công trình nghiên cứu hôm nay là hình hài tương lai đất nước"".
Phát biểu tại hội nghị, ông Đỗ Văn Chiến biểu dương và đánh giá cao T.Ư Đoàn đã thực hiện tốt sứ mệnh phát hiện, bồi dưỡng và tôn vinhtài năng trẻ Việt Nam, góp phần khẳng định vai trò dẫn dắt của tuổi trẻ Việt Nam trong sự nghiệp phát triển đất nước bằng tri thức, khoa học công nghệ, đổi mới sáng tạo và hội nhập toàn cầu.
Thứ trưởng thường trực Bộ Y tế Vũ Mạnh Hà, Bí thư T.Ư Đoàn Nguyễn Minh Triết trao giải thưởng cho 20 Nữ sinh khoa học công nghệ Việt Nam
ẢNH: TUẤN MINH
Chủ tịch Ủy ban T.Ư Mặt trận Tổ quốc Việt Nam khẳng địnhĐảng, Nhà nước luôn tin tưởng và kỳ vọng vào các các nhà khoa học trẻ, các bạn nữ sinh khoa học công nghệ được vinh danh. Nhà nước tiếp tục có những giải pháp cụ thể để hỗ trợ tốt nhất cho các thế hệ trẻ và toàn dân trong tham gia phát triển khoa học, công nghệ, đổi mới sáng tạo và chuyển đổi số.
""Tôi tin tưởng và mong muốn các bạn trẻ hãy quyết tâm giữ vững ngọn lửa đam mê, tiếp tục dấn thân, vượt qua thử thách, chông gai, không ngừng đổi mới, sáng tạo vì sự phát triển của đất nước. Mỗi công trình nghiên cứu, mỗi sáng kiến đổi mới hôm nay của các bạn sẽ là viên gạch góp phần dựng xây một Việt Nam phồn vinh, văn minh, hạnh phúc"", ông Chiến nói.
Chủ tịch Ủy ban T.Ư Mặt trận Tổ quốc Việt Nam đề nghị T.Ư Đoàn tiếp tục tạo môi trường phát triển tài năng trẻ trong lĩnh vực khoa học công nghệ như hình thành các trung tâm ươm tạo tài năng và đổi mới sáng tạo trẻ tại các trường đại học, viện nghiên cứu, khu công nghệ cao. T.Ư Đoàn tiếp tục mở rộng chương trình trao đổi học thuật quốc tế, liên kết đào tạo, nghiên cứu giữa Việt Nam và các nước phát triển; xây dựng mạng lưới chuyên gia trong nước và quốc tế.
Bên cạnh đó, T.Ư Đoàn tiếp tục kết nối các nguồn lực xã hội, doanh nghiệp, quỹ học bổng và các tổ chức quốc tế đểhỗ trợ tài năng trẻphát triển; thiết lập hệ thống dữ liệu quốc gia về nhân tài, tài năng trẻ Việt Nam phục vụ cho việc kết nối, hỗ trợ và sử dụng hiệu quả nguồn lực này."
https://thanhnien.vn/nhung-cau-chuyen-lay-dong-long-nguoi-tai-le-trao-giai-vuot-len-so-phan-185251029174457038.htm,Những câu chuyện lay động lòng người tại lễ trao giải 'Vượt lên số phận',"Nhiều câu chuyện lay động lòng người đã được tôn vinh tại lễ trao giải cuộc thi 'Vượt lên số phận'. Mỗi bài dự thi là thông điệp nhân văn mạnh mẽ, khơi dậy tinh thần sẻ chia và ý chí vươn lên trong cộng đồng, đặc biệt là giới trẻ.","Chiều 29.10, tại Hà Nội, Tạp chíThanh Niênphối hợp cùng Học viện Báo chí và Tuyên truyền, Hội Bảo trợ người khuyết tật và trẻ mồ côi Việt Nam tổ chức lễ tổng kết và trao giải cuộc thi viết ""Vượt lên số phận"" lần thứ 8.
Cuộc thi là hành trình tìm kiếm và tôn vinh những con người chịu nhiều thiệt thòi nhưng không ngừng khát khao sống, khát khao cống hiến. Từ hơn 1.000 bài viết gửi về, ban tổ chức đã chọn ra những tác phẩm tiêu biểu khắc họa chân thực nghị lực phi thường, tinh thần bền bỉ và niềm tin mãnh liệt của những con người vượt lên chính mình.
Phát biểu tại buổi lễ, đại diện ban tổ chức nhấn mạnh: ""Mỗi bài dự thi không chỉ là một tác phẩm báo chí mà còn là thông điệp nhân văn mạnh mẽ, khơi dậy tinh thần sẻ chia và ý chí vươn lên trong cộng đồng, đặc biệt là giới trẻ"".
Giải A thuộc về tác phẩmChàng rồng phương Đông- nhân vật trong ảnh - của Phạm Sỹ Long (Hà Tĩnh)
ẢNH: HUY KHÁNH
Nhiều câu chuyện lay động lòng người đã được tôn vinh tại lễ trao giải. Tác phẩmChuyện của Châu - một người mẹ, người thầy, người kiến tạo thay đổicủa tác giả Nguyễn Minh Châu (bút danh Gia Linh) xuất sắc giànhgiải đặc biệt.
Dù chỉ cao 1,19 m vì khuyết tật loạn sản sụn, chị Châu vẫn nỗ lực học tập và trở thành cán bộ Chương trình Phát triển Liên Hiệp Quốc (UNDP) tại Việt Nam. Hành trình của chị là minh chứng cho niềm tin rằng ""ý chí mạnh mẽ có thể biến điều không thể thành có thể"".
Giải Athuộc về tác phẩmChàng rồng phương Đôngcủa Phạm Sỹ Long (Hà Tĩnh) - chàng trai mất khả năng vận động từ năm 16 tuổi nhưng đã viết bằng miệng, sáng tác hàng trăm bài thơ, truyện ngắn và sáng lập khóa học truyền cảm hứng ""Thức tỉnh giọng nói bên trong bạn"". Câu chuyện của Long cho thấy nghịch cảnh có thể bào mòn thể xác, nhưng không thể dập tắt ý chí.
Haigiải Bđược trao cho nhóm tác giả Nguyễn Vũ Thu Hường, Trần Thanh Tùng, Nguyễn Quốc Duy, Nguyễn Đình Đạt (Bộ Quốc phòng) với bàiVươn lên từ thử thách - viết tiếp giấc mơ đờivà tác phẩmChàng trai vẽ màu của hy vọng từ gam màu da cam nghiệt ngãcủa Lương Đình Khoa (Hưng Yên).
Bagiải Clần lượt thuộc về các tác giả: Hoàng Thị Diệp với bàiChuyện chiến binh K đạp xe xuyên Việt 2.500 km bằng xe đạp; Vũ Thị Hải Anh vớiVượt lên số phận, cùng đất nước tiến vào kỷ nguyên mới; và Trần Thị Khanh vớiBản hùng ca thầm lặng.
Ngoài ra còn có 5giải khuyến khíchvà 4giải chuyên đề.Khép lại mùa giải thứ 8, ban tổ chức khẳng định sẽ tiếp tục duy trì sân chơi ý nghĩa này, để những câu chuyện về nghị lực sống, lòng nhân ái và khát vọng vươn lên tiếp tục lan tỏa trong xã hội."
https://thanhnien.vn/nguoi-tre-da-nang-vuot-lu-tiep-te-vung-lut-ung-ho-cho-ai-cung-duoc-185251029165951524.htm,Người trẻ Đà Nẵng vượt lũ tiếp tế vùng lụt: 'Ủng hộ cho ai cũng được',"Giữa dòng nước xiết, những chuyến ghe vượt lũ, chở thùng mì, thùng nước ghi vội dòng chữ 'ủng hộ cho ai cũng được' đến với bà con đang bị cô lập.","Trưa 29.10, giữa dòng nước xiết, hàng trăm cán bộ, chiến sĩ công an cùng lực lượng thanh niên, dân quân ở TP.Đà Nẵngcăng mình vận chuyển từng thùng mì tôm, chai nước, gói sữa đến với bà con vùngngập sâu.
Ghi nhận của PVThanh Niêntại P.Điện Bàn Đông (TP.Đà Nẵng), nước lũ dâng cao khiến tuyến đường ĐH8 dẫn vào Bệnh viện đa khoa Vĩnh Đức ngập quá đầu người. Chính quyền địa phương lập rào chắn, huy động ghe thuyềnứng cứuhơn 700 hộ dân bị ngập lút mái nhà.
Giữa dòng nước xiết, những chuyến ghe mang theo lương thực, nước uống đến với bà con vùng cô lập
ẢNH: H.Đ
Những ngày qua, lực lượng công an, quân đội vàđoàn thanh niêntổ chức gần 20 lượt cơ động vượt lũ, mang nhu yếu phẩm tiếp tế cho người dân bị chia cắt. Đây là những phần quà do người dân khắp nơi gửi về tiếp tế cho bà con vùng lũ.
Trung tá Vũ Đình Quang, Phó trưởng Công an P.Điện Bàn Đông (TP.Đà Nẵng), cho biết: “Chúng tôi túc trực 100% quân số, đảm bảo không để xảy ra thương vong. Từng chuyến hàng được đưa vào trong vùng ngập bằng mọi cách”.
Xúc động: Dòng chữ ghi vội trên hàng cứu trợ người dân bị cô lập do mưa lũ
Lực lượng công an, bộ đội và đoàn viên thanh niên túc trực ngày đêm vận chuyển hàng cứu trợ vào vùng ngập sâu
ẢNH: H.Đ
Điểm tập kết nhu yếu phẩm tại Nhà văn hóa Cố An Tây, không khí cứu trợ khẩn trương. Lực lượng thanh niên phường cùng người dân hối hả khuân vác, phân loại hàng cứu trợ.
Chị Ngô Thị Tú Trinh, Bí thư Đoàn P.Điện Bàn Đông, cho biết: “Hai ngày qua, chúng tôi tiếp nhận hàng nghìn két nước, thùng mì, bánh mì, sữa... để gửi vào cho bệnh viện và các khu dân cư ngập sâu. Mỗi gói quà là một lời động viên bà con cố gắng vượt qua khó khăn”.
Người dân dùng xe máy, xe kéo vượt nước lũ mang hàng đến điểm tập kết Nhà văn hóa Cố An Tây ủng hộ người dân vùng lũ
ẢNH: H.Đ
Giữa mênh mông nước lũ, những chuyến ghe vượt dòng nước ngập sâu chở từng thùng mì, két nước đến điểm tập kết hàng cứu trợ. Trên mỗi thùng hàng, dòng chữ viết vội bằng bút lông loang nước: “Ủng hộ cho ai cũng được”, ngắn gọn mà chứa chan tình người trong cơn hoạn nạn.
Những thùng mì, két nước ghi vội dòng chữ ‘Ủng hộ cho ai cũng được’ gửi gắm tấm lòng sẻ chia trong hoạn nạn
Chị Ngô Thị Tú Trinh, nghẹn giọng kể lại: “Khi tiếp nhận hàng, chúng tôi thật sự xúc động. Nhiều người chở hàng đến rồi lặng lẽ quay đi, không để lại tên tuổi, chỉ nhắn vài lời: ""Ai cũng là bà con mình hết, cứ chuyển vào cho họ ăn uống tạm, tôi phát khóc khi thấy nước lũ nhấn chìm nhà cửa"".
Chị Trinh nhớ lại: ""Khi nghe những lời ấy, ai cũng thấy sống mũi cay cay, chỉ mong chuyển hàng đi thật nhanh để bà con trong vùng ngập có cái ăn, cái uống mà gượng qua những ngày gian khó"".
Những chuyến ghe chở đầy ắp nhu yếu phẩm tiếp sức cho bà con giữa biển nước Đà Nẵng
ẢNH: H.Đ
Giữa biển nước mênh mông, những chuyến ghe cứu trợ chở đầy ắp nhu yếu phẩm và mang theo cả tấm lòng lặng thầm, một tình ngườiĐà Nẵng, ấm lên giữa mùa lũ."
https://thanhnien.vn/chuyen-xe-nghia-tinh-cua-nguoi-tre-da-nang-lan-banh-ve-vung-bao-lu-185240913202811815.htm,Chuyến xe nghĩa tình của người trẻ Đà Nẵng lăn bánh về vùng bão lũ,"Những chuyến xe bán tải thiện nguyện do người trẻ ở TP.Đà Nẵng kêu gọi quyên góp đã lăn bánh hướng về miền Bắc, với nhu yếu phẩm sẽ chuyển đến để tiếp sức người dân vùng thiên tai.","Thành đoàn Đà Nẵng, Hội Doanh nhân trẻ TP.Đà Nẵng và CLB xe bán tải Đà Nẵng phối hợp tổ chức chương trình ""Chuyến xe nghĩa tình"" nhằm vận chuyển vật dụng, nhu yếu phẩm cho đồng bào các tỉnh, thành miền Bắc đang chịu ảnh hưởng bởi mưa lũ.
Đại diện Thành đoàn Đà Nẵng cho biết sau khi nhận thông báo về việc chung tay hỗ trợ đồng bào vùng lũ lụt, người dân TP.Đà Nẵng đã sẻ chia, giúp đỡ về tinh thần, vật chất cho bà con vùng thiên tai.
Món quà được chương trình đưa đến người dân vùng gặp thiên tai có 785 áo phao, 120 kg lương khô, 224 thùng mì tôm, 308 thùng sữa tươi, 424 ổ bánh mì, 7.000 hộp thức ăn, 8.972 chai nước, 485 kg gạo, 230 cặp bánh chưng - bánh tét, 181 thùng thực phẩm khô (bánh ngọt, lương khô, bánh mì tươi, cháo ăn liền...), 30 thùng phần đồ ăn nhanh đã phân chia sẵn (nước, bánh mì, sữa đặc, xúc xích, sữa tươi), 800 hộp cá, thịt ăn liền.
Những chuyến xe nghĩa tình đã lăn bánh chở vật dụng, nhu yếu phẩm sẽ được trao đến tay đồng bào vùng lũ lụt
ẢNH: H.Đ
Ngoài ra, còn có 25 thùng đồ dùng cá nhân (bàn chải, nước giặt, băng vệ sinh, bỉm, khăn, giấy vệ sinh), 40 thùng quần áo chăn mền, 100 áo mới, 300 kg bột khử khuẩn, 16 thùng thuốc cá nhân (bông, băng, nước muối, ô xy già...).
Tổng giá trị các phần quà gần 1 tỉ đồng.
Hướng về miền Bắc: Lời kêu gọi chung tay ủng hộ đồng bào sau bão số 3
Anh Lê Công Hùng, Phó bí thư Thành đoàn Đà Nẵng, cho biết hưởng ứng lời kêu gọi của các cấp, người dân cùng nhà hảo tâm, doanh nghiệp, Thành đoàn Đà Nẵng, các đơn vị đã đóng góp hỗ trợ người dân các tỉnh miền Bắc. Đặc biệt, trong chuyến hàng chuyển ra Bắc còn có thêm thuốc men, nước uống, dụng cụ hỗ trợ hằng ngày, thuốc khử khuẩn…
Người trẻ ở TP.Đà Nẵng kêu gọi góp nhu yếu phẩm để gửi ra hỗ trợ đồng bào vùng thiên tai miền Bắc
ẢNH: H.Đ
""Đây là chuyến hàng đầu tiên. Chúng tôi sẽ cố gắng kêu gọi hỗ trợ cho đợt 2, quan tâm hơn đến các học sinh vùng bị bão lũ vì hiện nay sách vở đã bị cuốn trôi. Chính vì vậy, đợt 2 sẽ hỗ trợ áo quần, sách vở... để các em sớm quay lại trường học"", anh Hùng nói.
Anh Doãn Vũ Hoàng, Chủ nhiệm CLB xe bán tải Đà Nẵng, cho biết đội xe lần này có 15 xe bán tải và 30 thành viên. Ra đến nơi, các thành viên trong đoàn sẽ phối hợp với địa phương vận chuyển hàng hóa đến với người dân vùng ngập lụt, đến khi mọi chuyện xong xuôi rồi mới trở về.
""Chúng tôi đã triển khai hoạt động này nhiều năm ở nhiều tỉnh, thành miền Trung, nên lần này ra miền Bắc cũng đã có kinh nghiệm. Các ""chuyến xe nghĩa tình"" sẽ ra đến các tỉnh Tây Bắc và sớm trao hàng hóa đến tay bà con"", anh Hoàng nói.
Đội nắng bốc hàng
ẢNH: H.Đ
"
https://thanhnien.vn/sinh-vien-lam-xa-phong-tu-trai-cay-ban-gia-32000-dong-38000-dong--san-pham-185251029112040226.htm,Sinh viên làm xà phòng từ trái cây bán giá 32.000 đồng – 38.000 đồng /sản phẩm,"Từ những loại trái cây, nhóm sinh viên Trường ĐH FPT Cần Thơ đã làm xà phòng hữu cơ mang lại nhiều lợi ích cho nông dân.","Ý tưởng từ loạitrái câynói trên có tên ""Refruit Soap"", được thực hiện bởi nhóm sinh viên Võ Triệu Trà, Nguyễn Thị Bảo Chân, Võ Nguyễn Kim Ngân (ngành digital marketing, Trường ĐH FPT Cần Thơ). Dự án đã đoạt giải 3 cuộc thi Water Hackathon 2025 – cuộc thi tìm kiếm những giải pháp đột phá trong quản lý và bảo vệ môi trường, đặc biệt là về nguồn nước.
Nhóm sinh viên thực hiện dự án làm xà phòng hữu cơ từ những loại trái cây bị hư hỏng một phần
ẢNH: THANH DUY
Trưởng nhóm là Võ Triệu Trà cho biết ý tưởng bắt nguồn từ chính quê hương của mình. Nhà của Trà ở Trà Vinh (nay là Vĩnh Long), trồng nhiều cam, dưa leo, cà chua. Để bán được cho thương lái, trái phải đạt chuẩn về kích thước, mẫu mã đẹp. Những trái vỏ sần sùi, hư hỏng một phần do sâu hại hầu hết bị thương lái bỏ lại, nông dân muốn bán lẻ cũng rất khó.
Thấy vậy, Trà và các bạn nghĩ tới việc sử dụng những trái cây bị hư hỏng một phần để làmxà phònghữu cơ. Bằng sự quyết tâm, đến nay, nhóm đã làm được 7 loại xà phòng từ cam, chanh, cà chua, bơ, khoai tây, đu đủ, dưa leo. Các loại trái cây này đều được xử lý theo quy trình chung: cắt gọt vỏ (trừ cam và chanh), xay nhuyễn vắt lấy nước, xử lý nhiệt tạo tinh chất, phối hợp với phôi xà phòng dầu dừahữu cơ, cho vào khuôn chờ đông và đóng hộp thành phẩm.
Theo Trà, mỗi loại trái cây có tính chất khác nhau nên sẽ có ""bí quyết"" xử lý khác nhau. Chẳng hạn, với trái chanh, nếu xử lý nhiệt cao thì tinh chất sẽ giảm đi vitamin C, giảm khả năng tẩy tế bào chết và cân bằng pH cho da. Với đu đủ, bơ cũng cần xử lý nhiệt thấp, nhưng loại này cần thời gian xử lý ít hơn loại kia. Ngược lại, với trái dưa leo thì phải xử lý nhiệt cao mới có thể lọc lấy tinh chất giúp làm mát, làm dịu da.
Các loại xà phòng do nhóm thực hiện
ẢNH: THANH DUY
Sau công đoạn xử lý nhiệt là khâu quan trọng, đem tinh chất đi vô trùng để đảm bảo xà phòng không còn vi khuẩn, dù trước đó nguyên liệu đầu vào là trái cây có dấu hiệu hư một phần nhưng vẫn sử dụng được. Hiện, xà phòng từ 7 loại trái cây nói trên nhóm đã rút ra được công thức sản xuất hoàn chỉnh và đã mang đi kiểm nghiệm tại Viện Pasteur TP.HCM với kết quả đều không phát hiện vi khuẩn hiếu khí.
Với trái cam, khoảng 4kg cam tươi sẽ lọc được khoảng 100-200ml tinh chất, có thể làm ra được 50-60 bánh xà phòng loại 100 gram. Tùy thời điểm nhóm sẽ bán một sản phẩm với giá 32.000 đồng – 38.000 đồng, lợi nhuận trung bình 5.000-10.000 đồng/sản phẩm. Từ đây, nhóm mua lại các nông sản có dấu hiệu hư một phần nhưng vẫn sử dụng được với giá từ 1.000 -1.500 đồng/kg, góp phần bảo vệ môi trường và giúp nông dân có thêm thu nhập.
Sản phẩm có mẫu mã chỉn chu và đã được giới thiệu, bày bán tại nhiều sự kiện
ẢNH: THANH DUY
Sản phẩm này nhóm đã bày bán tại các cuộc thi khởi nghiệp, sự kiện trongTrường ĐH FPT Cần Thơ. Tuy nhiên, chưa mạnh dạn bán số lượng nhiều do nhiều công đoạn còn cần phải thuê máy móc từ bên ngoài.
""Chúng em đang nghiên cứu tiếp công nghệ vi nang hóa, tạo men vi sinh vào xà phòng trái cây. Khi rửa tay bằng xà phòng, bao men vi sinh sẽ tách ra, giải phóng các lợi khuẩn góp phần phân hủy dầu ăn, ức chế các vi khuẩn có hại để cải thiện nguồn nước"", Kim Ngân chia sẻ."
https://thanhnien.vn/bien-vo-tom-thanh-che-pham-bao-quan-trai-cay-185230625180018768.htm,Biến vỏ tôm thành chế phẩm bảo quản trái cây,"Từ những vỏ tôm tưởng bỏ đi, nhóm sinh viên Trường ĐH Văn Lang đã nghiên cứu, phát triển thành chế phẩm giúp bảo quản các loại rau củ quả, trái cây được lâu ngày hơn.","Nhóm sinh viêngồm 6 thành viên, nhóm trưởng là Lê Công Quốc Tín, các thành viên khác là Nguyễn Ly Phương Trang, Trần Công Luận, Phạm Ngọc Quỳnh Hương, Võ Thị Bảo Ngọc và Nguyễn Bá Triệu.
Nhóm sinh viên Trường ĐH Văn Lang khởi nghiệp với dự án lấy vỏ tôm làm thành phế phẩm bảo quản trái cây
Dạ Thảo
Quốc Tín cho biết nhiều năm qua sản phẩmtrái cây Việt Namtuy ngon nhưng có lúc lại mất mùa được giá. Những loại trái cây không được bảo quản một cách tốt nhất, bị bỏ đi uổng phí. Từ đó, Tín quyết định tìm giải pháp để giải quyết vấn đề.
Học ngành quản trị kinh doanh nhưng nhóm sinh viên lại chọn khởi nghiệp từ phế phẩm. Tín luôn dành thời gian, tìm những tài liệu về công nghệ sinh học để nghiên cứu. Nhờ sự giúp đỡ, hướng dẫn của tiến sĩ Vũ Thị Huyền (chuyên ngành công nghệ sinh học của trường) nhóm bắt đầu chọn dự án bằng vỏ tôm.
Chọn vỏ tôm bỏ đi, sau đó nghiên cứu, pha chế thành dạng lỏng để bảo quản trái cây là đề tài khởi nghiệp mà nhóm sinh viên này thực hiện. Lý giải vì sao lại chọn vỏ tôm mà không phải nguyên liệu khác, Tín chia sẻ: ""Chọn vỏ tôm vì trong nó có chứa chất kitin (chất  bảo quản tự nhiên), phế phẩm dễ tìm, nguyên liệu hầu như bị bỏ đi, công đoạn chế biến nhanh. Từ đó giảm được nhiều chi phí cho sản xuất"".
Sản phẩm bảo quản trái cây dạng lỏng mà nhóm sinh viên làm ra
Dạ Thảo
Để làm ra được sản phẩm, phải qua rất nhiều công đoạn, như: phơi khô vỏ tôm, rửa sạch, khử khuẩn vỏ, nghiền thành bột rồipha trộn với giấm gạo. Ban đầu, nhóm ra chợ xin vỏ tôm bỏ đi của tiểu thương bán hải sản. Từ công thức riêng, nhóm pha trộn để ra sản phẩm cuối cùng. Sau hơn 2 tháng nhóm sinh viên cũng đã hình thành được sản phẩm. Tiếp theo là thử nghiệm sản phẩm trực tiếp lên trái cây, sau đó đóng chai, thiết kế bao bì, phát triển sản phẩm, khảo sát thị trường và bán sản phẩm.
Nguyễn Ly Phương Trang cho biết nhóm đã ra các chợ trái cây, đứng ở tận quầy bán để khảo sát nhu cầu. Hay lên tận các vườn trái cây ở Củ Chi để thử nghiệm. Bên cạnh đó, nhóm còn áp dụng, bảo quản cho bếp ăn từ thiện khi bảo quản rau củ để lâu ngày.
Phương Trang nói thêm, ưu điểm của sản phẩm này sử dụng nguyên liệu hoàn toàn tự nhiên, thân thiện với con người và trái cây. ""Ví dụ như trái mận để trong môi trường bình thường trong 3 đến 5 ngày trái sẽ hư. Tuy nhiên, khi sử dụng sản phẩm này mận sẽ giữ được gần 10 ngày"", Trang chia sẻ.
""Ngoài ra, sản phẩm còn tạo thành vòng tròn tái chế sinh học. Tức là, khi pha với nước để ngâm trái cây và sau đó có thể dùng nước bỏ đi này để bón cho cây trồng"", Tín nói.
Tuy nhiên, nhược điểm của sản phẩm là chưa bảo quản được các loại trái cây có vỏ dày như sầu riêng, mít và trái bơ…
Nhóm sinh viên này giành giải đặc biệt trong cuộc thi khởi nghiệp ở trường
Dạ Thảo
Theo Tín, nhóm sẽ phát triển dự án khởi nghiệp qua từng giai đoạn. Giai đoạn đầu gồm bán ở chợ và các sàn thương mại điện tử. Giai đoạn hai sẽ bán ở siêu thị, tiếp theo sẽ mở cửa hàng trái cây sạch và sử dụng sản phẩm bảo quản của mình. Và kế tiếp sẽ bán cho các công ty nhập khẩu trái cây… Khách hàng mà nhóm muốn hướng tới là người nội trợ, sinh viên, hộ gia đình, thương lái, nhà máy nhập khẩu trái cây, người nông dân… Với nhóm, khó khăn lớn nhất là kinh nghiệm, tài chính và những thiếu sót về quy trình chất lượng sản phẩm.
Vừa qua, chế phẩm sinh học từ vỏ tôm bảo quản trái cây lâu hơn đoạt giải đặc biệt cuộc thi khởi nghiệp ""Ra khơi"" năm 2023 của Trường ĐH Văn Lang tổ chức.
Ông Lâm Minh Chánh, Sáng lập và Chủ tịch Học viện Kinh doanh & Tài chính BizUni, nhìn nhận dự án biến vỏ tôm thành phế phẩm bảo quản trái cây rất tiềm năng. Sản phẩm phù hợp, gần gũi với nhiều người và vị trí của sinh viên khi khởi nghiệp hiện nay. Điểm đặc biệt của sản phẩm này ở dạng lỏng, dễ sử dụng và hoàn toàn tự nhiên. Tuy nhiên, trong tương lai sản phẩm này sẽ có nhiều cạnh tranh bởi trên thị trường cũng đã có sản phẩm tương tự. Vẫn cần thời gian thẩm định thêm các chức năng vốn có của sản phẩm. Nếu đi đúng hướng, ông Chánh tin rằng dự án khởi nghiệp từ vỏ tôm này sẽ có nhiều tiềm năng phát triển hơn sau này."
https://thanhnien.vn/khong-co-suc-khoe-thi-khong-the-thuc-hien-duoc-uoc-mo-185251029140203878.htm,Không có sức khỏe thì không thể thực hiện được ước mơ?,Một vấn đề gợi mở về sự thành công từ tại lễ khai khóa năm 2025 của ĐH Quốc gia TP.HCM tổ chức ngày 25.10 thu hút nhiều sự quan tâm của người trẻ.,"Trong cuộc nói chuyện, từ chính trải nghiệm của bản thân, tiến sĩ Nguyễn Thanh Mỹ, Chủ tịch Hội đồng Quản trị Tập đoàn Mỹ Lan, cho rằng thành công không đến từ một yếu tố đơn lẻ mà là sự tổng hòa của nhiều yếu tố: 15% sức khỏe, 15% tư duy đúng, 25% nỗ lực, 20% tri thức, 10% kiên trì và mỗi yếu tố cơ hội, may mắn, hoàn cảnh chiếm 5%. Ông Mỹ nhấn mạnh sức khỏe là nền tảng quan trọng, bởi ""không có sức khỏe thì không thể thực hiện được ước mơ"".
Video ghi lại phần nói chuyện của ông Mỹ thu hút hơn 658.000 lượt xem trênFacebookvà hơn 1.400 lượt chia sẻ. Và từ đây, những bình luận xoay quanh ""những yếu tố trong công thức thành công"" được người trẻ liệt kê ra.
Ông Nguyễn Thanh Mỹ chia sẻ ‘công thức thành công’ trong lễ khai khóa năm học 2025 của ĐH Quốc gia TP.HCM
ẢNH: ĐH QUỐC GIA TP.HCM
Ông Huỳnh Xuân Tùng, người sáng lập và giám đốc điều hành TAS Global (TP.HCM), cho rằng: ""Cuộc đời không phải là một bài toán với những hằng số bất biến. Sẽ có giai đoạn sức khỏe là quan trọng nhất, có giai đoạn một cơ hội nhỏ lại thay đổi cả cuộc chơi. Từ công thức thành công của người khác, có thể tham khảo, tự điều chỉnh cho phù hợp với bản thân. Chứ đừng sao chép công thức của bất kỳ ai, mà hãy dùng để làm cảm hứng nhằm tự viết nên công thức thành công cho chính cuộc đời mình"".
Với ông Tùng, công thức thành công của ông chiêm nghiệm ra là tư duy đúng chiếm 40%, nỗ lực và kiên trì chiếm 30%, sức khỏe chiếm 15%, tri thức chiếm 10% và 5% còn lại là hoàn cảnh, cơ hội, may mắn.
Ông Tùng cũng nhấn mạnh: ""Sức khỏechính là ""con tàu để chuyên chở tất cả"". Mọi tham vọng, mọi kế hoạch, mọi hệ điều hành tư duy ưu việt đều phải được đặt trên con tàu này. Khi con tàu thủng, hành trình sẽ dừng lại. Đặc biệt là sức khỏe tinh thần, khả năng chống chọi với áp lực và phục hồi sau thất bại"".
Lê Phi Hùng (29 tuổi), nghiên cứu sinh tiến sĩ ngành thống kê và khoa học dữ liệu tại ĐH Johns Hopkins (Mỹ), cho biết các yếu tố sức khỏe, tư duy đúng, nỗ lực, tri thức, kiên trì… đều là những mảnh ghép không thể thiếu trong công thức thành công.
""Tuy nhiên, mỗingười trẻsẽ có cho mình một công thức riêng. Và tỷ lệ các yếu tố thay đổi theo trải nghiệm, môi trường, chứ không hề có công thức chung cho thành công. Nếu như thế hệ trước nhấn mạnh vào kiên trì và tư duy, thì nhiều người trẻ hiện nay thường quan tâm những yếu tố khác. Với riêng tôi, công thức sẽ là 40% dám làm, 30% học hỏi, 20% kiên trì và 10% chấp nhận sai lầm"", Hùng nói và giải thích thêm: ""Sở dĩ ""dám làm"" là điều quan trọng nhất vì không ai có thể thành công nếu không bắt đầu"".
Đối vớisinh viên, Hùng nói: ""Kiên trì, chủ động tự học là hai yếu tố thật sự quan trọng. Nếu có hai yếu tố này, sinh viên có thể viết nên những thành tích cao trong học tập, nghiên cứu khoa học…"".
Sinh viên tại lễ khai khóa năm 2025 của ĐH Quốc gia TP.HCM
ẢNH: ĐH QUỐC GIA TP.HCM
Hồ Thị Thúy (28 tuổi, làm việc tại P.Phú Mỹ, TP.HCM; trước đây là KP.Phước Lập, P.Mỹ Xuân, TP.Phú Mỹ, tỉnh Bà Rịa - Vũng Tàu), nói: ""Sức khỏe là yếu tố quan trọng để giúp người trẻ thành công. Không ít người trẻ xem nhẹ sức khỏe"".
Thúy kể thêm: ""Tôi từng làm việc 16 tiếng mỗi ngày để kịp đơn hàng xuất khẩu, rồi đổ bệnh. Lúc đó tôi mới hiểu, khi kiệt sức, mọi cơ hội và nỗ lực đều vô nghĩa. Giờ đây, khi điều hành doanh nghiệp, tôi luôn tuân thủ triết lý ""sức khỏe là nền tảng của mọi chiến lược"". Tôi tin rằng, với những người đủ trải nghiệm, trong công thức thành công của họ sẽ ưu tiên đến sức khỏe"".
Cùng quan điểm, ông Nguyễn Phi Hùng, Phó giám đốc Công ty chế biến thực phẩm Minh Hà, xã Bình Hưng, TP.HCM (trước đây là xã Phong Phú, H.Bình Chánh, TP.HCM), nói: ""Cần có sức khỏe thật tốt. Điều này hiện nay có một bộ phận người trẻ lơ là, vướng vào những sai lầm gây hệ lụy cho bản thân như: ăn uống không đúng bữa và không đủ chất, thức khuya…"".
Ông Hùng chia sẻ thêm: ""Với tôi, tư duy đúng là yếu tố đặc biệt quan trọng. Khi có tư duy đúng, sẽ hướng bản thân đến những việc làm, hành động đúng. Dù là sinh viên, người trẻ đi làm, người trẻ đang khởi nghiệp, khởi sự kinh doanh… thì việc có tư duy đúng sẽ giúp tạo ra kết quả tốt đẹp. Song song đó, người trẻ cần luôn nỗ lực để tạo được thành công bền vững. Nếu thành công và tự mãn, không nỗ lực, thì khó duy trì được thành công"".
Anh Nguyễn Trung Tính (34 tuổi, ngụ ở xã Bình Hàng Trung, tỉnh Đồng Tháp; trước đây là xã Tân Hội Trung, H.Cao Lãnh, tỉnh Đồng Tháp), Phó giám đốc Công ty TNHH sản xuất - thương mạiAlpha Amin, nói: ""Theo tôi, công thức của sự thành công chính là sự chuẩn bị gặp được cơ hội. Bởi vì cơ hội luôn đến bất ngờ, nhưng chỉ những ai có sự chuẩn bị kỹ càng mới có thể nắm bắt và biến nó thành thành công thực sự"".
Cũng theo anh Tính: ""Chuẩn bị ở đây không chỉ là kiến thức, kỹ năng, mà còn là tâm thế sẵn sàng học hỏi và thích nghi. Từ trải nghiệm của bản thân, tôi nhận ra rằng chuẩn bị giúp chúng ta tự tin, có năng lực để không bỏ lỡ cơ hội khi nó đến. Cơ hội chính là phép thử để biết sự chuẩn bị của mình đã đủ hay chưa. Và nỗ lực là cầu nối giữa hai yếu tố đó, để biến ""cơ hội"" thành ""thành quả"". Để thành công, thiết nghĩ người trẻ nên bắt đầu bằng việc chuẩn bị sớm: học hỏi, rèn luyện, và dấn thân""."
https://thanhnien.vn/sinh-vien-lam-nuoc-mam-chay-va-goi-von-thanh-cong-13-ti-dong-185251020193357697.htm,"Sinh viên làm nước mắm chay và gọi vốn thành công 1,3 tỉ đồng","Mong muốn nâng cao giá trị củ hành tím, nhóm sinh viên Trường ĐH Trà Vinh đã nghiên cứu làm nước mắm chay và gọi vốn thành công 1,3 tỉ đồng.","Hành tím là nông sản đặc trưng của vùng đất Vĩnh Châu (Sóc Trăng) và Duyên Hải (Trà Vinh cũ). Tuy là gia vị quen thuộc trong bếp Việt, nhưng mỗi khi vào vụ thu hoạch, nguồn cung dồi dào, loại nông sản này thường bị tồn đọng, giá bán thấp.
Từ thực tế đó, 4 sinh viênTrường ĐH Trà Vinhgồm Sơn Minh Mẫn, Lê Thị Tuyết Trinh, Lý Gia Hân, Dương Ngọc Thu Thảo đã thành lập nhóm nghiên cứu và khởi xướng dự án CUHATI (viết tắt của củ hành tím), với mục tiêu tạo ra sản phẩm gia vị mới, thân thiện sức khỏe và gia tăng giá trị nông sản.
Nhóm của Mẫn(thứ 2 từ trái sang)mất thời gian 1,5 năm để hoàn thiện sản phẩm nước mắm chay từ củ hành tím
ẢNH: DUY TÂN
Sau gần 1,5 năm thử nghiệm, nhóm đã cho ra đời nước mắm chay lên men tự nhiên. Sản phẩm hoàn toàn không dùng hóa chất, phù hợp với người ăn chay và người tiêu dùng ưa chuộng thực phẩm lành mạnh. Đặc biệt, nhóm còn tận dụng phần bã hành sau chiết xuất để ủ làm phân bón hữu cơ, hướng đến mô hình kinh tế tuần hoàn, giảm thiểu rác thải.
Trưởng nhóm Sơn Minh Mẫn tiết lộ: ""Công thức làm nước mắm chay từ củ hành tím gần giống quy trình sản xuấtnước mắm truyền thống, chỉ khác nguyên liệu chính là hành tím. Chúng em trộn hành tím và muối theo tỷ lệ 3:1, bổ sung thêm đậu nành để tăng độ đạm và khóm (dứa) để tạo vị ngọt tự nhiên. Hỗn hợp được ủ khoảng 6 tháng, sau đó nấu lại để tiệt trùng trước khi lọc và đóng chai"".
Thành quả ngọt ngào đến khi nước mắm chay CUHATI được Trung tâm phân tích - kiểm nghiệm xác nhận đạt tiêu chuẩn an toàn chất lượng. Sản phẩm có hương vị đậm đà, dễ sử dụng, vừa giữ được vị mặn dịu của nước mắm, vừa mang hương thơm đặc trưng của hành tím.
Vừa qua, tại chương trình gọi vốn do Vườn ươm doanh nghiệp tỉnh Vĩnh Long (thuộc Trường ĐH Trà Vinh) tổ chức, dự án CUHATI gọi vốn thành công 1,3 tỉ đồng. Nhà đầu tư quyết định mua lại dự án, nhưng vẫn giữ 30% cổ phần cho Mẫn để tiếp tục điều hành và phát triển sản phẩm. Không dừng lại ở đó, nhóm của Mẫn đang phát triển thêm 5 - 6 sản phẩm chế biến sâu khác từ hành tím như siro ho, dầu gội, xà phòng, mặt nạ… nhằm tận dụng tối đa giá trị nông sản quen thuộc này.
Thạc sĩ Nguyễn Văn Vũ An, Giám đốc Trung tâm đổi mới sáng tạo và khởi nghiệp (Trường ĐH Trà Vinh), đánh giá: CUHATI là mô hình khởi nghiệp rấttiềm năng, vừa mang yếu tố sáng tạo, vừa gắn chặt với đặc trưng vùng miền. Nếu tiếp tục được hoàn thiện về công nghệ và bao bì, đây có thể trở thành sản phẩm OCOP trong tương lai. Tuy nhiên, sự đồng nhất chất lượng và công nghệ còn hạn chế. Do đó rất cần nhà đầu tư tham gia vào để hỗ trợ về vốn, công nghệ và mạng lưới phân phối để đi xa hơn.
PGS-TS Nguyễn Minh Hòa, Hiệu trưởng Trường ĐH Trà Vinh, cho biết thành công của CUHATI cùng 4 dự án khác được nhà đầu tư rót vốn là minh chứng rõ ràng cho hiệu quả của các chương trình đổi mới sáng tạo trong nhà trường. ""Đây là lần đầu tiên một Vườn ươm doanh nghiệp trực thuộc trường đại học ở ĐBSCL đạt được kết quả ấn tượng như vậy. Điều này cho thấy sinh viên đã thật sự biến kiến thức học đường thành sản phẩm thực tiễn, góp phần phát triển kinh tế địa phương và hướng đến phát triển bền vững"", Hiệu trưởng Trường ĐH Trà Vinh nhấn mạnh."
https://thanhnien.vn/lan-toa-ly-tuong-cach-mang-danh-sap-thong-tin-xau-doc-tren-khong-gian-mang-185251029104454133.htm,"Lan tỏa lý tưởng cách mạng, 'đánh sập' thông tin xấu độc trên không gian mạng","Ngày 29.10, T.Ư Đoàn TNCS Hồ Chí Minh tổ chức hội nghị sơ kết 3 năm thực hiện quyết định số 311/QĐ-TTG ngày 5.3.2022 của Thủ tướng Chính phủ phê duyệt chương trình 'Giáo dục lý tưởng cách mạng, đạo đức, lối sống văn hóa cho thanh niên, thiếu niên, nhi đồng trên không gian mạng giai đoạn 2023 - 2030'.","AnhBùi Quang Huy, Ủy viên dự khuyết Ban Chấp hành T.Ư Đảng, Phó chủ tịch Ủy ban T.Ư MTTQ Việt Nam, Bí thư thứ nhất T.Ư Đoàn; chị Nguyễn Phạm Duy Trang, Bí thư T.Ư Đoàn, Chủ tịch Hội đồng Đội T.Ư chủ trì hội nghị.
Theo báo cáo tại hội nghị, trong các năm từ 2023 đến nay, về cơ bản các chủ trương, nghị quyết quan trọng của Đảng và Nhà nước, chỉ đạo của các lãnh đạo Đảng và Nhà nước đều được chuyển hóa thành các sản phẩm tuyên truyền hiện đại như đồ họa thông tin (infographic), đồ họa chuyển động (motion-graphic), video clip ngắn… để tiếp cận tới đoàn viên, thanh niên.
Tiêu biểu như các tác phẩm, bài viết của cố Tổng Bí thư Nguyễn Phú Trọng, Tổng Bí thư Tô Lâm, các nghị quyết quan trọng của Bộ Chính trị, Ban Bí thư, Ban Chấp hành T.Ư; thông tin kỷ niệm các ngày lễ lớn và sự kiện lịch sử quan trọng; các văn bản quy phạm pháp luật mới được ban hành hoặc chính thức có hiệu lực…
Toàn cảnh hội nghị
ẢNH: Đ.H
Để tăng cường tuyên truyền về những chủ trương mới của Đảng và quan điểm chỉ đạo của Tổng Bí thư Tô Lâm, các báo đã mở chuyên mục “Vươn mình trong kỷ nguyên mới”; đăng tải hơn 1.500 bài viết trên các nền tảng, tập trung tuyên truyền nhiều chủ trương quan trọng như sắp xếp, tinh gọn bộ máy; phát triển khoa học và công nghệ, đổi mới sáng tạo, chuyển đổi số quốc gia; các công trình, dự án trọng điểm quốc gia; phát triển kinh tế - xã hội...
Đặc biệt, trong năm 2025, nhân kỷ niệm 50 năm Ngày đất nước thống nhất, T.Ư Đoàn đã tổ chức chiến dịch truyền thông ""Hòa bình đẹp lắm"" trên 2 nền tảng Tiktok và Facebook, đạt hơn 3,6 tỉ lượt xem; được xếp hạng là chiến dịch truyền thông nổi bật nhất trong tháng 4.2025.
Chiến dịch truyền thông lan tỏa thông tin tích cực dịp kỷ niệm 80 năm Cách mạng tháng Tám thành công và Quốc khánh 2.9 với chủ đề “Tự hào Việt Nam” đã có hơn 600.000 bài đăng trên các nền tảng và đạt gần 11 tỉ lượt xem trên Tiktok, Facebook, Youtube, đứng đầu trong các chiến dịch truyền thông lớn trong dịp A80 và trong tháng 8.2025 trên mọi nền tảng.
Báo cáo của Ban Chỉ đạo 35 T.Ư đánh giá, sự thành công của các chiến dịch truyền thông lớn trong dịp A80 vừa qua đã góp phần quan trọng giảm tỉ lệ thông tin tiêu cực từ 0,3% xuống còn gần 0,2%.
Công tác giám sát và xử lý thông tin xấu độc trên không gian mạng đã được triển khai mạnh mẽ và có chiều sâu. Ban chỉ đạo, Tổ thư ký 35 T.Ư Đoàn thường xuyên được kiện toàn.
65/67 tỉnh, thành đoàn, đoàn trực thuộc đã thành lập ban chỉ đạo và tổ thư ký giúp việc cấp tỉnh, tổ công tác, ban chỉ đạo cấp huyện và ban chỉ đạo, tổ công tác tại các đơn vị sự nghiệp trực thuộc. Đây là một điểm mới riêng có của Đoàn, phát huy tốt toàn bộ lực lượng trong thực hiện nhiệm vụ.
Anh Bùi Quang Huy và chị Nguyễn Phạm Duy Trang chủ trì cuộc họp
ẢNH: Đ.H
Định kỳ hằng tuần, Ban Chỉ đạo 35 T.Ư Đoàn tổ chức diễn tập đấu tranh với các thông tin xấu độc và lan tỏa thông tin tích cực, có cơ chế đánh giá, phân tích hiệu quả của từng địa phương, đơn vị. Đặc biệt, năm 2023, 2024 đã tổ chức diễn tập 1 bên 2 cấp quy mô toàn quốc và diễn tập 1 bên 2 cấp đối với tất cả các tỉnh, thành đoàn, đoàn trực thuộc, qua đó giúp cán bộ nòng cốt nắm chắc quy trình xử lý tình huống và thực hành các hành động cơ bản trong thực hiện nhiệm vụ.
Thường trực Ban chỉ đạo 35 T.Ư Đoàn đã lên kế hoạch để theo dõi, phát hiện các trang, tài khoản có yếu tố phản động, tổ chức diễn tập thường xuyên, lên phương án phối hợp cùng lực lượng 35 của các tỉnh, thành đoàn, đoàn trực thuộc tiến hành báo cáo sai phạm (report) để “đánh sập” các trang, bài viết phản động và chia sẻ, lan tỏa các thông tin tích cực, đấu tranh, phản bác.
T.Ư Đoàn chỉ đạo các cấp bộ Đoàn, hội, đội cùng đội ngũ cán bộ các cấp đã tích cực, chủ động lập các trang cộng đồng để thông tin, tuyên truyền và thực hiện nhiệm vụ bảo vệ nền tảng tư tưởng của Đảng. Đến nay, toàn quốc đã có 71 chuyên trang cộng đồng về bảo vệ nền tảng tư tưởng của Đảng. BáoTiền Phong, BáoThanh Niên, Cổng thông tin điện tử T.Ư Đoàn, Cổng tri thức Thánh Gióng, Tạp chíThanh Niênđã mở chuyên mục riêng về bảo vệ nền tảng tư tưởng của Đảng. BáoTiền Phong, BáoThanh Niênđăng tải hơn 3.000 bài viết để thực hiện nhiệm vụ bảo vệ nền tảng tư tưởng của Đảng.
Cạnh đó, T.Ư Đoàn đã triển khai hiệu quả cuộc vận động “Mỗi ngày một tin tốt, mỗi tuần một câu chuyện đẹp” trên không gian mạng. Đến nay đã có 13.108.605 tin tốt, câu chuyện đẹp được tuyên truyền.
Đặc biệt, cuộc vận động “Xây dựng giá trị hình mẫu thanh niên Việt Nam thời kỳ mới” của T.Ư Đoàn được triển khai đồng bộ, sáng tạo, gắn với thực hiện các nhiệm vụ chính trị của Đoàn, của đất nước. T.Ư Đoàn đã xác lập 12 tiêu chí cốt lõi trên nền tảng “tâm trong - trí sáng - hoài bão lớn”. Các tỉnh, thành đoàn, đoàn trực thuộc đã cụ thể hóa thành các giá trị hình mẫu phù hợp với địa phương, đơn vị mình.
Các cơ quan báo chí của T.Ư Đoàn luôn bám sát và giữ vững tôn chỉ, mục đích, đảm bảo hoạt động thường xuyên với các tin, bài được cập nhật liên tục, bám sát các vấn đề, sự kiện thời sự trong nước và quốc tế; tích cực tuyên truyền các chủ trương, đường lối, chính sách của Đảng, pháp luật của Nhà nước.
Các báo cũng phát huy tốt vai trò phản biện xã hội, cung cấp, phản ánh nhiều thông tin giúp các cơ quan chức năng thực hiện tốt hơn chức trách, nhiệm vụ của mình.
Nhận thức sâu sắc về vai trò và sức mạnh của các công cụ trực quan trong việc định hình nhận thức, tình cảm và hành vi của thế hệ trẻ, đặc biệt trong bối cảnh bùng nổ thông tin và công nghệ số, các cấp bộ đoàn trên toàn quốc đã chủ động đầu tư xây dựng và phát huy một hệ thống tuyên truyền đa dạng, sinh động.
Hằng năm, Ban Thường vụ T.Ư Đoàn giữ vai trò định hướng thông qua việc xây dựng và cung cấp các bộ công cụ tuyên truyền hiện đại trên nền tảng số như infographic, video clip, motion graphic, phim ngắn, bộ ảnh. Các sản phẩm số được đầu tư kỹ lưỡng về nội dung và hình thức, có sức hấp dẫn thị giác, dễ dàng lan tỏa trên không gian mạng và các thiết bị di động, thu hút sự quan tâm, chú ý của đông đảo đoàn viên, thanh thiếu nhi.
Đặc biệt, để hỗ trợ các cấp bộ đoàn và đoàn viên, thanh niên ứng dụng AI vào học tập, lao động, công tác, T.Ư Đoàn đã ra mắt công cụ ""AI của Đoàn"" tại địa chỉ http://ai.doanthanhnien.vn, tích hợp các nền tảng và ứng dụng AI phục vụ tra cứu, nghiên cứu tài liệu, tìm kiếm các chủ trương, hoạt động của Đoàn; hỗ trợ xây dựng các sản phẩm truyền thông…
Cùng đó, Hội Liên hiệp Thanh niên Việt Nam triển khai nền tảng ""Bình dân học AI"" tại địa chỉ http:// phocap.ai để giúp nâng cao kỹ năng sử dụng trí tuệ nhân tạo của đoàn viên, thanh niên.
Các cơ quan báo chí của Đoàn cũng đã có nhiều đổi mới về giao diện, bố cục báo in, báo điện tử; chú trọng sản xuất các sản phẩm báo chí mới (longform, megastory, infographic, podcast, video clip…), giúp tiếp cận tốt hơn đến bạn đọc; tập trung xây dựng tòa soạn hội tụ, chuyển đổi số báo chí nhằm đáp ứng nhu cầu, phù hợp với thị hiếu của từng đối tượng độc giả.
Đồng thời, xây dựng, đầu tư và phát triển hệ thống trường quay với các thiết bị hiện đại, thực hiện đa dạng hóa các phương thức truyền thông. BáoTiền Phong, BáoThanh Niênđã triển khai các nội dung về chuyển đổi số toàn diện trên các trụ cột: quản trị nội dung, quản trị dữ liệu, quản trị kinh doanh, quản trị tài chính kế toán, quản trị nội bộ...
"
https://thanhnien.vn/nu-chien-binh-dai-doi-hong-gam-anh-hung-185251028202657203.htm,Nữ chiến binh đại đội Hồng Gấm anh hùng,"Ở tuổi thanh xuân, những nữ chiến binh đại đội Hồng Gấm anh hùng xung phong ra trận. Khi đất nước yên bình, họ vun vén yêu thương cho gia đình êm ấm, chung tay xây dựng quê hương ngày càng giàu đẹp. Mỗi khi gặp mặt, họ cùng nhau nhắc câu chuyện thời hoa lửa năm xưa.","Ở tuổi 67, bà Nguyễn Thị Tuyết Mân (P.Trà Câu,Quảng Ngãi) vẫn nhớ rõ thuở quê hương chìm trong bom đạn và cả một thời hoa lửa của những nữ chiến binhđại đội Hồng Gấmanh hùng.
Năm 14 tuổi, vào một đêm thu 1972, bà dự buổi gặp mặt thiếu nhi và được nghe các chị bộ đội đại đội Hồng Gấm hát những ca khúccách mạng. Bà xin vào bộ đội nhưng bị từ chối vì còn quá nhỏ. Bà lẻn về nhà, đặt đôi dép nhựa ở sân rồi chân trần chạy theo các chị đến nơi trú quân. Sáng hôm sau, mẹ bà nhìn thấy đôi dép liền hớt hải đi tìm con. Gặp nhau, mẹ và các chị trong đơn vị khuyên bảo nhưng bà vẫn một mực mong muốn vào bộ đội. Hiểu lòng con, người mẹ miễn cưỡng gật đầu. Thế là bà Mânnhập ngũđại đội nữ Hồng Gấm (thuộc Huyện đội Đức Phổ).
Cựu chiến binh đại đội nữ Hồng Gấm và đại biểu tham dự gặp mặt kỷ niệm 39 năm ngày thành lập đơn vị vào năm 2011
ẢNH: TRANG THY
""Tôi có 2 người chú đi tập kết, 2 người chú và anh rể là liệt sĩ. Chị và em gái bị đối phương bắn chết. Cha tôi trọng thương vì trúng đạn pháo ở căn cứ Núi Giàng (trung tâm huyện lỵ Đức Phổ, Quảng Ngãi thuở trước, giờ thuộc P.Đức Phổ, Quảng Ngãi). Vậy nên tôi phải đi theo cách mạng"", bà tâm sự.
Cùng nhập ngũ ngày đó có bà Bùi Thị Hồng Đẹp (năm nay 69 tuổi, cũng ở P.Trà Câu). Ngày còn bé, bà Đẹp nhiều lần phải chui vào hầm tránh bom đạn, chạy theo mẹ tránh những trận càn quét. Cha bà là du kích xã Phổ An (giờ thuộc P.Trà Câu) hy sinh khi bà vừa tròn 11 tuổi. Mẹ bà là cơ sở trung kiên của cách mạng. Bà Đẹp làm liên lạc cho du kích và cán bộ cách mạng khi tuổi đời còn nhỏ. Cán bộ đại đội nữ Hồng Gấm về làng, bà nhất quyết đi theo khi vừa tròn 16 tuổi. ""Gia đình mình theo cách mạng nên tôi xin theo mấy chị vào đại đội Hồng Gấm, cầm súng đánh giặc trả thù cho cha và bà con..."", bà Đẹp tâm sự.
Vóc dáng bé nhỏ và sức yếu nên khi nhập ngũ bà Mân chưa thể sử dụngsúng AR15luyện tập quân sự. Các chị trong đơn vị chặt một đoạn tre rồi cột dây cho bà mang theo bên người tập luyện các động tác lăn, lê, bò, trườn... trên nền đất nâu. Sau đó, bà cầm súng theo các chị tham gia nhiều trận đánh khiến đối phương khiếp sợ.
Các cựu chiến binh đại đội Hồng Gấm vui mừng trong ngày gặp mặt
ẢNH: TRANG THY
Tờ mờ sáng một ngày cuối năm 1973, bà Mân cùng người chị trung đội phó tên Nhành đến điểm phục kích. Đơn vị chia mỗi tổ 2 người cách nhau chừng trăm mét chặn đối phương tấn công vùng giải phóng chiếm đất, giành dân sau Hiệp định Paris. Hai bà ngồi trong hầm chữ A, phát hiện tiếng khua sột soạt phía đám mía trước mặt nên nổ súng. Bị tập kích bất ngờ, đối phương tháo chạy tán loạn rồi rút lựu đạn ném trả nhưng không trúng đích.
Trong khi đó, có dáng người thấp và khả năng chạy nhanh, bà Đẹp được chỉ huy đơn vị phân công làm giao liên. Giữa những trận chiến, bà mang súng AK báng xếp thoăn thoắt chạy đến giao lệnh của chỉ huy đại đội cho các tổ chiến đấu giữa tiếng súng nổ. Pháo từ các căn cứ của đối phương nã vào trận địa quân ta liên hồi. Đồng đội có công sự che chắn đỡ phần nào nguy hiểm, còn bà Đẹp chạy dưới giao thông hào hay trên mặt đất nênsinh tửcách nhau trong gang tấc. Đạn pháo bay đến, bà vội ngã chúi xuống đất. Mọi người trong công sự như nín thở vì lo cho bà, rồi họ thở phào khi bà đứng dậy và tiếp tục chạy.
Cựu chiến binh đại đội Hồng Gấm dâng hương viếng anh hùng liệt sĩ
ẢNH: TRANG THY
""Tôi làm giao liên và chiến đấu nên luôn mang theo súng. Có trận bị thương nặng phải chuyển về tuyến sau điều trị. Sau này giám định, tỷ lệ thương tật tới 81%..."", bà Đẹp kể.
Bà Trịnh Thị Tuyết Mai (73 tuổi) từng cùng đồng đội cầm súng chiến đấu, sau ngày đất nước thống nhất được phân công về quê giữ chức Xã đội trưởng. Hằng ngày, bà cùng đồng đội cải tạo hàng binh, huấn luyện quân sự cho du kích. 2 năm sau, khi tình hình ổn định, bà xin nghỉ công tác để chăm lo cho con bởi chồng còn trong quân ngũ.
Gần 4 giờ sáng, bà thức dậy xẻ thịt heo rồi mang ra chợ bán đến trưa. Bán hết hàng, bà lật đật về nhà lo cơm nước cho các con rồi chăm sóc heo gà, ruộng vườn đến tối mịt. Thập niên 1990, chồng bà rời quân ngũ, cùng vợ ra sức lao động nuôi 4 con trưởng thành. Việc nhà bận rộn nhưng bà Mai vẫn tích cực tham giacông tác xã hộivới vai trò trưởng thôn, trưởng khu dân cư, chi hội trưởng Người cao tuổi...
Hai cựu chiến binh đại đội nữ Hồng Gấm Nguyễn Thị Tuyết Mân(trái)và Bùi Thị Hồng Đẹp
ẢNH: TRANG THY
Tuổi xế chiều, bà tham gia tìm kiếm, quy tập hài cốt liệt sĩ vào nghĩa trang. ""Tôi tham gia tìm kiếm hài cốt liệt sĩ đại đội Hồng Gấm và cả những đơn vị khác. Mình còn sống trong khi đồng đội nằm lại nhưng chưa thể đưa về nên lòng không yên. Khi còn đi được thì tôi sẽ cố gắng tham gia cùng đoàn tìm kiếm..."", bà tâm sự.
Còn với bà Mân, sau ngày đất nước thống nhất, bà chuyển sang ngành thương nghiệp, đến năm 1992 xin nghỉ về quê nhà, tích cực tham gia công tác xã hội tại địa phương. Cán bộ và nhân dân Phổ An tin tưởng cử bà giữ nhiều chức vụ khác nhau: Chủ tịch Hội Phụ nữ, Chuyên trách dân số, gia đình và trẻ em, Chủ tịch Hội Chữ thập đỏ... Bà đặt 13 hũ gạo tình thương tại các máy xay xát, mỗi năm quyên góp được gần cả tấn gạo giúp đỡ những hoàn cảnh khó khăn. Bà còn vận động gây quỹ giúp đỡ trẻ em nghèo với số tiền quyên góp mỗi năm hàng chục triệu đồng...
""Tôi nghỉ làm Hội chữ thập đỏ 4 năm nay nhưng vẫn duy trì 2 hũ gạo tình thương. Mình còn sống đến ngày nay là may mắn lắm rồi. Vậy nên tôi cố gắng đóng góp công sức với hy vọng cuộc sống ngày càng tốt đẹp..."", bà Mân tâm sự.
Đại đội nữ Hồng Gấm thành lập ngày 22.2.1972 với 25 cán bộ, chiến sĩ, rồi phát triển lên đến 60 người. Đơn vị phối hợp đánh hàng trăm trận, độc lập tác chiến hàng chục trận. Nhiều tập thể và cá nhân của đơn vị được tặng thưởng huân chương, huy chương. Tháng 2.2010, đại đội được Chủ tịch nước ký quyết định phong tặng danh hiệu Anh hùng Lực lượng vũ trang nhân dân.
""Trong chiến đấu, đơn vị có 7 chị hy sinh, còn lại đều bị thương. Dù sức khỏe yếu nhưng chị em chúng tôi luôn nỗ lực vượt qua khó khăn, chăm lo cuộc sống gia đình và đóng góp vào sự phát triển của địa phương"", bà Ngô Thị Đường, nguyên Đại đội phó Đại đội nữ Hồng Gấm, nói."
https://thanhnien.vn/tu-ho-tro-khoi-nghiep-den-cung-khoi-nghiep-cau-chuyen-tu-mot-quan-ca-phe-nho-o-xa-185251028220542101.htm,Từ hỗ trợ khởi nghiệp đến cùng khởi nghiệp: Câu chuyện từ một quán cà phê nhỏ ở xã,"Một buổi sáng, ở trung tâm xã, có quán cà phê nhỏ của hai vợ chồng trẻ vừa khởi nghiệp. Bên trong, góc quán treo tấm bảng viết tay: ""Cảm ơn Đoàn Thanh niên xã đã giúp chúng tôi bắt đầu giấc mơ này"".","Khi được hỏi, người vợ cười hiền: ""Đoàn xã không chỉ cho vay vốn đâu anh. Mấy anh em trong chi đoàn còn phụ sơn tường, trồng cây, làm bảng hiệu, dạy tụi em bán hàng online nữa. Tụi em thấy không phải chỉ mình khởi nghiệp, mà cả chi đoàn cùng khởi nghiệp với mình"".
Câu nói ấy giản dị mà ấm áp. Nó khiến nhận ra khi tổ chức Đoàn, Hội không chỉ đứng bên ngoài hỗ trợ, mà cùng bước vào bên trong đồng hành, mọi việc bỗng trở nên có hồn hơn, bền hơn.
Nhiều năm qua, ở các xã, phường, tổ chức Đoàn Thanh niên, Hội Phụ nữ, Hội Nông dân đã có nhiều chương trình hỗ trợ đoàn viên, hội viên khởi nghiệp, đó là điều rất đáng quý. Nhưng sẽ quý hơn nữa, nếu mỗi chi đoàn, chi hội thành lập những ""tổkhởi nghiệp"" nhỏ, nơi lãnh đạo chi đoàn, chi hội cùng tham gia. Không chỉ ""giúp người khác làm"", mà ""cùng làm với họ"". Không chỉ ""đứng bên ngoài quan sát"", mà ""đứng bên trong để thấu hiểu"".
sản phẩm khởi nghiệp, thúc đẩy tiêu thụ sản phẩm của thanh niên các dân tộc khu vực Tây Nguyên
ẢNH: C.T.V
Khi cán bộ Đoàn, Hội cùng dấn thân khởi nghiệp, họ không chỉ chia sẻ vốn, mà còn chia sẻ niềm tin, nghị lực và kinh nghiệm sống. Và chính lúc đó, tinh thần đoàn kết, tương trợ, vốn là giá trị cốt lõi của phong trào, được ""hiện hình"" bằng những hành động cụ thể, gần gũi và cảm động.
Khi cán bộ ""đứng bên ngoài hỗ trợ bằng cơ chế, quy trình"" thì tổ chức đoàn, hội đứng ở vị thế người cho, còn người dân, đoàn viên, hội viên ở vị thế người nhận. Khi ấy sẽ vô tình tạo ra khoảng cách giữa người giúp và người được giúp.
Khi đứng bên ngoài, thường tập trung vào cấp vốn, kết nối đầu ra; đưa ra hướng dẫn, quy trình, biểu mẫu; đánh giá kết quả bằng con số, báo cáo, thành tích. Nó giúp thúc đẩy phong trào, nhưng khó tạo chuyển hóa sâu bên trong con người. Người được hỗ trợ có thể nhận, nhưng chưa chắc đã tin, đã gắn bó, đã cảm thấy mình là một phần trong đó.
Khi cán bộ ""đứng bên trong, đồng hành bằng niềm tin và trách nhiệm"" là lúc tổ chức đoàn, hội bước vào trong đời sống, trong tâm thế và trong giấc mơ của đoàn viên, hội viên. Lúc đó, mối quan hệ không còn là ""người giúp và người nhận"", mà trở thành ""những người cùng làm, cùng chia sẻ rủi ro và hy vọng"". Mọi người cùng góp vốn, góp công, góp trí, cùng ra chợ, cùng bán hàng, cùng chịu rủi ro; cùng mừng khi có khách đầu tiên; cùng ngồi lại suy nghĩ khi thất bại, cùng học từ thực tiễn, cùng lớn lên qua trải nghiệm.
Đó là lúc niềm tin thay thế mệnh lệnh, cảm xúc thay cho quy trình, tình người thay cho thủ tục. Đây không chỉ là thay đổi vị trí, mà là thay đổi vai trò: Đoàn, Hội không còn là ""người dạy"", mà là người học cùng; không còn là ""người hỗ trợ"", mà là người đồng hành.
Một khi đoàn thể chuyển vai từ ""bên ngoài"" vào ""bên trong"", mọi phong trào sẽ mang sức sống tự thân. Bởi vì người dân chỉ thật sự thay đổi khi họ cảm nhận được tổ chức sống cùng họ; thấy lãnh đạo chi đoàn, chi hội cũng dám dấn thân cùng mình. Niềm tin không thể cho vay, nó chỉ có thể được gieo trồng qua hành động đồng hành.
""Bên ngoài"" tạo ra phong trào. ""Bên trong"" tạo ra văn hóa.
""Bên ngoài"" sinh ra kết quả. ""Bên trong"" sinh ra niềm tin và sự gắn bó.
Tư duy phát triển cộng đồng chỉ ra rằng: ""Khi ta đến để giúp người khác, họ sẽ trở nên phụ thuộc. Khi ta đến để khơi dậy, người dân sẽ trở nên tự chủ"". Khi tổ chức đoàn, hội bước vào ""bên trong"", cùng ngồi bên bờ ao, lắng nghe người dân kể chuyện, rồi cùng nhau nghĩ cách làm cho dòng nước ấy thêm trong, thêm cá. Đó chính là hình ảnh tổ chức nhân văn trong lòng dân.
Hạt giống không thể nảy mầm nếu chỉ tưới trên mặt đất, mà phải thấm sâu vào lòng đất. Tổ chức Đoàn, Hội cũng vậy, chỉ khi đi sâu vào lòng người, mới có thể nuôi dưỡng được sức mạnh bền lâu của cộng đồng.
Vì vậy, hãy để mọi phong trào không chỉ ""chạm vào công việc"", mà còn chạm vào trái tim. Khởi nghiệp không chỉ là chuyện của kinh tế, mà còn là chuyện của niềm tin, của tình người, và của một xã hội cùng lớn lên. Bên ngoài là bàn tay đưa ra. Bên trong là trái tim cùng đập. Chỉ khi bàn tay và trái tim cùng nhịp, tổ chức mới thật sự trở thành mái nhà của niềm tin và hành động.
Một ""tổ khởi nghiệp"" không cần hoành tráng. Chỉ cần 3–5 người cùng góp trí, góp sức, cùng học, cùng làm, cùng thất bại và cùng đứng dậy. Ở đó, đoàn viên học cách viết kế hoạch, hội viên học cách kể câu chuyện sản phẩm, người này biết quảng bá online, người kia biết giữ chữ tín với khách hàng.
Mỗi người là một mắt xích, còn tổ chức Đoàn, Hội là sợi dây nối các mắt xích ấy lại thành một hệ sinh thái nhỏ. Khởi nghiệp không chỉ là chuyện của vốn, mà là chuyện của tinh thần, của cộng đồng, của cảm hứng sống và phụng sự.
Khởi nghiệp không chỉ là chuyện của vốn, mà là chuyện của tinh thần, của cộng đồng, của cảm hứng sống và phụng sự
ẢNH: C.T.V
Một tổ chức chỉ thật sự mạnh khi đi cùng nhịp thở của cộng đồng. Tổ chức Đoàn, Hội phải là nơi ""gieo niềm tin và cùng hành động"". Không chỉ ""trao cần câu"", mà còn cùng xuống ruộng, cùng ra chợ, cùng vào thị trường, để thấy người đoàn viên, hội viên của mình đang cần gì, vướng gì, và mơ ước điều gì.
Khi mỗi xã, phường có một tổ khởi nghiệp của thanh niên, phụ nữ, nông dân, thì cả địa phương sẽ trở thành một vườn ươm niềm tin cộng đồng.
Mỗi ý tưởng, dù nhỏ, đều có người đồng hành. Mỗi bước đi, dù chậm, đều có người nâng đỡ. Những quán cà phê, những xưởng thủ công, những cửa hàng nông sản địa phương, dù bình dị, cũng sẽ trở thành ""bài học sống động về khởi nghiệp cộng đồng"". Khởi nghiệp không chỉ để làm giàu, mà khởi nghiệp để làm đẹp cho đời, để gắn kết con người với nhau bằng tình đồng hành.
Khi đoàn viên, hội viên khởi nghiệp, và cán bộ Đoàn, Hội cùng khởi nghiệp, không chỉ tạo ra sản phẩm mới, mà tạo ra một tinh thần mới. Một tinh thần không ngồi chờ chỉ đạo, không đợi hỗ trợ từ trên, mà tự mình nhóm lên ngọn lửa hành động.
Chính trong hành trình ấy, tổ chức Đoàn, Hội sẽ tìm lại được sức sống mạnh mẽ nhất của mình, sức sống đến từ lòng dân, từ niềm tin, từ những bàn tay cùng nắm, cùng làm, cùng tin tưởng vào một ngày mai tươi sáng.
Khi tổ chức không đứng ngoài hỗ trợ, mà bước vào trong cùng khởi nghiệp, đó chính là khởi đầu của một hành trình bền vững và nhân văn."
https://thanhnien.vn/hanh-trinh-khoi-nghiep-chua-bao-gio-thieu-co-hoi-cho-nhung-ai-co-y-chi-185251019160435642.htm,'Hành trình khởi nghiệp chưa bao giờ thiếu cơ hội cho những ai có ý chí',"Anh Nguyễn Tường Lâm, Bí thư T.Ư Đoàn, Chủ tịch T.Ư Hội Liên hiệp thanh niên Việt Nam cho rằng, hành trình khởi nghiệp chưa bao giờ dễ dàng, nhưng cũng chưa bao giờ thiếu cơ hội cho những ai có ý chí và khát vọng.","Chiều 19.10, tại Hà Nội, T.Ư Đoàn, T.Ư Hội Liên hiệp thanh niên Việt Nam đã tổ chức Lễ trao giải Cuộc thi ""Dự án khởi nghiệpthanh niên nông thôn"" năm 2025. Tham dự chương trình có anh Bùi Quang Huy, Ủy viên dự khuyết T.Ư Đảng, Phó chủ tịch Ủy ban T.Ư MTTQ Việt Nam, Bí thư thứ nhất T.Ư Đoàn; anh Nguyễn Tường Lâm, Bí thư T.Ư Đoàn, Chủ tịch T.Ư Hội Liên hiệp thanh niên Việt Nam; bà Trần Lan Phương, Phó chủ tịch T.Ư Hội Liên hiệp phụ nữ Việt Nam.
Anh Bùi Quang Huy trao giải cho thí sinh đoạt giải nhất cuộc thi
ẢNH: ĐĂNG HẢI
Phát biểu tại buổi lễ, anh Nguyễn Tường Lâm khẳng định: ""Cuộc thi Dự án khởi nghiệp thanh niên nông thôn năm nay là sự kiện đánh dấu chặng đường nỗ lực, sáng tạo và khát vọng của thanh niên Việt Nam trong công cuộc phát triển nông thôn mới, nông nghiệp xanh và kinh tế số"".
Anh Nguyễn Tường Lâm cho biết, trong bối cảnh đất nước đẩy mạnh chuyển đổi mô hình tăng trưởng theo hướng xanh và bền vững, thanh niên nông thôn đang thể hiện rõ vai trò tiên phong trong đổi mới sáng tạo, ứng dụng khoa học - công nghệ vào sản xuất.
Anh Nguyễn Tường Lâm phát biểu tại chương trình
ẢNH: ĐĂNG HẢI
""Chúng ta có thể tự hào khẳng định rằng thanh niên nông thôn hôm nay không chỉ là người lao động, mà là người sáng tạo, người kiến tạo tương lai. Họ đang góp phần hình thành lớp doanh nhân trẻ khu vực nông thôn - thế hệ biết ứng dụng công nghệ, quản trị hiệu quả, tạo việc làm cho cộng đồng, lan tỏa tinh thần đổi mới sáng tạo đến mọi miền quê"", anh Lâm đánh giá.
Theo anh Lâm, cuộc thi không chỉ là sân chơi để so tài ý tưởng, mà còn là không gian kết nối và học hỏi, nơi thanh niên được gặp gỡ chuyên gia, doanh nghiệp, quỹ đầu tư để trang bị thêm kiến thức về quản lý, tài chính, truyền thông và chuyển đổi số.
Anh Nguyễn Tường Lâm trao giải nhì cho thí sinh đoạt giải
ẢNH: ĐĂNG HẢI
""Hành trình khởi nghiệp chưa bao giờ dễ dàng, nhưng cũng chưa bao giờ thiếu cơ hội cho những ai có ý chí và khát vọng"", anh Lâm chia sẻ. Đặc biệt, anh Lâm gửi lời chúc mừng đến 30 dự án xuất sắc nhất, đồng thời bày tỏ kỳ vọng rằng các mô hình này sẽ tiếp tục phát triển và lan tỏa tinh thần khởi nghiệp đến từng thôn bản, cánh đồng và cộng đồng thanh niên cả nước.
""Mỗi dự án khởi nghiệp hôm nay là một hạt giống tốt lành gieo vào mảnh đất quê hương. Nếu được nuôi dưỡng bằng ý chí, học hỏi và lòng bền bỉ, hạt giống ấy sẽ nảy mầm thành những mô hình kinh tế xanh, những doanh nghiệp trẻ nông thôn tiên phong và những câu chuyện đẹp của tuổi trẻ Việt Nam"", anh Lâm khẳng định.
Ban tổ chức cho biết, sau hơn 3 tháng phát động, cuộc thi đã thu hút hàng trăm dự án của thanh niên đến từ khắp các tỉnh, thành trong cả nước, tập trung vào các lĩnh vực nông nghiệp, kinh tế số, du lịch trải nghiệm, chế biến nông sản và bảo tồn văn hóa. Từ đó, 30 dự án tiêu biểu nhất được lựa chọn vào vòng chung kết, thể hiện trí tuệ, bản lĩnh và khát vọng làm giàu chính đáng của thanh niên nông thôn Việt Nam.
Kết quả chung cuộc, dự án ""Cà Mèn"" của nhóm thí sinh Nguyễn Đức Nhật Thuận (TP.HCM) xuất sắc giành giải nhất. Đây là thương hiệu do anh Thuận xây dựng, nhằm đưa đặc sản Cháo bột cá lóc Quảng Trị và các sản phẩm khác xuất khẩu chính ngạch sang thị trường Mỹ. Dự án đã ký kết hợp tác với LNS International Corporation để phân phối sản phẩm tại Mỹ và đã nhận được chứng nhận FDA (Cục quản lý Thực phẩm và Dược phẩm Hoa Kỳ).
Anh Nguyễn Đức Nhật Thuận (TP.HCM) có dự án giành giải nhất
ẢNH: ĐĂNG HẢI
2 giải nhì thuộc về dự án ""Ứng dụng công nghệ sinh học và tự động hóa vào sản xuất nấm đông trùng hạ thảo hữu cơ"" của Trần Tài (TP.HCM), và ""Du lịch nông nghiệp trải nghiệm"" của Nguyễn Hữu Nhơn (Lâm Đồng).
3 giải ba được trao cho các dự án:  ""Sệt - Nước chấm lá chúc"" (An Giang); ""Trà Cánh Hạc Bạch Vân – Trà sinh thái gắn với du lịch trải nghiệm"" (Thái Nguyên); ""Sản xuất đệm bông gạo truyền thống"" (Sơn La).
Ngoài ra, 3 dự án khuyến khích được trao cho: ""Sản xuất nông nghiệp xanh từ cây sen kết hợp du lịch sinh thái"" (Gia Lai); ""Ứng dụng công nghệ IoT vào trồng dâu tây chịu nhiệt"" (Cần Thơ); ""Dinotech"" (TP.HCM)."
https://thanhnien.vn/dang-ky-tham-gia-duong-len-dinh-olympia-nhu-the-nao-185251028134746964.htm,Đăng ký tham gia Đường lên đỉnh Olympia như thế nào?,"Suốt 25 năm qua, Đường lên đỉnh Olympia là sân chơi thu hút sự yêu thích của khán giả trên khắp cả nước. Nhiều học sinh có ước mơ trở thành thí sinh của sân chơi này.","Trong 25 năm qua, những cái tên như: Phan Mạnh Tân (Trường THPT Năng khiếu Hà Tĩnh, tỉnh Hà Tĩnh), Lương Phương Thảo (Trường THPT chuyên Nguyễn Bỉnh Khiêm, tỉnh Vĩnh Long), Phan Đăng Nhật Minh (Trường THPT Hải Lăng, tỉnh Quảng Trị), Đặng Lê Nguyên Vũ (Trường THPT Bắc Duyên Hà, tỉnh Thái Bình), Võ Quang Phú Đức (Trường THPT chuyên Quốc học Huế)… đã trở thành thần tượng và tạo cảm hứng cho nhiều học sinh khi đạt thành tích cao ởĐường lên đỉnh Olympia.
Mới nhất, những chàng trai như:Nguyễn Nhựt Lam(Trường THPT Cái Bè, tỉnh Đồng Tháp),Lê Quang Duy Khoa(Trường THPT chuyên Quốc học Huế),Trần Bùi Bảo Khánh(Trường THPT chuyên Hà Nội – Amsterdam),Đoàn Thanh Tùng(Trường THPT chuyên Lê Quý Đôn, tỉnh Khánh Hòa) cũng tiếp tục tạo niềm đam mê và yêu thích với học sinh trên cả nước, khi lọt vào chung kết Đường lên đỉnh Olympia 2025.
4 nhà leo núi tại chung kết Đường lên đỉnh Olympia 2025
ẢNH: ĐAN THANH
Sau khi kết thúc Đường lên đỉnh Olympia 2025 với chức quán quân thuộc về Trần Bùi Bảo Khánh, ban tổ chức chương trình cho biết đã chính thức nhận hồ sơ đăng ký tham dự Đường lên đỉnh Olympia 2026.
Theo đó, để tham gia chương trình, học sinh THPT cần tải bản đăng ký tham dự tại địa chỉ:https://tinyurl.com/3by4yrjt. Trong đó, cần liệt kê thành tích cá nhân, đặc biệt là những thành tích học tập nổi bật trong 3 năm học gần nhất, cũng như những thành tích nổi bật được khen thưởng trong 3 năm học gần nhất. Đáng chú ý, có yêu cầu của ban tổ chức phải là học sinh duy nhất của trường đăng ký tham dự chương trình Đường lên đỉnh Olympia 2026. Trong bản đăng ký phải có xác nhận của ban giám hiệu nhà trường.
Trong bản đăng ký, học sinh cần cung cấp địa chỉ trang facebook cá nhân, kể về môn học sở trường, chia sẻ một số bí quyết hay kinh nghiệm học tập hiệu quả, thú vị. Không những vậy, học sinh cũng cần sẵn sàng chia sẻ và biểu diễn những tài lẻ, tiết mục sở trường trên sân khấu Đường lên đỉnh Olympia.
Nhiều trường THPT trên cả nước đã tổ chức cuộc thi Đường lên đỉnh Olympia cấp trường để tuyển chọn học sinh tham gia Đường lên đỉnh Olympia do Đài Truyền hình Việt Nam tổ chức. Trong ảnh là các học sinh Trường THPT chuyên Hùng Vương, tỉnh Gia Lai tham gia chương trình cấp trường vào ngày 25.10
ẢNH: QUANG TRƯƠNG
Một điều quan trọng, theo ban tổ chức chương trình, đó là học sinh đăng ký tham gia Đường lên đỉnh Olympia 2026, cần viết một bài luận dài tối đa 1.000 chữ. Nội dung bài luận phải thể hiện được các yếu tố như: phẩm chất cá nhân, ước mơ hoài bão, lý do đăng ký tham dự, và sự am hiểu về chương trình.
Cũng theo ban tổ chức chương trình những bản đăng ký được trình bày chỉn chu, rõ ràng, sạch đẹp sẽ là một lợi thế trong quá trình xem xét và lựa chọn thí sinh tham dự chương trình. Đối với các thông tin về học sinh cũng như bài luận là những hình thức tự chia sẻ về bản thân, học sinh nên trình bày đầy đủ các nội dung, thể hiện được trình độ kiến thức, nhiệt huyết muốn tham gia chương trình, và trên hết là sự chân thành, trung thực, thú vị. Tất cả các thông tin, thành tích được trình bày trong bản đăng ký và nội dung bài luận đều là những tiêu chí quan trọng, sẽ được xem xét và đánh giá kỹ lưỡng để quyết định việc tham dự chương trình của học sinh.
Tranh cãi với chiến thắng của nhà vô địch Đường lên đỉnh Olympia 2025
Đối với thắc mắc liệu có phải học sinh THPT là được đăng ký tham gia Đường lên đỉnh Olympia 2026?, ban tổ chức cho hay chương trình chỉ nhận hồ sơ đăng ký của học sinh THPT học lớp 11 tại năm học 2025-2026, có kết quả học tập và kết quả rèn luyện đạt loại tốt ở tất cả các học kỳ THPT.
Học sinh có thể gửi đăng ký đến hết ngày 31.7.2026 đến địa chỉ: Nhà báo Lưu Minh Vũ, Chương trình Đường lên đỉnh Olympia, Phòng Giáo dục – Giải trí, Ban Văn hóa - Giải trí, Đài Truyền hình Việt Nam, 43 Nguyễn Chí Thanh, Giảng Võ, Hà Nội. SĐT: 024.3771.2037. Theo ban tổ chức, chương trình chỉ tiếp nhận hồ sơ gửi về qua đường bưu điện hoặc chuyển phát nhanh. Và hồ sơ gửi càng sớm sẽ có cơ hội xem xét cao hơn.
Hiện tại, khiĐường lên đỉnh Olympia 2025kết thúc, nhiều trường trên cả nước đã tổ chức chương trình Đường lên đỉnh Olympia cấp trường để tuyển chọn học sinh tham gia Đường lên đỉnh Olympia 2026 do Đài Truyền hình Việt Nam tổ chức trong thời gian tới."
https://thanhnien.vn/khong-vo-dich-duong-len-dinh-len-olympia-2025-nhung-thi-sinh-nay-duoc-khen-ngoi-18525102713020441.htm,Không vô địch Đường lên đỉnh lên Olympia 2025 nhưng thí sinh này được khen ngợi...,"Không phải là nhà vô địch Đường lên đỉnh Olympia 2025, nhưng thí sinh này lại được dân mạng dành nhiều lời khen ngợi. Đó là thí sinh nào?","Người để lại ấn tượng mạnh với khán giả sauchung kết Đường lên đỉnh Olympia 2025làNguyễn Nhựt Lam, học sinh Trường THPT Cái Bè, tỉnh Đồng Tháp.
Cần nhớ lại, trước phần thi về đích, Nhựt Lam là thí sinh có số điểm thấp nhất, chỉ 135 điểm. Trong khi đóLê Quang Duy Khoa(học sinh Trường THPT chuyên Quốc học Huế) được 150 điểm,Trần Bùi Bảo Khánh(học sinh Trường THPT chuyên Hà Nội – Amsterdam) có 185 điểm, vàĐoàn Thanh Tùng(học sinh Trường THPT chuyên Lê Quý Đôn, tỉnh Khánh Hòa) có 210 điểm.
Vậy nhưng Nhựt Lam chính là nhân vật chính tạo nên một trận chung kết hấp dẫn, kịch tính đến phút cuối cùng. Nói vậy là bởi trước câu hỏi cuối cùng của cuộc thi, cũng là câu hỏi dành cho Nhựt Lam, nam sinh này có 205 điểm (có thêm 10 điểm khi bấm chuông giành quyền trả lời và đưa ra đáp án chính xác từ câu hỏi dành cho thí sinh khác, và 60 điểm cho câu hỏi đặt ngôi sao hy vọng). Và nếu ở câu hỏi cuối cùng có giá trị 30 điểm, Nhựt Lam trả lời đúng, sẽ tạo nên một cuộc lội ngược dòng khó tin, trở thành nhà vô địch Đường lên đỉnh Olympia 2025.
Dù không thành công ở câu hỏi cuối cùng, ""hụt"" vòng nguyệt quế Đường lên đỉnh Olympia 2025 trong tiếc nuối, nhưng Nhựt Lam đã khiến khán giả trầm trồ cho bản lĩnh thi đấu, tinh thần không bỏ cuộc.
Biên tập viên Lê Hiếu Minh Đức (trái) dành lời khen cho Nhựt Lam khi trả lời chính xác câu hỏi tiếng Anh rất khó ở chung kết Đường lên đỉnh Olympia 2025
ẢNH: CHỤP MÀN HÌNH
Nhưng điều khiến khán giả không ngớt lời khen ngợi cho Nhựt Lam vì nam sinh này đã trả lời câu hỏi tiếng Anh rất khó của chương trình ở phần thi về đích.
Cụ thể, ở phần thi về đích, Nhựt Lam nhận câu hỏi với nội dung như sau:""With the message 'Connecting people, creating prosperity', the event aims to present a comprehensive picture of Vietnam's manufacturing trade, consumption, culture and tourism capacity. The fair will feature five specialized zones, covering an area of over 100,000 square meters with around 3,000 booths.Impressive. That definitely sounds like a fair not to be missed. So, contestant, can you tell us what the message of the Vietnam Golden Autumn Fair 2025 is? Good luck"".
Tạm dịch: ""Với thông điệp ""Kết nối con người, kiến tạo thịnh vượng"", sự kiện nhằm giới thiệu bức tranh toàn diện về năng lực sản xuất, thương mại, tiêu dùng, văn hóa và du lịch của Việt Nam. Hội chợ sẽ gồm 5 khu trưng bày chuyên đề, tổng diện tích hơn 100.000 m² với khoảng 3.000 gian hàng.Thật ấn tượng. Đây chắc chắn là một hội chợ không thể bỏ lỡ. Và bây giờ, thí sinh có thể cho chúng tôi biết thông điệp của Hội chợ Mùa thu vàng Việt Nam 2025 là gì không? Chúc bạn may mắn!"".
Ngay sau khi nhận câu hỏi, Nhựt Lam lập tức đưa ra câu trả lời là ""Connecting people, creating prosperity"" (tạm dịch: Kết nối mọi người, tạo nên sự thịnh vượng).
Khi MC Khánh Vy hỏi về những nội dung nghe được, Nhựt Lam nhanh chóng liệt kê các từ khóa quan trọng xuất hiện trong câu hỏi.
Với câu trả lời xuất sắc cùng ngôi sao hy vọng, Nhựt Lam đã giành được 60 điểm trong tiếng vỗ tay của khán giả.
Nhựt Lam trong phần thi về đích
ẢNH: CHỤP MÀN HÌNH
Sau khi kết thúc trận chung kết, biên tập viên Lê Hiếu Minh Đức của kênh Truyền hình đối ngoại quốc gia (là một trong hai người đặt câu hỏi tiếng Anh) đăng tải dòng trạng thái lên mạng xã hội, bày tỏ sự bất ngờ khi Nhựt Lam trả lời đúng câu hỏi tiếng Anh này.
Anh nói: ""Thông thường, học sinh thường được làm câu hỏi dạng điền vào chỗ trống. Còn lần này, thí sinh được yêu cầu trả lời câu hỏi bằng tiếng Anh. Thí sinh sẽ không biết bản thân phải làm gì với những thông tin mà người hỏi đưa ra. Điều đó đồng nghĩa với việc thí sinh sẽ có rất ít thời gian để chuẩn bị tinh thần trước khi bước vào câu hỏi. Đó là cái khó đầu tiên. Còn cái khó thứ hai ở đề bài lần này là câu hỏi dạng hội thoại. Nếu thí sinh không tập trung sẽ rất dễ bỏ lỡ hoặc nhầm lẫn thông tin có trong đề bài. Hơn nữa, câu hỏi ở phần thi về đích có rất nhiều thông tin, được đưa ra liên tục và có thể khiến thí sinh bị nhiễu loạn thông tin. Dạng đề bài này buộc thí sinh phải tập trung cao độ, có kỹ năng nghe hiểu tốt và có khả năng suy luận sắc bén. Thật sự là rất nể phục Nhựt Lam, bởi trong không khí căng thẳng mà nam sinh này vẫn có thể bình tĩnh trả lời và giành trọn vẹn 60 điểm"".
Tranh cãi với chiến thắng của nhà vô địch Đường lên đỉnh Olympia 2025
MC Khánh Vy cũng nói: ""Đây là một câu hỏi tiếng Anh rất khó và nhiều chi tiết cần chú ý. Thế nhưng Nhựt Lam đã nghe và dịch lại toàn bộ, không sót một từ ngữ nào, thậm chí viết lại chính xác các số liệu"".
Còn trên mạng xã hội, những bài viết như: ""Nhựt Lam quá xuất sắc"", ""Đẳng cấp thật sự, trả lời câu hỏi tiếng Anh khó nhằn như vậy trong một nốt nhạc"", ""Nhựt Lam giỏi quá""...
Trên mạng xã hội TikTok và Facebook, những video ghi lại phần thi của Nhựt Lam, từ khởi động đến về đích, được chia sẻ nhiều. Giọng nói chân chất ""rặt"" miền Tây, nụ cười hiền và gương mặt thông minh của nam sinh này đã nhận được vô vàn sự yêu thích.
Sau khi không thể chạm tới vòng nguyệt quế của chung kết Đường lên đỉnh Olympia 2025, Nhựt Lam chia sẻ: ""Trước hết, em xin gửi lời cảm ơn và xin lỗi đến mọi người. Mọi người đã cổ vũ rất nhiều cho em nhưng em không thể mang vòng nguyệt quế về để đáp lại tình cảm này. Tuy nhiên, em tin thế hệ sau của tỉnh Đồng Tháp, Trường THPT Cái Bè sẽ mang vòng nguyệt quế về cho tỉnh nhà"".
Nhựt Lam là thí sinh duy nhất trong 4 thí sinh không đến từ trường chuyên. Dù vậy, nam sinh này sở hữu bảng thành tích học tập không hề kém cạnh những thí sinh khác. Cụ thể, Nhựt Lam từng giành giải nhì học sinh giỏi tỉnh môn tiếng Anh năm 2024, giải nhì học sinh giỏi tỉnh môn tiếng Anh năm 2025…
Nhựt Lam từng đạt 220 điểm ở cuộc thi tuần, 230 điểm ở cuộc thi tháng và 290 điểm ở cuộc thi quý. Qua đó, trở thành thí sinh có điểm số cao nhất trong 4 người lọt vào chung kết năm Đường lên đỉnh Olympia 2025. Và cũng nhờ thành tích này, lần đầu tiên Trường THPT Cái Bè (trước đây thuộc tỉnh Tiền Giang, nay thuộc tỉnh Đồng Tháp) có cầu truyền hình trận chung kết năm Đường lên đỉnh Olympia.
Với kết quả đồng hạng ba Đường lên đỉnh Olympia 2025, Nhựt Lam nhận giải thưởng 100 triệu đồng.
"
https://thanhnien.vn/con-vai-ngay-bao-ve-khoa-luan-tinh-nguyen-vien-van-nhiet-tinh-tiep-suc-mua-thi-18525062712164008.htm,"Còn vài ngày bảo vệ khóa luận, tình nguyện viên vẫn nhiệt tình tiếp sức mùa thi","Dù chỉ còn vài ngày nữa là đến buổi bảo vệ khóa luận tốt nghiệp, một sinh viên vẫn không ngần ngại có mặt tại điểm thi để hỗ trợ thí sinh trong kỳ thi tốt nghiệp THPT năm nay.","Đó là Đinh Thị Trà My, sinh viên năm 4 Học viện Công nghệ bưu chính viễn thông TP.HCM, tình nguyện viên trực tại Trường THPT Dương Văn Thì (TP.HCM). Với mong muốn hết lòng vì các em học sinh, My và nhiều tình nguyện viên khác đã không quản ngại khó khăn như thời tiết khắc nghiệt, lịch trình bận rộn... đểtiếp sức mùa thi, mang lại sự động viên lớn cho các thí sinh trước kỳ thi quan trọng nhất của cuộc đời. My nói dù ngày 1.7 bảo vệ khóa luận nhưng cô gái vẫn sẵn sàng ""hoàn thành nhiệm vụ được giao"".
My chia sẻ suốt 4 năm tham gia chương trình tiếp sức mùa thi, năm nào My cũng đối mặt với những thử thách thời tiết. Biết trước mùa thi thường có mưa lớn, My đã chuẩn bị tinh thần cho đội tình nguyện viên, nhắc nhở mọi người mang theo ô, áo mưa để sẵn sàng che chắn, bảo vệ thí sinh khỏi ướt. ""Mình dặn các bạn trong đội phải chuẩn bị kỹ, từ ô, áo mưa đến tinh thần dầm mưa, chỉ mong các em thí sinh được hỗ trợ tốt nhất"", My nói.
Trà My (hàng dưới, thứ 2 từ phải qua) có 4 năm tiếp sức mùa thi
ẢNH: AN VY
Nhiều tình nguyện viên khác chia sẻ thêm My còn chu đáo chuẩn bị điện thoại đầy pin, nạp tiền và kết nối 4G để sẵn sàng liên lạc với phụ huynh hoặc hỗ trợ thí sinh trong các tình huống khẩn cấp. Cô gái cũng không quên dặn các bạn nam trong đội kiểm tra xăng xe để sẵn sàng ""tác nghiệp"" khi cần như đưa đón thí sinh hoặc hỗ trợ các tình huống phát sinh…
""Nhờ 4 năm đi tiếp sức, mình học được rất nhiều kinh nghiệm, rèn kỹ năng giao tiếp, quản lý thời gian và xây dựng được nhiều mối quan hệ quý giá"", My chia sẻ. Với My, tiếp sức mùa thi không chỉ là cơ hội giúp đỡ các thí sinh mà còn là dịp để cô trưởng thành hơn, học cách xử lý tình huống linh hoạt và làm việc nhóm hiệu quả.
Năm nay, khi kỳ thi áp dụng hình thức mới, My gửi gắm hy vọng các em thí sinh sẽ đạt được kết quả như mong muốn. ""Các em đừng lo, đã có anh chị ở đây hỗ trợ rồi"", My nói.
Trong khi đó, Hồ Thị Mỹ Diệu, sinh viên Học viện Công nghệ bưu chính viễn thông TP.HCM, chia sẻ về những kỷ niệm đáng nhớ trong 2 năm tham gia tiếp sức mùa thi. Năm ngoái tại điểm thi mà cô phụ trách có 2 thí sinh suýt muộn giờ thi. ""Khi nghe giám thị báo thí sinh chưa có mặt, tụi mình hoảng lắm, nhưng cố gắng giữ bình tĩnh, liên lạc với công an và báo cho giáo viên của các em. May mắn là các em được đưa đến điểm thi kịp thời, ai cũng thở phào nhẹ nhõm"", Diệu nhớ lại.
Các tình nguyện viên đến từ Học viện Công nghệ bưu chính viễn thông TP.HCM hăng hái làm nhiệm vụ
ẢNH: AN VY
Là điểm trưởng, Diệu từng đối mặt với nhiều tình huống bất ngờ, từ việc xử lý những người lạ cố ý tuồn vật phẩm vào điểm thi đến việc cùng cả đội đội mưa nhận hàng hỗ trợ tiếp sức. Nhờ rút kinh nghiệm từ những năm trước, điểm thi do Diệu phụ trách năm nay diễn ra suôn sẻ, không gặp nhiều trục trặc, mang lại sự an tâm cho cả thí sinh và tình nguyện viên.
Trong khi đó, Huỳnh Chấn Hưng, sinh viên Trường ĐH Công nghệ TP.HCM, dù mới học năm 2 nhưng đã có đến 4 năm kinh nghiệm tiếp sức mùa thi, từ khi còn là học sinh lớp 10. Hưng chia sẻ năm lớp 12, dù rất muốn tham gia tiếp sức nhưng bạn phải tập trung cho kỳ thi của chính mình nên không thể tham gia. Vì thế, Hưng rất tiếc và muốn cống hiến nhiều hơn bằng việc năm nào cũng cố gắng tham gia hoạt động này.
""Từ năm lớp 9, khi thi lên lớp 10, mình được các anh chị tình nguyện viên hỗ trợ rất nhiều, từ phát nước, hướng dẫn đường đi đến động viên tinh thần. Điều đó khiến mình khao khát muốn làm gì đó để giúp các thí sinh, giúp các em giảm áp lực và tự tin hơn trong kỳ thi"", Hưng tâm sự.
Dù mới là sinh viên năm 2 nhưng Hưng và Lan Anh có nhiều năm tiếp sức mùa thi
ẢNH: AN VY
Kỷ niệm khiến Hưng nhớ mãi trong mùa thi năm nay là khoảnh khắc an ủi 1 thí sinh sau môn thi văn. Thấy cô bé lúng túng và gần như muốn khóc khi mẹ hỏi về bài thi môn văn, Hưng nhanh chóng chạy đến động viên, chia sẻ rằng nãy giờ anh thấy nhiều bạn than thở đề khó và tặng em một hộp sữa để xoa dịu. ""Cô bé bất ngờ và cảm ơn mình. Những khoảnh khắc như vậy khiến mình cảm thấy công việc này thật ý nghĩa"", Hưng nói.
Hưng nói việc cùng đội tình nguyện che nắng, che mưa cho thí sinh để lại cho Hưng nhiều kỷ niệm đẹp. Nhiều em sau khi ra khỏi phòng thi đã gửi lời cảm ơn, ôm chầm các tình nguyện viên và ngỏ ý muốn chụp hình chung với các anh chị.
Tương tự, Nguyễn Thị Lan Anh, sinh viên năm 2 Trường ĐH Công nghệ TP.HCM, cũng có 3 năm gắn bó với tiếp sức mùa thi. Lan Anh cho biết qua những lần hỗ trợ, cô được rất nhiều thí sinh kết bạn và chia sẻ rằng nhờ sự động viên của các anh chị mà em làm bài tốt hơn.
""Dù thời tiết khắc nghiệt, đường đến điểm thi xa, nhưng tụi mình vẫn rất vui vì được làm việc ý nghĩa. Các em học sinh cũng truyền động lực ngược lại cho mình, khiến mình cảm thấy được tiếp sức từ chính các em"", Lan Anh chia sẻ.
Theo Lan Anh, những lời cảm ơn chân thành, những bức ảnh lưu niệm với các thí sinh là nguồn động lực lớn để Lan Anh tiếp tục tham gia chương trình
ẢNH: AN VY
Tại điểm thi Trường THCS Hoa Lư (TP.HCM), điểm trưởng Lê Dương Anh, sinh viên Trường ĐH Công nghệ TP.HCM, không giấu được sự trân trọng khi nói về tinh thần làm việc của các tình nguyện viên năm nay.
Theo Dương Anh, dù phải đối mặt với nắng mưa thất thường, đội tình nguyện vẫn luôn nhiệt huyết, hỗ trợ thí sinh hết mình, từ việc hướng dẫn, phát nước, bánh kẹo đến xử lý các tình huống phát sinh như thí sinh quên giấy tờ hoặc cần hỗ trợ di chuyển. Sự tận tâm của họ không chỉ giúp các thí sinh an tâm bước vào kỳ thi mà còn lan tỏa tinh thần tích cực, tạo nên một mùa thi đầy ý nghĩa."
https://thanhnien.vn/phu-huynh-thi-sinh-gui-loi-cam-on-vi-tinh-nguyen-vien-da-che-mua-nang-185250627113521679.htm,"Phụ huynh, thí sinh gửi lời cảm ơn vì tình nguyện viên đã che mưa, nắng","Dù trời nắng gắt hay mưa bất chợt, tình nguyện viên vẫn bền bỉ đứng nơi cổng trường, sẵn sàng tiếp sức cho từng thí sinh. Họ không chỉ là người đưa nước, che ô, mà còn là chỗ dựa tinh thần vững chãi cho các thí sinh giữa mùa thi căng thẳng.","Sáng sớm, khi phụ huynh và thí sinh còn lục đục chuẩn bị đến trường thi, thì các tình nguyện viên đã có mặt từ trước. Tấm áo xanh nổi bật, hay hình ảnh khoác vội chiếc áo mưa mỏng, những chiếc nón tai bèo thấm đẫm mồ hôi... tất cả tạo nên hình ảnh quen thuộc mà đầy xúc động trong mùa thi.
Tình nguyện viên che mưa cho thí sinh tại điểm thi Trường THCS Lê Văn Tám, Q.Bình Thạnh (TP.HCM)
ẢNH: KIM NGỌC NGHIÊN
Tại điểm thi Trường THPT Nguyễn Du (Q.10, TP.HCM), sau khi hoàn thành bài thi môn tự chọn, thí sinh Trần Cảnh Huy (Trường THPT Nguyễn An Ninh) nán lại chụp hình lưu niệm với các tình nguyện viên. Huy kể đã được hỗ trợ tận tình trong suốt những ngày qua, từ việc chỉ đường, động viên trước giờ thi đến che ô khi trời mưa. ""Mình nhớ tên anh Phúc, chị Tâm, chị Mỹ... Ai cũng thân thiện, nhiệt tình. Mình rất biết ơn mọi người"", Huy chia sẻ.
Chị Bích Hạnh gửi lời cảm ơn đến các tình nguyện viên
ẢNH: KIM NGỌC NGHIÊN
Không chỉ thí sinh, nhiều phụ huynh cũng ghi nhận và biết ơn sự hiện diện của các bạn trẻ áo xanh. Chị Nguyễn Thị Bích Hạnh (43 tuổi, Q.Tân Phú), có con gái dự thi tại điểm Trường THPT Nguyễn Du, đã nán lại cảm ơn từng tình nguyện viên sau giờ thi. “Hai ngày qua trời nắng chang chang, thấy mấy cháu đứng ngoài cổng trường lo cho từng em thí sinh mà tôi rất cảm kích. Con gái tôi nói các anh chị rất dễ thương, còn nhường cả ô để con vào không bị ướt lúc mưa. Tôi thực sự xúc động”, chị Hạnh nói.
Cảnh Huy tìm đến các tình nguyện viên để chụp ảnh lưu niệm và gửi lời cảm ơn sau giờ thi môn tự chọn
ẢNH: KIM NGỌC NGHIÊN
Các tình nguyện viên hỗ trợ thí sinh mất tay, chân tại điểm Trường THCS Nguyễn Tri Phương
ẢNH: KIM NGỌC NGHIÊN
Với các bạn sinh viên tình nguyện, chương trình không chỉ là dịp giúp đỡ người khác, mà còn là hành trình trưởng thành của chính mình. Lê Quang Thạch Anh, sinh viên Học viện Cán bộ TP.HCM, chia sẻ: “Đây là mùa tiếp sức ý nghĩa nhất với mình. Dù chỉ góp một chút công sức, nhưng thấy các em an tâm thi cử, mình cũng thấy vui và tự hào”.
Không dám rời điểm trực vì sợ thí sinh cần không kịp hỗ trợ, tình nguyện viên tranh thủ ăn vội bữa cơm
ẢNH: KIM NGỌC NGHIÊN
Tình nguyện viên được các thí sinh yêu thích và gửi lời cảm ơn sau kỳ thi
ẢNH: KIM NGỌC NGHIÊN
Dù mưa hay nắng, các tình nguyện viên vẫn đầy năng lượng, sẵn sàng hỗ trợ thí sinh
ẢNH: KIM NGỌC NGHIÊN
Năm nay cũng là mùa “tiếp sức” cuối cùng của Huỳnh Ngọc Phượng, sinh viên Trường ĐH Ngoại ngữ - Tin học TP.HCM.Dù đang tất bật với lịch thực tập và chuẩn bị tốt nghiệp, Phượng vẫn tranh thủ đứng trước cổng trường hỗ trợ các thí sinh. “Mỗi mùa thi qua đi là một kỷ niệm đẹp. Năm nay là mùa cuối cùng mình được khoác áo xanh tiếp sức, nên càng trân trọng từng khoảnh khắc. Nhìn lại, thấy thanh xuân của mình có ý nghĩa lắm”, Phượng xúc động.


"
https://thanhnien.vn/thi-sinh-tu-tin-10-diem-trong-tam-tay-gia-dinh-chuan-bi-poster-chuc-mung-185250627111845247.htm,"Thí sinh tự tin '10 điểm trong tầm tay', gia đình chuẩn bị poster chúc mừng","Sau khi hoàn thành hai môn thi tự chọn trong kỳ thi tốt nghiệp THPT, nhiều thí sinh rời phòng thi với tâm trạng phấn khởi, nhận định đề thi năm nay 'dễ ẹc', '10 điểm'.","Tại các điểm thi như Trường THPT Linh Trung, THCS Lê Quý Đôn, THCS Trường Thọ (TP.HCM),hình ảnh thí sinh bước ra với nụ cười rạng rỡ, giơ cao hai tay ra hiệu ""10 điểm""... đã trở thành khoảnh khắc đáng nhớ. Không khí tại đây tràn ngập niềm vui và sự tự tin của các em.
Thí sinh rạng rỡ sau khi kết thúc 2 môn thi
ẢNH: AN VY
Nhiều thí sinh cho biết đề năm nay vừa sức, dễ dàng đạt điểm cao
ẢNH: AN VY
Lê Thị Phương Linh, học sinh Trường THPT Tam Phú (TP.HCM), chia sẻ rằng đề thi năm nay ở mức vừa sức. ""Môn lịch sử em làm tốt, hy vọng điểm số sẽ bù lại cho môn toán chiều qua"", Linh nói. Khi gặp cô bạn thân bước ra từ điểm thi, Linh lập tức chạy đến ôm chầm, động viên đầy phấn khởi.
Linh (áo đen) hạnh phúc ôm chầm lấy bạn sau khi rời khỏi điểm thi
ẢNH: AN VY
Tương tự, Trần Ngọc Ký, học sinh Trường THPT Bình Chiểu (TP.HCM), tự tin cho biết em nắm chắc 8 điểm môn hóa. Theo Ký, đề hóa năm nay khá dễ, tạo điều kiện cho thí sinh đạt kết quả tốt. Bạn nào giỏi hơn dễ dàng đạt 9-10 điểm.
Cùng trường với Ký, em Nguyễn An Nhân nhận xét đề hóa dễ dàng, nhưng đề tiếng Anh lại dài và có phần thử thách, đòi hỏi thí sinh phải tập trung cao độ. ""Dù vậy, em rất vui vì đã hoàn thành kỳ thi một cách trọn vẹn"", Nhân chia sẻ.
Người mẹ đạp xe hơn 4km tiếp sức con trong kỳ thi tốt nghiệp THPT
Nhiều thí sinh cười toe nói rằng: '10 điểm, 10 điểm'
ẢNH: AN VY
Tại cổng Trường THCS Lê Quý Đôn (TP.HCM), Vũ Gia Bảo và Nguyễn Anh Quân, sinh viên Trường ĐH Sư phạm kỹ thuật TP.HCM, đã hỗ trợ thí sinh bằng cách giải đề ngay tại chỗ sau thi. Là cựu học sinh Trường THPT Bình Chiểu (TP.HCM), Quân cho biết em muốn góp sức giúp các bạn thí sinh giảm bớt áp lực. ""Đề thi năm nay tương đối dễ thở, tạo cơ hội tốt cho các em có điểm cao"", Quân nhận định.
Các tình nguyện viên hỗ trợ thí sinh giải đề
ẢNH: AN VY
Tại điểm thi này, thí sinh Đặng Thạch Đoan Trang nhận được món quà bất ngờ từ hai người em họ là Ngô Anh Kiệt, học sinh Trường THPT Tam Phú (TP.HCM) và Huỳnh Bảo Ngọc, học sinh Trường THPT Thủ Đức (TP.HCM). Cả hai đã tự tay thiết kế và in poster để chúc mừng chị Trang hoàn thành kỳ thi.
Hai học sinh tự thiết kế poster chúc mừng chị đã vượt qua kỳ thi
ẢNH: AN VY

Ngọc hào hứng kể: 'Tụi em là em họ của chị Trang, hiện đang học lớp 11. Nghỉ hè, tụi em muốn làm điều gì đó ý nghĩa để động viên chị. Poster này em tự thiết kế tối qua và in gấp 5 phút trước khi hết giờ thi'
ẢNH: AN VY
Trước đó, để hỗ trợ thí sinh trong ngày thi 27.6, Hồ Minh Châu, sinh viên Trường ĐH Sư phạm kỹ thuật TP.HCM, đã chuẩn bị một tấm bảng thông báo: Tại đây có quầy tiếp sức miễn phí. ""Tụi em có chuẩn bị nước uống, quạt… miễn phí, nhưng nhiều người ngại đến vì nghĩ phải trả tiền. Em làm bảng thông báo để mọi người biết đây là quầy hỗ trợ hoàn toàn miễn phí"", Châu chia sẻ.
Nhóm của Châu còn trò chuyện, quạt mát cho phụ huynh, tư vấn hướng nghiệp và hướng dẫn chỗ đỗ xe, giúp mọi người cảm thấy thoải mái hơn.
Tình nguyện viên tiếp sức mùa thi tại điểm thi Trường THCS Lê Quý Đôn vui mừng vì hoàn thành nhiệm vụ
ẢNH: AN VY
Châu kể dù thời tiết hôm qua mưa lớn, nhóm tình nguyện vẫn tận tình hỗ trợ. Họ dùng thùng carton và băng rôn để che mưa, tự dựng một lối đi có mái che để thí sinh ra xe mà không bị ướt. ""Tụi em xé hết thùng carton để che chắn, đến cuối ngày ướt nhẹp và chẳng còn thùng để đựng đồ. Nhưng cả nhóm đều vui vì đã góp phần tạo nên một kỳ thi ý nghĩa"", Châu kể.
Phụ huynh Huỳnh Bạch Mai, mẹ của thí sinh Nguyễn Quang Trường, học sinh Trường THPT Tam Phú (TP.HCM), xúc động trước sự tận tình của các tình nguyện viên. ""Hôm qua trời mưa, thấy các em ướt sũng mà vẫn nhiệt tình hỗ trợ, tôi thương lắm. Các em rất chu đáo, hết lòng vì thí sinh"", chị Mai chia sẻ. Ngồi trò chuyện với các tình nguyện viên trong 2 ngày, chị Mai cho biết đã thuộc lòng tên và mặt của từng bạn.
Chị Mai cũng được các sinh viên tiếp sức
ẢNH: AN VY
Nguyễn Thị Yến Nhi, sinh viên Trường ĐH Ngân hàng, trực tại điểm thi THCS Trường Thọ (TP.HCM), cho biết kỳ thi năm nay để lại nhiều kỷ niệm đáng nhớ. ""Tụi em đã cố gắng hết sức để hỗ trợ các thí sinh và điều đó thật sự ý nghĩa"", Nhi nói.
Các cô gái đến từ Trường ĐH Ngân hàng TP.HCM vui khi giúp đỡ được nhiều thí sinh
ẢNH: AN VY"
https://thanhnien.vn/sinh-vien-di-lam-them-trai-nghiem-thuc-te-hay-cuc-nhoc-vo-ich-185251019085116213.htm,Sinh viên đi làm thêm: Trải nghiệm thực tế hay cực nhọc vô ích?,"Ngày càng nhiều sinh viên chọn đi làm thêm để rèn tính tự lập và tích lũy kinh nghiệm, nhưng không ít phụ huynh vẫn băn khoăn liệu những công việc vất vả, lương thấp ấy có thật sự đáng giá hay chỉ là ""cực nhọc vô ích"".","Nguyễn Thanh Bình, sinh viên Trường ĐH Kinh tế TP.HCM, cho rằngđi làm thêmlà môi trường học hỏi thực tế: ""Mình đi làm thêm từ năm nhất, lương không cao nhưng mình học được cách quản lý thời gian, chịu trách nhiệm với công việc. Nếu chỉ học lý thuyết thì khó rèn sự nhanh nhạy trong giao tiếp và xử lý tình huống"".
Ngược lại, Trần Hoài An, sinh viên Trường ĐH Luật TP.HCM, cho rằng 1-2 năm đầu đại học nên ưu tiên việc học hơn là đi làm thêm. ""Học luật vốn đã nặng, nhiều hôm mình còn bị xếp làm ca tối ở quán cà phê, không còn sức để ôn bài. Ban đầu cố gắng cân bằng nhưng rồi đuối, sau nghe lời bố mẹ nghỉ làm. Giờ nghĩ lại, mình thấy không cần vội cứ học vững rồi đi làm trải nghiệm sau cũng chưa muộn"", An tâm sự.
Nhiều sinh viên chọn công việc phục vụ, bán hàng để vừa kiếm thêm thu nhập, vừa va chạm với đời sống
ẢNH: UYÊN PHẠM
Trong khi đó, Phạm Thu Uyên, sinh viên Học viện Ngân hàng, lại rơi vào thế giằng co: ""Em muốn đi làm thêm để tự lập, nhưng bố mẹ không đồng ý vì sợ ảnh hưởng đến việc học. Nhiều bạn cùng trang lứa vừa đi làm thêm, vừa có cơ hội va chạm với xã hội, kiếm thêm thu nhập và mở rộng mối quan hệ, nên em vẫn đang cố thuyết phục để được trải nghiệm"".
Với Nguyễn Minh Quân, sinh viên Trường ĐH Kinh tế TP.HCM, từng đi làm phục vụ quán cà phê với suy nghĩ đơn giản là kiếm thêm tiền tiêu vặt. Nhưng sau một thời gian, Quân nhận ra việc làm thêm giúp mình học được cách giao tiếp, xử lý tình huống và hiểu giá trị của lao động.
""Đi làm giúp mình va chạm thật với đời sống, biết trân trọng công sức bố mẹ và rèn được tính kỷ luật. Nếu biết sắp xếp hợp lý, việc làm thêm không ảnh hưởng việc học mà còn giúp mình chủ động, bản lĩnh hơn"", Quân chia sẻ.
Bà Nguyễn Hồng Vân, Chủ tịch HĐQT Công ty cổ phần đầu tư và phát triển công nghệ Hà Nội, chia sẻ: ""Kinh nghiệm làm thêm chỉ có giá trị khi đi cùng kiến thức nền"". Theo bà Nguyễn Hồng Vân, về cơ bản, những công việc làm thêm như: phục vụ, bán hàng đều mang lại cho sinh viên những trải nghiệm xã hội nhất định. ""Qua đó, các bạn hiểu hơn về giá trị lao động, biết cách quan sát con người, và có cái nhìn thực tế hơn về cuộc sống"", bà Vân nói.
Tuy nhiên bà Vân cũng cho rằng nếu sinh viên chỉ chú trọng đi làm thêm để kiếm tiền mà lơ là việc học, thì sẽ dễ bị xa rời mục tiêu chính là xây dựng nền tảng kiến thức lõi. Khi thiếu nền tảng này, dù có nhiều trải nghiệm xã hội, sinh viên vẫn khó được nhà tuyển dụng đánh giá cao.
Khi được hỏi về lời khuyên dành cho sinh viên, bà Vân cho biết: ""Phải trau dồi kiến thức nền tảng một cách bài bản, song song với việc tích lũy kỹ năng mềm từ thực tế. Biết mình học để làm gì, cần gì trong từng giai đoạn sẽ giúp các bạn không bị lạc hướng hay mất cân bằng giữa học và làm"".
Bà cũng khẳng định rằng doanh nghiệp luôn đánh giá cao những sinh viên có khả năng liên kết giữa kiến thức học được với trải nghiệm thực tế. ""Nếu có nền tảng tốt, lại từng làm thêm và hiểu môi trường làm việc, các bạn sẽ dễ hòa nhập và phát triển nhanh hơn. Đó mới là những người thực sự có giá trị trên thị trường lao động"", bà Vân nhấn mạnh.
Nhiều sinh viên hiện nay chọn cách đi làm thêm từ năm nhất, không chỉ để trang trải một phần chi phí sinh hoạt mà còn với mong muốn ""va chạm thực tế"" trước khi bước vào thị trường lao động. Tuy nhiên, không ít phụ huynh vẫn giữ quan điểm con cái nên tập trung tuyệt đối vào học hành, tránh lãng phí thời gian vào những công việc lương thấp, nhiều vất vả.
Không ít sinh viên chọn làm thêm để rèn kỷ luật, học cách giao tiếp và chuẩn bị hành trang cho công việc sau này
ẢNH: UYÊN PHẠM
""Nhà đâu có thiếu thốn gì, đi làm thêm vừa mệt vừa chẳng được bao nhiêu, tốt nhất nghỉ đi, lo học còn hơn"", bà Trần Thị Bích Ngọc (52 tuổi, ngụ tại P.Bình Lợi Trung, TP.HCM; trước là P.5, Q.Bình Thạnh, TP.HCM) chia sẻ. Theo bà, với nền tảng kinh tế gia đình đủ ổn, việc con gái đi làm thêm không mang nhiều giá trị. ""Học hành cho giỏi, sau này ra trường có bằng tốt thì công việc cũng sẽ ổn. Tôi sợ nhất con sa đà vào đi làm rồi bỏ bê chuyện học"", bà Ngọc nói thêm.
Cùng quan điểm, ông Phạm Văn Hòa (47 tuổi, ngụ tại P.Hạnh Thông, TP.HCM; trước là P.1, Q.Gò Vấp, TP.HCM) cho rằng việc làm thêm chỉ nên khuyến khích nếu liên quan đến ngành học, giúp con mình tích lũy kinh nghiệm chuyên môn.
""Nếu công việc phục vụ hay bán hàng đơn thuần thì tôi không ủng hộ, vì vừa tốn sức, vừa không học hỏi được bao nhiêu. Con gái tôi mà đi làm ca tối thì càng lo, nguy hiểm đủ đường. Theo tôi, các cháu nên tập trung vào việc học, còn trải nghiệm thì chọn công việc phù hợp, an toàn và có ích cho tương lai"", ông Hòa chia sẻ.
Trái lại, bà Lê Thị Thanh (45 tuổi, ngụ tại P.Bình Phú, TP.HCM; trước là P.16, Q.8, TP.HCM) cho biết bà hoàn toàn ủng hộ việc con gái bà đi làm thêm. ""Gia đình tôi không thiếu thốn, nhưng tôi nghĩ nếu con chỉ học mà không trải nghiệm thì ra trường cũng sẽ rất bỡ ngỡ. Nên tôi cũng khuyến khích, động viên con làm thêm miễn sao con biết giới hạn và ưu tiên việc học"", bà Thanh nói.
Theo chuyên gia tâm lý Cao Kim Thắm, Giám đốc Trung tâm tâm lý và phát triển con người NHC Việt Nam (chi nhánh Phan Chu Trinh, TP.HCM), nhiều phụ huynh cho rằng con cái không cần đi làm thêm vì gia đình không thiếu thốn, chỉ cần tập trung học. Tuy nhiên, chính tư tưởng này đôi khi lại khiến sinh viên thiếu kỹ năng mềm và khả năng thích ứng khi bước vào môi trường làm việc thực tế.
""Việc đi làm thêm, tham gia môi trường thực tế giúp sinh viên năng động, linh hoạt và rèn luyện tinh thần tự lập tốt hơn. Vì vậy, thay vì cấm đoán, phụ huynh nên trao quyền quyết định cho con, cùng trao đổi để hiểu rõ mục đích, công việc và cách con sắp xếp thời gian"", bà Thắm chia sẻ.
Bà cũng cảnh báo, khi mong muốn trải nghiệm của con bị phủ nhận, sinh viên có thể phản ứng theo hai hướng: hoặc trở nên thụ động, ỷ lại vì cảm thấy nỗ lực của mình không được ghi nhận; hoặc ngược lại, chống đối, tự làm theo ý mình. ""Điều này dễ dẫn đến căng thẳng, rạn nứt trong mối quan hệ cha mẹ với con cái, khiến con cảm thấy không được thấu hiểu, không được tôn trọng"", bà Thắm phân tích.
Theo bà Thắm, điều quan trọng là phụ huynh cần cùng con trao đổi và đặt ra giới hạn rõ ràng: ""Ba mẹ nên hỏi con muốn làm thêm công việc gì, thời gian ra sao, có ảnh hưởng đến việc học không. Nếu con thu xếp ổn thỏa thì nên ủng hộ, đồng hành và hướng dẫn con cách ứng xử, bảo vệ bản thân khi đi làm. Làm thêm không chỉ là để kiếm tiền, mà là cơ hội để con trải nghiệm, mở rộng quan hệ và phát triển nhân cách"".
""Khi cha mẹ biết lắng nghe và tạo không gian cho con trải nghiệm, mối quan hệ giữa hai thế hệ sẽ trở nên thấu hiểu hơn. Quan trọng nhất, con sẽ học được tinh thần tự lập, nền tảng giúp các bạn trẻ trưởng thành và vững vàng hơn trong tương lai"", bà Thắm nhấn mạnh.
"
https://thanhnien.vn/vinh-long-thuc-day-phat-trien-khoa-hoc-phat-trien-cong-nghe-doi-moi-sang-tao-18525102416464026.htm,"Vĩnh Long: Thúc đẩy phát triển khoa học, phát triển công nghệ, đổi mới sáng tạo","Sở KH-CN Vĩnh Long phối hợp Tỉnh đoàn Vĩnh Long tổ chức ký kết kế hoạch tuyên truyền thúc đẩy phát triển khoa học, phát triển công nghệ, đổi mới sáng tạo và chuyển đổi số năm 2025.","Chiều 24.10, tại Trường ĐH Cửu Long, Sở KH-CNVĩnh Longphối hợp Tỉnh đoàn tổ chức ký kết kế hoạch tuyên truyền thúc đẩy phát triển khoa học, phát triển công nghệ, đổi mới sáng tạo và chuyển đổi số năm 2025.
Ông Bùi Thống Nhứt, Phó giám đốc Sở KH-CN Vĩnh Long, phát biểu tại buổi lễ
ẢNH: NAM LONG
Phát biểu tại lễ ký kết, ông Bùi Thống Nhứt, Phó giám đốc Sở KH-CN Vĩnh Long, cho biết Vĩnh Long đã chủ động ban hành các chương trình, kế hoạch để cụ thể hóa tinh thần Nghị quyết số 57-NQ/TW của Bộ Chính trị về việc triển khai phong trào “Bình dân học vụ số”, nhằm nâng cao năng lực số của người dân, thúc đẩy xã hội học tập số, góp phần xây dựng công dân số, chính quyền số và kinh tế số trên địa bàn tỉnh.
Để tiếp tục triển khai hiệu quả Nghị quyết số 57-NQ/TW, thời gian tới, Sở KH-CN Vĩnh Long sẽ phối hợp chặt chẽ với các sở, ban, ngành, đoàn thể và địa phương, đặt biệt là Tỉnh đoàn Vĩnh Long đẩy mạnh công tác tuyên truyền thúc đẩy phát triển khoa học, phát triển công nghệ, đổi mới sáng tạo và chuyển đổi số, tập trung một số nội dung trọng tâm như triển khai sâu rộng phong trào “Bình dân học vụ số”.
Sở KH-CN Vĩnh Long phối hợp Tỉnh đoàn Vĩnh Long ký kết kế hoạch tuyên truyền thúc đẩy phát triển khoa học, phát triển công nghệ, đổi mới sáng tạo và chuyển đổi số
ẢNH: NAM LONG
Đồng thời, đẩy mạnh hướng dẫn dịch vụ công trực tuyến, đảm bảo có trên 80% hồ sơ thủ tục hành chính được xử lý hoàn toàn trực tuyến; tiếp tục thực hiện truyền thông lan tỏa tên miền quốc gia "".vn"" tới 100% doanh nghiệp, 100% các phân hiệu đại học, cao đẳng, trường nghề, ít nhất 60% sinh viên độ tuổi từ 18 - 23 được đăng ký sử dụng tên miền ""id.vn"".
Ban tổ chức tuyên dương 3 tập thể có thành tích nổi bật trong việc triển khai chương trình thúc đẩy, hỗ trợ người dân, doanh nghiệp, hộ kinh doanh hiện diện trực tuyến tin cậy, an toàn các dịch vụ số tên miền quốc gia "".vn""
ẢNH: NAM LONG
Dịp này, Sở KH-CN Vĩnh Long phối hợp với Trung tâm Internet Việt Nam tại TP.HCM sơ kết chương trình thúc đẩy, hỗ trợ người dân, doanh nghiệp, hộ kinh doanh hiện diện trực tuyến tin cậy, an toàn với các dịch vụ số sử dụng tên miền quốc gia “.vn”.
Tại đây, Ban tổ chức đã tuyên dương 3 tập thể có thành tích nổi bật trong việc triển khai chương trình thúc đẩy, hỗ trợ người dân, doanh nghiệp, hộ kinh doanh hiện diện trực tuyến tin cậy, an toàn các dịch vụ số tên miền quốc gia “.vn” trên địa bàn tỉnh Vĩnh Long gồm: Trường ĐH Cửu Long, Trường ĐH Sư phạm kỹ thuật Vĩnh Long, Trường ĐH Trà Vinh."
https://thanhnien.vn/thanh-nien-quan-doi-ung-xu-van-hoa-trong-moi-tinh-huong-giao-thong-185251021151518215.htm,Thanh niên quân đội ứng xử văn hóa trong mọi tình huống giao thông,"Ngày 21.10, tại Sư đoàn 320 ở xã Biển Hồ (Gia Lai) thuộc Quân đoàn 34, Tổng cục Chính trị Quân đội nhân dân (QĐND) Việt Nam chỉ đạo Ban Thanh niên Quân đội chủ trì, phối hợp với các đơn vị tổ chức phát động Ngày hội ""Thanh niên quân đội với văn hóa giao thông"" năm 2025.","Đến dự có thượng tướng Lê Quang Minh, Phó chủ nhiệmTổng cục Chính trị QĐND Việt Nam; ông Lê Kim Thành, Phó chủ tịch chuyên trách Ủy ban An toàn giao thông quốc gia; lãnh đạo, đại biểu các cơ quan, đơn vị trong và ngoài quân đội.
Tham gia lễ phát động có Cục Chính trị Quân đoàn 34, Cục Chính trị Binh chủng Thông tin liên lạc, Phòng Chính trị Binh đoàn 15, Công an tỉnhGia Laivà Tỉnh đoàn Gia Lai.
Theo thống kê củaỦy ban An toàn giao thông quốc gia, trong 9 tháng đầu năm 2025, cả nước đã xảy ra 13.716 vụ tai nạn giao thông, làm chết 7.672 người, làm bị thương 9.186 người, hậu quả để lại rất nặng nề. Vì vậy, xây dựng văn hóa giao thông, ý thức tham gia giao thông là vấn đề tối quan trọng đối với cả trong và ngoàiquân đội.
Ngày hội ""Thanh niên quân đội với văn hóa giao thông"" năm 2025 được tổ chức tại Gia Lai với nhiều hoạt động ý nghĩa
ẢNH: TRẦN HIẾU
Nhiều hoạt động ý nghĩa đã được tổ chức trong dịp này như cán bộ, đoàn viên, thanh niên các lực lượng đã tổ chức tuần hành, biểu dương lực lượng, tuyên truyền về Ngày hội ""Thanh niên quân đội với văn hóa giao thông"" năm 2025 trên một số tuyến đường; hướng dẫn và thực hành kỹ thuật lái xe an toàn…
Thượng tướng Lê Quang Minh nhấn mạnh: ""Xây dựngvăn hóa giao thôngnhằm nâng cao ý thức, thay đổi hành vi và tạo nên thói quen ứng xử có văn hóa, đúng pháp luật và là một chuẩn mực đạo đức truyền thống, văn minh của mọi người, nhằm bảo đảm trật tự và an toàn giao thông, nhất là khi tham gia giao thông.
Ngày hội ""Thanh niên quân đội với văn hóa giao thông"" với nhiều cách làm hay, sáng tạo, hiệu quả như sinh hoạt chính trị, thi tìm hiểu, diễn đàn, tọa đàm, các hình thức sân khấu hóa…; nhằm góp phần nâng cao ý thức, trách nhiệm khi tham gia giao thông.
Cán bộ, đoàn viên, thanh niên các lực lượng tổ chức tuần hành tuyên truyền về Ngày hội ""Thanh niên quân đội với văn hóa giao thông""
ẢNH: TRẦN HIẾU
Đối với quân đội, những năm qua, Quân ủy Trung ương,Bộ Quốc phòngđã có nhiều chủ trương, biện pháp lãnh đạo, chỉ đạo thực hiện các giải pháp tăng cường quản lý an toàn khi tham gia giao thông, đặc biệt là triển khai có hiệu quả Cuộc vận động ""Quản lý, khai thác vũ khí, trang bị kỹ thuật tốt, bền, an toàn, tiết kiệm và an toàn giao thông"".
Các đơn vị quân đội thường xuyên phối hợp với các tổ chức, lực lượng ngoài quân đội tổ chức tuyên truyền, giáo dục và các hoạt động xung kích trong xây dựng văn hóa giao thông và thực hiệnan toàn giao thông; các mô hình như ""Chi đoàn không có đoàn viên thanh niên vi phạm kỷ luật, vi phạm luật Giao thông"", ""Đoạn đường thanh niên tự quản"", ""Điểm giao cắt đường bộ, đường sắt an toàn""... hoạt động ngày càng hiệu quả."
https://thanhnien.vn/cung-van-hoa-vip-cho-thieu-nhi-thanh-hoa-chinh-thuc-hoat-dong-185251015110913978.htm,Cung văn hóa 'vip' cho thiếu nhi Thanh Hóa chính thức hoạt động,"Cung Văn hóa thiếu nhi và trung tâm thể dục thể thao Hạc Thành (P.Hạc Thành, Thanh Hóa) vừa được khánh thành, trở thành cung văn hóa hiện đại nhất tỉnh Thanh Hóa, phục vụ nhu cầu vui chơi, rèn luyện thể dục thể thao cho thiếu nhi.","Sau hơn 1 năm thi công,Cung Văn hóa thiếu nhivà trung tâm thể dục thể thao hiện đại nhất tỉnh Thanh Hóa đã hoàn thành, chính thức đưa vào sử dụng từ ngày 14.10. Công trình gồm khối các phòng đào tạo các môn cờ vua, cờ tướng, đàn, khiêu vũ, aerobic... và khối các công trìnhbể bơi, sân bóng đá nhân tạo, sân tenis, bóng rổ... Công trình có tổng vốn đầu tư gần 250 tỉ đồng từ nguồn ngân sách.
Cung Văn hóa thiếu nhi và trung tâm thể dục thể thao Hạc Thành được xây dựng trên diện tích 4,1 ha, nằm ở trung tâm đô thị tỉnh Thanh Hóa. Công trình được lựa chọn khánh thành chào mừng Đại hội đại biểu Đảng bộ tỉnh Thanh Hóa lần thứ XX, nhiệm kỳ 2025 - 2030, diễn ra từ ngày 14 - 16.10.
ẢNH: NGÔ NHUNG
Cán bộ, lãnh đạo tỉnh Thanh Hóa tham quan không gian cờ vua - nơi các em thiếu nhi thoải mái học hỏi, vui chơi, giải trí theo sở thích của mình
ẢNH: NGÔ NHUNG
Công trình được thiết kế rất bắt mắt, là cung văn hóa dành cho thiếu nhi hiện đại nhất tỉnh Thanh Hóa
ẢNH: NGÔ NHUNG
Không gian vẽ tranh bên trong cung văn hóa
ẢNH: NGÔ NHUNG
Bể bơi có diện tích mặt nước 500 m2 với 8 làn bơi tiêu chuẩn, đủ điều kiện tổ chức các giải thiếu niên, nhi đồng
ẢNH: NGÔ NHUNG
Hệ thốngmái vòmkhung thép, thiết kế độc đáo tạo điểm nhấn mới lạ cho Cung Văn hóa thiếu nhi và trung tâm thể dục thể thao Hạc Thành
ẢNH: NGÔ NHUNG
Không gian lý tưởng cho thiếu nhi rèn luyện thể dục, thể thao sau những giờ học căng thẳng
ẢNH: NGÔ NHUNG
Bao quanh Cung Văn hóa thiếu nhi và trung tâm thể dục thể thao Hạc Thành là khu đô thị Vinhomes Star City - khu đô thị hiện đại bậc nhất ở Thanh Hóa hiện nay
ẢNH: NGÔ NHUNG
Khu vực bên ngoài hành lang và sân có nhiều bức tượng hoạt hoạt hình với nhiều màu sắc
ẢNH: NGÔ NHUNG
Cung Văn hóa thiếu nhi và trung tâm thể dục thể thao Hạc Thành nhìn từ trên cao
ẢNH: NGÔ NHUNG"
https://thanhnien.vn/neu-muon-tham-gia-vao-nhom-nghien-cuu-cac-du-an-lien-quan-den-ung-dung-ai-185251019145442279.htm,Nếu muốn tham gia vào nhóm nghiên cứu các dự án liên quan đến ứng dụng AI...,"Những người trẻ Việt Nam có kiến thức và đam mê về trí tuệ nhân tạo, có thể ứng tuyển tham gia vào các hoạt động nghiên cứu những dự án liên quan đến ứng dụng AI và được thụ hưởng nhiều quyền lợi.","Nguyễn Gia Hy, tiến sĩ về AI tại ĐH Deakin (Úc), đồng thời là giảng viên các môn về AI tại ĐH Swinburne (Úc),hiện là Giám đốc điều hành và người đồng sáng lập của SkillPixel, cho biết đang tìm kiếm những tài năng trẻ tham gia các dự án nghiên cứuAIquốc tế.
Theo tiến sĩ Hy, đang chờ những ứng viên người Việt Nam tham gia vào các dự án nghiên cứu ứng dụng Vision - Language - Action (VLA, tạm dịch là tầm nhìn - ngôn ngữ - hành động) với các chủ đề đầy thử thách và tiềm năng.
""Chẳng hạn như Weaponized AI, mô phỏng hệ thống tác chiến thông minh như Iron Man. Theo đó, xây dựng mô hình AI có khả năng lập kế hoạch hành động trong các tình huống chiến thuật phức tạp (ví dụ: giải cứu con tin, bảo vệ tổng thống, mô phỏng hành động trong game như: PUBG, Call of Duty, Free Fire…). Hay Autonomous Doctor, trí tuệ nhân tạo tự động hóa chăm sóc y tế. Dự án này phát triển AI có khả năng lập kế hoạch hành động trong quy trình khám, chẩn đoán, phẫu thuật, điều trị, hướng tới mô phỏng tư duy và thao tác của bác sĩ thực thụ"", tiến sĩ Hy cho biết.
Tiến sĩ Nguyễn Gia Hy cho biết đang tìm kiếm những người trẻ Việt Nam có đam mê và khả năng về AI để tham gia nghiên cứu các dự án liên quan đến ứng dụng AI
ẢNH: NVCC
Theo tiến sĩ Hy, thì ứng viên có thể đến từ nhiều lĩnh vực khác nhau, tùy theo nhánh nghiên cứu.
""Chẳng hạn như kỹ thuật dữ liệu, cần khả năng thu thập, xử lý, và gắn nhãn dữ liệu quy mô lớn (đặc biệt là video góc nhìn thứ nhất). Không bắt buộc kiến thức về học máy, nhưng yêu cầu sự kiên trì, tỉ mỉ và tinh thần học hỏi mạnh mẽ. Đối với lĩnh vực y sinh và khoa học đời sống, ưu tiên sinh viên hoặc nhà nghiên cứu có nền tảng y học, sinh học, hoặc công nghệ sinh học, đặc biệt là hiểu biết về chuẩn y tế, giao thức phẫu thuật, và chẩn đoán hình ảnh y khoa. Đối với lĩnh vực game, robotics, và mô phỏng hành vi, thì cần ứng viên có kinh nghiệm hoặc hiểu biết trong các trò chơi có yếu tố hành động như: PUBG, Call of Duty, Free Fire, Crossfire. Những kinh nghiệm đó sẽ là điểm cộng để mô phỏng hành vi và lập kế hoạch hành động cho AI"", tiến sĩ Hy cho biết.
Tiến sĩ Hy cho biết khi trở thành thành viên trong nhóm nghiên cứu các dự án liên quan đến ứng dụng AI sẽ được học hỏi kinh nghiệm, kiến thức một cách trực tiếp từ các kỹ sư trí tuệ nhân tạo quốc tế
ẢNH: NVCC
Về quyền lợi mà ứng viên tham gia được thụ hưởng, tiến sĩ Hy cho biết: ""Sẽ có cơ hội nghiên cứu cùng các nhà khoa học hàng đầu từ các trường ĐH nổi tiếng như: Toronto (Canada), Deakin (Úc), Liverpool (Anh), Penn State, Auburn, Johns Hopkins, và Stanford (cùng ở Mỹ). Bởi lẽ các dự án này được dẫn dắt bởi nhiều giáo sư hàng đầu trong lĩnh vực trí tuệ nhân tạo, ngôn ngữ - thị giác - hành động"".
Ngoài ra, theo tiến sĩ Hy: ""Khi trở thành thành viên trong nhóm nghiên cứu các dự án liên quan đến ứng dụng AI, thì sẽ tham gia trực tiếp vào các công bố quốc tế (NeurIPS, ICLR, AAAI, ACL, EMNLP…) trong các chủ đề tiên phong về Vision-Language-Action Models (mô hình tầm nhìn – ngôn ngữ - hành động). Cũng như được trải nghiệm thực tiễn với dữ liệu, công cụ ở quy mô quốc tế, từ thiết kế chú thích dữ liệu, lập kế hoạch hành động, đến huấn luyện và đánh giá mô hình. Bên cạnh đó, sẽ nhận được giấy chứng nhận và thư giới thiệu từ nhóm nghiên cứu khi hoàn thành xuất sắc nhiệm vụ. Quan trọng hơn là được học hỏi kinh nghiệm, kiến thức một cách trực tiếp từ các kỹ sưtrí tuệ nhân tạoquốc tế"".
Để ứng tuyển, sinh viên, người trẻ có kiến thức, đam mê về AI, có thể gửi CV (sơ yếu lý lịch) hoặc portfolio (hồ sơ năng lực) cùng một đoạn ngắn giới thiệu bản thân và lý do muốn tham gia qua emailinfo@skillpixel.vn.
""Nếu trúng tuyển, hình thức làm việc sẽ là làm việc từ xa với các buổi họp và làm việc định kỳ cùng nhóm hướng dẫn quốc tế. Theo đó, sẽ làm việc nhóm theo mô hình nghiên cứu, kỹ thuật, dữ liệu, với người hướng dẫn phụ trách từng mảng. Ứng viên phải cam kết tối thiểu 6 tháng, có thể linh hoạt theo tiến độ học tập hoặc nghiên cứu cá nhân"", tiến sĩ Hy nói thêm.
Hồ Phạm Minh Nhật, giáo sư bậc 1 của ĐH Texas - Austin, một trong 10 trường hàng đầu Mỹ về lĩnh vực trí tuệ nhân tạo và khoa học công nghệ, cũng chia sẻ: ""Tôi cần tuyển khoảng 6 bạn kỹ sư AI Việt Nam xuất sắc, với kinh nghiệm về các lĩnh vực dữ liệu tổng hợp, mô hình dữ liệu, mô hình phục vụ… trong các dự án liên quan đến ứng dụng AI. Các ứng dụng từ các dự án này hứa hẹn sẽ tạo nên nhiều thay đổi lớn và tích cực trong xã hội Việt Nam trong thời gian sắp tới"".
Theo giáo sư Nhật: ""Các vị trí này trước mắt sẽ làm trực tiếp tại TP.HCM. Người trẻ nào quan tâm thì có thể gửi CV qua email: minhnhat@utexas.edu""."
https://thanhnien.vn/sinh-vien-can-tho-mang-sao-dan-tranh-dan-nguyet-bieu-dien-o-ben-ninh-kieu-185250908113500803.htm,"Sinh viên Cần Thơ mang sáo, đàn tranh, đàn nguyệt... biểu diễn ở bến Ninh Kiều",Những bản hòa tấu nhạc cụ dân tộc đã trở thành một trong những điểm nhấn ở bến Ninh Kiều (TP.Cần Thơ) mỗi dịp cuối tuần. Càng ý nghĩa hơn khi các tiết mục này do một nhóm sinh viên đảm trách vừa phục vụ du khách vừa góp phần bảo tồn bản sắc âm nhạc truyền thống.,"Vào các tối thứ bảy hàng tuần, người dân đến vui chơi tạibến Ninh Kiều(P.Ninh Kiều, TP.Cần Thơ) được thưởng thức chương trình nghệ thuật đặc sắc do Sở Văn hóa - Thể thao và Du lịch TP.Cần Thơ tổ chức.
Sân khấu đặt đối diện với tượng đài Bác Hồ, tiết mục biểu diễn cócải lương, đờn ca tài tử, văn nghệ quần chúng. Thường xuyên góp mặt trong chương trình còn có một nhóm sinh viên của Trường ĐH FPT Cần Thơ biểu diễn tiết mục độc đáo bằng nhạc cụ dân tộc phục vụ khán giả.
Chương trình nghệ thuật bắt đầu từ 19 giờ, nhưng khoảng 17 giờ nhóm sinh viên đã mangnhạc cụ dân tộcđến điểm diễn để kết nối âm thanh với nhiều loại nhạc cụ như đàn tranh, đàn nguyệt, đàn bầu, sáo, trống. Các tiết mục biểu diễn nhạc cụ dân tộc luôn được xếp mở màn trong mỗi đêm diễn.
Nhóm sinh viên biểu diễn nhạc cụ dân tộc dưới bến Ninh Kiều
ẢNH: THANH DUY
Mai Minh Thư, sinh viên năm 4 ngành truyền thông đa phương tiện, chơiđàn tranh, cho biết màn trình diễn của nhóm không có lời hát, mà chỉ có tiếng mộc mạc của những nhạc cụ dân tộc trên nền những bài có âm hưởng ca dao, dân ca, gợi lên tình yêu quê hương, đất nước...
""Chúng em cảm thấy rất vui, vinh dự khi được biểu diễn ở bến Ninh Kiều, một biểu tượng du lịch nổi tiếng gắn liền với đời sống, văn hóa ở Cần Thơ. Đây là cơ hội để chúng em góp phần lan tỏa thông điệp về những người trẻ đam mê giữ gìn, bảo tồn nhạc cụ dân tộc và truyền tải nét đặc sắc của âm nhạc dân gian Việt Nam đến du khách quốc tế"", Thư bộc bạch.
Các bạn trẻ biểu diễn với niềm đam mê, muốn góp phần giữ gìn và lan tỏa bản sắc của âm nhạc truyền thống dân tộc
ẢNH: THANH DUY
Cầm trên tay chiếcđàn nguyệt, Nguyễn Việt Thành, sinh viên năm 2 ngành digital marketing, cho biết điểm chung của nhóm là sau khi hoàn thành khóa học nhạc cụ dân tộc tại trường, mọi người đã không dừng lại mà vẫn tiếp tục trau dồi, tập luyện để những ngón đàn được trong trẻo và mượt mà hơn. Nhóm biết rõ muốn lan tỏa tình yêu nhạc cụ dân tộc, điều đầu tiên là phải có tiết mục trình diễn hay để gợi lên sự hứng thú cho mọi người. Vì vậy, các bạn đã chịu khó tập luyện cùng nhau nhiều buổi tối sau giờ học chính khóa.
Dẫn con trai 3 tuổi đến xem chương trình, chị Nguyễn Thị Thùy Trang (32 tuổi, ngụ P.Ninh Kiều, TP.Cần Thơ) dành lời khen cho nhóm sinh viên: ""Tôi đã đến đây vài lần và lần nào cũng thấy khán giả ngồi hết ghế của ban tổ chức, trong đó có rất nhiều trẻ em. Tiết mục của các bạn được mọi người vỗ tay khen ngợi đã nói lên chất lượng của màn biểu diễn. Niềm đam mê của các bạn đã làm tôi thấy yêu âm nhạc truyền thống của nước mình hơn"".
Đông đảo người dân đến xem buổi biểu diễn, trong đó có nhiều trẻ em
ẢNH: THANH DUY
Theo bà Trần Thị Tú Nhiên, cán bộ Phòng công tác sinh viên của trường nói trên, màn biểu diễn của các sinh viên tại bến Ninh Kiều nằm trong dự án mang nhạc cụ dân tộc đến với các điểmsinh hoạt cộng đồng. Vì vậy, các sinh viên tham gia với niềm đam mê, cống hiến, không nhận chi phí. Tuy nhiên, phía ban tổ chức có hỗ trợ một phần chi phí cho trường để thuê xe tải di chuyển các loại nhạc cụ xuống điểm biểu diễn. Trong các buổi biểu diễn, các thầy cô có chuyên môn vềâm nhạccũng đồng hành với các sinh viên để giúp cho những tiết mục được trọn vẹn nhất có thể."
https://thanhnien.vn/zakka-naturals-trao-tang-500-phan-qua-gel-rua-mat-probiotic-cho-2-khoi-dieu-binh-a80-185250821173502616.htm,Zakka Naturals trao tặng 500 phần quà gel rửa mặt Probiotic cho 2 khối diễu binh A80,"Chuẩn bị cho Đại lễ kỷ niệm 80 năm Cách mạng Tháng Tám và Quốc khánh 2.9, thấu hiểu sự tập luyện gian khó trên thao trường nắng gió, Zakka tiếp sức tinh thần trao những món quà thiết thực cho làn da của các nữ chiến sĩ giữ được vẻ rạng ngời trong ngày hội lớn của dân tộc.","Zakka trao tặng 500 phần quà cho 2 khối diễu binh A80

Chuẩn bị cho sự kiện trọng đại của dân tộc - tại Trung tâm Huấn luyện Quân sự Quốc gia không khí tập luyện diễn ra đầy sôi nổi và nhiệt huyết với các khối diễu binh, diễu hành trong lực lượng A80. Mang trong mình ý chí thép và niềm tự hào hình ảnh yêu nước của người phụ nữ Việt Nam trong công cuộc chiến đấu gìn giữ tấc đất quê hương, các nữ chiến sĩ của các khối diễu binh để lại hình ảnh đẹp trong những ngày tập luyện dưới cái nắng gay gắt nơi thao trường.
Để có được những bước đi dứt khoát, đồng đều, những bông hồng thép đã miệt mài tập luyện kéo dài dưới trời nắng gắt, bụi mịn nơi thao trường, cùng việc thay đổi nguồn nước khi di chuyển, khiến làn da của các ""chiến binh"" không tránh khỏi khô ráp, sạm màu hay mẩn đỏ. Dù đối với họ đó chỉ là những thử thách nhỏ so với niềm vinh dự được góp mặt trong ngày hội lớn của non sông.
Các nữ chiến sĩ vui vẻ chụp ảnh cùng phần quà Gel rửa mặt Probiotic Anti-Pollution Radiance Amino

Thấu hiểu những hy sinh thầm lặng đó và nhằm ủng hộ tinh thần tập luyện của các khối diễu binh, Zakka Naturals vinh dự được Thủ trưởng Bộ Tư lệnh Quân khu 7 cùng các cấp lãnh đạo đã tin tưởng và tạo điều kiện để dành tặng 500 phần quà gồmGel rửa mặt Probiotic Anti-Pollution Radiance Aminovà khăn lụa đa năng đến hai khối nữ chiến sĩ gồm Khối nữ Biệt động Sài Gòn và Khối nữ Du kích Miền Nam tại Miếu Môn với tinh thần tiếp sức cho các nữ chiến sĩ giữ được làn da khỏe đẹp và tinh thần rạng rỡ.
Phần quà mang thông điệp ""Tuyên ngôn làn da Việt""

Món quà tiếp sức tinh thần từZakka Naturalsvới thông điệp ""Tuyên ngôn làn da Việt"" mong muốn góp phần giúp các nữ chiến sĩ rạng rỡ hơn trong ngày diễu binh gồm sản phẩm Gel rửa mặt Probiotic Anti-Pollution Radiance Amino chống ô nhiễm và bảo vệ da gốc amino acids, giúp làm sạch da, giảm tác hại của ô nhiễm và bụi mịn thước PM2.5 nhờ hỗn hợp Biosaccharide Gum-4 và Ectoin.
Các nữ chiến sĩ của các khối diễu binh hân hoan khi nhận được món quà tiếp sức

Phần quà còn có chiếc khăn lụa Bandana với sắc đỏ rực rỡ như biểu tượng của niềm tự hào tinh thần bất khuất và thể hiện tinh thần nồng nàn yêu nước khi đồng hành trong ngày hội lớn.
Quà tặng được trao tận tay đến các nữ chiến sĩ

Thông điệp ""Tuyên ngôn làn da Việt"" với ý nghĩa lời kêu gọi cùng nhau gìn giữ vẻ đẹp bền vững vì mỗi làn da khỏe mạnh, tự tin, rạng rỡ chính là một tuyên ngôn sống động về sức sống của dân tộc cội nguồn. Hình ảnh chim Lạc tượng trưng cho ý chí kiên cường và sức mạnh đoàn kết, cũng là lời nhắc về cội nguồn, về niềm tự hào dân tộc vượt thời gian. Thông qua bộ quà tặng, Zakka gửi đi thông điệp ""Tuyên ngôn làn da Việt"" - không chỉ đẹp, khỏe, mà còn mang trong mình bản sắc và tinh thần Việt Nam.
Đại lễ đang đến gần, mong rằng với sự tiếp sức từ những món quà thiết thực giúp các nữ chiến sĩ khi diễu binh tại Quảng trường Ba Đình sẽ không chỉ mang tinh thần yêu nước trong mỗi bước đi, mà còn giữ được vẻ rạng ngời, khỏe khoắn trên làn da."
https://thanhnien.vn/vao-mua-tiec-tung-cuoi-nam-kiet-suc-vi-lich-lien-hoan-day-dac-185251210153145863.htm,"Vào mùa tiệc tùng cuối năm, kiệt sức vì lịch liên hoan dày đặc","Tháng 12, nhiều công ty bắt đầu lên lịch tiệc tất niên, không khí ăn uống, họp mặt cũng rộn ràng hơn. Đằng sau những chiếc bàn đầy ắp món ngon, những ly bia va nhau chan chát, không ít người trẻ đang cảm thấy… mệt với mùa tiệc tùng cuối năm.","Lê Đình Trọng (28 tuổi, làm việc tại đường Lê Văn Chí, P.Linh Xuân, TP.HCM; trước đây là P.Linh Trung, TP.Thủ Đức, TP.HCM) cho biết tuần qua đã phải tham gia đến 4 buổi tất niên, chưa kể những buổihọp mặtbạn bè, đồng nghiệp cũ. Trọng than ""mùa tiệc tùng cuối nămthật sự rất mệt"".
""Ngày nào cũng thấy tin nhắn trong nhóm Zalo: ""Tối nay đi tất niên nhóm mình nha"". Từ phòng dự án, phòng marketing cho đến nhóm bạn đại học, nhóm câu lạc bộ… ai cũng muốn gặp nhau cuối năm. Nhiều hôm bước ra khỏi quán đã hơn 23 giờ, về tới nhà chỉ kịp tắm rồi ngủ. Sáng hôm sau dậy làm việc mà đầu óc quay cuồng"", Trong kể.
Theo Trọng, không chỉ mệt chuyện thời gian, mà còn mệt vì… phải uống. ""Không uống thì bị nói, uống rồi thì người nặng như đá. Đến ngày thứ tư liên tiếp đi tiệc, mình cảm giác cơ thể báo động đỏ"", Trọng cho hay.
Cũng theo chàng trai này, bản thân từng rất háo hức với những cuộc gặp gỡ cuối năm. Nhưng giờ, điều Trọng mong nhất chỉ là được ở nhà nghỉ ngơi.
Có những ta thán cho rằng ""mùa tiệc tùng cuối năm rất mệt""
ẢNH: ĐÌNH TRỌNG
Nguyễn Văn Hữu (27 tuổi, làm việc tại 364 Cộng Hòa, P.Tân Bình, TP.HCM; trước đây là P.13, Q.Tân Bình, TP.HCM), ví von thời điểm cuối năm, thì mỗi tối là một cuộc chạy deadline (hạn hoàn thành công việc) mới, được gọi là ""deadline xã giao"".
""Công ty tôi có văn hóa nhậu nhiều. Mùa cuối năm càng nhiều hơn"", Hữu nói. ""Có hôm họp xong lúc 17 giờ, mọi người nhìn nhau rồi rủ ""họp nhóm nội bộ"", có nghĩa là họp ở… quán nhậu. Không đi thì sợ bị nghĩ là không hòa đồng, mà đi suốt thì cơ thể chịu không nổi"".
Khi hỏi vì sao không từ chối, Hữu cười gượng: ""Nếu không đi thì rất dễ ảnh hưởng đến mối quan hệ đồng nghiệp và khách hàng. Nếu từ chối nhiều lần là bị đánh giá ngay"".
Hữu tâm sự, rằng nhiều người trẻ như mình đang mắc kẹt giữa mong muốn được nghỉ ngơi và áp lực hòa nhập.
Không ít người trẻ lo phải nhậu vào mùa tiệc tùng cuối năm
ẢNH: THANH NAM
Theo chuyên gia tâm lý lao động Trịnh Đức Vũ, Trung tâm bồi dưỡng kỹ năng sống Việt Skills (P.Chánh Hiệp, TP.HCM; trước là P.Định Hòa, TP.Thủ Dầu Một, tỉnh Bình Dương), trong nghiên cứu của ông và cộng sự vào năm 2024 cho thấy 60% người trẻ cảm thấy mệt mỏi với hoạt động tập thể cuối năm, đặc biệt là các buổi ăn uống kéo dài.
""Áp lực ""phải vui"", ""phải hòa đồng"", ""phải uống"" đang khiến nhiều bạn trẻ stress nhiều hơn là tận hưởng"", ông Vũ nói.
Ông Vũ nói thêm: ""Không chỉ nhậu, nhiều công ty cuối năm còn tổ chức đủ loại hoạt động: văn nghệ, nhảy flashmob, game sân khấu, thi hóa trang,team building… Thoạt nghe thì vui, nhưng với không ít người trẻ, đây là chuỗi ngày bị lôi vào các hoạt động không muốn tham gia"".
Vũ Hoàng Thảo (27 tuổi, làm việc tại số 6 Nguyễn Thị Minh Khai, P.Sài Gòn, TP.HCM; trước là P.Đa Kao, Q.1, TP.HCM), kể: ""Công ty yêu cầu mỗi phòng phải dựng một tiết mục văn nghệ cho đêm tất niên. Mình đâu biết hát, cũng không thích diễn, nhưng vẫn phải tập vũ đạo gần một tuần. Tan làm là ở lại tập đến 20 – 21 giờ. Cuối cùng diễn xong thì mệt rã người chứ chẳng thấy vui"".
Thảo nói thêm: ""Chính việc họp hành cuối năm, chạy KPI, rồi lo tập luyện văn nghệ, lo chuyện hậu cần cho tất niên đã khiến nhiều nhân viên trẻ chỉ mong tiệc kết thúc càng sớm càng tốt"".
Trên mạng xã hội, không ít người trẻ cũng chia sẻ về những buổi ""team building cuối năm"" kéo dài cả ngày, thậm chí về trễ tối muộn. Có thành viên nói vui: ""Đi làm 8 tiếng, về nhà 3 tiếng, còn lại 4 tiếng dành cho… văn nghệ công ty"".
Chị Nguyễn Thị Huyền Diệu (31 tuổi, ngụ ở 18E Cộng Hòa, P.Tân Sơn Nhất, TP.HCM; trước đây là P.4, Q.Tân Bình, TP.HCM) cho biết năm ngoái tăng gần 4 kg chỉ trong 3 tuần cuối năm. ""Suốt tháng 12, ngày nào cô cũng ăn tối trên 90% là… đồ không lành mạnh: đồ nướng, lẩu, chiên, rượu bia"", chị Diệu kể và nói thêm: ""Nhưng điều đáng lo hơn là áp lực tinh thần. Mỗi buổi tiệc đều ồn ào, đông người, nhiều tiếng hò hét. Một số bạn hướng nội như mình dễ bị quá tải. Ngồi trong đám đông nhưng cảm giác cô đơn, chỉ muốn trốn vào nhà vệ sinh hít thở"".
Theo ông Trịnh Đức Vũ, liên hoan cuối năm vốn là hoạt động ý nghĩa nhằm tổng kết, tri ân, gắn kết. Nhưng khi nó biến thành nghĩa vụ, thành chuỗi áp lực vô hình, người trẻ không còn cảm nhận được giá trị ban đầu.
Ông Vũ nhìn nhận: ""Nếu một hoạt động tập thể khiến nhân viên lo lắng, mệt mỏi, hoặc buộc họ phải tham gia dù không thoải mái, thì mục tiêu gắn kết không còn đúng nữa. Nên chăng, các doanh nghiệp chuyển sang mô hình tiệc nhẹ, ngắn gọn, tập trung chia sẻ thành tựu hơn là uống rượu. Một số doanh nghiệp tổ chức tiệc ban ngày, kết thúc sớm để nhân viên có thời gian nghỉ ngơi"".
Bà Đào Thị Hải, phụ trách nhân sự Công ty TNHH Thương mại dịch vụ Hoàng An Transport (xã Xuân Thới Sơn, TP.HCM; trước là xã Xuân Thới Đông, H.Hóc Môn, TP.HCM), nói: ""Chúng tôi cũng đề xuất cho nhân viên có quyền từ chối những hoạt động không phù hợp với sức khỏe hoặc tính cách, thay vì xem sự tham gia là thước đo tinh thần tập thể. Và khi lấy ý kiến, đa phần nhân viên đều mong cuối năm có một bữa ăn. Trong không ăn ấm cúng, cùng kể nhau nghe những câu chuyện chân thật. Sếp và nhân viên nhìn nhau thân tình. Chỉ như vậy là đủ"".
Đỗ Việt Quân (27 tuổi, làm việc tại 728 Nam Kỳ Khởi Nghĩa, P.Phú Lợi, TP.HCM; trước đây là P.Phú Hòa, TP.Thủ Dầu Một, tỉnh Bình Dương), chia sẻ: ""Tôi mong một buổi tiệc không ép uống, không tổ chức quá trễ, và không bắt buộctham gia văn nghệ. Và hơn hết, không biến tiệc cuối năm thành cuộc… đo sự chịu đựng"".
Phan Minh Quang (29 tuổi, làm việc tại 17 Lê Duẩn, P,Sài Gòn, TP.HCM; trước đây là P.Bến Nghé, Q.1, TP.HCM) thì nói: ""Cuối năm ai cũng mệt rồi, đừng làm mệt thêm. Giữa nhịp sống tất bật tháng cuối năm, khi mọi người đang phải cố gắng cân bằng giữa công việc, sức khỏe, gia đình, tài chính, một buổi tiệctất niêný nghĩa không nhất thiết phải hoành tráng""."
https://thanhnien.vn/dai-tuong-phan-van-giang-phat-bieu-xuc-dong-tai-dai-hoi-doan-thanh-nien-quan-doi-185251210112244816.htm,Đại tướng Phan Văn Giang phát biểu xúc động tại Đại hội Đoàn Thanh niên Quân đội,"Tại Đại hội đại biểu Đoàn TNCS Hồ Chí Minh Quân đội lần thứ XI (2025 - 2030), Bộ trưởng Bộ Quốc phòng Phan Văn Giang đã có phát biểu xúc động, ghi nhận những nỗ lực của tuổi trẻ Quân đội trong thời gian qua.","Sáng 10.12, tại Hà Nội đã diễn ra phiên trọng thểĐại hội đại biểu Đoàn TNCS Hồ Chí MinhQuân đội lần thứ XI (2025 - 2030).
Tham dự đại hội có đại tướng Phan Văn Giang,Ủy viên Bộ Chính trị, Phó bí thư Quân ủy T.Ư, Bộ trưởng Bộ Quốc phòng; đại tướng Nguyễn Trọng Nghĩa, Ủy viên Bộ Chính trị, Bí thư T.Ư Đảng, Ủy viên Thường vụ Quân ủy T.Ư, Chủ nhiệm Tổng cục Chính trị và các thứ trưởng Bộ Quốc phòng.
Về phía T.Ư Đoàn có anh Bùi Quang Huy, Ủy viên dự khuyết T.Ư Đảng, Bí thư thứ nhất T.Ư Đoàn.
Tại đại hội, đại tướng Phan Văn Giang đã có bài phát biểu tâm huyết, xúc động về thế hệ trẻ trong Quân đội. Đại tướng cho rằng, trong nhiệm kỳ vừa qua, công tác Đoàn và phong trào thanh niên Quân đội đã được triển khai toàn diện, có trọng tâm, trọng điểm và đạt nhiều kết quả tốt và rất tốt, rất xuất sắc.
Đại tướng Phan Văn Giang phát biểu tại đại hội
ẢNH: PHAN LINH
Đại tướng xúc động nhắc lại hình ảnh những chiến sĩ trẻ trong các cuộc diễn tập bắn đạn thật, hiệp đồng quân binh chủng quy mô lớn chưa từng có. Ông nhấn mạnh sự chuyển mình của công tác huấn luyện khi không còn diễn tập theo mô típ định sẵn mà sát thực tế chiến đấu. Đó là minh chứng cho bản lĩnh chính quy, tinh nhuệ của tuổi trẻ quân đội.
Đặc biệt, phần xúc động nhất trong bài phát biểu là khi đại tướng nói về nhiệm vụ ứng phó với thách thức an ninh phi truyền thống.Nhắc đến cơn bão Yagi, Làng Nủ hay những trận lũ lịch sử ở miền Trung, giọng đại tướng chùng xuống khi tưởng nhớ những sĩ quan trẻ đã hy sinh.
""Chúng ta đã vượt qua sóng, vượt qua gió để giành giật sự sống cho người dân và giữ lại những của cải của người dân, giữ lại những tài sản của Nhà nước… Trong những cơn bão đó, những đoàn viên, những thanh niên của chúng ta cũng vì nhiệm vụ, vì bão gió thiên tai, vì người dân, vì sự bình yên của xã hội này, chúng ta cũng sơ sẩy, cũng để mất đi những quân nhân thật đáng trân trọng của mình"", Bộ trưởng Phan Văn Giang nói.
Đại tướng cũng đánh giá cao đóng góp của thanh niên quân đội trong phát triển khoa học, công nghệ, đổi mới sáng tạo và chuyển đổi số; luôn đi đầu trong lao động sản xuất, tham gia phát triển kinh tế - xã hội.
Đại tướng Phan Văn Giang giao lưu với các đại biểu dự đại hội
ẢNH: PHAN LINH
Đồng thời, thanh niên quân đội đã tạo nên những ấn tượng mạnh trong tổ chức kỷ niệm các ngày lễ lớn của đất nước và một số sự kiện quốc tế; tham gia tích cực trong công tác đối ngoại quốc phòng.
Trong bài phát biểu, đại tướng Phan Văn Giang đã đề nghị trong bối cảnh mới, thanh niên Quân đội cần thực hiện tốt ""Hai xung kích"" và ""Hai sẵn sàng"".
Theo đại tướng, ""Hai xung kích"" trước hết là xung kích trong thực hiện thắng lợi nhiệm vụ chính trị của quân đội. Đây là nhiệm vụ trung tâm, có ý nghĩa quyết định đối với mọi mặt công tác khác.
Để hoàn thành, mỗi cán bộ, đoàn viên, thanh niên phải có bản lĩnh chính trị vững vàng, ý chí quyết tâm cao, luôn trong trạng thái sẵn sàng chiến đấu, nhận nhiệm vụ khó nhất và hoàn thành nhiệm vụ bằng chất lượng tốt nhất.
Anh Bùi Quang Huy chúc mừng Đoàn đại biểu thanh niên Quân đội dự Đại hội Đoàn Thanh niên toàn quốc lần thứ XIII
ẢNH: PHAN LINH
Các cấp ủy, tổ chức Đoàn phải là lực lượng nòng cốt, tổ chức quán triệt và triển khai hiệu quả nghị quyết của Đảng, nhiệm vụ của Quân đội, đồng thời thường xuyên động viên, khích lệ đoàn viên, thanh niên phát huy sức trẻ, tinh thần dám nghĩ, dám làm, dám chịu trách nhiệm.
Xung kích thứ hai là thực hiện thắng lợi các phong trào hành động cách mạng của thanh niên. Đại tướng bày tỏ sự đồng tình khi nhiệm kỳ tới các tổ chức đoàn trong toàn quân xác định phương châm “Ba tiên phong”, “Quyết thắng” và yêu cầu sau đại hội cần sớm cụ thể hóa bằng chương trình hành động rõ ràng, chỉ tiêu cụ thể, tổ chức phát động nghiêm túc và triển khai thực chất để phong trào thực sự đi vào chiều sâu.
Các đại biểu tham dự đại hội
ẢNH: PHAN LINH
Về ""Hai sẵn sàng"", đại tướng nhấn mạnh, trước hết là sẵn sàng nhận và hoàn thành những nhiệm vụ khó, nhiệm vụ mới. Trong bối cảnh thách thức an ninh phi truyền thống gia tăng, diễn biến thiên tai bất thường, thanh niên quân đội càng phải giữ vững chí tiến thủ, không lùi bước trước hiểm nguy, luôn xung kích có mặt ở những nơi gian khó nhất.
Cạnh đó là sẵn sàng đến vùng sâu, vùng xa, nơi biên giới, hải đảo, vùng khó khăn.
""Đây là yêu cầu thuộc về bản chất, truyền thống tốt đẹp của quân đội mà mỗi cán bộ, đoàn viên, thanh niên chúng ta cần phát huy mạnh mẽ hơn nữa"", đại tướng nhấn mạnh."
https://thanhnien.vn/nha-thiet-ke-dua-cam-hung-nam-phuong-hoang-hau-vao-trang-phuc-thi-miss-charm-2025-185251210135234725.htm,Nhà thiết kế đưa cảm hứng Nam Phương hoàng hậu vào trang phục thi Miss Charm 2025,"Với bộ trang phục mang tên Hậu Ấn Kim Hoa, nhà thiết kế Nguyễn Quốc Việt (26 tuổi), sinh sống tại TP.HCM khẳng định hướng đi đưa mỹ thuật cung đình vào thời trang đương đại. Thiết kế dành cho Á hậu Mai Ngô tại phần thi National Costume (Trang phục văn hóa dân tộc) Miss Charm 2025 (Hoa hậu sắc đẹp quốc tế) cho thấy nỗ lực của trong việc chuyển hóa di sản thành ngôn ngữ thị giác mạnh mẽ trên sân khấu quốc tế.","Theo nhà thiết kế, khi nhắc đến Nam Phương hoàng hậu, người ta nhớ đến vị hoàng hậu cuối cùng của triều Nguyễn và cũng là biểu tượng thời trang hiếm có. Bà sở hữu vẻ đẹp hài hòa giữa sự đoan trang Á Đông và tinh thần hiện đại phương Tây. Hoàng hậu cũng góp phần quan trọng trong việc định hình áo dài hiện đại với cổ cao, tay dài, phom ôm và chất liệu mềm mại, mang đến vẻ thanh nhã mà vẫn uy nghi.
Việt cho biết nguồn cảm hứng cho Hậu Ấn Kim Hoa xuất phát từ hình ảnh Hoàng hậu trong chuyến công du châu Âu năm 1939. Khi xuất hiện trước phái đoàn quốc tế trong đại triều phục đỏ thêu rồng phượng và đội khăn vành cung đình, bà thể hiện phong thái điềm đạm và bản lĩnh văn hóa. Với Việt, đó là khoảnh khắc tiêu biểu cho sự giao thoa Đông - Tây đầy tự tin, xứng đáng trở thành tinh thần chủ đạo của thiết kế.
Bản vẽ của Hậu Ấn Kim Hoa
ẢNH: NVCC
Từ hình tượng ấy, Việt muốn gửi gắm thông điệp về vẻ đẹp của người phụ nữ Việt Nam: thanh lịch, tự chủ và giàu tri thức. Theo anh, trí tuệ chính là nét đẹp bền vững nhất, còn lòng nhân ái và bản lĩnh là sức mạnh mềm tạo nên phẩm giá của phụ nữ Việt qua nhiều thế hệ.
Để chuyển tải tinh thần cung đình vào thời trang, Việt lựa chọn việc mô phỏng kỹ nghệ sơn son thếp vàng, vốn dành cho kiến trúc và mỹ thuật truyền thống. Thách thức lớn nhất là biến một chất liệu cứng, nặng, dễ tổn hại thành bề mặt linh hoạt có thể chuyển động theo cơ thể người mẫu. Bộ trang phục được thực hiện trong hơn 700 giờ, từ khâu dựng phom, chuyển họa tiết đến hoàn thiện. Trong đó, công đoạn thếp vàng đòi hỏi sự tỉ mỉ tuyệt đối, bởi chỉ một sai sót nhỏ cũng ảnh hưởng đến toàn bộ bề mặt.
Á hậu Mai Ngô trong thiết kế Hậu Ấn Kim Hoa, với kỹ thuật mô phỏng sơn son thếp vàng được xử lý theo hướng hiện đại.
ẢNH: NVCC
Theo Việt, kiến trúc cung đình Huế được đưa vào bộ trang phục theo bố cục mô phỏng Điện Thái Hòa. Các lớp họa tiết long vân, hồi văn, triện văn, hoa sen, mai, cúc, mẫu đơn và những hình tượng linh thú như kim quy được sắp xếp theo trật tự từ trên xuống dưới, từ trong ra ngoài. Những họa tiết này được trích xuất từ tư liệu khảo sát trực tiếp tại Đại Nội Huế, bảo đảm giữ đúng tinh thần mỹ thuật cung đình.
Để Hậu Ấn Kim Hoa vừa mang giá trị lịch sử vừa phù hợp với sân khấu quốc tế, Việt giữ tinh thần Nhật Bình và mỹ thuật vàng son triều Nguyễn nhưng xử lý theo hướng hiện đại. Phom dáng được nới rộng để tạo hiệu ứng thị giác mạnh khi trình diễn. Kết cấu nhiều lớp giúp trang phục có chiều sâu trong chuyển động. Họa tiết được tinh chỉnh sắc nét, sử dụng ánh kim mạnh để bắt sáng. Mấn và áo ngoài mang tính điêu khắc, tạo nên silhouette vương giả nhưng không nặng nề.
Chi tiết trang phục được thực hiện thủ công, thể hiện kỹ nghệ và tinh thần mỹ thuật cung đình Việt Nam.
ẢNH: NVCC
“Á hậu Mai Ngô được xem là người truyền tải trọn vẹn tinh thần của thiết kế. Phong thái quyết đoán, nội lực và sự tự tin giúp cô thể hiện vẻ đẹp quyền quý mà hiện đại. Cấu trúc táo bạo của bộ trang phục, cùng chiếc mấn và tay áo phồng, tạo nên điểm nhấn mạnh trên sân khấu, giúp cô nổi bật giữa dàn thí sinh quốc tế”, Việt chia sẻ.
Với Hậu Ấn Kim Hoa, Nguyễn Quốc Việt đánh dấu bước phát triển quan trọng trong sự nghiệp. Từ thành công của Chiếu Cà Mau(trang phục cho Hoa hậu Ngọc Châu thi Miss Universe 2022), anh chuyển sang một hướng tiếp cận chiến lược hơn, không chỉ kể chuyện văn hóa mà còn tạo nên tuyên ngôn về bản sắc và quyền lực mềm Việt Nam.
Nhà thiết kế Nguyễn Quốc Việt
ẢNH: NVCC
Theo nhà thiết kế, đưa chất liệu văn hóa Việt vào thời trang không chỉ là xu hướng mà còn là trách nhiệm. “Khi làm việc với di sản, nhà thiết kế không đơn thuần sáng tạo mà đang kể lại câu chuyện của nhiều thế hệ bằng ngôn ngữ mới”, Việt nói.
Với Hậu Ấn Kim Hoa, Việt sử dụng gấm dệt vân mây vàng, lụa tơ tằm Bảo Lộc, organza xử lý thủ công kết hợp kỹ thuật sơn son thếp vàng để vừa tôn trọng di sản vừa thể hiện tinh thần thời đại.
Theo Việt, thiết kế này là lời khẳng định về vẻ đẹp quyền lực và tinh hoa thủ công của văn hóa Việt. Anh kỳ vọng thông qua hành trình của Mai Ngô tại Miss Charm 2025, khán giả quốc tế sẽ nhớ đến Việt Nam bằng một câu chuyện văn hóa súc tích, mạnh mẽ và đầy kiêu hãnh."
https://thanhnien.vn/tu-cau-be-hoat-dong-bi-mat-den-trung-tuong-cau-chuyen-khien-ai-cung-lang-nguoi-185251209153848746.htm,Từ cậu bé hoạt động bí mật đến trung tướng - câu chuyện khiến ai cũng lặng người,"Có những con người đã lặng lẽ hiến dâng cả tuổi trẻ của mình để đất nước có được hòa bình hôm nay. Họ không chỉ đi qua chiến tranh bằng máu và nước mắt, mà còn bằng một niềm tin sắt đá vào độc lập, tự do và con đường mà Tổ quốc đã chọn.","Một trong những con người đặc biệt ấy là Anh hùng lực lượng vũ trang nhân dân, trung tướng Châu Văn Mẫn - người chiến sĩ từ tuổi 16 đã bước chân vào con đường cách mạng, trải qua tù đày khốc liệt, đứng vững trước mọi tra tấn, rồi sau giải phóng tiếp tục cống hiến âm thầm trong lực lượng Công an nhân dân.
Chuyên mục ""Những câu chuyện thời hoa lửa"", do T.Ư Đoàn TNCS Hồ Chí Minh chỉ đạo, BáoThanh Niênthực hiện sẽ giao lưu trực tuyến đặc biệt với trung tướng,Anh hùng lực lượng vũ trang nhân dân Châu Văn Mẫn, một nhân chứng sống của lịch sử và là biểu tượng của tinh thần kiên trung, bất khuất.
Sinh ra tại vùng đất Quảng Nam – nơi sản sinh biết bao người con trung dũng kiên cường – ông Châu Văn Mẫn đã sớm thấm nhuần tinh thần yêu nước. Mới 16 tuổi, ông trở thành cán bộ cơ sở trong vùng địch, xây dựng lực lượng bí mật, rồi thu thập tài liệu, thông tin báo ra ngoài. Ở cái tuổi người ta chỉ vừa kịp mơ về tương lai, ông đã phải đối diện với hiểm nguy, với những phút giây cận kề sinh tử. Cuộc đời ông là những bước chân băng rừng, vượt suối, luồn qua những trận càn, đối diện với những trận đánh mà bom đạn luôn có thể cướp đi mạng sống bất cứ lúc nào.
Ông bị địch bắt trong một chuyến công tác và trải qua những tháng ngày tù đày khốc liệt ở Buôn Ma Thuột rồi Côn Đảo. Nhưng chính trong những năm tháng ấy, ý chí của ông càng trở nên sắt đá hơn. Không gì có thể khuất phục một trái tim đặt trọn niềm tin vào lý tưởng cách mạng.
Sau ngày giải phóng, ông không chọn cuộc sống an nhàn. Ông tiếp tục lao mình vào một mặt trận mới – giữ gìn bình yên cho Tổ quốc. Từ vị trí Giám đốc Công an tỉnh cho đến khi được điều động lên Trung ương, giữ chức Phó Tổng cục trưởng Tổng cục Xây dựng lực lượng Công an nhân dân – Bộ Công an, rồi được phong quân hàm trung tướng, ông vẫn luôn âm thầm cống hiến, đặt lợi ích nhân dân lên trên hết. Con đường gần cả đời người của ông là sự kết nối xuyên suốt: từ thời hoa lửa đến thời bình, từ chiến trường đến hậu chiến, từ gian khổ đến trách nhiệm.
Buổi giao lưu trực tuyến lần này không chỉ là dịp để thế hệ trẻ được gặp gỡ và trò chuyện cùng một vị tướng anh hùng, mà còn là cơ hội để mỗi người trong chúng ta được lắng nghe những bài học sống quý báu: về lòng yêu nước, về sự trung kiên, về bản lĩnh của người cộng sản, về giá trị của cống hiến thầm lặng và trách nhiệm với cộng đồng.
Trong thời đại số, khi cuộc sống thay đổi từng ngày, những câu chuyện của ông sẽ như những ""ngọn lửa"" thắp sáng trong mỗi người trẻ tinh thần vươn lên, sống tử tế, sống có trách nhiệm, biết trân trọng hòa bình và biết cách đóng góp cho đất nước theo cách của mình.
Buổi giao lưu diễn ra lúc 14 giờ hôm nay tại thanhnien.vn, FacebookThanh Niên, YouTubeThanh Niênvà TikTokThanh Niên. Đồng hành buổi giao lưu còn có hai bạn trẻ:Sẩm Pí Diệu, Tài năng trẻ TP.HCM năm 2024, Ủy viên Ban Chấp hành chi Đoàn 25A02, Khoa Công nghệ thông tin Trường ĐH Khoa học tự nhiên, ĐH Quốc gia TP.HCM vàLương Bảo Trân, Ủy viên Ban Chấp hành Đoàn trường, Bí thư Đoàn khoa Du lịch và Khách sạn Trường Đại học Ngoại ngữ - Tin học TP.HCM.
Hãy cùng theo dõi buổi giao lưu để lắng nghe, để suy ngẫm, và để tìm thấy cho chính mình một phần cảm hứng từ những con người đã đi qua thời hoa lửa bằng tất cả sức mạnh của lòng yêu nước."
https://thanhnien.vn/su-that-ve-cau-chuyen-dan-ong-lam-gi-co-do-cu-185251209171803183.htm,Sự thật về câu chuyện đàn ông làm gì có đồ cũ?,"Từ khi xuất hiện tình huống quần áo cứu trợ đồng bào vùng lũ đa phần của chị em phụ nữ, thì câu chuyện về tủ đồ của cánh mày râu được quan tâm nhiều.","Nhiều người nói vui rằng ""đàn ông làm gì có đồ cũ""; không ít cánh mày râu cũng cho biết thậm chí một năm họ còn không sắm quần áo lần nào…
Trước câu chuyện thời gian gần đây mọi người nói vui rằng ""đàn ông làm gì có đồ cũ"", anh Nguyễn Tấn Đạt, ngụ trên đường Lý Thái Tổ, P.Bàn Cờ, TP.HCM, cũng thừa nhận: ""Đúng là không có đồ cũ theo kiểu ""cũ người mới ta"". Do đồ nào của đàn ông mà cũ thì đồng nghĩa với việc không còn sử dụng được nữa"".
Lý giải về điều này, anh Đạt nói: ""Thói quen mua sắm của đàn ông theo tôi thì thiên về chủ nghĩa công năng và thay thế. Giải thích tại sao quần áo cứu trợ lũ lụt thường là đồ nữ vì đối với nam giới, việc mua sắm chỉ là ""nhiệm vụ"" khi món đồ cũ đã hỏng hoặc rách, không bị chi phối bởi xu hướng. Khái niệm ""đồ cũ"" là đồ không còn khả năng sử dụng cơ bản, chứ không phải đồ lỗi mốt"".
Nhiều cánh mày râu thừa nhận rằng họ làm biếng trong việc đi mua sắm, dẫn đến áo quần cũng sẽ không nhiều như chị em phụ nữ
ẢNH: H.N
Theo anh Đạt, tính thực dụng này dẫn đến việc ""bóc lột"" quần áo đến tận cùng giá trị. ""Một món đồ có vòng đời phục vụ bền bỉ, từ đồ mặc đẹp ra ngoài, hạ cấp thành đồ mặc nhà, sau đó biến thành đồ lao động bụi bặm, và cuối cùng, được tận dụng triệt để thành giẻ lau trước khi bị loại bỏ. Sự ""tận hiến"" này thể hiện sự tiết kiệm, đơn giản và tôn trọng tối đa giá trị sử dụng của vật chất"", anh Đạt hài hước.
Là giám đốc một công ty khởi nghiệp về công nghệ, anh Trần Khôi Nguyên (ngụ tại Q.11 cũ, TP.HCM) cũng thừa nhận rằng tủ đồ của mình rất giản đơn: quần tây, kaki; áo sơ mi hoặc áo thun.
Theo anh Nguyên phần đông cánh mày râu đều như vậy. ""Thường thì tụi mình sẽ rất làm biếng trong việc chọn lựa quần áo, kể cả chọn đồ để mặc mỗi ngày hoặc chọn lúc mua sắm. Nên thường chỉ đi mua khi hết đồ để mặc. Và đặc biệt là mình chỉ mua áo với quần một đến hai loại cơ bản như sơ mi với polo; một vài màu đơn sắc cơ bản như: trắng, đen, xám, xanh đen. Quần thì chỉ kaki với quần tây"", anh Nguyên thú thật.
Đa phần áo quần của đàn ông cũng không đa dạng bằng chị em phụ nữ
ẢNH: NHẬT THU
Anh Nguyên cũng lý giải: ""Đơn giản là dễ phối đồ mỗi sáng, đỡ phải suy nghĩ nhiều. Nên mỗi năm chắc mình chỉ đi sắm đồ tầm 2 lần là nhiều. Còn mình thấy chị em phụ nữ thích đi mua sắm chưa chắc vì muốn mua, mà đôi khi đó là thời gian vui vẻ để lượn lờ ở shop quần áo, xả stress"".
Đó là chia sẻ của anh Nguyễn Văn Hoàng (ngụ tại P.Đông Hòa, TP.HCM). Anh Hoàng kể: ""Mấy năm trước có em gái chưa lấy chồng nên tết về hay mua đồ cho. Hơn năm nay em gái phải lo gia đình nên mình cũng không sắm đồ lần nào. Hơn nữa mình đi làm suốt, công việc tay chân vất vả, đâu cần sắm áo quần đẹp làm gì. Vừa rồi vợ hỏi tết này có cần mua đồ không, mình còn bảo không cần mà. Vì thú thật cũng không có nhu cầu sắm đồ"".
Anh Hoàng cho rằng nói ""đàn ông làm gì có đồ cũ"" thì cũng chưa đúng. ""Vì thực ra là có, nhưng không nhiều và phong phú như chị em phụ nữ thôi"", anh Hoàng nói.
Chị Phan Thị Minh Hằng (ngụ tại đường Nguyễn Thị Búp, P.Tân Thới Hiệp, TP.HCM) thì kể: ""Chồng mình không thích đi mua quần áo. Trước khi lấy vợ còn tự đi mua, cưới nhau về rồi là hơn 6 năm nay quần áo của chồng do mình mua luôn. Chồng mình dễ, mua gì mặc đó, không có ý kiến gì hết"".
Chị Hằng cũng cho rằng các shop quần áo của nam cũng không nhiều bằng của chị em
ẢNH: NHẬT THU
Nói về tần suất mua sắm áo quần cho chồng, chị Hằng chia sẻ hài hước: ""Một năm một lần, vì đi làm có đồng phục công ty, ở nhà thì đồ mặc hoài không hư mà cũng chẳng chật đi, nên cứ thế mà tiết kiệm"".
Nhưng rồi chị đính chính thêm: ""Một năm một lần, nhưng mỗi lần mua là xách nặng. Vì mua một lần xài cả năm"".
Chị Hằng cũng cho biết chồng chị vẫn có đồ cũ, nhưng không nhiều như chị. ""Phụ nữ mình hay phải điệu đà, quần áo rồi váy vóc các kiểu, thành ra lúc nào cũng nhiều đồ hơn đàn ông. Đợt rồi mình cũng có gom được 2 bao đồ để gửi cứu trợ đồng bào lũ lụt miền Trung. Đa phần đồ mới mặc vài lần, hoặc mua về nhưng mặc không vừa; có cả của mình và chồng, nhưng chủ yếu của mình vẫn nhiều hơn"", chị Hằng kể."
https://thanhnien.vn/nguoi-chien-si-mot-mat-khien-sai-gon-thoi-chien-chan-dong-185251209171815162.htm,Người chiến sĩ một mắt khiến Sài Gòn thời chiến chấn động,"Gặp ông Võ Văn Em, tôi không khỏi bất ngờ vì sự giản dị của ông - một Anh hùng Lực lượng vũ trang nhân dân, một cựu tử tù, người từng nằm trong danh sách ""phải bắn"" của chính quyền Việt Nam Cộng hòa và đã trải qua 8 năm 4 tháng 24 ngày trong án tử hình từ Chí Hòa đến Côn Đảo.","Ông kể về quá khứ với giọng trầm, đều và chậm rãi. Tôi càng nghe, càng cảm nhận một sức sống kỳ lạ không gì có thể bẻ gãy.
""Tôi sinh ra ở Củ Chi, lớn lên trongvùng giải phóng"", ông bắt đầu câu chuyện, ánh mắt như nhìn xuyên qua năm tháng. ""Hồi tôi 7 - 8 tuổi, giặc nó bắn giết, đốt nhà, cướp của… nhiều người trong xóm tôi bị giết lắm. Mấy anh tôi đi kháng chiến, gia đình thì nuôi cán bộ. Lớn lên trong vùng như vậy, làm sao không theo cách mạng được"".
Ông kể bằng giọng nhẹ nhàng, nhưng mỗi câu lại là một ký ức. Nhà ông nằm trong ấp Mũi Lớn - một vùng ""đảo"" giữa cánh đồng, nơi địa đạo luồn dưới tre gai, nơi những cuộc họp bí mật của cán bộ thành ủy diễn ra ngay trong khu vườn nhà ông từ khi ông mới 11, 12 tuổi. ""Tôi bị hư một mắt từ nhỏ, nhưng chính nhờ một mắt mà địch ít để ý tới tôi"", ông cười nhẹ, nhưng giọng thì trĩu xuống: ""Tật nguyền vậy chứ tôi mê đọc sách lắm. Sách của cụ Phan Bội Châu, Phan Châu Trinh… đọc rồi thấy thương nước mình, thương dân mình"".
Tôi gợi chuyện: ""Con trai 15 tuổi thời bây giờ còn đang học THCS. Còn hồi đó chú đã đi đánh giặc?"". Ông cười: ""Hồi đó tôi 15 tuổi được kết nạp Đoàn. 16 tuổi thì mấy anh cho vô du kích. Hồi đầu đâu có súng, chỉ được xách trái lựu đạn thôi"". Cách ông kể thật như hơi thở. Lần đầu tiên được giao 2 quả lựu đạn, ông gài ngay trước đồn địch. Khi tiếng nổ vang lên trong đêm, 2 lính địch chết tại chỗ. Đó là trận đánh đầu tiên của chàng thiếu niên gầy gò, một mắt, mới 16 tuổi.
Năm 1963 ông được kết nạp Đảng sau trận đánh lấy được hơn 20 khẩu súng - một chiến công vang dội ở Củ Chi thời đó.
Ông Võ Văn Em(giữa)cùng nhóm phóng viên BáoThanh Niên
ẢNH: NGỌC DƯƠNG
Khi 20 tuổi, ông Em được đưa vào Sài Gòn hoạt động trinh sát vũ trang… Tôi hỏi ông về trận đánh từng khiến báo chí Sài Gòn năm ấy chấn động - vụ ám sát dân biểu, ứng viên Tổng thống Việt Nam Cộng hòa Trần Văn Văn.
Ông ngồi lặng vài giây. Rồi chậm rãi kể bằng giọng trầm đều nhưng ánh mắt sáng lên như vừa nhìn lại những ngày máu lửa. ""Cái trận đó… không dễ đâu. Làm ba bữa mới đánh được"", ông bắt đầu.
Ông kể: Kế hoạch ban đầu là phục kích ở trước căn nhà nơiTrần Văn Vănở. Nhưng ngày thứ nhất, lính Mỹ đứng gác ngay cửa, không thể ra tay. Ngày thứ hai, ông và đồng đội đuổi theo nhưng xe Trần Văn Văn chạy quá nhanh. ""Xe mình là xe 50, súng lại nhỏ xíu, bắn không trúng được"", ông kể và cười.
Đến ngày thứ ba, ông quyết định tạm ngừng: ""Hai ngày rồi, đánh nữa là nó phục kích bắt mình liền"". Nhưng chính ông, với kinh nghiệm bám sát đối tượng, đã nghĩ ra một phương án khác: chặn đầu xe. ""Tôi theo dõi rất kỹ đường đi của Trần Văn Văn, rồi tôi lên phương án"", ông nói.
Sáng hôm đó, ông cùng đồng đội chở nhau đến đường Phan Thanh Giản (nay là đường Điện Biên Phủ). ""Tôi thấy xe chở Trần Văn Văn vừa ra là tôi chạy lên trước, chặn đầu xe để đồng đội bắn"". Sau loạt súng, ông và đồng đội rút. Ngay sau đó diễn ra cuộc rượt đuổi giữa cảnh sát và ông cùng đồng đội trên đường phố. Và rồi một chiếc xe Jeep quân cảnh lao tới, đâm thẳng vào xe Honda của ông. Ông bị hất văng xuống đường. ""Đồng đội tôi rớt cây súng, tôi chụp liền, chĩa vào tụi cảnh sát. Súng còn có một viên đạn"", ông nhớ lại.
""Viên đạn bị lép… tụi nó nhào vô bắt tôi"", ông kể tiếp. Lúc đó đồng đội đã chạy thoát. Và rồi ông bị đánh ngay trên đường, tiếp đó là những tuần lễ tra tấn dã man tại trại giam. Tôi hỏi ông: ""Lúc chặn đầu xe của Trần Văn Văn, chú có sợ không?"". Ông ngẩng lên, nở nụ cười rất nhẹ, rất hiền: ""Sợ hả? Ờ… mình đi đánh là xác định rồi. Không chết thì bị thương, không bị thương thì bị bắt. Chấp nhận trước"". Một câu trả lời bình thản, nhưng bên trong là thép.
Ông Em bị đưa vào phòng thẩm vấn, đối mặt trực tiếp Nguyễn Ngọc Loan - viên tướng khét tiếng của chế độ Việt Nam Cộng hòa. ""Hai tuần lễ, tôi bị đánh chết đi sống lại. Có lúc tôi nghĩ chết luôn thì cũng đỡ. Sống mà chịu đòn kiểu đó chịu không nổi"", ông kể. Thế nhưng, chính trong những thời khắc đau đớn nhất ấy, ông vẫn giữ một điều: không khai, không để lộ tổ chức, không để một ai phải chết vì mình.
Ông kể có lần tướng Nguyễn Ngọc Loan nói với cấp dưới bên ngoài phòng giam ông nghe được: ""Cả đám tụi bây mà không điều tra ra cái thằng Việt Cộng con này. Tụi bây là đồ ăn hại. Đem xử lý nó đi""…
Một lần, sau trận tra tấn kéo dài, lính mở cửa, đặt xuống cho ông một chén cháo trắng. Ông kể: ""Tôi nhìn chén cháo mà cũng sợ - sợ bị bỏ thuốc. Nhưng nghĩ lại, thôi chết cũng được. Thế là ăn. Ăn xong… tôi sống"".
Sau nhiều lần thẩm vấn mà không khai thác được gì từ ông, một lần thẩm vấn viên nói: ""Tao nói mày cái này nè. Cái thằng mướn mày nó là Việt Cộng. Bây giờ mày nói nó là Việt Cộng đi để tao làm hồ sơ. Chứ mày cứ nói lính hoài là tao xử lý mày đó"". Ông trả lời: ""Thì các ông nói Việt Cộng thì là Việt Cộng"".
Và rồi sau khi không khai thác được gì, đối phương lập hồ sơ đưa ông ra tòa, tuyên án tử hình.
Ông Em kể về trận đánh ở nội đô Sài Gòn thời chiến
ẢNH: NGỌC DƯƠNG
Khi ông bước vào phòng tử tù Chí Hòa, đã có hai người trong đó. Họ cũng là tử tù, đều chờ ngày thi hành án. ""Lúc đó, tôi nghĩ chắc mình cũng giống mấy ảnh thôi"", ông kể.
Cuối năm 1967, ông bị đưa ra Côn Đảo. ""Ngay ngày đầu, tôi bị đánh từ trại xuống đến hầm đá, bị lột quần áo, còng suốt ngày đêm. Trong hầm đá chỉ rộng hơn một chiếc hòm, một khe sáng nhỏ xíu làm cửa sổ, tôi nằm nghe tiếng thở của chính mình, nghe sự sống bị bào mòn từng đêm"", ông nhớ lại.
Tôi hỏi: ""Có khi nào chú tuyệt vọng không?"". Ông trả lời với giọng dứt khoát và mạnh lên: ""Không. Nếu mình tuyệt vọng, nó bắt mình theo nội quy. Còn tôi… tôi là Việt Cộng rồi, tôi chống tới cùng"".
Ông kể ở trong khu tử tù, ông vẫn giữ liên lạc bí mật, truyền tin từ ngoài đảo vào từng phòng giam. ""Chính tin tức đó nuôi sống mình. Nuôi niềm tin mình"", ông nói.
Tới ngày 30.4.1975 ông vẫn còn bị còng. Tôi hỏi ông: ""Khoảnh khắc nghe tinđất nước hoàn toàn thống nhất, chú cảm thấy thế nào?"". Ông cười, giọng rưng rưng: ""Mừng đến run người. Người nào trong tù cũng yếu lắm, mà hôm đó đi xông xổng hết. Mở được cái còng ra… như sống lại"".
Ông cùng nhiều người tù rời Côn Đảo, trở về đất liền - trở về từ cõi chết. ""Đầu tiên mình về là dọn bàn thờ của mình"", ông kể.
Trong nhà, giữa phòng khách, gia đình đã lập một bàn thờ cho ông. Họ tin ông đã chết từ lâu. Ông bảo: ""Bàn thờ thì dẹp, nhưng mà tui vẫn để cái hình thờ của tui làm kỷ niệm"".
Vợ ông khi ấy đã có chồng khác, vì gia đình tưởng ông không còn nữa. Con gái ông cũng mất vì bệnh trong thời gian ông bị giam, khi đó ông không được thăm nuôi nên không hề hay biết.
Ông kể bằng giọng hiền hậu, không một lời oán trách: ""Vợ tui lấy chồng khác, chuyện đó không ai muốn. Mình đi, không biết sống chết. Tôi nói: Em cứ sống yên ổn, anh giờ đi… Thôi để anh lập gia đình khác"". Chỉ vài câu nói, nhưng đầy sự bao dung và bình thản của một người đã đi qua cái chết, và hiểu hơn ai hết giá trị của sự sống và hạnh phúc người khác.
Sau đó, ông về công tác ở Q.Bình Thạnh (TP.HCM) trước đây, và cưới vợ. Điều đặc biệt là người vợ mới cũng từng ở tù Côn Đảo. Hai con người từng bị giam cầm ở nơi khắc nghiệt nhất, từng ở trong hầm đá, chuồng cọp, từng bị cùm, từng chứng kiến đồng đội mình bị đánh đến thương tật… cuối cùng gặp nhau giữa đời thường. Họ dựng lại một cuộc sống mới - không ồn ào, không phô trương, nhưng bền chắc như chính ý chí của họ.
Tôi hỏi ông câu mà bất kỳ người trẻ nào cũng muốn nghe từ một người đã đi qua chiến tranh, tù đày và cái chết: ""Chú muốn gửi gắm điều gì cho thế hệ trẻ hôm nay?"". Ông nói: ""Thời tụi tôi yêu nước là cầm súng. Còn bây giờ mấy cháu yêu nước bằng học tập, bằng sống tử tế, bằng tin vào Đảng, tin vào nhân dân"". Ông dừng một chút rồi nói: ""Thanh niên phải có niềm tin để vươn lên. Phải tin rằng mình có thể làm được, có thể vượt qua bất kỳ hoàn cảnh nào""…
Rời nhà ông, tôi không quên được bàn tay gầy guộc, không quên giọng nói trầm đều của người từng đi qua bóng tối tử tù. Và không quên ánh mắt còn lại duy nhất - nhưng sáng hơn rất nhiều đôi mắt của những người chưa từng bước qua hiểm nguy."
https://thanhnien.vn/nhung-cau-chuyen-thoi-hoa-lua-tieng-hat-tu-tu-bai-tho-tu-nguc-tu-tu-chi-hoa-185251120193437551.htm,Những câu chuyện thời hoa lửa: Tiếng hát tử tù - Bài thơ từ ngục tử tù Chí Hòa,"Ở tuổi 89, ông vẫn nhớ rõ từng giờ, từng ngày trong ngục tù. Người từng bị tuyên án chết giữa thời thanh xuân, nhưng không gục ngã, không cầu xin ân xá. Ông đã cùng đồng đội hát lên hành khúc giải phóng sau khi bị tòa án chính quyền Sài Gòn tuyên án tử hình.","Cựu tử tù Lê Quang Vịnh là chứng nhân đặc biệt của một thờituổi trẻVN dám sống, dám tin và dám hiến cả đời mình cho lý tưởng.
Ông Lê Quang Vịnh kể lại những năm tháng đấu tranh bị địch bắt
ẢNH: NGỌC DƯƠNG
Sinh năm 1936 tại Huế, ông Lê Quang Vịnh lớn lên trong một gia đình trí thứcyêu nước. Khi mới 14 tuổi, cậu thiếu niên gầy gò ấy chứng kiến cha mình bị lính Pháp bắn chết. Bi kịch ấy trở thành dấu mốc mở đầu cho hành trìnhcách mạngsuốt đời.
Ngồi lặng nghe ông kể, nhìn ông - người đã đi qua gần một thế kỷ - kể về ngày thơ ấu mà giọng vẫn rắn rỏi: ""Chính từ hôm đó (tức ngày chứng kiến cha bị lính Pháp bắn chết -NV), tôi biết mình sẽ đi con đường cách mạng, dù có phải đánh đổi cả đời"".
Năm 1950, ông tham gia phong trào học sinh kháng chiến ở Huế, rải truyền đơn, viết khẩu hiệu phản đối chính quyền bảo hộ. ""Hồi ấy chúng tôi chỉ có giấy, mực và cách in bột. Nhưng mỗi dòng chữ viết ra đều có thể đổi bằng mạng sống"", ông nói, rồi kể tiếp: ""Bị bắt, bị giam 7 tháng trong nhà lao Phủ Thừa, nhưng tôi vẫn không sợ. Ra tù, tôi lại tiếp tục"".
Sau Hiệp định Genève năm 1954, theo sự giới thiệu của một người thầy, ông được kết nạp vào tổ chức thanh niên cách mạng bí mật bên bờ sông Hương. ""Họp đêm, đốt đuốc, bàn chuyện nước nhà. Ai cũng trẻ, ai cũng tin rằng đất nước sẽ thống nhất"", ông mỉm cười nhẹ, ánh mắt xa xăm.
Ông Lê Quang Vịnh kể lại những năm tháng đấu tranh bị địch bắt
ẢNH: NGỌC DƯƠNG
Từ năm 1954 đến 1957, ông liên tiếp bị bắt, bị cấm hoạt động chính trị tại Huế vì tham gia BáoNgày Mai- một ấn phẩm cách mạng đấu tranh đòi hiệp thương thống nhất đất nước. Khi ra tù, ông rời Huế vào Sài Gòn, mang theo khát vọng tiếp tục con đường dở dang. Giữa Sài Gòn hoa lệ cuối thập niên 1950, ở tuổi 24, ông tốt nghiệp thủ khoa Trường ĐH Sư phạm Sài Gòn (khoa Toán), đồng thời nhận bằng cử nhân giáo khoa toán học của Trường ĐH Khoa học Sài Gòn.
Tôi hỏi: ""Lúc đó ông nghĩ mình sẽ đi dạy, chứ chưa hẳn làm cách mạng?"". Ông cười: ""Tôi dạy học cũng là để làm cách mạng thôi. Cách mạng trong tư tưởng, trong lớp học"". Không dừng lại ở đó, ông còn ghi danh học thêm luật khoa và văn khoa. ""Chủ yếu để kết nối sinh viên nhiều trường, tạo mạng lưới phong trào trong lòng đô thị"", ông nói. Nhờ thành tích học tập xuất sắc, ông được quyền chọn trường dạy. Và trường trung học danh giá nhất miền Nam lúc ấy - Pétrus Ký Sài Gòn (nay là Trường THPT chuyên Lê Hồng Phong, TP.HCM) đã chào đón ông.
Năm 1961, theo yêu cầu của Khu ủy, Giáo sư Lê Quang Vịnh rời Sài Gòn, ra căn cứ của Khu đoàn Sài Gòn - Gia Định để chuẩn bị thoát ly. ""Hồi đó, tôi viết một bản báo cáo gửi sinh viên quốc tế, tổng kết phong trào học sinh, sinh viên miền Nam chống Mỹ - Diệm. Viết xong, chưa kịp gửi, thì địch tập kích"", ông kể.
Ngày 24.5.1962, Tòa án Sài Gòn tuyên án tử hình đối với Lê Quang Vịnh và một số đồng đội. Ông nhớ lại: ""Lúc đó là 00 giờ 10 phút. Anh em chúng tôi đứng cả dậy hô: Đả đảo luật pháp phát xít miền Nam. Bọn lính nhào tới đánh, kéo lê chúng tôi xuống cầu thang và đẩy lên xe. Chúng tôi bắt đầu hát:Vùng lên, nhân dân miền Nam anh hùng…Hát để chứng minh rằng mình không sợ"". Giữa bạo lực và cái chết, những người thanh niên ấy đã chọn hát thay vì khóc, chọn ngẩng cao đầu thay vì khuất phục. Đó không chỉ là hành động phản kháng, mà là lời tuyên ngôn của cả một thế hệ - thế hệ tin rằng chết cho lý tưởng là sống trọn với Tổ quốc.
Báo chí đưa tin về phiên tòa quân sự của chính quyền Sài Gòn tuyên án tử hình ông Lê Quang Vịnh(thứ 3 từ trái sang)và đồng đội
ẢNH: TƯ LIỆU
Ông kể: ""4 tử tù chúng tôi bị đưa đến trại giam Chí Hòa và nhốt riêng từng người, mỗi người trong một phòng giam nhỏ nằm trong một khu mà về sau mới biết là ngục tử tù sắp bị hành quyết. Tuy bị nhốt trong 4 phòng cách biệt nhau, nhưng mỗi buổi sáng tôi vẫn được dẫn xuống tắm giặt chung ở một sân đất rộng có giếng nước nằm bên cạnh, nên chúng tôi vẫn liên hệ được với nhau. Vả lại, khi cần trao đổi, tôi cứ nói lớn tiếng thì các anh ở phòng bên cũng nghe được"".
Nửa tháng sau, đại tá Lê Văn Khoa - Ủy viên chính phủ của chính quyền Sài Gòn - vào tận ngục tử tù đưa cho ông cây viết và tờ giấy, thuyết phục ông làm đơn xin Tổng thống Ngô Đình Diệm ân xá. Ông kể: ""Ông Khoa nói: Tổng thống không hiểu tại sao một người thành đạt như anh lại theo Cộng sản. Chỉ những kẻ thất bại mới làm thế"". Thế nhưng ông đáp gọn: ""Tôi không bao giờ xin những kẻ không đáng xin"".
Câu nói ấy về sau trở thành biểu tượng của lòng kiên trung. Ông kể đêm hôm đó, ông không ngủ. Trong ngục Chí Hòa, từ tờ giấy và cây bút ông Khoa đưa, ông viết liền một mạch bài thơTiếng hát tử tù- và rồi bài thơ đã vượt khỏi bốn bức tường…
Một đêm gần sáng, khi đang bị biệt giam, ông nghe tiếng động nhẹ ở khe cửa. Một cuộn giấy nhỏ bọc ni lông được đẩy vào. Bên trong là mảnh thư: ""Đả đảo Mỹ - Diệm giết hại người yêu nước. Có gì cần nhắn gởi ra ngoài đời, cứ viết và gói lại như thế này, nhất định sẽ đến đúng nơi"". Ông kể rằng ban đầu ông ngờ là bẫy gián điệp, nhưng rồi vẫn quyết định viết bài thơTiếng hát tử tù, bọc kín, đẩy ra ngoài.
Trong ngục tử tù Chí Hòa, ông bị giam trong căn phòng bít kín, nhưng ông không tuyệt vọng. ""Ở đó, tôi thấy lòng mình bình yên lạ lùng. Bình yên của người đã hiểu vì sao mình sống, và nếu phải chết, thì cũng phải chết cho xứng đáng"", ông bộc bạch.
Và rồi ông kể, thời gian trôi, ông không bị hành quyết mà bị đày ra Côn Đảo, sống gần 3 năm trong Khu Tử hình gọi là ""Khu Tu dưỡng"". Ở đó, ông gặp những đồng chí mới bị bắt, được nghe họ kể lại rằng bài thơTiếng hát tử tùđã lan khắp nơi. Khi ấy, ông mới biết bài thơ mình viết trong đêm tối đã trở thành lời hiệu triệu của tuổi trẻ VN. ""Người ta có thể xiềng chân tay, nhưng không thể xiềng được ý chí. Tôi nghĩ chính niềm tin đã giữ cho mình sống sót, chứ không phải may mắn"", ông nói với giọng mạnh mẽ.
Năm tháng sau chiến tranh, Lê Quang Vịnh trở lại đời sống thường dân - giản dị, trầm tĩnh, ít nói về mình. Ông làm công tác giáo dục, công tác thanh niên, rồi nghiên cứu, nhưng vẫn sống như người thầy cũ của bao thế hệ - kiên nhẫn, hiền hậu, nguyên tắc. Giờ đây, khi tuổi đã 89, trí nhớ ông vẫn trong trẻo. Ông kể lại những ngày bị bắt, bị tra khảo, bị lưu đày như thể chỉ vừa xảy ra hôm qua. ""Cái đáng sợ nhất không phải là cái chết, mà là khi người ta mất niềm tin. Tôi không sợ chết, vì đã chọn con đường đúng"", ông khẳng định.
Trong căn hộ chung cư, chúng tôi ngồi nghe ông đọc lại vài câu thơ năm xưa - giọng vẫn rõ, từng chữ vang và mạnh: ""Tôi đi trên đường Marx - Lenin/Theo ánh sáng Hồ Chí Minh rực rỡ…"". Đó không chỉ là lời thơ, mà là lời sống, được viết bằng tuổi trẻ và niềm tin.
Hơn 6 thập niên đã qua nhưng ông vẫn nhớ từng từ bài thơTiếng hát tử tùviết trong ngục tử tù Chí Hòa. Nhìn ông nói, đôi mắt sáng nhưng hiền, người ta cảm nhận rõ ràng: đằng sau khuôn mặt bình dị ấy là một bản lĩnh phi thường - bản lĩnh của người từng đi qua lằn ranh giữa sự sống và cái chết, nhưng vẫn giữ nụ cười nguyên vẹn.
Câu chuyện của ông Lê Quang Vịnh không chỉ là hồi ức của một người từng bị kết án tử hình. Đó là câu chuyện về niềm tin, khí phách và lòng trung thành với lý tưởng cách mạng. Giữa bóng tối ngục tù, ông có niềm tin vững chắc rằng ngày mai đất nước sẽ tự do. Giờ đây, khi ông đã gần 90 tuổi,Tiếng hát tử tùvẫn còn trong ký ức nhiều thế hệ - như ngọn lửa không tắt của một thời hoa lửa.
Một người có thể bị giam, bị đày, bị tuyên án tử hình nhưng lý tưởng thì không bao giờ bị chôn vùi. ""Tôi sẵn sàng hiên ngang lên máy chém/Hai chữ vàng Cách Mạng chói trong tim…"" (tríchTiếng hát tử tù).(còn tiếp)"
https://thanhnien.vn/bi-thu-thu-nhat-tu-doan-tiep-doan-dai-bieu-lien-bang-nga-185251209163855358.htm,Bí thư thứ nhất T.Ư Đoàn tiếp đoàn đại biểu Liên bang Nga,"Tại buổi tiếp, anh Bùi Quang Huy bày tỏ niềm vinh dự khi Đoàn đại biểu Lớp bồi dưỡng cán bộ cấp cao của Liên bang Nga đến thăm và làm việc, giao lưu chuyên đề với T.Ư Đoàn TNCS Hồ Chí Minh.","Chiều 9.12, tại trụ sởT.Ư Đoàn, anh Bùi Quang Huy, Ủy viên dự khuyết T.Ư Đảng, Phó chủ tịch Ủy ban T.Ư MTTQ Việt Nam, Bí thư thứ nhất T.Ư Đoàn, đã có buổi tiếp và làm việc với Đoàn đại biểu Lớp bồi dưỡng cán bộ cấp cao Liên bang Nga.
Đoàn đại biểu do bàNatalia Shafinskaya, Vụ trưởng Vụ Hợp tác quốc tế, Học viện Kinh tế quốc dân và hành chính công trực thuộc Tổng thốngLiên bang Nga(RANEPA), làm trưởng đoàn.
Anh Bùi Quang Huy tặng quà Đoàn đại biểu Lớp bồi dưỡng cán bộ cấp cao Liên bang Nga
ẢNH: XUÂN TÙNG
Cùng dự có PGS-TS Nguyễn Mạnh Hùng, Phó giám đốc Học viện Chính trị quốc gia Hồ Chí Minh, Phó chủ tịch Hội đồng Lý luận T.Ư; chị Nguyễn Phạm Duy Trang, Bí thư T.Ư Đoàn, Chủ tịch Hội đồng Đội T.Ư.
Tại buổi tiếp, anh Bùi Quang Huy bày tỏ vinh dự khi Đoàn đại biểu Lớp bồi dưỡng cán bộ cấp cao Liên bang Nga đến thăm và làm việc, giao lưu chuyên đề với T.Ư Đoàn TNCS Hồ Chí Minh.
Anh  Bùi Quang Huy khẳng định mối quan hệ thân thiết giữa T.Ư Đoàn và các đối tác Nga như Đội Cận vệ trẻ Đảng nước Nga thống nhất, Đoàn Thanh niên Cộng sản Lê nin và Cơ quan Liên bang Nga về công tác thanh niên.
Đặc biệt, hai bên đang tích cực chuẩn bị ký kết biên bản hợp tác giai đoạn 2025 - 2030 vào cuối năm nay, đánh dấu bước phát triển mới trong quan hệ thanh niên hai nước.
Đoàn đại biểu Lớp bồi dưỡng cán bộ cấp cao Liên bang Nga nghe báo cáo chuyên đề tại T.Ư Đoàn
ẢNH: XUÂN TÙNG
BàNatalia Shafinskayađánh giá cao kinh nghiệm của Việt Nam trong công tác quản lý và đoàn kết, tập hợp thanh niên, coi đây là những bài học quý báu mà phía Nga mong muốn tham khảo trong bối cảnh thách thức toàn cầu hiện nay.
Trong khuôn khổ chương trình, chị Nguyễn Phạm Duy Trang đã trao đổi với đoàn đại biểu chuyên đề ""Tuyên giáo, dân vận, đạo đức cho giới thanh thiếu niên. Kinh nghiệm của Việt Nam"".
Chị Nguyễn Phạm Duy Trang trao đổi chuyên đề với đoàn đại biểu Liên bang Nga
ẢNH: XUÂN TÙNG
Chị Nguyễn Phạm Duy Trang đã phác họa bức tranh toàn cảnh về thanh niên Việt Nam hiện nay, với sự nhạy bén về công nghệ và tư duy đổi mới.
Đồng thời, chuyên đề làm rõ các chủ trương, chính sách của Đảng, Nhà nước và luật Thanh niên. Qua đó, khẳng định vai trò nòng cốt của Đoàn TNCS Hồ Chí Minh trong việc giáo dục, định hướng lý tưởng và hỗ trợ thanh niên phát triển toàn diện, sẵn sàng hội nhập quốc tế.
Kết thúc chuyên đề, chị Nguyễn Phạm Duy Trang mong muốn thông qua những hoạt động giao lưu, hợp tác sẽ thúc đẩy mối quan hệ thanh niên hai nước ngày càng phát triển."
https://thanhnien.vn/thanh-nien-ha-tinh-phu-xanh-lai-rung-phong-ho-sau-bao-lu-185251209101726157.htm,Thanh niên Hà Tĩnh phủ xanh lại rừng phòng hộ sau bão lũ,"Để phủ xanh lại rừng phòng hộ bị bão lũ tàn phá, tuổi trẻ Hà Tĩnh đã đồng loạt ra quân trồng lại cây xanh thay thế, thể hiện trách nhiệm của người trẻ với thiên nhiên, môi trường.","Những ngày qua, Đoàn Thanh niên xã Thạch Khê (tỉnhHà Tĩnh) phối hợp với chính quyền và người dân địa phương đồng loạt ra quân trồng cây xanh tại khu vựcrừng phòng hộven biển. Khu rừng này trước đây được phủ xanh bằng cây phi lao có chức năng chắn sóng, chắn cát cho làng biển, nhưng đã bị ""xoá sổ"" sau các đợt mưa bão.
Đoàn Thanh niên xã Thạch Khê ra quân trồng lại rừng phòng hộ
ẢNH: PHẠM ĐỨC
Chị Nguyễn Thị Trang, Phó bí thư Đoàn Thanh niên xã Thạch Khê, cho biết những năm qua, Hà Tĩnh chịu ảnh hưởng của một số cơn bão đổ bộ trực tiếp vào địa bàn gây thiệt hại nặng nề, trong đó có rừng phòng hộ ven biển của xã. Đặc biệt, cơn bão số 10 hồi cuối tháng 9 vừa qua đã phá tan hoang nhiều diện tích rừng phòng hộ trên địa bàn.
""Trước tình hình cấp thiết và hưởng ứng Chiến dịchtình nguyện mùa Đông, Đoàn xã phối hợp với chính quyền địa phương đã huy động lực lượng khẩn trương tái trồng hàng nghìn cây xanh trên toàn địa bàn, đặc biệt là ở khu vực rừng phòng hộ ven biển. Đây được xem là một trong những đợt trồng phục hồi rừng quy mô lớn nhất của địa phương trong nhiều năm gần đây"", chị Trang nói.
Lãnh đạo xã Thạch Khê cùng đoàn viên, thanh niên trồng cây tại rừng phòng hộ ven biển
ẢNH: PHẠM ĐỨC
Những ngày qua, hơn 50đoàn viên, thanh niênxã Thạch Khê cùng cán bộ xã, thôn và người dân chia thành từng nhóm đồng loạt ra quân phủ xanh lại rừng phòng hộ. Những cây xanh được trồng thay thế lần này gồm thông, phi lao, bạch đàn khuynh diệp, tre thuồng luồng và nhiều loại cây chịu hạn khác phù hợp với đất cát ven biển.
Tại các tuyến đường và khu dân cư ở xã Thạch Khê, nhiều loại cây xanh cũng được trồng mới nhằm sớm khôi phục lại cảnh quan sau bão.
Hàng nghìn cây xanh đã được tuổi trẻ xã Thạch Khê phủ xanh tại rừng phòng hộ
ẢNH: PHẠM ĐỨC
Ông Trần Quang Hưng, Chủ tịch UBND xã Thạch Khê, cho hay đợt ra quân lần này có sự hỗ trợ giống cây từ lãnh UBND tỉnh Hà Tĩnh. Hoạt động không chỉ hướng đến mục tiêu tái tạo môi trường mà còn thể hiện tinh thần đoàn kết và ý thức bảo vệ hệ sinh thái sau thiên tai của thế hệ trẻ và người dân địa phương.
Những ngày qua, Đoàn Thanh niên xã Lộc Hà (tỉnh Hà Tĩnh) cũng đồng loạt ra quân trồng lại rừng thông phòng hộ trên núi Tiên Am thuộc di tích lịch sử văn hóa cấp quốc gia chùa Chân Tiên.
Đoàn Thanh niên xã Lộc Hà trồng thông tại rừng phòng hộ thuộc khu di tích chùa Chân Tiên
ẢNH: PHẠM ĐỨC
Theo anh Tô Văn Hiếu, Bí thư Đoàn xã Lộc Hà, bão số 5 và bão số 10 vừa qua đổ bộ đất liền Hà Tĩnh đã quật gãy nhiều cây thông nhiều năm tuổi trên rừng phòng hộ, khiến cảnh quan khu di tích chùa Chân Tiên bị ảnh hưởng.
Với trách nhiệm của tuổi trẻ, đoàn viên, thanh niên xã Lộc Hà đã trồng thay thế hàng trăm cây thông với hy vọng màu xanh sẽ sớm trở lại trên cánh rừng phòng hộ tại di tích."
https://thanhnien.vn/ban-tre-mac-do-dong-giua-troi-30-do-185251208195647933.htm,Bạn trẻ mặc đồ đông giữa trời 30 độ,"Dù mới đầu tháng 12, nhiều quán cà phê và cửa hàng ở trung tâm TP.HCM đã rực rỡ không khí Giáng sinh. Trời nắng hơn 30 độ nhưng giới trẻ vẫn hào hứng diện áo len, boots hay khăn choàng để lên hình đúng không khí mùa đông.","Tại các khu vực trung tâm hay những tọa độ giới trẻ quen thuộc như Thảo Điền, Phú Nhuận, sắc đỏ xanh trắng của mùa Giáng sinh đã phủ kín nhiều quán cà phê và cửa hàng từ cuối tháng 11. Tuy mới bước sang tuần đầu tháng 12, không ít địa điểm đã đông nghịt khách trẻ đến chụp ảnh, không khí rộn ràng chẳng kém những ngày sát Noel.
Bạn trẻ rộn ràng check-in Noel sớm ngay từ đầu tháng 12
ẢNH: BÙI QUỐC HOÀNG
Để đón làn sóng check-in sớm, các chủ quán đồng loạt khởi động trang trí trước cả khi vào mùa lễ. Từ những tiệm cà phê cho đến các thương hiệu lớn đều sẵn sàng chi đậm, thậm chí lên tới hàng trăm triệu đồng để biến không gian quán thành ""thị trấn mùa đông"" giữa lòng TP.HCM. Không ít địa điểm ghi nhận lượng khách tăng rõ rệt ngay trong tuần đầu tháng 12, đặc biệt là nhóm bạn trẻ đi săn góc chụp và trải nghiệm không khí lễ hội.
Bên cạnh các quán lớn, nhiều tiệm bánh, studio ảnh hay cửa hàng nhỏ cũng mạnh tay trang trí: cây thông cao 3 - 4 m, mô hình ông già Noel, máy phun tuyết, cổng vòm ánh sáng, mô hình quà tặng… tạo nên ""đường đua concept"" náo nhiệt trải dài.
""Giáng sinh ở TP.HCM không lạnh nhưng ai cũng thích cảm giác mùa đông, nên chỉ cần không gian đẹp là mọi người kéo nhau tới. Trang trí sớm nhưng đúng concept thì hoàn toàn xứng đáng"", chủ một quán cà phê tại P.Hòa Hưng (Q.10 cũ) chia sẻ.

ẢNH: BÙI QUỐC HOÀNG
Không khí Noel rộn ràng khắp phố phường
ẢNH: BÙI QUỐC HOÀNG
Không chỉ không gian, chính cách giới trẻ đầu tư cho việccheck-inmới là điều khiến mùa Noel năm nay trở nên đặc sắc. Dù thời tiết nóng bức, các bạn vẫn sẵn sàng diện áo khoác lông, khăn choàng len, boots cổ cao, cardigan dày hay mũ beanie - những món đồ vốn dành cho mùa lạnh.
Đằng sau những bộ ảnh là cả một quá trình chuẩn bị công phu. Nhiều bạn phải dò từng quán xem ánh sáng, góc chụp, màu trang trí có hợp không. Có người đi đến 3-4 quán trong một buổi, vừa khảo sát vừa chụp thử để chọn ra nơi ưng ý nhất; thậm chí có hôm mất cả ngày chạy quanh các khu trung tâm mà vẫn chưa chốt được địa điểm vì quá đông hoặc góc đẹp đã kín người xếp hàng.
Nhiều địa điểm trang trí Giáng sinh vô cùng cuốn hút
ẢNH: BÙI QUỐC HOÀNG
Bạn trẻ xuống phố đón Giáng sinh sớm
ẢNH: BÙI QUỐC HOÀNG
Mai Chi (ngụ ở P.Bình Chánh) cho biết: ""Mục tiêu của mình là ảnh phải đúng với không khí, tông lạnh thì mới chuẩn Noel, nên phải chịu khó tìm chỗ hợp. Đến nơi mà đông quá thì lại đi tiếp, chứ không thể chụp đại được"".
Những ngày này, dễ bắt gặp từng nhóm bạn trẻ kiên nhẫn tạo dáng bên cây thông hay góc trang trí đèn lấp lánh được các quán chuẩn bị từ sớm. Vào cuối tuần, nhiều nơi còn phải xếp hàng để chờ đến lượt chụp ảnh. Không chỉ quán xá, Nhà thờ Đức Bà cũng là điểm đến ""hot"" mỗi khi lên đèn vào lúc 18 giờ 45 mỗi tối, khiến không khí Giáng sinh lan tỏa rộng hơn ngay từ đầu tháng 12.
Giữa cái nóng đặc trưng củaTP.HCM, sự háo hức đó lại tạo nên một nét rất riêng: không cần trời lạnh, giới trẻ vẫn tận hưởng mùa lễ theo cách của mình. Với nhiều người, đây là dịp làm mới phong cách, ghi lại bộ ảnh kỷ niệm mỗi năm và hòa vào không khí lễ hội đang dần phủ khắp thành phố.
"
https://thanhnien.vn/gioi-tre-sai-gon-do-xo-check-in-diem-den-tiec-tung-moi-toanh-185251129081421604.htm,Giới trẻ Sài Gòn đổ xô check-in điểm đến tiệc tùng mới toanh,Tiệc tùng thế nào cho chuẩn gen Z thời thượng? Cùng Heineken Silver phiên bản chai nhôm mới tận hưởng tiệc chất 'The Silver Coolture' tại những tụ điểm nightlife sang xịn mịn.,"Nối tiếp sức nóng ""viral"" từ màn chào sân đẳng cấp tại Saigon Marina IFC (TP.HCM) và Lotte Hotel (TP.Hà Nội), ""The Silver Coolture"" đang càn quét không khí nightlife tại các ""hotspot"" đình đám ở TP.HCM, Hà Nội, Đà Nẵng và nhiều thành phố lớn khác. Chuỗi tiệc của thương hiệu bia trứ danh toàn cầu này mang đến một chất tiệc êm mượt, thời thượng hơn bao giờ hết.
Ngay từ giây phút ""check-in"" vào không gian ánh bạc rực rỡ, người tham dự sẽ được ""dẫn dắt"" đến  không gian ấn tượng  với hiệu ứng laser và LED bao trùm, hứa hẹn một trải nghiệm thời thượng đẳng cấp. Tại đây, chẳng cần là celeb mới được chiếu spotlight, chỉ cần rủ ngay hội bạn thân lên đồ thật slay để tạo dáng tại khu vực Glambot. Chỉ với một cú xoay người và ánh nhìn tự tin, giới trẻ sành tiệc có ngay shoot hình đậm chất sao, đủ để chia sẻ trên mọi nền tảng và chiếm spotlight trên story cả tuần.
“Anh trai” Cody Nam Vũ thể hiện màn bắn ảnh cùng glambot chỉ cần một cú xoay người cùng thần thái đỉnh chất
Khoảnh khắc tuyệt vời nhất của đêm tiệc chính là khi chất nhạc thời thượng của DJ bắt đầu, hòa quyện cùng hiệu ứng ánh sáng, Heineken Silver phiên bản chai nhôm xuất hiện ấn tượng trên những khay ngôi sao cảm biến rực rỡ, thắp sáng bàn tiệc và khuấy động không khí với sắc xanh - bạc đầy thời thượng. Đây là cách khai tiệc đầy độc đáo và đáng nhớ từ biểu tượng mới của Heineken Silver, tạo nên một trải nghiệm thị giác và cảm xúc đúng chuẩn cho thế hệ luôn tìm kiếm sự khác biệt.
Âm nhạc vang lên, đánh dấu khoảnh khắc khai tiệc đỉnh chất chính thức bắt đầu
Hàng trăm chai Heineken Silver chai nhôm được phục vụ đầy ấn tượng trên khay ngôi sao cảm biến
Với thiết kế tinh tế từ chất liệu nhôm cao cấp, Heineken Silver cùng giới sành tiệc nâng chai, bật vibe, và mở kết nối êm mượt với những ""bạn tiệc"" xung quanh.
Loạt khoảnh khắc cực cool bên cạnh Heineken Silver chai nhôm, biến khách tham dự thành tâm điểm của đêm tiệc

Bên cạnh đó, Heineken còn mang đến những màn trình diễn từ những ""sao hạng A"", tiếp tục đẩy không khí tiệc lên cao trào. Đó là giây phút tinh thần Êm Chất Thời Thượng bùng nổ mạnh mẽ nhất, khẳng định sự tiên phong trong phong cách tiệc mới của giới trẻ hiện đại.
Những màn trình diễn đẳng cấp từ sao hạng A nâng tầm trải nghiệm tại The Silver Coolture
Khi tham gia các hoạt động tương tác, khách mời còn có cơ hội tham gia quay số để dành những phần quà giá trị, đồng thời săn bộ merchandise độc quyền chỉ xuất hiện tại chuỗi tiệc này.
""The Silver Coolture"" cùng Heineken Silver chai nhôm mới tiếp tục ""khuấy đảo"" các thành phố lớn, mang đến chất tiệc thời thượng và cơ hội khám phá combo đặc biệt tại loạt điểm đến ""đỉnh nhất mùa lễ hội""."
https://thanhnien.vn/co-gai-vuot-chuong-ngai-vat-gianh-hoc-bong-tien-si-tai-han-quoc-185251208195300323.htm,Cô gái vượt 'chướng ngại vật' giành học bổng tiến sĩ tại Hàn Quốc,"Xuất thân là học sinh chuyên văn, Lê Thị Ngọc Diễm, sinh viên Trường ĐH Công nghệ thông tin TP.HCM, từng có giai đoạn ""vừa học vừa khóc"" khi rẽ hướng sang lĩnh vực công nghệ thông tin. Nhưng bằng sự bền bỉ, kỷ luật, Diễm đã trở thành nữ thủ khoa ngành mạng máy tính và truyền thông dữ liệu (chương trình chất lượng cao), đồng thời giành học bổng 5 năm thạc sĩ, tiến sĩ tại ĐH Hàn Quốc.","Diễm tốt nghiệp lớp chuyên văn của Trường phổ thông Năng khiếu (ĐH Quốc gia TP.HCM), với thế mạnh rõ rệt ở các môn khoa học xã hội. Thế nhưng ngay từ những năm THPT, Diễm đã nhận ra rằng nếu chỉ mạnh môn văn và tiếng Anh thì sẽ thiếu tư duy logic để phát triển toàn diện. ""Mình muốn bản thân có nhiều năng lực hơn, phù hợp với nghề nghiệp tương lai"", Diễm nói.
Diễm là nữ thủ khoa ngành mạng máy tính và truyền thông dữ liệu (chương trình chất lượng cao)
ẢNH: NVCC
Nhờ sự chủ động tìm hiểu, Diễm nhận ra công nghệ thông tin (CNTT) là lĩnh vực vừa rộng mở về cơ hội nghề nghiệp, vừa có khả năng giải quyết các vấn đề thực tiễn bằng công nghệ, điều khiến cô cảm thấy đầy hứng thú. Và Diễm đã quyết định rẽ hướng sang lĩnh vực CNTT.
Những ngày đầu nhập học chính là giai đoạn thử thách nhất với Diễm. Bởi vì sinh viên CNTT phải tiếp xúc liên tục với xác suất thống kê, đại số tuyến tính, thuật toán… Trong khi đó, Diễm gần như chỉ có nền tảng các môn xã hội. Sự chênh lệch khiến cô gặp không ít khủng hoảng.
""Có những hôm mình thức trắng đêm để làm bài tập, cố cả tiếng mà không ra lời giải. Áp lực quá nên bật khóc giữa đêm, rồi nhắn tin cầu cứu bạn bè. Một kỳ mình học 2 môn toán và 2-3 môn lập trình, thật sự rất áp lực nên khó kiểm soát được cảm xúc"", Diễm kể.
Nhưng chính những khoảnh khắc khó khăn ấy lại giúp Diễm hiểu rõ khả năng chịu áp lực của bản thân. ""Dù khó đến đâu, mình vẫn không bỏ cuộc một giây nào"", Diễm nói. Cuối kỳ, Diễm vẫn đạt điểm tốt và hoàn thành các môn tưởng như ""chướng ngại vật"" đối với một học sinh chuyên văn.
Phương pháp học, Diễm ưu tiên khoảng thời gian tập trung cao độ trong vòng 50 phút cho những môn chuyên ngành nặng về thuật toán. Diễm cho rằng học CNTT không phải học mẹo để lấy điểm cao, mà phải xây nền tảng chắc. ""Mình làm đi làm lại một dạng bài đến khi không còn sai nữa. Sau mỗi lần sai, mình phân tích nguyên nhân rồi khắc phục triệt để. Nhờ vậy mình có cảm giác làm chủ kiến thức"", Diễm chia sẻ.
Cuối năm học thứ 3 là thời điểm tạo nên bước ngoặt của Diễm khi được tiếp cận sản phẩm Dr.Aid của Vin Brain (một giải pháp trí tuệ nhân tạo (AI) trong lĩnh vực y tế). ""Việc này giúp mình chuyển từ học lý thuyết sang nghiên cứu ứng dụng với mục tiêu tạo ra giá trị thực tiễn, cụ thể là hỗ trợ chẩn đoán bệnh. Quan trọng hơn, mình đã học được những kiến thức thực tế về xử lý dữ liệu y tế phức tạp, tính giải thích và quy trình sản phẩm y tế mà sách vở không đề cập"", Diễm chia sẻ.
Ngay từ khi thực hiện khóa luận, Diễm đã xác định rõ ràng mục tiêu nghiên cứu của mình là ứng dụng AI tiên tiến vào lĩnh vực hình ảnh y tế và chẩn đoán lâm sàng nên đã đặt mục tiêu tiếp tục học lên cao để làm nghiên cứu bài bản. Học bổng thạc sĩ,tiến sĩtại ĐH Hàn Quốc là thành quả xứng đáng cho mọi nỗ lực của nữ sinh viên này. Diễm sẽ được tài trợ 100% tiền học phí và được trả lương hằng tháng.
Để chuẩn bị hồ sơ, Diễm mất khoảng 3-4 tháng xử lý giấy tờ, trong khi việc xây dựng GPA và năng lực tiếng Anh được chuẩn bị từ 2 năm trước đó. Diễm cho rằng sinh viên muốn giành học bổng cần chủ động liên hệ giáo sư trước 6-8 tháng, trình bày định hướng rõ ràng và thể hiện năng lực nghiên cứu thực tế.
Hiện Diễm làm việc tại Viện Nghiên cứu dữ liệu lớn (VinBigdata của Vingroup), nơi cô được tiếp xúc với dữ liệu y tế quy mô lớn và môi trường chuyên nghiệp, từ nghiên cứu đến triển khai sản phẩm AI. Với Diễm, đây được xem là ""bước đệm hoàn hảo"" cho hành trình học tập và nghiên cứu sau này.
Để theo đuổi AI trong y tế, một lĩnh vực liên ngành phức tạp, Diễm đang tự trang bị thêm kiến thức y khoa cơ bản, nghiên cứu đạo đức AI và các quy định pháp lý quốc tế liên quan đến dữ liệu bệnh nhân…
Diễm chia sẻ, mục tiêu dài hạn là xuất bản 3-5 bài báo quốc tế thuộc nhóm Q1, rồi mang tri thức trở về VN để đóng góp cho lĩnh vực AI y tế. ""Mình chọn AI trong y tế vì muốn tạo ra giá trị thật cho cộng đồng"", Diễm nói.
Thạc sĩ Trần Mạnh Hùng, giảng viên Khoa Mạng máy tính và truyền thông, Trường ĐH Công nghệ thông tin TP.HCM, chia sẻ: ""Diễm rất chủ động trong học tập và có mục tiêu rõ ràng từ sớm. Bạn chia sẻ với tôi là muốn du học Hàn Quốc nên tôi có hướng dẫn, tư vấn vì trước đó tôi cũng từng học tập ở đất nước này. Với tính sáng tạo và năng lực nghiên cứu, tôi mong Diễm có thể tiến xa trên con đường này"".
"
https://thanhnien.vn/nu-tien-si-voi-nhung-cong-trinh-nghien-cuu-thiet-thuc-185250615220124384.htm,Nữ tiến sĩ với những công trình nghiên cứu thiết thực,"Là nữ tiến sĩ duy nhất nhận Giải thưởng Khuê Văn Các năm 2024, chị Lê Trần Phước Mai Hoàng (giảng viên Trung tâm đào tạo và nghiên cứu quản lý công, Trường ĐH Quốc tế - ĐH Quốc gia TP.HCM) đã có những nghiên cứu giá trị, thúc đẩy sự phát triển của xã hội.","Tiến sĩ Mai Hoàng là một trong 9 nhà khoa học trẻ nhận Giải thưởng Khuê Văn Các của T.Ư Đoàn. Trong hành trình nghiên cứu, chị đã có nhiều công trìnhsáng tạomang tính liên ngành (nghiên cứu xã hội với mục tiêu phát triển kinh tế).
TS Lê Trần Phước Mai Hoàng
ẢNH: NVCC
Nổi bật là nghiên cứu nhằm khám phá và phân loại các nhóm khách hàng phản đối hàng xa xỉ (anti-luxurians) trên mạng xã hội. ""Chúng tôi phân tích đặc điểm của từng nhóm, xu hướng tẩy chay các thương hiệu xa xỉ và lý do đằng sau sự phản đối của họ. Mức độ phản đối và sự tách biệt đối với các thương hiệu xa xỉ của từng nhóm được phân tích và lập bản đồ, từ đó đề xuất các chiến lược tương tác để thương hiệu có thể tái kết nối với các nhóm này hoặc giảm thiểu sự phản đối. Qua nghiên cứu này sẽ giúp các thương hiệu có thể phát triển tốt hơn, đóng góp cho sự phát triển kinh tế"", chị chia sẻ.
Theo tiến sĩ Mai Hoàng, đây là một nghiên cứu ""ngược đời"", bởi đa số nghiên cứu trước đây tập trung vào các nhóm khách hàng mục tiêu mà không chú trọng nghiên cứu nhóm chống đối. Trong khi đó, nhóm này có thể làm ảnh hưởng tiêu cực đến hình ảnh thương hiệu. Có lẽ vì thế mànghiên cứunày được chọn để trao Giải thưởng Khuê Văn Các năm 2024.
Chị còn là chủ nhân của nhiều nghiên cứu mang tính thời sự, như nghiên cứu về các đặc điểm truyền thông của thông tin Chính phủ, nhằm nâng cao khả năng tiếp cận của thông tin đến người dân và thu hút sự quan tâm của mọi người hơn. Từ đó, nâng cao nhận thức của người dân về các thủ tục hành chính trên Chính phủ điện tử nói riêng và các vấn đề thời sự trong nước nói chung.
Mới đây, TS Mai Hoàng đầu tư nghiên cứu đề tài ""Chú trọng đạo đức số trong thời đại chuyển đổi số"". Chị cho biết sự phát triển mạnh mẽ của công nghệ số mang lại nhiều lợi ích, đồng thời đặt ra những thách thức đáng kể về đạo đức và trách nhiệm xã hội. Việc mở rộng nhanh chóng của các nền tảng kỹ thuật số có thể kéo theo nhiều vấn đề như thông tin sai lệch, lừa đảo trực tuyến, vi phạm quyền riêng tư và hành vi xâm phạman ninh mạng.
Chị Mai Hoàng và cộng sự thảo luận các đề tài nghiên cứu khoa học
ẢNH: NVCC
""Trường hợp điển hình gần đây nhất là vụ án lừa đảo từ Công ty sản xuất kẹo Kera. Vấn đề không chỉ đơn giản nằm ở quy mô sản xuất và sự tinh vi của đối tượng lừa đảo, mà nằm ở việc lợi dụng lòng tin và tín nhiệm của nhân dân từ những gương mặt điển hình"", chị cho biết.
Qua nghiên cứu, tiến sĩ Mai Hoàng đề xuất Chính phủ ban hành các quy định chặt chẽ về đạo đức số, yêu cầu tổ chức và cá nhân tuân thủ nghiêm ngặt các nguyên tắc bảo vệ dữ liệu cá nhân, đảm bảo tính minh bạch và trung thực trong môi trường số. Từ đó cho thấy việc tăng cường giáo dục đạo đức số từ sớm (bắt đầu từ cấp tiểu học) là một nhiệm vụ quan trọng, giúp người dân - đặc biệt là thế hệ trẻ nâng cao nhận thức về trách nhiệm cá nhân và các nguy cơ tiềm ẩn trênkhông gian mạng. Đồng thời, việc xây dựng cơ chế kiểm soát nội dung trên các nền tảng số, kết hợp với chính sách xử lý nghiêm minh hành vi vi phạm nhằm tạo dựng môi trường số an toàn, lành mạnh và có trách nhiệm được xem là cấp bách trong bối cảnh hiện nay.
Đề tài nghiên cứu cũng chỉ ra rằng cần kiểm soát chặt chẽ hoạt động truyền thông và mức độ ảnh hưởng của những cá nhân có sức lan tỏa lớn trên mạng xã hội, bởi tác động của họ đối với giới trẻ và cộng đồng là vô cùng sâu rộng.
Hành trình đến với nghiên cứu khoa học của tiến sĩ Mai Hoàng thật đáng ngưỡng mộ vì trải qua không ít chông gai. Chị cho biết sau khi tốt nghiệp ĐH, chị làm nhân viên phiên dịch, phục vụ tại một nhà hàng chay trong 6 tháng rồi mới quyết định học thạc sĩ tại Trường ĐH Quốc tế - ĐH Quốc gia TP.HCM. Vừa học thạc sĩ, vừa làm thêm, nhưng chị đã có một công bố ở hội thảo quốc tế và 2 bài báo đăng trên tạp chí Scopus Q4. Với thành tích này, chị đã hoàn thành thạc sĩ loại giỏi và vinh dự nhận HCV tronglễ tốt nghiệpnăm 2017.
TS Mai Hoàng giảng dạy tại Trung tâm đào tạo và nghiên cứu quản lý công, Trường ĐH Quốc tế - ĐH Quốc gia TP.HCM
ẢNH: NVCC
Sau đó, chị tiếp tục đi làm đến năm 2019. Sau 5 năm tích lũy kinh nghiệm về kiến thức thị trường và trải qua nhiều ngành nghề, chị quyết tâm học lên tiến sĩ và xin được học bổng toàn phần chuyên ngành marketing từ Khoa Quản trị kinh doanh, ĐH Hanyang (Hàn Quốc).
Là phụ nữ, sinh ra và lớn lên tại vùng quê ở Đồng Tháp, nơi còn nặng nề quan niệm ""trai khôn dựng vợ, gái lớn gả chồng"", nên chị Mai Hoàng cũng phải vượt qua nhiều rào cản. ""Sau 25 tuổi, mọi người trong gia đình, bà con láng giềng càng hối thúc mình hơn trong việc kết hôn. Khi quyết định bay sang Hàn Quốc tiếp tục theo đuổi và phát triển con đường nghiên cứu, mình vấp phải sự phản đối kịch liệt từ tất cả mọi người xung quanh như ba mẹ, họ hàng, hàng xóm, bạn trai và cả gia đình bạn trai"", chị chia sẻ.
Tuy nhiên, vượt qua sự khủng hoảng, trong suốt 3 năm học tiến sĩ tại ĐH Hanyang, chị Mai Hoàng dồn toàn sức vào học tập và cải thiện kỹ năng nghiên cứu hiện đại về chiến lược kinh doanh và quản lý. Vừa viết luận án, chị vừa đi làm thêm 3 công việc, từ rửa chén tại nhà hàng đến dọn dẹp và bán bánh mì ở quán cà phê… để kiếm tiền chi trả sinh hoạt phí. Với sự kiên trì và nỗ lực, chị đã tốt nghiệp tiến sĩ loại xuất sắc. Đến nay, chị đã công bố khoảng 21 bài báo trên tạp chí quốc tế, trong đó có 13 bài trên SSCI.
Tiến sĩ Mai Hoàng cho rằng khoa học xã hội nhân văn là nền tảng phát triển xã hội, vì thế Chính phủ cần khuyến khích nghiên cứu liên ngành, tạo ra các dự án kết hợp khoa học xã hội và nhân văn vớicông nghệ, khoa học tự nhiên và kinh tế; khuyến khích thành lập các nhóm nghiên cứu đa ngành, đa lĩnh vực nhằm tận dụng tối đa năng lực của các nhà khoa học trẻ."
https://thanhnien.vn/chuyen-tinh-dep-tu-trong-bom-dan-va-bai-hoc-ve-tinh-yeu-gan-voi-ly-tuong-18525120819484884.htm,Chuyện tình đẹp từ trong bom đạn và bài học về tình yêu gắn với lý tưởng,"Qua mỗi số phát sóng của chương trình giao lưu trực tuyến ""Những câu chuyện thời hoa lửa"" do T.Ư Đoàn chỉ đạo, BáoThanh Niênthực hiện, thế hệ trẻ ngày nay như được ngược dòng thời gian cùng những nhân chứng lịch sử để chạm vào những ký ức thiêng liêng, để thấy rõ hơn giá trị của hòa bình, của lý tưởng và của tình yêu Tổ quốc.","Và trong số phát sóng thứ 2 diễn ra vào sáng 8.12, các bạn trẻ được gặp gỡ hai con người đã đi qua ngục tối, nhưng trái tim vẫn sáng lên như thuở đôi mươi: đó là ông Trương Thanh Danh và bà Lê Tú Cẩm - những nhân chứng sống của Côn Đảo, của chuồng cọp và củatình yêukhông bao giờ có thể xiềng xích.
Tại chương trình, ký ức thời trai trẻ như được sống dậy, ông Danh kể ông sinh trước năm 1940, thời điểm đất nước bị thực dân Pháp đô hộ, chính vì thế suốt thời niên thiếu đến khi trưởng thành ông luôn phải chứng kiến sự tàn ác của quân địch.
Ông Trương Thanh Danh, bà Lê Tú Cẩm và đại diện các bạn trẻ cùng giao lưu về một thời hoa lửa của ông bà
ẢNH: LÊ THANH HẢI
""Nhiều người hỏi tôi: Tại sao chọn đi theo cách mạng? Vì tôi sinh ra vào thời điểm đất nước mình, đồng bào mình như vậy, đi theo cách mạng là đương nhiên rồi. Thanh niên chúng tôi không thể có con đường nào khác ngoài con đường cách mạng để giải phóng dân tộc, giải phóng đồng bào mình"", ông Danh nói dứt khoát và mạch lạc từng lời như tinh thần mà tuổi đôi mươi ông chọn theo cách mạng.
Còn vợ ông, bà Lê Tú Cẩm, sinh ra và lớn lên ở trung tâm Sài Gòn. Cuộc sống lúc nhỏ được ba mẹ cưng chiều, đến khi đi học, bà là nữ sinh Trường Gia Long. Nhưng cũng chính tại ngôi trường này, con đường cách mạng của cô nữ sinh thành thị đã bắt đầu.
Bà kể mình đi theo cách mạng một cách rất tự nhiên, nhưng niềm tin và lý tưởng đã hun đúc từ khi còn nhỏ. Từ lúc chứng kiến cha mẹ mình ở trong căn nhà rất chật chội, không có hầm vẫn thiết kế được nơi để nuôi giấu cán bộ; đến những bài hát về cách mạng do người nhạc sĩ mù, bạn của ba, sáng tác và hát, đã in sâu trong tiềm thức của cô học trò tiểu học. Đến khi học ở Trường Gia Long, gặp được những đàn chị, dù đang còn ngồi trên ghế nhà trường, đã tham gia cách mạng; từ đó bà Cẩm cũng theo các chị vào căn cứ và làm cách mạng.
Tham gia giao lưu cùng ông Danh và bà Cẩm, Nguyễn Hoàng Duy, Phó bí thư Đoàn Trường ĐH Công nghiệp TP.HCM, vô cùng xúc động và tự hào. Duy bày tỏ: ""Là thế hệ trẻ, khi được nghe kể về những câu chuyện thời hoa lửa anh hùng của các nhân chứng lịch sử, chúng con cảm thấy rất tự hào"".
Và Duy đặt câu hỏi: ""Trong suốt thời gian tham gia kháng chiến gian khổ đó, có khi nào ông đắn đo hay dao động? Điều gì khiến ông tin rằng sự lựa chọn của mình là đúng đắn?"".
Ở độ tuổi đã gần 90, ông Danh vẫn khẳng định rất khảng khái: ""Tuổi trẻ của tôi luôn gắn liền với cách mạng, gắn với các chú, các anh làm cách mạng. Nên tôi đi theo con đường cách mạng một cách tự nhiên chứ không có đắn đo gì hết. Cho dù đến khi bị bắt, ở tù và chịu tra tấn rất dã man nhưng chúng tôi luôn giữ gìn khí tiết, bảo vệ đồng bào, đồng chí và tổ chức của mình"".
Năm 1965, ông Danh bị bắt trong lúc đang đi rải truyền đơn. Đến năm 1967, quá trình công tác, hoạt động của ông Danh trước đó bị lộ, như: phụ trách căn cứ, xây dựng bàn đạp làm cơ sở để chiến đấu, giao liên, đào hầm và liên quan đến mấy trận đánh ở Sài Gòn… nên ông bị tuyên án tử hình.
Thế hệ trẻ ngày nay như được ngược dòng thời gian cùng những nhân chứng lịch sử để chạm vào những ký ức thiêng liêng
ẢNH: VÕ HIẾU
Hỏi ông: ""Đứng trước án tử, ông có sợ không?"". Nói về cái chết, nhưng ông chia sẻ rất nhẹ nhàng: ""Cũng nhiều người hỏi tôi: Tại sao không khóc? Tại sao không sợ? Nhưng với chúng tôi, chuyện chết chóc và hy sinh là đương nhiên thôi"".
Cái chết với những người chiến sĩ cách mạng nhẹ nhàng và đương nhiên đến mức đêm trước khi biết mình ngày mai sẽ bị xử tử, họ vẫn nấu chè và ăn cùng nhau: ""Ăn để mai còn chết. Chúng tôi còn chuẩn bị chọn khẩu hiệu nào ngắn để trước khi xử bắn còn có thể hô cho trọn vẹn. Sợ khẩu hiệu quá dài, chưa kịp hô xong đã bị xử tử"".
Họ ở trong tù hồn nhiên với cái chết và sẵn sàng hy sinh. Ở bên ngoài, ông kể, chiều 16.11.1967, sau khi báo chí và Đài phát thanh Sài Gòn phát tin thi hành án của ông, Đài phát thanh Giải phóng đã lên tiếng: ""Nếu bắn 3 thanh niên yêu nước này thì sẽ bắn mấy tù binh Mỹ"". Ngay lập tức trong đêm đó, bên Mỹ điện qua đề nghị ngưng thi hành án. Và sau này, ông bị đày ra Côn Đảo.
Ở nội thànhSài Gòn, trong một lần cùng giao liên ngụy trang vũ khí để giao cho cán bộ, vì bị chỉ điểm nên bà Cẩm bị bắt. Mới 19 tuổi, bà đã bắt đầu trải qua những ngày tháng tù đày và tra tấn tàn bạo.
Bà Cẩm kể: ""Ngày nay nhiều bạn trẻ hỏi tôi: ""Khi bị bắt, bà có bị đánh không?"". Tôi trả lời: ""Bắt mà không đánh thì chúng bắt để làm gì. Tụi nó đánh để cấp tốc tìm và bắt thêm nữa, đánh để mình lung lay ý chí, để có thả về thì mình sẽ không dám cũng như không có sức khỏe mà hoạt động nữa"".
Cũng đang tuổi 19 như ngày mà bà Cẩm bị bắt và chịu tra tấn dã man, Nguyễn Thị Hẹn, Phó chủ tịch Hội Sinh viên Trường ĐH Công nghiệp TP.HCM, bày tỏ: ""Thật trùng hợp khi con hiện nay cũng 19 tuổi, ở thời điểm này, được sống trong hòa bình, nhưng nhiều khi tụi con còn cảm thấy khó khăn, áp lực. Vậy trong những lúc đứng trước lằn ranh sinh tử và những sự tra tấn tàn ác đó, để vượt qua thì chắc hẳn ông bà phải có niềm tin rất lớn. Ông bà đã nuôi dưỡng niềm tin đó như thế nào?"".
Bà Cẩm nói: ""Đi hết hành trình của mình ở nhà tù, tôi nhận thấy rằng yếu tố quan trọng nhất đó là tập thể. Vai trò của tập thể trong đấu tranh ở nhà tù là rất lớn, mặc dù có những lúc mình đấu tranh cá nhân, chẳng hạn khi tra tấn thì chỉ có một mình. Nhưng lúc trả về phòng giam rồi, anh em, đồng đội cùng san sẻ, quan tâm, tiếp thêm niềm tin và sức mạnh. Và rồi mình lại tiếp tục đấu tranh"".
Một điều rất đặc biệt và cũng thật đẹp, khi trong những gian khổ và bom đạn của chiến tranh, ông Danh và bà Cẩm đã gặp được nhau. Cảm mến trước một người con gái sinh ra ở thành thị mà dám hy sinh, bỏ gia đình đi theo cách mạng, ông Danh đã thầm thương trộm nhớ bà Cẩm. Để rồi, khi ở trong ngục tù, ông làm chiếc nhẫn từ gáo dừa và chờ đợi, hy vọng ngày được trở về để cầu hôn người mình yêu.
Chiếc nhẫn bằng gáo dừa trong ngục tù cũng thấy được niềm tin của người chiến sĩ cách mạng luôn chiếu sáng trong cả những tháng ngày tăm tối nhất. Để rồi từ trại giam Chí Hòa, đến án tử hình rồi những ngày ở ngục tù Côn Đảo, chiếc nhẫn gáo dừa đó vẫn vẹn nguyên đến ngày hòa bình lập lại được đeo vào tay của người con gái ông yêu, cũng từng là đồng đội của mình.
Từ câu chuyện tình yêu đẹp như huyền thoại của mình, bà Cẩm nhắn gửi đến các bạn thanh niên: ""Thế hệ của chúng tôi luôn gắn tình yêu với lý tưởng. Tình yêu mà gắn với lý tưởng thì sẽ rất bền chặt. Khi có cùng lý tưởng, cùng định hướng sống, nền tảng đó rất dễ dung hòa, và có thể bỏ qua những cá tính riêng, cùng nhau vượt qua được khó khăn, thử thách"".
Theo bà Cẩm, lý tưởng không phải chỉ là cách mạng. Lý tưởng là lý trí, mục đích sống của mình. Lý tưởng là để biết rằng ngày nay tôi sống là vì phải giỏi một cái gì đó. Giỏi không phải cho tôi mà để làm cho đất nước, xã hội và cả cộng đồng cùng được hưởng những việc mà tôi đang làm giỏi. ""Nếu mình có lý tưởng như vậy, gặp một người cũng cùng định hướng, có thể họ khác ngành nghề, nhưng chắc chắn sẽ đồng cảm và đi được cùng nhau lâu bền"", bà Cẩm gửi gắm."
https://thanhnien.vn/nhung-cau-chuyen-thoi-hoa-lua-3-lan-duoc-gap-bac-ho-185251130181942904.htm,Những câu chuyện thời hoa lửa: 3 lần được gặp Bác Hồ,"Trong ký ức của ông Đinh Ngọc Thỉ, người con làng Duy Viên (xã Vĩnh Lâm, H.Vĩnh Linh cũ, nay thuộc xã Vĩnh Thủy, Quảng Trị), tuổi thơ không chỉ có mùi lúa ngô mà còn rực sáng ngọn lửa Măng non Duy Viên, đặc biệt là niềm vinh dự hiếm có: 3 lần được gặp Bác Hồ.","Ông Thỉ là nguyên Liên đội trưởng Liên đội Lý Tự Trọng kiêm Chủ nhiệm Hợp tác xã (HTX) Măng non Duy Viên, một trong những điển hình tiêu biểu trong phong trào thiếu nhi miền Bắc thời kháng chiến.
Ông Đinh Ngọc Thỉ hiện sống trong căn nhà nhỏ ở P.Nam Đông Hà (Quảng Trị). Ở tuổi 81, ông vẫn minh mẫn, giọng kể rành rẽ, mắt ánh lên niềm tự hào khi nghe nhắc đến ""Măng non Duy Viên"". Ông kể cuối những năm 1950, thôn Duy Viên là vùng quê tuyến đầu của đất Vĩnh Linh anh hùng. Cuộc sống còn nhiều thiếu thốn, nhưng tinh thần cách mạng lan tỏa đến từng mái nhà, từng thế hệ.
Trong bối cảnh ấy, năm 1958, Liên đội thiếu niên tiền phong Lý Tự Trọng được thành lập. Cậu bé Đinh Ngọc Thỉ khi ấy mới 13 tuổi được bầu làm liên đội trưởng. 6 năm sau, HTX Măng non Duy Viên ra đời, ông Thỉ tiếp tục đảm nhận vai trò chủ nhiệm. Mô hình này nhanh chóng trở thành điểm sáng trong cả nước, tiêu biểu cho phong trào thiếu nhi ""vừa học, vừa lao động, vừa rèn luyện"".
Ông Đinh Ngọc Thỉ(bìa trái)và các thiếu niên chụp ảnh cùng Bác Hồ trong dịp dự Đại hội Anh hùng, Chiến sĩ thi đua chống Mỹ cứu nước lần thứ 4 tại Hà Nội
ẢNH: NVCC
Ông Thỉ và vợ ôn lại kỷ niệmvề Hợp tác xã Măng non Duy Viên
ẢNH: THANH LỘC
Ngày ngày, sau giờ học trong hầm chữ A, 130 đội viên thiếu niên nhi đồng lại tập trung về sân đình. Họ cùng nhau tập đội ngũ, chăm sóc trâu bò yếu cho HTX nông nghiệp, trồng lúa, trồng khoai, nuôi bèo hoa dâu, phát quang đường làng, giúp đỡ gia đình thương binh - liệt sĩ. Những công việc ấy đã vun đắp nên tinh thần ""Tuổi nhỏ chí lớn"", làm nên phong trào Măng non Duy Viên - một kỳ tích được cả nước biết đến.
Ngày 10.5.1960, tập thể thiếu nhi Duy Viên vinh dự đượcChủ tịch Hồ Chí Minhtặng bằng khen. Trên bằng khen viết: ""Các cháu thiếu niên và nhi đồng thôn Duy Viên, xã Vĩnh Lâm (Vĩnh Linh) đã có thành tích khá trong học tập, trong lao động và trong việc xây dựng Đội thiếu niên tiền phong và Đội nhi đồng Tháng 8. Đã làm được nhiều việc thiết thực, đã cố gắng góp phần vào công việc sản xuất và chiến đấu. Bác khuyên các cháu cố gắng hơn nữa để đạt nhiều thành tích hơn nữa"".
Tấm bằng khen ấy là phần thưởng vô giá, không chỉ ghi nhận công sức của thiếu nhi nơi tuyến lửa mà còn là ngọn lửa tinh thần, thắp sáng ý chí cho thế hệ sau.
Trong vai trò Liên đội trưởng, ông Thỉ đã góp phần tổ chức, dẫn dắt phong trào, để lại dấu ấn sâu đậm trong lịch sử thiếu nhi Vĩnh Linh.
Sau này, tấm bằng khen được ông Lê Đức Oanh, Phó chủ nhiệm HTX, cẩn trọng gìn giữ. Trước khi lên đường nhập ngũ, ông Oanh gửi lại cha mình, nhờ cất kỹ trong hầm sâu. Nhờ vậy, dù bom đạn cày xới, tấm bằng khen của Bác vẫn còn nguyên vẹn. Ông Oanh xúc động kể: ""Giữa lúc bom đạn trút xuống, ai cũng lo chạy, cha tôi chỉ dặn: ""Phải giữ cho được bằng khen của Bác Hồ"". Với chúng tôi, đó là niềm tự hào, là danh dự của thiếu nhi Vĩnh Linh trước Tổ quốc"".
Năm 1966, khi vừa tròn 21 tuổi, Đinh Ngọc Thỉ được vinh dự đại diện thanh, thiếu niên Vĩnh Linh dự Đại hội Anh hùng, Chiến sĩ thi đua chống Mỹ cứu nước lần thứ 4 tại Hà Nội. Đối với ông, đây là dấu mốc thiêng liêng nhất đời, bởi trong chuyến đi đó, ông được 3 lần gặp Bác Hồ.
Ông kể lại, giọng chậm rãi, như không muốn bỏ qua chi tiết quý giá nào: ""Lần đầu tiên, sáng khai mạc đại hội, khi mọi người nghỉ giải lao, Bác ra tiền sảnh chụp ảnh lưu niệm với đại biểu. Đó là khoảnh khắc đầu tiên tôi được gặp Bác trong niềm xúc động không tả xiết"".
Bằng khen của Chủ tịch Hồ Chí Minh tặng tập thể thiếu niên, nhi đồng thôn Duy Viên
ẢNH: NVCC
""Lần thứ hai, chiều hôm ấy, đoàn đại biểu Vĩnh Linh được mời về Phủ Chủ tịch ăn cơm với Bác. Bác tặng đoàn quả bồ kết trong vườn và dặn mang về chia cho các bà, các mẹ ở Vĩnh Linh gội đầu sau những giờ phục vụ chiến đấu. Lần thứ ba, tôi cùng đoàn thanh thiếu niên dự đại hội được gặp riêng Bác. Bác trao khăn quàng đỏ, huy hiệu Bác Hồ và nhiều bánh kẹo. Bác ân cần hỏi han, căn dặn thiếu nhi Duy Viên phải chăm học, rèn luyện, trở thành công dân có ích, góp sức cho sự nghiệp thống nhất đất nước"", ông Thỉ hồi tưởng.
Ba khoảnh khắc được gần Bác, với ông Thỉ, là 3 lần được tiếp thêm sức mạnh tinh thần. ""Suốt cuộc đời, tôi coi đó là hành trang quý giá nhất"", ông xúc động chia sẻ.
Sau đại hội, ông Thỉ trở về tiếp tục gắn bó với công tác Đoàn và thiếu niên. Dù ở cương vị nào, ông luôn giữ ngọn lửa nhiệt huyết, truyền cho lớp trẻ tinh thần dấn thân, sáng tạo, đoàn kết, những giá trị từng làm nên tên tuổi Duy Viên năm xưa. Cho đến những năm hòa bình lập lại, ký ức về phong trào măng non vẫn sống động trong lòng người dân Vĩnh Linh. Với họ, đó không chỉ là một thời thiếu niên sôi nổi mà còn là biểu tượng của sức trẻ tuyến lửa, của tinh thần ""tuổi nhỏ làm việc lớn"".
Tấm bằng khen của Bác Hồ cùng chiếc khăn quàng đỏ Bác tặng riêng ông Thỉ hiện được lưu giữ, trưng bày tạiBảo tàng Hồ Chí Minhở Hà Nội, như minh chứng cho một thời hoa lửa đầy tự hào. Năm 2014, nhân dịp kỷ niệm 60 năm truyền thống Vĩnh Linh, tỉnh Quảng Trị cho tái bản lần thứ ba cuốnMăng non Duy Viêncủa nhà văn Bút Ngữ, đồng thời dựng tượng đài kỷ niệm phong trào Thiếu nhi Duy Viên, như một lời tri ân thế hệ đã góp phần làm rạng danh quê hương.
Điều quý giá nhất mà thế hệ chúng tôi học được từ Bác Hồ là sống có lý tưởng, có trách nhiệm, dám mơ ước và hành động vì cộng đồng. Thế hệ trẻ hôm nay cần kế thừa tinh thần ấy trong học tập, lao động và cống hiến, để tiếp tục viết những trang sử vẻ vang của dân tộc.
Nhìn lại chặng đường đã qua, những việc làm của HTX Măng non Duy Viên và phong trào ""Nghìn việc tốt"" của thiếu nhi Duy Viên không chỉ là dấu son trong lịch sử, mà còn để lại bài học lớn lao cho công tác giáo dục thanh thiếu nhi hôm nay. Ông Thỉ nhiều lần nhấn mạnh: ""Điều quý giá nhất mà thế hệ chúng tôi học được từ Bác Hồ là sống có lý tưởng, có trách nhiệm, dám mơ ước và hành động vì cộng đồng. Thế hệ trẻ hôm nay cần kế thừa tinh thần ấy trong học tập, lao động và cống hiến, để tiếp tục viết những trang sử vẻ vang của dân tộc"".
Trong ánh mắt lấp lánh của ông Thỉ, hình ảnh cậu thiếu niên Duy Viên năm xưa dường như vẫn rạng rỡ, hồn nhiên mà kiên cường, giản dị mà kiêu hãnh, hiện thân của thế hệ đã trưởng thành trong bom đạn, góp phần làm nên một thời hoa lửa, thời của những con người nhỏ bé nhưng mang trong mình khát vọng lớn lao cho quê hương, cho Tổ quốc."
https://thanhnien.vn/tu-vu-hoc-sinh-chet-duoi-do-bat-chuoc-tro-choi-ghe-bobo-tren-tiktok-185251208140836579.htm,Từ vụ học sinh chết đuối do bắt chước trò chơi 'ghe bobo' trên TikTok,"Mới đây, sự việc một học sinh lớp 2 ở xã Ea Wer (tỉnh Đắk Lắk) chết đuối khi chơi ""ghe bobo"" khiến nhiều phụ huynh lo ngại.","Nạn nhân không maychết đuốikhi chơi ""ghe bobo"" là Đ.N.B.K, học sinh lớp 2 của Trường tiểu học Lương Thế Vinh (xã Ea Wer, tỉnh Đắk Lắk).
Bà Lương Thị Hoa, Hiệu trưởng Trường tiểu học Lương Thế Vinh, xác nhận vào chiều 2.12, sau khi đi học về, K. xin bà nội cho đi chơi. Đến chiều muộn, không thấy K. về nên gia đình hốt hoảng huy động người hỗ trợ tìm kiếm. Khi phát hiện đôi dép của K. ở bờ hồ, người dân tổ chức lặn tìm và phát hiện em đã chết đuối dưới hồ.
Theo bà Hoa, một số người hàng xóm của K. cho rằng do K. bắt chước trò chơi ""ghe bobo"" trênTikToknên không may rơi xuống hồtử vong.
Trò chơi ""ghe bobo"" đang thịnh hành trên TikTok, được nhiều học sinh làm theo
ẢNH: CHỤP MÀN HÌNH
Sau sự việc, bà Hoa cho biết trường đã rà soát và phát hiện một số học sinh cũng đang sở hữu ""ghe bobo"", phần lớn làm theo hướng dẫn trên TikTok.
Bà Hoa nói: ""Để phòng tránh những tai nạn tương tự, trường đã tập trung tuyên truyền cho học sinh về việc cẩn thận khi tham gia trò ""ghe bobo"" này. Lưu ý học sinh chơi bất kỳ trò chơi gì, chứ không riêng ""ghe bobo"", phải đảm bảo an toàn. Đặc biệt, phụ huynh cần có sự quan tâm sát sao khi con chơi ở nhà, nhất là những khu vực có rủi ro cao như ao, hồ, sông, suối. Phụ huynh cũng cần giám sát, hướng dẫn con nhận diện rủi ro khi làm theo các nội dung chưa được kiểm chứng trên mạng xã hội"".
Ông Nguyễn Hữu Truyền, Chủ tịch UBND xã Ea Wer, thông tin đến PVThanh Niên: ""Sau sự việc học sinh chết đuối khi chơi ""ghe bobo"", lãnh đạo xã có văn bản chỉ đạo các trường học ở địa phương triển khai việc cảnh báo học sinh phải cẩn thận khi chơi trò ""ghe bobo"" và các trường đã thực hiện"".
Nói thêm về ""ghe bobo"", đây là trò chơi đang trở thành ""trend"" trên TikTok. Nhiều video hướng dẫn cách làm ""ghe bobo"" bằng các vật dụng đơn giản. Sau đó chơi trò này trên mặt nước. Rất nhiều video chơi ""ghe bobo"" xuất hiện trên các nền tảng mạng xã hội.
Thông tin về một học sinh lớp chết đuối khi chơi ""ghe bobo"" đã được dân mạng chia sẻ, và khiến nhiều phụ huynh lo ngại.
Chị Đỗ Minh Hoài (31 tuổi, ngụ ở chung cư EHome 3, P.An Lạc, TP.HCM; trước là P.An Lạc, Q.Bình Tân, TP.HCM), có con đang học tiểu học, cho biết: ""Từ vụ tai nạn thương tâm ấy, tôi cảm thấy lo, khi khu vực gần chung cư cũng có những vùng trũng ngập nước và trẻ em hay lui tới. Lo hơn khi tôi thấy con mình cũng hay xem các video hướng dẫn làm ""ghe bobo"" trên mạng xã hội"".
Anh Trần Hữu Nhân (32 tuổi) ngụ ở 40/14H Nguyễn Giản Thanh, P.Hòa Hưng, TP.HCM; trước đây là P.15, Q.10, TPHCM Q.10, TP.HCM nói: ""Thực chất, trò ""ghe bobo"" không có lỗi. Trò này vốn mang tính vui, mang nét của ký ức sông nước ngày xưa. Thế nhưng khoảng trống giám sát trẻ, cùng việc thiếu kỹ năng bơi lội, lại trở thành mối nguy khiến bất kỳ phụ huynh nào cũng phải nhìn lại"".
Trước các tranh luận xoay quanh việc có nên cấm các nội dung làm ""ghe bobo"" hay không, anh Nhân nói: ""Người lớn chơi thì vui, vì họ biết nơi nào sâu, nước chảy ra sao, biết kỹ năng xử lý. Còn trẻ em thì không. Chỉ cần trượt một chút là nguy hiểm. Trò chơi không có lỗi, lỗi nằm ở việc trẻ chơi mà không ai quan sát"".
Chị Nguyễn Thị Huệ (31 tuổi, ngụ ở 171 Nguyễn Hữu Cảnh, P.Thạnh Mỹ Tây, TP.HCM; trước đây là P.22, Q.Bình Thạnh, TP.HCM), cho rằng: ""Khi trò chơi được lặp lại theo dạng ""trend"" sẽ thu hút nhiều trẻ em ham khám phá. Điều nguy hiểm là trẻ em xem clip không hiểu được bối cảnh, điều kiện an toàn, trình độ bơi lội của người trong video. Trẻ chỉ thấy vui và bắt chước. Nhiều phụ huynh lại nghĩ ""chơi vậy thôi có sao đâu"" nên xem nhẹ nguy cơ"". Thiết nghĩ, để bảo đảm an toàn cho con, phụ huynh không nên để con đi chơi tự do tại các kênh, rạch, hồ nước"".
Phụ huynh cần có sự quan tâm sát sao khi con chơi ở nhà, nhất là những khu vực có rủi ro cao như ao, hồ, sông, suối
ẢNH: CHỤP TỪ VIDEO CLIP
Theo chuyên gia kỹ năng sống Đinh Hoàng Minh, Trung tâm bồi dưỡng kỹ năng sống Việt Skills (P.Chánh Hiệp, TP.HCM; trước là P.Định Hòa, TP.Thủ Dầu Một, tỉnh Bình Dương), sau sự việc học sinh chết đuối khi chơi ""ghe bobo"" nói riêng và nhiều vụ đuối nước nói chung, thì phụ huynh phải giám sát con tốt hơn.
""Phụ huynh cần dạy trẻ nhận biết rủi ro và không chơi ở môi trường không an toàn. Cần hướng dẫn trẻ phân biệt được đâu là nội dung giải trí bài bản, đâu là thử thách nguy hiểm. Phụ huynh hãy xem con đang xem gì, chơi gì, và đặt ra các quy tắc an toàn phù hợp"", ông Minh nói và cho rằng: ""Cũng cần đưa kỹ năng an toàn nước thành môn học bắt buộc từ tiểu học. Phải nhấn mạnh là việc trang bị kiến thức phải đi đôi với thói quen giám sát của người lớn. Không một trò chơi nào trên mạng xã hội tự nhiên trở nên nguy hiểm. Chính môi trường thật nơi trẻ chơi và tình trạng thiếukỹ năngmới là yếu tố gây tai nạn""."
https://thanhnien.vn/mot-dia-diem-check-in-voi-view-trieu-do-thu-hut-rat-dong-nguoi-vao-buoi-toi-185251208133933135.htm,Một địa điểm check-in với 'view triệu đô' thu hút rất đông người vào buổi tối,"Ngay giữa lòng TP.HCM, một công viên với những khối chữ rực sáng sắc màu đang trở thành điểm hẹn check-in của giới trẻ. Khi màn đêm buông xuống, rất nhiều người tìm đến nơi này hóng gió, dạo chơi và ghi lại những khung hình đẹp.","Ghi nhận của chúng tôi tối 7.12, công viên xếp chữ Marina Park vô cùng náo nhiệt. Vài ngày gần đây nơi này càng thu hút nhiều người đếncheck-inhơn bởi vào buổi tối, những khối chữ 3D lớn được thắp sáng có những màu sắc sặc sỡ. Hơn nữa, ngồi ở đây có thể tận hưởngkhông gian thoáng mátngay cạnh sông Sài Gòn, ngắm được tàu thuyền đi lại trên sông, cầu Ba Son và cả những tòa nhà biểu tượng của thành phố.
Nhiều người đang ngồi hóng mát, chụp ảnh với những khối chữ phát sáng
ẢNH: THẢO PHƯƠNG
Buổi tối, khu vực này thu hút rất đông người
ẢNH: THẢO PHƯƠNG
Đang đứng chụp ảnh tại đây, Nguyễn An Linh Thoại, sinh viên Trường ĐH Công thương TP.HCM, thích thú chia sẻ: “Cuối tuần mình thường hay đi dạo, hóng mát ở trung tâm thành phố, hôm nay thấy địa điểm này mới và nhiều màu sắc nên ghé thử. Cảm giác khá thú vị, vui nữa. Mà đúng là cuối tuần mọi người đến đông thật”.
Linh Thoại chụp ảnh với những khối chữ phát sáng
ẢNH: THẢO PHƯƠNG
Cách đó không xa, chị Bùi Thị Ngọc Ánh (34 tuổi) và bạn cũng đang liên tục tạo dáng chụp hình. Chị Ngọc Ánh cho biết thấy nơi này “hot rần rần” trên mạng vài ngày gần đây nên tranh thủ đến trải nghiệm: “Tôi xem clip thấy nhiều góc đẹp lắm nên phải đến ngay. Không khí ở đây nhộn nhịp, vui vẻ. Đến đây mình cảm nhận rõ sự sôi động và nhịp sống hiện đại của thành phố”.
Chị Ngọc Ánh (bìa trái) cho biết không thể bỏ lỡ địa điểm đang hot này
ẢNH: THẢO PHƯƠNG
Còn Lê Duy Hoàng Lân, một sinh viên của Trường ĐH Công thương, cho biết là người “nghiện” các tọa độ check-in mới nên không thể bỏ qua địa điểm này. “Không khí đông vui lắm, chắc tại mới nên mọi người đến rất đông. Mình vốn thích những không gian ngoài trời như thế này nên thấy rất dễ chịu. Đứng ở đây còn có thể ngắm được rất nhiều view triệu đô”, Hoàng Lân chia sẻ.
Càng về đêm càng có đông người, nhiều gia đình, nhóm bạn trẻ trải thảm ngồi trên bãi cỏ, con trẻ chạy nhảy, người lớn ngồi trò chuyện, ăn uống nhẹ giữa làn gió mát từ sông thổi vào. Từ góc nào cũng dễ dàng bắt gặp những chiếc điện thoại giơ lên ghi lại những khoảnh khắc đẹp.
Nhiều người thích thú tạo dáng chụp ảnh với những khối chữ phát sáng
ẢNH: THẢO PHƯƠNG
Một người phụ nữ tranh thủ chụp lại khoảnh khắc khi cầu Ba Son lên đèn
ẢNH: THẢO PHƯƠNG
Mất gần một tiếng đồng hồ mới đến được nơi đây vì kẹt xe, chị Kim Liên (35 tuổi), ngụ tại TP.HCM vẫn tỏ ra hài lòng khi nhìn quanh khu công viên sáng rực. “Đường đông lắm nên đi lâu, nhưng bù lại không gian ở đây đẹp và thoáng. Tôi thấy những khối chữ phát sáng này khá lạ mắt, cũng hay hay. Ở đây mọi người cũng ngồi hóng mát rất đông vui”, chị Liên chia sẻ.
Chị Kim Liên cho biết địa điểm này khá thú vị và thoáng mát
ẢNH: THẢO PHƯƠNG
Từ những bước chân rộn ràng trên bãi cỏ cho đến những khối chữ 3D đầy sắc màu phản chiếu xuống mặt sông, Marina Park đang dần trở thành “góc thành phố” mà người trẻ không thể bỏ qua. Không chỉ để chụp ảnh, nơi đây còn là một không gian đêm đầy năng lượng – nơi ai cũng có thể cảm nhận nhịp sống sôi động, phóng khoáng của Sài Gòn theo cách rất riêng."
https://thanhnien.vn/lien-tuc-xay-ra-duoi-nuoc-chi-biet-boi-thoi-van-chua-du-185250802160517275.htm,Liên tục xảy ra đuối nước: 'Chỉ biết bơi thôi vẫn chưa đủ',"Những ngày qua, các vụ đuối nước thương tâm liên tiếp xảy ra khiến dư luận không khỏi bàng hoàng và xót xa. Vậy biết bơi đã đủ hay cần thêm kiến thức, kỹ năng sinh tồn trong môi trường nước?","Anh Nguyễn Minh Huy (30 tuổi), ngụ ở 59 đường 8 P.Thủ Đức, TP.HCM (trước là P.Trường Thọ, TP.Thủ Đức, TP.HCM), chia sẻ: ""Bữa nay đọc báo, tôi liên tục thấy thông tincác vụ đuối nước đang diễn ranên khá lo lắng. Vậy, người dân cần trang bị những kỹ năng gì để tự bảo vệ bản thân? Liệu chỉ biết bơi đã đủ hay cần thêm kiến thức, kỹ năng sinh tồn trong môi trường nước?"".
Ông Tony Coffey (người Úc), chuyên gia cấp cứu ngoại viện, đồng sáng lập và cố vấn chuyên môn doanh nghiệp xã hội kỹ năng sinh tồn SSVN (TP.HCM), cho biết: ""Tỷ lệ chết đuối trên thế giới, đặc biệt tại Việt Nam, vẫn còn quá cao. Theo tôi, chỉ biết bơi vẫn là chưa đủ, bởi nhiều người bơi giỏi vẫn gặp nạn do cố gắng cứu người khác hoặc không nhận biết được nguy cơ trong môi trường nước. Điều cần thiết là phải hiểu các nguy hiểm, biết cách phòng tránh, cũng như nắm vững kỹ thuật cứu hộ dưới nước và hồi sức tim phổi (CPR) hiệu quả sau khi đưa nạn nhân lên bờ"".
Ông Tony Coffey trong một buổi thực hành cứu hộ
ẢNH: NVCC
Theo ông Tony, bạn trẻ cần học cách ""đọc"" mặt nước và hiểu cách dòng nước hoạt động. Trên bãi biển, người lướt sóng và nhân viên cứu hộ có thể nhận biết dòng rút và tận dụng hướng chảy của nước. Tương tự, trong sông ngòi, việc nhận diện dòng chảy là cần thiết, nhưng các nguy hiểm dưới mặt nước thường khó phát hiện hơn. Ông chia sẻ thêm về mặt thống kê, trẻ em dưới 5 tuổi có tỷ lệ chết đuối cao nhất, nhưng thanh thiếu niên nam cũng chiếm tỷ lệ đáng kể do hành vi liều lĩnh, thiếu hiểu biết về nguy hiểm hoặc tâm lý muốn thể hiện sự dũng cảm trước bạn bè.
""Thanh thiếu niên thường cảm thấy mình bất khả chiến bại và không muốn bị cấm đoán, dẫn đến việc cố gắng cứu bạn bè khi gặp nạn. Điều này làm tăng nguy cơ tử vong. Thay vì học theo những hình ảnh thiếu thực tế trên phim ảnh, người trẻ cần được trang bị kiến thức chính xác để bảo vệ bản thân và bạn bè. Những kỹ năng này hoàn toàn có thể tiếp cận dễ dàng qua các kênh miễn phí, các chương trình tập huấn cộng đồng hoặc theo dõi các nền tảng như Survival Skills Vietnam"", ông Tony nói.
Ông Tony lưu ý rằng hoảng loạn là nguyên nhân chính gây ra nhiều vụ đuối nước, bởi nó ngăn cản suy nghĩ lý trí khiến nạn nhân lặng lẽ chìm xuống nước. Học bơi là tốt, nhưng ít nhất cần biết cách nổi ngửa để tránh đuối nước và có thời gian lên kế hoạch thoát hiểm. Bên cạnh đó, bạn cần nắm vững cách đọc mặt nước, thực hiện kỹ thuật cứu hộ và sơ cứu đúng cách… để bảo vệ bản thân lẫn trở thành ""người hùng"" khi cứu người gặp nạn.
Ông Tony khuyến cáo bạn không nên bơi ở vùng nước nguy hiểm, nhận diện dòng rút, tránh các khu vực nước sâu hoặc đục. Nếu phát hiện người đuối nước, cần đưa họ lên bờ an toàn và thực hiện CPR thay vì dốc ngược nạn nhân để ""đổ nước ra"". ""Chết đuối là điều có thể phòng tránh được"", ông nói.
Ông Vũ Ngọc Chiến, chủ kênh Thầy Chiến dạy bơi thu hút gần 900 ngàn người theo dõi, cung cấp nhiều kiến thức và kỹ năng hữu ích về bơi lội và phòng chống đuối nước, cho biết mùa hè là thời điểm xảy ra nhiều vụ đuối nước, đặc biệt khi học sinh, sinh viên nghỉ hè và thường chơi đùa gần hồ nước.
Ông Chiến lấy ví dụ về một vụ việc ở Hà Nội mới đây khi hai em nhỏ thiệt mạng vì lấy quả bóng rơi xuống hồ, dẫn đến việc tự ý nhảy xuống lấy và gặp nạn. Ông cho rằng người trẻ cần được trang bị kỹ năng bơi lội và kiến thức phòng chống đuối nước. Kỹ năng bơi ở đây không chỉ là bơi được mà phải biết cách bơi an toàn để vào bờ khi gặp sự cố.
""Các em không nên chơi ở khu vực có hồ nước sâu và cần được giáo dục để nhờ người lớn hỗ trợ khi đồ vật rơi xuống nước, thay vì tự ý nhảy xuống. Nếu phát hiện người đuối nước, trẻ em lẫn người lớn không nên nhảy xuống cứu ngay lập tức nếu thiếu kinh nghiệm vì điều này có thể dẫn đến cả hai người gặp nguy hiểm. Thay vào đó, cần hô hoán để kêu gọi sự hỗ trợ từ nhiều người, đặc biệt là những người có sức khỏe và kinh nghiệm cứu hộ"", ông Chiến nói.
Khi trẻ em vui chơi tại biển hoặc hồ bơi, người lớn cần trực tiếp theo dõi và giám sát liên tục để phòng tránh các tình huống nguy hiểm
ẢNH MINH HỌA: AN VY
Ông Chiến cũng giải thích lý do nhiều người biết bơi vẫn đuối nước, đặc biệt khi bơi ở biển. Những người biết bơi thường ỷ lại vào khả năng của mình, bơi ra vùng nước sâu có sóng lớn hoặc dòng chảy mạnh, dẫn đến kiệt sức. Ngoài ra, các hành vi liều lĩnh như thử thách bơi qua sông sau khi uống rượu bia cũng làm tăng nguy cơ đuối nước vì lúc này cơ thể không đủ tỉnh táo và các cơ không hoạt động hiệu quả.
""Tôi cho rằng mọi người cần học bơi, nắm vững kỹ năng sinh tồn dưới nước và biết cách giảm thiểu rủi ro đuối nước. Đặc biệt, chuyện sơ cứu cũng phải học. Hiện tại có một số đoạn clip sơ cứu sai cách, chẳng hạn như dốc ngược nạn nhân. Điều này làm rất nguy hiểm lẫn mất thời gian ""vàng"" để cứu nạn nhân. Thay vào đó, chúng ta cần thực hiện ép tim và hô hấp nhân tạo ngay sau khi đưa nạn nhân lên bờ"", ông Chiến nói.
Người dân bơi ở Bà Rịa - Vũng tàu (cũ, nay là TP.HCM) trang bị phao cứu sinh khi bơi biển
ẢNH: AN VY
Anh Lương Ngọc Duy, thành viên Liên đoàn Thể thao dưới nước TP.HCM, cho biết thanh thiếu niên là đối tượng cần được quan tâm nhiều nhất trong chuyện phòng chống đuối nước. Ở lứa tuổi này, các em có nhận thức về rủi ro nhưng vẫn còn bốc đồng.
Anh Duy khuyến nghị người trẻ nên học ít nhất một kiểu bơi (chẳng hạn bơi ếch), biết cách nổi nước, đứng nước, tập nổi sấp và nổi ngửa. ""Ôn luyện bơi lội thường xuyên không chỉ giúp cải thiện kỹ năng mà còn là một môn thể thao tốt cho sức khỏe. Ngoài ra, bạn cần tưởng tượng và nhận diện các rủi ro tại các môi trường nước như ao, hồ, sông, suối, biển hoặc thậm chí các vật dụng chứa nước như bồn tắm, lu nước. Bên cạnh đó, mọi người cần tìm hiểu và tham gia các lớp đào tạo về sơ cấp cứu để xử lý tình huống đúng cách"".
Dù đã biết bơi, mỗi người vẫn nên luyện tập thường xuyên để duy trì kỹ năng và tăng khả năng ứng phó trong tình huống nguy hiểm
ẢNH MINH HỌA: AN VY"
https://thanhnien.vn/quan-ca-phe-hot-nhat-tphcm-ngoi-giua-vuon-nho-sai-qua-tha-ho-check-in-song-ao-185251108142908414.htm,"Quán cà phê hot nhất TP.HCM: Ngồi giữa vườn nho sai quả, tha hồ check-in sống ảo","Giữa lòng TP.HCM nhộn nhịp, ít ai ngờ lại có một quán cà phê độc đáo được bao phủ bởi những giàn nho xanh mát, trĩu quả. Tại đây, bạn có thể vừa nhâm nhi ly nước mát lạnh, vừa ngắm nhìn từng chùm nho chín mọng đung đưa trên đầu, tận hưởng không gian mát lành và tha hồ check-in sống ảo cực chất.","Ở P.Thới An, TP.HCM (Q.12 cũ), xuất hiện mộtđịa điểm mới mẻthu hút đông đảo người đến tham quan, trải nghiệm và chụp ảnh. Không gian quán được bao phủ bởi những giàn nho xanh mát, từng chùm nho trĩu quả.
Uống cà phê dưới giàn nho
ẢNH: THẢO PHƯƠNG

ẢNH: THẢO PHƯƠNG
Ghi nhận của chúng tôi, sáng cuối tuần vườn nho rất đông khách. Với nhiềungười trẻ, vườn nho này trở thành điểm hẹn lý tưởng trong ngày nghỉ. Nguyễn Thị Trúc Loan, sinh viên Trường ĐH Thủy Lợi, cho biết: “Đây là lần đầu tiên mình đến vườn nho để tham quan, xem trên mạng thấy lạ nên muốn đến thử. Nho rất sai trái, từng chùm rất đẹp. Tiếc là nho chưa chín hẳn nên chưa được hái”.
Những chùm nho đang dần chín
ẢNH: THẢO PHƯƠNG
Vườn nho sai trĩu trái
ẢNH: THẢO PHƯƠNG
Đi gần 20 km để đến đây, Đoàn Trung Nguyên (25 tuổi, ngụ TP.HCM), chia sẻ: “Ở quê mình cũng chưa thấy ai trồng đượcvườn nhothế này. Không gian khá mát mẻ, giá nước ở đây hợp lý. Cuối tuần đến đây cảm giác như trút hết stress”.
Trung Nguyên đi gần 20 km để đến tham quan vườn nho
ẢNH: THẢO PHƯƠNG
Với nhiều bạn trẻ, uống cà phê trong vườn nho là trải nghiệm thú vị
ẢNH: THẢO PHƯƠNG
Là người yêu thích chụp ảnh và cũng mê nho, Lê Nguyễn Hồng Hạnh (25 tuổi, giáo viên mầm non tại TP.HCM), bộc bạch: “Không ngờ ngay giữa thành phố lại có thể trồng được cả vườn nho. Được ngồi giữa giàn nho uống nước, ngắm quả, chụp ảnh, cảm giác rất thú vị. Dù đi một mình nhưng mình vẫn thấy vui”.Không chỉ giới trẻ, nhiều người ở độ tuổi trung niên cũng tranh thủ tìm đến đây để “giải nhiệt” sau giờ làm.
Hồng Hạnh thích thú chụp ảnh với những chùm nho
ẢNH: THẢO PHƯƠNG
Thích thú chụp ảnh hết góc này đến góc khác, chịNguyễn Thị Thu (ngụ đường Tô Ngọc Vân, P.An Hội Đông, TP.HCM), trước đây là P.16, Q.Gò Vấp, kể: “Vừa tan làm là tôi tranh thủ chạy đến đây. Không gian mát mẻ, dễ chịu. Ở thành phố mà có nơi thế này thì còn gì bằng”.

Vườn nho đang thu hút nhiều người đến tham quan
ẢNH: THẢO PHƯƠNG

ẢNH: THẢO PHƯƠNG
Chủ nhân của khu vườn độc đáo này là anh Lê Văn Hồng, quê ở Ninh Thuận cũ, vùng đất vốn nổi tiếng với những giàn nho xanh mướt. Từng là hướng dẫn viên du lịch, nhưng tình yêu với cây nho quê nhà khiến anh Hồng quyết định mang hình ảnh ấy vào giữa đô thị.
""Nghề nông như đã ăn vào máu, tôi muốn vừa gìn giữ nét đặc trưng của quê hương, vừa kết hợp với chuyên môn du lịch của mình. Từ đó, mô hình vườn nho này ra đời”, anh Hồng chia sẻ.

Khách đến đây có thể thưởng thức mật nho
ẢNH: THẢO PHƯƠNG
Nhiều người còn mua nho mang về
ẢNH: THẢO PHƯƠNG
Theo anh Hồng, vườn nho chỉ mới mở cửa đón khách được vài ngày, nhưng lượng người đến tham quan đã vượt ngoài mong đợi. “Có ngày cao điểm lên đến cả nghìn lượt khách. Mọi người đến chụp ảnh, uống nước, tìm hiểu cách trồng nho… Thấy ai cũng vui, tôi cũng thấy hạnh phúc”, anh nói.

Theo anh Hồng, hiện tại vườn có 7 loại nho
ẢNH: THẢO PHƯƠNG

ẢNH: THẢO PHƯƠNG
Hiện tại, vườn nho mở cửa từ 8 giờ sáng đến 20 giờ tối, và đặc biệt miễn phí vé tham quan. Ngoài khu vực cà phê, anh Hồng còn dự định mở thêm khu trải nghiệm hái nho, tìm hiểu quy trình chăm sóc cây."
https://thanhnien.vn/cau-chuyen-tinh-yeu-thoi-chien-se-lam-nhieu-nguoi-tre-rung-dong-185251208083735061.htm,Tình yêu thời chiến làm rung động nhiều trái tim,"Chuyên mục ""Những câu chuyện thời hoa lửa"" sẽ giao lưu trực tuyến đặc biệt với vợ chồng ông Trương Thanh Danh và bà Lê Tú Cẩm – tấm gương sống động về tinh thần yêu nước, sự trung kiên của người cộng sản và tình yêu bền bỉ vượt qua thử thách khắc nghiệt của thời chiến.","Cuộc giao lưu sẽ nói về những năm tháng gian khổ nhưng hào hùng của cách mạng Việt Nam. Khi đất nước còn chiến tranh, tuổi thanh xuân của ông bà không trôi đi trong nhung lụa, mà được tôi luyện qua những ngày tháng đầy thử thách trong tù đày, nơi họ phải đối mặt với nhọc nhằn, đau đớn và hiểm nguy. Trong hoàn cảnh ấy, tình yêu của ông và bà không những không phai nhạt mà còn trở thành nguồn động lực tinh thần để họ vượt qua tất cả, bảo vệ lý tưởng cách mạng và giữ vững niềm tin vào tương lai của dân tộc.

Ông Trương Thanh Danh và bà Lê Tú Cẩm sẽ chia sẻ trực tiếp những câu chuyện ít người biết về thời tuổi trẻ của mình: Kỷ vật trao gửi, những ngày sống trong cảnh tù đày cho đến những hành động dũng cảm… mỗi câu chuyện đều mang hơi thở của một thời hoa lửa, vừa bi thương vừa hào hùng, khiến người nghe không thể không cảm phục.
Buổi giao lưu không chỉ là một dịp để thế hệ trẻ lắng nghe những hồi ức lịch sử chân thực, mà còn là cơ hội để thấu hiểu giá trị của tinh thần yêu nước, sự trung kiên và lòng kiên định trước mọi thử thách. Những câu chuyện về tuổi thanh xuân, về tình yêu bền bỉ giữa ngục tù của ông bà sẽ truyền cảm hứng mạnh mẽ, khích lệ các bạn trẻ giữ vững niềm tin, dũng khí và nhiệt huyết trong cuộc sống hôm nay.

Bà Lê Tú Cẩm
ẢNH: THANH HẢI
Ông Trương Thanh Danh
ẢNH: THANH HẢI
Nguyễn Thị Hẹn, Phó chủ tịch Hội Sinh viên Trường ĐH Công nghiệp TP.HCM
ẢNH: THANH HẢI
Nguyễn Hoàng Duy, Phó bí thư Đoàn Trường ĐH Công nghiệp TP.HCM
ẢNH: THANH HẢI
Ngoài việc chia sẻ ký ức, ông bà còn trò chuyện về những bài học cuộc sống quý giá, về cách mà tình yêu và lý tưởng có thể trở thành sức mạnh để vượt qua gian khó. Những câu chuyện tưởng chừng chỉ tồn tại trong sách lịch sử, nay trở nên sống động qua lời kể chân thực, đầy xúc cảm, khiến mỗi người tham gia cảm nhận rõ hơn giá trị của tự do, của độc lập, và của tình yêu thương giữa con người với con người.
Buổi giao lưu do T.Ư Đoàn TNCS Hồ Chí Minh chỉ đạo, BáoThanh Niênthực hiện, sẽ được tổ chức trực tuyến tại thanhnien.vn, YouTubeThanh Niên, FacebookThanh Niênlúc 10 giờ hôm nay. Hãy cùng tham gia buổi giao lưu đặc biệt này để lắng nghe, học hỏi và truyền cảm hứng từ những câuchuyện thời hoa lửacủa vợ chồng ông Trương Thanh Danh và bà Lê Tú Cẩm – nơi tuổi trẻ, tình yêu và lý tưởng cách mạng hội tụ, thắp sáng tinh thần yêu nước và ý chí kiên cường cho thế hệ hôm nay. Chương trình còn có sự đồng hành của hai bạn trẻ: Nguyễn Hoàng Duy, Phó bí thư Đoàn Trường ĐH Công nghiệp TP.HCM và Nguyễn Thị Hẹn, Phó chủ tịch Hội Sinh viên Trường ĐH Công nghiệp TP.HCM."
https://thanhnien.vn/tinh-nguyen-va-sang-tao-nguon-luc-noi-sinh-quan-trong-dua-dat-nuoc-phat-trien-185251207221524579.htm,Tình nguyện và sáng tạo - Nguồn lực nội sinh quan trọng đưa đất nước phát triển,Có những người trẻ đã chọn sáng tạo để phụng sự; chọn dấn thân để cứu người. Họ là những người trẻ nhìn thấy khó khăn nhưng không quay lưng; nhìn thấy nỗi đau và không thờ ơ; nhìn thấy nhu cầu đổi mới và không ngần ngại sáng tạo…,"Tối 7.12, trong khuôn khổ Ngày hội thanh niên Việt Nam, T.Ư Đoàn tổ chức chương trình trao Giải thưởng ""Tình nguyện Quốc gia"", Giải thưởng ""Tuổi trẻ sáng tạo"" toàn quốc năm 2025 để tôn vinh những người trẻ tiên phong đã chọn đặt mình vào nơi khó nhất để làm những việc đẹp nhất.
Tham dự chương trình có ông Lê Quốc Phong, Ủy viên T.Ư Đảng, Phó bí thư thường trực Thành ủy TP.HCM; anh Bùi Quang Huy, Ủy viên dự khuyết T.Ư Đảng, Phó chủ tịch Ủy ban T.Ư MTTQ Việt Nam, Bí thư thứ nhất T.Ư Đoàn; anh Nguyễn Tường Lâm, Bí thư T.Ư Đoàn, Chủ tịch T.ƯHội Liên hiệp thanh niên Việt Nam.
Phát biểu tại chương trình, anh Nguyễn Tường Lâm nhấn mạnh đất nước đang bước vào kỷ nguyên vươn mình, hai phẩm chất ""tình nguyện"" và ""sáng tạo"" không còn là những khẩu hiệu, mà đã trở thành nguồn lực nội sinh quan trọng, là ""đôi cánh"" để thanh niên Việt Nam bay cao, vươn xa, đưa đất nước sánh vai với các cường quốc năm châu trên thế giới.
Ông Lê Quốc Phong và anh Bùi Quang Huy trao Giải thưởng ""Tình nguyện Quốc gia"" năm 2025 cho ca sĩ Hòa Minzy
ẢNH: NỮ VƯƠNG
Anh Nguyễn Tường Lâm cho biết năm 2025, hàng triệu lượt đoàn viên, thanh niên đã tham gia hoạt động tình nguyện tại khắp mọi miền đất nước: từ chăm lo cho người yếu thế, hỗ trợ nhân dân vùng thiên tai, làm đường nông thôn, sửa trường lớp, chăm sóc sức khỏe cộng đồng, đến bảo vệ môi trường, phát triển kinh tế…
""Tình nguyện của thanh niên hôm nay không chỉ dừng lại ở sự hỗ trợ hay cho đi vật chất, mà đã phát triển lên một tầm cao mới. Đó là tinh thần trách nhiệm công dân, là ý thức đồng hành cùng sự phát triển của đất nước. Các bạn không chỉ làm đường nông thôn, không chỉ bảo vệ môi trường, mà còn đang gieo mầmnhân ái. Mỗi chiến dịch, mỗi đội hình tình nguyện không chỉ mang theo nhiệt huyết của tuổi trẻ, mà còn lan tỏa niềm tin vào những điều tử tế, tốt đẹp còn mãi trong xã hội chúng ta. Các bạn chính là những ""ngọn lửa ấm"" giữa đời thường"", anh Nguyễn Tường Lâm nhấn mạnh.
Nếu tình nguyện là nhịp đập của trái tim nhân ái, thì sáng tạo chính là hơi thở của trí tuệ, là sức bật của tuổi trẻ trong thời đại số. Anh Nguyễn Tường Lâm cho biết chúng ta đang sống trong thời đại mà đổi mới sáng tạo là chìa khóa của sự phát triển. Và tuổi trẻ, không ai khác, chính là lực lượng quan trọng để biến đổi mới sáng tạo thành động lực tăng trưởng mới của đất nước. Các tác giả, nhóm tác giả đạt giải hôm nay chính là những người hiện thực hóa chủ trương của Đảng. Các bạn đã chứng minh rằng người Việt Nam không hề thua kém về trí tuệ, sáng tạo.
Anh Nguyễn Tường Lâm, Bí thư T.Ư Đoàn, Chủ tịch T.Ư Hội Liên hiệp thanh niên Việt Nam phát biểu tại lễ trao Giải thưởng ""Tình nguyện Quốc gia"", Giải thưởng ""Tuổi trẻ sáng tạo"" toàn quốc năm 2025
ẢNH NỮ VƯƠNG
""Chúng ta có thể đi sau, nhưng chúng ta có thể ""về trước"" nhờ sự sáng tạo và khả năng thích ứng linh hoạt. Những sản phẩm của các bạn không chỉ là niềm tự hào của cá nhân, mà là tài sản quý giá của quốc gia"", anh Nguyễn Tường Lâm khẳng định.
Các công trình, giải pháp, sản phẩm đạt giải năm nay là những giải pháp chuyển đổi số thông minh, giúp giải quyết thủ tục hành chính, giúp người dân tiếp cận dịch vụ công dễ dàng hơn; đó là những sáng kiến trong nông nghiệpcông nghệ cao, giúp bà con nông dân tăng năng suất, thoát nghèo bền vững trên chính mảnh đất quê hương; đó là những mô hình kinh tế xanh, kinh tế tuần hoàn, những giải pháp bảo vệ môi trường, ứng phó biến đổi khí hậu mang tầm chiến lược…
Anh Nguyễn Tường Lâm và anh Ngô Minh Hải, Bí thư Thành đoàn, Chủ tịch Hội Liên hiệp thanh niên Việt Nam TP.HCM, trao Giải thưởng ""Tuổi trẻ sáng tạo"" toàn quốc năm 2025 cho các cá nhân
ẢNH: NỮ VƯƠNG
Thông qua giải thưởng, anh Nguyễn Tường Lâm nhắn gửi: ""Tôi mong mỗi bạn trẻ giữ vững lý tưởng và bản lĩnh, đặt lợi ích của Tổ quốc lên trên hết. Không ngừng sáng tạo, dám nghĩ điều mới, dám làm điều khó. Sẵn sàng dấn thân, xung kích đi đầu trong việc giải quyết những vấn đề của xã hội. Tiếp tục nuôi dưỡng tinh thần tình nguyện, để lòng nhân ái, sự sẻ chia và trách nhiệm trở thành dấu ấn của thế hệ trẻ Việt Nam. Ở bất cứ lĩnh vực nào -khoa học công nghệ, sản xuất kinh doanh, văn hóa - xã hội, quốc phòng - an ninh, thanh niên luôn có thể làm tốt hơn, đóng góp nhiều hơn và tạo ra giá trị lớn hơn cho đất nước"".
Tại chương trình trao giải thưởng, mọi người đã được giao lưu với đại diện tiêu biểu cho các câu chuyện về những người trẻ đã chọn đặt mình vào nơi khó nhất để làm những việc đẹp nhất.
Với tâm niệm sáng tạo bắt đầu từ khát vọng làm cho cuộc sống tốt đẹp hơn, Nguyễn Bùi Anh Duy, đại diện nhóm tác giả công trình sản phẩm xanh từ phế phẩm nông nghiệp, gương thanh niên được tuyên dương Tuổi trẻ sáng tạo toàn quốc năm 2025, đã có những công trình nghiên cứu mang lại giá trị thiết thực và nâng cao giá trị kinh tế cho nông sản Việt.
Sáng tạo của Duy và nhóm là dùng tinh bột từ hạt mít, hạt xoài làm chất kết dính sinh học, sau đó dùng trấu hun và bã vỏ đậu phộng để xay thành bột, kết hợp với chất kết dính để làm chậu ươm. Sau khi ươm xong, chậu này sẽ đặt trực tiếp vào đất, từ đó giảm thiểu rác thải nhựa, cũng như chậu sau thời gian sử dụng sẽ phân giải thành chất hữu cơ tốt cho đất và sự phát triển của cây.
Nguyễn Bùi Anh Duy chia sẻ tại chương trình trao Giải thưởng ""Tình nguyện Quốc gia"", Giải thưởng ""Tuổi trẻ sáng tạo"" toàn quốc năm 2025
ẢNH: NỮ VƯƠNG
Duy nhắn gửi: ""Mình mong rằng, tất cả thanh niên Việt Nam hôm nay hãy cùng nhau hiến kế, cùng nhau tình nguyện, khi cùng nhau mở được cánh cửa thành công đầu tiên thì những cánh cửa thành công lớn lao khác cũng sẽ được mở ra"".
Là học sinh lớp 11 Trường THPT chuyên Cao Bằng, Hoàng Bảo Long, đại diện nhóm tác giả của công trình hệ thống AI Sentinel, gương thanh niên được tuyên dương Tuổi trẻ sáng tạo toàn quốc năm 2025, khiến mọi người xúc động khi chia sẻ về nguồn động lực và cơ duyên ra đời các sản phẩm sáng tạo của mình.
Cậu học trò chia sẻ: ""Tháng 9.2024, tỉnh Cao Bằng và một số tỉnh thành khác đã chịu ảnh hưởng rất nặng nề của bão Yagi. Cơn bão ấy cũng đã cướp đi một học sinh của mẹ em. Chứng kiến mẹ khóc, trong em đã hình thành nên ý tưởng xây dựng dự án. Bên cạnh đó, là người con của chiến sĩ mang quân hàm xanh, chứng kiến được sự vất vả của bố và đồng đội khi phải căng mình ngày đêm bảo vệ bình yên Tổ quốc. Từ đó, em mong muốn đóng góp được một chút sức lực nhỏ bé của mình để hỗ trợ bố và đồng đội"".
Từ đó, hệ thống AI Sentinel của Long và nhóm bạn đã ra đời. Đây là mạng lưới hỗ trợ bảo vệ chủ quyền lãnh thổ, cảnh báo thiên tai theo thời gian thực sử dụng trí tuệ nhân tạo và học máy.
Hay như câu chuyện của anh Hoàng Minh Thành, người lái ca nô vào tâm lũ hỗ trợ đồng bào, gương thanh niên được tuyên dương Giải thưởng ""Tình nguyện quốc gia"" năm 2025, là một trong những điển hình của lòng can đảm, dấn thân để cứu người.
Năm nay, 20 cá nhân và tập thể tiêu biểu được trao Giải thưởng ""Tình nguyện Quốc gia""; 43 tác giả và nhóm tác giả được trao Giải thưởng ""Tuổi trẻ sáng tạo"" toàn quốc
ẢNH: NỮ VƯƠNG
Anh Thành sinh ra và lớn lên ở vùng đất Quảng Bình (cũ), thấu hiểu nỗi khổ và khó khăn của người dân mỗi mùa mưa lũ. Suốt 12 năm qua, anh và nhóm của mình không quản hiểm nguy lái ca nô vào tâm lũ hỗ trợ đồng bào.
Tại chương trình, anh xúc động tâm sự: ""Trong suốt quá trình làm công việc này thì nỗi day dứt và ám ảnh nhất là những lời kêu cứu của bà con mỗi đêm nước lên. Cứ mỗi lần như vậy, anh em không ai bảo ai, chỉ với tâm niệm mình không làm thì ai làm, nên cùng cố gắng và cứ thế lao vào tâm lũ để hỗ trợ người dân"".
Anh Thành cũng chia sẻ để thực hiện tốt nhiệm vụ không thể không có sự đồng lòng, đoàn kết và cả việc phải đánh đổi rất nhiều thứ để đi vào vùng nguy hiểm. ""Cũng thật may mắn khi chúng tôi đã vượt qua tất cả và hôm nay được đứng đây để chia sẻ câu chuyện đến những bạn thanh niên khác"", anh bày tỏ.
Năm nay, 20 cá nhân và tập thể tiêu biểu được trao Giải thưởng ""Tình nguyện Quốc gia""; 43 tác giả và nhóm tác giả được trao Giải thưởng ""Tuổi trẻ sáng tạo"" toàn quốc.
Chương trình có sự đồng hành của Tập đoàn Công nghiệp - Năng lượng Quốc gia Việt Nam và Ngân hàng TMCP Đầu tư và Phát triển Việt Nam."
https://thanhnien.vn/nhung-cau-chuyen-thoi-hoa-lua-me-vn-anh-hung-102-tuoi-va-niem-tin-gui-tuong-lai-185251123164348899.htm,Những câu chuyện thời hoa lửa: Mẹ VN anh hùng 102 tuổi và niềm tin gửi tương lai,"Ở tuổi 102, Mẹ VN anh hùng Đào Thị Vui vẫn minh mẫn kể về hành trình kiên trung giữa bom đạn, nỗi đau mất chồng con và niềm tin gửi gắm vào tương lai đất nước. Cuộc đời mẹ là biểu tượng bất khuất của vùng đất lửa Quảng Trị.","Trong căn nhà nhỏ ở thôn Đại An Khê, xã Hải Lăng (trước thuộc xã Hải Thượng),Quảng Trị, Mẹ VN anh hùng Đào Thị Vui vẫn minh mẫn, giọng chậm rãi mà rắn rỏi khi nhắc về những năm tháng chiến tranh. Những ký ức vừa đau thương vừa anh dũng ấy chưa bao giờ phai nhạt trong trí nhớ người mẹ đã dành trọn cuộc đời cho cách mạng.
Sinh ngày 5.5.1923, từ thuở đôi mươi, mẹ Vui đã cùng chồng (liệt sĩ Lê Hồi) tham gia hoạt động cách mạng, làm liên lạc, che giấu cán bộ, đào hầm bí mật ngay trong lòng địch. Những lần bị bắt và đánh đập, mẹ vẫn kiên quyết không khai một lời. Mẹ từng kể: ""Có lúc chúng đánh đến ngất đi, tỉnh lại rồi đánh tiếp, nhưng nghĩ đến đồng đội đang ẩn nấp, mẹ quyết không mở miệng"".
Năm 1949, chồng mẹ hy sinh trong một trận càn của đối phương. Tuy nhiên, nỗi đau mất người bạn đời khi tuổi mới đôi mươi không làm mẹ lùi bước. Mẹ một mình nuôi nấng con trai duy nhất Lê Thịnh, vừa làm mẹ, làm cha, vừa tiếp tục nhiệm vụ nuôi giấu cán bộ giữa cảnh bom đạn triền miên.
Bạn trẻ thường xuyên đến thăm nhà mẹ Vui
ẢNH: NGUYỄN PHÚC
Theo truyền thống gia đình, anh Thịnh lớn lên, trở thành cán bộ kinh - tài, hoạt động bí mật trong giai đoạn kháng chiến chống Mỹ. Năm 1969, anh ngã xuống trong một trận chiến ác liệt ở tuổi 22, đúng lúc tuổi xuân rực rỡ nhất. ""Cả người như mềm ra, nhưng nghĩ con hy sinh cho Tổ quốc, mẹ không được phép ngã"", mẹ Vui kể lại giây phút nghe tin dữ.
Những năm 1966 - 1972, chiến trường Hải Thượng là một trong những địa bàn nóng bỏng nhất, nhiều lần mẹ bị bắt khi đang ở gần các hầm bí mật có cán bộ bên trong. Điển hình là vụ giữa tháng 11.1968, trước miệng hầm có một chính trị viên tiểu đoàn và 16 chiến sĩ đang ẩn náu. Mẹ bị đánh đập tàn bạo bằng gậy gộc, đổ nước xà phòng vào mũi, miệng để ép khai, nhưng đáp lại chỉ là sự im lặng bất khuất.
Với những đóng góp lớn lao, năm 1994, mẹ Vui được phong tặng danh hiệuMẹ VN anh hùng. Mẹ còn được trao Huân chương Kháng chiến hạng nhì, Huân chương Độc lập hạng ba cùng nhiều phần thưởng cao quý. Gia đình mẹ được tặng Bảng gia đình vẻ vang chống Mỹ cứu nước.
Sau ngày đất nước thống nhất, mẹ sống hiền hòa, lao động sản xuất cùng bà con. Ở tuổi 102, dáng người đã nhỏ đi nhiều nhưng ánh mắt, giọng nói của mẹ vẫn giữ nguyên sự cứng cỏi của một người từng đi qua những tháng ngày giữa ranh giới sự sống và cái chết để bảo vệ cách mạng.
Sáng 26.7 vừa qua, nhân kỷ niệm 78 năm ngày Thương binh - Liệt sĩ,Thủ tướng Chính phủ Phạm Minh Chínhđến thăm hỏi, tặng quà động viên mẹ Vui. Cùng đi có Phó chủ tịch Ủy ban T.Ư MTTQ VN, Bí thư thứ nhất T.Ư Đoàn Bùi Quang Huy và đoàn công tác.
Cuộc gặp ấy trở thành một trong những hình ảnh xúc động, lan tỏa mạnh mẽ trên mạng xã hội nhiều ngày sau. Trong căn nhà đơn sơ, Thủ tướng ân cần hỏi thăm sức khỏe, đời sống sinh hoạt của mẹ, bày tỏ lòng biết ơn sâu sắc trước những hy sinh của gia đình mẹ cho sự nghiệp giải phóng dân tộc.
Thủ tướng Chính phủ Phạm Minh Chính và Phó chủ tịch Ủy ban T.Ư MTTQ VN, Bí thư thứ nhất T.Ư Đoàn Bùi Quang Huy cùng đoàn công tác đến thăm hỏi mẹ Vui nhân dịp 27.7
ẢNH: NGUYỄN PHÚC
Thủ tướng mong mẹ tiếp tục sống vui, sống khỏe, làm điểm tựa tinh thần cho con cháu và thế hệ trẻ; đồng thời đề nghị cấp ủy, chính quyền địa phương tiếp tục quan tâm chăm sóc mẹ và các gia đình có công... Nghe những lời hỏi thăm ân cần ấy, mẹ Vui rất xúc động. Mẹ nắm tay Thủ tướng thật chặt, rồi bất ngờ ôm lấy người đứng đầu Chính phủ, một cái ôm tự nhiên và ấm áp như cách người mẹ ôm đứa con lâu ngày trở về. Hình ảnh ấy được ghi lại, lan tỏa trên mạng và chạm tới trái tim hàng triệu người.
Mẹ Vui gửi gắm: ""Mẹ già rồi nhưng lòng mẹ luôn hướng về Tổ quốc, mong thế hệ sau giữ lấy hòa bình, yêu nước, thương dân, cùng nhau xây dựng đất nước ngày càng giàu đẹp"".
Mẹ già rồi nhưng lòng mẹ luôn hướng về Tổ quốc, mong thế hệ sau giữ lấy hòa bình, yêu nước, thương dân, cùng nhau xây dựng đất nước ngày càng giàu đẹp.
Ngoài sự thăm hỏi của lãnh đạo Đảng và Nhà nước, tuổi trẻ cả nước cũng dành cho mẹ Vui món quà đặc biệt là bức ảnh khổ lớn phục dựng cảnh mẹ ngồi cạnh người con trai liệt sĩ Lê Thịnh, cùng đoạn video ""ngày đoàn viên"" được tạo bằng công nghệ trí tuệ nhân tạo (AI).
Khi xem lại hình ảnh con trai, mẹ đã bật khóc. Trong đoạn video dài 45 giây, công nghệ AI tái hiện cảnh người con ôm mẹ, nói những lời an ủi: ""Con hy sinh vì độc lập dân tộc, lúc nào con cũng ở bên mẹ"". Ánh mắt mẹ từ đau đớn chuyển sang bình thản, như một lần nữa chấp nhận sự thật mà mẹ đã sống cùng suốt nửa thế kỷ: hy sinh là để Tổ quốc được độc lập. Cuối đoạn video là nụ cười rạng ngời của người lính và cái ôm của hai mẹ con, một hình ảnh khiến người xem xúc động...
Mẹ nói, giọng run run nhưng đầy hạnh phúc: ""Mẹ như được gặp lại con mình khi còn sống. Cảm ơn các cháu đã cho mẹ phút giây quý giá này"".
Xã Hải Thượng cũ, nơi mẹ Đào Thị Vui sống, là vùng đất đặc biệt của Quảng Trị. Nơi này có đến 95 mẹ được phong tặng và truy tặng Mẹ VN anh hùng, đến nay chỉ duy nhất mẹ Vui còn sống.
Những người mẹ của Hải Thượng mang trong mình truyền thống yêu nước nồng nàn. Họ đã đào hàng trăm hầm bí mật nuôi giấu cán bộ, che chở những đoàn quân qua lại trong lòng đối phương. Nhiều mẹ tiễn con vào chiến trường rồi vĩnh viễn không đón con về, nhưng vẫn âm thầm tiếp tục công việc cách mạng. Lòng trung hiếu ấy như những trang gia phả đỏ của cả một vùng quê.
Các di ảnh mẹ VN anh hùng trong Khu tưởng niệm ở xã Hải Thượng cũ
ẢNH: T.L
Hải Thượng nằm ở vị trí đặc biệt, là nơi nối giữa miền núi, đồng bằng và đô thị, án ngữ phía nam TX.Quảng Trị cũ. Vì vậy, trong chiến tranh, nơi đây luôn là mục tiêu đánh phá ác liệt. Từ năm 1966 - 1972, quân Mỹ và chính quyền Sài Gòn xem Hải Thượng là địa bàn phải xóa sổ. Nhưng càng bị vùi dập, người dân nơi đây càng bền gan, góp phần làm nên dòng chảy cách mạng mạnh mẽ.
Vì sự kiên trung ấy, năm 1969, Hải Thượng được phong tặng danh hiệu Anh hùng Lực lượng vũ trang nhân dân giải phóng, là xã anh hùng đầu tiên của Quảng Trị.
Để tri ân 95 Mẹ VN anh hùng của địa phương, xã đã vận động xây dựng Khu tưởng niệm Mẹ VN anh hùng bằng hình thức xã hội hóa. Công trình rộng hơn 500 m², nhìn ra hồ sen bát ngát với đầy đủ nhà thờ chính, tháp chuông, vườn hoa, nơi thờ Bác Hồ và các mẹ. Đây cũng là nơi đặt di ảnh của những người con đã hy sinh khi chưa kịp lập gia đình, như một sự bù đắp thiêng liêng.
Trong khu tưởng niệm ấy, chỉ còn một vị trí chưa đặt di ảnh, vị trí dành cho mẹ Vui...
Ông Nguyễn Quang Hải, Bí thư Đảng ủy xã Hải Lăng, chia sẻ: ""Trong 95 Mẹ VN anh hùng của xã Hải Thượng cũ, giờ chỉ còn mẹ Vui còn sống và rất mẫn tiệp, bình dị giữa xóm làng. Mẹ là niềm tự hào của địa phương và là ký ức sống về lịch sử đấu tranh của quê hương""."
https://thanhnien.vn/lan-toa-tinh-than-doi-moi-sang-tao-trach-nhiem-trong-doi-ngu-can-bo-tre-185251111204453387.htm,"Lan tỏa tinh thần đổi mới, sáng tạo, trách nhiệm trong đội ngũ cán bộ trẻ","Thứ trưởng Bộ Tài chính Trần Quốc Phương đề nghị, Đoàn Thanh niên Bộ Tài chính tiếp tục đổi mới mạnh mẽ, phát huy tinh thần xung kích, sáng tạo, chủ động hội nhập.","Chiều 11.11, tại Hà Nội đã diễn ra Đại hội đại biểuĐoàn TNCS Hồ Chí MinhBộ Tài chính lần thứ I, nhiệm kỳ 2025 - 2030.
Đại hội có sự tham dự của anhBùi Quang Huy, Ủy viên dự khuyết T.Ư Đảng, Bí thư thứ nhất T.Ư Đoàn TNCS Hồ Chí Minh; ông Trần Quốc Phương, Ủy viên Ban Thường vụ Đảng ủy Bộ Tài chính, Thứ trưởng Bộ Tài chính; anh Bùi Hoàng Tùng, Bí thư Đoàn Thanh niên Chính phủ.
Thứ trưởng Bộ Tài chính Trần Quốc Phương phát biểu tại đại hội
ẢNH: ĐT
Phát biểu tại đại hội, Thứ trưởng Trần Quốc Phương đánh giá, trong nhiệm kỳ vừa qua, một trong những điểm nhấn đáng chú ý là Đoàn Thanh niên Bộ Tài chính đã có nhiều đổi mới cả về nội dung lẫn phương thức hoạt động, phát huy hiệu quả, tạo dấu ấn rõ nét trong thực tiễn.
Các cấp bộ Đoàn chủ động nắm bắt yêu cầu nhiệm vụ chính trị của ngành, chuyển hướng hoạt động theo tinh thần thiết thực, gắn với chuyên môn, góp phần lan tỏa tinh thần đổi mới, sáng tạo, trách nhiệm trong đội ngũ cán bộ trẻ...
Bên cạnh những kết quả đã đạt được, ông Phương cũng chỉ ra, phong trào chưa thật sự phát triển đồng đều giữa các đơn vị; công tác giáo dục của Đoàn tuy được triển khai rộng khắp nhưng chiều sâu, tính bền vững chưa cao...
Giai đoạn tới, ông Phương đề nghị Đoàn Thanh niên Bộ Tài chính tiếp tục đổi mới mạnh mẽ, phát huy tinh thần xung kích, sáng tạo, chủ động hội nhập.
Xây dựng đội ngũ cán bộ, đoàn viên, thanh niên Bộ Tài chính ""vừa hồng, vừa chuyên"", có bản lĩnh chính trị vững vàng, có khát vọng cống hiến, giỏi chuyên môn, tinh thông nghiệp vụ, sẵn sàng đảm nhận việc khó, dám đổi mới, dám chịu trách nhiệm vì lợi ích chung.
Phát huy cao độ vai trò xung kích, sáng tạo của tuổi trẻ Bộ Tài chính trong công tác tham mưu, hoạch định và triển khai các chủ trương lớn, đột phá chiến lược của đất nước, của ngành.
Anh Bùi Quang Huy tặng bằng khen của T.Ư Đoàn TNCS Hồ Chí Minh cho Đoàn Thanh niên Bộ Tài chính
ẢNH: ĐT
Trong đó, chuyển đổi số, làm chủ KH-CN và phát triển bền vững phải trở thành sợi chỉ đỏ xuyên suốt trong mọi hoạt động. Mỗi ý tưởng, sáng kiến, đề xuất của đoàn viên thanh niên đều cần hướng tới mục tiêu nâng cao hiệu quả quản lý tài chính - ngân sách, cải thiện chất lượng dịch vụ công, phục vụ ngày càng tốt hơn cho người dân, doanh nghiệp và chính quyền địa phương 2 cấp.
Phát biểu tại đại hội, anh Bùi Hoàng Tùng cho rằng, Đoàn Thanh niên Bộ Tài chính đã triển khai toàn diện các mặt công tác và đạt được nhiều kết quả nổi bật.
Anh Tùng đề nghị đại hội nghiêm túc tiếp thu chỉ đạo của Thứ trưởng Trần Quốc Phương, nhanh chóng cụ thể hóa vào nghị quyết và chương trình hành động trong nhiệm kỳ tới.
""Chúng ta cùng xác định phương châm công tác Đoàn là thường xuyên đổi mới, nâng cao hiệu quả, tính thực tiễn, thiết thực của các hoạt động Đoàn. Hoạt động Đoàn cần gắn chặt với nhiệm vụ chuyên môn của đơn vị.
Phong trào Đoàn cần tập trung vào việc nâng cao trình độ chuyên môn, nghiệp vụ, năng lực tự học và làm việc sáng tạo của đoàn viên, thanh niên; phát triển môi trường văn hóa công sở hiện đại, chuyên nghiệp, góp phần thực hiện định hướng phát triển chiến lược của ngành tài chính"", anh Tùng nhấn mạnh."
https://thanhnien.vn/tuoi-tre-quang-ninh-huong-ve-cong-dong-185251207193813216.htm,Tuổi trẻ Quảng Ninh hướng về cộng đồng,"Hướng về cộng đồng bằng những việc làm thiết thực, tuổi trẻ Quảng Ninh đồng loạt ra quân Ngày thanh niên cùng hành động, lan tỏa tinh thần tình nguyện và khí thế tiên phong.","Sáng 7.12, tại xã Bình Liêu,Tỉnh đoàn Quảng Ninhvà Hội Liên hiệp thanh niên Việt Nam tỉnh Quảng Ninh tổ chức Ngày thanh niên cùng hành động, chào mừng thành công Đại hội MTTQ và các tổ chức chính trị - xã hội tỉnh nhiệm kỳ 2025 - 2030.
Lãnh đạo Tỉnh đoàn Quảng Ninh và các đơn vị đồng hành trao tặng hệ thống máy tính liên thôn
ẢNH: LA LÀNH
Cũng tại đây, tuổi trẻ toàn tỉnh Quảng Ninh phát động đề án ""Tuổi trẻ Việt Nam đồng hành với thanh thiếu nhi vùng biên giới giai đoạn 2025 - 2030"" và ra quân chương trình ""Tình nguyện mùa đông 2025 - Xuân tình nguyện 2026"".
Trong khuôn khổ chương trình, hàng loạt phần việc ý nghĩa được triển khai, thể hiện vai trò xung kích của thanh niên. Nổi bật là công trình ""Hệ thống máy tính liên thôn"" trị giá 90 triệu đồng; 40 góc học tập ""Cùng em hướng tương lai""; không gian đọc sách và sinh hoạt Đội cho học sinh Trường tiểu học và THCS Bình Liêu trị giá 30 triệu đồng.
Ngoài ra, 20 xe đạp và 30 suất quà đã được trao cho học sinh có hoàn cảnh khó khăn, nỗ lực vươn lên trong học tập.
Tỉnh Đoàn trao tặng 40 góc học tập ""Cùng em hướng tới tương lai"" cho học sinh có hoàn cảnh khó khăn
ẢNH: LA LÀNH
Đoàn viên, thanh niênBình Liêucũng đã tổ chức trồng cây, vệ sinh môi trường, tuyên truyền sử dụng eTax Mobile đến các hộ kinh doanh và cắt tóc miễn phí cho trẻ em thôn Nà Cắp. Tất cả đều diễn ra với tinh thần sôi nổi, trách nhiệm, mang lại lợi ích thiết thực cho người dân vùng biên giới.
Ngày thanh niên cùng hành động được triển khai đồng loạt tại 100% cơ sở Đoàn, Hội trong toàn tỉnh, trở thành dấu mốc mở đầu nhiệm kỳ mới, cụ thể hóa tinh thần ""Tiên phong - Sáng tạo - Bản lĩnh - Đột phá - Phát triển"".
Tuổi trẻ Quảng Ninh ra quân sửa chữa nhà cho người dân có hoàn cảnh khó khăn trên địa bàn
ẢNH: Q.N
Hoạt động không chỉ thể hiện quyết tâm bắt tay ngay vào việc củatuổi trẻ Quảng Ninhmà còn góp phần tạo khí thế thi đua sôi nổi, lan tỏa tinh thần tình nguyện rộng khắp.
Cùng thời điểm này, nhiều địa phương trong tỉnh Quảng Ninh cũng đồng loạt ra quân hỗ trợ an sinh xã hội. Ngày 6.12, Đoàn P.Mông Dương khởi công xây dựng 3 ""Ngôi nhà khăn quàng đỏ"" cho học sinh có hoàn cảnh khó khăn, thể hiện tình cảm sẻ chia và trách nhiệm của thanh niên đối với thế hệ tương lai.
Trước đó, sáng 4.12, tuổi trẻ P.Liên Hòa phối hợp lực lượng dân quân hỗ trợ tháo dỡ, dọn mặt bằng xây nhà mới cho hộ nghèo tại khu Phong Hải 1."
https://thanhnien.vn/nhieu-loi-the-de-thanh-nien-tinh-dong-nai-phat-trien-185251207142003336.htm,Nhiều lợi thế để thanh niên tỉnh Đồng Nai phát triển,"Chủ tịch Hội Liên hiệp thanh niên Việt Nam đề nghị phải thực hiện nghiêm tinh thần ""tăng hành động; ít khẩu hiệu hơn, nhiều kết quả hơn""; Cần tiếp tục mở rộng mặt trận đoàn kết, tập hợp thanh niên và xây dựng tổ chức Hội vững mạnh trong tình hình mới.","Ngày 7.12,Hội LHTN Việt Nam tỉnh Đồng Naitổ chức Đại hội lần thứ 1, nhiệm kỳ 2025 - 2029. AnhNguyễn Tường Lâm, Bí thư T.Ư Đoàn, Chủ tịch Hội Liên hiệp thanh niên Việt Nam đến dự.
Anh Nguyễn Tường Lâm phát biểu chỉ đạo tại Đại hội
ẢNH: LÊ LÂM
Phát biểu chỉ đạo tại đại hội, anh Nguyễn Tường Lâm đánh giá đây là sự kiện đặc biệt đánh dấu hành trình mới của tuổi trẻ Đồng Nai sau khi hợp nhất từ 2 tỉnh (Đồng Nai và Bình Phước), tạo nên sức mạnh cộng hưởng, không gian rộng mở, hiện đại và giàu tiềm lực.
Đại hội cũng được diễn ra ngay sau Đại hội đại biểu Đoàn TNCS Hồ Chí Minh tỉnh lần thứ 1, và khoảng 2 tháng sau Đại hội Đảng bộ tỉnh Đồng Nai với những định hướng rất cụ thể cho chặng đường phát triển mới của tỉnh.
Theo anh Nguyễn Tường Lâm, đến với Đồng Nai hôm nay, chúng ta vui mừng trước hình ảnh một địa phương đang bứt phá mạnh mẽ, tiếp tục khẳng định vai trò trung tâm công nghiệp - dịch vụ của vùng kinh tế trọng điểm phía nam, giữ vị trí cửa ngõ giao thương chiến lược kết nối Đông Nam bộ với Tây Nguyên.
Trong sự vươn mình mạnh mẽ đó, dấu ấn của thanh niên được thể hiện rõ nét qua hình ảnh tiên phong trong chuyển đổi số, sáng tạo trong khởi nghiệp, nhiệt huyết, xung kích trong các phong trào hành động cách mạng và trách nhiệm, gắn bó với cộng đồng, cống hiến cho sự phát triển bền vững của quê hương Đồng Nai tươi đẹp.
Chủ tịch Hội Liên hiệp thanh niên Việt Nam nhấn mạnh Nghị quyết Đại hội Đảng bộ tỉnh Đồng Nai lần thứ 1 đã xác định rõ những mục tiêu ưu tiên của tỉnh trong giai đoạn tới, trong đó tập trung phát triển công nghiệp theo hướng hiện đại, nâng cao chất lượng hệ thống hạ tầng, thúc đẩy kinh tế số, kinh tế xanh và cải thiện toàn diện đời sống nhân dân.
Những mục tiêu này đồng thời đặt ra yêu cầu tổ chức Hội phải tiếp tục đổi mới, tạo điều kiện để thanh niên làm chủ tri thức, kỹ năng và công nghệ mới; khơi dậy khát vọng lập nghiệp, khởi nghiệp; phát huy tinh thần trách nhiệm với cộng đồng, qua đó xây dựng lớp thanh niên Đồng Nai trở thành nguồn lực quan trọng của tỉnh.
Anh Nguyễn Tường Lâm cùng lãnh đạo Đồng Nai chức mừng Ban chấp hành Hội LHTN Việt Nam tỉnh Đồng Nai nhiệm kỳ 2025 - 2029
ẢNH: LÊ LÂM
Để đáp ứng yêu cầu trên, Chủ tịch Hội Liên hiệp thanh niên Việt Nam đề nghị Đại hội cụ thể hóa thành các giải pháp trong nhiệm kỳ tới.
Cụ thể, phải thực hiện nghiêm tinh thần ""tăng hành động; ít khẩu hiệu hơn, nhiều kết quả hơn""; Cần tiếp tục mở rộng mặt trận đoàn kết, tập hợp thanh niên và xây dựng tổ chức Hội vững mạnh trong tình hình mới; Đặc biệt chú trọng lực lượng thanh niên công nhân và thanh niên tại địa bàn dân cư, nhất là ở các khu công nghiệp, khu chế xuất và khu kinh tế của tỉnh. Đây là lực lượng đông đảo, năng động, có tư duy hiện đại nhưng thường đối diện nhiều áp lực về việc làm và đời sống, rất cần sự đồng hành, hỗ trợ kịp thời của tổ chức Hội.
Cán bộ Hội Liên hiệp thanh niên phải là những người ""gương mẫu"", ""dám nghĩ, dám làm, dám chịu trách nhiệm"". Từng đồng chí cán bộ đặc biệt là cán bộ hội chủ chốt của tỉnh phải ghi nhớ và thực hiện thật tốt lời căn dặn của Tổng Bí thư Tô Lâm, phải là những người nhiệt huyết, ""lo trước thanh niên, vui sau thanh niên, gian khổ thì đi trước, hưởng thụ thì đi sau, có khả năng hoạch định, tổ chức các phong trào cách mạng thiết thực, hiệu quả"".
Chủ tịch và các Phó chủ tịch Hội Hội Liên hiệp thanh niên Việt Nam tỉnh Đồng Nai lần thứ 1, nhiệm kỳ 2025 - 2029
ẢNH: TỈNH ĐOÀN ĐỒNG NAI
Tại đại hội, các đại biểu đã hiệp thương bầu Ban chấp hành Hội LHTN Việt Nam tỉnh Đồng Nai nhiệm kỳ 2025 – 2029 với 45 ủy viên. Sau đó, các ủy viên hiệp thương bầu Chủ tịch là anh Nguyễn Thế Công, cùng 5 phó chủ tịch gồm: chị Phạm Thị Thu Thảo, chị Đặng Thị Mỹ Linh, anh Lại Tiến Sĩ, Bùi Xuân Dũng, Đặng Quốc Nghi."
https://thanhnien.vn/man-nhan-voi-gan-5000-ban-tre-dong-dien-khai-mac-ngay-hoi-thanh-nien-viet-nam-185251207104719307.htm,Mãn nhãn với gần 5.000 bạn trẻ đồng diễn khai mạc Ngày hội thanh niên Việt Nam,"Tại Quảng trường P.Dĩ An, dưới ánh nắng tươi đẹp sáng mai, người dân thành phố mang tên Bác được mãn nhãn với màn đồng diễn rực rỡ sắc xanh của gần 5.000 thanh niên trong Ngày hội thanh niên Việt Nam. Những chuyển động đều đặn, dứt khoát và căng tràn nhiệt huyết đã tạo nên bức tranh sống động về khát vọng và tinh thần tiên phong của thanh niên Việt Nam thời đại mới.","Nhằm tôn vinh, động viên và nhân rộng điển hình những cá nhân, tập thể tiêu biểu đã có cống hiến và đóng góp xuất sắc trong các hoạt động tình nguyện vì cộng đồng; có công trình, giải pháp, sản phẩm sáng tạo tiêu biểu trong đoàn viên, thanh thiếu nhi cả nước, T.Ư Đoàn tổ chứcNgày hội thanh niên Việt Namnăm 2025. Sáng nay (7.12) chương trình khai mạc ngày hội đã diễn ra tại Quảng trường P.Dĩ An, TP.HCM.
Các đại biểu cùng gần 5.000 thanh niên thành phố mang tên Bác trong tiết mục đồng diễn với chủ đề ""Tuổi trẻ Việt Nam vững bước dưới cờ Đảng - Tiên phong bước vào kỷ nguyên mới""
ẢNH: NỮ VƯƠNG
Đến tham dự chương trình khai mạc có anh Bùi Quang Huy, Ủy viên dự khuyết T.Ư Đảng, Phó chủ tịch Ủy ban T.Ư Mặt trận Tổ quốc Việt Nam, Bí thư thứ nhất T.Ư Đoàn; anh Nguyễn Kim Quy, Ủy viên Ban Thường vụ T.Ư Đoàn, Trưởng ban Công tác Thanh thiếu nhi Cơ quan Ủy ban T.Ư Mặt trận Tổ quốc Việt Nam, Phó chủ tịch thường trực T.Ư Hội Liên hiệp thanh niên Việt Nam; ông Trần Văn Bảy, Thành ủy viên, Phó chủ tịch UBND TP.HCM…
Điểm nhấn đặc biệt tại lễ khai mạc Ngày hội thanh niên Việt Nam năm 2025 là tiết mục đồng diễn thanh niên với chủ đề: ""Tuổi trẻ Việt Nam vững bước dưới cờ Đảng - Tiên phong bước vào kỷ nguyên mới"".
Với sự tham gia của gần 5.000 đoàn viên, thanh niên, màn đồng diễn không chỉ thể hiện quy mô hoành tráng mà còn khắc họa rõ nét tinh thần đoàn kết, sức trẻ và niềm tự hào của thế hệ thanh niên hôm nay.
Các đại biểu cùng tham gia tiết mục đồng diễn
ẢNH: NỮ VƯƠNG
Màn đồng diễn rực rỡ sắc xanh và nhiệt huyết thanh niên
ẢNH: NỮ VƯƠNG
Ngày hội là hoạt động giúp lan tỏa tinh thần tình nguyện, sáng tạo, khẳng định vai trò tiên phong của thanh niên Việt Nam trong xây dựng và phát triển đất nước, đồng thời tạo môi trường giao lưu, chia sẻ kinh nghiệm, thúc đẩy phong trào ""Tuổi trẻ sáng tạo"" và ""Thanh niên tình nguyện"" trong giai đoạn mới.
Tại chương trình, T.Ư Đoàn cũng đã trao tặng những phần học bổng đến các em học sinh vượt khó học giỏi. Đây là sự động viên tinh thần để các em tiếp tục nỗ lực, tự tin trên con đường học tập và rèn luyện.

Cùng nắm lấy tay nhau thể hiện tinh thần đoàn kết, kết nối sức mạnh của thanh niên Việt Nam sẵn sàng tiến vào kỷ nguyên mới, kỷ nguyên vươn mình của dân tộc
ẢNH: NỮ VƯƠNG
Năm 2025, phong trào tình nguyện của thanh niên Việt Nam tiếp tục ghi dấu bằng những chương trình thiết thực, mô hình sáng tạo và những đóng góp bền bỉ của hàng triệu trái tim nhiệt huyết. Dù ở bất kỳ lĩnh vực nào, từ an sinh xã hội, hỗ trợ người dân, bảo vệ môi trường cho đến chuyển đổi số cộng đồng, hình ảnh người thanh niên tình nguyện luôn tỏa sáng bởi tinh thần xung kích, trách nhiệm và cống hiến vì cộng đồng.
Nhằm ghi nhận và tuyên dương những tập thể, cá nhân đã có thành tích xuất sắc, đóng góp nổi bật cho hoạt động tình nguyện trên phạm vi toàn quốc trong năm 2025, tại chương trình khai mạc ngày hội, T.Ư Hội Liên hiệp thanh niên Việt Nam đã trao tặng bằng khen cho 50 tập thể và cá nhân tiêu biểu.
Các đại biểu thực hiện nghi thức khai mạc Ngày hội thanh niên Việt Nam năm 2025
ẢNH: NỮ VƯƠNG
Anh Bùi Quang Huy và ông Trần Văn Bảy trao tặng học bổng cho các em học sinh vượt khó học giỏi
ẢNH: NỮ VƯƠNG
T.Ư Hội Liên hiệp thanh niên Việt Nam trao tặng bằng khen cho 50 tập thể và cá nhân tiêu biểu trong hoạt động tình nguyện
ẢNH: NỮ VƯƠNG
Hội Liên hiệp thanh niên Việt Nam TP.HCM cũng đã tuyên dương 52 tập thể là các câu lạc bộ, đội, nhóm tình nguyện và 55 cá nhân đã có thành tích xuất sắc trong hoạt động tình nguyện, công tác xã hội trên địa bàn thành phố năm 2025
ẢNH: NỮ VƯƠNG
Đồng thời, Hội Liên hiệp thanh niên Việt Nam TP.HCM cũng đã tuyên dương 52 tập thể là các câu lạc bộ, đội, nhóm tình nguyện và 55 cá nhân đã có thành tích xuất sắc trong hoạt động tình nguyện, công tác xã hội trên địa bàn thành phố năm 2025.
Trong khuôn khổ ngày hội sẽ diễn ra nhiều hoạt động sôi nổi. Trong đó có không gian trải nghiệm ""Tuổi trẻ sáng tạo"" và không gian ""Tình nguyện vì cộng đồng""; talkshow ""Nâng cao năng lực điều phối các hoạt động tình nguyện của tổ chức Đoàn - Hội""; cuộc thi ""Volunteer Dance""… Đặc biệt,Chương trình trao Giải thưởng ""Tình nguyện quốc gia"", Giải thưởng ""Tuổi trẻ sáng tạo"" toàn quốc năm 2025 sẽ diễn ra vào tối nay (7.12).
Các thành viên của đội tình nguyện văn nghệ sĩ TP.HCM là một trong những câu lạc bộ, đội, nhóm được tuyên dương vì có thành tích xuất sắc trong các hoạt động tình nguyện
ẢNH: NỮ VƯƠNG

ẢNH: NỮ VƯƠNG


ẢNH: NỮ VƯƠNG

ẢNH: NỮ VƯƠNG

ẢNH: NỮ VƯƠNG
Mãn nhãn với phần đồng diễn của gần 5.000 thanh niên
ẢNH: NỮ VƯƠNG
Tiết mục đồng diễn tại Ngày hội thanh niên Việt Nam năm 2025
Cũng trong sáng nay, trước thềm khai mạc Ngày hội thanh niên Việt Nam 2025, đoàn đại biểu đã thực hiện nghi thức dâng hương, dâng hoa tưởng nhớ các thế hệ chiến sĩ, công nhân và đồng bào đã hy sinh, cống hiến cho sự nghiệp đấu tranh giành độc lập, xây dựng và bảo vệ Tổ quốc tại Di tích Nhà máy Xe lửa Dĩ An.
Giữa không gian lịch sử lắng đọng, các đại biểu thành kính bày tỏ lòng biết ơn sâu sắc đối với những con người đã lặng thầm cống hiến, góp phần làm nên những trang sử hào hùng của dân tộc.

Đoàn đại biểu dâng hương, dâng hoa tại Di tích Nhà máy Xe lửa Dĩ An
ẢNH: C.T.V
"
https://thanhnien.vn/ngay-hoi-thanh-nien-viet-nam-185251202192852987.htm,Ngày hội thanh niên Việt Nam,"Trong hai ngày 6-7.12, tại TP.HCM sẽ diễn ra Ngày hội thanh niên Việt Nam năm 2025 do T.Ư Đoàn phối hợp Thành đoàn TP.HCM tổ chức. Sự kiện nhằm tôn vinh những tập thể, cá nhân có đóng góp tiêu biểu trong công tác tình nguyện và hoạt động sáng tạo của tuổi trẻ cả nước trong năm 2025; đồng thời tạo môi trường giao lưu, chia sẻ kinh nghiệm, thúc đẩy các phong trào ""Thanh niên tình nguyện"", ""Tuổi trẻ sáng tạo"".","Ngày hội gồm nhiều hoạt động trải nghiệm, giao lưu và biểu dương quy mô toàn quốc. Mở đầu chương trình là Hành trình ""Tuổi trẻtình nguyện, sáng tạo vì cộng đồng"" diễn ra chiều 6.12. Đại biểu sẽ tham quan các địa chỉ đỏ, tìm hiểu truyền thống cách mạng tại TP.HCM, đồng thời giao lưu, chia sẻ mô hình tình nguyện - sáng tạo tại các cơ sở giáo dục và doanh nghiệp.
Thanh niên tình nguyện đi từng ngõ, gõ từng nhà hỗ trợ người dân nắm bắt và trải nghiệm các dịch vụ số
ẢNH: NỮ VƯƠNG
Lễ khai mạc ngày hội sẽ diễn ra sáng 7.12 tại Quảng trường P.Dĩ An, với sự tham dự của hàng ngàn đoàn viên, thanh niên. Ngay sau lễ khai mạc, Liên hoan các câu lạc bộ, đội, nhóm tình nguyện được tổ chức nhằm kết nối các mô hình thiện nguyện tiêu biểu, tạo diễn đàn giao lưu giữa các lực lượng xung kích trẻ.
Một trong những hoạt động nổi bật là chương trình đồng diễn thanh niên với chủ đề ""Tuổi trẻ Việt Nam vững bước dưới cờ Đảng - Tiên phong bước vào thời kỳ mới"", thể hiện khí thế, tinh thần đoàn kết và khát vọng của thế hệ trẻ trong giai đoạn phát triển mới.
Buổi chiều cùng ngày, không gian trải nghiệm ""Tuổi trẻ sáng tạo"" sẽ mở cửa phục vụ thanh thiếu nhi và người dân. Các khu trải nghiệmSTEM- công nghệ, IoT, năng lượng xanh, cùng các cuộc thi sáng tạo nhanh, ý tưởng khởi nghiệp và sân chơi sáng tạo dành cho thiếu nhi sẽ được bố trí liên hoàn. Chương trình còn có phần giao lưu truyền cảm hứng với các gương mặt trẻ sáng tạo tiêu biểu, nhà khoa học và doanh nhân.
Điểm nhấn của ngày hội là lễ trao giải thưởng ""Tình nguyện quốc gia"" và giải thưởng ""Tuổi trẻ sáng tạo"" toàn quốc năm 2025, diễn ra tối 7.12 tại Quảng trường P.Dĩ An. Ban tổ chức sẽ vinh danh 10 tập thể, 10 cá nhân có thành tích nổi bật trong hoạt động tình nguyện; đồng thời trao giải cho các công trình, sáng kiến tiêu biểu trong phong trào sáng tạo trẻ toàn quốc.
"
https://thanhnien.vn/cu-chot-deal-500-trieu-dong-185251206221706215.htm,Cú 'chốt deal' 500 triệu đồng...,"Từ ý tưởng trên giấy đến cú ""chốt deal"" 500 triệu đồng chỉ mất vỏn vẹn 2 tháng, dự án của nhóm sinh viên ĐH Kinh Tế TP.HCM (UEH) không chỉ giải bài toán lãng phí thực phẩm mà còn chinh phục nhà đầu tư nhờ thấu hiểu sâu sắc tâm lý tiêu dùng gen Z.","Trăn trở trước những thực trạng hàng loạt tiệm bánh, cửa hàng phải hủy bỏ thực phẩm vào cuối ngày trong khi sinh viên chật vật tìm bữa tối tiết kiệm, nhóm sinh viên gồm Nguyễn Trần Tiến Đạt, Nguyễn Bảo Lâm, Trần Huỳnh Anh Phúc, Nguyễn Quỳnh Trang (ngành thương mại điện tử, UEH) và Dương Thế Tài (ngành kinh doanh quốc tế, UEH) đã quyết định xây dựng Mealnimals - sàn thương mại điện tử (TMĐT) chuyên biệt để kết nối cung - cầu giúp giải quyết thực phẩm dư thừa vào cuối ngày.
Chính giải pháp này đã giúp Mealnimals xuất sắc giành vị trí quán quân tại Startup Zone 2025 - cuộc thi khởi nghiệp quy mô lớn do CLB Nhân sự -Khởi nghiệp(UEH) tổ chức. Chiến thắng này không chỉ mang về cho nhóm tổng giải thưởng 170 triệu đồng mà còn là sự công nhận cho nỗ lực giải bài toán ""Transition - Chuyển dịch năng lượng xanh"" mà cuộc thi năm nay hướng tới.
Hình ảnh giới thiệu 7 ngày thử nghiệm của dự án Mealnimals
ẢNH: NVCC
Mô hình hoạt động của Mealnimals được thiết kế tinh gọn theo hướng O2O (Online-to-Offline). Người dùng đặt mua các ""Túi bất ngờ"" trên ứng dụng với mức giảm giá sâu từ 50% - 60% và nhận món ngay tại cửa hàng. Khách hàng sẽ không biết chính xác hương vị cụ thể bên trong, biến việc mua thực phẩm giảm giá từ một hành động e ngại trở thành trải nghiệm ""săn deal"" và ""đập hộp"" độc đáo.
Không dừng lại ở bản kế hoạch trên giấy, nhóm đã đưa dự án vào chạy thử nghiệm ngay tại cơ sở B (279 Nguyễn Tri Phương, P.Diên Hồng, TP.HCM) của UEH. Trong 6 ngày, hơn 70 ""túi bất ngờ"" đã được bán sạch mà không tốn bất kỳ chi phí quảng cáo nào. Đáng chú ý, tỷ lệ khách hàng quay lại mua tiếp đạt mức trên 50%, chứng minh được sự phù hợp của dự án với thị hiếu tiêu dùng của giới trẻ.
Đánh giá về dự án, ông Lê Hòa Nhã, CEO Công ty cổ phần đầu tư HVA (HVA Group) - nhà đầu tư của cuộc thi, nhận định đây là một giải pháp thực tế, đánh trúng tâm lý giới trẻ và giải quyết tốt bài toán kinh tế tuần hoàn. Ngay tại sân khấu chung kết, vị ""cá mập"" này đã quyết định cam kết đầu tư nóng 500 triệu đồng để hỗ trợ nhóm hoàn thiện công nghệ.
Ông Lê Hòa Nhã chúc mừng nhóm sinh viên Mealnimals giành ngôi vị Quán quân Startup Zone 2025
ẢNH: NVCC
Nói về định hướng sắp tới, nhóm sinh viên trên cho biết đang dồn lực để hoàn thiện phiên bản web app và đóng gói quy trình vận hành chuẩn.
""Mục tiêu ngắn hạn của Mealnimals là nhân rộng mô hình sang các cụm trường đại học lân cận như: Bách Khoa TP.HCM, Khoa học xã hội và nhân văn TP.HCM... Tụi mình muốn biến thói quen 'săn thực phẩm 8 giờ tối' trở thành một nếp sống mới: Vừa tiết kiệm cho túi tiền sinh viên, vừa góp phần giảm rác thải cho thành phố"", đại diện nhóm sinh viên khẳng định."
https://thanhnien.vn/hoi-sinh-lang-bien-ben-cua-song-dinh-185251206155112794.htm,Hồi sinh làng biển bên cửa sông Dinh,"Nếu ai từng đi qua vùng cửa biển sông Dinh (thôn Nhân Bắc, xã Nam Trạch, Quảng Trị) cách đây vài năm, hẳn khó quên cảnh rác rưởi ngổn ngang. Nhưng giờ đây, nơi ấy đã ""thay da đổi thịt"". Điều kỳ diệu ấy được tạo nên bởi những đôi tay trẻ trung, nhiệt huyết của tuổi trẻ địa phương.","Chiều xuống, vùng cửa biển sông Dinh rộn ràng tiếng nói cười. Các cụ già thong thả tản bộ ven bờ, nhómngư dânngồi chuyện trò sau chuyến biển bội thu, trẻ con nô đùa giữa khoảng trời lộng gió. Bà Hoàng Thị Lê (người dân thôn Nhân Bắc), nhoẻn cười: ""Giờ ra đây ai cũng thấy vui. Ngày trước toàn rác, mùi hôi chịu không nổi, chẳng ai muốn tới gần. Giờ thì sạch sẽ, thoáng mát, khác hẳn rồi"".
Người góp phần làm nên sự thay đổi này, không ai khác chính là lực lượng đoàn viên, thanh niên trong thôn.
Người trẻ hồi sinh làng biển bên cửa sông Dinh
ẢNH: THANH LỘC
Bí thư Chi đoàn thôn Nhân Bắc, anh Phạm Văn Hiếu (35 tuổi) kể lại, khi trở về quê sau thời gian học tập, anh không khỏi xót xa khi khu vực cửa biển từng đẹp như tranh lại trở thành ""điểm đen"" ô nhiễm. Rác thải sinh hoạt bị tập kết bừa bãi, ruồi nhặng dày đặc, ai đi qua cũng phải che mũi, bước vội.
Không cam chịu cảnh quê hương bị lấn át bởi rác, anh Hiếu cùng chị Võ Thị Tâm (một người dân địa phương) và các đoàn viên trẻ đã họp bàn để tìm cách xử lý tận gốc. Họ chọn vị trí tập kết rác mới, điều chỉnh lịch đổ rác phù hợp với thời gian thu gom. Không dừng lại ở tuyên truyền, nhóm còn đến từng nhà vận động, hướng dẫn người dân tuân thủ quy định.
Và để tránh việc ""đầu voi đuôi chuột"", thanh niên thôn quyết định lắp đặtcamera giám sáttại khu vực từng bị vứt rác bừa bãi. Ai vi phạm lần đầu thì nhắc nhở, tái phạm nhiều lần sẽ bị phê bình trong cuộc họp thôn, thậm chí xử phạt. ""Ban đầu cũng có người e ngại nhưng nhờ sự đồng thuận của cán bộ thôn và người uy tín, mọi việc diễn ra rất thuận lợi. Dần dần, bà con hình thành thói quen đổ rác đúng nơi, đúng giờ. Cảnh bừa bộn ngày nào giờ gần như không còn"", anh Hiếu vui mừng chia sẻ.
Với bàn tay người trẻ, làng biển bên cửa sông Dinh sạch sẽ, đẹp lên từng ngày
ẢNH: THANH LỘC
Bên cạnh đó, Đoàn thanh niên xã Nam Trạch đã chọn vùngcửa biển sông Dinhlàm điểm triển khai mô hình ""Con đường bích họa thanh niên"".
Dưới bàn tay khéo léo của các bạn trẻ, những bức tường xám xịt bỗng trở nên sống động: nào là hình ảnh ngư dân ra khơi, em nhỏ thả diều, nào là biển xanh, cát trắng, trời trong... Mỗi nét vẽ đều chứa chan tình yêu với làng quê nơi chân sóng.
Ngày công trình ""Con đường bích họa thanh niên"" được khánh thành, đông đảo người dân kéo về chiêm ngưỡng. Cả vùng cửa biển như khoác lên chiếc áo mới. Ông Trần Ngọc Huân, người dân xã Nam Trạch, xúc động: ""Thấy mấy cháu thanh niên hăng hái làm đẹp cho làng, tôi thật sự khâm phục. Không phải ai cũng có tâm huyết và trách nhiệm như vậy đâu"".
Theo chị Dương Thị Hương Giang, Bí thư Đoàn thanh niên xã Nam Trạch, để ""hồi sinh"" cảnh đẹp vùng cửa sông Dinh, các bạn trẻ đã bỏ ra không ít công sức, thời gian, thậm chí cả tiền túi. Riêng kinh phí xây dựng ""Con đường bích họa thanh niên"" lên đến 20 triệu đồng, hoàn toàn do đoàn viên tự huy động cùng sự hỗ trợ của nhà hảo tâm.
""Điều đáng quý là tinh thần tự giác, chủ động của các bạn trẻ. Họ không chỉ dừng ở phong trào nhất thời mà duy trì lâu dài. Mỗi công trình, phần việc đều được người dân địa phương hưởng ứng mạnh mẽ"", chị Giang nói."
https://thanhnien.vn/so-huu-3-bang-dai-hoc-chang-trai-ve-que-trong-nam-moi-den-185251206155051174.htm,"Sở hữu 3 bằng đại học, chàng trai về quê trồng nấm mối đen","Mạnh dạn khởi nghiệp trồng nấm mối đen công nghệ cao trên diện tích đất chỉ 30 m2, Nguyễn Tiến Đạt (27 tuổi, ngụ Lịch Hội Thượng, TP.Cần Thơ - trước đây là xã Lịch Hội Thượng, H.Trần Đề, Sóc Trăng) góp phần mở ra hướng đi mới cho nông nghiệp hiện đại.","Đạt tốt nghiệp đại học 3 ngành, gồm: công nghệ kỹ thuật điều khiển và tự động hóa, Trường ĐH Kỹ thuật - Công nghệ Cần Thơ; nông nghiệp công nghệ cao, Trường ĐH Văn Lang; quản trị kinh doanh, Trường ĐH Kinh tế TP.HCM và sau đó làm việc cho một công ty thuốc bảo vệ thực vật. Thế nhưng, niềm đam mê làm nông nghiệp sạch thôi thúc chàng trai quyết định rẽ hướng, về quê khởi nghiệp vớimô hình trồng nấm mối đen.
Nhà trồng nấm của Nguyễn Tiến Đạt hiện có diện tích chỉ 30 m2 nhưng mang lại hiệu quả kinh tế vượt trội
ẢNH: DUY TÂN
""Tôi muốn làm nông nghiệp theo hướng ứng dụng công nghệ để giảm sức lao động, nâng cao năng suất và chất lượng. Nấm mối đen là lựa chọn phù hợp vì dễ kiểm soát môi trường, ít sâu bệnh, có giá trị kinh tế cao và đặc biệt không bị ảnh hưởng bởi biến đổi khí hậu"", Đạt nói.
Tận dụng nhà kho cũ của gia đình, Đạt đầu tư 50 triệu đồng cải tạo thànhnhà trồng nấmcông nghệ cao với diện tích chỉ 30 m2. Toàn bộ quá trình trồng được tự động hóa bởi hệ thống cảm biến Internet vạn vật (IoT), có khả năng giám sát và điều chỉnh các yếu tố nhiệt độ, độ ẩm, ánh sáng, nồng độ CO2 thông qua ứng dụng điện thoại. ""Nhờ tận dụng vật liệu và thiết bị sẵn có, tôi chỉ cần đầu tư phần phôi và hệ thống cảm biến. Toàn bộ quá trình được điều khiển từ xa, giảm đáng kể công chăm sóc và đảm bảo môi trường trồng luôn ổn định"", Đạt cho biết.
Theo Đạt, nấm mối đen phát triển tốt nhất ở nhiệt độ 26 - 28°C, độ ẩm trên 85%. Với hệ thống phun sương và quạt điều hòa tự động điều chỉnh, môi trường trong trại luôn được duy trì lý tưởng, giúp nấm phát triển đồng đều quanh năm. ""Mọi thông số đều được giám sát. Khi nhiệt độ hoặc độ ẩm thay đổi, hệ thống sẽ tự động bật tắt thiết bị để điều chỉnh. Tôi gần như không cần can thiệp thủ công"", Đạt nói thêm.
Nhờ hệ thống phun sương và quạt điều hòa tự động điều chỉnh, môi trường trong trại luôn được duy trì lý tưởng, giúp nấm phát triển đồng đều quanh năm
ẢNH: DUY TÂN
Tại nhà trồng nấm của Đạt, nấm mối đen được bán với giá 350.000 đồng/kg
ẢNH: DUY TÂN
Nhờ ứng dụng công nghệ cao, năng suất nấm tăng 30 - 40% so với phương pháp truyền thống; đồng thời giảm chi phí nhân công và rủi ro dịch bệnh. Đạt trồng theo cách cuốn chiếu, mỗi ngày thu hoạch 7 - 8 kg nấm tươi, giá bán khoảng 350.000 đồng/kg, thu nhập vài triệu đồng.
Không dừng lại ở đó, Đạt còn đầu tư máy sấy thăng hoa để chế biến nấm khô. Dòng sản phẩm này được thị trường cao cấp ưa chuộng. Sản phẩmnấm mối đencủa anh đã được địa phương hỗ trợ đăng ký đạt chuẩn OCOP 3 sao, tạo nền tảng mở rộng quy mô và xây dựng thương hiệu riêng.
Nấm sấy thăng hoa được hút chân không và đóng bao bì đẹp mắt khi bán ra thị trường
ẢNH: DUY TÂN
""Sắp tới, tôi sẽ mở rộng thêm nhà nấm 70 m2, đầu tư dây chuyền sản xuất phôi giống và chuyển giao kỹ thuật cho những hộ dân có nhu cầu. Tôi mong mô hình này không chỉ giúp bản thân mình phát triển kinh tế mà còn lan tỏa tinh thần khởi nghiệp nông nghiệp hiện đại"", Đạt chia sẻ.
Hiện nay, Đạt cung cấp nấm tươi và nấm sấy cho các nhà hàng, chợ đầu mối, cửa hàng thực phẩm sạch và người tiêu dùng trực tiếp. Ngoài ra, sản phẩm còn được phân phối qua các sàn thương mại điện tử, giúp mở rộng đầu ra bền vững.
Theo Đạt, trồng nấm mối đen không cần diện tích lớn, ít công chăm sóc và có thể triển khai ở nông thôn lẫn đô thị, thậm chí tận dụng sân thượng, tầng trệt hoặc phòng kín. Mô hình này giúp người dân có thể làm nông nghiệp sạch với chi phí thấp, tận dụng không gian nhỏ mà vẫn mang lại thu nhập ổn định. ""Nông nghiệp hiện đại không nhất thiết phải ra đồng ruộng. Chỉ cần biết ứng dụng công nghệ, chúng ta hoàn toàn có thể làm nông nghiệp ngay trong chính ngôi nhà của mình"", Đạt nói.
Anh Liễu Minh Giàu, Bí thư Xã đoàn Lịch Hội Thượng, cho biết mô hình trồng nấm mối đen được Đạt dày công nghiên cứu, thử nghiệm nhiều năm và hiện mang lại hiệu quả kinh tế rõ rệt, được địa phương đánh giá cao. Từ việc chỉ sản xuất nấm mối tươi trong giai đoạn đầu, Đạt đã mạnh dạn đầu tư công nghệ sấy thăng hoa để tạo ra sản phẩm nấm mối đen khô có thể bảo quản lâu hơn, đáp ứng nhu cầu thị trường. Nhằm khuyến khích thanh niên phát triển kinh tế, Xã đoàn Lịch Hội Thượng đã tổ chức cho đoàn viên đến tham quan, học tập mô hình. Nhiều bạn trẻ bày tỏ bất ngờ khi chứng kiến mô hình nuôi trồng nấm mối đen thành công, sản phẩm có đầu ra ổn định. Để nhân rộng mô hình, Xã đoàn đang phối hợp với các đơn vị phân phối hỗ trợ tiêu thụ, đồng thời tạo điều kiện để đoàn viên tiếp cận kỹ thuật nuôi trồng. Đạt cũng nhiệt tình chia sẻ kinh nghiệm, hướng dẫn tận tình cho những bạn trẻ muốn khởi nghiệp theo hướng này."
https://thanhnien.vn/thanh-nien-viet-trung-se-chia-ly-tuong-gan-ket-cong-dong-huong-toi-tuong-lai-185251206204507916.htm,"Thanh niên Việt - Trung sẻ chia lý tưởng gắn kết cộng đồng, hướng tới tương lai","Tại diễn đàn Thanh niên Việt - Trung ""Ánh sáng lý tưởng"" trong khuôn khổ Hành trình đỏ nghiên cứu, học tập lần 2 năm 2025, các đại biểu đã cùng chia sẻ tầm nhìn dựng xây và phát triển vì tương lai giàu mạnh, cùng khát vọng viết tiếp câu chuyện thắm tình đoàn kết, hữu nghị, gắn bó Việt Nam và Trung Quốc.","Diễn đàn Thanh niênViệt Nam-Trung Quốc""Ánh sáng lý tưởng"" tổ chức tại ĐH Gia Hưng (TP.Gia Hưng, tỉnh Chiết Giang, Trung Quốc) nằm trong khuôn Hành trình đỏ nghiên cứu, học tập lần 2 năm 2025.
Đây không chỉ là cầu nối giao lưu văn hóa giữa thanh niên hai nước, mà còn là cơ hội để người trẻ, chủ nhân tương lai của đất nước, có cơ hội bày tỏ quan điểm và hoài bão cống hiến cho quốc gia, dân tộc. Tại diễn đàn, đại diện đoàn đại biểu thanh niên Việt Nam và Trung Quốc đã cùng chia sẻ lý tưởng, trân trọng quá khứ, cố gắng cho hiện tại và cùng hướng tới tương lai.
Anh Lê Hải Long phát biểu khai mạc chương trình
ẢNH: BTC
Chị Đổng Hà, Trưởng ban Liên lạc quốc tế, Trung ương Đoàn TNCS Trung Quốc phát biểu tại chương trình
ẢNH: BTC
Anh Lê Hải Long, Ủy viên Ban Thường vụ T.Ư Đoàn, Phó trưởng Ban Công tác Đoàn, Phó chủ tịch thường trực Hội đồng Đội Trung ương chia sẻ, chương trình ""Hành trình đỏ nghiên cứu học tập của thanh niên"" được tổ chức trong một bối cảnh đặc biệt ý nghĩa: hai nước chúng ta đang kỷ niệm 75 năm thiết lập quan hệ ngoại giao Việt Nam - Trung Quốc (1950 - 2025) và triển khai Năm giao lưu nhân văn Việt - Trung 2025 theo chỉ đạo của lãnh đạo Đảng, Nhà nước hai nước.
Chương trình mang giá trị quan trọng, đánh dấu chặng đường 75 năm không ngừng củng cố, phát triển tình hữu nghị truyền thống ""vừa là đồng chí, vừa là anh em"" giữa hai Đảng, hai Nhà nước và nhân dân hai quốc gia; đồng thời góp phần tăng cường nền tảng xã hội cho quan hệ song phương, thúc đẩy sự hiểu biết và gắn kết giữa thế hệ trẻ Việt Nam - Trung Quốc, mở ra giai đoạn mới với nhiều cơ hội hợp tác sâu sắc, thực chất và hiệu quả hơn.
""Lý tưởng cộng sản, niềm tin vào con đường mà Đảng và nhân dân hai quốc gia đã lựa chọn, chính là ngọn lửa được truyền lại từ các thế hệ đi trước. Ngọn lửa ấy hình thành qua bao thử thách, hy sinh và qua những đóng góp bền bỉ của những người đã làm nên các cuộc cách mạng giải phóng dân tộc ở Việt Nam và Trung Quốc, để ngọn lửa hôm nay tiếp tục soi sáng bước đi của lớp trẻ trong thời đại phát triển mạnh mẽ và hội nhập sâu rộng"", anh Lê Hải Long khẳng định.
Thanh niên viết tiếp trang sử hợp tác hữu nghị Việt Nam - Trung Quốc
ẢNH: BTC
Anh Lê Hải Long đại diện đoàn công tác thăm, tặng quà du học sinh Việt Nam tại ĐH Gia Hưng.
ẢNH: BTC
Ôn lại câu chuyện nguyện ước ban đầu về tình hữu nghị Việt Nam - Trung Quốc, anh Bao Đại Vi, Phó Viện trưởng Trường Học viện Chủ nghĩa Mác, ĐH Chiết Giang, đã chia sẻ về nguồn gốc lịch sử cách mạng hai nước, quỹ đạo vận mệnh tương đồng của Trung Quốc, Việt Nam, và sứ mệnh viết tiếp câu chuyện hiện tại, tương lai của thanh niên hai nước.
Chia sẻ tại diễn đàn, anh Lò Văn Long, Trưởng ban Thanh niên Công an tỉnh Điện Biên bày tỏ, dù Việt Nam và Trung Quốc có sự khác biệt về địa lý, ngôn ngữ và các sắc thái văn hóa riêng, nhưng thế hệ trẻ hai nước lại gặp nhau ở những điểm tương đồng mang tính nền tảng và chiến lược.
""Điều này không chỉ là sự ngẫu nhiên, mà là kết quả của lịch sử đấu tranh cách mạng, của sự lựa chọn con đường phát triển độc lập dân tộc gắn liền với chủ nghĩa xã hội. Lý tưởng tương thông đầu tiên và quan trọng nhất chính là khát vọng cống hiến vì đất nước phồn vinh và hạnh phúc nhân dân"", anh Lò Văn Long khẳng định.
Tại chương trình, anh Nguyễn Bá Tuấn Anh, Bí thư Đoàn thanh niên các cơ quan Đảng tỉnh Nghệ An, đã chia sẻ về chủ đề ""Thanh niên Trung - Việt với sứ mệnh tiên phong trong đổi mới khoa học công nghệ"".
Anh Nguyễn Bá Tuấn Anh phát biểu tại chương trình
ẢNH: BTC
""Thanh niên Việt Nam đang chuyển mình mạnh mẽ khi ứng dụng và làm chủ các công nghệ tự động hóa, AI vào quản lý sản xuất; tích cực tham gia chuyển đổi số trong doanh nghiệp; sôi nổi khởi nghiệp với các công ty công nghệ, hướng tới phát triển xanh, bền vững. Khoa học công nghệ đang dần trở thành ngôn ngữ chung của thanh niên hai nước. Và hợp tác công nghệ sẽ trở thành nhịp cầu mới trong quan hệ Việt - Trung"", anh Tuấn Anh nói.
Trong khi đó, đại biểu Lê Thị Quỳnh Trang, Ủy viên Ban Thường vụ Đoàn Mặt trận Tổ quốc Việt Nam, các đoàn thể Trung ương, Bí thư Đoàn thanh niên Liên minh Hợp tác xã Việt Nam, lại có ý kiến mới mẻ về thanh niên giao lưu, hợp tác phát triển nông nghiệp Việt Nam và Trung Quốc.
Theo chị Trang, trong bối cảnh toàn cầu hóa sâu rộng, biến đổi khí hậu, và sự phát triển mạnh mẽ của công nghệ 4.0, yêu cầu cải cách nền nông nghiệp trở nên cấp thiết hơn bao giờ hết. Đặc biệt đối với Việt Nam và Trung Quốc, hai quốc gia có diện tích đất nông nghiệp lớn và tỷ lệ dân số nông thôn chiếm phần lớn, sự thay đổi trong mô hình phát triển nông nghiệp cần có lực lượng thanh niên đủ tri thức và bản lĩnh để dẫn dắt quá trình này.


Những tiết mục văn nghệ đặc sắc của sinh viên ĐH Gia Hưng tại chương trình
ẢNH: BTC
Các đại biểu thanh niên Việt Nam hào hứng hướng tới tương lai
ẢNH: BTC
Trong khuôn khổ Hành trình đỏ, đoàn đại biểu thanh niên Việt Nam đã học tập chuyên đề ""Tinh thần thuyền đỏ"" trên mảnh đất Nam Hồ ở thành phố Gia Hưng, tỉnh Chiết Giang, đến thăm những doanh nghiệp lớn của Trung Quốc tại Chiết Giang và tham gia các hoạt động giao lưu văn hóa tại Vân Nam để gắn kết tình hữu nghị."
https://thanhnien.vn/chi-hon-8-trieu-dong-sam-do-di-du-lich-da-lat-nhung-phai-tam-hoan-vi-18525120614515488.htm,"Chi hơn 8 triệu đồng sắm đồ đi du lịch Đà Lạt, nhưng phải tạm hoãn vì...","Có những người chi tiền triệu để sắm sửa quần áo, đặt chỗ ở, mua vé xe để đi du lịch Đà Lạt, nhưng sau đó đành phải tạm hoãn chuyến đi.","Những ngày đầu tháng 12, nhiều tuyến đèo dẫn vào Đà Lạt như: Prenn, Mimosa, Gia Bắc… liên tục xảy ra sạt lở. TheoThanh Niênđã đưa tin ngày 5.12, đèo Prenn đã được tạm thời cho lưu thông trở lại trong một số khung giờ nhất định. Dù một số tuyến đã được khắc phục bước đầu, nhiều người có kế hoạchdu lịch Đà Lạttrong thời điểm này vẫn không khỏi ái ngại trước nguy cơ sạt lở tái diễn.
Có kế hoạch đi Đà Lạt ngày 4.12, nhưng Đào Thị Ái Thu (24 tuổi), ngụ tạiTP.HCMđã đành phải hoãn chuyến đi. Trước đó, Thu và bạn đồng hành đã xin nghỉ phép, đặt cọc chỗ ở và đặc biệt chi hơn 8 triệu đồng để mua sắm quần áo, phụ kiện chuẩn bị cho kỳ nghỉ.
Nhiều người phân vân có nên đi Đà Lạt lúc này
ẢNH MINH HỌA: GIA LINH
“Mình rất thích chụp ảnh nên đã mua rất nhiều quần áo, phụ kiện để mỗi điểm đến sẽ có một bộ ảnh khác nhau. Mình chuẩn bị mọi thứ với tâm trạng háo hức, nhưng cuối cùng vẫn phải hủy”, Thu chia sẻ.
Lý do khiến Thu hoãn chuyến đi là lo ngại tình trạngsạt lởtrên các tuyến đèo. “Thà không biết gì thì đi, nhưng đã biết không an toàn mà vẫn cố thì trong lòng rất bất an, lo sợ. Hên là mình quyết định hủy, chứ đúng hôm mình định đi cũng có xảy ra sạt lở”, Thu nói.
Cô cho biết số tiền tích góp cả năm để đi du lịch khiến việc hủy chuyến càng tiếc, nhưng muốn trải nghiệm kỳ nghỉ trọn vẹn chứ không phải đi chơi trong tâm trạng lo lắng. “Việc hủy chuyến đi cũng làm ảnh hưởng đến những người làm dịch vụ, nhưng với mình sức khỏe và sự an toàn vẫn trên hết. May mắn là mình được hoàn cọc tiền phòng”, Thu nói.
Thu đã chuẩn bị mọi thứ cho chuyến du lịch Đà Lạt, nhưng sau đó phải tạm hoãn
ẢNH: NVCC
Không chỉ Thu, nhiều bạn trẻ khác cũng đang trong tâm trạng phân vân. Trần Văn Tuấn (26 tuổi), ngụ tại đường Cống Lở, P.Tân Bình, TP.HCM (trước đây là Q.Tân Bình), cho biết nhóm bạn lên kế hoạch đi từ ngày 16.12 nhưng đến nay vẫn chưa dám đặt vé xe hay phòng. “Mình đã xin nghỉ phép từ ngày 16 - 19, chọn chỗ ở rồi nhưng chưa dám đặt cọc. Tụi mình đang đợi cập nhật thời tiết sát ngày vì lo nguy cơ sạt lở”, Tuấn nói.
Dù biết một số tuyến đèo đã thông đường, Tuấn vẫn e ngại. “Đi thì cũng hơi lo, mà bỏ lỡ dịp này thì cũng tiếc. Thật sự rất phân vân”, Tuấn chia sẻ.
Tương tự, Lê Quốc Dũng (22 tuổi), làm việc tại đường Liêm Lạc 21, P.Hòa Xuân, TP.Đà Nẵng (trước đây là Q.Cẩm Lệ) cũng đang cân nhắc kế hoạch đi Đà Lạt cuối tháng này. “Nếu gần đến ngày mà thời tiết ổn thì mình đi, còn mưa nhiều thì sẽ hoãn sang sau Tết âm lịch để đảm bảo an toàn. Mình cũng mới dự định chứ chưa đặt cọc phòng hay vé xe nên cũng không ảnh hưởng gì”, Dũng nói.
Không chỉ du khách chịu ảnh hưởng, những người làm dịch vụ tại Đà Lạt cũng lao đao khi lượng khách sụt giảm mạnh. Huỳnh Gia Linh (29 tuổi), chủ một homestay tại Đà Lạt, cho biết: “Nếu thời điểm này năm ngoái, phòng lấp đầy 90–95%, thì năm nay chỉ còn 30–40%”.
Linh cho biết lượng khách đặt phòng thời điểm này giảm mạnh so với năm ngoái
ẢNH: NVCC
Để duy trì hoạt động, Linh phải tăng thêm dịch vụ như vào rừng pha cà phê, trekking hoặc giảm giá sát giờ để kích cầu. “Từ tuần thứ 2 của tháng 11, khi có tin bão số 13 là khách đã hủy nhiều. Đến lần sạt lở đầu tiên thì gần như hủy hàng loạt. Đợt 2 (ngày 4.12) tình trạng sạt lở nhẹ hơn nhưng khách vẫn hoang mang”, Linh nói.
Nhiều khách hủy sát giờ, nhưng vì lý do thiên tai, Linh vẫn hỗ trợ hoàn cọc. Điều này khiến chi phí cố định như tiền thuê nhà, điện nước, wifi, thuế… trở thành gánh nặng. “Nhưng ảnh hưởng lớn nhất vẫn là tâm lý. Nhà không có khách, thông báo hủy liên tục khiến tinh thần tụt dốc. Một người không được làm việc mỗi ngày thì rất dễ trở nên trì trệ”, Linh tâm sự.
Ảnh chụp Đà Lạt sáng 6.12
ẢNH: GIA LINH
Theo cập nhật sáng 6.12 từ Linh, thời tiết tại Đà Lạt có nắng đẹp, các hoạt động vẫn diễn ra bình thường. “Không hề có chuyện Đà Lạt bị cô lập hay bị lũ bao vây như một số nơi đưa tin. Về chuyện sạt lở, các nhà xe sẽ có lộ trình tốt nhất và mọi người nên chọn đi ban ngày để an toàn hơn”, Linh cho biết.
Tuy nhiên, với câu hỏi “Có nên đi Đà Lạt thời điểm này?”, Linh cho rằng rất khó đưa ra câu trả lời rõ ràng. “Nó liên quan trực tiếp đến sự an toàn. Tốt nhất mọi người cứ theo dõi tình hình thời tiết và bản tin giao thông từ cơ quan chức năng”, Linh chia sẻ."
https://thanhnien.vn/gia-dinh-mang-hon-chuc-ky-do-an-khi-du-lich-tai-suoi-tien-trong-5-gio-185250819123839769.htm,Gia đình mang hơn chục ký đồ ăn khi du lịch tại Suối Tiên trong 5 giờ,"Mới đây, đoạn clip quay cảnh gia đình mang theo chục ký đồ ăn, du lịch trong 5 giờ đồng hồ thu hút sự chú ý trên mạng xã hội. Tính đến thời điểm này, đoạn clip đã được gần 1 triệu lượt xem, hơn 50.000 lượt thích.","Đoạn clip ghi lại khoảnh khắc thú vị này do Lý Thị Ngọc Trân (23 tuổi), ngụ P.Bàn Cờ, TP.HCM (trước là P.1, Q.3), đăng tải. Trân cho biếtđây là chuyến du lịch của đại gia đình nhà ngoại cô, gồm 15 thành viên, vào giữa tháng 7 vừa qua tại khu du lịch Suối Tiên (TP.HCM).
Để chuẩn bị cho bữa trưa, mọi người đã cùng nhau nấu nướng và đóng gói đồ ăn cẩn thận từ nhà, thực đơn đa dạng gồm có sườn xào chua ngọt, bò xào, vịt xào sả, cánh gà chiên nước mắm, cơm trắng, rau xào, cùng nước uống và trái cây.
""Các món ăn được chuẩn bị gồm sườn kho, bò xào, cánh gà chiên nước mắm, vịt xào sả, cơm trắng, rau xào và hoa quả. Mỗi món ăn khoảng 2 kg. Mỗi món được chia đều vào hộp nhựa để tiện mang theo"", Trân tiết lộ.
Đoạn clip cả gia đình mang theo chục ký đồ ăn du lịch trong thành phố thu hút gần 1 triệu lượt xem trên mạng xã hội
ẢNH: CHỤP TỪ CLIP
Trân kể chuyến đi diễn ra từ 10 giờ sáng đến 16 giờ chiều. Để chuẩn bị cho chuyến đi, mẹ và các dì của Trân đảm nhận việc nấu nướng từ sớm, trong khi các thành viên khác hỗ trợ đóng gói. Chuyến đi có cả người già và trẻ nhỏ, nên thực phẩm được chuẩn bị kỹ lưỡng để đảm bảo đủ dinh dưỡng và hợp khẩu vị mọi người.
""Từ nhà mình đến khu du lịch mất khoảng 2 giờ đồng hồ. Sau đó, nhà mình tham quan khu vực xung quanh bằng xe lửa, ghé ""Lễ hội trái cây"" để chụp ảnh và mua sắm, sau đó xem kịch ""Sơn Tinh Thủy Tinh"". Đến 13 giờ, mọi người quây quần trải bạt, cùng nhau ăn trưa và trò chuyện. Sau bữa ăn, con nít đi tắm, còn người lớn ở lại trò chuyện và dọn dẹp. Đến 16 giờ, cả nhà kết thúc chuyến đi và trở về"", Trân kể.
Trân (áo đen, bên phải) cho rằng chuyến đi đã gắn kết gia đình của cô
ẢNH: NVCC
Cô gái cho biết việc chuẩn bị đồ ăn tuy hơi vất vả nhưng ai cũng vui vẻ tham gia. ""Nhà đông người, mỗi người xách một món nên không quá nặng nhọc. Đây không phải lần đầu gia đình mình mang đồ ăn đi chơi. Trong những chuyến đi trước, mẹ và các dì luôn chuẩn bị kỹ lưỡng, còn mình và các em nhỏ hỗ trợ những công việc lặt vặt như đóng gói, mang vác"", Trân chia sẻ.
Đoạn clip đã đạt hơn 1 triệu lượt xem trên mạng xã hội. Dù nhận nhiều ý kiến trái chiều, phần lớn cư dân mạng khen ngợi sự tiết kiệm và không khí vui vẻ, đầm ấm của đại gia đình. Nhiều người bày tỏ sự ngưỡng mộ trước sự gắn kết và chuẩn bị chu đáo của gia đình Trân, khen rằng bữa ăn vừa ngon, vừa tiết kiệm.
Cả nhà của Trân ai cũng hào hứng với chuyến đi
ẢNH: NVCC
Trân tâm sự: ""Mình rất cảm ơn mọi người đã quan tâm đến đoạn clip mình đăng tải lên mạng. Dù biết không ít có những ý kiến trái chiều rằng làm vậy chi cho cực, nhưng mà mình nghĩ điều quan trọng ở đây không chỉ là đi chơi mà còn là gắn kết mọi người và có những khoảnh khắc quây quần bên nhau như vậy. Có nhiều gia đình muốn còn không được, vậy cực 1 xíu cũng chả sao"".
Trân mong tất cả mọi người đều có được chuyến đi chơi giống gia đình của cô, để có những khoảnh khắc tuyệt vời nhất bên những người mình yêu thương nhất. Để sau này dù có 10 năm, 20 năm sau nhớ lại, chúng ta sẽ không cảm thấy nuối tiếc.
Theo Trân, để chuẩn bị cho buổi đi chơi, không khí nhộn nhịp bắt đầu từ sáng sớm, khi khu bếp rộn ràng với các món ăn được lên kế hoạch từ trước. Mỗi người trong gia đình đều góp một tay, từ nấu nướng, đóng hộp đến sắp xếp đồ đạc. ""Mẹ và các dì muốn đảm bảo mọi người đều no bụng và vui vẻ, nên không ngại thức sớm chuẩn bị"", Trân kể.
Các thành viên trong gia đình đều hồ hởi với bữa trưa chuẩn bị từ nhà
ẢNH: NVCC
Clip của Trân không chỉ ghi lại hình ảnh bữa ăn mà còn khắc họa sự đoàn kết của đại gia đình. ""Nhà mình đông người nên mỗi chuyến đi là một dịp để mọi người gần nhau hơn. Dù có những ý kiến trái chiều trên mạng, mình vẫn thấy vui vì clip đã lan tỏa được niềm hạnh phúc giản dị của gia đình"", cô nói."
https://thanhnien.vn/anh-le-cong-hung-giu-chuc-bi-thu-thanh-doan-da-nang-185251206145928812.htm,Anh Lê Công Hùng giữ chức Bí thư Thành đoàn Đà Nẵng,"Anh Lê Công Hùng, Bí thư Thành đoàn Đà Nẵng nhiệm kỳ 2020 - 2025 được chỉ định giữ chức vụ Bí thư Thành đoàn nhiệm kỳ 2025 – 2030.","Sáng 6.12, tại Đại hội đại biểu Đoàn TNCS Hồ Chí Minh TP.Đà Nẵng công bố các quyết định của Ban Chấp hànhTrung ương Đoànvề chỉ định Ban Chấp hành, Ban Thường vụ, Bí thư, Phó bí thư, Ủy ban Kiểm tra, Chủ nhiệm, Phó chủ nhiệm Ủy ban Kiểm tra Đoàn TNCS Hồ Chí Minh TP.Đà Nẵng lần thứ I, nhiệm kỳ 2025 - 2030.
Ban Chấp hành Đoàn TNCS Hồ Chí Minh TP.Đà Nẵng khóa I, nhiệm kỳ 2025 - 2030 gồm 41 người; Ban Thường vụ Thành đoàn gồm 12 người; Ủy ban Kiểm tra gồm 8 người.
Anh Lê Công Hùng, Bí thư Thành đoàn Đà Nẵng nhiệm kỳ 2020 - 2025 được chỉ định giữ chức vụ Bí thư Thành đoàn nhiệm kỳ 2025 – 2030
ẢNH: MẠNH CƯỜNG
Anh Lê Công Hùng, Bí thưThành đoàn Đà Nẵngnhiệm kỳ 2020 - 2025 được chỉ định giữ chức Bí thư Thành đoàn nhiệm kỳ 2025 - 2030.
Các Phó bí thư Thành đoàn gồm: anh Nguyễn Bá Duân và anh Lê Kim Thường.
Đại hội công bố quyết định của Ban Chấp hành T.Ư Đoàn về chỉ định Đại biểu Đoàn TNCS Hồ Chí Minh TP.Đà Nẵng dự Đại hội đại biểu Đoàn TNCS Hồ Chí Minh toàn quốc lần thứ XIII, nhiệm kỳ 2026 - 2031.
Theo quyết định, chỉ định 18đại biểuchính thức dự đại hội Đoàn cấp trên và 5 đại biểu dự khuyết.
Anh Lê Công Hùng (37 tuổi, quê ở H.Hòa Vang, TP.Đà Nẵng cũ nay xã Hoà Vang, TP.Đà Nẵng) có trình độ chuyên môn thạc sĩ kinh tế phát triển, lý luận chính trị cao cấp.
Tân Bí thư Thành đoàn Đà Nẵng nhiệm kỳ 2025 – 2030, trưởng thành từ công tác Đoàn tại Q.Cẩm Lệ, TP.Đà Nẵng cũ, trải qua nhiều vị trí công tác, từ cán bộ cho đến Phó bí thư, Bí thư Quận đoàn Cẩm Lệ trước khi chuyển về công tác tại Thành đoàn Đà Nẵng từ tháng 9.2017.
Tháng 11.2024, anh Lê Công Hùng được bầu Bí thư Thành đoàn Đà Nẵng khóa XIX."
https://thanhnien.vn/anh-nguyen-minh-kien-duoc-chi-dinh-giu-chuc-bi-thu-tinh-doan-dong-nai-18525120615012177.htm,Anh Nguyễn Minh Kiên được chỉ định giữ chức Bí thư Tỉnh đoàn Đồng Nai,"Theo quyết định chỉ định của Ban Bí thư T.Ư Đoàn, Bí thư Tỉnh đoàn Đồng Nai là anh Nguyễn Minh Kiên; 2 Phó bí thư Tỉnh đoàn gồm Nguyễn Trần Phương Hà và Phan Thế Công.","Ngày 6.12,Đại hội Đoàn TNCS Hồ Chí Minh tỉnh Đồng Nailần thứ 1 (nhiệm kỳ 2025 - 2030) đã diễn ra phiên trọng thể.
Chị Nguyễn Phạm Duy Trang phát biểu tại đại hội
ẢNH: LÊ LÂM
Tham dự Đại hội có 254 đại biểu, đây là những gương mặt tiêu biểu đại diện cho ý chí, khát vọng, sức trẻ của hơn 190.000 đoàn viên trong tỉnh.
Chị Nguyễn Phạm Duy Trang, Bí thư T.Ư Đoàn, Chủ tịch Hội đồng Đội T.Ư đã về dự.
Theo đó Bí thư T.Ư Đoàn rất phấn khởi khi chứng kiến những thành tựu kinh tế - xã hội toàn diện và nổi bật của tỉnh Đồng Nai trong 3 năm qua. Kinh tế tiếp tục duy trì đà tăng trưởng, đời sống của nhân dân ngày càng được nâng cao; Hạ tầng chiến lược, đặc biệt là sân bay Long Thành và các tuyến cao tốc, vành đai đang được triển khai mạnh mẽ, mở ra không gian phát triển mới cho cả tỉnh và vùng Đông Nam bộ.
""Những kết quả đó khẳng định quyết tâm chính trị cao, tinh thần đổi mới sáng tạo và sức mạnh đoàn kết của Đảng bộ, chính quyền và nhân dân trong tỉnh. Trong những thành tựu chung ấy, có sự đóng góp xứng đáng của tuổi trẻ tỉnh nhà"", Bí thư T.Ư Đoàn nhấn mạnh.
Chị Nguyễn Phạm Duy Trang cũng cho biết  từ báo cáo chính trị của Đại hội, Ban Bí thư T.Ư Đoàn vui mừng nhận thấy công tác Đoàn và phong trào thanh thiếu nhi của tỉnh nhiệm kỳ vừa qua đã có nhiều chuyển biến tích cực, nhiều mô hình sáng tạo mang lại hiệu quả rõ rệt.
Về công tác cán bộ, chị Nguyễn Phạm Duy Trang cho biết xuất phát từ tình hình thực tiễn và năng lực của cán bộ, Ban Bí thư T.Ư Đoàn đã có Quyết định chỉ định Ban Chấp hành, Ban Thường vụ, Bí thư, Phó Bí thư Đoàn TNCS Hồ Chí Minh tỉnh Đồng Nai khóa I (nhiệm kỳ 2025 – 2030) và chỉ định đoàn đại biểu dự Đại hội Đoàn toàn quốc lần thứ 13.
3 lãnh đạo của Tỉnh đoàn Đồng Nai phát biểu nhận nhiệm vụ (từ trái qua: chị Nguyễn Trần Phương Hà, anh Nguyễn Minh Kiên, anh Phan Thế Công)
ẢNH: LÊ LÂM
Theo quyết định chỉ định của Ban Bí thư T.Ư Đoàn,Bí thư Tỉnh đoàn Đồng Nailà anh Nguyễn Minh Kiên; 2 Phó bí thư Tỉnh đoàn gồm Nguyễn Trần Phương Hà và Phan Thế Công.
Thay mặt Ban Bí thư T.Ư Đoàn, chị chúc mừng và tin tưởng rằng tập thể Ban Chấp hành khóa mới sẽ phát huy tốt phẩm chất, năng lực, đủ sức đảm nhiệm vai trò lãnh đạo công tác Đoàn và phong trào thanh thiếu nhi trong nhiệm kỳ tới.
Phát biểu tại đại hội, bà Tôn Ngọc Hạnh, Ủy viên dự khuyết T.Ư Đảng, Phó bí thư thường trực Tỉnh ủy, Chủ tịch HĐND tỉnh Đồng Nai, cho biết năm 2025, Đồng Nai đứng đầu cả nước về mục tiêu tăng trưởng (đạt 9,63%, vượt 1,13 điểm % so với chỉ tiêu Chính phủ giao; đứng thứ 3 cả nước về chỉ số hài lòng, phục vụ người dân).
Bà Tôn Ngọc Hạnh cho rằng những thành tựu của Đồng Nai có sự đóng góp tích cực của thế hệ trẻ tỉnh nhà
ẢNH: LÊ LÂM
Theo bà Tôn Ngọc Hạnh, Những thành tựu quan trọng đó, có sự đóng góp tích cực của thế hệ trẻ tỉnh nhà với những thành tích nổi bật trong học tập, lao động, sáng tạo.
Tuy nhiên, Phó bí thư thường trực Tỉnh ủy cũng cho rằng hoạt động Đoàn vẫn còn một số hạn chế cần thẳng thắn nhìn nhận: đó là sức hút phong trào ở một số cơ sở chưa cao; tập hợp thanh niên trong doanh nghiệp, khu công nghiệp còn khó khăn; nội dung sinh hoạt chậm đổi mới; năng lực số, kỹ năng tham mưu, khả năng dẫn dắt phong trào của một bộ phận cán bộ Đoàn còn hạn chế; quản lý đoàn viên trên nền tảng số chưa đồng bộ; một bộ phận thanh niên còn thiếu tinh thần tự học, thiếu dấn thân trong lĩnh vực mới. Những hạn chế này đòi hỏi Đoàn phải đổi mới mạnh mẽ trong nhiệm kỳ tới.
Cũng theo bà Tôn Ngọc Hạnh, thanh niên chiếm gần 1/3 dân số toàn tỉnh, tập trung đông trong các khu công nghiệp, đây là lực lượng trẻ, năng động, am hiểu công nghệ, có khả năng thích ứng nhanh với chuyển đổi số và các xu thế phát triển mới, là nguồn lực đặc biệt quan trọng để phát triển tỉnh nhà.
Vì vậy, trong bối cảnh mới, mô hình mới và yêu cầu mới đòi hỏi Đoàn phải đổi mới mạnh mẽ hơn, hành động quyết liệt hơn, chứng minh rõ vai trò nòng cốt trong tập hợp thanh niên và góp phần củng cố khối đại đoàn kết toàn dân tộc."
https://thanhnien.vn/xay-dung-to-chuc-doan-vung-manh-toan-dien-tu-co-so-185251206114658986.htm,Xây dựng tổ chức Đoàn vững mạnh toàn diện từ cơ sở,"Đó là yêu cầu của anh Nguyễn Minh Triết, Bí thư thường trực T.Ư Đoàn, Chủ tịch T.Ư Hội Sinh viên Việt Nam tại Đại hội đại biểu Đoàn TNCS Hồ Chí Minh TP.Đà Nẵng lần thứ I diễn ra vào sáng nay (6.12).","Sáng 6.12,Thành đoàn Đà Nẵngtổ chức phiên trọng thể Đại hội đại biểu Đoàn TNCS Hồ Chí Minh TP.Đà Nẵng lần thứ I, nhiệm kỳ 2025 – 2030. Dự và chỉ đạo đại hội có anhNguyễn Minh Triết, Bí thư thường trực T.Ư Đoàn, Chủ tịch T.Ư Hội Sinh viên Việt Nam.
Báo cáo tại đại hội, anh Nguyễn Bá Duân, Phó bí thư Thành đoàn Đà Nẵng, cho biết nhiệm kỳ qua, công tác Đoàn và phong trào thanh thiếu nhi thành phố đạt nhiều dấu ấn nổi bật.
Toàn thành phố đã tổ chức hơn 10.000 hoạt động tình nguyện với hơn 2 triệu lượt đoàn viên tham gia, xây dựng 24 công trình thanh niên cấp thành phố và 9.489 công trình cấp cơ sở với tổng trị giá trên 43 tỉ đồng.
Các thanh niên tham gia đại hội
ẢNH: MẠNH CƯỜNG
Phong trào ""Tuổi trẻ sáng tạo"" lan tỏa rộng rãi, khẳng định vai trò tiên phong của thanh niên trong nghiên cứu, đổi mới sáng tạo và ứng dụng công nghệ mới.
Nhiều mô hình hiệu quả được duy trì, như: ""Tổ công nghệ số cộng đồng"", các đội hình hỗ trợ người dân tiếp cận dịch vụ công trực tuyến, cuộc thi ""Sinh viên nghiên cứu khoa học""…
Thành đoàn cũng đã hỗ trợ hơn 772.000 thiếu nhi vùng xa, khó khăn với tổng kinh phí gần 25 tỉ đồng.
Với mục tiêu nhiệm kỳ mới ""Đột phá – phát triển – chuyển đổi số"", đại hội đề ra nhiều chỉ tiêu trọng tâm, như: 100% cán bộ đoàn, đoàn viên hoàn thành học tập nghị quyết; 80%thanh niênđược tuyên truyền các chủ trương, chính sách; 3 triệu lượt thanh niên tham gia hoạt động tình nguyện.
Lãnh đạo TP.Đà Nẵng tặng hoa chúc mừng đại hội
ẢNH: MẠNH CƯỜNG
Ngoài ra, 2.000 công trình thanh niên ứng dụng khoa học – chuyển đổi số. Mỗi năm xóa ít nhất một ""điểm đen"" môi trường, trồng 1 triệu cây xanh. 100% cơ sở Đoàn có mô hình giữ gìn an ninh trật tự.
Phát biểu chỉ đạo, anh Nguyễn Minh Triết ghi nhận và biểu dương những kết quả nổi bật của tuổi trẻ Đà Nẵng trong nhiệm kỳ qua, đặc biệt là sự chủ động trong chuyển đổi số, tổ chức các chương trình, như: ""Tập huấn ứng dụng trí tuệ nhân tạo trong truyền thông quảng bá lịch sử địa phương"", cuộc thi ""Tự hào Đà Nẵng – Số hóa địa chỉ đỏ"", ""Cuộc thi phim ngắn 1 phút bằng trí tuệ nhân tạo"", Ứng dụng ""Tuổi trẻ Đà Nẵng"".
Các đội hình tình nguyện cũng phát huy rõ vai trò xung kích khi hỗ trợ người dân khắc phục hậu quả thiên tai; xóa 212 nhà tạm, xây dựng 35 khu vui chơi thiếu nhi, thực hiện 83 địa chỉ đỏ số hóa, 25 tuyến thắp sáng đường biên cùng nhiều công trình ý nghĩa khác.
Bên cạnh những thành tích đã đạt được, anh Triết cũng đồng tình với đánh giá rất thẳng thắn về tồn tại, hạn chế trong nhiệm kỳ qua đã nêu trong báo cáo chính trị trình đại hội.
Đồng thời, đề nghị tập trung thảo luận để xác lập các giải pháp tiếp tục phát huy những ưu điểm, kết quả đã đạt được, khắc phục những tồn tại, hạn chế đã được chỉ ra để nâng cao chất lượng công tác Đoàn và phong trào thanh thiếu nhi của thành phố trong thời gian tới.
Anh Triết cho rằng nhiệm kỳ tới là thời điểm đất nước bước vào giai đoạn mới, mở ra cho thế hệ trẻ nhiều cơ hội phát triển trong thời đại hội nhập vàchuyển đổi số.
Anh Nguyễn Minh Triết, Bí thư thường trực T.Ư Đoàn, Chủ tịch T.Ư Hội Sinh viên Việt Nam tặng hoa chúc mừng đại hội
ẢNH: MẠNH CƯỜNG
Nghị quyết Đại hội Đảng bộ TP.Đà Nẵng lần thứ I (nhiệm kỳ 2025 – 2030) đã xác định mục tiêu tổng quát đến năm 2030, xây dựng Đà Nẵng trở thành đô thị thông minh, nền hành chính hiện đại; là địa phương tiên phong phát triển khoa học, công nghệ, khởi nghiệp đổi mới sáng tạo và chuyển đổi số...
Tầm nhìn đến năm 2045 xây dựng TP.Đà Nẵng trở thành đô thị sinh thái và thông minh, là khu thương mại tự do, trung tâm tài chính quốc tế, trung tâm công nghiệp, logistics, khởi nghiệp đổi mới sáng tạo và thành phố du lịch, đáng sống, đẳng cấp khu vực châu Á.
Để thực hiện được điều đó, cần có sự tham gia tích cực của tuổi trẻ với nòng cốt định hướng chính trị là tổ chứcĐoàn TNCS Hồ Chí Minh.
Anh Triết đề nghị Thành đoàn Đà Nẵng, phải xác định trọng tâm khi xây dựng các giải pháp nhiệm kỳ 2025 - 2030, cần bám sát và cụ thể hóa tinh thần và các chủ trương mới của Đại hội Đoàn toàn quốc lần thứ XIII.
Anh Nguyễn Minh Triết, Bí thư thường trực T.Ư Đoàn, Chủ tịch T.Ư Hội Sinh viên Việt Nam chỉ đạo tại đại hội
ẢNH: MẠNH CƯỜNG
Cán bộ Đoàn phải thực hiện thật tốt lời căn dặn của Tổng Bí thư Tô Lâm, phải là những người nhiệt huyết ""lo trước thanh niên, vui sau thanh niên, gian khổ thì đi trước, hưởng thụ thì đi sau, có khả năng hoạch định, tổ chức các phong trào cách mạng thiết thực, hiệu quả"", gắn bó và thật sự có uy tín trong thanh niên; phải là những người dám nghĩ; dám nói; dám làm; dám chịu trách nhiệm; dám đổi mới, sáng tạo; dám đương đầu với khó khăn, thử thách và dám hành động vì lợi ích chung.
Về phong trào hành động, anh Triết cũng đề nghị cần tập trung triển khai hiệu quả ""Phong trào tuổi trẻ Việt Nam tiên phong trong kỷ nguyên mới"". Tuổi trẻ Đà Nẵng phải là lá cờ đầu trong cả 5 tiên phong.
""Chúng ta không chỉ cần thanh niên có trí tuệ mà còn phải có thể chất và tâm hồn. Do đó, phải có giải pháp đột phá để phát triển thanh niên toàn diện cả 3 mặt: trí tuệ; thể chất và đời sống văn hóa tinh thần cho thanh niên"", anh Triết nhấn mạnh.
Các cấp bộ Đoàn thành phố cần tiếp tục nghiên cứu, đề ra các phương pháp, cách làm mới để tạo sự chuyển biến mạnh mẽ về chất lượng hoạt động Đoàn, chất lượng sinh hoạt Chi đoàn.
""Tôi đề nghị các đồng chí tập trung nâng cao chất lượng tổ chức cơ sở Đoàn, đổi mới phương thức hoạt động của tổ chức Đoàn đặc biệt là tại các địa bàn đặc thù, doanh nghiệp ngoài nhà nước. Phải chấm dứt tình trạng ""nhạt Đảng, khô Đoàn, xa rời chính trị"" ở một bộ phận thanh niên"", anh Triết nhấn mạnh."
https://thanhnien.vn/trien-khai-manh-me-phong-trao-tuoi-tre-viet-nam-tien-phong-trong-ky-nguyen-moi-185251205204341404.htm,Triển khai mạnh mẽ phong trào 'Tuổi trẻ Việt Nam tiên phong trong kỷ nguyên mới',"Phát biểu chỉ đạo tại Đại hội đại biểu Đoàn TNCS Hồ Chí Minh tỉnh Ninh Bình, anh Nguyễn Minh Triết, Bí thư thường trực T.Ư Đoàn đề nghị tuổi trẻ Ninh Bình triển khai mạnh mẽ phong trào 'Tuổi trẻ Việt Nam tiên phong trong kỷ nguyên mới'.","Ngày 5.12, phát biểu tạiĐại hội đại biểu Đoàn TNCS Hồ Chí Minhtỉnh Ninh Bình lần thứ 1, nhiệm kỳ 2025 - 2030, anh Nguyễn Minh Triết, Bí thư Thường trực T.Ư Đoàn, Chủ tịch T.Ư Hội Sinh viên Việt Nam, yêu cầu trong công tác tuyên truyền, giáo dục thế hệ trẻ, các cấp bộ đoàn tỉnh Ninh Bình cần giữ vững các nội dung mang tính nguyên tắc, điều chỉnh phương thức hành động cho phù hợp với yêu cầu của giai đoạn mới, mà trọng tâm là chuyển đổi số.
Anh Nguyễn Minh Triết, Bí thư thường trực T.Ư Đoàn, Chủ tịch T.Ư Hội Sinh viên Việt Nam phát biểu tại đại hội
ẢNH: PHÚC NGƯ
Đặc biệt, nhiệm kỳ tới, tuổi trẻ Ninh Bình cần tập trung triển khai mạnh mẽ và hiệu quả phong trào ""Tuổi trẻ Việt Nam tiên phong trong kỷ nguyên mới""; tiên phong phát triển khoa học công nghệ, đổi mới sáng tạo, chuyển đổi số; tiên phong làm giàu chính đáng, phát triển kinh tế đất nước; tiên phong hội nhập quốc tế;tiên phongtrong các hoạt động tình nguyện vì cộng đồng; và tiên phong tham gia bảo vệ Tổ quốc với nhiều công trình, phần việc thiết thực, hiệu quả.
Anh Nguyễn Minh Triếtcũng lưu ý, trong chương trình ""Phát triển toàn diện thanh niên Việt Nam"", các cấp bộ đoàn tỉnh Ninh Bình cần vận dụng, triển khai phù hợp với đặc thù địa phương, gắn với truyền thống hiếu học, yêu nước, kiên cường và sáng tạo của người dân Ninh Bình.
Lãnh đạo T.Ư Đoàn và lãnh đạo tỉnh Ninh Bình chụp ảnh lưu niệm cùng Ban Chấp hành Tỉnh đoàn Ninh Bình nhiệm kỳ 2025 - 2030
ẢNH: PHÚC NGƯ
Báo cáo chính trị tại đại hội cho biết, nhiệm kỳ qua, tuổi trẻ Ninh Bình đã triển khai 10.881 công trình, phần việc; thành lập và duy trì 130 đội hình thanh niên tình nguyện hỗ trợ vận hành mô hình chính quyền địa phương 2 cấp; cung cấp dịch vụ công trực tuyến tại cơ sở với hơn 2.600 lượt tình nguyện viên tham gia, đã hỗ trợ hơn 180.000 lượt người dân tiếp cận kỹ năng số; duy trì hiệu quả 387 đội thanh niên xung kích, thanh niên tự quản, tổ tuần tra thanh niên ở cơ sở với gần 4.000 đoàn viên, thanh niên tham gia…
Công tác xây dựng Đoàn được triển khai toàn diện, tập trung, củng cố với hơn 83.000 đoàn viên, thanh niên được kết nạp đảm bảo chất lượng.
Công tác quản lý đoàn viên được đổi mới theo hướng ứng dụng mạnh mẽ chuyển đổi số, từng bước xây dựng cơ sở dữ liệu đoàn viên thống nhất, chính xác. Đặc biệt, trong nhiệm kỳ, các cấp bộ đoàn tỉnh Ninh Bình đã giới thiệu hơn 20.000 đoàn viên ưu tú cho Đảng xem xét, kết nạp, trong đó 15.000 đoàn viên vinh dự được đứng trong hàng ngũ của Đảng…
Tại đại hội cũng đã công bố quyết định của Ban Bí thư T.Ư Đoàn về việc chỉ định Ban Chấp hành, Ban Thường vụ, Bí thư, Phó bí thư, Ủy ban Kiểm tra, Chủ nhiệm, Phó chủ nhiệm Uỷ ban Kiểm tra Tỉnh đoàn Ninh Bình khóa 1, nhiệm kỳ 2025 - 2030.
Anh Trần Ngọc Nam, Bí thư Tỉnh đoàn Ninh Bình được chỉ định giữ chức Bí thư Tỉnh đoàn Ninh Bình khóa 1, nhiệm kỳ 2025 - 2030."
https://thanhnien.vn/bo-viec-van-phong-chang-trai-may-do-bup-be-kiem-20-trieu-dong-thang-185251206134549849.htm,"Bỏ việc văn phòng, chàng trai may đồ búp bê, kiếm 20 triệu đồng/tháng","Từng có thời gian làm sales với mức thu nhập ổn định, Đoàn Văn Nguyên (31 tuổi), ngụ tại P.Phú Nhuận (TP.HCM) quyết định rẽ hướng sang một công việc ít ai ngờ tới: ở nhà may đồ cho búp bê. Mỗi bộ Nguyên bán với giá từ 100.000 đến 900.000 đồng, trung bình mỗi tháng mang lại cho anh khoảng 15-20 triệu đồng.","Nguyên hiện là chủ của shop online chuyên bán vàthiết kế đồ búp bêmang tên Đồ Má May. Những chiếc váy tí hon do anh tự tay thiết kế, cắt may, đính kết được cộng đồng chơi búp bê khen ngợi vì cầu kỳ, đẹp mắt, không thua kém các mẫu đầm dạ hội của người mẫu, hoa hậu.
Nguyên cho biết fanpage này ban đầu chỉ đơn giản là nơi lưu giữ hình ảnh những con búp bê mà mình yêu thích. ""Lúc mới lập trang, mình không hề nghĩ đến chuyện bán. Chỉ coi như một trang cá nhân dành cho búp bê của mình thôi"", Nguyên kể.
Bỏ việc văn phòng, Nguyên may đồ búp bê, kiếm 20 triệu đồng/tháng
ẢNH: AN VY
Trong quá trình tham gia các hội nhóm chơi búp bê, nhiều người để ý đến những bộ đồ Nguyên may cho búp bê của mình và bắt đầu hỏi mua, nhờ may theo yêu cầu. ""Mọi người hỏi riết, mình nhận vài đơn thử, rồi cái duyên nó tới. Từ từ mình nhận nhiều hơn và gắn bó lúc nào không hay, tới nay cũng gần 3 năm rồi"", anh nói.
Trước khi theo đuổi công việc này một cách nghiêm túc, Nguyên từng làm sales, buôn bán online nhiều mặt hàng… Dù thu nhập không đến nỗi bấp bênh, anh lại cảm thấy công việc chỉ lặp đi lặp lại và không mang lại niềm vui. Một ngày nghỉ đi siêu thị, Nguyên mua lại một con búp bê và chợt nhớ đến món đồ chơi gắn với ký ức tuổi thơ mà anh đã bỏ quên suốt hàng chục năm vì nghĩ ""lớn rồi không chơi nữa"".
Một số đầm búp bê đẹp mắt do Nguyên may
ẢNH: NVCC
“Khi chơi lại, mình thấy giảm stress rất nhiều. Vốn có đam mê thiết kế thời trang, mình bắt đầu nghĩ mẫu rồi may đồ cho búp bê. Nhìn búp bê khoác lên những bộ đồ do chính tay mình làm ra, mình thấy rất vui”, Nguyên chia sẻ. Từ việc may cho thỏa đam mê ban đầu, anh dần bị cuốn theo và nhận ra bản thân hoàn toàn có thể theo đuổi công việc này một cách nghiêm túc, chuyên nghiệp hơn.
Niềm yêu thích với búp bê của Nguyên bắt đầu từ khi anh khoảng 5-6 tuổi. Thời đó, gia tài của anh đã có gần 40 con búp bê. Trong ký ức của Nguyên, những buổi trưa gọi mẹ dậy để cùng chơi búp bê là kỷ niệm rất đặc biệt. Hiện tại, anh sở hữu khoảng 50 con búp bê với mức giá từ vài trăm nghìn đến vài triệu đồng mỗi con. ""Tiền bán đầm búp bê, mình lấy để mua búp bê mới hết. Cứ xoay vòng như vậy"", Nguyên cười, kể.
Gia tài búp bê ở nhà của Nguyên
ẢNH: NVCC
Giá đồ búp bê tại Đồ Má May được Nguyên nhận xét là vừa phải so với mặt bằng chung. Những mẫu đơn giản có giá khoảng 100.000-200.000 đồng, các mẫu cầu kỳ dao động 800.000-900.000 đồng. Thời gian đầu, có bộ anh bán chỉ vài chục nghìn đồng để làm quen thị trường. Hiện tại, lượng khách của shop khá ổn định, mỗi ngày anh may từ 5-7 bộ đồ, tùy lượng đơn.
Về phong cách, đồ búp bê mà Nguyên làm khá đa dạng, trong đó các mẫu dạ hội lấy cảm hứng từ trang phục hoa hậu, người đẹp được anh thực hiện nhiều nhất. ""Mình hay xem hoa hậu, mê cái đẹp. Mình nhìn mẫu thật rồi lên ý tưởng, dựng form và may. Trước đây mình từng học may và có năng khiếu sẵn nên không thấy quá khó"", anh nói.
Nguyên tỉ mẩn với từng mẫu thiết kế
ẢNH: NVCC
Anh cho biết thời gian hoàn thành một bộ đồ tùy mức độ cầu kỳ. Bộ đơn giản có thể xong trong vài giờ hoặc một ngày, trong khi những bộ đính kết nhiều chi tiết có thể mất tới cả tuần. Nguyên thường may theo cảm hứng vì vậy mỗi sản phẩm đều mang một dấu ấn riêng.
Ban đầu, gia đình, đặc biệt là ba mẹ, không khỏi lo lắng khi Nguyên chọn may đồ búp bê làm kế sinh nhai. ""Má mình từng hỏi may đồ búp bê thì được bao nhiêu tiền, vì nghĩ đó chỉ là trò con nít. Giờ thì mình thấy may mắn vì được làm việc mình thích mà vẫn có thu nhập. Có hôm mình may từ sáng tới 5 giờ chiều là nghỉ, hôm nhiều đơn mình tăng ca tới 8-9 giờ tối. Nghe thì vất vả, nhưng mình thấy rất vui"", Nguyên nói.
Theo Nguyên, khó khăn lớn nhất hiện nay không phải kỹ thuật may mà là làm sao quảng bá để nhiều người biết đến đầm búp bê hơn và thay đổi những định kiến lâu nay về việc con trai chơi búp bê. ""Trước đây nhiều người nghĩ con trai chơi búp bê là lệch chuẩn. Có thời điểm ba mình giấu hết búp bê vì không muốn mình chơi. Càng lớn, mình càng muốn chứng minh búp bê chỉ là một thú chơi giúp giải tỏa stress, không có gì xấu"", anh nói.
Qua công việc này, Nguyên muốn thay đổi những định kiến lâu nay về việc con trai chơi búp bê
ẢNH: AN VY
Nguyên cho biết khách hàng của anh ngày càng đa dạng về độ tuổi. Ngoài học sinh, sinh viên, nhiều người đã lập gia đình, thậm chí U50, U60 vẫn tìm đến đặt mua. ""Có chị ở Đồng Nai, có chồng con, tối nào xong việc nhà là vào phòng chơi búp bê. Có lần mình tham gia hội chợ, chị biết tin liền chạy xe từ hơn 5 giờ sáng lên TP.HCM chỉ để ngắm đồ. Điều đó khiến mình rất xúc động"", Nguyên nhớ lại.
Với anh, may đồ búp bê không chỉ là kiếm tiền mà còn là cách lan tỏa niềm vui tinh thần. ""Giá trị của một bộ đồ không chỉ nằm ở tiền. Quan trọng là cảm giác vui vẻ khi mình sở hữu nó. Với mình, giá trị tinh thần đó rất lớn"", Nguyên nói.
Tên gọi Đồ Má May cũng xuất phát từ mối gắn bó đặc biệt của Nguyên với búp bê. Ngày trước, anh từng gọi mình là ""má"" của ""bé"" Misa - một con búp bê mà Nguyên hay chơi nhất. Khi lập fanpage, cái tên ấy được giữ lại vì theo anh vừa dễ thương, vừa rất Việt Nam, giúp mọi người dễ nhớ.
Hiện tại, Nguyên ưu tiên phát triển thị trường trong nước, hướng tới xây dựng một cộng đồng chơi búp bê ngày càng rộng mở. Bên cạnh những thiết kế do chính tay mình sáng tạo, anh còn nhận may theo yêu cầu, dựa trên hình ảnh khách gửi hoặc biến tấu từ các mẫu có sẵn. Trong thời gian tới, Nguyên dự định tổ chức thêm các buổi workshop nhằm đưa nghệ thuật may đồ búp bê đến gần hơn với đông đảo người yêu thích.
Từng tham gia một workshop may đồ búp bê dành cho cộng đồng do Nguyên hướng dẫn tại Nhà văn hóa Thanh niên TP.HCM, Đào Nguyễn Kim Khánh (11 tuổi), học sinh Trường chuyên biệt khiếm thính Hy Vọng Bình Thạnh, chia sẻ: “Chú may đồ rất đẹp, dạy dễ hiểu. Con rất thích”.
Bé Khánh háo hức trải nghiệm may đồ búp bê
ẢNH: AN VY"
https://thanhnien.vn/honor-x9d-ra-mat-tai-pho-di-bo-dai-tiec-cong-nghe-va-am-nhac-dac-sac-185251208183905599.htm,HONOR X9d ra mắt tại phố đi bộ-đại tiệc công nghệ và âm nhạc đặc sắc,"Khu vực phố đi bộ Nguyễn Huệ như 'đổi sắc' khi Trang Pháp, Quân A.P và WEAN LE cùng xuất hiện trên sân khấu ra mắt HONOR X9d. Những giai điệu sôi động hòa vào màn trình diễn công nghệ, khiến không gian quen thuộc lập tức biến thành đại nhạc hội rực rỡ giữa lòng thành phố.","Cuối tuần qua, mọi ánh mắt đều hướng về sân khấu ra mắt HONOR X9d - một tân binh smartphone tầm trung bền bỉ, với viên pin 8.300mAh thuộc top đầu ngành, chuẩn IP69K và chuẩn SGS 5 sao Thụy Sĩ chống rơi vỡ từ độ cao 2.5M. Âm nhạc, ánh sáng và công nghệ hòa quyện, biến Đại lộ Lê Lợi (giáp phố đi bộ Nguyễn Huệ) quen thuộc thành một không gian tràn đầy cảm xúc.

Không khí trước đêm đại nhạc hội trở nên náo nhiệt tại khu vực trải nghiệm HONOR X9d. Hàng nghìn người háo hức đổ về xem chiếc điện thoại ""bền bất bại"" vượt qua thử thách ""Đỉnh Núi Bất Bại"" thú vị: Tìm HONOR X9d trong cát, chinh phục đỉnh núivà thả rơi tự do X9d xuống ống dẫn nước. Thử thách không chỉ tạo ra hoạt động tương tác thú vị mà còn chứng thực được khả năng chống bụi, nước IP69K của sản phẩm.
""Mình rất bất ngờ khi HONOR X9d có thể vượt qua các thử thách khắc nghiệt và càng ngạc nhiên hơn khi sản phẩm có viên pin đến 8.300mAh, con số hiếm thấy trong ngành với độ bền lên đến 6 năm"",một bạn trẻ yêu công nghệ chia sẻ.

Bên cạnh thử thách ""Đỉnh Núi Bất Bại"" với phần thưởng 10 chiếc HONOR X9d, sự kiện còn nổi bật với các khu trải nghiệm ""Khoảnh Khắc Bất Bại"" dành cho khách chụp ảnh check-in, ""Chiến Binh Siêu Bền"" nơi HONOR X9d vượt qua thử thách máy trộn bê tông và ""Trạm Năng Lượng Vô Tận"" thể hiện pin 8.300mAh cùng tính năng sạc ngược. Hàng ngàn quà tặng độc quyền như túi tote, quạt điện, gấu bông, nón bảo hiểm và giá đỡ điện thoại cũng được gửi đến người tham dự.
Đêm đại nhạc hội mở màn đầy sôi động với set nhạc sôi động, nhanh chóng khuấy động không khí. Tiếp đó là màn trình diễn mô tô và parkour tốc độ cao tiếp tục đẩy cảm xúc lên cao trào. Giữa những cú drift sát mặt đất và các động tác bật nhảy dồn dập, HONOR X9d được đưa vào loạt thử thách va đập trực diện ngay trên sân khấu - rơi vỡ, va chạm mạnh mà vẫn ""sống sót"".

Tiếp nối bầu không khí bùng nổ, Trang Pháp mang đến ba bản hit Barbie, Gửi Chồng Tương Lai và Chỉ Là. Sau phần trình diễn, nữ ca sĩ bước vào ""Thử thách Câu Cá Bền Bỉ"" cùng khán giả, liên tục thả HONOR X9d vào bồn nước trong 1 phút 30 giây để điều khiển và hút quà theo luật chơi. Việc máy vận hành ổn định sau thử thách tiếp tục khiến người xem thích thú.
Không khí càng thêm cuồng nhiệt khi Wean xuất hiện với loạt hit I'm Thinking About You, Một Người Vì Em, Badbye và Bao Lâu Rồi Em. Ngay sau đó, anh bước vào thử thách Smash & Survive, dùng HONOR X9d đập vỡ từng khối nước đá. Khi lớp băng cuối cùng nứt ra, thiết bị vẫn sáng màn hình và hoạt động bình thường, khẳng định độ bền trong điều kiện lạnh và va đập mạnh.
Khép lại đêm diễn, Quân A.P mang đến Kiếp Sau Vẫn Là Người Việt Nam, Bông Hoa Đẹp Nhất và You Are My Crush. Ngay sau đó, nam ca sĩ gây bất ngờ khi dùng HONOR X9d thay cho vợt trong thử thách Pickleball. Dưới các cú đánh liên tục, máy vẫn giữ được độ chắc chắn và bề mặt nguyên vẹn, tạo nên sự phấn khích cho hàng nghìn khán giả.

Sự đầu tư của HONOR trong buổi ra mắt HONOR X9d đã đem đến đêm nghệ thuật giải trí đã đem lại sự trọn vẹn cho mọi khán giả. Sự chịu chơi của HONOR hiện rõ ràng, đây không chỉ là buổi ra mắt sản phẩm mà còn là một đêm nghệ thuật giải trí trọn vẹn cho khán giả.
HONOR X9d chính thức được mở bán với ba màu sắc: Vàng Bình Minh, Đen Bóng Đêm và Đỏ Đôn Hoàng, đi kèm nhiều tùy chọn cấu hình. Máy có giá lần lượt 9,99 triệu đồng (8GB+256GB), 10,99 triệu đồng (12GB+256GB) và 11,99 triệu đồng (12GB+512GB).
Sở hữu độ bền vượt trội với chứng nhận SGS 5 sao Thụy Sĩ chống rơi vỡ từ độ cao 2,5m, chuẩn kháng nước - bụi IP69K và viên pin silicone-carbon 8.300mAh có tuổi thọ công bố lên đến 6 năm, HONOR X9d được kỳ vọng sẽ trở thành ""tân binh"" nổi bật trên thị trường di động cuối năm 2025. Chỉ trong 2 ngày đầu mở bán, HONOR X9d đã ghi nhận mức doanh số cao gấp gần 4 lần so với X9c ở cùng giai đoạn.
Bên cạnh độ bền, X9d còn có camera 108MP cùng loạt tính năng AI hỗ trợ công việc và đời sống như: Gemini,Khoanh Tròn Tìm Kiếm, Chỉnh Sửa Hình ẢnhAI, ghi chú AI và dịch thuật AI…

Khi mua HONOR X9d từ ngày 6.12 đến 15.12.2025, khách hàng nhận ưu đãi đến 4 triệu đồng, gồm gói quà tặng 1.500.000 đồng hoặc giảm trực tiếp 1.000.000 đồng. Học sinh - sinh viên và tài xế công nghệ được ưu đãi thêm 500.000 đồng, cùng lựa chọn trả góp 0% để dễ dàng sở hữu. Người dùng còn được hưởng gói HONOR Ultimate Care với bảo hành rơi vỡ màn hình và vào nước 12 tháng, bảo hành pin 24 tháng và chính sách 1 đổi 1 trong 100 ngày (lỗi NSX), đảm bảo an tâm tối đa trong quá trình sử dụng. Tìm hiểu thêmtại đây."
https://thanhnien.vn/chang-trai-gay-sot-gioi-tre-boi-bup-be-chan-dung-ta-thuc-185250503194324467.htm,Chàng trai gây sốt giới trẻ bởi búp bê chân dung tả thực,"Từ ý tưởng tạo ra những con búp bê mang dấu ấn cá nhân khách hàng, Bùi Thịnh Đa (21 tuổi, ngụ TP.Sóc Trăng, Sóc Trăng) đã làm ra búp bê chân dung tả thực, gây ấn tượng mạnh trong giới trẻ và cộng đồng yêu nghệ thuật.","Bùi Thịnh Đa kể năm học lớp 6, tình cờ lướt mạng và biết đến búp bê Bid (còn gọi là búp bê khớp cầu), Đa cảm thấy ấn tượng và hứng thú tìm hiểu. Lên lớp 7, Đa định hình phong cách cho riêng mình là theo đuổi Pop Surrealism, thiên về sự bí ẩn, ma mị. Đây là phong cách khá kén chọn người chơi.
Những búp bê Việt Nam khoác lên mình bộ trang phục thời Nguyễn
ẢNH: DUY TÂN
Với 3 chất liệu chính là đất sét, nhựa và sứ, đến nay Đa đã làm ra hàng trăm búp bê khớp cầu. Đặc biệt, năm 2014, Đa thực hiện Dự án ""Việt Nam"", làm búp bêtruyền thống, diện phục trang thời Nguyễn. Búp bê Việt Nam của Đa có cả phiên bản nam và nữ. Trong đó, phiên bản nữ thu hút sự chú ý của người xem bởi nét đẹp mộc mạc, dịu dàng nhưng không kém phần quý phái, kiêu sa.
Thời gian gần đây, Đa gây sốt thị trường khi tung ra sản phẩm búp bê chân dung tả thực có giá từ 10 - 20 triệu đồng/con. Búp bê này đòi hỏi sự công phu, cần tới 500 giờ lao động tỉ mỉ liên tục để hoàn thiện.
Búp bê của chàng trai này mang tính độc bản, làm theo đơn đặt hàng riêng biệt. Mỗi sản phẩm được thiết kế dựa trên hình ảnh thực củakhách hàng, từ khuôn mặt, biểu cảm đến kiểu tóc, trang phục… Búp bê có thể tạo dáng, thay đổi trang phục giống như người thật. Điều này giúp mỗi búp bê trở thành một tác phẩm nghệ thuật sống động, thể hiện rõ cá tính và đặc điểm của từng người.
Ban đầu, Đa chỉ làm búp bê theo sở thích cá nhân, nhưng dần dần có nhiều người quan tâm và muốn sở hữu phiên bản búp bê mang dấu ấn riêng. Đó là động lực để Đa biến ý tưởng thành hiện thực. Hai tác phẩm đầu tiên là búp bê nam cao 31 cm, búp bê nữ cao 28,5 cm, từng chi tiết đều được chế tác tỉ mỉ.
Một cặp búp bê chân dung tả thực được khách đặt hàng
ẢNH: DUY TÂN
""Búp bê chân dung tả thực có giá rất cao so với những búp bê khác tôi làm do tất cả chi tiết đều phải làm thủ công, cẩn thận từng chút một để đảm bảo độ tinh xảo. Mỗi búp bê tả thực là độc bản tuyệt đối, không có sự trùng lặp và cam kết không tái sản xuất bất kỳ lý do nào khác"", Đa lý giải.
Để hoàn thành một búp bê chân dung tả thực, phải trải qua nhiều công đoạn tỉ mỉ: nhào đất, làm khung xương, nặn, nung, chà nhám, làm mịn, trang điểm, căng dây, làm tóc và quần áo... Tất cả các công đoạn đều được thực hiện thủ công, đòi hỏi sự kiên nhẫn và kỹ thuật cao. Trong các công đoạn phức tạp kể trên, khó nhất là phần thổi hồn vàobúp bêsao cho chuẩn xác với mẫu người.
Nhờ sự độc đáo và tính cá nhân hóa cao, búp bê chân dung tả thực nhanh chóng thu hút sự chú ý của giới trẻ. Nhiều người đặt hàng để lưu giữ hình ảnh bản thân, làm quà tặng hoặc kỷ niệm những khoảnh khắc quan trọng. Đến nay, Đa đã hoàn thành hơn 40 đơn búp bê chân dung tả thực cho khách hàng trong và ngoài nước.
"
https://thanhnien.vn/can-canh-nui-ao-quan-cuu-tro-khong-lo-tu-tphcm-chuan-bi-gui-cho-khanh-hoa-185251125151237916.htm,Cận cảnh núi  áo quần cứu trợ khổng lồ từ TP.HCM chuẩn bị gửi cho Khánh Hòa,"Những ngày này, hàng trăm bạn trẻ đổ về Nhà văn hóa Thanh niên TP.HCM để phụ xếp, khiêng, phân loại quần áo cứu trợ từ sáng đến tận tối muộn. Số lượng quần áo người dân gửi về cho đồng bào miền Trung nhiều đến mức khó tin, chất cao thành từng 'ngọn núi', ước tính lên tới cả tấn mỗi ngày.","Lâm Thái Vân, học sinh Trường THPT Nguyễn Thị Diệu (TP.HCM), cho biết nhóm của em gồm học sinh, sinh viên của nhiều trường THPT như Nguyễn Thị Diệu, Nguyễn Khuyến… và ĐH Kinh tế TP.HCM… Tất cả đều tự tìm đến điểm tập kết để góp sức sau khi thấy hình ảnh, tin tức về mưa lũ. ""Thương đồng bào nên tụi em muốn đến đây phụ một tay xếp quần áo cũ. Tụi em tới từ 1-2 giờ chiều, chỉ sau vài tiếng đồng hồ đã hỗ trợ được rất nhiều khâu như bưng đồ, xếp đồ, phân loại đến đếm từng gói quà"", Vân nói.
Nhóm học sinh, sinh viên mong góp phần sức để quần áo nhanh chóng được chuyển đến cho bà con vùng lũ
ẢNH: AN VY
Điểm tập kết tại Nhà văn hóa Thanh niên TP.HCM do Ủy ban MTTQ Việt Nam TP.HCM mở thêm. Tại đây, lượng hàng hóa ước tính gần 100 tấn, gồm bánh, sữa, mì gói và đặc biệt là quần áo từ khắp nơi gửi về. Sau khi Ủy ban MTTQ Việt Nam TP.HCM phát đi lời kêu gọi hỗ trợ đồng bào vùng lũ, người dân mang tới đủ loại đồ như áo ấm, áo khoác, đồ ngủ, đồ công sở, đồng phục, đồ trẻ em, đồ nam, nữ… Tất cả đều được các tình nguyện viên kiểm đếm kỹ lưỡng rồi phân loại, đóng túi theo từng nhóm. ""Tụi em chia nhau ra. Bạn phụ khu đồ nam, bạn làm khu đồ nữ, bạn khác kiểm size và đóng gói. Ai cũng cố làm thật kỹ để bà con nhận được quần áo vừa vặn nhất"", Thái Vân chia sẻ.
Số lượng quần áo tại Nhà văn hóa Thanh niên TP.HCM được bà con khắp nơi chuyển về cho người dân vùng lũ
ẢNH: AN VY
Từ trên nhìn xuống, khu vực Nhà văn hóa Thanh niên TP.HCM trông chẳng khác gì một kho hàng khổng lồ. Những bao quần áo cao ngất, trải dài khắp sảnh. Giữa những đống quần áo ấy, hàng trăm bạn trẻ miệt mài nhặt, gấp, sắp xếp. Người chen trong núi đồ, người đứng chuyền tay từng bao lớn ra xe tải. Tiếng nói cười liên tục vang lên, tạo nên một bầu không khí vừa tất bật vừa ấm áp.
Các tình nguyện viên tranh thủ lưu lại kỷ niệm đẹp cùng nhau
ẢNH: AN VY
Trần Thị Mộng Bình, sinh viên Trường CĐ Y dược Hồng Đức (TP.HCM), cùng chị gái là Trần Thị Như Quỳnh, sinh viên Trường ĐH Kinh tế - Tài chính TP.HCM, có mặt từ sáng sớm. Hai chị em không ngừng xếp đồ, chia bộ, đóng túi, rồi vận chuyển ra khu tập kết. ""Lần đầu tiên mình thấy một kho đồ nhiều đến vậy. Có thể gọi là cả núi quần áo,"" Mộng Bình nói.
Ngồi cạnh, Như Quỳnh bày tỏ mong muốn người dân vùng lũ sớm vượt qua khó khăn. ""Tụi mình xem clip thấy bà con thiếu quần áo lắm. Có mấy anh trai còn mặc đầm phụ nữ vì có gì mặc nấy. Hy vọng những túi quần áo này sẽ sớm đến tận tay bà con để không còn ai phải mặc tạm như vậy nữa"", Quỳnh nói.
Mộng Bình (thứ 3 từ trái qua) cùng chị gái đến đây trở thành tình nguyện viên soạn quần áo
ẢNH: AN VY
Không khí tại điểm tập kết khiến nhiều bạn trẻ cảm thấy hào hứng dù công việc rất nặng. Võ Thị Diệu Thắm (25 tuổi), ngụ P.Hòa Hưng, TP.HCM, chia sẻ rằng mọi người vừa gấp quần áo vừa trò chuyện, thỉnh thoảng còn hát vang những bài hát sôi động, hừng hực khí thế. ""Rất vui và nhộn nhịp. Tụi mình làm được một lúc là quen nhau hết. Ai cũng dễ thương, ai cũng muốn phụ nhanh nhất có thể để đồ kịp chuyển đi"", Thắm cho biết.
Nhóm của Diệu Thắm (áo xám) hào hứng với công việc thú vị
ẢNH: AN VY
Theo chị Lâm Thị Thanh Phát, đại diện điểm tập kết, khối lượng hàng hóa đổ về tăng theo từng giờ. Chỉ trong ngày đầu tiên phát động, họ đã chuyển được khoảng 100 tấn hàng hóa lên xe để đưa về vùng lũ. Sang ngày thứ hai, số lượng hàng gửi đến tăng thêm 100-200 tấn nữa. ""Chúng tôi đang rất cần bao nilon, băng keo, thùng giấy và đặc biệt là cần thêm tình nguyện viên để phụ việc bốc xếp. Quần áo gửi đến hiện đã quá nhiều nên Ủy ban MTTQ Việt Nam TP.HCM đã thông báo ngưng nhận, để tập trung phân loại, đóng gói và vận chuyển cho kịp thời"", chị Phát nói.
Không khí chộn rộn tại điểm tập kết
ẢNH: AN VY
Dù đã ngưng tiếp nhận, nhiều người dân vẫn kéo đến Nhà văn hóa Thanh niên TP.HCM trong tâm trạng tiếc nuối vì không kịp gửi quần áo cho đồng bào. Họ chia sẻ rằng cảnh tượng ""núi quần áo"" tại đây khiến họ xúc động và hy vọng mọi thứ sẽ sớm đến nơi cần đến, giúp bà con vùng lũ vượt qua khó khăn.
Các tình nguyện viên sướng rơn khi nhận được băng keo từ một nhà hảo tâm gửi tặng
ẢNH: AN VY
Thiệt hại mưa lũ ở Khánh Hòa: Số người chết tăng lên 22 người"
https://thanhnien.vn/nhieu-viec-lam-thoi-vu-tet-2026-dang-can-nguoi-co-the-di-di-lam-ngay-18525120513405856.htm,"Nhiều việc làm thời vụ tết 2026 đang cần người, có thể đi làm ngay","Nhiều doanh nghiệp bắt đầu tuyển dụng nhân viên thời vụ, phục vụ cho việc kinh doanh, buôn bán dịp tết 2026. Trong đó, nhiều việc làm có thu nhập khá cao.","Chị Nguyễn Tường Vi, phụ trách nhân sự của Central Retail tại Việt Nam (P.Cầu Kiệu, TP.HCM; trước là P.4, Q.Phú Nhuận, TP.HCM) cho biết đang tuyển dụng việc làm dịptết 2026. Theo đó, cần nhân sự làm việc tại siêu thị Go! Trường Chinh (P.Tây Thạnh, TP.HCM; trước là P.Tây Thạnh, Q.Tân Phú, TP.HCM).
Các vị trítuyển dụnggồm: nhân viên soạn hàng, nhân viên gói quà, nhân viên bán hàng, nhân viên thu ngân, nhân viên kho, nhân viên giao hàng.
""Yêu cầu tốt nghiệp THPT trở lên, không yêu cầu kinh nghiệm. Ứng viên có thái độ trung thực, sẵn sàng phục vụ khách hàng, đáp ứng thời gian làm việc thời vụ đến 28 tết âm lịch (15.2.2026). Có thể xoay ca linh hoạt, làm việc 8 tiếng/ngày. Mức lương là 7 triệu đồng/tháng và thưởng gắn bó tết. Ứng viên được đào tạo trước khi nhận việc. Và đặc biệt, sau khi làm việc giai đoạn này, có cơ hội trở thành nhân viên chính thức"", chị Vi cho hay.
Nhiều siêu thị, cửa hàng kinh doanh, công ty đang tuyển dụng nhân viên làm việc thời vụ dịp tết 2026
ẢNH: THANH NAM
Chị Đỗ Thu Phương, chuyên viên tuyển dụng của Công ty cổ phần Richy Group (P.Yên Hòa, Hà Nội; trước là P.Yên Hòa, Q.Cầu Giấy, Hà Nội), cho biết công ty đang tuyển số lượng lớn nhân viên đóng gói bánh kẹo.
""Công việcđơn giản, gồm dán tem, hạn sử dụng, cân kẹo, đóng hộp, đóng thùng. Có ăn trưa tại kho. Môi trường làm việc sạch sẽ, an toàn"", chị Phương nói và cho hay: ""Về quyền lợi, làm ca 8 tiếng sẽ nhận mức thu nhập 255.000 đồng/ngày. Còn làm ca 12 tiếng sẽ nhận thu nhập 425.000 đồng/ngày"".
Anh Nguyễn Thành Đạt, nhân viên tuyển dụng của Công ty CJ Feed&Care (P.Sài Gòn, TP.HCM; trước là P.Bến Nghé, Q.1, TP.HCM), cho biết công ty đang tuyển dụng thời vụ tết 2026.
""Số lượng tuyển là 250 người, công việc chăm sóc heo, vệ sinh chuồng trại theo yêu cầu của kỹ thuật và quản lý trại. Thời gian dự kiến là một tháng, từ ngày 7.2.2026 – 7.3.2026. Địa điểm làm việc ở TP.HCM và các tỉnh lân cận như Tây Ninh, Lâm Đồng…"", anh Đạt nói.
Cũng theo anh Đạt, mức thu nhập là từ 8 – 12 triệu đồng. ""Ngoài ra, người làm việc sẽ hưởng các quyền lợi như: hỗ trợ 100% chi phí ăn, ở, sinh hoạt tại trang trại, được hỗ trợ xe đưa đón miễn phí 2 chiều. Bên cạnh đó, công ty có tổ chức tiệc, hoạt động vui tết tại trang trại"".
Có không ít việc làm thời vụ dịp tết 2026 có thu nhập khá cao, phù hợp với người trẻ muốn làm thêm
ẢNH: THANH NAM
Anh Huỳnh Công Thành, Phòng nhân sự Công ty TNHH Dịch vụ quà tặng Givista (P.Đức Nhuận, TP.HCM; trước là P.5, Q.Phú Nhuận, TP.HCM), cho biết công ty đang tuyển nhân viên đóng gói quà tết 2026.
Công việc này sẽ bắt đầu từ ngày 15.12.2025 đến ngày 31.1.2026. ""Thời gian làm việc từ 8 giờ sáng đến 6 giờ chiều, tùy theo lượng hàng. Có tăng ca, ưu tiên ứng viên muốn làm cố định ca và mong muốn làm việc hết thời gian dự án (tức đến ngày 31.1.2026). Công việc sẽ là đóng gói quà tết, dán tem, sắp xếp hàng hóa"", anh Thành cho biết.
Về yêu cầu, theo anh Thành: ""Ứng viên chịu khó, chịu làm, nhanh nhẹn. Thu nhập là 30.000 đồng/giờ, mức này cạnh tranh so với các công việc tương tự ngoài thị trường"".
Công ty TNHH Dịch vụ và sản xuất bao bì Big Sun (P.Khương Đình, Hà Nội; trước là P.Hạ Đình, Q.Thanh Xuân, Hà Nội) cũng đang tuyển nhân viên kho thời vụ tết, ứng viên có thể đi làm ngay.
Chị Đỗ Thị Hiệp, nhân viên tuyển dụng của công ty cho hay: ""Công việc là nhập và xuất hàng hóa theo phiếu yêu cầu. Sắp xếp, phân loại hàng hóa trong kho ngăn nắp, đúng khu vực. Kiểm tra, đối chiếu chứng từ hàng nhập, xuất đúng quy định. Chuẩn bị đơn hàng giao cho bộ phận kinh doanh. Bên cạnh đó là hỗ trợ các công việc khác theo phân công của quản lý kho"".
Về chế độ lương và phụ cấp, theo chị Hiệp: ""Lương cứng 7 triệu đồng/tháng, phụ cấp thêm 1 triệu đồng/tháng. Yêu cầu có sức khỏe tốt, chăm chỉ, trung thực, ưu tiên ứng viên có kinh nghiệm làm kho, biết sắp xếp, ghi nhận số liệu"".
Chị Đào Thị Phương, bộ phận tuyển dụng Công ty TNHH Một thành viên thực phẩm Á Châu III (P.Tân Hiệp, TP.HCM; trước là P.Khánh Bình, TP.Tân Uyên, tỉnh Bình Dương), cho biết công ty đang tuyển dụng 100 lao động cả nam lẫn nữ để tham gia vào các công đoạn sản xuất sản phẩm mì, cháo, gia vị...
""Người làm việc sẽ có thu nhập ổn định từ 10 – 14 triệu đồng/tháng, được hỗ trợ 2 bữa ăn tại công ty cùng nhiều quyền lợi khác"", chị Phương nói."
https://thanhnien.vn/dong-hanh-chuyen-xanh-di-xa-cung-trach-nhiem-khi-doanh-nghiep-viet-cung-se-chia-voi-cong-dong-185251205111731875.htm,"'Đồng hành chuyển xanh, đi xa cùng trách nhiệm' - Khi doanh nghiệp Việt cùng sẻ chia với cộng đồng","Trong bối cảnh kinh tế nhiều biến động, phát triển bền vững trở thành định hướng quan trọng của các doanh nghiệp Việt Nam. Nhà nước liên tục khuyến khích các doanh nghiệp chủ động đồng hành cùng cộng đồng, triển khai các chương trình xã hội và hướng tới những giá trị nhân văn. Trên tinh thần này, nhiều doanh nghiệp Việt tiên phong thực hiện các hoạt động thiết thực, vừa hỗ trợ xã hội, vừa lan tỏa tinh thần trách nhiệm.","MOVE Việt Nam là một trong những doanh nghiệp tiên phong đi đầu trong việc lan tỏa những giá trị nhân văn, đặc biệt hướng tới học sinh sinh viên - thế hệ tiếp nối tương lai của đất nước. Chuỗi hoạt động mang sứ mệnh ""Đồng hành chuyển đổi xanh - Đi xa cùng trách nhiệm"" chính là minh chứng cho cam kết này.

Vừa qua, đại diện MOVE Việt Nam đã có mặt tại Trường Đại học Khoa học xã hội và nhân văn và Trường Đại học Khoa học tự nhiên (Đại học Quốc gia TP.HCM) để trao tặng phần quà xe điện cho sinh viên có hoàn cảnh khó khăn, luôn nỗ lực vươn lên và đạt thành tích học tập xuất sắc. Cùng với đó, doanh nghiệp cũng trao tặng hàng trăm chiếc mũ bảo hiểm nhằm đồng hành cùng các em trên hành trình di chuyển an toàn và tiện lợi hơn mỗi ngày.

Những món quà không chỉ mang ý nghĩa thiết thực cho cuộc sống học tập của sinh viên, mà còn là nguồn động viên tinh thần, tiếp thêm niềm tin và động lực để các em vững bước trên con đường tri thức, nuôi dưỡng ước mơ và lan tỏa tinh thần xanh của thương hiệu.
Chia sẻ tại buổi trao tặng, chị Đặng Bảo Uyên - Phó tổng giám đốc Công ty TNHH Xe điện MOVE cho biết: ""Chúng tôi tin rằng sự phát triển chỉ thật sự có ý nghĩa khi doanh nghiệp biết sẻ chia cùng cộng đồng. Với sứ mệnh ""Đồng hành chuyển đổi xanh - Đi xa cùng trách nhiệm"", mỗi phần quà MOVE Việt Nam trao đi không chỉ lan tỏa tinh thần chuyển đổi xanh của thương hiệu, mà còn là cách chúng tôi gửi gắm niềm tin vào những thế hệ trẻ. Chúng tôi hy vọng rằng, món quà này không chỉ là sự hỗ trợ vật chất, mà còn là nguồn động lực tinh thần, giúp các bạn vững bước hơn trên hành trình phía trước. Thông qua hoạt động này, doanh nghiệp cũng mong muốn đóng góp cùng xã hội trong việc tạo nên những giá trị tích cực, không chỉ xanh hơn cho môi trường, mà còn hướng tới một cộng đồng nhân văn hơn"".

Đại diện từ các trường đại học cho biết, hoạt động của MOVE Việt Nam là một hình thức đồng hành ý nghĩa, thể hiện sự gắn kết giữa doanh nghiệp và nhà trường trong việc hỗ trợ sinh viên vượt khó. Nhà trường cũng gửi lời tri ân đến doanh nghiệp vì những đóng góp thiết thực cho cộng đồng sinh viên, đồng thời bày tỏ sự ủng hộ tinh thần chuyển đổi xanh của thương hiệu.

Với MOVE Việt Nam, ""hành trình xanh"" không chỉ là việc mang đến phương tiện di chuyển thân thiện với môi trường, mà còn là sứ mệnh sẻ chia những giá trị tốt đẹp. Doanh nghiệp sẽ tiếp tục nối dài hành trình đồng hành cùng học sinh, sinh viên trên khắp cả nước để kiến tạo nên một cộng đồng xanh hơn, bền vững và nhân văn hơn."
https://thanhnien.vn/ao-xanh-tinh-nguyen-rua-xe-gay-quy-giup-hoc-sinh-ngheo-185251128103601925.htm,Áo xanh tình nguyện rửa xe gây quỹ giúp học sinh nghèo,"Từ ý tưởng giản dị của thanh niên địa phương, CLB ""Rửa xe gây quỹ - Vì trẻ em nghèo"" ở xã Hưng Mỹ (tỉnh Vĩnh Long) trở thành mô hình tình nguyện nổi bật, thu hút hàng chục lượt đoàn viên tham gia mỗi tháng.","Hoạt động từ tháng 2.2024 với 25 thành viên, đến tháng 8.2025, CLB ""Rửa xegây quỹ- Vì trẻ em nghèo"" chính thức được Xã đoàn Hưng Mỹ (Vĩnh Long) ra quyết định thành lập. CLB trở thành mô hình tình nguyện tiêu biểu, gắn kết thanh niên và lan tỏa tinh thần sẻ chia trong cộng đồng.
Các thành viên CLB tham gia rửa xe gây quỹ tại tiệm của anh Ngụy Tấn Tài
ẢNH: DUY TÂN
Hiện CLB có 33 thành viên. Mô hình được tổ chức theo hình thức bán chuyên trách, hoạt động dưới sự chỉ đạo trực tiếp của Xã đoàn Hưng Mỹ. Mỗi tháng, CLB họp định kỳ để đánh giá kết quả, phân nhiệm vụ và lên kế hoạch cho các đợt hoạt động tiếp theo. Toàn bộ thu, chi đều được ghi chép, báo cáo minh bạch.
Ý tưởng thành lập mô hình xuất phát từ anh Ngụy Tấn Tài (28 tuổi, ngụ ấp Quới Nông A, xã Hưng Mỹ, tỉnh Vĩnh Long - trước đây là xã Hòa Lợi, H.Châu Thành, Trà Vinh). Anh Tài chia sẻ: ""Tôi làm nghề rửa xe, điều kiện không có nhiều, nhưng luôn mong làm được điều gì đó thật thiết thực cho các em nhỏ trong xã. Hoạt động rửa xe gây quỹ vừa phù hợp khả năng của chúng tôi, vừa tạo môi trường để đoàn viên chung tay lao động, cống hiến, lan tỏa tinh thần sẻ chia"".
Các tình nguyện viên rửa xe lưu động tại khu dân cư
ẢNH: DUY TÂN
Từ một ý tưởng nhỏ, mô hình nhanh chóng nhận được sự hưởng ứng mạnh mẽ củađoàn viên, thanh niênvà sự đồng thuận của người dân. Mỗi tháng, CLB tổ chức từ 1 - 2 đợt rửa xe tại các điểm công cộng như chợ, trường học, khu dân cư, tuyến đường trung tâm… Hoạt động thu hút hơn 100 lượt đoàn viên, thanh niên tham gia.
Những ngày ra quân, điểm rửa xe luôn đông đúc. Người dân không chỉ mang xe đến ủng hộ mà còn phụ lau khô, dọn dẹp. Ông Tư Hòa (65 tuổi, ngụ ấp Quới Nông A) bày tỏ: ""Các cháu làm rất nhiệt tình. Biết tiền rửa xe là đểgiúp học sinh nghèonên chúng tôi ai cũng vui, đem xe ra rửa ủng hộ"".
Anh Tài cho biết, từ năm 2024 đến nay, CLB tổ chức 19 đợt rửa xe, với sự tham gia của 140 lượt đoàn viên, thanh niên. Qua đó gây quỹ được 9,5 triệu đồng để trao 30 suất học bổng và nhiều phần quà cho học sinh có hoàn cảnh khó khăn, giúp các em có thêm điều kiện đến trường. Thời gian tới, CLB dự kiến mở rộng thêm điểm rửa xe tại các ấp, trường học và khu vực trung tâm xã; đồng thời xây dựng quỹ học bổng thường niên để hỗ trợ dài hạn cho học sinh nghèo vượt khó…
CLB thu hút nhiều đoàn viên, thanh niên địa phương tham gia rửa xe gây quỹ
ẢNH: DUY TÂN
Không dừng lại ở hoạt động gây quỹ, CLB còn phối hợp xã Đoàn Hưng Mỹ triển khai nhiều chương trình như: Ngày chủ nhật xanh, vệ sinh cảnh quan nông thôn, tuyên truyền phòng chống đuối nước, trồng cây xanh, tặng quà gia đình chính sách… Qua đó góp phần nâng cao ý thức trách nhiệm trong thanh niên và xây dựng nếp sống văn minh tại địa phương.
Anh Lê Khánh Tiên, Phó chủ tịch Ủy ban MTTQ Việt Nam xã, kiêm Bí thư Xã đoàn Hưng Mỹ, nhận định: ""Mô hình rửa xe gây quỹ là cách làm sáng tạo của thanh niên trong xã. Các bạn không kêu gọi đóng góp đơn thuần mà tự lao động để tạo ra nguồn lực giúp đời, giúp người. Đây chính là tinh thầnsống đẹp, sống có ích mà các bạn mong muốn lan tỏa"".
Các thành viên CLB tích cực rửa xe gây quỹ giúp học sinh nghèo
ẢNH: DUY TÂN
Trong quá trình tham gia công tác đoàn và hoạt động tình nguyện, các thành viên CLB ""Rửa xegây quỹ- Vì trẻ em nghèo"" luôn gương mẫu, tích cực và có nhiều đóng góp thiết thực cho cộng đồng. Nhờ vậy, CLB được Xã đoàn Hưng Mỹ tuyên dương là mô hình thanh niên tiêu biểu trong phong trào ""Tuổi trẻ sáng tạo"".
"
https://thanhnien.vn/khoi-nghiep-voi-la-chuc-chang-trai-mien-tay-thu-nhap-hon-20-trieu-dong-thang-185251127220550448.htm,"Khởi nghiệp với lá chúc, chàng trai miền Tây thu nhập hơn 20 triệu đồng/tháng","Gần 2 năm miệt mài nghiên cứu, anh Trịnh Minh Khang (29 tuổi, ngụ P.Tân Châu, An Giang - trước đây là P.Long Thạnh, TX.Tân Châu, An Giang) đã tạo ra các sản phẩm nước chấm độc đáo từ lá chúc.","Sau khi tốt nghiệp đại học và có 4 năm làm việc tại TP.HCM, anh Khang quyết định trở về quê khởi nghiệp. Năm 2023, anh bắt đầu thử nghiệm sản xuất nước chấm từlá chúc, một loại cây được cho là chỉ thích hợp với thổ nhưỡng vùng Bảy Núi.
Anh Khang và vùng nguyên liệu lá chúc ở An Giang
ẢNH: DUY TÂN
Khang cho biết, những ngày đầu thử nghiệm, anh liên tục thất bại vì tỷ lệ lá chúc và nguyên liệu không cân đối, sản phẩm có mùi hăng, đổi màu hoặc không bảo quản được lâu. ""Có lúc, tôi phải bỏ đi 4.000 - 5.000 chai nước chấm chưa đạt yêu cầu. Mỗi mẻ hư là một bài học đắt giá, càng thất bại tôi càng mong muốn làm cho bằng được một sản phẩm thật sự chất lượng"", anh Khang nhớ lại.
Khó khăn lớn nhất là thiếu thiết bị phù hợp. Ban đầu, anh dùng máy xay sinh tố gia đình, vừa tốn thời gian vừa không cho ra độ mịn đồng đều. Khi nhu cầu sản xuất tăng, anh buộc phải đầu tư máy xay công suất lớn, máy chiết rót và máy đóng nắp tự động, nâng tổng chi phí đầu tư lên 300 - 400 triệu đồng - con số không nhỏ với một người trẻ khởi nghiệp.
Anh Khang giới thiệu sản phẩm nước chấm ra thị trường
ẢNH: DUY TÂN
""Khó nhất không phải là công thức, mà là giữ tinh thần bền bỉ khi thất bại nối tiếp thất bại. Tôi nghĩ nếu không làm đến nơi đến chốn thì sẽ chẳng ai biết được giá trị thật sự của cây chúc quê mình"", anh Khang chia sẻ.
Chính từ những gian nan đó, anh dần hoàn thiện quy trình sản xuất, tạo ra sản phẩm không chỉ thơm ngon mà còn đảm bảo vệ sinh, an toàn, một bước tiến quan trọng giúp nước chấm lá chúc ""Sệt"" có chỗ đứng trên thị trường hiện nay.
Sau gần 2 năm miệt mài, tháng 12.2024, anh Khang cho ra mắt 3 dòng sản phẩm hoàn chỉnh: nước chấm ớt đỏ, nước chấm ớt xanh, muối tiêu lá chúc mang hương vị độc đáo, cay nhẹ nhưng đậm đà, phù hợp với các món nướng, luộc hay gỏi. Anh ví von: ""Nước chấm lá chúc không chỉ là gia vị, mà còn là linh hồn của ẩm thựcmiền Tây, vừa có giá trị thương mại, vừa có giá trị văn hóa"".
Ba loại nước chấm do anh Khang sản xuất từ là chúc
ẢNH: DUY TÂN
Lá chúc được anh Khang mua từ các hộ dân địa phương từ  50 - 100 kg/tháng, đảm bảo nguồn nguyên liệu tươi sạch và giàu tinh dầu. Tất cả đều trải qua quy trình sơ chế, pha trộn theo tỷ lệ công thức riêng, sau đó đóng chai, dán nhãn và bảo quản đạt chuẩn vệ sinh an toàn thực phẩm.
Thương hiệu ""Sệt"" do anh Khang sáng lập không chỉ dừng lại ở nước chấm, mà còn phát triển thêm sản phẩm nước chấmlá chúc, kết hợp công nghệ sản xuất hiện đại và nguyên liệu tự nhiên, mang đậm hương vị đặc trưng vùng An Giang.
Hiện nay, mỗi tháng anh xuất bán khoảng 2.000 chai, giá từ 25.000 - 50.000 đồng/chai,thu nhậptrên 20 triệu đồng. Song song đó, anh tích cực tham gia các hội chợ xúc tiến thương mại, tìm kiếm đại lý phân phối, quảng bá thương hiệu đến các tỉnh, thành khác, hướng tới xây dựng chuỗi giá trị bền vững cho sản phẩm địa phương.
Chàng trai 9X không chỉ chú trọng đến hương vị mà còn cả tính pháp lý và an toàn thực phẩm. Hộ kinh doanh Sệt - nước chấm lá chúc được Phòng Kinh tế thị xã Tân Châu (trước sáp nhập) cấp giấy chứng nhận đủ điều kiện an toàn thực phẩm năm 2024. Đây là nền tảng vững chắc để sản phẩm khẳng định niềm tin của người tiêu dùng.

Mới đây, dự án ""Sệt - Nước chấm lá chúc"" của anh Khang đoạt giải ba cuộc thi ""Dự ánkhởi nghiệpthanh niên nông thôn"" năm 2025 do T.Ư Đoàn tổ chức. Không chỉ khởi nghiệp thành công, anh Khang còn chứng minh rằng sự sáng tạo và kiên trì có thể ""thổi hồn"" cho những nguyên liệu quê nhà, biến lá chúc, thứ từng chỉ được phơi khô hay bán tươi thành đặc sản thương mại mang hương vị và bản sắc An Giang.
"
https://thanhnien.vn/xoa-thue-khoan-lpbank-mo-goi-giai-phap-giup-ho-kinh-doanh-tieu-thuong-chuyen-doi-de-dang-185251117081603485.htm,"Xóa thuế khoán: LPBank mở gói giải pháp giúp hộ kinh doanh, tiểu thương chuyển đổi dễ dàng","Vừa qua, tại TP.HCM, Hội nghị 'Chuyển đổi mô hình và phương pháp quản lý thuế, dòng tiền cho hộ kinh doanh khi xóa bỏ thuế khoán' đã thu hút hơn 500 hộ kinh doanh (HKD) trên địa bàn tham gia.","Sự kiện do LPBank phối hợp cùng UBND phường Bến Thành, Thuế cơ sở 1 và Công ty Cổ phần MISA tổ chức, nhằm hỗ trợ cộng đồng tiểu thương thích ứng với lộ trình cải cách thuế mới của Chính phủ, dự kiến xóa bỏ thuế khoán từ năm 2026.
Hội nghị do LPBank phối hợp cùng Công ty Cổ phần MISA, Thuế cơ sở 1 TP.HCM và UBND phường Bến Thành tổ chức

Theo Nghị quyết 68-NQ/TW và Quyết định 3389/QĐ-BTC, từ 2025–2026, các HKD sẽ phải sử dụng hóa đơn điện tử, mở tài khoản ngân hàng và kê khai thuế trên nền tảng số. Việc chuyển từ mô hình thuế khoán sang hình thức quản lý mới khiến nhiều tiểu thương lo lắng. ""Tôi quen ghi chép sổ sách, thu tiền mặt. Việc chuyển sang phần mềm, hóa đơn điện tử thật sự là thách thức"", chị Diễm My, chủ một cửa hàng ăn uống, chia sẻ.
Sự kiện thu hút hơn 500 hộ kinh doanh phường Bến Thành, TP.HCM tham gia

Trước nhu cầu chuyển đổi lớn của cộng đồng HKD/ tiểu thương, LPBank giới thiệu bộ giải pháp tài chính – công nghệ toàn diện hỗ trợ các ""bài toán"" cốt lõi của tiểu thương trong giai đoạn mới. Theo đó, LPBank sẽ cung cấp các khoản vay ưu đãi với quy trình đơn giản, giúp HKD/ tiểu thương nhanh chóng có nguồn lực để nâng cấp và mở rộng kinh doanh. Bên cạnh đó, để giúp HKD/tiểu thương quen với việc quản lý dòng tiền, LPBank trang bị bộ công cụ thanh toán số đơn giản như QRShop và Loa Lộc Phát. Đặc biệt, thiết bị Loa Lộc Phát có tính năng đọc thông báo biến động số dư tức thời giúp chủ cửa hàng theo dõi dòng tiền chính xác mà không cần kiểm tra điện thoại liên tục, hạn chế rủi ro thất thoát trong giao dịch không tiền mặt.
Với hạ tầng kết nối Thuế, LPBank sẽ đóng vai trò là cổng thanh toán điện tử, kết nối trực tiếp phần mềm kê khai (MISA) với Cơ quan Thuế, giúp người nộp thuế thực hiện nghĩa vụ tài chính nhanh chóng, chính xác và giảm thiểu sai sót.
Ông Đặng Công Hoàn, Phó tổng giám đốc kiêm Giám đốc Ngân hàng Bán lẻ LPBank phát biểu tại sự kiện

Ông Đặng Công Hoàn, Phó tổng Giám đốc kiêm Giám đốc Ngân hàng Bán lẻ LPBank chia sẻ: ""LPBank mong muốn trở thành người bạn đồng hành tin cậy, góp phần minh bạch hóa tài chính kinh doanh theo chủ trương của Đảng và Nhà nước. Chúng tôi không chỉ cung cấp vốn mà còn giúp khách hàng quản lý, tối ưu và phát triển bền vững trong kỷ nguyên số"".
Điểm nổi bật của chương trình là mô hình phối hợp 4 bên, tạo sự đồng bộ giữa cơ quan quản lý, doanh nghiệp công nghệ và ngân hàng thương mại. Mô hình này được kỳ vọng sẽ thúc đẩy hiệu quả quản lý thuế, giảm áp lực cho người nộp thuế và góp phần xây dựng hệ sinh thái tài chính minh bạch, giúp người dân yên tâm kinh doanh.
Với vai trò tiên phong trong thúc đẩy tài chính toàn diện, LPBank dự kiến nhân rộng mô hình này tại nhiều địa phương khác như Hà Nội, Phú Thọ, Nghệ An, Đà Nẵng và Cần Thơ. Qua đó, ngân hàng kỳ vọng hỗ trợ hàng triệu hộ kinh doanh trên cả nước chuyển đổi suôn sẻ vào giai đoạn áp dụng thuế điện tử trong trong thời gian tới."
https://thanhnien.vn/lpbank-lien-tiep-ngan-chan-cac-vu-lua-dao-chiem-doat-tai-san-185251123201549707.htm,LPBank liên tiếp ngăn chặn các vụ lừa đảo chiếm đoạt tài sản,"Trước tình trạng tội phạm công nghệ cao diễn biến phức tạp với nhiều thủ đoạn tinh vi, đội ngũ cán bộ nhân viên LPBank đã thể hiện sự nhạy bén và tinh thần trách nhiệm cao, kịp thời phát hiện và ngăn chặn nhiều vụ lừa đảo qua mạng, bảo vệ an toàn tài sản hàng trăm triệu đồng cho khách hàng.","Mới đây, Phòng Giao dịch (PGD) LPBank Lục Nam (tỉnh Bắc Ninh) đã ghi nhận một trường hợp một khách hàng nữ (65 tuổi) đến quầy yêu cầu rút trước hạn toàn bộ 2 sổ tiết kiệm với tổng trị giá 400 triệu đồng.
Trong quá trình tiếp nhận yêu cầu, giao dịch viên nhận thấy khách hàng có biểu hiện tâm lý bất thường, lo lắng, liên tục nghe điện thoại và giục nhân viên thực hiện lệnh chuyển tiền gấp cho một tài khoản lạ. Qua trao đổi nghiệp vụ và nắm bắt tâm lý, nhân viên ngân hàng xác định khách hàng đang bị các đối tượng tự xưng là công an thao túng, đe dọa, yêu cầu chuyển tiền để ""phục vụ điều tra"".
Giao dịch viên ngân hàng LPBank nhận bằng khen từ lãnh đạo và công an xã Lục Nam (Bắc Ninh)
Ngay lập tức, giao dịch viên đã khéo léo trì hoãn giao dịch, trấn an khách hàng, đồng thời bí mật liên hệ với Công an xã Lục Nam. Nhờ sự can thiệp kịp thời của ngân hàng và lực lượng chức năng, khách hàng đã bừng tỉnh, dừng việc chuyển tiền, bảo toàn được số tài sản lớn tích cóp cả đời.
Ghi nhận những đóng góp tích cực trong phong trào toàn dân bảo vệ an ninh tổ quốc, UBND xã Lục Nam đã trao tặng Giấy khen cho tập thể và cán bộ nhân viên PGD LPBank vì thành tích xuất sắc trong công tác phòng chống tội phạm.
Cán bộ nhân viên LPBank tại PDG Bưu điện nâng cấp Nghĩa Đàn (Nghệ An) giúp khách hàng thoát khỏi lừa đảo
Không chỉ tại Lục Nam, tinh thần cảnh giác này đã được lan tỏa trên toàn hệ thống LPBank. Trước đó, ngày 11/9, tại PGD Bưu điện nâng cấp Nghĩa Đàn (Nghệ An), cán bộ nhân viên tại đây cũng đã phối hợp cùng Công an xã Nghĩa Đàn ngăn chặn thành công một vụ việc tương tự, giúp một khách hàng lớn tuổi tránh mất 10 triệu đồng vào tay kẻ gian qua điện thoại.
Đại diện LPBank cho biết: ""Bên cạnh việc đầu tư vào các giải pháp bảo mật công nghệ, chúng tôi xác định yếu tố con người là chốt chặn quan trọng cuối cùng. Mỗi giao dịch viên không chỉ thực hiện nghiệp vụ tài chính mà còn trở thành một ""màng lọc"" rủi ro, bảo vệ quyền lợi chính đáng của khách hàng"".
Qua các vụ việc trên, ngân hàng và cơ quan chức năng tiếp tục đưa ra khuyến cáo đặc biệt tới người dân: Cơ quan Công an, Viện Kiểm sát không bao giờ làm việc qua điện thoại để yêu cầu người dân chuyển tiền vào tài khoản cá nhân nhằm mục đích xác minh hay điều tra.
Người dân cần nâng cao cảnh giác, giữ bình tĩnh khi nhận các cuộc gọi đe dọa và tuyệt đối không chuyển tiền cho người lạ. Khi có nghi vấn, cần liên hệ ngay với cơ quan công an gần nhất hoặc nhân viên ngân hàng để được hỗ trợ.

•TUYỆT ĐỐI KHÔNGchuyển tiền cho người lạ hoặc khi nhận được các cuộc gọi tự xưng là công an, viện kiểm sát yêu cầu chuyển tiền ""phục vụ điều tra"".
•BÌNH TĨNHkhi nhận các cuộc gọi có dấu hiệu đe dọa, tống tiền và BÁO NGAY cho cơ quan công an gần nhất để được hỗ trợ.
• Cơ quan công an không bao giờ yêu cầu người dân chuyển tiền vào tài khoản cá nhân để xác minh.
Hãy luôn cẩn trọng và liên hệ ngay với ngân hàng hoặc cơ quan công an khi có bất kỳ nghi ngờ nào.
"
https://thanhnien.vn/nhan-dien-noi-dung-do-ai-tao-ra-bang-cach-nao-1852511141436386.htm,Nhận diện nội dung do AI tạo ra bằng cách nào?,"Rất nhiều người ""sụp hầm"" vì những hình ảnh, video do AI tạo ra. Làm thế nào để nhận diện được nội dung từ trí tuệ nhân tạo thì không phải ai cũng biết.","Cách đây vài ngày, mạng xã hội xôn xao trước video ghi lại hình ảnh một cô gái ăn mặc gợi cảm, thực hiện thử thách ""nhảy 1.000 lần ở đám tang"". Video này thu hút hàng triệu lượt xem trên các nền tảngmạng xã hội. Tuy nhiên, thực tế, đây là sản phẩm do AI tạo ra.
Nhưng ""được vạ thì má đã xưng"". Cô gái có hình ảnh xuất hiện trong video đã bị dân mạng ""ném đá"". Và thực tế, cả dân mạng lẫn cô gái ấy đều là nạn nhân trong câu chuyện này. Một bên trở thành mục tiêu công kích của người khác. Một bên là nạn nhân của AI. Quá tin tưởng hình ảnh mà tưởng chừng là ""mắt thấy rõ ràng"", nhưng không thể phân biệt đó là sản phẩm của AI.
Chuỗi video nhảy ở đám tang là sản phẩm từ AI tạo ra
ẢNH: CHỤP MÀN HÌNH
Cũng mới đây, dân mạng cảm thấy xót xa trước hình ảnh một cô gái khuyết tật, mất hai cánh tay và đang nuôi con nhỏ nên phải lên mạng bán hàng để kiếm tiền. Nhiều người ủng hộ bằng cách mua hàng của cô gái này. Có người xin số tài khoản để chuyển tiền ủng hộ vì thương cảm.
Nhưng rồi, sự thật được phát giác. Từ video của một người bán hàng bình thường, kẻ xấu đã dùng chính video này, ứng dụngtrí tuệ nhân tạođể ""hô biến"", tạo thành một nhân vật bị khuyết tật, để lấy lòng thương người khác nhằm bán hàng.
Trước những sự việc này, Nguyễn Minh Tâm (28 tuổi, ngụ ở chung cư Opal Garden, P.Hiệp Bình, TP.HCM; trước đây là P.Hiệp Bình Chánh, TP.Thủ Đức, TP.HCM), nói: ""Nhiều kẻ xấu đã lợi dụng AI để làm những việc ảnh hưởng đến người khác, thậm chí là tạo dựng ra hình ảnh, video để lừa người khác. Vấn đề này thật sự nguy hiểm"".
Tâm cho rằng: ""Nhưng không phải ai cũng biết cách để nhận diện nội dung do AI tạo ra. Bản thân tôi cũng vậy"".
Trần Hữu Khang, sinh viên Trường ĐH Văn Hiến, cho biết đã từng nhiều lần ""muối mặt"" với bạn bè vì nhầm tưởng các hình ảnh, video do AI tạo ra là hình ảnh thực tế ngoài đời. Khang cũng thừa nhận không biết cách để phân biệt đâu là những sản phẩm do AI tạo ra.
Một người khuyết tật bán hàng gây thương cảm cho cộng đồng mạng. Nhiều video thu hút hàng triệu lượt xem. Nhưng thực tế, đây là hình ảnh do AI tạo ra
ẢNH: CHỤP MÀN HÌNH
Đỗ Huỳnh Việt (28 tuổi), nghiên cứu sinh tiến sĩ ngành khoa học máy tính, ĐH Wisconsin-Madison (Mỹ), cho biết trong các sản phẩm doAItạo ra sẽ có nhiều chi tiết bất thường. Và cần nhìn kỹ để nhận dạng.
""Chẳng hạn các dòng chữ sai chính tả, dấu hỏi thành dấu ngã. Biểu như nhân vật khôn tự nhiên, bàn tay, bàn chân có thể dư ngón. Chủ thể nhân vật có làn da mịn màng, trong khi bối cảnh xung quanh mờ mờ ảo ảo. Những khung hình bị méo. Còn về video do AI tạo ra thì nhịp nói đứt quãng, rời rạc, hình ảnh cũng không tự nhiên"", Việt hướng dẫn.
Theo Việt, công nghệ sử dụng trí tuệ nhân tạo để tạo ra hình ảnh và video ngày càng phổ biến. Đây là bước phát triển của công nghệ. ""Tuy nhiên nhiều kẻ xấu đã lợi dụng sự phát triển này để lừa người khác, làm ảnh hưởng đến cuộc sống của người khác. Vì lẽ đó, mọi người phải biết cách phân biệt đâu là sản phẩm giả"", Việt nói.
Một cô gái cầu cứu cộng đồng mạng vì bị nam thanh niên tạo hình ảnh từ AI để quấy rối, gây phiền hà đến cuộc sống
ẢNH: CHỤP MÀN HÌNH
Theo anh Huỳnh Hữu Hiệp (31 tuổi, làm việc tại Công ty TNHH kỹ thuật Tiêu Điểm, P.Tây Thạnh, TP.HCM; trước đây là P.Tây Thạnh, Q.Tân Bình, TP.HCM), nên cẩn thận với những video do AI tạo ra. Lý do vì kèm theo những sản phẩm này là những link xấu có mã độc. ""Nếu không cẩn thận sẽ phải truy cập vào những trang quảng cáo, có nội dung độc hại"", anh Hiệp nói.
Anh Hiệp cho rằng người trẻ nên chủ động cập nhật kiến thức công nghệ, kiến thức về AI để có thể tạo bức tường cản lại việc kẻ xấu tạo video, hình ảnh từ AI để lừa đảo.
""Bên cạnh đó, khi thấy những hình ảnh, video do AI tạo ra với mục đíchlừa đảo, cần bấm báo cáo, để các nền tảng như: Facebook, TikTok… gỡ bỏ"", anh Hiệp nói.
Vũ Hoàng Thảo (27 tuổi, làm việc tại số 6 Nguyễn Thị Minh Khai, P.Sài Gòn, TP.HCM; trước là P.Đa Kao, Q.1, TP.HCM), nói: ""Khi là nạn nhân, bị kẻ xấu tạo ra hình ảnh, video từ AI với mục đích quấy rối, hạ uy tín, ảnh hưởng đến cuộc sống... nên trình báo cơ quan công an. Hy vọng có những vụ xử lý để răn đe kẻ xấu""."
https://thanhnien.vn/tranh-cai-chuyen-cau-thang-khong-co-lan-can-185251111134619284.htm,Tranh cãi chuyện 'cầu thang không có lan can',"Video của YouTuber Hana Giang Anh (tên thật Nguyễn Đặng Hương Giang, 32 tuổi) về xây cầu thang không có lan can thu hút sự chú ý của cộng đồng mạng suốt 3 ngày qua.","Cụ thể, nữYouTubernày đăng video với nội dung ""cầu thang không cólan can"", thu hút rất đông lượt xem. Theo nữ YouTuber, cô  chủ động lựa chọn thiết kế cầu thang không lan can vì muốn tạo cảm giác không gian rộng rãi và thoáng đãng hơn.
Hana Giang Anh thừa nhận ""thiết kế này vẫn tiềm ẩn rủi ro trượt ngã nhưng bản thân đã cân nhắc kỹ"" và ""bản thân thích sự trống trải ấy mang đến cảm giác dễ chịu, thoáng và đúng tinh thần tối giản"".
Câu chuyện tưởng chừng chỉ là gu thẩm mỹ cá nhân, nhưng lại khơi dậy tranh luận sôi nổi với người trẻ. Đặc biệt là những người đang chuẩn bị lập gia đình, mua nhà hoặc tự tay thiết kế không gian sống.
Video với nội dung ""cầu thang không có lan can"" khiến dân mạng tranh cãi
ẢNH: CHỤP TỪ VIDEO
Đã có những luồng ý kiến đối lập về ý tưởng ""cầu thang không có lan can"". Đỗ Nhật Minh Hà (28 tuổi, ngụ ở chung cư EHome 3, P.An Lạc, TP.HCM; trước là P.An Lạc, Q.Bình Tân, TP.HCM) lo ngại rằng: ""Nhìn trên hình thì sang thật, kiểu Hàn Quốc, ánh sáng đổ xuống cầu thang nhìn cực nghệ. Nhưng thử tưởng tượng đêm nào mất điện mà đi xuống, chắc mình trượt luôn"".
Chị Cù Thị Thương Thư (37 tuổi, chủ spa ở địa chỉ đường Đào Duy Anh, P.Đức Nhuận, TP.HCM; trước đây là P.9, Q.Phú Nhuận, TP.HCM) nói: ""Không có lan can thì quả thực rất nguy hiểm. Chỉ cần trượt chân hoặc bước hụt là hậu quả khó lường. Nhiều người trẻ thích phong cách tối giản, nhưng tối giản cũng phải có giới hạn. Chứ đừng tối giản cả an toàn"".
Theo Lê Hoàng Oanh (25 tuổi, ngụ ở hẻm 1040 Trần Xuân Soạn, P.Tân Hưng, TP.HCM; trước đây là P.Tân Hưng, Q.7, TP.HCM), thì: ""Kiểu cầu thang không lan can không phải mới. Nhưng thường chỉ áp dụng ở các công trình trưng bày, studio hoặc nhà có người trưởng thành, ít di chuyển trẻ nhỏ và người lớn tuổi. Bản thân tôi không thích kiểu thiết kế này. Vì đẹp mà có khi khiến người đi lại có thể té ngã thì đẹp để làm gì?"".
Nhưng cũng có những ý kiến bày tỏ sự thích thú. Đỗ Thị Thúy Quỳnh (26 tuổi, ngụ ở đường Lê Đại Hành, P.Phú Thọ, TP.HCM; trước đây là P.11, Q.11, TP.HCM), nói: ""Thiết kế cầu thang không có lan can rất đẹp, đúng kiểu less is more (ít mà tinh tế - PV)"".
Cùng quan điểm, Lê Hải Tú (28 tuổi, ngụ ở đường Xô Viết Nghệ Tĩnh, P.Bình Thạnh, TP.HCM; trước đây là P.26, Q.Bình Thạnh, TP.HCM), cho rằng: ""Xu hướng ""minimalism"" (sống tối giản - PV) đang ngày càng được một bộ phận người trẻ yêu thích. Bản thân tôi cũng vậy. Sắp sửa làm nhà, tôi cũng sẽ xây theo kiểu này. Tức là nhà có ít chi tiết, làm cầu thang không tay vịn, không hoa văn rườm rà… Qua đó giúp tạo cảm giác thoáng đãng, hiện đại"".
Có người cho rằng thiết kế cầu thang không lan can trông tối giản, đẹp. Nhưng cũng có ý kiến ngược lại, cho rằng mất an toàn
ẢNH: CHỤP TỪ VIDEO
Theo kiến trúc sư Trần Quang Huy (Công ty TNHH Kiến trúc xây dựng Trịnh Quang, P.Thới An, TP.HCM; trước là P.Thới An, Q.12, TP.HCM), kiểu xây dựng ""bỏ lan can"" hoặc ""lan can kính trong suốt"" xuất phát từ các thiết kế ngoại nhập, thường nhằm tạo cảm giác mở, phóng khoáng. ""Tuy nhiên, ở Việt Nam, không gian sinh hoạt gia đình có đặc thù khác. Nhà nhiều tầng, diện tích nhỏ, cầu thang thường hẹp và dốc. Nếu bỏ lan can thì chỉ cần sơ suất là nguy hiểm. Tối giản không đồng nghĩa với tối thiểu, đó là hai khái niệm khác nhau"", anh Huy nói.
Kiến trúc sư Huỳnh Khiêm (Công ty thiết kế xây dựng An Phúc, P.Tân Đông Hiệp, TP.HCM; trước là P.Tân Bình, TP.Dĩ An, tỉnh Bình Dương), cho biết thường gặp trường hợp khách hàng yêu cầu ""phá cách"", muốn ""không giống ai"", kể cả ở những chi tiết mang tính an toàn như lan can, tay vịn, bậc thang. ""Người trẻ bây giờ thích tự thiết kế, tham khảo Pinterest, TikTok, YouTube...Nhưng đôi khi họ quên rằng các thiết kế đó được dựng trong bối cảnh khác, có tiêu chuẩn an toàn riêng. Sao chép về mà không tính toán kỹ là rất nguy hiểm"", anh Khiêm nói.
Theo anh Khiêm, có những thói quen thẩm mỹ đang thay đổi từ người trẻ, nhưng bắt buộc phải tuân theo quy chuẩn kỹ thuật quốc gia về nhà ở và công trình công cộng doBộ Xây dựngban hành. ""Theo đó, lan can cầu thang là hạng mục bắt buộc đối với nhà có từ 2 tầng trở lên. Đừng bao giờ xem nhẹ những quy chuẩn bắt buộc, đừng bỏ qua các yếu tố bảo vệ sự an toàn. Điều này rất nguy hiểm"", anh Khiêm nhấn mạnh.
Anh Huy thì cho rằng: ""Làm cầu thang nên có lan can, và hoàn toàn có thể làm tinh tế hơn. Chẳng hạn làm lan can kính cường lực, vừa đảm bảo an toàn vừa không phá thiết kế"".
""Câu chuyện làm cầu thang không lan can là biểu hiện của mong muốn khác biệt, điều này không sai. Nhưng khi sự khác biệt tiềm ẩn rủi ro thì cần được cân nhắc. Cái đẹp không thể tách khỏi trách nhiệm với bản thân và người thân. Đừng để bị cuốn vào ""văn hóa thị giác"", nghĩa là làm mọi thứ để có hình đẹp, góc quay đẹp, làm cho giống nhà người khác mà quên đi những quy chuẩn, tiêu chuẩn kỹ thuật yêu cầu. Một căn nhà đẹp không chỉ để quay video đăng lênmạng xã hội, mà để sống lâu dài, để an toàn. Người trẻ có thể chọn phong cách hiện đại, nhưng đừng đánh đổi an toàn cho sự nổi bật ngắn hạn"", anh Huy nói thêm."
https://thanhnien.vn/doanh-nhan-do-quang-vinh-duoc-vinh-danh-trong-top-10-giai-thuong-sao-do-2025-185251127103851958.htm,Doanh nhân Đỗ Quang Vinh được vinh danh trong Top 10 Giải thưởng Sao Đỏ 2025,"Ngày 26.11, Lễ trao Giải thưởng Sao Đỏ - Doanh nhân trẻ Việt Nam tiêu biểu 2025 đã diễn ra tại Hà Nội. Ông Đỗ Quang Vinh - Phó Chủ tịch HĐQT kiêm Phó Tổng giám đốc Ngân hàng SHB, Chủ tịch HĐQT SHS vinh dự có mặt trong Top 10 doanh nhân xuất sắc nhất Giải thưởng Sao Đỏ năm nay.","Giải thưởng Sao Đỏ là giải thưởng cao quý do Trung ương Đoàn Thanh niên Cộng sản Hồ Chí Minh, Trung ương Hội Liên hiệp thanh niên Việt Nam và Trung ương Hội Doanh nhân trẻ Việt Nam chủ trì tổ chức định kỳ 3 năm một lần. Giải thưởng nhằm tôn vinh những doanh nhân trẻ tiêu biểu có nhiều thành tích xuất sắc trong điều hành doanh nghiệp, đồng thời đóng góp tích cực cho sự phát triển kinh tế - xã hội và cộng đồng.
Giải thưởng được tổ chức với quy trình bình chọn gồm 3 vòng: sơ tuyển, thẩm định thực tế tại doanh nghiệp ứng viên và chung tuyển. Năm nay, chương trình tiếp tục xét trao danh hiệu TOP 100 Doanh nhân trẻ Việt Nam tiêu biểu. Trong đó, 10 doanh nhân trẻ xuất sắc nhất được trao tặng Giải thưởng Sao Đỏ.


""Tôi vô cùng vinh dự khi được vinh danh trong Top 10 Doanh nhân xuất sắc nhất Giải thưởng Sao Đỏ 2025. Giải thưởng này là nguồn động lực lớn để tôi và đội ngũ lãnh đạo trẻ tiếp tục khẳng định bản lĩnh, đổi mới tư duy và nâng cao giá trị phục vụ khách hàng, đồng thời đóng góp vào sự phát triển bền vững của cộng đồng và nâng tầm vị thế Việt Nam trên trường quốc tế"", ông Đỗ Quang Vinh chia sẻ.
Sinh năm 1989, ông Đỗ Quang Vinh hiện là một trong những doanh nhân trẻ nổi bật nhất lĩnh vực Tài chính - Ngân hàng. Với tư duy đổi mới, năng động và tầm nhìn chiến lược, ông Vinh đang dẫn dắt hành trình chuyển đổi toàn diện và mạnh mẽ của SHB và SHS theo hướng số hóa, hiện đại hóa và hội nhập quốc tế, hướng tới mục tiêu trở thành những định chế tài chính hàng đầu khu vực.
Trước khi đảm nhận vai trò lãnh đạo tại SHB, ông Đỗ Quang Vinh có thời gian học tập và làm việc tại nước ngoài, tích lũy kinh nghiệm phong phú trong quản trị tài chính, đầu tư và điều hành doanh nghiệp. Với phong cách lãnh đạo trẻ trung, sáng tạo và quyết liệt, ông đã mang đến làn gió mới cho SHB và SHS, chú trọng phát triển nguồn nhân lực trẻ, ứng dụng công nghệ tài chính và mở rộng hợp tác chiến lược với các đối tác quốc tế.


Chỉ sau 9 tháng năm 2025 SHS đã hoàn thành và vượt 100% kế hoạch năm, tổng tài sản tăng 57% so với cùng kỳ năm trước. Đặc biệt, trong tháng 8.2025, SHS lần đầu tiên đạt mốc vốn hóa thị trường hơn 1 tỉ USD - một cột mốc có ý nghĩa biểu tượng, đánh dấu sự trưởng thành và được thị trường ghi nhận cả về năng lực tài chính lẫn triển vọng phát triển.
Trong khi đó, SHB hiện thuộc Top 5 ngân hàng TMCP tư nhân lớn nhất Việt Nam về vốn điều lệ, Top 10 ngân hàng TMCP tư nhân uy tín nhất Việt Nam (theo Vietnam Report), và Top 200 doanh nghiệp lớn nhất Đông Nam Á do Tạp chí Fortune (Mỹ) công bố.
Trong chiến lược chuyển đổi mạnh mẽ và toàn diện, SHB hiện tập trung vào 4 trụ cột: Cải cách cơ chế, chính sách, quy định, quy trình; Con người là chủ thể; Lấy khách hàng và thị trường làm trung tâm; Hiện đại hóa công nghệ thông tin và chuyển đổi số. SHB đặt mục tiêu trở thành Ngân hàng TOP 1 về hiệu quả; Ngân hàng Số được yêu thích nhất; Ngân hàng Bán lẻ tốt nhất đồng thời là Ngân hàng TOP đầu cung ứng nguồn vốn, sản phẩm tài chính dịch vụ với khách hàng doanh nghiệp chiến lược tư nhân và Nhà nước, có chuỗi cung ứng, chuỗi giá trị, hệ sinh thái, phát triển xanh. Tầm nhìn đến năm 2035, SHB trở thành Ngân hàng bán lẻ hiện đại, Ngân hàng xanh, Ngân hàng số trong top đầu của khu vực.
Về cá nhân, ông Đỗ Quang Vinh đã nhận được nhiều bằng khen và giải thưởng từ các tổ chức trong nước và quốc tế, ghi nhận những đóng góp trong điều hành, quản trị, đổi mới và phát triển doanh nghiệp gắn liền với trách nhiệm xã hội, trong đó có giải thưởng ""Doanh nhân Châu Á xuất sắc"" do Enterprise Asia vinh danh.
Danh hiệu Top 10 Doanh nhân xuất sắc nhất Giải thưởng Sao Đỏ 2025 không chỉ là sự ghi nhận xứng đáng cho những nỗ lực và thành tựu nổi bật của ông Đỗ Quang Vinh, mà còn khẳng định bản lĩnh, năng lực và tầm ảnh hưởng của thế hệ lãnh đạo trẻ Việt Nam trong kỷ nguyên hội nhập và chuyển đổi số. Đây cũng là nguồn cảm hứng để cộng đồng doanh nhân trẻ tiếp tục đổi mới, sáng tạo và khẳng định vai trò quan trọng trong sự phát triển kinh tế - xã hội."
https://thanhnien.vn/co-giao-cung-nhung-canh-thu-vuot-song-gui-chien-si-hai-quan-noi-dao-xa-185251119131820623.htm,Cô giáo cùng những cánh thư ‘vượt sóng’ gửi chiến sĩ hải quân nơi đảo xa,"Cô Đinh Thị Ngọc, giáo viên Trường tiểu học Quang Trung (tỉnh Ninh Bình) đã cùng học trò tạo nên hàng trăm lá thư tay gửi đến các chiến sĩ ngoài xa.","Nhiều năm đứng lớp, cô Đinh Thị Ngọc (35 tuổi), giáo viên Trường tiểu học Quang Trung (tỉnh Ninh Bình) nhận thấy học sinh biết về biển, đảo qua sách giáo khoa nhưng những kiến thức đó luôn xa xôi. Các em có thể nhớ tên đảo, nhớ sự kiện, nhưng ít hình dung rằng ngoài khơi có những con người đang trực gác, đang thức khi các em đã chìm vào giấc ngủ.
Câu hỏi đó khiến cô giáo trẻ day dứt suốt nhiều năm là làm thế nào để học sinh yêu Tổ quốc bằng một hành động thật, dù rất nhỏ. Và ý tưởng viết thư gửi chiến sĩ đến với chị rất tự nhiên.
“Ban đầu, chỉ thử nghiệm trong một lớp học. Nhưng sự thay đổi của học sinh sau mỗi lá thư khiến tôi bất ngờ. Các em nói nhiều hơn về biển, đảo, tò mò hơn về cuộc sống nơi đầu sóng ngọn gió. Sự e dè biến thành sự quan tâm thật sự. Từ một lớp, hoạt động lan ra cả trường rồi các vùng lân cận, rồi lan ra nhiều tỉnh thành”, cô Ngọc nói.
Cô Ngọc cùng học trò chuẩn bị thư tay gửi đến các chiến sĩ nơi đảo xa
ẢNH: NVCC
Theo cô Ngọc mỗi đợt viết thư kéo dài gần một tháng từ việc chọn chủ đề, hướng dẫn cách xưng hô, cách kể chuyện sao cho tự nhiên và chân thành. Học sinh viết nháp, cô đọc từng lá một rồi cùng các em chỉnh sửa.
Trong hàng trăm lá thư cô Ngọc từng đọc, có một lá chị nhớ mãi. Một cậu bé lớp 7 viết: “Chú ơi, tết này chú không về được. Con đã khóc và con thấy mình phải lớn nhanh để giống các chú, bảo vệ đất nước”.
Cô Ngọc kể đã phải dừng lại giữa chừng, vì nghẹn. Cũng có lớp làm thư bằng hạt gạo, từng hạt được xếp tỉ mỉ thành hình biển, đảo.
Cô Ngọc kể từng có chuyến rađảo Cồn Cỏ(tỉnh Quảng Trị) năm 2025. Tàu chỉ còn cách đảo không xa, nhưng sóng lớn khiến đoàn không thể vào bờ. Buổi giao lưu giữa đoàn công tác và các chiến sĩ diễn ra… qua một chiếc tivi nhỏ đặt trên boong tàu. “Gió thổi mạnh, sóng đánh liên tục. Nhưng trong màn hình là những gương mặt rám nắng, nụ cười rất hiền”, Cô Ngọc kể. Khoảnh khắc ấy khiến chị hiểu sâu sắc hơn rằng tết của người lính đảo không có đoàn viên, niềm vui lớn nhất là giữ được bình yên cho đất liền.
“Dù chỉ nhìn nhau qua màn hình, nhưng buổi giao lưu ấy vẫn ấm lạ thường”, Ngọc nói.
Cô Ngọc cùng những cánh thư vượt sóng gửi đến các chiến sĩ nơi đảo xa
ẢNH: NVCC
Các chiến sĩ nói với cô Ngọc rằng họ xem thư của học sinh như món quà tinh thần đặc biệt. Có người treo thư lên góc trang trí tết, có người vẽ tranh gửi lại cho học trò. Cô Ngọc nhớ hình ảnh các chiến sĩ quây quần đọc thư rồi mỉm cười, có người lặng đi vì xúc động. “Tôi nghĩ các em sẽ rất vui nếu thấy cách các chú giữ gìn từng lá thư”, cô Ngọc nói.
Khi chị kể lại những điều ấy, học sinh của Ngọc rất xúc động. Có em xin viết thêm thư, có em vẽ thêm tranh, tô thêm màu lá cờ Tổ quốc. Nhiều em nói rằng mơ ước sau này được ra đảo làm nhiệm vụ.
Tham gia hoạt động viết thư, Lê Nguyễn Kim Chi, học sinh Trường THCS Ninh Vân (tỉnh Ninh Bình), cho biết: “Khi viết những lá thư gửi các chú bộ đội, thật lòng là em rất xúc động. Em chỉ muốn hỏi thăm sức khỏe các chú và kể cho các chú nghe một chút về quê hương Hoa Lư của em nơi có núi đá vôi đẹp lắm, có đồng xanh, sông trong, và cũng là kinh đô đầu tiên của nước mình. Trong thư, em chỉ mong gửi tới các chú lời cảm ơn thật chân thành, mong các chú luôn mạnh khỏe để canh giữ biển trời Tổ quốc. Em cũng tự hứa với mình là sẽ chăm học, ngoan ngoãn, cố gắng thật nhiều để mai này lớn lên trở thành một người có ích, xứng đáng với sự hy sinh của các chú ngoài đảo xa”.
Những bức thư trang trí tỉ mỉ được gửi ra quần đảo Trường Sa
ẢNH: NVCC
Song song với việc viết tổ chức viết thư, cô Ngọc phát triển dự án Hành trình số – Việt Nam My Love, ứng dụng công nghệ, AI, triển lãm số, phục dựng ảnh lịch sử để đưa lịch sử đến gần hơn với học sinh. Dự án đã tiếp cận hơn 3.000 học sinh ở 13 tỉnh thành. Cô Ngọc cho biết không kỳ vọng thay đổi điều gì lớn lao. Chị chỉ muốn học sinh thấy lịch sử gần mình hơn, hiểu hơn, yêu hơn, rồi tự nhiên muốn làm điều tốt cho cộng đồng.
Cô Đinh Thị Ngọc là giáo viên trẻ tiêu biểu với loạt thành tích như: Là 1 trong 5 nhà giáo dục lọt vào chung kết Vietnam International Award 2025 tại London; Danh hiệu Thanh niên tiên tiến toàn quốc làm theo lời Bác năm 2025; Nhà giáo trẻ tiêu biểu cấp Trung ương năm 2022; Cán bộ Đoàn tiêu biểu toàn quốc nhận giải thưởng Lý Tự Trọng năm 2022; Giáo viên tổng phụ trách Đội tiêu biểu toàn quốc (2022, 2023)."
https://thanhnien.vn/nam-sinh-kiem-duoc-hon-300-trieu-dong-tu-nghien-cuu-ve-ai-185251102085722317.htm,Nam sinh kiếm được hơn 300 triệu đồng từ nghiên cứu về AI,"Đang là sinh viên, Trương Lợi Vĩ đã có thu nhập khiến nhiều người ""mơ ước"" từ tiền thưởng nghiên cứu khoa học về AI.","Tốt nghiệp THPT, Vĩ chọn ngành công nghệ thông tin, chuyên ngành trí tuệ nhân tạo (AI) của một trường ĐH ở Cần Thơ vì thấy lĩnh vực này khá mới mẻ, nhiều cơ hội tìm việc làm.
Vĩ tham gia hội thảo khoa học quốc tế diễn ra tại Trung Quốc
ẢNH: THANH DUY
Kết thúc năm học đầu tiên, Vĩ không quá nổi bật. Tuy nhiên, đầu năm thứ 2, nam sinh này gây chú ý khi tham gia nghiên cứu đề tài về việc sử dụng AI tools (như Chat GPT, Gemini..) nâng cao khả năng tự học trong sinh viên. Bài nghiên cứu được chọn trình bày trong hội thảo khoa học quốc tế tại Trường ĐH Sư phạm Hồ Nam (Trung Quốc). Khi đó, Vĩ vinh dự là báo cáo viên trước nhiều giáo sư, phó giáo sư, giảng viên, sinh viên đồng trang lứa.
Chuyến xuất ngoại học thuật này khiến Vĩ càng đam mê nghiên cứu và đặt ra thử thách cao hơn là chinh phục nhữngbài báo khoa họcquốc tế. Đến nay, Vĩ là tác giả chính của 3 bài báo khoa học quốc tế đăng trên các tạp chí thuộc danh mục Q1 gồm: Computer Applications in Engineering Education (nhà xuất bản Wiley), AI & Society (nhà xuất bản Springer Nature), Journal of Hospitality and Tourism Insights (nhà xuất bản Emerald Insight). Nội dung các bài nghiên cứu liên quan đến ứng dụng AI vàcông nghệ 3Dvào giáo dục STEM, trợ lý giọng nói trong việc cung cấp thông tin, chỉ dẫn và hỗ trợ làm thủ tục, dịch tại sân bay.
Theo Vĩ, những nghiên cứu nói trên vận dụng phương pháp định lượng, định tính, cung cấp nền tảng lý thuyết có tính mới và khả thi. Các nhà chính sách, nhà hoạch định hay các nhà giáo dục có thể dựa vào các lý thuyết này để phát triển AI với những tính năng tương tự. Ngoài những bài báo đã kể, Vĩ còn một bài báo khoa học Q1 được chấp nhận và đang chờ xuất bản về ứng dụng AI tạo sinh thiết kế vẽ sơ đồ tư duy.
Các bài báo quốc tế đều mang dấu ấn cá nhân Vĩ, không có sự hướng dẫn của giảng viên. Việc gửi bài, phản biện, trao đổi với hội đồng học thuật quốc tế đều do Vĩ thực hiện. Thông thường, những khó khăn, vướng mắc sẽ được chàng trai này giải quyết bằng việc đọc thêm sách. Vì vậy, Vĩ có thể dành cả ngày để đọc sách online, tài liệu chuyên ngành.
Càng ý nghĩa hơn khi trong năm nay, Vĩ còn là người truyền cảm hứng, hướng dẫn 2 sinh viên thực hiện đề tài báo cáo khoa học trong hội nghị quốc tế diễn ra tại Trường Sư phạm Hoa Nam (Quảng Châu, Trung Quốc) và 5 bài báo cáo khác trình bày tại hội nghị quốc tế do Hiệp hội Hàn lâm Kỹ thuật điện Thái Lan (EEAAT) tổ chức.
Vĩ cho biết với mỗi bài báo Q1, nhà trường thưởng 100 triệu đồng. Đến nay, Vĩ đã nhận được hơn 330 triệu đồng từ thành quả nghiên cứu khoa học và tham dự các hội thảo quốc tế. Số tiền này để mua laptop, trang trải chi phí sinh hoạt và để dành tiết kiệm. Còn về học phí, ngay từ đầu Vĩ đã nhận được học bổng miễn 30% toàn khóa nên tương đối nhẹ lo. Mục tiêu của Vĩ là sẽ nỗ lực để giành học bổng du học về ngành công nghệ giáo dục để nâng cao trình độ của mình."
https://thanhnien.vn/nu-tien-si-va-nghien-cuu-co-gia-tri-toan-cau-185260101171458678.htm,Nữ tiến sĩ và nghiên cứu có giá trị toàn cầu,"Là nghiên cứu viên sau tiến sĩ tại Đại học Stanford, Mỹ, tiến sĩ Linh Lê đã có một công trình khoa học mang giá trị toàn cầu, với nghiên cứu loại pin mới dùng cho xe điện, giúp giảm giá thành và bảo vệ môi trường.","Trong bối cảnh toàn cầu đang chạy đua với thời gian để giảm thiểu khí thải carbon và chuyển đổi sang năng lượng bền vững, nhữngnhà khoa học trẻtài năng đang trở thành ""ngọn hải đăng"" dẫn lối cho các đột phá công nghệ. Nổi bật trong số đó là tiến sĩ Linh Lê (sinh năm 1996), hiện là nghiên cứu viên sau tiến sĩ tại Đại học Stanford, Mỹ.
Sinh ra và lớn lên trong giai đoạn Việt Nam đang chuyển mình mạnh mẽ về công nghiệp hóa, Linh Lê sớm nhận thấy những thách thức về môi trường và giao thông tại quê nhà. Chia sẻ về cơ duyên đến với lĩnh vực này, chị cho biết bước ngoặt lớn nhất bắt đầu từ khi còn ngồi trên ghế giảng đường Đại học Quốc gia TP.HCM.
Tiến sĩ Linh Lê hiện là nghiên cứu viên sau tiến sĩ tại Đại học Stanford, Mỹ
ẢNH: NVCC
""Trước đây, khi mình còn học đại học ở TP.HCM, có một giáo sư đã truyền cảm hứng cho mình nhiều nhất. Người đó đã giúp mình chuyển hướng nghiên cứu hẳn về khoa học vật liệu và kỹ thuật. Đó là cơ duyên để mình có thể ra nước ngoài học tập và làm việc, tiếp xúc với những giáo sư đầu ngành"", tiến sĩ Linh Lê hồi tưởng.
Sau khi tốt nghiệp, Linh Lê tiếp tục con đường học thuật và hoàn thành chương trình tiến sĩ (PhD) tại Đại học Penn State University (bang Pennsylvania, Mỹ), trước khi gia nhập Đại học Stanford với tư cách là nghiên cứu viên sau tiến sĩ. Tại đây, chị trở thành thành viên chủ chốt trong các dự án thuộc Liên minh Battery500 của Bộ Năng lượng Mỹ (DOE) - một trong những tổ chức hàng đầu thế giới về nghiên cứu năng lượng.
Động lực của nữ tiến sĩ trẻ xuất phát từ một quan sát rất thực tế: ""Hiện tại, Việt Nam phát triển rất mạnh và dần thay đổi xe xăng bằng xe điện. Đó là động lực để tôi nghiên cứu ra nhiều loại pin mới. Pin lithium-ion hiện tại rất phổ biến nhưng giá thành cao, khiến người thu nhập trung bình khó sở hữu xe điện. Tôi muốn nghiên cứu dòng pin mới để giá thành rẻ hơn, giúp người dân Việt Nam dễ dàng tiếp cận phương tiện xanh"".
Nghiên cứu của tiến sĩ Linh Lê mang tên: ""Khoa học và kỹ thuật vật liệu, tập trung chuyên sâu vào đổi mới pin (Battery Innovation) và Hệ thống lưu trữ năng lượng tiên tiến"".
Trọng tâm của đề án là giải quyết những hạn chế cốt lõi của công nghệ pin hiện hành. Mặc dù xe điện đang tạo ra cuộc cách mạng giao thông, nhưng pin lithium-ion (Li-ion) truyền thống đang chạm đến ""trần"" giới hạn về mật độ năng lượng và chi phí sản xuất. Để xe điện có thể đi xa hơn trong một lần sạc và có giá bán cạnh tranh với xe xăng, thế giới cần một giải pháp thay thế. Và câu trả lời mà tiến sĩ Linh Lê theo đuổi là pin lithium-lưu huỳnh (Li-S).
Tiến sĩ Linh Lê được vinh danh tại Giải thưởng khoa học danh giá toàn cầu L’Oreal - UNESCO For Women in Science
ẢNH: VŨ THƠ
Pin Li-S được xem là ""ứng viên sáng giá"" cho thế hệ pin tiếp theo nhờ khả năng cung cấp mật độ năng lượng cao vượt trội và chi phí nguyên liệu thấp (do lưu huỳnh là vật liệu rẻ và dồi dào). Tuy nhiên, việc thương mại hóa dòng pin này vấp phải những rào cản kỹ thuật hóc búa: hiện tượng dịch chuyển polysulfide (polysulfide shuttling) và sự suy giảm nhanh chóng của kim loại lithium, dẫn đến tuổi thọ pin ngắn và hiệu suất không ổn định.
Để vượt qua những thách thức này, tiến sĩ Linh Lê đã phát triển một hướng tiếp cận độc đáo: thiết kế các chất điện giải lỏng đa chức năng tiên tiến. Thay vì đi theo lối mòn, chị kết hợp chặt chẽ giữa thực nghiệm nghiêm ngặt và mô phỏng lý thuyết để làm sáng tỏ cơ chế hoạt động bên trong viên pin.
""Đề án của mình tập trung nghiên cứu các chất lỏng dung môi, các chất phụ gia điện giải đặc biệt để giảm thiểu sự hòa tan polysulfide và ổn định kim loại lithium"", tiến sĩ Linh Lê giải thích.
Cụ thể, bằng cách sử dụng các đồng dung môi và phụ gia chuyên biệt, giải pháp của tiến sĩ Linh Lê giúp ngăn chặn các phản ứng phụ có hại, từ đó tăng đáng kể dung lượng và độ bền chu kỳ của pin. Mục tiêu của dự án là hiện thực hóa loại pin Li-S với mật độ năng lượng lên đến 350 Wh/kg - một con số ấn tượng so với các dòng pin thương mại hiện nay, đồng thời kéo dài tuổi thọ và rút ngắn thời gian sạc.
Những phát hiện của chị đã được cộng đồng khoa học quốc tế ghi nhận qua các công bố trên những tạp chí danh tiếng nhưNature Sustainability. Sự kết hợp giữa tư duy lý thuyết sắc bén và khả năng thực nghiệm chính xác đã giúp tiến sĩ Linh Lê giải quyết các thách thức điện hóa phức tạp mà nhiều nhóm nghiên cứu trên thế giới đang đau đầu tìm lời giải.
Giá trị nghiên cứu của tiến sĩ Linh Lê không chỉ nằm trong phòng thí nghiệm mà còn hướng thẳng đến lợi ích cộng đồng. Nếu thành công và được thương mại hóa, công nghệ pin Li-S này sẽ giúp giảm đáng kể giá thành xe điện.
""Nó sẽ giúp tiếp cận đặc biệt là người tiêu dùng ở Việt Nam. Họ có thể sở hữu được một chiếc xe điện, góp phần bảo vệ môi trường và có trải nghiệm thú vị khi tham gia giao thông"", chị chia sẻ.
Tiến sĩ Linh Lê (thứ 2 từ phải qua) được vinh danh tại Chương trình học bổng L’Oréal - UNESCO
ẢNH: VŨ THƠ
Một chiếc xe điện với pin Li-S không chỉ vận hành trơn tru hơn, chi phí bảo dưỡng thấp hơn mà quan trọng nhất là giảm sự phụ thuộc vào nhiên liệu hóa thạch. Điều này đặc biệt có ý nghĩa với Việt Nam, quốc gia đang đối mặt với ô nhiễm không khí tại các đô thị lớn và đang có những chính sách mạnh mẽ để hạn chế xe chạy xăng.
Câu chuyện của tiến sĩ Linh Lê không chỉ là hành trình chinh phục những giới hạn của công nghệ pin, mà còn là nguồn cảm hứng mạnh mẽ về khát vọng đưa trí tuệ Việt vươn tầm thế giới, giải quyết những bài toán thực tiễn của quê hương.
Với nghiên cứu giá trị này, tiến sĩ Linh Lê đang chứng minh rằng trí tuệ Việt Nam hoàn toàn có thể giải quyết những bài toán toàn cầu. Chị đã được vinh danh là nhà khoa học nữ xuất sắc L'Oréal-UNESCO Vì sự phát triển phụ nữ trong khoa học năm 2025.
Giải thưởng Khoa học danh giá toàn cầu L’Oreal - UNESCO For Women in Science, được L’Oreal và UNESCO sáng lập từ năm 1989 đã vinh danh hơn 4.700 nhà khoa học trên khắp thế giới, trong đó có đến 7 nhà khoa học nữ tiếp tục nhận giải Nobel lĩnh vực khoa học sau khi nhận giải thưởng nhà khoa học nữ xuất sắc từ L’Oreal- UNESCO For Women in Science.
Sau 16 năm trao giải ở Việt Nam có 41 nhà khoa học nữ được vinh danh cùng hàng loạt công trình nghiên cứu vươn tầm quốc tế."
https://thanhnien.vn/don-tet-duong-lich-trong-xuong-may-185260102115430045.htm,Đón Tết Dương lịch trong xưởng may...,"Khi tờ lịch năm mới 2026 đã được lật giở sang ngày 2, mạng xã hội ngập tràn những dòng chúc mừng năm mới, khi nhiều người rủ nhau đi du lịch dịp Tết Dương lịch… thì ở những khu công nghiệp, trong các nhà máy, xưởng sản xuất, kho hàng… năm mới của không ít người trẻ bắt đầu rất khác: bằng một ca tăng ca.","Tối 1.1, trong Công ty may Việt Thắng (P.Linh Xuân, TP.HCM; trước đây là P.Linh Trung, TP.Thủ Đức, TP.HCM), ánh đèn nhà xưởng vẫn sáng như mọi đêm cuối năm. Không có không khí Tết Dương lịch hay chào đón năm mới. Trên bảng phân ca, ca tăng đêm được ghi rõ: 22 giờ – 6 giờ sáng hôm sau.
Với nhiều công nhân trẻ, năm mới bắt đầu không phải bằng lời chúc, mà bằng tiếng máy khởi động lại sau giờ ăn khuya ngắn ngủi.
Đón Tết Dương lịch trong xưởng may là lựa chọn của nhiều công nhân
ẢNH: THANH NAM
Trong xưởng may rộng cả ngàn mét vuông, các chuyền sản xuất vận hành đều. Tiếng máy may nối tiếp nhau, tiếng kéo vải, tiếng quản lý gọi nhịp. Công nhân đứng đúng vị trí, tay không rời thao tác.
""Cuối nămđơn nhiều, không tăng ca là không kịp tiến độ"", anh Vũ Tiến Khải, quản lý chuyền, nói nhanh, trong khi mắt vẫn dõi theo bảng năng suất.
Nguyễn Thị Trâm (25 tuổi, ngụ ở P.Giá Rai, tỉnh Cà Mau; trước là xã Phong Thạnh, H.Giá Rai, tỉnh Bạc Liêu), công nhân đứng máy ráp cổ áo, cho biết đã quen với việc tăng ca những ngày cuối năm. ""Tết Dương lịchvới tụi em cũng như bao ngày khác, chỉ khác là ca dài hơn"", Trâm nói, tay không ngừng đưa vải.
Ở đây, năm mới không làm nhịp xưởng chậm lại. Mỗi công đoạn đều có định mức, mỗi phút trôi qua đều được tính bằng sản lượng.
23 giờ 30, chuông báo giờ ăn vang lên. Công nhân rời chuyền, xếp hàng nhận suất cơm hộp. Không gian căn tin yên ắng. Mọi người ăn nhanh, ít nói chuyện. ""Ăn đủ no để còn làm tiếp"", anh Nguyễn Văn Trọng (33 tuổi), nói. Không ai bàn chuyệncountdownhay TP.HCM và nhiều tỉnh, thành trên cả nước bắn pháo hoa chào năm mới 2026 đêm qua. Ai nấy đều nhanh chóng ăn để quay lại vị trí.
Theo anh Trọng: ""Ca tăng đêm không cho phép chậm trễ. Chỉ cần một vị trí trễ nhịp, cả chuyền sẽ bị ảnh hưởng"".
Tăng ca dịp Tết Dương lịch để có thêm thu nhập gấp 3, 4 lần
ẢNH: THANH NAM
Tại kho logistics Bảo Phát ở Khu công nghiệp Cát Lái 2 (P.Cát Lái, TP.HCM; trước là P.Thạnh Mỹ Lợi, TP.Thủ Đức, TP.HCM), hàng chục kiện hàng được đưa lên băng chuyền. Đèn trắng sáng suốt đêm. Nhân viên chia ca, thay phiên nhau quét mã, phân loại, đóng gói.
Đỗ Lê Minh Tuấn (27 tuổi), nhân viên kho, nói: ""Cuối năm đơn tăng gấp rưỡi. Nếu nghỉ, hàng ùn lại"".
0 giờ, ca làm vẫn tiếp diễn. Không có tín hiệu đặc biệt nào báo hôm nay là ngày 1 Tết Dương lịch. Chỉ có màn hình hiển thị số lượng đơn được xử lý tăng đều. ""Làm riết quen. Đêm qua giao thừa cũng vậy. Năm mới tới lúc nào cũng vậy thôi"", Tuấn nói và chia sẻ: ""Ở kho hàng, năm mới được tính bằng số kiện hoàn thành, không phải bằng thời gian"".
Phạm Quốc Huy (26 tuổi), công nhân điện, làm việc tại Khu công nghiệp Sóng Thần 1 (P.Dĩ An, TP.HCM; trước là P.Dĩ An, TP.Dĩ An, tỉnh Bình Dương), cho biết đăng kýtăng catoàn bộ tuần cuối năm. Riêng ca đêm 31.12 của anh kéo dài 14 tiếng đồng hồ. ""Tiền tăng ca chiếm phần đáng kể trong thu nhập tháng 12"", Huy nói.
Với nhiều công nhân trẻ, tăng ca ngày Tết Dương lịch không phải yêu cầu bắt buộc, nhưng là lựa chọn quen thuộc. Ai cần thêm thu nhập thì đăng ký. Ai không đủ sức thì xin nghỉ. ""Không ai ép, nhưng ai cũng hiểu nếu không tăng ca thì cuối tháng sẽ thiếu"", Huy chia sẻ thêm.
Khi nhiều người trẻ đón năm mới bằng tiệc tùng và nghỉ ngơi, thì ở các khu công nghiệp, kho hàng, xưởng sản xuất, câu chuyện công nhân tăng ca vẫn lặng lẽ diễn ra
ẢNH: THANH NAM
Ông Nguyễn Văn Tiên, trưởng phòng nhân sự một công ty sản xuất linh kiện nhựa ở P.Tây Thạnh, TP.HCM (trước đây là P.Tây Thạnh, Q.Tân Phú, TP.HCM), cho biết dịp Tết Dương lịch, nhiều công nhân trẻ không nghỉ phép, mà xin tăng ca.
""Khi nhiều người trẻ đón năm mới bằng tiệc tùng và nghỉ ngơi, thì ở các khu công nghiệp, kho hàng, xưởng sản xuất, câu chuyện công nhân tăng ca vẫn lặng lẽ diễn ra. Không ồn ào. Không được chú ý. Nhưng chính những ca tăng ấy giúp dây chuyền không ngừng vận hành, đơn hàng không bị gián đoạn, thị trường cuối năm không chậm nhịp. Và với không ít người trẻ, năm mới bắt đầu như vậy là đủ. Đủ việc làm, đủ thu nhập, đủ để tiếp tục trụ lại thành phố"", ông Tiên cho hay.
Năm mới đến với mỗi người một cách khác nhau. Với công nhân, năm mới 2026 đến bằng một ca làm việc tăng ca
ẢNH: THANH NAM
Nguyễn Thị Trâm (25 tuổi, làm việc tại Công ty may Việt Thắng (P.Linh Xuân, TP.HCM; trước đây là P.Linh Trung, TP.Thủ Đức, TP.HCM), chia sẻ: ""Năm mới đến với mỗi người theo một cách khác nhau. Với không ít người, năm mới không mở ra bằng những lời hứa rực rỡ, mà bằng một ca tăng ca âm thầm. Và có lẽ, những ngườicông nhânnhư chúng tôi có một điều chung. Là mongnăm mới 2026sẽ đỡ vất vả hơn, đủ đầy hơn, và có thêm những khoảnh khắc được nghỉ ngơi đúng nghĩa""."
https://thanhnien.vn/tet-duong-lich-va-tet-nguyen-dan-quan-tam-tet-nao-hon-185260102120215409.htm,Tết Dương lịch và Tết Nguyên đán: Quan tâm tết nào hơn?,"Đón 2 cái tết mỗi năm: Tết Dương lịch và Tết Nguyên đán, nếu Tết Nguyên đán từ lâu được xem là dịp lễ quan trọng nhất trong năm, thì Tết Dương lịch ngày càng hiện diện rõ nét hơn trong đời sống của nhiều người. Sự thay đổi này đặt ra câu hỏi: nhiều người đang quan tâm tết nào hơn?","Tết Dương lịchxuất hiện dày đặc trong câu chuyện: kế hoạch du lịch, check-in, countdown, bắt đầu lại từ đầu... Với nhiều người đây là dịp mang đậm dấu ấn cá nhân.
""Mình thích Tết Dương lịch vì nó không nặng nề. Chỉ cần nghỉ vài ngày, tụi mình rủ nhau đi chơi, đi du lịch. Không có cảm giác phải làm tròn trách nhiệm hay vai trò gì cả"", Nguyễn Minh Trang, nhân viên làm tại một công ty thiết bị nột thất ở phường Phú Thọ, TP.HCM (thành viên câu lạc bộ tennis Trường đua) chia sẻ.
Với những người đã đi làm, Tết Dương lịch còn là mốc thời gian gắn với công việc và mục tiêu. ""Công ty mình làm theo kế hoạch năm dương lịch nên Tết Dương lịch quan trọng hơn về mặt tinh thần"", Trần Hoàng Nam (26 tuổi) nhân viên Vietcombank nói.
Tết dương lịch là dịp người trẻ trải nghiệm, vui chơi thỏa thích
ẢNH NHẬT THỊNH
Không ít người trẻ thừa nhận họ háo hức Tết Dương lịch hơn vì sự tự do. ""Không phải về quê, không phải họ hàng, không phải câu hỏi: ""Bao giờ lấy chồng?"", ""Bao giờ lấy vợ?"", ""Đi làm lương tháng bao nhiêu?"", Hà Linh Chi (25 tuổi), làm truyền thông cho một công ty quảng cáo tại P.Sài Gòn, TP.HCM) chia sẻ. Linh còn nói nửa đùa nửa thật: ""Tết Dương lịch là tết của mình"".
Dù nói nhiều về Tết Dương lịch, thế nhưng phần lớn người trẻ vẫn khẳng định Tết Nguyên đán có vị trí đặc biệt mà không cái tết nào thay thế được.
""Cả năm mình có thể không về nhà, nhưng Tết Nguyên đán thì khác. Về nhà mấy ngày thôi nhưng cảm giác rất… tết"", Nguyễn Tuấn Anh (24 tuổi), kỹ sư xây dựng, Công ty TNHH Hùng Cường, TP.HCM, chia sẻ.
Với nhiều bạn trẻ, Tết Nguyên đán là ký ức tuổi thơ, là không khí gia đình mà Tết Dương lịch không mang lại. ""Tết Nguyên đán có mâm cơm, có dọn nhà, có tiếng cười của cả gia đình. Tết Dương lịch vui, nhưng nó vui theo kiểu nhanh và nhẹ"", Thu Hà, sinh viên Trường ĐH Tôn Đức Thắng nói.
Hàng năm nhiều bạn trẻ học hành, làm ăn xa nhà về quê đón tết với gia đình
ẢNH: C.T.V
Tuy nhiên, chính sự ""đầy đủ"" ấy cũng khiến không ít người trẻ cảm thấy áp lực. Chi phí về quê, tiền mừng tuổi, quà cáp, cùng những kỳ vọng vô hình từ gia đình khiến Tết Nguyên đán vừa được mong chờ, vừa khiến nhiều người e ngại.
""Mình rất thương ba mẹ, nhưng mỗi lần tết cũng áp lực. Hỏi chuyện công việc, lương bao nhiêu, khi nào lập gia đình… đôi lúc khiến mình chỉ muốn tết trôi qua nhanh"", Linh Chi chia sẻ thêm.
Khi được hỏi quan tâm tết nào hơn, nhiều người trẻ không chọn một đáp án tuyệt đối. ""Tết Dương lịch là cho bản thân, Tết Nguyên đán là cho gia đình. Mình cần cả hai"", Trần Hoàng Nam, sinh viên Trường ĐH Văn Lang chia sẻ.
Một số người trẻ thậm chí cho rằng Tết Dương lịch đang ""dễ thở"" hơn trong bối cảnh cuộc sống ngày càng bận rộn. ""Nếu chỉ xét cảm giác thoải mái, mình thích Tết Dương lịch hơn. Nhưng nếu hỏi tết nào quan trọng, thì vẫn là Tết Nguyên đán"", Minh Trang thẳng thắn.
Theo thạc sĩ xã hội học Lê Tuấn Minh (tốt nghiệp Trường ĐH Mở TP.HCM), việc người trẻ bàn nhiều hơn về Tết Dương lịch là xu hướng tất yếu trong quá trình hiện đại hóa. ""Tết Dương lịch phù hợp với nhịp sống công nghiệp, nơi con người chịu nhiều áp lực công việc và cần những khoảng nghỉ ngắn để hồi phục. Người trẻ quan tâm đến Tết Dương lịch không phải vì họ xem nhẹ Tết Nguyên đán, mà vì họ cần một không gian cho chính mình"", thạc sĩ Minh phân tích. Trong khi đó, Tết Nguyên đán vẫn giữ vai trò là trục văn hóa của gia đình Việt. ""Dù cách đón tết có thay đổi nhưng tinh thần sum họp vẫn còn nguyên"", thạc sĩ Minh cho hay.
Chuyên gia tâm lý, thạc sĩ Đặng Hoàng An, cho rằng việc người trẻ cảm thấy áp lực với Tết Nguyên đán là điều dễ hiểu. Vì tết ngày nay thường đi kèm nhiều kỳ vọng: phải kết hôn, phải thành công, phải ""có gì đó để khoe""... Trong khi người trẻ vốn đã áp lực nhiều mặt, họ mong một cái tết nhẹ nhàng để nghỉ ngơi, hồi phục và ""được trở về"" chứ không phải gồng mình tỏ ra mình vẫn ổn.
Cũng theo thạc sĩ Đặng Hoàng An, thực tế cho thấy, người trẻ ngày nay không chọn một trong hai. Họ học cách sử dụng mỗi cái tết cho một nhu cầu khác nhau trong đời sống. Tết Dương lịch giúp họ nghỉ ngơi, sắp xếp lại bản thân, thử những trải nghiệm mới. Tết Nguyên đán giúp họ quay về, giữ sợi dây kết nối với gia đình. Đây cũng là cách người trẻ dung hòa giữa hiện đại và truyền thống.
""Việc Tết Dương lịch ngày càng được nhắc đến không làm lu mờ Tết Nguyên đán, mà phản ánh một xã hội đang đa dạng hóa cách sống và cách tận hưởng các giá trị văn hóa. Hai cái tết phục vụ hai nhu cầu khác nhau. Tết Dương lịch là dịp hòa chung nhịp sống toàn cầu, còn Tết Nguyên đán là giữ gìn bản sắc văn hóa, nguồn cội. Khi con người càng hội nhập, người trẻ càng cần một nơi để quay về và đó chính là tết cổ truyền"", thạc sĩ Đặng Hoàng An nói."
https://thanhnien.vn/vao-cua-thao-cam-vien-sai-gon-mien-phi-va-duoc-an-cac-mon-ngon-185260102143704508.htm,Vào cửa Thảo Cầm Viên Sài Gòn miễn phí và được ăn các món ngon…,"Lễ hội ẩm thực đặc sắc của Thảo Cầm Viên Sài Gòn (TP.HCM) sôi động và nhộn nhịp nhằm chào đón 2026, diễn ra đến hết ngày 4.1.2026. Du khách đến đây trong những ngày này được miễn phí vào cửa, tha hồ lựa chọn các món ăn ngon và xem các chương trình nghệ thuật.","Lễ hội ẩm thực đặc sắc củaThảo Cầm Viên Sài Gònthu hút đông đảo người dân và du khách nước ngoài đến hưởng thức. Với hơn 80 gian hàng, nhiều ẩm thực đa dạng làm cho lễ hội thêm hoành tráng. Người dân đến với lễ hội không chỉ thưởng thức các món ăn ngon mà còn là cơ hội để khám phá văn hóa ẩm thực Việt Nam (nhất là các món ăn ở vùng đất phương Nam).
Đông đảo du khách tham quan lễ hội ẩm thực tại Thảo Cầm Viên Sài Gòn
ẢNH: THANH BÌNH
Nhiều loại ẩm thực dân gian như: bánh khọt, bánh bò, bánh xèo... du khách tha hồ thưởng thức. Cùng với đó là những tiết mục âm nhạc truyền thống, phù hợp với du khách đi cùng gia đình ăn uống và trò chuyện với nhau, ôn lại kỷ niệm cũ và cũng để chào đón năm mới.
Các gian hàng được trang trí sinh động, tạo nên một không gian lễ hội đầy màu sắc và cảm giác thân thiện, dễ dàng cho mọi người tham quan, lựa chọn các món ăn. Bên cạnh đó, khách tham quan còn được trải nghiệm nhiều hoạt động vui chơi hấp dẫn khác. Nhất là việc chiêm ngưỡng các loại động vật quý hiếm được chăm sóc và nuôi dưỡng cẩn thận ở Thảo Cầm Viên Sài Gòn (du khách phải mua vé để thăm thú).
Nhiều món ăn dân gian được bày bán tại lễ hội ẩm thực
ẢNH: THANH BÌNH
Miễn vé vào cổng chiều tối, đông nghịt người vào Thảo Cầm Viên soi đèn để...
Tại lễ hội, Trần Quốc Thiên và Nguyễn Hoàng Duy Anh (ngụ ở TP.HCM), cho biết: ""Lễ hội đã để lại cho mình rất nhiều ấn tượng sâu sắc. Ở đây có nhiều đồ ăn, mọi người ăn uống trò chuyện với nhau tạo không khí trở nên sôi động"".
Trong khi đó, Trung Kiên, sinh viên Trường đại học Khoa học xã hội và nhân văn TP.HCM, cũng chia sẻ: ""Lần đầu tiên mình đến với Thảo Cầm Viên Sài Gòn. Mình cảm thấy ấn tượng vì ẩm thực phong phú và các trò chơi gian đa dạng, giúp mình giải tỏa áp lực của bản thân. Mình mong muốn năm nào cũng có lễ hội như thế này"", Trung Kiên chia sẻ.
Du khách có dịp thưởng thức các món ăn ngon
ẢNH: THANH BÌNH
Lễ hội ẩm thực – văn hóa tại Thảo Cầm Viên Sài Gòn không chỉ mang đến những trải nghiệm thú vị cho người tham dự mà còn góp phần quảng bá hình ảnh TP.HCM năng động, thân thiện trong những ngày đầu năm mới. Hiện tại Thảo Cầm Viên Sài Gòn vẫn đang mở cửa miễn phí cho mọi người đến tham quan từ 17 giờ đến 21 giờ từ nay đến hết ngày 4.1.2026."
https://thanhnien.vn/hoa-huong-duong-bung-no-giua-thanh-pho-nhieu-nguoi-tim-den-chup-anh-dip-dau-nam-185260102232918765.htm,"Hoa hướng dương bung nở giữa thành phố, nhiều người tìm đến chụp ảnh dịp đầu năm","Không cần đi xa khỏi trung tâm, ngay bên bờ sông Sài Gòn, một cánh đồng hoa hướng dương đang vào độ bung nở rực rỡ đã trở thành điểm hẹn của người dân TP.HCM trong dịp nghỉ Tết Dương lịch.","Có mặt tạicông viên bờ sông Sài Gòn(P.An Khánh, trước đây là TP.Thủ Đức) trong một buổi chiều ngày đầu năm mới, chúng tôi ghi nhận nhiều nhóm bạn trẻ, các cặp đôi và những gia đình liên tục tìm đến đây để chụp ảnh đẹp với hoa hướng dương.

ẢNH: THẢO PHƯƠNG
Cánh đồng hoa hướng dương đang thu hút nhiều bạn trẻ tìm đến check-in trong những ngày đầu năm
ẢNH: THẢO PHƯƠNG
Cánh đồng hoa hướng dươngđang bung nở đồng loạt, những bông hoa cao ngang tầm người vươn mình đón nắng rực rỡ. Đặc biệt, khi chiều xuống, khung cảnh nơi đây càng trở nên thơ mộng.
Có mặt tại đây, Lý Thị Kim, sinh viên Trường ĐH Giao thông vận tải, không giấu được sự hào hứng. Kim cho biết cô biết đến địa điểm này qua mạng xã hội và quyết định tranh thủ ngày nghỉ đến chụp ảnh. “Mình xem trên mạng thấy mọi người chụp hình đẹp quá nên cũng muốn đến thử. Khi tới nơi, mình thật sự rất bất ngờ, không nghĩ ở đây rộng và có nhiều hoa đến như vậy. Đứng giữa cánh đồng hoa vàng rực thế này cảm giác rất thích”, Kim chia sẻ.
Kim check-in với cánh đồng hoa hướng dương trong dịp Tết Dương lịch
ẢNH: THẢO PHƯƠNG
Cũng bị thu hút bởi những hình ảnh được chia sẻ nhiều trên mạng, Lê Khánh Vân (26 tuổi, ngụ TP.HCM) chọn nơi đây làm điểmcheck-inđầu năm. Theo Khánh Vân, đây có thể là vườn hoa hướng dương lớn nhất mà cô từng thấy ở TP.HCM. “Bình thường muốn chụp ảnh với vườn hoa rộng thế này phải đi rất xa, nhưng chỗ này lại ở gần trung tâm. Đặc biệt là còn có view tòa Bitexco phía sau, một trong những tòa nhà biểu tượng của thành phố, vừa thiên nhiên vừa hiện đại, rất khác lạ”, Khánh Vân nói.
Khánh Vân cho biết rất thích khung cảnh vừa thiên nhiên và hiện đại của địa điểm này
ẢNH: THẢO PHƯƠNG
Những bông hoa hướng dương vàng rực trong nắng
ẢNH: THẢO PHƯƠNG
Nhiều bạn trẻ còn đầu tư trang phục và thiết bị để có những bức hình chỉn chu. Phạm Bảo Ngọc (26 tuổi, ngụ TP.HCM) diện một bộ váy hoa xòe nhẹ nhàng, đi cùng bạn mang theo máy ảnh chuyên nghiệp. “Lần đầu tiên đến đây mình khá bất ngờ. Hoa nở rất đều, độ cao vừa tầm nên đứng vào chụp hình rất đẹp”, Bảo Ngọc nhận xét.
Bảo Ngọc thích thú trước khung cảnh ngập tràn hoa
ẢNH: THẢO PHƯƠNG
Paeng Phoutthaphone, du học sinh Lào, hiện là sinh viên Trường ĐH Nguyễn Tất Thành, cũng tranh thủ cùng bạn đến tham quan. “Mình sống và học tập ở TP.HCM 5 năm rồi nhưng đây là lần đầu được chụp ảnh ở một vườn hoa hướng dương rộng và đẹp như vậy. Không gian rất thoáng và mát, mình rất thích khung cảnh này”, Paeng chia sẻ.
Bạn trẻ ghi lại khoảnh khắc những bông hoa hướng dương đang nở rộ
ẢNH: THẢO PHƯƠNG
Paeng (áo đen) cho biết đây là lần đầu cô nàng đến một nơi có nhiều hoa hướng dương như vậy
ẢNH: THẢO PHƯƠNG
Bên cạnh đó, nhiều gia đình cũng chọn nơi đây để lưu giữ kỷ niệm đầu năm. Chị Lê Thị Hòa (ngụ TP.HCM) cùng con gái diện áo dài truyền thống đến chụp ảnh Tết. “Mọi năm hai mẹ con thường chụp ở đường hoa Nguyễn Huệ, năm nay muốn đổi không khí nên đến đây. Khung cảnh vừa đẹp vừa mát mẻ, rất hợp để chụp áo dài”, chị Hòa nói.
Chị Hòa và con gái mặc áo dài chụp ảnh tết giữa cánh đồng hoa hướng dương
ẢNH: THẢO PHƯƠNG
Nhiều bạn trẻ tranh thủ ngày nghỉ đầu năm đến check-in với những bông hoa hướng dương
ẢNH: THẢO PHƯƠNG
"
https://thanhnien.vn/hoa-hau-bao-ngoc-ca-si-duyen-quynh-duoc-tuyen-duong-cong-dan-tre-tieu-bieu-tphcm-185251225114617438.htm,"Hoa hậu Bảo Ngọc, ca sĩ Duyên Quỳnh… được tuyên dương Công dân trẻ tiêu biểu TP.HCM","Thành đoàn TP.HCM đã thông báo kết quả các gương được tuyên dương ""Công dân trẻ tiêu biểu TP.HCM"" năm 2025. Trong 12 gương được tuyên dương năm nay có Hoa hậu Lê Nguyễn Bảo Ngọc và ca sĩ Duyên Quỳnh.","Trong 157 hồ sơ chính thức từ 86 đơn vị đề cử tham gia giải thưởng, sau quá trình thẩm định, Hội đồng bình chọn đã thống nhất tuyên dương 12 gương ""Công dân trẻ tiêu biểu TP.HCM"" và 7 gương ""Thanh niên tiêu biểu TP.HCM"" năm 2025. 12 gương được tuyên dương năm nay gồm:
Các Công dân trẻ tiêu biểu TP.HCM 2025
Mai Ngọc Xuân Đạt, tiến sĩ nghiên cứu viên Viện Công nghệ vật liệu tiên tiến ĐH Quốc gia TP.HCM
ẢNH: NVCC
Võ Ngọc Minh Anh, đoàn viên Chi đoàn lớp 22CLC05, Khoa Công nghệ thông tin, Trường ĐH Khoa học tự nhiên, ĐH Quốc gia TP.HCM
ẢNH: NVCC
Nòng K' Duy Py, Phó trưởng khoa Săn sóc đặc biệt, Chi ủy viên Chi bộ 3, Bí thư Đoàn Bệnh viện Nhân Ái
ẢNH: NVCC
Trần Tài, Ủy viên Ban Thường vụ Đoàn xã Kim Long, Bí thư Chi đoàn Công ty Nấm sinh học Việt Nam, Giám đốc Công ty TNHH Nấm sinh học Việt Nam
ẢNH: NVCC
Trịnh Hải Thắng, Đại úy , Bí thư Chi đoàn Phòng Kỹ thuật hình sự Công an TP.HCM
ẢNH: NVCC
Nguyễn Văn Trường, thiếu tá, cán bộ Đội Phòng ngừa, điều tra tội phạm lĩnh vực mua bán, vận chuyển trái phép chất ma tuý, Công an TP.HCM
ẢNH: NVCC
Đỗ Tiến Đạt, Ủy viên Hội đồng Huấn luyện công tác Đội TP.HCM, Ủy viên Ban Chấp hành Đoàn phường, Ủy viên Hội đồng Đội phường An Đông, Bí thư Chi đoàn Trung tâm cung ứng dịch vụ văn hóa – thể thao phường An Đông
ẢNH: NVCC
Đoàn Thị Thu Chung, Ủy viên Ban Thư ký Hội Liên hiệp thanh niên Việt Nam thành phố, Phó tổng trưởng Tổng đoàn Sao Bắc Đẩu, Phó chủ nhiệm Sao Bắc Đẩu Tao Đàn
ẢNH: NVCC
Nguyễn Tấn Sang, vận động viên Pencak Silat – Trung tâm huấn luyện và thi đấu thể dục thể thao TP.HCM
ẢNH: NVCC
Nguyễn Thị Duyên Quỳnh, ca sĩ, thành viên Đội Tình nguyện viên nghệ sĩ TP.HCM
ẢNH: NVCC
Lê Nguyễn Bảo Ngọc, Hoa hậu Liên lục địa năm 2022, Giám đốc sáng lập Công ty TNHH Doanh nghiệp xã hội Gen Zero
ẢNH: NVCC
"
https://thanhnien.vn/cong-dan-tre-tieu-bieu-tphcm-diem-khoi-dau-cua-hanh-trinh-cong-hien-lon-hon-185260101130600016.htm,Công dân trẻ tiêu biểu TP.HCM: Điểm khởi đầu của hành trình cống hiến lớn hơn,"Trong không khí tươi vui và đầy phấn khởi của ngày đầu năm mới 2026, 12 gương mặt trẻ xuất sắc đã được tuyên dương Công dân trẻ tiêu biểu TP.HCM năm 2025.","Sáng 1.1.2026, Thành đoàn TP.HCM tổ chức lễ tuyên dươngCông dân trẻ tiêu biểu TP.HCMnăm 2025.
Đến dự có bà Trương Mỹ Hoa, nguyên Bí thư T.Ư Đảng, nguyên Phó chủ tịch nước; ông Trần Lưu Quang, Bí thư T.Ư Đảng, Bí thư Thành ủy TP.HCM; ông Lê Quốc Phong, Ủy viên T.Ư Đảng, Phó bí thư thường trực Thành ủy TP.HCM; chị Nguyễn Phạm Duy Trang, Bí thư T.Ư Đoàn, Chủ tịch Hội đồng Đội T.Ư; ông Võ Văn Minh, Phó bí thư Thành ủy, Chủ tịch HĐND TP.HCM; bà Văn Thị Bạch Tuyết, Phó bí thư Thành ủy TP.HCM.

Ông Trần Lưu Quang, Bí thư T.Ư Đảng, Bí thư Thành ủy TP.HCM và chị Nguyễn Phạm Duy Trang, Bí thư T.Ư Đoàn, Chủ tịch Hội đồng Đội T.Ư tuyên dương Công dân trẻ tiêu biểu TP.HCM năm 2025
ẢNH: NỮ VƯƠNG
Năm 2026 mở ra một kỷ nguyên mới – kỷ nguyên vươn mình, thanh niên thành phố mang tên Bác càng nỗ lực học tập, rèn luyện, vươn tới những thành tích đỉnh cao trong nước và quốc tế. Là những gương mặt đại diện cho thế hệ trẻ thành phố hôm nay, những Công dân trẻ tiêu biểu còn có một điểm chung là tinh thần phụng sự xã hội, dấn thân mở hướng đi mới, đam mê và đầy sáng tạo trong công việc, luôn hướng về lợi ích của cộng đồng.
12 Công dân trẻ tiêu biểu được tuyên dương năm nay là những bạn trẻ đại diện cho một thế hệ thanh niên phát triển toàn diện, đáp ứng yêu cầu trong kỷ nguyên vươn mình của dân tộc bằng các phẩm chất vượt trội
ẢNH: T.Đ
12 Công dân trẻ tiêu biểu được tuyên dương năm nay là những bạn trẻ đại diện cho một thế hệ thanh niên phát triển toàn diện, đáp ứng yêu cầu trong kỷ nguyên vươn mình của dân tộc bằng các phẩm chất vượt trội: năng động, nhạy bén với công nghệ, sở hữu tư duy đổi mới không ngừng và luôn sẵn sàng kết nối với thế giới để đóng góp vào mục tiêu chung của TP.HCM. Họ xung kích đi đầu trong các lĩnh vực, là biểu tượng của sự nhiệt huyết, sức trẻ và lòng yêu nước, các bạn đã có đóng góp quan trọng vào sự nghiệp xây dựng và bảo vệ Tổ quốc.
Bà Trương Mỹ Hoa, nguyên Bí thư T.Ư Đảng, nguyên Phó chủ tịch nước và ông Lê Quốc Phong, Ủy viên T.Ư Đảng, Phó bí thư thường trực Thành ủy TP.HCM tuyên dương Công dân trẻ Võ Ngọc Minh Anh
ẢNH: NỮ VƯƠNG
Phát biểu tại chương trình, ông Võ Văn Minh, Phó bí thư Thành ủy, Chủ tịch HĐND TP.HCM, biểu dương và ghi nhận những đóng góp xuất sắc của 12 Công dân trẻ tiêu biểu năm 2025.
Ông Võ Văn Minh cho biết nửa thế kỷ qua với biết bao thăng trầm và nỗ lực không ngừng, TP.HCM đã vươn lên khẳng định vị thế dẫn đầu về kinh tế, trung tâm lớn về khoa học công nghệ, giáo dục đào tạo và hội nhập quốc tế của cả nước. Hành trình đó được tạo nên từ trí tuệ, mồ hôi, khát vọng và sự cống hiến bền bỉ của nhiều thế hệ, trong đó thanh niên luôn là lực lượng xung phong, dám nghĩ dám làm, dám đột phá vì mục tiêu chung.
Ông Võ Văn Minh, Phó bí thư Thành ủy, Chủ tịch HĐND TP.HCM, cho biết lãnh đạo thành phố luôn đặt trọn niềm tin vào thanh niên
ẢNH: NỮ VƯƠNG
Phó bí thư Thành ủy TP.HCM cho biết Cuộc vận động Công dân trẻ TP.HCM được thành phố khởi xướng và duy trì suốt 20 năm qua, ngày càng khẳng định ý nghĩa sâu sắc. Không chỉ là sự ghi nhận, tôn vinh xứng đáng những cá nhân xuất sắc, cuộc vận động còn là kênh phát hiện, kết nối, phát huy lực lượng công dân trẻ nòng cốt, trực tiếp tham gia giải quyết các vấn đề thực tiễn của thành phố.
Công dân trẻ tiêu biểu Trần Tài là một trong những người tiên phong ứng dụng công nghệ sinh học và tự động hóa vào sản xuất nấm ăn, nấm dược liệu tại TP.HCM
ẢNH: NỮ VƯƠNG
Với thành tích học tập xuất sắc cùng những đóng góp nổi bật trên nhiều lĩnh vực, Hoa hậu Lê Nguyễn Bảo Ngọc từng được trao Giải thưởng Tình nguyện Quốc gia năm 2024, Giải thưởng Thanh niên sống đẹp năm 2025, và nhiều bằng khen của các cấp
ẢNH: NỮ VƯƠNG
""Điểm chung nổi bật của các Công dân trẻ tiêu biểu không chỉ là thành tích xuất sắc, mà còn là tinh thần phụng sự cộng đồng, trách nhiệm xã hội và khát vọng cống hiến lâu dài cho thành phố"", ông Võ Văn Minh nhìn nhận và gửi gắm kỳ vọng: ""Tôi tin tưởng rằng mỗi Công dân trẻ tiêu biểu hôm nay sẽ tiếp tục là hạt nhân lan tỏa giá trị tích cực, truyền cảm hứng hành động cho hàng triệu thanh niên thành phố; là lực lượng tiên phong trong xây dựng và phát triển thành phố, trong chuyển đổi số, đổi mới sáng tạo và là cầu nối quan trọng đưa hình ảnh của tuổi trẻ TP.HCM vươn ra khu vực và thế giới"".
Là cử nhân tài năng Trường ĐH Khoa học tự nhiên, ĐH Quốc gia TP.HCM, nhận học bổng thạc sĩ của Chính phủ Pháp, với những tri thức, kinh nghiệm khoa học và bản lĩnh được rèn giũa từ môi trường quốc tế, đại úy Trịnh Hải Thắng đã lựa chọn tham gia lực lượng công an nhân dân và bền bỉ trong cuộc chiến phòng, chống tội phạm ma túy
ẢNH: NỮ VƯƠNG
Bác sĩ Nròng K’ Duy Py đã lựa chọn gắn bó với Bệnh viện Nhân Ái sau khi tốt nghiệp bác sĩ Y khoa, với mong muốn chăm sóc bệnh nhân HIV/AIDS – những người gặp nhiều khó khăn về sức khỏe và chịu sự kỳ thị xã hội. Trong đại dịch Covid-19, bác sĩ Duy Py tình nguyện tham gia tuyến đầu, bền bỉ bám trụ tại Bệnh viện Dã chiến số 1 và số 13 trong 9 tháng khốc liệt
ẢNH: NỮ VƯƠNG
Hơn 16 năm gắn bó với công tác Đoàn, Đội, anh Đỗ Tiến Đạt đã đào tạo nhiều thế hệ chỉ huy Đội đạt giải cao, tổ chức nhiều sân chơi văn hóa, thể thao, kỹ năng cho thiếu nhi và thanh niên công nhân. Anh còn là huấn luyện viên giàu kinh nghiệm, thành viên Hội đồng Huấn luyện công tác Đội cấp T.Ư và thành phố
ẢNH: NGÔ TÙNG
Năm 2008, chị Đoàn Thị Thu Chung bắt đầu gắn bó với Tổng đoàn Sao Bắc Đẩu. Chị tham gia xây dựng nhiều sản phẩm chuyên môn và các ấn phẩm truyền thông, đưa hình ảnh Sao Bắc Đẩu đến gần hơn với thanh thiếu nhi, góp phần xây dựng Tổng đoàn Sao Bắc Đẩu trở thành mô hình tiêu biểu trong giáo dục kỹ năng thực hành xã hội cho thanh thiếu nhi TP.HCM
ẢNH: NỮ VƯƠNG
Phó bí thư Thành ủy TP.HCM mong muốn danh hiệu Công dân trẻ tiêu biểu không chỉ là niềm vinh dự mà sẽ là điểm khởi đầu của một hành trình cống hiến lớn hơn, gắn bó lâu dài hơn với sự phát triển của thành phố. Mỗi Công dân trẻ tiêu biểu sẽ tiếp tục dấn thân ở những lĩnh vực khó, mới, đòi hỏi trí tuệ và bản lĩnh; chủ động đề xuất sáng kiến, giải pháp thiết thực cho quản trị đô thị, chuyển đổi số, phát triển bền vững và hội nhập quốc tế. Đồng thời, tổ chức Đoàn cần tiếp tục đổi mới nội dung, phương thức hoạt động, phát huy mạnh mẽ vai trò tập hợp, dẫn dắt, đồng hành cùng thanh niên xây dựng lớp công dân trẻ có lý tưởng, tri thức, có kỹ năng số và tinh thần trách nhiệm cao với xã hội.
""Lãnh đạo thành phố luôn đặt trọn niềm tin vào tuổi trẻ, lực lượng giàu trí tuệ, nhiệt huyết và trách nhiệm; đồng thời cam kết sẽ luôn đồng hành, tạo mọi điều kiện để thanh niên phát triển, cống hiến"", ông Võ Văn Minh nhấn mạnh.
Là thành viên Đội Tình nguyện viên nghệ sĩ TP.HCM, ca sĩ Nguyễn Thị Duyên Quỳnh đã mang giọng hát đẹp, giàu cảm xúc đến với đông đảo công chúng, để lan tỏa tinh thần yêu nước và lối sống tích cực. Trong hai năm qua, chị đã thực hiện dự án âm nhạc về quê hương, đất nước gồm 11 ca khúc phục vụ cán bộ, chiến sĩ Trường Sa, Nhà giàn DK1, phối hợp cùng nhạc sĩ Nguyễn Văn Chung triển khai dự án cộng đồng “300 bài hát thiếu nhi”...
ẢNH: NỮ VƯƠNG
Với vai trò là cán bộ trinh sát, Công dân trẻ tiêu biểu Nguyễn Văn Trường đã tham gia triệt phá thành công các chuyên án lớn, trọng điểm; vinh dự được Chủ tịch nước trao tặng Huân chương Chiến công hạng ba, Huy chương Chiến sĩ vẻ vang hạng ca, nhiều năm liền đạt danh hiệu Chiến sĩ thi đua, Chiến sĩ tiên tiến, cùng nhiều bằng khen của Bộ Công an, UBND và Công an TP.HCM
ẢNH: NỮ VƯƠNG
Nguyễn Tứ Cường là thành viên nòng cốt của Đội tuyển Vovinam Quốc gia và Đội tuyển Vovinam TP.HCM. Anh đã hai lần vô địch thế giới, vô địch châu Á, cùng các huy chương khác ở giải Đông Nam Á và Việt Nam
ẢNH: NỮ VƯƠNG
Trong làng võ Pencak Silat Việt Nam, vận động viên Nguyễn Tấn Sang là một gương mặt tiêu biểu. Anh đã giành huy chương vàng Giải vô địch Pencak Silat châu Á tại Trung Quốc năm 2019, liên tiếp giành huy chương vàng tại SEA Games 31, SEA Games 32. Và đặc biệt, trong trận chung kết Pencak Silat ở hạng cân 75 – 80kg tại SEA Game 33 vừa được diễn ra tại Thái Lan, dù gặp chấn thương, nhưng với ý chí quyết tâm, tình yêu đất nước và tinh thần vượt khó, anh đã bảo vệ thành công huy chương vàng cho Đội tuyển Việt Nam
ẢNH: NỮ VƯƠNG
Năm 2026 đánh dấu cột mốc tròn 20 năm triển khai Cuộc vận động giới thiệu, bình chọn và phát huy Công dân trẻ tiêu biểu TP.HCM. Được tổ chức từ năm 2006, sau 20 năm và 20 lần triển khai, cuộc vận động đã trở thành điểm hẹn uy tín tôn vinh những gương mặt trẻ tiêu biểu, đồng thời lan tỏa mạnh mẽ các giá trị tích cực trong cộng đồng thanh niên TP.HCM.
Xuyên suốt hành trình ấy, đã bình chọn và vinh danh 177 Công dân trẻ tiêu biểu trên nhiều lĩnh vực quan trọng của đời sống xã hội. Mỗi Công dân trẻ tiêu biểu không chỉ là minh chứng sinh động cho tài năng, nghị lực và tinh thần dấn thân của người trẻ, mà còn là những hạt nhân lan tỏa, truyền cảm hứng về trách nhiệm công dân, lòng nhân ái và khát vọng cống hiến cho cộng đồng."
https://thanhnien.vn/dau-nam-chon-di-chuyen-bang-metro-xe-buyt-bat-ngo-voi-dieu-nay-185260101113908671.htm,"Đầu năm chọn di chuyển bằng metro, xe buýt: Bất ngờ với điều này…","Miễn vé nhân dịp Tết Dương lịch 1.1 khiến metro, xe buýt ở TP.HCM đông khách từ sớm, nhưng điều bất ngờ là…","Theo ghi nhận của người viết, ngay từ sáng sớm, nhiều nhóm bạn trẻ, gia đình có con nhỏ, hay cả những người tranh thủ “đổi gió” một vòng thành phố, đều đổ vềcác nhà ga metro.
Lý do là vì hôm nay, các phương tiện công cộng như metro, xe buýt đều miễn phí, biến thành phố thành một “điểm đến tại chỗ” đúng nghĩa vừa tiết kiệm, vừa tiện lợi.
Metro đông đúc ngày đầu năm
ẢNH: AN VY
Nguyễn Thụy Trâm Anh (29 tuổi), ngụ P.Linh Xuân, TP.HCM, cho biết bạn và bạn bè chọn metro để đi tham quan thành phố vì muốn trải nghiệm cảm giác vừa nhanh vừa mát. “Nhân viên thân thiện lắm, hỗ trợ in sẵn vé nên người dân tới là lấy vé luôn. Đi chơi tết bằng metro vừa vui, vừa mát, có thể ngắm cảnh thành phố, nhưng điều mình bất ngờ nhất là không có hiện tượng xếp hàng”, Trâm Anh nói.
Theo ghi nhận của người viết, vào sáng 1.1, tại ga metro như Bình Thái, An Phú, Văn Thánh, Thảo Điền, Bến Thành… cũng không hề có hiện tượng xếp hàng dài dằng dặc như những mùa lễ trước. Để vào metro, hành khách được nhân viên phát sẵn vé giấy có mã QR miễn phí hoặc tự lấy ở ki ốt. Khu vực nhà ga cũng tương đối thông thoáng.
Nhiều gia đình diện áo dài đi chơi trong ngày đầu năm
ẢNH: AN VY
Anh Hà Tuấn Khanh (35 tuổi), ngụ P.Bình Quới, TP.HCM, cùng người thân chọn metro là phương án đổi gió đầu năm. Anh Khanh nhận xét đi chơi tết bằng metro là một trải nghiệm thú vị, nhất là khi không phải tự lái xe. “Đi metro mình thấy thoải mái, đỡ mệt. Cả nhà có thời gian nói chuyện với nhau, không phải chăm chăm nhìn đường”, anh chia sẻ.
Ở metro, nhiều người dân cho biết họ thích thú với phương tiện công cộng do lo ngại kẹt xe, khói bụi và đặc biệt miễn phí hoàn toàn trong hôm nay.
Ga metro Bình Thái thông thoáng đầu xuân
ẢNH: AN VY
Theo đại diện Công ty TNHH MTV Đường sắt đô thị số 1 cho biết tuyến Bến Thành - Suối Tiên miễn vé toàn bộ hành khách trong ngày 1.1.2026 theo 3 cách. Hành khách có thể dùng thẻ căn cước/CCCD gắn chip quét tại cổng soát vé; hoặc dùng mã QR trên ứng dụng HCMC Metro HURC (chọn “QR Vươn mình”, tạo vé điện tử rồi quét); hoặc nhận vé giấy có mã QR tại các ki ốt tự động trong nhà ga và quét để lên tàu. Theo ghi nhận, người dân đều chọn cách số 3 vì dễ dàng hơn cả.
Cùng thời điểm này, xe buýt cũng có chính sách miễn vé. Theo thông tin từ Trung tâm Quản lý giao thông công cộng TP.HCM, toàn bộ các tuyến xe buýt có trợ giá đều được miễn vé trong ngày 1.1.2026, góp phần giảm chi phí đi lại và khuyến khích người dân sử dụng phương tiện công cộng.
Ghi nhận tại một số tuyến xe buýt, lượng khách có tăng nhưng không quá tải. Nhiều chuyến xe vẫn còn ghế trống, không gian khá thoáng.
Ở khu vực ga Bến Thành, hàng dài xe buýt nối đuôi chờ khách
ẢNH: AN VY
Người dân đợi xe buýt tại khu vực ga Bến Thành
ẢNH: AN VY
Người dân xuống metro có thể chuyển tiếp sang xe buýt để đi sâu vào các điểm vui chơi trong thành phố. Còn người đi xe buýt cũng tranh thủ ghé trung tâm, vui chơi, chụp ảnh năm mới. Vì thế, không khí du xuân cũng rộn ràng hơn nhờ việc di chuyển nhẹ nhàng bằng phương tiện công cộng."
https://thanhnien.vn/500-dai-bieu-di-chuyen-bang-metro-du-dai-hoi-doan-tphcm-185251229191608026.htm,500 đại biểu di chuyển bằng metro dự Đại hội Đoàn TP.HCM,"Điểm nhấn rất đặc sắc của Đại hội đại biểu Đoàn TNCS Hồ Chí Minh TP.HCM lần thứ I, nhiệm kỳ 2025 – 2030 là 500 đại biểu di chuyển trên metro hiện đại đến với các diễn đàn thanh niên hành động trong khuôn khổ của đại hội.","Anh Ngô Minh Hải, Bí thư Thành đoàn TP.HCM, cho biết với phương thức tổ chức đại hội mở tại không gian thanh niên của Nhà văn hóa Thanh niên; đồng thời triển khai thực hiện 5 diễn đàn thanh niên cùng hành động tại các địa điểm, công trình tiêu biểu, quan trọng của thành phố và trong quá trình di chuyển trên chuyến metro, Đoàn Chủ tịch đại hội mong muốn 500 đại biểu tham dự đại hội sẽ phát huy vai trò xung kích, trách nhiệm, nhiệt huyết của mình để cùng nhau trăn trở, thảo luận, bàn bạc về những vấn đề trọng tâm của công tác Đoàn và phong trào thanh niên trong 5 năm tới.
Các đại biểu di chuyển trên metro mang theo khát vọng và hoài bão đóng góp vào sự phát triển thành phố đến với đại hội
ẢNH: NỮ VƯƠNG
Lên chuyến tàu đến với đại hội
ẢNH: NỮ VƯƠNG
Theo đó, chiều nay, 500 đại biểu được chia thành 5 đoàn tương ứng với 5 diễn đàn của đại hội. Trước khi đến với các diễn đàn, 500 đại biểu được di chuyển trên metro, cùng ngắm nhìn và hòa mình vào những công trình hiện đại của thành phố, từ đó càng thêm thôi thúc và trăn trở hơn cho những hiến kế tiếp tục đưa thành phố vươn mình vào kỷ nguyên mới.
Ngoài ra, đại hội cũng đã gây ấn tượng với nhiều điểm nhấn hiện đại như: Ứng dụng công nghệ để điểm danh bằng AI nhận diện khuôn mặt, màn hình số hướng dẫn vị trí chỗ ngồi, thư gửi đại hội trên nền tảng số… Ngay tại khu vực cổng vào của đại hội là những mô hình robot và thiết bị ứng dụng khoa học, công nghệ của sinh viên, đoàn viên để đại biểu trải nghiệm.
Phiên trọng thể của đại hội sẽ diễn ra vào sáng mai 30.12.

ẢNH: NỮ VƯƠNG

ẢNH: NỮ VƯƠNG

ẢNH: NỮ VƯƠNG

ẢNH: NỮ VƯƠNG

ẢNH: NỮ VƯƠNG

ẢNH: NỮ VƯƠNG

ẢNH: NỮ VƯƠNG
Đoàn đại biểu trải nghiệm đi metro dự đại hội
ẢNH: NỮ VƯƠNG
"
https://thanhnien.vn/ban-tre-rang-ro-dien-ao-dai-xuong-pho-trong-ngay-dau-nam-185260101105940977.htm,Bạn trẻ rạng rỡ diện áo dài xuống phố trong ngày đầu năm,"Ngày đầu năm mới, trong thời tiết mát mẻ, nhiều bạn trẻ đã chọn khoác lên mình tà áo dài truyền thống để xuống phố dạo chơi, chụp ảnh, tận hưởng trọn vẹn không khí rộn ràng, tươi mới của năm mới.","Sáng 1.1, dạo một vòng quanh khu vực trung tâmTP.HCM, không khó để bắt gặp hình ảnh nhữngcô gái trẻrạng rỡ trong tà áo dài thướt tha. Từ các tuyến đường lớn đến những địa điểm quen thuộc như: Dinh Thống Nhất, công viên hay quán cà phê bệt, sắc áo dài đủ màu sắc góp phần khiến phố phường trở nên rực rỡ hơn trong ngày đầu năm.

ẢNH: THẢO PHƯƠNG
Bạn trẻ diện áo dài xuống phố trong ngày đầu năm
ẢNH: THẢO PHƯƠNG
Giữa dòng người tấp nập trước Dinh Thống Nhất, Nguyễn Ngọc Quỳnh Như và Nguyễn Châu Diệu Tâm (cùng 18 tuổi, ngụ tại TP.HCM) nổi bật với áo dài nền nã, trên tay là chiếc máy ảnh ghi lại những khoảnh khắc đầu năm. Quỳnh Như cho biết cả hai tranh thủ ngày nghỉ để ra ngoài dạo chơi và chụp ảnh kỷ niệm.
“Hôm nay được nghỉ có thời gian rảnh, hơn nữa tụi mình cũng muốn mặc áo dài trong ngày đầu năm để có không khí tết. Sáng ra đường thấy không khí nhộn nhịp, ai cũng vui tươi và xinh đẹp để đón chào một năm mới rực rỡ”, Quỳnh Như nói.
Quỳnh Như và Diệu Tâm duyên dáng với tà áo dài
ẢNH: THẢO PHƯƠNG
Không chỉ sinh viên, nhiều học sinh cũng chọn áo dài làm trang phục xuống phố ngày đầu năm. Ngô Nguyễn Như Ý và Nguyễn Hoàng Anh Thư, học sinh lớp 12 Trường THPT Linh Trung, cho biết sáng nay cả hai đi metro từ TP.Thủ Đức cũ lên trung tâm thành phố để dạo chơi, chụp ảnh.
Theo Như Ý, việc mặc áo dài trong ngày đầu năm khiến chuyến đi thêm ý nghĩa, mang đậm không khí tết. “Đầu năm mặc áo dài đỏ ra đường tụi em cũng hy vọng sẽ có một năm mới nhiều điều may mắn. Sắp tới thi tốt nghiệp THPT nên tụi em hy vọng sẽ có sức khỏe, học tốt để thi vào trường mình mong muốn”, Như Ý chia sẻ.
Ngày đầu năm, Như Ý và Anh Thư diện áo dài đỏ mong gặp nhiều may mắn
ẢNH: THẢO PHƯƠNG
Cùng chung cảm nhận, Trần Huỳnh Bảo Ngọc, học sinh lớp 12 Trường THPT Sương Nguyệt Anh, cho rằng hình ảnh áo dài xuất hiện rất nhiều trên phố đã tạo nên không khí rất riêng cho ngày đầu năm. “Hôm nay ra đường thấy rất nhiều người mặc áo dài khiến đường phố rộn ràng hơn mọi ngày. Là người ở thành phố, em thấy vào những ngày nghỉ Tết Dương lịch mọi người gác lại mọi việc để ra đường vui chơi, tận hưởng ngày nghỉ”, Bảo Ngọc nói.
Theo ghi nhận của chúng tôi, khu vực Dinh Thống Nhất sáng nay thu hút đông đảo bạn trẻ đến tham quan, chụp ảnh. Nhiều cô gái diện áo dài, đi guốc gỗ, tay cầm cành hoa hoặc túi cói, tạo nên khung cảnh vừa truyền thống vừa trẻ trung.
Quỳnh Anh (bìa phải) cùng bạn uống cà phê bệt trong sáng đầu năm
ẢNH: THẢO PHƯƠNG
Dù vừa đi countdown đến hơn 2 giờ sáng mới về nhà, Nguyễn Quỳnh Anh, sinh viên Trường ĐH Kinh tế – Luật, vẫn dậy sớm để ra ngoài cùng bạn bè.
Đang ngồi uống cà phê bệt cùng bạn bè tại công viên 30 tháng 4, Quỳnh Anh chia sẻ: “Quê mình ở Đà Nẵng nên ráng đến Tết Nguyên đán về nhà luôn. Ngày đầu năm ra đường mình thấy rất thoải mái, đường sá cũng không quá đông đúc, sáng sớm thời tiết cũng dễ chịu”.
Bạn trẻ rạng rỡ xuống phố trong ngày đầu năm
ẢNH: THẢO PHƯƠNG
Bạn trẻ mặc áo dài, tay cầm hoa và túi cói chụp ảnh trước Dinh Thống Nhất
ẢNH: THẢO PHƯƠNG
Bên cạnh đó, Lê Vĩ Hà My, sinh viên cùng trường, cho biết đây là lần đầu tiên cô ra đường đi chơi trong ngày đầu năm. “Tết Dương lịchnăm nào mình cũng ở lại thành phố, nhưng đây là lần đầu tiên mình ra đường đi chơi trong ngày đầu năm. Bình thường tranh thủ mấy ngày này để ở nhà nghỉ ngơi, nhưng năm nay học năm cuối rồi nên muốn làm điều gì đó ý nghĩa hơn”, Hà My nói.
Như Quỳnh (bìa phải) ấn tượng với sự nhộn nhịp của TP.HCM trong lần đầu đến đây
ẢNH: THẢO PHƯƠNG
Với những người lần đầu đến TP.HCM đúng dịp Tết Dương lịch, cảm xúc càng trở nên đặc biệt. Ngô Như Quỳnh, sinh viên Trường ĐH Kỹ thuật công nghệ Cần Thơ, không giấu được sự háo hức khi hòa mình vào không khí đầu năm tại thành phố lớn. “Ấn tượng đầu tiên của mình là sự nhộn nhịp và đông đúc, vui lắm. Thành phố có rất nhiều địa điểm chụp ảnh đẹp, mình sẽ ở lại chơi đến cuối tuần mới về. Sau chuyến đi này mình cũng mong trong năm mới sẽ phát triển và tiến bộ nhiều hơn”, Quỳnh chia sẻ."
https://thanhnien.vn/nam-2026-khi-thanh-cong-khong-con-do-bang-danh-hieu-185251231225818436.htm,Năm 2026: Khi thành công không còn đo bằng danh hiệu,"Năm 2026, gen Z đã viết lại cách hiểu về thành công. Không còn đặt nặng danh xưng hay ánh hào quang ngắn ngủi, người trẻ chọn đo thành công bằng mức độ trưởng thành, giá trị tạo ra và những đóng góp bền bỉ cho cộng đồng. Những câu chuyện của gen Z hôm nay cho thấy một thế hệ đang lớn lên cùng khát vọng sống có trách nhiệm với xã hội.","Mình không nhìnthành côngnhư một khoảnh khắc tỏa sáng, mà là một hành trình dài của sự dấn thân và bền bỉ. Thành công với mình là biết nỗ lực khi không ai nhìn thấy, biết đứng dậy bằng chính đôi chân của mình sau những kỳ vọng chưa trọn vẹn. Đó cũng là quá trình mình học cách nói lên tiếng nói cá nhân một cách chín chắn, giàu cảm xúc hơn, để sau này khi theo đuổi vai trò người dẫn chương trình, mình có thể truyền cảm hứng bằng những câu chuyện, trải nghiệm thật.
Lê Phan Ngọc Khánh
ẢNH: NVCC
Nếu danh hiệu là đích đến của một khoảnh khắc, thì trưởng thành là con đường phải đi suốt đời. Mình chọn con đường ấy, nơi thành công không gắn chặt với sự hào nhoáng tức thời, mà gắn với việc giữ được sự chân thành, niềm tin vào giá trị bản thân và khả năng chạm đến cảm xúc của người khác bằng ngôn từ.
Thành công với mình còn nằm ở cách sử dụng mạng xã hội có chọn lọc hơn. Mình muốn chia sẻ không chỉ khoảnh khắc đẹp, mà cả hành trình phía sau, những ngày nỗ lực, những lần chưa hoàn hảo. Nếu mình có thể khuyến khích ai đó đọc thêm một cuốn sách, dành thời gian tình nguyện hay tin hơn vào giá trị nội tại của chính mình, mình xem đó là thành công.
Lê Phan Ngọc Khánh (23 tuổi), Top 15 Hoa hậu Quốc gia VN 2024
Khi nhìn lại hành trình từ thời phổ thông đến lúc trở thành sinh viên Trường ĐH Ngoại thương và có cơ hội đi du học nhờ học hệ liên kết, mình cảm thấy tự hào vì đã luôn dám thử thách bản thân. Với mình, thành công trong năm mới không chỉ nằm ở thành tích đạt được, mà quan trọng hơn là quá trình dám bước ra khỏi vùng an toàn để hiểu rõ mình là ai và phù hợp với điều gì.
Là một gen Z, mình dám thử sức với những cái mới, nhưng cũng biết chọn lọc và tự phản chiếu sau mỗi trải nghiệm. Với mình, thành công không phải là ôm đồm thật nhiều việc, mà là hiểu được thế mạnh cốt lõi của bản thân và phát triển nó một cách bền vững. Từ một cô gái từng khá ""mọt sách"", khi vào đại học và cả khi đi du học, mình đã chủ động thử sức ở nhiều lĩnh vực khác nhau, từ học thuật đến các hoạt động ngoại khóa và cộng đồng.
Điện Thị Thanh Thảo
ẢNH: NVCC
Những trải nghiệm đó giúp mình trưởng thành rõ rệt về nội lực bên trong: tự tin, linh hoạt hơn và dám làm mới bản thân. Đã có những giai đoạn rất bận rộn, đôi lúc nản lòng, nhưng mình học được rằng thành công không phải là làm được nhiều hơn, mà là hiểu điều gì thực sự quan trọng để tiếp tục đi đường dài.
Bước sang năm mới, cũng là năm cuối đại học, mình đặt mục tiêu hoàn thành tốt việc học, tìm kiếm cơ hội thực tập đúng định hướng và tiếp tục trau dồi kỹ năng, đặc biệt là ngoại ngữ. Mình không đặt áp lực phải thành công thật sớm, mà chọn tiến bộ đều đặn và có ý nghĩa mỗi ngày.
Điện Thị Thanh Thảo, sinh viên Trường ĐH Ngoại thương, người đẹp ống kính FTUCharm Duyên dáng Ngoại thương 2023
Khi bắt đầu học lên tiến sĩ, mình buộc phải định nghĩa lại hai chữ ""thành công"". Trước đây, thành công với mình thường gắn với những cột mốc dễ nhìn thấy như: đỗ trường tốt, nhận học bổng, có giải thưởng hay bài báo được công bố. Nhưng trong năm mới, mình nhìn thành công như một tiến trình liên tục, nhiều khi rất chậm và âm thầm, hơn là một đích đến rõ ràng.
Ở bậc tiến sĩ, có những giai đoạn mình làm việc cả tháng trời chỉ để đổi lại vài dòng kết quả. Vì vậy, thành công với mình trước hết là những bước tiến thực chất về học thuật: hiểu vấn đề sâu hơn, đặt được câu hỏi nghiên cứu sắc hơn và làm việc có hệ thống thay vì chạy theo số lượng. Mình cũng học cách chấp nhận rằng không phải câu hỏi nào cũng có lời giải ngay và đóng góp của mình có thể chỉ là một mảnh ghép nhỏ.
Võ Hoàng Nhật Khang
ẢNH: NVCC
Trong môi trường học thuật quốc tế, áp lực cạnh tranh và kỳ vọng rất lớn. Cảm giác chênh lệch về xuất phát điểm, nhịp độ làm việc căng thẳng và ranh giới mong manh giữa nỗ lực và kiệt sức buộc mình phải nhìn lại cách mình theo đuổi thành công. Mình nhận ra, thành công không nên chỉ đo bằng tốc độ đạt thành tích, mà còn bằng khả năng hiểu rõ bản thân.
Nhìn xa hơn, mình mong thành công của bản thân không chỉ dừng lại ở các công trình nghiên cứu, mà còn góp phần tạo thêm niềm tin và lựa chọn cho những người trẻ VN muốn theo đuổi con đường học thuật. Nếu có thể giúp ai đó bớt hoang mang và chuẩn bị tốt hơn cho hành trình dài phía trước, mình tin đó là một dạng thành công rất đáng giá.
Võ Hoàng Nhật Khang (22 tuổi), nghiên cứu sinh tại ĐH Trí tuệ nhân tạo Mohamed bin Zayed (UAE)"
https://thanhnien.vn/deadline-di-sat-stress-tang-dinh-gen-z-lam-gi-de-giai-nhiet-cuoc-song-18525112515341509.htm,"Deadline dí sát, stress tăng đỉnh: Gen Z làm gì để giải nhiệt cuộc sống?","5 giờ 45 sáng, TP.HCM. Ánh nắng đầu tiên len qua kẽ lá, chiếu lên mặt Vân Giang. Cô bật laptop, mắt còn lơ mơ sau ba tiếng tranh thủ ngủ vội giữa đêm.","Không gian yên tĩnh, tiếng gõ phím đều đều, bên trong Giang là cả một guồng áp lực: ba dự án quan trọng đang chờ cô giải quyết.
https://www.youtube.com/watch?v=D8F8aEwy4p8
Nghe tiếng rao ngoài phố, Giang mới sực nhớ mình chưa ăn gì kể từ ổ bánh mì hôm qua. Tim đập không kiểm soát, đầu óc căng như dây đàn. Deadline, email, briefing… tất cả ập đến như một cơn gió lốc không điểm dừng. Giang không chỉ mệt, cô đang thực sự kiệt quệ về tinh thần.
Cô mở tủ lạnh, lấy một chaiTrà Xanh Không Độmát lạnh. Hương trà thanh khiết từ lá trà xanh thiên nhiên nguyên chất với EGCG lan tỏa, khiến cơ thể cô như được thả lỏng. Căng thẳng tan dần, tinh thần sảng khoái, đầu óc nhẹ nhõm trở lại.
Nhiều người trẻ chọn cách giảm căng thẳng mệt mỏi mỗi ngày với Trà Xanh Không Độ.

Cô khẽ thở ra, mỉm cười: ""Ổn rồi, chỉ cần thư giãn, mình vẫn làm chủ mọi việc"". Chai trà không chỉ là giải khát, mà là khoảnh khắc cô dừng lại,giải nhiệt cuộc sốnggiữa cuộc đua mang tên ""thành công"".
Khác với Millennials từng chỉ mong ""học giỏi, có việc làm ổn định"", gen Z đặt ra ""tiêu chuẩn vàng"": vừa thành công, vừa sống chất. Áp lực để ""luôn nổi bật"" không chỉ đến từ công việc, mà còn từ mạng xã hội, nơi mỗi bức ảnh, mỗi thành tích đều trở thành ""thước đo giá trị"" trong kỷ nguyên trình diễn không ngừng.
Thực tế được chứng minh qua khảo sát Vietnam gen Z Lifestyle 2025 của NielsenIQ: 78% gen Z cho rằng tài chính là tiêu chí đánh giá bản thân, và 65% cảm thấy áp lực phải luôn vượt trội hơn đồng trang lứa. Họ sống trong một guồng quay 24/7: làm việc, kết nối, sáng tạo, duy trì hình ảnh, không lúc nào được phép ""tắt chế độ online"" hay ngơi nghỉ.
Tận hưởng khoảnh khắc sảng khoái cùng Trà Xanh Không Độ, bí kíp giữ tinh thần tươi mát, giải nhiệt cuộc sống và bứt phá bền vững của gen Z

Nhưng Giang và thế hệ cô hiểu rõ: để bứt phá bền vững và không bị gục ngã, tinh thần thư giãn, sảng khoái mới là điều quan trọng nhất. Và Trà Xanh Không Độ được làm từ trà xanh thiên nhiên nguyên chất với EGCG chính là ""must-have item"" không thể thiếu đểgiải nhiệt cuộc sống, tái tạo tinh thần tích cực mỗi ngày.
Với Gen Z, giữ tinh thần tươi mát không chỉ là thư giãn, mà là bí kíp khởi đầu để chinh phục thành công dài hạn và làm chủ cuộc chơi.
Buổi chiều, Quỳnh Chi, một marketer trẻ, vừa kết thúc cuộc họp trực tuyến kéo dài ba tiếng. Cô chọn chaiTrà Xanh Không Độtừ tủ lạnh, ngụm đầu tiên mát lạnh lan tỏa đã giải nhiệt tinh thần cho cô.
""Những hôm chạy dự án gấp, đầu óc quá tải như bị khóa kín trong ""túi mù"". Nhưng chỉ cần một ngụm trà xanh thơm ngon, là mình thấy như vừa mở khóa tư duy, thư giãn ùa về, stress tan biến, đầu óc nhẹ đi, ý tưởng lại bùng nổ"", Chi bật cười.
Gen Z chọn Trà Xanh Không Độ để giải nhiệt tinh thần và cân bằng nhịp sống giữa guồng sáng tạo bận rộn

Với cô, thưởng thức hương vị thơm ngon từ chaiTrà Xanh Không Độđược làm từ lá trà xanh thiên nhiên nguyên chất không chỉ là khoảng thư giãn, mà là cú giải nhiệt cuộc sống thiết yếu giữa cuộc đua sáng tạo, nơi cô tạm dừng, hít thở, và tìm lại sự sảng khoái, nhiệt huyết để làm việc hiệu quả hơn.
Theo Deloitte Global gen Z Survey, chỉ 6% gen Z chọn mục tiêu trở thành lãnh đạo; phần lớn ưu tiên sự linh hoạt và cân bằng tinh thần. Bởi họ hiểu, hiệu suất không đến từ làm nhiều, mà đến từ làm đúng nhịp.
Gen Z đang tái định nghĩa thành công: không phải lao vào tất cả, mà là chọn nhịp sống thông minh, cân bằng và luôn giữ tinh thần tích cực.
Sáng sớm, thành phố còn lặng yên. Giang mở chai Trà xanh, ngồi cạnh cửa sổ, nhìn ánh nắng đầu ngày len qua những tán cây. Hương trà dịu nhẹ, hơi lạnh mơn man từng ngón tay. Những lo lắng, căng thẳng đêm qua tan theo từng ngụm trà, tâm trí hoàn toàn thư giãn.
Nghệ thuật dừng lại: nhấp ngụm trà, thả lỏng tâm hồn và nuôi dưỡng cảm hứng sáng tạo với tinh thần sảng khoái

Chiều muộn, Chi ngồi trong co-working space, ánh đèn vàng ấm áp hắt qua khung kính. Một ngụm trà, một hơi thở sâu stress tan dần, ý tưởng bật sáng. Khoảnh khắc thật nhẹ nhàng: ánh sáng, âm nhạc, hương trà, nụ cười bình yên. Đó là ""hạnh phúc thật"" - giây phút cô chạm đến cảm giác tự chủ tuyệt đối.
Khoảnh khắc giải nhiệt cuộc sống chính là nghệ thuật dừng lại mà Gen Z đã nắm bắt. Đây là cách họ duy trì nhịp sống, bảo vệ tinh thần sảng khoái và nuôi dưỡng cảm hứng sáng tạo liên tục.
Theo VNU Institute of Social Studies 2024, 62% gen Z Việt Nam cảm thấy stress liên tục vì công việc, 47% lo sợ bị tụt lại so với đồng trang lứa. Những con số này không chỉ là dữ liệu, mà là tiếng chuông cảnh báo về kiệt sức tinh thần hàng ngày.
Strss tan biến, cảm hứng tràn đầy - khoảnh khắc bình yên và sảng khoái với chai Trà Xanh Không Độ

Chính vì vậy, ""giải nhiệt cuộc sống"" không phải là lựa chọn, mà là cách gen Z bảo vệ, làm mới bản thân trước những áp lực từ công việc, cuộc sống.
Trên các diễn đàn gen Z, nhiều bạn chia sẻ: ""Mỗi khi căng thẳng, chỉ cần một chai Trà Xanh Không Độ để giải nhiệt cuộc sống là thấy tâm trí sáng hơn, đầu óc sảng khoái tức thì"".
Câu chuyện của Giang, Chi và hàng triệu bạn trẻ khác nhắc rằng: hạnh phúc không nằm ở đích đến, mà trong khoảnh khắc bạn dừng lại để hít thở, sống thật với mình. Một ngụm trà xanh đôi khi đủ để xua tan mệt mỏi, giảm stress, khơi nguồn sảng khoái và cảm hứng bất tận.
Trước mùa deadline cuối năm, thông điệp từ gen Z rất rõ ràng: giữ tinh thần tươi mát, tràn đầy năng lượng và tận hưởng từng khoảnh khắc. Thành công không đến bằng cách hy sinh bản thân, mà bằng cách chăm sóc tinh thần, bứt lên với lối sống tích cực và cảm hứng đột phá.
"
https://thanhnien.vn/gen-z-giai-nhiet-tinh-than-truoc-ap-luc-but-pha-ve-dich-cuoi-nam-18525120414475947.htm,"Gen Z giải nhiệt tinh thần trước áp lực, bứt phá về đích cuối năm","Sáng cuối năm ở TP.HCM, ánh nắng mỏng xuyên qua ô cửa, nhảy nhót những chiếc bàn đầy lịch họp, email chưa đọc và những con số KPI khoanh tròn trên bảng. Hoàng Trang (28 tuổi, Trưởng phòng phát triển thị trường) hít một hơi thật sâu, giữ bản thân không bị cuốn theo vòng xoáy deadline.","Cuối năm, nhiều bạn trẻGen Z đang sống trong một ""trạng thái đa nhiệm gây nghiện"", nhưmàn hình máy tính mở hàng chục tab không ngừng: công việc, học tập, thu nhập, quà tặng, sức khỏe vàcả gánh nặng 'phải thành công' từ mạng xã hội.
https://www.youtube.com/watch?v=D8F8aEwy4p8
TheoILOvàWHO, 42% người lao động Việt Nam thường xuyên chịu căng thẳng, trong đó Gen Z là nhóm dễ tổn thương nhất trước áp lực tinh thần và kỳ vọng thành công. Con số này không chỉ là thống kê, mà là trải nghiệm mà nhiều bạn trẻ như Trang và Tâm đang cảm nhận hàng ngày.
Giải nhiệt cuộc sống mỗi ngày với Trà Xanh Không Độ

Nhưng thay vì để stress chi phối, nhiều người trẻ đang học cách đóng bớt tab, ưu tiên việc quan trọng và tìm điểm dừng ""Không Độ không stress"" đểgiải nhiệt cuộc sốngtrước khi bước tiếp.
Quyết định rời khỏi bàn làm việc, Trang bước vào quán cà phê gần đó như một cách để làm mới tinh thần. Không gian yên tĩnh, ánh sáng dịu từ khung cửa sổ chiếu lên những chiếc bàn ghế mosaic, tách biệt hẳn với nhịp sống hối hả bên ngoài. Cô đặt laptop sang một bên, hít một hơi dài, cảm nhận nhịp thở chậm lại và tinh thần dịu nhẹ hơn.
Giữa deadline và cuộc sống vội vã, chỉ một khoảnh khắc dừng lại với chai Trà Xanh Không Độ mát lạnh cũng đủ giúp tinh thần nhẹ bẫng và tìm lại sự cân bằng

Trang với tay lấy chaiTrà Xanh Không Độmát lạnh. Âm thanh""tách""mở nắp vang lên như mộttiếng đóng sậpcánh cửa dẫn đến phòng họp và email. Hơi lạnhphủ lên lòng bàn tay, cảm giác dễ chịu làm dịu đi sự ngột ngạt của deadline.
Nhấp một ngụm trà, hương vị thơm ngon, thanh mát từ lá trà thiên nhiên nguyên chất với EGCG giúp tinh thần thư thái, bỗng đưa Trang về ký ức đồi trà xanh ngát ở Bảo Lộc quê nhà. Khoảnh khắc ấy không chỉ giải nhiệt cơ thể, mà còn là ""khoảng lặng Không Độ"", để cô nhìn rõ mình đang chạy vì điều gì.
Bàn bên một gia đình trẻ đang vui đùa, tiếng cười trong veo của trẻ thơ như nhắc nhở cô rằng, giữa công việc hối hả, vẫn cần dành thời gian cho bản thân và gia đình.
Mỗi ngụm trà thơm ngon là một nhịp nghỉ quý giá giúp tinh thần Hằng thư thái, mắt sáng lên, nụ cười nở trên môi. Cô biết mình đã tìm ra cách giảm căng thẳng,giải nhiệt cuộc sốngđể sẵn sàng bứt phá những thử thách phía trước.
Nhu cầu ""sạc pin tinh thần"" đã trở thành một phần của cuộc sống người trẻ.UNICEFcho biết ít nhất 3 triệu thanh thiếu niên Việt Nam đang gặp vấn đề về sức khỏe tâm lý, con số đủ để nhắc thế hệ Gen Z rằng nghỉ ngơi không phải xa xỉ, mà là nhu cầu thiết yếu.
Một chai Trà Xanh Không Độ mát lạnh, giữa nhịp sống vội vã, giúp tinh thần “refresh”, stress tan biến, chỉ còn khoảnh khắc thư giãn trọn vẹn

Giống như Trang, Thanh Tâm (27 tuổi, hướng dẫn viên du lịch) cũng từng bị cuốn theo guồng quay công việc. Sau hơn một tháng liên tục dẫn đoàn, cơ thể anh gần như chạm giới hạn. Trước giờ ra sân bay về quê, Tâm mở tủ lạnh và lấy một chaiTrà Xanh Không Độ. Thân chai truyền hơi lạnh lên tay đánh thức toàn bộ giác quan.
Anh nhấp một hơi dài. Hương vị thơm ngon từ lá trà xanh thiên nhiên nguyên chất cùng EGCG mát lạnh mang đến cảm giác sảng khoái, như tắm mình trong dòng suối mát. Mệt mỏi dần tan biến. Tâm mỉm cười, đôi mắt sáng hơn:
""Trước khi trở lại đường đua cuối năm, mình luôn cần khoảnh khắc này. Không chỉ là nghỉ ngơi, mà là reset tinh thần"".
Cuối năm luôn là thời điểm căng thẳng nhất với người trẻ. TheoVNU Institute of Social Studies 2024, 62% Gen Z Việt Nam stress liên tục, và 47% lo sợ bị tụt lại phía sau.
Giữa áp lực dồn dập, họ không chờ đến lúc burnout mới nghỉ ngơi mà chủ động ""giải nhiệt cuộc sống"": nghe playlist yêu thích, tập yoga 5 phút, đi bộ, micro-travel, hoặc đơn giản mở nắp một chaiTrà Xanh Không Độngay tại bàn làm việc.
Giữa guồng quay công việc không ngừng, khoảnh khắc giảm căng thẳng cùng chai Trà Xanh Không Độ giúp tinh thần sảng khoái, stress tan biến để bứt phá trong công việc cuối năm

ChaiTrà Xanh Không Độmát lạnh trong tay, hương vị thơm ngon, thanh mát từ lá trà thiên nhiên với EGCG lan tỏa từng chút một. Căng thẳng mệt mỏi nhạt dần, thay vào đó là sự sảng khoái, đầu óc nhẹ tênh. Một hơi thở sâu. Một khoảnh khắc tĩnh. Chỉ vậy thôi nhưng đủ để cơ thể nói: ""Tôi đã trở lại"".
Cuối năm không chỉ là cuộc đua deadline, mà là thử thách của bản lĩnh: biết đóng bớt tab, biết dừng đúng lúc, biết giải nhiệt trước khi quá tải và biết chăm sóc tâm hồn thư thái cho chính mình.
Một ngụm trà xanh. Một giây thả lỏng. Một nhịp nghỉ giữa ngày bận rộn. Đôi khi chỉ cần vậy là đủ để tinh thần trở về trạng thái ""Không Độ, không stress"", sẵn sàng tăng tốc và bứt phá.
Với Gen Z, thành công không còn là việc bạn chạy nhanh đến đâu, mà là khả năng đi xa và bền bỉ. Khả năng đó bắt nguồn từ một quyết định đơn giản: Biết dừng lại đúng lúc đểgiải nhiệt cuộc sống.
Áp lực sẽ còn đó, thử thách không biến mất. Nhưng khi bạn ""refresh"" tinh thần, nhịp sống trở nên nhẹ hơn. Đôi khi, để đi xa hơn, điều chúng ta cần không phải là thêm tốc độ, mà là thêm một khoảng thở ""Không Độ, không stress"", để tái tạo và làm chủ hành trình của chính mình."
https://thanhnien.vn/nam-moi-2026-gen-z-dinh-nghia-thanh-cong-theo-cach-rat-khac-185251231231525311.htm,Năm mới 2026: Gen Z định nghĩa thành công theo cách rất khác...,"Năm mới, gen Z kể về thành công bằng những câu chuyện rất thật: dám lựa chọn, bền bỉ theo đuổi và tạo ra giá trị tích cực cho cộng đồng. Không hào nhoáng, không phô trương, thành công của người trẻ hôm nay nằm ở sự trưởng thành trong tư duy và trách nhiệm với xã hội.","Gen ztụi mình, thành công không chỉ nằm ở ánh đèn sân khấu mà còn là cảm giác được sống trọn vẹn với từng vai diễn. Thành công của mình năm rồi là được đảm nhận một vai diễn dài hơi đầu tiên trên màn ảnh rộng, được khán giả và các anh chị trong nghề đón nhận.
Đoàn Minh Anh
ẢNH: NVCC
Mình phải đối diện với áp lực thời gian và những cảnh quay đòi hỏi cảm xúc cao độ. Có lúc mệt mỏi, có lúc tự nghi ngờ bản thân, mình chọn cách đi tiếp bằng sự kiên nhẫn. Sự động viên của đạo diễn, đồng nghiệp cùng tinh thần cầu tiến giúp mình dần học được cách bình tĩnh, vững vàng hơn trước thử thách.
Mình tiếp tục được tin tưởng giao vai nữ chính trong bộ phim điện ảnh chiếu tết Nhà ba tôi một phòng, nơi mình hóa thân thành cô con gái gen Z cá tính, giàu năng lượng của nghệ sĩ Trường Giang. Đây được xem là bước tiến quan trọng, mở ra kỳ vọng về một gương mặt nữ trẻ tiềm năng của điện ảnh Việt. Năm mới, mình mong mọi người luôn đủ dũng cảm theo đuổi ước mơ, bởi chỉ cần không bỏ cuộc, con đường phía trước rồi cũng sẽ mở ra.
Đoàn Minh Anh, diễn viên, Á khôi 1 Đại sứ Áo dài VN 2019
Với mình, sau khi đăng quang Miss Teen International 2022, tiếp tục ghi dấu ấn khi trở thành quán quân gương mặt truyền hình - The TVFACE 2025 là hành trình vừa rực rỡ vừa nhiều thử thách. Theo thành công không chỉ dừng lại ở danh hiệu mà còn là quá trình hiểu rõ bản thân muốn gì và cần làm gì để đi đường dài với nghề nói.
Ngô Ngọc Gia Hân
ẢNH: NVCC
Mình yêu thích dẫn chương trình. Chiến thắng tại cuộc thi gương mặt truyền hình mở ra cho mình nhiều cơ hội lớn như: dẫn dắt thảm đỏ cuộc thi sắc đẹp cấp quốc gia Miss World Vietnam, dẫn dắt sự kiện kinh tế của Sở Công thương TP.HCM, và đặc biệt là sự kiện quảng bá văn hóa, du lịch của Cục Du lịch quốc gia tại Ấn Độ.
Tuy nhiên, phía sau những sân khấu lung linh là quá trình khổ luyện nghiêm túc, từ giọng nói, phát âm đến khả năng kiểm soát cảm xúc. Có những giai đoạn mình chông chênh, tự hỏi liệu mình có đang đi đúng hướng. Áp lực sau đăng quang đôi khi khiến mình cảm giác như đang bước đi trên một sợi dây mỏng, phải cân bằng giữa kỳ vọng, trách nhiệm và khát vọng cá nhân.
Mình chọn cách đối diện, kiên nhẫn hoàn thiện bản thân từng ngày. Mình cho rằng mỗi lời góp ý, mỗi lần vấp ngã đều là một viên gạch xây nên sự trưởng thành.
Ngô Ngọc Gia Hân, ngụ TP.HCM, Quán quân Gương mặt truyền hình 2025
Mình cho rằng thành công không còn nằm ở sự giàu có hay danh tiếng, mà ở khả năng làm chủ bản thân và học cách sống cân bằng.
Lê Kim Hưng
ẢNH: NVCC
Năm đầu tiếp nhận chưởng môn môn phái Thanh Long Võ Đạo và huấn luyện viên võ cổ truyền là quãng thời gian đầy bỡ ngỡ của mình. Mình thấy được rằng những gì trước đây mà cha của mình - đại võ sư Lê Kim Hòa - đưa môn phái phát triển như bây giờ là quá vĩ đại. Bản thân mình nhìn nhận còn nhiều thiếu sót như kỹ năng lãnh đạo, giao tiếp, quản lý… Nhưng chính sự đồng hành, động viên của anh em trong môn phái đã giúp mình từng bước vượt qua sự nhút nhát, thiếu tự tin để trưởng thành hơn trong vai trò mới.
Mình chủ động thích nghi với thời đại mới, sẵn sàng học hỏi những điều chưa từng quen thuộc, kể cả trong bối cảnh công nghệ và AI phát triển mạnh mẽ. Bên cạnh niềm đam mê võ thuật, mình còn tự mở thêm một studio chụp ảnh, hướng đến sự độc lập để chăm lo cho gia đình. Với mình giữ được sức khỏe thể chất, tinh thần và những mối quan hệ chân thành mới là nền tảng bền vững nhất cho sự thành công.
Lê Kim Hưng,Ủy viên Ban Chấp hành Liên đoàn Võ cổ truyền TP.HCM, Chưởng môn Môn phái Thanh Long Võ Đạo, huấn luyện viên võ cổ truyền"
https://thanhnien.vn/nam-moi-2026-nghe-gen-z-ke-chuyen-thanh-cong-185251231195545277.htm,Năm mới 2026: Nghe gen Z kể chuyện thành công,"Năm mới, gen Z kể về thành công bằng những câu chuyện rất thật: dám lựa chọn, bền bỉ theo đuổi và tạo ra giá trị tích cực cho cộng đồng. Không hào nhoáng, không phô trương, thành công của người trẻ hôm nay nằm ở sự trưởng thành trong tư duy và trách nhiệm với xã hội.","Nếu được dùng một từ để miêu tả năm 2025 của tôi, đó sẽ là ""thành công"". Nhưng không phải thành công được đo bằng danh xưng hay những tràng pháo tay ngắn ngủi, mà là thành công của việc tìm thấy tiếng nói của bản thân và dùng tiếng nói ấy để tạo ra giá trị cho cộng đồng. Gen z tụi mình xem đó là hành trình của những dấu mốc đáng nhớ, giúp tôi hiểu rõ hơn thế nào là thành công. Thành công không chỉ được công nhận, mà còn được trao cơ hội để lan tỏa điều tích cực.
Cột mốc đầu tiên là danh hiệu Á khôi 2 Hoa khôi Sinh viên VN vào tháng 7.2025. Với tôi, điều ý nghĩa nhất không nằm ở danh hiệu, mà ở khoảnh khắc được đứng trên sân khấu chung kết, chia sẻ về trách nhiệm học tập suốt đời của trí thức trẻ và đưa ngành marketing đến gần hơn với cộng đồng. Chính lúc ấy, tôi nhận ra rằng tiếng nói của người trẻ, nếu được đặt đúng chỗ và xuất phát từ tri thức, có thể tạo ra sức vang rất lớn.
Nguyễn Viết Hoài Nam
ẢNH: NVCC
Tôi cũng vinh dự được tham gia ""Hành trình đỏ - Nghiên cứu, học tập của thanh niên VN tại Trung Quốc 2025"", giúp tôi mở rộng góc nhìn quốc tế...
Với tôi, thành công không chỉ nằm ở những gì ta đạt được cho riêng mình, mà ở việc ta đã đóng góp được gì cho xã hội. Bước sang năm mới, tôi mong mình sẽ tiếp tục học tập không ngừng, lan tỏa nhiều hơn và cống hiến nhiều hơn, bởi thành công lớn nhất của người trẻ là được trưởng thành cùng đất nước.
Nguyễn Viết Hoài Nam, Á khôi 2 Hoa khôi Sinh viên VN 2024
Với mình, thành công không chỉ được đo bằng danh hiệu hay kết quả hữu hình, mà còn bằng việc người trẻ có dám lựa chọn con đường riêng, có đủ can đảm để theo đuổi đến cùng và có giữ được sự tử tế trong hành trình đó hay không. Khi người trẻ biết mình muốn gì sẽ sống có trách nhiệm với lựa chọn của mình và tạo ra giá trị tích cực cho cộng đồng.
Năm qua, mình may mắn đạt được một số thành công trong học tập và nghiên cứu khoa học, từ việc hoàn thành các đề tài nghiên cứu, công bố các công trình khoa học, đến việc nhận được những danh hiệu, giải thưởng mà trước đây từng coi là mục tiêu rất xa như Công dân trẻ tiêu biểu TP.HCM...
Nguyễn Quốc Trung
ẢNH: NVCC
Bước sang năm mới, mình vẫn sẽ tiếp tục chương trình học Erasmus Mundus SERP+ về vật liệu nano. Trong môi trường đa dạng văn hóa của châu Âu, mình mong muốn bản thân sẽ kỷ luật hơn, bền bỉ hơn và sâu sắc hơn. Hơn hết, mình sẽ tiếp tục theo đuổi nghiên cứu vật liệu nano y sinh gắn với các nguồn dược liệu bản địa của VN.
Nguyễn Quốc Trung,du học sinh bậc thạc sĩ chương trình Erasmus Mundus tại ĐH Paris-Saclay (Pháp)
Mình thầm cảm ơn bản thân vì một hành trình rực rỡ và đầy ắp trải nghiệm. Dấu ấn lớn nhất của mình là danh hiệu thủ khoa đầu ra ngành công nghệ thông tin tại Trường ĐH Công nghiệp TP.HCM, trái ngọt cho sự nỗ lực không ngừng nghỉ.
Năm qua cũng mở ra cho mình cơ hội vươn ra biển lớn, từ việc sang Hàn Quốc để tham gia Hackathon DIVE tại Busan, cho đến niềm hạnh phúc khi 3 bài báo khoa học được công bố quốc tế. Đặc biệt, mình cũng được thử sức và cống hiến tại MISA, một trong những công ty công nghệ hàng đầu VN, mở ra cho mình nhiều cơ hội để tiếp cận với các vấn đề thực tiễn. Tất cả là những mảnh ghép hoàn hảo giúp mình hiện thực hóa những kiến thức hàn lâm vào các bài toán dữ liệu thực tế, phục vụ cộng đồng.

ẢNH: NVCC
Mình tiếp tục nuôi dưỡng giấc mơ trở thành một chuyên gia trong lĩnh vực AI. Mình dự định sẽ theo đuổi bậc học cao hơn, tham gia sâu vào các phòng lab quốc tế để tìm kiếm những giải pháp công nghệ mới. Mình muốn chứng minh rằng người trẻ VN hoàn toàn đủ bản lĩnh để ghi tên mình trên bản đồ công nghệ thế giới.
Với mình, thành công không chỉ đo đếm bằng những tấm bằng khen hay chức danh. Thành công là sự trưởng thành trong tư duy, là khả năng biến tri thức thành giá trị thực tế giúp ích cho xã hội, và quan trọng nhất là giữ được sự cân bằng để luôn cảm thấy hạnh phúc trên hành trình mình đi. Mình chọn thành công mang tên ""giá trị"" và ""cống hiến"".
Cao Phan Khánh Duy, thủ khoa đầu ra ngành công nghệ thông tin, Trường ĐH Công nghiệp TP.HCM
Là một nữ sinh lựa chọn theo đuổi khoa học công nghệ, mình không chỉ đối diện với áp lực học thuật, khối lượng kiến thức lớn và tốc độ phát triển nhanh của ngành, mà còn phải vượt qua những định kiến vô hình vẫn tồn tại với nữ giới trong lĩnh vực này.
Bên cạnh ""đam mê"" và ""ý nghĩa"", có 2 động lực rất cụ thể khiến mình lựa chọn và bền bỉ với con đường này. Thứ nhất, khát khao khẳng định năng lực và vượt qua những định kiến vô hình dành cho nữ giới trong khoa học công nghệ. Thứ hai, niềm tin rằng khoa học dữ liệu tạo ra một ""sân chơi công bằng"", nơi kết quả được đánh giá bằng năng lực và giá trị tạo ra, chứ không phải bởi xuất phát điểm. Chính cảm giác ""mình làm được, mình tạo ra được giá trị thật"" đã giúp mình kiên trì theo đuổi đến cùng.

ẢNH: NVCC
Mình may mắn đạt được một số dấu mốc đáng trân trọng như danh hiệu Nữ sinh Khoa học công nghệ VN 2025, Công dân trẻ tiêu biểu TP.HCM 2025 và cơ hội tham gia các dự án nghiên cứu, ứng dụngtrí tuệ nhân tạo(AI) gắn với thực tiễn.
Với mình, thành công không chỉ được đo bằng thành tựu hữu hình mà còn bằng giá trị bền vững mình tạo ra cho cộng đồng và sự kiên định với lựa chọn có ý nghĩa của bản thân.
Võ Ngọc Minh Anh, Công dân trẻ tiêu biểu TP.HCM năm 2025, sinh viên Trường ĐH Khoa học tự nhiên, ĐH Quốc gia TP.HCM"
https://thanhnien.vn/mot-truong-dai-hoc-to-chuc-tang-ve-xe-cho-sinh-vien-kho-khan-ve-que-don-tet-185251231151827938.htm,Một trường đại học tổ chức tặng vé xe cho sinh viên khó khăn về quê đón tết,"Với những suất vé xe miễn phí trong chương trình ""Chuyến xe mùa xuân - Hành trình đoàn viên"", sinh viên sẽ bớt nỗi lo và an tâm về quê đón tết cùng gia đình.","Thấu hiểu những nỗi lo củasinh viên mỗi dịp tết về, nhằm chia sẻ và hỗ trợ đoàn viên, sinh viên có hoàn cảnh khó khăn được về quê đón tết cùng gia đình, Đoàn Thanh niên, Hội Sinh viên Trường ĐH Công nghiệp TP.HCM đã phối hợp với các đơn vị tổ chức chương trình ""Chuyến xe mùa xuân - Hành trình đoàn viên"" dành cho sinh viên của trường.
Sinh viên khó khăn sẽ được nhận vé xe miễn phí về quê đón tết
ẢNH: NHẬT THỊNH
Những cán bộ Đoàn - Hội và sinh viên khó khăn thuộc Trường ĐH Công nghiệp TP.HCM có nhu cầu về quê và hộ khẩu thuộc các tỉnh (trước hợp nhất): Ninh Thuận, Khánh Hòa, Phú Yên, Bình Định, Quảng Ngãi, Quảng Nam, Đà Nẵng, Huế, Quảng Trị, Quảng Bình, Hà Tĩnh, Nghệ An, Thanh Hóa; ưu tiên sinh viên nhiều năm chưa về quê đón tết; có hộ khẩu thuộc vùng biên giới, vùng khó khăn; dân tộc thiểu số; có gia đình bị ảnh hưởng bởi thiên tai, bão lũ… hãy đăng ký để được lên ""chuyến xe mùa xuân"" miễn phí về đoàn viên cùng gia đình trong dịp tết sắp đến.
Thời gian đăng ký: từ ngày 29.12.2025 đến ngày 4.1.2026. Đăng ký trực tuyến theo mẫu tại địa chỉ:https://iuh.link/chuyenxemuaxuaniuh2026/
Sau khi có kết quả danh sách tham gia chuyến xe (dự kiến ngày 12.1.2026 sẽ công bố kết quả) sinh viên nhận vé trực tiếp từ ngày 28.1.2026 đến ngày 30.1.2026 tại Văn phòng Đoàn Thanh niên của trường.
Sinh viên trực tiếp mang theo các giấy tờ sau đến nhận vé: CCCD bản chính và bản photocopy để đối chiếu; thẻ sinh viên bản photocopy. Không giải quyết trường hợp đi nhận thay. Sau thời hạn nhận vé, các trường hợp không liên hệ nộp đầy đủ hồ sơ theo yêu cầu xem như đã từ chối nhận vé tham gia chương trình và ban tổ chức sẽ chuyển vé cho các trường hợp khác có nhu cầu.
Thời gian tập trung di chuyển lên xe về quê: 5 giờ 30 ngày 3.2.2026 (nhằm ngày 16 tháng Chạp, âm lịch) tại Trường ĐH Công nghiệp TP.HCM."
https://thanhnien.vn/hang-ngan-ve-xe-mien-phi-ve-que-don-tet-hay-nhanh-tay-dang-ky-18525123015524547.htm,"Hàng ngàn vé xe miễn phí về quê đón tết, hãy nhanh tay đăng ký","Sinh viên, công nhân, người lao động khó khăn đang lo lắng về vé xe về quê đón tết hãy đăng ký để được những nhận chiếc vé miễn phí từ chương trình ""Mang Tết về nhà"".","Chương trình ""Mang Tết về nhà"" do T.Ư Đoàn phối hợp cùng Công ty TNHH Nước Giải khát Suntory PepsiCo Việt Nam và nhãn hàng Pepsi tổ chức nhằm triển khai các hoạt động chăm lo, đồng hành và hỗ trợ các đối tượng sinh viên, thanh niên công nhân, người lao động có hoàn cảnh khó khănvề quê đón Tết Nguyên đán.
Chương trình năm nay dành tặng 4.230 vé xe ô tô cùng các phần quà ý nghĩa cho sinh viên, thanh niên công nhân và người lao động có hoàn cảnh khó khăn về quê đón Tết Nguyên đán Bính Ngọ.
Chương trình năm nay dành tặng 4.230 vé xe miễn phí cho sinh viên, người lao động khó khăn về quê đón tết
Đối tượng tham gia chương trình là sinh viên, thanh niên công nhân và người lao động có hoàn cảnh khó khăn đang học tập và làm việc tại TP.HCM, tỉnh Đồng Nai có quê tại các tỉnh miền Trung và miền Bắc.
Đối tượng ưu tiên trong trường hợp xét chọn:
+ Có giấy xác nhận gia đình thuộc hộ nghèo, cận nghèo do cơ quan chính quyền địa phương cấp (bản photo, bản chụp).
+ Có giấy xác nhận hơn 3 năm chưa về quê đón tết do lãnh đạo cơ quan, đơn vị, lãnh đạo công đoàn của đơn vị hoặc chính quyền địa phương xác nhận.
+ Một số hoàn cảnh đặc biệt khó khăn (có phương án xét duyệt riêng). + Gia đình bị ảnh hưởng nghiêm trọng do thiên tai, bão lũ.
Thời gian khởi hành: từ ngày 5.2 đến ngày 11.2.2026 (nhằm ngày 18.12 âm lịch đến ngày 24.12 âm lịch).
Các chuyến xe sẽ xuất phát từ TP.HCM và Đồng Nai đến các tỉnh, thành: Đắk Lắk, Gia Lai, Quảng Ngãi, Đà Nẵng, Huế, Quảng Trị, Hà Tĩnh, Nghệ An.
Phương thức đăng ký: Đăng ký trực tuyến qua website: mangtetvenha.doanthanhnien.vn hoặc tại các địa điểm trực tiếp sau:
+ Địa điểm 1: Trung tâm Hỗ trợ thanh niên công nhân TP.HCM (Văn phòng Tân Thới Hiệp, số 51, đường HT25, phường Tân Thới Hiệp, TP.HCM
+ Địa điểm 2: Trung tâm Hỗ trợ thanh niên công nhân TP.HCM (Văn phòng Tân Thuận, lô X01-6, Khu lưu trú Sadeco, Bùi Văn Ba, P.Tân Thuận, TP.HCM
+ Địa điểm 3: Nhà văn hóa Thanh niên Bà Rịa – Vũng Tàu (Số 160, đường Hạ Long, phường Vũng Tàu, TP.HCM)
+ Địa điểm 4: Trung tâm Hoạt động thanh niên Bình Dương (Số 168, đường Phú Lợi, phường Phú Lợi, TP.HCM )
+ Địa điểm 5: Tỉnh đoàn Đồng Nai (Số 31, đường Võ Thị Sáu, phường Trấn Biên, tỉnh Đồng Nai)
Sinh viên, thanh niên công nhân và người lao động có thể liên hệ Đoàn thanh niên các xã, phường tại TP.HCM và Đồng Nai để được hướng dẫn và tiếp nhận thông tin đăng ký. Thời gian tiếp nhận hồ sơ (dự kiến): 2.1.2026 – 12.1.2026.
Trong 5 năm triển khai thực hiện, chương trình ""Mang Tết về nhà"" đã trao tặng tổng cộng 20.356 vé về quê đón Tết, trong đó có 3.288 vé máy bay khứ hồi, 16.743 vé ô tô khứ hồi và 325 vé tàu khứ hồi đồng hành cùng các đối tượng có hoàn cảnh khó khăn đón một năm mới đoàn viên bên gia đình sau một thời gian dài vất vả mưu sinh, học tập và làm việc xa nhà."
https://thanhnien.vn/ngoi-xi-phan-doc-pho-di-bo-tu-dem-hom-truoc-de-cho-xem-countdown-2026-185251231145002122.htm,Ngồi xí phần dọc phố đi bộ từ đêm hôm trước để chờ xem countdown 2026,"Dù chương trình nghệ thuật và bắn pháo hoa đếm ngược (countdown) chào năm mới 2026 phải đến tối nay mới bắt đầu, song chỉ mới đầu giờ chiều, hàng trăm bạn trẻ đã đổ về phố đi bộ Nguyễn Huệ (TP.HCM) để tìm kiếm vị trí đắc địa.","Trưa 31.12, trong không khí hối hả của những ngày cuối năm, dòng người đã bắt đầu đổ về khu vực trung tâm TP.HCM. Mục tiêu của họ không khác gì ngoài việc chọn cho mình một chỗ ngồi lý tưởng để xem countdown, theo dõipháo hoavà đếm ngược năm mới.
Dù chỉ mới 13 giờ chiều, nhưng đông đảo bạn trẻ đã tập trung xung quanh khu vực sân khấu để chờ xem countdown
ẢNH: MINH HIẾU
Theo ghi nhận, vào khoảng 13 giờ chiều, nhiều nhóm bạn trẻ đã ổn định chỗ ngồi xung quanh khu vực sân khấu chính. Đa số các bạn tập trung dọc hai bên đường Nguyễn Huệ. Nguyễn Chí Luận, sinh viên Trường ĐH Bách Khoa TP.HCM, cho biết đã đến từ sớm để chuẩn bị xem chương trình nghệ thuật. “Mình đã chuẩn bị các vật dụng như ô dù, quạt điện cầm tay và mang thêm các món đồ ăn vặt để giữ chỗ đẹp xem pháo hoa”.
Luận cho biết lý do có mặt từ sớm là để tránh cảnh chen lấn nghẹt thở vào chiều tối, đồng thời đảm bảo có tầm nhìn tốt về phía khu vực sân khấu. Trong suốt nhiều giờ đồng hồ, Luận cùng nhóm bạn của mình phải thay phiên nhau đi vệ sinh ở các trung tâm thương mại gần đó và dùng ô che nắng để giữ chỗ.
“Tụi mình dự kiến phải chờ tầm 8 tiếng đồng hồ đến khi chương trình bắt đầu và sẽ ở lại đến khi kết thúc màn pháo hoa sau đó mới ra về”, Luận nói thêm.
Khách Tây ra đường sớm chờ đón năm mới 2026 ở TP.HCM: 'Ở đây thật dễ thương'
Nhiều bạn trẻ đã chuẩn bị ô dù, chuẩn bị chiếm ""chỗ đẹp"" tại khu vực sân khấu từ tối ngày hôm trước
ẢNH: THÁI PHÚC
Lâm Thể Điệp, sinh viên Trường ĐH Đồng Tháp, cho biết bạn đã có mặt tại phố đi bộ Nguyễn Huệ từ khoảng 20 giờ tối hôm trước để “cắm chỗ” sớm. “Mình muốn được xem idol ở khoảng cách gần nhất nên tụi mình chấp nhận đến sớm và chờ qua đêm”, Điệp nói.
Để chuẩn bị cho thời gian dài chờ đợi, cả nhóm mang theo đồ ăn, quạt cầm tay, sạc dự phòng và đồ trang điểm, thậm chí trải tạm một góc vỉa hè để nghỉ ngơi trong lúc chờ chương trình bắt đầu. “Tụi mình dự kiến phải chờ tầm 8 tiếng đồng hồ đến khi chương trình bắt đầu và sẽ ở lại đến khi kết thúc màn pháo hoa sau đó mới ra về”, Điệp nói thêm.
Thậm chí có nhiều bạn trẻ đã đến khu vực diễn ra cowntdown từ 8 giờ đêm ngày hôm trước
ẢNH: THÁI PHÚC
Tương tự, Nguyễn Tân, sinh viên Trường ĐH Công nghiệp TP.HCM cho biết đã di chuyển đến khu vực trung tâm từ tối hôm trước để giữ vị trí xem chương trình. Với đầy đủ thức ăn và nước uống được chuẩn bị từ nhà, Tân tự tin có thể bám trụ xuyên suốt cả ngày. Nam sinh bộc bạch rằng, dù không khí quanh phố đi bộ Nguyễn Huệ khá ngột ngạt do lượng xe cộ đông, dòng người đổ về ngày một nhiều, nhưng đổi lại, nhóm bạn của Tân vẫn chọn ở lại qua đêm để có được vị trí đẹp, thuận lợi quan sát sân khấu. ""Mình là fan cứng của Quang Hùng MasterD. Để được gặp thần tượng ở khoảng cách gần nhất nên việc đến sớm với mình là hoàn toàn xứng đáng"", Tân hào hứng.
Nguyễn Tân (bên phải) cùng nhóm bạn hào hứng chờ đợi đến lúc chương trình diễn ra để gặp thần tượng
ẢNH: THÁI PHÚC
Tranh thủ ăn trưa trong lúc chờ đến khi diễn ra chương trình
ẢNH: THÁI PHÚC
Nguyễn Hoàng Phúc, sinh viên Trường ĐH Mở TP.HCM, đi cùng bạn gái. Khác với các bạn đi theo nhóm, Phúc chọn cách chuẩn bị những tấm bạt nhỏ để ngồi. “Đây là năm đầu tiên tụi mình đón giao thừa cùng nhau nên muốn có một kỷ niệm thật đặc biệt. Tụi mình đã đặt sẵn đồ ăn trưa qua app, shipper giao đến ngay cổng phố đi bộ nên cũng tiện”, Phúc cho hay.
Trong lúc chờ đợi, bạn trẻ tranh thủ ""dặm"" lại lớp trang điểm
ẢNH: MINH HIẾU
Đến khoảng 14 giờ, các bãi gửi xe xung quanh khu vực phố đi bộ Nguyễn Huệ gần như chật kín
ẢNH: MINH HIẾU
Theo Thanh Niên, đêm nay TP.HCM sẽ tổ chức 6 điểm bắn pháo hoa cụ thể, pháo hoa tầm cao được bắn tại ba điểm gồm: Đầu đường hầm sông Sài Gòn (P.An Khánh), Khu trung tâm Thành phố mới (P.Bình Dương) và Quảng trường Trung tâm Bãi sau, (P.Vũng Tàu). Ba điểm bắn pháo hoa nổ tầm thấp gồm Công viên văn hóa Đầm Sen (P.Bình Thới), tòa tháp Saigon Marina IFC (P.Sài Gòn) và khu biệt thự Kim Long, cầu Rạch Đỉa (xã Nhà Bè). Các màn pháo hoa kéo dài 15 phút, thời gian bắt đầu lúc 0h ngày 1.1. 2026."
https://thanhnien.vn/di-countdown-don-nam-moi-can-luu-y-nhung-dieu-nay-185251230130943005.htm,Đi countdown đón năm mới cần lưu ý những điều này…,"Với nhiều người trẻ, countdown đón năm mới là khoảnh khắc được mong chờ. Tuy nhiên, không ít người từng rơi vào cảnh mệt mỏi, lạc bạn, thậm chí mất an toàn khi hòa vào biển người đêm 31.12.","Từng trải nghiệm đicountdown đón năm mớimột lần vào năm 2023 và đến nay vẫn chưa dám thử lại, Nguyễn Văn Tuấn, sinh viên ngụ tại KTX khu B, ĐHQG TP.HCM, vẫn nhớ rõ cảm giác mệt mỏi khi hòa vào dòng người đông nghịt.
Countdown đón năm mới là khoảnh khắc được nhiều người mong chờ
ẢNH: THẢO PHƯƠNG
“Năm đó mình đi countdown ở phố đi bộ Nguyễn Huệ. Mình có mặt từ khoảng 19 giờ, dù đã tranh thủ đi sớm nhưng đường vẫn rất đông. Xe phải gửi cách phố đi bộ khá xa rồi đi bộ vào. Mình đứng ở đó suốt hơn 5 tiếng đồng hồ, hai chân mỏi nhừ”, Tuấn kể.
Theo Tuấn, việc đứng lâu trong không gian đông đúc khiến cơ thể nhanh chóng xuống sức. Chưa kể, nhiều người đến sau liên tục chen lên phía trước, khiến anh bị ép sát vào đám đông. “Ban đầu còn vui, còn hào hứng hát theo ca sĩ. Nhưng sau khoảng 2 tiếng là bắt đầu đuối. Bạn mình đứng không nổi nữa, phải xin đường ra ngoài để tìm chỗ ngồi nghỉ”, Tuấn nói.
Đáng nhớ nhất, Tuấn cho biết hôm đó anh chứng kiến khá nhiều người bị ngất xỉu. “Lúc đó mình thật sự sợ vì đang đứng giữa một biển người, không có chỗ nhích, vừa nóng vừa ngộp. Sau trải nghiệm đó, suốt 2 năm nay mình không dám đi countdown thêm lần nào nữa”, Tuấn chia sẻ.
Những sự kiện countdown luôn thu hút rất đông người
ẢNH: THẢO PHƯƠNG
Còn với Phan Trần Nhất Huy, sinh viên Trường ĐH Công thương TP.HCM, khó khăn lớn nhất lại đến sau khoảnh khắc đếm ngược. “Kẹt xe từ trong bãi giữ xe ra đến ngoài đường, nhiều tuyến đường bị hạn chế lưu thông khiến hành trình về nhà mệt mỏi hơn cả lúc đi. Mình đi từ 18 giờ, xem pháo hoa xong mà đến gần 4 giờ sáng mới về tới nhà, người rã rời”, Huy kể.
Từ những lần trải nghiệm thực tế, nhiều bạn trẻ cho rằng, đi countdown không chỉ cần tinh thần mà còn cần kinh nghiệm. Vậy cần chuẩn bị ra sao để vừa vui, vừa đảm bảo an toàn? Trang phục, giày dép nên chọn thế nào để có thể tận hưởng trọn vẹn không khí countdown giữa chốn đông người?
Cảnh kẹt xe sau màn đếm ngược đón năm mới khiến nhiều người ám ảnh
ẢNH: THẢO PHƯƠNG
Trần Ngọc Ánh Trúc (24 tuổi), ngụ tại đường Trần Thị Điệu, P.Phước Long, TP.HCM (trước đây là P.Phước Long B, TP.Thủ Đức), người từng nhiều năm tham gia countdown và các sự kiện âm nhạc lớn, cho biết: “Đến nơi đông người, điều quan trọng nhất là đừng cố chen vào khu vực trung tâm. Đứng xa một chút nhưng thoáng sẽ dễ thở và an toàn hơn”.
Theo Trúc, kinh nghiệm đầu tiên là chọn trang phục đơn giản, thoải mái. Các bạn nữ nên ưu tiên giày thể thao thay vì giày cao gót để việc đứng lâu và di chuyển dễ dàng hơn. “Mặc quần áo gọn nhẹ, trang điểm nhẹ nhàng, có thể mang theo quạt cầm tay vì rất nóng. Không nên mang trang sức có giá trị, điện thoại thì cầm chắc trong tay. Trước khi đi nên đi vệ sinh và hạn chế uống nước, vì mỗi lần đi vệ sinh phải chen qua rất đông người, sau đó còn phải xếp hàng dài chờ đợi”, Trúc chia sẻ.
Bên cạnh đó, Trúc cho rằng việc đi theo nhóm từ 2 người trở lên cũng rất quan trọng. “Có người trò chuyện trong nhiều tiếng đồng hồ sẽ đỡ mệt và vui hơn. Nếu xảy ra vấn đề gì cũng dễ dàng hỗ trợ nhau”, Trúc nói.
Nhiều bạn trẻ cho biết, đi countdown đến 2-3 giờ sáng mới về được đến nhà
ẢNH: THẢO PHƯƠNG
Có 3 năm sinh sống và làm việc tại TP.HCM, năm nào cũng đi countdown đón năm mới, Đào Hoàng Long (22 tuổi), làm việc tại đường Lê Anh Xuân, P.Bến Thành, TP.HCM (trước đây là Q.1), cho biết do nơi làm việc gần các địa điểm tổ chức countdown nên Long thường tham gia cùng đồng nghiệp.
“Mình thấy khi đi countdown mọi người hay chọnphố đi bộ Nguyễn Huệhoặc Bến Bạch Đằng. Hai khu vực này lúc nào cũng rất đông, nên nếu muốn có vị trí tốt thì phải đi sớm trước 4 - 5 tiếng đồng hồ để giữ chỗ”, Long chia sẻ.
Long cho biết mỗi lần đi countdown thường mang theo bạt để ngồi, nước uống, đồ ăn nhẹ; trang phục thoải mái và giày thể thao để đỡ đau chân. “Nếu đi với bạn bè, mình luôn hẹn trước một điểm tập trung để tránh lạc nhau. Sau nhiều năm trải nghiệm, mình thích chọn những chỗ thoáng, ít chen chúc hơn như khu vực Cầu Sài Gòn hoặc các tòa nhà phía Thủ Thiêm nhìn sang trung tâm”, Long nói.
Đặc biệt, Long cho biết anh thường không vội về ngay sau khi xem pháo hoa. “Lúc đó đường kẹt cứng. Mình sẽ ngồi lại trò chuyện, gửi lời chúc năm mới đến bạn bè khoảng 40 - 50 phút rồi mới ra về. Như vậy đỡ kẹt xe và cũng đỡ mệt hơn”, Long chia sẻ.
Dù mệt mỏi, nhưng với nhiều người trẻ, countdown đón năm mới vẫn là một trải nghiệm đáng nhớ. “Mặc dù rất đông đúc, chen lấn, kẹt xe mệt mỏi, nhưng mình vẫn muốn đi countdown để cảm nhận và hòa mình vào không khí náo nhiệt”, Huy bày tỏ."
https://thanhnien.vn/cuoi-nam-gia-thit-heo-o-cho-tang-nguoi-tre-can-nhac-tung-bua-com-185251231112555793.htm,"Cuối năm, giá thịt heo ở chợ tăng, người trẻ cân nhắc từng bữa cơm","Những ngày này, giá thịt heo ở chợ khiến không ít người trẻ giật mình vì tăng cả chục ngàn đồng mỗi kg. Từ ba rọi cho đến sườn non, nạc vai… đều tăng khiến người mua phải cân nhắc lại từng bữa cơm.","Ghi nhận tạichợDĩ An (P.Dĩ An, TP.HCM; trước là P.An Bình, TP.Dĩ An, tỉnh Bình Dương) sáng 31.12, giá thịt heo đã tăng từ 15.000 – 25.000 đồng/kg so với tháng trước.
Bà Huỳnh Thị Thơm, chủ sạp thịt heo ở chợ Dĩ An, cho biết cả tuần qua, liên tục tăng giá các loại thịt heo. Trong đó,  thịt vai heo, thịt nách heo có giá dao động từ 125.000 đồng - 132.000 đồng/kg. Sườn non có giá 220.000 đồng/kg. Còn bắp giò heo hay xương đuôi heo… cũng trên dưới 100.000 đồng/kg. ""Mức giá này cao hơn thời gian trước"", bà Thơm nói.
Giá thịt heo tăng khiến người trẻ phải cân đo đong đếm mỗi khi đi chợ
ẢNH: THANH NAM
Tương tự, tại chợ Linh Trung (P.Linh Xuân, TP.HCM; trước là P.Linh Trung, TP.Thủ Đức, TP.HCM),giá thịt heocũng nhích dần theo từng ngày.
Nguyễn Thị Kim Hạnh, sinh viên Trường ĐH Công nghệ kỹ thuật TP.HCM, kể: ""Mới tuần trước thịt heo xay còn ở mức 100.000 đồng mà nay đã tăng thêm 15.000 đồng. Thịt heo ba rọi cũng tăng hơn 10.000 đồng/kg. Đem theo 150.000 đồng để đi chợ mà thấy giá thịt heo đắt quá, em không dám mua"".
Anh Đào Vinh (38 tuổi, ngụ ở chung cư Phúc Lộc Thọ, P.Linh Xuân, TP.HCM), cho hay: ""Gần cả tháng qua đi chợ giúp vợ. Mua thịt heo về cứ bị vợ la là đắt. Nhưng vợ không hề biết là giá thịt heo tăng mỗi ngày"".
Anh Vinh nói: ""Hỏi sạp nào, loạithịt heonào, từ ba rọi, thịt heo xay, cho đến giò heo, thịt đùi, thịt nạc, sườn non… đều tăng lên. Như thịt nạc, tuần trước còn 120.000 đồng/kg thì sáng nay hỏi giá đã lên đến 145.000 đồng/kg"".
Chính vì thế, thay vì mua thịt heo, anh Vinh chọn mua những thực phẩm khác như trứng, cá, nhằm giảm chi phí.
Thời gian qua, giá thịt heo tăng liên tục
ẢNH: THANH NAM
Chị Đặng Thị Thùy Liên (31 tuổi, ngụ ở đường Bình Đường 1, P.Dĩ An, TP.HCM; trước là P.An Bình, TP.Dĩ An, tỉnh Bình Dương), cho hay: ""Không những giá thịt heo tăng, mà nhiều loại rau củ quả cũng tăng. Chính vì thế, mỗi ngày đem bao nhiêu tiền để đi chợ để lo bữa ăn đầy đủ chất không phải là câu hỏi dễ. Nhất là với những người có thu nhập thấp. Bản thân tôi, luôn phải tính toán lại số tiền đi chợ hàng ngày để cân bằng lại chi tiêu khi tết đang đến gần"".
Chị Bùi Ngân Thư (33 tuổi, giáo viên một trường mầm non ở P.Linh Xuân, TP.HCM), kể: ""Sáng nay đi chợ, cầm cốt lết lên rồi đặt xuống, hỏi mua ít sườn non rồi không mua nữa. Chỉ vì giá tăng"".
Chị Thư lo ngại: ""Còn 1,5 tháng nữa mớitếtnhưng giờ giá cả nhiều mặt hàng đã tăng. Vì thế, không riêng tôi mà nhiều người khi đi chợ phải tính toán kỹ lưỡng hơn. Không biết là giá thịt heo tại chợ sẽ tiếp tục tăng cao đến mức nào trong thời gian đến?"".
Nhiều loại rau, củ, quả cũng tăng giá khiến không ít người trẻ thay đổi thói quen đi chợ
ẢNH: THANH NAM
Nhiều người trẻ khác cũng cho biết dù mức tăng giá thịt heo không khiến họ cảm thấy ""sốc"", và buộc lòng họ phải thay đổi thói quen đi chợ.
""Trước đây mỗi tuần tôi mua khoảng 1 kg thịt heo để chia sẵn nấu dần. Giờ giá tăng, tôi chỉ mua nửa kg, còn lại đổi sang thịt gà hoặc cá"", Đỗ Thanh Khải (27 tuổi, làm việc tại 158 đường số 17, P.Linh Xuân, TP.HCM), cho hay.
Chính giá thịt heo tăng mỗi ngày khiến không ít người trẻ chẳng còn mua sắm theo cảm tính mà thay vào đó, họ bắt đầu lập ngân sách chi tiêu chi tiết cho ăn uống, thay vì chỉ ước chừng như trước.
Thay vì mua thịt heo, nhiều người chọn mua thực phẩm khác để thay thế
ẢNH: THANH NAM
Trần Thị Thu Như,sinh viênTrường ĐH Luật TP.HCM, cho biết từ khoảng 3 tháng nay đã áp dụng nguyên tắc ""trần chi phí ăn uống"" mỗi tuần.
""Mình đặt mức tối đa 600.000 – 700.000 đồng/tuần cho tiền chợ. Nếu giá thịt heo tăng, mình buộc phải giảm ở món khác hoặc đổi thực phẩm"", Như nói và kể thêm: ""Việc ghi chép chi tiêu giúp mình nhận ra những khoản ""vô hình"" trước đây như: ăn vặt, trà sữa, đồ ăn giao tận nơi… những thứ có thể cắt giảm để bù vào chi phí thực phẩm thiết yếu"".
Theo chuyên gia dinh dưỡng, bác sĩ Huỳnh Văn Hải, làm việc tại Phòng khám Bệnh viện ĐH Y dược 1 (TP.HCM), nếu biết kết hợp hợp lý,bữa ăn không thịt heovẫn đảm bảo đủ đạm và năng lượng.
""Nếu biết kết hợp hợp lý giữa đạm động vật (gà, cá, trứng…) và đạm thực vật (đậu, nấm…), bữa ăn vẫn đảm bảo năng lượng và cân bằng dinh dưỡng trong giai đoạn giá cả tăng cao. Việc giảm thịt heo không đồng nghĩa với thiếu chất"", ông Hải nhấn mạnh và cho rằng: ""Nếu có xu hướng ""chia tay tạm thời với thịt heo"", thử chủ động điều chỉnh thực đơn bằng các loạithực phẩmthay thế và những những thực đơn đa dạng, phong phú như: trứng chiên, canh rau, đậu hũ kho nấm, cá kho, rau luộc, gà kho… cho bữa ăn hàng ngày"".
Không ít người trẻ lập ngân sách chi tiêu chi tiết cho ăn uống trong bối cảnh nhiều mặt hàng, thực phẩm tăng giá thời gian cuối năm
ẢNH: THANH NAM
Chị Tạ Phương Trâm (31 tuổi, ngụ ở đại lộ Hữu Nghị, P.Bình Hòa, TP.HCM; trước là P.Bình Hòa, TP.Thuận An, tỉnh Bình Dương), chia sẻ mẹo tiết kiệm: ""Thay vì mua theo cảm hứng, nên xác định rõ số tiền tối đa dành cho ăn uống. Khi thịt heo tăng giá, cần chủ động điều chỉnh thực đơn để không vượt ngân sách. Cần lên thực đơn trước khi đi chợ, giúp tránh mua dư thừa và hạn chế phát sinh chi phí. Ưu tiên món dễ nấu, có thể dùng cho nhiều bữa, tránh ""đi chợ rồi mới nghĩ hôm nay ăn gì"". Bên cạnh đó, phải biết linh hoạt thay thế thực phẩm""."
https://thanhnien.vn/chu-phong-tro-gui-thong-bao-tang-gia-dau-nam-185251222204802172.htm,Chủ phòng trọ gửi thông báo tăng giá đầu năm,"Những ngày cuối năm, không ít người trẻ vội vã tìm phòng trọ mới trước khi bước sang năm 2026. Nguyên nhân xuất phát từ một lý do khiến nhiều người thuê trọ thấp thỏm, đó là không ít chủ nhà trọ bắt đầu ""nhá hàng"" tăng giá thuê từ tháng 1.2026.","Hoàng Lê Thảo Vy, sinh viên Trường CĐ Công thương TP.HCM, cho biết đã quyết định dọn khỏiphòng trọhiện tại ở P.Long Phước, TP.HCM (trước là P.Long Phước, TP.Thủ Đức, TP.HCM) dù hợp đồng còn 4 tháng.
""Chủ nhà thông báo sau tết sẽ tăng thêm 300.000 đồng/tháng. Với sinh viên tụi em, con số đó không hề nhỏ. Tụi em rủ thêm bạn, chuyển xuống P.Lái Thiêu, TP.HCM (trước là P.Lái Thiêu, TP.Thuận An, tỉnh Bình Dương) ở ghép, mỗi người chỉ còn trả hơn 1,2 triệu đồng/tháng"", Vy chia sẻ.
Theo Vy, chuyển đi sớm giúp nhóm bạn chủ động hơn, không bị rơi vào thế bị động sau tết 2026, bởi thời điểm đó nhu cầuthuê trọtăng cao, phòng đẹp giá rẻ khan hiếm.
Nguyễn Văn Hữu (27 tuổi, làm việc tại P.Tân Bình, TP.HCM; trước là P.13, Q.Tân Bình, TP.HCM) cho biết cuối tháng 12 này sẽ chuyển chỗ ở từ nơi gần công ty xuống thuê phòng trọ tại P.Long Trường, TP.HCM (trước là P.Phú Hữu, TP.Thủ Đức, TP.HCM) sau 5 năm gắn bó.
Tìm phòng trọ vào cuối năm để “né” đợt tăng giá đầu năm
ẢNH: THANH NAM
""Tiền thuê phòng đang ở diện tích 30 m² là 6 triệu đồng/tháng cho phòng nhỏ. Chủ nhà báo tăng lên 6,8 triệu đồng từ đầu năm 2026. Tôi quyết định rời đi, thuê phòng 32 m², giá 4 triệu đồng/tháng. Đi làm xa hơn nhưng bù lại đỡ áp lực tài chính"", Hữu nói.
Nguyễn Minh Hòa (25 tuổi, ngụ P.Linh Xuân, TP.HCM; trước là P.Linh Tây, TP.Thủ Đức, TP.HCM), sales bất động sản tại Công ty CP đầu tư địa ốc Nova, cho biết từ giữa tháng 11 đến nay, ở các khu vực thuộc Q.12, TP.Thủ Đức, H.Bình Chánh, H.Hóc Môn (cũ)… cũng ghi nhận nhu cầu thuê trọ tăng cao. Trong bối cảnh chi phí sinh hoạt leo thang, ở ghép tiếp tục là lựa chọn phổ biến, dù không phải ai cũng mong muốn. Minh Hòa phân tích: ""Nhu cầu tìm người ở ghép cuối năm tăng mạnh, đặc biệt là nhóm người trẻ có thu nhập trung bình, muốn duy trì mức chi tiêu hợp lý để còn dành tiền cho các kế hoạch dài hạn"".
Phạm Vũ Thanh Quang (24 tuổi, ngụ P.Cầu Kiệu, TP.HCM; trước là P.2, Q.Phú Nhuận, TP.HCM) từng thuê phòng riêng suốt 3 năm nay, nhưng hiện Quang chấp nhận ở ghép cùng
2 người bạn tại một căn hộ mini. ""Trước đây tôi rất ngại ở chung vì sợ bất tiện, nhưng giờ tiền phòng riêng tăng liên tục, ở ghép giúp tôi tiết kiệm gần 2,1 triệu đồng/tháng"", Quang chia sẻ.
Anh Nguyễn Hữu Lợi (32 tuổi, chủ nhiều phòng cho thuê ở P.Đức Nhuận, TP.HCM; trước là P.9, Q.Phú Nhuận, TP.HCM) cho rằng việc các chủ nhà trọ tăng giá thuê sau tết là xu hướng thường thấy, do chi phí bảo trì, điện, nước, thuế, sinh hoạt… đều tăng. ""Tuy nhiên người thuê có quyền chủ động lựa chọn. Việc chuyển trọ sớm để tránh đợt tăng giá là phản ứng dễ hiểu của thị trường"", anh Lợi nhận định.
Theo anh Lợi, người thuê cần lưu ý 3 điểm: ""Một là xem kỹ hợp đồng, đặc biệt là điều khoản tăng giá và thời gian báo trước. Hai là không nên chạy theo giá rẻ bằng mọi giá, cần cân nhắc an ninh, phòng cháy chữa cháy, môi trường sống. Ba là ưu tiên ký hợp đồng dài hạn, thương lượng giữ giá ít nhất 12 tháng để ổn định cuộc sống"".
Sales bất động sản Nguyễn Minh Hòa chia sẻ mẹo: ""Nên đề xuất ký hợp đồng dài hạn. Nếu cam kết ở 12 - 24 tháng, khả năng sẽ được giữ giá cũ hoặc chỉ tăng nhẹ so với thuê ngắn hạn. Có thể chấp nhận tăng giá nhưng ""chia nhỏ"", thay vì tăng một lần 500.000 đồng - 1 triệu đồng, hãy đề xuất tăng theo lộ trình (ví dụ mỗi 3 - 6 tháng tăng 100.000 - 200.000 đồng) để giảm sốc tài chính. Nếu không thể giảm giá thuê, người thuê có thể thương lượng giữ nguyên tiền nhà nhưng giảm tiền gửi xe, tiền rác, tiền vệ sinh…""."
https://thanhnien.vn/nguoi-dan-co-them-chia-khoa-de-mo-ra-cach-nghi-cach-lam-moi-185251231105454934.htm,"Người dân có thêm 'chìa khóa' để mở ra cách nghĩ, cách làm mới","Cuộc thi sáng tác sản phẩm truyền thông về giảm nghèo bền vững đã giới thiệu các chính sách an sinh xã hội tại Việt Nam, do T.Ư Đoàn tổ chức, đã giúp người dân có thêm 'chìa khóa' để mở ra cách nghĩ, cách làm mới.","Ngày 30.12, tại tỉnh Bắc Ninh, T.Ư Đoàn tổ chức lễ tổng kết và trao giải Cuộc thi sáng tác sản phẩm truyền thông vềgiảm nghèobền vững và an sinh xã hội. Tham dự chương trình có ông Đỗ Công Tuân, Phó trưởng ban Tuyên giáo Cơ quan Ủy ban T.Ư Mặt trận Tổ quốc Việt Nam.
Ban tổ chức cho biết, cuộc thi giới thiệu các chính sách an sinh xã hội tại Việt Nam, do T.Ư Đoàn tổ chức, nằm trong khuôn khổ Dự án 6 ""Truyền thông và giảm nghèo về thông tin"" thuộc Chương trình mục tiêu quốc gia về giảm nghèo bền vững giai đoạn 2021 - 2025.
Ban tổ chức trao giải nhất cho tác giả đoạt giải
ẢNH: BTC
Kể từ thời điểm phát động, ban tổ chức đã nhận được hơn 100 sản phẩm dự thi của các đoàn viên, thanh niên đang học tập, sinh sống trong cả nước, tập trung vào các sản phẩm video clip, phim đồ họa, phóng sự ngắn, tiểu phẩm sân khấu.
Điểm nổi bật của cuộc thi lần này là sự hưởng ứng, tham gia tích cực của đội ngũ cán bộ Đoàn tại cơ sở, sinh viên, nhà sáng tạo nội dung số trên nền tảng mạng xã hội, các doanh nghiệp trẻ.
Ban tổ chức trao giải nhì cho tác giả đoạt giải
ẢNH: BTC
Với mong muốn thông qua tác phẩm dự thi để góp phần đưa ra một số giải pháp hữu ích hướng đến hộ nghèo, cận nghèo, hộ mới thoát nghèo, đồng bào dân tộc thiểu số còn nhiều khó khăn về phát triển kinh tế; đưa thông tin đúng, đủ và dễ hiểu đến với từng thôn, bản, người dân có thêm ""chìa khóa"" để mở ra cách nghĩ, cách làm mới.
Các tác phẩm dự thi thể hiện sự đầu tư tìm hiểu các chính sách hiện hành trong hỗ trợ sản xuất nông nghiệp, khởi nghiệp, chuyển đổi sinh kế, ứng dụng khoa học - công nghệ, chăm sóc sức khỏe, giáo dục, trợ giúp pháp lý.
Tại vòng thi chung kết, các tác giả, đại diện nhóm tác giả đã trực tiếp thuyết trình về ý tưởng giải pháp tuyên truyền các chủ trương của Đảng, chính sách của Nhà nước về giảm nghèo bền vững gắn với an sinh xã hội, góp phần nâng cao nhận thức xã hội và tạo sự đồng thuận trong quá trình triển khai đưa chính sách vào đời sống người dân.
Các đại biểu tham gia giao lưu tại chương trình
ẢNH: BTC
Trải qua các phần thi chung kết đầy kịch tính, ban tổ chức đã vinh danh các tác phẩm xuất sắc. Trong đó, giải nhất thuộc về đội thi Tỉnh đoàn Hà Tĩnh với tác phẩmNghị quyết 127 về vay vốn hỗ trợ thanh niên khởi nghiệp và những điều cần biết.Trị giá  phần thưởng là 15 triệu đồng.
Giải nhì thuộc về nhóm tác giả Huỳnh Thị Như Ý, Trương Anh Vinh, đến từ Tỉnh đoàn Khánh Hòa, với tác phẩmMô hình thoát nghèo bền vững ""Từ 0 đến 1"", nhận phần thưởng trị giá 10 triệu đồng.
Giải ba thuộc về tác giả Hoàng Thu Phương đến từ Trường cao đẳng công nghệ Việt - Hàn Bắc Giang, với tác phẩmNgã rẽ tuổi 18,nhận được phần thưởng trị giá 7 triệu đồng.
Ngoài ra, còn có các giải thưởng phụ, mỗi giải sẽ nhận được phần thưởng trị giá 3 triệu đồng."
https://thanhnien.vn/nguoi-tre-du-ban-linh-de-dam-duong-nhung-viec-kho-viec-moi-185251230192557499.htm,"Người trẻ đủ bản lĩnh để đảm đương những việc khó, việc mới","Đại hội đại biểu Đoàn TNCS Hồ Chí Minh TP.HCM lần thứ I, nhiệm kỳ 2025 - 2030 diễn ra trong bối cảnh mới của thành phố mang tên Bác, đặt ra cho mỗi thanh niên và công tác Đoàn thành phố những sứ mệnh và trách nhiệm mới.","Từ sự kiện chính trị quan trọng của tuổi trẻ thành phố mang tên Bác, lãnh đạo TP.HCM kỳ vọng và đặt nhiều niềm tin vào thanh niên hôm nay, thế hệ công dân đầu tiên trực tiếp kiến tạo diện mạo mới cho thành phố.
Trong 2 ngày 29 và 30.12, 500 đại biểu đại diện cho hơn 700.000 đoàn viên, thanh thiếu niên TP.HCM đã mang theo khát vọng, quyết tâm đến với Đại hội đại biểu Đoàn TNCS Hồ Chí Minh TP.HCM lần thứ I, nhiệm kỳ 2025 - 2030.
Ông Lê Quốc Phong, Ủy viên T.Ư Đảng, Phó bí thưthường trực Thành ủy TP.HCM, phát biểu chỉ đạo tại đại hội
Tại đại hội, 500 đại biểu đã cùng thảo luận, hiến kế chocông tác Đoànvà phong trào thanh thiếu nhi của thành phố trong tình hình mới; cùng nhau hành động với phương châm: tất cả cùng thành phố, vì thành phố có chất lượng sống tốt, văn minh, hiện đại, nghĩa tình, phát triển bền vững.
Các đại biểu thể hiện tâm huyết củathế hệ trẻhôm nay qua những tham luận hết sức sâu sắc tại phiên trọng thể của đại hội (sáng 30.12). Từ các đề xuất về chuyển đổi số trong mọi mặt của cuộc sống, đến những giải pháp nhằm nâng cao sức khỏe tinh thần cho thanh niên... Và cả những quyết tâm khi khẳng định tinh thần ""3 sẵn sàng"" để đồng hành cùng TP.HCM thực hiện hiệu quả Nghị quyết 57. Cụ thể là sẵn sàng chuẩn bị nguồn nhân lực, tập hợp, huy động đội ngũ trí thức trẻ cùng đồng hành, trực tiếp tham gia trong công tác chuyển đổi số; sẵn sàng nghiên cứu, ươm tạo và chuyển giao tri thức thông qua các hoạt động nghiên cứu khoa học; sẵn sàng chuyển giao và ứng dụng thực tiễn, đưa kết quả nghiên cứu khoa học vào đời sống, trên tinh thần làm thật, thử thật và điều chỉnh thật để công nghệ có thể đi vào thực tế nhu cầu cuộc sống của người dân…
Thanh niên TP.HCM hôm nay là thế hệ công dân đầu tiên trực tiếp kiến tạo diện mạo mới cho thành phố
ẢNH: NỮ VƯƠNG
Ghi nhận và đánh giá cao những kết quả đạt được trong công tác Đoàn và phong trào thanh thiếu nhi TP.HCM giai đoạn 2022 - 2025, cùng những quyết tâm mà các đại biểu lan tỏa trong đại hội, ông Lê Quốc Phong, Ủy viên T.Ư Đảng, Phó bí thư thường trực Thành ủy TP.HCM, nhận định thanh niên TP.HCM hôm nay mang một sứ mệnh lịch sử to lớn, là thế hệ công dân đầu tiên trực tiếp kiến tạo diện mạo mới cho TP.HCM. Đây không đơn thuần là một dấu mốc hành chính mà là sự mở đầu của một kỷ nguyên phát triển với không gian rộng mở hơn, yêu cầu cao hơn, đòi hỏi một thế hệ thanh niên đủ bản lĩnh, trí tuệ và tinh thần trách nhiệm để tham gia với tư cách những chủ nhân của thành phố, cùng kiến tạo, cùng giữ gìn, cùng phát triển thành phố.
""Thành phố kỳ vọng ở các bạn không chỉ luôn nuôi dưỡng khát vọng vươn lên cho bản thân, mà cao cả hơn là tinh thần cống hiến vì lợi ích chung, vì thành phố, vì đất nước. Chính sự lựa chọn đầy trách nhiệm của mỗi người trẻ hôm nay sẽ trực tiếp định hình tầm vóc của thành phố trong tương lai"", ông Lê Quốc Phong khẳng định.
Trong nhiệm kỳ mới, ông Lê Quốc Phong đề nghị Thành đoàn TP.HCM tập trung giải pháp để thanh niên thành phố luôn có lòng yêu nước, luôn thể hiện lòng yêu nước ở mức độ cao nhất, trong nhận thức và cả hành động.
Đồng thời, Phó bí thư thường trực Thành ủy TP.HCM đề nghị: ""Thành phố hôm nay đã lớn hơn rất nhiều về quy mô diện tích, không gian phát triển, bên cạnh những thời cơ, tiềm năng, thế mạnh mới cũng đặt ra không ít thách thức, khó khăn. Cán bộ làm công tác thanh niên của thành phố hôm nay từ cấp thành cho đến cơ sở cũng phải đặt mình trong sự thay đổi này để điều chỉnh phương pháp, nhanh chóng thích ứng và hoàn thành tốt nhiệm vụ"".
Ông Lê Quốc Phong cho biết lãnh đạo thành phố luôn dành sự tin tưởng và tạo mọi điều kiện thuận lợi nhất để thanh niên phát triển toàn diện, bởi thanh niên chính là nguồn lực chiến lược đặc biệt nhất, động lực quan trọng thúc đẩy sự phát triển bền vững và bứt phá của thành phố mới.
""Lãnh đạo thành phố sẵn sàng tin tưởng giao cho thanh niên những việc khó, việc mới, những nhiệm vụ quan trọng mang tầm vóc dài hạn, bởi chúng tôi tin rằng các bạn có đủ bản lĩnh, đủ trí tuệ và đủ khát vọng để đảm đương, thực hiện"", Phó bí thư thường trực Thành ủy TP.HCM nhấn mạnh.
Phát biểu chỉ đạo tại đại hội, anh Bùi Quang Huy, Ủy viên dự khuyết T.Ư Đảng, Bí thư thứ nhất T.Ư Đoàn, cho biết trong dòng phát triển mạnh mẽ và đầy khát vọng của TP.HCM, tuổi trẻ thành phố mang tên Bác luôn là lực lượng xung kích, sáng tạo và có nhiều đóng góp quan trọng.
Anh Bùi Quang Huy, Ủy viên dự khuyết T.Ư Đảng, Bí thư thứ nhất T.Ư Đoàn, phát biểu chỉ đạo tại đại hội
ẢNH: NỮ VƯƠNG
Anh Bùi Quang Huy khẳng định Thành đoàn TP.HCM tiếp tục là cái nôi của nhiều mô hình, cách làm mới, sáng tạo, có chiều sâu, có khả năng nhân rộng trên toàn quốc. Trên tất cả các mặt công tác đều xuất hiện các mô hình hay, giải pháp hiệu quả… Tất cả đã vẽ nên một bức tranh rất đẹp của phong trào thanh thiếu nhi thành phố mang tên Bác.
Trong bối cảnh mới, anh Bùi Quang Huy đề nghị công tác Đoàn và phong trào thanh thiếu nhi thành phố cần được định vị ở tầm cao hơn, cần tiên phong và chủ động hơn để góp sức trẻ xứng đáng vào việc hiện thực hóa khát vọng chung của Đảng bộ và nhân dân thành phố.
Anh Bùi Quang Huy cho biết TP.HCM mới hiện nay là địa phương có quy mô dân số lớn nhất cả nước, trong đó có hơn 3,5 triệu thanh niên đang sinh sống, học tập và làm việc trên một không gian đặc biệt rộng và đa dạng. Quy mô ấy đặt ra yêu cầu rất cao đối với công tác Đoàn và đặt Thành đoàn TP.HCM vào một bối cảnh rất mới, rất khác.
""Tình hình mới, bộ máy mới đòi hỏi tư duy phải mới; bộ máy tinh gọn hơn không có nghĩa là làm ít đi mà đòi hỏi phải làm thông minh hơn, hiện đại hơn. Thành đoàn cần tiếp tục đẩy mạnh chuyển đổi số, nhất là trong quản trị công việc, điều phối lực lượng và đánh giá kết quả thực hiện..."", anh Bùi Quang Huy nhấn mạnh.
Những sản phẩm khoa học - công nghệ, kỹ thuật của người trẻ TP.HCM giới thiệu tại đại hội
ẢNH: NỮ VƯƠNG
Bí thư thứ nhất T.Ư Đoàn đề nghị Thành đoàn TP.HCM tiếp tục phát huy mạnh mẽ vai trò dẫn dắt, lan tỏa đối với khu vực phía nam và cả nước. Không chỉ tổ chức phong trào cho riêng thành phố mà còn trợ sức, điều phối lực lượng, chia sẻ mô hình, chuyển giao kinh nghiệm, đưa các đội hình tham gia hỗ trợ các địa phương khác khi có yêu cầu. Thông qua đó, khẳng định rõ hơn vai trò của Thành đoàn không chỉ là tổ chức Đoàn của một địa phương lớn mà còn là trung tâm sáng tạo, điểm tựa phong trào của khu vực và cả nước. Với vị thế của mình, Thành đoàn cần đặt trách nhiệm tiên phong trong tổng kết thực tiễn và đề xuất với T.Ư Đoàn các chủ trương, mô hình, giải pháp hay trong công tác Đoàn và phong trào thanh thiếu nhi, phù hợp với tình hình và yêu cầu của giai đoạn mới.
Dự đại hội có nguyên Chủ tịch nước Trương Tấn Sang, nguyên Phó chủ tịch nước Trương Mỹ Hoa, nguyên Bí thư Thành ủy TP.HCM Nguyễn Thiện Nhân; ông Lê Quốc Phong, Ủy viên T.Ư Đảng, Phó bí thư thường trực Thành ủy TP.HCM; ông Nguyễn Văn Lợi, Ủy viên T.Ư Đảng, Trưởng đoàn ĐBQH TP.HCM; anh Bùi Quang Huy, Ủy viên dự khuyết T.Ư Đảng, Bí thư thứ nhất T.Ư Đoàn; chị Nguyễn Phạm Duy Trang, Bí thư T.Ư Đoàn, Chủ tịch Hội đồng Đội T.Ư. Cùng dự đại hội có ông Võ Văn Minh, Chủ tịch HĐND TP.HCM; ông Nguyễn Phước Lộc, Phó bí thư Thành ủy, Chủ tịch Ủy ban MTTQ VN TP.HCM; và các Phó bí thư Thành ủy, Phó chủ tịch UBND TP.HCM.
Tại đại hội đã công bố Quyết định chỉ định nhân sự Ban Chấp hành Đoàn TNCS Hồ Chí Minh TP.HCM khóa I, nhiệm kỳ 2025 - 2030. Anh Ngô Minh Hải, Bí thư Thành đoàn TP.HCM, được chỉ định tiếp tục giữ chức Bí thư Thành đoàn TP.HCM nhiệm kỳ 2025 - 2030. 5 Phó bí thư gồm các anh, chị: Lê Tuấn Anh, Nguyễn Đăng Khoa, Nguyễn Minh Sơn, Trịnh Thị Hiền Trân, Hồ Thị Ánh Tuyết. Ủy ban Kiểm tra gồm 11 anh, chị do anh Nguyễn Minh Sơn, Phó bí thư Thành đoàn, làm chủ nhiệm."
https://thanhnien.vn/nguoi-tre-thi-dua-yeu-nuoc-tu-phan-xuong-den-san-choi-quoc-te-185251226230632825.htm,Người trẻ thi đua yêu nước: Từ phân xưởng đến sân chơi quốc tế,"Họ là 2 trong 45 đại biểu thanh niên tham dựĐại hội Thi đua yêu nướctoàn quốc lần thứ 11, một là thợ trẻ sở hữu hàng chục sáng kiến làm lợi cho doanh nghiệp hơn 10 tỉ đồng, một là cô học trò lớp 6 mang robot Việt Nam ra đấu trường quốc tế.","Ở tuổi 32, anh Trần Đình Vũ, công nhân Tổng công ty Công nghiệp in - bao bì Liksin, đã trở thành gương mặt tiêu biểu của lực lượng công nhân trẻ trong phong trào thi đua lao động sáng tạo. Điều khiến nhiều người nể phục không chỉ là con số 55 sáng kiến mà anh đã thực hiện, mà còn là giá trị làm lợi cho doanh nghiệp lên đến hơn 10 tỉ đồng.
Anh Trần Đình Vũ, gương mặt tiêu biểu cho công nhân trẻ cả nước dự Đại hội Thi đua yêu nước toàn quốc lần thứ 11
ẢNH: THU HẰNG
Những sáng kiến của anh Vũ không quá cao siêu hay phức tạp, mà tập trung vào cải tiến quy trình, tối ưu thiết kế, giảm chi phí và nâng cao năng suất lao động. Theo anh Vũ, mỗi thay đổi nhỏ, nếu chú tâm vào làm, đều có thể mang lại hiệu quả lớn cho tập thể và trực tiếp cải thiện thu nhập của người lao động.
Nổi bật trong số đó là ý tưởng phát triển kiểu túi đáy đứng từ vật liệu PE/PE có khả năng tái chế, thân thiện với môi trường. Sản phẩm này không chỉ đáp ứng các tiêu chuẩn khắt khe của thị trường châu Âu và Mỹ, mà còn phù hợp xu hướng tiêu dùng xanh đang ngày càng lên ngôi trên toàn cầu.
Anh Vũ chia sẻ: ""Bảo vệ môi trường không chỉ là trách nhiệm xã hội, mà còn là con đường tất yếu nếu doanh nghiệp Việt muốn chinh phục các thị trường lớn. Vì vậy, trong hầu hết các sáng kiến của mình, tiêu chí môi trường luôn được đặt lên hàng đầu, từ việc giảm sử dụng nhựa nguyên sinh, tận dụng vật liệu tái chế, cho đến tối ưu hóa thiết kế bao bì nhằm giảm phát thải"".
Riêng sáng kiến túi đáy đứng thân thiện môi trường đã mang lại lợi nhuận cho công ty hơn 1 tỉ đồng mỗi năm, và con số này vẫn tiếp tục tăng. Quan trọng hơn, việc đi đầu trong phát triển vật liệu mới đã giúp Liksin trở thành một trong những doanh nghiệp tiên phong của ngành bao bì Việt Nam trong tiến trình ""xanh hóa"" sản xuất, từng bước nâng cao vị thế của ngành trên bản đồ thế giới.
Không tự nhận mình làm những việc lớn lao, anh Vũ cho rằng tinh thần thi đua yêu nước của người công nhân trẻ thể hiện rõ nhất ở việc làm tốt hơn công việc của chính mình mỗi ngày. ""Thấy điều gì chưa hợp lý thì mạnh dạn cải tiến, tìm tòi thêm một chút, tất cả đều hướng tới mục tiêu chung là làm lợi cho tập thể"", anh nói.
Những nỗ lực bền bỉ ấy đã mang về cho anh Vũ hàng loạt danh hiệu: Giải thưởng Nguyễn Văn Trỗi lần thứ 12; ""Thủ lĩnh thanh niên công nhân TP.HCM tiêu biểu"" năm 2023; bằng khen của Chủ tịch UBND TP.HCM; Giải thưởng Tôn Đức Thắng năm 2024 và đầu năm 2025 là danh hiệu ""Công dân trẻ tiêu biểu TP.HCM"".
ĐượcT.Ư Đoàngiới thiệu tham dự Đại hội Thi đua yêu nước toàn quốc, anh Vũ xem đây vừa là niềm vinh dự, vừa là động lực để tiếp tục nỗ lực nhiều hơn.
""Mỗi bạn trẻ cần trở thành phiên bản tốt hơn của chính mình ngày hôm qua. Khi từng cá nhân nỗ lực, tinh thần thi đua yêu nước sẽ lan tỏa một cách tự nhiên. Tôi mong muốn Nhà nước tạo thêm điều kiện để công nhân trẻ được tiếp cận các chương trình đào tạo về chuyển đổi số, sản xuất xanh, công nghệ mới ngay từ phân xưởng"", anh chia sẻ.
Sự xuất hiện của cô gái nhỏ Lưu Phúc An, học sinh lớp 6A3 Trường THCS An Thới (Cần Thơ) tại đại hội, thu hút nhiều sự chú ý. Mới 11 tuổi, Phúc An là một trong 5 đại biểu nhỏ tuổi nhất tham dự Đại hội Thi đua yêu nước toàn quốc lần thứ XI.
Tuổi nhỏ nhưng bảng thành tích của cô bé khiến nhiều người bất ngờ. Từ năm 2022 đến nay, Phúc An giành giải nhì cuộc thi Robothon quốc tế tại Malaysia, giải ba Robothon quốc gia; giải khuyến khích cuộc thi Trạng nguyên toàn tài trên internet cấp quốc gia; giải nhất Trạng nguyên tiếng Việt cấp thành phố; giải ba Olympic tiếng Anh, cùng nhiều thành tích nổi bật trong công tác Đội và phong trào thiếu nhi.
Lưu Phúc An, một trong 5 đại biểu nhỏ tuổi nhất dự Đại hội Thi đua yêu nước toàn quốc lần thứ 11
ẢNH: THU HẰNG
Trong số đó, kỷ niệm đáng nhớ nhất với Phúc An là cuộc thi Robothon quốc tế tại Malaysia với chủ đề ""Trái đất thứ hai"" - nơi các thí sinh từ 8 đến 15 tuổi phải vận dụng kiến thức STEM robotics để lập trình, điều khiển robot thực hiện hàng loạt nhiệm vụ phức tạp như thu thập thiên thạch, vận chuyển về trạm nghiên cứu, thiết lập hệ thống vệ tinh, kích hoạt năng lượng mặt trời và chiết xuất ô xy.
Lúc đầu thấy khó, An từng muốn bỏ cuộc, nhưng nhờ sự động viên của thầy cô, anh chị đi trước, cô bé kiên trì tự học thêm qua YouTube, Google, mày mò từng dòng lệnh, từng chuyển động của robot. Suốt 2 - 3 tháng trước cuộc thi, Phúc An miệt mài tập luyện trên sa bàn, dù nhiều lần robot gặp trục trặc.
""Có lúc em rất lo, nhưng em tự nhủ mình phải bình tĩnh và tin là mình làm được. Khoảnh khắc MC xướng tên giải nhì, mọi áp lực như vỡ òa thành niềm vui. Năm đầu tiên đi thi mà được giải quốc tế, em rất bất ngờ và hạnh phúc"", Phúc An nhớ lại.
Không chỉ giỏi công nghệ, Phúc An còn tích cực tham gia các hoạt động Đội, đoạt giải tư toàn quốc cuộc thi vẽ tranh ""Ngôi nhà ước mơ"", giải nhì cuộc thi vẽ tranh về xây dựng người Cần Thơ ""Trí tuệ - năng động - nhân ái - hào hiệp - thanh lịch"" năm 2025, cùng nhiều sân chơi văn hóa, thể thao khác.
Với Phúc An, thi đua yêu nước ở lứa tuổi học sinh rất giản dị: ""Em sẽ cố gắnghọc tập thật tốt, chăm ngoan, đạt nhiều điểm 10. Mục tiêu gần nhất của em là phấn đấu đạt giải thưởng Kim Đồng và xa hơn là trở thành người có ích, góp phần xây dựng đất nước ngày càng văn minh, giàu đẹp""."
https://thanhnien.vn/chi-nguyen-thi-kim-anh-giu-chuc-bi-thu-doan-thanh-nien-quoc-hoi-khoa-i-185251230172359176.htm,Chị Nguyễn Thị Kim Anh giữ chức Bí thư Đoàn Thanh niên Quốc hội khóa I,T.Ư Đoàn đã công bố quyết định chỉ định chị Nguyễn Thị Kim Anh giữ chức Bí thư Đoàn Thanh niên Quốc hội khóa I.,"Ngày 30.12, tại Hà Nội, đã diễn ra Đại hội đại biểuĐoàn Thanh niên Quốc hộilần thứ I, nhiệm kỳ 2025 - 2030. Tham dự đại hội có các Ủy viên T.Ư Đảng, Ủy viên Ban Thường vụ Đảng ủy Quốc hội, Phó chủ tịch Quốc hội: Nguyễn Đức Hải, Trần Quang Phương, Vũ Hồng Thanh; các Ủy viên T.Ư Đảng, Phó bí thư Đảng ủy Quốc hội: Nguyễn Hồng Diên, Vũ Hải Hà.
Về phía T.Ư Đoàn, có anh Nguyễn Tường Lâm, Bí thư T.Ư Đoàn, Chủ tịch T.Ư Hội Liên hiệp thanh niên Việt Nam.
Ông Vũ Hải Hà phát biểu tại đại hội
ẢNH: CHÂU LINH
Báo cáo chính trị tại đại hội cho biết, Đoàn Thanh niên Quốc hội được thành lập vào tháng 5.2025, là tổ chức đoàn tương đương cấp tỉnh trực thuộc T.Ư Đoàn, hiện quản lý 3 tổ chức đoàn trực thuộc với hơn 1.000 đoàn viên.
Phát biểu tại đại hội, ông Vũ Hải Hà đánh giá thời gian qua Đoàn Thanh niên Quốc hội đã đạt được nhiều kết quả tích cực trên một số mặt như: đổi mới nội dung, phương thức giáo dục, thực hiện 3 phong trào hành động cách mạng, 3 chương trình đồng hành với thanh niên và nhiều hoạt động có ý nghĩa khác.
Thay mặt Ban Thường vụ Đảng ủy Quốc hội, ông Vũ Hải Hà chúc mừng và biểu dương những thành tích nổi bật mà các cấp bộ đoàn và các cán bộ đoàn, đoàn viên, thanh niên Quốc hội đạt được trong thời gian vừa qua.
Anh Nguyễn Tường Lâm tặng hoa chúc mừng đại hội
ẢNH: CHÂU LINH
Ông Vũ Hải Hà nhấn mạnh: ""Bước vào nhiệm kỳ 2025 - 2030, trong bối cảnh quốc tế cũng như trong nước có nhiều khó khăn, thuận lợi đan xen, cả hệ thống chính trị từ T.Ư đến địa phương ra sức tập trung thực hiện Nghị quyết Đại hội Đảng toàn quốc lần thứ XIV, Đảng bộ Quốc hội tập trung lãnh đạo, chỉ đạo công tác bầu cử Quốc hội khóa XVI và Hội đồng nhân dân các cấp nhiệm kỳ 2026 - 2031, công tác lập pháp, giám sát tối cao, quyết định các vấn đề quan trọng của đất nước, của Quốc hội nhiệm kỳ khóa XVI.
Do đó, yêu cầu Đoàn Thanh niên Quốc hội phải vào cuộc với quyết tâm cao nhất, là lực lượng đi đầu, sáng tạo, trách nhiệm, tham mưu, phục vụ các hoạt động của Quốc hội, đóng góp thiết thực vào việc thực hiện các nhiệm vụ chính trị của Quốc hội, như chủ đề của đại hội đã xác định rõ: Tự hào vững tin theo Đảng, đoàn kết - tiên phong - bản lĩnh - đột phá bước vào kỷ nguyên vươn mình của dân tộc"".
T.Ư Đoàn trao Kỷ niệm chương Vì thế hệ trẻ cho các cán bộ của Quốc hội có đóng góp xuất sắc
ẢNH: CHÂU LINH
Phát biểu tại đại hội, anh Nguyễn Tường Lâm biểu dương các kết quả, thành tích nổi bật mà Đoàn Thanh niên Quốc hội đã đạt được, đồng thời gợi mở một số vấn đề trọng tâm cần thảo luận, để tổ chức Đoàn Thanh niên Quốc hội thực sự trí tuệ, kỷ cương và trách nhiệm.
Trong đó, anh Nguyễn Tường Lâm đề nghị, trong công tác tuyên truyền giáo dục, phải kiên định các nội dung mang tính nguyên tắc trong xây dựng lớp cán bộ, lớp công chức trẻ có bản lĩnh chính trị vững vàng, đạo đức trong sáng, chuyên môn sâu và kỹ năng giỏi.
Cần chú ý ứng dụng chuyển đổi số, đổi mới hình thức tuyên truyền theo hướng đa chiều, có tính tương tác, phát huy vai trò chủ thể của đoàn viên trong quá trình tự học tập, tự rèn luyện, tự nâng cao năng lực chính trị, năng lực chuyên môn.
Chị Nguyễn Thị Kim Anh giữ chức Bí thư Đoàn Thanh niên Quốc hội khóa I
ẢNH: BTC
Đặc biệt là cần tập trung xây dựng vùng văn hóa xanh trong môi trường công vụ và trên không gian mạng, gắn kết yêu cầu về kỷ luật phát ngôn, chuẩn mực ứng xử, góp phần hình thành người cán bộ trẻ chuẩn mực, trách nhiệm, liêm chính và chuyên nghiệp.
Đại hội đã công bố quyết định của T.Ư Đoàn chỉ định Ban Chấp hành, Ban Thường vụ, Bí thư, Phó bí thư, Ủy ban Kiểm tra, Chủ nhiệm, Phó chủ nhiệm Ủy ban Kiểm tra Đoàn Thanh niên Quốc hội khóa I, nhiệm kỳ 2025 - 2030.
Chị Nguyễn Thái Hà giữ chức Phó bí thư, Chủ nhiệm Ủy ban Kiểm tra Đoàn Thanh niên Quốc hội khóa I
ẢNH: BTC
Theo đó, Ban Chấp hành Đoàn Thanh niên Quốc hội khóa I, nhiệm kỳ 2025 - 2030 gồm 15 anh chị. Chị Nguyễn Thị Kim Anh giữ chức Bí thư Đoàn Thanh niên Quốc hội khóa I, nhiệm kỳ 2025 - 2030; chị Nguyễn Thái Hà giữ chức Phó bí thư, Chủ nhiệm Ủy ban Kiểm tra; anh Lê Mạnh Cường giữ chức Phó bí thư.
Anh Lê Mạnh Cường giữ chức Phó bí thư Đoàn Thanh niên Quốc hội khóa I
ẢNH: BTC
Dịp này, T.Ư Đoàn đã trao Kỷ niệm chương Vì thế hệ trẻ cho những cá nhân có đóng góp xuất sắc; ban tổ chức cũng tổng kết, khen thưởng cuộc thi ""Tìm hiểu 80 năm Ngày Tổng tuyển cử đầu tiên bầu Quốc hội Việt Nam""."
https://thanhnien.vn/anh-bui-hoang-tung-giu-chuc-bi-thu-doan-thanh-nien-chinh-phu-18525123021173864.htm,Anh Bùi Hoàng Tùng giữ chức Bí thư Đoàn Thanh niên Chính phủ,"Đại hội đại biểu Đoàn TNCS Hồ Chí Minh Chính phủ lần thứ I, nhiệm kỳ 2025 - 2030 đã công bố quyết định của T.Ư Đoàn chỉ định anh Bùi Hoàng Tùng giữ chức Bí thư Đoàn Thanh niên Chính phủ.","Ngày 30.12, tại Hà Nội đã diễn raĐại hội đại biểu Đoàn TNCS Hồ Chí MinhChính phủ lần thứ I, nhiệm kỳ 2025 - 2030.
Tham dự đại hội có Thủ tướng Phạm Minh Chính; Phó thủ tướng Phạm Thị Thanh Trà; bà Lê Thị Thủy, Ủy viên T.Ư Đảng, Phó bí thư Đảng ủy Chính phủ; anh Nguyễn Minh Triết, Bí thư thường trực T.Ư Đoàn, Chủ tịch Hội Sinh viên Việt Nam.
Đại hội có sự tham dự của hơn 340 đại biểu đại diện cho hơn 190.000 đoàn viên, thanh niên của 51 cơ sở Đoàn trực thuộc Đoàn Thanh niên Chính phủ.
Thủ tướng Phạm Minh Chính tham dự đại hội
ẢNH: XUÂN TÙNG
Phát biểu tại đại hội, bà Phạm Thị Thanh Trà ghi nhận và đánh giá cao những kết quả đáng khích lệ của Đoàn Thanh niên Chính phủ dù mới đi vào hoạt động trong thời gian ngắn.
Về nhiệm vụ của Đoàn Thanh niên Chính phủ trong nhiệm kỳ 2025 - 2030, bà Phạm Thị Thanh Trà đề nghị, cần tiếp tục tập trung đặt giáo dục chính trị và đạo đức công vụ lên hàng đầu. Các cấp bộ Đoàn cần tiếp tục đổi mới căn bản, toàn diện công tác giáo dục chính trị, tư tưởng theo hướng thiết thực, hiệu quả đối với đoàn viên, thanh niên Chính phủ.
Phó thủ tướng Phạm Thị Thanh Trà và Bí thư thường trực T.Ư Đoàn Nguyễn Minh Triết tham dự đại hội
ẢNH: XUÂN TÙNG
""Mỗi đoàn viên cần ý thức sâu sắc rằng, làm việc trong các cơ quan Chính phủ không chỉ là nghề nghiệp mà còn là trách nhiệm trước Đảng, trước Nhà nước và trước nhân dân. Bản lĩnh chính trị vững vàng, đạo đức trong sáng, kỷ luật, kỷ cương, liêm chính là nền tảng để thanh niên được tin cậy và trưởng thành"", bà Trà nhấn mạnh.
Bà Trà cũng đề nghị Đoàn Thanh niên Chính phủ cần phát huy vai trò tiên phong trong các lĩnh vực then chốt, như cải cách thể chế, quản trị hiện đại và chuyển đổi số; hướng mạnh vào giải quyết những bài toán lớn, những vấn đề khó, những điểm nghẽn trong quản lý điều hành và phát triển kinh tế - xã hội của đất nước.
Bà Phạm Thị Thanh Trà phát biểu tại đại hội
ẢNH: XUÂN TÙNG
Đồng thời, cần tổ chức phong trào hành động cách mạng theo hướng chuyên nghiệp và bền vững hơn, gắn chặt với các chương trình mục tiêu quốc gia.
Chú trọng xây dựng tổ chức Đoàn vững mạnh, thực sự là ""trường học xã hội chủ nghĩa"" để rèn luyện, sàng lọc và giới thiệu nguồn cán bộ trẻ chất lượng cho Đảng.
Phát biểu tại đại hội, anh Nguyễn Minh Triết biểu dương những thành tích xuất sắc mà cán bộ, đoàn viên, thanh niên Chính phủ đã đạt được. Theo anh Triết, tuổi trẻ Chính phủ đã chứng minh được vị thế, vai trò bằng những dấu ấn nổi bật như: bản lĩnh chính trị và sự tiên phong trong chuyển đổi số; trí tuệ và sức sáng tạo chuyên môn; tinh thần xung kích, trách nhiệm xã hội; công tác xây dựng Đoàn và tham gia xây dựng Đảng.
Anh Nguyễn Minh Triết phát biểu tại đại hội
ẢNH: XUÂN TÙNG
Trong nhiệm kỳ tới, anh Nguyễn Minh Triết đề nghị, Đoàn Thanh niên Chính phủ tăng cường giáo dục lý tưởng cách mạng và đạo đức công vụ, coi tinh thần cống hiến là lẽ sống của thanh niên Chính phủ.
Anh Triết nhấn mạnh, đoàn viên khối Chính phủ là những người trực tiếp tham mưu cơ chế, chính sách, xây dựng pháp luật và điều hành những huyết mạch kinh tế của đất nước. Các văn bản soạn thảo, mỗi quyết định tham mưu, mỗi sáng kiến kỹ thuật mà đoàn viên đề xuất đều tác động trực tiếp, sâu rộng đến sự phát triển của đất nước và đời sống của hàng triệu người dân. Vì vậy, yêu cầu bản lĩnh chính trị, đạo đức cách mạng phải được đặt lên hàng đầu.
Anh Triết cũng đề nghị Đoàn Thanh niên Chính phủ triển khai các phong trào với tư duy quản trị kiến tạo và tinh thần ""chỉ bàn làm, không bàn lùi"". Phong trào của Đoàn thanh niên Chính phủ không thể đo đếm bằng số lần ra quân hay lượt thanh niên tham gia mà phải đo bằng hiệu quả đóng góp vào nhiệm vụ chính trị của mỗi cơ quan, mỗi tổ chức của đơn vị mình.
Đại biểu tham dự đại hội
ẢNH: XUÂN TÙNG
Bên cạnh đó, cần đổi mới phương thức tình nguyện theo hướng bền vững, có địa chỉ và có sản phẩm đầu ra; ưu tiên hàng đầu tình nguyện tại chỗ, tình nguyện về chuyên môn. Xây dựng đội ngũ cán bộ Đoàn theo phương châm ""gần thanh niên, vì thanh niên"".
Anh Triết kỳ vọng trong nhiệm kỳ mới, Đoàn thanh niên Chính phủ sẽ tập trung nguồn lực thực hiện nhiệm vụ quan trọng, cụ thể là việc triển khai các công trình thanh niên để hỗ trợ trực tiếp, toàn diện cho 248 xã, phường đặc thù vùng biên giới trên mọi miền Tổ quốc còn nhiều khó khăn.
Anh Bùi Hoàng Tùng được chỉ định giữ chức Bí thư Đoàn Thanh niên Chính phủ khóa I
ẢNH: XUÂN TÙNG
Đại hội đã công bố quyết định của T.Ư Đoàn chỉ định Ban Chấp hành, Ban Thường vụ, Bí thư, Phó bí thư, Ủy Ban Kiểm tra, Chủ nhiệm, Phó chủ nhiệm Ủy ban Kiểm tra Đoàn Thanh niên Chính phủ khóa I, nhiệm kỳ 2025 - 2030 và Quyết định chỉ định đoàn đại biểu đi dự Đại hội đại biểu toàn quốc Đoàn TNCS Hồ Chí Minh lần thứ XIII.
Theo đó, Ban Chấp hành Đoàn Thanh niên Chính phủ khóa I gồm 45 anh, chị; Ban Thường vụ gồm 11 anh, chị.
Anh Bùi Hoàng Tùng giữ chức Bí thư Đoàn Thanh niên Chính phủ khóa I, nhiệm kỳ 2025 - 2030. Hai Phó bí thư Đoàn Thanh niên Chính phủ khóa I là chị Đỗ Đức Hạnh và anh Vũ Huy Hoàng."
https://thanhnien.vn/2700-sv-ngheo-duoc-tang-ve-xe-ve-que-don-tet-185311197.htm,2.700 SV nghèo được tặng vé xe về quê đón tết,"Ngày 12.1, Trung tâm Hỗ trợ sinh viên TP.HCM đã công bố danh sách 2.700 SV ở các tỉnh, thành được tặng vé xe của chương trình “Hỗ trợ vé xe cho SV nghèo về quê đón Tết Tân Mão năm 2011”.","SV xem danh sách tại địa chỉwww.hotrosinhvien.vnvà nhận vé tại Phòng Tổ chức hành chính - Trung tâm Hỗ trợ sinh viên - 33 Nguyễn Thị Minh Khai, P.Bến Nghé, Q.1 (từ nay đến hết ngày 19.1). Khi đến nhận vé, mang theo CMND và thẻ sinh viên.
Lê Thanh"
https://thanhnien.vn/nhung-dia-diem-xem-countdown-va-phao-hoa-don-tet-duong-lich-2025-185241230221456148.htm,Những địa điểm xem countdown và pháo hoa đón tết Dương lịch 2025,"Năm 2024 chuẩn bị kết thúc, TP.HCM sẽ tổ chức nhiều sự kiện countdown (sự kiện đếm ngược) để chào đón năm mới 2025 và bắn pháo hoa hoành tráng. Vậy nơi nào tổ chức countdown? Cần lưu ý những gì khi đi countdown được vui vẻ hơn?","Theo Sở Giao thông vận tải TP.HCM, một số tuyến đường trung tâm ở Q.1 sẽ cấm các loại phương tiện lưu thông từ 14 giờ ngày 31.12.2024 đến 1 giờ ngày 1.1.2025 để tổ chức sự kiệncountdownchào đón năm mới.
Cụ thể là đường Lê Lợi (đoạn từ Pasteur đến Đồng Khởi) và đường Nguyễn Huệ (đoạn từ Lê Thánh Tôn đến Tôn Đức Thắng). Do đó, có thể di chuyển bằng các lộ trình thay thế để đến điểm vui chơi hoặc gửi xe tại các đoạn đường và trung tâm thương mại gần đó.
Sân khấu khu vực ở phố đi bộ Nguyễn Huệ đã được chuẩn bị để đón countdown
ẢNH: THÁI PHÚC
Ngoài phố đi bộ Nguyễn Huệ, ở khu vực Công viên bờ sông Sài Gòn (TP.Thủ Đức) sẽ tổ chức chương trìnhcountdownvà có bắn pháo hoa ở đầu hầm sông Sài Gòn (TP.Thủ Đức). Tại khu vực công viên, có các bãi giữ xe khá rộng rãi nhưng cần lưu ý về lưu lượng xe quá đông, điều này có thể dẫn đến tình trạng ùn tắc vào đêm countdown.
Khu vực sân khấu đón countdown tại Công viên bờ sông Sài Gòn nằm ngay dưới chân cầu Ba Son

Một địa điểm khác có bắn pháo hoa đón năm mới 2025 là khu đô thị Vạn Phúc nằm trên quốc lộ 13, P.HiệpBình Phước, TP.Thủ Đức. Nếu di chuyển từ trung tâm TP.HCM thì có thể đi theo hướng đường Xô Viết Nghệ Tĩnh, tiếp tục qua cầu Bình Triệu khoảng 1,5 km để đến khu đô thị Vạn Phúc.
Là người có kinh nghiệm đicountdown, Nguyễn Bích Trâm (24 tuổi), ngụ ở đường Nguyễn Văn Luông, P.10, Q.6 (TP.HCM) cho hay để có được những vị trí đẹp khi đi xem countdown thì nên đi sớm khoảng 2, 3 tiếng đồng hồ trước khi sự kiện diễn ra sự kiện. ""Mọi người nên mang theo đồ ăn nhẹ, đồng thời tìm vị trí gần các màn hình LED nếu đứng xa khu vực sân khấu để có thể xem chương trình countdown trọn vẹn nhất"", Bích Trâm nói.
Cần phải lưu ý chỗ gửi xe khi đi countdown
ẢNH: THÁI PHÚC
Bích Trâm cho biết các bạn nên cẩn trọng vấn đề trộm cắp, không nên mang theo những vật dụng có giá trị. Nếu có thì hãy mang theo 1 túi xách nhỏ để khỏi vướng víu khi tham gia sự kiện. ""Cũng cần chọn những chỗ không quá đông người để tránh khi mọi người ""quẩy"" cuồng nhiệt thì sẽ dễ dẫn đến bị chèn ép, thậm chí xảy ra giẫm đạp"", Trâm nói.
Cũng là người có kinh nghiệm đi countdown nhiều năm tại TP.HCM, Lê Quang Huy (24 tuổi), ngụ ở khu Vinhomes Grand Park (TP.Thủ Đức), cho biết: ""Khi dự những sự kiện đông người như countdown, các bạn nên chọn đón xe ôm công nghệ đến điểm vui chơi, sau đó ra về thì đi bộ đến những địa điểm không tắc đường để đón xe. Còn nếu đi xe máy thì phải chấp nhận về trễ một chút vì chắc chắn đường sẽ kẹt xe rất lâu"". Huy cho biết thêm nên chọn những thiết bị công nghệ có khả năng chụp ảnh tốt trong điều kiện thiếu sáng để có thể lưu giữ lại những khoảnh khắc tuyệt vời của đêm countdown.
Khu vực dọc bờ sông Sài Gòn, Q.1 cũng sẽ là điểm ngắm pháo hoa lý tưởng cho nhiều bạn trẻ
ẢNH: THÁI PHÚC
Mặc dù không thích đến những chốn đông người nhưng lại muốn đi xem pháo hoa, Nguyễn Thị Kim Ngọc (22 tuổi), ngụ ở đường D5, Q.Bình Thạnh (TP.HCM), cho biết: ""Năm nào cũng vậy, mình không vào khu vực sân khấu xem văn nghệ của sự kiện countdown do ở đó khá đông người. Mình chủ yếu đi ngắm pháo hoa nên chọn đến dọc bờ sông khu vực Q.1 cũng có thể xem bắn những màn pháo hoa đẹp mà không cần phải chen chúc"".
Kim Ngọc cho biết thêm ngoài đoạn dọc bờ sông Q.1, các bạn cũng có thể tìm đến các quán cà phê sân thượng trên địa bàn P.Thảo Điền, TP.Thủ Đức để có thể ngắm pháo hoa và thư giãn mà không phải sợ cảnh đông người."
https://thanhnien.vn/dat-tron-niem-tin-vao-the-he-cong-dan-kien-tao-dien-mao-moi-cho-tphcm-185251230122738905.htm,Đặt trọn niềm tin vào thế hệ công dân kiến tạo diện mạo mới cho TP.HCM,"Phát biểu tại Đại hội đại biểu Đoàn TNCS Hồ Chí Minh TP.HCM lần thứ I, nhiệm kỳ 2025 – 2030, ông Lê Quốc Phong, Ủy viên T.Ư Đảng, Phó bí thư thường trực Thành ủy TP.HCM, nhận định thanh niên TP.HCM hôm nay có một sứ mệnh lịch sử to lớn, là thế hệ công dân đầu tiên trực tiếp kiến tạo diện mạo mới cho TP.HCM.","Sáng 30.12, đã diễn ra phiên trọng thể Đại hội đại biểu Đoàn TNCS Hồ Chí Minh TP.HCM lần thứ I, nhiệm kỳ 2025 – 2030.
Ra mắt Ban Chấp hành Thành đoàn TP.HCM nhiệm kỳ 2025 - 2030
ẢNH: NỮ VƯƠNG
Đến dự đại hội có nguyên Chủ tịch nước Trương Tấn Sang, nguyên Phó Chủ tịch nước Trương Mỹ Hoa; nguyên Bí thư Thành ủy TP.HCM Nguyễn Thiện Nhân. Lãnh đạo T.Ư Đoàn có: anh Bùi Quang Huy, Ủy viên dự khuyết T.Ư Đảng, Bí thư thứ nhất T.Ư Đoàn; chị Nguyễn Phạm Duy Trang, Bí thư T.Ư Đoàn, Chủ tịch Hội đồng Đội T.Ư. Lãnh đạo TP.HCM có: ông Lê Quốc Phong, Ủy viên T.Ư Đảng, Phó bí thư thường trực Thành ủy; ông Nguyễn Văn Lợi, Ủy viên T.Ư Đảng, Trưởng đoàn ĐBQH; ông Võ Văn Minh, Chủ tịch HĐND; ông Nguyễn Phước Lộc, Phó bí thư Thành ủy, Chủ tịch Ủy ban MTTQ Việt Nam; và các Phó bí thư Thành ủy, Phó chủ tịch UBND.
Nhận định thanh niên TP.HCM hôm nay có một sứ mệnh lịch sử to lớn, là thế hệ công dân đầu tiên trực tiếp kiến tạo diện mạo mới cho TP.HCM, ông Lê Quốc Phong cho biết đây không chỉ đơn thuần là một dấu mốc hành chính mà là sự mở đầu của một kỷ nguyên phát triển với không gian rộng mở hơn, yêu cầu cao hơn, đòi hỏi một thế hệ thanh niên đủ bản lĩnh, trí tuệ và tinh thần trách nhiệm để tham gia với tư cách những chủ nhân của thành phố, cùng kiến tạo, cùng giữ gìn, cùng phát triển thành phố.
""Thành phố kỳ vọng ở các bạn không chỉ luôn nuôi dưỡng khát vọng vươn lên cho bản thân, mà cao cả hơn là tinh thần cống hiến vì lợi ích chung, vì thành phố, vì đất nước. Chính sự lựa chọn đầy trách nhiệm của mỗi người trẻ hôm nay sẽ trực tiếp định hình tầm vóc của thành phố trong tương lai"", ông Lê Quốc Phong khẳng định.
Ông Lê Quốc Phong, Ủy viên T.Ư Đảng, Phó bí thư thường trực Thành ủy TP.HCM, phát biểu chỉ đạo tại đại hội
ẢNH: NỮ VƯƠNG
Phó bí thư thường trực Thành ủy TP.HCM ghi nhận và đánh giá cao những kết quả đạt được của công tác Đoàn và phong trào thanh thiếu nhi thành phố trong thời gian qua. Trong nhiệm kỳ mới, ông Lê Quốc Phong đề nghị Thành đoàn TP.HCM cần tập trung giải pháp để thanh niên thành phố luôn có lòng yêu nước, luôn thể hiện lòng yêu nước ở mức độ cao nhất, trong nhận thức và cả hành động.
""Trong quá trình bồi đắp lòng yêu nước cho tuổi trẻ thành phố, Thành đoàn cần chú ý phát huy truyền thống quý báu của Đoàn Thanh niên TP.HCM, hình thành một lớp thanh niên thế hệ Z, alpha mang trong mình niềm tự hào về đất nước, truyền thống cách mạng, tuyền thống của các thế hệ thanh niên đi trước, biết trân trọng giá trị của hòa bình, độc lập đang được thừa hưởng"", ông Lê Quốc Phong nhắn gửi.

ẢNH: NỮ VƯƠNG

ẢNH: NỮ VƯƠNG

Thanh niên TP.HCM hôm nay là thế hệ công dân đầu tiên trực tiếp kiến tạo diện mạo mới cho thành phố
ẢNH: NỮ VƯƠNG
Trong 5 năm tới, ông Lê Quốc Phong đề nghị phong trào thanh niên thành phố cần tập trung vào các nội dung trọng tâm: tiên phong chuyển đổi số, xung kích xây dựng đô thị văn mình, dẫn đầu trong khởi nghiệp, đổi mới sáng tạo.
""Thành phố hôm nay đã lớn hơn rất nhiều về quy mô diện tích, không gian phát triển, bên cạnh những thời cơ, tiềm năng, thế mạnh mới cũng đặt ra không ít thách thức, khó khăn. Cán bộ làm công tác thanh niên của thành phố hôm nay từ cấp thành cho đến cơ sở cũng phải đặt mình trong sự thay đổi này để điều chỉnh phương pháp, nhanh chóng thích ứng và hoàn thành tốt nhiệm vụ"", ông Lê Quốc Phong nói.
Phó bí thư thường trực Thành ủy TP.HCM cho biết lãnh đạo thành phố luôn dành sự tin tưởng và tạo mọi điều kiện thuận lợi nhất để thanh niên phát triển toàn diện, bởi thanh niên chính là nguồn lực chiến lược đặc biệt nhất, động lực quan trọng thúc đẩy sự phát triển bền vững và bứt phá của thành phố mới. Lãnh đạo thành phố sẵn sàng tin tưởng giao cho tuổi trẻ những việc khó, việc mới, những nhiệm vụ quan trọng mang tầm vóc dài hạn, bởi chúng tôi tin rằng các bạn có đủ bản lĩnh, đủ trí tuệ và đủ khát vọng để đảm đương, thực hiện.
Ghi nhận và biểu dương cao những kết quả đạt được trong công tác Đoàn và phong trào thanh thiếu nhi TP.HCM giai đoạn 2025 – 2030, anh Bùi Quang Huy, Ủy viên dự khuyết T.Ư Đảng, Bí thư thứ nhất T.Ư Đoàn, cho biết trong dòng phát triển mạnh mẽ và đầy khát vọng của TP.HCM, tuổi trẻ thành phố mang tên Bác luôn là lực lượng xung kích, sáng tạo và có nhiều đóng góp quan trọng.
Anh Bùi Quang Huy khẳng định Thành đoàn TP.HCM tiếp tục là cái nôi của nhiều mô hình, cách làm mới, sáng tạo, có chiều sâu, có khả năng nhân rộng trên toàn quốc. Trên tất cả các mặt công tác đều xuất hiện các mô làm hay, giải pháp hiệu quả… Tất cả đã vẽ nên một bức tranh rất đẹp của phong trào thanh thiếu nhi thành phố mang tên Bác.
Anh Bùi Quang Huy, Ủy viên dự khuyết T.Ư Đảng, Bí thư thứ nhất T.Ư Đoàn, khẳng định Thành đoàn TP.HCM tiếp tục là cái nôi của nhiều mô hình, cách làm mới, sáng tạo, có chiều sâu, có khả năng nhân rộng trên toàn quốc
ẢNH: NỮ VƯƠNG
Anh Huy cũng nhận định phong trào thanh thiếu nhi của thành phố không chỉ có sức lan tỏa tại địa phương mà còn góp phần trợ sức, hỗ trợ các Tỉnh, Thành đoàn trên cả nước; đưa lực lượng thanh niên, tình nguyện viên về hỗ trợ các địa phương khác, nhất là tại các địa bàn còn khó khăn…
Bên cạnh đó, anh Bùi Quang Huy biểu dương Thành đoàn TP.HCM là một trong những đơn vị đi đầu trong đổi mới phương thức chỉ đạo, tổ chức hoạt động và thúc đẩy chuyển đổi số trong công tác Đoàn…
Trong bối cảnh mới, anh Bùi Quang Huy đề nghị công tác Đoàn và phong trào thanh thiếu nhi thành phố cần được định vị ở tầm cao hơn, cần tiên phong và chủ động hơn để góp sức trẻ xứng đáng vào việc hiện thực hóa khát vọng chung của Đảng bộ và nhân dân thành phố.
Anh Bùi Quang Huy, Ủy viên dự khuyết T.Ư Đảng, Bí thư thứ nhất T.Ư Đoàn và chị Nguyễn Phạm Duy Trang, Bí thư T.Ư Đoàn, Chủ tịch Hội đồng Đội T.Ư, tặng hoa chúc mừng đại hội
ẢNH: NỮ VƯƠNG
Anh Bùi Quang Huy cho biết TP.HCM mới hiện nay là địa phương có quy mô dân số lớn nhất cả nước, trong đó có hơn 3,5 triệu thanh niên đang sinh sống, học tập và làm việc trên một không gian đặc biệt rộng và đa dạng. Quy mô ấy đặt ra yêu cầu rất cao đối với công tác Đoàn và đặt Thành đoàn TP.HCM vào một bối cảnh rất mới, rất khác.
""Tình hình mới, bộ máy mới đòi hỏi tư duy phải mới; bộ máy tinh gọn hơn không có nghĩa là làm ít đi mà đòi hỏi phải làm thông minh hơn, hiện đại hơn. Thành đoàn cần tiếp tục đẩy mạnh chuyển đổi số, nhất là trong quản trị công việc, điều phối lực lượng và đánh giá kết quả thực hiện..."", anh Bùi Quang Huy nhấn mạnh.

ẢNH: NỮ VƯƠNG

ẢNH: NỮ VƯƠNG
Những sản phẩm khoa học, công nghệ, kỹ thuật của người trẻ TP.HCM góp mặt tại đại hội
ẢNH: NỮ VƯƠNG
Bên cạnh đó, Bí thư thứ nhất T.Ư Đoàn đề nghị Thành đoàn TP.HCM cần tiếp tục phát huy mạnh mẽ vai trò dẫn dắt, lan tỏa đối với khu vực phía nam và cả nước. Không chỉ tổ chức phong trào cho riêng thành phố mà còn trợ sức, điều phối lực lượng, chia sẻ mô hình, chuyển giao kinh nghiệm, đưa các đội hình tham gia hỗ trợ các địa phương khác khi có yêu cầu. Thông qua đó, khẳng định rõ hơn vai trò của Thành đoàn không chỉ là tổ chức Đoàn của một địa phương lớn mà còn là trung tâm sáng tạo, điểm tựa phong trào của khu vực và cả nước. Với vị thế của mình, Thành đoàn cần đặt trách nhiệm tiên phong trong tổng kết thực tiễn và đề xuất với T.Ư Đoàn các chủ trương, mô hình, giải pháp hay trong công tác Đoàn và phong trào thanh thiếu nhi, phù hợp với tình hình và yêu cầu của giai đoạn mới."
https://thanhnien.vn/anh-ngo-minh-hai-duoc-chi-dinh-giu-chuc-bi-thu-thanh-doan-tphcm-185251230005503552.htm,Anh Ngô Minh Hải được chỉ định giữ chức Bí thư Thành đoàn TP.HCM,"Sáng 30.12, tại không gian mở của Nhà văn hóa Thanh niên TP.HCM đã diễn ra phiên trọng thể Đại hội đại biểu Đoàn TNCS Hồ Chí Minh TP.HCM lần thứ I, nhiệm kỳ 2025 – 2030.","Đến dự đại hội có nguyên Chủ tịch nước Trương Tấn Sang, nguyên Phó Chủ tịch nước Trương Mỹ Hoa; nguyên Bí thư Thành ủy TP.HCM Nguyễn Thiện Nhân. Lãnh đạo T.Ư Đoàn có: anh Bùi Quang Huy, Ủy viên dự khuyết T.Ư Đảng, Bí thư thứ nhất T.Ư Đoàn; chị Nguyễn Phạm Duy Trang, Bí thư T.Ư Đoàn, Chủ tịch Hội đồng Đội T.Ư. Lãnh đạo TP.HCM có: ông Lê Quốc Phong, Ủy viên T.Ư Đảng, Phó bí thư thường trực Thành ủy; ông Nguyễn Văn Lợi, Ủy viên T.Ư Đảng, Trưởng đoàn ĐBQH; ông Võ Văn Minh, Chủ tịch HĐND; ông Nguyễn Phước Lộc, Phó bí thư Thành ủy, Chủ tịch Ủy ban MTTQ Việt Nam; và các Phó bí thư Thành ủy, Phó chủ tịch UBND.
Anh Bùi Quang Huy, Ủy viên dự khuyết T.Ư Đảng, Bí thư thứ nhất T.Ư Đoàn; chị Nguyễn Phạm Duy Trang, Bí thư T.Ư Đoàn, Chủ tịch Hội đồng Đội T.Ư tặng hoa chúc mừng đại hội
ẢNH: NỮ VƯƠNG
Tại đại hội đã công bố Quyết định chỉ định nhân sự Ban Chấp hành Đoàn TNCS Hồ Chí Minh TP.HCM khóa I, nhiệm kỳ 2025 - 2030 gồm 59 người; trong đó có 19 Ủy viên Ban Thường vụ, 5 Phó bí thư và 1 Bí thư.
Anh Ngô Minh Hải, Bí thư Thành đoàn TP.HCM giai đoạn 2022 - 2025 được chỉ định giữ chức Bí thư Thành đoàn TP.HCM nhiệm kỳ 2025 – 2030. 5 Phó bí thư gồm các anh, chị: Lê Tuấn Anh, Nguyễn Đăng Khoa, Nguyễn Minh Sơn, Trịnh Thị Hiền Trân, Hồ Thị Ánh Tuyết. Ủy ban Kiểm tra gồm 11 anh, chị do anh Nguyễn Minh Sơn, Phó bí thư Thành đoàn làm chủ nhiệm.
Anh Ngô Minh Hải được chỉ định giữ chức Bí thư Thành đoàn TP.HCM nhiệm kỳ 2025 - 2030
ẢNH: CLB NHIẾP ẢNH TRẺ
Đồng thời, đại hội đã công bố Quyết định chỉ định đoàn đại biểu của Thành đoàn TP.HCM tham dự Đại hội Đoàn toàn quốc lần thứ XIII gồm 4 đại biểu đương nhiên, 38 đại biểu chính thức và 6 đại biểu dự khuyết.
Với chủ đề: ""Tuổi trẻ TP.HCM Khát vọng - Sáng tạo - Xung kích - Bản lĩnh, xây dựng đô thị thông minh, vì thành phố có chất lượng sống tốt, văn minh, hiện đại, nghĩa tình"" và khẩu hiệu hành động của nhiệm kỳ: ""Yêu nước – Đoàn kết – Xung kích – Sáng tạo - Hội nhập"", Đại hội đại biểu Đoàn TNCS Hồ Chí Minh TP.HCM lần thứ I, nhiệm kỳ 2025 - 2030, với những quyết sách và định hướng chiến lược, là tiền đề để tuổi trẻ thành phố tiếp tục khẳng định vai trò xung kích, đóng góp tích cực vào mục tiêu xây dựng TP.HCM văn minh, hiện đại, nghĩa tình, có chất lượng sống tốt.
Anh Ngô Minh Hải (38 tuổi, quê quán xã Thới Bình, tỉnh Cà Mau). Trình độ chuyên môn, nghiệp vụ: thạc sĩ ngành quản lý công, cử nhân công nghệ sinh học; trình độ lý luận chính trị: cao cấp.
Quá trình công tác:
- Từ tháng 9.2002 đến tháng 1.2010: Ủy viên Ban Chấp hành Đoàn phường 14, Q.10 (từ tháng 8.2005 đến tháng 3.2006); Thành viên Ủy ban Hội Liên hiệp thanh niên Việt Nam phường 14, Q.10 (từ tháng 8.2005 đến tháng 12.2008)
- Từ tháng 1.2010 đến tháng 3.2016: công tác tại Quận đoàn 10, lần lượt giữ nhiệm vụ cán bộ Ban Tổ chức Quận đoàn 10 (đến tháng 8.2010); Ủy viên Ban Chấp hành, Chánh Văn phòng Quận đoàn 10 (đến tháng 2.2012); Phó bí thư Quận đoàn, Chủ tịch Hội đồng Đội Quận 10 (đến tháng 10.2013); Quyền Bí thư, rồi Bí thư Quận đoàn 10 (đến tháng 3.2016); tham gia Ban Chấp hành Thành Đoàn (từ tháng 11.2015)
- Từ tháng 4.2016 đến tháng 6.2025: công tác tại Cơ quan chuyên trách Thành đoàn, lần lượt giữ nhiệm vụ Phó ban Tổ chức Thành đoàn (đến tháng 7.2017), Phó chủ nhiệm Ủy ban Kiểm tra Thành đoàn (từ tháng 2.2017 đến tháng 11.2017), Trưởng ban Mặt trận - An ninh quốc phòng - Địa bàn dân cư (từ tháng 7.2017 đến tháng 7.2021); được bầu giữ chức vụ Phó bí thư (từ tháng 11.2017), Phó bí thư thường trực (từ tháng 7.2021), rồi Bí thư Thành đoàn (từ tháng 5.2024);
- Từ tháng 6.2025 đến tháng 12.2025: được chỉ định làm Bí thư Thành đoàn TP.HCM (sau sắp xếp) giai đoạn lâm thời, Phó chủ tịch Ủy ban MTTQ Việt Nam thành phố, Phó bí thư Đảng ủy MTTQ Việt Nam thành phố, Bí thư Đảng ủy bộ phận Ban Công tác Đoàn và Thanh thiếu nhi (từ tháng 8.2025)  Tháng 12.2025 được Ban Bí thư T.Ư Đoàn chỉ định giữ chức vụ Bí thư Thành đoàn TP.HCM khóa I, nhiệm kỳ 2025 – 2030.
Tham gia Ban Chấp hành Hội Sinh viên Việt Nam TP.HCM  (từ tháng 10.2016 đến tháng 12.2017);
Phó chủ tịch thường trực (từ tháng 9.2017), rồi Chủ tịch Hội Liên hiệp thanh niên Việt Nam TP.HCM (từ tháng 1.2019 đến nay);
Tham gia Ban Chấp hành Đảng bộ TP.HCM (từ tháng 12.2024); tham gia Ban Chấp hành (từ tháng 12.2022), rồi Ban Thường vụ T.Ư Đoàn (từ tháng 7.2024); tham gia Đoàn Chủ tịch Trung ương Hội Liên hiệp thanh niên Việt Nam (từ tháng 11.2019); tham gia Ủy ban MTTQ Việt Nam TP.HCM (từ tháng 12.2019);
Bí thư Đảng ủy cơ quan Thành đoàn (từ tháng 7.2024).
- Từ tháng 6.2025 đến tháng 12.2025: được chỉ định làm Bí thư Thành đoàn TP.HCM (sau sắp xếp) giai đoạn lâm thời, Phó chủ tịch Ủy ban MTTQ Việt Nam thành phố, Phó bí thư Đảng ủy MTTQ Việt Nam thành phố, Bí thư Đảng ủy bộ phận Ban Công tác Đoàn và Thanh thiếu nhi (từ tháng 8.2025).
- Tháng 12.2025 được Ban Bí thư T.Ư Đoàn chỉ định giữ chức vụ Bí thư Thành đoàn TP.HCM khóa I, nhiệm kỳ 2025 – 2030."
https://thanhnien.vn/vi-vu-tet-duong-lich-185251229204028613.htm,Vi vu tết Dương lịch,Kỳ nghỉ tết Dương lịch 2026 kéo dài 4 ngày là khoảng thời gian vừa đủ để bạn trẻ nghỉ ngơi sau một năm học tập và làm việc bận rộn.,"Với không ít người trẻ, tết Dương lịch là thời điểm lý tưởng để xách ba lô lên và đi. Trần Lê Phúc An (22 tuổi), ở trọ tại đường Tăng Nhơn Phú, P.Tăng Nhơn Phú, TP.HCM (trước đây là TP.Thủ Đức), cho biết dịp nghỉ năm nay sẽ tranh thủ về thăm nhà ở Bình Dương cũ, sau đó cùng nhóm bạn thực hiện chuyến phượt bằng xe máy lên Đà Lạt (Lâm Đồng).
Đà Lạt là một trong những địa điểm được nhiều bạn trẻ yêu thích
ẢNH: GIA LINH
""Nhóm tụi mình đã có ý định điĐà Lạttừ lâu. Tụi mình thích không khí lạnh, nhịp sống chậm và cảnh quan thiên nhiên ở đây. Đà Lạt cũng không quá xa TP.HCM nên rất phù hợp để vừa đi chơi, nghỉ dưỡng trong vài ngày"", Phúc An chia sẻ.
Không đặt nặng chuyện check-in, chuyến đi của Phúc An mang đúng tinh thần nghỉ ngơi cuối năm. Cô cho biết cả nhóm dự định chạy xe máy, đến nơi thì thưởng thức món ăn địa phương, uống cà phê, chụp vài tấm hình làm kỷ niệm; buổi tối quây quần đốt lửa, trò chuyện và đàn hát cùng nhau.
""Mình thích Đà Lạt vì không khí và thiên nhiên nên cũng sẽ hạn chế đến những nơi quá đông đúc. Với mình, tết Dương lịch giống như kỳ nghỉ lễ cuối cùng của năm để nghỉ ngơi thật sự, trước khi bắt đầu guồng chuẩn bị cho Tết Nguyên đán"", Phúc An nói.
Cũng chọn rời TP.HCM dịp này, Nguyễn Hữu Hiệp (24 tuổi), ngụ đường Huỳnh Tấn Phát, P.Tân Thuận, TP.HCM (trước đây là Q.7), quyết định đến Tây Ninh.
Hữu Hiệp trong chuyến du lịch Đà Lạt vào tháng 9 vừa qua
ẢNH: NVCC
""Trước hết mình sẽ ghé thăm người thân, sau đó thì đến thung lũng Ma Thiên Lãnh và hồ Dầu Tiếng. Mình rất thích những nơi có cảnh quan thiên nhiên hoang sơ, yên bình để được thả hồn vào cây cỏ, ngắm nhìn bầu trời xanh và hít thở không khí trong lành, vì nhịp sống ở thành phố vốn đã xô bồ rồi"", Hiệp chia sẻ.
Làm việc cho công ty nước ngoài, Hiệp có kỳ nghỉ khá dài, từ ngày 25.12.2025 đến hết 4.1.2026. ""Tuy nhiên, đến ngày 1.1.2026 mình mới bắt đầu chuyến đi, vì trước đó chỉ có mình được nghỉ sớm, bạn bè, người thân thì chưa. Những ngày ở nhà, mình tranh thủ học tiếng Anh rồi sau đó mới đi chơi"", Hiệp nói.
Với Hiệp, chuyến đi đầu năm không đơn thuần là đi chơi mà là cách để tái tạo năng lượng sau quãng thời gian làm việc kéo dài. ""Kỳ nghỉ này giúp mình làm những điều mình thích, sắp xếp và định hình lại cuộc sống, những việc đáng lẽ đã làm từ lâu nhưng bị công việc bận rộn cuốn đi mất"", Hiệp chia sẻ.
Có những bạn trẻ chọn cách tận hưởngtết Dương lịchbằng cách không đi xa, ưu tiên nghỉ ngơi và kết nối với những người thân quen. Hồ Thị Thu Thủy (23 tuổi), ngụ đường Cách Mạng Tháng 8, P.Hòa Hưng, TP.HCM (trước đây là P.13, Q.10), cho biết dịp tết Dương lịch sẽ về nhà một người chị ở Đồng Nai chơi 2 ngày 1 đêm.
Vũng Tàu là một địa điểm “đổi gió” không còn xa lạ với nhiều bạn trẻ ở TP.HCM
ẢNH: THẢO PHƯƠNG
""Tụi mình sẽ quây quần nấu ăn, ra vườn hái trái cây rồi ngồi trò chuyện với nhau sau thời gian dài không gặp"", Thủy chia sẻ. Theo Thủy, nhà chị có vườn cây ăn trái nên sẽ mang lại nhiều trải nghiệm thú vị, rất khác với nhịp sống đô thị.
Còn Đặng Anh Nhật, sinh viên năm cuối Trường ĐH Công nghệ TP.HCM, cho biết Vũng Tàu là lựa chọn phù hợp nhất cho kỳ nghỉ tết Dương lịch năm nay. ""Mình có thể dễ dàng di chuyển bằng xe máy, chỉ mất khoảng 3 tiếng đồng hồ. Địa điểm khá gần nên mình chọn đi về trong ngày"", Nhật chia sẻ.
Theo Nhật, dịp lễ thường rất đôngdu kháchnên kế hoạch của anh chàng là xuất phát từ sáng sớm và quay về vào chiều tối. ""Xuống đó tận hưởng gió biển, ăn bánh khọt, hải sản rồi về. Vũng Tàu cũng không có quá nhiều địa điểm để đi nên một ngày là đủ để đổi gió"", Nhật nói."
https://thanhnien.vn/di-choi-tet-duong-lich-can-canh-giac-nhung-gi-185251229145619974.htm,"Đi chơi Tết Dương lịch, cần cảnh giác những gì?","Tết Dương lịch là khoảng ""xả hơi"" được người trẻ mong đợi sau một năm học tập, làm việc căng thẳng. Những chuyến đi ngắn ngày, những buổi tụ tập bạn bè, những khung hình check-in đầu năm mới mang lại niềm vui và cảm hứng.","Tuy nhiên, thực tế cho thấy, chính sự háo hức trong dịpTết Dương lịchđó cũng khiến không ít người chủ quan, đối mặt với nhiều rủi ro khó lường.
""Chỉ nghĩ là nghỉ Tết Dương lịch có vài ngày nên không sao. Nhưng thực tế cho thấy rất dễ gặp sự cố"", Nguyễn Trung Thái (28 tuổi), ngụ ở đường Hồ Văn Huê, P.Đức Nhuận, TP.HCM (trước đây là P.9, Q.Phú Nhuận, TP.HCM) chia sẻ.
Thái kể dịp Tết Dương lịch năm ngoái đã cùng nhóm bạn chạy xe máy từ TP.HCM đi tỉnh Bà Rịa - Vũng Tàu (nay là TP.HCM). Do xuất phát trễ, cả nhóm chạy khá nhanh để kịp lịch, đến đoạn đông xe thì xảy ra va quẹt. ""May mắn không ai bị thương nặng, nhưng chuyến đi coi như ""toang"" ngay ngày đầu năm"", Thái nhớ lại.
Tết Dương lịch là dịp nhiều người trẻ đi chơi, du lịch để xả stress
ẢNH: THANH NAM
Theo chuyên gia đào tạo kỹ năng sinh tồn Hoàng Thanh Phúc, Công ty TNHH SSkills (Hà Nội), Tết Dương lịch tuy không phải kỳ nghỉ quá dài ngày, nhưng lại là thời điểm mật độ phương tiện tăng cao, nhất là ở các tuyến đường ra vào thành phố và các điểm du lịch gần.
""Nhiều người trẻ chọn xe máy làm phương tiện chính vì linh hoạt, tiết kiệm chi phí và ""có cảm giác tự do"". Tuy nhiên, chính lựa chọn này cũng tiềm ẩn không ít rủi ro nếu thiếu kinh nghiệm hoặc chủ quan"", ông Phúc nói.
Chị Cù Thị Thương Thư (37 tuổi, ngụ ở đường Đào Duy Anh, P.Đức Nhuận, TP.HCM; trước đây là P.9, Q.Phú Nhuận, TP.HCM), kể: ""Chúng tôi từng chạy xe đi cắm trại ở một nơi cách TP.HCM khoảng 40 km. Đoạn đường tối và vắng nên có bạn chạy khá nhanh. Lúc về thì ai cũng mệt, thiếu ngủ, may mà chưa có chuyện gì xảy ra"".
Ông Phúc cho rằng: ""Nguyên nhân tai nạn dịp lễ thường đến từ tâm lý vội vàng, mệt mỏi, sử dụng rượu bia, phóng nhanh vượt ẩu, đặc biệt là chạy xe đường dài nhưng không nghỉ ngơi hợp lý. Với người trẻ, những chuyến đi ngắn ngày thường bị xem nhẹ khâu chuẩn bị, dẫn đến rủi ro tăng cao"".
Cần lưu ý đề phòng bảo quản tài sản ở chốn đông người
ẢNH: THANH NAM
Phố đi bộ, chợ đêm, khu vui chơi, lễ hội đếm ngược… là những điểm đến không thể thiếu dịp Tết Dương lịch.Tuy nhiên, theo anh Đỗ Minh Mẫn (32 tuổi, làm việc tại số 6 Nguyễn Thị Minh Khai, P.Sài Gòn, TP.HCM; trước là P.Đa Kao, Q.1, TP.HCM), thì đây cũng là ""địa bàn hoạt động"" quen thuộc của các đối tượng móc túi, trộm cắp.
""Nếu chen chúc chụp ảnh cùng bạn bè ở chốn đông người mà không cẩn thận thì tài sản dễ ""không cánh mà bay"". Chỉ lơ là vài phút để tạo dáng chụp ảnh, quay video là có thể mất tài sản"", anh Mẫn nói
Không ít người trẻ thừa nhận, khi đi chơi thường để điện thoại, ví tiền ở túi quần sau, túi áo khoác, hoặc đặt hớ hênh trên bàn khi ngồi quán cà phê, quán ăn. Và sự chủ quan này khiến kẻ gian dễ dàng ra tay, nhất là trong đám đông.
Trần Tiến Bảo, thành viên trang chongluadao.vn, cho biết: ""Tết Dương lịch cũng là mùa cao điểm của cácchiêu trò lừa đảođặt phòng, vé xe, tour du lịch giá rẻ trên mạng xã hội. Các fanpage giả mạo homestay, resort với hình ảnh đẹp, giá ""mềm"" đánh trúng tâm lý muốn đi chơi tiết kiệm của người trẻ. Đây là thủ đoạn lừa đảo không mới, nhưng dịp lễ ngắn ngày khiến nhiều người trẻ vội vàng, thiếu kiểm tra thông tin. Việc chuyển tiền đặt cọc qua tài khoản cá nhân, không có hợp đồng hay xác nhận rõ ràng là nguyên nhân chính dẫn đến mất tiền"".
Cũng theo anh Bảo, với nhiều người trẻ, đi chơi Tết Dương lịch không thể thiếu việc đăng ảnh lên mạng xã hội, cập nhật một cách liên tục.
""Tuy nhiên, thói quen này lại tiềm ẩn những rủi ro khó lường. Khi đăng ảnh kể đang đi chơi xa vài ngày, vô tình đang nói cho cả thế giới biết nhà hoặc phòng trọ không có ai. Với sinh viên, người lao động ở trọ, việc công khai lịch trình có thể tạo điều kiện cho kẻ xấu nhắm đến tài sản cá nhân. Ngoài ra, việc chia sẻ quá nhiều thông tin về địa điểm lưu trú, thời gian di chuyển cũng có thể gây mất an toàn cá nhân, nhất là với những người trẻ đi du lịch một mình"", anh Bảo nói thêm.
Bác sĩ Dương Nguyên Hiền, làm việc tại Bệnh viện Columbia Asia Bình Dương, lưu ý: ""Ăn uống thất thường, thức khuya, sử dụng rượu bia liên tục là ""đặc sản"" của những ngày lễ. Đừng nghĩ rằng chỉ vài ngày nghỉ thì ""không sao"". Vì thực tế, đã có không ít trường hợp nhập viện vì ngộ độc thực phẩm, đau dạ dày, say nắng, kiệt sức. Do đó, cần ăn uống và sinh hoạt một cách có kiểm soát. Đi chơi là để vui, nhưng nếu không biết điểm dừng, niềm vui rất dễ biến thành rủi ro""."
https://thanhnien.vn/ngay-dau-nam-moi-o-tphcm-vua-di-choi-vua-khong-ton-tien-di-chuyen-185251229203551921.htm,"Ngày đầu năm mới: Ở TP.HCM vừa đi chơi, vừa không tốn tiền di chuyển","Năm mới không phải lúc nào cũng cần xách va li đi xa. Giữa nhịp sống quen thuộc của TP.HCM, chỉ cần đổi cách di chuyển, đổi góc nhìn, bạn đã có thể mở ra một hành trình rất khác.","Dịp tết Dương lịch 2026, hàng loạt chính sách miễn vé giao thông công cộng cùng các hoạt động văn hóa,du lịchngay trong thành phố đã biếnTP.HCMthành một ""điểm đến tại chỗ"" vô cùng hấp dẫn.
Gia đình chị Trần Thị Mỹ Hạnh (35 tuổi), xã Hóc Môn (TP.HCM), chọn xe buýt là phương tiện di chuyển những dịp lễ vì vừa mát mẻ, vừa miễn phí
ẢNH: AN VY
Theo thông tin từ Công ty CP xe khách Phương Trang, toàn bộ hành khách sử dụng các tuyến xe buýt do đơn vị này khai thác trong ngày 1.1.2026 đều được miễn vé, áp dụng cho cả tuyến trợ giá lẫn không trợ giá. Phương Trang đang vận hành số lượng tuyến buýt lớn nhất TP.HCM với 78 tuyến, phủ khắp nhiều khu vực nội, ngoại thành. Song song đó, theo thông tin từ Trung tâm quản lý giao thông công cộng TP.HCM, toàn bộ các tuyến xe buýt có trợ giá khác do các doanh nghiệp còn lại khai thác trên địa bàn thành phố cũng sẽ miễn vé trong ngày 1.1.2026, góp phần giảm chi phí đi lại và khuyến khích người dân sử dụng phương tiện công cộng.
Bên cạnh xe buýt, đại diện Công ty TNHH MTV Đường sắt đô thị số 1 cho biếttuyến metroBến Thành - Suối Tiên sẽ miễn vé cho toàn bộ hành khách trong ngày 1.1.2026 với 3 hình thức khác nhau. Cụ thể, hành khách có thể dùng thẻ căn cước hoặc CCCD gắn chip để quét tại cổng soát vé; hoặc sử dụng mã QR trên ứng dụng HCMC Metro HURC, chọn chức năng ""QR Vươn mình"", tạo vé điện tử và quét tại cổng; hoặc nhận vé giấy có mã QR tại các ki ốt tự động trong nhà ga rồi quét để lên tàu.
Tuyến metro Bến Thành - Suối Tiên sẽ miễn vé cho toàn bộ hành khách trong ngày 1.1.2026
ẢNH: V.B
Trần Ngọc Thanh Thảo (28 tuổi), ngụ đường Đặng Văn Bi, P.Thủ Đức (TP.HCM), chia sẻ rằng nếu muốn khám phá trọn vẹn tuyến metro, bạn nên mua vé ngày với giá 40.000 đồng để thoải mái lên xuống nhiều ga. Theo gợi ý của Thảo, hành trình có thể bắt đầu từ ga Bến Thành để tham quan chợ Bến Thành, chụp ảnh xuân và cảm nhận không khí nhộn nhịp đầu năm. Sau đó, bạn tiếp tục di chuyển đến ga Nhà hát Thành phố để dạo phố, nhâm nhi ly trà sữa đào và mua sắm tại các trung tâm thương mại lân cận. Các ga Ba Son, An Phú sở hữu nhiều góc ngoài trời thoáng đãng, thích hợp để chụp ảnh; trong khi ga Thảo Điền lại nằm gần khu phố Tây sôi động, tập trung nhiều quán ăn, bar và hoạt động giải trí cho giới trẻ, rất thích hợp để bạn vui chơi về đêm.
Dịp này, Thảo cầm viên tổ chức ""Tuần lễ văn hóa quốc tế - Đón mừng năm mới 2026"" với nhiều hoạt động trải nghiệm. Đặc biệt, trong khung giờ từ 17 - 21 giờ, khách tham quan được miễn vé vào cổng từ ngày 30.12.2025 - 4.1.2026. Tại đây, du khách có thể dạo quanh hơn 80 gian hàng ẩm thực đa vùng miền, đa quốc gia, hòa mình vào các hoạt động văn hóa, giải trí từ truyền thống đến hiện đại…"
https://thanhnien.vn/tphcm-to-chuc-countdown-chao-nam-moi-2026-tai-pho-di-bo-nguyen-hue-18525122611594933.htm,TP.HCM tổ chức 'countdown' chào năm mới 2026 tại phố đi bộ Nguyễn Huệ,"TP.HCM dự kiến tổ chức sự kiện đếm ngược (countdown) chào năm mới 2026 tại phố đi bộ Nguyễn Huệ, nhằm tạo điểm nhấn dịp tết dương lịch.","Nội dung trên được nêu trong tờ trình của Sở Văn hóa và Thể thao gửi lãnh đạo UBND TP.HCM trên cơ sở chủ trương cho phép Công ty cổ phần bóng đá TP.HCM tổ chức chương trình đếm ngược (countdown) chào đón năm mới trong giai đoạn 2026 - 2030 tại khu vực phố đi bộ Nguyễn Huệ.
Theo Sở Văn hóa và Thể thao, sự kiệncountdownchào năm mới 2026 dự kiến được tổ chức tại phố đi bộ Nguyễn Huệ (đoạn từ đường Lê Lợi đến đường Tôn Đức Thắng), phường Sài Gòn. Thời gian tổ chức chính thức kéo dài trong 5 ngày, từ 27.12 đến hết ngày 31.12.
Về nội dung hoạt động, kế hoạch đề xuất tổ chức nhiều hạng mục phục vụ người dân tham quan, trải nghiệm. Cụ thể, tại khu vực giao với đường Lê Lợi bố trí một cổng chào. Dọc tuyến phố đi bộ Nguyễn Huệ dự kiến lắp đặt gian hàng trải nghiệm kết hợp bóng thổi hơi trang trí, tổ chức các hoạt động vui chơi, trải nghiệm cho người dân, kết hợp biểu diễn DJ và ban nhạc trong khung giờ từ 16 - 22 giờ.
Dự kiến, TP.HCM tổ chức sự kiện đếm ngược (countdown) chào đón năm mới 2026 trên phố đi bộ Nguyễn Huệ, phường Sài Gòn
ẢNH: SỸ ĐÔNG
Bên cạnh đó, một sân khấu phụ sẽ được bố trí đối diện khu vực gian hàng trải nghiệm để tổ chức biểu diễn của các dancer, hoạt động cao điểm vào ngày 31.12. Hệ thống 7 màn hình LED được lắp đặt dọc tuyến phố đi bộ để trình chiếu thông tin sự kiện và các video clip của đơn vị tài trợ.
Điểm nhấn của chương trình là sân khấu chính tại khu vực từ đường Tôn Đức Thắng đến đường Mạc Thị Bưởi, nơi diễn ra chương trình nghệ thuật đếm ngược chào năm mới trong khung giờ từ 19 giờ đến 24 giờ ngày 31.12.
Về nguồn kinh phí, sau khi UBND TP.HCM thống nhất kế hoạch, đơn vị tổ chức sự kiện sẽ đóng góp 6 tỉ đồng vào nguồn xã hội hóa phục vụ bắn pháo hoa và các hoạt động văn hóa khác của thành phố trong năm 2026. Trường hợp chậm đóng góp quá 7 ngày so với tiến độ, Sở Văn hóa và Thể thao sẽ tham mưu UBND TP.HCM xem xét không tiếp tục giao đơn vị này tổ chức chương trình trong các năm tiếp theo.
Liên quan đề xuất mở rộng phạm vi tổ chức sự kiện đếm ngược sang các khu vực khác, Sở Văn hóa và Thể thao cho biết trên cơ sở văn bản của Công ty cổ phần bóng đá TP.HCM, đơn vị không đề xuất mở rộng địa điểm tổ chức trong dịp chào đón năm mới 2026. Theo đó, sự kiện chỉ được tổ chức tạiphố đi bộ Nguyễn Huệtheo đúng chủ trương đã được UBND TP.HCM chấp thuận."
https://thanhnien.vn/tu-niem-tin-sat-son-den-nhung-tran-tro-cho-su-dong-gop-185251229204643606.htm,"Từ niềm tin sắt son đến những trăn trở cho sự đóng góp* Hôm nay diễn ra phiên trọng thể Đại hội đại biểu Đoàn TNCS Hồ Chí Minh TP.HCM lần thứ I, nhiệm kỳ 2025 - 2030","Trên chuyến metro lướt qua những công trình hiện đại của TP.HCM năng động đã mang theo những khát vọng, hoài bão của các đại biểu thanh niên đến với diễn đàn ""Sắt son niềm tin với Đảng"".","Đó cũng chính là một trong những điểm nhấn đặc sắc của Đại hội đại biểu Đoàn TNCS Hồ Chí Minh TP.HCM lần thứ I, nhiệm kỳ 2025 - 2030. 500 đại biểu được di chuyển trên chuyến metro hiện đại đến với các diễn đàn thanh niên hành động, để từ đó tiếp tục trăn trở, cùng nhau bàn luận và hiến kế cho sự phát triển vươn mình của thành phố trong thời gian tới.
Di chuyển trên phương tiện hiện đại để tiếp tục trăn trở về hiến kế phát triển
ẢNH: NỮ VƯƠNG
Trong bối cảnh hiện nay, khi đất nước đang bước vàokỷ nguyên mới, để thế hệ trẻ tiếp tục giữ vững niềm tin sắt son với Đảng và chuyển hóatinh thần yêu nướcấy thành những hành động cụ thể, tại Diễn đàn ""Sắt son niềm tin với Đảng"", ông Phạm Chánh Trực, nguyên Phó ban Kinh tế T.Ư, nguyên Phó bí thư Thường trực Thành ủy TP.HCM, Chủ nhiệm Câu lạc bộ truyền thống Thành đoàn TP.HCM, nhắc về lịch sử của dân tộc để nhấn mạnh vai trò lãnh đạo của Đảng với cách mạng VN, với nền độc lập của dân tộc.
Ông Phạm Chánh Trực nhắn gửi đến thế hệ trẻ hôm nay phải học lịch sử để có niềm tin sắt son với Đảng. Học lịch sử của dân tộc, lịch sử của Đảng, lịch sử ra đi tìm đường cứu nước và tấm gương của Bác; bên cạnh đó phải học lý luận chính trị Mác - Lênin, học để vận dụng vào thực tiễn, vào công việc mỗi ngày.
Đại biểu mang theo hoài bão và khát vọng từ chuyến metro hiện đại đến với đại hội
ẢNH: NỮ VƯƠNG
Tại chương trình, PGS-TS Nguyễn Thị Tuyết Mai, Phó bí thư Đảng ủy, Phó giám đốc Học viện Chính trị khu vực II, đã gây xúc động khi nhắc về câu chuyện của chính mình: ""Bố tôi khi còn là cậu học trò phổ thông đã vừa đi học, vừa làmthanh niênxung phong tham gia lấp hố bom ở Hà Tĩnh để quân mình đi vào chiến trường miền Nam. Sau này, bố cũng đi theo đoàn quân vào chiến trường Tây nguyên tham gia chiến đấu. Đến khi hòa bình lập lại, bố tôi về viết câu chuyện hòa bình với người vợ đã chờ đợi mình 7 năm, lúc đó tôi mới được sinh ra đời. Chính vì thế, tôi luôn tâm niệm rằng nếu không có chiến thắng, nếu bố không có sự trở về thì sẽ không có tôi của ngày hôm nay; nên trong tôi lúc nào, làm gì cũng luôn biết ơn hòa bình và trân trọng lịch sử"".
PGS-TS Nguyễn Thị Tuyết Mai nhắn gửi đến các bạn trẻ: ""Tôi lúc nào cũng tâm niệm tri thức, trí tuệ sẽ có thể tích lũy dần dần, nhưng điều quan trọng nhất là chúng ta phải có trái tim hồng và tuyệt đối không được để cho mình ở trạng thái trắng trong tim. Nếu như không có hiểu biết và trang bị về kiến thức lịch sử thì chúng ta sẽ ""trắng"" ở trong tim. Khi trái tim không hồng, không nhiệt huyết, khi không có cảm xúc biết ơn, trong mỗi người trẻ sẽ không có được những sự hy sinh lợi ích, ước mong nhỏ bé của mình vì những giá trị lớn hơn, đó là lý tưởng, là sự cống hiến"".
Là Công dân trẻ tiêu biểu TP.HCM năm 2023, trung tá Ngô Trường An, Chính ủy Trung đoàn Gia Định, Bộ Tư lệnh TP.HCM, cho rằng ""Sắt son niềm tin với Đảng"" không tự nhiên mà có, điều đó được đo bằng kỷ luật, lòng kiên định, bằng việc khắc phục mọi khó khăn để phấn đấu vươn lên… Trong thời buổi hiện nay, nhiều cơ hội nhưng cũng không ít thách thức lớn, các bạn đoàn viên, thanh niên cần có điểm tựa vững chắc. Điểm tựa đó theo trung tá An chính là tình yêu nước, là lòng tin vào Đảng, vào con đường mà Bác và Đảng đã lựa chọn.
Lên chuyến tàu đến với đại hội
ẢNH: NỮ VƯƠNG
""Chúng ta hay nói nhiều về sự hy sinh, nhưng hy sinh với tôi không phải là những điều gì đó quá lớn lao, mà chỉ cần là hy sinh sự dễ dãi để giữ kỷ luật, hy sinh cái tôi để làm việc vì tập thể, hy sinh một chút tiện nghi để thực hiện mọi nhiệm vụ được giao… Tôi luôn tâm niệm có thể chúng ta khác nhau về nghề nghiệp, hoàn cảnh, nhưng gặp nhau ở đây đều có một điểm chung, rằng chúng ta có khát khao cống hiến để xây dựng TP.HCM là đầu tàu, văn minh, hiện đại, nghĩa tình. Trong đó, điều quan trọng theo tôi là mỗi chúng ta cần xây dựng con người thông minh về hành xử, văn minh về ứng xử, hiện đại trong tư duy cũng như tử tế trong trái tim mình"", trung tá Ngô Trường An nói và nhắn gửi: ""Mỗi người trẻ chúng ta hãy sống có lý tưởng, làm việc có kỷ luật, cống hiến có hiệu quả và luôn sẵn sàng khi Tổ quốc cần"".
Như được truyền ngọn lửa nhiệt huyết từ thế hệ đi trước, các đại biểu tham gia diễn đàn đều thể hiện sự quyết tâm qua từng chia sẻ và hiến kế của mình. Nguyễn Hoàng Phúc, chuyên viên Ban Công tác Đoàn và Thanh thiếu nhi Thành đoàn TP.HCM, bày tỏ: ""Hôm nay chúng ta nhìn về lịch sử và biết được chính những cô chú trong Câu lạc bộ truyền thống Thành đoàn đã từng trải qua thời hoa lửa, họ phải đi bộ hàng chục cây số để lên khu căn cứ học nghị quyết. Từ nghị quyết đó về tuyên truyền cho chiến sĩ, đồng đội của mình để từ đó giữ ngọn lửa kiên trung, đi đến thắng lợi năm 1975 và sau đó là cuộc kiến thiết từ năm 1986 đến nay. Hôm nay, thế hệ trẻ chúng ta khi có được cơ hội, sẽ chính là người tiếp nối những câu chuyện nhưng ở thời đại khác, bằng phương thức khác, thông qua công nghệ, chuyển đổi số…"".
Nguyễn Hoàng Duy tâm huyết chia sẻ và đề xuất các giải pháp để thế hệ trẻ tiếp tục giữ vững niềm tin sắt son với Đảng và chuyển hóa tinh thần yêu nước ấy thành những hành động cụ thể
ẢNH: NỮ VƯƠNG
Nguyễn Hoàng Duy, Bí thư Chi bộ 20, Phó bí thư Đoàn Trường ĐH Công nghiệp TP.HCM, xúc động khi ngày 29.12 cách đây tròn 6 năm, chàng sinh viên năm 3 ngày ấy được đứng vào hàng ngũ của Đảng. Nhân ngày ""sinh nhật Đỏ"" của mình, được là đại biểu tham dự diễn đàn chính trị quan trọng của tuổi trẻ thành phố tại Đại hội đại biểu Đoàn TNCS Hồ Chí Minh TP.HCM lần thứ I, Duy vô cùng tự hào.
Trong thời khắc đầy tự hào ấy, Duy bày tỏ: ""Từ quá trình trui rèn của người đoàn viên trở thành đảng viên cho đến bây giờ là Bí thư chi bộ, tôi luôn tự nhắc nhở và thôi thúc mình phải nhận thức rõ, thực hiện đúng vai trò, trách nhiệm và giữ trọn lời thề đảng viên của mình. Bản thân phải có sự chuyển biến từ đã nỗ lực rồi phải nỗ lực hơn nữa, đã tiến bộ phải tiến bộ hơn nữa. Tiên quyết trong đó là phải giữ được lập trường, tư tưởng vững vàng và ý chí quyết tâm cao độ để có thể trở thành người đi trước hướng dẫn, đi cùng đồng hành và đi sau theo dõi những đồng chí của mình trong học tập lý luận, trong nâng cao năng lực tổ chức, chuyên môn và đi đôi với những việc làm, hành động thiết thực, đặc biệt phải biết trăn trở với sứ mệnh tuổi trẻ của mình trong sự phát triển không ngừng của xã hội"".
Từ kinh nghiệm thực tiễn và cảm nhận của bản thân, Duy nhận thấy để phát triển được đảng viên trẻ trong sinh viên, điều kiện đầu tiên là phải tạo môi trường học tập, rèn luyện thuận lợi, thiết thực nhất là từ tổ chức Đoàn - Hội các cấp trong nhà trường, phải tạo ra được một môi trường lý luận ""sống"", không chỉ suông chữ, không chỉ học vì bằng cấp mà học để hiểu - hiểu để làm. Đó là cách khiến sinh viên thấy mình cần Đảng, muốn phấn đấu theo Đảng và muốn cống hiến vì Đảng, qua đó giúp cho Đảng có thể thanh lọc ngay từ bước đầu, chọn lọc được nguồn lực trẻ chất lượng kết nạp vào hàng ngũ của Đảng.
""Tôi luôn tin khi mỗi sinh viên hiểu rõ và sống đúng với lý tưởng của mình, chúng ta sẽ góp phần xây dựng một môi trường học đường lành mạnh, đầy nhiệt huyết và tự hào dưới màu cờ cách mạng vẻ vang của Đảng và của cả dân tộc VN"", Duy chia sẻ."
https://thanhnien.vn/truong-cho-sinh-vien-goi-banh-tet-don-tet-tu-thang-12-duong-lich-185251229163022973.htm,Trường cho sinh viên gói bánh tét đón tết từ tháng 12 dương lịch,"Cuối tháng 12, nhưng ký túc xá trường này đã rộn ràng không khí chơi tết. Không đợi đến những ngày cận Tết Âm lịch, sinh viên nơi đây đã có dịp cùng nhau gói bánh tét, tham gia hội chợ xuân, hát karaoke và tận hưởng năm mới…","DùTết Nguyên đán vẫn còn khá xa, nhưng ký túc xá Trường ĐH Công nghệ kỹ thuật TP.HCM (trước đây là Trường ĐH Sư phạm kỹ thuật TP.HCM) đã sớm bật không khí đón xuân. Những ngày cuối năm, khuôn viên nơi đây trở nên nhộn nhịp khi đông đảo sinh viên cùng nhau gói bánh tét, tham gia hội chợ xuân, hát karaoke... tạo nên không gian rộn ràng, ấm áp.
Không khí phấn khởi đã hiện rõ khắp nơi trong trường. Hơn 15 gian hàng hoạt động hết công suất, thậm chí nhiều sinh viên kiên nhẫn xếp hàng chờ đến lượt chơi. Nguyễn Minh Khôi, sinh viên Khoa Điện tử tiên tiến, hào hứng giới thiệu gian hàng trò chơi bong bóng của nhóm mình: ""Tụi mình bơm tới 150 quả bóng mà hết veo chỉ trong tích tắc. Vậy đủ thấy gian hàng hút khách cỡ nào"".
Các gian hàng tết hấp dẫn sinh viên
ẢNH: AN VY
Gia đình ở Cần Thơ nên Khôi chọn ở ký túc xá. Dù việc chuẩn bị gian hàng khá vất vả, bạn vẫn cảm thấy rất vui vì được hòa vào không khí tết sớm. ""Bình thường tụi mình chỉ xoay quanh chuyện học, hiếm khi có dịp vui chơi đông đủ như vậy. Ngoài hội chợ, còn có thi gói bánh tét, hát karaoke sôi động nữa"", Khôi chia sẻ.
Theo Khôi, các gian hàng ẩm thực gây quỹ cho Chiến dịch Xuân tình nguyện là điểm nhấn thu hút sinh viên. Từ cá viên chiên, thịt nướng thơm lừng đến milo dầm mát lạnh, sâm dứa giải nhiệt… Tất cả được chuẩn bị kỹ lưỡng, hương vị thơm ngon khiến ai cũng thích mê ly. Chủ các gian hàng bật mí các nguyên liệu đều được chọn mua tại siêu thị, cửa hàng uy tín, có hóa đơn đầy đủ nhằm đảm bảo an toàn sức khỏe cho người thưởng thức.
Theo ban tổ chức, hoạt động này giúp các sinh viên sống ở xa nhà cảm thấy ấm áp trong những ngày cận tết
ẢNH: AN VY
Đứng túc trực ở quầy thịt nướng, Trịnh Phạm Thiện Nhân, quê Quảng Trị, cho biết cả nhóm đã dậy từ sớm để đi siêu thị mua nguyên liệu. ""Tụi mình chăm chút từng góc xuân để các bạn ở xa nhà vẫn cảm nhận được không khí tết trọn vẹn, không thấy thiếu thốn gì"", Nhân nói.
Gắn bó với ký túc xá nhiều năm, Nhân xem nơi đây như ngôi nhà thứ hai. Vì vậy, bạn cùng các bạn dốc hết sức để tạo nên một mùa xuân thật ấm áp cho những sinh viên không thể về quê sớm. ""Dù xa nhà, nhưng sáng ra thấy sắc xuân, cùng gói bánh tét, nghe tiếng cười nói rộn ràng là đã cảm nhận tết đang đến rất gần rồi"", Nhân chia sẻ.
Thiện Nhân bên quầy thịt nướng
ẢNH: AN VY
Ở gian hàng bên cạnh, Ngô Tấn Hưng cho biết bạn đã thức đến 3 giờ sáng để hoàn thiện gian ghép hình cho kịp ngày hội. Hưng nói ấn tượng nhất là góc check- in xuân với hình ảnh chú ngựa được trang trí lung linh. ""Góc này đang rất hot, là điểm sống ảo được nhiều bạn săn đón. Tụi mình tha hồ chụp ảnh gửi về quê khoe với ba mẹ"", Hưng hào hứng.
Lê Thúy Uyên, Trưởng ban tổ chức, người đã gắn bó với ký túc xá suốt 3 năm, cho biết đây là hoạt động thường niên của Liên chi hội sinh viên ký túc xá. ""Năm nay tụi mình tổ chức sớm hơn vì kỳ nghỉ Tết Dương lịch kéo dài đến 4 ngày, nhiều bạn quê gần TP.HCM sẽ về sớm. Tụi mình muốn các bạn có thêm thời gian vui chơi, quây quần cùng nhau trước khi ai nấy trở về nhà"", Uyên chia sẻ.
Cô bạn cho biết kế hoạch chương trình được chuẩn bị từ rất lâu. Thậm chí, ban tổ chức đã bắt đầu mua vật dụng từ giữa tháng 12 để trang trí và chuẩn bị cho mọi người tham gia hoạt động gói bánh tét.
Theo Uyên, tổ chức sớm giúp không khí nhộn nhịp và đông đủ hơn. Khi nhiều sinh viên đã về quê, thì việc tổ chức sẽ không còn trọn vẹn
ẢNH: AN VY
Thầy cô háo hức check in cùng góc tết
ẢNH: AN VY
Nguyễn Khắc Huy, Liên chi hội trưởng Liên chi hội sinh viên ký túc xá, quê Cần Thơ (trước đây là Sóc Trăng), xúc động cho biết: ""Tết Dương lịch quê xa quá nên mình không về được, chỉ chờ đến Tết Âm lịch. Một năm chỉ về nhà 2 lần thôi nên quý lắm. Hội chợ này khiến những bạn xa quê như mình cảm thấy rất ấm áp. Mình cảm thấy không hề cô đơn giữa thành phố xa lạ"".
Huy gửi lời nhắn nhủ: ""Chúc các bạn về quê sum vầy ấm áp bên gia đình. Còn những ai tết này chưa thể về nhà thì đừng buồn, vì ký túc xá chính là gia đình của chúng ta"".
Điều mà các sinh viên thích thú nhất là màn gói bánh tét. Thúy Uyên còn cho rằng dù khá vất vả, nhưng ai cũng rất vui vì được quây quần bên nhau. ""Với tụi mình, ký túc xá luôn là nhà. Vì vậy tối nay, cả nhà sẽ thay phiên nhau canh nồi bánh tét"", Uyên hóm hỉnh nói.
Buổi chiều tối, các bạn hào hứng gói bánh tét cùng nhau
ẢNH: AN VY
Thạc sĩ Đỗ Thị Hiếu, Phó giám đốc ký túc xá, cho biết đây là hoạt động truyền thống nhằm giúp sinh viên xa nhà không cảm thấy lẻ loi trong những ngày cận tết. ""Khi tham gia hội chợ này, các có cơ hội kết nối, sẻ chia và tạo nên không gian sinh hoạt ấm cúng. Mỗi năm chương trình mang một màu sắc riêng. Năm nay, điểm mới là kết hợp vui chơi giải trí với hoạt động thiện nguyện cho chiến dịch Xuân tình nguyện, thể hiện sự năng động, sáng tạo và tinh thần nhân văn của sinh viên"", thạc sĩ Hiếu nói."
https://thanhnien.vn/4-dia-diem-check-in-quen-loi-ve-trong-ky-nghi-tet-4-ngay-lien-tuc-sap-toi-185251225151853435.htm,4 địa điểm check-in quên lối về trong kỳ nghỉ tết 4 ngày liên tục sắp tới,"Chính phủ vừa chính thức đồng ý hoán đổi ngày làm việc để dịp Tết Dương lịch 2026 kéo dài 4 ngày liên tục. Đây là cơ hội tuyệt vời cho người dân xả hơi sau năm dài bận rộn. Nếu chưa biết đi đâu chơi, hãy thử ngay check-in với 4 tour biển ngắn gọn, vui tươi dưới đây. Toàn những điểm đến thú vị, dễ đi từ TP.HCM, phù hợp túi tiền sinh viên và dân văn phòng.","Chỉ cách trung tâm TP.HCM khoảng 2 giờ chạy xe, P.Vũng Tàu luôn là lựa chọn hàng đầu cho chuyến đi ngắn ngày, đặc biệt làdịp tết sắp tới. Bạn có thể tắm biển buổi sáng, chill cà phê view biển buổi trưa, rồi tối 31.12 đón countdown nghệ thuật ""Khơi sóng bình minh"" hoặc xem pháo hoa rực rỡ. Ăn uống thì khỏi bàn ở địa điểm này, toàn hải sản nướng tươi roi rói, bánh khọt nóng hổi… Nay đã có xe buýt chạy từ trung tâm TP.HCM, nên việc di chuyển đến P.Vũng Tàu hoàn toàn dễ dàng.
Du khách tắm biển tại P.Vũng Tàu
ẢNH: AN VY
Nếu thích phiêu lưu hơn, bạn có thể đi xe đêm đến Rạch Giá rồi tàu cao tốc ra Hòn Sơn để chiêm ngưỡng hòn đảo hoang sơ với núi rừng xanh mướt và biển trong veo. Đỉnh Ma Thiên Lãnh là nơi phải chinh phục để ngắm toàn cảnh đảo, ăn gà nướng… siêu ngon. Sau khi tắm biển Bãi Bàng, bạn có thể trải nghiệm hoạt động lặn ngắm san hô, nhâm nhi nước dừa tươi, ăn hải sản nướng. Nguyễn Phương Anh, sinh viên Trường ĐH Tôn Đức Thắng (TP.HCM) chia sẻ: ""Nơi đây thơ mộng lắm, nhìn như Bali nhưng gần gũi và rẻ hơn nhiều"". Chỉ cần 3 ngày 2 đêm tại Hòn Sơn, trải nghiệm cảnh đi tàu sáng sớm, trekking nhẹ nhàng, tối BBQ hải sản bên bờ biển, đảm bảo sẽ làm bạn vui quên lối về.
Hòn Sơn nên thơ với những cây dừa nghiêng
ẢNH: AN VY
Hòn Nưa nằm ở vịnh Vũng Rô, Đắk Lắk (trước là Phú Yên), nổi tiếng với nước trong veo như ngọc và ghềnh đá hùng vĩ hướng ra khơi. Đứng trên ghềnh đá cao, cảm giác như mũi thuyền lao ra biển lớn trông rất đẹp mắt. Khi đến đây, người viết thích thú ngắm nhìn bãi cát trắng mịn, nước biển trong veo. Hòn Nưa chưa nhiều khách biết nên không quá đông đúc, lý tưởng tắm biển, cắm trại… rất thích hợp cho những ai thích phiêu lưu nhẹ nhàng.
Hòn Nưa đẹp tựa bức tranh khiến ai một lần đi cũng nhớ mãi
ẢNH: AN VY - T.G
Hai điểm này gần nhau, dễ kết hợp trong một chuyến. Bình Hưng nước trong thấy đáy, cát trắng mịn, đúng chuẩn Maldives của nước ta. Khi đến đây, bạn nhớ check-in với hải đăng Hòn Chút, tham quan bãi đá trứng và ăn hải sản ngọt lịm khiến ai khi nhắc lại cũng thòm thèm. Cách đó không xa là Vĩnh Hy, một trong 4 vịnh đẹp nhất Việt Nam, hòa quyện núi rừng và biển đảo nguyên sơ. Đến Vĩnh Hy, bạn nhớ đặt tour đi tham quan đảo, đi thuyền đáy kính, hay trekking vườn quốc gia Núi Chúa.
Du khách chụp ảnh tại Vĩnh Hy
ẢNH: AN VY
Làng chài ven biển nhỏ xinh với nhiều hải sản hấp dẫn
ẢNH: AN VY
"
https://thanhnien.vn/hang-ngan-viec-lam-can-ung-vien-luong-30-45-trieu-dong-thang-185251211115201093.htm,"Hàng ngàn việc làm cần ứng viên, lương 30 - 45 triệu đồng/tháng",Rất nhiều việc làm đang cần tìm ứng viên mùa cuối năm. Các nhà tuyển dụng cho biết mức lương rất cao từ 30 - 45 triệu đồng/tháng.,"Sáng 11-12, Trung tâm dịch vụ việc làm TPHCM tổ chứcngày hội việc làm với 83 doanh nghiệp tham gia trực tiếp tuyển dụng, ghi nhận gần 18 ngàn vị trí còn trống ở nhiều lĩnh vực.
Chị Lâm Thúy Linh, chuyên viên tuyển dụng của Buffet Cửu Vân Long (TP.HCM), cho biết đơn vị đang có nhu cầu lớn về nhân sự với 6 cơ sở hoạt động. Doanh nghiệp tuyển phục vụ, tiếp thực quầy line, pha chế, phụ bếp nam, nữ, quầy bánh… với nhiều dạng ca làm như ca thẳng, ca gãy, ca bán thời gian.
Theo chị Linh, ngành F&B không đòi hỏi ứng viên phải có kinh nghiệm dày dặn, quan trọng nhất vẫn là thái độ làm việc. Môi trường tại hệ thống nhà hàng được mô tả thoáng mát, có máy lạnh, không gian sạch sẽ, sang trọng... Lương khởi điểm 8 - 15 triệu đồng/tháng, đóng bảo hiểm xã hội đầy đủ và nghỉ 4 ngày mỗi tháng.
Quầy tuyển dụng của Buffet Cửu Vân Long thu hút đông đảo ứng viên
ẢNH: AN VY
Chị Linh cho biết thêm đơn vị đang đẩy mạnh tuyển dụng mùa lễ hội cuối năm. Nhân viên part time được trả 27.000 đồng/giờ đồng hồ, kèm phụ cấp chuyên cần. Ngoài lương, người lao động có thưởng theo hiệu quả công việc, thưởng lễ tết, voucher sinh nhật và lương tháng 13. Công ty đào tạo kỹ năng định kỳ để tăng lương, cấp đồng phục và hỗ trợ 2 bữa ăn mỗi ngày.
Bà Nguyễn Thị Kim Quỳnh, đại diện Văn phòng tổng đại lý Prudential quận 7 (TP.HCM), cho biết đơn vị cần số lượng ứng viên rất lớn cho các vị trí quản lý và tư vấn bảo hiểm nhân thọ. ""Chúng tôi tuyển 100 trưởng phòng kinh doanh, 100 phó phòng và 100 chuyên viên tư vấn tài chính, bảo hiểm, thêm cả vị trí môi giới tài chính. Ngành này làm việc linh hoạt, không quản lý thời gian, miễn đảm bảo hiệu quả và năng lực. Vì vậy dù cuối năm chúng tôi vẫn tuyển liên tục"", bà Quỳnh nói.
Theo bà Quỳnh, với các vị trí quản lý, yêu cầu đặt ra cao hơn, nhất là khả năng dẫn dắt đội nhóm và thích ứng với cách làm việc của nhân sự gen Z. Bà Quỳnh nói quản trị nhân sự hiện nay khác hoàn toàn so với trước, nếu gò bó nhân viên thì khó giữ được đội ngũ. Với bộ phận kinh doanh, ứng viên cần thay đổi tư duy so với bán hàng truyền thống khi bán các sản phẩm bảo hiểm.
Thu nhập của nhân viên phụ thuộc vào kết quả kinh doanh. Bà Quỳnh cho biết có người chỉ cần mang về 2 khách hàng đã nhận trên 10 triệu đồng/tháng, được xem là mức trung bình. Với hợp đồng lớn hơn, đặc biệt từ nhóm khách hàng VIP, thu nhập có thể đạt vài chục đến hàng trăm triệu đồng/tháng.
Hàng loạt việc làm mới mùa cuối năm được dán trên bảng thông tin của trung tâm dịch vụ việc làm
ẢNH: AN VY
Ở lĩnh vực xuất khẩu lao động, Công ty Himawari (TP.HCM) thu hút sự quan tâm của nhiều ứng viên trẻ. Ông Trần Đức Tố, trưởng phòng cung ứng nhân lực, cho biết đơn vị đang triển khai các chương trình thực tập sinh và kỹ sư tại Nhật Bản và thời vụ tại Đan Mạch, độ tuổi từ 18 - 45. Tại Nhật Bản, ứng viên có thể tham gia các ngành cơ khí (sơn, tiện, phay, mài…), chế biến thực phẩm, thủy sản, nông nghiệp, dệt may, in ấn, trang trí nội thất… với điều kiện sức khỏe tốt và ý thức kỷ luật cao. Thu nhập thực tập sinh từ 30 - 45 triệu đồng/tháng, còn kỹ sư từ 40 - 50 triệu đồng/tháng.
Còn chị Trương Võ Hồng Quyên, nhân viên tuyển dụng Công ty Mirae Asset Việt Nam, cho biết công ty cần nhân sự cho nhiều vị trí như giám sát kinh doanh, chuyên viên cho vay thế chấp ô tô, tư vấn tín dụng trả góp trực tiếp và qua điện thoại. Theo chị Quyên, yêu cầu đầu vào tương đối đơn giản. Người lao động chỉ cần có tinh thần cầu tiến, mong muốn gắn bó và đồng hành cùng công ty. Các vị trí nhân viên chỉ cần tốt nghiệp THPT, còn giám sát yêu cầu kinh nghiệm quản lý 1 - 5 năm và trình độ từ trung cấp trở lên. Người lao động được đào tạo chuyên môn, có lộ trình thăng tiến rõ ràng, làm việc trong môi trường năng động.
Đại diện Công ty TTI Việt Nam cho biết doanh nghiệp này đang cần tuyển 3.000 công nhân sản xuất cho nhà máy tại Khu công nghiệp Tân Phú Trung (TP.HCM). Người lao động nhận việc trong đợt này còn được thưởng thêm 700.000 đồng. Tổng thu nhập có thể đạt 15 triệu đồng/tháng tùy năng suất.
Chị Nguyễn Lê Hạ Uyên, trưởng phòng tuyển dụng Công ty RPO Solutions, cho biết họ đang cần nhân viên sản xuất tại khu Công nghệ cao TP.Thủ Đức (cũ), công việc là vận hành máy chip, kiểm tra linh kiện, cấp phát nguyên vật liệu… Vị trí này không yêu cầu kinh nghiệm, chỉ cần tốt nghiệp THPT, tuổi từ 18 - 35. Thu nhập 8 - 11 triệu đồng/tháng, có xe đưa rước, thưởng hội nhập và bảo hiểm đầy đủ.
Chị Uyên (bên phải) phỏng vấn một ứng viên
ẢNH: AN VY
Ngoài ra, công ty chị Uyên còn tuyển trưởng nhóm bán hàng và cửa hàng trưởng cho một công ty sữa tại nhiều tỉnh thành. Cửa hàng trưởng có thu nhập 12 - 16 triệu đồng/tháng, công việc là quản lý cửa hàng, giám sát đội ngũ bán hàng, đảm bảo doanh số, triển khai chương trình khuyến mãi… Ứng viên thử việc hưởng 100% lương, được đóng bảo hiểm từ tháng đầu và nhận lương tháng 13. Vị trí yêu cầu tốt nghiệp cao đẳng trở lên, có kinh nghiệm quản lý, kỹ năng giao tiếp, xử lý tình huống và khả năng dẫn dắt đội nhóm. Ở vị trí trưởng nhóm bán hàng sẽ hưởng 12 - 15 triệu đồng/tháng, phụ trách hỗ trợ đội ngũ bán hàng, sắp xếp lịch làm việc, kết nối chủ cửa hàng và quản lý điểm bán... Ứng viên trưởng nhóm bán hàng cần có xe máy, sẵn sàng di chuyển, giao tiếp thuyết phục và làm việc chỉn chu."
https://thanhnien.vn/thuc-hien-nghiem-tinh-than-tang-hanh-dong-it-khau-hieu-va-nhieu-ket-qua-185251229130742084.htm,"Thực hiện nghiêm tinh thần 'tăng hành động, ít khẩu hiệu, và nhiều kết quả'","Phát biểu tại Đại hội đại biểu Đoàn TNCS Hồ Chí Minh tỉnh Thanh Hóa lần thứ XX, anh Nguyễn Tường Lâm, Bí thư T.Ư Đoàn, Chủ tịch Hội Liên hiệp thanh niên Việt Nam đề nghị khắc phục tình trạng báo cáo 'đẹp' nhưng kết quả mỏng, và thực hiện nghiêm tinh thần 'tăng hành động, ít khẩu hiệu, và nhiều kết quả'...","Sáng 29.12, Đại hội đại biểuĐoàn TNCS Hồ Chí Minhtỉnh Thanh Hóa lần thứ XX, nhiệm kỳ 2025 - 2030 diễn ra với chủ đề Khát vọng - Tiên phong -Sáng tạo - Phát triển.
Anh Nguyễn Tường Lâm, Bí thư T.Ư Đoàn, Chủ tịch T.Ư Hội Liên hiệp thanh niên Việt Nam phát biểu tại đại hội
ẢNH: MINH HẢI
Dự và phát biểu chỉ đạo đại hội,anh Nguyễn Tường Lâm, Bí thư T.Ư Đoàn, Chủ tịch T.Ư Hội Liên hiệp thanh niên Việt Nam ghi nhận và đánh giá cao giai đoạn 2022 - 2025 của nhiệm kỳ 2022 - 2027, tuổi trẻ tỉnh Thanh Hóa có nhiều điểm sáng. Đó là công tác tuyên truyền giáo dục đã có đổi mới mạnh mẽ, thực chất cả về nội dung và phương thức, các cấp bộ Đoàn đã triển khai sâu rộng xây dựng hình ảnh đẹp của thanh niên Thanh Hóa thời kỳ đổi mới, góp phần lan tỏa, định hướng cho ĐVTN đến với các giá trị tốt đẹp, văn minh và chuẩn mực.
Công tác chuyển đổi số và giáo dục được triển khai sáng tạo, đã tận dụng tối đa mạng xã hội và các công cụ hiện đại để chuyển tải chủ trương của Đảng, chính sách pháp luật. Trong giáo dục truyền thống cách mạng, lòng yêu nước, tự hào dân tộc đã lan tỏa và có đến hơn 3.000 hoạt động đền ơn đáp nghĩa, uống nước nhớ nguồn... Tinh thần xung kích tình nguyện của tuổi trẻ Thanh Hóa gắn với việc triển khai các phong trào hành động cách mạng ngày càng triển khai sâu rộng, thiết thực.
""Nhiệm kỳ quatuổi trẻ Thanh Hóathực hiện gần 43.000 công trình phần việc thanh niên được triển khai, với khoảng 3,6 triệu lượt thanh niên tham gia vào các hoạt động, đạt hơn 59 tỉ đồng. Đây là những con số không chỉ thể hiện quy mô, số lượng công trình, phần việc thanh niên mà còn thể hiện rất rõ vai trò, trách nhiệm cũng như năng lực tổ chức của cán bộ Đoàn…"", anh Nguyễn Tường Lâm nhấn mạnh.
Lãnh đạo T.Ư Đoàn và lãnh đạo tỉnh Thanh Hóa tặng hoa chúc mừng Ban Chấp hành Đoàn TNCS Hồ Chí Minh tỉnh Thanh Hóa nhiệm kỳ 2025 - 2030
ẢNH: MINH HẢI
Để phát huy tốt hơn nữa vai trò của cán bộ Đoàn, của ĐVNT trong thời kỳ mới, anh Lâm cho biết với mục tiêu, nhiệm vụ của tỉnh Thanh Hóa, của đất nước trong thời kỳ mới, đã và đang đặt ra cho thanh niên phải thể hiện vai trò tiên phong của mình, đóng góp sức trẻ cho sự phát triển kinh tế - xã hội của địa phương.
Do đó, Bí thư T.Ư Đoàn Nguyễn Tường Lâm đề nghị nhiệm kỳ tới cần tuyên truyền giáo dục các nội dung mang tính nguyên tắc để xây dựng lớp thanh niên mới yêu nước, có lý tưởng, có đạo đức, có bản lĩnh, chú trọng chuyển đổi số…
Tiếp tục nghiên cứu, đề ra các giải pháp, cách làm mới để tạo nên sự chuyển biến mạnh mẽ về chất lượng hoạt động của Đoàn, chất lượng sinh hoạt chi đoàn, khắc phục tình trạng báo cáo ""đẹp"" nhưng kết quả mỏng; đột phá phương thức hoạt động thì thực hiện nghiêm tinh thần ""tăng hành động, ít khẩu hiệu, và nhiều kết quả"".
Làm tốt công tác cán bộ Đoàn, xây dựng đội ngũ cán bộ Đoàn đáp ứng được yêu cầu, nhiệm vụ trong giai đoạn mới. Cán bộ Đoàn phải có tác phong, phương pháp và có trách nhiệm công vụ, phải thật sự gắn bó với thanh niên, bám sát cơ sở, kết nối mạnh mẽ không gian số, chủ động lắng nghe, thường xuyên đối thoại, gương mẫu, dám chịu trách nhiệm đến cùng với công việc được giao…
Báo cáo chính trị tại đại hội cho biết nhiệm kỳ qua tuổi trẻ Thanh Hóa đã có nhiều kết quả ấn tượng, như: tổ chức được hơn 3.000 hoạt động đền ơn đáp nghĩa, uống nước nhớ nguồn, với tổng nguồn lực huy động được là hơn 1,5 tỉ đồng; tu sửa, làm mới được 257 km đường giao thông; hỗ trợ tu sửa 35 nhà văn hóa, 48 nhà tạm, 208 nhà tiêu hợp vệ sinh, 82 bể nước sạch; sửa chữa, duy trì 2.145 tuyến đường, hẻm phố đảm bảo đi lại của người dân…
Đặc biệt, nhiệm kỳ qua, tuổi trẻ Thanh Hóa đã thực hiện được gần 43.000 công trình, phần việc thanh niên, thu hút hơn 3,6 triệu lượt thanh thiếu niên tham gia, với tổng giá trị đạt hơn 59,3 tỉ đồng…
Chị Lê Ngọc Ánh, Bí thư Tỉnh đoàn Thanh Hóa nhiệm kỳ 2022 - 2027 được bầu làm Bí thư Tỉnh đoàn Thanh Hóa nhiệm kỳ 2025 - 2030
ẢNH: MINH HẢI
Đại hội đã bầu Ban Chấp hành Đoàn TNCS Hồ Chí Minh tỉnh Thanh Hóa, nhiệm kỳ 2025 - 2030 gồm 49 anh, chị. Chị Lê Ngọc Ánh, Bí thư Tỉnh đoàn Thanh Hóa nhiệm kỳ 2022 - 2027 được bầu làm Bí thư Tỉnh đoàn Thanh Hóa nhiệm kỳ 2025 - 2030.
Chị Lê Ngọc Ánh có trình độ chuyên môn thạc sĩ kinh tế, trình độ lý luận chính trị cao cấp. Trước khi được bầu làm Bí thư Tỉnh đoàn Thanh Hóa, chị Ánh từng kinh qua các vị trí: Phó trưởng ban Thanh niên công nhân và đô thị Tỉnh đoàn; Phó trưởng ban Tổ chức Kiểm tra Tỉnh đoàn; Trưởng ban Tổ chức Kiểm tra Tỉnh đoàn; Phó bí thư Tỉnh đoàn, kiêm Trưởng ban Tổ chức Kiểm tra Tỉnh đoàn Thanh Hóa."
https://thanhnien.vn/gala-dong-duong-2025-3-quoc-gia-mot-tinh-doan-ket-khong-bien-gioi-185251229125301139.htm,Gala Đông Dương 2025: 3 quốc gia – một tình đoàn kết không biên giới,"Trong khuôn khổ Liên hoan Thanh niên Việt Nam - Campuchia - Lào năm 2025, Gala hữu nghị với chủ đề ""Thắm tình đoàn kết ba nước Đông Dương"" đã diễn ra trang trọng, ấm áp tại khách sạn Đông Dương (P.Kon Tum, tỉnh Quảng Ngãi).","Gala là hoạt động tổng kếtLiên hoan Thanh niênViệt Nam - Campuchia - Lào năm 2025, đồng thời tạo không gian để thanh niên ba nước gặp gỡ, giao lưu, vun đắp tình đoàn kết, hữu nghị truyền thống, hướng tới hợp tác toàn diện và phát triển bền vững. Liên hoan chính thức diễn ra từ ngày 25 - 28.12, với sự tham gia của 90 đại biểu thanh niên tiêu biểu đến từ 3 quốc gia Việt Nam, Campuchia và Lào.
Lãnh đạo cùng đoàn viên thanh niên 3 nước Việt Nam, Lào, Campuchia chụp ảnh lưu niệm tại đêm Gala
ẢNH: T.VY
Tham dự chương trình có đại diện đoàn đại biểu thanh niên Việt Nam, Campuchia, Lào; đại diện các bộ, ngành Trung ương; lãnh đạo tỉnh Quảng Ngãi, cùng đông đảo cán bộ, đoàn viên, thanh niên 3 nước.
Phát biểu tạiGala, chị Nguyễn Phạm Duy Trang, Bí thư T.Ư Đoàn, Chủ tịch Hội đồng Đội T.Ư, nhấn mạnh thành công của liên hoan không chỉ thể hiện ở quy mô hay số lượng hoạt động, mà quan trọng hơn là ở sự tham gia chủ động, tinh thần trách nhiệm và những cảm xúc chân thành của mỗi đại biểu thanh niên.
Theo chị Trang, thông qua các hoạt động cụ thể trong khuôn khổ liên hoan, thanh niên 3 nước đã có thêm cơ hội gặp gỡ, lắng nghe, thấu hiểu lẫn nhau; từ đó bồi đắp niềm tin, sự gắn kết và tinh thần hợp tác một cách tự nhiên, bền bỉ. ""Điều đọng lại sâu sắc nhất sau liên hoan chính là tình cảm chân thành và sự gắn bó được hình thành giữa thanh niên Việt Nam - Campuchia - Lào"", chị Trang chia sẻ.
Chị Nguyễn Phạm Duy Trang, Bí thư T.Ư Đoàn (áo dài hồng) trao đổi giao lưu với đại biểu Campuchia và Lào
ẢNH: T.VY
Ban Chấp hành T.Ư Đoàn kỳ vọng mỗi đại biểu tham dự sẽ mang theo những kỉ niệm đẹp, trải nghiệm ý nghĩa và tinh thần của liên hoan trở về với cộng đồng, địa phương mình, tiếp tục lan tỏa các giá trị tích cực bằng những hành động cụ thể, thiết thực trong học tập, lao động, cống hiến.
Cũng trong khuôn khổ Gala, đại diện tổ chức thanh niên Lào và Campuchia đã phát biểu chia sẻ cảm xúc, bày tỏ ấn tượng sâu sắc trước sự đón tiếp chu đáo của nước chủ nhà, đồng thời khẳng định quyết tâm của tuổi trẻ ba nước trong việc gìn giữ, phát huy và phát triển mối quan hệ đoàn kết,hữu nghịtruyền thống đã được các thế hệ đi trước dày công vun đắp.
Gala hữu nghị ""Thắm tình đoàn kết ba nước Đông Dương"" không chỉ là lời chào khép lại Liên hoan Thanh niên Việt Nam - Campuchia - Lào năm 2025, mà còn là điểm nhấn giàu ý nghĩa, góp phần khẳng định vai trò của thanh niên trong việc vun đắp tình đoàn kết, hữu nghị truyền thống và tăng cường giao lưu, hợp tác giữa ba quốc gia trong thời gian tới."
https://thanhnien.vn/kon-plong-hom-nay-troi-lanh-tinh-nguoi-thi-khong-185251229115347949.htm,Kon Plông hôm nay: Trời lạnh – tình người thì không,"Giữa tiết trời lạnh buốt vùng cao Kon Plông, chương trình ""Tình nguyện mùa Đông"" năm 2025 đã mang theo những phần quà, gửi gắm hơi ấm nghĩa tình của tuổi trẻ Quảng Ngãi đến với người dân và học sinh có hoàn cảnh khó khăn.","Sáng 29.12, tại Trường tiểu học Pờ Ê (xã Kon Plông, tỉnhQuảng Ngãi), Ban Thường vụ Tỉnh đoàn Quảng Ngãi phối hợp với Hội Liên hiệp thanh niên Việt Nam tỉnh và Hội Sinh viên Việt Nam tỉnh tổ chức lễ phát động Chương trình ""Tình nguyện mùa Đông"" năm 2025 giữa tiết trời lạnh buốt vùng cao.
Hoạt động thu hút sự tham gia của đông đảo đoàn viên, thanh niên, tình nguyện viên cùng bà con, học sinh vùng cao.
Chị Y Việt Sa, Phó bí thư Tỉnh đoàn Quảng Ngãi phát biểu tại lễ phát động
ẢNH: CẨM ÁI
Phát biểu tại buổi lễ, chị Y Việt Sa, Phó bí thư Tỉnh đoàn Quảng Ngãi, cho biết chương trình ""Tình nguyện mùa Đông"" là hoạt động thường niên mang ý nghĩa nhân văn sâu sắc, thể hiện tinh thần xung kích, trách nhiệm của tuổi trẻ đối với cộng đồng, nhất là ở vùng sâu, vùng xa, vùng đồng bào dân tộc thiểu số.
""Thông qua chương trình, tuổi trẻ Quảng Ngãi mong muốn góp phần sẻ chia khó khăn trong đời sống của người dân, tiếp thêm động lực để các em học sinh yên tâm học tập, để bà con có thêm niềm tin và nghị lực vươn lên trong cuộc sống"", chị Y Việt Sa nhấn mạnh.
Trao tặng áo ấm cho học sinh có hoàn cảnh khó khăn
ẢNH: CẨM ÁI
Ngay tại lễ phát động, Ban Tổ chức đã trao tặng nhiềuphần quàthiết thực cho người dân và học sinh có hoàn cảnh khó khăn trên địa bàn xã Kon Plông. Cụ thể, 100 suất quà nhu yếu phẩm, 100 chăn ấm, 600 áo ấm, 10 xe đạp và 100 thẻ bảo hiểm y tế đã được trao tận tay bà con và các em học sinh.
Những món quà tuy không lớn về vật chất nhưng chứa đựng tình người sự quan tâm, sẻ chia của tuổi trẻ Quảng Ngãi, góp phần giúp người dân và học sinh vùng cao vượt qua mùa đông giá lạnh. Nhiều phụ huynh, giáo viên không giấu được sự xúc động khi chứng kiến các em nhỏ được nhận áo ấm, xe đạp ngay trước thềm năm mới.
Đồng hành cùng chương trình là Đội Tìm kiếm cứu nạn và Trợ giúp nhân đạo cùng Hội Chữ thập đỏ tỉnh Vĩnh Long, góp phần hỗ trợ công tác tổ chức và kết nối các hoạt động nhân đạo, lan tỏa tinh thần tương thân tương ái.
Khám sức khỏe miễn phí cho người dân
ẢNH: CẨM ÁI
Bên cạnh hoạt động trao quà, đội ngũ y, bác sĩ Bệnh viện đa khoa tư nhân Phúc Hưng còn tổ chức thăm khám, tư vấn sức khỏe miễn phí cho người dân thôn Vi K Tầu (xã Kon Plông). Hoạt động này giúp bà con vùng cao nâng cao nhận thức trong chăm sóc sức khỏe, đồng thời tạo điều kiện tiếp cận các dịch vụ y tế cơ bản.
Chương trình ""Tình nguyện mùa Đông"" năm 2025 không chỉ mang đến một mùa đông ấm áp cho người dân và thiếu nhi vùng cao Quảng Ngãi, mà còn góp phần lan tỏa mạnh mẽ tinh thần tình nguyện, trách nhiệm xã hội của đoàn viên, thanh niên.
Đây cũng là hoạt động thiết thực chào mừng thành công Đại hội Đoàn TNCS Hồ Chí Minh tỉnh Quảng Ngãi lần thứ nhất, nhiệm kỳ 2025 – 2030, qua đó khẳng định vai trò, dấu ấn của tuổi trẻ trong công tác an sinh xã hội và phát triển cộng đồng."
https://thanhnien.vn/thanh-nien-viet-trung-hat-doi-tren-song-bac-luan-185251212173728708.htm,Thanh niên Việt - Trung hát đối trên sông Bắc Luân,"Không gian sông Bắc Luân chiều 12.12 trở thành sân khấu giao lưu văn hóa, tiếp nối tình hữu nghị Việt - Trung của thanh niên P.Móng Cái (Việt Nam) và TP.Đông Hưng (Trung Quốc).","Chiều 12.12, tại ngã ba Xoáy Nguồn trên sông biên giới Bắc Luân diễn ra chương trình giao lưuhát đối. Đây là sự kiện nằm trong khuôn khổ chuỗi hoạt động tại Hội chợ thương mại và du lịch quốc tế Việt - Trung (Móng Cái, Việt Nam - Đông Hưng, Trung Quốc) lần thứ 17 năm 2025.
Thanh niên Việt - Trung hát đối trên sông biên giới Bắc Luân
ẢNH: THU HẰNG
Sự kiện trên dòng sông biên giới đã thu hút hàng trăm nghệ sĩ, diễn viên và thanh niên của P.Móng Cái (Quảng Ninh, Việt Nam) và TP.Đông Hưng (Khu tự trị dân tộc Choang Quảng Tây, Trung Quốc).
Trên những thuyền hoa rực rỡ sắc màu được trang hoàng công phu, thanh niên hai bên đã cùng hòa giọng trong những làn điệu dân ca, hát đối, múa hát truyền thống, tái hiện nét văn hóa đặc sắc của vùng biên giới.
Những ca khúc ca ngợi quê hương, tình yêu đôi lứa, khát vọng hòa bình và tinh thầnhữu nghị Việt - Trungvang lên trên mặt nước sông Bắc Luân, tạo nên không khí giao lưu ấm áp nhưng cũng đầy trẻ trung, sôi động.
Những làn điệu dân ca 2 nước được thanh niên thể hiện trên dòng sông biên giới
ẢNH: THU HẰNG
Nhiều năm qua,tỉnh Quảng Ninhvà Khu tự trị dân tộc Choang Quảng Tây (Trung Quốc) đã tăng cường hợp tác trên các lĩnh vực như kinh tế, thương mại, du lịch, giáo dục - đào tạo, khoa học - công nghệ và giao lưu nhân dân. Các cơ chế hợp tác song phương được duy trì thường xuyên, góp phần thúc đẩy phát triển kinh tế - xã hội vùng biên và củng cố quan hệ đối tác chiến lược toàn diện giữa hai nước.
Chương trình hát đối diễn ra sôi động, thắm tình hữu nghị
ẢNH: THU HẲNG
Chương trình hát đối trên sông Bắc Luân năm nay không chỉ là hoạt động văn hóa trong khuôn khổ hội chợ, mà còn là biểu tượng giao kết của thế hệ trẻ hai nước, những người tiếp tục gìn giữ và phát huy tình hữu nghị Việt - Trung bằng âm nhạc, nghệ thuật và sự thấu hiểu lẫn nhau."
https://thanhnien.vn/recap-nam-2025-nhieu-nguoi-san-sang-noi-ve-that-bai-mat-mat-185251222150547844.htm,"'Recap năm 2025': Nhiều người sẵn sàng nói về thất bại, mất mát","Những ngày cuối năm, giữa nhịp sống hối hả và không khí chờ đón năm mới, mạng xã hội bỗng chậm lại theo một cách rất riêng. Dân mạng rủ nhau ""recap năm 2025"" để tóm tắt lại một năm đã qua.","Dân mạng ""recap năm 2025"" (tóm tắt lại) bằng chữ, hình ảnh, video, thậm chí chỉ bằng vài dòng trạng thái ngắn gọn nhưng đầy suy tư. Không đơn thuần là một trào lưu giải trí, ""recap năm"" đang trở thành một cách để người trẻ tự đối thoại với chính mình, nhìn lại những được, mất, và âm thầm đặt ra kỳ vọng cho năm 2026.
Lướt nhanh trên Facebook, Threads, TikTok những ngày cuối tháng 12, không khó để bắt gặp hàng loạt bài đăng với tiêu đề quen thuộc: ""Recap 2025 của tôi"", ""2025, một năm nhiều biến động"", hay đơn giản chỉ là ""Tạm biệt 2025""…
Lê Thúy Vy (22 tuổi, làm việc tại Trung tâm thương mại Aeon Mall Bình Dương, P.Thuận Giao, TP.HCM; trước đây là P.Thuận Giao, TX.Thuận An, tỉnh Bình Dương) chọn cách tóm tắt năm 2025 bằng bài viết dài gần 1.000 chữ. Vy kể lại những cột mốc quan trọng, lần đầu tiên bị sa thải công việc, khoảng thời gian thất nghiệp kéo dài gần 3 tháng, rồi cuối cùng là công việc mới với mức lương không cao hơn nhưng ổn định hơn về tinh thần.
""Viết ra để thấy mình đã đi qua được nhiều thứ hơn mình nghĩ. Năm nay không phải là năm thành công, nhưng là năm trưởng thành"", Vy chia sẻ.
Trong khi đó, nhiều người trẻ lại chọn hình thức video ngắn. Trên TikTok, các clip ""recap năm 2025"" thường bắt đầu bằng những khoảnh khắc vui vẻ, sau đó xen lẫn hình ảnh mệt mỏi, những đêm tăng ca, lần chuyển trọ, chuyến về quê vội vàng hay một mối quan hệ kết thúc lặng lẽ. Nhạc nền thường là những bản ballad chậm, tạo cảm giác hoài niệm.
Những bài viết ""recap năm 2025"" xuất hiện nhiều trên mạng xã hội
ẢNH: CHỤP MÀN HÌNH
Khác với những năm trước, khi việc tổng kết cuối năm thường gắn với các bảng thành tích, con số thu nhập hay những chuyến du lịch ""check in"", trào lưu ""recap năm 2025"" cho thấy một sắc thái khác. Là nhiều người sẵn sàng nói về thất bại, mất mát và những khoảng lặng.
Trần Ngọc Linh, sinh viên Trường CĐ Công thương TP.HCM, đăng video chỉ dài 45 giây, nhưng gây xúc động với nhiều người. Video không có hình ảnh lung linh, mà là những khung cảnh quen thuộc: phòng trọ nhỏ, góc học tập bừa bộn, lần nhập viện vì kiệt sức, và cuối cùng là hình ảnh mỉm cười với điểm số cao.
""2025 là năm em nhận ra mình không cần phải luôn mạnh mẽ. Có những lúc mệt thì cứ cho phép mình yếu đuối"", Linh tâm sự.
Theo Huỳnh Thụy Liên (28 tuổi, ngụ ở đường 36, P.Hiệp Bình, TP.HCM; trước đây là P.Linh Đông, TP.Thủ Đức, TP.HCM), việc chia sẻ cả mặt tối lẫn mặt sáng của một năm giúp bản thân cảm thấy nhẹ lòng hơn.
""Tôi vui khi những dòng bình luận đồng cảm xuất hiện dày đặc dưới các bài recap năm 2025 của tôi. Nào là ""Tôi cũng giống bạn"", hay ""Xem mà thấy mình trong đó"", hoặc ""Cảm ơn vì đã nói ra những điều nhiều người không dám nói"", Liên chia sẻ.
Chuyên gia tâm lý Vũ Hoàng Phú Anh, Trung tâm tham vấn và trị liệu, tư vấn tâm lý An Tâm (P.Phú An, TP.HCM; trước đây là P. Hiệp An, TP.Thủ Dầu Một, tỉnh Bình Dương), cho rằng trào lưu ""recap năm"" phản ánh nhu cầu rất thật của người trẻ, là họ được nhìn lại và được công nhận những nỗ lực đã qua, dù kết quả chưa như mong đợi.
""Năm 2025 là một năm nhiều biến động với người trẻ, từ thị trường lao động, áp lực tài chính đến các mối quan hệ xã hội. Việc tổng kết lại một năm giống như một cách tự chữa lành, giúp họ sắp xếp lại cảm xúc trước khi bước sang chặng đường mới"", ông Anh phân tích.
Theo chuyên gia này, khác với khoe khoang, ""recap năm"" mang tính cá nhân nhiều hơn. Người viết không hướng đến việc chứng minh mình giỏi ra sao, mà chủ yếu là đối thoại với chính mình và tìm kiếm sự đồng cảm.
Điểm chung dễ nhận thấy trong các bài ""recap năm 2025"" là hầu hết đều kết thúc bằng một câu hẹn ước cho năm mới. Không ít người thẳng thắn thừa nhận, 2025 không phải là một năm rực rỡ, nhưng họ vẫn đặt hy vọng 2026 sẽ ""dễ thở"" hơn.
Đặng Thị Mỹ Ân (29 tuổi, ngụ ở xã Khánh Thiện, tỉnh Ninh Bình; trước là xã Khánh Thiện, H.Yên Khánh, tỉnh Ninh Bình) viết: ""2025 dạy tôi cách chấp nhận những điều không thể thay đổi. 2026, mong mình đủ kiên nhẫn để thay đổi những điều có thể"".
Theo Ân, việc viết tóm tắt năm không khiến cô buồn hơn, ngược lại giúp cô xác định rõ điều mình muốn làm trong năm tới: chăm sóc sức khỏe, học thêm kỹ năng mới và bớt so sánh bản thân với người khác.
Nhiều người trẻ cũng xem ""recap năm"" như một cột mốc tinh thần. ""Nếu không nhìn lại, mình dễ cuốn theo guồng quay công việc và quên mất mình đã cố gắng thế nào"", Nguyễn Đức Lộc, sinh viên Trường ĐH Sư phạm kỹ thuật TP.HCM, nói.
Dù mang nhiều giá trị tích cực, chuyên gia cũng khuyến nghị người trẻ nên tỉnh táo khi tham giatrào lưu""recap năm"". Bởi lẽ, mạng xã hội vẫn là không gian dễ tạo ra sự so sánh.
""Xem tóm tắt một năm của người khác, nhất là những bài đầy thành tựu, có thể khiến một số người cảm thấy mình kém cỏi. Điều quan trọng là nhớ rằng mỗi người có một nhịp sống khác nhau, và bảng tóm tắt trong một năm của ai cũng chỉ phản ánh một phần cuộc đời họ"", chuyên gia tâm lý Vũ Hoàng Phú Anh lưu ý.
Theo ông Anh, thay vì ép mình phải có một bản ""recap năm"" thật ấn tượng, người trẻ nên coi đây là hoạt động tự nguyện, xuất phát từ nhu cầu cá nhân. Nếu một năm quá nặng nề, đôi khi không cần phải ""recap"" cũng không sao.
""Khi những ngày cuối cùng của năm 2025 dần khép lại, trào lưu ""recap năm 2025"" vẫn tiếp diễn như một lời chào tạm biệt nhẹ nhàng. Không phải ai cũng có một năm trọn vẹn, nhưng việc dám nhìn lại, dám gọi tên những niềm vui lẫn nỗi buồn, đã là một bước tiến. Và có lẽ, điều mà nhiều người trẻ mong mỏi nhất khi viết recap không phải là lời khen từ người khác, mà là một lời nhắc nhở dành cho chính mình: mình đã cố gắng, và năm 2026 vẫn còn ở phía trước"", ông Anh chia sẻ."
https://thanhnien.vn/audition-bung-no-gay-sot-gioi-tre-185251215161449943.htm,"Audition bùng nổ, gây sốt giới trẻ","Sau khi môn Audition lần đầu xuất hiện ở SEA Games 33, trò chơi quen thuộc với thế hệ 8X bất ngờ lan sang cả gen Z, tạo nên làn sóng hoài niệm và kết nối mới trong giới trẻ.","Lần đầu tiên môn Audition xuất hiện tạiSEA Games 33,đội tuyển Việt Namđã xuất sắc giành 2 huy chương vàng, 2 huy chương bạc và 2 huy chương đồng, chính thức trở thành nhà vô địch chung cuộc của bộ môn này.
Thông tin này lập tức ""phủ sóng"" trên mạng xã hội, đặc biệt là rầm rộ trên các cộng đồng dành cho người yêu thích Audition.
Nguyễn Thị My Thảo, sinh viên Trường ĐH Công thương TP.HCM, cho biết chưa từng thích Audition. Tuy nhiên sau khi theo dõi SEA Games 33, chứng kiến những tuyển thủ của đội tuyển Việt Nam chăm chú trước màn hình, tai nghe đeo kín, tay gõ bàn phím theo nhịp nhạc dồn dập. Trên màn hình, những nhân vật ảo nhảy múa sôi động… Tất cả đã mê hoặc Thảo. ""Và chắc chắn em sẽ chơi trò thú vị này"", Thảo nói.
Trận chung kết nội dung đôi nam nữ giữa đội tuyển Audition Việt Nam gặp Thái Lan tại SEA Games 33
ẢNH: CHỤP MÀN HÌNH
Anh Đỗ Tiến (32 tuổi), làm việc tại Công ty TNHH Magonn Design, P.Tân Hưng, TP.HCM (trước đây là P.Tân Phong, Q.7, TP.HCM), nói: ""Lâu lắm rồi mới thấycộng đồng Auditionđông vui như vậy. Ngày xưa tụi tôi chơi ở tiệm internet, giờ thì rủ nhau chơi online, có khi còn… rủ cả mấy bạn gen Z trong công ty cùng chơi"".
Theo anh Tiến: ""Không quá lời khi nói sự thành công của các thành viên môn Audition trong đội tuyển Việt Nam tại SEA Games 33 đã làm ""sống dậy"" tựa game từng làm mưa làm gió cách đây gần hai thập kỷ"".
Cùng quan điểm, Huỳnh Thụy Liên (28 tuổi, ngụ ở 74 đường 36, P.Hiệp Bình, TP.HCM; trước đây là P.Linh Đông, TP.Thủ Đức, TP.HCM), cho rằng sau khi bộ môn này lần đầu xuất hiện tại SEA Games với tư cách môn thể thao điện tử trình diễn, cũng như từ những tấm huy chương danh giá tại SEA Games 33 mà các tuyển thủ đội tuyển Việt Nam đạt được, đã góp phần khiến Audition đang tạo nên một ""cơn sốt"" nhỏ trong cộng đồng người trẻ.
Ra đời từ giữa những năm 2000, thời điểm đó, Audition không chỉ là trò giải trí, mà còn là nơi kết nối bạn bè, làm quen, thậm chí… nên duyên.
""Ngày xưa tôi quen vợ cũng từ Audition"", anh Đào Thanh Hiền (37 tuổi, làm việc tại 728 Nam Kỳ Khởi Nghĩa, P.Phú Lợi, TP.HCM; trước đây là P.Phú Hòa, TP.Thủ Dầu Một, tỉnh Bình Dương), chia sẻ. Anh Hiền kể tiếp: ""Hồi đó còn hẹn nhau ra tiệm net để… chat trong game. Giờ con tôi 7 tuổi rồi, nghe bố mẹ kể mà nó thấy như chuyện cổ tích"".
Anh Hiền cho rằng Audition không chỉ hấp dẫn bởi lối chơi nhảy theo nhạc, mà còn vì tính cộng đồng rất mạnh: phòng nhảy, bang hội, kết hôn trong game… tất cả tạo nên một thế giới ảo giàu cảm xúc.
""Việc Audition xuất hiện tại SEA Games, dù chỉ là môn trình diễn, đã mang đến một cú hích tâm lý không nhỏ. Tự nhiên thấy game mình từng chơi hồi trẻ được nhắc đến trong một sự kiện thể thao lớn, cảm giác rất tự hào"", anh Hiền nói.
Nhiều người trẻ thích chơi môn Audition
ẢNH: ĐỖ LIÊN
Không chỉ thế hệ 8X, 9X quay lại,Auditioncòn thu hút một lượng không nhỏ người chơi gen Z, những người trước đây chỉ biết đến game này qua lời kể.
Phạm Ngọc Hân, sinh viên Trường ĐH Sư phạm kỹ thuật TP.HCM, cho biết: ""Em thấy trên mạng mọi người nói nhiều về Audition sau SEA Games 33, rồi mấy bạn trong lớp cũng rủ chơi thử. Ban đầu thấy đồ họa hơi ""cổ"". Nhưng chơi rồi mới thấy cuốn"".
Theo Hân, điểm hấp dẫn của Audition với gen Z nằm ở nhịp nhạc, vũ đạo và yếu tố giao tiếp. ""Không giống mấy game bắn súng căng thẳng, Audition chơi vui, dễ kết bạn. Có khi vào phòng nhảy nói chuyện còn nhiều hơn là nhảy"", Hân cười và kể.
Một số người trẻ khác cho rằng, trong bối cảnh mạng xã hội ngày càng khiến con người ""giao tiếp nhanh nhưng hời hợt"", Audition mang lại cảm giác kết nối chậm rãi hơn, gần gũi hơn.
Anh Đỗ Mạnh Quân (36 tuổi, ngụ ở 103 Hồ Học Lãm, P.An Lạc, TP.HCM; trước đây là P.An Lạc, Q.Bình Tân, TP.HCM), cho biết sự trở lại của Audition phản ánh rõ xu hướng hoài niệm số đang lan rộng trong đời sống người trẻ.
""Những sản phẩm gắn với ký ức tập thể, đặc biệt là của thế hệ đi trước, khi được tái xuất trong bối cảnh mới, rất dễ tạo hiệu ứng lan tỏa. Audition không chỉ là game, mà là một phần ký ức tuổi trẻ của nhiều người"", anh Quân nói.
Khác với việc chơi lại game cũ đơn thuần, làn sóng Audition lần này mang màu sắc liên thế hệ. Người chơi không chỉ tìm lại ký ức của mình, mà còn chia sẻ, ""kể chuyện"" cho thế hệ sau.
""Có hôm tôi chơi Audition cùng con cháu trong nhà. Tôi dạy tụi nhỏ cách nhấn phím, tụi nhỏ thì chỉ mình mấy trend nhảy trên TikTok. Vui lắm"", anh Quân nói thêm.
Lý giải nguyên do Audition bất ngờ hút gen Z, Nguyễn Minh Tâm (25 tuổi, ngụ ở 119 Trần Duy Hưng, P.Trung Hòa, Hà Nội; trước đây thuộc Q.Cầu Giấy, Hà Nội), nói: ""Sở dĩ Audition ""ghi điểm"" với người trẻ là vì lối chơi dễ tiếp cận. Máy tính không cần cấu hình cao, không đòi hỏi kỹ năng phức tạp. Chơi trò này ít áp lực thắng thua, phù hợp xu hướng giải trí nhẹ, ""chơi để vui"". Ngoài ra, âm nhạc, vũ đạo bắt tai, gần với những trend hot hiện nay. Và hơn hết, Audition có tính cộng đồng cao, dễ trò chuyện, kết bạn, tương tác, là những điều mà nhiều game hiện đại đang thiếu. Từ đó, Audition trở thành ""cửa ngõ"" để gen Z bước vào thế giới game của thế hệ đi trước"".
Audition ""ghi điểm"" với người trẻ là vì lối chơi dễ tiếp cận
ẢNH: ĐỖ LIÊN
Không ít ý kiến cũng cho rằng, thời gian tới, lượng người chơi Audition sẽ tăng nhiều hơn sau SEA Games 33.
""Có nhiều lý do dẫn đến câu chuyện này. Trong bối cảnhngười trẻngày càng chịu nhiều áp lực từ học tập, công việc, mạng xã hội, Audition được xem như một kênh giải trí nhẹ nhàng, ít bạo lực. Và chơi Audition không căng thẳng như mấygamekhác, thua cũng không bực. Chủ yếu là vui, nghe nhạc, nói chuyện"", anh Huỳnh Hữu Hiệp (31 tuổi, làm việc tại Công ty TNHH kỹ thuật Tiêu Điểm, P.Tây Thạnh, TP.HCM; trước đây là P.Tây Thạnh, Q.Tân Bình, TP.HCM) nói.
Những năm 2004 – 2006: Audition bùng nổ tại Việt Nam, trở thành một trong những game online tạo cộng đồng người chơi đông đảo.
Từ năm 2007 – 2012: Được xem như thời kỳ hoàng kim, Audition gắn liền với văn hóa tiệm net, kết bạn, kết đôi trong game.
Sau năm 2015: Sức hút giảm dần khi thị trường game chuyển sang mobile, bắn súng…
Năm 2025: Audition lần đầu xuất hiện tại SEA Games 33 với tư cách môn thể thao điện tử trình diễn, tạo cú hích đưa game này trở lại tâm điểm chú ý."
