url,title,description,content
https://tienphong.vn/viet-nam-se-co-them-cac-tuyen-duong-sat-toc-do-cao-moi-post1791992.tpo,Việt Nam sẽ có thêm các tuyến đường sắt tốc độ cao mới,"TPO - Phó Thủ tướng Trần Hồng Hà vừa ký quyết định phê duyệt điều chỉnh Quy hoạch mạng lưới đường sắt thời kỳ 2021-2030, tầm nhìn đến năm 2050. Theo đó, Việt Nam sẽ có thêm một số tuyến đường sắt tốc độ cao mới.","Theo quy hoạch điều chỉnh, đến năm 2030, ngoài 7 tuyến đường sắt hiện hữu có 11 tuyến đường sắt mới, tổng chiều dài khoảng 3.207km, tăng 2 tuyến so với trước đây.
Đặc biệt, tuyếnđường sắt tốc độ cao Bắc - Namđược cập nhật về quy mô, tên gọi và lộ trình đầu tư, đóng vai trò trục xương sống của mạng lưới đường sắt quốc gia. Bên cạnh đó, quy hoạch bổ sung tuyến tốc độ cao Hà Nội - Quảng Ninh, tạo thêm trục kết nối quan trọng giữa Thủ đô với vùng kinh tế ven biển Đông Bắc.
Hai tuyến Lào Cai - Hà Nội - Hải Phòng và TPHCM - Lộc Ninh được điều chỉnh quy mô, lộ trình đầu tư để phù hợp với nhu cầu vận tải hàng hóa và hành khách ngày càng tăng. Các tuyến Hà Nội - Đồng Đăng, Hải Phòng - Hạ Long - Móng Cái và Tháp Chàm - Đà Lạt được rà soát tiến độ triển khai, bảo đảm tính khả thi và đồng bộ hạ tầng.
7 tuyếnđường sắt khácđược hiệu chỉnh phạm vi và quy mô, bao gồm các tuyến kết nối hành lang kinh tế trọng điểm như Yên Viên - Phả Lại - Hạ Long - Cái Lân, vành đai phía Đông Hà Nội, hay tuyến Đà Nẵng - Kon Tum - Gia Lai - Đắk Lắk - Đắk Nông - Bình Phước, nhằm tăng cường liên kết vùng miền Trung - Tây Nguyên - Đông Nam Bộ.
Về kết nối xuyên biên giới, Việt Nam sẽ mở rộng hành lang giao thông quốc tế với tuyến Hải Phòng - Hạ Long - Móng Cái kết nối Trung Quốc qua cửa khẩu Móng Cái, và tuyến TPHCM - Tây Ninh - Mộc Bài kết nối Campuchia. Các tuyến Vũng Áng - Mụ Giạ và Mỹ Thủy - Đông Hà - Lao Bảo tiếp tục duy trì vai trò cầu nối với Lào.
Quyết định 2404 cũng nêu rõ việc chuyển tuyến Thủ Thiêm - Long Thành thành tuyến đường sắt đô thị, giao TPHCM và Đồng Nai tích hợp vào quy hoạch địa phương. Đồng thời, tuyến An Bình - Sài Gòn (Hòa Hưng) - Tân Kiên được bổ sung nhằmtăng năng lực kết nốikhu đầu mối phía Nam.
Đặc biệt, Hà Nội sẽ hình thànhtổ hợp công nghiệp đường sắtquy mô 250 ha tại khu vực Chuyên Mỹ và Ứng Hòa, tạo nền tảng cho công nghiệp hỗ trợ và công nghệ đường sắt hiện đại.
Ở TPHCM, ga An Bình được quy hoạch thành điểm cuối của tuyến Hà Nội - TPHCM và điểm đầu tuyến Biên Hòa - Vũng Tàu, đồng thời là nút giao quan trọng của tuyến tốc độ cao Bắc - Nam qua Trảng Bom - Cẩm Mỹ.
Tại Đà Nẵng, quy hoạch bổ sung kế hoạchdi dời ga trung tâmra khỏi nội đô trước năm 2030, vừa giảm áp lực giao thông, vừa giải phóng quỹ đất phục vụ phát triển đô thị.
Chính phủ định hướng giai đoạn tới sẽ ưu tiên đầu tư các tuyến đường sắt tốc độ cao Bắc - Nam, cùng các tuyến Lào Cai - Hà Nội - Hải Phòng và Biên Hòa - Vũng Tàu, đồng thời phát triển mạng lưới kết nối cảng biển, sân bay và hai đầu mối Hà Nội - TPHCM.
Tổng nhu cầu quỹ đất cho phát triển đường sắt đến năm 2030 là gần 21.887 ha, với tổng vốn đầu tư khoảng 1,54 triệu tỷ đồng, huy động từ ngân sách, nguồn vốn ngoài ngân sách và các kênh hợp pháp khác..."
https://tienphong.vn/tai-san-ma-hoa-tai-viet-nam-co-hoi-nhu-danh-cho-hoc-sinh-buoc-vao-lop-1-post1791079.tpo,Tài sản mã hóa tại Việt Nam: Cơ hội như dành cho 'học sinh bước vào lớp 1',"TPO - ""Điều mà chúng tôi lo ngại nhất hiện nay là vấn đề nhân lực. Khi nghị quyết được ban hành, thị trường tài sản số ở Việt Nam vẫn chủ yếu mang tính tự phát. Hàng chục triệu người tham gia mà phần lớn chưa từng có trải nghiệm hay hiểu biết nền tảng về thị trường này. Chúng tôi nhận thấy rủi ro trong lĩnh vực này là rất lớn"" - ông Phan Đức Trung - Chủ tịch Hiệp hội Blockchain và tài sản số Việt Nam - nói.","""Tất cả còn khá mong manh""
Nghị quyết 05/2025/NQ-CP về triển khai thí điểm thị trường tài sản mã hóa tại Việt Nam có hiệu lực từ ngày 9/9, thời gian thí điểm là 5 năm. Ông Phan Đức Trung - Chủ tịch Hiệp hội Blockchain và tài sản số Việt Nam (VBA) - cho rằng, nếu đi đúng hướng, Việt Nam có thể rút ngắn hành trình 10 năm phát triển của thế giới xuống thậm chí chỉ còn 2-3 năm.
“Điều mà chúng tôi lo ngại nhất hiện nay là vấn đề nhân lực. Khi nghị quyết được ban hành, thị trường tài sản số ở Việt Nam vẫn chủ yếu mang tính tự phát. Hàng chục triệu người tham gia mà phần lớn chưa từng có trải nghiệm hay hiểu biết nền tảng về thị trường này. Ở góc độ hiệp hội, chúng tôi nhận thấy rủi ro trong lĩnh vực này là rất lớn. Do đó, thách thức lớn nhất hiện nay là năng lực nhân sự, không chỉ trong cơ quan quản lý mà cả ở các doanh nghiệp cung cấp dịch vụ, đơn vị vận hành sàn và hệ thống đào tạo cho người tham gia thị trường. Tất cả còn khá mong manh”, ông Trung bày tỏ.
Trong giai đoạn đầu, nghị quyết chỉ cho phép chào bán, phát hành tài sản mã hoá cho nhà đầu tư nước ngoài, chứ không mở cho nhà đầu tư trong nước. Điều này thể hiện chủ trươngthu hút dòng vốn ngoạinhưng cũng đặt ra bài toán cạnh tranh toàn cầu. “Liệu các sản phẩm của chúng ta có đủ chất lượng và minh bạch để nhà đầu tư quốc tế quan tâm? Liệu quy mô và thanh khoản thị trường có đủ lớn để họ tham gia lâu dài?”, ông Trung đặt vấn đề về thu hút nhà đầu tư quốc tế.
Để hoàn thiện khung vận hành và tạo thị trường đúng nghĩa, ông Trung nhấn mạnh việc vừa làm vừa điều chỉnh. Theo ông Trung, cơ hội như dành cho “học sinh bước vào lớp 1”, còn rất mới, nhưng chính từ giai đoạn này sẽ hình thành thế hệ nhân sự, doanh nghiệp lẫn cơ quan quản lý “trưởng thành”.
Theo thống kê của nhiều tổ chức trên thế giới, hơn 90% token (mã số được mã hóa từ chữ ký số hoặc chữ ký điện tử - PV) ra đời trong từ năm 2020-2022 đã mất giá trị hoặc ngừng hoạt động, chỉ một số rất ít token có ứng dụng thực tế duy trì được thanh khoản và chỗ đứng trên thị trường. Với việc thí điểm tại Việt Nam, tài sản mã hóa phải được phát hành dựa trên tài sản cơ sở là tài sản thực không bao gồm tài sản là chứng khoán, tiền pháp định.
Chủ tịch Hiệp hội VBA khuyến nghị, trái phiếu chính phủ có thể là điểm khởi đầu hợp lý. Dẫn chứng Thái Lan từng thử phát hành trái phiếu chính phủ token hóa, kết quả khá khả quan, ông Trung cho rằng nếu Việt Nam làm được sẽ đạt 3 mục tiêu: Hoàn thiện khung pháp lý, giảm chi phí phát hành và thúc đẩy đổi mới công nghệ tài chính.
Huy động trí tuệ Việt
Trao đổi về vấn đề nhân lực, ông Thuật Nguyễn - đồng sáng lập, CEO Quỹ Kyros Ventures - tin tưởng Việt Nam có lợi thế lớn về nhân lực bảo mật, với nhiều đội ngũ kỹ sư giỏi, đơn cử như Verichains - nhóm từng giúp xử lý vụ hacker lấy đi hơn 600 triệu USD của Axie Infinity.
“Việt Nam có nhiều chuyên gia ẩn danh cực kỳ giỏi, sẵn sàng hỗ trợ các dự án. Nếu biết cách huy động và kết nối lực lượng này, Việt Nam có thể trở thành trung tâm an ninh mạng trong lĩnh vực blockchain khu vực”, ông Thuật cho biết và đề xuất cần thiết lập cơ chế pháp lý cho tài chính phi tập trung (DeFi). Nhiều nhóm kỹ sư người Việt đang xây dựng sản phẩm DeFi nổi tiếng trên thế giới, nhưng vẫn chưa dám công khai phát triển ở Việt Nam vì chưa có khung pháp lý hỗ trợ.
“Các giao dịch phi tập trung hoạt động 24/7, không có giờ mở cửa hay đóng cửa, được điều hành hoàn toàn bằng hợp đồng thông minh. Nếu muốn xây dựng cơ chế cho loại hình này, Việt Nam cần sớm phối hợp với các cơ quan như an ninh mạng để xử lý các tình huống rủi ro, ví dụ như xác định trách nhiệm khi hợp đồng thông minh bị lỗi hoặc sàn phi tập trung bị hack”, ông phân tích.
Liên quan cơ chế niêm yết tài sản mã hoá, ông Thuật cho rằng, Việt Nam nên trao quyền lựa chọn chocác sàn giao dịch được cấp phép, tương tự mô hình ở các nước phát triển. “Cơ quan quản lý nên đặt ra tiêu chí dựa trên thanh khoản và mức độ được cộng đồng chấp nhận. Những đồng coin có quy mô lớn như Bitcoin, Ethereum, Tether (USDT, USDC) nên được niêm yết trước. Việt Nam chắc chắn sẽ không niêm yết những token mới chưa được kiểm chứng”, ông Thuật nói.
Ông Tô Trần Hòa - Phó Trưởng ban Ban Phát triển thị trường chứng khoán, Ủy ban Chứng khoán Nhà nước - cho biết, Nghị quyết 05 không hướng tới việc ngăn chặn đổi mới sáng tạo phát triển công nghệ mà chỉ tập trung vào quản lý hoạt động phát hành, giao dịch. Lý do chưa cho nhà đầu tư Việt Nam tham gia vào thị trường là kênh đầu tư mới này cần có thời gian để tuyên truyền, phổ biến về tính rủi ro, cần có thời gian cho nhà đầu tư Việt Nam bổ trợ kiến thức, năng lực giao dịch. Tuy nhiên, người Việt vẫn có thể sở hữu tài sản mã hoá thông qua thị trường thứ cấp.
Về tiêu chí, quy trình và điều kiệncấp phép cung cấp dịch vụ tài sản mã hóa, được biết, Ủy ban Chứng khoán Nhà nước đang dự thảo các văn bản hướng dẫn liên quan. Bộ Tài chính cũng đã xây dựng kế hoạch triển khai, bao gồm nhiều nhiệm vụ liên quan khung pháp lý, chính sách thuế, quy trình thu nộp thuế, chế độ kế toán và các quy định có liên quan. Tuy chưa có doanh nghiệp nào nộp hồ sơ đăng ký chính thức, nhưng một số doanh nghiệp đã bày tỏ quan tâm và có trao đổi kỹ thuật bước đầu với cơ quan quản lý."
https://tienphong.vn/tphcm-se-tro-thanh-sieu-do-thi-quoc-te-o-dong-nam-a-post1791877.tpo,TPHCM sẽ trở thành 'siêu đô thị quốc tế' ở Đông Nam Á,"TPO - Từ quyết tâm vượt qua “điểm nghẽn” kẹt xe, ngập nước đến cải cách hành chính, TPHCM đặt mục tiêu tạo môi trường đầu tư thông thoáng, đồng hành cùng doanh nghiệp FDI kiến tạo siêu đô thị quốc tế năng động và thân thiện với nhà đầu tư, góp phần thúc đẩy phát triển bền vững khu vực phía Nam.","Hướng tới “siêu đô thị quốc tế”
Ngày 30/10 diễn ra, Hội nghị Gặp gỡ giữa lãnh đạo TPHCM và cộng đồngdoanh nghiệpcó vốn đầu tư nước ngoài (FDI) năm 2025 với chủ đề “Siêu đô thị TPHCM: Phát triển bền vững cùng vận hội mới”, thu hút hơn 400 đại biểu trong và ngoài nước tham dự.
Tại hội nghị, Viện trưởng Viện Nghiên cứu phát triển TPHCM Trương Minh Huy Vũ nhìn nhận: Việc hợp nhất không gian phát triển đã mở ra tầm nhìn mới, đưa TPHCM trở thành “siêu đô thị quốc tế” của Đông Nam Á.
TPHCM mới có tổng diện tích 6.773 km², quy mô kinh tế ước đạt 3,03 triệu tỷ đồng (123 tỷ USD), chiếm 23,5% GDP cả nước. GRDP bình quân đầu người đạt 220 triệu đồng (8.944 USD), gấp 1,7 lần cả nước.
Thành phố dự kiến đóng góp ngân sách quốc gia 737.000 tỷ đồng, chiếm 36,7% tổng thu cả nước, với quy mô dân số 13,6 triệu người. Mục tiêu đặt trọng tâm vào chất lượng tăng trưởng, với năng suất các nhân tố tổng hợp đóng góp 60% vào tăng trưởng GRDP và kinh tế số chiếm 30-40%. Đến năm 2045, TPHCM hướng tới trở thànhsiêu đô thị quốc tế, trong nhóm 100 thành phố tốt nhất thế giới.
Ông Trương Trung Kiên, Phó Giám đốc Sở Quy hoạch - Kiến trúc TPHCM cho biết, mô hình “một không gian - ba vùng - một đặc khu” sẽ là khung phát triển dài hạn của TPHCM: Khu lõi tập trung tài chính, đổi mới sáng tạo và công nghệ cao; Bình Dương giữ vai trò trung tâm công nghiệp công nghệ; Bà Rịa - Vũng Tàu phát triển kinh tế biển và năng lượng tái tạo; Côn Đảo định hướng thành đặc khu du lịch sinh thái, nghỉ dưỡng và tâm linh.
Phó Giám đốc Sở Tài chính Nguyễn Thanh Toàn thông tin, đến cuối quý III năm nay, thành phố có gần 20.000 dự án FDI còn hiệu lực, tổng vốn 141,2 tỷ USD, chiếm hơn 16% tổng vốn FDI cả nước. Trong 9 tháng năm nay, vốn đăng ký mới và tăng thêm đạt hơn 7,1 tỷ USD, tăng 37,4% so với cùng kỳ năm 2024. Đây là kết quả ấn tượng trong bối cảnh kinh tế toàn cầu nhiều biến động.
Cam kết gỡ ""điểm nghẽn""
Ông Thue Quist Thomasen - Chủ tịch Hiệp hội Doanh nghiệp các nước Bắc Âu (NordCham) - cho rằng, tầm nhìn phát triển của TPHCM có nhiều điểm tương đồng với mô hình đô thị xanh, thông minh và bền vững của Bắc Âu. Để thu hút FDI chất lượng cao, ông đề xuất thành phố thiết lập “lối đi nhanh” cho các dự án đầu tưxanh- kỹ thuật số, với một đầu mối chuyên trách hỗ trợ bằng tiếng Anh nhằm rút ngắn thời gian phê duyệt. Năng lượng tái tạo là cửa ngõ thu hút FDI Bắc Âu. Thành phố cần mở rộng công suất năng lượng xanh, nâng cấp hạ tầng lưới điện và ban hành quy định rõ ràng về hợp đồng mua bán điện trực tiếp và ảo để khơi thông dòng vốn đầu tư mới.
Ông Okabe Mitsutoshi - đại diện Tổ chức xúc tiến ngoại thương Nhật Bản (JETRO) tại TPHCM - nói rằng, kết quả khảo sát năm 2024 cho thấy thủ tục hành chính phức tạp, chi phí lao động tăng và thiếu minh bạch pháp lý vẫn là 3 rào cản lớn nhất đối với DN Nhật Bản khi hoạt động tại Việt Nam. JETRO kiến nghị thành phố sớm triển khai các biện pháp cải thiện cụ thể trong thủ tục thành lập DN, nhập khẩu hàng hóa, cấp giấy phép lao động và thị thực.
Ông Kenneth Atkinson - đại diện Hiệp hội doanh nghiệp Anh quốc tại Việt Nam (BritCham) đề xuất: thành phố hài hòa khung pháp lý của trung tâm tài chính quốc tế với thông lệ quốc tế; xem xét áp dụng hệ thống luật thông luật. BritCham cho rằng cần sớm ban hành khung phân loại tài chính xanh quốc gia... Hiệp hội này cho rằng, khu vực tư nhân sẽ đóng vai trò trọng tâm trong huy động nguồn vốn xanh cho giai đoạn 2026-2030, ước tính hơn 136 tỷ USD...
Phát biểu tại hội nghị, Chủ tịch UBND TPHCM Nguyễn Văn Được nhấn mạnh cam kết cắt giảm mạnh thời gian, chi phí và thành phần hồ sơ trong thủ tục hành chính, thực hiện nghiêm chỉ đạo của Tổng Bí thư Tô Lâm. Ông Được cho biết, thành phố đang chuyển đổi mô hình tăng trưởng từ chiều rộng sang chiều sâu, lấy kinh tế số, kinh tế xanh, kinh tế tuần hoàn làm động lực tăng trưởng mới, đưa thành phố trở thành mắt xích quan trọng trong chuỗi giá trị toàn cầu."
https://tienphong.vn/thu-tuc-dau-tu-nganh-dien-viet-nam-nhu-me-hon-tran-post1791920.tpo,Thủ tục đầu tư ngành điện Việt Nam như 'mê hồn trận',"TPO - Để thu hút được hàng tỷ USD mỗi năm đầu tư vào ngành điện trong thời gian tới, chuyên gia cho rằng, trước hết cần hoàn thiện khung pháp lý, cắt giảm thủ tục, bởi nhiều nhà đầu tư nước ngoài ví thủ tục đầu tư vào ngành điện Việt Nam như ""mê hồn trận"".","Tại Hội thảo “Chuyển đổi năng lượng xanh nhìn từ Nghị quyết 70 của Bộ Chính trị” do Tạp chí Nhà đầu tư tổ chức diễn ra ngày 30/10, ông Nguyễn Tài Anh - Phó Tổng Giám đốc Tập đoàn Điện lực Việt Nam (EVN) - cho biết, hệ thống điện Việt Nam hiện đứng thứ nhất Đông Nam Á và thứ 22 thế giới, nhưng quy mô đầu tư hằng năm đòi hỏi 3-5 tỷ USD để duy trì tốc độ phát triển nguồn và lưới.
TheoQuy hoạch Điện VIII điều chỉnh, tổng nhu cầu đầu tư giai đoạn tới lên đến 13-15 tỷ USD/năm, trong đó 75% dành cho nguồn và 25% cho lưới điện. “Đây là nguồn vốn khổng lồ và EVN không thể một mình gánh được. Do đó, cần mở rộng cánh cửa cho tư nhân và nhà đầu tư nước ngoài tham gia mạnh mẽ hơn vào ngành điện”, ông Tài Anh nói.
Ngoài ra, một vấn đề lớn được lãnh đạo EVN chỉ ra là quy hoạch nguồn và lưới chưa đồng bộ. Các dự án năng lượng tái tạo như điện gió, điện mặt trời có thể hoàn thành trong 6-18 tháng, trong khi đường dây 500kV mất 7 năm, kể cả khâu chuẩn bị đầu tư.
“Tình trạng lệch tiến độ khiến nhiều dự án hoàn thành mà chưa thể hòa lưới, gây tổn thất lớn cho nhà đầu tư,” ông Tài Anh nói và kiến nghị EVN chỉ đảm nhận lưới trục chính, các đường đấu nối sẽ do nhà đầu tư dự án thực hiện, đảm bảo tính đồng bộ và cam kết tiến độ giữa các bên.
Ông Nguyễn Thái Sơn - Phó Chủ tịch Hiệp hội Năng lượng Việt Nam - cho rằng với nhu cầu 118 tỷ USD vốn đầu tư cho nguồn điện, trong khi ngân sách chỉ có thể đáp ứng 60% phần lưới, 40% còn lại phải trông vào tư nhân.
Để dòng vốn này chảy mạnh vào ngành điện, trước hết cần hoàn thiện khung pháp lý, cắt giảm thủ tục, bởi “nhiều nhà đầu tư nước ngoài ví thủ tục ngành điện Việt Nam như mê hồn trận”. Ông Sơn cũng nhấn mạnh tầm quan trọng của chính sách khuyến khích liền mạch, tránh đứt quãng như giai đoạn tạm dừng giá FIT (Feed-in Tariff), gây mất niềm tin thị trường.
Ở góc độ chuyên gia quốc tế, ông Nguyễn Thanh Hải - Tổ chức Hợp tác quốc tế Đức (GIZ) - nêu con số đáng chú ý: Việt Nam cần tới 46 tỷ USD mỗi năm cho chuyển đổi năng lượng xanh trong thời gian tới. Riêng phần xã hội hóa nguồn điện chiếm tới 76% tổng nhu cầu vốn (90,8 tỷ USD). Vì vậy, trách nhiệm triển khai Quy hoạch Điện VIII điều chỉnh nằm chủ yếu trong tay khu vực tư nhân.
Ông Hải đề xuất Việt Nam nên chuyển từ cơ chế FIT sang FiP (Feed-in Premium) - mô hình giá điện linh hoạt theo thị trường, đã áp dụng thành công ở Đức, Nhật Bản và Tây Ban Nha để tăng tính hấp dẫn cho nhà đầu tư và đảm bảo khả năng tiếp cận nguồn vốn xanh quốc tế.
Ông Trần Hoài Trang - Phó Cục trưởng Cục Điện lực và Năng lượng tái tạo, Bộ Công Thương - cho biết đang hoàn thiện dự thảo nghị quyết về cơ chế, chính sách đặc thù tháo gỡ khó khăn phát triển năng lượng quốc gia giai đoạn 2026-2030, dự kiến trình Chính phủ trong thời gian tới."
https://tienphong.vn/tai-san-ma-hoa-cuoc-choi-ty-usd-truoc-gio-g-post1791072.tpo,Tài sản mã hóa: Cuộc chơi tỷ USD trước 'giờ G',"TPO - Thị trường tài sản mã hóa tại Việt Nam đang đứng trước “giờ G” thí điểm. Một số định chế tài chính, ngân hàng và công ty chứng khoán đang chuẩn bị kỹ lưỡng để bước vào “cuộc chơi” mới đầy tiềm năng nhưng không ít thách thức.","Chạy đà trước “cuộc chơi”tỷ USD
Theo báo cáo từ VinaCapital, ước tính có tới 17 triệu người Việt Nam đã tham gia giao dịch tiền mã hóa với tổng trị giá hằng năm trên 100 tỷ USD. Hầu hết các hoạt động diễn ra trên sàn nước ngoài như Binance, Bybit hay nền tảng tại Singapore, Hàn Quốc, Hồng Kông (Trung Quốc)...
Việc Quốc hội thông qua Luật Công nghiệp Công nghệ số, Chính phủ ban hành Nghị quyết 05/2025/NQ-CP triển khai thí điểm thị trường tài sản mã hóa tại Việt Nam, được xem là bước đi quan trọng, nhằm đưa tài sản mã hóa ra khỏi “vùng tranh tối tranh sáng”, tiến tới một thị trường được quản lý và bảo vệ bởi pháp luật.
Luật mới đã ban hành, chính thức công nhậntài sản mã hóalà một loại tài sản hợp pháp. Khi tài sản số được công nhận là tài sản dân sự, những hành vi gian lận, thao túng giá, hay phát hành trái phép đều có cơ sở pháp lý rõ ràng để xử lý.
Theo Nghị quyết của Chính phủ, Việt Nam thí điểm thị trường tài sản mã hóa trong 5 năm. Doanh nghiệp đáp ứng đủ các điều kiện về vốn, cơ cấu tổ chức... sẽ được cấp giấy phép cung cấp dịch vụ tổ chức sàn giao dịch.
Một số định chế tài chính lớn bắt đầu “chạm” vào lĩnh vực mới này, với việc góp vốn, lập công ty con, hay hợp tác với đối tác quốc tế. Động thái này diễn ra trong bối cảnh Việt Nam đã thiết lập khung pháp lý thí điểm thị trường tài sản mã hóa.
Cái tên “khởi động” sớm trong nhóm nhà băng, doanh nghiệp liên quan hệ sinh thái của Ngân hàng TMCP Kỹ thương Việt Nam (Techcombank) - Công ty Cổ phần (CTCP) Sàn giao dịch Tài sản mã hóa Techcom (TCEX) được thành lập từ tháng 5/2025, với vốn điều lệ ban đầu 3 tỷ đồng. Đến tháng 8/2025, TCEX đã tăng lên 101 tỷ đồng. Trụ sở của TCEX đặt tại tòa nhà Techcombank và tổng giám đốc kiêm người đại diện pháp luật là ông Nguyễn Xuân Minh - Chủ tịch HĐQT của CTCP Chứng khoán Kỹ Thương (TCBS).
Ngân hàng TMCP Quân đội (MB) đã ký Biên bản ghi nhớ (MOU) hợp tác kỹ thuật với Dunamu - đơn vị vận hành Upbit,nền tảng tiền điện tửlớn nhất Hàn Quốc. Dunamu sẽ hỗ trợ MB thành lập sàn giao dịch tiền mã hóa (tiền điện tử) tại Việt Nam, đồng thời tham gia xây dựng luật, hệ thống và các cơ chế bảo vệ nhà đầu tư liên quan tài sản số.
Nhiều công ty chứng khoán, doanh nghiệp lĩnh vực tài chính, bất động sản cũng có kế hoạch tham gia thị trường này, đã thành lập pháp nhân liên quan: Chứng khoán SSI, Chứng khoán VPBank (VPBankS), Chứng khoán HD (HDBS), Chứng khoán VIX, CTCP Đầu tư HVA… Dường như, một số doanh nghiệp đã sớm chuẩn bị cho “cuộc chơi’ này. Từ năm 2022, SSI thành lập CTCP Công nghệ số SSI (SSI Digital - SSID).
Đặt an toàn, minh bạchlên hàngđầu
Trao đổi vớiPV Tiền Phong, ông Lê Bảo Nguyên - Phó Tổng Giám đốc SSID - kỳ vọng, Nghị quyết 05 về thí điểm thị trường tài sản mã hóa sẽ mở ra những cơ hội lớn cho tất cả các bên tham gia. Dự án tốt sẽ dễ tiếp cận vốn hơn, nguồn nhân lực chất lượng cao cũng có môi trường để phát triển ngay tại Việt Nam. Doanh nghiệp tài chính truyền thống và công nghệ cũng có thể hợp tác, tạo nên một hệ sinh thái đầy đủ hơn, từ thanh toán, lưu ký cho đến giao dịch.
Đặc biệt, đây là nền tảng để đưa các tài sản quen thuộc như bất động sản, trái phiếu hay tín chỉ carbon lên môi trường số, minh bạch và hiệu quả hơn.
Về pháp lý, theo ông Nguyên, việc thí điểm chính là bước đệm quan trọng, cho phép vừa làm vừa rút kinh nghiệm để hoàn thiện khung khổ pháp luật. “Với SSI Digital, chúng tôi đi theo định hướng an toàn và tuân thủ ngay từ đầu. Hệ thống được thiết kế để minh bạch, quản lý tài sản khách hàng tách bạch, giao dịch được giám sát chặt chẽ và có các cơ chế bảo vệ. Tronggiai đoạn thử nghiệm, chúng tôi tập trung vào những sản phẩm cơ bản, an toàn”, ông Nguyên nói và nhấn mạnh việc vừa đặt an toàn và minh bạch lên hàng đầu.
Tại sự kiện gặp gỡ nhà đầu tư cá nhân - công bố kết quả kinh doanh quý III, lãnh đạo Techcombank cũng tiết lộ: ""Với tiềm năng lớn như vậy, hiện nay chúng tôi đang chuẩn bị kỹ lưỡng trên mọi phương diện - từ công nghệ, tài chính cho đến nhân sự, để sẵn sàng tham gia khi được cấp phép bởi các cơ quan quản lý"".
Tại nghị quyết thí điểm, các điều kiện cấp phép cho đơn vị tổ chức thị trường giao dịch tài sản mã hóa đã được quy định khá chặt chẽ. Mức vốn điều lệ tối thiểu 10.000 tỷ đồng cùng yêu cầu cao về năng lực cổ đông và hạ tầng vận hành, khiến nhóm ngân hàng và công ty chứng khoán trở thành những đại diện có khả năng đáp ứng cao.
Bộ Tài chính đang xây dựng cấp phépsàn giao dịch tài sản mã hóa, theo đó, đến nay chưa có doanh nghiệp nào chính thức đăng ký tham gia cung cấp dịch vụ liên quan. Tuy nhiên, theo lãnh đạo Bộ Tài chính, đã có một số đơn vị quan tâm, trao đổi ở cấp kỹ thuật với Uỷ ban Chứng khoán Nhà nước để nắm rõ yêu cầu, điều kiện, qua đó chuẩn bị cho việc nộp hồ sơ chính thức thời gian tới.
Ông Phan Đức Trung - Chủ tịch Hiệp hội Blockchain và Tài sản số Việt Nam (VBA) - cho biết, nhiều quốc gia không đặt nặng yêu cầu về vốn mà chú trọng hơn đến các tiêu chuẩn công nghệ, bảo hiểm và nhân sự. Ông Trung dẫn ví dụ, các sàn giao dịch quốc tế thường phải có bảo hiểm ở mức trung bình khoảng 230 triệu USD, đồng thời yêu cầu đội ngũ quản lý sở hữu chứng chỉ nghiệp vụ, đặc biệt là chứng chỉ về chống rửa tiền. Trong bối cảnh đó, vốn điều lệ không phải là tiêu chí then chốt.
Tại Việt Nam, trong giai đoạn thí điểm,các doanh nghiệp được lựa chọncần có tiềm lực tài chính đủ lớn để đảm bảo ngay các nghĩa vụ về an toàn, bảo hiểm và quản trị rủi ro. Vì vậy, quy định vốn điều lệ tối thiểu 10.000 tỷ đồng và cơ cấu cổ đông có sự tham gia của ngân hàng, công ty chứng khoán hoặc doanh nghiệp công nghệ là phù hợp với thực tiễn."
https://tienphong.vn/tphcm-xe-may-cong-nghe-xe-cua-cong-chuc-vien-chuc-se-chuyen-sang-xe-dien-post1791669.tpo,"TPHCM: Xe máy công nghệ, xe của công chức, viên chức sẽ chuyển sang xe điện","TPO - TPHCM đặt mục tiêu chuyển đổi ít nhất 50% xe máy công nghệ và xe máy của công chức, viên chức sang xe điện vào năm 2027 và đạt 100% vào năm 2030.","Chiều 29/10, tại phiên toàn thể Tuần lễ Công trình xanh – Giao thông xanh Việt Nam 2025, ông Bùi Hòa An, Phó giám đốc Sở Xây dựng TPHCM, đã trình bày tham luận chuyên đề vềchuyển đổi xanhtrong lĩnh vực giao thông đô thị, nêu rõ nhiều kết quả nổi bật và định hướng lớn đến năm 2030.
Theo Sở Xây dựng TPHCM, hiện thành phố có 176 tuyến xe buýt với 2.386 phương tiện đang hoạt động. Trong đó, 1.308 xe sử dụng nhiên liệu diesel (chiếm 54,8%), 451 xe dùng khí CNG (18,9%) và 627 xe buýt điện (26,3%).
Đối với dịch vụ taxi, toàn thành phố có 18.613 xe, trong đó 13.124 xe điện, tương đương khoảng 71%. Ngoài ra, có khoảng 88.742 xe mô tô hai bánh phục vụ vận tải công nghệ, với gần 25.000 xe máy điện, chiếm 28,1%.
“Việc chuyển đổi sang phương tiện xanh đã bước đầu mang lại hiệu quả rõ rệt, giúp giảm phát thải và tiếng ồn. Nhiều doanh nghiệp vận tải đã chủ động đầu tư xe điện, góp phần lan tỏa xu hướng giao thông bền vững”- đại diện Sở Xây dựng TPHCM nêu.
Về hạ tầng trạm sạc, TPHCM hiện có khoảng 1.000 trạm sạc xe điện, trong đó gần 900 trạm thuộc mạng lưới V-Green. Hạ tầng hiện cung cấp hơn 9.400 trụ sạc với khoảng 14.700 cổng sạc ô tô, trong đó gần 5.000 cổng sạc nhanh, cùng khoảng 300 trạm sạc nhanh cho xe máy điện.
Số lượng phương tiện đang lưu thông đạt gần 40.000 ô tô điện (25.000 xe kinh doanh) và 87.000 xe máy điện. Tỷ lệ phương tiện trên mỗi trụ sạc hiện đáp ứng khuyến nghị quốc tế. Tuy nhiên, khoảng 63% ô tô điện vẫn dùng hình thức sạc chậm.
Để đáp ứng nhu cầu đang tăng nhanh, TPHCM sẽ cần bổ sung tối thiểu 1.500 trụ sạc nhanh cho ô tô tại các khu vực trọng điểm, đồng thời mở rộng mạng lưới tủ đổi pin cho xe máy điện.
Theo định hướng, từ năm 2025, 100% xe buýt đầu tư mới hoặc thay thế phải sử dụng điện, năng lượng sạch. Đến năm 2030, toàn bộ xe buýt, xe ô tô con của cơ quan nhà nước sẽ chạy bằng năng lượng xanh. ít nhất 50% xe máy công nghệ và xe máy của công chức, viên chức chuyển sang xe điện vào năm 2027 và đạt 100% vào năm 2030.
Cũng từ năm 2030, 100% taxi đầu tư mới sẽ là xe điện, đồng thời thí điểm phương tiện sử dụng nhiên liệu xanh như hydro.
Hạ tầng đi kèm sẽ được mở rộng mạnh. Đến năm 2030, TPHCM sẽ phát triểnhạ tầng trạm sạcđáp ứng nhu cầu chuyển đổi phương tiện, cụ thể: 100% công sở, bệnh viện, bến xe buýt, bãi đỗ xe có trạm sạc điện cho ô tô.
TPHCM cũng đặt mục tiêu hoàn thành ít nhất 1.500 trạm sạc điện (hoặc trạm cung cấp năng lượng xanh) công cộng cho ô tô; phát triển các trạm sạc/đổi pin cho xe máy điện tại các khu vực tập trung đông người như trung tâm thương mại, chung cư, các trường học, bãi giữ xe, trạm xe buýt,... Cùng với đó là khuyến khích các bến xe, trạm dừng nghỉ chuyển đổi theo tiêu chí xanh.
Hướng tới giao thông phát thải thấp
TPHCM cũng sẽ triển khai thí điểm vùng phát thải thấp (LEZ) tại khu trung tâm, Cần Giờ và Côn Đảo, đồng thời kiểm định khí thải 100% mô tô, xe gắn máy đang lưu hành.
Thành phố kiến nghị Chính phủ sớm hoàn thiện khung pháp lý cho giao thông xanh, bổ sung biển báo “Khu vực phát thải thấp” và ban hành quy chuẩn khí thải cho xe máy. Bên cạnh đó, cần có quy định về thu hồi, tái chế pin – ắc quy xe điện, bảo đảm an toàn và phát triển theo mô hình kinh tế tuần hoàn.
“TP.HCM đang bước vào giai đoạn chuyển đổi quan trọng, hướng tới hệ thống giao thông đô thị xanh, thông minh và bền vững. Mục tiêu là giảm phát thải khí nhà kính, nâng chất lượng không khí và cải thiện không gian sống cho người dân,” ông Bùi Hòa An nhấn mạnh."
https://tienphong.vn/can-tho-thua-50-cong-suat-dien-post1791243.tpo,Cần Thơ thừa 50% công suất điện,"TPO - Hiện tổng công suất truyền tải điện của Cần Thơ khoảng 2.000MW, trong khi mức sử dụng cao điểm cũng chỉ đạt ngưỡng 900MW, còn dư địa 50% công suất, nên đủ đảm bảo công suất điện cho các dự án công nghiệp lớn. Tuy nhiên, mạng dây điện của thành phố còn mất mỹ quan đô thị, cần được thu gom, chỉnh trang.","Thông tin được đưa ra tại cuộc họp của Ban Chỉ đạo cung cấp điện và sử dụng năng lượngTP. Cần Thơngày 28/10.
Ông Hà Vũ Sơn -Giám đốc Sở Công Thương Cần Thơ- cho biết, tổng công suất truyền tải điện của thành phố khoảng 2.000MW, trong khi mức sử dụng cao điểm chỉ 900MW, tức còn dư địa 50% công suất. Do đó, hệ thống điện của thành phố có khả năng đảm bảo điện cho các dự án công nghiệp lớn.
Lãnh đạo Sở Công Thương Cần Thơ đề xuất đẩy mạnh phát triển điện mặt trời áp mái, phát triển hài hòa các nguồn năng lượng tái tạo khác; sớm thông qua HĐND thành phố danh mục các khu đất thực hiện đấu thầu lựa chọn nhà đầu tư các dự án năng lượng...
Liên quan đến cácdự án điện giótại xã Cù Lao Dung (huyện Cù Lao Dung, tỉnh Sóc Trăng cũ), ông Vương Quốc Nam - Phó Chủ tịch UBND TP. Cần Thơ, Trưởng Ban Chỉ đạo - cho biết, nơi đây được quy hoạch vùng nông nghiệp sinh thái, nghỉ dưỡng, du lịch, không có quy hoạch cho công nghiệp. Do đó, việc đặt dự án điện gió tại đây có nguy cơ ""án ngữ"" đường ra biển và phá vỡ cảnh quan sinh thái độc đáo của khu vực này.
Ông Nam cũng chỉ ra thực trạng phức tạp trong các khiếu nại của người dân liên quan đến điện gió. DoLuật Điện lựctrước đây thiếu quy định về hành lang an toàn cánh quạt và đề nghị các đơn vị phải nghiên cứu chính sách hỗ trợ thỏa đáng, trong đó có tính đến các tác động có thật về tiếng ồn (quay 24/24h) và hiệu ứng “bóng cánh quạt” ảnh hưởng đến đời sống và sản xuất của người dân.
Theo ông Nam, mục tiêu tăng trưởng GDP hai con số của thành phố đòi hỏi nhu cầu năng lượng rất lớn, ngành điện phải chủ động nguồn cung ứng. Một nhiệm vụ cấp bách khác, ông Nam cho rằng, phải làm sạch mạng lưới điện, có chiến dịch thu gom các đường dây lòng thòng, ""râu ria"" để đảm bảo an toàn và mỹ quan đô thị…
TP. Cần Thơ hiện có 47 dự án nguồn điện với tổng công suất trên 10.400 MW, trong đó có 7 dự án điện gió đã vận hành thương mại. Các dự án nhiệt điện trong cụm Ô Môn đang được thúc đẩy xây dựng.
Đối với điện gió, Cần Thơ được phê duyệt 30 dự án với tổng công suất 2.752MW, trong đó, đã cấp chủ trương đầu tư 19 dự án, 12 dự án đang triển khai. Ngoài ra, Cần Thơ có 5 nhà máy điện sinh khối."
https://tienphong.vn/tai-san-ma-hoa-vung-xam-thi-truong-ao-danh-trao-dong-tien-that-post1791053.tpo,Tài sản mã hóa: 'Vùng xám' thị trường ảo đánh tráo dòng tiền thật,"TPO - Vừa qua, nhiều vụ lợi dụng, phát hành tiền số để lừa đảo với quy mô hàng nghìn tỷ đồng liên tiếp bị phanh phui. Dù thủ đoạn không mới song rất nhiều người vẫn sập bẫy. Những vụ việc này cho thấy một “vùng xám” đáng lo ngại của tài sản số trong giai đoạn thị trường này chưa có hành lang pháp lý rõ ràng tại Việt Nam.","Trong‘vùng xám’ chưa được soi sáng
Điểm chung của nhiều vụ lừa đảo liên quan tiền ảo thời gian qua là ""khoác"" lên mình vỏ bọc công nghệ, hào nhoáng với những thuật ngữ mới.
Vụ án lừa đảo chiếm đoạt tài sản liên quan dự án AntEx gây choáng váng cho giới đầu tư đầu tháng 10, Công an TP. Hà Nội khởi tố vụ án do ông Nguyễn Hòa Bình (Shark Bình) cùng đồng phạm điều hành. Công ty của Shark Bình phát hành token AntEx để huy động vốn cho hai dự án: “Đồng tiền số VNDT” và ví điện tử VNDT, được quảng bá là hệ sinh thái DeFi “made in Vietnam”.
Ông Bình tận dụng uy tín cá nhân,hình ảnh “Shark Bình”để quảng bá rầm rộ, thu hút hàng chục nghìn nhà đầu tư. Tuy nhiên, dự án không triển khai như cam kết, các sản phẩm công nghệ chưa từng xuất hiện, trong khi tiền từ ví tổng AntEx đã bị rút về ví cá nhân. Cơ quan điều tra xác định có tới 30.000 ví của nhà đầu tư đã bị rút tiền, tổng số tiền bị chiếm đoạt đặc biệt lớn.
Hồi tháng 9, Bộ Công an cũng triệt phá nhómtội phạm công nghệ cao, lập sàn tiền ảo “WorldMall.app” với đồng tiền ảo mang tên WM, lừa đảo hàng nghìn người dân trên cả nước, chiếm đoạt hàng chục tỷ đồng. Để tạo lòng tin cho người tham gia, các đối tượng tung thông tin giả về đội ngũ lãnh đạo là người nước ngoài giàu kinh nghiệm, hứa hẹn mức lãi suất từ 8-21% mỗi năm. Sau một thời gian ngắn, website đột ngột đóng cửa, nhiều nhà đầu tư mất trắng.
Không dừng lại ở đó, tiền ảo còn bị lợi dụng để thực hiện hoạt động phi pháp. Cũng trong tháng 9, TAND TPHCM xét xử 43 bị cáo trong vụ đánh bạc, tổ chức đánh bạc trên không gian mạng bằng tiền ảo, với số tiền lên đến 3,8 tỷ USD. Đây là đường dây đánh bạc trực tuyến bằng tiền điện tử lớn nhất từ trước đến nay bị triệt phá.
Các đối tượng lập trang web, kết nối, thuê cổng trò chơi đánh bài trực tuyến từ nước ngoài. Dưới hình thức kêu gọi đầu tư tài chính bằng tiền kỹ thuật số theo mô hình đa cấp, đảm bảo lợi nhuận 1-1,5%/ngày. Người chơi sẽ dùng tiền Việt Nam mua tiền kỹ thuật số để chuyển vào ví điện tử của các trang đánh bạc.
Theo Hiệp hội Blockchain và tài sản số, năm 2024, Trung tâm Khiếu nại tội phạm mạng (IC3) thuộc FBI IC3 ghi nhận thiệt hại toàn cầu từ lừa đảo tài sản số lên đến hơn 9,3 tỷ USD, tăng gần 70% so với năm trước. Việt Nam được xếp trong nhóm 6 điểm nóng toàn cầu về dòng tiền gian lận. Trong nước, thống kê cho thấy, từ tháng 12/2019 đến 5/2024, cơ quan chức năng đã phát hiện gần 20.000 vụ lừa đảo, liên quan hơn 17.000 đối tượng, gây thiệt hại trên 12.000 tỷ đồng.
“Cạm bẫy công nghệ” và chiêu trò tâm lý
Cơ quan chức năng cho biết, trong các vụ án, vụ việc lừa đảo trên không gian mạng, phần lớn tiền chiếm đoạt được đã chuyển thành tài sản mã hóa thông qua giao dịch trên những sàn quốc tế. Điều này cho thấy sự cần thiết phảibảo vệ quyền lợi nhà đầu tư, cũng như thu hẹp “vùng xám” trong hoạt động của thị trường tài sản số - nơi dòng tiền thật dễ dàng bị “đánh tráo” qua các hoạt động không được cấp phép.
Trao đổi vớiPV Tiền Phong, PGS, TS. Nguyễn Hữu Huân - Trưởng Bộ môn thị trường tài chính, Trường Đại học Kinh tế TPHCM - cho biết, vấn nạn lừa đảo trên thị trường tiền ảo, tài sản mã hoá không phải là câu chuyện của riêng quốc gia nào mà mang tính toàn cầu, chủ yếu nhắm vào nhóm nhà đầu tư thiếu hiểu biết về tài chính, bị hấp dẫn bởi lời hứa “làm giàu nhanh”.
Theo ông Huân, công nghệ blockchain và các đồng tiền mã hóa chỉ mới xuất hiện từ năm 2008, quá trình hoàn thiện khung pháp lý, chuẩn mực quản trị vẫn đang diễn ra. Ngay cả những sàn giao dịch lớn nhất thế giới như Binance cũng từng dính bê bối, thị trường toàn cầu vẫn còn những phần chưa hoàn thiện, chứ không riêng Việt Nam.
ChainTracer - dự án truy vết giao dịch blockchain do Hiệp hội Blockchain và tài sản số Việt Nam - cũng vừa phát triển đã phối hợp với cơ quan chức năng trong quá trình truy vết, xác minh dữ liệu các vụ án liên quan tiền ảo. Nền tảng đã xử lý 65 vụ vớitổng thiệt hạiước tính 10 triệu USD, với những vụ việc nổi cộm thời gian qua như dự án AntEx, đường dây lừa đảo tiền ảo ""WorldMall.app”.
Qua nghiên cứu nhiều vụ việc, ông Trần Huyền Dinh - Chủ nhiệm dự án ChainTracer - cảnh báo 5 dấu hiệu mà nhà đầu tư cần cảnh giác. Đầu tiên là các chủ dự án hứa trả lãi quá cao, cam kết lợi nhuận không thực tế, ví dụ cao hơn 15%/năm hoặc 10-15%/tháng. Thiếu minh bạch thông tin cũng là yếu tố đáng lo ngại, khi dự án có rất ít thông tin trên các kênh quốc tế, chỉ xuất hiện bằng ngôn ngữ nội địa hoặc toàn quảng cáo mà không có bằng chứng quỹ/tổ chức uy tín.
Nhà đầu tư cũng cần cảnh giác sản phẩm quá mới, mà mình ít hiểu; chủ dự án mời đầu tư vào mô hình phức tạp, trước những giới thiệu quaKOLs (người có sức ảnh hưởng), tiếp thị đa cấp… được quảng cáo rầm rộ nhưng thiếu bằng chứng thực tế...
Cũng theo ông Dinh, các mô hình lừa đảo thường hình thành theo hai nhóm: Lừa đảo thuần công nghệ và lừa đảo tâm lý kết hợp công nghệ. Nhóm thứ 2 thường gặp hơn, khi chủ dự án cam kết lãi suất cao, KOLs nổi tiếng đưa ra lời hứa hoặc cung cấp thông tin huy động vốn hấp dẫn để đánh vào niềm tin và sự thiếu hiểu biết của nhà đầu tư.
Đại diện ChainTracer bày tỏ tin tưởng trước các quy định, chính sách liên quan tài sản số, tài sản mã hóa được ban hành gần đây. Đặc biệt, Nghị quyết 05/2025/NQ-CP về triển khai thí điểm thị trường tài sản mã hóa tại Việt Nam không chỉbảo vệ nhà đầu tưtrong nước mà còn bảo vệ được dòng tiền trong nước không bị chảy ra nước ngoài thông qua những dự án lừa đảo, những công cụ lừa đảo."
https://tienphong.vn/dien-vien-phi-ngoc-anh-hoang-loan-cau-cuu-post1792178.tpo,Diễn viên Phi Ngọc Ánh hoảng loạn cầu cứu,"TPO - Diễn viên Phi Ngọc Ánh xuất hiện với gương mặt đầy máu, thần thái hoảng loạn trên livestream cầu cứu. Trao đổi với Tiền Phong, diễn viên nói đang điều trị tại bệnh viện và chờ kết quả.","Sáng 31/10, diễn viên Phi Ngọc Ánh mở livestream với khuôn mặt đầy máu và liên tục hét lớn: “Cứu tôi với, báo công an giùm tôi”.
Diễn viên hoảng loạn, quay camera vào người đàn ông được cho là chồng cũ và nói: ""Tôi không tấn công anh, tôi không tấn công anh, anh về nhà mở cửa không được rồi làm ầm ĩ lên…”.
Theo nữ diễn viên, người này đã tấn công và xúc phạm cô. Đoạn livestream chỉ kéo dài một phút 16 giây và hút hơn 100.000 lượt xem.
Dưới bình luận nhiều người lo lắng hỏi thăm tình hình sức khỏe của Phi Ngọc Ánh. Diễn viên Quang Sự nói cô nên bình tĩnh xử lý sự việc.
Trả lờiTiền Phong, Phi Ngọc Ánh cô đã cấp cứu trong bệnh viện và đang đợi kết quả của bác sĩ. Hiện tại cô mệt và đau đầu, sẽ chia sẻ thêm sau. Chiều cùng ngày, diễn viên Phi Ngọc Ánh xác nhận cô bị hành hung dẫn đến chấn thương nặng. Theo lời kể, mâu thuẫn phát sinh từ những xúc phạm và nghi ngờ, khiến hai bên xảy ra cãi vã. Sau đó, cô mở livestream cầu cứu và báo công an. Lực lượng chức năng có mặt kịp thời, yêu cầu cô đến bệnh viện cấp cứu.
Hiện Phi Ngọc Ánh bị vỡ xương mũi, gãy răng, mặt sưng và đau nhiều. Cô đang điều trị cầm máu, dự kiến phải phẫu thuật và mất thời gian dài để hồi phục do công việc đòi hỏi thể lực. Viện phí ước tính khoảng 60 triệu đồng, chưa kể chi phí phát sinh.
Nữ diễn viên cho biết dù từng học võ, cô đã không phản kháng: “Tôi không muốn đánh lại, dù sao cũng là gia đình. Nếu tôi làm vậy, sự việc đã khác rồi”.
Phi Ngọc Ánh sinh năm 1987, từng có thời gian làm cascadeur với 17 năm kinh nghiệm. Chính nền tảng này giúp cô theo đuổi định hướng trở thành diễn viên hành động tự thực hiện các cảnh võ thuật, không cần người đóng thế. Cô từng tham giaHương cỏ dại,Cầu vồng đơn sắc,Vườn đời,Vật chứng mong manh,Đại gia không chồng,Vết dầu loang…
Cô từng sáng lập câu lạc bộ phi lợi nhuận chuyên dạy tự vệ cho phụ nữ và trẻ em từ 5 đến 15 tuổi. Hoạt động kéo dài từ năm 2018 đến 2020, sau đó tạm ngưng do dịch bệnh và lịch trình bận rộn.
Phi Ngọc Ánh đạt nhiều giải thưởng như Nữ diễn viên hành động xuất sắc nhất châu Á tại lễ trao giải Korea Culture & Entertaiment Awards 2016 ở Hàn Quốc, người đẹp Áo dài tại cuộc thi Người đẹp Hoa anh đào 2009.
Có thời điểm, cô gặp tai nạn nghiêm trọng khi quay phim, phải trải qua ca phẫu thuật kéo dài 12 tiếng và mất hơn một năm để hồi phục. Vết thương khiến sụn vai bị vỡ, rách bao khớp và đứt dây chằng, khiến cô chỉ có thể vận động khoảng 80% vai trái. Dù vậy, Phi Ngọc Ánh vẫn trở lại với nghề bằng tinh thần bền bỉ và tình yêu nghệ thuật.
Năm 2022, cô âm thầm chiến đấu với ung thư tuyến giáp, từng rơi vào trạng thái tủi thân, bất lực và chọn giấu gia đình để tránh khiến người thân lo lắng. Sau giai đoạn khủng hoảng, cô dần lấy lại tinh thần, tiếp tục làm việc và giữ thái độ sống tích cực."
https://tienphong.vn/hue-da-nang-mua-lon-tro-lai-post1792068.tpo,Huế - Đà Nẵng mưa lớn trở lại,"TPO - Từ đêm nay (31/10), khu vực Huế - Đà Nẵng và phía đông Quảng Ngãi có thể đón mưa lớn trở lại với lượng mưa đến đêm mai (1/11) khoảng 100-200mm, có nơi trên 350mm. Khu vực Nghệ An – Quảng Trị là tâm điểm của đợt mưa lớn lần này với lượng mưa từ sáng sớm nay đến đêm mai cao nhất trên 500mm.","Trung tâm Dự báo Khí tượng Thuỷ văn Quốc gia cho biết, tình hình mưa lớn ở các tỉnh miền Trung vẫn diễn biến rất phức tạp do hoạt động của không khí lạnh tăng cường, kết hợp với nhiễu động gió đông và địa hình đón gió.
Trong đợt mưa lần này, khu vực tâm điểm là Nghệ An đến Bắc Quảng Trị (Quảng Bình cũ). Đêm qua và sáng sớm nay (31/10), khu vực này xuất hiện mưa vừa, mưa to, cục bộ có nơi mưa rất to.
Lượng mưa tính từ 19h tối qua đến 3h sáng nay có nơi trên 130mm như trạm Hồ Thượng Sông Trí (Hà Tĩnh) 266.6mm, trạm Ba Đồn (Quảng Trị) 346mm.
Dự báo từ sáng sớm 31/10 đến hết đêm 1/11, khu vực từ Nghệ An đến Bắc Quảng Trị tiếp tục có mưa to đến rất to với lượng mưa phổ biến 150-300mm, có nơi mưa rất to trên 500mm.
Khu vực từ Nam Quảng Trị đến Đà Nẵng ngày hôm nay ít mưa. Từ đêm nay đến đêm mai (1/11) mưa lớn trở lại với lượng mưa từ 100-250mm, có nơi mưa rất to trên 350mm.
Dự báo ngày và đêm 2/11, khu vực từ Nam Nghệ An đến Quảng Ngãi tiếp tục có mưa vừa, mưa to với lượng mưa phổ biến 70-150mm, có nơi mưa rất to trên 300mm. Mưa lớn ở miền Trung có khả năng kéo dài đến ngày 4/11.
Do mưa lớn kéo dài, lũ trên sông Gianh (Quảng Trị) đang lên. Lúc 1h sáng nay, lũ trên sông Gianh tại trạm Mai Hóa dưới báo động (BĐ)2 là 0,16m. Trong ngày hôm nay, lũ trên sông Gianh tiếp tục lên, đạt đỉnh ở gần BĐ3, sau đó xuống dần và trên mức BĐ2 khoảng 0,6m.
Cơ quan khí tượng cảnh báo, từ hôm nay (31/10) đến ngày 5/11, trên các sông từ Nghệ An đến Quảng Trị có khả năng xuất hiện một đợt lũ.
Trong đợt lũ này, mực nước đỉnh lũ thượng lưu sông Cả (Nghệ An), sông Ngàn Sâu, Ngàn Phố (Hà Tĩnh), sông Gianh, sông Kiến Giang, sông Thạch Hãn (Quảng Trị) lên mức BĐ2- BĐ3, có sông trên mức BĐ3, hạ lưu sông Cả (Nghệ An), sông La (Hà Tĩnh) lên mức BĐ1-BĐ2.
Dự báo nguy cơ ngập lụt sâu, diện rộng tại vùng trũng thấp ven sông, khu đô thị các tỉnh từ Nghệ An đến Quảng Trị trong những ngày tới.
Tại khu vực Huế - Đà Nẵng lũ đang xuống. Lúc 1h sáng nay, lũ trên sông Bồ trên BĐ2, sông Hương dưới BĐ2, sông Vu Gia trên BĐ2, sông Thu Bồn trên BĐ3.
Trong ngày hôm nay, lũ trên sông Bồ và sông Thu Bồn tiếp tục xuống và ở trên mức BĐ2, sông Hương xuống mức BĐ2, sông Vu Gia tiếp tục xuống và ở dưới mức BĐ2. Dự báo trong đêm nay, lũ trên các sông tiếp tục xuống và ở mức BĐ1- BĐ2.
Tính đến tối qua còn khoảng 75 xã, phường vẫn bị ngập ở ba địa phương là Huế, Đà Nẵng và Quảng Trị. Trong đó Huế còn 32 phường/xã ngập sâu từ 0,5-2m, Đà Nẵng còn 39 phường/xã trong đó 29 phường/xã ngập sâu, 10 phường/xã vẫn đang bị cô lập. Quảng Trị còn 4 xã ngập sâu từ 0,2-1m.
Dự báo trong hôm nay, tình hình ngập lụt sâu, diện rộng tại thành phố Đà Nẵng giảm dần, ngập lụt tại thành phố Huế tiếp tục giảm nhanh.
Tính đến 18h30 tối qua (30/10), mưa lũ đã làm22 người chết, mất tích, 24 người bị thương. Đà Nẵng chịu thiệt hại nặng nhất với 7 người chết, 4 người mất tích và 21 người bị thương. Huế có 2 người thiệt mạng, 6 người mất tích và một người bị thương. Quảng Trị có 2 người mất tích, Lâm Đồng có một người chết.
Mưa lũ cũng làm 52 nhà bị sập, cuốn trôi (Đà Nẵng 50, Quảng Ngãi 2), 145 nhà bị hư hỏng (Đà Nẵng 94, Quảng Ngãi 40, Lâm Đồng 11) và 123.677 nhà bị ngập (Hà Tĩnh 168, Quảng Trị 1.236, Huế 44.507, Đà Nẵng 76.427 và Lâm Đồng 1.339)."
https://tienphong.vn/dong-loat-kham-xet-mot-so-tiem-vang-o-thanh-hoa-post1792138.tpo,Đồng loạt khám xét một số tiệm vàng ở Thanh Hóa,"TPO - Hàng chục cảnh sát đã phong tỏa đoạn đường Lê Hoàn, phường Hạc Thành, tỉnh Thanh Hóa để khám xét một số tiệm vàng.","Sáng 31/10, Công an tỉnhThanh Hóahuy động hàng chục cán bộ, chiến sĩ, tiến hành phong tỏa một đoạn đường Lê Hoàn, phường Hạc Thành. Việc phong tỏa phục vụ cho quá trình khám xét một số tiệm vàng ở đây.
Theo ghi nhận, nhiều lực lượng như cảnh sát cơ động, giao thông và hình sự đã căng dây, ngăn không cho người, phương tiện qua lại trên đoạn đường này.
Phía bên trong khu vựcphong tỏa, lực lượng chức năng xuất hiện tại một số cửa hàng kinh doanh vàng. Sự việc thu hút đông đảo người dân hiếu kỳ đứng xem.
Hiện Công an tỉnh Thanh Hóa chưa công bố thông tin chính thức về vụ việc nêu trên.
Trước đó, chiều 26/10, Công an tỉnh Thanh Hóa cũng đã phong tỏa khu vực trước ngôi nhà số 88, đường Dương Đình Nghệ, phường Hạc Thành.
Căn nhà này thuộc sở hữu của ông N.X. B. - một doanh nhân có tiếng tại Thanh Hóa, hoạt động trong nhiều lĩnh vực khác nhau. Cảnh sát cũng xuất hiện, phong tỏa trước ngôi nhà của ông V.V.H. (trên đường Triệu Quốc Đạt, phường Hạc Thành). Ông H. cũng là một giám đốc doanh nghiệp, là em vợ ông của ông N.X.B.."
https://tienphong.vn/de-xuat-che-tai-manh-tay-voi-nhung-tinh-khong-dat-chi-tieu-thuc-hien-cam-ket-ve-moi-truong-post1791093.tpo,Đề xuất chế tài 'mạnh tay' với những tỉnh không đạt chỉ tiêu thực hiện cam kết về môi trường,"TPO - Đại biểu Quốc hội đề nghị Chính phủ mạnh dạn công khai bảng xếp hạng tuân thủ của tỉnh, thành; rút giấy phép, giảm hạng cơ sở lặp lại vi phạm; thậm chí, cần có chế tài 'mạnh tay' với những tỉnh không đạt chỉ tiêu thực hiện cam kết về môi trường...","Rút giấy phép, giảm hạng với cơ sở lặp lại vi phạm
Sáng 28/10, thảo luận về báo cáogiám sát môi trườngcủa Quốc hội,đại biểu Nguyễn Minh Tâm (Quảng Trị) cho rằng, báo cáo chưa xác lập ràng buộc trách nhiệm: chưa rõ ai chịu trách nhiệm cuối cùng khi không đạt chỉ tiêu, chế tài xử lý ra sao, quy trình kiểm tra – công khai – xử lý thế nào?
Bên cạnh đó, báo cáo và dự thảo Nghị quyết đã đề cập tương đối kỹ về thực trạng và bộ công cụ - đó là những điểm tiến bộ đáng ghi nhận, nhưng chưa “điểm danh” các cam kết năm 2025 và chưa gắn trách nhiệm – chế tài để bảo đảm thi hành đúng hạn, tránh tình trạng “ban hành nghị quyết rồi để đó”.
Từ phân tích trên, đại biểuđề nghị Chính phủ mạnh dạn công khai bảng xếp hạng tuân thủ của tỉnh, thành (địa điểm du lịch, siêu thị, khách sạn đạt chuẩn “không nhựa một lần”); rút giấy phép, giảm hạng cơ sở vi phạm lặp lại và thậm chí, cần cóchế tài 'mạnh tay' với những tỉnh không đạt chỉ tiêu thực hiện cam kết về môi trường thì có thể giảm/giữ lại một phần phân bổ sự nghiệp môi trường năm sau; tỉnh đạt vượt chuẩn được thưởng tăng chi.
“Tôi tha thiết đề nghị Nghị quyết giám sát lần này phải là Nghị quyết thực thi: rõ người – rõ việc – rõ thời hạn – rõ kết quả; đi kèm thưởng – phạt ngân sách; có chế tài đủ mạnh với hành vi “không làm”; và có cơ chế công khai dữ liệu (hình ảnh vi phạm) để toàn xã hội cùng giám sát”, bà Tâm kiến nghị.
Đưa “GDP xanh” vào hệ thống chỉ tiêu phát triển quốc gia
Tại phiên thảo luận, đại biểu Thạch Phước Bình (Vĩnh Long) đánh giá, lần đầu tiên, thiên nhiên được đặt ngang hàng với con người, coi bảo vệ môi trường là nền tảng của tăng trưởng, chứ không phải là cái giá phải trả cho phát triển.
Cũng theo ông Bình, nhiều địa phương đã chuyển động rõ nét như: Đà Nẵng, Quảng Ninh, Bình Dương triển khaiđô thị xanh và kinh tế tuần hoàn; TP.HCM khởi động dự án đốt rác phát điện Phước Hiệp; Cần Thơ vận hành hệ thống xử lý nước thải tập trung cho toàn đô thị...
Bên cạnh đó, ông cũng cho rằng, công tác kiểm soát ô nhiễm có tiến bộ nhưng chưa bền vững. Đại biểu ví dụ, tỷ lệ thu gom rác đô thị đạt 97% nhưng chỉ 18% nước thải được xử lý, gần 60% rác thải vẫn chôn lấp.
Tại Hà Nội, có thời điểmbụi mịn PM2.5 vượt ngưỡng WHO gấp 5–7 lần, ảnh hưởng sức khỏe hàng triệu người. Các lưu vực sông Nhuệ – Đáy, Bắc Hưng Hải, sông Cầu ô nhiễm hữu cơ cao gấp 3–5 lần cho phép, trong khi ngân sách cho xử lý nguồn thải còn quá thấp – chỉ chiếm khoảng 1,2% tổng chi ngân sách, thấp hơn Thái Lan, Indonesia, Malaysia.
Bên cạnh đó, ý thức xã hội đã nâng lên, nhưng hành vi chưa thay đổi. Phân loại rác tại nguồn mới đạt khoảng 15% hộ gia đình; nhiều doanh nghiệp vẫn coi chi phí môi trường là “gánh nặng” thay vì “đầu tư cho tương lai”.
“Tất cả những điều đó cho thấy môi trường Việt Nam đang ở “ngưỡng giới hạn chịu đựng” – nếu không chuyển đổi mạnh mẽ, chi phí khắc phục sẽ lớn hơn nhiều so với chi phí phòng ngừa”, ông Bình nói.
Từ phân tích trên, đại biểu đề nghị cải cách thể chế, kiến tạo tư duy phát triển xanh và đã đến lúc xem môi trường là chỉ số năng lực điều hành quốc gia, không chỉ là nhiệm vụ kỹ thuật.
“Đề nghị Quốc hội đưa “GDP xanh”, “tăng trưởng cacbon thấp”, “chỉ số sức khỏe môi trường (EPI)” vào hệ thống chỉ tiêu phát triển quốc gia”, đại biểu nêu ý kiến.
Cùng với đó, ông Bình cũng kiến nghị Chính phủ ban hành Chính sách tài chính xanh quốc gia, phát hành trái phiếu khí hậu, thành lập Quỹ xanh địa phương và ưu đãi thuế cho doanh nghiệp đầu tư công nghệ sạch.
“Một đồng chi cho môi trường hôm nay sẽ tiết kiệm hàng chục đồng cho y tế và khắc phục thiên tai ngày mai”, ông Bình cho hay."
https://tienphong.vn/camera-ai-con-mat-so-nhan-dien-vi-pham-dieu-hanh-giao-thong-thong-minh-post1791062.tpo,"Camera AI: 'Con mắt số' nhận diện vi phạm, điều hành giao thông thông minh","TPO - Hàng nghìn camera AI đang được lắp đặt trên khắp các tuyến phố, trở thành “con mắt số” giúp nhận diện vi phạm, giảm ùn tắc và hỗ trợ điều hành giao thông thông minh. Tuy nhiên yêu cầu cấp thiết là phải đồng bộ hành lang pháp lý.","Xu hướng tất yếu của giao thông hiện đại
Hà Nộiđang triển khai lắp đặt 1.873 camera AI và dự kiến đưa vào vận hành từ tháng 12. Hệ thống này không chỉ giúp hiện đại hóa hạ tầng giao thông mà còn hỗ trợ quản lý, giám sát và đảm bảo an toàn cho người dân - một bước đi quan trọng trong lộ trình xây dựng “thành phố thông minh”.
Trao đổi vớiPV Tiền Phong, ông Chu Quang Thái - Phó Tổng thư ký, Phó Trưởng ban Công nghệ Hiệp hội Ô tô, Xe máy, Xe đạp Việt Nam (VAMOBA) - cho biết, việc ứng dụng camera AI là xu hướng tất yếu trong quá trình chuyển đổi số giao thông.
“Công nghệ AI có khả năng nhận diện, phân tích và dự báo tình huống giao thông theo thời gian thực, giúp giảm tai nạn, hỗ trợ quản lý phương tiện và nâng cao hiệu quả vận hành”, ông Thái nói.
Theo chuyên gia, camera AI chính là “con mắt số” của phương tiện hiện đại, giúp xe hiểu và phản ứng với môi trường xung quanh. Trong tương lai, hệ thống hỗ trợ lái thông minh (ADAS) và camera AI sẽ trở thành trang bị cơ bản trên mọi dòng xe, cả sản xuất trong nước lẫn nhập khẩu.
Camera AI cũng mở ra cơ hội lớn trong quản lý đội xe và logistics. Dữ liệu từ hệ thống giúp doanh nghiệp tối ưu lộ trình, giảm chi phí vận hành và dự đoán nhu cầu bảo dưỡng, hướng tới hệ sinh thái dịch vụ số toàn diện. Tuy nhiên, để công nghệ này phát huy hiệu quả, Việt Nam cần đồng thời phát triển hạ tầng dữ liệu, chuẩn hóa quy trình thu thập - xử lý thông tin và đào tạo nhân lực AI chuyên biệt.
“Camera AI không chỉ là thiết bị ghi hình mà là mộtnền tảng trí tuệ. Tuy nhiên, quá trình áp dụng phải đảm bảo cân bằng giữa an toàn, tiện lợi và quyền riêng tư. Dữ liệu cá nhân, nếu không được bảo vệ nghiêm ngặt, có thể trở thành rủi ro pháp lý”, ông Thái cảnh báo.
Đại diện VAMOBA dự báo, trong vòng 2-3 năm tới, công nghệ camera AI sẽ phổ biến ở hầu hết các phân khúc xe tại Việt Nam. Đến năm 2030, AI có thể trở thành trang bị tiêu chuẩn nhờ sự phát triển của chip, điện toán biên, IoT, 6G và hạ tầng số.
“Chúng ta đang bước vào kỷ nguyên di chuyển thông minh. Nếu có chính sách thử nghiệm phù hợp, Việt Nam hoàn toàn có thể trở thành một trong những quốc gia tiên phong trong lĩnh vực này”, ông Thái nói.
Cần hành lang pháp lý và bảo vệ dữ liệu cá nhân
Cùng với lợi ích củacamera AItrong giao thông thông minh, việc sử dụng công nghệ này để xử phạt vi phạm (phạt nguội - PV) cũng đặt ra không ít thách thức pháp lý.
Luật sư Hoàng Tuấn Vũ - Công ty Luật TNHH Tuệ Anh, Đoàn Luật sư TP. Hà Nội - cho rằng đây là công cụ hữu hiệu để đảm bảo trật tự an toàn giao thông, nhưng cần cơ chế minh bạch để tránh dẫn đến khiếu nại
Theo luật sư Vũ, một trong những bất cập phổ biến là việc xác định người vi phạm. Trong nhiều trường hợp, phương tiện bị“phạt nguội”đang được cho mượn, cho thuê hoặc đã bán nhưng chưa sang tên. Khi thông báo xử phạt gửi đến chủ xe, người sở hữu hợp pháp có thể bị “phạt oan” và phải mất thời gian giải trình. “Pháp luật hiện nay quy định xử lý chủ sở hữu khi không xác định được người điều khiển, nhưng cách này dễ gây khiếu nại”, luật sư Vũ nói.
Bên cạnh đó, độ chính xác của dữ liệu từ camera cũng cần được xem xét. Hệ thống có thể gặp lỗi kỹ thuật, hình ảnh mờ, biển số bị che khuất hoặc trùng khớp sai phương tiện.
Một vấn đề khác là khâu thông báo và thi hành quyết định xử phạt. Nhiều chủ xe không còn ở địa chỉ đăng ký,khiến giấy báo bị trả lại. Khi người dân không biết mình bị phạt, họ không nộp phạt đúng hạn và chỉ phát hiện khi đăng kiểm bị “treo”. Nguyên nhân là thiếu liên thông dữ liệu giữa các cơ quan. Việc xử lý thủ công ở nhiều nơi cũng làm chậm trễ và dễ sai sót.
Luật sư Vũ đặc biệt nhấn mạnh vấn đề bảo mật dữ liệu cá nhân. Hình ảnh người tham gia giao thông, biển số xe đều là thông tin nhạy cảm, nếu bị rò rỉ có thể ảnh hưởng quyền riêng tư của người dân.
Để khắc phục, luật sư Hoàng Tuấn Vũ cho biết cần xây dựng quy trình chuẩn về thu thập, lưu trữ, trích xuất dữ liệu hình ảnh theo chuẩn chứng cứ điện tử; Liên thông hệ thống dữ liệu quốc gia giữa công an,đăng kiểm, ngân hàng và bưu điện để xử lý và thông báo vi phạm nhanh, chính xác.
Ngoài ra, cần tạo kênh tra cứu và khiếu nại trực tuyến, giúp người dân xem hình ảnh, phản hồi, nộp phạt thuận tiện hơn; Tăng cường giám sát và bảo mật dữ liệu, quy định rõ trách nhiệm của cơ quan quản lý camera, xử lý nghiêm việc rò rỉ hoặc thương mại hóa thông tin cá nhân.
“Phạt nguội chỉ phát huy hiệu quả khi minh bạch, đúng pháp luật và lấy người dân làm trung tâm. Khi đó, hệ thống không chỉ góp phần giữ gìn trật tự giao thông mà còn củng cố niềm tin xã hội vào pháp luật”, luật sư Vũ nhấn mạnh."
https://tienphong.vn/ha-noi-se-thay-ve-di-metro-bang-sinh-trac-hoc-khuon-mat-post1790967.tpo,Hà Nội sẽ thay vé đi metro bằng sinh trắc học khuôn mặt,"TPO - Thời gian tới, UBND TP Hà Nội sẽ dừng sử dụng vé lượt và sử dụng sinh trắc học khuôn mặt tại 2 tuyến metro: Cát Linh – Hà Đông và Nhổn – Ga Hà Nội.","Ngày 27/10, UBND TP Hà Nội phê duyệt Quy trình kiểm soát vé tại cổng soát vé tự động triển khai giải pháp ứng dụng định danh, xác thực điện tử và nhận diện sinh trắc học đối với hành khách đi tàu tại ga đường sắt đô thị.
Quy trình được áp dụng cho các nhà ga đường sắt đô thị trên địa bàn Hà Nội, trước mắt là trên hai tuyến đường sắt đô thị Hà Nội: Tuyến 2A Cát Linh – Hà Đông và Tuyến 3.1 Nhổn – Ga Hà Nội.
UBND TP Hà Nội đưa ra 3 giai đoạn để thực hiện lộ trình.
Giai đoạn 1: Thực hiện xác thực và định danh tài khoản cho tất cả các vé theo thời gian bao gồm vé ngày, vé tuần, vé tháng... Việc định danh được thực hiện qua căn cước công dân (CCCD), VNeID, hoặc trực tiếp tại quầy nếu là người nước ngoài. Hành khách sử dụng loại vé này sẽ phải táp vé tại cổng kiểm soát và sau đó thực hiện xác thực khuôn mặt tại cổng kiểm soát trước khi vào ga. Triển khai vé lượt không định danh. Hành khách có thể mua vé lượt mọi lúc mọi nơi và sử dụng vé lượt để đi vào ga mà chưa cần xác thực sinh trắc học khuôn mặt. Sử dụng thẻ EMV để di chuyển theo mô hình Tap and Go chưa cần xác thực sinh trắc học. Cho phép người cao tuổi sử dụng CCCD gắn chíp và xác thực khuôn mặt để đi tàu mà không phải mua vé. Sẵn sàng tích hợp với hệ thống vé điện tử liên thông của thành phố qua đó cho phép người dân sử dụng vé điện tử liên thông hợp lệ tại các cổng soát vé.
Giai đoạn 2: Khuyến khích mua vé lượt định danh trên ứng dụng Hà Nội Metro và tại Kiot và soát vé và sử dụng phương thức soát vé sinh trắc học khuôn mặt. Nếu hệ thống vé điện tử liên thông của thành phố có thể thu thập và cung cấp dữ liệu sinh trắc học, hệ thống sẽ ưu tiên dùng dữ liệu này để kiểm soát vé điện tử liên thông tại các cổng soát vé tự động. Cung cấp nền tảng API để RAR bổ sung tính năng bán vé qua ứng dụng VNeID, cho phép người dân có thể mua vé ngay trên ứng dụng VneID.
Giai đoạn 3: Xem xét thực hiện các biện pháp để nâng cao tỷ lệ áp dụng vé lượt định danh và phải xác thực sinh trắc học khi ra vào ga, từng bước tiến đến ngừng sử dụng vé lượt không định danh. Nếu hệ thống vé điện tử liên thông chưa có dữ liệu sinh trắc học khuôn mặt, hành khách sẽ thực hiện cung cấp dữ liệu sinh trắc học 1 lần đầu tiên tại Kiot ở các nhà ga đối với các vé điện tử liên thông theo thời gian. Đối với vé điện tử liên thông 1 lượt, thì hành khách sẽ phải cung cấp trước lúc đi tại các Kiot. Từng bước thực hiện soát vé sinh trắc học đối với tất cả hành khách sử dụng vé theo thời gian. Nghiên cứu thí điểm để đánh giá khả năng cho hành khách là người có quốc tịch nước ngoài sử dụng hộ chiếu để qua cổng soát vé. Nghiên cứu thí điểm khả năng áp dụng soát vé sinh trắc học đối với hành khách sử dụng vé lượt, hành khách sử dụng thẻ EMV, ví điện tử (theo mô hình Tap and Go) để đánh giá khả năng và tiến tới áp dụng việc nhận diện sinh trắc học đối với toàn bộ hành khách đi tàu. Nghiên cứu một số giải pháp công nghệ và đề xuất hoàn thiện các quy định pháp luật (nếu cần thiết) để khuyến khích và tạo động lực thúc đẩy hành khách sử dụng sinh trắc học."
https://tienphong.vn/de-xuat-chuyen-quy-trinh-cap-doi-giay-phep-phu-hieu-o-to-qua-vneid-post1790777.tpo,"Đề xuất chuyển quy trình cấp đổi giấy phép, phù hiệu ô tô qua VNeID","TPO - Hàng loạt thủ tục trong lĩnh vực vận tải đường bộ sắp được cắt giảm mạnh, toàn bộ quy trình cấp - thu hồi giấy phép và phù hiệu xe sẽ chuyển sang hình thức điện tử qua ứng dụng VNeID. Những thay đổi này được kỳ vọng giúp doanh nghiệp tiết kiệm chi phí, thời gian và tăng sức cạnh tranh.","Bộ Xây dựngvừa gửi công văn lấy ý kiến góp ý của Ủy ban Trung ương Mặt trận Tổ quốc Việt Nam, các bộ, ngành, địa phương, Liên đoàn Thương mại và Công nghiệp Việt Nam (VCCI) và các hiệp hội vận tải ô tô về Dự thảo Nghị định sửa đổi, bổ sung một số Nghị định trong lĩnh vực đường bộ.
Các nội dung sửa đổi tập trung vào Nghị định 158/2024 và Nghị định 165/2024 của Chính phủ, theo hướng đơn giản hóa hàng loạt điều kiện kinh doanh vận tải, cắt bỏ những yêu cầu không còn phù hợp thực tế.
Đặc biệt, thủ tục cấp và thu hồiGiấy phép kinh doanh vận tải, phù hiệu xe, giấy phép liên vận quốc tế sẽ được rút gọn tối đa và chuyển sang hình thức điện tử hoàn toàn thông qua ứng dụng VNeID. Việc này giúp doanh nghiệp tiết kiệm đáng kể thời gian, chi phí đi lại và giảm áp lực về giấy tờ.
Bên cạnh đó, doanh nghiệp sẽ không còn phải chứng minh quyền sở hữu phương tiện hoặc nộp bản gốc công chứng như trước. Thay vào đó, có thể nộp bản sao điện tử hoặc chứng thực từ sổ gốc, miễn đảm bảo tính xác thực. Các quy định về thuê phương tiện, hợp đồng hợp tác,cho thuê tài chínhcũng được mở rộng, giúp doanh nghiệp linh hoạt hơn trong huy động phương tiện.
Đáng chú ý, thời gian cấp hoặc cấp lại phù hiệu xe sẽ được rút ngắn còn 2 ngày làm việc, đồng thời cho phép nộp hồ sơ xin cấp lại trước 15 ngày khi phù hiệu sắp hết hạn - tạo điều kiện thuận lợi cho các doanh nghiệp có đội xe lớn hoạt động liên tục.
Dự thảo cũng nhấn mạnh nguyên tắc cạnh tranh bình đẳng và minh bạch giữa các loại hình vận tải, đồng thời phân biệt rõ giữa kinh doanh vận tải và vận tải nội bộ. Chủ doanh nghiệp sẽ phải chịu trách nhiệm rõ ràng hơn vớilái xe được thuê, phù hợp tinh thần chỉ đạo tại Kết luận 45-KL/TW và Chỉ thị 23-CT/TW của Ban Bí thư.
Ngoài ra, cơ quan soạn thảo còn rà soát toàn bộ các hiệp định vận tải quốc tế mà Việt Nam là thành viên (với Lào, Campuchia, Trung Quốc, ASEAN...), nhằm bảo đảm tính tương thích với thông lệ quốc tế, tạo thuận lợi cho doanh nghiệp khi tham gia vận tải xuyên biên giới.
Các chuyên gia đánh giá, việc sửa đổi này thể hiện tư duy điều hành mới của Chính phủ - lấy doanh nghiệp làm trung tâm, thúc đẩy chuyển đổi số và giảm rào cản hành chính trong lĩnh vực vận tải - ngành đang chịu sức ép lớn từ sự phát triển mạnh của thương mại điện tử và logistics xuyên biên giới.
Theo Bộ Xây dựng, hiện có hơn70.000 doanh nghiệpvà hàng trăm nghìn phương tiện đang hoạt động trong lĩnh vực vận tải đường bộ - một mắt xích quan trọng của chuỗi cung ứng hàng hóa nội địa. Việc đơn giản hóa thủ tục, cắt giảm điều kiện kinh doanh và đẩy mạnh phân cấp quản lý được kỳ vọng sẽ giúp giảm chi phí logistics quốc gia, vốn đang chiếm 16-17% GDP - cao hơn mức trung bình của nhiều nước trong khu vực.
Theo ước tính, khi nghị định sửa đổi được ban hành, cộng đồng doanh nghiệp có thể tiết kiệm hàng trăm tỷ đồng mỗi năm nhờ giảm thời gian làm thủ tục, chi phí in ấn, chứng nhận và kiểm định. Bên cạnh đó, mô hìnhquản lý điện tử qua VNeIDcũng giúp cơ quan quản lý giám sát minh bạch, nhanh chóng và chính xác hơn."
https://tienphong.vn/70000-nhan-luc-dao-tao-ve-cong-nghe-duong-sat-toc-do-cao-tai-trung-quoc-post1790229.tpo,70.000 nhân lực đào tạo về công nghệ đường sắt tốc độ cao tại Trung Quốc,"TPO - Đoàn kỹ thuật viên, công nhân và giảng viên các công ty đường sắt Việt Nam vừa lên đường sang Trung Quốc học tập, trải nghiệm hệ thống đường sắt tốc độ cao. Họ là những “viên gạch đầu tiên” trong chiến lược đào tạo 70.000 nhân lực làm chủ công nghệ, mở đường cho Việt Nam tự vận hành tuyến tàu cao tốc Bắc - Nam trong tương lai.","Hợp tác quốc tế để chuyển giao công nghệ cao
Ngày 9/10/2025, Phó Thủ tướng Lê Thành Long đã ký Quyết định, phê duyệtĐề án đào tạo và phát triển nguồn nhân lực đường sắt Việt Namđến năm 2035, định hướng 2045. Theo Đề án, giai đoạn 2025 - 2030, ngành đường sắt sẽ đào tạo tối thiểu 35.000 nhân lực, tập trung phục vụ các dự án trọng điểm như tuyến đường sắt tốc độ cao Bắc - Nam và các hệ thống metro đô thị. Đến 2035, quy mô đào tạo tăng gấp đôi lên 70.000 người.
Thực hiện tinh thần Đề án, tối 24/10, Tổng Công ty Đường sắt Việt Nam (VNR) tổ chức buổi gặp mặt đoàn học viên gặp mặt đoàn cán bộ, giảng viên, học viên các trường Đại học Giao thông vận tải, Cao đẳng Đường sắt đi học tập, trải nghiệm thực tế về đường sắt tốc độ cao ở Trung Quốc ngày 25/10.
Chương trình là kết quả hợp tác giữaTrường Cao đẳng Đường sắt Việt Nam(CĐĐS) và hai cơ sở đào tạo lớn của Trung Quốc là Cao đẳng kỹ thuật Đường sắt Côn Minh và Liễu Châu.
Đến nay, đã có 5 lớp với 180 học viên gồm kỹ thuật viên, công nhân và giảng viên các công ty cổ phần đường sắt trong nước. Lớp thứ 5 - gồm học viên đến từ Công ty CP Đường sắt Nghĩa Bình, Quảng Nam - Đà Nẵng và Bình Trị Thiên - vừa khởi hành sang Trung Quốc ngày 25/10.
Ông Lê Sỹ Mạnh- Chủ tịch Hội đồng thành viên VNR - cho biết, sau quá trình tái cơ cấu, tổng công ty hiện có hơn 22.000 cán bộ, công nhân viên, trong đó 4.400 kỹ sư và cán bộ trình độ cao là lực lượng nòng cốt đảm bảo vận hành hệ thống đường sắt quốc gia.
“Trước đây, công tác đào tạo nhân lực ngành đường sắt gần như phụ thuộc hoàn toàn vào Đại học Giao thông vận tải (UTC). Nay, VNR chủ động mở rộng hợp tác quốc tế và đổi mới mô hình đào tạo - đây là bước chuyển chiến lược giúp ngành tự chủ nhân lực và làm chủ công nghệ trong kỷ nguyên đường sắt tốc độ cao,” ông Mạnh nói.
Từng bước tự chủ đào tạo, làm chủ công nghệ
Theo TS. Trương Trọng Vương - Hiệu trưởng Trường Cao đẳng Đường sắt, nhà trường hiện đảm nhận trọng trách lớn trong việcđào tạo nguồn nhân lực chất lượng caophục vụ cho các tuyến đường sắt mới và tốc độ cao, với mục tiêu cung ứng khoảng 14.000 nhân viên kỹ thuật cho ngành đến năm 2035.
Nhà trường xây dựng lộ trình ba giai đoạn: Học lý thuyết tại Việt Nam trong 3-4 tháng; Thực hành chuyên sâu tại Trung Quốc tại các trường đối tác; Chuyển giao giáo án, mô phỏng lái tàu, từng bước tự chủ công nghệ đào tạo trong nước.
Bên cạnh Trung Quốc, trường đang mở rộng hợp tác với Hàn Quốc, Nhật Bản và các đại học hàng đầu như Đại học Giao thông Tây Nam (Trung Quốc) nhằm cập nhật công nghệ mới, đặc biệt là trong các ngành lái tàu - điều độ,thông tin tín hiệu, thi công - bảo trì công trình.
Song song đó, trường triển khai dự án mô phỏng lái tàu hàng, tàu khách và hàn ray không khe nối, giúp Việt Nam có thể tự đào tạo trong nước mà không còn phụ thuộc vào cơ sở nước ngoài.
Điều kiện tuyển sinh được siết chặt, chú trọng kinh nghiệm thực tế, chẳng hạn ngành công trình và tín hiệu cần 2-3 năm kinh nghiệm thi công hoặc bảo trì; ngành lái tàu và điều độ thì yêu cầu 5-10 năm kinh nghiệm lái tàu chính thức trên đường sắt quốc gia.
“Chúng tôi hướng tới một trung tâm đào tạo đường sắt hiện đại của Việt Nam - nơi nhân lực không chỉ học để vận hành mà còn đủ năng lực nghiên cứu, sáng tạo và chuyển giao công nghệ”, TS. Trương Trọng Vương khẳng định.
Hiện, kinh phí đào tạo do các công ty cổ phần thuộc VNR chi trả, học viên đều là cán bộ được cử đi học. Nhà trường cũng hướng tới đào tạoxã hội hóa cho doanh nghiệp ngoài ngành, trong đó người chưa có kiến thức nền sẽ học 1-2 năm trong nước và 1 năm nước ngoài, tùy cấp độ.
Trong số các học viên lên đường, kỹ thuật viên Mai Tấn Vũ (30 tuổi, Công ty CP Đường sắt Nghĩa Bình) chia sẻ: “Được đi học là cơ hội quý. Tôi muốn tận mắt xem đường sắt các nước bạn vận hành ra sao đểhọc hỏi, về áp dụng cho Việt Nam"". Anh Vũ cũng kỳ vọng rằng, khi Việt Nam xây dựng được hệ thống đường sắt tốc độ cao, nền kinh tế sẽ phát triển nhanh và bền vững, vì đây chính là giao thông xương sống của mọi quốc gia.
Kỹ thuật viên Võ Chí Thiện (Công ty CP Đường sắt Quảng Nam - Đà Nẵng) khẳng định, mỗi học viên đều được tuyển chọn kỹ lưỡng, mang sứ mệnh đại diện cho quốc gia. Vì thế, họ xác định rõ đây không chỉ là khóa học nghề, mà là hành trình để Việt Nam vươn lên làm chủ công nghệ."
https://tienphong.vn/noi-hinh-thanh-trung-tam-loc-hoa-dau-nang-luong-quoc-gia-dau-tien-co-gi-dac-biet-post1790130.tpo,"Nơi hình thành trung tâm lọc hóa dầu, năng lượng quốc gia đầu tiên có gì đặc biệt?","TPO - Tỉnh Quảng Ngãi mới có tiềm năng rất lớn phát triển kinh tế biển, trọng tâm là Khu công nghiệp Dung Quất, nơi chuẩn bị hình thành Trung tâm lọc hóa dầu và năng lượng quốc gia đầu tiên của Việt Nam.","Tại tọa đàm về thu hút đầu tư vừa tổ chức tại TPHCM, ông Trần Phước Hiền - Phó chủ tịch UBND tỉnhQuảng Ngãi- cho biết, tỉnh Quảng Ngãi mới có tiềm năng rất lớn phát triển kinh tế biển, trọng tâm là Khu công nghiệp Dung Quất, nơi chuẩn bị hình thành Trung tâm lọc hóa dầu và năng lượng quốc gia đầu tiên của Việt Nam.
Dự án Trung tâm lọc hóa dầu và năng lượng quốc gia tại Dung Quất có tổng vốn đầu tư dự kiến từ 16,1 - 20,5 tỷ USD. Trung tâm này được kỳ vọng đáp ứng tối thiểu 30% nhu cầu xăng dầu cả nước, bảo đảm dự trữ tương đương 30 ngày sản xuất và tiêu thụ.
Đến năm 2050, nơi đây không chỉ là đầu tàu năng lượng quốc gia mà còn trở thành một trong những trung tâm lọc hóa dầu lớn nhất Đông Nam Á. Khi đi vào vận hành, Trung tâm lọc hóa dầu và năng lượng quốc gia sẽ tạo khoảng 30.000 việc làm, đóng góp khoảng 30% tăng trưởng GRDP của Quảng Ngãi. Bên cạnh đó, các lĩnh vực logistics, công nghệ cao, đào tạo nhân lực và phát triển đô thị cũng được tiếp sức nhờ dòng vốn đầu tư thứ cấp.
Hiện khu vực Trung tâm lọc hóa dầu Dung Quất có 18 dự án liên quan đến lọc hóa dầu và năng lượng với tổng vốn đăng ký đầu tư gần 122.500 tỷ đồng, trong đó 11 dự án đã hoạt động.
Công ty CP lọc hóa dầu Bình Sơn đang triển khai dự án nâng cấp, mở rộng Nhà máy lọc dầu Dung Quất cùng các dự án khí trong khu vực. Sau khi hoàn thành, dự án sẽ nâng công suất chế biến Nhà máy lọc dầu Dung Quất, sản phẩm đáp ứng tiêu chuẩn môi trường của Chính phủ; nâng cao độ linh động lựa chọn dầu thô, đảm bảo nguồn dầu thô cung cấp lâu dài và có hiệu quả cho nhà máy; nâng cao hiệu quả đầu tư nhà máy, góp phần thúc đẩy sự phát triển kinh tế - xã hội của cả nước, đặc biệt khu vực Trung bộ…
Theo ông Hiền, Quảng Ngãi còn có khu Lý Sơn được xác định là trung tâm du lịch biển đảo cấp quốc gia, có tiềm năng đánh bắt, nuôi trồng thủy hải sản. Ở phía tây, Khu du lịch quốc gia Măng Đen gắn với gần 1 triệu ha rừng mở ra cơ hội phát triển lâm nghiệp, dịch vụ và chứng chỉ carbon.
Sausáp nhập, Quảng Ngãi trở thành một trong những địa phương có tốc độ tăng trưởng cao nhất khu vực, đứng thứ 5 cả nước. Tuy nhiên, theo Phó chủ tịch UBND tỉnh, đây vừa là lợi thế, vừa là áp lực lớn để địa phương duy trì tốc độ tăng trưởng hai con số theo chỉ đạo của Chính phủ. Để phát huy lợi thế, Quảng Ngãi xác định trọng tâm thu hút đầu tư vào các lĩnh vực năng lượng, giáo dục, chăm sóc sức khỏe, khoa học kỹ thuật và chuyển đổi số là những lĩnh vực mà tỉnh hiện còn thiếu và yếu.
“Những lợi thế hiện nay mới chỉ dừng ở tiềm năng. Quảng Ngãi vẫn còn nhiều khó khăn, vướng mắc trong phát triển. Chúng tôi mong muốn thu hút được nguồn nhân lực chất lượng cao, con em Quảng Ngãi ở khắp nơi trở về đóng góp cho quê hương” - ông Hiền nói.
Tại buổi tọa đàm, nhiều doanh nhân bày tỏ mong muốn đầu tư tại Quảng Ngãi."
https://tienphong.vn/khoi-cong-du-an-1800-ty-dong-dan-nuoc-ngot-cho-hon-2-trieu-dan-o-mien-tay-post1789997.tpo,Khởi công dự án 1.800 tỷ đồng dẫn nước ngọt cho hơn 2 triệu dân ở miền Tây,"Trạm bơm nước thô và hệ thống tuyến ống truyền tải dài khoảng 115 km khi đi vào hoạt động sẽ đáp ứng nhu cầu nước ngọt cho hơn 2 triệu người dân, sản xuất công nghiệp của 3 tỉnh Đồng Tháp, Tây Ninh và Vĩnh Long, đặc biệt khu vực gần biển, cạnh sông thường bị thiếu nước ngọt do hạn hán, xâm nhập mặn.","Ngày 24/10, tại Đồng Tháp, Dự án Nhà máy nước thô liên vùng tỉnh Đồng Tháp - Tây Ninh - Vĩnh Long chính thức được khởi công. Dự án gồm trạm bơm nước thô cho nhà máy nước Đồng Tâm và hệ thống tuyến ống truyền tải đưa nước đi các tỉnh. Đây là dự án cấp nước sinh hoạt liên vùng đầu tiên ở khu vực Đồng bằng sông Cửu Long (ĐBSCL), được kỳ vọng giải quyết tình trạngkhan hiếm nước ngọt, đặc biệt trong mùa khô, xâm nhập mặn tại ĐBSCL.
Phát biểu tại buổi lễ, ông Nguyễn Tường Văn - Thứ trưởng Bộ Xây dựng - đánh giá, dự án có ý nghĩa chiến lược, góp phần đảm bảo an ninh nguồn nước, an sinh xã hội và phát triển bền vững toàn vùng ĐBSCL. Đặc biệt trong bối cảnh biến đổi khí hậu đang ngày càng gay gắt hiện nay, việc đầu tư xây dựng công trình hạ tầng cấp nước liên vùng như dự án này rất quan trọng.
Theo ông Văn, Dự án cấp nước thô liên vùng tỉnh Đồng Tháp - Tây Ninh - Vĩnh Long là dự án liên vùng đầu tiên với quy mô lớn tại ĐBSCL.
Dự án Nhà máy nước thô liên vùng tỉnh Đồng Tháp - Tây Ninh - Vĩnh Long giai đoạn 1 có tổng mức đầu tư hơn 1.820 tỷ đồng, công suất thiết kế 300.000 m³/ngày đêm, dự kiến hoàn thành và đưa vào vận hành quý 4/2026.
Dự án sẽ xây dựng hệ thống truyền tải gồm các trạm bơm chính và tuyến ống dẫn nước dài khoảng 115km, đưa nước thô không nhiễm mặn từ đầu nguồn sông Tiền và kênh Nguyễn Tấn Thành đến các nhà máy nước sạch hiện hữu tại Đồng Tháp, Tây Ninh và Vĩnh Long.
Nguồn nước từ dự án này đủ đáp ứng nhu cầu nước ngọt sinh hoạt cho hơn 2 triệu người dân, một số hoạt sản xuất và các khu, cụm công nghiệp trọng điểm của các tỉnh.
Dự kiến, giai đoạn 2 của dự án sẽ mở rộng tuyến ống và trạm bơm từ khu vực Cái Bè - cầu Mỹ Thuận, nâng công suất cấp nước ngọt lên 600.000 m³/ngày đêm. Từ đó hình thành mạch truyền dẫn nước ngọt liên hoàn giữa các tỉnh khu vực sông Tiền. Dự án do Công ty TNHH Nước thô DNP - Sông Tiền (thành viên DNP Water) đầu tư.
Ông Nguyễn Thành Diệu - Phó Chủ tịch UBND tỉnh Đồng Tháp - kỳ vọng, khi dự án hoàn thành, sẽ giúp địa phương chủ độngứng phó xâm nhập mặn, bảo đảm nguồn nước cho sinh hoạt và thúc đẩy kinh tế địa phương.
“Hy vọng nhà máy sớm đưa vào vận hành và khai thác. Đây là 1 trong những dự án lớn của vùng ĐBSCL, chắc chắn dự án sẽ thành công và thành công hơn cả mong đợi của nhà đầu tư, các đối tác cũng như các tỉnh”, ông Diệu nói.
Ông Hoàng Minh Hùng - Chủ tịch HĐQT DNP Water - cam kết, sẽ triển khai dự án đúng tiến độ, đảm bảo chất lượng, an toàn và hiệu quả cao nhất. “Dự án hoàn thành giai đoạn 1 vào quý IV/2026. Đây sẽ là công trình mang dấu ấn trách nhiệm xã hội và tầm nhìn dài hạn, bền vững”, ông Hùng nói.
ĐBSCL được đánh giá là một trong những khu vực chịu tác động lớn nhất của biến đổi khí hậu, nước biển dâng. Tình trạng xâm nhập mặn lấn sâu, hạn hán kéo dài, nguồn nước ngầm suy giảm nghiêm trọng liên tục diễn ra những năm gần đây. Nhiều năm qua, hàng trăm nghìn người dân vùng ĐBSCL phải đối mặt với cảnhthiếu nước sinh hoạt, các khu công nghiệp và vùng sản xuất nông nghiệp buộc phải cắt giảm hoạt động trong mùa khô do thiếu nước ngọt.
Dự án Nhà máy nước thô liên vùng tỉnh Đồng Tháp - Tây Ninh - Vĩnh Long giúp hình thành hệ thống cấp nước bền vững, liên tục và tiết kiệm chi phí ứng phó hạn mặn, góp phần đảm bảo đời sống dân sinh ổn định, cải thiện sức khỏe và nâng cao chất lượng sống cho người dân. Với quy mô cấp nước liên vùng, công trình không chỉ mang ý nghĩa kỹ thuật, còn bước tiến về tư duy hạ tầng, khi nước ngọt vừa là tài nguyên vừa là yếu tố nền tảng của phát triển con người."
https://tienphong.vn/se-co-hon-200km-tau-dien-cao-toc-duong-sat-du-lich-da-nang-post1790077.tpo,"Sẽ có hơn 200km tàu điện cao tốc, đường sắt du lịch Đà Nẵng","TPO - Định hướng đường sắt đô thị Đà Nẵng trong tương lai dự kiến có hai tuyến MRT (tàu điện cao tốc), 11 tuyến LRT (đường sắt nhẹ), ba tuyến LRT du lịch. Tổng chiều dài tất cả các tuyến này là hơn 200 km.","Ngày 24/10, UBND TPĐà Nẵngtổ chức hội thảo “Xây dựng hệ thốngđường sắt đô thịĐà Nẵng - Tầm nhìn, thách thức và giải pháp bền vững”.
Sở Xây dựng Đà Nẵng cho hay, kế hoạch đầu tư đường sắt đô thị (ĐSĐT) đến năm 2045 có 16 tuyến với tổng chiều dài hơn 204km. Trong đó có hai tuyến MRT, 11 tuyến LRT và 3 tuyến LRT du lịch.
Thành phố ưu tiên nghiên cứu hai tuyến ĐSĐT. Tuyến thứ nhất là tuyến nối từ sân bay quốc tế Đà Nẵng - Hội An - Tam Kỳ - Chu Lai, phục vụ kết nối khu vực trung tâm thành phố đến Hội An, đô thị vệ tinh Tam Kỳ và Chu Lai, sân bay Chu Lai. Trong giai đoạn 1 (2025-2030) sẽ thực hiện đoạn sân bay quốc tế Đà Nẵng - Hội An, giai đoạn 2 (sau 2030) thực hiện nối Hội An - Tam Kỳ - Chu Lai.
Tuyến thứ 2 là tuyến nối từ nhà ga đường sắt tốc độ cao đến ga đường sắt đô thị trung tâm, nhằm kết nối khu vực ga đường sắt tốc độ cao quốc gia vào khu vực trung tâm thành phố. Thời gian thực hiện theo tiến độ thực hiện dự án đường sắt tốc độ cao quốc gia đoạn qua Đà Nẵng.
Ông Lương Thạch Vỹ - Phó Giám đốc Sở Xây dựng - cho hay, dự kiến có 3 nguồn lực thực hiện đầu tư: Nguồn vốn đầu tư công từ ngân sách nhà nước, vốn ODA và vốn vay ưu đãi của các nhà tài trợ nước ngoài, vốn từ các nhà đầu tư và vốn đầu tư theo phương thức đối tác công - tư (PPP).
Ông Lê Quang Nam - Phó Chủ tịch UBND TP. Đà Nẵng - nhìn nhận, Đà Nẵng, đang trong giai đoạn chuyển mình mạnh mẽ hướng tới mục tiêu trở thành trung tâm kinh tế - xã hội lớn của cả nước và khu vực Đông Nam Á, là một đô thị đáng sống, thông minh và hiện đại. Tuy nhiên, tình trạng ùn tắc giao thông, ô nhiễm môi trường và nhu cầu di chuyển ngày càng cao của người dân và du khách đang đặt ra cho Đà Nẵng những thách thức không nhỏ.
“Giải pháp chiến lược, tối ưu nhất chính là việc xây dựng một hệ thống đường sắt đô thị hiện đại, hiệu quả và bền vững. Hệ thống đường sắt đô thị góp phần giảm ùn tắc giao thông, giảm thiểu phát thải carbon và khuyến khích vận tải thân thiện môi trường; thúc đẩy tăng trưởng kinh tế - xã hội, tăng trưởng thương mại, dịch vụ, du lịch, logistics ở khu vực lân cận”, ông nhấn mạnh.
Lãnh đạo TP. Đà Nẵng cũng bày tỏ mong muốn Hà Nội, TPHCM chia sẻ kinh nghiệm thực hiện công tác tổ chức, đầu tư và vận hành. Nhất là chia sẻ về mô hình đầu tư phù hợp, cơ chế lựa chọn nhà đầu tư có năng lực và vận hành hiệu quả."
https://tienphong.vn/phu-quoc-se-co-tuyen-metro-gan-9000-ty-dong-post1789973.tpo,Phú Quốc sẽ có tuyến metro gần 9.000 tỷ đồng,"TPO - Dự án tuyến tàu điện đô thị (metro) đoạn 1 trên đảo Phú Quốc dự kiến khởi công cuối năm nay, hoàn thành vào giữa năm 2027, để kịp phục vụ APEC. Dự án thực hiện theo phương thức đối tác công - tư (PPP), với tổng mức đầu tư dự kiến gần 9.000 tỷ đồng.","Sáng 24/10, HĐND tỉnh An Giang khóa X, nhiệm kỳ 2021 - 2026 tổ chức kỳ họp thứ 4 (chuyên đề).
Tại kỳ họp, các đại biểu HĐND tỉnh An Giang đã biểu quyết thông qua 4 nghị quyết, đặc biệt thông qua chủ trương đầu tư Dự án tuyến tàu điện đô thị đoạn 1, theo phương thức đối tác công - tư (PPP), với tổng mức đầu tư dự kiếngần 9.000 tỷ đồng.
UBND tỉnh An Giang cho biết, dự án Metro Phú Quốc đoạn 1 góp phần hình thành hệ thống giao thông công cộng hiện đại, thân thiện môi trường trên đặc khu Phú Quốc. Khi đi vào hoạt động, tuyến tàu điện sẽ phục vụ nhu cầu đi lại của người dân và du khách một cách thuận lợi, nhanh chóng, đáp ứng kịp thời yêu cầu tổ chức Tuần lễ Cấp cao APEC 2027 tại đặc khu.
Tuyến tàu điện đoạn 1 tại đặc khu Phú Quốc có chiều dài 17,7 km, bố trí 5 - 7 nhà ga và 1 depot bảo dưỡng, khai thác đoàn tàu 3 - 5 toa, tốc độ thiết kế 70 - 100 km/giờ.
An Giang đặt mục tiêu khởi công dự án trong quý 4 năm nay và hoàn thành đưa vào khai thác trong quý 2/2027.
Dự án sử dụng khoảng 34ha đất, gồm khu vực sân bay Phú Quốc, dọc theo các tuyến đường ĐT.973 - ĐT.975, Đại lộ APEC và Trung tâm Hội nghị APEC.
Dự án thực hiện theo hình thức hợp tác công - tư, loại hợp đồng BOT (xây dựng - kinh doanh - chuyển giao), tổng mức đầu tư gần 9.000 tỷ đồng. Trong đó, vốn Nhà nước tham gia tối đa 70% (hơn 6.264 tỷ đồng), phần vốn còn lại do nhà đầu tư thu xếp. Trong phần vốn ngân sách nhà nước, ngân sách trung ương hỗ trợ 70%, phần còn lại do địa phương đối ứng.
Hợp đồng khai thác để nhà đầu tư thu hồi vốn tối đa 40 năm kể từ khi đưa tuyến Metro đưa vào sử dụng.
Nhà đầu tư dự án sẽ được lựa chọn theo hình thức “trường hợp đặc biệt”.
Khi hoàn thành, tuyến tàu điện đô thị đoạn 1 sẽ kết nối các trục giao thông trọng điểm từ sân bay quốc tế Phú Quốc đến Đại lộ APEC và Trung tâm Hội nghị APEC, góp phần giảm tải phương tiện cá nhân, hạn chế tai nạn giao thông và phát thải khí nhà kính.
Không chỉ phục vụ APEC 2027, công trình còn được kỳ vọng trở thành bước khởi đầu cho định hướng phát triển đô thị xanh, thông minh tại Phú Quốc, tạo cú hích cho ngành dịch vụ - du lịch và tạo thêm việc làm cho người dân địa phương.
Phát biểu bế mạc kỳ họp, Phó Bí thư Thường trực Tỉnh ủy, Chủ tịch HĐND tỉnh An Giang - Nguyễn Thanh Nhàn cho biết, 4 nghị quyết được thông qua tại kỳ họp có ý nghĩa rất quan trọng. Các nghị quyết góp phần thúc đẩy hiện đại hóa hạ tầng giao thông theo hướng thông minh, xanh. Đồng thời thể chế hóa chủ trương phân cấp, phân quyền giữa cấp tỉnh và cấp xã, phù hợp với mô hình chính quyền địa phương hai cấp.
Theo ông Nhàn, các nghị quyết được thông qua không chỉ giải quyết các vấn đề trước mắt, còn mở ra định hướng phát triển lâu dài cho địa phương.
Chủ tịch HĐND tỉnh An Giang đề nghị, các ban của hội đồng, đại biểu tiếp tục phát huy vai trò giám sát trong quá trình triển khai nghị quyết. Trong đó, kịp thời phản ánh, đề xuất tháo gỡ khó khăn, bất cập từ thực tiễn, bảo đảm các nghị quyết được thực hiện nghiêm túc, hiệu quả."
https://tienphong.vn/tin-moi-ve-tien-do-sieu-du-an-duong-sat-toc-do-cao-bac-nam-post1789806.tpo,Tin mới về tiến độ 'siêu dự án' đường sắt tốc độ cao Bắc - Nam,"TPO - Thủ tướng Phạm Minh Chính yêu cầu Bộ Xây dựng và Bộ Khoa học và Công nghệ khẩn trương hoàn thiện, công bố 37 Tiêu chuẩn Việt Nam (TCVN) về đường sắt tốc độ cao Bắc - Nam trong tháng 10/2025, làm cơ sở pháp lý và kỹ thuật quan trọng để triển khai dự án.","Sáng 23/10,Thủ tướng Phạm Minh Chính- Trưởng Ban Chỉ đạo các công trình trọng điểm, dự án quan trọng quốc gia lĩnh vực đường sắt - chủ trì phiên họp thứ 4 của Ban Chỉ đạo, kết nối trực tuyến tới 18 địa phương có các dự án đường sắt đi qua.
Tại cuộc họp, Thủ tướng nhấn mạnh yêu cầu hoàn thiện tiêu chuẩn kỹ thuật, huy động đa dạng nguồn lực và đẩy nhanh giải phóng mặt bằng cho dự án đường sắt tốc độ cao Bắc - Nam - công trình được ví như “xương sống” hạ tầng giao thông thế kỷ XXI của Việt Nam.
Theo Bộ Xây dựng, từ sau phiên họp thứ 3 ngày 9/7, Thủ tướng và các Phó Thủ tướng đã ban hành gần 20 văn bản chỉ đạo, giao 39 nhiệm vụ cho các bộ, ngành, địa phương nhằm tháo gỡ vướng mắc, đẩy nhanhcông tác chuẩn bị đầu tư. Đến nay, 16 nhiệm vụ đã hoàn thành, trong đó có xây dựng tiêu chuẩn, quy chuẩn chung cho dự án đường sắt tốc độ cao Bắc - Nam.
Bộ Tài chính đã hướng dẫn địa phương về bồi thường, tái định cư và ứng vốn giải phóng mặt bằng; Tập đoàn Điện lực Việt Nam (EVN) lên kế hoạch di dời hạ tầng điện 110kV trở lên phục vụ thi công. Đặc biệt,tỉnh Ninh Bìnhđược biểu dương vì chủ động, hiệu quả trong công tác giải phóng mặt bằng.
Thủ tướng yêu cầu Bộ Xây dựng và Bộ Khoa học và Công nghệ khẩn trương hoàn thiện, công bố 37 Tiêu chuẩn Việt Nam (TCVN) vềđường sắt tốc độ cao Bắc - Namtrong tháng 10/2025, trên cơ sở tiêu chuẩn ISO - làm nền tảng pháp lý, kỹ thuật cho giai đoạn tiếp theo.
Bộ Xây dựng được giao chủ trì phối hợp các bộ, ngành xây dựng báo cáo về hình thức đầu tư, tiêu chí lựa chọn nhà đầu tư và cơ chế đặc thù, trình cấp có thẩm quyền xem xét. Ban Quản lý dự án đường sắt sẽ hoàn thành báo cáo nghiên cứu khả thi trong quý I/2026.
Thủ tướng yêu cầu các địa phương có dự án đi qua tập trung giải phóng mặt bằng, di dời hạ tầng kỹ thuật, bảo đảm tái định cư bằng hoặc tốt hơn nơi ở cũ. Bộ Tài chính và Bộ Xây dựng phân bổ và hướng dẫn ứng vốn kịp thời, tránh chậm tiến độ do thiếu nguồn lực.
Để bảo đảm nguồn vốn triển khai, Bộ Xây dựng phối hợp Bộ Tư pháp rà soát, hoàn thiện các cơ chế, chính sách pháp lý trình Quốc hội, tạo điều kiện huy động cả vốn Nhà nước và tư nhân. Bộ Tài chính được giao thành lập tổ đàm phán, ký hiệp định vay và đề xuất phát hành trái phiếu Chính phủ phục vụ dự án.
Thủ tướng yêu cầu cácPhó Thủ tướng và Bộ Xây dựng(cơ quan thường trực Ban Chỉ đạo) tiếp tục theo sát, tháo gỡ khó khăn, bảo đảm tiến độ, chất lượng và hiệu quả tổng thể của dự án.
Dự án đường sắt tốc độ cao Bắc - Nam chạy từ Hà Nội đến TPHCM, với tốc độ thiết kế lên đến 350 km/h. Đây là một trong những dự án đầu tư công lớn nhất trong lịch sử, với tổng mức đầu tư hơn 67 tỷ USD. Dự án dự kiến khởi công trước ngày 31/12/2026 và hoàn thành vào năm 2035.
Bộ Xây dựng vừa trình Thủ tướng xem xét, phê duyệt điều chỉnh Quy hoạch mạng lưới đường sắt thời kỳ 2021- 2030, tầm nhìn đến 2050. Với tuyến đường sắt tốc độ cao Bắc - Nam, Bộ Xây dựng đề xuất đổi tên thành “đường sắt tốc độ cao trên trục Bắc - Nam”, có chiều dài khoảng 1.541 km (giảm 4km so với quy hoạch cũ). Đáng chú ý, đoạn Vinh - Nha Trang sẽ được đẩy tiến độ đầu tư lên trước năm 2030, thay vì sau mốc này như kế hoạch ban đầu."
https://tienphong.vn/chi-dao-moi-nhat-cua-thu-tuong-ve-nha-may-dien-hat-nhan-post1789522.tpo,Chỉ đạo mới nhất của Thủ tướng về nhà máy điện hạt nhân,TPO - Thủ tướng Chính phủ yêu cầu các cơ quan hoàn thành đàm phán hiệp định hợp tác xây dựng nhà máy điện hạt nhân 1 và hoàn thành các hành lang pháp lý trong tháng 11/2025.,"Nhu cầu sử dụng điện sẽ tăng rất mạnh
Chiều 22/10, Thủ tướng Phạm Minh Chính, Trưởng Ban Chỉ đạo xây dựng nhà máy điện hạt nhân, chủ trì phiên họp thứ ba của Ban Chỉ đạo.
Tại cuộc họp,Thủ tướngnêu rõ, đảm bảo an ninh năng lượng quốc gia và cung ứng đủ điện ổn định là yêu cầu cấp thiết cho phát triển. Thực tiễn cho thấy, GDP tăng trưởng 1 điểm phần trăm, thì điện năng tiêu thụ tăng trưởng gấp 1,5-2 lần.
Hiện công suất tiêu thụ điện bình quân cả nước là 54.500 MW, mức tăng trưởng mỗi năm khoảng 6.500 đến 8.200 MW.
Cùng với chủ trương thu hút đầu tư, phát triển các ngành công nghệ cao, sản xuất chip, chuyển đổi số, xây dựng, phát triển các trung tâm dữ liệu, chuyển đổi xanh, tăng cường sử dụng xe điện và xây dựng hệ thống đường sắt tốc độ cao, đường sắt nội đô, Thủ tướng cho biết, nhu cầu sử dụng điện sẽ tăng rất mạnh.
Trong khi đó, nguồn điện hạt nhân được đánh giá là nguồn điện ổn định, có vai trò quan trọng trong việc đảm bảo an ninh năng lượng và đáp ứng yêu cầu chuyển dịch năng lượng theo hướng sạch, thân thiện với môi trường, phát thải thấp.
Thủ tướng Chính phủ đã có văn bản giao Tập đoàn Điện lực Việt Nam (EVN) làm chủ đầu tư dự án điện hạt nhân 1, Tập đoàn Công nghiệp Năng lượng Quốc gia (Petrovietnam) làm chủ đầu tư dự án điện hạt nhân 2; UBND tỉnh Ninh Thuận (nay là tỉnh Khánh Hòa) thực hiện dự án thành phần di dân tái định cư và giải phóng mặt bằng các dự án. Các dự án điện hạt nhân đã được bổ sung vào Quy hoạch điện VIII.
EVN khẩn trương lập dự án tiền khả thi
Thủ tướng nhấn mạnh tinh thần ""chỉ bàn làm, không bàn lùi"", quyết tâm cao, nỗ lực lớn, hành động quyết liệt, làm việc nào phải dứt điểm việc đấy, làm việc nào ra việc đấy, phân công phải ""6 rõ"": Rõ người, rõ việc, rõ trách nhiệm, rõ thời gian, rõ kết quả, rõ thẩm quyền; phát huy tinh thần trách nhiệm của các thành viên Ban Chỉ đạo và tăng cường kiểm tra, đôn đốc, giám sát.
Các bộ, ngành, đơn vị có liên quan thúc đẩy đàm phán và hoàn thành hiệp định với đối tác theo nguyên tắc lợi ích hài hòa, rủi ro chia sẻ, cắt giảm các thủ tục rườm rà, xây dựng tiêu chuẩn, quy chuẩn phù hợp.
EVN khẩn trương lập dự án tiền khả thi trong tháng 10; các cơ quan hoàn thành đàm phán hiệp định hợp tác xây dựng nhà máy điện hạt nhân 1 và hoàn thành các hành lang pháp lý trong tháng 11/2025.
Bộ Giáo dục và Đào tạo phối hợp chặt chẽ với EVN và Petrovietnam xác định rõ nhu cầu về số lượng, trình độ, chuyên môn nguồn nhân lực phục vụ các nhà máy điện hạt nhân; trên cơ sở đó tổ chức đào tạo và kêu gọi, thu hút nhân lực trong và ngoài nước vào làm việc.
Thủ tướng yêu cầu tỉnh Khánh Hòa huy động cả hệ thống chính trị vào cuộc tập trung cho công tác giải phóng mặt bằng và di dân, trực tiếp Bí thư Tỉnh ủy phải chỉ đạo sát sao với sự hỗ trợ của các bộ, ngành.
Thủ tướng đặc biệt nhấn mạnh phải làm tốt việc tái định cư cho nhân dân trong vùng dự án theo nguyên tắc đảm bảo nơi ở mới ít nhất bằng hoặc hơn nơi ở cũ."
https://tienphong.vn/chia-khoa-nao-chuyen-doi-mo-hinh-phat-trien-dong-bang-song-cuu-long-post1789422.tpo,Chìa khóa nào chuyển đổi mô hình phát triển Đồng bằng sông Cửu Long?,"TPO - Ông Huỳnh Thành Đạt - Phó Trưởng Ban Tuyên giáo và Dân vận Trung ương - cho rằng, ĐBSCL giữ vai trò chiến lược về an ninh lương thực, năng lượng tái tạo và chuyển đổi xanh của cả nước. Nơi đây cũng chịu tác động nặng nề nhất của biến đổi khí hậu. Vì vậy, khoa học, công nghệ, đổi mới sáng tạo và chuyển đổi số là chìa khóa để vùng này chuyển đổi mô hình phát triển.","Đánh giá trên được đưa ra tại Hội nghị Đột phá phát triển khoa học, công nghệ, đổi mới sáng tạo và chuyển đổi số thúc đẩy phát triển kinh tế - xã hội Việt Nam, diễn ra ngày 22/10, tại Vĩnh Long. Hội nghị do Ban Tuyên giáo và Dân vận Trung ương, Bộ Khoa học và Công nghệ tổ chức.
Ông Huỳnh Thành Đạt -Phó trưởng Ban Tuyên giáo và Dân vận Trung ương- cho biết, Nghị quyết 57 đã xác định rõ: Khoa học, công nghệ, đổi mới sáng tạo và chuyển đổi số là động lực chủ đạo để đưa đất nước phát triển nhanh và bền vững. Qua đó hiện thực hóa khát vọng đến năm 2045, Việt Nam trở thành nước phát triển, có thu nhập cao. Nghị quyết nhấn mạnh yêu cầu đổi mới mạnh mẽ tư duy, hoàn thiện thể chế, phát huy nguồn lực trí tuệ và sáng tạo của con người Việt Nam, coi đây là yếu tố then chốt để kiến tạo nền kinh tế độc lập, tự chủ và hội nhập sâu rộng.
""ĐBSCL là vùng kinh tế trọng điểm, giữ vai trò chiến lược về an ninh lương thực, năng lượng tái tạo và chuyển đổi xanh của cả nước. Nơi đây cũng chịu tác động nặng nề nhất của biến đổi khí hậu, xâm nhập mặn, thiếu hụt lao động và yêu cầu tái cấu trúc sản xuất. Vì vậy, khoa học, công nghệ, đổi mới sáng tạo và chuyển đổi số chính là chìa khóa để vùng chuyển đổi mô hình phát triển, nâng cao năng suất, chất lượng, giá trị và tính bền vững"", ông Đạt nói.
Ông Trần Văn Lâu -Bí thư Tỉnh ủy Vĩnh Long- cho biết, thực hiện Nghị quyết 57, hoạt động khoa học, công nghệ và đổi mới sáng tạo của tỉnh có nhiều tiến bộ. Cơ chế, chính sách về khoa học, công nghệ được điều chỉnh, bổ sung theo hướng khuyến khích xã hội hóa, thu hút đầu tư từ các thành phần kinh tế.
Phong trào “Bình dân học vụ số” được triển khai rộng rãi, thu hút trên 95.800 lượt người tham gia, nâng cao nhận thức và kỹ năng số cho cán bộ, đảng viên và nhân dân. Tuy nhiên, ông Lâu cũng nhìn nhận, sau gần 1 năm triển khai Nghị quyết 57, tỉnh còn một số khó khăn, thách thức.
Ông Huỳnh Thành Đạt đề nghị đổi mới mô hình quản lý, điều phối và đánh giá hiệu quả thực hiện Nghị quyết. Chuyển từ cơ chế “chỉ đạo hành chính” sang cơ chế “quản trị theo dữ liệu và kết quả”. Mỗi địa phương, đơn vị được đề nghị xây dựng hệ thống thông tin điều hành việc thực hiện Nghị quyết 57, trong đó cập nhật tiến độ, kết quả, khó khăn, vướng mắc của từng nhiệm vụ.
Về nguồn nhân lực chất lượng cao cho khoa học, công nghệ, đổi mới sáng tạo và chuyển đổi số, ông Huỳnh Thành Đạt mong muốn các địa phương tăng cường liên kết giữa nhà trường - doanh nghiệp - nhà quản lý, từ đó hình thành chuỗi đào tạo - nghiên cứu - ứng dụng - khởi nghiệp. Cần gắn chặt tuyên truyền với vận động nhân dân tham gia chuyển đổi số cộng đồng, hỗ trợ người dân vùng nông thôn, người yếu thế tiếp cận các dịch vụ số, góp phần thực hiện mục tiêu “không ai bị bỏ lại phía sau trong quá trình chuyển đổi số”."
https://tienphong.vn/dieu-kien-de-viet-nam-tham-gia-thi-truong-carbon-quoc-te-post1789378.tpo,Điều kiện để Việt Nam tham gia thị trường carbon quốc tế,"TPO - Ông Nguyễn Trí Ngọc - Phó Chủ tịch Tổng Hội nông nghiệp và phát triển nông thôn Việt Nam - nhấn mạnh tầm quan trọng của việc chuẩn hóa phương pháp đo lường tín chỉ carbon, xây dựng chuỗi minh bạch để Việt Nam có thể tham gia thị trường carbon quốc tế. Bởi nếu không chuẩn hóa ngay từ khâu tổ chức ban đầu, sẽ khó hình thành chuỗi tín chỉ minh bạch có thể giao dịch quốc tế.","Sáng nay (22/10), tại Hà Nội, Bộ Nông nghiệp và Môi trường tổ chức Hội nghị công bố Đề án ""Sản xuất giảm phát thải lĩnh vực trồng trọt giai đoạn 2025-2035, tầm nhìn đến 2050"".
Phát biểu khai mạc, ông Hoàng Trung - Thứ trưởng Bộ Nông nghiệp và Môi trường - nhấn mạnh, mục tiêu trọng tâm của đề án là vừa đảm bảo tăng trưởng về năng suất, giá trị, vừa giảm phát thải khí nhà kính, hướng tới nền nông nghiệp xanh, tuần hoàn.
Theo ông Trung, đề án tập trung vào 6 nhóm nhiệm vụ lớn gồm: Tái cơ cấu cây trồng phù hợp vùng sinh thái và nhu cầu thị trường; xây dựng, áp dụng các gói kỹ thuật giảm phát thải theo chuỗi giá trị; hoàn thiện hệ thống đo đạc, báo cáo, thẩm định (MRV) phục vụ kiểm kê khí nhà kính; triển khai mô hình thực hành nông nghiệp tốt; đồng thời xây dựng cơ chế tín chỉ carbon trong nông nghiệp nhằm thu hút đầu tư, khuyến khích doanh nghiệp và hợp tác xã tham gia.
Đề án được triển khai giai đoạn 2025-2035, tầm nhìn đến 2050, với mục tiêu 100% diện tích cây trồng chủ lực áp dụng quy trình kỹ thuật canh tác giảm phát thải, đồng thời xây dựng cơ sở dữ liệu số hóa về phát thải tích hợp với hệ thống giám sát quốc gia. Ngành trồng trọt cũng đặt mục tiêu đến năm 2035 góp phần giảm ít nhất 15% lượng phát thải khí nhà kính so với năm 2020.
Các địa phương sẽ triển khai 1-2 mô hình trồng trọt giảm phát thải có khả năng nhân rộng, đồng thời thí điểm tối thiểu 15 mô hình canh tác đủ điều kiện phát triển tín chỉ carbon, góp phần đồng bộ dữ liệu với hệ thống quốc gia.
Ông Nguyễn Trí Ngọc - Phó Chủ tịch Tổng Hội nông nghiệp và phát triển nông thôn Việt Nam - nhận định: “Đề án trồng trọt giảm phát thải đã đi đúng hướng phát triển được khuyến khích - đó là phát triển xanh, hữu cơ, bền vững và có định hướng thị trường rõ ràng.”
Tuy nhiên, ông Ngọc lưu ý, hiện việc triển khai chủ yếu dựa vào nguồn lực xã hội hóa, trong khi để đạt hiệu quả, cần có khung chính sách và nguồn vốn khởi động đủ mạnh. Ông Ngọc nhấn mạnh tầm quan trọng của việc chuẩn hóa phương pháp đo lường tín chỉ carbon, xây dựng chuỗi minh bạch để Việt Nam có thể tham gia thị trường carbon quốc tế. Bởi nếu không chuẩn hóa ngay từ khâu tổ chức ban đầu, sẽ khó hình thành chuỗi tín chỉ minh bạch có thể giao dịch quốc tế.
Ở góc độ địa phương, ông Nguyễn Mạnh Phương - Phó Giám đốc Sở Nông nghiệp và Môi trường Hà Nội - cho rằng trồng trọt giảm phát thải không chỉ là cam kết khí hậu mà còn là hướng đi thiết thực giúp nông dân thích ứng, nâng cao giá trị sản xuất và bảo vệ môi trường sống."
https://tienphong.vn/nguoi-dan-keu-tien-dien-tang-cao-thanh-pho-ra-toi-hau-thu-post1789433.tpo,"Người dân kêu tiền điện tăng cao, thành phố ra 'tối hậu thư'","TPO - UBND TP. Cần Thơ yêu cầu Công ty Điện lực Cần Thơ phải giải đáp thỏa đáng, kịp thời các phản ánh của người dân, đặc biệt đối những trường hợp tiền điện tăng trên 30%. Kết quả báo cáo về Sở Công Thương trước ngày 30/10.","UBND TP. Cần Thơ cho biết, một số hộ dân trên địa bàn phản ánhtiền điện sinh hoạt tăng caotrong các tháng 7, 8 và 9 vừa qua. Do đó, đã yêu cầu Công ty Điện lực Cần Thơ kiểm tra, phúc tra và đối soát để làm rõ, bảo đảm quyền lợi chính đáng của người dân, tăng cường minh bạch trong quản lý, vận hành và ghi chỉ số điện năng.
Công ty Điện lựcCần Thơ phải giải đáp thỏa đáng, kịp thời các phản ánh của người dân, đặc biệt đối với các trường hợp có mức tăng hóa đơn trên 30% so với các tháng trước đó. Kết quả rà soát, đối soát phải được báo cáo chi tiết về Sở Công Thương trước ngày 30/10/2025 để phục vụ công tác theo dõi, giám sát.
Đơn vị điện lực có trách nhiệm chủ động tiếp nhận và phản hồi phản ánh của khách hàng trong vòng 24 giờ, đồng thời hoàn tất việc kiểm tra, xử lý và trả lời chính thức trong thời hạn không quá 3 ngày làm việc. Song song đó, cần đẩy mạnh ứng dụng công nghệ số trong đo đếm, ghi chỉ số vàphát hành hóa đơn điện tử, khuyến khích người dân sử dụng các ứng dụng theo dõi để dễ dàng kiểm tra, giám sát, góp phần minh bạch hóa thông tin.
UBND TP. Cần Thơcũng giao Sở Công Thương theo dõi, tổ chức kiểm tra, hướng dẫn và giám sát chặt chẽ quá trình triển khai, kịp thời báo cáo UBND thành phố nếu phát sinh tình huống vượt thẩm quyền xử lý…
Liên quan đến tiền điện, UBND TP. Cần Thơ cũng vừa ban hành Kế hoạch tổ chức thực hiệnhỗ trợ tiền điệncho hộ nghèo và hộ chính sách xã hội. Theo đó,hộ nghèođược hỗ trợ tiền điện sinh hoạt hàng tháng bằng 30kWh, tính theo mức giá bán lẻ điện sinh hoạt bậc 1 hiện hành.
Hộ chính sách xã hội theo tiêu chí doThủ tướngquy định (không thuộc diện hộ nghèo được hỗ trợ ở trên), sử dụng điện sinh hoạt hằng tháng không quá 50kWh được hỗ trợ tương ứng 30kWh."
https://tienphong.vn/tien-do-du-an-dien-hat-nhan-ninh-thuan-sau-gan-1-nam-tai-khoi-dong-post1789401.tpo,Tiến độ dự án điện hạt nhân Ninh Thuận sau gần 1 năm tái khởi động,"TPO - Sau gần 1 năm tái khởi động Dự án Nhà máy điện hạt nhân Ninh Thuận, công tác giải phóng mặt bằng, chuẩn bị nguồn nhân lực, đàm phán lựa chọn công nghệ và lập báo cáo nghiên cứu tiền khả thi... đang được chuẩn bị rốt ráo và có nhiều tiến triển tích cực.","Gấp rút đàm phán công nghệ
Bà Phan Thị Hồng Hạnh - Phó Trưởng ban Ban Tổ chức và Nhân sự, Tập đoàn Điện lực Việt Nam (EVN) - cho biết, tiến độ nhân lực là yếu tố sống còn của các dự án điện hạt nhân. Đến thời điểm này, EVN đã rà soát lại 162 cán bộ đã từng được cử đi học điện hạt nhân tại Nga và Nhật Bản trước đây.
“Nhiều người trong số này bày tỏ mong muốn quay lại tham gia vận hành nhà máy, đồng thời EVN cử nhiều cán bộ tham gia các khóa học của Cơ quan Năng lượng nguyên tử quốc tế IAEA và duy trì mối quan hệ thường xuyên với các đối tác như Rosatom (Nga), EDF (Pháp), cùng các đối tác Hàn Quốc, Hungary, Séc… những quốc gia có kinh nghiệm vận hành công nghệ tương tự với Việt Nam"", bà Hạnh nói.
Đến thời điểm này, EVN cho biếtđã triển khai bước cuối cùng hoàn thànhbáo cáo Nghiên cứu tiền khả thi dự án điện hạt nhân Ninh Thuận 1 để trình cấp thẩm quyền điều chỉnh chủ trương đầu tư. EVN đang kiến nghị UBND tỉnh Khánh Hòa khẩn trương bàn giao mặt bằng nhà máy vào cuối năm nay...
Theo kế hoạch, dự án Nhà máy điện hạt nhân Ninh Thuận 1 do EVN làm chủ đầu tư dự kiến khởi công vào quý I/2029, đưa nhà máy vào vận hành thương mại trong quý IV/2035.
Về phía Tập đoàn Công nghiệp - Năng lượng quốc gia Việt Nam (Petrovietnam), đơn vị cho biết đã kiện toàn bộ máy tổ chức và lập tổ chuyên trách về hạt nhân, chuẩn bị nhân lực với hơn 1.500 kỹ sư, cán bộ kỹ thuật. PVN đã tiếp nhận hồ sơ dự án từ EVN, tham gia làm việc với địa phương về công tác giải phóng mặt bằng, xúc tiến đàm phán các hợp tác đào tạo nhân lực với IAEA và các tổ chức quốc tế. PVN đã ký kết nhiều thỏa thuận hợp tác quốc tế để lựa chọn công nghệ phù hợp cho dự án điện hạt nhân Ninh Thuận 2...
Trao đổi vớiPV Tiền Phong, một lãnh đạo Cục Điện lực - Bộ Công Thương cho biết bộ đang phối hợp các đơn vị bước vào giai đoạn xây dựng dự thảo nghị định và thông tư triển khai Luật Năng lượng nguyên tử, trong đó ưu tiên nhóm văn bản liên quan tới địa điểm, cấp phép xây dựng, đánh giá an toàn dự án và giám sát tiến độ.
Các đơn vị đã khởi động lại bước khảo sát địa điểm tại Ninh Thuận, theo đúng tinh thần của IAEA đã khuyến nghị. Nếu nhịp khảo sát và đánh giá địa điểm được tái khởi động từ cuối 2025, giai đoạn “tiền khả thi” hoàn toàn có thể hoàn tất ngay trong năm 2026, đủ thời gian để đến 2028 bước vào cấp phép thiết kế và chuẩn bị khởi công hai dự án Ninh Thuận 1 và Ninh Thuận 2.
Khi nào ban hành chương trình đào tạo điện hạt nhân?
Thông tin về tình hình chuẩn bị nguồn nhân lực cho dự án Nhà máy điện hạt nhân Ninh Thuận, TS. Vũ Thanh Bình - Phó Cục trưởng Cục Khoa học, Công nghệ và Thông tin, Bộ Giáo dục và Đào tạo (GD&ĐT) - cho biết, đến thời điểm này đã có khoảng 320 sinh viên khóa đầu tiên đã nhập học chuyên ngành đào tạo chuyên sâu về điện hạt nhân và năng lượng nguyên tử tại các trường đại học.
Từ năm 2026, Bộ GD&ĐT sẽ phối hợp với EVN cử sinh viên sang Liên bang Nga - nơi Việt Nam dự kiến tiếp nhận công nghệ của Ninh Thuận 1. Mỗi năm sẽ có 50-60 sinh viên được gửi đi, duy trì liên tục đến năm 2031.
Đáng chú ý nhất là gói chính sách ưu đãi đang được thiết kế theo hướng cạnh tranh quốc tế, dự kiến trình Chính phủ muộn nhất tháng 12/2025, áp dụng từ năm 2026. Theo định hướng hiện nay là du học sinh đào tạo tại nước ngoài sẽ được tăng mức hỗ trợ sinh hoạt phí lên 1,5 lần, được cấp 2 vé máy bay khứ hồi (thay vì 1 như trước), cùng mức hỗ trợ 200 USD/tháng từ EVN có thể tăng thêm tùy thuộc vào chủ đầu tư...
Ông Bình cho biết thêm, trong quý IV này, Bộ GD&ĐT sẽ ban hành chuẩn chương trình đào tạo quốc gia cho ngành điện hạt nhân, bảo đảm đồng bộ với tiêu chuẩn quốc tế. Nếu cần thiết, có thể nhập nguyên bộ chương trình đào tạo quốc tế để triển khai tại Việt Nam, sau đó Việt hóa, điều chỉnh cho phù hợp với điều kiện trong nước."
https://tienphong.vn/de-xuat-bo-quy-dinh-nguoi-dan-lap-dien-mat-troi-mai-nha-phai-bao-voi-evn-post1789362.tpo,Đề xuất bỏ quy định người dân lắp điện mặt trời mái nhà phải báo với EVN,"TPO - Bộ Công Thương đề xuất trong trường hợp điện mái nhà của người dân có đấu nối với hệ thống điện quốc gia (kể cả chỉ tự tiêu, không bán điện dư) sẽ phải gửi thông báo qua UBND cấp xã, thay vì thông báo tới điện lực như trước.","Bộ Công Thương đang lấy ý kiến dự thảo Nghị định sửa đổi Nghị định 57/2025 quy định cơ chế mua bán điện trực tiếp giữa đơn vị phát điện năng lượng tái tạo và khách hàng sử dụng điện lớn, Nghị định 58/2025 về phát triển điện năng lượng tái tạo, năng lượng mới.
Dự thảo lần này đưa ra nhiều quy định mới đối vớiđiện mặt trời mái nhàtự sản xuất - tự tiêu thụ và cơ chế mua bán điện trực tiếp giữa nhà máy điện và khách hàng sử dụng điện lớn. Trong đó, dự thảo điều chỉnh quy trình thủ tục khi người dân lắp điện mặt trời mái nhà. Cụ thể:
Trường hợp không đấu nối với hệ thống điện quốc gia, các cá nhân, tổ chức chỉ cần thông báo tới UBND cấp xã để địa phương ghi nhận. Trường hợp có đấu nối với hệ thống điện quốc gia (kể cả chỉ tự tiêu, không bán điện dư) vẫn phải gửi thông báo qua UBND cấp xã, UBND xã sẽ chuyển tiếp cho đơn vị điện lực để phối hợp theo dõi, điều độ khi cần. Điều này đồng nghĩa với việc thay vì thông báo trực tiếp cho ngành điện lực như trước, nay người dân thông báo cho UBND cấp xã.
Trước đó, theo Nghị định 58, để lắp đặt điện mặt trời mái nhà trong trường hợp không đấu nối với hệ thống điện quốc gia, tổ chức, cá nhân cần thông báo cho đơn vị điện lực tại địa phương về công suất và địa điểm lắp đặt hệ thống.
Với điện mặt trời mái nhà có đấu nối với hệ thống điện quốc gia, trường hợp, có nhu cầu bán điện dư, chủ đầu tư nộp hồ sơ, sau đó đơn vị điện lực sẽ kiểm tra, nếu đạt yêu cầu sẽ phối hợp nghiệm thu hệ thống. Trường hợp có nhu cầu bán điện dư cho công ty điện lực, thì ngoài việc nộp hồ sơ, chủ đầu tư cần phối hợp với điện lực nghiệm thu hệ thống đo đếm, thu thập dữ liệu từ xa và giám sát điều khiển…
Tại dự thảo Bộ Công Thương đang lấy ý kiến, hệ thống có công suất bộ chuyển đổi điện (inverter) dưới 1 kW sẽ được miễn hoàn toàn thủ tục thông báo, đây là ngưỡng tối thiểu dành cho hộ gia đình lắp ở quy mô siêu nhỏ.
Dự thảo lần này cũng đề xuất cho phép điện mặt trời mái nhà tự sản xuất - tự tiêu thụ được bán phần điện dư, nhưng quy định không được vượt quá 50% sản lượng phát theo bức xạ, tính tại bộ chuyển đổi điện, kể cả điện đã lưu trữ. Nếu bán điện dư, các tổ chức, cá nhân phải xin giấy chứng nhận đăng ký phát triển từ Sở Công Thương. Nếu chỉ tự phát tự tiêu, không bán ra, chỉ cần thông báo, không phải xin giấy phép, nhưng vẫn sẽ chịu giám sát kỹ thuật khi cần thiết.
Một điểm đáng chú ý khác là dự thảo bắt đầu chuẩn hóa hạ tầng kỹ thuật, lần đầu đưa vào khái niệm“thiết bị bật tắt chống phát điện ngược lên lưới”. Tức hệ thống điện mặt trời mái nhà sẽ không được tự đẩy điện lên lưới khi ngành điện không yêu cầu, và phải kết nối được với hệ thống giám sát - thu thập dữ liệu từ xa. Đây là thay đổi căn bản so với giai đoạn 2019-2022, khi loại hình này gần như không nằm trong tầm kiểm soát điều độ của hệ thống điện quốc gia.
Ngoài ra, thảo sửa đổi Nghị định 57 cũng mở rộng đáng kể đối tượng được tham gia cơ chế mua bán điện trực tiếp. Không chỉ doanh nghiệp sản xuất lớn như trước, mà lần đầu cho phép các trung tâm dữ liệu (data center) - nhóm tiêu thụ điện rất lớn và có yêu cầu cao về nguồn điện xanh cũng được tham gia. Các đơn vị bán lẻ điện trong khu công nghiệp, khu chế xuất, khu công nghệ cao cũng được đứng ra mua - bán điện tái tạo trực tiếp thay cho từng doanh nghiệp thuê hạ tầng.
Đặc biệt, cơ chế mua bán điện trực tiếp qua lưới riêng sẽ không còn bị ràng buộc bởi khung giá phát điện như trước. Giá sẽ do hai bên tự thỏa thuận theo nguyên tắc thị trường. Dự thảo đề xuất làm rõ công thức thanh toán và trách nhiệm khi chênh lệch sản lượng cam kết. Nếu doanh nghiệp dùng vượt quá sản lượng đã cam kết với nguồn năng lượng tái tạo, phần vượt buộc phải mua theo giá bán lẻ điện thông thường từ EVN. Điều này hạn chế tình trạng“trá hình 100% điện xanh” theo cách khai báo giấy như trước."
https://tienphong.vn/ngon-lua-trum-kho-phe-lieu-trong-khu-dan-cu-nguoi-dan-hoang-loan-thao-chay-post1792354.tpo,"Ngọn lửa trùm kho phế liệu trong khu dân cư, người dân hoảng loạn tháo chạy","TPO - Tối 31/10, một vụ cháy lớn kèm nhiều tiếng nổ xảy ra tại kho phế liệu rộng khoảng 100 m² nằm sâu trong khu dân cư phường Bình Hưng Hòa (TP.HCM), khiến người dân hoảng loạn bỏ chạy.","Khoảng 18 giờ, người dân trên đường số 5, cách ngã tư Bốn Xã, phường Bình Hưng Hòa khoảng một km, phát hiện lửa bùng lên dữ dội từ một kho phế liệu đóng kín cửa. Khói đen cuồn cuộn bốc cao, kèm theo nhiều tiếng nổ lớn, làm cả khu phố náo loạn.
Một số người dân nhanh chóng kéo ống nước, dùng bình chữa cháy mini dập lửa nhưng bất thành do ngọn lửa lan nhanh, bao trùm toàn bộ nhà kho.
“Lửa bốc rất mạnh, sức nóng hầm hập. Cả nhà tôi phải ôm con nhỏ chạy ra ngoài vì khói đen tràn vào, ngột ngạt không thở được,” chị Hương, sống gần hiện trường, kể.
Chỉ khoảng 10 phút sau khi nhận tin báo, nhiều xe chữa cháy cùng hơn 20 cán bộ, chiến sĩ Phòng Cảnh sát PCCC & CNCH TP.HCM được điều đến hiện trường. Lực lượng nhanh chóng triển khai vòi rồng, phun nước khống chế đám cháy, ngăn lửa lan sang các nhà dân liền kề.
Sau khoảng 30 phút, ngọn lửa được dập tắt hoàn toàn. Vụ cháy không gây thương vong về người, nhưng nhiều vật dụng, phế liệu trong kho bị thiêu rụi.
Nguyên nhân và thiệt hại đang được lực lượng chức năng tiếp tục điều tra, làm rõ."
https://tienphong.vn/cong-luong-thuc-tiep-te-vung-sat-lo-bi-co-lap-o-da-nang-post1792226.tpo,Cõng lương thực tiếp tế vùng sạt lở bị cô lập ở Đà Nẵng,TPO - Lực lượng chức năng vượt gần chục km đường rừng sạt lở cõng lương thực tiếp tế cho bà con bị cô lập do mưa lũ,"Chiều 31/10, ông Nguyễn Hồng Lai - Bí thư Đảng ủy xãTrà Tân(TP Đà Nẵng) cho biết, đang dẫn đoàn lội bộ cõng lương thực vào tiếp tế cho bà con vùng bị cô lập do mưa lũ, sạt lở.
Những ngày qua mưa lớn khiến nhiều tuyến đường của xã sạt lở nghiêm trọng, việc tiếp cận địa bàn các thôn khó khăn. Sáng ngày 31/10 xã đã thành lập 4 đoàn công tác do Bí thư, Chủ tịch và lãnh đạo UBND xã đến 4 thôn bị ảnh hưởng để trực tiếp hỗ trợ cấp phát lương thực thực phẩm và thuốc men, khám bệnh cho bà nhân dân.
Đặc biệt, thôn Sông Y với 172 hộ/ 686 người bịcô lậphoàn toàn từ ngày 27/10. Sự xuất hiện cứu kịp thời của đoàn công tác khiến bà con phấn khởi, vui mừng.
Lãnh đạo xã Trà Tân, chia sẻ, lúc khó khăn này bà con rất cần sự đồng hành sát cánh từ chính quyền nên bằng mọi cách phải về với bà con nhằm động viên tinh thần và chia sẻ sự mất mát, thiệt hại, đặc biệt là các gia đình có nhà bị trôi và sạt lở hoàn toàn, thực hiện phương châm không để nhân dân thiếu ăn.
Lãnh đạo UBND xã Trà Tân cho biết, hiện nay tại dốc Đá Đen giáp ranh giữa xã Trà Tân (Trà Giác cũ) và xã Trà Giáp đang có điểm sạt lở với khối lượng đất đá hàng chục ngàn mét khối. Tuy nhiên chỉ có 1 xe xúc lật củaquân độiđang làm nhiệm vụ nên dự kiến phải mất 3 ngày mới có thể thông tuyến được. Chính quyền xã đã đề nghị Ban chỉ huy Phòng thủ dân sự thành phố chi viện xe máy múc lật để hỗ trợ.
""Dự kiến trong những ngày đến sẽ tiếp tục mưa lớn kéo dài, để kịp thời cứu chữa nhân dân, người gặp nạn ở khu vực các xã Nam Trà My (cũ), Trà Tân, Trà Giáp, xã đã đề nghị thành phố xem xét trong điều kiện mưa lớn kéo dài, nguy cơ sạt lở cao, chia cắt dài ngày có thể thành lập Trạm Quân y dã chiến hoặc hỗ trợ lực lượng y tế, cơ số thuốc, phương tiện, vật tư y tế cho các Trạm y tế xã để kịp thời cứu chữa nhân dân, người bị nạn"" - ông Lê Minh Chiến, Chủ tịch UBND xã Trà Tân, cho hay."
https://tienphong.vn/o-nhiem-khong-khi-o-mien-bac-nhieu-diem-canh-bao-mau-tim-post1803353.tpo,"Ô nhiễm không khí ở miền Bắc, nhiều điểm cảnh báo màu tím","TPO - Sáng nay (10/12), chỉ số chất lượng không khí lên ngưỡng rất có hại cho sức khỏe tất cả mọi người ở Hà Nội, Hưng Yên. Dự báo ngày mai ô nhiễm không khí tiếp tục gia tăng trước khi được cải thiện vào cuối tuần.","Ứng dụng quan trắc chất lượng không khí của Cục Môi trường, Bộ Nông nghiệp và Môi trường ghi nhận tình trạng ô nhiễm không khí phổ biến ở ngưỡng đỏ (chỉ số AQI từ 150-200, có hại cho sức khoẻ) trong sáng nay ở khắp Hà Nội và các tỉnh/thành phố Ninh Bình, Hải Phòng, Phú Thọ, Bắc Ninh, Hưng Yên, Thái Nguyên.
Một số điểm đo ghi nhận ô nhiễm lên ngưỡng tím (chỉ số AQI từ 200-300, rất có hại cho sức khoẻ mọi người). Lúc 8h30 sáng nay, chỉ số AQI tại điểm đo cổng Đại học Bách Khoa Hà Nội lên tới 222, tại điểm đo xã Như Quỳnh (Hưng Yên) lên tới 272, điểm đo ở phường Phố Hiến (Hưng Yên) cũng ở mức 268. Đây là mức ô nhiễm rất nghiêm trọng, tác động lớn đến sức khoẻ mọi người.
Theo Hệ thống dự báo chất lượng không khí và cảnh báo sớm cho Hà Nội (tại địa chỉ https://geoi.com.vn/hanoiair), dự báo hai ngày 11-12/12 có thể là đỉnh điểm đợt ô nhiễm không khí lần này tại Hà Nội.
Từ khoảng ngày 13/12, do ảnh hưởng của một đợt gió mùa đông bắc có cường độ mạnh gây mưa dông rải rác, chất lượng môi trường không khí Hà Nội và các tỉnh/thành phố lân cận sẽ được cải thiện trong khoảng 4-5 ngày. Sau đó từ khoảng giữa tuần tới (17/12), tình trạng ô nhiễm không khí ở Hà Nội và các địa phương miền Bắc có thể tái diễn.
Từ khoảng ngày 27/11 đến nay, Hà Nội và các tỉnh miền Bắc liên tiếp hứng chịu nhiều ngày ô nhiễm không khí nghiêm trọng.
Nguyên nhân là do các nguồn ô nhiễm từ hoạt động giao thông, xây dựng, sản xuất công nghiệp – làng nghề và các hoạt động đốt. Trong điều kiện thời tiết bất lợi, các chất ô nhiễm không khuếch tán được, tập trung gần mặt đất khiến Hà Nội và các địa phương lân cận chìm trong khói bụi.
Trước khi đợt ô nhiễm không khí này diễn ra, Bộ Nông nghiệp và Môi trường đã có văn bản đề nghị Bộ Công Thương chỉ đạo các Tập đoàn, Tổng Công ty, chủ đầu tư các nhà máy nhiệt điện, thép, hóa chất, phân bón tại khu vực phía Bắc rà soát, đảm bảo các hệ thống xử lý khí thải được vận hành, hoạt động hiệu quả, đạt hiệu suất cao trong thời điểm này, tuyệt đối không xả thải chưa qua xử lý ra môi trường trong mọi trường hợp.
Bên cạnh đó, nghiên cứu, áp dụng phương án điều tiết, giảm công suất hoạt động hoặc dời lịch bảo dưỡng, sửa chữa lớn (nếu có) trong những ngày có cảnh báo ô nhiễm ở mức “Rất xấu” (VN_AQI > 200) để giảm tải lượng phát thải ra môi trường.
Bộ Nông nghiệp và Môi trường cũng đề nghị Bộ Xây dựng chỉ đạo các Ban Quản lý dự án chuyên ngành, các chủ đầu tư, nhà thầu thi công các công trình xây dựng, giao thông trọng điểm thực hiện nghiêm các biện pháp đảm bảo vệ sinh môi trường trong thi công (che chắn, rửa xe, phun sương dập bụi), phối hợp với các cơ quan liên quan xem xét tạm dừng các hạng mục thi công phát sinh bụi lớn (phá dỡ, đào đất, san lấp) trong những ngày chất lượng không khí ở mức “Nguy hại”.
Bộ Nông nghiệp và Môi trường cũng đề nghị Bộ Công an chỉ đạo lực lượng cảnh sát giao thông tăng cường kiểm tra, xử lý các phương tiện chở vật liệu xây dựng không che chắn, làm rơi vãi vật liệu, phương tiện quá niên hạn sử dụng, xả khói đen khi tham gia giao thông gây ô nhiễm môi trường.
Bên cạnh đó, chỉ đạo lực lượng cảnh sát môi trường và công an xã, phường tăng cường kiểm tra, phát hiện và xử lý nghiêm các hành vi đốt chất thải rắn công nghiệp, đốt rác thải sinh hoạt trái phép, không đúng quy định, đặc biệt là tại các làng nghề, làng có nghề và khu vực giáp ranh.
Bộ Y tế chỉ đạo các cơ sở y tế, cơ quan truyền thông ngành y tế tăng cường phổ biến hướng dẫn chăm sóc sức khỏe cho người dân, khuyến cáo các biện pháp bảo vệ sức khỏe cho nhóm đối tượng nhạy cảm (người già, trẻ em, người có bệnh hô hấp) trong những ngày ô nhiễm cao.
Bộ Giáo dục và Đào tạo chỉ đạo Sở Giáo dục và Đào tạo thành phố Hà Nội và các tỉnh, thành phố lân cận thông báo, hướng dẫn các trường học hạn chế các hoạt động ngoài trời cho học sinh trong các khung giờ và ngày có chất lượng không khí ở mức “Xấu” trở lên.
Bộ cũng có văn bản đến các địa phương gồm Hà Nội, Bắc Ninh, Thái Nguyên, Ninh Bình, Hưng Yên, Phú Thọ và Hải Phòng đề nghị triển khai cấp bách các giải pháp cải thiện chất lượng môi trường không khí."
https://tienphong.vn/mat-tien-that-vi-tien-ao-nha-dau-tu-trang-tay-post1803567.tpo,"Mất tiền thật vì tiền ảo, nhà đầu tư trắng tay","TPO - Dù có kinh nghiệm trong lĩnh vực đầu tư và mảng công nghệ, một nhà đầu tư đã bị mất sạch tiền vì bị lừa đảo từ một sàn giao dịch tiền ảo.","Chiều 10/12, chương trình “Phổ cập tài sản số” với chủ đề “An toàn bảo mật và tuân thủ cho tài sản mã hoá” chính thức ra mắt tại TPHCM.
Mất tiền thật vì tiền ảo
Chương trình đặt mục tiêu tiếp cận 1 triệu học viên trong năm 2026 trên toàn quốc nhằm nâng cao năng lực số, tăng cường bảo vệ người dùng, thúc đẩy sự phát triển minh bạch và bền vững của hệ sinh tháitài sản mã hoá. Đây cũng được xem là bước chuẩn bị quan trọng cho sự ra mắt của Trung tâm Tài chính quốc tế Việt Nam (IFC) tại TPHCM, góp phần xây dựng chuẩn năng lực, tiêu chuẩn an toàn - tuân thủ và nguồn nhân lực chất lượng cao cho thị trường tài chính số trong giai đoạn mới.
Bà Jlo Tran - CEO, đồng sáng lập Học viện Đào tạo VBI - nhận định việc triển khai chương trình này mang ý nghĩa chiến lược, không chỉ nâng cao năng lực của các doanh nghiệp, tổ chức và nhà đầu tư tiềm năng, mà còn góp phần chuẩn hóa nhận thức, hành vi và tiêu chuẩn an toàn cho thị trường tài sản số.
Đây được xem là bước chuẩn bị quan trọng nhằm xây dựng nền tảng nhân lực, hiểu biết pháp lý và văn hoá tuân thủ cho sự vận hành của IFC tại TPHCM sắp tới. IFC được kỳ vọng trở thành hạt nhân thúc đẩy tài chính số, fintech và thị trường tài sản mã hoá tại khu vực.
Đề cập tính cần thiết của chương trình, bà Jlo Tran đã chia sẻ câu chuyện mất mát tài sản mới đây liên quan đến một nhà đầu tư trẻ nhưng có nhiều năm đầu tư trong lĩnh vực chứng khoán và tài sản mã hóa. Theo bà Jlo Tran, dù có kinh nghiệm chuyên môn trong lĩnh vực đầu tư và mảng công nghệ, người này đã bị mất hoàn toàn tài sản của mình.
“Bạn ấy nhận được thông tin ví cá nhân có giao dịch nhận được một số tiền nhưng khi kiểm tra thì số tiền dư trong ví đã về 0, dù phần lịch sử giao dịch vẫn có tiền vào/tiền ra. Khi kiểm tra e-mail thì thấy thông báo có một lệnh rút tiền từ một sàn. Ngày hôm đó người này đã trắng tay dù là người rất có kinh nghiệm trong đầu tư”, bà Jlo Tran chia sẻ vụ việc và cho biết, hai ngày sau, nhà đầu tư mới soi xét lại lịch sử sử dụng điện thoại và phát hiện do đã truy cập một link lậu và đã nhận được một email yêu cầu đăng nhập vào sàn từ một địa chỉ khác tại TPHCM. Nhà đầu tư không nghi ngờ và thực hiện theo và mấy ngày sau mất hoàn toàn tài khoản.
17 triệu người Việt sở hữu tài sản mã hóa
Theo bà Jlo Tran, Việt Nam có số người tham gia thị trường tài sản mã hóa rất lớn khi nằm trong top 4 về chỉ số chấp nhận tiền mã hóa toàn cầu năm 2025 và có 17/100 triệu người sở hữu tài sản mã hóa. Tuy nhiên, mặt trái là Việt Nam cũng thuộc top quốc gia gặp những vấn đề về bảo mật, an ninh mạng liên quan đến những vụ lừa đảo tài chính với những hệ quả đau lòng.
""Chúng ta cần đặt lên hàng đầu yếu tố an toàn khi tham gia thị trường này, góp phần kiến tạo thị trường tài sản số bền vững tại Việt Nam”, chuyên huyên gia lưu ý.
Ông Lê Thanh Hải - Giám đốc Trung tâm Tư vấn ứng dụng kinh tế, Viện Nghiên cứu phát triển TPHCM - nhìn nhận: Việc nâng cao năng lực cho các doanh nghiệp trong thị trường nói chung và người dân nói riêng là nền tảng cốt lõi để TPHCM tiến gần hơn với mục tiêu xây dựng Trung tâm Tài chính quốc tế hiện đại, minh bạch. Trong đó, tài sản mã hóa và các hạ tầng số sẽ đóng vai trò ngày càng quan trọng.
Chương trình “Phổ cập tài sản số” do Học viện đào tạo VBI và Trung tâm Tư vấn ứng dụng kinh tế TPHCM thuộc Viện Nghiên cứu phát triển TPHCM triển khai, là một sáng kiến có vai trò quan trọng trong giai đoạn thị trường Việt Nam chuyển sang mô hình quản lý theo chuẩn quốc tế.
Với việc Quốc hội thông qua hàng loạt văn bản pháp lý quan trọng trong năm 2025, bao gồm Luật Công nghiệp Công nghệ số, nghị quyết về thành lập Trung tâm Tài chính quốc tế tại Việt Nam, nghị quyết triển khai thí điểm thị trường tài sản mã hóa và Luật Bảo vệ dữ liệu cá nhân, Việt Nam đang bước vào kỷ nguyên mới của nền kinh tế số. Trong bối cảnh này, nhu cầu trang bị kiến thức về an toàn bảo mật và tuân thủ pháp lý trong thị trường tài sản mã hoá càng trở nên cấp thiết."
https://tienphong.vn/bo-chinh-tri-yeu-cau-xu-ly-o-nhiem-khong-khi-ha-noi-tphcm-post1803254.tpo,"Bộ Chính trị yêu cầu xử lý ô nhiễm không khí Hà Nội, TPHCM","TPO - Bộ Chính trị nhấn mạnh việc triển khai quyết liệt các giải pháp bảo vệ môi trường đô thị; xây dựng chương trình tổng thể xử lý ô nhiễm không khí, nguồn nước sinh hoạt và nước thải tại các đô thị lớn, nhất là Thủ đô Hà Nội và TPHCM.","Thường trực Ban Bí thư Trần Cẩm Tú vừa ký ban hành Kết luận số 224-KL/TW củaBộ Chính trịvề tiếp tục thực hiện Nghị quyết số 06-NQ/TW, ngày 24/01/2022 của Bộ Chính trị về quy hoạch, xây dựng, quản lý và phát triển bền vững đô thị Việt Nam đến năm 2030, tầm nhìn đến năm 2045.
Xử lý dứt điểm tình trạng ""quy hoạch treo""
Theo Kết luận, sau hơn 3 năm thực hiện Nghị quyết số 06 của Bộ Chính trị về quy hoạch, xây dựng, quản lý và phát triển bền vững đô thị Việt Nam đến năm 2030, tầm nhìn đến năm 2045, công tác quản lý phát triển đô thị đã có nhiều chuyển biến tích cực.
Tuy nhiên, còn nhiều hạn chế, yếu kém vẫn chưa được khắc phục triệt để, như cơ sở hạ tầng chưa theo kịp tốc độ đô thị hoá; tình trạng ùn tắc giao thông, ngập úng, ô nhiễm; việc quản lý, khai thác, sử dụng không gian ngầm còn hạn chế; không gian tầm thấp, không gian vũ trụ chưa được quan tâm; chưa thực sự gắn với yêu cầu tăng khả năng chống chịu với thiên tai, thời tiết cực đoan, biến đổi khí hậu...
Để thực hiện hiệu quả công tác quản lý quy hoạch, xây dựng và phát triển đô thị trong thời gian tới, Bộ Chính trị yêu cầu các địa phương khẩn trương rà soát, điều chỉnh Quy hoạch tổng thể hệ thống đô thị và nông thôn, bảo đảm tối ưu việc sắp xếp không gian phát triển phù hợp vớimô hình chính quyền địa phương 2 cấp, kết nối đô thị với nông thôn, giữa các đô thị với nhau, kết nối đô thị với các hạ tầng giao thông chiến lược (cảng biển, sân bay, đường cao tốc, đường sắt, đường thuỷ).
Cùng với đó, Kết luận của Bộ Chính trị cũng nhấn mạnh yêu cầu hoàn thiện tổ chức bộ máy quản lý nhà nước về quy hoạch đô thị; xác định rõ tiến độ, trách nhiệm, tăng cường cơ chế phối hợp, đặc biệt là trong quản lý hạ tầng kỹ thuật liên thông giữa các cấp địa phương.
Siết chặt kỷ luật, kỷ cương trong xây dựng và tổ chức thực hiện quy hoạch. Tập trung xử lý dứt điểm tình trạng ""quy hoạch treo""; khẩn trương hoàn thành các dự án hạ tầng đô thị chậm tiến độ.Tăng cường quản lý trật tự đô thị, trật tự xây dựng tại các thành phố và các khu vực đang trong quá trình đô thị hoá; đồng bộ giữa quy hoạch, đầu tư, vận hành; kiểm soát chặt chẽ không gian xây dựng; tăng cường vai trò giám sát cộng đồng. Nghiêm cấm tổ chức, doanh nghiệp, cá nhân tác động, chi phối công tác quy hoạch vì lợi ích cục bộ.
Bộ Chính trị lưu ý, trong năm 2026, hoàn thành việc sửa đổi, bổ sung quy định pháp luật về quy hoạch đô thị và nông thôn; hoàn thiện quy định pháp luật trong các lĩnh vực quản lý, khai thác, sử dụng, đầu tư phát triển đô thị, cấp, thoát nước, đất đai, quy hoạch, xây dựng, hạ tầng kỹ thuật, không gian ngầm, không gian tầm thấp, không gian vũ trụ, không gian công cộng, không gian xanh, mặt nước, mặt biển…
Cùng với đó, đẩy mạnh phân cấp, phân quyền, cắt giảm thủ tục hành chính, đồng bộ với chính quyền địa phương 2 cấp, phát triển đô thị tăng trưởng xanh, bền vững, chống chịu biến đổi khí hậu, bảo vệ môi trường, kiểm soát ô nhiễm không khí, chất thải, chống ùn tắc giao thông, bảo đảm an ninh năng lượng, an ninh nguồn nước, phát triển một số tỉnh đủ điều kiện trở thành thành phố.
Xây dựng Chương trình tổng thể xử lý ô nhiễm không khí
Tại kết luận, Bộ Chính trị yêu cầu tiếp tục thực hiện hiệu quả Chiến lược phát triển nhà ở quốc gia đến năm 2030, tầm nhìn đến năm 2045; khuyến khích các thành phần kinh tế tham gia đầu tư; hoàn thành mục tiêu xây dựng 1 triệu căn hộ nhà ở xã hội trước năm 2030; mở rộng đối tượng mua, thuê mua, thuê nhà ở xã hội.
Có cơ chế phù hợp thúc đẩy phát triển nhà ở thương mại có giá phù hợp thu nhập của người dân, nhà ở công nhân tại các khu công nghiệp; thành lập, sử dụng hiệu quả Quỹ nhà ở quốc gia.
Đáng chú ý, Bộ Chính trị yêu cầu quản lý phát triển thị trường bất động sản minh bạch, công bằng, bền vững và hài hoà giữa các phân khúc, không để xảy ra tình trạng đầu cơ, đổ vỡ quy mô lớn. Chú trọng phát triển hạ tầng kỹ thuật sử dụng chung;ưu tiên phát triển không gian xanh, không gian công cộng và diện tích mặt nước; ưu tiên ngầm hoá hệ thống điện, viễn thông... tại các khu vực trung tâm, trục giao thông chính, khu vực cải tạo, chỉnh trang, tái thiết đô thị. Có chế tài nghiêm khắc đối với các chủ đầu tư không triển khai đầu tư đồng bộ hạ tầng kỹ thuật, hạ tầng xã hội,… tại các khu đô thị, khu nhà ở.
Bộ Chính trị cũng nhấn mạnh việc triển khai quyết liệt các giải pháp bảo vệ môi trường đô thị. Xây dựng Chương trình tổng thể xử lýô nhiễm không khí, nguồn nước sinh hoạt và nước thải tại các đô thị lớn, nhất là Thủ đô Hà Nội và TPHCM. Nâng cao trách nhiệm và năng lực của chính quyền đô thị trong ứng phó thiên tai và xử lý các tình huống khẩn cấp, khủng hoảng.
Bộ Chính trị cũng kết luận, cần rà soát, sửa đổi, bổ sung các cơ chế, chính sách đặc thù tạo điều kiện để các thành phố lớn như Thủ đô Hà Nội, TPHCM và các địa phương lân cận huy động tối đa các nguồn lực công - tư triển khai đầu tư các dự án hạ tầng quy mô lớn, mang tính kết nối đồng bộ trong đô thị và trong các vùng kinh tế trọng điểm."
https://tienphong.vn/ha-noi-o-nhiem-nghiem-trong-thay-gi-tu-bai-hoc-han-quoc-nhat-ban-post1803022.tpo,"Hà Nội ô nhiễm nghiêm trọng: Thấy gì từ bài học Hàn Quốc, Nhật Bản?","TPO - Ô nhiễm không khí tại Hà Nội liên tục ở mức cao, trong khi lượng xe cá nhân tăng nhanh mỗi năm. Bài học từ Seoul, Hàn Quốc và Tokyo, Nhật Bản cho thấy giải pháp bền vững là mở rộng giao thông công cộng, tạo kết nối thuận tiện để người dân chuyển đổi việc đi lại.","Sáng 9/12, nhiều trạm quan trắc tại Hà Nội tiếp tục báochất lượng không khíở mức xấu, thậm chí tím tại khu vực ven Hồ Tây, Quảng Bá, Nhật Tân, Phú Thượng... Lớp sương bụi dày khiến tầm nhìn giảm mạnh, nối dài chuỗi ngày ô nhiễm.
Tại tọa đàm “Cải thiện chất lượng môi trường không khí đô thị” diễn ra vào cuối tháng 11, nhiều chuyên gia nhận định, nồng độ PM2.5 ở Hà Nội có xu hướng tăng mạnh vào các tháng thời tiết lạnh. Sự chênh lệch về ô nhiễm giữa nội thành và ngoại thành cũng rất rõ, khi khu vực trung tâm có mật độ giao thông cao, hoạt động xây dựng lớn và thường xuyên ùn tắc.
Xe máy, xe tải vẫn là một trong những nguồn phát thải lớn nhất. Xe tải nặng hoạt động mạnh vào ban đêm, còn tốc độ di chuyển trung bình ở Hà Nội chỉ khoảng 35 km/h, khiến tiêu hao nhiên liệu tăng và bụi mịn bị “nhốt” sát mặt đất trong điều kiện nghịch nhiệt mùa đông.
Trong bối cảnh đó, Hà Nội đã bắt đầu triển khai những bước đi lớn. HĐND TP. Hà Nội mới đây đã thông qua Nghị quyết 57/2025 về “Vùng phát thải thấp”, hướng tới hạn chế xe máy xăng theo khu vực và thời gian, cấm xe tải lớn, phát triển giao thông xanh vào năm 2026.
Cùng thời điểm, Chính phủ phê duyệt kế hoạch hành động quốc gia về kiểm soát ô nhiễm không khí, đặt mục tiêu đến năm 2030 hệ thống hạ tầng giao thông đô thị được hoàn thiện đồng bộ, đáp ứng định hướng tăng dần tỷ lệ giao thông xanh, giao thông công cộng.
Trao đổi với PVTiền Phong,chuyên gia giao thông Nguyễn Xuân Thủycho rằng đến năm 2050 xe máy vẫn tồn tại nhưng giảm mạnh về số lượng khi người dân chuyển sang ô tô và phương tiện công cộng. Metro và bus điện phải được kết nối những điểm mà người dân hằng ngày đi lại như trường học, khu dân cư, chợ dân sinh. Nếu nhà ga không thuận tiện để người dân “bước xuống - bắt tiếp xe”, hành trình sẽ bị đứt đoạn và giao thông xanh khó hấp dẫn.
Vấn đề đặt ra với Hà Nội là khi cáctuyến metrođang dần thành hình, làm sao để những nhà ga ấy trở thành “đầu mối” của cả hệ sinh thái di chuyển - nơi người dân xuống tàu, đạp xe vài phút là tới cơ quan, hoặc chỉ cần đi vài bước là có chuyến bus điện tiếp theo?
Thực tế, giao thông hiện đại đã đưa Seoul và Tokyo trở nên đáng giá.
Ở Seoul, bí quyết để giao thông thuận tiện, không gây ô nhiễm nằm ở cách thành phố “nối” mọi phương tiện lại với nhau. Các trạm Seoul Public Bike được đặt sát ga metro, hoạt động đồng bộ theo giờ tàu, cùng hệ thống khóa tiêu chuẩn và cơ chế vận hành như một phần của mạng giao thông công cộng. Hành khách chỉ cần một chiếc thẻ T-money duy nhất có thể thanh toán nhiều chặng trong hành trình, từ metro, bus đến xe đạp, giúp xóa rào cản đổi phương tiện và giảm chi phí.
Tokyo đi theo hướng đầu tư sâu vàohạ tầng và công nghệ. Hệ thống thẻ IC như Suica/PASMO không chỉ để người dân thanh toán vé mà còn được dùng như ví điện tử, rút ngắn thời gian qua cổng. Bãi đỗ xe đạp tại các ga được vận hành bài bản; bãi xe ngầm tự động với sức chứa lớn, khiến xe đạp thực sự trở thành phương tiện vệ tinh của metro. Sự kết hợp giữa thanh toán thông minh và điểm tiếp nối vật lý chất lượng cao giúp giao thông đa phương thức vận hành trơn tru.
So với một số đô thị lớn củachâu Á, Hà Nội mới đang ở giai đoạn đặt nền móng. Dịch vụ chia sẻ xe đạp đã xuất hiện tại một vài khu vực, một số nhà ga metro có điểm đỗ và điểm dừng micro - mobility, nhưng quy mô còn hạn chế. Nhiều ga chưa có bãi đỗ an toàn, có mái che hay khóa xe tiêu chuẩn. Bus điện hoạt động mạnh ở một số tuyến nhưng chưa tạo thành mạng lưới phủ rộng để hỗ trợ hành khách ngay khi bước ra khỏi ga metro.
Trong bức tranh chuyển đổi số, nhiều kinh nghiệm từ Tokyo Metro, Paris hay Đài Bắc tại hội thảo quốc tế ""Chuyển đổi số trong vận hành và bảo trì đường sắt đô thị"" hôm 5/12 cũng cho thấy, công nghệ đóng vai trò quan trọng trong tối ưu vận hành giao thông công cộng. Tokyo Metro ứng dụng AI, camera cảm biến chiều sâu, trợ lý ảo 24/7; Paris thúc đẩy metro tự động để tăng tần suất;Đài Bắc dùng AIđể dự báo lỗi và quản lý lưu lượng hành khách theo thời gian thực. Những giải pháp này giúp giao thông công cộng vận hành tin cậy hơn, là điều kiện để người dân sẵn sàng rời bỏ phương tiện cá nhân.
Cuối cùng, Hà Nội không cần sao chép Seoul hay Tokyo, nhưng có thể chọn lọc 3 trụ cột then chốt: Bãi đỗ xe đạp chất lượng tại ga metro, mạng bus điện kết nối đầu - cuối và hệ thống vé liên thông mở. Khi ba mảnh ghép này được vận hành đồng bộ, metro sẽ không chỉ là phương tiện đưa người vào trung tâm, mà trở thành xương sống của hệ sinh thái giao thông công cộng thực thụ - nơi hành trình diễn ra nhanh, sạch và liền mạch. Điều còn lại làHà Nộicó đủ quyết tâm để theo đuổi lộ trình này đến cùng hay không."
https://tienphong.vn/hon-18000-ty-dong-phat-trien-giao-thong-thong-minh-ha-noi-post1802984.tpo,Hơn 18.000 tỷ đồng phát triển giao thông thông minh Hà Nội,"TPO - Hà Nội dự kiến đầu tư hơn 18.000 tỷ đồng để triển khai quản lý giao thông thông minh bao gồm ứng dụng CNTT trong điều hành, quản lý giao thông và xây dựng mô hình giao thông thông minh","Phó Chủ tịch Thường trực UBND TP. Hà Nội Dương Đức Tuấn vừa ký ban hành Kế hoạch triển khai giải pháp giảm thiểu ùn tắc giao thông giai đoạn 2026 - 2030 và những năm tiếp theo.
Đây được xem là chương trình hành động quy mô lớn, định hướng đồng bộ và dài hạn, nhằm xây dựng hệ thống giao thông đô thị Hà Nội hiện đại, thông minh, vận hành hiệu quả theo mô hình “tăng cung, giảm cầu”, lấy vận tải hành khách công cộng làm nòng cốt.
Kế hoạch đặt mục tiêu huy động tối đa nguồn lực, đẩy mạnh ứng dụng khoa học - công nghệ vào quản lý trật tự, an toàn giao thông; từng bước chống ùn tắc bền vững; đồng thời, tạo nền tảng để hoàn thiện hạ tầng đô thị theo hướng hiện đại.
Thành phố đặt ra nhiều chỉ tiêu then chốt: Tỷ lệ đất dành cho giao thông đạt tối thiểu 14 - 16%, đất dành cho giao thông tĩnh đạt 1%; vận tải hành khách công cộng đáp ứng 30 - 35% nhu cầu đi lại.
Hà Nội phấn đấu hoàn thành 100 km đường sắt đô thị (5 tuyến, đoạn tuyến), mở mới tối thiểu 20 - 24 tuyến xe buýt xanh; hoàn thành 9 cầu vượt sông Hồng, sông Đuống như Tứ Liên, Ngọc Hồi, Trần Hưng Đạo, Thượng Cát, Hồng Hà, Mễ Sở, Giang Biên, Lệ Chi, Vân Phúc.
Cùng đó là mục tiêu khép kín các tuyến vành đai 1, 2, 2,5, 3, 3,5, 4, đầu tư cải tạo toàn bộ cầu yếu, xóa bỏ các điểm ùn tắc nghiêm trọng và giảm 30 - 40% số điểm ùn tắc hiện nay.
Thành phố cũng đặt mục tiêu tăng năng lực thông hành tại 50 nút giao trọng điểm bằng giải pháp tổ chức giao thông và điều khiển tín hiệu thông minh.
Đối với nhóm giải pháp lâu dài, Hà Nội đề ra 10 nhóm nhiệm vụ trọng tâm. Trước hết, thành phố ưu tiên đầu tư mạnh hệ thống kết cấu hạ tầng giao thông đường bộ gồm các tuyến vành đai 1, 2, 2,5, 3, 3,5, 4, 5; 18 tuyến đường trục kết nối; 11 cầu vượt sông Hồng, sông Đuống (trọng tâm là 9 cầu chiến lược: Tứ Liên, Ngọc Hồi, Trần Hưng Đạo, Thượng Cát, Hồng Hà, Mễ Sở, Giang Biên, Lệ Chi, Vân Phúc) và 5 cầu vượt nút giao; tổng mức đầu tư ước tính 528.423 tỷ đồng.
Hà Nội cũng sẽ đẩy mạnh đầu tư các tuyến đường sắt đô thị, hoàn thành 100 km trong giai đoạn 2026 - 2030 (các tuyến số 2, 2A, 3, 5) và triển khai tiếp 8 tuyến với chiều dài 301 km giai đoạn 2031 - 2035. Tổng mức đầu tư dự kiến khoảng 37,7 tỷ USD (tương đương 993.395 tỷ đồng), huy động từ ngân sách, trái phiếu, vốn ODA và các nguồn vốn hợp pháp khác.
Về giao thông tĩnh, thành phố định hướng đầu tư các bãi xe liên tỉnh mới, di dời dần những bến xe trong khu vực Vành đai 3; bố trí quỹ đất xây dựng điểm đỗ xe, bãi đỗ xe phù hợp đặc thù từng khu vực, với nhu cầu vốn khoảng 10.200 tỷ đồng.
Đáng chú ý, nhóm giải pháp đột phá về giao thông thông minh được triển khai mạnh mẽ, gồm ứng dụng CNTT trong điều hành và quản lý giao thông, xây dựng mô hình giao thông thông minh trong tổng thể thành phố thông minh; tổng kinh phí dự kiến 18.054 tỷ đồng.
Cùng phát triển đường sắt đô thị, thành phố tiếp tục mở rộng mạng lưới xe buýt, đặc biệt là các tuyến buýt xanh, kết nối hiệu quả với giao thông chia sẻ và giao thông phi cơ giới.
Mục tiêu đến năm 2030, vận tải công cộng đáp ứng tối thiểu 30% nhu cầu đi lại; đến 2035 đạt 40%, với tổng kinh phí đầu tư 13.586 tỷ đồng.
Thành phố ứng dụng AI điều khiển hệ thống đèn tín hiệu giao thông theo thời gian thực, điều chỉnh rào chắn thi công theo từng giai đoạn nhằm hạn chế ùn tắc; điều chỉnh pha đèn, giảm xung đột rẽ trái; bố trí lại điểm dừng đỗ, điểm dừng xe buýt hợp lý.
Hà Nội cũng tăng cường thông tin về tai nạn, ùn tắc, ngập úng trên VOV Giao thông và các cơ quan báo chí để người dân chủ động lựa chọn lộ trình. Đồng thời, tổ chức lại giao thông tại khu vực trường học, bệnh viện và những điểm có mật độ phương tiện cao..."
https://tienphong.vn/60000-ty-keo-dai-metro-ben-thanh-suoi-tien-den-san-bay-long-thanh-post1803146.tpo,60.000 tỷ kéo dài metro Bến Thành - Suối Tiên đến sân bay Long Thành,TPO - UBND tỉnh Đồng Nai đã trình HĐND tỉnh dự thảo Nghị quyết về thống nhất UBND tỉnh làm cơ quan có thẩm quyền thực hiện Dự án Đầu tư xây dựng kéo dài tuyến metro Bến Thành - Suối Tiên đến Trung tâm hành chính tỉnh và Cảng hàng không quốc tế Long Thành.,"Ngày 9/12, tại kỳ họp thứ 8, HĐND tỉnh Đồng Nai khóa X, UBND tỉnh Đồng Nai trình HĐND tỉnh dự thảo Nghị quyết về thống nhất UBND tỉnh làm cơ quan có thẩm quyền thực hiện Dự án Đầu tư xây dựng kéo dàituyến metro Bến Thành - Suối Tiênđến trung tâm hành chính tỉnh và Cảng hàng không quốc tế Long Thành, theo phương thức đối tác công - tư (PPP).
Theo UBND tỉnh Đồng Nai, việc trình HĐND tỉnh xem xét để thông qua nghị quyết này sẽ là cơ sở pháp lý quan trọng để Đồng Nai phối hợp với TPHCM hoàn thiện thủ tục, thu hút đầu tư PPP và triển khai dự án, giúpkết nối giao thông hai địa phươngtrong bối cảnh Dự án Cảng hàng không quốc tế Long Thành chuẩn bị vận hành.
Dự án kéo dài tuyến metro Bến Thành - Suối Tiên có chiều dài hơn 41 km, được chia làm 3 đoạn chính: Đoạn 1 từ ga S0 đến ga Trung tâm hành chính tỉnh (SC), dài hơn 6 km. Đoạn 2 từ ga SC đến ga SA - điểm giao với tuyến đường sắt Thủ Thiêm - Long Thành dài hơn 28 km và đoạn 3 còn lại là tuyến mới vào Cảng hàng không quốc tế Long Thành.
Theo tính toán sơ bộ, tổng mức đầu tư của dự án là hơn 60.000 tỷ đồng, trong đó chi phí bồi thường, hỗ trợ, tái định cư hơn 4.300 tỷ đồng. Thời gian thực hiện dự kiến trong giai đoạn 2025 - 2029.
Hiện nay, hệ thống giao thông kết nối giữa 2 địa phương trọng điểm trong vùng Đông Nam Bộ chủ yếu dựa vào đường bộ, trong khi lưu lượng phương tiện tăng cao khiến tuyến quốc lộ kết nối 2 địa phương là quốc lộ 1 và quốc lộ 51 quá tải. Dù đã triển khai nhiều tuyến đường và đường cao tốc kết nối nhưng vẫn chưa đáp ứng được nhu cầu thực tế và kỳ vọng, nhất là khi Cảng hàng không quốc tế Long Thành đi vào hoạt động.
Việc triển khai dự án tuyến metro nói trên (hoặc đường sắt đô thị) là giải pháp quan trọng nhằm rút ngắn thời gian di chuyển, giảm áp lực cho hệ thống đường bộ và giúp kết nối nhanh nhất, thuận lợi nhất, từ đó khai thác hiệu quả hai cảng hàng không lớn nhất phía Nam là Tân Sơn Nhất và Long Thành."
https://tienphong.vn/ha-noi-xe-dap-dien-trong-vanh-dai-1-dang-o-giai-doan-trai-nghiem-post1802939.tpo,Hà Nội: Xe đạp điện trong vành đai 1 đang ở giai đoạn trải nghiệm,"TPO - Khảo sát sau 1 tuần xe đạp điện trên địa bàn thành phố Hà Nội được đưa vào hoạt động thấy rằng, hành khách đang tiếp cận chủ yếu là để trải nghiệm. Ngày 8/12, lãnh đạo nhà đầu tư cho biết một số hạn chế của dịch vụ xe đạp điện đang được đơn vị điều chỉnh, hoàn thiện hơn.","Đưa 300 xe ra các tuyến phố
Ngày 8/12, ghi nhận tại một số điểm trạm đang có xe đạp điện hoạt động trên địa bàn thành phố Hà Nội, trong đó có khu vực Vườn hoa 19/8, ga Cầu Giấy thuộc tuyến đường sắt đô thị Nhổn - ga Hà Nội cho thấy, mỗi điểm trạm đang có từ 15 đến 20 xe đạp điện được trang bị. Do là loại hình mới và di chuyển không phải đạp nên nhiều người dân, đặc biệt học sinh đã đến tiếp cận, cài ứng dụng để sử dụng dụng dịch vụ.
Tuy nhiên, khác với xe đạp cơ (đưa vào hoạt động từ năm 2023) là có thể thuê theo ngày, theo tháng, hiện xe đạp điện chỉ có thể thuê theo hai mức thời gian ngắn là mức 15 phút và mức 30 phút. Theo đó, nếu hành khách di chuyển mức 15 phút thì trả mức phí 10.000 đồng/lượt; với mức 30 phút hành khách trả phí 15.000 đồng/lượt.
""Với khung thời gian hoạt động này, xe đạp điện chỉ phù hợp cho người đi trải nghiệm, đi thăm quan, dạo phố; còn người đi làm, đi học cần ít nhất khoảng thời gian từ 4 đến 6 giờ xe điện chưa đáp ứng được"" - chị Nguyễn Thị Hoa, người dân sống trên phố Lý Thường Kiệt, phường Hoàn Kiếm nói.
Ngoài ra, theo ghi nhận của phóng viên, hiện một số điểm trạm đang bố trí trên vỉa hè, ở các khu đất trống ven đường, đang gây những bất tiện không nhỏ cho việc kết nối của hành khách, thậm chí ảnh hưởng đến giao thông đi lại dưới đường.
Chiều 8/12, trao đổi với PVTiền Phong, ông Đỗ Bá Quân - Chủ tịch Hội đồng quản trị Công ty TNGo - cho biết, sau 1 tuần triển khai loại hình xe đạp điện công cộng trên địa bàn thành phố Hà Nội từ 20 xe ban đầu, đến nay đơn vị đã đưa 300 xe ra các tuyến phố phục vụ người dân.
Tuy nhiên, lãnh đạo TNGo cũng xác nhận, các xe điện được đưa ra phục vụ chủ yếu vẫn mang tính trải nghiệm, các chức năng, tiện ích và cả ứng dụng đang đang được nhà đầu tư từng bước hoàn thiện, chuẩn bị cho thời gian tới hoạt động đồng bộ, bản bản như xe đạp cơ hiện nay.
“Từ nay đến cuối năm 2025, đơn vị sẽ đưa đủ 500 xe phục vụ tại các điểm trạm trong khu vực nội đô. Sang năm 2026, toàn bộ số xe còn lại đơn vị sẽ đưa vào hoạt động và ưu tiên bố trí xe tại các điểm trạm dọc khu vực đường Vành đai 1” – ông Quân thông tin.
Theo ông Quân, việc ưu tiên bố trí xe đạp điện dọc các tuyến đường vành đai, trong đó có Vành đai 1 là nhằm phục vụ việc đi lại của người dân khi thành phố thực hiện cấm xe máy xăng trong Vành đai 1 từ 1/7/2026.
Ưu tiên bố trí các điểm trạm xe đạp điện dọc Vành đai 1
Đề cập cụ thể đến thực trạng hoạt động của xe đạp điện hiện nay, ông Đỗ Bá Quân thông tin, hiện phần mềm (app) để hành khách cài đặt, kết nối sử dụng xe đạp điện mới phục vụ, giao dịch được ở hai loại hình thời gian phục vụ là mức 15 phút và mức 30 phút.
""Thời gian tới, khi các xe đạp điện được đưa vào sử dụng nhiều và app kết nối được xây dựng hoàn thiện, xe đạp điện sẽ có các hình thức thuê xe theo giờ, theo ngày và theo tháng để phục vụ hành khách"" - ông Quân nói .
Với các điểm kết nối chưa thuận lợi, ông Quân cho biết, hiện một số địa mới được thành phố Hà Nội bố trí tạm, hơn nữa một các điểm trạm ở vỉa hè trên các tuyến phố còn đang có dự án sửa chữa, lát lại nền gạch, đá nên việc tiếp cận có gặp khó khăn cho hành khách. Việc này sẽ được khắc phục khi hệ thống các điểm cho thuê xe đạp điện công cộng được thành phố Hà Nội phê duyệt và cho triển khai đồng bộ.
Trước đó, từ tháng 8/2023, TNGo đã đưa dịch vụ xe đạp cộng cộng (xe đạp cơ) vào phục vụ trên địa bàn Hà Nội. Trong giai đoạn thí điểm đầu tiên, Trí Nam triển khai mô hình này tại 79 điểm trạm trên địa bàn Thủ đô, với 1.000 phương tiện. Các trạm xe được bố trí gắn kết với các điểm dừng xe buýt, công viên, các điểm du lịch, bảo đảm cho người dân có thể đi bộ để tiếp cận dịch vụ thuận lợi."
https://tienphong.vn/metro-ben-thanh-can-gio-hon-102000-ty-dong-khoi-cong-ngay-1912-post1802799.tpo,"Metro Bến Thành - Cần Giờ hơn 102.000 tỷ đồng, khởi công ngày 19/12",TPO - Tuyến đường sắt Bến Thành - Cần Giờ có tổng mức đầu tư sơ bộ khoảng 102.430 tỷ đồng. Dự án dự kiến khởi công vào ngày 19/12 tới.,"UBND TPHCM vừa có quyết định chấp thuận chủ trương đầu tư tuyến đường sắt Bến Thành - Cần Giờ, đồng thời chấp thuận công ty CP Đầu tư và Phát triển đường sắt cao tốc Vinspeed là nhà đầu tư dự án. Đây là dự án đường sắt tốc độ cao nối trung tâm thành phố với khu đô thị lấn biển Cần Giờ.
Theo quyết định, tuyến đường sắt có chiều dài hơn 54 km, được xây dựng dạng đường đôi, khổ 1.435 mm, điện khí hóa, tốc độ thiết kế tối đa 350 km/h và tải trọng trục 17 tấn. Giai đoạn 1 sẽ xây dựng hai ga Bến Thành và Cần Giờ; giai đoạn 2 bổ sung thêm bốn ga Tân Thuận, Tân Mỹ, Nhà Bè và Bình Khánh khi có nhu cầu. Dự án cũng gồm một depot và trung tâm điều hành (OCC) đặt tại xã Cần Giờ.
Dự án cần 7 đoàn tàu (6 khai thác, 1 dự phòng) với tổng cộng 56 toa. Thời gian vận hành từ 6h đến 23h hằng ngày, giãn cách 20 phút/chuyến, ba đôi tàu mỗi giờ theo hai hướng. Khoảng thời gian từ 0h đến 6h dành cho bảo trì hạ tầng và phương tiện. Thời gian chạy toàn tuyến dự kiến 20,3 phút, quay đầu tại ga cuối mất 5 phút.
Tổng mức đầu tư sơ bộ hơn 102.430 tỷ đồng, chưa gồm khoảng 12.784 tỷ đồng chi phí bồi thường, giải phóng mặt bằng do ngân sách nhà nước đảm bảo.
Tuyến đường sắt bắt đầu tại Công viên 23/9 (phường Bến Thành) và kết thúc tại khu đất 39 ha giáp dự án Khu đô thị du lịch lấn biển Cần Giờ. Dự án đi qua các phường, xã: Bến Thành, Khánh Hội, Xóm Chiếu, Tân Thuận, Tân Mỹ, Nhà Bè, Bình Khánh, An Thới Đông và Cần Giờ.
Công tác bồi thường, giải phóng mặt bằng dự kiến triển khai từ quý IV/2025. Dự án sẽ được thi công trong 30 tháng kể từ khi giao đất, hướng đến vận hành trong năm 2028 (không bao gồm bốn ga của giai đoạn 2).
Theo kế hoạch, dự kiến trong khoảng 10 ngày tới, tuyến Metro Bến Thành - Cần Giờ sẽ chính thức được khởi công vào ngày 19/12/2025."
https://tienphong.vn/loat-giai-phap-tiet-kiem-dien-tai-trien-lam-hoi-cho-thiet-bi-tiet-kiem-nang-luong-2025-post1800017.tpo,Loạt giải pháp tiết kiệm điện tại Triển lãm Hội chợ Thiết bị Tiết kiệm năng lượng 2025,"TPO - Hội chợ Triển lãm Thiết bị Tiết kiệm Năng lượng và Chuyển đổi Xanh 2025 quy tụ các doanh nghiệp hàng đầu trong lĩnh vực năng lượng, công nghệ xanh và thiết bị hiệu suất năng lượng cao, tạo cơ hội chuyển giao công nghệ tiên tiến, hiện đại, hiệu suất cao vào sản xuất, giúp doanh nghiệp nâng cao hiệu quả sử dụng năng lượng, thúc đẩy hình thành và phát triển thị trường thiết bị tiết kiệm năng lượng.","Đây là khẳng định của Thứ trưởng Bộ Công Thương Nguyễn Hoàng Long tại lễ khai mạc Hội chợ Triển lãm thiết bị tiết kiệm năng lượng và chuyển đổi xanh 2025 sáng 27/11 tại Hà Nội.
Theo ông Long, trong tiến trình hiện đại hóa, năng lượng đang trở thành một yếu tố quan trọng đối với sự phát triển của đất nước. Năng lượng là đầu vào thiết yếu cho mọi hoạt động sản xuất và là yếu tố quyết định sự ổn định của mọi nền kinh tế trong bối cảnh nhu cầu về năng lượng ngày càng gia tăng và yêu cầu giảm phát thải ngày càng khắt khe.
Nghị quyết số 70-NQ/TW ngày 20/8/2025 của Bộ Chính trị về bảo đảm an ninh năng lượng quốc gia đến năm 2030, tầm nhìn đến năm 2045 đã xác định rõ yêu cầu cung cấp năng lượng đầy đủ, ổn định, chất lượng cao cho phát triển kinh tế xã hội, đồng thời nhấn mạnh nhiệm vụ thúc đẩy ứng dụng thiết bị hiệu suất cao, công nghệ hiện đại và các giải pháp sử dụng năng lượng tiết kiệm và hiệu quả. Đây là định hướng quan trọng nhằm giảm tiêu thụ năng lượng, cắt giảm phát thải khí nhà kính, nâng cao năng lực cạnh tranh của doanh nghiệp và góp phần hiện thực hóa mục tiêu phát triển bền vững trong tiến trình chuyển đổi xanh của Việt Nam.
Theo lãnh đạo Bộ Công Thương, Luật sửa đổi, bổ sung một số điều của Luật Sử dụng năng lượng tiết kiệm và hiệu quả số 77/2025/QH15, có hiệu lực từ ngày 01/01/2026, sẽ tạo dựng hành lang pháp lý đồng bộ và mạnh mẽ hơn cho việc phát triển thị trường thiết bị hiệu suất cao tại Việt Nam. Luật mới không chỉ thúc đẩy đổi mới công nghệ mà còn khuyến khích doanh nghiệp đầu tư, lựa chọn và ứng dụng các thiết bị tiết kiệm năng lượng, qua đó hỗ trợ quá trình chuyển đổi xanh trong sản xuất và nâng cao năng lực cạnh tranh của doanh nghiệp.
“Để những quy định và định hướng chiến lược thực sự đi vào cuộc sống, các doanh nghiệp cần có một kênh kết nối trực tiếp với thị trường công nghệ mới, được tiếp cận thông tin đầy đủ, được trải nghiệm các sản phẩm thực tế và trao đổi với các nhà cung cấp, chuyên gia trong lĩnh vực năng lượng. Chính vì vậy, việc tổ chức các sự kiện chuyên ngành quy mô lớn đóng vai trò hết sức quan trọng, tạo cầu nối giữa chính sách – công nghệ – doanh nghiệp, đồng thời thúc đẩy hình thành và phát triển thị trường thiết bị tiết kiệm năng lượng tại Việt Nam”, Thứ trưởng Nguyễn Hoàng Long nhấn mạnh.
Theo Ban Tổ chức, Hội chợ Triển lãm Thiết bị Tiết kiệm năng lượng và Chuyển đổi xanh 2025 do Cục Đổi mới sáng tạo, Chuyển đổi xanh và Khuyến công (Bộ Công Thương) tổ chức từ ngày 27 – 30/11 tại Trung tâm Triển lãm Quốc tế ICE, 91 Trần Hưng Đạo, Hà Nội.
Hội chợ năm nay thu hút sự tham gia của gần 80 doanh nghiệp tiêu biểu, với hơn 100 gian hàng trưng bày các thiết bị, công nghệ và giải pháp tiết kiệm năng lượng, quy tụ các doanh nghiệp hàng đầu trong lĩnh vực năng lượng, công nghệ xanh và thiết bị hiệu suất năng lượng cao. Hội chợ là nơi quy tụ các thương hiệu lớn như Tập đoàn Thái Hưng, Điện Quang, Hawee Group, Nasaki, Daikin, Etek Power, VIB, Sunhome...
Các doanh nghiệp sẽ giới thiệu những thiết bị có hiệu suất năng lượng cao; các giải pháp nhằm thúc đẩy quá trình chuyển đổi xanh, giảm phát thải và hướng tới mục tiêu phát triển bền vững, qua đó giúp đẩy mạnh chuyển giao công nghệ tiên tiến, hiện đại, hiệu suất cao vào sản xuất, giúp doanh nghiệp nâng cao hiệu quả sử dụng năng lượng, giảm chi phí đầu vào, tăng năng lực cạnh tranh và đáp ứng yêu cầu ngày càng khắt khe của các thị trường xuất khẩu trong bối cảnh chuyển đổi xanh toàn cầu.
Trong khuôn khổ chương trình, sẽ diễn ra chuỗi sự kiện chuyên ngành với sự tham dự của các chuyên gia đầu ngành trong lĩnh vực tiết kiệm năng lượng và chuyển đổi xanh, bao gồm: Hội thảo Công nghệ sử dụng năng lượng tiết kiệm và hiệu quả và Hội thảo Giải pháp thúc đẩy tiết kiệm năng lượng và chuyển đổi xanh vào ngày 28/11."
https://tienphong.vn/hoi-cho-trien-lam-hang-cong-nghiep-nong-thon-noi-hoi-tu-san-pham-tieu-bieu-ca-nuoc-post1799887.tpo,Hội chợ Triển lãm hàng công nghiệp nông thôn: Nơi hội tụ sản phẩm tiêu biểu cả nước,"Tối 26/11, Hội chợ triển lãm hàng công nghiệp nông thôn năm 2025 chính thức khai mạc tại Trung tâm Văn hóa Kinh Bắc, tỉnh Bắc Ninh. Sự kiện do Bộ Công Thương chỉ đạo Cục Đổi mới sáng tạo, Chuyển đổi xanh và Khuyến công tổ chức, có quy mô 250 gian hàng, thu hút gần 150 tổ chức, doanh nghiệp từ 25/34 tỉnh, thành phố trên cả nước.","Hội chợ triển lãm hàng công nghiệp nông thôn năm 2025 là sự kiện cấp quốc gia quan trọng nằm trong chương trình khuyến công quốc gia năm 2025.
Phát biểu tại lễ khai mạc, bà Nguyễn Thị Lâm Giang, Cục trưởng Cục Đổi mới sáng tạo, Chuyển đổi xanh và Khuyến công, Bộ Công Thương cho biết, các doanh nghiệp, cơ sở công nghiệp nông thôn là thành tố quan trọng trong phát triển kinh tế xã hội địa phương và có đóng góp không nhỏ cho phát triển đất nước.
Chính sách khuyến công thời gian qua được Chính phủ giao cho Bộ Công Thương và UBND các tỉnh, thành phố đã phát huy hiệu quả trong việc đồng hành, hỗ trợ tích cực cộng đồng doanh nghiệp, cơ sở đầu tư phát triển sản xuất kinh doanh tại địa bàn nông thôn. Phát triển sản phẩm công nghiệp nông thôn ngày càng khẳng định tầm quan trọng của công tác khuyến công đã tiếp sức doanh nghiệp, cơ sở gia tăng năng lực sản xuất, cải tiến chất lượng sản phẩm, thúc đẩy các hoạt động thương mại và góp phần tăng trưởng kinh tế.
Theo lãnh đạo Cục Đổi mới sáng tạo, Chuyển đổi xanh và Khuyến công, hội chợ triển lãm sẽ là cầu nối hiệu quả, mang lại nhiều giá trị kinh tế cũng như những cơ hội thiết thực giúp cộng đồng doanh nghiệp, cơ sở tìm kiếm cơ hội hợp tác đầu tư, phát triển thị trường, nâng cao năng lực cạnh tranh, định vị và cất cánh thương hiệu các sản phẩm công nghiệp nông thôn tiêu biểu của Việt Nam không chỉ ở thị trường trong nước mà còn có cơ hội vươn ra thị trường quốc tế.
Hội chợ năm nay có sự tham gia của gần 150 đơn vị, bao gồm các Sở Công Thương, Trung tâm Khuyến công và Xúc tiến thương mại, cùng các doanh nghiệp, cơ sở sản xuất đến từ 25 trên tổng số 34 tỉnh, thành phố hiện nay của Việt Nam.
Với quy mô 250 gian hàng tiêu chuẩn, hội chợ tập trung giới thiệu hàng trăm sản phẩm đã được bình chọn và tôn vinh là sản phẩm công nghiệp nông thôn tiêu biểu cấp quốc gia và cấp khu vực. Các mặt hàng trưng bày đa dạng, ưu tiên các sản phẩm thuộc nhóm công nghệ xanh, tiết kiệm năng lượng và thân thiện với môi trường.
Số liệu thống kê từ Ban tổ chức cho thấy, hơn 60% tổng số sản phẩm có mặt tại hội chợ đã tham gia sâu vào các kênh phân phối và chuỗi cung ứng trên thị trường toàn quốc. Trong đó, nhóm sản phẩm chế biến nông, lâm, thủy sản, thực phẩm và thủ công mỹ nghệ chiếm tỷ trọng lớn. Các sản phẩm này được đánh giá có chất lượng vượt trội, giá trị sử dụng cao, đáp ứng tốt thị hiếu ngày càng khắt khe của người tiêu dùng trong nước và xuất khẩu.
Điểm nhấn đáng chú ý tại kỳ hội chợ lần này là việc ứng dụng mạnh mẽ công nghệ số vào khâu trưng bày. Hệ thống trình chiếu 3D Hologram cho phép tái hiện các mô hình máy móc, thiết bị công nghiệp có kích thước lớn dưới dạng hình ảnh không gian ba chiều sắc nét. Giải pháp này giúp các doanh nghiệp cơ khí, chế tạo giải quyết bài toán chi phí vận chuyển và lắp đặt các thiết bị hạng nặng khi tham gia triển lãm.
Khách tham quan có thể quan sát chi tiết cấu tạo, nguyên lý hoạt động của sản phẩm một cách trực quan, sinh động. Việc ứng dụng công nghệ này khẳng định xu hướng đưa chuyển đổi số vào thực tế các hoạt động xúc tiến thương mại, giúp doanh nghiệp tiếp cận khách hàng hiện đại và hiệu quả hơn.
Đặc biệt, hội chợ năm nay chú trọng các phiên livestream bán hàng và quảng bá sản phẩm trên các nền tảng mạng xã hội. Hoạt động này giúp các doanh nghiệp mở rộng kênh tiếp cận, kết nối trực tiếp với khách hàng trên môi trường số, xóa bỏ khoảng cách địa lý và gia tăng doanh số bán hàng ngay tại sự kiện."
https://tienphong.vn/sap-dien-ra-hoi-cho-trien-lam-thiet-bi-tiet-kiem-nang-luong-va-chuyen-doi-xanh-2025-post1799447.tpo,Sắp diễn ra Hội chợ Triển lãm Thiết bị Tiết kiệm năng lượng và Chuyển đổi xanh 2025,"TPO - Sự kiện do Cục Đổi mới sáng tạo, Chuyển đổi xanh và Khuyến công (Bộ Công Thương) tổ chức với gần 80 doanh nghiệp tiêu biểu hoạt động trong lĩnh vực năng lượng và công nghiệp xanh, giới thiệu loạt giải pháp, hệ thống quản lý năng lượng tiên tiến và các mô hình công trình xanh đến từ nhiều tỉnh, thành trong cả nước.","Hội chợ Triển lãm Thiết bị Tiết kiệm Năng lượng và Chuyển đổi Xanh 2025 - do Cục Đổi mới sáng tạo, Chuyển đổi xanh và Khuyến công (Bộ Công Thương), diễn ra từ ngày 27–30/11/2025 - tại Trung tâm Triển lãm Quốc tế ICE, 91 Trần Hưng Đạo, Hà Nội.
Hội chợ Triển lãm Thiết bị Tiết kiệm năng lượng và Chuyển đổi xanh 2025 là sự kiện quy mô quốc gia, hướng tới mục tiêu quảng bá, giới thiệu các sản phẩm, thiết bị và công nghệ tiên tiến phục vụ quá trình chuyển đổi năng lượng, giảm phát thải khí nhà kính và phát triển bền vững. Sự kiện là diễn đàn kết nối doanh nghiệp, tổ chức, nhà đầu tư, viện nghiên cứu trong lĩnh vực năng lượng, môi trường và đổi mới sáng tạo, góp phần thúc đẩy chuyển giao công nghệ, mở rộng hợp tác quốc tế và thực hiện hiệu quả Chiến lược quốc gia về tăng trưởng xanh.
Với quy mô hơn 100 gian hàng, hội chợ là nơi quy tụ các thương hiệu lớn như Tập đoàn Thái Hưng, Điện Quang, Hawee Group, Nasaki, Daikin, Etek Power, VIB, Sunhome, VIOT, 1Office… Nhiều doanh nghiệp đã đầu tư thiết kế gian hàng ấn tượng, tích hợp khu trải nghiệm tương tác và trình diễn công nghệ, mang đến cho khách tham quan góc nhìn toàn diện về tương lai năng lượng bền vững tại Việt Nam.
Sự kiện được tổ chức trong bối cảnh Việt Nam đang thúc đẩy mạnh mẽ các mục tiêu giảm phát thải, tiết kiệm năng lượng, thực hiện cam kết Net Zero vào năm 2050, đồng thời triển khai Chương trình quốc gia về sử dụng năng lượng tiết kiệm và hiệu quả giai đoạn 2019–2030, cũng như các quy định tại Luật sửa đổi, bổ sung một số điều của Luật Sử dụng năng lượng tiết kiệm và hiệu quả mới được Quốc hội thông qua ngày 18/6/2025.
Đây cũng là thời điểm nhiều triển lãm năng lượng lớn trong khu vực diễn ra, tạo thuận lợi cho doanh nghiệp kết nối, ký kết hợp tác, mở rộng thị trường và chia sẻ kinh nghiệm thúc đẩy sử dụng năng lượng tiết kiệm và hiệu quả.
Năm nay, không gian triển lãm được thiết kế theo mô hình hiện đại, hướng tới trải nghiệm trực quan. Nhiều hoạt động tương tác thực tế và trình diễn công nghệ sẽ giúp khách tham quan hiểu rõ hơn về các giải pháp và công nghệ tiết kiệm năng lượng đang được ứng dụng trên thị trường.
Trong khuôn khổ chương trình, Ban tổ chức sẽ tổ chức chuỗi sự kiện chuyên ngành với sự tham dự của các chuyên gia đầu ngành trong lĩnh vực tiết kiệm năng lượng và chuyển đổi xanh, bao gồm: Hội thảo Công nghệ sử dụng năng lượng tiết kiệm và hiệu quả; Hội thảo Công nghệ tiết kiệm năng lượng và chuyển đổi xanh.
Với những đổi mới trong phương thức tổ chức, nâng cấp chất lượng gian hàng và mở rộng nội dung theo định hướng “xanh – số – hiệu quả”, Ban tổ chức kỳ vọng Hội chợ Triển lãm năm 2025 sẽ trở thành điểm nhấn quan trọng trên bản đồ sự kiện chuyên ngành của Việt Nam, tạo cơ hội để doanh nghiệp và người tiêu dùng tiếp cận các giải pháp tiên tiến, qua đó thúc đẩy sử dụng năng lượng tiết kiệm và hiệu quả, hướng tới phát triển bền vững trong giai đoạn mới."
https://tienphong.vn/40-tac-pham-doat-giai-bao-chi-tuyen-truyen-ve-su-dung-nang-luong-tiet-kiem-hieu-qua-nam-2025-post1796280.tpo,"40 tác phẩm đoạt Giải Báo chí tuyên truyền về sử dụng năng lượng tiết kiệm, hiệu quả năm 2025","Chiều 14/11, Bộ Công Thương phối hợp với Hội Nhà báo Việt Nam tổ chức Lễ trao giải “Giải thưởng báo chí tuyên truyền về sử dụng năng lượng tiết kiệm và hiệu quả năm 2025”","Phát biểu tại buổi lễ trao giải, Thứ trưởng Bộ Công Thương Nguyễn Hoàng Long cho biết, năm 2025 là năm có ý nghĩa đặc biệt quan trọng đối với lĩnh vực năng lượng Việt Nam, khi Luật số 77/2025/QH15 – Luật sửa đổi, bổ sung một số điều của Luật Sử dụng năng lượng tiết kiệm và hiệu quả vừa được Quốc hội thông qua.
Luật mới đã bổ sung nhiều quy định nhằm thúc đẩy ứng dụng công nghệ số, năng lượng tái tạo, mô hình kinh tế tuần hoàn và chuyển đổi xanh trong tiêu thụ năng lượng, góp phần hiện thực hóa mục tiêu phát triển bền vững của đất nước.
Song song với đó, Việt Nam đang bước vào giai đoạn tăng tốc thực hiện cam kết phát thải ròng bằng “0” vào năm 2050, trong đó tiết kiệm và sử dụng năng lượng hiệu quả được coi là giải pháp trọng tâm, có chi phí thấp nhưng mang lại hiệu quả cao nhất để giảm phát thải khí nhà kính, nâng cao năng lực cạnh tranh và đảm bảo an ninh năng lượng quốc gia.
Theo Thứ trưởng Nguyễn Hoàng Long, báo chí có vai trò đặc biệt quan trọng, là cầu nối giữa chính sách với đời sống, là nguồn cảm hứng và động lực truyền thông giúp cộng đồng hiểu rõ, đồng thuận và hành động cùng Chính phủ vì một tương lai xanh hơn, bền vững hơn.
Năm 2025, Ban Tổ chức đã nhận được tổng cộng 477 tác phẩm dự thi, phản ánh đa dạng và sinh động các chủ đề về sử dụng năng lượng tiết kiệm, hiệu quả trong sản xuất, kinh doanh, xây dựng, giao thông và sinh hoạt hằng ngày.
Các tác phẩm dự thi năm nay đã thể hiện sự đầu tư công phu, sáng tạo và tâm huyết của những người làm báo, góp phần lan tỏa thông điệp tiết kiệm năng lượng bằng ngôn ngữ sinh động, gần gũi, dễ hiểu.
""Trong thời gian tới, đội ngũ những người làm báo sẽ tiếp tục phát huy thế mạnh, đổi mới nội dung, hình thức thể hiện, để công tác tuyên truyền về sử dụng năng lượng tiết kiệm và hiệu quả ngày càng sâu sắc, hấp dẫn và lan tỏa hơn nữa trong xã hội"", Thứ trưởng Nguyễn Hoàng Long nhấn mạnh.
Tại buổi lễ, Ban tổ chức đã trao 1 giải đặc biệt, 4 giải A, 10 giải B, 10 giải C, 15 giải Khuyến khích cho 40 tác giả, nhóm tác giả có tác phẩm xuất sắc nhất. Tổng giá trị giải thưởng 325 triệu đồng.
Tác phẩm: “Tiết kiệm hàng nghìn tỷ đồng mỗi năm từ thay đổi hành vi dùng điện"" của tác giả: Phạm Tuyên – Báo Tiền Phong được trao Giải Khuyến khích.
Ông Trần Trọng Dũng, Phó Chủ tịch Hội Nhà báo Việt Nam cho biết: Giải thưởng năm nay thu hút hàng trăm tác phẩm thuộc nhiều loại hình báo chí: báo in, báo điện tử, phát thanh, truyền hình và video clip... của các nhà báo, cộng tác viên, thông tin viên trên khắp cả nước. Điều này thể hiện rõ sự quan tâm, trách nhiệm và tâm huyết của giới báo chí đối với chủ trương lớn của Đảng và Nhà nước về tiết kiệm năng lượng – một nhiệm vụ vừa mang tính cấp bách, vừa mang ý nghĩa lâu dài đối với phát triển kinh tế - xã hội và bảo vệ môi trường.
Theo ông Dũng, các tác phẩm lọt vào vòng sơ khảo và chung khảo đều phản ánh chân thực, sáng tạo và sâu sắc về những thành tựu trong công tác sử dụng năng lượng tiết kiệm và hiệu quả.
Nhiều bài viết đã khắc hoạ sinh động các mô hình điển hình, cách làm hay, sáng kiến thiết thực, từ quy mô cộng đồng đến doanh nghiệp, khu công nghiệp, công trình xanh, đô thị xanh… Đồng thời, nhiều tác phẩm cũng nêu lên những khó khăn, thách thức và định hướng giải pháp cho việc sử dụng năng lượng tiết kiệm, hiệu quả trong thời gian tới.
Theo đánh giá của Hội đồng Giám khảo, mặt bằng chất lượng các tác phẩm năm nay đồng đều, đa dạng và chuyên sâu hơn, với nhiều chủ đề phong phú. Đặc biệt, sự tham gia nổi bật của các cơ quan báo chí địa phương và đội ngũ phóng viên trẻ đã mang đến luồng gió mới cho giải thưởng, với các tác phẩm được thể hiện bằng hình thức hiện đại, hấp dẫn và có giá trị tuyên truyền cao."
https://tienphong.vn/nong-sau-le-khai-mac-campuchia-rut-toan-bo-cac-van-dong-vien-khoi-sea-games-33-post1803334.tpo,"Nóng: Sau lễ khai mạc, Campuchia rút toàn bộ các vận động viên khỏi SEA Games 33","TPO - Theo nguồn tin của truyền thông Thái Lan, mặc dù dự Lễ khai mạc nhưng đoàn thể thao Campuchia đã quyết định rút khỏi SEA Games 33.","Theo thông tin từ Daily News của Thái Lan, đoàn thể thao Campuchia đã quyết định rút khỏi SEA Games 33 mặc dù vừa tham gia Lễ khai mạc vào tối ngày 9/12.
Như đã biết, trước thềm đại hội, Campuchia rút số môn thi đấu xuống còn 12, đồng thời đoàn thể thao tới Thái Lan chỉ có 137 người, trong đó có 72 vận động viên. Đoàn thể thao xứ chùa tháp tới Thái Lan vào ngày 8/12 và một số đã tham dự lễ khai mạc vào tối 9/12.
Tuy nhiên, theo trích dẫn từ Daily News, có những báo cáo gần đây cho biết phía Campuchia đã yêu cầu đoàn thể thao của họ rời khỏi SEA Games 33 trong bối cảnh căng thẳng giữa hai nước Thái Lan và Campuchia. Trang Siam News đưa chi tiết hơn, rằng ông Vath Chamroeun, Tổng thư ký Ủy ban Olympic Campuchia, đã thông báo với ông Chaipak Siriwat, Chủ tịch Hội đồng SEA Games, rằng Campuchia sẽ rút toàn bộ vận động viên khỏi SEA Games.
Tờ này cũng cho hay, đoàn thể thao Campuchia rất ấn tượng với lòng hiếu khách của Thái Lan, song họ được cảnh báo về tình trạng xung đột biên giới leo thang, dẫn đến những lo ngại về sự an toàn của các thành viên trong đoàn. Bên cạnh đó, gia đình các vận động viên cũng lo ngại rằng nếu tình hình trở nên xấu đi và các hãng hàng không ngừng hoạt động, các vận động viên có thể bị mắc kẹt ở Thái Lan.
Phía Campuchia cũng xin lỗi về quyết định này. Trước đó, ông Thana Chaiprasit, Tổng Thư ký Ủy ban Olympic Thái Lan kiêm Trưởng đoàn Thể thao Thái Lan đã tuyên bố sẽ đảm bảo an toàn cho đoàn thể thao Campuchia, đồng thời cho biết, trong trường hợp Campuchia đột ngột rời khỏi SEA Games 33, các môn thi đấu vẫn sẽ diễn ra như dự kiến thay vì hủy bỏ. Hội đồng trọng tài sẽ xem xét trước khi chuyển vấn đề lên Hội đồng SEA Games. Vì sự cố này, nếu không đủ vận động viên từ 3 đội, các vận động viên có thể vẫn thi đấu và nhận 2 huy chương: vàng và bạc.
Daily News thông tin, ​​văn bản chính thức sẽ được đoàn thể thao Campuchia công bố vào khoảng 11h00 sáng nay, tức trưa ngày thi đấu chính thức đầu tiên của SEA Games 33."
https://tienphong.vn/le-hoi-trai-cay-bac-ninh-2025-livestream-nghin-don-dua-dac-san-len-khong-gian-so-post1510607.tpo,"Lễ hội Trái cây Bắc Ninh 2025: Livestream nghìn đơn, đưa đặc sản lên không gian số","Từ ngày 5 đến 10/12/2025, Quảng trường Trung tâm phường Chũ - tỉnh Bắc Ninh rộn ràng với Lễ hội Trái cây Bắc Ninh 2025. Bên cạnh các hoạt động văn hóa truyền thống, lễ hội năm nay ghi dấu ấn bằng chuỗi livestream quảng bá nông sản do FPT Sendo Farm phối hợp cùng TikTok Shop thực hiện, dưới sự đồng hành của Ủy ban Nhân dân tỉnh Bắc Ninh.","Siêu thị Online và livestream – cách làm mới cho đặc sản địa phương
Trong khuôn khổ Lễ hội, FPT Sendo Farm và TikTok Shop tổ chức hai phiên livestream bán hàng với sự tham gia của nhà sáng tạo nội dung Minh Nhật MasterChef mang đến không khí gần gũi, sinh động. Các sản phẩm đặc trưng của Bắc Ninh như cam đường canh, bưởi đào, cam vinh… được giới thiệu trực tiếp từ nguồn gốc, hương vị đến tiêu chuẩn chất lượng. Người tiêu dùng có thể đặt mua ngay trong lúc theo dõi chương trình.
TikTok Shop đóng vai trò là nền tảng livestream, kết nối nhà sáng tạo nội dung, doanh nghiệp và người mua, đồng thời giúp nội dung nhanh chóng lan tỏa trên không gian mạng. FPT Sendo Farm đóng vai trò là nhà bán hàng, kết nối trực tiếp đến các vùng trồng tại tỉnh Bắc Ninh để phân phối trên ứng dụng FPT Sendo Farm và nền tảng TikTok Shop.
Lãnh đạo tỉnh “lên sóng”, quảng bá đặc sản Bắc Ninh
Không khí lễ hội được đẩy lên cao trào trong phiên livestream thứ hai với sự xuất hiện của ông Phạm Văn Thịnh – Ủy viên Ban Thường vụ Tỉnh ủy, Phó Chủ tịch Ủy ban Nhân dân tỉnh, Trưởng Đoàn Đại biểu Quốc hội tỉnh Bắc Ninh cùng ông Hoàng Chí Hiếu – Giám đốc Phát triển Kinh doanh FPT Sendo Farm Miền Bắc. Trực tiếp trên sóng, các đại biểu đã cùng thưởng thức đặc sản và chia sẻ về tiềm năng nông nghiệp cũng như hướng đi mới trong việc quảng bá nông sản Bắc Ninh trên nền tảng số.
Đây không phải lần đầu ông Phạm Văn Thịnh tham gia livestream quảng bá nông sản địa phương. Trước đó, vào tháng 6/2025, tại đồi vải Phì Điền trong khuôn khổ chương trình Tuần lễ Vải thiều Lục Ngạn - Tự hào nông sản Việt, ông đã cùng các nhà sáng tạo nội dung, FPT Sendo Farm và TikTok Shop hỗ trợ tiêu thụ hơn 50 tấn vải thiều Lục Ngạn thông qua hình thức bán hàng livestream chỉ trong 3 tiếng phát sóng.
Theo ông Phạm Văn Thịnh, Lễ hội Trái cây Bắc Ninh 2025 mang ý nghĩa quan trọng, thể hiện định hướng phát triển nông nghiệp theo hướng hiện đại, lấy nông nghiệp làm trụ cột xanh trong chiến lược phát triển của tỉnh Bắc Ninh.
Điểm nhấn của Lễ hội Trái cây Bắc Ninh 2025
Lễ hội năm nay tạo dấu ấn bằng cách làm mới, kết hợp hài hòa giữa văn hóa, du lịch và công nghệ, qua đó mở rộng thị trường, nâng cao giá trị sản phẩm và đồng hành cùng nông dân, doanh nghiệp, hợp tác xã trong quá trình hội nhập.
Hiệu quả của mô hình bán hàng kết hợp lễ hội – livestream thể hiện rõ qua con số cụ thể: hơn 600 đơn hàng được chốt trực tiếp trên nền tảng TikTok Shop và hơn 400 đơn hàng được đặt mua thông qua ứng dụng FPT Sendo Farm. TikTok Shop tiếp tục phát huy thế mạnh về nội dung sáng tạo, nền tảng livestream và khả năng lan tỏa trên mạng xã hội. FPT Sendo Farm đảm nhiệm tuyển chọn sản phẩm, kiểm soát chất lượng, vận hành chuỗi cung ứng và giao hàng nhanh theo mô hình “Nay mua – Mai nhận”. Sự phối hợp này giúp đặc sản Bắc Ninh không chỉ được kể câu chuyện hấp dẫn trên không gian số mà còn đến tay người tiêu dùng với thông tin rõ ràng, nguồn gốc minh bạch.
Mở màn mùa mua sắm Tết, hướng tới “chợ phường số”
Lễ hội Trái cây Bắc Ninh 2025 cũng được xem là màn khởi động cho mùa mua sắm Tết sắp tới. Đại diện FPT Sendo Farm cho biết doanh nghiệp đang nỗ lực đảm bảo nguồn cung ổn định, giá cả hợp lý, ưu tiên các sản phẩm đạt chứng nhận VietGAP, OCOP, GlobalGAP. Song song đó, FPT Sendo Farm tiếp tục mở rộng mạng lưới đối tác siêu thị (điểm nhận hàng) tại Hà Nội, TP.HCM.
Không chỉ dừng lại ở hoạt động bán hàng và quảng bá, Sendo Farm hướng tới đưa mô hình mua sắm “Nay mua – Mai nhận” hiện diện tại từng con phố, ngõ hẻm, các khu dân cư và cụm chung cư, giúp người dân tại Hà Nội, Thành Phố Hồ Chí Minh tiếp cận thực phẩm an toàn một cách thuận tiện, tiết kiệm thời gian và chi phí.
Với định hướng xây dựng mô hình “chợ phường số”, FPT Sendo Farm kỳ vọng khi công nghệ gắn chặt với bữa cơm gia đình và đời sống khu phố, chuyển đổi số sẽ trở thành công cụ nâng đỡ đời sống. Với sự chung sức của Nhà nước, doanh nghiệp và người dân, việc kết nối nông nghiệp số với tiêu dùng đô thị được kỳ vọng sẽ tiếp tục mở rộng, đưa thực phẩm xanh – sạch – số hóa đến từng khu phố, góp phần xây dựng đô thị văn minh, hiện đại và nghĩa tình."
https://tienphong.vn/vi-sao-tphcm-dong-dan-phuong-tien-nhieu-nhung-it-o-nhiem-hon-ha-noi-post1803205.tpo,"Vì sao TPHCM đông dân, phương tiện nhiều nhưng ít ô nhiễm hơn Hà Nội?","TPO - Chuyên gia có lý giải việc tại sao TPHCM, dân số cao hơn, nhiều phương tiện hơn nhưng mức độ ô nhiễm lại thấp hơn Hà Nội.","Tại tọa đàm ""Hà Nội cấm xe máy xăng theo giờ: Tính toán nào cho hạ tầng và sinh kế?"" tổ chức vào chiều 9/12, cơ quan chức năng, chuyên gia đã có lý giải và giải pháp cho vấn đề ô nhiễm nặng tại Hà Nội thời gian qua.
Chuyên gia giao thông Phan Lê Bình nhận định: Các phương tiện giao thông sử dụng nhiên liệu hóa thạch, gồm cả ô tô và xe máy, đều là những nguồn phát thải khí thải độc hại ra môi trường, trong đó có bụi mịn, xuất phát từ quá trình đốt hóa thạch.
Tuy nhiên, bên cạnh phương tiện giao thông sử dụng nhiên liệu hóa thạch, cũng có những nguồn phát thải khác gây ô nhiễm không khí, như hoạt động sản xuất công nghiệp, hoạt động đốt rác. ""Đây cũng là những nguồn gây ô nhiễm không khí, chứ không riêng giao thông"", chuyên gia nói.
Một điều khác được ông Bình chỉ ra, là TPHCM, dân số cao hơn, nhiều phương tiện hơn nhưng mức độ ô nhiễm tại TP này lại thấp hơn TP Hà Nội. ""Sau khi tìm hiểu, tôi nhận thấy một phần đến từ tính chất địa hình, cũng như khí hậu"", ông Bình nói.
Theo vị chuyên gia, Hà Nội nằm ở vùng trũng, được bao bọc bởi một số quả núi khiến gió không thể khuếch tán không khí. Thứ hai, Hà Nội có mùa đông và xảy ra hiện tượng nghịch nhiệt, tức là không khí lạnh được lưu giữ gần mặt đất, không cho phép các độc khí, bụi mịn thoát đi, khiến bầu không khí khá là khó chịu.
""Thực tế vào mùa đông, các chỉ số không khí tại Hà Nội nghiêm trọng hơn thời điểm khác. Bản thân tôi hôm nay khi trao đổi, trả lời phỏng vấn cũng cảm thấy rát cổ, một phần có lẽ đến từ vấn đề ô nhiễm không khí ở Hà Nội"", chuyên gia giao thông Phan Lê Bình nói.
Bà Lê Thanh Thủy, Phó trưởng Phòng Quản lý môi trường, Sở Nông nghiệp và Môi trường Hà Nội cho biết thêm, qua các nghiên cứu, giao thông đang là nguồn phát thải chính, nhưng không phải tất cả.
Bà Thủy lý giải, Hà Nội như một lòng chảo, đang phải gánh chịu các hoạt động rất lớn từ mật độ giao thông cao, xây dựng cao, hoạt động sản xuất cao, rồi còn có tình trạng đốt rơm rạ, đốt rác ở khu dân cư. ""Đốt rác diễn ra nhiều nơi và chúng tôi đau đầu với các biện pháp kiểm soát. Đốt rác diễn ra nhỏ lẻ nhưng thực ra đang gây ô nhiễm môi trường nghiêm trọng ở khu dân cư"", bà Thủy đánh giá.
Ngoài ra, bà Thủy cho biết, từ năm 2022, Sở đã phối hợp với Ngân hàng Thế giới (WB) thực hiện nghiên cứu cho thấy, ô nhiễm ở Hà Nội còn tới từ các tỉnh lân cận. ""Chúng tôi gọi đây là mùa ô nhiễm, vào những tháng cuối năm, xảy ra điều kiện nghịch nhiệt, Hà Nội phải chịu rất nhiều điều kiện không thuận lợi. Mùa ô nhiễm năm nay đến chậm hơn một chút, khoảng 1-2 tháng nhưng tần suất và mức độ không thay đổi"", đại diện Sở Nông nghiệp và Môi trường nêu.
Về giải pháp, bà Thủy thông tin, Sở đã đẩy mạnh tuyên truyền, nâng cao nhận thức cho người dân, coi đây là nền tảng của mọi chính sách. Cùng với đó, các nội dung về hạ tầng cũng được thực hiện song song với các vấn đề pháp lý, kỹ thuật, kiểm soát phát thải từ hoạt động giao thông, xây dựng, hệ thống đốt mở và các hoạt động dân sinh khác."
https://tienphong.vn/lien-minh-chau-au-choang-vang-vi-chien-luoc-an-ninh-cua-my-post1803224.tpo,Liên minh châu Âu choáng váng vì chiến lược an ninh của Mỹ,"TPO - Ba ngày sau khi Chính phủ Mỹ chính thức thể hiện quan điểm về các thể chế của Liên minh châu Âu (EU) trong chiến lược an ninh quốc gia mới, các lãnh đạo của khối đã phá vỡ im lặng.","Chủ tịch Hội đồng châu Âu Antonio Costa chỉ trích Washington “đe dọa can thiệp vào đời sống chính trị của châu Âu”.
“Mỹ không còn tin vào chủ nghĩa đa phương, thậm chí không còn tin vào trật tự quốc tế dựa trên luật lệ… Họ nói rằng biến đổi khí hậu là một trò lừa”, ông Costa phát biểu tại sự kiện ở Paris ngày 8/12.
“Đồng minh không đe dọa can thiệp vào chính trị nội bộ của nhau. Đồng minh tôn trọng lẫn nhau, tôn trọng chủ quyền của nhau… Chúng ta không thể chấp nhận mối đe dọa can thiệp vào đời sống chính trị của châu Âu”, chính trị gia Bồ Đào Nha nhấn mạnh. Ông kêu gọi EU “tự bảo vệ mình trước các đối thủ, và cả trước những đồng minh thách thức chúng ta”.
Phát biểu được Chủ tịch Hội đồng châu Âu Antonio Costa đưa ra trong bối cảnh châu Âu đang choáng váng vì chiến lược an ninh quốc gia mà Mỹ mới công bố, trong đó Washington công khai vạch ra lộ trình đối đầu với EU, vẽ nên bức tranh ảm đạm về châu Âu và trật tự phương Tây.
“Tây Âu lục địa đang đánh mất tỷ trọng trong GDP toàn cầu… nhưng sự suy giảm kinh tế bị lu mờ bởi viễn cảnh thực tế và khắc nghiệt hơn là xoá sổ nền văn minh”, tài liệu của Mỹ viết.
Chiến lược an ninh quốc gia của Mỹ cho rằng EU tìm cách “làm suy yếu tự do chính trị và chủ quyền”, đồng thời chỉ trích chính sách nhập cư vì đã “biến đổi lục địa” và gây ra “sự mất mát bản sắc quốc gia và tự tin dân tộc”.
“Nếu các xu hướng hiện tại tiếp diễn, lục địa này sẽ trở nên không thể nhận ra trong vòng 20 năm hoặc ít hơn”, tài liệu viết. Chiến lược cũng thể hiện ủng hộ các “đảng phái châu Âu yêu nước”, được hiểu là các phe cực hữu dân tuý trỗi dậy mạnh mẽ ở châu Âu trong những năm qua.
Vài giờ sau khi tài liệu được công bố, Ủy ban châu Âu ra quyết định phạt mạng xã hội X của tỷ phú Elon Musk 120 triệu euro, với cáo buộc cơ chế xác minh “dấu tick xanh” của nền tảng này trái luật.
Quyết định này vấp phải chỉ trích của một số quan chức cấp cao Mỹ. Tỷ phú Elon Musk ví EU với Đức quốc xã.
Phát biểu tại cùng sự kiện với ông Costa, cựu Cao ủy công nghiệp EU Thierry Breton nói hàm ý rằng liên minh xuyên Đại Tây Dương đã kết thúc.
“Chúng ta biết Trung Quốc là một đối thủ mang tính hệ thống, chúng ta đã thảo luận và đặt tên cho điều đó… Giờ đây Mỹ là một đối thủ mang tính hệ thống của châu Âu”, chính trị gia kỳ cựu người Pháp nói.
Tuy nhiên, giới lãnh đạo EU hầu như không đưa ra phản ứng trong mấy ngày qua, cho thấy dường như Brussels vẫn đang cố gắng giữ Washington vì cuộc xung đột Nga - Ukraine và nhu cầu bảo đảm an ninh châu Âu nói chung.
Tuyên bố được Ủy ban châu Âu đưa ra cuối tuần qua khẳng định họ hoan nghênh chiến lược của Mỹ xác định vấn đề ưu tiên là chấm dứt cuộc xung đột Nga - Ukraine.
Phát biểu của ông Costa cho thấy chiến lược của Tổng thống Mỹ Donald Trump đã làm rung chuyển Brussels như thế nào.
“Sẽ không thể có tự do thông tin nếu tồn tại độc quyền phần mềm. Và sẽ không có tự do ngôn luận nếu quyền tự do thông tin của công dân chúng ta bị hy sinh để bảo vệ các tài phiệt công nghệ Mỹ”, ông nói tiếp.
Trong giới hoạch định chính sách EU, tài liệu mới của Mỹ được coi là sự chính thức hoá những điều mà Phó Tổng thống J.D. Vance nêu ra lần đầu tại Hội nghị An ninh Munich hồi tháng 2.
“Mối đe dọa mà tôi lo lắng không phải là Nga, không phải Trung Quốc, cũng không phải bất kỳ tác nhân bên ngoài nào. Điều tôi lo là mối đe dọa từ bên trong”, ông Vance nói trong khán phòng đầy các quan chức châu Âu, khiến họ vô cùng sửng sốt.
Kể từ đó, những người chỉ trích cho rằng châu Âu đã làm quá ít để tự bảo vệ mình trước sự chỉ trích từ Mỹ. Những nỗ lực thúc đẩy ngành công nghiệp nội địa diễn ra chậm chạp và rời rạc, cũng như các bước tái vũ trang. Một loạt đề xuất “mua hàng châu Âu” vẫn trong tình trạng trì trệ vì tranh cãi gay gắt trong nội bộ EU.
Bất chấp môi trường ngày càng bất lợi, EU trong năm qua đã cố gắng duy trì quan hệ ôn hoà với chính quyền Tổng thống Trump, nhằm tránh các đòn thuế quan và duy trì chiếc “ô an ninh” của Mỹ.
Tuy nhiên, giờ đây các chuyên gia cảnh báo châu Âu không thể tiếp tục “giả vờ” rằng quan hệ xuyên Đại Tây Dương vẫn “bình thường như cũ”.
“Đây không phải là tuyên bố bày tỏ quan ngại. Đây là lời tuyên bố khinh miệt. Châu Âu, như một tổng thể, bị nhìn nhận là đang suy tàn, tê liệt, mất kết nối và tự mãn. Nếu tất cả những điều này giờ đây đã quá rõ ràng đối với Washington, thì tại sao Brussels vẫn còn ngủ say?”, ông Peter Frankopan, sử gia người Anh và tác giả cuốnThe Silk Roads, nhận xét.
Ông Sven Biscop, chuyên gia về chính trị cường quốc tại Viện Egmont (Bỉ), cho rằng tài liệu của Mỹ là “cuộc tấn công hỗn hợp”.
“Nói cách khác, chính quyền Tổng thống Trump sẽ tiếp tục, và có khả năng gia tăng can thiệp vào các cuộc bầu cử của chúng ta, ủng hộ các lực lượng cực hữu chống dân chủ, và chống lại EU. Nói thẳng ra, đó là một cuộc tấn công hỗn hợp không mong muốn…”, ông nói.
Ông Biscop chỉ trích châu Âu “giảm nhẹ vấn đề”, cho rằng dù liên minh cần được duy trì vì mục đích an ninh, EU phải sẵn sàng phản kích."
https://tienphong.vn/dong-cua-hai-quan-ca-phe-ong-chu-thua-nhan-sai-lam-ai-cung-de-mac-phai-post1802776.tpo,"Đóng cửa hai quán cà phê, ông chủ thừa nhận sai lầm ai cũng dễ mắc phải","TPO - Sau hai lần thất bại, anh Khoa rút ra loạt sai lầm 'không của riêng ai' trong ngành F&B, từ chọn địa điểm đến phân bổ ngân sách khi khởi nghiệp quán cà phê.","Trong bối cảnh ngành F&B cạnh tranh ngày càng khốc liệt, anh Khoa, nhà sáng lập một chuỗi cà phê tại Hà Nội, đã chia sẻ những kinh nghiệm thực tế sau khi hai cơ sở tại đường Hoàng Quốc Việt và Đội Cấn buộc phải ngừng hoạt động.
Theo anh Khoa, cơ sở Hoàng Quốc Việt là địa điểm anh dành nhiều tâm huyết. Sau vài năm vận hành, cơ sở này phải đóng cửa do hiệu quả kinh doanh không đạt kỳ vọng. Anh cho hay quán mắc phải những sai lầm cơ bản phổ biến trong ngành, dẫn đến kết quả không như mong muốn.
Nhắc lại nguyên tắc quen thuộc trong lĩnh vựckinh doanhcà phê là “Bí quyết thành công là địa điểm, địa điểm và địa điểm”, anh Khoa cho rằng đây là bài học anh thấu hiểu rõ ràng hơn bao giờ hết. Mặc dù gần nhiều trường đại học lớn, quán lại nằm sâu trong ngõ khoảng 150-200m. Việc khách phải di chuyển một quãng dài từ đường chính khiến khả năng tiếp cận bị hạn chế.
Về mặt bằng, quán sở hữu khoảng sân vườn rộng phía trước. Ban đầu, anh Khoa kỳ vọng như mô hình đã vận hành thành công tại cơ sở Trường Chinh. Tuy nhiên, khi áp dụng mô hình y hệt này vào cơ sở tại Hoàng Quốc Việt lại không phù hợp. Khoảng sân phía trước quá dài khiến khách khó nhận diện hoạt động kinh doanh, còn bề ngang hẹp làm không gian bị sâu và kém thân thiện.
Kết cấu nhà dân cũ, cầu thang đặt giữa và hai phòng tách biệt khiến việc bố trí - trang trí nội thất bị rời rạc, khó tạo sự liền mạch. Khách hàng dễ có cảm giác bước vào nhà riêng hơn là quán cà phê. Dù đã nỗ lực cải tạo, hiệu quả vẫn không đạt kỳ vọng.
Anh Khoa thừa nhận việc sao chép mô hình từ cơ sở Trường Chinh sang Hoàng Quốc Việt mà không xét đến đặc thù mặt bằng là một trong những nguyên nhân chính dẫn đến thất bại.
Cơ sở thứ hai tại Đội Cấn là một trải nghiệm nhiều cảm xúc đối với anh Khoa nhưng cũng để lại không ít bài học.
Mặt bằng rộng 220m2 trong ngõ được đánh giá có tiềm năng, song hạn chế lớn về chỗ để xe. Để tăng công năng, anh lựa chọn dựng nhà sàn trong sân. Tuy nhiên, sự thiếu kinh nghiệm vềthủ tục hành chínhđã dẫn đến rủi ro lớn.
Chủ nhà nói ""cứ làm đi"", nhưng khi công trình đang lợp ngói, cơ quan chức năng kiểm tra và yêu cầu tháo dỡ phần xây dựng để bổ sung giấy phép. Việc thi công lại gây tổn thất đáng kể về chi phí và thời gian.
Giai đoạn đầu khai trương, lượng khách tương đối đông, song không duy trì được lâu. Khi bước vào vận hành ổn định, lượng khách giảm rõ rệt, đặc biệt vào mùa hè khi sân không có điều hòa. Không gian sân vườn yên tĩnh, nhưng vào mùa hè lại thiếu sự thoải mái do không có điều hòa.
Các hoạt động như biểu diễn piano hay ưu đãi theo nhóm giúp tăng mức độ nhận diện nhưng không thể khắc phục những hạn chế cố hữu. Đến cuối năm 2024, cơ sở phải đóng cửa khi chủ nhà thu hồi mặt bằng.
Sau hai lần thất bại, anh Khoa cho rằng sai lầm là điều khó tránh trong quá trình phát triển. Dù thiệt hại về chi phí và thời gian, anh nhìn nhận đây là chi phí bài học để đổi lấy kinh nghiệm thực tế cho các dự án tiếp theo. Những va vấp này là nền tảng quan trọng giúp mô hình vận hành tốt hơn trong tương lai.
Chia sẻ kinh nghiệm mở quán cà phê với nguồn lực hạn chế, anh nhấn mạnh tầm quan trọng của việc phân bổ ngân sách vào những hạng mục mang lại giá trị trực tiếp cho khách hàng, thay vì đầu tư dàn trải. Những hạng mục như chỗ để xe hay bảng hiệu chỉ cần đảm bảo công năng cơ bản, không nhất thiết phải đầu tư tốn kém.
Ngoài ra, việc tận dụng hiện trạng mặt bằng để giảm chi phí phá dỡ và thi công mới là yếu tố quan trọng giúp tối ưu hiệu quả đầu tư. Một số giải pháp như tự chế đồ trang trí, sử dụng vật liệu thanh lý hoặc áp dụng kỹ thuật xử lý tường để tạo hiệu ứng thẩm mỹ mà không phát sinh chi phí lớn được đánh giá phù hợp với mô hình khởi nghiệp."
https://tienphong.vn/hang-viet-xuat-my-qua-kenh-thuong-mai-dien-tu-ra-sao-post1802435.tpo,Hàng Việt xuất Mỹ qua kênh thương mại điện tử ra sao?,"TPO - Trong bối cảnh xuất khẩu truyền thống đang đối mặt với chi phí vận tải leo thang, rào cản kỹ thuật siết chặt và cạnh tranh quốc tế ngày càng gay gắt, thương mại điện tử xuyên biên giới đang nổi lên như một lối mở quan trọng để hàng Việt trực tiếp vươn tới người tiêu dùng Mỹ.","Ông Lê Thanh Sơn - Giám đốc Khối kinh doanh hàng hóa một công ty ở Đắk Lắk - cho biết thương mại điện tử (TMĐT) đang được doanh nghiệp xem là kênh chiến lược để tiếp cận thị trường Mỹ. Trước đây, doanh nghiệp chủ yếu xuất khẩu “đi bằng container”, ít có cơ hội gặp trực tiếp người tiêu dùng cuối. Chỉ khi lên sàn thương mại điện tử, doanh nghiệp mới thấy hết giá trị của việc tự làm thương hiệu.
“Chúng tôi nhận ra rằng bán hàng trên thương mại điện tử không chỉ là đưa sản phẩm lên sàn, mà còn là cách kể câu chuyện của mình. Từng phản hồi của khách, từng lượt đánh giá, từng câu hỏi đều giúp chúng tôi nhìn thấy thị trường Mỹ rõ hơn”, ông Sơn chia sẻ và cho rằng nhờ TMĐT, Simexco không chỉ bán được hàng mà còn lần đầu tiên có dữ liệu để điều chỉnh sản phẩm, cải tiến bao bì và xây dựng hình ảnh thương hiệu Việt một cách bài bản.
Ông Nguyễn Thanh Tâm - Chủ tịch HĐQT Công ty CP T. - cho biết đang đầu tư để chuyển hướng xuất khẩu qua mô hình TMĐT. Theo ông Tâm, xuất khẩu cà phê rang sẵn qua TMĐT đã giúp doanh nghiệp nhìn thấythị trường Mỹmột cách hoàn toàn khác: Gần gũi, thực tế và cho kết quả rõ ràng từng ngày.
“TMĐT giúp chúng tôi tiết kiệm mặt bằng, giảm nhân lực, cắt chi phí marketing truyền thống. Quan trọng nhất là đưa cà phê Việt đến đúng những người cần, những người Mỹ đang tìm kiếm hương vị bản địa. Đây là xu hướng tương lai cho doanh nghiệp vừa và nhỏ muốn đi ra thế giới”, ông Tâm nói.
Đại diện một nghiệp thủ công mỹ nghệ tại Đồng Nai cho biết chỉ sau 8 tháng bán hàng trên sàn thương mại điện tử, lượng đơn hàng từ Mỹ của doanh nghiệp đã tăng hơn 30% so với trước. “Trước đây muốn xuất được hàng phải tìm đại lý, ký gửi, gửi mẫu. Bây giờ khách thấy thích là đặt, doanh nghiệp giao qua kho của nền tảng, đơn giản hơn rất nhiều’, ông Tâm chia sẻ.
Theo đại diện Amazon, thời gian qua đã chứng kiến nhiều doanh nghiệp Việt đầu tư bán hàng qua sàn thương mại điện tử xuyên biên giới.Đặc biệt, với thị trường Mỹđã có hàng nghìn doanh nghiệp Việt bán hàng qua nền tảng Amazon này, tăng trưởng hơn 45%.
Theo vị này, khi xuất khẩu sản phẩm qua sàn thương mại điện tử, doanh nghiệp Việt cũng có cơ hội quảng bá thương hiệu, đặc biệt với việc liên kết với các nền tảng thanh toán giúp doanh nghiệp yên tâm và tối ưu được dòng tiền.
Các ngành hàng có khả năng bứt phá tại thị trường Mỹ trong thời gian tới gồm đồ gia dụng, nhà bếp, trang trí nội thất, chăm sóc sức khỏe, sắc đẹp, dệt may và đặc biệt là nội thất gỗ. Vì vậy, doanh nghiệp Việt cần chủ động tiến ra thị trường quốc tế thông qua kênh thương mại điện tử.
Số liệu từ Bộ Công Thương cho thấy, trong 11 tháng năm nay,xuất khẩu sang Mỹđạt 138,6 tỷ USD, tăng hơn 27% so với cùng kỳ năm ngoái và tiếp tục là thị trường xuất khẩu lớn nhất của Việt Nam.
Cục Thương mại điện tử và Kinh tế số - Bộ Công Thương đánh giá, TMĐT xuyên biên giới không chỉ là kênh bán hàng hiệu quả mà là chiến lược quốc gia nhằm đưa hàng Việt ra thế giới bằng cách thức mới - nhanh hơn, hiệu quả hơn và phù hợp với xu hướng tiêu dùng quốc tế.
Để hỗ trợ các doanh nghiệp xuất khẩu bán hàng qua kênh này, hiện có nhiều chương trình như hỗ trợ tới 50% chi phí mở và duy trì gian hàng trên nền tảng số trong nước và quốc tế. Đặc biệt, là chương trình hỗ trợ doanh nghiệp tiếp cận hệ thống phân phối quốc tế, với mục tiêu đưa 5.000 doanh nghiệp Việt tham gia TMĐT xuyên biên giới. Các chính sách này kỳ vọng giúp doanh nghiệp Việt có “tấm đệm” ban đầu để bước vào thị trường toàn cầu."
https://tienphong.vn/da-nang-doat-giai-thanh-pho-thong-minh-6-nam-lien-tiep-post1802327.tpo,Đà Nẵng đoạt giải thành phố thông minh 6 năm liên tiếp,"TPO - Mục tiêu đến năm 2030, Đà Nẵng hình thành thành phố thông minh theo hướng Thành phố AI, kết nối đồng bộ với các mạng lưới đô thị thông minh trong nước và khu vực ASEAN…","Ngày 6/12, Hiệp hội phần mềm và dịch vụ Công nghệ thông tin Việt Nam cho hay, hội đồng bình chọn “Giải thưởng thành phố thông minhViệt Nam 2025” đã thống nhất trao giải thưởng thành phố thông minh 2025 choĐà Nẵng.
Đây là giải thưởng thường niên nhằm tôn vinh các địa phương, doanh nghiệp tiên phong trong xây dựng đô thị thông minh tại Việt Nam. Năm nay là năm thứ 6 liên tiếp Đà Nẵng giành được giải thưởng danh giá này.
Ngoài ra, Đà Nẵng cũng được được trao giải thưởng tại các lĩnh vực: Quản trị, điều hành thông minh; Hấp dẫn khởi nghiệp đổi mới sáng tạo; Môi trường xanh - phát triển bền vững .
Thời gian qua, Đà Nẵng chú trọng về chuyển đổi số, xây dựng thành phố thông minh và đạt nhiều kết quả ấn tượng. Thành phố 4 năm liền nằm trong nhóm dẫn đầu chuyển đổi số cấp tỉnh.
Đề án tổng thể Chuyển đổi số thành phố Đà Nẵng giai đoạn 2026 - 2030 được xây dựng với tầm nhìn “Chuyển đổi số là một động lực quan trọng trong xây dựng thành phố Đà Nẵng trở thành đô thị sinh thái và thông minh, là trung tâm thương mại tự do, trung tâm tài chính quốc tế, trung tâm công nghiệp, logistics, khởi nghiệp đổi mới sáng tạo và thành phố du lịch, đáng sống, đẳng cấp khu vực Châu Á”.
Mục tiêu đến năm 2030 hoàn thành cơ bản chuyển đổi số; chính quyền số, kinh tế số, xã hội số hiện đại, minh bạch và góp phần tạo chuyển biến mạnh mẽ về năng suất, chất lượng, hiệu quả trên các lĩnh vực. Hình thành thành phố thông minh theo hướngthành phố AI, kết nối đồng bộ với các mạng lưới đô thị thông minh trong nước và khu vực ASEAN…"
https://tienphong.vn/de-xuat-viec-cam-xe-cong-nghe-chay-xang-tai-ha-noi-post1802262.tpo,Đề xuất việc cấm xe công nghệ chạy xăng tại Hà Nội,"TPO - UBND TP. Hà Nội đề xuất, đơn vị cung cấp phần mềm ứng dụng không tiếp nhận các đối tác vận hành bằng xe mô tô, xe gắn máy sử dụng nhiên liệu hóa thạch từ ngày 1/7/2026.","Tại kỳ họp 28 từ ngày 26-28/11,HĐND TP. Hà Nộiđã thông qua Nghị quyết Quy định thực hiện vùng phát thải thấp trên địa bàn Hà Nội. Nghị quyết đã quy định một số biện pháp sẽ áp dụng trong vùng phát thải thấp, trong đó có xe mô tô, xe gắn máy sử dụng nhiên liệu hóa thạch.
Cụ thể: Cấm xe mô tô, xe gắn máy hoạt động kinh doanh trên nền tảng phần mềm ứng dụng hỗ trợ kết nối vận tải lưu thông trongvùng phát thải thấp; cấm xe mô tô, xe gắn máy khác lưu thông vào vùng phát thải thấp theo khung giờ/thời điểm hoặc khu vực (mục c, khoản 3, điều 10).
Ngoài nghị quyết đã thông qua, hiện tại UBND thành phố đang lấy ý kiến dự thảo Nghị quyết về một số chính sách, biện pháp hỗ trợchuyển đổi phương tiện giao thôngđường bộ sử dụng năng lượng sạch trên địa bàn thành phố.
Theo đó, UBND thành phố đề xuất, đơn vị cung cấp phần mềm ứng dụng không tiếp nhận các đối tác vận hành bằng xe mô tô,xe gắn máysử dụng nhiên liệu hóa thạch từ ngày 01/7/2026.
Đơn vị cung cấp phần mềm ứng dụng thực hiện chuyển đổi xanh cho xe mô tô, xe gắn máy đảm bảo tỷ lệ phương tiện sử dụng năng lượng điện, năng lượng sạch khác theo lộ trình: 30% trước ngày 1/7/2026; 70% trước ngày 1/1/2028; 100% trước ngày 1/1/2030.
Đối với xe taxi, xe ô tô chở người đến 8 chỗ hoạt động kinh doanh vận tải (trong đó có phương tiện sử dụng nền tảng phần mềm ứng dụng hỗ trợ kết nối vận tải): 100% phương tiện thay thế, đầu tư mới sử dụng năng lượng sạch, năng lượng xanh, thân thiện môi trường từ 1/7/2026.
Đơn vị kinh doanh vận tải thực hiện chuyển đổi xanh đảm bảo tỷ lệ phương tiện sử dụng năng lượng sạch, năng lượng xanh, thân thiện môi trường theo lộ trình: 50% trước ngày 1/1/2028; 100% trước ngày 1/1/2030.
Nội dung trên đã nhận được nhiều ý kiến của người dân, nhất là những tài xế đang mưu sinh bằng xe ứng dụng công nghệ.
Để chuyển đổi sang xe công nghệ là một vấn đề lớn với tài xế, bởi không phải ai cũng có tiền, trong khi đối tác và thành phố chưa có chính sách hỗ trợ chuyển đổi.
UBND thành phố đề xuất hỗ trợ đối với người dân đang sinh sống trên địa bàn thành phố 20% giá trị/xe nhưng không quá 5 triệu đồng/người/xe. Hộ nghèo, hộ cận nghèo được hỗ trợ tối đa tới 20 triệu đồng/xe."
https://tienphong.vn/thu-tuong-yeu-cau-trien-khai-cac-du-an-khac-phuc-o-nhiem-tai-ha-noi-va-tphcm-post1802229.tpo,Thủ tướng yêu cầu triển khai các dự án khắc phục ô nhiễm tại Hà Nội và TPHCM,"TPO - Thủ tướng cho rằng, cần có chỉ đạo chung trên cả nước và nghiên cứu triển khai các dự án khắc phục ô nhiễm, quản lý chất lượng không khí tại các địa phương trọng điểm, trước hết là tại Hà Nội và TPHCM","Mở rộng các giải pháp công nghệ mới
Chiều 5/12,Thủ tướng Phạm Minh Chínhchủ trì cuộc họp của Ban Thường vụ Đảng ủy Chính phủ và Thường trực Chính phủ, cho ý kiến về Đề án phòng, chống sụt lún, sạt lở, ngập úng, hạn hán, xâm nhập mặn vùng ĐBSCL; dự thảo báo cáo Bộ Chính trị về kết quả thực hiện xử lý một số vấn đề tồn đọng (dự án chống ngập lụt của TPHCM và các dự án khác liên quan đến bảo vệ môi trường, biến đổi khí hậu).
Sau khi nghe các báo cáo, ý kiến, phát biểu kết luận, Thủ tướng Phạm Minh Chính cơ bản thống nhất với nội dung báo cáo, đề xuất của Đảng ủy Bộ Nông nghiệp và Môi trường; yêu cầu nghiên cứu, tiếp thu đầy đủ ý kiến tại cuộc họp để khẩn trương hoàn thiện hồ sơ, tài liệu trình Bộ Chính trị theo quy định, bảo đảm tiến độ, chất lượng.
Người đứng đầu Chính phủ nhấn mạnh, ĐBSCL là đồng bằng trù phú nhất của đất nước ta, có nền văn hóa bản sắc, phong phú, tiềm năng phát triển lớn, nhất là nông nghiệp, nhưng đang đối mặt với nhiều vấn đề rất lớn như sụt lún đất, sạt lở bờ sông, bờ biển, ngập úng, hạn hán, xâm nhập mặn. Những vấn đề này có mối quan hệ, tác động qua lại với nhau và đều liên quan đến nguồn nước, giải pháp cho vấn đề này có thể tác động đến vấn đề khác.
Nhấn mạnh phải dành choĐBSCLvị trí xứng đáng trong lãnh đạo, chỉ đạo, đầu tư các nguồn lực, Thủ tướng chỉ rõ, tư duy, phương pháp luận, tư tưởng chỉ đạo, xuyên suốt trong xây dựng Đề án là phải có các giải pháp ""thuận thiên"", thích ứng linh hoạt, hiệu quả với biến đổi khí hậu tại ĐBSCL; có các giải pháp tổng thể, toàn diện, căn cơ hơn với các vấn đề sụt lún đất, sạt lở bờ sông, bờ biển, ngập úng, hạn hán, xâm nhập mặn, phát triển bền vững ĐBSCL.
Nhấn mạnh tinh thần phải rõ người, rõ việc, Thủ tướng lưu ý thêm một số giải pháp như triển khai các chương trình, dự án về khoa học và công nghệ, đặc biệt là mở rộng các giải pháp công nghệ mới đã được ứng dụng hiệu quả trên thực tế; các giải pháp phi công trình như sắp xếp lại dân cư, trồng và bảo vệ rừng ngập mặn, rừng phòng hộ ven biển…
Khắc phục ô nhiễm tại Hà Nội, TPHCM
Đối với nội dung xử lý một số vấn đề tồn đọng (dự án chống ngập lụt của TPHCM và các dự án khác liên quan đến bảo vệ môi trường, biến đổi khí hậu), các báo cáo, ý kiến tại cuộc họp đánh giá, việc xử lý các dự án vướng mắc, tồn đọng kéo dài nói chung vừa qua đã được Bộ Chính trị, Chính phủ tập trung chỉ đạo làm quyết liệt nhằm đưa các dự án vào hoạt động, khơi thông nguồn lực, chống lãng phí.
Dự án chống ngập lụtcủa TPHCM cũng là dự án vướng mắc kéo dài, Chính phủ đã có Nghị quyết số 212/NQ-CP ngày 21/7/2025 tháo gỡ khó khăn, vướng mắc. Theo Đảng ủy Bộ Nông nghiệp và Môi trường, dự án chống ngập lụt của TPHCM đến nay đang được triển khai tích cực, không có các vướng mắc lớn cần báo cáo xin ý kiến chỉ đạo của Bộ Chính trị.
Thủ tướng cơ bản thống nhất với nội dung dự thảo báo cáo Bộ Chính trị do Đảng ủy Bộ Nông nghiệp và Môi trường chuẩn bị, đề nghị tiếp thu ý kiến tại cuộc họp, tiếp tục cập nhật đầy đủ các thông tin để hoàn thiện nội dung báo cáo về dự án chống ngập lụt của TPHCM.
Cùng với đó, Thủ tướng cho rằng, cần có chỉ đạo chung trên cả nước và nghiên cứu triển khai các dự án khắc phục ô nhiễm, quản lý chất lượng không khí tại các địa phương trọng điểm, trước hết là tạiHà Nội và TPHCM; rà soát lại, nếu đã có cơ chế, chính sách thì thực hiện theo thẩm quyền, nếu cần có các cơ chế, chính sách khác mà chưa được pháp luật quy định thì đề xuất Bộ Chính trị."
https://tienphong.vn/vi-sao-ha-noi-chua-the-tu-chu-cong-nghe-tau-dien-metro-post1802214.tpo,Vì sao Hà Nội chưa thể tự chủ công nghệ tàu điện metro?,"TPO - Trong bối cảnh Hà Nội đang đẩy mạnh phát triển mạng lưới đường sắt đô thị, câu hỏi lớn đặt ra là vì sao thành phố vẫn chưa thể tự chủ công nghệ, từ vận hành đến bảo trì? Câu trả lời do quy mô hệ thống, thiếu hệ sinh thái hoàn chỉnh.","Tại hội thảo quốc tế“Chuyển đổi số trong vận hành và bảo trì đường sắt đô thị”, ngày 5/12, ông Khuất Việt Hùng - Chủ tịch HĐTV Metro Hà Nội - thừa nhận, thành phố mới chỉ ở giai đoạn đầu của quá trình số hóa. Hai tuyến metro đang khai thác là “mảnh ghép rất nhỏ” so với mạng lưới tương lai, trong khi yêu cầu tự chủ công nghệ lại đặt ra ngày càng cấp bách. Điều này buộc Hà Nội phải xác định những khâu cần ưu tiên: Từ vận hành, bảo trì đoàn tàu, khai thác hạ tầng đến nâng cao trải nghiệm hành khách.
Theo chuyên gia quốc tế Basile Hassan - PRX Vietnam, nguyên Quản lý Dự án tại IDFM (Cơ quan giao thông công cộng vùng Paris), kinh nghiệm Hàn Quốc cho thấy mọi thành tựu công nghệ metro đều bắt đầu từ mô hình “5 nhà”: Chính phủ, cơ quan quản lý, doanh nghiệp vận hành,các viện nghiên cứu và trường đại học. Tại đây, Chính phủ đề ra chiến lược 5 năm, ban hành tiêu chuẩn công nghệ lõi và mở không gian thử nghiệm cho doanh nghiệp ICT.
Hà Nội hiện chưa có cấu trúc hợp tác tương tự. Thiếu môi trường thử nghiệm, doanh nghiệp công nghệ khó phát triển giải pháp; thiếu tiêu chuẩn chung, các đơn vị khó liên thông dữ liệu; thiếu nền tảng nghiên cứu, trường đại học không thể đào tạo đúng nhu cầu. Khi các mắt xích không vận hành đồng bộ, tự chủ công nghệ gần như bất khả thi.
Ở Thái Lan, MRTA đã chứng minh rằng muốn tự chủ bảo trì, trước hết phải tự chủ dữ liệu. Hệ thốngCMMS và ACMDScủa nước này cho phép thu thập, phân tích và dự báo tình trạng thiết bị theo thời gian thực. Nhờ đó, việc bảo trì chuyển từ thụ động sang chủ động, giảm hỏng hóc đột xuất và tiết kiệm đáng kể chi phí.
Hà Nội chưa có hệ thống giám sát tương tự ở quy mô lớn. Không có dữ liệu thời gian thực, rất khó xây dựng thuật toán dự báo hoặc mô hình bảo trì thông minh. Dữ liệu phân tán ở nhiều đơn vị khiến việc phân tích và chuẩn hóa trở thành trở ngại lớn nhất trên hành trình tự chủ.
Metro Đài Bắc (Đài Loan, Trung Quốc) đã đưa AI vào gần như mọi khâu: Kiểm soát an toàn lao động, phân luồng hành khách, dự báo lỗi thiết bị, tối ưu vận hành đoàn tàu. Họ thu thập dữ liệu từ 33 nhóm thiết bị, xây dựng mô hình dự báo và tích hợp thông tin vào trung tâm điều hành.
Trong khi đó, Hà Nội mới chỉ bắt đầu những bước đầu tiên củalộ trình số hóa, dự kiến đến 2027 mới phát triển các phần mềm trọng yếu. Khi nền tảng dữ liệu và vận hành chưa hoàn chỉnh, AI chưa thể phát huy vai trò.
Tự chủ công nghệ đường sắt đô thị đòi hỏi lực lượng kỹ sư hiểu sâu về cả cơ khí, điện, phần mềm, thuật toán và an toàn hệ thống. Nhiều chia sẻ tại hội thảo cho thấy Hà Nội chưa có mô hình hợp tác đào tạo đủ mạnh giữa nhà vận hành, trường đại học và các viện nghiên cứu, trong khi các nước đã tạo ra chu trình khép kín: nghiên cứu - thử nghiệm - ứng dụng.
Không có nhân lực đủ trình độ,Hà Nộikhó đảm đương các công tác trùng tu, đại tu hệ thống hoặc tự xây dựng thuật toán giám sát - dự báo như các metro tiên tiến.
Tại sự kiện, lãnh đạo Metro Hà Nội đặt mục tiêu hoàn thiện nền tảng phần mềm điều hành vào năm 2030 và xây dựng trung tâm dữ liệu số lớn vào năm 2045. Tuy nhiên, các chuyên gia đều cho rằng lộ trình sẽ khó đạt nếu không đồng thời hình thành hệ sinh thái công nghệ giống các mô hình thành công trên thế giới.
Muốn tự chủ công nghệ, Hà Nội cần môi trường thử nghiệm mở cho doanh nghiệp ICT; cần tiêu chuẩn chung để dữ liệu không “mỗi nơi một kiểu”;cần liên kết chặt chẽvới trường đại học để đào tạo nhân lực đúng nhu cầu; và quan trọng nhất là chiến lược thống nhất từ cấp quản lý.
Tự chủ công nghệ metro không chỉ là mục tiêu kỹ thuật, mà là quá trình kiến tạo một hệ sinh thái - nơi mọi chủ thể cùng chia sẻ trách nhiệm và lợi ích. Khi những mắt xích này chưa gắn kết, câu trả lời cho câu hỏi “Vì sao Hà Nội chưa thể tự chủ công nghệ metro?” vẫn còn nguyên giá trị."
https://tienphong.vn/quy-dinh-moi-ve-di-tau-dien-cat-linh-ha-dong-post1802029.tpo,Quy định mới về đi tàu điện Cát Linh - Hà Đông,"TPO - Từ hôm nay (5/12), Hà Nội chính thức vận hành hệ thống soát vé tự động tích hợp định danh điện tử, sinh trắc học và thanh toán không dùng tiền mặt trên tuyến đường sắt đô thị 2A Cát Linh - Hà Đông. Việc này cho phép hành khách qua cổng chỉ trong vài giây bằng khuôn mặt hoặc thẻ EMV.","Hệ thống mới được phát triển trên nền tảng AFC hiện hữu, nhưng được nâng cấp đồng bộ từ phần mềm quản trị, máy chủ, đầu đọc đa chuẩn đến camera AI và mạch điều khiển cổng.
Phát biểu tại lễ ""Công bố Kết quả thực hiện Kế hoạch 428/KH-BCA-BXD-UBNDHN - Hệ thống soát vé tự động, ứng dụnggiải pháp sinh trắc họcvà thanh toán không dùng tiền mặt"", Đại tá Vũ Trọng Dự - Trưởng phòng 1 Cục Cảnh sát Quản lý hành chính về trật tự xã hội, Bộ Công an - đánh giá sự kiện này không chỉ là bước triển khai công nghệ mới mà còn là phần tiếp nối những kết quả quan trọng từ Đề án 06.
Đại tá Vũ Trọng Dự nhấn mạnh định danh và xác thực điện tử đã tạo ra thay đổi mạnh mẽ trong nhiều lĩnh vực, từ hành chính công với hơn 4.000 thủ tục được chuẩn hóa, đến y tế với hơn 26 triệu hồ sơ sức khỏe được đồng bộ. Trong lĩnh vực giao thông, sinh trắc học tại 18 cảng hàng không đã phục vụ gần1,5 triệu lượt hành khách, giảm thời gian làm thủ tục xuống còn 3-5 giây.
Ông Trương Việt Dũng - Phó Chủ tịch UBND TP. Hà Nội - khẳng định đây là lần đầu tiên một hệ thống giao thông công cộng trong nước tích hợp đồng thời định danh điện tử, sinh trắc học và thanh toán mở EMV.
Theoông Trương Việt Dũng, hoạt động này là bước đi cụ thể trong đổi mới thể chế vận hành giao thông đô thị dựa trên dữ liệu và trải nghiệm của người dân. Thành phố xác định giao thông thông minh - đồng bộ - kết nối là một trong ba đột phá chiến lược, gắn với các định hướng của Đại hội Đảng bộ TP lần thứ XVIII và Nghị quyết 57 của Bộ Chính trị.
Về phía đơn vị triển khai, ông Khuất Việt Hùng - Chủ tịch HĐTV Hà Nội Metro - khẳng định dự án được thực hiện theo nguyên tắc “làm chắc, làm thật, không hình thức”, ưu tiên tuyệt đối an toàn, tận dụng hạ tầngAFC sẵn cóvà phát triển công nghệ nội địa để bảo đảm chủ động và giảm phụ thuộc bên ngoài.
Kế hoạch 428 sẽ bước sang giai đoạn 2 từ ngày 16/12 với việc nâng cấp trên 8 ga tuyến 3.1. Từ ngày 1/1/2026, hệ thống sẽ phục vụ hành khách tại 30% số cổng soát vé và hoàn thành toàn bộ vào cuối tháng 1/2026, hướng tới vận hành thống nhất hai tuyến metro trong tháng 2/2026.
Việc đưa hệ thống soát vé tự động bằng sinh trắc học vào vận hành không chỉ nâng cao trải nghiệm của hành khách mà còn củng cố năng lực quản lý đô thị, tạo nền tảng cho hệ sinh thái giao thông thông minh của Hà Nội..."
https://tienphong.vn/chuyen-doi-xanh-tao-loi-the-canh-tranh-ben-vung-cho-doanh-nghiep-post1801770.tpo,Chuyển đổi xanh tạo lợi thế cạnh tranh bền vững cho doanh nghiệp,"TPO - Trong bối cảnh yêu cầu của thị trường nội địa và xuất khẩu về chất lượng, tiêu chuẩn môi trường, truy xuất nguồn gốc và sử dụng năng lượng hiệu quả ngày càng cao, chuyển đổi xanh không chỉ là giải pháp nâng cao chất lượng, hiệu quả sản xuất, mà còn là yếu tố tạo lợi thế cạnh tranh bền vững.","Tạo “bệ đỡ” chính sách, cơ chế
Sáng 4/12, tại Đà Nẵng, Cục Đổi mới sáng tạo,Chuyển đổi xanhvà Khuyến công (Bộ Công Thương) tổ chức Tọa đàm “Giải pháp chuyển đổi xanh và phát triển bền vững nhằm thúc đẩy xúc tiến tiêu thụ sản phẩm cho các cơ sở công nghiệp nông thôn”.
Theo số liệu của Cục Thống kê, trong 10 tháng năm 2025, sản xuất công nghiệp duy trì xu hướng tăng trưởng tích cực, chỉ số sản xuất công nghiệp tăng 9,2% so với cùng kỳ năm trước, tăng ở cả 34 địa phương trên cả nước.
Theo bà Đỗ Thị Minh Trâm, Phó Cục trưởng Cục Đổi mới sáng tạo, Chuyển đổi xanh và Khuyến công, trong bối cảnh tăng trưởng, doanh nghiệp đồng thời đối diện với áp lực từ yêu cầu ngày càng cao của thị trường nội địa và xuất khẩu về chất lượng, tiêu chuẩn môi trường, truy xuất nguồn gốc và sử dụng năng lượng hiệu quả.
Tăng trưởng xanh, giảm phát thải khí nhà kính, giảm dấu chân carbon trong sản xuất các sản phẩm hàng hóa, dịch vụ là xu hướng chung của toàn cầu. Nhiều quốc gia trên thế giới đã xây dựng các hàng rào kỹ thuật, hướng tới phát triển sản xuất bền vững để ứng phó biến đổi khí hậu.
“Do đó, chuyển đổi xanh không chỉ là giải pháp nâng cao chất lượng, hiệu quả sản xuất, mà còn là yếu tố tạo lợi thế cạnh tranh bền vững. Nếu không đổi mới công nghệ và quy trình theo hướng xanh - sạch - hiệu quả, các cơ sở sẽ dễ bị tụt hậu”, bà Trâm nói.
Thời gian qua, Bộ Công Thương triển khai nhiều chương trình, tạo “bệ đỡ” về chính sách, cơ chế để hỗ trợ các doanh nghiệp, đặc biệt là doanh nghiệp nhỏ và vừa chuyển đổi xanh, sản xuất sạch hơn.
Một số chương trình đang được triển khai hiệu quả, như: Chương trình quốc gia về sử dụng năng lượng tiết kiệm và hiệu quả giai đoạn 2019 đến 2030, Chương trình quốc gia về sản xuất tiêu dùng bền vững giai đoạn 2021 – 2030, Chương trình về hỗ trợ thúc đẩy sản xuất thông minh, chuyển đổi số trong lĩnh vực công nghiệp và thương mại đến năm 2035, Chương trình khuyến công Quốc gia giai đoạn 2026 – 2030.
Ông Đinh Văn Phúc, Phó Giám đốc Trung tâm khuyến công và xúc tiến thương mại (Sở Công Thương TP. Đà Nẵng), nhìn nhận, thời gian qua, các doanh nghiệp, các chủ cơ sở dần dần nâng cao nhận thức về sản xuất xanh, sản xuất bền vững, tiết kiệm năng lượng.
Nhiều hoạt động để hỗ trợ các cơ sở công nghiệp nông thôn chuyển đổi xanh, sản xuất bền vững như: hỗ trợ máy móc, thiết bị tiên tiến; cải tiến thiết kế, in ấn và bao bì; hỗ trợ kinh phí cho các doanh nghiệpsản xuất sạch hơn… cho thấy hiệu quả tích cực.
“Các hoạt động phần nào giúp doanh nghiệp, cơ sở công nghiệp nông thôn ứng dụng khoa học công nghệ tiên tiến vào sản xuất, kinh doanh; đem lại hiệu quả kinh tế cho doanh nghiệp, giảm chi phí sản xuất”, ông Phúc nói.
""Quả ngọt"" khi chủ động xanh hóa
Bắt kịp xu hướng này, nhiều doanh nghiệp nhỏ và vừa lựa chọn chuyển đổi xanh, sản xuất sạch hơn ngay từ khi bắt đầu khởi nghiệp, chú trọng phát triển sản phẩm theo hướng xanh, sạch, bền vững.
Theo ông Nguyễn Minh Thông (CEO & Founder Công ty TNHH Enso Dana), ngay từ đầu, doanh nghiệp đã xác định chuyển đổi xanh là cơ hội nên không bị bỡ ngỡ trước xu hướng mới của thị trường, chủ động trong marketing, lựa chọn nguyên liệu đầu vào, ứng dụng công nghệ trong sản xuất.
“Chúng tôi xác định khi sản xuất theo hướng xanh thì chi phí sẽ cao hơn 2 – 3 lần so với các sản phẩm cùng loại. Nhưng vì đã định vị sản phẩm ở phân khúc xanh, sạch, bao bì thân thiện nên việc đầu tư máy móc sản xuất, chiến lược quảng bá, chính sách bán hàng đều được tính toán kỹ lưỡng, đảm bảo sự chủ động khi đáp ứng yêu cầu ngày càng cao của các đối tác”, ông Thông nói.
Theo Phó Giám đốc Trung tâm khuyến công và xúc tiến thương mại TP. Đà Nẵng, thời gian qua, nhiều doanh nghiệp trên địa bàn nhận được sự hỗ trợ để sản xuất sạch hơn, chuyển đổi xanh hiệu quả.
Trong tương lai gần, khi kinh tế phát triển, GRDP của các địa phương cao, tỷ lệ kinh phí khuyến công trong GRDP ngày càng lớn, mức hỗ trợ cho các doanh nghiệp tăng lên có thể gỡ bỏ “nút thắt” để cộng đồng doanh nghiệp mạnh dạnsản xuất sạch hơn, chuyển đổi xanh”, ông Phúc nói."
https://tienphong.vn/sau-dut-cap-ngam-dien-cap-cho-phu-quoc-hien-ra-sao-post1801559.tpo,"Sau đứt cáp ngầm, điện cấp cho Phú Quốc hiện ra sao?","TPO - Đến sáng 3/12, đặc khu Phú Quốc, tỉnh An Giang đã được cấp điện trở lại sau sự cố cáp ngầm, trong đó có khoảng 6.100 khách hàng khu vực Bắc Phú Quốc cấp điện luân phiên.","Công ty Điện lực An Giang (PCAG) cho biết, hiện đặc khu Phú Quốc được cấp điện từ hai nguồn: Đường dây 110kV 173 Hà Tiên - 172 Phú Quốc (có đoạn cáp ngầm 110kV Hà Tiên - Phú Quốc) cấp điện cho trạm biến áp 110kV Phú Quốc và Đường dây 220kV Kiên Bình - Phú Quốc đang vận hành cấp điện áp 110kV cấp điện cho trạm biến áp 110kV Nam Phú Quốc.
Do hai nguồn này chưa được liên kết mạch vòng, nên khi xảy ra sự cố cáp ngầm đã ảnh hưởng lớn đến công tác cung cấp điện.
Sau khi sự cố tuyến cáp ngầm 110kV Hà Tiên - Phú Quốc xảy ra chiều 29/11, PCAG chuyển một phần phụ tải từ trạm biến áp 110 kV Phú Quốc sang nhận điện của trạm biến áp 110kV Nam Phú Quốc qua đường dây 22kV để khôi phục cấp điện trên đảo. Trong đó ưu tiên cấp điện cho trung tâm hành chính, bệnh viện, phòng cháy chữa cháy, trung tâm viễn thông, cấp nước, chợ đêm, khu phục vụ thi công sân bay quốc tế Phú Quốc và phụ tải sinh hoạt; cắt điện luân phiên để đảm bảo phục vụ được nhiều khách hàng nhất, đáp ứng các nhu cầu thiết yếu của nhân dân.
PCAG đã vận động các khách hàng lớn có máy phát tự cấp điện (300 trạm khách hàng). Tổng công ty Điện lực miền Nam (EVNSPC) cũng đã huy động toàn bộ máy phát diesel di động từ các công ty điện lực trực thuộc chuyển đến Phú Quốc. Tính đến thời điểm hiện tại đã huy động được 20 máy phát, với công suất khoảng 3,5MW. Số máy này dùng cấp điện luân phiên cho các trạm biến áp công cộng xa nguồn để cải thiện điện áp.
Đến nay, toàn bộ khách hàng sinh hoạt, dân sinh đã được cấp điện, trong đó khoảng 6.100 khách hàng tại khu vực Bắc Phú Quốc cấp điện luân phiên.
Cùng với việc phối hợp với các đơn vị liên quan thực hiện công tác xử lý sự cố cáp ngầm, PCAG đang phối hợp với các sở ngành, địa phương liên quan triển khai xây dựng tạm đoạn đường dây trên không, với khoảng 5 trụ (tính từ trụ đấu nối cáp ngầm tiếp bờ hiện hữu) đến vị trí điểm sự cố.
Hiện tại các vật tư, máy móc, thiết bị đã được tập kết tại hiện trường, các lực lượng thi công cũng đang gấp rút triển khai thi công đoạn tuyến trên không này. Dự kiến sẽ hoàn thành đoạn đường dây tạm và đóng điện trước ngày 7/12.
Về việc nối cáp ngầm 110kV, EVNSPC cho biết sẽ phối hợp Công ty TNHH Xây dựng điện Thái Dương và các đơn vị liên quan thực hiện cắt bỏ đoạn cáp bị sự cố, nối lại bằng 2 mối nối. Tuy nhiên, chất lượng vật tư, thiết bị phụ kiện dự phòng của cáp ngầm Hà Tiên - Phú Quốc hiện không đảm bảo vì thời gian lưu kho quá lâu, trên 10 năm. Vì vậy EVNSPC sẽ mua sắm các vật tư, thiết bị phụ kiện để thực hiện công tác đấu nối này để trả lại như ban đầu, dự kiến khoảng 4-5 tháng mới có hàng.
Để khắc phục tình trạng 2 đường dây cấp điện cho đặc khu Phú Quốc chưa được liên kết mạch vòng, EVNSPC đã triển khai các công trình đường dây 110kV Phú Quốc - Bắc Phú Quốc, đường dây 110kV Phú Quốc - Nam Phú Quốc và trạm biến áp 220kV Phú Quốc. Tuy nhiên, thời gian qua các công trình này gặp rất nhiều khó khăn trong công tác bồi thường giải phóng mặt bằng, đã ảnh hưởng đến kế hoạch, phương án cung cấp điện cho đặc khu như trường hợp sự cố tuyến cáp ngầm 110kV Hà Tiên - Phú Quốc.
Tình hình trên khiến việc cung cấp điện gặp nhiều trở ngại, nhất là khi hội nghị APEC tại Phú Quốc sẽ diễn ra năm 2027."
https://tienphong.vn/ap-chuan-khi-thai-moi-luu-y-voi-chu-xe-khi-dang-kiem-post1801337.tpo,Áp chuẩn khí thải mới: Lưu ý với chủ xe khi đăng kiểm,"TPO - Tiêu chuẩn khí thải tăng và cách phân loại phương tiện chi tiết hơn khiến hệ thống đăng kiểm và người dân phải thay đổi cách tiếp cận. Ô tô phải tiến tới tuân thủ chuẩn khí thải Euro 5, xe máy tại Hà Nội và TPHCM dự kiến sẽ phải kiểm định khí thải từ năm 2027, đánh dấu bước ngoặt trong quản lý phương tiện cơ giới.","Mới đây, Thủ tướng ban hànhQuyết định 43/2025/QĐ-TTgngày 28/11, mở ra một giai đoạn chuyển đổi mạnh mẽ trong kiểm soát khí thải phương tiện giao thông.
Theo quyết định trên, tiêu chuẩn mức khí thải ô tô sẽ được nâng theo từng nhóm tuổi xe từ ngày 1/3/2026. Xe sản xuất trước 1999 áp dụng mức 1; xe sản xuất giai đoạn 1999 - 2016 áp dụng mức 2; còn xe từ 2017 - 2021 áp dụng mức 3. Riêng các xe ra đời năm 2017 - 2021 lưu hành tại Hà Nội và TPHCM sẽ phải đạt mức 4 từ năm 2027.
Với xe sản xuất từ 2022, tiêu chuẩn khí thải là mức 4 khi quy định có hiệu lực và nâng lên mức 5 từ năm 2032; riêng tại Hà Nội và TPHCM, xe sản xuất từ năm 2022 phải đạt mức 5 từ năm 2028. Từ năm 2029, mọi ô tô lưu thông tạiHà Nội và TPHCMbắt buộc đáp ứng tiêu chuẩn khí thải từ mức 2 trở lên.
Trao đổi vớiPV Tiền Phong, chuyên gia củaCục Đăng kiểm Việt Nam(Bộ Xây dựng) cho biết, lộ trình mới tập trung vào việc siết tiêu chuẩn khí thải và chia nhóm phương tiện rõ ràng hơn thay vì mở rộng thêm đối tượng quản lý. Nếu như trước đây xe chỉ được đánh giá ở hai trạng thái “đạt” hoặc “không đạt”, thì hệ thống mới buộc phải phân định theo nhiều lớp khác nhau, từ năm sản xuất, vùng áp dụng đến mức độ phù hợp kỹ thuật của từng loại xe.
Theo đó, những mẫu ô tô cũ sản xuất trước 1999 vẫn được áp dụng mức tiêu chuẩn thấp như trước, còn xe đời mới phải đáp ứng mức cao hơn. Cách phân định theo “đẳng cấp kỹ thuật” giúp cơ quan quản lýtránh tình trạng đánh đồng giữa xe mới và xe cũ, đồng thời tạo điều kiện để các đô thị lớn như Hà Nội hay TPHCM đưa ra yêu cầu khắt khe hơn, nhằm giảm phát thải trong khu vực nội đô.
Sự phân nhóm phức tạp cũng kéo theo yêu cầu thay đổi toàn bộ hệ thống cung cấp thông tin. Các trung tâm đăng kiểm nay phải thể hiện nhiều cấp độ đạt chuẩn, thay vì chỉ đóng dấu một kết quả duy nhất. Tem kiểm định khí thải cũng cần thể hiện rõ mức độ phù hợp của phương tiện theo từng nhóm được phân loại.
Trong khi năng lực kiểm định cơ bản đã sẵn có, chuyên gia đăng kiểm cho rằng, việc triển khai Quyết định 43/2025/QĐ-TTg vẫn đòi hỏi nhiều điều chỉnh, đặc biệt là ở khung pháp lý và hạ tầng quản trị dữ liệu. Các văn bản hướng dẫn thi hànhcần sớm được ban hànhđể thống nhất quy trình kiểm tra, còn phần mềm quản lý buộc phải được nâng cấp để xử lý dữ liệu đa chiều thay cho cơ chế kiểm tra “một chiều” trước đây.
Với chủ xe, câu chuyện trở nên đơn giản hơn khi nếu phương tiện không đạt chuẩn, việc khắc phục là bắt buộc. Chuyên gia đăng kiểm nhấn mạnh, việc bảo dưỡng và sửa chữa định kỳ sẽ đóng vai trò then chốt, giúp xe duy trì trạng thái vận hành tốt theo tiêu chuẩn tương ứng khi được sản xuất. Việcbảo dưỡngphải chặt chẽ hơn để không bị đánh trượt khi quy định trở nên nghiêm ngặt.
Không chỉ ô tô, lộ trình kiểm soát khí thải với mô tô và xe gắn máy cũng được điều chỉnh theo hướng siết chặt. Hiện tại, tiêu chuẩn về khí thải mô tô đang ở mức Euro 3, xe gắn máy ở mức Euro 2, trong khi ô tô đã áp dụng Euro 5. Từ ngày 1/7/2026, tiêu chuẩn khí thải cho xe máy mới sẽ được nâng lên mức Euro 4, trong khi tiêu chuẩn với ô tô vẫn giữ nguyên. Đối với xe đang lưu hành, bộ tiêu chuẩn áp dụng vẫn đang được Bộ Nông nghiệp và Môi trường hoàn thiện dự thảo.
Liên quan đến việckiểm soát khí thải xe máy, vừa qua Văn phòng Chính phủ đã truyền đạt chỉ đạo của Phó thủ tướng Trần Hồng Hà, yêu cầu rà soát kỹ dự thảo quy định về lộ trình kiểm soát khí thải.
Theo Bộ Nông nghiệp và Môi trường, Việt Nam hiện mới áp dụng tiêu chuẩn khí thải xe máy theo hướng tự nguyện, chưa có quy chuẩn mang tính bắt buộc, trong khi cả nước có hơn 74,3 triệu xe máy và 6,3 triệu ô tô tính đến cuối năm 2023 - nguồn phát thải chiếm tỷ trọng lớn gây ô nhiễm không khí đô thị.
Theo đề xuất mới, xe máy tại Hà Nội và TPHCM sẽ phải kiểm định khí thải từ tháng 7/2027 và đến 2028 phải đạt mức 2, trong đó, khí CO không vượt 4,5% và HC ở động cơ bốn kỳ không vượt 1.200 ppm. Các đô thị lớn như Hải Phòng, Đà Nẵng, Cần Thơ và Huế sẽ triển khai muộn hơn, từ tháng 7/2028.
Các bộ, ngành liên quan được yêu cầu làm rõ tính pháp lý của việc đưa ralộ trình trong khi quy chuẩn kỹ thuật quốc giadành cho xe máy chưa được ban hành, đồng thời phải chuẩn bị giải pháp kiểm tra - chứng nhận phù hợp. Một trong những trọng tâm cần phân tích là tác động của chính sách đối với người dân và doanh nghiệp tại hai đô thị lớn."
https://tienphong.vn/phe-duyet-danh-muc-cac-du-an-nang-luong-trong-diem-post1801416.tpo,Phê duyệt danh mục các dự án năng lượng trọng điểm,"TPO - Phó Thủ tướng Bùi Thanh Sơn vừa ký quyết định phê duyệt danh mục các dự án trọng điểm ngành năng lượng thuộc phạm vi chỉ đạo của Ban Chỉ đạo Nhà nước các chương trình, công trình, dự án quan trọng quốc gia, trọng điểm ngành năng lượng trong giai đoạn tới.","Danh mục lần này có quy mô lớn nhất từ trước đến nay, bao trùm hầu hết các khâu từ phát điện, truyền tải, nhập khẩu điện, đến hạ tầng khí - LNG và lọc hóa dầu.
Ở nhóm nguồn điện, danh mục ghi nhận có 32 dự án, trong đó có 21dự án nhà máy nhiệt điệnvới tổng công suất hàng chục nghìn MW, phân bố từ Quảng Ninh, Thái Bình, Hải Phòng, Thanh Hóa, Hà Tĩnh, Quảng Trị đến Khánh Hòa, Cà Mau và Long An. Điển hình như dự án LNG Quảng Ninh 1.500 MW, cụm LNG Hải Phòng 3.200 MW, LNG Bạc Liêu 3.200 MW hay chuỗi LNG Long An 3.000 MW.
Hai dự án điện hạt nhân Ninh Thuận 1 và Ninh Thuận 2 với công suất từ 4.000 MW - 6.400 MW cũng nằm trong diện chỉ đạo của Ban Chỉ đạo Nhà nước các chương trình, công trình, dự án quan trọng quốc gia, trọng điểm ngành năng lượng.
Ngoài ra, các dự án thủy điện cũng được chú trọng với 9 dự án mở rộng và thủy điện tích năng, trong đó có những dự án quy mô lớn như Tích năng Bắc Ái 1.200 MW, Đơn Dương mở rộng 600 MW hay Trị An mở rộng 200 MW.
Đặc biệt, danh mục gió ngoài khơi - lĩnh vực được coi là động lực tăng trưởng mới của ngành điện trong giai đoạn tới cũng có 4 cụm được đưa vào diện theo dõi, chỉ đạo, trong đó ba cụm Nam Trung bộ I-II-III có quy mô 2.000 MW, 5.000 MW và 3.000 MW; cùng một cụm dành cho xuất khẩu điện sang Singapore và Malaysia cũng ở mức 3.000 MW. Đây là bước đi quan trọng giúp Việt Nam tham gia sâu hơn vào chuỗi cung ứng năng lượng xanh khu vực.
Song song với nguồn điện là hệ thống kho LNG và chuỗi khí - điện, gồm 7 dự án kho LNG và 3 dự án trong chuỗi khí - điện - LNG. Những dự án này tạo nền tảng hạ tầng để các tổ hợp điện khí hoạt động ổn định, đồng thời giảm phụ thuộc vào nhiên liệu nhập khẩu dạng truyền thống.
Khối lượng đầu tư lớn nhất nằm ở hệ thống truyền tải. Danh mục ghi nhận khoảng 30 dự án đường dây và trạm biến áp 220-500 kV, trong đó nhiều dự án then chốt phục vụ giải tỏa công suất và tăng cường kết nối nguồn - tải giữa Bắc - Trung - Nam. Các tuyến đường dây 500 kV Sơn La - Sơn Tây; Sơn Tây - Đan Phượng - Ninh Bình; Điện Biên - Lào Cai; hay Quảng Trạch - Đốc Sỏi… đều được lên kế hoạch triển khai giai đoạn 2025-2030.
Một điểm mới đáng chú ý là nhómcác dự án phục vụ nhập khẩu điện, với7 dự án kết nối sang Trung Quốcvà3 dự án kết nối sang Lào. Các TBA 220-500 kV tại Quảng Ninh, Lào Cai, Quảng Trị… sẽ là cửa ngõ quan trọng giúp Việt Nam tận dụng nguồn điện khung giờ thấp điểm và bổ sung dự phòng hệ thống."
https://tienphong.vn/nguoi-tieu-dung-ban-khoan-ve-gia-xang-e10-post1801301.tpo,Người tiêu dùng băn khoăn về giá xăng E10,"TPO - Sau 4 tháng thí điểm kinh doanh xăng E10, tín hiệu thị trường bước đầu đã xuất hiện khi người tiêu dùng bắt đầu đổ E10 nhiều hơn. Tuy nhiên, sự đón nhận còn đi kèm tâm lý thận trọng.","Băn khoăn về giá
Theo bảng giá hiện hành, tại các cửa hàng của Tập đoàn Xăng dầu Việt Nam (Petrolimex) và Tổng Công ty Dầu Việt Nam (PVOIL), xăng E10 đang được bán ở mức 19.650 đồng/lít (vùng 1) và 20.040 đồng/lít (vùng 2). Trong khi đó, giá xăng RON 95 ở mức 20.480 đồng/lít (vùng 1) và E5 RON 92 ở mức 19.280 đồng/lít.
Mức giá này cho thấy E10 đang nằm giữa E5 RON92 và RON95, nhưng khoảng chênh hiện tại vẫn quá nhỏ để tác động đến nhu cầu tiêu dùng.
Anh Trần Tiến Hùng (ở Thanh Xuân, TP. Hà Nội) cho biết đã nhiều lần thử đổxăng E10và nhận thấy xe vận hành bình thường. Tuy nhiên, mức chênh vài trăm đồng chưa đủ để thuyết phục. “E10 phải rẻ đến mức khiến người mua thấy lợi ích ngay khi cầm hóa đơn. Chỉ cần mỗi tháng tiết kiệm thêm vài trăm nghìn đồng thì người dân sẽ tự chuyển đổi”, anh Hùng chia sẻ.
Một số người tiêu dùng khác cũng cho rằng, họ muốn tiết kiệm nhưng không muốn cảm giác “đánh đổi chất lượng lấy giá”. Còn nếu chênh lệch chỉ 300-500 đồng/lít tâm lý chung sẽ là dùng loại quen thuộc cho yên tâm.
Trao đổi với PVTiền Phong, ông Lê Trung Hưng - Phó Tổng Giám đốc PVOIL - cho biết, PVOIL đã triển khai bán E10 từ đầu tháng 8, bắt đầu từ Hà Nội, Hải Phòng rồi mở rộng đến Đà Nẵng, Quảng Ngãi, TPHCM, Thanh Hóa… Các cửa hàng đã thuần thục công tác xúc rửa bồn bể, bảo đảm hạ tầng kỹ thuật. Kho pha chế của PVOIL đã được Ủy ban Tiêu chuẩn quốc gia cấp giấy chứng nhận, quy trình kiểm tra, đánh giá và thử nghiệm chặt chẽ.
Theo ông Hưng, qua thời gian thí điểm, các cửa hàng trong hệ thống đều nhận thấy sản lượng tiêu thụ E10 tăng khoảng 10% mỗi tháng, điều này cho thấy tín hiệu tích cực từ thị trường.
“Vấn đề quan tâm nhất hiện tại là giá xăng E10. Mặt hàng này đắt hơn RON92 một chút và rẻ hơn RON95 một chút nên chưa tạo động lực mạnh để người dân chuyển dịch”, ông Hưng chia sẻ.
Lãnh đạo PVOIL khẳng định, đến nay hạ tầng pha chế của PVOIL đã hoàn thiện 100% và đã sẵn sàng cho triển khai đại trà từ 1/6/2026. Sản lượng pha chế có thể đáp ứng toàn bộ hệ thống PVOIL và thậm chí hỗ trợ cho các đầu mối khác khi có nhu cầu.
Lãnh đạo Tập đoàn Petrolimex cho biết, sau 4 tháng thí điểm E10 tại 40 cửa hàng ở TPHCM và Quảng Ngãi, sản lượng tiêu thụ bình quân đạt 50 m³/ngày, và E10 càng rẻ bao nhiêu, thị trường càng tự chuyển dịch bấy nhiêu.
Để bảo đảm nguồn cung ethanol, Petrolimex đã làm việc với nhiều nhà cung cấp trong và ngoài nước; hai nhà máy ethanol trong nước mới đáp ứng 20-30% nhu cầu, phần còn lại nhập khẩu từ Mỹ, Hàn Quốc, Singapore và Philippines. Petrolimex hiện vận hành 7 kho phối trộn sinh học công suất 6-6,1 triệu m³/năm và đang tiếp tục nâng cấp cơ sở vật chất để sẵn sàng cho giai đoạn chuyển đổi toàn thị trường.
Dù vậy, đại diện Petrolimex chỉ ra thách thức cốt lõi: Nguồn xăng nền đạt tiêu chuẩn hàm lượng oxy bằng 0 trong nước mới đáp ứng 60%, phần còn lại nhập khẩu với chi phí cao, khiến giá thành E10 sau phối trộn bị đội lên. Petrolimex cũng kiến nghị Nhà nước điều chỉnh quy chuẩn QCVN 01:2022/BKHCN, đặc biệt về chỉ tiêu hàm lượng oxy, nhằm phù hợp với thực tế cung ứng trong nước.
Cần sự đón nhận của thị trường
Phía doanh nghiệp tư nhân, lo ngại không nằm ở kỹ thuật mà ở khả năng sinh lời. Chủ một doanh nghiệp phân phối tại Hà Nội cho biết, hiện chi phí nâng cấp bồn bể, đường ống, thiết bị phối trộn, kiểm định để bánxăng E10đều tốn kém. Các doanh nghiệp phải đầu tư khoản không nhỏ trong khi chưa có cơ chế hỗ trợ rõ ràng. Vì thế, khối doanh nghiệp tư nhân hầu như chưa bán E10, trong khi PVOIL và Petrolimex duy trì bán theo yêu cầu quản lý nhà nước.
“Nếu không có chính sách đủ hấp dẫn để doanh nghiệp kinh doanh có lãi, việc bán xăng E10 sẽ gặp điểm nghẽn khi triển khai toàn quốc. Việc triển khai chỉ hiệu quả khi thị trường đón nhận một cách tích cực từ cả người bán, người mua chứ không phải bằng mệnh lệnh hành chính”, đại diện doanh nghiệp nói.
Trao đổi với PVTiền Phong, chuyên gia kinh tế Ngô Trí Long cho rằng, để E10 thật sự đi vào đời sống, chính sách không thể dừng ở khẩu hiệu hay vận động tuyên truyền, mà phải chạm đúng động cơ kinh tế của người tiêu dùng và doanh nghiệp.
Theo ông Long, 6 tháng đầu năm 2026 sẽ là giai đoạn bản lề, khi xăng khoáng RON 95 và E10 cùng tồn tại song hành. Trong giai đoạn này, giá E10 phải tạo ra “khoảng chênh mục tiêu” ở mức 1.000-1.500 đồng/lít so với xăng khoáng tương đương, để người dân nhìn thấy lợi ích ngay trên hóa đơn thanh toán. Con số hiện tại chỉ khoảng hơn 700 đồng/lít chưa đủ để thay đổi hành vi tiêu dùng. Khoảng chênh mong muốn có thể đạt được thông qua việc phối hợp nhịp nhàng các công cụ thuế, quỹ bình ổn và khi điều kiện chín muồi.
Cũng theo ông Long, rào cản lớn nhất của xăng E10 không nằm ở kỹ thuật, mà ở tâm lý. “Muốn người dân an tâm, phải có cam kết bảo hành của hãng xe và doanh nghiệp xăng dầu; ghi nhãn, trị số octan và truy xuất QR minh bạch; danh sách xe tương thích công bố công khai để người dân không cảm thấy bị ép dùng”, ông Long nói.
Ngoài ra, việc phủ sóng điểm bán cũng quan trọng không kém giá cả và tâm lý. E10 phải xuất hiện ở mọi cửa hàng đủ điều kiện, với tỷ lệ trụ bơm tối thiểu tại mỗi trạm. Đặc biệt, cần duy trì lựa chọn RON95-E10 cho các dòng xe yêu cầu RON95 để tránh tâm lý “bị hạ chuẩn”.
Ông Long nhấn mạnh thêm, ethanol là mắt xích quyết định nên chính sách thuế phải mang tính sống còn. Nếu ethanol thiếu ổn định về giá hoặc thuế cao, E10 sẽ không thể rẻ hơn RON 95. Thuế ethanol cùng ưu đãi cho doanh nghiệp phân phối và vùng nguyên liệu mía, sắn phải được duy trì tối thiểu 5-7 năm để doanh nghiệp dám mở rộng đầu tư, nông dân yên tâm sản xuất và hạ tầng được hoàn thiện đồng bộ"
https://tienphong.vn/viet-nam-hut-khach-trung-quoc-quet-ma-qr-tu-hom-nay-post1801211.tpo,Việt Nam 'hút' khách Trung Quốc quét mã QR từ hôm nay,"TPO - Ông Phạm Anh Tuấn - Vụ trưởng Vụ Thanh toán, Ngân hàng Nhà nước - cho biết, việc kết nối thanh toán xuyên biên giới qua mã QR mang lại tiện ích thanh toán bằng đồng bản tệ cho du khách Trung Quốc khi đến Việt Nam và ngược lại, góp phần thúc đẩy thanh toán không dùng tiền mặt ở 2 quốc gia.","Ngày 2/12 diễn ra Lễ công bố kết nối thanh toán bán lẻ song phương quamã QR giữa Việt Nam - Trung Quốc.Sự kiện đánh dấu bước tiến quan trọng trong tiến trình kết nối liên thông hệ thống thanh toán giữa hai quốc gia, mở ra cơ hội thúc đẩy thanh toán xuyên biên giới an toàn, liền mạch, đồng thời góp phần tăng cường giao lưu thương mại, du lịch giữa Việt Nam - Trung Quốc.
Ông Phạm Anh Tuấn - Vụ trưởng Vụ Thanh toán - cho biết, việc hợp tác kết nối thanh toán bán lẻ song phương thành công với các quốc gia đã góp phần thúc đẩy giao thương, du lịch giữa Việt Nam và các quốc gia hợp tác. Dự án kết nối thanh toán bán lẻ xuyên biên giới giữa Việt Nam và Trung Quốc là một trong những dự án kết nối được chờ đợi nhất trong năm nay, và trong những tháng cuối cùng trước khi kết thúc năm 2025 chiềuVietnam inboundvà dự kiến sớm triển khai chiều Vietnam outbound cho khách hàng Việt Nam khi đến Trung Quốc vào quý I/2026.
Theo ông Tuấn, trong 9 tháng đầu năm, Việt Nam đón trên 15,4 triệu lượt khách quốc tế tăng 21,5% so với cùng kỳ năm 2024, trong đóTrung Quốc là thị trường dẫn đầu gửi khách lớn nhất đến Việt Namvới gần 3,9 triệu lượt khách, tăng 43,9% so với cùng kỳ.
Với những con số ấn tượng nêu trên, việc kết nối thanh toán xuyên biên giới qua mã QR giữa Việt Nam và Trung Quốc hứa hẹn sẽ mang lại tiện ích thanh toán bằng đồng bản tệ vô cùng lớn cho các du khách Trung Quốc khi đến Việt Nam cũng như du khách Việt Nam khi tới Trung Quốc, góp phần vào mục tiêu thúc đẩy thanh toán không dùng tiền mặt của cả hai quốc gia.
""Chúng ta có thể hình dung viễn cảnh hàng triệu du khách Việt Nam dùng ứng dụng ngân hàng của chính mình quét mã QR tại Trung Quốc để thanh toán một cách nhanh chóng và ngược lại. Điều này không chỉ mang lại sự tiện lợi, an toàn trong thanh toán mà còn thúc đẩy sự phát triển kinh tế, hợp tác giao lưu nhân dân của hai quốc gia"", ông Tuấn nói.
Ông Nguyễn Quang Minh - Tổng Giám đốc NAPAS - chia sẻ: ""Chúng tôi đã chủ động tăng cường kết nối quốc tế để triển khai giải pháp thanh toán xuyên biên giới giữa Việt Nam và các quốc gia trong khu vực. Việc kết nối thanh toán bán lẻ song phương qua mã QR giữa Việt Nam và Trung Quốc là thành quả của sự hợp tác chặt chẽ giữa NAPAS, UPI và các ngân hàng"".
Ông Larry Wang - Phó chủ tịch kiêm Tổng Giám đốc UnionPay International (CEO) - cho biết: ""Trong suốt hai thập kỷ qua, UnionPay đã đẩy mạnh phát triển sâu rộng tại thị trường Việt Nam và thiết lập mạng lưới dịch vụ thanh toán có độ phủ rộng.
Dự án kết nối mãQR xuyên biên giớinày tận dụng cơ chế thanh toán bằng đồng nội tệ nhằm thúc đẩy tiến trình quốc tế hóa đồng Nhân dân tệ (RMB). Việc tối ưu hóa trải nghiệm thanh toán xuyên biên giới sẽ tạo điều kiện thuận lợi hơn nữa cho các hoạt động giao lưu kinh tế, thương mại cũng như giao lưu nhân dân giữa hai nước Trung Quốc và Việt Nam""."
https://tienphong.vn/metro-nhon-ga-ha-noi-trien-khai-ve-dien-tu-thong-minh-tu-hom-nay-post1809572.tpo,Metro Nhổn - ga Hà Nội triển khai vé điện tử thông minh từ hôm nay,"TPO - Từ sáng nay (1/1), tuyến đường sắt đô thị (metro) Nhổn - ga Hà Nội triển khai thử nghiệm hệ thống cổng soát vé điện tử định danh, xác thực điện tử (thanh toán vé đi tàu bằng mã QR hoặc thẻ ngân hàng), thay cho việc dùng tiền mặt và vé cứng.","Cụ thể, Công ty Hanoi Metro (đơn vị quản lý vận hành) cho biết, từ ngày 1/01/2026, Hà Nội Metro triển khai vận hành thử nghiệm hệ thống cổng soát vé định danh, xác thực điện tử và nhận diện sinh trắc học trên 08 nhà ga thuộc tuyến 3.1 Nhổn - Ga Hà Nội.
“Trong thời gian này, hành khách sử dụng nhiều hình thức vé khác nhau: Vé lượt (mua trên ứng dụng Hà Nội Metro và tại quầy bán vé), vé theo thời gian (vé ngày, vé tuần, vé tháng), thẻ Visa, thẻ căn cước/CCCD gắn chip (đối với hành khách trên 60 tuổi) và các phương thức thanh toán điện tử khác (Momo, Shopee Pay, Apple Pay, Samsung pay,…)” - Hanoi Metro thông tin.
Việc thực hiện thử nghiệm sẽ diễn ra đến ngày 15/1. Trong thời gian thử nghiệm, khách hàng sẽ được Hà Nội Metro và các đối tác tài trợ toàn bộ vé lượt khi mua tại ứng dụng Hà Nội Metro (không áp dụng với vé lượt mua tại quầy vé).
Ngoài ra, hành khách sử dụng thẻ Visa để đi lại trên tuyến 3.1 Nhổn - ga Hà Nội được VISA tài trợ toàn bộ tiền vé đến hết ngày 28/2/2026 (hoặc đến khi hết ngân sách của nhà tài trợ). Trong thời gian này, tuyến 3.1 Nhổn - Ga Hà Nội vẫn tiếp tục duy trì vận hành song song hệ thống cổng soát vé cũ nhằm đảm bảo duy trì phục vụ hành khách thông suốt trong quá trình chuyển đổi.
Dự kiến đến ngày 31/1, Hà Nội Metro sẽ hoàn thành toàn bộ công tác nâng cấp các cổng soát vé, trung tâm dữ liệu và triển khai phần mềm quản lý hệ thống vé trên tuyến 3.1 Nhổn - Ga Hà Nội, và dự kiến đưa vào vận hành đồng bộ toàn hệ thống của 2 tuyến (Cát Linh - Hà Đông và Nhổn - Ga Hà Nội) trong tháng 02 năm 2026. Hà Nội Metro khuyến cáo hành khách trên tuyến 3.1 có thể thử nghiệm chuyển đổi sang hệ thống mới từ thời điểm hiện tại và sẵn sàng sử dụng khi 100% cổng soát vé trên tuyến được nâng cấp.
Hanoi Metro đánh giá, việc tiếp tục triển khai hệ thống kiểm soát vé thông minh trên tuyến 3.1 không chỉ kế thừa những kết quả tích cực từ tuyến 2A, mà còn là bước đi quan trọng trong lộ trình hiện đại hóa hạ tầng vận hành đường sắt đô thị, nâng cao trải nghiệm đi lại An toàn - Thuận tiện - Thân thiện môi trường cho hành khách, đồng thời góp phần xây dựng hệ thống giao thông công cộng thông minh."
https://tienphong.vn/lap-ban-chi-dao-trien-khai-du-an-duong-sat-toc-do-cao-bac-nam-post1809627.tpo,Lập Ban Chỉ đạo triển khai dự án đường sắt tốc độ cao Bắc - Nam,"TPO - Bộ Xây dựng thành lập Ban Chỉ đạo, hoàn thiện cơ chế đặc thù và tiến độ chi tiết nhằm tạo cơ sở chuẩn bị khởi công dự án đường sắt tốc độ cao Bắc - Nam vào cuối năm nay.","Bộ trưởng Bộ Xây dựng Trần Hồng Minh vừa ký quyết định thành lập Ban Chỉ đạo của Bộ Xây dựng triển khai dự án đường sắt tốc độ cao (ĐSTĐC)Bắc - Nam.
Theo quyết định, Ban Chỉ đạo ĐSTĐC Bắc - Nam do Bộ trưởng Trần Hồng Minh làm Trưởng ban; các Phó Trưởng ban gồm các Thứ trưởng Bộ Xây dựng, cùng sự tham gia của lãnh đạo các vụ, cục chuyên môn, Ban Quản lý dự án và Tổng Công ty Đường sắt Việt Nam.
Ban Chỉ đạo có nhiệm vụ chỉ đạo xuyên suốt, bảo đảm tiến độ, chất lượng và sự đồng bộ trong triển khai dự án đường sắt tốc độ cao Bắc - Nam, từ công tác thể chế, chuẩn bị đầu tư đến tổ chức thực hiện.
Quyết định này tạo nền tảng tổ chức để hiện thực hóa chủ trương đầu tư đã được Quốc hội thông qua, thể hiện quyết tâm chính trị cao trong việc đưadự án đường sắt tốc độ cao Bắc - Namtừ quy hoạch sang giai đoạn triển khai thực chất.
Trước đó, theo thông báo kết luận củaBộ trưởng Trần Hồng Minhtại cuộc họp kiểm điểm tình hình triển khai dự án đường sắt tốc độ cao Bắc - Nam và dự án đầu tư xây dựng tuyến đường sắt Lào Cai - Hà Nội - Hải Phòng, thì Cục Kinh tế - Quản lý đầu tư xây dựng được giao chủ trì, phối hợp cùng chủ đầu tư xây dựng tiến độ chi tiết, bảo đảm điều kiện khởi công dự án đường sắt tốc độ cao Bắc - Nam vào cuối năm nay, trong đó nhấn mạnh việc vận dụng tối đa các cơ chế đặc thù để sớm lựa chọn tư vấn lập Báo cáo nghiên cứu khả thi.
Bộ Xây dựng cũng yêu cầu các đơn vị trực thuộc tham mưu thành lập các Ban Chỉ đạo chuyên trách để triển khai các dự ánđường sắt quốc gia, qua đó tăng cường năng lực điều hành, giám sát và xử lý kịp thời các vấn đề phát sinh.
Theo Bộ Xây dựng, dự án đường sắt tốc độ cao Bắc - Nam có tổng chiều dài khoảng 1.541 km, điểm đầu tại ga Ngọc Hồi (Hà Nội), điểm cuối tại ga Thủ Thiêm (TPHCM), đi qua 20 tỉnh, thành phố; sau khi sắp xếp đơn vị hành chính, còn 15 địa phương.
Quy mô dự án gồm 23 ga, trong đó có 5 ga hàng hóa; nhu cầu sử dụng đất sơ bộ gần 10.830 ha, dự kiến hơn 120.800 hộ dân phải tái định cư. Tổng mức đầu tư sơ bộ khoảng1,71 triệu tỷ đồng(tương đương 67,3 tỷ USD), sử dụng vốn ngân sách nhà nước và các nguồn hợp pháp khác. Dự án phấn đấu cơ bản hoàn thành vào năm 2035.
Tại Hội nghị tổng kết công tác năm 2025 và triển khai nhiệm vụ năm 2026 của Bộ Xây dựng diễn ra ngày 21/12/2025, Thủ tướng Phạm Minh Chính nhấn mạnh đường sắt tốc độ cao Bắc - Nam là nhiệm vụ đặc biệt quan trọng, yêu cầu sớm làm rõ phương thức đầu tư để triển khai quyết liệt ngay trong tháng 1/2026. Theo Thủ tướng, dự án không chỉ mang ý nghĩa về giao thông, mà còn tạo động lực mới cho phát triển kinh tế - xã hội, đồng thời góp phần tái cấu trúc hệ thống vận tải quốc gia theo hướng hiện đại, bền vững."
https://tienphong.vn/phu-tho-quy-hoach-8-khu-cong-nghiep-theo-mo-hinh-kieu-mau-thong-minh-post1809590.tpo,"Phú Thọ quy hoạch 8 khu công nghiệp theo mô hình kiểu mẫu, thông minh","TPO - Tỉnh Phú Thọ định hướng quy hoạch 8 khu công nghiệp theo mô hình kiểu mẫu, đồng bộ, hiện đại, thông minh, gắn hạ tầng xanh - công nghệ cao - an sinh xã hội, tạo nền tảng thu hút các nhà đầu tư chiến lược và phát triển bền vững.","Chủ tịch UBNDtỉnh Phú ThọTrần Duy Đông vừa chủ trì hội nghị nghe Ban Quản lý cáckhu công nghiệptỉnh báo cáo thẩm định quy hoạch phân khu 8 khu công nghiệp trên địa bàn. Đây được xem là bước đi quan trọng nhằm nâng tầm tư duy quy hoạch, tạo nền tảng hình thành các khu công nghiệp kiểu mẫu, hiện đại, đủ sức cạnh tranh trong thu hút dòng vốn đầu tư lớn, đặc biệt là công nghiệp công nghệ cao.
Ban Quản lý các khu công nghiệp tỉnh đã báo cáo chi tiết 8 đồ án quy hoạch phân khu với tổng diện tích hàng nghìn héc-ta, phân bố tại nhiều địa phương, gồm các khu công nghiệp đa ngành và khu công nghiệp công nghệ cao. Các đồ án đều được lập bởi đơn vị tư vấn có đủ năng lực, thực hiện theo đúng quy định pháp luật về đấu thầu, quy hoạch và đã lấy ý kiến đầy đủ của các sở, ngành, địa phương và cộng đồng dân cư liên quan.
Theo Ban Quản lý các khu công nghiệp tỉnh, quá trình lập quy hoạch được rà soát chặt chẽ về pháp lý, bảo đảm sự thống nhất với các quy hoạch cấp trên. Đối với các khu công nghiệp có quy mô lớn, hoặc điều chỉnh diện tích, hồ sơ đều được tham mưu xin ý kiến các bộ, ngành Trung ương theo đúng trình tự. Trên cơ sở ý kiến góp ý, các đồ án đã được tiếp thu, hoàn thiện và tổ chức thẩm định theo quy định.
Về nội dung, các đồ ánquy hoạchđã xác định rõ chức năng sử dụng từng ô đất, tổ chức không gian kiến trúc, cảnh quan, các chỉ tiêu sử dụng đất, quy mô lao động, đồng thời tính toán đồng bộ hệ thống hạ tầng kỹ thuật trong và ngoài hàng rào khu công nghiệp. Các yếu tố môi trường, phòng cháy chữa cháy, an ninh, thoát nước, xử lý nước thải đều được đưa vào quy hoạch ngay từ đầu.
Đáng chú ý, quy hoạch cũng gắn phát triển khu công nghiệp với an sinh xã hội, khi đánh giá, bố trí quỹ đất nhà ở xã hội, khu tái định cư trên cơ sở dự báo nhu cầu lao động, bảo đảm ổn định đời sống người dân bị ảnh hưởng bởi giải phóng mặt bằng.
Các sở, ngành và địa phương cơ bản thống nhất với nội dung các đồ án, đồng thời đề nghị tiếp tục rà soát những khu vực đông dân cư, vùng có mặt nước lớn để có phương án giải phóng mặt bằng, phòng chống ngập úng phù hợp; tăng tỷ lệ cây xanh, hạn chế phá vỡ cảnh quan, bảo đảm tiêu chí khucông nghiệp xanh, thân thiện môi trường; tính toán kỹ hạ tầng giao thông kết nối và các công trình kỹ thuật thiết yếu.
Chủ tịch UBND tỉnh Phú Thọ Trần Duy Đông nhấn mạnh yêu cầu “nâng tầm tư duy” trong quy hoạch và đầu tư hạ tầngkhu công nghiệp. Theo đó, các khu công nghiệp phải được định hướng theo mô hình kiểu mẫu, đồng bộ, hiện đại và thông minh, với hệ thống giao thông nội khu quy mô lớn, hạ tầng kỹ thuật ngầm, hạ tầng xanh, sử dụng năng lượng tái tạo, đặc biệt là điện mặt trời.
Chủ tịch UBND tỉnh Phú Thọ yêu cầu quy hoạch cần tính đến xây dựng các nhà xưởng linh hoạt, có cả mô hình cao tầng, đầu tư trạm biến áp công suất lớn cho các khu công nghệ cao, hệ thống xử lý nước thải phù hợp với từng ngành nghề; ưu tiên thu hút các lĩnh vựccông nghệ cao, bán dẫn, công nghiệp sạch. Bên cạnh đó, các cấp, ngành và địa phương cần đẩy mạnh tuyên truyền, tạo sự đồng thuận của người dân trong công tác giải phóng mặt bằng, tái định cư, hướng tới mục tiêu hình thành các khu công nghiệp kiểu mẫu, đủ sức hấp dẫn các nhà đầu tư chiến lược, tạo động lực tăng trưởng bền vững cho tỉnh trong giai đoạn tới."
https://tienphong.vn/con-duong-bat-buoc-phai-di-voi-lua-gao-viet-nam-post1809301.tpo,Con đường bắt buộc phải đi với lúa gạo Việt Nam,"TPO - Các chuyên gia cùng chung nhận định, Đề án 1 triệu ha lúa chất lượng cao, phát thải thấp là chủ trương đúng, con đường phải đi, không có con đường nào khác cho lúa gạo vùng đồng bằng sông Cửu Long và Việt Nam. Qua đó để cải thiện hiệu quả, thu nhập, giải quyết các vấn đề môi trường.","Con đường phải đi
Hiệp hội Ngành hàng lúa gạoViệt Nam (VIETRISA) vừa tổ chức tọa đàm tại Cần Thơ về Đề án 1 triệu ha lúa chất lượng cao, phát thải thấp.
Chia sẻ tại tọa đàm, ông Trần Chí Hùng - Phó Chủ tịch UBND TP. Cần Thơ - cho rằng, Đề ánPhát triển 1 triệu ha lúa chất lượng cao phát thải thấptại vùng ĐBSCL thể hiện tầm nhìn chiến lược của Chính phủ trong tái cơ cấu ngành lúa gạo. Hướng tới ngành lúa gạo chất lượng - giá trị - bền vững - thích ứng với biến đổi khí hậu, giảm phát thải khí nhà kính.
Theo ông Hùng, Cần Thơ được chọn thí điểm Đề án từ năm 2024. Kết quả thí điểm đề án cho thấy, thành công chỉ đạt được khi có sự đồng hành tham gia của tất cả các bên.""Trong bối cảnh biến đổi khí hậu, rủi ro thị trường ngày càng lớn, đòi hỏi phải xây dựng một hệ sinh thái lúa gạo chất lượng cao - phát thải thấp - gắn kết chuỗi giá trị. Qua đó vừa đạt yêu cầuvề kinh tế, vừa đạt cam kết quốc tế của Việt Nam. Cần Thơ sẽ tiếp tục hỗ trợ doanh nghiệp, hợp tác xã, nông dân trong đầu tư và phát triển chuỗi giá trị lúa gạo"", ông Hùng nói.
Ông Lê Thanh Tùng - Phó Chủ tịch, Tổng thư ký VIETRISA - cho biết, tháng 4/2025 VIETRISA đã ban hành quy chế tạm thời sử dụng nhãn hiệu “Gạo Việt xanhphát thải thấp”. Tới nay đã cấp chứng nhận quyền sử dụng nhãn hiệu cho 7 DN, lượng gạo được cấp nhãn hiệu đạt hơn 71.400 tấn. Lô hàng 500 tấn gạo mang nhãn hiệu này đã được xuất khẩu sang Nhật Bản hồi tháng 6/2025.
Ông Cao Đức Phát - nguyên Bộ trưởngBộ trưởng Bộ NN&PTNT- cho biết, Đề án 1 triệu ha lúa chất lượng cao, phát thải thấp là con đường phải đi, không có con đường nào khác cho lúa gạo vùng ĐBSCL và Việt Nam. Qua đó cải thiện hiệu quả, thu nhập, giải quyết các vấn đề môi trường, giảm phát thải. Các mô hình đã cho thấy hiệu quả, nhiều doanh nghiệp và người dân tham gia.
Theo ông Phát, các mô hình trồng lúa mới của Đề án cho thấy giá thành sản xuất thấp nhất và lợi nhuận cũng cao hơn. Quy trình kỹ thuật của Đề án là kết tinh của những thành tựu cao nhất về lúa gạo ở Việt Nam và trên thế giới, là quy trình giám sát, đo lường phát thải đầu tiên được ban hành.
Thời gian tới, ông Phát cho rằng cần tập trung đột phá về thị trường (đầu ra cho sản phẩm); đột phá về cơ chế phối hợp, sử dụng các nguồn lực hỗ trợ nông dân, doanh nghiệp, khoa học trong sản xuất; đột phá về nguồn lực, tài chính.
Chuyển từ 'làm nhiều’ sang ‘làm đúng’
Phó Chủ tịch Quốc hộiLê Minh Hoan cho biết, các mô hình lúa thí điểm vừa qua cho kết quả tốt. Các chi phí đầu vào giảm, doanh nghiệp đồng hành, chú trọng đo lường phát thải, truy xuất nguồn gốc, nhà khoa học lội bùn cùng bà con. Kết quả, hạt gạo Việt Nam bắt đầu định hình “danh tính xanh” trên thị trường quốc tế, gạo ngon và có trách nhiệm.
“Giá trị lớn nhất là sự thay đổi tư duy, chuyển từ tư duy làm nhiều (số lượng) sang làm đúng (chất lượng và bền vững), từ chuỗi ngành hàng sang hệ sinh thái ngành hàng. Ở đó, nông dân không đơn độc, doanh nghiệp không chỉ biết mua bán, nhà nước không chỉ quản lý, mà tất cả cùng cộng sinh”, ông Hoan nói.
Phó Chủ tịch Quốc hội cũng lưu ý, việc mở rộng Đề án không phải sao chép mô hình một cách máy móc, phải sao chép cách tư duy đúng. Cần lắng nghe từng cộng đồng, hiểu từng vùng đất và dùng dữ liệu thực tế để học hỏi, hoàn thiện.
Cũng theo ông Hoan, Đề án 1 triệu ha lúa chất lượng cao, phát thải thấp không chỉ kinh tế, còn như một lời hứa với nông dân, doanh nghiệp, thị trường về lựa chọn phát triển lúa gạo bền vững.
""Trong tương lai, trên những cánh đồng 1 triệu ha, chúng ta sẽ thấy ít khói hơn (giảm đốt rơm rạ), nhiều lúa chất lượng hơn, đặc biệt sẽ nhiều nụ cười hơn trên gương mặt người nông dân”, ông kỳ vọng."
https://tienphong.vn/chuyen-gia-noi-gi-ve-de-xuat-dua-chi-phi-van-hanh-bao-tri-vao-gia-dien-post1809389.tpo,"Chuyên gia nói gì về đề xuất đưa chi phí vận hành, bảo trì vào giá điện?","TPO - ""Nếu chi bao nhiêu cũng được đưa vào giá, thiếu kiểm toán và thiếu chuẩn so sánh, gánh nặng rất dễ bị đẩy sang người tiêu dùng, trong khi chất lượng cung ứng điện chưa chắc được cải thiện tương xứng"", chuyên gia kinh tế Ngô Trí Long nói.","Tránh thành khoản hợp thức hóa chi phí kém hiệu quả
Tại Hội nghị tổng kết công tác năm 2025 và triển khai nhiệm vụ năm 2026 mới đây, Tập đoàn Điện lực Việt Nam (EVN) đã kiến nghị Bộ Công Thương sớm quy định bổ sung một số nhóm chi phí vào phương án giá điện, trong đó có chi phí đầu tư cải tạo, nâng cấp hệ thống bảo vệ môi trường; cập nhật các ảnh hưởng liên quan đến công suất, hiệu suất; và chi phí vận hành - bảo trì (O&M), nhằm bảo đảm các nhà máy điện có khả năng thu hồi đủ chi phí để đáp ứng các quy chuẩn mới.
Đề xuất này nhận được sự quan tâm của dư luận, bởi giá điện không chỉ là bài toán kinh tế, mà còn tác động trực tiếp đến chi tiêu sinh hoạt của người dân và chi phí đầu vào của doanh nghiệp.
Trao đổi với PVTiền Phong, chuyên gia kinh tế Ngô Trí Long cho rằng xét về nguyên tắc, việc đưa chi phí O&M vào giá điện là hợp lý. Bởi đây là khoản chi trực tiếp quyết định hệ thống điện có vận hành an toàn, ổn định hay không. Nếu không tính đủ chi phí bảo trì, sửa chữa, các đơn vị vận hành buộc phải trì hoãn bảo dưỡng, nguy cơ gia tăng sự cố, giảm hiệu suất và cuối cùng xã hội phải trả giá bằng rủi ro thiếu điện cùng chi phí khắc phục lớn hơn nhiều.
Theo ông Long, trong bối cảnh tiêu chuẩn kỹ thuật và môi trường ngày càng cao, các nhà máy điện và hệ thống lưới buộc phải đầu tư nhiều hơn cho vận hành an toàn, nâng cấp thiết bị và bảo vệ môi trường. Thực tế, khungquản lý giá điệnở Việt Nam cũng đang từng bước chuẩn hóa chi phí O&M, coi đây là một cấu phần cần được lượng hóa và kiểm soát, thay vì để tồn tại như một khoản chi “mờ”.
Tuy nhiên, ông Long cho rằng điều khiến người dân lo ngại không nằm ở câu hỏi có tính O&M hay không, mà là tính như thế nào để không biến giá điện thành nơi hợp thức hóa chi phí kém hiệu quả.
""Nếu chi bao nhiêu cũng được đưa vào giá, thiếu kiểm toán và thiếu chuẩn so sánh, gánh nặng rất dễ bị đẩy sang người tiêu dùng, trong khi chất lượng cung ứng điện chưa chắc được cải thiện tương xứng"", ông Long nói.
Cần minh bạch và chất lượng
Ông Nguyễn Tiến Thỏa - Chủ tịch Hội Thẩm định giá Việt Nam - cho rằng, hiện nay giá thành sản xuất điện đã cao hơn giá bán điện bình quân, tức là ngành điện đang ở tình trạng “mua cao - bán thấp”. Trong khi đó, nhiều yếu tố đầu vào của sản xuất điện như nhiên liệu, tỷ giá, chi phí môi trường… lại nằm ngoài khả năng kiểm soát của EVN. Điều này khiến chi phí sản xuất ngày càng tăng, nhưng giá bán điện không đủ bù đắp các khoản chi hợp lý đã bỏ ra.
Theo ông Thỏa, nguyên tắc xuyên suốt của quản lý giá điện vẫn phải là tính đúng, tính đủ các chi phí hợp lý, hợp lệ, bảo đảm ngành điện có điều kiện duy trì sản xuất và đầu tư hệ thống. Do đó, khi đưa thêm chi phí vào giá cần làm rõ chi phí đó hình thành như thế nào, mang lại hiệu quả gì để tạo sự minh bạch và đồng thuận xã hội?
TS. Nguyễn Huy Hoạch - chuyên gia Hiệp hội Năng lượng Việt Nam - cho rằng trên thế giới, chi phí vận hành - bảo trì và chi phí duy trì, nâng cấp hệ thống được coi là cấu phần chính thức của giá điện, đặc biệt ở khâu truyền tải và phân phối.
Chi phí này nhằm bảo đảm, nhà máy lưới điện được bảo dưỡng đúng chuẩn, giảm nguy cơ mất điện diện rộng và bảo đảm an ninh năng lượng. Tuy nhiên, theo ông Hoạch, khi đưa các chi phí này vào giá điện cần phải có những cam kết rõ ràng về chất lượng dịch vụ và đảm bảo sự công bằng. Chẳng hạn, như giai đoạn 2022-2023, nhiều đợt mất điện xảy ra cũng có phần lý do sự cố kỹ thuật tại nhà máy điện.
""Trong trường hợp chi phí này được tính, nếu nhà máy gặp sự cố, dẫn đến mất điện gây thiệt hại, ảnh hưởng đến hoạt động của doanh nghiệp, người dân, đơn vị điện lực phải đền bù"", ông Hoạch nói.
Chuyên gia kinh tế Ngô Trí Long cho rằng, để đề xuất đưa O&M vào giá điện thuyết phục, tránh lo ngại “đẩy gánh nặng” sang người tiêu dùngthìcần đi kèm những “điều kiện cứng”. Trước hết là làm rõ tiền O&M được chi cho những hạng mục nào, có hợp lý và cần thiết hay không. Tiếp đó là chuẩn hóa chi phí và so sánh giữa các đơn vị, các khâu phát điện - truyền tải - phân phối, để xã hội thấy rõ việc tăng chi có thực sự đi kèm hiệu quả.
Quan trọng hơn, theo ông Long, phải ràng buộc trách nhiệm chất lượng. Người dân chỉ có thể chấp nhận trả thêm nếu đổi lại là điện ổn định hơn, ít mất điện hơn, tổn thất kỹ thuật giảm và dịch vụ khách hàng được cải thiện thực chất. Thông lệ quốc tế cho thấy, thế giới không tranh luận chuyện có tính O&M hay không, mà tập trung kiểm soát O&M rất chặt, chi phí này được chấp nhận trong giá điện, nhưng phải được thẩm định, loại trừ phần kém hiệu quả và gắn với cơ chế khuyến khích tiết kiệm.
""Nếu làm được như vậy, đưa O&M vào phương án giá điện sẽ không phải là câu chuyện tăng giá mà là câu chuyện nâng độ tin cậy hệ thống điện và chuẩn hoá quản trị chi phí theo thông lệ điều tiết quốc tế”, ông Long nói."
https://tienphong.vn/con-nguoi-va-cong-nghe-la-2-tru-cot-ben-vung-cua-tang-truong-post1809309.tpo,Con người và công nghệ là 2 trụ cột bền vững của tăng trưởng,"TPO - Theo giới chuyên gia, đầu tư cho giáo dục, đào tạo kỹ năng và đổi mới sáng tạo được xác định là yếu tố then chốt bởi con người và công nghệ chính là hai trụ cột bền vững của tăng trưởng.","Giữ nhịp ổn định vĩ mô
Ngày 31/12, tại Diễn đàn Kinh tế Việt Nam lần 4/2025 với chủ đề “Ổn định vĩ mô - thực hiện cải cách: Nền tảng cho tăng trưởng 2026” do báo Người Lao Động tổ chức, TS. Cấn Văn Lực - Ủy viên Hội đồng Tư vấn chính sách của Thủ tướng - cho biết, các số liệu 11 tháng và dự báo cả năm 2025 cho thấy nền kinh tế trong nước đang đi đúng hướng.
Đánh giá về nền tảng vĩ mô, ông Lực cho rằng năng lực quản trị rủi ro của nền kinh tế tiếp tục được củng cố, trong khi dư địa chính sách tài khóa vẫn còn. Lạm phát được kiểm soát trong giới hạn cho phép; lãi suất duy trì ở mức thấp; tỷ giá USD/VNĐ dù chịu áp lực tăng nhưng vẫn nằm trong tầm kiểm soát.Nợ xấucó xu hướng gia tăng nhưng chưa vượt ngưỡng rủi ro. Thị trường chứng khoán khởi sắc, thị trường bất động sản tiếp tục phục hồi dù tính bền vững vẫn là vấn đề cần theo dõi.
Một điểm đáng lưu ý, theo TS Cấn Văn Lực là tăng trưởng tín dụng đang ở mức rất cao. Dự báo cả năm 2025, tín dụng có thể tăng khoảng 18,5% - mức cao nhất trong nhiều năm trở lại đây.
“Để đạt mục tiêu tăng trưởng khoảng 10% trong năm 2026 và các năm tiếp theo, cần xác định chính sách tài khóa là trụ cột chủ lực, còn chính sách tiền tệ đóng vai trò hỗ trợ. Trọng tâm làkích cầu đầu tưvà tiêu dùng, giữ vững mặt trận xuất khẩu truyền thống, đẩy mạnh xuất khẩu dịch vụ và khai thác hiệu quả hơn các động lực tăng trưởng mới” - ông Lực nhấn mạnh.
Mở dư địa tăng trưởng
Tham gia diễn đàn trực tuyến từ Pháp, GS. Nguyễn Đức Khương - thành viên Hội đồng tư vấn quốc gia về khoa học, công nghệ, đổi mới sáng tạo và chuyển đổi số; Chủ tịch AVSE Global - cho rằng, Việt Nam cần tập trung nâng cao năng lực thể chế và chất lượng quản trị, qua đó giúp nền kinh tế phản ứng nhanh và hiệu quả hơn trước các biến động toàn cầu.
Ông Khương nhấn mạnh yêu cầu đẩy mạnh chuyển đổi xanh, phát triển kinh tế tuần hoàn; xây dựngthị trường nội địamạnh; hình thành hệ sinh thái liên kết giữa các tập đoàn lớn và doanh nghiệp nhỏ và vừa. Đặc biệt, đầu tư cho giáo dục, đào tạo kỹ năng và đổi mới sáng tạo được xác định là yếu tố then chốt bởi con người và công nghệ chính là hai trụ cột bền vững của tăng trưởng.
Ở góc độ quản lý nhà nước, ông Nguyễn Thành Nam - Phó Cục trưởng Cục Quản lý và Phát triển thị trường trong nước, Bộ Công Thương - cho biết, trong bối cảnh năm 2026 tiếp tục tiềm ẩn nhiều bất định do xung đột địa chính trị và biến đổi khí hậu, Cục sẽ triển khai đồng bộ các giải pháp, trên quan điểm coi thị trường nội địa là động cơ thúc đẩy sản xuất và ổn định kinh tế vĩ mô."
https://tienphong.vn/khi-nao-khoan-mo-khi-lo-b-phuc-vu-du-an-dien-o-mon-post1809426.tpo,Khi nào khoan mỏ khí lô B phục vụ Dự án điện Ô Môn?,"TPO - Chuỗi dự án Trung tâm Điện lực Ô Môn (Cần Thơ) - Lô B là một trong những công trình trọng điểm của ngành năng lượng quốc gia, nhằm bảo đảm đủ điện phục vụ mục tiêu tăng trưởng. Mỏ khí phục vụ dự án điện dự kiến khoan vào quý II/2026, có dòng khí đầu tiên không muộn hơn quý II/2027.","Ngày 31/12,Phó Thủ tướng Bùi Thanh Sơn đi kiểm tra, làm việc với các đơn vị về tiến độ Dự án Trung tâm Điện lực Ô Môn - Lô B tại phường Phước Thới, TP. Cần Thơ.
Tại mỏ khí lô B, các công việc đang được triển khai để tháng 8/2027 có dòng khí đầu tiên, bảo đảm đồng bộ với các dự án hạ nguồn gồm 4nhà máy nhiệt điệnÔ Môn I, II, III, IV, tổng quy mô công suất 3.810 MW.
Cụ thể, dự án Nhiệt điện Ô Môn I sử dụng khí Lô B, do Tổng Công ty Phát điện 2 (EVNGENCO2) làm chủ đầu tư, quy mô công suất 2 x 330 MW.Bộ Công Thươngđã hoàn thiện công tác thẩm định báo cáo nghiên cứu khả thi (FS) phương án chuyển đổi nhà máy sang sử dụng nhiên liệu khí Lô B. Chủ đầu tư đã phê duyệt FS dự án, ký hợp đồng EPC, dự kiến xong chuyển đổi nhiên liệu trong năm 2027.
Dự án Nhà máy nhiệt điện Ô Môn II do liên danh Tổng Công ty Cổ phần Thương mại Xây dựng và Tập đoàn Marubeni làm chủ đầu tư. Dự án dự kiến cấp khí và vận hành năm 2029 (chậm so với yêu cầu khoảng 1 năm).
Nhà máy nhiệt điện Ô Môn III, IV doTập đoàn Công nghiệp - Năng lượng quốc giaViệt Nam (PVN) làm chủ đầu tư. Trong đó, nhà máy 3 công suất 1.050 MW, phấn đấu vận hành thương mại tháng 5/2030, dự kiến cấp khí cho dự án tháng 11/2029; nhà máy 4 công suất 1.050 MW, dự kiến vận hành tháng 12/2028.
Đối với dự án khai thác khí (lô B), PVN đang lắp đặt công trình trên biển, chuẩn bị khoan vào quý 2/2026, có dòng khí đầu tiên muộn nhất quý 3/2027.
Tại cuộc họp, các chủ đầu tư kiến nghịChính phủchỉ đạo chủ đầu tư dự án khai thác khí (PVN) cung cấp kế hoạch tổng thể, tiến độ dòng khí đầu tiên để triển khai tiến độ các nhà máy điện. Đồng thời, tỉnh An Giang, TP. Cần Thơ hỗ trợ giải phóng mặt bằng để thi công đường ống dẫn khí trên bờ.
Các chủ đầu tư cũng kiến nghị áp dụng cơ chế thanh toán dự phòng đối với giá điện trong hợp đồngmua bán điện, xem xét ký kết thỏa thuận khung giữa Chính phủ và các nhà đầu tư nhằm bao quát và xử lý các vấn đề còn tồn tại liên quan đến tính khả thi tài chính.
Phó Thủ tướngBùi Thanh Sơn cho biết, chuỗi dự án Trung tâm Điện lực Ô Môn - Lô B là một trong những công trình trọng điểm của ngành năng lượng quốc gia, bảo đảm đủ điện phục vụ mục tiêu tăng trưởng hai con số từ năm 2026, góp phần hiện thực hóa mục tiêu phát thải ròng bằng 0 vào năm 2050.
Phó Thủ tướng yêu cầu, quá trình triển khai phải đảm bảo tiến độ, áp dụng công nghệ mới nhất, tốt nhất, thân thiện với môi trường nhất và hài hòa về lợi ích của các bên. Chính phủ sẽ tạo điều kiện thuận lợi nhất về thể chế, cơ chế, chính sách cho các công trình, dự án trọng điểm ngành năng lượng.
Phó Thủ tướng cũng đề nghị chủ đầu tư các dự án phải coi trọng đào tạo nguồn nhân lực, tận dụng tối đa nguồn cung khí tự nhiên Lô B một cách hiệu quả nhất. Các địa phương hoàn tất việc bàn giao mặt bằng sạch cho chủ đầu tư chậm nhất trong quý I/2026."
https://tienphong.vn/ca-xom-gop-tien-lam-80-mam-co-chao-nam-moi-2026-post1809747.tpo,Cả xóm góp tiền làm 80 mâm cỗ chào năm mới 2026,"TPO - Trong không khí rộn ràng của ngày đầu năm mới 2026, xóm Nhân Mỹ (xã Tân Châu, tỉnh Nghệ An) đã tổ chức bữa cỗ đại đoàn kết với 80 mâm, thu hút sự tham gia đông đủ của bà con trong làng và con em xa quê trở về.","Từ sáng sớm ngày 1/1, không khí trong làng Nhân Mỹ (xã Tân Châu, tỉnh Nghệ An) đã trở nên nhộn nhịp. Không hẹn mà gặp, bà con trong làng chung tay chuẩn bịbữa cỗ đầu năm, mở đầu cho một năm mới nhiều hy vọng.
Đàn ông trong làng tập trung làm thịt 5 con lợn để chuẩn bị cho 800 suất ăn. Phụ nữ đảm nhiệm việc đồ xôi, nấu cơm, canh và các món rau. Ngoài đóng góp kinh phí, người dân còn mang rau củ nhà trồng được đến góp.
80 mâm cỗ được chuẩn bị chu đáo, đầy đặn, mang đậm hương vị ẩm thực truyền thống của địa phương. Gà luộc vàng ươm, đĩa giò chả vuông vắn, bánh chưng xanh, xôi nếp thơm dẻo,… không cầu kỳ nhưng đủ đầy hương vị Tết quê được bày biện gọn gàng, trang trọng. Không cầu kỳ, xa hoa, mỗi mâm cỗ đều thể hiện sự sẻ chia, tinh thần“chung một mâm – chung một lòng”của người dân trong làng.
Ông Đoàn Văn Mân (xóm trưởng xóm Nhân Mỹ) cho biết, toàn xóm có 277 hộ dân. Đây là năm thứ hai bà con cùng nhau tổ chức cỗ chung đầu năm. Bữa tiệc tân niên được tổ chức bởi các nam trung niên phối hợp với ban cán sự xóm, với sự tham gia của 100% hộ dân và cả những người con làm ăn xa quê.
“Năm ngoái có 65 mâm, năm nay tăng lên 80 mâm với hơn 800 người tham dự. Công tác chuẩn bị cho bữa tiệc được triển khai từ hai tháng trước, bao gồm họp bàn kế hoạch, chọn thực đơn và chuẩn bị thực phẩm. Đêm 31/12, 22 tiết mục văn nghệ do các tổ liên gia chuẩn bị đã được công diễn, thu hút đông đảo người dân trong làng và các khu vực lân cận đến xem, cổ vũ”, ông Mân nói.
Theo ông Mân, điều quý nhất của bữa cỗ không nằm ở mâm cao cỗ đầy mà ở chỗ bà con được ngồi lại bên nhau sau một năm mưu sinh vất vả. “Đầu năm gặp mặt, hỏi han, chúc nhau sức khỏe, làm ăn thuận lợi, thế là tình làng nghĩa xóm thêm bền chặt”, ông Mân chia sẻ.
Niềm vui ấy còn trọn vẹn hơn khi nhiều người con xa quê tranh thủ trở về sum họp. Giữa nhịp sống hiện đại, bữa cỗ đầu năm trở thành ký ức thân thương, là sợi dây níu giữ mỗi người với quê nhà. Những cái bắt tay, chén rượu mừng xuân, câu chuyện gia đình xen lẫn tiếng cười giòn giã khiến không gian làng quê thêm ấm áp. Ngày đầu năm mới trôi qua trong sự đầm ấm, chan hòa.
Ông Phan Văn Hùng - Chủ tịch UBND xã Tân Châu cho hay: “Việc người dân xóm Nhân Mỹ cùng nhau góp tiền, góp công tổ chức cỗ chung đầu năm là nét đẹp văn hóa đáng trân trọng, thể hiện tinh thần đoàn kết của cộng đồng. Chính quyền địa phương luôn ủng hộ và khuyến khích những hoạt động văn hóa lành mạnh, góp phần xây dựng đời sống văn hóa ở khu dân cư và giữ gìn truyền thống tốt đẹp của làng quê”."
https://tienphong.vn/gia-vang-tiep-tuc-gay-bat-ngo-post1809754.tpo,Giá vàng tiếp tục gây bất ngờ?,"TPO - Năm 2025 ghi dấu kỷ lục của giá vàng thế giới và trong nước. Nhiều dự báo, giá vàng vẫn tạo ra những bất ngờ trong năm 2026.","Giá vàng tăng phi mã năm 2025
Năm 2025,thị trường vàngthế giới và trong nước chứng kiến diễn biến chưa từng có, khi giá vàng liên tục bứt phá và thiết lập các mốc cao lịch sử mới. Tính từ đầu năm 2025 đến nay, giá vàng miếng SJC tăng 68,6 triệu đồng/lượng (khoảng 81,5%), vàng nhẫn tăng 77,3%.
Với đà tăng “nóng” của giá vàng, thị trường ghi nhận hiện tượng người dân đổ xô đi mua, đặc biệt trong các giai đoạn giá liên tiếp lập đỉnh. Tại nhiều cửa hàng lớn ở Hà Nội và TPHCM, người dân phải xếp hàng từ sáng sớm để mua vàng.
Không ít doanh nghiệp kinh doanh vàng rơi vào tình trạng quá tải, thậm chí tạm ngừng bán ra trong một số khung giờ do nguồn cung không đáp ứng kịp nhu cầu. Một số cửa hàng áp dụng biện pháp hạn chế lượng bán, chỉ cho phép mỗi khách hàng mua tối đa 1 chỉ vàng, chủ yếu là vàng nhẫn trơn, nhằm phân bổ hàng hóa và tránh tình trạng đầu cơ, gom hàng. Trong khi đó, giá vàng trong nước luôn duy trì cao hơn thế giới khoảng 15-20 triệu đồng/lượng tuỳ từng thời điểm.
Nghị định 232ban hành về quản lý hoạt động kinh doanh vàng đã bỏ độc quyền vàng miếng SJC, cho phép các ngân hàng, doanh nghiệp đủ điều kiện nhập khẩu vàng từ tháng 10/2025 nhưng đến nay vẫn đang trong quá trình xem xét. Như vậy, nguồn cung vàng trên thị trường vẫn chưa được cải thiện.
Ông Nguyễn Minh Tuấn - Tổng Giám đốc AFA Capital - phân tích, cần nhìn lại lịch sử quản lý thịtrường vàng Việt Namqua ba giai đoạn. Giai đoạn trước năm 2011 là thời kỳ thị trường vàng gần như tự do, vàng được sử dụng như một dạng tiền tệ. Người dân gửi vàng vào ngân hàng để hưởng lãi, doanh nghiệp và ngân hàng vay - cho vay bằng vàng. Hệ quả là “vàng hóa” nền kinh tế, gây áp lực lớn lên tỷ giá, lãi suất và dự trữ ngoại hối, trong bối cảnh Việt Nam vẫn nhập siêu và dự trữ ngoại hối còn mỏng.
Bước sang giai đoạn hai, Nghị định 24 năm 2012 ra đời, Nhà nước lựa chọn vàngSJClàm thương hiệu vàng miếng quốc gia. Chính sách này đã hoàn thành một “sứ mệnh lịch sử” là tách vàng khỏi hệ thống tiền tệ và ngân hàng, xử lý trạng thái âm vàng của các ngân hàng thương mại, chấm dứt việc gửi - vay vàng hưởng lãi. Nhờ đó, ổn định vĩ mô được củng cố, lạm phát và tỷ giá dần đi vào trật tự.
Tuy nhiên, theo ông Tuấn, cơ chế độc quyền kéo dài hơn 10 năm đã bộc lộ hạn chế. Khi nhu cầu vàng của người dân vẫn lớn nhưng nguồn cung vàng miếng không được bổ sung tương xứng, thị trường hình thành mức chênh lệch giá ngày càng cao so với thế giới. Đây chính là điểm nghẽn lớn nhất của thị trường vàng hiện nay.
Nghị định 232 mới ban hành được xem là mở ra giai đoạn ba - giai đoạn cải cách thị trường vàng theo hướng quản lý có kiểm soát. Theo đó, Nhà nước xóa bỏ độc quyền sản xuất vàng miếng, chuyển sang cơ chế cấp phép có điều kiện cho các doanh nghiệp và ngân hàng đủ năng lực. Đồng thời, các giao dịch vàng có giá trị lớn phải thanh toán qua tài khoản, sử dụng hóa đơn điện tử và kết nối dữ liệu với Ngân hàng Nhà nước nhằm tăng tính minh bạch và chống gian lận.
Ông Tuấn nhấn mạnh, không nên kỳ vọng giá vàng trong nước sẽ giảm ngay lập tức. Việc sản xuất vàng miếng đòi hỏi vốn lớn, công nghệ, quy trình nghiêm ngặt, nên không phải ngân hàng hay doanh nghiệp nào cũng sẵn sàng tham gia. Tuy vậy, về dài hạn, cải cách này sẽ giúp tăng nguồn cung hợp pháp, thu hẹp chênh lệch giá, giảm rủi ro cho người dân và nhà đầu tư.
Quan trọng hơn, mục tiêu cuối cùng của cải cách không chỉ là giá vàng, mà là xây dựng thị trường vàng như một thị trường hàng hóa hiện đại, có thể tích hợp vào hệ thống tài chính quốc gia. Khi vàng được giao dịch minh bạch, lưu ký tập trung và không còn mang chức năng tiền tệ, Nhà nước vừa kiểm soát tốt ngoại hối, vừa giúp người dân tiếp cận vàng an toàn hơn, thay vì phải xếp hàng mua vàng vật chất và cất giữ trong két sắt như hiện nay.
Nhiều bất ngờ giá vàng trong năm 2026
Trong báo cáo mới đây, Hội đồng Vàng thế giới (WGC) cho rằng, giá vàng nhìn chung phản ánh kỳ vọng chung về kinh tế vĩ mô và có thể duy trì trong phạm vi hẹp nếu các điều kiện hiện tại tiếp tục.
""Tuy nhiên, dựa trên những tín hiệu từ năm 2025, năm 2026 có thể tiếp tục mang đến những bất ngờ"", WGC nói trong báo cáo. Theo đó, nếu tăng trưởng kinh tế chậm lại và lãi suất giảm thêm, giá vàng có thể tăng nhẹ.
Trong trường hợp suy thoái nghiêm trọng hơn khirủi ro toàn cầu gia tăng, giá vàng có thể tăng mạnh. Ngược lại, nếu các chính sách của chính quyền Trump thành công, điều này sẽ thúc đẩy tăng trưởng kinh tế và giảm rủi ro địa chính trị, dẫn đến lãi suất tăng và đồng đô la Mỹ mạnh hơn, đẩy giá vàng xuống thấp hơn.
Các yếu tố bổ sung, chẳng hạn như nhu cầu của các ngân hàng trung ương và xu hướng tái chế vàng, cũng có thể ảnh hưởng đến thị trường. “Quan trọng nhất, vai trò của vàng như một công cụ đa dạng hóa danh mục đầu tư và nguồn ổn định vẫn là yếu tố then chốt trong bối cảnh thị trường tiếp tục biến động”, WGC nêu.
WGC và các định chế tài chính lớn cho rằng, giá vàng trong năm tới sẽ bị ảnh hưởng nhiều của 4 biến số chính: Lộ trình cắt giảmlãi suấtvà lợi suất thực; sức mạnh của đồng đô la Mỹ và hành động của Cục Dự trữ Liên bang Mỹ; nhịp mua của các ngân hàng trung ương và các quỹ hoán đổi danh mục (ETF); mức độ căng thẳng địa chính trị và kinh tế trên thế giới, trong đó có các diễn biến chính sách trong lòng nước Mỹ."
https://tienphong.vn/ha-noi-sap-hop-xem-xet-cong-tac-can-bo-post1809759.tpo,Hà Nội sắp họp xem xét công tác cán bộ,"TPO - HĐND TP. Hà Nội sẽ tổ chức kỳ họp thứ 30 vào ngày 5/1 để xem xét một số nội dung thuộc thẩm quyền, trong đó có công tác cán bộ.","Ngày 2/1,Thường trực HĐND TP. Hà Nộicho biết, kỳ họp thứ 30 HĐND thành phố sẽ được tổ chức ngày 5/1 để xem xét một số nội dung thuộc thẩm quyền.
Ngoài xem xét một sốtờ trìnhcủa UBND thành phố, kỳ họp sẽ xem xétcông tác nhân sựthuộc thẩm quyền.
Được biết, thời gian gần đây, Hà Nội thực hiện luân chuyển, điều động một loạt cán bộ, trong đó có nhân sự của HĐND TP. Hà Nội. Cụ thể,Ban Thường vụ Thành ủyđiều động ông Đỗ Văn Trường (SN 1977), Chánh Văn phòng Đoàn ĐBQH và HĐND thành phố đến công tác tại Ban Nội chính Thành ủy, bổ nhiệm giữ chức vụ Phó Trưởng ban Nội chính Thành ủy.
Ban Thường vụ Thành ủy Hà Nội quyết định điều động, chỉ định ông Nguyễn Thanh Bình, Trưởng ban Văn hóa - Xã hội, HĐND thành phố, nhiệm kỳ 2021-2026, tham gia Ban Chấp hành, Ban Thường vụ và giữ chức Bí thư Đảng ủy xã Hoài Đức, nhiệm kỳ 2025-2030; giới thiệu để kiện toàn giữ chức Chủ tịch HĐND xã Hoài Đức nhiệm kỳ 2021-2026.
Ban Thường vụ Thành ủy Hà Nội quyết định, điều động, chỉ định ông Đàm Văn Huân, Trưởng ban Đô thị HĐND thành phố nhiệm kỳ 2021-2026, tham gia Ban Chấp hành, Ban Thường vụ và giữ chức Bí thư Đảng ủy xã Ứng Hòa, nhiệm kỳ 2025-2030; giới thiệu để kiện toàn chức vụ Chủ tịch HĐND xã Ứng Hòa nhiệm kỳ 2021-2026.
Ban Thường vụ Thành ủy quyết định điều động, chỉ định ông Nguyễn Tuấn Thịnh, Đại biểu Quốc hội chuyên trách Đoàn đại biểu Quốc hội thành phố Hà Nội khóa XV, tham gia Ban Chấp hành, Ban Thường vụ và giữ chức Bí thư Đảng ủy xã Chuyên Mỹ, nhiệm kỳ 2025-2030; giới thiệu để kiện toàn giữ chức Chủ tịch HĐND xã Chuyên Mỹ nhiệm kỳ 2021-2026.
Ban Thường vụ Thành ủy quyết định, phân công, giới thiệu bà Bạch Liên Hương (SN 1975), Giám đốc Sở Văn hóa và Thể thao thành phố, ứng cử để bầu giữ chức vụ Trưởng ban Văn hóa - Xã hội, HĐND thành phố nhiệm kỳ 2021-2026 và nhiệm kỳ 2026-2031.
Ban Thường vụ Thành ủy điều động ông Trần Thanh Hà (SN 1975), Chánh Văn phòng Thành ủy đến công tác tại Văn phòng Đoàn ĐBQH và HĐND thành phố, giữ chức Chánh Văn phòng Đoàn ĐBQH và HĐND thành phố."
https://tienphong.vn/gan-11500-ty-dong-dau-tu-vao-3-khu-cong-nghiep-o-khanh-hoa-post1809235.tpo,Gần 11.500 tỷ đồng đầu tư vào 3 khu công nghiệp ở Khánh Hòa,"TPO - Tỉnh Khánh Hòa vừa trao quyết định chấp thuận chủ trương đầu tư cho 3 dự án khu công nghiệp trọng điểm với tổng vốn gần 11.500 tỷ đồng, hướng đến mở rộng không gian phát triển công nghiệp hiện đại, xanh và bền vững.","Ngày 31/12, UBND tỉnh Khánh Hòa tổ chức hội nghị công bố và trao quyết định chấp thuận chủ trương đầu tư cho 3 dự ánkhu công nghiệp(KCN) trọng điểm, tổng vốnđầu tưđăng ký lên đến gần 11.500 tỷ đồng, tổng diện tích sử dụng đất hơn 1.200ha.
Dự án KCN Ninh Xuân 1 có số vốn lớn nhất trong đợt này với khoảng hơn 4.630 tỷ đồng, quy mô hơn 490ha tại xã Tân Định và xã Tây Ninh Hòa. Dự án hướng đến xây dựng khu công nghiệp có hạ tầng kỹ thuật đồng bộ, hiện đại, đáp ứng yêu cầu thu hút các dự án sản xuất công nghiệp theo quy hoạch.
Dự án KCN Ninh Xuân 2 với quy mô 490ha cũng được xây dựng trên địa bàn 2 xã trên với tổng vốn đầu tư 4.033 tỷ đồng do liên doanh VSIP (Việt Nam - Singapore) triển khai. Mục tiêu dự án nhằm đầu tư xây dựng và kinh doanh kết cấu hạ tầng khu công nghiệp, thu hút các dự án sản xuất công nghiệp, công nghiệp hỗ trợ và công nghiệp công nghệ cao.
Dự án thứ ba là KCN Ninh Diêm 1 có số vốn hơn 2.830 tỷ đồng trên diện tích hơn 240 ha. Dự án này được định hướng phát triển theo mô hình KCN sinh thái, thân thiện với môi trường, phù hợp với xu hướng phát triển bền vững mà tỉnh đang hướng tới.
Phát biểu tại hội nghị, ông Trần Phong - Chủ tịch UBND tỉnh Khánh Hòa - khẳng định: Ba dự án khu công nghiệp được trao quyết định hôm nay không chỉ có ý nghĩa về mặt đầu tư hạ tầng mà còn mang tầm chiến lược trong việc hình thành hệ sinh thái công nghiệp hiện đại, xanh và bền vững. Đồng thời mở rộng không gian phát triển công nghiệp, tạo điều kiện thu hút các dự án đầu tư thứ cấp, tạo thêm việc làm cho người lao động, tăng thu ngân sách, thúc đẩychuyển dịch cơ cấu kinh tế.
Chủ tịch UBND tỉnh Khánh Hòa yêu cầu các sở, ban, ngành và chính quyền địa phương liên quan nâng cao trách nhiệm, phối hợp chặt chẽ, tập trung thực hiện hiệu quả công tác giải phóng mặt bằng, hỗ trợ tái định cư, bảo đảm bàn giao quỹ đất sạch đúng tiến độ theo kế hoạch.
""Chúng ta phải coi công tác giải phóng mặt bằng là việc làm hết sức bình thường, để tạo động lực và sự quyết liệt trong việc thực hiện các nhiệm vụ chính trị. Mình trao được mặt bằng sớm thì nhà đầu tư mới có điều kiện triển khai dự án sớm, nâng cao hiệu quả thu hút vốn của nhà đầu tư cũng như tăng thêm các nguồn lực cho tỉnh"", ông Phong nhấn mạnh"
https://tienphong.vn/tphcm-chinh-thuc-dua-vao-su-dung-lan-duong-uu-tien-xe-dap-dau-tien-post1809282.tpo,TPHCM chính thức đưa vào sử dụng làn đường ưu tiên xe đạp đầu tiên,"TPO - Làn đường dành riêng cho xe đạp đầu tiên ở TPHCM chính thức được đưa vào sử dụng từ sáng 31/12, đánh dấu bước chuyển quan trọng trong định hướng phát triển giao thông xanh, bền vững.","Ngày 31/12, Trung tâm Quản lý điều hành giao thông đô thị (Sở Xây dựng TPHCM) đã tổ chức khánh thành công trình cải tạo, tổ chức làn đường ưu tiên dành cho xe đạp trên đại lộ Mai Chí Thọ (đoạn từ đường Nguyễn Cơ Thạch đến đường D1), thuộc phường An Khánh, TPHCM.
Công trình do Trung tâm Quản lý điều hành giao thông đô thị làm chủ đầu tư. Dự án khởi công ngày 10/10 và hoàn thành ngày 26/12 với tổng giá trị dự toán hơn 14,25 tỷ đồng.
Ông Đoàn Văn Tấn, Giám đốc Trung tâm Quản lý điều hành giao thông đô thị TPHCM cho biết, dự án nhằm cải tạo một phần đất đường bộ thành làn đường ưu tiên cho xe đạp, góp phần bảo đảm an toàn giao thông, khuyến khích người dân sử dụng phương tiện xanh, đồng thời tăng khả năng kết nối với hệ thống giao thông công cộng.
Công trình cũng hướng tới hình thành mạng lưới đường xe đạp kết nối đa phương thức, đa điểm đến, tạo thuận lợi cho việc đi lại hằng ngày của người dân.
Làn xe đạp ưu tiên có điểm đầu tại đường Nguyễn Cơ Thạch và điểm cuối tại đường D1, tổng chiều dài khoảng 5.780 m. Chiều rộng làn xe đạp 2 m trên các đoạn đường bộ và 1,5 m tại các đoạn qua cầu; vận tốc thiết kế tối đa 20 km/h, độ dốc dọc tối đa 4%.
Về kết cấu, tuyến đường được thi công bằng bê tông nhựa chặt, sơn hoàn thiện để phân biệt rõ làn xe đạp với làn xe cơ giới. Dự án còn được đầu tư đồng bộ các hạng mục như hệ thống chiếu sáng riêng cho làn xe đạp, thoát nước toàn tuyến, bãi đỗ và trạm xe đạp công cộng.
Ông Võ Khánh Hưng, Phó Giám đốc Sở Xây dựng TP.HCM cho biết, trong bối cảnh đô thị phát triển nhanh, ô nhiễm môi trường ngày càng gia tăng, giao thông đang là một trong những nguồn phát thải lớn, đặc biệt đến từ phương tiện cơ giới cá nhân. Trước thực tế đó, TP.HCM đang từng bước triển khai các giải pháp quản lý sự gia tăng phương tiện cá nhân, đồng thời thúc đẩy mạnh mẽ vận tải hành khách công cộng và các loại hình giao thông xanh.
“Xe đạp là giải pháp rất hiệu quả cho bài toán ‘đầu – cuối’ khi người dân sử dụng giao thông công cộng. Trên thế giới, nhiều quốc gia đã và đang kêu gọi phong trào sử dụng xe đạp như một cách tiết kiệm năng lượng, bảo vệ môi trường, rèn luyện sức khỏe và hướng tới phát triển đô thị bền vững”, ông Hưng nhấn mạnh.
Theo lãnh đạo Sở Xây dựng, việc đầu tư xây dựng làn đường riêng cho xe đạp có ý nghĩa đặc biệt quan trọng trong việc bảo đảm an toàn giao thông. Khi được tách biệt khỏi dòng phương tiện cơ giới tốc độ cao, người đi xe đạp sẽ giảm đáng kể nguy cơ va chạm, nhất là với các đối tượng dễ bị tổn thương như trẻ em và người cao tuổi.
Riêng tuyến Mai Chí Thọ, ông Võ Khánh Hưng cho biết đây là trục giao thông – đô thị quan trọng của TP Thủ Đức cũ, nơi tập trung nhiều khu đô thị hiện đại, mật độ dân cư cao như Sala, New City, Sun Avenue, Sadora… Với quy mô dân số lớn tại các phường An Khánh, Bình Khánh và An Lợi Đông, nhu cầu di chuyển quãng ngắn giữa các khu dân cư và kết nối metro là rất lớn.
“Tuyến đường này còn kết nối trực tiếp với các tuyến metro Bến Thành – Suối Tiên, Bến Thành – Thủ Thiêm, Thủ Thiêm – Long Thành. Việc tổ chức làn ưu tiên xe đạp trong không gian cây xanh sẽ giúp người dân tiếp cận metro thuận lợi và hiệu quả hơn”, ông Hưng phân tích.
Về định hướng lâu dài, dự án làn ưu tiên xe đạp được triển khai theo từng giai đoạn. Giai đoạn 1 tập trung xây dựng làn xe đạp trên đoạn Mai Chí Thọ từ đường Nguyễn Cơ Thạch đến đường D1, làm nền tảng hình thành tuyến xe đạp trọng điểm của thành phố.
Giai đoạn 2 được triển khai sau khi có báo cáo đánh giá của giai đoạn 1 và khi dự án thi công nút giao An Phú đưa vào sử dụng, sẽ thực hiện mở rộng làn xe đạp về các phần còn lại ở hai hướng của tuyến đường Mai Chí Thọ.
Sau đó, TPHCM sẽ mở rộng mạng lưới kết nối các khu vực như trung tâm thương mại, tòa nhà văn phòng, công viên, các công trình đặc trưng có giá trị lịch sử, ... của thành phố, kết nối phương tiện công cộng, hạ tầng bến bãi, như các trục đường: Nguyễn Văn Cừ, Trần Hưng Đạo, Lê Lợi, Nguyễn Huệ, Hàm Nghi, Tôn Đức Thắng, Đồng Khởi, Công Xã Paris, Lê Duẩn, Phạm Ngọc Thạch, Bến Vân Đồn, Hoàng Sa, Trường Sa, Điện Biên Phủ, Võ Văn Kiệt, Nguyễn Thị Minh Khai, Nguyễn Hữu Cảnh, Đinh Tiên Hoàng, Võ Nguyên Giáp…"
https://tienphong.vn/zalo-len-tieng-ve-lum-xum-thu-thap-thong-tin-nguoi-dung-post1809410.tpo,Zalo lên tiếng về 'lùm xùm' thu thập thông tin người dùng,"TPO - Theo Zalo, phải do người dùng chủ động xác nhận đồng ý việc chia sẻ với bên thứ ba, theo đúng yêu cầu của pháp luật. Ví dụ, khi người dùng truy cập vào các ứng dụng bên thứ ba, Zalo sẽ hiển thị màn hình để người dùng có thể quyết định chia sẻ thông tin cho ứng dụng đó.","Chiều 31/12, ứng dụng Zalo phát đi thông cáo về việc yêu cầu chủ tài khoản phải “cập nhật điều khoản dịch vụ mới” mới được tiếp tục sử dụng.
Phía Zalo cho biết, trong quá trình vận hành, Zalo cần một số dữ liệu của người dùng để cung cấp các tính năng ứng dụng, đảm bảo dịch vụ hoạt động ổn định, và bảo mật tài khoản. Các mục đích này được nêu chi tiết trong điều khoản sử dụng và dữ liệu chỉ được sử dụng cho đúng mục đích đã nêu.
“Thông tin căn cước công dân chỉ được thu thập trong một số trường hợp giới hạn khi cần xác minh, bảo vệ tài khoản, chống lừa đảo. Việc xử lý các thông tin này luôn tuân thủ quy định của pháp luật. Ngoài ra, Zalo có nghĩa vụ phải yêu cầu thông tin về quan hệ gia đình, nhằm xác minh người giám hộ và bảo đảm quyền lợi với người dưới 16 tuổi”, thông báo nêu.
Phía Zalo cho biết đang thực hiện các biện pháp để bảo vệ dữ liệu của người dùng. Cụ thể, hệ thống Zalo đáp ứng tiêu chuẩn quốc tế ISO/IEC 27001:2022 về an toàn thông tin và đã được tổ chức BSI đánh giá, cấp chứng nhận. Đây là tiêu chuẩn an toàn thông tin được áp dụng phổ biến trên thế giới.
“Chúng tôi cũng tuân thủ theo các yêu cầu bảo đảm an toàn thông tin và bảo vệ dữ liệu cá nhân theo quy chuẩn và quy định của pháp luật Việt Nam. Bên cạnh đó, chúng tôi đang thực hiện các thủ tục xin phép cơ quan chức năng để triển khai mã hóa đầu cuối (E2EE), qua đó tăng cường bảo mật cho các hội thoại cá nhân trên Zalo”, Zalo khẳng định.
Việc chia sẻ với bên thứ ba, Zalo cho biết phải do người dùng chủ động xác nhận đồng ý theo đúng yêu cầu của pháp luật. Ví dụ, khi người dùng truy cập vào các ứng dụng bên thứ ba, Zalo sẽ hiển thị màn hình để người dùng có thể quyết định chia sẻ thông tin cho ứng dụng đó. Người dùng luôn có thể xem và rút lại quyền chia sẻ dữ liệu của mình tại mỗi ứng dụng ở mục quản lý quyền trong Zalo.
Về việc người dùng có quyền kiểm soát dữ liệu cá nhân và quyền riêng tư của mình như thế nào, ứng dụng Zalo cho biết, có thể xem, cập nhật, hoặc điều chỉnh các thiết lập liên quan đến quyền riêng tư ngay trong ứng dụng Zalo. Để vận hành đúng quy định của pháp luật, Zalo chỉ có thể xử lý dữ liệu và cung cấp dịch vụ đến người dùng khi có sự đồng ý đối với Điều khoản sử dụng.
“Nếu chưa có sự đồng ý, dù rất muốn được tiếp tục phục vụ bạn, Zalo không có đủ cơ sở pháp lý để thực hiện vì không có quyền xử lý dữ liệu liên quan. Theo quy định của pháp luật về dữ liệu cá nhân, chúng tôi cũng có nghĩa vụ phải xoá dữ liệu trước đây của bạn”, thông cáo của Zalo nêu.
Trước đó, nhiều người dùng Zalo tỏ ra khó chịu vì ứng dụng này bất ngờ xuất hiện thông báo yêu cầu chủ tài khoản phải ""cập nhật điều khoản dịch vụ mới"" mới được tiếp tục sử dụng.
Không ít người vì lo ảnh hưởng tới công việc nên phải miễn cưỡng chấp nhận các điều khoản mà không có đủ thời gian để đọc kỹ các quy định. Sự việc này đã gây nhiều tranh cãi trong cộng đồng người dùng.
Chưa kể, một số quy định mới của Zalo được cho là ảnh hưởng trực tiếp đến quyền riêng tư của người sử dụng.
Cụ thể, trong điều khoản dịch vụ mới, Zalo có quyền thu thập, chia sẻ dữ liệu cá nhân của người dùng, bao gồm dữ liệu cơ bản (số điện thoại, họ và tên, giới tính, mối quan hệ gia đình, thông tin CMND, CCCD...) và dữ liệu cá nhân nhạy cảm.
Nếu không đồng ý thỏa thuận, chủ tài khoản Zalo sẽ không được tiếp tục sử dụng. Thậm chí, nền tảng còn thông báo ""hệ thống sẽ tự động xóa tài khoản sau 45 ngày nếu người dùng không thay đổi quyết định""."
https://tienphong.vn/yeu-cau-vng-ra-soat-viec-cap-nhat-thoa-thuan-su-dung-zalo-post1809355.tpo,Yêu cầu VNG rà soát việc cập nhật thỏa thuận sử dụng Zalo,"TPO - Sau khi tiếp nhận đề xuất lùi lịch làm việc từ Công ty Cổ phần Tập đoàn VNG (VNG), Ủy ban Cạnh tranh quốc gia - Bộ Công Thương vừa yêu cầu doanh nghiệp này khẩn trương rà soát việc triển khai thỏa thuận sử dụng dịch vụ Zalo, đặc biệt liên quan đến thu thập và sử dụng thông tin người dùng.","Ủy ban Cạnh tranh quốc gia đề nghị VNG rà soát và điều chỉnh cách thức triển khai thỏa thuận sử dụng dịch vụ theo hướng không đặt người tiêu dùng vào tình thế buộc phải đồng ý cho doanh nghiệp thu thập, lưu trữ và sử dụng thông tin cá nhân như một điều kiện để tiếp tục sử dụng dịch vụ. Việc thể hiện sự đồng ý hoặc không đồng ý của người tiêu dùng phải được thực hiện trên cơ sở tự nguyện, rõ ràng, có lựa chọn thực chất và không mang tính hình thức.
Bên cạnh đó, VNG được yêu cầu rà soát toàn bộ các hợp đồng theo mẫu, điều kiện giao dịch chung, các thỏa thuận sử dụng dịch vụ, quy chế và chính sách liên quan đến việc cung cấpdịch vụ Zalođang và dự kiến áp dụng đối với người tiêu dùng, bảo đảm phù hợp với quy định của pháp luật về bảo vệ quyền lợi người tiêu dùng trước khi tiếp tục triển khai trên thực tế.
Đáng chú ý, Ủy ban Cạnh tranh Quốc gia cũng yêu cầu VNG có biện pháp bảo vệ thông tin và tạm thời không chuyển giao dữ liệu cho bên thứ ba đối với những người tiêu dùng đã chấp nhận thỏa thuận sử dụng dịch vụ Zalo mới được cập nhật, trong thời gian cơ quan quản lý tiến hành rà soát, làm rõ các nội dung liên quan.
Trước đó, Ủy ban Cạnh tranh Quốc gia đã gửi giấy mời VNG làm việc vào ngày 31/12. Nội dung làm việc tập trung vào các vấn đề liên quan đến hoạt động thu thập, sử dụng thông tin người dùng và việc cung cấp dịch vụ trên nền tảng Zalo, bao gồm: thông tin pháp lý về doanh nghiệp và nền tảng; điều khoản sử dụng và việc công bố, cập nhật điều khoản; các chính sách, quy định về dữ liệu cá nhân và quyền riêng tư; việc cung cấp dịch vụ cho người dùng cá nhân trên môi trường trực tuyến; cũng như cơ chế tiếp nhận, xử lý phản ánh của người dùng.
Tuy nhiên, theo Ủy ban Cạnh tranh Quốc gia, hôm qua đơn vị này nhận được văn bản của VNG đề nghị lùi lịch làm việc. Theo VNG, do nội dung thông tin, tài liệu cần cung cấp liên quan đến nhiều mảng nghiệp vụ, chuyên môn khác nhau, doanh nghiệp cần thêm thời gian để tổng hợp, chuẩn bị; đồng thời VNG cũng đang trong quá trình trao đổi, phối hợp với một số cơ quan quản lý khác."
https://tienphong.vn/hon-24-trieu-luot-khach-nhan-duoc-canh-bao-lua-dao-ngan-hang-post1809261.tpo,"Hơn 2,4 triệu lượt khách nhận được cảnh báo lừa đảo ngân hàng","TPO - Đến hết ngày 28/12, hơn 2,4 triệu lượt khách hàng nhận được cảnh báo, trong đó hơn 776.000 lượt khách hàng đã tạm dừng/hủy bỏ giao dịch sau khi nhận cảnh báo với số tiền giao dịch hơn 2.900 tỷ đồng.","Phó Thống đốcNgân hàng Nhà nướcPhạm Tiến Dũng cho hay, tính đến hết ngày 19/12, đã có hơn 142,5 triệu hồ sơ khách hàng cá nhân và hơn 1,5 triệu hồ sơ khách hàng tổ chức đã được đối chiếu sinh trắc học qua căn cước công dân (CCCD) gắn chip hoặc VNeID, từ đó góp phần hạn chế hành vi lừa đảo, gian lận. Số lượng khách hàng cá nhân bị lừa đảo, mất tiền giảm 57%, số lượng tài khoản cá nhân nhận tiền lừa đảo giảm 47%.
Hiện có 57tổ chức tín dụngvà 39 tổ chức trung gian thanh toán đã triển khai ứng dụng CCCD gắn chip qua ứng dụng điện thoại; 63 tổ chức tín dụng triển khai qua thiết bị tại quầy; 32 tổ chức tín dụng và 15 trung gian thanh toán đang triển khai ứng dụng VNeID.
Tuy nhiên công tác phòng, chống tội phạmlừa đảo chiếm đoạt tài sảntrên không gian mạng trong lĩnh vực Ngân hàng vẫn còn tồn tại một số khó khăn, hạn chế nhất định như: Tội phạm sử dụng công nghệ cao lừa đảo, chiếm đoạt tiền và tài khoản ngân hàng của người dân với nhiều thủ đoạn tinh vi, phức tạp; Sự thay đổi nhanh chóng, phức tạp của tội phạm, đặc biệt trong bối cảnh tội phạm gia tăng sử dụng công nghệ cao như Deep Fake, Trí tuệ nhân tạo (AI)... để tấn công, lừa đảo.
Ngân hàng Nhà nước khẳng định, công tácphòng, chống tội phạmlừa đảo chiếm đoạt tài sản trên không gian mạng luôn được xác định là nhiệm vụ trọng tâm, mang tính cấp thiết của ngành Ngân hàng trong bối cảnh phát triển mạnh mẽ của thanh toán không dùng tiền mặt và các dịch vụ ngân hàng số.
Qua số liệu thống kê và thông tin của Bộ Công an có thể thấy các phương thức, thủ đoạn lừa đảo chiếm đoạt tài sản trên không gian mạng ngày càng nguy hiểm, khó lường và tập trung vào 04 nhóm hành vi chính, bao gồm: mạo danh các cơ quan, tổ chức, cá nhân; lừa đảo tình cảm; kêu gọi, dụ dỗ đầu tư; và phát tán mã độc để chiếm đoạt tài sản.
Thời gian qua, Ngân hàng Nhà nước và toàn ngành ngân hàng đã tích cực phối hợp liên ngành với Bộ Công an, Bộ Khoa học và công nghệ và các bộ, ban, ngành khác để triển khai nhiều giải pháp nhằm tăng cường bảo đảm an ninh, an toàn hoạt động thanh toán, bảo vệ quyền và lợi ích hợp pháp của khách hàng, góp phần phòng ngừa, ngăn chặn và hỗ trợ xử lý các hành vi gian lận, lừa đảo trên không gian mạng.
Theo Vụ Thanh toán - Ngân hàng Nhà nước thời gian qua, đơn vị này đã triển khai Hệ thống giám sát các tài khoản thanh toán, ví điện tử nghi ngờ gian lận, giả mạo (SIMO). Hệ thống này cho phép các tổ chức thành viên tham gia thực hiện báo cáo thông tin về các tài khoản đáng ngờ khi phát hiện và chia sẻ thông tin tới các thành viên khác.
Trên cơ sở nguồn dữ liệu tập trung của Hệ thốngSIMO, các tổ chức tín dụng có thể đưa ra các quyết định thực hiện ngăn chặn giao dịch ngay lập tức hoặc yêu cầu xác thực, định danh tài khoản trước khi thực hiện giao dịch trực tuyến qua đó sẽ góp phần giúp giảm thiểu tình trạng gian lận, lừa đảo, bảo vệ an toàn tài khoản của khách hàng.
Đến hết ngày 28/12, hơn 2,4 triệu lượt khách hàng nhận được cảnh báo, trong đó có hơn 776.000 lượt khách hàng đã tạm dừng/hủy bỏ giao dịch sau khi nhận cảnh báo với tổng số tiền giao dịch tương ứng là hơn 2.900 tỷ đồng."
https://tienphong.vn/ca-mau-co-trung-tam-gieo-mam-tang-truong-post1809002.tpo,Cà Mau có trung tâm 'gieo mầm tăng trưởng',"TPO - Ông Nguyễn Minh Luân - Phó Chủ tịch UBND tỉnh Cà Mau - khẳng định, Trung tâm Khởi nghiệp và Đổi mới sáng tạo tỉnh không chỉ hỗ trợ khởi nghiệp, còn là nơi ""gieo mầm tăng trưởng"" cho tỉnh, nơi những ý tưởng dù nhỏ cũng được trân trọng, ươm tạo và phát triển.","Ngày 30/12, UBND tỉnhCà Mautổ chức công bố quyết định thành lập Trung tâm Khởi nghiệp và Đổi mới sáng tạo tỉnh. Trung tâm đảm nhiệm và triển khai các hoạt động ươm tạo ý tưởng, thử nghiệm công nghệ, kết nối nguồn lực và thúc đẩy thương mại hóa sản phẩm đổi mới sáng tạo và hướng tới hợp tác trong nước, quốc tế.
Trung tâm có nhiệm vụ hỗ trợ từ ý tưởng đến thương mại hóa sản phẩm; nâng cao năng lực khởi nghiệp và kỹ năng công nghệ; vận hành phòng thí nghiệm, xưởng thử nghiệm; hỗ trợ pháp lý, sở hữu trí tuệ, gọi vốn; tổ chức các sự kiện, thiết kế cơ chế thử nghiệm (sandbox) cho mô hình mới.
Ông Nguyễn Minh Luân - Phó Chủ tịch UBND tỉnh Cà Mau - khẳng định, Trung tâm Khởi nghiệp và Đổi mới sáng tạo tỉnh không chỉ hỗ trợ khởi nghiệp, còn là không gian ""gieo mầm tăng trưởng"" cho tỉnh. Nơi những ý tưởng dù nhỏ cũng được trân trọng, ươm tạo và phát triển. Trung tâm giúp người trẻ tìm thấy cơ hội, doanh nghiệp tìm thấy đối tác, nhà khoa học tìm thấy không gian thử nghiệm.
Ông Luân yêu cầu, Trung tâm phải chứng minh được giá trị và sự cần thiết của mình thông qua kết quả cụ thể, sản phẩm cụ thể và những doanh nghiệp mới được thành lập, thành đạt trên chính quê hương mình.
Cùng ngày, tỉnh Cà Mau cũng tổ chức công bố quyết định thành lậpBảo tàng Lịch sử Đảng bộ tỉnh. Nơi đây sẽ là nơi lưu giữ, bảo tồn và trưng bày có hệ thống các tư liệu, hiện vật, hình ảnh phản ánh quá trình hình thành, phát triển và đấu tranh cách mạng của Đảng bộ, quân và nhân dân tỉnh Cà Mau qua các thời kỳ lịch sử."
https://tienphong.vn/nam-bao-dong-ve-bien-doi-khi-hau-post1809148.tpo,Năm báo động về biến đổi khí hậu,"TP - Những trận mưa trái mùa dữ dội, lũ kỷ lục phá vỡ mọi quy luật và bão mạnh dồn dập chưa từng có trong lịch sử quan trắc đang biến năm 2025 thành dấu mốc báo động đỏ của biến đổi khí hậu tại Việt Nam.","Khi thiên tai không còn tuân theo mùa, không gian và quy luật truyền thống, hậu quả ngày càng nghiêm trọng trên diện rộng cho thấy con người đang phải đối mặt trực diện với những biến động khí hậu ngày một cực đoan, khó lường và tàn khốc hơn bao giờ hết.
Bão mạnh dồn dập
Trận mưa đêm 24, rạng sáng ngày 25/5 ở Hà Tĩnh được ghi vào lịch sử khí tượng khu vực này với nhiều kỷ lục như trận mưa có cường độ lớn nhất lịch sử, trận mưa lớn nhất ở Hương Khê trong vòng 44 năm hay lũ kỷ lục trên sông Ngàn Sâu vào mùa hè. Nhưng đó chỉ là mở đầu cho một mùa thiên tai dị thường trên dải đất hẹp miền Trung năm nay.
Tối và đêm 26/8, cơn bão số 5 - bão Kaijiki đổ bộ Hà Tĩnh - Nghệ An với cường độ của một cơn bão mạnh cấp 10, giật cấp 13-14. Với đường đi dị thường khi đổ bộ, cơn bão này càn quét Nghệ An - Hà Tĩnh tới 12 giờ đồng hồ trước khi di chuyển sang Lào, để lại một vùng tan hoang và sự tàn phá kinh hoàng nơi bão qua.
Chưa kịp gượng dậy sau cơn bão mạnh, ngày 28/9, tức là chỉ hơn một tháng sau, Hà Tĩnh - Nghệ An tiếp tục hứng chịu số 10 (bão Bualoi) với sức tàn phá cấp 10-11, giật cấp 13-14. Cũng giống bão số 5, bão số 10 có thời gian càn quét đất liền lâu hiếm thấy khiến hậu quả càng thêm nặng nề.
Bên cạnh đó, cơn bão số 3 vào giữa tháng 7 đã gây lũ kỷ lục trên thượng nguồn sông Cả, Nghệ An khiến khu vực miền Tây xứ Nghệ hứng mưa lũ hiếm gặp. Cơn bão số 6 cũng gây ra mưa lớn ở Bắc Trung bộ. Hơn một tháng, Hà Tĩnh thiệt hại hơn 9.000 tỷ đồng, bằng 2/3 thu ngân sách tỉnh năm 2024. Tại Nghệ An, riêng cơn bão số 10 gây thiệt hại hơn 2.100 tỷ đồng.
Mưa lũ “trăm năm mới thấy”
Giữa những ngày tháng 6 nắng cháy da, cháy thịt, cơn bão số 1 (bão Wutip) hình thành ngay tại Biển Đông, trở thành cơn bão đầu tiên xuất hiện trên Biển Đông trong tháng 6 sau hơn 40 năm.
Dù không đổ bộ trực tiếp đất liền nước ta nhưng cơn bão đầu mùa đã trở thành hiện tượng thiên tai “đặc biệt, bất thường và cực đoan”. Trong suốt 3 ngày, một “bom nước” dữ dội đã trút xuống các tỉnh miền Trung, từ Hà Tĩnh kéo dài đến Quảng Ngãi, trọng tâm là xứ Huế và Quảng Trị khiến đỉnh lũ trong tháng 6 trên sông Bồ và sông Thạch Hãn xác lập kỷ lục 30 năm.
Cũng giống như Hà Tĩnh, đợt mưa lũ “trăm năm mới thấy” vào tháng 6 chỉ là mở đầu cho chuỗi thiên tai liên tiếp, dồn dập và khốc liệt ở mảnh đất Cố Đô trong năm nay. Cuối tháng 10 và đầu tháng 11, không khí lạnh kết hợp với nhiễu động gió đông và địa hình đón gió đã gây ra mưa lũ kỷ lục tại Huế, Đà Nẵng.
Lũ trên sông Bồ liên tiếp phá vỡ kỷ lục. Ngày 27/10, đỉnh lũ sông Bồ lập kỷ lục mới, vượt qua kỷ lục được thiết lập trong mùa mưa lũ lịch sử 2020. Tuy nhiên, chỉ một tuần sau đó, lũ trên sông Bồ lại phá vỡ chính kỷ lục vừa được thiết lập. Ngập lụt diện rộng và kéo dài bao trùm Cố Đô. Thời gian cao điểm, hàng trăm nghìn ngôi nhà ở Huế bị ngập lụt.
Theo Trung tâm Dự báo Khí tượng Thuỷ văn, năm 2025 là năm đi vào lịch sử ngành khí tượng với hàng loạt kỷ lục chưa từng có như lũ đặc biệt lớn, lũ kỷ lục trên 20 con sông, ngập lụt kỷ lục ở nhiều địa phương, Biển Đông ghi nhận số lượng bão/áp thấp nhiệt đới nhiều từ ngày có số liệu quan trắc, thiên tai xảy ra trên diện tích 3/4 đất nước, là minh chứng rõ ràng cho thấy quy luật lũ truyền thống đang thay đổi, phản ánh xu hướng thời tiết ngày càng cực đoan, khó lường.
Đà Nẵng cũng trải qua năm thiên tai khốc liệt. Vào 2h sáng ngày 30/10, lũ sông Thu Bồn tại trạm Câu Lâu vượt mức lũ lịch sử của đại hạn năm Thìn 1964 khoảng 12cm. Những ngày cuối tháng 10, khoảng trên 66.000 ngôi nhà ở Đà Nẵng ngập trong biển nước.
Khánh Hòa, Phú Yên (cũ)lũ kỷ lục hàng chục năm
Những ngày giữa tháng 11 năm nay, dải ven biển Nam Trung bộ từ phía đông Gia Lai (Bình Định cũ) đến Khánh Hòa (gồm cả Ninh Thuận cũ) hứng chịu một đợt mưa lũ cực kỳ nguy hiểm và hiếm thấy.
Tại Phú Yên cũ, khi hậu quả nặng nề của cơn bão số 13 vào đầu tháng 11 còn chưa kịp khắc phục, một đợt mưa lũ nghiêm trọng đã xảy đến vào giữa tháng 11. Lũ trên sông Ba, sông Kỳ Lộ vượt qua lũ lịch sử năm 1993, đẩy nhiều nơi ngập sâu và cô lập hoàn toàn, 113 người đã chết trong trận lũ lụt lịch sử này, thiệt hại vật chất ước tính trên 7.000 tỷ đồng.
Tại Khánh Hòa đêm 19/11, lũ trên sông Dinh Ninh Hòa ở trạm Ninh Hòa lên tới 6,62m, cao hơn mức lũ lịch sử năm 1986, trở thành trận lũ lụt tồi tệ nhất trong lịch sử quan trắc ở địa phương này. Ước tính hơn 100.000 hộ dân Khánh Hòa đã bị ảnh hưởng bởi đợt mưa lũ này, trong đó có cả những khu vực thuộc tỉnh Ninh Thuận cũ, nơi vốn nổi tiếng khô hạn và nắng gió."
https://tienphong.vn/can-tho-van-quyet-co-cang-tran-de-post1809064.tpo,Cần Thơ vẫn quyết có cảng Trần Đề,"TPO - Theo phương án phát triển các khu chức năng, khu kinh tế Trần Đề được Cần Thơ định hướng hình thành với quy mô trên 40.000 ha, tại khu vực ven biển gắn với cảng biển quốc tế Trần Đề.","Chiều 30/12, tại kỳ họp thứ 8 (kỳ họp chuyên đề), HĐND TP. Cần Thơ thông qua Nghị quyết điều chỉnh Quy hoạch thành phố tới năm 2030, tầm nhìn đến năm 2050, sau khi hợp nhất với Hậu Giang và Sóc Trăng.
Theo quy hoạch, TP. Cần Thơ trở thành một cực tăng trưởng của quốc gia, giữ vai trò động lực phát triển, lan tỏa, dẫn dắt cả vùng. Là trung tâm của vùng về thương mại, du lịch, logistics, kinh tế biển, công nghiệp chế biến, công nghệ chiến lược, nông nghiệp ứng dụng công nghệ cao, giáo dục và đào tạo, y tế chuyên sâu, trung tâm khởi nghiệp, khoa học công nghệ và đổi mới sáng tạo, phát triển văn hóa, thể thao của cả vùng.
Cần Thơ đặt mục tiêu tốc độ tăng trưởng kinh tế bình quân giai đoạn 2026-2030 trên 10%/năm, tốc độ tăng năng suất lao động bình quân trên 10%/năm. Tổng thu ngân sách hằng năm tăng khoảng 15%, phấn đấu đến năm 2030 ước đạt 57.000 tỷ đồng.
Theo phương án phát triển các khu chức năng, Cần Thơ quy hoạch khu kinh tế Trần Đề quy mô trên 40.000 ha, tại khu vực ven biển gắn với cảng biển quốc tế Trần Đề, trên địa bàn xã Trần Đề - Cù Lao Dung - Vĩnh Châu. Đây là khu kinh tế tổng hợp đa ngành, đa lĩnh vực, có hạ tầng kỹ thuật và hạ tầng xã hội đồng bộ, hiện đại, gắn với bảo vệ môi trường, đảm bảo quốc phòng, an ninh.
Cảng Trần Đề đóng vai trò là cực tăng trưởng, đầu tàu phát triển phía Đông Nam Cần Thơ và vùng ĐBSCL, là đầu mối giao thương hàng hải quốc tế. Nơi đây cũng được kỳ vọng thành trung tâm thí điểm chuyển đổi số, chuyển đổi xanh, điểm đến du lịch sinh thái, nghỉ dưỡng, gắn với kinh tế biển.
Thời gian gần đây có một số ý kiến đặt vấn đề có nên hay không đầu tư cảng biển Trần Đề, khi bến cảng phải đầu tư nằm ngoài khơi, chi phí đầu tư rất lớn, trong bối cảnh cảng nước sâu Hòn Khoai (Cà Mau) đã khởi công xây dựng."
https://tienphong.vn/xay-dung-tuyen-duong-sat-tren-cao-doc-phia-dong-song-to-lich-post1809045.tpo,Xây dựng tuyến đường sắt trên cao dọc phía Đông sông Tô Lịch,"TPO - Hà Nội sẽ xây dựng tuyến monorail (đường sắt một ray) nhánh 2 Giáp Bát - Thanh Liệt - Phú Lương dọc phía Đông sông Tô Lịch, đoạn từ đường Phan Trọng Tuệ đến nhánh rẽ sông Lừ, góp phần tăng cường năng lực giao thông công cộng khu vực.","Ngày 30/12, Sở Quy hoạch - Kiến trúc Hà Nội phối hợp với Viện Quy hoạch xây dựng Hà Nội tổ chức hội nghị công bố hai đồ án Quy hoạch chi tiết hai bên bờ tuyến sông Tô Lịch, tỷ lệ 1/500 (đoạn 1 và đoạn 2).
Hai đồ án quy hoạch được lập trên cơ sở nghiên cứu tổng thể toàn tuyến sông Tô Lịch, bảo đảm đồng bộ giữa cải tạo cảnh quan, tổ chức không gian đô thị và giải quyết căn bản bài toán môi trường nước.
Theo Sở Quy hoạch - Kiến trúc Hà Nội, hai đồ án Quy hoạch chi tiết hai bên bờ tuyến sông Tô Lịch, tỷ lệ 1/500 (đoạn 1 và đoạn 2) được lập trên cơ sở nghiên cứu tổng thể toàn tuyến sông Tô Lịch, bảo đảm đồng bộ giữa cải tạo cảnh quan, tổ chức không gian đô thị và giải quyết căn bản bài toán môi trường nước.
Đồ án Quy hoạch chi tiết hai bên bờ sông Tô Lịch, tỷ lệ 1/500 (đoạn 1) có phạm vi dài khoảng 6,2km, từ đường nhánh nút giao Hoàng Quốc Việt - Võ Chí Công đến cầu Mới Ngã Tư Sở, đi qua địa bàn nhiều phường nội đô.
Khu vực nghiên cứu có quy mô khoảng 324.006 m2, nằm trong phạm vi hai tuyến đường dọc sông, kết nối với các trục giao thông quan trọng như Võ Chí Công, Bưởi, Láng, Nguyễn Trãi, góp phần tạo nên trục không gian mở xuyên suốt khu vực phía Tây và Tây Nam nội đô.
Theo đồ án, việc xây dựng mới được kiểm soát chặt chẽ, ưu tiên không gian cây xanh, mặt nước và các công trình phục vụ cộng đồng, chỉ cho phép bố trí các công trình quy mô nhỏ, tối đa một tầng như ki-ốt dịch vụ, chòi nghỉ, nhà vệ sinh công cộng, công trình phụ trợ trong các ô đất cây xanh. Hình thức kiến trúc được yêu cầu hài hòa với cảnh quan, tránh khối tích lớn, bảo đảm tạo điểm nhấn nhẹ nhàng, thân thiện với người sử dụng.
Không gian cảnh quan được tổ chức theo từng đoạn, gắn với đặc trưng lịch sử và hiện trạng khu vực.
Đoạn từ Hoàng Quốc Việt đến Cầu Giấy, khu vực đầu nguồn sông Tô Lịch, được định hướng hình thành các không gian công cộng lớn, quảng trường, tuyến đi bộ và xe đạp, kết hợp công trình trung tâm dịch vụ.
Đoạn từ Cầu Giấy đến đường Nguyễn Trãi được xác định là không gian văn hóa, gắn với các giá trị truyền thống và lễ hội khu vực, như lễ hội chùa Láng, tạo điểm nhấn sinh hoạt cộng đồng ven sông.
Về hạ tầng kỹ thuật, hệ thống đường hai bên sông tiếp tục được xác định trên cơ sở các tuyến đường hiện có, gắn với dự án cải tạo, chỉnh trang công viên hai bên sông Tô Lịch.
Hệ thống cầu qua sông gồm cải tạo 10 cầu hiện trạng và xây dựng mới một cầu tại vị trí đối diện ngõ 235 Nguyễn Khang, tăng cường kết nối không gian hai bờ.
Đối với đoạn 2, đồ án Quy hoạch chi tiết hai bên bờ sông Tô Lịch, tỷ lệ 1/500 có phạm vi nghiên cứu khoảng 459.437m2, chiều dài tuyến khoảng 7km, từ khu vực Ngã Tư Sở đến hết đoạn phân nhánh Linh Đàm và sông Nhuệ.
Quy hoạch xác định rõ nguyên tắc kế thừa hiện trạng, cải tạo, chỉnh trang các khu đất cây xanh, công viên, khu thể dục thể thao hiện có, đồng thời bổ sung các không gian công cộng mới, bảo đảm sự gắn kết hài hòa với khu dân cư xung quanh. Hình thức kiến trúc và tổ chức không gian được kiểm soát theo Quy chuẩn xây dựng và các chỉ tiêu đã khống chế trong đồ án.
Các đoạn tuyến được thiết kế cảnh quan phù hợp với đặc trưng từng khu vực. Đoạn từ đường Nguyễn Trãi đến Vành đai 3 được định hướng phát triển các hoạt động thương mại, dịch vụ, ẩm thực ven sông, hướng tới hình thành không gian kinh tế ban đêm, tạo sức sống mới cho khu vực. Không gian ven sông được tổ chức lại hệ thống đường dạo, cây xanh, công viên, vườn hoa, tăng cường kết nối hai bờ bằng các cầu đi bộ và cầu cảnh quan.
Đoạn từ Vành đai 3 đến cầu Thanh Liệt được định hướng trở thành không gian sinh thái, thư giãn, vui chơi giải trí gắn với thiên nhiên, bố trí các công trình công cộng, quảng trường, công viên kết hợp sân thể thao phục vụ người dân.
Về giao thông, hệ thống đường hai bên sông tiếp tục sử dụng các tuyến hiện có, đồng bộ với dự án chỉnh trang toàn tuyến. Tuyến monorail nhánh 2 Giáp Bát - Thanh Liệt - Phú Lương được quy hoạch dọc phía Đông sông Tô Lịch, đoạn từ đường Phan Trọng Tuệ đến nhánh rẽ sông Lừ, góp phần tăng cường năng lực giao thông công cộng khu vực.
Việc UBND TP Hà Nội phê duyệt hai đồ án quy hoạch là cơ sở quan trọng để triển khai các dự án cải tạo, chỉnh trang hai bên bờ sông. Thành phố đặt mục tiêu hoàn thành các hạng mục chính trong giai đoạn từ năm 2026 đến đầu 2027.
Đồng thời, đơn vị tư vấn tiếp tục hoàn thiện quy hoạch giai đoạn 3, từ Cầu Bươu đến cửa sông Hồng, nhằm hoàn chỉnh toàn tuyến sông Tô Lịch, kết nối đồng bộ hệ thống cây xanh, mặt nước và các không gian công cộng, từng bước kiến tạo một “lá phổi xanh” mới cho Thủ đô."
https://tienphong.vn/mo-rong-vung-nuoc-cang-bien-quang-tri-tu-1022026-post1809006.tpo,Mở rộng vùng nước cảng biển Quảng Trị từ 10/2/2026,"Bộ Xây dựng vừa ban hành Thông tư Công bố vùng nước cảng biển, khu vực hàng hải thuộc địa phận tỉnh Quảng Trị và khu vực quản lý của Cảng vụ Hàng hải Quảng Trị.","Theo Thông tư mới có hiệu lực từ ngày 10/2/2026, vùng nước cảng biển thuộc địa phận tỉnh Quảng Trị tính theo mực nước thủy triều lớn nhất bao gồm các khu vực: Hòn La, Cửa Gianh, Cửa Việt và Mỹ Thuỷ.
Các khu vực có ranh giới về phía biển và đất liền, được giới hạn bởi những điểm có các toạ độ quy định.
Đáng chú ý, quy định mới mở rộng vùng nước cảng biển thuộc tỉnh Quảng Trị tại khu vực Mỹ Thuỷ nhằm phù hợp với các quy hoạch chuyên ngành được phê duyệt, cũng như đảm bảo thực hiện theo Quyết định phê duyệt chủ trương đầu tư dự án đầu tư xây dựng khu bến cảng Mỹ Thủy, huyện Hải Lăng, tỉnh Quảng Trị được Thủ tướng Chính phủ phê duyệt, cũng như quy hoạch chung Khu kinh tế Đông Nam Quảng Trị.
Đồng thời, mở rộng vùng nước khu vực Cửa Gianh so với quy định hiện hành để đảm bảo bao trùm hết các khu neo đậu, tránh bão.
Ranh giới vùng nước cảng biển thuộc địa phận tỉnh Quảng Trị quy định tại Thông tư này được xác định trên các hải đồ do Tổng công ty Bảo đảm an toàn hàng hải Việt Nam phát hành, bao gồm: VN50016, VN50017, VN50018 và VN30010 được cập nhật mới nhất năm 2025. Tọa độ các điểm quy định được áp dụng theo Hệ tọa độ VN-2000 và được chuyển sang Hệ tọa độ WGS-84 tương ứng.
Khu vực hàng hải thuộc địa phận tỉnh Quảng Trị cũng bao gồm 4 khu vực hàng hải Hòn La, Cửa Gianh, Cửa Việt và Mỹ Thủy.
Cảng vụ Hàng hải Quảng Trị quản lý nhà nước chuyên ngành hàng hải tại cảng biển thuộc địa phận tỉnh Quảng Trị và các khu vực hàng hải được quy định."
https://tienphong.vn/chu-tich-nghe-an-o-dau-co-dan-o-do-phai-co-dien-post1808806.tpo,"Chủ tịch Nghệ An: 'Ở đâu có dân, ở đó phải có điện'","Ông Võ Trọng Hải - Chủ tịch UBND tỉnh Nghệ An - khẳng định, đưa điện về vùng sâu, vùng xa không chỉ là nhiệm vụ phát triển hạ tầng mà còn là yêu cầu cấp thiết về an sinh xã hội, quốc phòng - an ninh và nâng cao chất lượng cuộc sống cho người dân. Tỉnh kiên định quan điểm “ở đâu có dân, ở đó phải có điện và thông tin liên lạc”.","Chiều 29/12, UBND tỉnh Nghệ An tổ chức khen thưởng các tập thể, cá nhân tiêu biểu tham gia dự án đưa điện lưới quốc gia đến những bản vùng sâu, vùng xa ở miền Tây Nghệ An.
Miền Tây Nghệ An lâu nay vẫn còn những vùng “lõm điện, lõm sóng” biệt lập. Các bản Cha Nga, Xốp Dương, Nhọt Lợt, Phá Chiếng (xã Mỹ Lý) và Huồi Máy (xã Mường Quàng) là những khu vực chưa có điện lưới quốc gia, đời sống sinh hoạt của người dân gặp nhiều khó khăn.
Thử thách lớn nhất của dự án là công tác vận chuyển máy móc, vật tư và thiết bị. Các tuyến đường vào bản vốn đã hiểm trở, nay càng khó khăn hơn sau những đợt lũ quét và sạt lở nghiêm trọng do hoàn lưu bão số 3, tiếp đó là bão số 5 và số 10 trong năm nay.
Từ ngày 11-13/12, Công ty Điện lực Nghệ An đã hoàn thành việc đưa điện về 5 bản vùng lõm ở miền Tây Nghệ An, sớm hơn tiến độ được giao. Tổng cộng 281 hộ dân được thắp sáng, góp phần cải thiện điều kiện sinh hoạt, sản xuất và bảo đảm an ninh trật tự khu vực biên giới.
Phát biểu tại buổi lễ, ông Võ Trọng Hải - Chủ tịch UBND tỉnh Nghệ An khẳng định, đưa điện về vùng sâu, vùng xa không chỉ là nhiệm vụ phát triển hạ tầng mà còn là yêu cầu cấp thiết về an sinh xã hội, quốc phòng - an ninh và nâng cao chất lượng cuộc sống cho người dân. Tỉnh kiên định quan điểm “ở đâu có dân, ở đó phải có điện và thông tin liên lạc”.
Chủ tịch UBND tỉnh Nghệ An yêu cầu ngành điện tiếp tục phối hợp với các địa phương, lực lượng chức năng để sớm hoàn thành việc xóa bỏ các “vùng lõm” điện còn lại trên địa bàn, phấn đấu hoàn thành trước Tết Nguyên đán Bính Ngọ 2026, góp phần thu hẹp khoảng cách phát triển giữa miền núi và đồng bằng.
Tại đây, Chủ tịch UBND tỉnh Nghệ An Võ Trọng Hải đã trao bằng khen cho 7 tập thể, 7 cá nhân có thành tích xuất sắc trong công tác cấp điện nhanh cho các bản vùng “lõm điện, lõm sóng”, đáp ứng nhu cầu sinh hoạt của nhân dân và góp phần cải thiện đời sống đồng bào miền Tây Nghệ An."
https://tienphong.vn/uy-ban-canh-tranh-quoc-gia-yeu-cau-vng-giai-trinh-vu-zalo-thu-thap-thong-tin-post1808776.tpo,Ủy ban Cạnh tranh quốc gia yêu cầu VNG giải trình vụ Zalo thu thập thông tin,"TPO - Ủy ban Cạnh tranh quốc gia - Bộ Công Thương vừa có giấy mời Công ty Cổ phần Tập đoàn VNG (VNG, đơn vị sở hữu nền tảng Zalo) làm việc về vấn đề thu thập, sử dụng thông tin người dùng và cung cấp dịch vụ trên nền tảng Zalo.","Buổi làm việc dự kiến diễn ra vào sáng 31/12, nhằm làm rõ các nội dung phục vụ công tác quản lý nhà nước về bảo vệ quyền lợi người tiêu dùng.
Ủy ban Cạnh tranh quốc gia yêu cầu VNG phối hợp báo cáo, cung cấp nhiều nhóm thông tin, tài liệu liên quan trực tiếp đến người dùng cá nhân trênnền tảng Zalo.
Cơ quan này yêu cầu VNG cung cấp các thông tin pháp lý cơ bản của doanh nghiệp, bao gồm tư cách pháp lý; vai trò của VNG trong việc sở hữu, quản lý và vận hành nền tảng Zalo tại Việt Nam; đối tượng người dùng của nền tảng này. Đồng thời, doanh nghiệp phải cung cấp đầy đủ các văn bản, tài liệu liên quan đến điều khoản sử dụng Zalo đang áp dụng đối với người dùng cá nhân tại Việt Nam, cũng như toàn bộ các phiên bản điều khoản sử dụng đã được áp dụng trong vòng 12 tháng gần nhất.
Đối với từng phiên bản điều khoản sử dụng, Ủy ban Cạnh tranh quốc gia yêu cầu làm rõ thời điểm ban hành, thời điểm có hiệu lực và hình thức công bố tới người dùng. Cùng với đó là các thông tin, tài liệu liên quan đến việc sửa đổi, cập nhật điều khoản sử dụng, bao gồm: cách thức thông báo cho người dùng; việc yêu cầu người dùng chấp nhận điều khoản mới; các hệ quả phát sinh trong trường hợp người dùng không chấp nhận nội dung cập nhật.
Ủy ban Cạnh tranh quốc gia cũng yêu cầu VNG cung cấp các văn bản, tài liệu hiện hành quy định về việc thu thập, xử lý, lưu trữ, chia sẻ và bảo vệ thông tin người dùng Zalo. Trường hợp doanh nghiệp không ban hành một văn bản riêng về chính sách bảo vệ thông tin người dùng, Ủy ban Cạnh tranh quốc gia đề nghị làm rõ hình thức thể hiện, vị trí công bố và cách thức để người dùng có thể tiếp cận, tìm hiểu đầy đủ các nội dung liên quan dữ liệu cá nhân của mình.
Ngoài ra, VNG còn được yêu cầu báo cáo về cách thức tổ chức, vận hành và cung cấp dịch vụ cho người dùng cá nhân trên môi trường trực tuyến; quy trình cung cấp thông tin cho người dùng trong suốt quá trình sử dụng dịch vụ; các lựa chọn mà người dùng được đưa ra khi chấp nhận hoặc không chấp nhận các điều khoản, chính sách liên quan đến thông tin cá nhân.
Trước đó, Zalo gửi thông báo yêu cầu chủ tài khoản phải cập nhật điều khoản dịch vụ mới được tiếp tục sử dụng. Trong đó có nhiều điều khoản đáng chú ý như, Zalo có quyền thu thập, chia sẻ dữ liệu cá nhân của người dùng, bao gồm dữ liệu cơ bản (số điện thoại, họ và tên, giới tính, mối quan hệ gia đình, thông tin CCCD...) và dữ liệu cá nhân nhạy cảm.
Nếu không đồng ý thỏa thuận, chủ tài khoản Zalo sẽ không được tiếp tục sử dụng, hệ thống sẽ tự động xóa tài khoản sau 45 ngày nếu người dùng không thay đổi quyết định. Người dùng đã phản đối các điều khoản này vì họ cho rằng, làm như vậy là vi phạm quyền dữ liệu riêng tư của người dùng."
https://tienphong.vn/he-lo-co-may-lam-giau-cua-gioi-ty-phu-post1808771.tpo,Hé lộ 'cỗ máy' làm giàu của giới tỷ phú,"TPO - Cuộc bùng nổ trí tuệ nhân tạo (AI) đang trở thành “cỗ máy tạo ra của cải” mạnh mẽ nhất trong lịch sử doanh nghiệp hiện đại. Chỉ riêng trong năm 2025, tài sản ròng của các nhà sáng lập và lãnh đạo công nghệ hàng đầu nước Mỹ đã tăng thêm hơn 500 tỷ USD, nhờ làn sóng đầu tư ồ ạt vào các công ty phát triển hạ tầng, phần mềm và hệ sinh thái dữ liệu phục vụ AI tạo sinh.","Chưa từng có làn sóng công nghệ nào tập trung lượng tài sản khổng lồ vào tay số ít người trong thời gian ngắn đến vậy. Từ Jensen Huang (Nvidia), Sam Altman (OpenAI), Satya Nadella (Microsoft) đến Mark Zuckerberg (Meta), những nhân vật này hiện thống trị top đầu danh sách giàu nhất thế giới, nắm quyền ảnh hưởng lớn trên thị trường tài chính lẫn chính trường quốc tế.
Giới đầu tư đánh giá AI không chỉ là một chu kỳ công nghệ mới, mà là nền tảng chủ đạo của nhiều thập kỷ tiếp theo.
Nvidia đang đóng vai trò then chốt trong cú bứt phá tài sản của giới tỷ phú công nghệ. Cổ phiếu hãng chip Mỹ tăng hơn gấp đôi trong năm 2025, đẩy vốn hóa vượt mốc 4.000 tỷ USD và giúp Nvidia trở thành công ty giá trị nhất thế giới. Nhờ nắm gần như độc quyền chip GPU phục vụ đào tạo và vận hành các mô hình AI lớn, tài sản của CEO Jensen Huang đã tăng lên hơn 120 tỷ USD.
Khoảng 70% năng lực tính toán cho AI toàn cầu hiện chạy trên phần cứng Nvidia, giúp công ty nắm quyền lực định giá hiếm thấy kể từ thời kỳ thống trị của Intel. Sự phụ thuộc này cũng khiến các chính phủ trên thế giới phải chạy đua đảm bảo nguồn cung chip tiên tiến, biến Nvidia thành trụ cột trong chuỗi cung ứng công nghệ toàn cầu.
Nếu Nvidia là động cơ của nền kinh tế AI, Microsoft đang trở thành “hệ điều hành” vận hành nó.
Nhờ hợp tác sâu với OpenAI, Microsoft đã tích hợp AI vào Office, Windows, Azure và nhiều nền tảng doanh nghiệp. Sự chuyển dịch này khiến cổ phiếu Microsoft tăng mạnh, kéo theo tài sản của CEO Satya Nadella tăng cao và biến Microsoft thành cổng kết nối doanh nghiệp với AI.
AI đang tái cấu trúc thị trường phần mềm toàn cầu, thay đổi cán cân giữa các nhà cung cấp truyền thống và những doanh nghiệp đi trước trong tích hợp công nghệ mới.
Lần đầu tiên trong lịch sử, tài sản khổng lồ được tạo ra chỉ trong vài năm thay vì hàng thập kỷ như các chu kỳ công nghệ trước.
Sam Altman trở thành tỷ phú sau vòng gọi vốn mới của OpenAI, còn Mark Zuckerberg phục hồi mạnh mẽ tài sản nhờ AI giúp Meta tăng trưởng trở lại sau giai đoạn sa sút với metaverse.
Những nhân vật này đang hình thành “giới quý tộc công nghệ” mới, sở hữu sức ảnh hưởng ngang ngửa các tập đoàn công nghiệp lớn của thế kỷ trước.
Cổ phiếu liên quan đến AI hiện chiếm tỷ trọng lớn trong mức tăng của thị trường chứng khoán Mỹ, liên tục kéo các chỉ số lên kỷ lục mới. Không chỉ Big Tech hưởng lợi, dòng vốn còn đổ vào các doanh nghiệp trung tâm dữ liệu, thiết kế chip, phần mềm và năng lượng phục vụ AI.
Định giá của toàn ngành bị đẩy lên mức từng bị cho là phi thực tế, nhưng nhà đầu tư vẫn tin rằng AI sẽ làm thay đổi mọi lĩnh vực kinh tế.
Trong khi Mỹ dẫn đầu làn sóng AI, châu Âu chủ yếu đứng ở vai trò người dùng thay vì nhà cung cấp nền tảng. Thiếu các tập đoàn tầm cỡ như OpenAI, Microsoft hay Nvidia, châu Âu đối mặt nguy cơ phụ thuộc sâu hơn vào hạ tầng công nghệ Mỹ.
Sự tập trung tài sản quá lớn đã thu hút sự giám sát từ giới chức Mỹ. Washington đang xem xét siết quản lý AI như một loại hạ tầng thiết yếu, đồng thời thảo luận việc đánh thuế hoặc áp dụng biện pháp chống độc quyền với các “ông lớn” công nghệ.
Trong khi đó, các tổ chức lao động lo ngại AI có thể ảnh hưởng đến việc làm của hàng triệu lao động trung lưu, tạo ra nghịch lý của cải tăng mạnh ở tầng trên, trong khi rủi ro xã hội cũng gia tăng.
Các chuyên gia dự đoán giai đoạn tiếp theo của AI sẽ chứng kiến làn sóng sáp nhập quy mô lớn, khi doanh nghiệp nhỏ khó cạnh tranh chi phí và công nghệ. Những “gã khổng lồ” công nghệ sẽ tiếp tục mở rộng sức mạnh bằng việc thâu tóm nền tảng, dữ liệu và hạ tầng.
AI được xem không chỉ là một ngành công nghiệp mới, mà đang trở thành xương sống của nền kinh tế toàn cầu trong tương lai, đồng thời đặt ra câu hỏi lớn về sự bền vững của quyền lực công nghệ tập trung trong tay số ít người."
https://tienphong.vn/nha-dau-tu-rut-khoi-du-an-truc-dai-lo-song-hong-ha-noi-noi-gi-post1808747.tpo,"Nhà đầu tư rút khỏi dự án trục đại lộ sông Hồng, Hà Nội nói gì?","TPO - Tập đoàn Đèo Cả, MIK Group đã rút khỏi liên danh nhà đầu tư ""siêu dự án"" Trục đại lộ cảnh quan sông Hồng hơn 850.000 tỷ đồng. Đại diện UBND TP. Hà Nội vừa có ý kiến về việc này.","Ngày 29/12, cho ý kiến về một số nhà đầu tư đã dừng tham gia Dự án Trục đại lộ cảnh quan sông Hồng, đại diện UBND TP. Hà Nội cho biết do dự án được đầu tư bằng nguồn vốn xã hội nên trong quá trình thực hiện dự án, liên danh nhà đầu tư có thể thêm hoặc bớt thành viên nhà đầu tư là hoàn toàn bình thường, không vi phạm quy định.
Trong công văn gửi UBND TP. Hà Nội về việc trên, MIK Group nêu rằng doanh nghiệp (DN) đã làm việc với các nhà đầu tư trong liên danh và thống nhất phương án xin rút khỏi liên danh, không tiếp tục tham gia thực hiện Dự án Trục Đại lộ cảnh quan sông Hồng.
Với toàn bộ phần quyền lợi và nghĩa vụ đã thỏa thuận, MIK Group cho biết, đơn vị chuyển nhượng toàn bộ cho Công ty cổ phần Đầu tư Địa ốc Đại Quang Minh (Công ty Đại Quang Minh - đơn vị đứng đầu liên danh).
Đánh giá về dự án, MIK Group cho biết, dự án xây dựng Trục Đại lộ cảnh quan sông Hồng là siêu dự án trọng điểm của thành phố, có quy mô lớn nhiều cấu phần, từ quy hoạch đô thị, đất đai đến tái thiết và xây dựng cảnh quan. “Đến nay liên danh các nhà đầu tư là những tập đoàn hàng đầu, có tiềm lực tài chính mạnh và kinh nghiệm để từng bước thực hiện dự án. Việc MIK Group rút khỏi liên danh các nhà đầu tư sẽ không ảnh hưởng tới việc thi công và tiến độ dự án” - MIK Group thông tin.
Trước đó, ngày 17/12 (trước lễ khởi công dự án 2 ngày - PV) Tập đoàn Đèo Cả là doanh nghiệp đầu tiên đưa ra phương án thực hiện dự án cũng có văn bản gửi UBND TP. Hà Nội về việc dừng dự án.
Trả lời báo chí sau đó, ông Hồ Minh Hoàng - Chủ tịch Tập đoàn Đèo Cả - cho biết, Trục đại lộ cảnh quan sông Hồng là dự án ""ngàn năm có một"", Tập đoàn Đèo Cả là đơn vị đặt những ""viên gạch"" đầu tiên giúp Trục Đại lộ cảnh quan chính thức được khởi động sau nhiều năm nằm trên giấy. Tuy nhiên, do một số yếu tố khách quan và chủ quan, Tập đoàn Đèo Cả xin dừng việc tiếp tục thực hiện dự án.
Ngày 29/12, thông tin với PVTiền Phong, đại diện UBND TP. Hà Nội cho biết, dự án Trục đại lộ Cảnh quan sông Hồng đang có hai đơn vị quản lý nhà nước và thực hiện dự án, bao gồm: Ban Quản lý dự án đầu tư xây dựng công trình giao thông Hà Nội, thuộc UBND TP. Hà Nội - đơn vị quản lý nhà nước tại dự án; liên danh nhà đầu tư cho Công ty Đại Quang Minh đứng đầu.
“Hiện liên danh nhà đầu tư vẫn đang thực hiện dự án theo tiến độ và kế hoạch công việc đã cam kết, việc một số doanh nghiệp có tên tuổi rút khỏi liên danh nhà đầu tư, không ảnh hưởng đến kế hoạch thực hiện và quy mô dự án” - đại diện UBND TP. Hà Nội cho hay.
Trục Đại lộ Cảnh quan sông Hồng được liên danh Tập đoàn Đèo Cả và Văn Phú Invest đề xuất ý tưởng, đề án thực hiện với thành phố Hà Nội từ đầu năm 2025. Sau đó thành phố Hà Nội đã có văn bản công nhận Tập đoàn Đèo Cả và Văn Phú Invest là hai pháp nhân lớn hợp tác trong liên danh để phát triển dự án.
Theo đề xuất của liên danh, dự án có mục tiêu là đầu tư tuyến giao thông đường bộ dọc hai bên sông Hồng từ cầu Hồng Hà đến cầu Mễ Sở (dài khoảng 40 km) với quy mô phù hợp nhu cầu giao thông và có kết nối hệ thống giao thông đường thuỷ nội địa. Tổng mức đầu tư được đề xuất cao nhất là hơn 348.000 tỷ đồng. Công trình được đề xuất đầu tư theo hình thức BT với diện tích nghiên cứu khoảng 11.000 ha, trong đó diện tích lập dự án khoảng 7.800 ha.
Đến 19/12, dự án được tổ chức khởi công cùng với 234 công trình, dự án trọng điểm trên cả nước. Trục đại lộ cảnh quan sông Hồng có tổng mức đầu tư sơ bộ khoảng 855.000 tỷ đồng, triển khai theo phương thức đối tác công tư (PPP) - hợp đồng BT. Liên danh đầu tư dự án và tổ chức lễ khởi công ngày 19/12 gồm: Đại Quang Minh - Văn Phú - MIK Group - Thaco - T&T Group - Tập đoàn Hòa Phát. Trong đó, Công ty Đại Quang Minh là đơn vị đứng đầu liên danh. Công ty Đại Quang Minh là công ty con của Tập đoàn THACO, hoạt động chủ yếu trong lĩnh vực bất động sản, hạ tầng và khu công nghiệp."
https://tienphong.vn/viet-nam-co-the-tro-thanh-cuong-quoc-duong-sat-post1808516.tpo,Việt Nam có thể trở thành cường quốc đường sắt?,"TPO - Tại Hội nghị triển khai nhiệm vụ năm 2026 của Tổng Công ty Đường sắt Việt Nam, Thứ trưởng Bộ Xây dựng Nguyễn Danh Huy nhấn mạnh, đường sắt muốn vươn lên thành một ngành trụ cột, thậm chí là cường quốc đường sắt thì Nhà nước phải giữ vai trò kiến tạo, dẫn dắt và đặc biệt là hỗ trợ mạnh mẽ từ ngân sách.","TheoThứ trưởng Nguyễn Danh Huy, năm 2025 mang ý nghĩa đặc biệt đối với ngành đường sắt khi hàng loạt dự án, cơ chế và không gian hợp tác mới được “mở khóa”. Đây được xem là giai đoạn bản lề, đặt nền móng cho tham vọng lớn hơn trong thập niên tới: Đưa đường sắt trở thành trụ cột của hệ thống giao thông và logistics quốc gia, thay vì chỉ dừng lại ở vai trò duy trì, khai thác hạ tầng cũ.
Từ thực tiễn phát triển của thế giới, lãnh đạo Bộ Xây dựng nhấn mạnh quan điểm mang tính nguyên tắc: “Để trở thành một cường quốc đường sắt, không một quốc gia nào (kể cả Tây Ban Nha hay Trung Quốc) có thể thành công mà thiếu sự hỗ trợ mạnh mẽ từ ngân sách Nhà nước"".
Theo Thứ trưởng Nguyễn Danh Huy, đây không chỉ là so sánh kinh nghiệm, mà là kết luận rút ra từcon đường phát triển đường sắtcủa nhiều quốc gia.
Những nước được coi là hình mẫu đều phải trải qua giai đoạn đầu tư công kéo dài với quy mô rất lớn, chấp nhận chi phí ban đầu cao và thời gian thu hồi vốn dài, để đổi lại lợi ích kinh tế - xã hội tổng thể trong nhiều thập kỷ. Theo Thứ trưởng Bộ Xây dựng không thể được nhìn nhận như một dự án thuần túy kinh doanh, mà là hạ tầng nền tảng gắn với chiến lược phát triển quốc gia.
Năm nay, nhiều dự án chiến lược chính thức được khởi động. Điểm nhấn quan trọng là việc thúc đẩy hợp tácđường sắt Việt Nam - Trung Quốc, hướng tới kết nối liên vận quốc tế, qua đó mở rộng không gian phát triển cho vận tải đường sắt Việt Nam vươn ra thị trường khu vực và châu Âu thông qua hành lang phía Bắc.
Hành lang pháp lý cho ngành cũng từng bước được hoàn thiện. Luật Đường sắt sửa đổi cùng các nghị định liên quan đã tạo nền tảng pháp lý mới, xác lập rõ hơn vai trò trung tâm của Tổng công ty Đường sắt Việt Nam, không chỉ trong quản lý, khai thác đường sắt hiện hữu mà còn trong việc tham gia các dự án đường sắt mới ngay từ giai đoạn đầu tư.
Một nội dung khác được Thứ trưởng Nguyễn Danh Huy đặc biệt nhấn mạnh là vai trò của nguồn lực tài chính công trong quá trình tái cơ cấu ngành. Việc chuyển VNR về trực thuộc Bộ Tài chính không đơn thuần là thay đổi đầu mối quản lý, mà nhằm tạo điều kiện để doanh nghiệptiếp cận nguồn lựcngân sách một cách chủ động, bài bản và dài hạn hơn.
Từ nền tảng tài chính đó, ngành đường sắt mới có điều kiện từng bước phát triển công nghiệp cơ khí đường sắt, tiếp nhận và làm chủ công nghệ, đồng thời chuẩn bị năng lực để tham gia các dự án đầu tư có quy mô lên tới hàng chục tỷ USD trong tương lai.
Bên cạnh vốn và hạ tầng, Thứ trưởng Nguyễn Danh Huy cũng chỉ rõ thách thức lớn về nguồn nhân lực. Với cácdự án đường sắt hiện đại, đặc biệt là đường sắt tốc độ cao, nếu chỉ trông chờ vào đào tạo của nhà thầu hoặc vận hành theo cơ chế thị trường thuần túy, Việt Nam sẽ khó hình thành được đội ngũ nhân lực đủ mạnh và bền vững.
Do đó, vị lãnh đạo Bộ Xây dựng cho rằng cần có cơ chế đặt hàng đào tạo từ ngân sách Nhà nước, coi đây là một cấu phần của đầu tư công cho đường sắt, tương tự như cách nhiều quốc gia đã và đang triển khai.
Đặc biệt, đầu tư cho đường sắt không phải là chi phí ngắn hạn, mà là lựa chọn chiến lược mang tính thế hệ. Chỉ khi Nhà nước đóng vai trò kiến tạo, lấy ngân sách làm trụ cột ban đầu, ngành đường sắt mới có thể bứt phá, tạođộng lực lan tỏacho tăng trưởng kinh tế, logistics và phát triển bền vững."
https://tienphong.vn/duong-sat-toc-do-cao-bac-nam-la-cu-hich-tai-dinh-hinh-toan-nganh-post1808491.tpo,Đường sắt tốc độ cao Bắc - Nam là cú hích tái định hình toàn ngành,"TPO - Theo lãnh đạo Tổng Công ty Đường sắt Việt Nam (VNR), tuyến đường sắt tốc độ cao Bắc - Nam được đánh giá là cú hích mang tính tái định hình toàn ngành. Đây không chỉ là một dự án hạ tầng đơn thuần mà còn kéo theo yêu cầu thay đổi toàn diện về tổ chức, nhân lực, công nghệ và phương thức quản trị.","Tái cơ cấu để không lỡ nhịp đầu tư
Phát biểu tại hội nghị triển khai nhiệm vụ năm 2026 của VNR trong chiều 28/12, ông Cao Anh Tuấn -Thứ trưởng Bộ Tài chính- đánh giá cao nỗ lực vượt khó của ngành đường sắt trong giai đoạn nhiều biến động, đồng thời nhấn mạnh yêu cầu tái cơ cấu mạnh mẽ để đưa đường sắt trở thành trụ cột trong hệ thống giao thông vận tải quốc gia.
Theo Thứ trưởng Bộ Tài chính, việc hoàn thiện Đề án cơ cấu lại VNR giai đoạn 2026-2030, tầm nhìn đến năm 2035 là nhiệm vụ then chốt. Đề án này không chỉ nhằm tinh gọn bộ máy, mà còn hướng tới chuyển đổi mô hình hoạt động theo hướng tập đoàn, tạo nền tảng để ngành đường sắt có thể tham gia sâu vào các dự án đường sắt mới, đặc biệt là các tuyến hiện đại và tốc độ cao, ngay từ giai đoạn đầu tư.
Để quá trình chuyển đổi đạt hiệu quả, Bộ Tài chính đang phối hợp chặt chẽ với các bộ, ngành liên quan trong việc xây dựng các cơ chế,chính sách đặc thùcho ngành đường sắt. Trọng tâm là hoàn thiện các nghị định về cơ chế tài chính đặc thù, nâng cao năng lực quản trị và hiệu quả sử dụng tài sản nhà nước tại doanh nghiệp.
Hướng tới Đại hội đại biểu toàn quốc lần thứ XIV, đường sắt được xác định là “trọng tâm của trọng tâm” trong chiến lược phát triển hệ thống giao thông vận tải đồng bộ. Bộ Tài chính khẳng định sẽ tiếp tục sát cánh cùng VNR trong công tác quản lý, vận hành và đặc biệt là chuẩn bị các điều kiện cần thiết để tiếp nhận, vận hành các dự án đường sắt mới, trong đó có đường sắt tốc độ cao.
Tại hội nghị, ông Hoàng Gia Khánh - Tổng Giám đốc VNR - cho biết, trong năm nay, dù đối mặt nhiều thách thức do thiên tai và mưa lũ, hoạt động sản xuất kinh doanh của ngành đường sắt vẫn duy trì tăng trưởng dương.Doanh thu hợp nhất năm 2025ước đạt trên 10.700 tỷ đồng, tăng khoảng 10% so với cùng kỳ; lợi nhuận đạt 139 tỷ đồng. Kết quả này được xem là nền tảng quan trọng để ngành bước vào giai đoạn phát triển mới.
Chuẩn bị cho dự án mang tính tái định hình
Theo ông Hoàng Gia Khánh, các dự án đường sắt trong giai đoạn tới có quy mô lớn, công nghệ cao và yêu cầu quản trị hoàn toàn khác so với trước đây. Nếu không sắp xếp lại tổ chức, chuẩn hóa nguồn lực từ sớm, ngành đường sắt sẽ khó tham gia sâu vào các dự án mới. Vì vậy, tái cơ cấu được coi là điều kiện tiên quyết để bước vào chu kỳ phát triển tiếp theo.
Việc Quốc hội thông qua chủ trương đầu tư và Chính phủ chỉ đạo quyết liệt được nhìn nhận là “thời cơ lịch sử”, giúp đường sắt Việt Nam thoát khỏi mô hình khai thác truyền thống, từng bước tiến tới kỷ nguyênvận tải tốc độ cao, xanh và số hóa.
Trong các dự án sắp tới, tuyến đường sắt tốc độ cao Bắc - Nam được đánh giá là cú hích mang tính tái định hình toàn ngành. Đây không chỉ là một dự án hạ tầng đơn thuần mà còn kéo theo yêu cầu thay đổi toàn diện về tổ chức, nhân lực, công nghệ và phương thức quản trị.
Ngay từ đầu năm 2026, VNR sẽ tập trung cho khâu “chuẩn bị mềm” - từ hoàn thiện thể chế, sắp xếp tổ chức đến đào tạo nhân lực - đểsẵn sàng tham gia xây dựng, quản lý, vận hành và bảo trì tuyến đường sắt tốc độ cao khi dự án bước vào giai đoạn triển khai chính thức. Song song với đó, doanh nghiệp phối hợp chặt chẽ với Bộ Xây dựng trong việc hoàn thiện các cơ chế đặc thù, xây dựng lộ trình tiếp nhận công nghệ và đào tạo nhân lực theo tiêu chuẩn quốc tế.
Không dừng ở tuyến tốc độ cao, năm 2026 còn được xem là giai đoạn tăng tốc của nhiều dự án đường sắt quan trọng khác. Tiêu biểu là tuyếnLào Cai - Hà Nội - Hải Phòngvừa khởi công ngày 19/12, được kỳ vọng trở thành trục vận tải chiến lược, kết nối hành lang kinh tế, logistics và liên vận quốc tế.
Để đón đầu các tuyến mới, VNR đang triển khai đề án tái cơ cấu theo mô hình tập đoàn, hướng tới hình thành một hệ sinh thái đồng bộ từ vận tải, quản lý hạ tầng đến công nghiệp đường sắt, đào tạo và chuyển giao công nghệ. Trong đó, dự án xây dựng Tổ hợp công nghiệp đường sắt được coi là nền tảng để từng bướclàm chủ công nghệ, giảm phụ thuộc nhập khẩu trong dài hạn.
""Nếu năm 2025 được coi là giai đoạn “làm nền”, thì 2026 là năm “vào guồng” của chu kỳ phát triển mới. Việc đồng thời tái cơ cấu doanh nghiệp và chuẩn bị cho các dự án hạ tầng quy mô lớn cho thấy quyết tâmđưa đường sắt trở lại vai trò trụ cộttrong hệ thống giao thông quốc gia, hướng tới một ngành vận tải hiện đại, bền vững và hội nhập sâu hơn với khu vực, thế giới"", ông Hoàng Gia Khánh nhấn mạnh."
