url,title,description,content
https://vietnamnet.vn/viet-nam-loi-nguoc-dong-kiem-soat-can-benh-gieo-rac-noi-kinh-hoang-2471317.html,Không tìm thấy,,"Tối 10/12, Bộ Y tế tổ chức lễ tổng kết và trao giải “Giải báo chí toàn quốc về phòng, chốngHIV/AIDS”. Phát biểu tại buổi lễ, Thứ trưởng Bộ Y tế Nguyễn Thị Liên Hương cho biết, HIV/AIDS vẫn là vấn đề y tế công cộng quan trọng của mỗi quốc gia.
Ca nhiễm HIV đầu tiên được phát hiện tại Việt Nam vào năm 1990. Những năm đầu thập niên 90 và 2000, HIV/AIDS thực sự là một ""cơn bão"" gieo rắc nỗi kinh hoàng, sự chia ly và mất mát lên biết bao gia đình, khi ấy HIV được ví như một ""bản án tử hình"" không có lời giải trong bối cảnh nhận thức hạn chế và nguồn lực thiếu thốn. Tuy nhiên, sau 35 năm với sự vào cuộc của cả hệ thống chính trị, ngành Y tế Việt Nam đã lội ngược dòng ngoạn mục, kiểm soát thành công dịch bệnh và trở thành điểm sáng của thế giới.
Theo bà Hương, những năm gần đây, dịch có xu hướng thay đổi với tỷ lệ lây truyền qua đường tình dục chiếm tới 73,6%, trong đó nam giới chiếm đa số (83,6%), đặc biệt nổi bật ở nhóm nam quan hệ tình dục đồng giới. Dịch cũng gia tăng trong nhóm trẻ tuổi 16-29, ở mức 46,7% năm 2023 và 37,7% năm 2024.
Đến năm 2024, mục tiêu 95-95-95 đạt mức 87,3 - 78,9 - 96, cao hơn trung bình khu vực châu Á-Thái Bình Dương và tiệm cận mức toàn cầu. Điều này cho thấy hiệu quả của các chương trình can thiệp, sự chỉ đạo quyết liệt của Chính phủ và sự vào cuộc của cả hệ thống chính trị.
Theo lãnh đạo Bộ Y tế, Việt Nam hiện là một trong 4 quốc gia cùng với Anh, Đức, Thụy Sĩ có chất lượng điều trị HIV/AIDS tốt nhất thế giới. Đặc biệt, tỷ lệ người nhiễm HIV được điều trị ARV có tải lượng virus dưới ngưỡng ức chế đạt trên 96%. Điều này mang ý nghĩa nhân văn to lớn, khẳng định người nhiễm HIV hoàn toàn có sức khỏe bình thường, có khả năng lao động, cống hiến và quan trọng nhất là không lây truyền bệnh cho người khác qua đường tình dục theo thông điệp K=K.
Giải báo chí toàn quốc về phòng, chống HIV/AIDS lần thứ nhất được phát động hơn ba tháng trước, nhận hơn 1.200 tác phẩm dự thi, phản ánh sự quan tâm mạnh mẽ của báo chí đối với lĩnh vực này.
Giải cũng là nơi tôn vinh những người khai mở, dám thử nghiệm, dám thay đổi để cứu người. Tiêu biểu là bác sĩ Trương Hữu Khanh với ""sáng kiến kỳ lạ"" chia nhỏ viên thuốc ARV cho trẻ nhiễm HIV, mở ra cánh cửa hy vọng cho hàng nghìn sinh mệnh tưởng như đã định sẵn kết cục.
Ngoài ra, cuộc thi còn có hình ảnh những bác sĩ lặng lẽ nhưng kiên cường, dành cả thanh xuân làm việc ở nơi mà chỉ cần nghe tên là ai cũng hiểu sự khắc nghiệt: Bệnh viện 09 - nơi ""neo giữ"" từng mảnh đời yếu ớt nhất của hành trình điều trị HIV/AIDS.
Ban Tổ chức đánh giá mùa giải năm nay thể hiện sự chuyển biến rõ rệt trong tư duy truyền thông: Khoa học, tích cực và nhân văn hơn.
"
https://vietnamnet.vn/nguoi-dan-ong-gap-nan-vi-chiec-ao-mua-gay-nhieu-xuong-suon-2471052.html,Không tìm thấy,,"Ngày 3/12, trong lúc ông N.V.C (49 tuổi, Đan Phượng, Hà Nội) điều khiển xe máy dưới trời mưa lớn, phần tà áo mưa bị gió tạt mạnh rồi cuốn vào bánh sau. Sự cố khiến ông C. mất thăng bằng và ngã xuống đường khiến bị thương vùng mặt, ngực.
Ông C. nhanh chóng được đưa đicấp cứutại Bệnh viện 19-8 (Hà Nội). Tại thời điểm tiếp nhận, bệnh nhân tỉnh táo, tiếp xúc tốt, có xây xát da vùng gò má trái và bàn tay hai bên, kèm theo đau ngực trái. Kết quả chẩn đoán hình ảnh cho thấy gãy các xương sườn số 4, 5 và 7 bên trái. Chụp CT kiểm tra chấn thương sọ não cho thấy bệnh nhân còn bị gãy rạn cung tiếp gò má trái và gãy thành trước xoang hàm trái.
Ông C. được xử trí ban đầu gồm sát khuẩn vết thương, tiêm SAT, kê đơn điều trị giảm đau kháng viêm và hướng dẫn theo dõi. Hiện bệnh nhân đã ổn định và được hẹn tái khám theo chỉ định của bác sĩ.
Các bác sĩ Khoa Cấp cứu A9, Bệnh viện 19-8 cho biết tai nạn do áo mưa cánh dơi cuốn vào bánh xe là tình huống xảy ra thường xuyên, đặc biệt trong mùa mưa bão nhưng nhiều người vẫn chủ quan. Không chỉ gây té ngã, sự cố này còn có thể kéo theo hàng loạt chấn thương nặng như gãy xương, chấn thương sọ não, thậm chí nguy hiểm đến tính mạng.
Để phòng tránh, người dân hạn chế tối đa sử dụng áo mưa cánh dơi khi đi xe máy, nhất là trong thời tiết gió mạnh. Khi dùng áo mưa, mọi người cần buộc gọn tà áo, tránh để áo bay và chạm vào bánh hoặc xích xe, lựa chọn áo mưa dạng bộ (quần áo) để đảm bảo an toàn hơn."
https://vietnamnet.vn/bo-y-te-dinh-chi-thu-hoi-hang-loat-dau-goi-dau-xa-kem-duong-da-2471070.html,Không tìm thấy,,"Cụ thể, Cục Quản lý Dược yêu cầuđình chỉ lưu hành, thu hồi trên toàn quốcđối với 3 sản phẩm là dầu gội, dầu xả suôn mượt, gel tắm dưỡng da của Công ty cổ phần mỹ phẩm Vimac (trụ sở tại Hà Nội) - doanh nghiệp chịu trách nhiệm đưa sản phẩm ra thị trường và sản xuất.
Lý do thu hồi là kinh doanh mỹ phẩm không có hồ sơ thông tin sản phẩm (PIF).
Cục Quản lý Dược đề nghị Sở Y tế các tỉnh, thành phố thông báo cho các cơ sở kinh doanh, sử dụng mỹ phẩm trên địa bàn ngừng ngay việc kinh doanh, sử dụng 3 sản phẩm nêu trên và trả lại cơ sở cung ứng sản phẩm.
Ngoài ra, Cục Quản lý Dược cũng ban hành quyết định đình chỉ lưu hành, thu hồi và tiêu hủy mỹ phẩm của Công ty TNHH Đầu tư Thương mại và Dịch vụ Thương Tín.
Theo đó, Cục đình chỉ lưu hành, thu hồi trên toàn quốc lô sản phẩm Kem dưỡng da vitamin E Carebeau - Trắng (Carebeau Cream Vitamin E-White), lọ 250g. Trên nhãn ghi số tiếp nhận phiếu công bố 135014/20/CBMP-QLD, số lô 561, NSX 08-2024, HSD 08-2027.
Sản phẩm do Công ty TNHH Đầu tư Thương mại và Dịch vụ Thương Tín (phường Thượng Cát, TP Hà Nội) chịu trách nhiệm đưa sản phẩm ra thị trường. Nhà sản xuất: SB Interlab Co., Ltd, Thái Lan.
Lý do thu hồi vì sản phẩm mỹ phẩm có công thức không đúng như hồ sơ đã công bố.
Cục Quản lý Dược đề nghị Sở Y tế các tỉnh, thành phố thông báo cho các cơ sở kinh doanh, sử dụng mỹ phẩm trên địa bàn ngừng ngay việc kinh doanh, sử dụng lô sản phẩm nêu trên và trả lại cơ sở cung ứng sản phẩm. Các đơn vị tiến hành thu hồi và tiêu hủy lô sản phẩm vi phạm; kiểm tra, giám sát các đơn vị thực hiện thông báo này, xử lý các đơn vị vi phạm theo quy định hiện hành."
https://vietnamnet.vn/loai-rau-gia-vi-gia-re-giup-giai-cam-4-nhom-nguoi-tuyet-doi-khong-nen-dung-2470359.html,Không tìm thấy,,"TS. Ngô Đức Phương, Viện trưởng Viện Khoa học Thuốc Nam cho biết, tía tô (Perilla frutescens (L.) Britt) chứa tới 271 hợp chất hóa thực vật đã được phân lập trong lá, thân và hạt. Đây là cơ sở tạo nên giá trị dược liệu phong phú của loài cây này.
Trong y học cổ truyền,tía tô được xếp vào nhóm vị thuốc cay ấm, có tác dụng giải biểu tán hàn, hòa vị, an thai và hỗ trợ điều trị các triệu chứng cảm lạnh, háo suyễn, buồn nôn, nôn khan hay đau bụng do ăn hải sản. Y học hiện đại cũng ghi nhận chiết xuất từ tía tô có đặc tính chống oxy hóa, kháng khuẩn và chống dị ứng nhờ chứa nhiều hoạt chất sinh học quý.
Những ngày thời tiết chuyển mùa, nhất là khi nhiệt độ giảm sâu, cơ thể dễ nhiễm lạnh dẫn đến hắt hơi, sổ mũi, ho, đau mỏi người. Nhiều người có thói quen sử dụng các bài thuốc dân gian để giảm triệu chứng sớm, trong đó nước lá tía tô được xem là lựa chọn phổ biến nhờ tính cay ấm và sự an toàn khi sử dụng.
Bác sĩ Vũ Mai Hoa, Khoa Y học cổ truyền, Bệnh viện 19/8 (Bộ Công an), cho biết tía tô có khả năng phát tán, giúp làm ra mồ hôi và đẩy hàn khí qua da. Đồng thời, tính ấm của loại rau này có tác dụng làm ấm tỳ vị, cải thiện các triệu chứng đầy bụng, lạnh bụng và chán ăn do nhiễm lạnh. Việc dùng tía tô đúng cách trong mùa đông có thể bảo vệ sức khỏe, hạn chế nguy cơ khởi phát cảm lạnh.
Ba cách kết hợp tía tô giúp tăng hiệu quả giải cảm
Tía tô - gừng:Đây là sự kết hợp quen thuộc trong điều trị cảm lạnh thông thường. Cả hai đều có vị cay và tính ấm, giúp thúc đẩy quá trình tán hàn. Bài thuốc đặc biệt hữu ích khi cơ thể vừa bị nhiễm lạnh, dính mưa hoặc ngồi phòng điều hòa trong thời gian dài. Người dùng chỉ cần hãm một nắm tía tô và vài lát gừng đập dập với nước sôi khoảng 10-15 phút, uống nóng.
Tía tô - kinh giới:Bộ đôi này thường được dùng trong các trường hợp cảm lạnh kèm nghẹt mũi, sổ mũi và đau đầu. Ngoài uống, hỗn hợp còn được sử dụng để xông, giúp làm thông thoáng đường hô hấp và giảm nhanh triệu chứng.
Tía tô - mật ong hoặc chanh:Khi cảm lạnh đi kèm ho hoặc rát họng, tía tô có thể kết hợp với mật ong hoặc chanh. Mật ong giúp làm dịu họng và kháng khuẩn, chanh bổ sung vitamin C, tăng cường miễn dịch. Lưu ý, chỉ thêm mật ong hoặc chanh khi nước tía tô đã ấm để tránh làm giảm dưỡng chất.
Bác sĩ Hoa cũng lưu ý, nước lá tía tô tươi nên sử dụng trong 24 giờ để đảm bảo chất lượng, mùi vị. Ngoài ra, bạn không nên uống nước lá tía tô đun đi đun lại nhiều lần giảm đi khoáng chất.
""Người dân cũng không nên đun sôi nước tía tô tươi để quá 15 phút vì các tinh dầu trong lá, cành cây sẽ bị bốc hơi từ đó làm giảm hiệu quả đối với người sử dụng. Người bị cảm nóng không nên sử dụng nước lá tía tô bởi như vậy dễ bị nóng trong người khó chịu. Đặc biệt, uống quá nhiều nước tía tô trong một thời gian dài có thể gây chướng bụng, khó tiêu hoặc ảnh hưởng đến huyết áp. Nếu dùng lá tía tô có biểu hiện mệt mỏi, kém ăn, thở nông, choáng váng, táo bón, tiểu tiện đỏ… thì cần dừng ngay"", bác sĩ Hoa thông tin.
Bốn nhóm người không nên uống nước tía tô
Mặc dù tía tô rất lành tính và phổ biến nhưng không phải ai cũng dùng được. Các chuyên gia nhấn mạnh, do tía tô có tính phát tán mạnh, làm ra mồ hôi, nên 4 nhóm sau cần phải cẩn trọng.
Người cơ địa nhiệt, hay nóng trong:Tía tô có thể khiến tình trạng nóng trong, mẩn ngứa, nhiệt miệng trở nên trầm trọng hơn.
Người sốt cao do cảm nhiệt:Tía tô chỉ phù hợp với cảm phong hàn (sợ lạnh, ít mồ hôi). Ở người sốt cao, ra nhiều mồ hôi, dùng tía tô dễ gây mất nước thêm.
Người tiêu chảy do nhiệt:Trong trường hợp tiêu chảy kèm nóng rát hậu môn và phân nặng mùi, tía tô có thể khiến cơ thể mất nước nặng hơn.
Người có nguy cơ xuất huyết hoặc đang chảy máu:Với đặc tính ấm, tía tô có thể kích thích tuần hoàn, không phù hợp cho người bị chảy máu cam, vết thương hở hoặc có nguy cơ xuất huyết tiêu hóa.
Ngoài ra, phụ nữ mang thai muốn dùng tía tô để giảm ốm nghén hoặc giải cảm chỉ nên sử dụng lượng nhỏ và tham khảo ý kiến bác sĩ."
https://vietnamnet.vn/tre-13-tuoi-phai-mo-cap-cuu-do-thoi-quen-thuc-khuya-ap-luc-hoc-hanh-2470960.html,Không tìm thấy,,"Ngày 9/12, Bệnh viện Nam Thăng Long (Hà Nội) thông tin các bác sĩ vừa tiếp nhận một bé trai 13 tuổi (trú tại Hà Nội) nhập viện cấp cứu trong tình trạng đau dữ dội vùng thượng vị, cơn đau lan khắp ổ bụng.
Kết quả thăm khám cho thấy bệnh nhi bị viêm phúc mạc toàn thể do thủng ổ loétdạ dày- tá tràng, một biến chứng nặng vốn thường gặp ở người trưởng thành hơn là trẻ nhỏ. Các bác sĩ lập tức tiến hành phẫu thuật cấp cứu cho trẻ.
Trong ca mổ nội soi, ê-kíp phát hiện lỗ thủng khoảng 3mm ở mặt trước hành tá tràng, dịch tiêu hóa đã tràn vào ổ bụng gây viêm phúc mạc. Bệnh nhi được khâu kín lỗ thủng, hút rửa ổ bụng và hiện đã hồi phục hoàn toàn, không ghi nhận biến chứng sau mổ.
Bác sĩ chuyên khoa 1 Nguyễn Hồng Nam - Trưởng khoa Ngoại tổng hợp cho biết, thủng ổ loét tá tràng thường liên quan đến việc sử dụng rượu bia hoặc bệnh lý kéo dài ở người lớn. Tuy nhiên, thời gian gần đây, các ca bệnh ở lứa tuổi vị thành niên đang có xu hướng tăng lên đáng kể.
Trẻ nhập viện do các nguyên nhân đến từ thói quen sinh hoạt thiếu khoa học bỏ bữa sáng, ăn uống thất thường; lạm dụng đồ cay nóng, chiên rán; dùng nhiều nước ngọt có ga và thức ăn nhanh; căng thẳng học tập kéo dài; thậm chí lạm dụng thuốc giảm đau, kháng viêm không kê đơn. Đặc biệt, tình trạng ngủ muộn khiến dạ dày tăng tiết axit kéo dài, làm tổn thương niêm mạc và tạo điều kiện hình thành ổ loét.
Nếu không được phát hiện và điều trị kịp thời, các ổ loét có thể tiến triển thành xuất huyết tiêu hóa hoặc thủng dạ dày - tá tràng, rất nguy hiểm.
Từ trường hợp trên, Bệnh viện Nam Thăng Long khuyến cáo phụ huynh cần chú ý xây dựng thói quen sống lành mạnh cho cả gia đình. Trẻ cần ăn uống đúng giờ, không bỏ bữa sáng; hạn chế đồ ăn nhanh và nước có ga; không tự ý dùng thuốc giảm đau, kháng viêm.
Trẻ cần ngủ đủ giấc, giảm căng thẳng học đường, đồng thời đi khám sớm khi có các triệu chứng như đau bụng kéo dài, đầy hơi, ợ nóng, nôn ói hoặc sụt cân bất thường."
https://vietnamnet.vn/tinh-trang-suc-khoe-cac-nan-nhan-trong-vu-o-to-cho-gia-dinh-di-dam-cuoi-gap-nan-2470835.html,Không tìm thấy,,"XEM VIDEO:Đại diện Bệnh viện Đa khoa Quảng Nam thông tin về tình hình các nạn nhân trong vụ tai nạn.
Chiều 9/12, Bệnh viện Đa khoa Quảng Nam cho biết đã chuyển mổ cấp cứu hai bệnh nhân bị thương nặng trong vụ ô tô chở gia đình đi đám cưới gặp nạn trên cao tốc là ông V.V.T (54 tuổi, trú xã Hải An, tỉnh Ninh Bình) và tài xế P.V.K (39 tuổi, trú xã Hải Thịnh, tỉnh Ninh Bình).
Ông T. bị đa chấn thương, gồm chấn thương sọ não độ II, chấn thương hàm mặt, gãy phức tạp hai xương hàm, vết thương mi mắt trái, gãy xương chính mũi, gãy hai xương ngực và dập phổi hai bên. Tài xế K. bị đa chấn thương gồm chấn thương sọ não, vết thương đầu trên xương chày, vết thương mi mắt trái và dị vật mắt trái.
Cả hai bệnh nhân đã được phẫu thuật thành công và đang được theo dõi tại khoa Hồi sức tích cực.
Theo bác sĩ Nguyễn Ngọc Văn Khoa - Phó Giám đốc phụ trách Bệnh viện Đa khoa Quảng Nam, khoảng 6h sáng nay, bệnh viện tiếp nhận các nạn nhân trong tình trạng khẩn cấp và lập tức kích hoạt quy trình báo động đỏ, huy động toàn bộ lực lượng y tế tham gia cấp cứu.
Trong 10 bệnh nhân được đưa đến, có 2 nạn nhân là cha con chỉ bị choáng và trầy xước nhẹ, được sơ cứu và không nhập viện; các trường hợp còn lại được xử trí cấp cứu tại chỗ.
Trong số này, bệnh nhân T.T.V (51 tuổi, trú xã Hải Thịnh, Ninh Bình) dù được hồi sức, phẫu thuật khẩn cấp nhưng đã không qua khỏi. Bà V. tử vong do đa chấn thương, gồm chấn thương bụng kín (chấn thương lách độ II, chấn thương thận trái độ 2), chấn thương sọ não, cột sống cổ, trật cột sống cổ, chấn thương tủy cổ, vỡ các đốt sống D8-D11; chấn thương ngực kín kèm tràn máu màng phổi hai bên, tràn khí màng phổi trái và gãy nhiều xương sườn.
Các bệnh nhân khác đang được điều trị nội khoa và theo dõi. Bệnh nhân T.T.X (48 tuổi, xã Hải An) chấn thương sọ não; H.T.T (39 tuổi, xã Hải Tiến, Ninh Bình) gãy xương hàm mặt; N.V.H (55 tuổi, trú xã Hải Tiến) bị chấn thương lách và gãy xương sườn số 6 bên trái. Bệnh nhân V.T.Đ (23 tuổi, trú xã Hải An - cô dâu) bị chấn thương do va đập vùng ngực trái còn chồng chị là H.V.T (23 tuổi, trú xã Hải Tiến) bị chấn thương vùng chậu phải.
Chiều 9/12, Phó Chủ tịch UBND TP Đà Nẵng Lê Quang Nam đã đến thăm hỏi, động viên các nạn nhân đang điều trị tại Bệnh viện Đa khoa Quảng Nam.
Tại đây, ông Nam đề nghị bệnh viện tập trung tối đa nhân lực, thiết bị và vật tư y tế để cứu chữa các nạn nhân; đồng thời tạo điều kiện thuận lợi để gia đình sớm tiếp cận, đưa thi thể người tử vong về quê an táng và chăm sóc những người còn đang điều trị.
Trước đó, khoảng 4h10 sáng 9/12, tại Km71+200, đoạn qua thôn Bích Ngô (xã Tam Xuân, TP Đà Nẵng), xe khách biển số 29B-081.62 do tài xế P.V.K điều khiển, chở theo 12 người, đã va chạm vào phía sau xe đầu kéo 15C-360.35 kéo rơ-moóc 15R-149.06 do tài xế B.M.T (43 tuổi, trú Hải Phòng) lái cùng chiều.
Cú va chạm mạnh khiến ba người tử vong tại chỗ, 10 người bị thương được đưa đến Bệnh viện Đa khoa Quảng Nam cấp cứu, sau đó thêm một người tử vong. Tất cả nạn nhân đều là người trong cùng gia đình của cô dâu và chú rể.
Nguyên nhân vụ việc đang tiếp tục được điều tra, làm rõ."
https://vietnamnet.vn/tu-1-diem-di-thuong-o-co-nguoi-dan-ong-35-tuoi-phat-hien-ung-thu-di-can-2470314.html,Không tìm thấy,,"Người đàn ông 35 tuổi đến Bệnh viện Đa khoa Hùng Vương (tỉnh Phú Thọ) khám vì gần đây anh sờ thấy hạch ở vùng cổ trái. Do hạch không gây đau, anh đã chủ quan nghĩ rằng mình bị viêm họng hay cảm thông thường. Tuy nhiên, quá trình thăm khám đã phát hiện nhiều bất thường.
Tại Khoa Khám bệnh, bác sĩ ghi nhận hạch nhóm II cổ trái cứng chắc và hạn chế di động, không giống với đặc điểm của hạch lành tính. Kết quả siêu âm cho thấy hạch có kích thước lớn, khoảng 3x4cm và mất cấu trúc.
Nội soi tai mũi họng tiếp tục ghi nhận hình ảnh u vòm họng nghi ngờ ung thư. Sau khi được chỉ định chọc tế bào hạch cổ và sinh thiết u, bệnh nhân nhận kết quảung thưdi căn hạch và ung thư vòm họng. Đây là chẩn đoán nặng nề đối với một người còn rất trẻ.
Các bác sĩ cho rằng ung thư vòm họng là bệnh lý có diễn tiến âm thầm và không gây nhiều triệu chứng rõ rệt. Bệnh nhân đau, không sốt, không ho mà chỉ biểu hiện rất kín đáo như nổi hạch cổ, nghẹt mũi một bên, ù tai hoặc đôi khi chỉ chảy máu mũi nhẹ. Chính vì sự mơ hồ này, người bệnh dễ bỏ qua, tự điều trị tại nhà và chỉ đến khám khi bệnh đã tiến triển nặng, thậm chí di căn hạch.
Theo bác sĩ chuyên khoa Nguyễn Đức Tỉnh - Khoa Chẩn đoán Hình ảnh, Bệnh viện Quân Y 175 (TPHCM), không phải hạch nào xuất hiện cũng là dấu hiệu của bệnh ác tính. Hạch có thể nổi lên do viêm họng, viêm mũi xoang, nhiễm trùng vùng răng miệng, viêm tuyến giáp hay phản ứng miễn dịch. Những dạng hạch này thường lành tính và có thể tự biến mất sau vài tuần.
Dù vậy, vẫn tồn tại những trường hợp cần thận trọng. Trên hình ảnh siêu âm, một số đặc điểm như hạch mất rốn mỡ, bờ không đều, có vôi hóa, tăng sinh mạch mạnh, hình dạng tròn bất thường có thể gợi ý nguy cơ ác tính. Nếu bệnh nhân chỉ xuất hiện một hoặc hai đặc điểm, bác sĩ có thể theo dõi thêm. Trường hợp có nhiều dấu hiệu nghi ngờ, bệnh nhân cần được sinh thiết để loại trừ ung thư.
Khi phát hiện có hạch trên siêu âm, bác sĩ sẽ đánh giá loại hạch, đo kích thước và xác định vị trí, đồng thời xem xét mối liên quan với tuyến giáp nếu người bệnh có nhân kèm theo. Trong một số trường hợp, bệnh nhân sẽ được yêu cầu làm thêm các xét nghiệm như đánh giá chức năng tuyến giáp, xét nghiệm viêm - nhiễm trùng, siêu âm Doppler mạch máu hoặc chụp CT nếu nghi ngờ có hạch nằm sâu.
Khi hạch mang nhiều dấu hiệu nghi ngờ, sinh thiết FNA là bước quan trọng nhất nhằm xác định bản chất của hạch. Nếu kết quả FNA cho thấy hạch lành tính, bệnh nhân sẽ được hẹn tái khám sau 3 đến 6 tháng; ngược lại, nếu kết luận ác tính, cần tiến hành điều trị chuyên sâu.
Một số trường hợp, hạch cần được xử lý ngay, đặc biệt khi hạch to nhanh, đau nhức, sưng nóng, gây khó nuốt, tức cổ, xuất hiện nhiều nhóm hai bên hoặc không giảm sau vài tuần theo dõi.
Khi một người phát hiện hạch ở cổ, bác sĩ Tỉnh khuyến cáo bệnh nhân không hoảng sợ nhưng cũng không được chủ quan. Người bệnh cần thăm khám đúng chuyên khoa, thực hiện đầy đủ các xét nghiệm cần thiết, tuân thủ theo dõi định kỳ và tuyệt đối không tự ý sử dụng thuốc hoặc tự xử lý hạch tại nhà. Phát hiện sớm không chỉ giúp cải thiện hiệu quả điều trị mà đôi khi còn giúp bảo vệ chính tính mạng của người bệnh."
https://vietnamnet.vn/nhap-vien-vi-thuong-xuyen-tiep-khach-bang-tiet-canh-de-tai-2470820.html,Không tìm thấy,,"Ông L.T.T (53 tuổi, Hà Nội) đến Bệnh viện Bệnh Nhiệt đới Trung ương (Hà Nội) khám trong tình trạng ngứa toàn thân, nổi mẩn kéo dài và đau hạ sườn phải từng cơn. Các triệu chứng xuất hiện hơn một năm, dù đã đi khám nhiều nơi và dùng nhiều loại thuốc nhưng không tìm được nguyên nhân.
Bác sĩ CKII Vũ Thị Thu Hương, Giám đốc Trung tâm Khám chữa bệnh theo yêu cầu và Quốc tế, cho biết bệnh nhân được làm xét nghiệm máu và chẩn đoán hình ảnh. Kết quả xác định ông T. dương tính vớisán lá gan lớnvà giun đũa chó mèo. Bệnh nhân còn có ổ áp xe gan gần 5cm kèm tăng bạch cầu ái toan và chỉ số viêm. Ổ áp-xe khá lớn, nếu đến muộn có thể vỡ, gây nhiễm khuẩn huyết nguy hiểm.
Do đặc thù công việc thường xuyên tiếp khách hàng và mê các món tái sống, ông T. hay ăn tiết canh, thịt tái, dê tái, gỏi cá, nội tạng động vật và rau sống không đảm bảo vệ sinh. Đây là những nguồn lây phổ biến của sán lá gan lớn, giun đũa chó mèo và nhiều ký sinh trùng khác.
Bệnh nhân được điều trị bằng chọc hút ổ áp xe, thuốc diệt ký sinh trùng, kháng sinh kiểm soát nhiễm trùng và theo dõi sát men gan, bạch cầu ái toan. Sau quá trình ông T. điều trị nội trú và ngoại trú, bạch cầu ái toan trở về bình thường, ổ áp xe thu nhỏ và hết dịch mủ; các triệu chứng sốt, đau hạ sườn phải giảm rõ rệt, tình trạng ngứa gần như biến mất. Hiện sức khỏe bệnh nhân đã ổn định.
Theo bác sĩ Hương, nhiễm ký sinh trùng là bệnh dễ bị bỏ sót vì khởi phát với dấu hiệu mơ hồ như ngứa kéo dài, dễ nhầm với dị ứng. Khi ký sinh trùng xâm nhập sâu vào nội tạng như gan, mắt hoặc não, chúng có thể gây áp-xe, giảm thị lực, đau đầu hay co giật. Những biến chứng này thường xảy ra khi bệnh kéo dài âm thầm mà không được điều trị đúng.
Trường hợp của ông T. cho thấy việc ăn tái, sống và sử dụng nội tạng động vật tiềm ẩn nguy cơ nhiễm ký sinh trùng nặng, gây tổn thương gan và nhiều cơ quan khác. Sau điều trị, ông được khuyến cáo thay đổi hoàn toàn thói quen ăn uống và khám định kỳ để tránh tái nhiễm.
Bác sĩ Hương khuyến cáo người dân cần ăn chín uống sôi, tránh các món sống; rửa sạch rau củ; giữ vệ sinh cá nhân, rửa tay trước khi ăn và sau khi đi vệ sinh; tẩy giun định kỳ và giữ vệ sinh môi trường. Khi có triệu chứng kéo dài như ngứa, đau bụng, rối loạn tiêu hóa hoặc có nguy cơ phơi nhiễm, cần đi khám sớm để được chẩn đoán và điều trị kịp thời."
https://vietnamnet.vn/bi-to-ke-don-thuoc-kieu-bia-kem-lac-benh-vien-da-lieu-trung-uong-len-tieng-2470701.html,Không tìm thấy,,"Trên một diễn đàn, một người dân phản ánh việc nhà thuốcBệnh viện Da liễu Trung ươngbán thêm sản phẩm dù bệnh nhân không yêu cầu. Theo chia sẻ, cháu của người này được bác sĩ cấp hai giấy: Đơn thuốc và đơn tư vấn (dược mỹ phẩm), đồng thời hướng dẫn mua tại nhà thuốc của bệnh viện.
Tại nhà thuốc, dù người nhà chỉ nộp đơn thuốc với ba loại được kê, nhân viên vẫn bán thêm toàn bộ sản phẩm trong đơn tư vấn, tổng cộng hơn 1,6 triệu đồng.
Khi thắc mắc vì không có nhu cầu dùng mỹ phẩm, người này cho biết đã nhận lại thái độ thiếu thiện chí và lời giải thích không rõ ràng của người bán. Sau phản ánh, một nhân viên y tế từ khu khám bệnh xuống lấy lại đơn và đề nghị hoàn trả một phần ba giá trị đơn hàng.
Sau bài viết chia sẻ, nhiều bình luận phản ánh gặp tình trạng tương tự: Bác sĩ bệnh viện luôn kê đơn thuốc kèm phiếu tư vấn dược mỹ phẩm với số tiền cao hơn cả thuốc.
Trao đổi với PVVietNamNetvề phản ánh này, PGS.TS Đỗ Thị Thu Hiền - người phát ngôn Bệnh viện Da liễu Trung ương - cho biết, bệnh viện đã liên hệ mời người đăng tải bài viết tới làm việc nhưng người này không đến.
Qua rà soát, bệnh viện xác định bệnh nhân được nhắc đến trong bài chia sẻ từng đến khám và được chẩn đoán bị viêm da cơ địa. Người bệnh được kê 1 đơn thuốc gồm 1 phiếu tư vấn (có kem dưỡng ẩm).
Tại phòng khám, bác sĩ và điều dưỡng đã hướng dẫn bệnh nhân cách sử dụng thuốc, kem dưỡng ẩm và mua thuốc tại nhà thuốc bệnh viện.
Tại nhà thuốc, nhân viên bán hàng lấy tờ đơn thuốc, nhập mã bệnh nhân và tính tiền, lấy sản phẩm theo danh mục trên phần mềm (bao gồm thuốc và kem dưỡng ẩm) đồng thời thông báo số tiền.
Sau khi người mua phản ánh không có nhu cầu sử dụng kem dưỡng ẩm trong phiếu tư vấn, nhân viên nhà thuốc đã hoàn trả tiền.
“Tại quầy phát thuốc, do lượng bệnh nhân đông, người mua phải chờ lâu nên bức xúc. Sau khi bài viết được chia sẻ trên mạng xã hội, bệnh viện đã liên hệ lại với gia đình bệnh nhân nhằm làm rõ và giải thích. Đến nay, gia đình bệnh nhân không thắc mắc gì thêm”, PGS. TS Đỗ Thị Thu Hiền nói.
'Mỹ phẩm không kê trong đơn thuốc nhưng có vai trò quan trọng trong điều trị'
Trước phản ánh đơn tư vấn luôn đi kèm đơn thuốc, bà Hiền lý giải, hiện nay, Bộ Y tế chỉ công nhận danh từ ""mỹ phẩm"". Bởi vậy, có nhiều sản phẩm như kem dưỡng ẩm, sữa tắm dưỡng ẩm không có xà phòng, sữa rửa mặt kháng khuẩn trị mụn, kem bôi kháng khuẩn trị mụn chống bong nhờn, sản phẩm bôi kết hợp nhiều thành phần trong điều trị trứng cá, rám má, tăng/giảm sắc tố da, dầu gội trị gầu, dầu gội chống rụng tóc, kem chống nắng... được phân loại là ""mỹ phẩm"" không được kê vào đơn thuốc.
“Một số sản phẩm không thuộc danh mục thuốc của Bộ Y tế được kê trong phiếu tư vấn nhưng có vai trò quan trọng và hỗ trợ tích cực trong điều trị các bệnh da liễu như viêm da cơ địa, trứng cá, viêm da dầu, rụng tóc, rám má, sạm da, bạch biến...
Ngoài ra, các sản phẩm này còn giúp phòng ngừa tái phát, bùng phát bệnh hoặc hạn chế tiến triển bệnh và đã được đưa vào các quy trình, hướng dẫn điều trị bệnh da trên thế giới và ở Việt Nam theo quyết định của Bộ Y tế về việc ban hành tài liệu Hướng dẫn chẩn đoán và điều trị các bệnh da liễu”, bà Hiền nói.
Người phát ngôn của Bệnh viện Da liễu Trung ương nhấn mạnh, để minh bạch trong việc kê đơn thuốc và sản phẩm hỗ trợ, bệnh viện đã thực hiện theo quy định hiện hành, thuốc và dược mỹ phẩm được tách riêng biệt thành hai phiếu (đơn thuốc và phiếu tư vấn).
Đồng thời, bệnh viện cũng thông báo chi tiết ở phiếu tư vấn, khuyến cáo người bệnh cần đọc kỹ phiếu tư vấn và hỏi bác sĩ nếu chưa hiểu về tác dụng của các dược mỹ phẩm đó để yên tâm và đảm bảo hiệu quả điều trị.
“Bệnh nhân là người quyết định có dùng thêm sản phẩm mà bác sĩ tư vấn hay không. Bệnh nhân khi mua thuốc ở bệnh viện mà không có nhu cầu sử dụng, bệnh viện sẵn sàng nhận lại và hoàn tiền cho người bệnh”, bác sĩ Hiền khẳng định.
"
https://vietnamnet.vn/di-may-bay-trong-dem-ra-ha-noi-cuu-ngon-tay-bi-dut-roi-sau-25-gio-2470683.html,Không tìm thấy,,"Các thuyền viên đã sơ cứu và bảo quản phầnngón tay bị đứt rờiđúng cách trong bình giữ nhiệt, đưa anh D. vào bờ giữa thời tiết khắc nghiệt. Sau khi được cấp cứu ban đầu, anh D cùng gia đình lập tức bay từ Đà Nẵng ra Hà Nội trong đêm để đến Bệnh viện Hữu nghị Việt Đức, khi tổng thời gian thiếu máu đã lên tới 25 giờ.
Tại đây, bác sĩ đánh giá phần chi thể còn mềm, mô được bảo toàn tốt nhờ bảo quản đúng cách. Bệnh viện nhanh chóng hội chẩn đa chuyên khoa và quyết định vi phẫu nối lại ngón tay. Trong phòng mổ, hai kíp phẫu thuật làm việc song song: Một kíp xử lý phần ngón đứt, kíp còn lại chuẩn bị mỏm cụt. Xương được cố định bằng kim chuyên dụng; gân, dây chằng, thần kinh và đặc biệt các mạch máu nhỏ 0,8-1mm được nối dưới kính hiển vi với độ chính xác cao, nhằm khôi phục tưới máu cho ngón tay.
Đây là kỹ thuật đòi hỏi sự tinh vi cao, bởi chỉ cần một mạch máu tắc là ngón tay sẽ hoại tử. Với thời gian thiếu máu kỷ lục, việc kiểm soát lưu thông máu, nhiệt độ và nguy cơ co thắt mạch sau mổ là yếu tố quyết định.
TS.BS Vũ Trung Trực - Phó Trưởng khoa Phẫu thuật Hàm mặt, Tạo hình và Thẩm mỹ, Bệnh viện Hữu nghị Việt Đức cho biết: “Đây là trường hợp cực kỳ đặc biệt. Trong những ca nối chi thể, thời gian thiếu máu kéo dài thường là rào cản rất lớn. Với ca bệnh này, nhờ bảo quản phần chi thể đứt rời đúng cách ngay từ hiện trường, khớp ngón tay không bị cứng nhờ được bảo quản ở nhiệt độ phù hợp. Ngoài ra, cấu trúc ngón tay (xương, da, dây thần kinh, mạch máu) có khả năng chịu thiếu máu tốt hơn so với phần chi thể có nhiều cơ nên phần ngón tay bị thiếu máu 25 giờ nhưng vẫn có thể được nối lại”.
Sau mổ, ngón tay hồng, sống hoàn toàn; người bệnh đã cắt chỉ, rút kim và đang tập phục hồi chức năng.
Cách bảo quản chi thể bị đứt rời
Các bác sĩ cho biết, tai nạn đứt rời ngón tay, bàn tay hay các phần cơ thể có thể xảy ra bất cứ lúc nào, từ lao động sản xuất, tai nạn sinh hoạt cho đến tai nạn trên biển như trường hợp bệnh nhân D.
Vì vậy, chuyên gia khuyến cáo người dân cần trang bị kiến thức sơ cứu đúng cách, bởi đây là yếu tố quyết định khả năng cứu sống chi thể. Ngoài ra, cần thực hiện các biện pháp sau:
- Không rửa, không ngâm chi thể đứt rời vào bất kỳ dung dịch nào. Trong trường hợp phần đứt rời trong môi trường bẩn nhiều dị vật, có thể rửa dưới vòi nước sạch, tốt hơn là nước uống tinh khiết hoặc nước đun sôi để nguội.
- Bọc phần chi thể bằng gạc/khăn sạch, cho vào túi nylon và buộc kín (tránh tiếp xúc trực tiếp với đá lạnh).
- Đặt túi đựng chi thể vào một túi khác có chứa đá lạnh.
- Giữ phần chi thể trong môi trường sạch, ổn định nhiệt độ và vận chuyển nhanh nhất có thể.
- Đưa người bị nạn đến cơ sở y tế gần nhất để được xử trí và hướng dẫn tiếp theo.
- Không tự ý xử lý, không dùng thuốc, hóa chất sát trùng lên phần chi đứt rời."
https://vietnamnet.vn/nam-thanh-nien-19-tuoi-co-giat-hon-me-sau-bua-tiec-giai-tri-o-nha-ban-2470676.html,Không tìm thấy,,"Tiến sĩ, bác sĩ Nguyễn Trung Nguyên, Giám đốc Trung tâm Chống độc, Bệnh viện Bạch Mai (Hà Nội), cho biết trung tâm vừa cấp cứu một nam thanh niên 19 tuổi (trú tại Hà Nội). Bệnh nhân từng hút thuốc lá điện tử suốt 3 năm và đã chủ động bỏ từ cuối năm 2024 khi nghe thông tin về việc cấmthuốc lá điện tử.
Tuy nhiên, cuối tuần vừa qua, khi đến nhà bạn chơi, thấy bạn bè đều sử dụng vape (thuốc lá điện tử) để “giải trí”, nam thanh niên đã thử lại. Chỉ sau vài hơi, bệnh nhân bất ngờ ngã quỵ và co giật. Khi vào viện, người này trong tình trạng hôn mê và suy thận cấp.
Trước đó không lâu, một nam sinh 17 tuổi cũng nhập viện cấp cứu vì ngộ độc vape. Kiểm tra sản phẩm, bác sĩ phát hiện chứa ma túy tổng hợp. Bệnh nhân không chỉ ngộ độc hai loại ma túy trong mẫu vape mà còn bị suy thận.
Theo thông tin từ gia đình, nam sinh trên nghiện thuốc lá điện tử từ năm 13 tuổi, sau đó sử dụng cả thuốc lá điếu và lệ thuộc vào cả hai. Gần đây, sau khi hút vape, nam sinh co giật và rơi vào hôn mê. Các bác sĩ ghi nhận tổn thương não và phổi. Sau điều trị, bệnh nhân tỉnh lại nhưng trí nhớ giảm nặng, phổi rối loạn thông khí tắc nghẽn nghiêm trọng.
Bác sĩ Nguyên cảnh báo thuốc lá điện tử đang trở thành mối đe dọa sức khỏe nghiêm trọng tại Việt Nam khi số ca ngộ độc, tổn thương phổi và tai biến liên quan sản phẩm này liên tục gia tăng.
Sản phẩm không hề an toàn như quảng cáo mà chứa hàng nghìn hóa chất độc hại, nhiều chất đã được chứng minh gây ung thư, tổn thương tim mạch, rối loạn thần kinh và gây nghiện mạnh.
Theo phân tích, nicotine trong vape có nồng độ cao hơn nhiều so với thuốc lá thường. Dạng nicotine muối giúp giảm kích ứng đường hô hấp, khiến người dùng dễ hít lượng lớn khói hóa chất mà không nhận ra nguy hiểm.
Bác sĩ Nguyên nhấn mạnh nicotine là chất gây nghiện mạnh, ảnh hưởng tim mạch, não bộ, hệ tiêu hóa, sinh sản và làm tăng nguy cơ ung thư. Ở người trẻ, nicotine tác động trực tiếp đến sự phát triển não, làm giảm khả năng tập trung và ghi nhớ.
Một nguy cơ lớn khác là hỗn hợp hóa chất trong hơi vape. Khi bị nung nóng, propylene glycol và glycerin tạo ra formaldehyde, acrolein, acetaldehyde - những chất gây ung thư và tổn thương phổi. Hơi thuốc còn chứa kim loại nặng như chì, cadmium, niken, crom; hàng nghìn hương liệu tổng hợp và nhiều hợp chất hữu cơ bay hơi vốn không được phép sử dụng qua đường hít. Một số hương liệu như diacetyl có thể gây bệnh phổi “bỏng ngô” - tổn thương tiểu phế quản không hồi phục.
Tác động của thuốc lá điện tử lên cơ thể đã được ghi nhận rõ ràng: Tăng phản ứng đường thở, gây hen, viêm phế quản mạn, COPD; làm chết sớm tế bào nội mạc mạch máu, gây cứng động mạch, tăng nguy cơ nhồi máu cơ tim.
Về miễn dịch, hơi thuốc làm giảm khả năng chống vi khuẩn, virus và thay đổi biểu hiện của hơn 300 gene miễn dịch, khiến người dùng dễ nhiễm trùng nặng hơn. Các nghiên cứu cũng cho thấy hít thụ động hơi vape gây hại không kém hút thuốc lá thường, đặc biệt ở trẻ em.
Đáng lo ngại nhất là tình trạng vape bị sử dụng như phương tiện đưa ma túy tổng hợp vào cơ thể. Các chất nguy hiểm được phát hiện gồm Mdmb-butinaca, Adb-butinaca, nhiều loại cần sa tổng hợp và các chất hướng thần thế hệ mới. “Người dùng vape có nguy cơ sử dụng ma túy cao gấp 3,5 lần so với người không dùng”, bác sĩ Nguyên cho biết."
https://vietnamnet.vn/mon-an-ngon-bac-nhat-the-gioi-tu-vit-ai-tuyet-doi-khong-dung-dua-2469965.html,Không tìm thấy,,"Thông tin này nhanh chóng thu hút sự chú ý bởitiết canhvốn là món ăn quen thuộc với nhiều người Việt.
Tuy vậy, TS.BS Lê Thị Hương Giang, Trưởng khoa Tiết chế dinh dưỡng - Bệnh viện 19/8 (Bộ Công an), cảnh báo món ăn này tiềm ẩn rất nhiều nguy cơ sức khỏe.
Theo bác sĩ Giang, tiết canh được làm từ máu tươi kết hợp với thịt, sụn - môi trường lý tưởng cho vi khuẩn như liên cầu khuẩn (Streptococcus suis), E.coli, Salmonella, Campylobacter cùng nhiều loại giun sán và ký sinh trùng. Các tác nhân này có thể gây nhiễm trùng huyết, viêm màng não mủ, tổn thương gan thận, điếc và thậm chí tử vong.
Mỗi năm, các bệnh viện tuyến tỉnh và trung ương vẫn ghi nhận hàng chục ca nhiễm liên cầu khuẩn do ăn tiết canh, chủ yếu ở nam giới. Đáng ngại là, nhiều người vẫn tin rằng vắt chanh hay uống rượu mạnh kèm theo có thể “diệt khuẩn” nhưng bác sĩ Giang khẳng định chanh hay rượu không tiêu diệt được vi khuẩn trong tiết sống.
Với tiết canh vịt, các bác sĩ cũng lưu ý nguy cơ cũng không kém tiết canh lợn. Trong quá trình giết mổ, máu động vật rất dễ nhiễm tụ cầu. Sau khi xâm nhập vài giờ, tụ cầu có thể sinh độc tố gây rối loạn tiêu hóa: Đau bụng, nôn, tiêu chảy; nặng hơn là mất nước, trụy tim mạch. Ngoài ra, để món ăn “giòn sần sật”, nhiều người trộn thêm sụn, họng lợn băm nhỏ - bộ phận có thể chứa nhiều liên cầu khuẩn, làm tăng nguy cơ nhiễm trùng.
Khi xâm nhập vào máu, liên cầu khuẩn sinh sôi nhanh và tiết độc tố mạnh, gây sốt cao, đau đầu, ù tai, xuất huyết dưới da. Trường hợp nặng có thể dẫn đến sốc nhiễm khuẩn, tụt huyết áp, suy hô hấp và tử vong nếu không được điều trị kịp thời.
Ngoài vi khuẩn, nguy cơ nhiễm nang sán từ tiết canh cũng được cảnh báo. Ấu trùng sán có thể di chuyển đến nhiều cơ quan như cơ, mắt, não. Khi ở não, chúng gây đau đầu, chóng mặt, buồn nôn, giảm trí nhớ, tê bì tay chân, rối loạn cảm giác, tăng áp lực nội sọ - dễ bị nhầm với rối loạn thần kinh. Nếu không điều trị, sán não có thể gây tử vong hoặc để lại di chứng lâu dài.
Những ai tuyệt đối không nên ăn tiết canh?
- Người cao tuổi.
- Người đái tháo đường, mắc các bệnh tim mạch, tăng huyết áp, gout, bệnh gan – thận.
- Người suy giảm miễn dịch, người đang điều trị ung thư.
- Người đang dùng corticoid, thuốc ức chế miễn dịch.
- Phụ nữ mang thai, sau sinh, đang cho con bú.
- Người thường xuyên uống rượu bia.
Bác sĩ Giang cho biết, ở các nhóm này, chỉ một lần ăn tiết canh cũng có thể gây: nhiễm khuẩn huyết, viêm màng não, suy đa tạng thậm chí tử vong.
Theo bác sĩ Giang tiết canh không có giá trị dinh dưỡng đáng kể nhưng lại mang nguy cơ nhiễm khuẩn nghiêm trọng và không có cách chế biến nào biến tiết canh thành “món an toàn”. Vì vậy, lựa chọn sáng suốt nhất, đặc biệt với sức khỏe lâu dài vẫn là: “Không ăn tiết canh. Một món ăn có thể bỏ qua, nhưng sức khỏe thì không thể “ăn thua may rủi”"", bác sĩ Giang nhấn mạnh."
https://vietnamnet.vn/tre-mac-nao-mo-cau-co-the-tu-vong-chi-trong-24-gio-phong-ngua-the-nao-2468582.html,Không tìm thấy,,"Trẻ nhỏ thuộc nhóm mắc não mô cầu cao nhất
Vi khuẩn não mô cầu thường trú ở vùng hầu họng của con người, dễ lây qua đường hô hấp khi tiếp xúc gần, hít phải các giọt bắn từ đường mũi họng của người bệnh, hoặc người khỏe mạnh mang vi khuẩn nhưng không biểu hiện triệu chứng còn gọi là người lành mang trùng. Từ tháng 12/2024 đến nay, cả nước ghi nhận 95 ca mắc não mô cầu, tăng 74 ca so với cùng kỳ năm ngoái. Trong số này, có một bé trai 3 tuổi ở xã Long Hải, TP.HCM đã tử vong và một bệnh nhi 20 ngày tuổi tại Nghệ An bị suy hô hấp, sốc nhiễm trùng.
Theo Trung tâm Kiểm soát và Phòng ngừa dịch bệnh (CDC) Mỹ, lứa tuổi nào cũng có nguy cơ mắc bệnh do não mô cầu. Trong đó, trẻ dưới 5 tuổi hệ miễn dịch chưa hoàn thiện, khả năng chống chọi tác nhân gây bệnh kém có tỷ lệ mắc bệnh cao. Bên cạnh đó, trẻ có thói quen bò, trườn dưới sàn nhà, cho tay và các vật dụng cầm nắm được vào miệng nên nguy cơ nhiễm mầm bệnh càng cao.
Theo Cục Phòng bệnh (Bộ Y tế), có từ 5-25% người lành mang trùng trong cộng đồng. Tỷ lệ này cao hơn khi có các vụ dịch, đồng thời là nguồn lây khó kiểm soát. Điều đáng lo ngại là người lành mang trùng có thể vô tình lây vi khuẩn cho những người có hệ miễn dịch yếu, đặc biệt là trẻ nhỏ, đối tượng chưa có khả năng tự bảo vệ đầy đủ trước các tác nhân gây bệnh.
“Người lớn, trẻ thanh thiếu niên trong gia đình mang trùng bế, ôm, hôn, chăm sóc, nói chuyện, chơi cùng trẻ nhỏ…, có thể phát tán vi khuẩn và dễ dàng lây cho các bé”, ThS.BS Ngô Thị Kim Phượng, Quản lý Y khoa, Hệ thống Tiêm chủng VNVC khuyến cáo.
Trẻ mắc não mô cầu dễ gặp di chứng, nguy cơ tử vong trong 24 giờ
Theo bác sĩ Phượng, não mô cầu có nhiều thể bệnh khác nhau, trong đó nhiễm khuẩn huyết và viêm màng não có khả năng gây tử vong trong 24 giờ. Tuy nhiên, các triệu chứng như sốt, đau đầu, viêm họng, sổ mũi, biếng ăn, buồn nôn ở 8 giờ đầu của bệnh thường không điển hình, dễ khiến phụ huynh nhầm lẫn với cảm lạnh, cúm nên đưa trẻ nhập viện điều trị muộn.
Từ giờ thứ 9 - 15 giờ tiếp theo, cơ thể xuất hiện tử ban, lạnh tay chân, cứng cổ, sợ ánh sáng. Từ 16 - 24 giờ, bệnh nhân co giật, mê sảng, mất ý thức và tử vong. Trường hợp sống sót, có đến 20% gặp di chứng cắt cụt chi, chậm phát triển trí tuệ, điếc, liệt, tàn tật suốt đời…
Một nghiên cứu trên 146 bệnh nhân sống sót sau viêm màng não từ dưới 12 tháng đến 19 tuổi trong 4 năm, tại 10 bệnh viện ở Mỹ cho thấy, có 14 trẻ bị điếc một bên hoặc hai bên, 2 trẻ phải cắt cụt chi. Các di chứng như rối loạn cơ xương, suy giảm khả năng học tập và suy thận có thể xuất hiện nhiều năm hoặc thậm chí vài chục năm sau khi bị mắc bệnh.
Tiêm vắc xin giúp trẻ phòng não mô cầu hiệu quả
Có 5 nhóm huyết thanh não mô cầu gây bệnh phổ biến và có lưu hành ở Việt Nam là A, B, C, Y, W-135. Một phân tích đăng trên Thư viện Y khoa Quốc gia Mỹ, dựa trên số liệu của 163.758 bệnh nhân bị não mô cầu xâm lấn cho thấy, tỷ lệ tử vong do nhóm huyết thanh W và C cao nhất, lần lượt chiếm 12,8% và 12,0%, tiếp đến là Y chiếm 10,8% và B chiếm 6,9%.
Bác sĩ Phượng cho biết hiện Việt Nam đã có 5 loại vắc xin phòng ngừa 5 nhóm huyết thanh gây bệnhnão mô cầu, chỉ có trong tiêm chủng dịch vụ bao gồm: vắc xin cộng hợp tứ giá ACYW giúp bảo vệ đồng thời 4 nhóm huyết thanh A, C, W, Y; vắc xin phòng nhóm B và vắc xin phòng nhóm B và C. Tại Mỹ, vắc xin phòng nhóm huyết thanh ACYW được chứng minh giảm tới 90% nguy cơ mắc bệnh do não mô cầu xâm lấn ở các nhóm huyết thanh phổ biến C, Y, W ở thanh thiếu niên và hạn chế lây lan trong cộng đồng.
Bác sĩ Phượng lưu ý phụ huynh cần tiêm đủ các loại vắc xin phòng 5 nhóm huyết thanh gây bệnh não mô cầu, không nên chỉ tiêm một loại bởi các vắc xin không tạo ra miễn dịch chéo.
Ngoài tiêm vắc xin, cha mẹ cũng cần phòng ngừa mầm bệnh não mô cầu cho con bằng cách hướng dẫn trẻ thường xuyên rửa tay, súc họng, mang khẩu trang khi đến nơi đông người. Trẻ cũng cần ăn uống đủ chất dinh dưỡng, ngủ đủ giấc, vận động thường xuyên nhằm tăng cường sức đề kháng và nâng cao thể trạng. Khi trẻ có các triệu chứng sốt, ho, đau đầu, sổ mũi, biếng và bỏ ăn, buồn nôn cần đến cơ sở y tế để được xử lý kịp thời.
Thương Hoàng(tổng hợp)"
https://vietnamnet.vn/4-dau-hieu-canh-bao-nguy-co-dot-tu-khi-ngu-2470362.html,Không tìm thấy,,"Bác sĩ Hoàng Hiên, chuyên khoa lồng ngực và hồi sức Trung Quốc, cho biết nhiều người ban ngày vẫn sinh hoạt bình thường nhưng ban đêm lại ra đi trong giấc ngủ mà không hề báo trước. Thực tế, đây thường là hậu quả của những nguy cơ âm thầm kéo dài mà cơ thể chưa được kiểm tra hoặc phát hiện.
TheoChina Times, giấc ngủ là giai đoạn cơ thể ở mức phòng vệ thấp nhất: nhịp tim chậm lại, huyết áp giảm và phản ứng với tình trạng thiếu oxy cũng kém nhạy hơn. Những “lỗ hổng sức khỏe” có thể còn kiểm soát được vào ban ngày nhưng trong lúc ngủ lại dễ dẫn đến sự cố nghiêm trọng. Nghiên cứu cũng cho thấy các ca tử vong dobệnh timđột ngột xảy ra nhiều nhất từ nửa đêm đến 6h.
Bác sĩ Hoàng nhấn mạnh rằng cơ thể vẫn có những tín hiệu cảnh báo trước khi xảy ra đột tử, chỉ là các triệu chứng này thường mờ nhạt và dễ bị bỏ qua trong sinh hoạt hằng ngày. Bốn triệu chứng dưới đây nếu xuất hiện thường xuyên chính là lời cảnh báo rõ ràng nhất.
1. Đau đầu ngay khi thức dậy
Đau đầu buổi sáng là dấu hiệu cho thấy cơ thể bị thiếu oxy trong lúc ngủ. Đây là triệu chứng phổ biến ở người mắc hội chứng ngưng thở khi ngủ. Nghiên cứu ghi nhận hiện tượng đau đầu này liên quan trực tiếp đến tình trạng oxy trong máu giảm lặp đi lặp lại ban đêm. Vì vậy, thức dậy với cơn đau đầu không phải vì ngủ quá sâu mà là minh chứng cho việc cơ thể bị thiếu oxy trong đêm.
2. Dễ bị tỉnh giấc vì hụt hơi
Khó thở khiến người bệnh tỉnh giấc là biểu hiện điển hình của ngưng thở khi ngủ. Với những người có tình trạng đường thở xẹp lặp lại trong đêm, nguy cơ đột tử khi ngủ tăng tới 2,6 lần. Triệu chứng này đặc biệt không nên xem nhẹ, nhất là khi xuất hiện nhiều đêm liên tiếp.
3. Thường xuyên đánh trống ngực ban đêm
Một số nghiên cứu cho thấy sự thay đổi của hệ thần kinh tự chủ trong lúc ngủ làm tăng tần suất rối loạn nhịp tim về đêm. Ngưng thở khi ngủ gây ra thiếu oxy và dao động huyết áp mạnh, dễ dẫn đến đánh trống ngực, loạn nhịp tim hoặc tức ngực. Đây cũng là thời điểm cơ thể dễ gặp các sự cố tim mạch, bao gồm đau thắt ngực do thiếu máu cơ tim.
4. Đứng dậy khó khăn, đi lại chậm hơn
Cảm giác nặng nề khi đứng lên hoặc đi lại chậm hơn không chỉ là dấu hiệu của tuổi tác. Đây là chỉ số quan trọng phản ánh sự suy yếu của toàn cơ thể. Nghiên cứu cho thấy tốc độ đi bộ còn dự đoán mức độ thoái hóa cơ thể chính xác hơn cả BMI hay huyết áp. Giảm sức cơ - đặc biệt là khó đứng dậy - cũng liên quan mật thiết đến nguy cơ tử vong do bệnh tim mạch và là tín hiệu chung của nhiều cơ quan đang suy yếu.
Để giảm nguy cơ đột tử trong giấc ngủ, bác sĩ Hoàng đưa ra 5 khuyến cáo: duy trì nhiệt độ phòng từ 20 đến 24 độ C; nằm nghiêng khi ngủ để giảm ngưng thở; tránh uống rượu trước khi ngủ; người có nguy cơ cao nên khám định kỳ bằng điện tâm đồ, siêu âm tim, kiểm tra giấc ngủ và điện tâm đồ 24 giờ; là tránh thức khuya vì thiếu ngủ làm rối loạn hệ thần kinh tự chủ, gia tăng nguy cơ bệnh tim vào ban đêm."
https://vietnamnet.vn/hai-be-trai-chao-doi-sau-khi-nguoi-me-trai-qua-ca-noi-tay-ky-tich-2470592.html,Không tìm thấy,,"Sáng 8/12, Bệnh viện Đa khoa Bình Dương đã mổ lấy thai cho sản phụ L.N.P - người vừa trải qua ca nối tay kỳ tích dài 13 giờ.
Khithai kỳđến tuần thứ 36, chị P. bất ngờ đau bụng dữ dội. Sau khi thăm khám, các bác sĩ quyết định mổ bắt con cho sản phụ. Bé trai thứ nhất nặng 2,3kg sinh lúc 9h05. Bé thứ hai nặng 2,4kg sinh lúc 9h07. Cả hai trẻ đều chào đời khỏe mạnh trong sự xúc động của gia đình và ê kíp điều trị.
Cuối tháng 9, khi mang thai ở tuần 21, trong lúc làm việc, chị P. ngủ gật khiến cánh tay bị máy cán cuốn nát 15cm xương - thịt, bàn tay gần như rời khỏi cơ thể.
Đối mặt tình huống cực kỳ hiểm nghèo, bác sĩ Võ Thái Trung cùng ê-kíp Bệnh viện Đa khoa Bình Dương đã thực hiện một quyết định táo bạo là đưa bàn tay bị đứt của chị P. xuống nuôi tạm ở chân suốt 2 tháng để giữ sự sống.
Ngày 17/11, người bệnh tái nhập viện trong tình trạng ổn định. Siêu âm cho thấy song thai 34 tuần có tim thai tốt, nước ối bình thường. Chị P. mong muốn được nối lại bàn tay để phục hồi chức năng sinh hoạt và chăm sóc con sau sinh.
Ngày 28/11, ca mổ kéo dài nhiều giờ, ê-kíp đã thực hiện hàng loạt kỹ thuật khó. Ngay sau phẫu thuật, bàn tay nối ấm - hồng, tưới máu tốt, SpO2 đầu ngón 98-100%. Người bệnh tỉnh táo, ăn uống được, các ngón tay đã có thể cử động nhẹ theo hướng dẫn vật lý trị liệu.
Các chuyên gia cho biết đến nay chưa từng có sản phụ nào trên thế giới trải qua một ca ghép - nối chi phức tạp như vậy. Vì kỳ tích này, lãnh đạo TPHCM đã khen thưởng bác sĩ Võ Thái Trung và ê-kíp phẫu thuật.
"
https://vietnamnet.vn/an-ca-chua-song-hay-nau-chin-tot-hon-2468969.html,Không tìm thấy,,"Thưa bác sĩ, nhiều người cho rằng ăn cà chua sống mới giữ được dưỡng chất. Một số thông tin trên mạng lại cho rằng nên ăn chín. Vậy thực tế, ăn cà chua sống hay chín thì tốt cho sức khỏe hơn? Xin cảm ơn! (Bích Hà - TPHCM)
Bác sĩ Huỳnh Tấn Vũ - Giảng viên Khoa Y học cổ truyền, Trường Đại học Y Dược TPHCM tư vấn:
Cà chua là một trong những loại quả quen thuộc nhất trong bữa ăn của người Việt. Với hương vị thanh, dễ kết hợp và giá trị dinh dưỡng dồi dào, cà chua xuất hiện trong vô số món ăn từ salad trộn, xào, hầm, nướng, nấu canh, nấu súp cho đến làm sốt, làm nước ép.
Cà chua cũng rất “ăn ý” với các loại rau củ, góp phần tạo nên những món ăn thanh đạm nhưng không kém phần hấp dẫn.
Có nhiều loại cà chua khác nhau, từ quả to đến quả nhỏ, nhưng tiêu chí để chọn cà chua bổ dưỡng là màu sắc và độ chín. Cà chua càng đỏ, vỏ càng căng mọng thì càng chứa nhiều dưỡng chất. Trong đó nổi bật nhất là lycopene, một chất chống oxy hóa mạnh giúp giảm tổn thương tế bào, hỗ trợ tim mạch, làm đẹp da và có khả năng giảm nguy cơ một số bệnh mạn tính.
Ngoài lycopene, cà chua còn cung cấp beta-carotene, vitamin C, quercetin, kaempferol cùng nhiều dưỡng chất thực vật khác. Điều đặc biệt là phần lớn những chất chống oxy hóa này nằm trong thành tế bào của quả cà chua, vì vậy cách chế biến có ảnh hưởng lớn đến khả năng hấp thu dinh dưỡng của cơ thể.
Thống kê cho thấy hơn 80% lượng lycopene trong khẩu phần ăn hằng ngày đến từ cà chua và các sản phẩm chế biến từ cà chua. Một số thực phẩm màu đỏ khác như dưa hấu cũng chứa lycopene, nhưng hàm lượng thấp hơn.
Ăn sống hay ăn chín
Nhiều người tin rằng ăn cà chua sống là bổ nhất vì giữ nguyên dưỡng chất. Điều này đúng một phần, đặc biệt với vitamin C - loại vitamin dễ bị phân hủy khi gặp nhiệt. Ăn cà chua tươi, đặc biệt khi xay nhuyễn, giúp cơ thể hấp thụ hầu hết vitamin và khoáng chất nhanh chóng.
Tuy nhiên, ở góc độ khoa học,cà chua chín lại có lợi thế vượt trộivề khả năng giải phóng chất chống oxy hóa, đặc biệt là lycopene. Khi cà chua được nấu chín, làm sốt hoặc nấu kỹ, các thành tế bào bị phá vỡ, giải phóng hoạt chất giúp cơ thể hấp thụ tốt hơn gấp nhiều lần so với ăn sống. Việc chế biến cà chua cùng dầu ô liu hoặc dầu thực vật còn làm tăng khả năng hấp thụ lycopene vì đây là chất tan trong dầu.
Vì vậy, ăn cà chua sống và chín đều tốt nhưng nếu mục tiêu là tăng hấp thụ lycopene, bạn chế biến chín sẽ mang lại lợi ích nổi bật hơn.
Lưu ý khi sử dụng và bảo quản cà chua
Cà chua chứa lượng nhỏ axit oxalic (khoảng 5,3mg/100 g). Tiêu thụ quá nhiều có thể tăng nguy cơ hình thành tinh thể oxalate, gây sỏi thận ở người có cơ địa nhạy cảm. Bên cạnh đó, do cà chua có tính axit, người mắc bệnh dạ dày - tá tràng nên hạn chế hoặc tránh dùng khi đang đau cấp.
Bạn nên chọn quả tươi, vỏ mịn, chín vừa, không quá xanh cũng không quá mềm. Cà chua để ở nhiệt độ phòng thường giữ được lâu hơn. Nếu bảo quản trong tủ lạnh, nên dùng trong vòng 6-8 ngày khi còn nguyên quả và không quá 2 ngày nếu đã ép hoặc xay."
https://vietnamnet.vn/tinh-mot-dem-cua-vo-bat-ngo-goi-dien-doi-con-chong-rung-roi-nhan-ket-qua-adn-2470443.html,Không tìm thấy,,"Cuộc sống gia đình đang yên ấm, anh L.V.H. (38 tuổi, Ninh Bình) bất ngờ nhận được cuộc gọi từ một số điện thoại lạ. Người đàn ông ở đầu dây bên kia khẳng định đứa con trai thứ hai của anh H. là “con ruột” của ông ta và yêu cầu anh H. trả lại đứa trẻ.
Cú sốc khiến anh H. rơi vào trạng thái hoang mang cực độ. Gần 10 năm hôn nhân, anh và vợ có hai con đủ nếp đủ tẻ, cuộc sống nhìn từ ngoài vào gần như không có điều gì đáng chê trách.
Hai năm trước, cả gia đình anh H. quyết định rời Hà Nội về quê khởi nghiệp với mong muốn có môi trường tốt hơn để nuôi dạy con. Thế nhưng, cuộc điện thoại ấy đã phá vỡ tất cả. Người đàn ông lạ nói rằng từng có quan hệ ""ngoài luồng"" với vợ anh H. và kết cục là vợ anh có sinh ra một đứa bé. Trước đây, ông ta không muốn nhận con nhưng một tai nạn khiến người này mất khả năng sinh sản nên muốn đưa đứa trẻ về để “duy trì nòi giống”.
Ban đầu, anh H. cho rằng đó chỉ là một trò phá hoại gia đình. Suốt thời gian chung sống, anh chưa từng nghi ngờ vợ cũng không thấy cô có dấu hiệu phản bội. Thế nhưng những lời buộc tội lạnh lùng ấy cứ quanh quẩn trong đầu, khiến anh dần để ý hơn đến ngoại hình của con trai. Cậu bé quả thật không giống anh một chút nào.
Cuối cùng, vì không chịu được sự dằn vặt, anh H. quyết định lên Hà Nội làmxét nghiệm ADN. Anh chuẩn bị hai mẫu móng tay của mình và con trai cẩn thận cho vào túi zip, lái xe hơn trăm cây số trong trạng thái đầy lo lắng.
Khi cầm tờ kết quả trên tay, anh như bị “tát vào mặt”. Đứa trẻ anh yêu thương suốt 5 năm qua không có quan hệ huyết thống với anh. Người vợ bật khóc, thừa nhận đã mắc sai lầm khi đi du lịch cùng công ty.
Trong men say, cô không giữ được mình và lỡ đi quá giới hạn với một đồng nghiệp - cũng chính là người đàn ông gọi điện đòi con. Cô khẳng định giữa họ không hề có tình cảm, chỉ là một lần lầm lỡ trong đêm và bản thân không ngờ mình lại mang thai.
Sự thật con trai không phải máu mủ khiến anh H. không thể tha thứ cho vợ. Dù cô quỳ gối cầu xin, anh vẫn quyết định ly hôn. Cô ôm con về nhà mẹ đẻ rồi sau đó kết hôn với người đàn ông kia.
Câu chuyện của anh H. là một trong rất nhiều trường hợp tìm đến các trung tâm xét nghiệm ADN với nỗi đau và sự dằn vặt như vậy.
Theo bà Nguyễn Thị Nga, Giám đốc Trung tâm Phân tích ADN và Công nghệ di truyền Hà Nội, để tránh rắc rối pháp lý, người dân cần hiểu rõ hai loại xét nghiệm ADN phổ biến hiện nay: Xét nghiệm ADN tự nguyện và hành chính.
Xét nghiệm ADN tự nguyện áp dụng khi khách hàng có nghi ngờ và muốn kiểm tra quan hệ huyết thống. Kết quả chỉ có giá trị tham khảo, không sử dụng tại cơ quan hành chính. Xét nghiệm ADN hành chính dùng trong các thủ tục pháp lý như làm giấy khai sinh, xác định trách nhiệm cấp dưỡng sau ly hôn, phân chia thừa kế, nhập tịch…
Với mẫu xét nghiệm tự nguyện, khách hàng có thể dùng nhiều mẫu như máu, niêm mạc miệng, tóc có chân, móng tay - chân, bàn chải đánh răng. Khách hàng tự lấy mẫu và gửi về trung tâm.
Theo bà Nga, với nhiều gia đình, kết quả ADN có thể là sự giải tỏa nhưng với không ít người, đó là nỗi đau không gì bù đắp. Bởi vậy, các chuyên gia luôn khuyên những người muốn làm xét nghiệm cần chuẩn bị tâm lý thật kỹ, vì sự thật đôi khi không dễ chấp nhận.
Dù thuộc hình thức nào, độ chính xác của xét nghiệm ADN hiện nay rất cao: 100% cho kết quả không có quan hệ huyết thống và 99,99999998% khi có quan hệ huyết thống.
"
https://vietnamnet.vn/khoanh-khac-cang-thang-cap-cuu-nguoi-dan-ong-chuyen-tu-thai-lan-ve-2470447.html,Không tìm thấy,,"Anh L.V.T (35 tuổi, quê ở Nghệ An) sinh sống và làm việc tại Thái Lan. Khoảng 5 tuần trước, bệnh nhân xuất hiện sốt cao liên tục, khó thở, kích thích nhiều, phải nhập cấp cứu tại một cơ sở y tế ở Thái Lan.
Tại đây, bệnh nhân được đặt nội khí quản thở máy; kết quả cấy máu xác định nhiễm Burkholderia pseudomallei là tác nhân gây bệnh Whitmore. Dù được điều trị ban đầu, tình trạng vẫn diễn tiến nặng nên gia đình xin chuyển về Việt Nam để tiếp tục điều trị. Sau ít ngày, người bệnh rơi vào sốc nhiễm khuẩn, suy đa tạng, sốt cao liên tục, rối loạn ý thức và được chuyển gấp ra Bệnh viện Bệnh Nhiệt đới Trung ương (Hà Nội)cấp cứu.
Thạc sĩ, bác sĩ nội trú Nguyễn Kim Anh - Khoa Cấp cứu (Bệnh viện Bệnh Nhiệt đới Trung ương) cho biết, thời điểm tiếp nhận người bệnh là “khoảnh khắc rất căng thẳng”. Bệnh nhân hôn mê sâu, mất phản xạ đường thở, phụ thuộc hoàn toàn vào máy thở. Nhiệt độ liên tục 41-42°C kèm run cơ toàn thân, gợi ý tình trạng tăng thân nhiệt ác tính trên nền nhiễm khuẩn huyết tối cấp.
Xét nghiệm cho thấy men gan và bilirubin tăng cao, rối loạn đông máu, creatinin tăng nhanh kèm vô niệu, tiêu cơ vân cấp.
Các chỉ số viêm tăng rất cao, phản ánh tình trạng nhiễm trùng, nhiễm độc toàn thân dữ dội. Trên nền đó là đái tháo đường chưa kiểm soát và viêm gan C mạn, khiến cơ thể người bệnh càng suy sụp.
Theo bác sĩ Kim Anh, đây là một trong những thể tối cấp của Whitmore - nhiễm khuẩn huyết nặng, suy đa tạng, rối loạn chuyển hóa sâu và nguy cơ tử vong rất lớn.
Ê-kíp cấp cứu đã phải triển khai đồng thời nhiều biện pháp song song như an thần sâu; hạ thân nhiệt; thiết lập đường truyền trung tâm và tiến hành lọc máu liên tục để kiểm soát tình trạng nặng.
Sau khoảng ba ngày hồi sức cao độ, bệnh nhân bắt đầu cắt sốt, dần hồi phục. Người bệnh cai được thở máy qua mở khí quản, tập thở tự nhiên và phục hồi vận động.
Trong ba tuần điều trị tích cực, người bệnh hồi phục từng bước: Tỉnh táo hoàn toàn, tự thở khí phòng, đủ điều kiện ra viện và tiếp tục theo dõi ngoại trú.
Theo bác sĩ Kim Anh, Whitmore là bệnh truyền nhiễm nguy hiểm, có thể gây suy đa tạng và tử vong nhanh. Bệnh có thể khởi phát không điển hình với các triệu chứng như sốt kéo dài, mệt mỏi, đau đầu, đau cơ, ho, sụt cân hoặc rối loạn tri giác, rất dễ bị bỏ sót.
Người dân có yếu tố nguy cơ hoặc triệu chứng sốt kéo dài không rõ nguyên nhân cần đến các cơ sở chuyên khoa truyền nhiễm để được xét nghiệm, chẩn đoán và điều trị kịp thời, đồng thời tuân thủ đầy đủ phác đồ kháng sinh kéo dài để tránh tái phát."
https://vietnamnet.vn/than-bi-vat-kiet-vi-5-hanh-vi-nhieu-nguoi-mac-phai-2469838.html,Không tìm thấy,,"Thận được ví như “nhà máy lọc” của cơ thể, đảm nhiệm thải độc, điều hòa nước - muối - điện giải. Khi bị sử dụng quá mức hoặc tổn thương liên tục, thận khó trở lại trạng thái ban đầu. Nhiều trường hợp được chẩn đoán khi bệnh đã vào giai đoạn trung hoặc muộn. Nghiên cứu cho thấy một số đơn vị thận có thể mất khả năng hoạt động vĩnh viễn, khiến việc dùng thuốc bổ hay dinh dưỡng không thể phục hồi hoàn toàn.
Giai đoạn đầu, bệnh thận hầu như không biểu hiện triệu chứng. Khi xuất hiện mệt mỏi kéo dài, phù nề, tiểu đêm nhiều, thiếu máu hoặc nước tiểu có bọt, chức năng thận có thể đã suy giảm 30-50%. Một số hành vi còn gây tổn thương mạch máu, xơ hóa cầu thận và viêm mạn tính, dẫn đến hư hại không thể đảo ngược.
Theo Aboluowang, dưới đây là 5 hành vi làm tăng tốc độ vắt kiệt thận mà nhiều người vẫn mắc phải:
1. Ăn mặn kéo dài
Nhiều gia đình ăn dưa muối, đồ ngâm, nước tương thường xuyên khiến lượng muối tiêu thụ trung bình mỗi ngày lên tới 11g, gấp đôi khuyến nghị của Tổ chức Y tế Thế giới (WHO).Ăn mặn làm tăng gánh nặng lên thận, gây tăng huyết áp và xơ hóa cầu thận. Người ăn mặn có nguy cơ mắc bệnh thận mạn cao hơn 23%.
2. Ăn nhiều đạm, purine
Lẩu, tiệc tùng và ăn khuya khiến một số người tiêu thụ quá mức thịt và hải sản. Chất thải chuyển hóa tăng buộc thận làm việc quá tải. Người ăn nhiều đạm (trên 1,5g/kg cân nặng) có tốc độ suy giảm chức năng thận nhanh hơn 15% mỗi năm. Người bị cao huyết áp, mỡ máu hoặc acid uric cao càng phải hạn chế đạm và thực phẩm giàu purine.
3. Lạm dụng thuốc giảm đau và thực phẩm chức năng
Nhiều người uống thuốc giảm đau ngay khi đau đầu, đau khớp hoặc dùng sản phẩm bổ thận không rõ nguồn gốc. Một số loại thuốc giảm đau có thể gây tổn thương thận, làm tăng nguy cơ suy thận cấp 30-40%. Thực phẩm chức năng kém chất lượng còn gây hại cho cả gan và thận.
4. Uống ít nước và nhịn tiểu
Nhiều người uống ít nước vì bận rộn hoặc sợ tiểu đêm. Gần một nửa số người trung niên và cao tuổi uống dưới 1.000ml/ngày. Thiếu nước khiến nước tiểu cô đặc, tăng áp lực thải độc, dễ gây nhiễm trùng và sỏi thận. Nhịn tiểu thường xuyên còn làm tăng nguy cơ nhiễm trùng và ứ nước thận.
5. Không kiểm soát huyết áp, đường huyết, mỡ máu
Nhiều người chủ quan với chỉ số huyết áp, đường huyết, mỡ máu tăng nhẹ. Tuy nhiên, vi mạch thận rất dễ tổn thương bởi tăng huyết áp và đường huyết. Hơn 70% số bệnh nhân thận mạn bị tăng huyết áp, trong khi tiểu đường và rối loạn mỡ máu là nguyên nhân phổ biến dẫn tới suy thận. Việc uống thuốc không đúng hoặc kiểm soát kém có thể khiến thận nhanh chóng suy yếu."
https://vietnamnet.vn/ca-phau-thuat-ky-la-giup-tai-hoi-sinh-nho-cay-vao-chan-2470381.html,Không tìm thấy,,"Một phụ nữ họ Tôn (tên đã được thay đổi) ở tỉnh Sơn Đông (Trung Quốc) gặp tai nạn lao động nghiêm trọng vào tháng 4 năm nay khi đang làm việc trong nhà máy. Da đầu và tai trái của cô bị tổn thương nặng.
Khi xe cứu thương đến nơi, tình trạng của cô Tôn được đánh giá là phức tạp. Bệnh nhân được chuyển đếncấp cứutại Bệnh viện Nhân dân tỉnh Sơn Đông. Tuy nhiên, do vết thương của cô Tôn lớn, bị nhiễm bẩn và thời gian cách ly mô bị đứt rời quá dài, bác sĩ kết luận không thể ghép lại tai ngay lập tức.
TheoQilu Evening News, đội ngũ y tế đã tổ chức hội chẩn khẩn cấp và đưa ra phương án điều trị táo bạo nhưng đầy hy vọng: Tạm thời “gửi nuôi” chiếc tai bị đứt ở bàn chân của bệnh nhân. Đây là kỹ thuật vi phẫu đòi hỏi sự chính xác cao và kinh nghiệm vững vàng, giúp phần tai thiết lập lại tuần hoàn máu ở một vị trí an toàn hơn, chờ vùng đầu hồi phục đầy đủ để có thể ghép lại.
Trong ca phẫu thuật kéo dài khoảng 10 giờ, các bác sĩ phải sử dụng kính hiển vi và những sợi chỉ mảnh hơn tóc để nối từng mạch máu nhỏ của tai với hệ mạch máu ở mu bàn chân. Chỉ đến khi các mạch máu hoạt động trở lại, chiếc tai dần có màu sắc tự nhiên hơn, ê-kíp mới an tâm rằng bước điều trị đầu tiên đã thành công.
Những ngày sau, tình trạng của phần tai “gửi nuôi” từng có lúc trở nên đáng lo ngại khi xuất hiện nguy cơ tắc nghẽn. Bác sĩ phải theo dõi 24/24, liên tục áp dụng những biện pháp chuyên môn để duy trì tuần hoàn. Nhờ sự chăm sóc sát sao, chiếc tai dần ổn định. Suốt 5 tháng sau đó, cô Tôn phải sống rất cẩn trọng: Đi lại chậm, giày rộng, và mỗi ngày đều kiểm tra vết thương để đảm bảo không xảy ra biến chứng.
Khi vùng đầu đã phục hồi tốt và tai “gửi nuôi” cũng phát triển ổn định, bệnh viện quyết định thực hiện giai đoạn hai vào tháng 10. Đây tiếp tục là một ca phẫu thuật phức tạp. Các bác sĩ không chỉ phải tách phần tai khỏi bàn chân mà còn phải tìm lại chính xác các mạch máu và dây thần kinh ở vị trí tai cũ - nơi từng bị tổn thương nặng và đã hình thành nhiều mô sẹo.
Dưới kính hiển vi, đội phẫu thuật tỉ mỉ tách từng lớp mô, nối lại hệ mạch và dây thần kinh rồi ghép phần tai và da về đúng vị trí. Sau nhiều giờ làm việc căng thẳng, ca phẫu thuật đã hoàn tất thành công.
Câu chuyện của cô Tôn nhanh chóng được truyền thông chia sẻ. Nhiều cư dân mạng bày tỏ sự cảm phục trước sự kiên cường của bệnh nhân và kỹ thuật vượt trội của đội ngũ y tế."
https://vietnamnet.vn/dieu-gi-xay-ra-voi-huyet-ap-cua-ban-khi-an-chuoi-moi-ngay-2470090.html,Không tìm thấy,,"Các kết quả phân tích cho thấy thường xuyên ăn các thực phẩm giàu kali như chuối, khoai tây, mơ khô, bơ, bông cải xanh, đậu lăng… có thể giúp giảm huyết áp.
Kali có thể giúp giảm huyết áp
Một nghiên cứu đăng tải gần đây trên tạp chíSinh lý học Mỹcủng cố bằng chứng rằng tăng lượng kali, giảm lượng natri có thể giúp kiểm soát huyết áp cao một cách hiệu quả. “Natri làmtăng huyết ápcòn kali thì làm giảm huyết áp”, bác sĩ Daniel Jones, Giáo sư danh dự tại Trường Y Đại học Mississippi, chia sẻ vớiVerywell.
Những thực phẩm giàu kali khác như bơ và bông cải xanh cũng có thể giúp kiểm soát huyết áp.
Phản ứng huyết áp khác nhau giữa nam và nữ
Nghiên cứu trên cũng nhấn mạnh sự khác biệt trong việc điều hòa huyết áp giữa nam và nữ.
“Giới tính sinh học và tuổi tác có thể ảnh hưởng đến cách cơ thể chúng ta phản ứng với natri và kali, từ đó mở ra hướng tiếp cận cá nhân hóa hơn trong việc phòng ngừa tăng huyết áp”, chuyên gia dinh dưỡng Yasi Ansari tại UCLA Health, nói.
“Ví dụ, phụ nữ tiền mãn kinh thường có phản ứng huyết áp kém nhạy hơn trước việc ăn nhiều muối so với nam giới cùng độ tuổi”, bà Ansari giải thích. Tuy nhiên, sau 60 tuổi, nguy cơ và tỷ lệ tăng huyết áp ở phụ nữ lại vượt qua nam giới.
Một quả chuối không đủ nhu cầu kali hằng ngày
Một quả chuối cỡ vừa chứa 358mg kali, tương đương 9% giá trị khuyến nghị hằng ngày, 22g carbohydrate, 3g chất xơ (12% khuyến nghị).
Bạn cần nhiều hơn một quả chuối để đáp ứng nhu cầu kali hằng ngày. “Chuối là nguồn cung cấp kali tốt nhưng chỉ ăn chuối thôi thì không đủ. Cần ăn thêm các thực phẩm giàu kali khác”, bác sĩ Jones giải thích.
Theo chuyên gia Ansari, chuối cũng cung cấp vi chất như vitamin C, các chất chống oxy hóa và chất xơ hỗ trợ sức khỏe đường ruột.
Ăn một quả chuối mỗi ngày nhìn chung là ổn nhưng bạn cũng không nên ăn quá nhiều. Thừa kali có thể dẫn đến tăng kali máu, một tình trạng khiến mức kali trong máu trở nên quá cao.
Các thực phẩm giàu kali khác
Nếu bạn muốn tìm các thực phẩm giàu kali khác hoặc không muốn ăn chuối, chuyên gia Ansari gợi ý một số loại thực phẩm khác. Một củ khoai tây cỡ vừa còn vỏ chứa 925mg kali; 95g mơ khô: 378mg kali; 75g đậu lăng đã nấu chín: 366mg kali; 150g bí: 296mg kali; 40g nho khô: 307mg kali
Bạn cũng có thể kết hợp chuối với các thực phẩm khác để tăng cảm giác ngon miệng."
https://vietnamnet.vn/benh-nhan-dot-quy-tang-dot-bien-bac-si-canh-bao-7-dieu-tuyet-doi-tranh-2470239.html,Không tìm thấy,,"Thời gian gần đây, khi thời tiết chuyển lạnh, nhiệt độ giảm sâu, chênh lệch lớn giữa ngày và đêm khiến các bệnh viện ghi nhận nhiều canguy kịch do đột quỵ. Điều đáng lo ngại hơn là bệnh không chỉ ở người lớn tuổi, mà nhiều trẻ nhỏ, thanh thiếu niên cũng nhập viện trong tình trạng nguy kịch.
Tại Bệnh viện Trung ương Quân đội 108, các bác sĩ liên tục tiếp nhận các ca đột quỵ ở trẻ em và vị thành niên. Thống kê trong năm 2025, Khoa Đột quỵ não có khoảng 10-15% người bệnh điều trị là người trẻ, nguyên nhân chính là do nhồi máu não và chảy máu não.
Như trường hợp bệnh nhi 14 tuổi (quê Hà Nam), mười ngày trước khi nhập viện, em xuất hiện đau đầu dữ dội và ngất tại trạm y tế xã. Sau khi được dùng thuốc, tình trạng tạm thời ổn định nhưng cơn đau đầu tái phát dai dẳng.
Gia đình ban đầu cho rằng con chỉ bị cảm lạnh thông thường. Tuy nhiên, để chắc chắn, gia đình đưa con đến bệnh viện kiểm tra. Kết quả chụp cắt lớp vi tính mạch máu (CTA) cho thấy bệnh nhi bị xuất huyết não nhẹ do vỡ dị dạng thông động – tĩnh mạch vùng thái dương phải. Đây là tổn thương nguy hiểm, có thể đe dọa tính mạng nếu không phát hiện sớm.
Ngay sau hội chẩn, các bác sĩ Viện Thần kinh đã thực hiện can thiệp nút dị dạng và xử lý túi giả phình. Nhờ được đưa đến viện kịp thời, bệnh nhi đã phục hồi hoàn toàn, hiện sức khỏe ổn định.
Không chỉ ở tuyến trung ương, các cơ sở y tế tuyến tỉnh, tuyến huyện (cũ) cũng ghi nhận số ca đột quỵ tăng mạnh khi thời tiết chuyển lạnh. Bệnh viện Bãi Cháy (Quảng Ninh) cho biết từ giữa tháng 11 đến nay, mỗi ngày đơn vị tiếp nhận 2–3 ca đột quỵ não – con số tăng rõ rệt so với thời điểm trước đó.
Theo các bác sĩ, đột quỵ có hai dạng chính: Nhồi máu não và xuất huyết não. Nhồi máu não xảy ra khi mạch máu bị tắc bởi huyết khối, khiến vùng não bị thiếu máu và hoại tử. Xuất huyết não là tình trạng vỡ mạch máu, làm máu tràn vào mô não gây tổn thương cấp tính. Cả hai dạng đều có thể dẫn tới tử vong hoặc tàn phế nếu không xử trí sớm.
Lý giải nguyên nhân đột quỵ gia tăng vào mùa lạnh, BS Giáp Hùng Mạnh, Trưởng Khoa Thần kinh – VLTL – PHCN, Bệnh viện Bãi Cháy cho biết: ""Nhiệt độ thấp khiến mạch máu co lại, huyết áp tăng đột ngột đồng thời, máu trở nên đặc và nhớt hơn, dễ hình thành cục máu đông. Người có xơ vữa động mạch hoặc cholesterol cao càng dễ tắc mạch. Bên cạnh đó, người trên 50 tuổi, người bị tăng huyết áp, đái tháo đường, hút thuốc, béo phì là nhóm nguy cơ cao.
Đáng chú ý, đột quỵ ngày càng trẻ hóa. Nguyên nhân do lối sống ít vận động, thức khuya, căng thẳng kéo dài và lạm dụng rượu bia khiến tỷ lệ người trẻ mắc bệnh tăng đáng kể"".
BS Nguyễn Văn Cường - Khoa Can thiệp mạch thần kinh, Viện Thần kinh, Bệnh viện Trung ương Quân đội 108 nhấn mạnh, đột quỵ có thể xảy ra bất cứ lúc nào, ở bất kỳ độ tuổi nào, nhưng phát hiện sớm chính là chìa khóa giúp giảm thiểu tổn thương và bảo vệ tính mạng. Người bệnh được đưa đến bệnh viện trong 4-5 giờ đầu, cơ hội tái thông mạch và hồi phục hoàn toàn rất lớn.
Để nhận biết sớm đột quỵ, người dân cần ghi nhớ quy tắc FAST:
F – Face: Mặt méo, lệch nụ cười.
A – Arm: Yếu hoặc liệt tay chân một bên.
S – Speech: Nói ngọng, khó nói hoặc không nói được.
T – Time: Đưa người bệnh đến viện ngay lập tức.
Chỉ cần xuất hiện một trong ba dấu hiệu đầu tiên, người bệnh phải được đưa đến cơ sở có khả năng can thiệp đột quỵ ngay. Bởi mỗi phút trôi qua là hàng triệu tế bào não chết đi.
Để phòng ngừa đột quỵ mùa lạnh, các chuyên gia khuyến cáo người dân:
-       Giữ ấm cơ thể, tránh ra ngoài trời lạnh buổi sáng sớm, không tắm muộn.
-       Uống đủ nước, ưu tiên nước ấm.
-       Kiểm soát huyết áp thường xuyên, dùng thuốc đúng chỉ định.
-       Duy trì chế độ ăn lành mạnh, giảm rượu bia, hạn chế đồ dầu mỡ.
-       Tăng cường rau xanh, trái cây, ngũ cốc.
-       Tập thể dục đều đặn khoảng 30 phút mỗi buổi, 3–4 buổi/tuần.
-       Tuyệt đối không hút thuốc lá."
https://vietnamnet.vn/canh-giac-benh-tu-24-gio-de-doa-nguoi-lon-tuoi-2470406.html,Không tìm thấy,,"Từ đầu năm đến nay, cả nước ghi nhận ít nhất 2 ca tử vong và 8595 ca mắc não mô cầu, tăng gấp 6 lần74 ca so với cùng kỳ năm 2024 cho thấy mầm bệnh âm thầm lây lan trong cộng đồng. Bệnh xuất hiện ở mọi lứa tuổi như mới đây, một nữ bệnh nhân 33 tuổi ở Thanh Hóa [1] mắc não mô cầu, hôn mê sâu, phải thở máy, sốc nhiễm khuẩn, suy đa tạng và tử vong. Hay tháng 2/2025, Bệnh viện Bạch Mai tiếp nhận một bệnh nhân 48 tuổi suýt chết vì viêm màng não, nhiễm trùng huyết do não mô cầu thể tối cấp. Trước đó, vào năm 2024, một bệnh nhân 52 tuổi nhập Bệnh viện Bệnh Nhiệt đới TP.HCM do mắc bệnh não mô cầu, qua đời sau 6 giờ dù đã được hồi sức tích cực.
Nguy cơ “bệnh tử 24 giờ” ở người lớn tuổi
BS. Nguyễn Như Điền, Quản lý Y khoa, Hệ thống tiêmTiêm chủng VNVC cho biết, nhiều người lầm tưởng bệnh do não mô cầu chỉ gặp ở trẻ nhỏ và thanh thiếu niên nên không quan tâm phòng ngừa ở người trung niên và lớn tuổi. Thực tế, bệnh có thể gặp ở mọi lứa tuổi như haicác ca bệnh kể trên.
BS. Điền phân tích vi khuẩn lây qua dịch tiết mũi, hầu, họng bắn ra trực tiếp lúc nói chuyện, hắt hơi. Nguồn lây bệnh còn đến từ “người lành mang trùng”, tức người mang vi khuẩn ở hầu họng nhưng không biểu hiện triệu chứng nên khó kiểm soát.
Người lớn tuổi có hệ thống miễn dịch và hô hấp hoạt động kém hiệu quả do quá trình lão hóa và mắc nhiều bệnh lý mạn tính như tim mạch, đái tháo đường, COPD, ung thư… Mầm bệnh có thể xâm nhập từ chính những người thân trong gia đình, những người thường xuyên tiếp xúc với môi trường đông người. Ngoài ra, nguy cơ lây nhiễm còn đến từ việc người cao tuổi đi lại tại các địa điểm quen thuộc như chợ, siêu thị. Những lý do này khiến người cao tuổi dễ tiếp xúc và khó chống lại mầm bệnh xâm nhập gây bệnh.
Ngoài ra, một nghiên cứu trên 3.233 trường hợp mắc não mô cầu xâm lấn tại 30 quốc gia EU cho thấy, tỷ lệ tử vong cao nhất ở các trường hợp từ 65 tuổi trở lên (18%), tiếp theo là nhóm tuổi 50-64 (15%).
BS. Điền cho biết não mô cầu gây ra hai thể bệnh phổ biến gồm viêm màng não, nhiễm khuẩn huyết hoặc kết hợp cả hai. Các thể bệnh khác ít gặp hơn gồm viêm phổi, viêm khớp, viêm màng ngoài tim…
Ở giai đoạn đầu, bệnh dễ nhầm lẫn với cảm, cúm do có các triệu chứng không điển hình như sốt, mệt mỏi, đau đầu khiến người lớn tuổi dễ chủ quan, nhập viện muộn, tăng nguy cơ biến chứng và tử vong. Hơn nữa, ở người lớn tuổi,hệ miễn dịchsuy yếu và mắc nhiều bệnh nền cùng lúc có thể khiến quá trình điều trị gặp nhiều khó khăn, kéo dài thời gian nằm viện, gây tốn kém chi phí.
Nếu may mắn sống sót, từ 10 - 20% trường hợp chịu những di chứng tàn tật suốt đời như chậm phát triển trí tuệ, điếc, liệt, cắt cụt chi… tạo ra gánh nặng lớn cho gia đình, xã hội. Nghiên cứu ở Việt Nam cho thấy chi phí chăm sóc bệnh nhân viêm màng não chiếm 83% tổng chi tiêu hàng tháng của hộ gia đình.
Chủ động phòng ngừa để sống khỏe tuổi xế chiều
Vi khuẩn não mô cầu có 13 nhóm huyết thanh gây bệnh, trong đó 5 nhóm huyết thanh thường gặp ở Việt Nam là A, B, C, Y, W-135. Một phân tích đăng trên Thư viện Y khoa Quốc gia Mỹ, trong số 163.758 bệnh nhân bị não mô cầu xâm lấn cho thấy tỷ lệ tử vong do nhóm huyết thanh W và C cao nhất, lần lượt chiếm 12,8% và 12,0%, tiếp đến là Y chiếm 10,8% và B chiếm 6,9%.
BS. Điền cho biết, người lớn tuổi không nên xem nhẹ việc phòng bệnh. Vắc xin sẽ giúp tạo lá chắn miễn dịch, hỗ trợ cơ thể có đủ kháng thể chống lại sự tấn công của vi khuẩn não mô cầu.
Hiện Việt Nam đã có các loại vắc xin phòng ngừa 5 nhóm huyết thanh gây bệnh não mô cầu, chỉ có trong tiêm chủng dịch vụ bao gồm: vắc xin phòng nhóm B, vắc xin phòng nhóm B và C, và vắc xin cộng hợp tứ giá ACYW giúp bảo vệ đồng thời 4 nhóm huyết thanh A, C, W, Y; vắc xin phòng nhóm B; vắc xin phòng nhóm B và C. Tại Mỹ, vắc xin phòng nhóm ACYW được chứng minh giảm tới 90% nguy cơ mắc bệnh do não mô cầu xâm lấn ở các nhóm huyết thanh phổ biến C, Y, W ở thanh thiếu niên và hạn chế lây lan trong cộng đồng. Với người lớn tuổi, lịch tiêm của vắc xin đơn giản, chỉ cần một mũi tiêm.
Bên cạnh vắc xin, người cao tuổi nên có chế độ sinh hoạt lành mạnh, ăn uống đủ chất, hạn chế sử dụng rượu bia, hút thuốc lá, tuân thủ phác đồ điều trị bệnh nền của bác sĩ.
Hoàng Bách"
https://vietnamnet.vn/nguoi-phu-nu-bat-ngo-do-guc-tai-cong-ty-phat-hien-dot-quy-xuat-huyet-hiem-gap-2470213.html,Không tìm thấy,,"Khi đang làm việc ở công ty, bà N.T.H.H (46 tuổi, trú tại xã Củ Chi, TPHCM) xuất hiện cơn đau đầu đột ngột dữ dội, toát mồ hôi, tay chân bủn rủn. Các triệu chứng nhanh chóng tiến triển thành đau đầu, cứng cổ và nôn ói nhiều lần. Mặc dù được nghỉ ngơi và dùng thuốc giảm đau, tình trạng không cải thiện. Trên đường về nhà, bệnh nhân tiếp tục nôn ói và được đưa đến cấp cứu.
Tại khoa Cấp cứu, bệnh nhân được chụp CT và MRI khẩn để loại trừ đột quỵ. Tuy nhiên, kết quả hình ảnh không ghi nhận xuất huyết não hay nhồi máu não.
Ê-kíp Đơn vị đột quỵ đã thăm khám kỹ lưỡng và nhận thấy triệu chứng lâm sàng phù hợp với xuất huyết dưới nhện - một dạng đột quỵ xuất huyết nguy hiểm, có thể dẫn đến hôn mê và tử vong chỉ trong thời gian ngắn.
Đứng trước mâu thuẫn giữa triệu chứng lâm sàng rõ rệt (đau đầu dữ dội, nôn ói, gượng cổ) nhưng kết quả hình ảnh không rõ ràng, cả ê-kíp đã thống nhất chọc dịch não tủy để xác định lượng máu trong não bệnh nhân. Kết quả cho thấy dịch não tủy màu hồng đồng nhất, khẳng định bệnh nhân bị xuất huyết dưới nhện.
Với chẩn đoán trên, bệnh nhân được tiến hành chụp CT mạch máu não (CTA) và phát hiện một túi phình kích thước 7-8 mm ở động mạch cảnh trong đoạn thông sau, nằm tại một vị trí tương đối khó quan sát, gần sàn sọ và có dấu hiệu vỡ. Các bác sĩ quyết định tiến hành phẫu thuật khẩn cấp để xử lý túi phình cho bệnh nhân.
Bác sĩ chuyên khoa 2 Huỳnh Văn Vũ - Phó Trưởng khoa Sọ não cột sống 2 – Bệnh viện Đa khoa Xuyên Á TPHCM chia sẻ, đây là trường hợp đột quỵ xuất huyết hiếm gặp, trong đó hình ảnh học giai đoạn sớm không thể hiện rõ. Việc giữ vững lập luận lâm sàng và không bỏ qua triệu chứng là yếu tố giúp ê-kíp đưa ra quyết định chính xác, kịp thời cứu sống bệnh nhân.
Bác sĩ Vũ khuyến cáo người dân khi xuất hiện các cơn đau đầu đột ngột dữ dội, buồn nôn, cứng gáy… cần đến ngay các bệnh viện có chuyên khoa đột quỵ để được chẩn đoán và xử trí kịp thời."
https://vietnamnet.vn/mon-chao-hut-hon-van-tin-do-trong-mua-lanh-5-nhom-nguoi-tuyet-doi-khong-an-2469851.html,Không tìm thấy,,"Trao đổi với PV VietNamNet, TS. Lê Thị Hương Giang, Trưởng khoa Tiết chế dinh dưỡng, Bệnh viện 19/8 (Bộ Công an) cho biết, cháo lòng từ lâu đã là món ăn quen thuộc, đặc biệt hấp dẫn của hàng vạn tín đồ ẩm thực trong những ngày trời rét.
Tuy nhiên, thời gian gần đây, nhiều người có xu hướng bỏ qua gan, dồi, thịt dải hay dạ dày, mà chỉ chọn phần đầu lòng non và đầu hành hoa khi ăn cháo lòng.
Theo TS Hương Giang, trong bát cháo này, đầu hành được đánh giá là lành tính, giúp kích thích tiêu hóa và tạo cảm giác ấm bụng. Tuy nhiên, phần đầu lòng (nội tạng heo) mới là yếu tố cần đặc biệt chú ý, bởi đây là nhóm thực phẩm dù giàu dinh dưỡng nhưng lại chứa nhiều chất dễ gây hại nếu dùng quá mức.
Nội tạng động vật nói chung và nội tạng heo nói riêng có hàm lượng dinh dưỡng khá cao, cung cấp vitamin nhóm B, sắt, kẽm và nhiều acid amin. Song song với lợi ích, nội tạng lại chứa lượng lớn cholesterol, chất béo bão hòa và purin.
""Nếu ăn thường xuyên và trong thời gian dài, dù là người khỏe mạnh, cơ thể vẫn dễ đối mặt  với loạt nguy cơ về sức khỏe"", TS Hương Giang nhấn mạnh.
Bác sĩ cảnh báo, việcăn nhiều nội tạngcó thể dẫn đến tăng mỡ máu, rối loạn lipid máu, tăng acid uric – yếu tố gây bệnh gout. Song song đó, gan cũng phải hoạt động nhiều hơn để chuyển hóa chất béo, từ đó làm tăng nguy cơ gan nhiễm mỡ với những người thường xuyên ăn nội tạng. Không chỉ vậy, nếu khâu sơ chế và chế biến không đảm bảo, nội tạng có thể trở thành nguồn gây nhiễm khuẩn đường tiêu hóa cho những người sử dụng.
""Một số nghiên cứu còn ghi nhận việc tiêu thụ nội tạng thường xuyên có thể ảnh hưởng đến hệ vi sinh đường ruột, tạo gánh nặng chuyển hóa và tăng nguy cơ viêm nhiễm. Điều này lý giải vì sao dù không được xếp vào nhóm “thực phẩm độc”, nội tạng vẫn luôn nằm trong danh sách các món cần hạn chế. Vì vậy, người dân không nên ăn nội tạng như món thường ngày.
Người khỏe mạnh có thể ăn thỉnh thoảng, khoảng vài lần trong tháng, với khẩu phần nhỏ 50-70g và phải đảm bảo rửa sạch, nấu chín kỹ, chọn nguồn thịt an toàn”, TS. Hương Giang nhấn mạnh.
Ngược lại, 5 nhóm người tuyệt đối tránh hoặc cần hạn chế tối đa gồm:
– Người tăng mỡ máu, gan nhiễm mỡ, rối loạn lipid.
– Người bệnh tim mạch, tăng huyết áp, xơ vữa động mạch.
– Người mắc bệnh gout hoặc acid uric cao.
– Người già yếu, người suy giảm miễn dịch.
– Phụ nữ mang thai.
Một lần nữa, TS Hương Giang khuyến cáo, nội tạng heo không phải món độc nhưng không dành để ăn thường xuyên. Hãy coi đó là món ‘thỉnh thoảng đổi vị’ chứ hoàn toàn không phải thực phẩm thiết yếu."
https://vietnamnet.vn/ky-su-it-nhoi-mau-co-tim-cap-nguyen-nhan-tu-thoi-quen-cua-so-dong-nam-gioi-2470219.html,Không tìm thấy,,"Ngày 5/12, Trạm Cấp cứu vệ tinh số 32 (Trung tâm Cấp cứu 115 TP.HCM) nhận cuộc gọi khẩn cấp từ một phòng khám tư. Bệnh nhân là người đàn ông 45 tuổi, làm nghề xây dựng, đột ngột đau ngực dữ dội, vã mồ hôi, xây xẩm và liên tục ngất lịm. Điện tim ghi nhậnnhồi máu cơ timthành dưới, huyết áp tụt xuống chỉ còn 40/20 mmHg. Đây là mức nguy kịch có thể tử vong tại chỗ.
Do huyết áp quá thấp, Bệnh viện Chợ Rẫy đã khuyến cáo không vận chuyển bệnh nhân nếu không có đội ngũ cấp cứu chuyên nghiệp. Ê-kíp cấp cứu 115 lập tức tiếp cận hiện trường, phối hợp với phòng khám nâng huyết áp từng bước, ổn định tình trạng bệnh nhân rồi chuyển thẳng vào bệnh viện.
Tại đây, ông được can thiệp đặt stent khẩn cấp. Sau một ngày, bệnh nhân hồi tỉnh. Các bác sĩ nhận định người đàn ông trở về từ cửa tử.
Khi tỉnh lại trên giường cấp cứu, bệnh nhân cho rằng bản thân ông vốn khỏe mạnh, không rượu bia, nhậu nhẹt hay thức khuya. Tuy nhiên, ông lại nghiện thuốc lá từ năm 15 tuổi. Mỗi ngày, bệnh nhân hút 1 gói thuốc lá. Công việc căng thẳng, áp lực từ đối tác càng khiến ông dùng thuốc lá nhiều hơn.
Gần đây, ông cảm thấy nặng ngực nhưng vì bận rộn công việc và ngại chờ đợi khám bệnh nên phớt lờ tín hiệu cảnh báo.
Một ca khác là anh N.V.Đ, 35 tuổi, kỹ sư IT, hút 1–2 bao thuốc mỗi ngày. Anh nhập viện trong tình trạng đau ngực dữ dội kéo dài từ đêm, kèm khó thở và vã mồ hôi. Ban đầu, anh chủ quan nghĩ đó là triệu chứng viêm phổi do hút thuốc quá nhiều.
Tại bệnh viện, kết quả điện tâm đồ và xét nghiệm men tim khẳng định anh bị nhồi máu cơ tim cấp. Chụp mạch cho thấy một nhánh động mạch vành trái - nhánh nuôi dưỡng phần lớn cơ tim - đã bị tắc hoàn toàn. Bệnh nhân lập tức được chuyển vào phòng can thiệp để đặt stent mở lại dòng máu.
Nam kỹ sư hút thuốc lá từ ngày lên thành phố học đại học. Anh luôn cho rằng công việc căng thẳng, thêm điếu thuốc như gia vị giảm stress.
Theo bác sĩ Nguyễn Thắng Nhật Tuệ - Trạm cấp cứu vệ sinh số 32 cho biết, nhồi máu cơ tim xảy ra khi mạch vành đột ngột bị tắc, khiến một phần cơ tim “chết” vì thiếu máu. Người bệnh thường có các triệu chứng đau ngực như bị bóp nghẹt, lan lên hàm, vai, tay trái hoặc sau lưng; khó thở, vã mồ hôi, choáng váng. Người bệnh có thể tử vong trong vài phút nếu không được cấp cứu kịp thời.
Đáng lo ngại hơn, thuốc lá là một trong những yếu tố nguy cơ lớn nhất gây xơ vữa mạch máu. Khói thuốc gây tổn thương lớp nội mạc mạch máu, làm tăng nguy cơ hình thành mảng xơ vữa và huyết khối – nguyên nhân trực tiếp dẫn đến nhồi máu cơ tim cấp.
Bác sĩ Tuệ khuyến cáo, nhiều người trẻ tìm đến thuốc lá để giải tỏa áp lực mà không ý thức được rằng mỗi điếu thuốc đều làm tăng nguy cơ tử vong do tim mạch, đặc biệt là ở nam giới trong độ tuổi lao động.
Các bác sĩ cảnh báo thêm, trong nhồi máu cơ tim, mỗi phút trôi qua là một phần cơ tim mất đi vĩnh viễn. Can thiệp càng sớm, cơ hội sống càng cao. Xe cấp cứu 115 được trang bị thuốc, thiết bị và bác sĩ để xử trí ban đầu, giúp bệnh nhân giành lại “cửa sống” trước khi đến bệnh viện.
Các bác sĩ khẳng định, bỏ thuốc là cách đơn giản nhất nhưng hiệu quả nhất để giảm nguy cơ nhồi máu cơ tim, đột quỵ và tử vong đột ngột."
https://vietnamnet.vn/chang-trai-20-tuoi-da-phai-chay-than-ca-doi-do-bo-qua-3-trieu-chung-nho-2470098.html,Không tìm thấy,,"Căn bệnh này vốn được cho phổ biến ở người lớn tuổi khiến chàng trai khó chấp nhận, không hiểu vì sao lại xảy ra với mình.
Bác sĩ Ngụy Vĩ, Khoa Thận - Bệnh viện Nhân dân số 1 Hàng Châu (Trung Quốc), cho biết bệnh nhân có tiền sử cao huyết áp. Khoảng một năm trước, cơ thể anh đã xuất hiện một số dấu hiệu bất thường nhưchân phù vô cớ, nước tiểu có nhiều bọt và cảm giác choáng váng.Tuy nhiên, anh cho rằng đây chỉ là những vấn đề nhỏ và tự bỏ qua. Bác sĩ Ngụy nhận định: “Nếu bệnh nhân đến bệnh viện sớm một năm, kết cục có lẽ đã khác”.
TheoChina Times, sau khi tốt nghiệp trung học, nam thanh niên đi kiếm tiền ngay và làm việc với cường độ cao. Một năm trước, anh nhận thấy chân bị phù nhưng không rõ nguyên nhân, nước tiểu xuất hiện nhiều bọt hơn bình thường. Ba tháng gần đây, tình trạng phù nề nặng hơn, đầu choáng váng kéo dài dù đã nghỉ ngơi. Vì đang bị cao huyết áp, anh nghĩ các triệu chứng này xuất phát từ việc kiểm soát huyết áp chưa tốt nên tiếp tục chủ quan.
Chỉ đến khi gặp khó khăn trong hít thở kèm theo tim đập nhanh, buồn nôn và nôn mửa, anh mới đến bệnh viện. Kết quả kiểm tra cho thấy bệnh nhân bịsuy thận mạn, chức năng thận tổn thương nghiêm trọng, buộc phải chạy thận trong thời gian dài.
Bác sĩ Ngụy cho rằng cao huyết áp kéo dài không được kiểm soát có thể là nguyên nhân chính dẫn đến suy thận ở trường hợp này. Huyết áp cao lâu ngày làm tổn thương các mạch máu nhỏ trong thận, gây xơ hóa cầu thận và suy giảm chức năng thận. Nhiều bệnh nhân trẻ tuổi vì không xuất hiện triệu chứng rõ ràng nên không đi khám, chỉ đến gặp bác sĩ khi bệnh đã chuyển nặng, buộc phải chạy thận hoặc ghép thận mà không còn cơ hội cứu vãn.
Suy thận mạnlà tình trạng chức năng thận giảm sút không thể hồi phục, buộc bệnh nhân phải điều trị thay thế bằng chạy thận định kỳ hoặc ghép thận mới có thể duy trì sự sống. Khi thận mất dần khả năng lọc bỏ độc tố và nước thừa, cơ thể sẽ tích tụ các chất thải, gây ra hàng loạt triệu chứng khó chịu.
Người bệnh thường bị buồn nôn, nôn mửa, chán ăn, dẫn đến sụt cân rõ rệt. Hệ tiêu hóa có thể rối loạn với biểu hiện tiêu chảy hoặc táo bón kéo dài. Tình trạng mệt mỏi, buồn ngủ, khó tập trung xảy ra do độc tố tích tụ trong máu và thiếu máu mạn tính. Da người bệnh thường khô ngứa, chuyển sang màu vàng xám hoặc tái, kèm theo phù nề ở chân, mặt do giữ nước. Lượng nước tiểu giảm, thậm chí vô niệu, khiến tình trạng ứ dịch nặng thêm và có thể khiến người bệnh khó thở hoặc loạn nhịp tim.
Nhiều bệnh lý phổ biến như cao huyết áp, viêm ống thận - mô kẽ, viêm bể thận mạn tính, bệnh tiểu đường hay gout đều có khả năng làm tổn thương thận lâu dài và là nguyên nhân dẫn tới suy thận mạn."
https://vietnamnet.vn/sot-xinh-xich-thuc-uong-tu-qua-le-nau-cu-cai-mia-gung-sa-2468603.html,Không tìm thấy,,"Những ngày gần đây, trên mạng xã hội chia sẻ công thức nấu nước trị ho gồm quả lê, mía, củ cải trắng, kỷ tử, gừng, sả… Theo lời truyền miệng, nước này khi uống ấm cả ngày sẽ giúp phòng bệnh đường hô hấp. Xin chuyên gia tư vấn bài thuốc trên có thực sự tốt hay không? (Hồng Hạnh - Hà Nội).
Lương y Đỗ Minh Tuấn - Hội Đông Y Hà Nội tư vấn:
Trong Đông y,quả lê có tác dụng thanh phế, nhuận táo, hóa đàm. Lê có vị cam, tính hàn, quy vào kinh phế (liên quan cơ quan hô hấp). Khi đem hấp chín, lê trở nên ôn nhuận hơn, phù hợp với tình trạng phế âm tổn thương, cổ họng khô, đờm đặc, dính cổ.
Bài thuốc này chủ yếu dành cho thể phế âm hư. Nước nấu từ các vị này mang tính hành khí - tán hàn - tiêu đàm mạnh, phù hợp với thời điểm giao mùa hanh khô, khi ho có đờm, cổ họng rát, ngứa, vướng.
Đông y không nhìn cơ thể theo từng cơ quan tách rời. Phế là tạng chủ về khí, khai khiếu ra mũi, điều hòa hô hấp. Phế liên hệ mật thiết với tỳ - cơ quan sinh ra khí huyết để phế hoạt động và thận - nơi giữ căn nguyên khí giúp phế vận hành bền vững.
Trong thực hành Đông y, khi bệnh nhân ho, thầy thuốc sẽ tìm nguyên nhân từ tỳ - phế - vị để đưa ra phương pháp điều trị phù hợp. Do đó, một người bị ho khan, ho đờm hay khò khè không thể chỉ điều trị riêng vùng họng mà phải xem xét các bộ phận liên quan.
Công dụng của các thành phần trong bài thuốc:
- Gừng, sả: Giữ ấm, tán hàn.
- Lê, củ cải trắng, kỷ tử: Làm dịu trong, thanh đàm, nhuận phế.
- Mía: Điều hòa, giúp vị thuốc dễ hấp thu, giảm kích ứng dạ dày.
Đây là cách phối hợp thường thấy của Đông y: ngoại tán - nội dưỡng - khí thông - đàm tan.
Với công thức nước nấu này, tuy nhìn qua có vẻ đơn giản nhưng thật ra là sự phối hợp điều hòa cả ba tạng phế - tỳ - vị thông qua sáu loại thực phẩm - dược liệu kết hợp hài hòa.
Thành phần gồm của thức uống này bao gồm 1 quả lê giúp thanh phế, nhuận táo, hóa đàm; 4 miếng mía điều vị, sinh tân; 1 củ cải trắng (khoảng 200g) tiêu đàm, giáng khí. Bạn cho thêm một nhúm kỷ tử để dưỡng âm, bổ phế thận cùng sả và gừng có tác dụng tán hàn, hành khí, giải biểu.
Cho tất cả nguyên liệu vào nồi, đổ nước ngập và đun riu riu đến khi còn khoảng 2/3 lượng nước ban đầu. Khi uống, bạn nên dùng trong ngày, chia 3-4 lần và không để qua đêm.
Những trường hợp có thể dùng bài thuốc như người bị khan, ho đờm nhẹ, ho về đêm, khô cổ, vướng đờm, cổ họng ngứa rát; những người mới chớm cảm lạnh, viêm họng; trẻ em trên 4 tuổi, người già, phụ nữ mang thai thể trạng hàn.
Những người cần thận trọng sử dụng thức uống này:
- Người sốt cao, đờm vàng, rêu lưỡi vàng dày cần bài thuốc thanh nhiệt.
- Người tiêu chảy, lạnh bụng cần giảm lượng lê và củ cải.
- Trẻ dưới 1 tuổi không dùng mật ong.
Những loại nước như thế này có tác dụng dưỡng hệ hô hấp, phòng bệnh hơn là chữa bệnh. Bạn có thể dùng liên tục vài ngày. Tuy nhiên, người có tình trạng ho dai dẳng, rát cổ, đờm nhiều khó khạc hoặc viêm họng tái phát khi trở lạnh nên đi kiểm tra để tìm rõ nguyên nhân."
https://vietnamnet.vn/an-lau-cay-lien-tiep-3-ngay-nguoi-phu-nu-phai-di-cap-cuu-phau-thuat-khan-2470102.html,Không tìm thấy,,"Gần đây, các bệnh viện ở Chiết Giang (Trung Quốc) tiếp nhận nhiềuca bệnh trĩtrở nặng sau khi ăn lẩu không đúng cách. Các bác sĩ cảnh báo người dân cần thận trọng với tình trạng được gọi là “hội chứng lẩu”.
Tác dụng phụ của lẩu
Jimu Newsđưa ra một trường hợp điển hình là chị Tian, 42 tuổi, nhân viên văn phòng. Sau ba ngày liền ăn lẩu cay, chị đột ngột đi ngoài ra máu, lượng huyết sắc tố giảm mạnh, dẫn đến sốc mất máu. Nữ bệnh nhân được đưa vào cấp cứu, chẩn đoán trĩ hỗn hợp cấp tính, phải phẫu thuật ngay. Một bệnh nhân khác, anh Chen, vốn bị táo bón mạn tính, ăn lẩu thường xuyên vào mùa đông khiến bệnh nặng hơn, dẫn đến búi trĩ sa ra ngoài, không thể tự co lại.
Theo bác sĩ tiêu hóa Lu Qingjun (Trung Quốc), ăn lẩu trong mùa đông dễ làm bùng phát triệu chứng trĩ. Nguyên nhân xuất phát từ ba yếu tố: Ớt và gia vị cay kích thích trực tiếp niêm mạc trực tràng; thức ăn nóng làm tăng tuần hoàn máu quanh hậu môn; đồ ăn nhiều dầu mỡ khiến nhu động ruột chậm lại. Sự cộng hưởng của các tác động trên khiến bệnh trĩ dễ chuyển sang giai đoạn cấp.
Bác sĩ Lu cho biết, mùa đông khiến mạch máu co lại, áp lực tại mạng lưới tĩnh mạch hậu môn vốn đã cao, nếu ăn quá nhiều món cay nóng càng dễ gây tổn thương, dẫn tới bệnh trĩ. Bác sĩ khuyến cáo người dân nên chọn nước lẩu thanh, tăng chất xơ và hạn chế ăn quá nhiều trong một bữa để giảm nguy cơ bệnh.
Nguyên nhân và biểu hiện của bệnh trĩ
Bệnh trĩ là tình trạng các tĩnh mạch ở hậu môn, trực tràng dưới bị phình giãn và tạo các búi trĩ ở hậu môn. Bệnh lý này tuy không quá nguy hiểm nhưng lại gây phiền toái, ảnh hưởng đến sinh hoạt, công việc của người bệnh.
Bác sĩ Lu cho biết bệnh trĩ được chia làm ba loại: Trĩ nội, trĩ ngoại và trĩ hỗn hợp. Trĩ nội thường gây đại tiện ra máu tươi không đau, nặng có thể sa búi trĩ; trĩ ngoại gây đau, ngứa, đặc biệt khi hình thành huyết khối; trĩ hỗn hợp là sự kết hợp triệu chứng của cả hai loại trên.
Các yếu tố nguy cơ của bệnh gồm táo bón lâu ngày, ngồi hoặc đứng quá lâu, mang thai, chế độ ăn ít chất xơ, dùng điện thoại khi đi vệ sinh làm tăng thời gian rặn. Ngoài ra, tuổi tác, di truyền và viêm mạn tính cũng là những yếu tố góp phần gây bệnh.
Phòng ngừa bệnh trĩ
Để phòng bệnh, bác sĩ Lu khuyên duy trì mọi người áp dụng chế độ ăn giàu chất xơ - trên 25g mỗi ngày kết hợp uống khoảng 2 lít nước. Người dân nên hạn chế món cay, chiên rán để tránh kích thích trực tràng.
Về sinh hoạt, bạn cần tập thói quen đi vệ sinh đúng giờ, mỗi lần không quá 5 phút và tránh dùng điện thoại khi đang đi vệ sinh. Người làm việc văn phòng hoặc phải đứng lâu nên vận động nhẹ 3-5 phút mỗi giờ để tăng tuần hoàn máu. Sau khi đi vệ sinh, bạn nên rửa bằng nước ấm và mặc đồ lót thoáng khí.
Bác sĩ cũng khuyến nghị người dân tập thể dục thường xuyên như đi bộ nhanh hoặc bơi lội ba buổi mỗi tuần, mỗi buổi khoảng 30 phút, giúp tăng lưu thông tĩnh mạch."
https://vietnamnet.vn/chuyen-gia-dinh-duong-minh-oan-cho-ca-ro-phi-2477860.html,Không tìm thấy,,"Cá rô phi từ lâu là loại thực phẩm quen thuộc trên mâm cơm của nhiều gia đình song cũng là một trong những loài cá chịu nhiều định kiến nhất.
Chia sẻ trên trang cá nhân, chuyên gia dinh dưỡng Tăng Kiến Minh (Trung Quốc) cho biết những định kiến nói trên đã tồn tại trong thời gian dài và phần nào ảnh hưởng đến cách người tiêu dùng nhìn nhận về cá rô phi. Theo ông, nhiều người mặc định cá rô phi là loại cá rẻ tiền, tanh mùi bùn và ít bổ dưỡng. Một bộ phận khác còn lo ngại về quy trình nuôi trồng, cho rằng cá phát triển trong điều kiện không bảo đảm an toàn thực phẩm. Tuy nhiên, vị chuyên gia khẳng định cá rô phi không xấu như nhiều người vẫn nghĩ.
TheoChina Times, xét trên phương diện khoa họcdinh dưỡng, cá rô phi là thực phẩm đáng được đánh giá tốt. Loại cá này có hàm lượng protein cao trong khi lượng chất béo lại thấp, phù hợp với nhiều nhóm sử dụng. Thịt cá mềm, ít xơ, dễ nhai và dễ tiêu hóa nên không chỉ thích hợp với người trưởng thành khỏe mạnh mà còn phù hợp với người lớn tuổi có răng miệng kém hoặc những người có hệ tiêu hóa yếu. Với những người đang trong quá trình tăng cơ, giảm mỡ, cá rô phi cũng là lựa chọn phù hợp nhờ khả năng cung cấp protein chất lượng mà không làm tăng lượng chất béo dư thừa. Trong bữa ăn hằng ngày, đây còn là nguồn protein ổn định, chất lượng tốt và có giá thành phải chăng, dễ tiếp cận với nhiều gia đình.
Liên quan đến vấn đề an toàn thực phẩm, chuyên gia Tăng cho biết môi trường nuôi trồng cá rô phi hiện nay, trong đa số trường hợp, không hề tệ như những lo ngại phổ biến. Theo ông, nguyên nhân khiến cá rô phi bị đánh giá là kém lành mạnh không nằm ở bản thân loài cá mà chủ yếu đến từ cách chế biến. Đặc biệt tại các quán ăn bình dân, cá rô phi thường được nấu theo phương pháp nhiều dầu mỡ để che đi mùi bùn tự nhiên.
Cụ thể, nhiều quán lựa chọn các cách chế biến như chiên ngập dầu, làm sốt chua ngọt hoặc kho đậm vị. Một miếng cá thịt trắng vốn có đặc điểm thanh nhẹ, ít chất béo, khi bị phủ một lớp bột rồi chiên trong dầu nóng sẽ hút một lượng lớn dầu mỡ và năng lượng. Khi đó, những ưu điểm dinh dưỡng vốn có như giàu protein, ít chất béo gần như bị “nhấn chìm” bởi lượng calo dư thừa, khiến món ăn trở nên không tốt cho sức khỏe.
Từ thực tế này, chuyên gia dinh dưỡng khuyến nghị nếu lựa chọn cá rô phi trong bữa ăn hằng ngày, đặc biệt khi ăn ở hàng quán, người tiêu dùng nên ưu tiên những cách chế biến đơn giản và lành mạnh như hấp hoặc nướng muối. Các phương pháp này giúp giữ được trọn vẹn giá trị dinh dưỡng của cá đồng thời hạn chế lượng chất béo không cần thiết. Bên cạnh đó, kết hợp cá rô phi với các loại rau xanh đậm màu để bổ sung chất xơ sẽ giúp bữa ăn trở nên cân đối và đầy đủ dinh dưỡng hơn."
https://vietnamnet.vn/4-ly-do-ban-khong-nen-bo-qua-xet-nghiem-nuoc-tieu-khi-kham-suc-khoe-2477699.html,Không tìm thấy,,"Vì sao khi đi khám sức khỏe, bác sĩ luôn chỉ định xét nghiệm nước tiểu dù tôi không có triệu chứng gì? (Hà Anh Thư - Từ Liêm, Hà Nội).
Các bác sĩ tại Trung tâm Huyết học - Truyền máu, Bệnh viện 19-8 (Hà Nội) tư vấn:
Khi đi khám sức khỏe định kỳ, nhiều người thường chỉ quan tâm đến xét nghiệm máu mà xem nhẹ xét nghiệm tổng phân tích nước tiểu. Tuy nhiên, đây lại là một trong nhữngxét nghiệmcơ bản có giá trị “tố cáo” rất sớm nhiều bệnh lý nguy hiểm.
Dưới đây là 4 lý do quan trọng bạn nên thực hiện xét nghiệm này.
1. Phát hiện sớm tổn thương thận
Thận hoạt động như một hệ thống lọc tinh vi, có nhiệm vụ giữ lại các chất cần thiết như protein và tế bào máu, đồng thời đào thải chất cặn bã ra ngoài. Hai chỉ số quan trọng phản ánh chức năng này là Protein (PRO) và Máu (BLD).
Ở người khỏe mạnh, protein và hồng cầu không xuất hiện trong nước tiểu. Khi kết quả xét nghiệm cho thấy PRO hoặc BLD dương tính, đó là dấu hiệu cho thấy “màng lọc” thận đang bị tổn thương.
2. Cảnh báo rối loạn chuyển hóa và bệnh tiểu đường
Xét nghiệm nước tiểu còn giúp đánh giá cách cơ thể sử dụng “nhiên liệu” thông qua hai chỉ số Glucose (GLU) và Ketone (KET).
Bình thường, thận sẽ tái hấp thu hoàn toàn glucose để giữ lại cho cơ thể. Tuy nhiên, khi đường huyết tăng cao vượt quá “ngưỡng thận”, glucose sẽ tràn ra nước tiểu. Vì vậy, GLU dương tính gần như luôn là dấu hiệu gợi ý bệnh tiểu đường hoặc rối loạn đường huyết chưa được kiểm soát.
3. Nhận diện nhanh nhiễm trùng đường tiết niệu
Nhiễm trùng đường tiết niệu là bệnh lý phổ biến nhưng dễ bị bỏ sót nếu triệu chứng chưa rõ ràng. Xét nghiệm nước tiểu giúp phát hiện tình trạng này thông qua “cặp đôi” Bạch cầu (LEU) và Nitrit (NIT).
Bạch cầu là các tế bào miễn dịch, sẽ xuất hiện tại nơi có viêm hoặc nhiễm trùng. Khi LEU dương tính, cơ thể đang phản ứng với tình trạng viêm trong đường tiết niệu.
Đặc biệt, Nitrit dương tính gần như khẳng định sự hiện diện của vi khuẩn, do một số vi khuẩn có khả năng chuyển Nitrat trong thức ăn thành Nitrit. Khi cả hai chỉ số LEU và NIT cùng dương tính, đây là bằng chứng mạnh mẽ cho thấy người bệnh đang bị nhiễm trùng đường tiết niệu và cần điều trị sớm.
4. Đánh giá chức năng gan và “môi trường” nước tiểu
Ngoài thận và chuyển hóa, xét nghiệm nước tiểu còn cung cấp thông tin về gan và tình trạng cô đặc của nước tiểu thông qua các chỉ số như Bilirubin (BIL), Urobilinogen (URO), tỷ trọng (SG) và pH.
Bilirubin dương tính là dấu hiệu cảnh báo sớm các bệnh lý gan hoặc tắc mật. Urobilinogen tăng hoặc giảm bất thường cũng có thể liên quan đến viêm gan, xơ gan hoặc tan máu. Trong khi đó, tỷ trọng phản ánh khả năng cô đặc nước tiểu của thận, giúp đánh giá tình trạng mất nước hoặc suy giảm chức năng thận. Chỉ số pH lại hỗ trợ bác sĩ đánh giá nguy cơ hình thành sỏi thận và liên quan đến nhiễm trùng tiết niệu.
"
https://vietnamnet.vn/loai-ca-tung-bi-ghe-lanh-che-ban-nay-thanh-dac-san-sam-nuoc-2475565.html,Không tìm thấy,,"Cá chạch sống dưới bùn có thực sự bẩn và dễ nhiễm kim loại nặng như nhiều người lo ngại không? Người tiêu dùng làm thế nào để phân biệt cá chạch nuôi an toàn với cá chạch tự nhiên có nguy cơ nhiễm độc, thưa chuyên gia? Xin cảm ơn ông! (Nguyệt Hà - Phủ Lý, Ninh Bình).
Phó giáo sư Nguyễn Duy Thịnh - chuyên gia về công nghệ thực phẩm, nguyên giảng viên Đại học Bách khoa (Hà Nội) tư vấn:
Bạn nói đúng, cá chạch từng bị nhiều người e dè, thậm chí “ghẻ lạnh” vì sống trong bùn lầy. Hiện nay, cá chạch đã có màn “lội ngược dòng” ngoạn mục để trở thành đặc sản được săn lùng nhờ giá trịdinh dưỡngcao và nhiều lợi ích cho sức khỏe.
Trước đây, cá chạch thường bị coi là loài cá bẩn bởi tập tính sinh sống ở tầng đáy, nơi bùn đất và tạp chất tích tụ. Nhiều người cho rằng cá chạch dễ sống ở khu vực nghĩa trang, ao tù, thậm chí vùng gần khu công nghiệp nên nguy cơ nhiễm kim loại nặng là rất cao. Bên cạnh đó, cá chạch cũng có thể mang ký sinh trùng nếu sống trong môi trường ô nhiễm.
Chính vì những lo ngại này, cá chạch từng ít được ưa chuộng, thậm chí bị loại khỏi bữa ăn của nhiều gia đình. Tuy nhiên, cùng với sự phát triển của mô hình nuôi trồng thủy sản an toàn, cá chạch ngày nay chủ yếu được nuôi trong môi trường kiểm soát, giúp người tiêu dùng yên tâm hơn về chất lượng và độ an toàn thực phẩm.
Không phải ngẫu nhiên cá chạch được gọi là “sâm nước”. Theo nhiều tài liệu dinh dưỡng, thịt cá chạch có hàm lượng chất béo thấp nhưng lại rất giàu đạm và vi chất. Trong 100g thịt cá chạch có khoảng 16g protein, 3,2g đường, 2g chất béo cùng nhiều vitamin như A, B1, B2, P và tới 17 loại axit amin dễ hấp thu.
Nhờ đó, cá chạch được đánh giá là thực phẩm tốt cho người suy nhược cơ thể, người cần bồi bổ sau ốm hoặc lao động nặng.
Trong ẩm thực, cá chạch muốn ngon phải được sơ chế kỹ để loại bỏ lớp nhớt đặc trưng và mùi bùn. Người nội trợ thường dùng muối hột, tro bếp, giấm hoặc nước cốt chanh để chà xát cá, sau đó rửa lại nhiều lần cho đến khi cá sạch, trắng và không còn mùi tanh. Khi chế biến, cá chạch thường được ướp cùng gừng, nghệ, sả hoặc tiêu nhằm khử mùi và làm dậy vị ngọt tự nhiên của thịt cá.
Dù giá trị dinh dưỡng cao, việc phân biệt cá chạch có nhiễm kim loại nặng hay không bằng mắt thường là điều gần như không thể. Do đó, người tiêu dùng được khuyến cáo nên chọn mua cá chạch từ các cơ sở nuôi uy tín, có nguồn gốc rõ ràng, tránh sử dụng cá đánh bắt tự nhiên ở vùng nước ô nhiễm."
https://vietnamnet.vn/so-ung-thu-dot-quy-nguoi-phu-nu-di-kham-ca-chuc-lan-trong-11-thang-2478339.html,Không tìm thấy,,"Bà N.M.N (54 tuổi, trú tại Hà Nội) đến khám tại Bệnh viện E (Hà Nội) với các triệu chứng buồn nôn, đau vai gáy, trào ngược dạ dày tái phát và tiểu nhiều. Dù đã được thăm khám nhiều lần trước đó, bệnh nhân vẫn yêu cầu tiếp tục nội soi tiêu hóa vàchụp cộng hưởng từ(MRI) để “kiểm tra cho chắc chắn”.
7 lần chụp MRI trong khoảng 11 tháng
Khai thác bệnh sử cho thấy, bà N. có tiền sử rối loạn lo âu kéo dài nhiều năm, từng nhiều lần điều trị trào ngược dạ dày - thực quản. Tuy nhiên, các thăm dò y khoa trước đây không ghi nhận bệnh lý thực thể nghiêm trọng. Dù vậy, người bệnh thường xuyên cảm nhận các triệu chứng như nóng rát ngực, buồn nôn, đau cổ - vai - gáy kiểu căng cơ, hồi hộp, bồn chồn, khó ngủ, mệt mỏi và tiểu nhiều không đau. Các triệu chứng này được ghi nhận gia tăng rõ rệt từ đầu năm.
Đáng chú ý, chỉ trong khoảng 11 tháng, bà N. đã thực hiện 7 lần chụp MRI ở nhiều vị trí khác nhau như não, cột sống cổ, thắt lưng và 5 lần nội soi dạ dày - thực quản. Tất cả kết quả đều không phát hiện tổn thương nguy hiểm.
Tuy nhiên, bệnh nhân vẫn tiếp tục đi khám ở nhiều cơ sở y tế khác nhau, liên tục tìm kiếm sự trấn an và yêu cầu lặp lại các xét nghiệm đã có kết quả bình thường. Có lúc, bà N. cảm thấy rõ bác sĩ không tìm được ra bệnh cho mình càng lo lắng hơn. Ở đâu quảng cáo sàng lọc các kỹ thuật tiên tiến, bà N. lại tìm tới.
Tại lần khám hiện tại, sau khi đánh giá toàn diện, bác sĩ nội khoa nhận thấy không có dấu hiệu lâm sàng mới, việc chỉ định thêm các xét nghiệm chuyên sâu như MRI hay nội soi không mang lại giá trị chẩn đoán. Các bác sĩ cho rằng hành vi khám bệnh lặp đi lặp lại của bệnh nhân có liên quan nhiều đến yếu tố lo âu hơn là bệnh lý thực thể, do đó đã từ chối chỉ định thêm xét nghiệm và chuyển bệnh nhân sang chuyên khoa Tâm thần để đánh giá.
Rối loạn lo âu dạng ám ảnh bệnh tật
Qua thăm khám tâm thần ban đầu, các bác sĩ ghi nhận bệnh nhân có lo âu về sức khỏe kéo dài trên 6 tháng, thường xuyên sợ mắc các bệnh nặng như ung thư, đột quỵ, bệnh thần kinh dù đã được kiểm tra nhiều lần.
Người bệnh có xu hướng chú ý quá mức đến các cảm giác cơ thể rất nhỏ, liên tục tìm kiếm sự trấn an từ nhân viên y tế. Stress được xác định là yếu tố làm nặng thêm các triệu chứng trào ngược và đau vai gáy. Bệnh nhân không có biểu hiện loạn thần và không ghi nhận bệnh lý thực thể mới.
Các bác sĩ chẩn đoán gợi ý bệnh nhân mắc rối loạn lo âu dạng ám ảnh bệnh tật (illness anxiety disorder) hoặc rối loạn triệu chứng cơ thể (somatic symptom disorder).
Người bệnh thường là người quá quan tâm tới sức khỏe bản thân, dễ bị ám ảnh hoặc hoảng sợ nếu cơ thể xuất hiện một số dấu hiệu bất thường như: Đau nhức ở một số vị trí, cồn cào,...
Dù là nhẹ song những người này thường cho rằng đó là dấu hiệu của một căn bệnh rất nghiêm trọng. Và bởi thế, họ có thể đi khám ở nhiều nơi khác nhau, cho dù bác sĩ khẳng định không bị bệnh hoặc bệnh rất nhẹ nhưng họ lại cho rằng do bác sĩ chưa tìm ra.
Theo bác sĩ Nguyễn Viết Chung - Trưởng khoa Sức khỏe tâm thần, Bệnh viện E, đây là tình trạng không hiếm gặp trong thực hành lâm sàng. Việc lạm dụng xét nghiệm không những không giúp giảm lo âu mà còn tạo ra vòng xoáy khám - trấn an - lo âu tái phát.
Do đó, bác sĩ nội khoa cần biết giới hạn chỉ định cận lâm sàng, đồng thời phối hợp với chuyên khoa tâm thần để điều trị đúng bản chất bệnh, giúp người bệnh cải thiện chất lượng cuộc sống và tránh những can thiệp y tế không cần thiết."
https://vietnamnet.vn/5-khong-khi-mua-thit-bo-tranh-ruoc-hoa-chat-vao-nguoi-2477704.html,Không tìm thấy,,"Thịt bò là thực phẩm giàu đạm, sắt và nhiều vi chất cần thiết cho cơ thể. Tuy nhiên, gần đây, trên thị trường xuất hiện tình trạng một số loại thịt có dấu hiệu bị xử lý bằng hóa chất nhằm làm thay đổi màu sắc và cảm quan, đánh lừa người tiêu dùng. Nếu mua và sử dụng phảithịt bòkhông an toàn, người dân có nguy cơ đối mặt với nhiều hệ lụy sức khỏe, đặc biệt khi sử dụng thường xuyên hoặc kéo dài.
Theo Phó giáo sư Nguyễn Duy Thịnh, nguyên giảng viên Viện Công nghệ Thực phẩm - Đại học Bách Khoa Hà Nội, một trong những hóa chất có thể bị lạm dụng là Sodium Metabisulfite (muối công nghiệp) và các chất tạo màu không đúng quy định. Đây là những chất không được phép sử dụng tùy tiện trong thực phẩm tươi sống, có thể gây ảnh hưởng xấu đến sức khỏe.
Để bảo vệ bản thân và gia đình, người dân cần ghi nhớ 5 “không” quan trọng dưới đây:
1. Không mua thịt bò giá rẻ bất thường, màu sắc quá bắt mắt
Thịt bò tươi tự nhiên thường có màu đỏ sẫm, bề mặt khô ráo vừa phải, không bóng loáng. PGS Thịnh khuyên người tiêu dùng cần cảnh giác với những miếng thịt bò có màu đỏ tươi bất thường, thớ thịt quá mịn hoặc có ánh hồng lạ - đây có thể là dấu hiệu thịt đã bị xử lý hóa chất để “tân trang” lại màu sắc.
Bên cạnh đó, thịt bò có giá rẻ bất thường so với mặt bằng chung cũng là yếu tố cần cân nhắc. Việc ham rẻ rất dễ khiến người tiêu dùng mua phải thịt kém chất lượng, thịt đã qua xử lý hoặc không rõ nguồn gốc.
2. Không mua thịt bò không rõ nguồn gốc, thiếu kiểm dịch
Một nguyên tắc quan trọng là chỉ mua thịt bò tại các cơ sở uy tín, có dấu kiểm dịch rõ ràng, được bảo quản đúng điều kiện. Thịt bán trôi nổi, không nhãn mác, không có thông tin truy xuất nguồn gốc tiềm ẩn nguy cơ cao bị nhiễm vi sinh vật hoặc hóa chất độc hại.
Bác sĩ Lê Thuận Linh - Trưởng khoa Dinh dưỡng, Bệnh viện Đa khoa Thủ Đức (TPHCM) cho rằng việc phơi nhiễm sulfite và các chất bảo quản không đúng quy định trong thực phẩm có thể gây hại nghiêm trọng cho sức khỏe nếu sử dụng lâu dài.
3. Không ăn thịt bò tái, sống hoặc thịt xay, thịt tẩm ướp sẵn
Nhiều người có thói quen ăn bò tái, bò nhúng hoặc các món chế biến chưa chín kỹ. Tuy nhiên, với nguy cơ thịt bị xử lý hóa chất hoặc nhiễm vi khuẩn, việc ăn tái làm tăng đáng kể khả năng hấp thu các chất độc hại vào cơ thể.
Đặc biệt, thịt xay sẵn và thịt đã tẩm ướp thường khó kiểm soát nguồn gốc và chất lượng ban đầu. Các chuyên gia khuyến cáo nên nấu chín kỹ thịt bò trước khi ăn để giảm nguy cơ ngộ độc và nhiễm trùng.
4. Không để thịt ở nhiệt độ phòng quá lâu
Thịt bò mua về cần được bảo quản đúng cách, tránh để ở nhiệt độ phòng quá lâu. Việc bảo quản không đúng điều kiện sẽ tạo môi trường thuận lợi cho vi khuẩn phát triển và làm gia tăng nguy cơ mất an toàn thực phẩm.
Nếu chưa sử dụng ngay, thịt cần được bảo quản trong ngăn mát hoặc ngăn đông tủ lạnh, tách riêng với thực phẩm chín để tránh lây nhiễm chéo.
5. Không chủ quan với các dấu hiệu bất thường sau khi ăn
Theo bác sĩ Linh, khi ăn phải thực phẩm có chứa sulfite, người sử dụng có thể gặp các triệu chứng như đau bụng, buồn nôn, tiêu chảy; nặng hơn có thể xuất hiện phản ứng dị ứng, co thắt phế quản, khó thở, nổi mề đay. Việc phơi nhiễm kéo dài có nguy cơ gây tổn thương gan, thận, tim, phổi.
Trẻ em, người cao tuổi và người mắc bệnh mạn tính là nhóm dễ bị ảnh hưởng nặng hơn. Vì vậy, khi xuất hiện các dấu hiệu bất thường sau ăn, người dân không nên tự điều trị mà cần đi khám sớm để được xử trí kịp thời."
https://vietnamnet.vn/nam-sinh-15-tuoi-phai-cap-cuu-khi-dang-on-thi-hoc-ky-2478298.html,Không tìm thấy,,"Bệnh nhân là N.D.T. (15 tuổi, trú tại TPHCM), đang bước vào giai đoạn cuối học kỳ với cường độ học tập cao. Theo gia đình, trong thời gian ôn thi, T. thường xuyên thức khuya, ăn uống không đúng giờ, bỏ bữa và chịu căng thẳng kéo dài. Đáng chú ý, nam sinh này có xu hướng sử dụng nhiều thực phẩm không lành mạnh như đồ chiên rán, cay nóng, xúc xích, tương ớt… để “chống đói” trong lúc học bài.
Trước khi nhập viện, T. xuất hiện triệu chứng đại tiện phân đen kèm hoa mắt, chóng mặt, cơ thể mệt mỏi, da và niêm mạc xanh xao. Sau khi đi tiêu, tình trạng choáng váng tăng lên khiến gia đình lo lắng và đưa em đến cơ sở y tế cấp cứu. Kết quả nội soi tiêu hóa cho thấy bệnh nhân bịxuất huyết tiêu hóakèm theo ổ loét dạ dày - tá tràng kích thước khoảng 7mm.
Theo hồ sơ bệnh án, 5 tháng trước, T. từng nhập viện điều trị loét dạ dày - tá tràng nặng, với ổ loét sâu kích thước 10 x 20mm. Xét nghiệm khi đó cho kết quả dương tính với vi khuẩn Helicobacter pylori (HP), làm tăng nguy cơ xuất huyết và thủng tá tràng. Tuy nhiên, do áp lực học tập, việc theo dõi và điều chỉnh lối sống chưa được thực hiện triệt để.
Và lần nẩy, sau 4 ngày điều trị tích cực, tình trạng xuất huyết của bệnh nhân đã được kiểm soát hoàn toàn. Nam sinh hiện ăn uống tốt trở lại, sức khỏe ổn định và đủ điều kiện xuất viện, tiếp tục điều trị ngoại trú bằng thuốc theo chỉ định của bác sĩ.
Theo bác sĩ Lâm Bội Hy (bác sĩ điều trị trực tiếp cho T), áp lực học tập kéo dài, kết hợp với thói quen ăn uống và sinh hoạt thiếu khoa học là những nguyên nhân phổ biến dẫn đến các bệnh lý tiêu hóa ở lứa tuổi học đường, đặc biệt là học sinh trung học.
“Căng thẳng thi cử khiến trẻ dễ rơi vào trạng thái lo âu, dẫn đến bỏ bữa, ăn uống thất thường, thiếu ngủ, ít vận động. Tình trạng này kéo dài làm tăng nguy cơ viêm, loét dạ dày và xuất huyết tiêu hóa”, bác sĩ Hy cho biết.
Ban đầu, bệnh thường biểu hiện bằng những cơn đau bụng thoáng qua, xuất hiện trước hoặc sau bữa ăn, dễ bị nhầm với rối loạn tiêu hóa thông thường. Khi không được phát hiện và điều trị kịp thời, bệnh có thể tiến triển nặng với các triệu chứng như đau bụng dữ dội, buồn nôn, nôn, đi ngoài phân đen hoặc ra máu, mệt mỏi, hoa mắt, chóng mặt, khiến việc điều trị trở nên phức tạp và kéo dài.
Các bác sĩ khuyến cáo phụ huynh cần quan tâm sát sao đến sức khỏe thể chất và tinh thần của con em trong mùa thi, giúp trẻ xây dựng thời gian biểu học tập hợp lý, đảm bảo ăn uống đúng giờ, ngủ đủ giấc, tăng cường vận động và hạn chế các thực phẩm cay nóng, chiên rán. Việc lắng nghe, chia sẻ và hỗ trợ tâm lý kịp thời sẽ góp phần quan trọng trong việc phòng ngừa các bệnh lý nguy hiểm do áp lực học tập gây ra."
https://vietnamnet.vn/nhap-vien-cap-cuu-sau-ky-nghi-tet-dai-ngay-chi-vi-thoi-quen-nhieu-nguoi-mac-2478091.html,Không tìm thấy,,"Dịp lễ Tếtlà khoảng thời gian sum họp, ăn uống và nghỉ ngơi nhiều hơn thường lệ. Tuy nhiên, với người mắc bệnh mạn tính như tim mạch, đái tháo đường, tăng huyết áp, rối loạn mỡ máu…, những xáo trộn trong sinh hoạt ngày Tết có thể khiến bệnh nặng lên nếu không kiểm soát tốt chế độ ăn và lối sống.
Ghi nhận tại các bệnh viện sau mỗi kỳ nghỉ Tết, các cơ sở y tế đều gia tăng bệnh nhân nhập viện do biến chứng tăng huyết áp, tăng đường huyết, rối loạn tiêu hóa. Một phần nguyên nhân đến từ việc “phá lệ” sinh hoạt thường ngày: Ăn uống quá đà, ngủ muộn, ít vận động và sử dụng nhiều rượu bia.
Trao đổi với PV VietNamNet, Ths. Bác sĩ Nguyễn Hoài Thu, Phòng khám chuyên khoa dinh dưỡng VIAM, Viện Y học Ứng dụng Việt Nam (Tổng hội Y học Việt Nam) cho biết, dịp lễ Tết tiềm ẩn rất nhiều yếu tố bất lợi cho sức khỏe, đặc biệt với người có bệnh nền.
Trong đó có rất nhiều yếu tố có thể ảnh hưởng đến chế độ ăn, thói quen sinh hoạt không tốt vào thời điểm dịp lễ Tết như: Bữa ăn thiếu lành mạnh, giàu năng lượng, chất béo, nhiều đường dẫn đến mất cân bằng về dinh dưỡng; chu kỳ giấc ngủ bị xáo trộn, căng thẳng; ít hoạt động thể chất; uống nhiều rượu bia, chất kích thích hơn.
“Thực tế, mâm cơm những dịp lễ, Tết của nhiều gia đình Việt thường xoay quanh các món giàu đạm và chất béo. Nếu ăn liên tục trong nhiều ngày, cơ thể dễ rơi vào tình trạng dư thừa năng lượng, tăng cân nhanh chóng. Với người mắc đái tháo đường, chỉ cần vài ngày ăn uống thiếu kiểm soát cũng có thể khiến đường huyết tăng vọt. Người tăng huyết áp hoặc tim mạch lại đối mặt nguy cơ tăng mỡ máu, giữ nước và tăng huyết áp do ăn mặn, uống rượu bia”, bác sĩ Hoài Thu cảnh báo.
Một ví dụ điển hình là trường hợp người bệnh tăng huyết áp 60 tuổi tại Hà Nội, sau 3 ngày Tết liên tục ăn đồ mặn, uống rượu bia và thức khuya, huyết áp tăng cao phải nhập viện cấp cứu. Hay không ít người trẻ mắc gan nhiễm mỡ, rối loạn mỡ máu phát hiện chỉ số xấu đi rõ rệt sau kỳ nghỉ dài.
6 việc cần lưu ý
Các chuyên gia cho rằng, Tết không đồng nghĩa với “buông thả” sức khỏe. Chỉ cần điều chỉnh khẩu phần hợp lý, ăn chậm, ăn đa dạng rau xanh, duy trì vận động nhẹ như đi bộ, dọn dẹp nhà cửa, đồng thời hạn chế rượu bia, người bệnh mạn tính hoàn toàn có thể tận hưởng trọn vẹn không khí Tết mà vẫn kiểm soát tốt bệnh lý.
Ths. Bác sĩ Nguyễn Hoài Thu nhấn mạnh, những người có bệnh mạn tính cần đặc biệt lưu ý trong chế độ ăn và sinh hoạt ngày Tết. Cụ thể:
Tuân thủ theo thói quen sinh hoạt hàng ngày:Duy trì chế độ ăn lành mạnh và tập luyện thể dục hàng ngày, kể cả là trong những ngày Tết.
Tránh thực phẩm giàu chất béo:Thực phẩm ngày Tết có xu hướng giàu chất béo bão hòa không tốt cho sức khỏe. Cố gắng hạn chế tiêu thụ những loại thực phẩm như bánh chưng, thịt mỡ, móng giò, bánh kẹo,...
Tăng cường ăn các thực phẩm tốt cho sức khỏenhư thịt nạc, trái cây tươi, rau xanh, ngũ cốc nguyên hạt giàu chất xơ. Thêm các chất béo lành mạnh như trái bơ, các loại hạt như hạnh nhân, điều, óc chó,… vào chế độ ăn uống.
Lựa chọn thực phẩm giàu chất xơ: Khiến bạn no lâu hơn và giảm cảm giác thèm ăn quá mức. Đồng thời thực phẩm giàu chất xơ cũng giúp hệ tiêu hóa của bạn giảm bớt gánh nặng và khỏe mạnh hơn.
Nhai kỹ thức ăn:Dành thời gian để nhai kỹ thức ăn đã được chứng minh là làm giảm lượng thức ăn trong bữa và tăng cảm giác no. Ăn quá nhanh có thể khiến bạn lâu no và dẫn đến ăn quá nhiều.
Thay các thức uống nhiều đường bằng nước lọc:Đồ uống nhiều đường như coca, nước ngọt,… có thể dẫn đến nạp quá nhiều đường bổ sung vào trong cơ thể và khiến tăng cân. Tiêu thụ đồ uống có đường trong bữa ăn cũng liên quan đến việc ăn quá nhiều, vì vậy nên lựa chọn nước lọc hoặc đồ uống không đường lành mạnh để thay thế."
https://vietnamnet.vn/bat-bao-dong-do-cuu-nguoi-dan-ong-dot-ngot-ngung-tim-khi-choi-cau-long-2478303.html,Không tìm thấy,,"Ngày 2/1, Bệnh viện Nhân dân Gia Định (TPHCM) cho biết, đơn vị này vừa cấp cứu thành công một trường hợpngừng timngoại viện hiếm gặp do viêm cơ tim tối cấp ở người trẻ tuổi. Theo đó, anh L.V.H (32 tuổi, ngụ TPHCM) có lối sống lành mạnh, không hút thuốc, thường xuyên luyện tập thể thao 2 giờ mỗi ngày và chưa từng có tiền sử bệnh lý tim mạch.
Sáng 20/12, như thường lệ, anh H. cùng vài đồng nghiệp chơi cầu lông tại một sân tập. Sau khoảng 30 phút thi đấu, anh bỗng cảm thấy hồi hộp, choáng váng, khó thở và đau dữ dội ở vùng ngực, rồi nhanh chóng mất ý thức. Những người xung quanh nhanh chóng đưa anh đến bệnh viện gần nhất. Tại đây, anh được chẩn đoán rối loạn nhịp thất, ngừng tuần hoàn. Ngay lập tức, anh H. được hồi sinh tim phổi và bệnh viện kích hoạt báo động đỏ liên viện với Bệnh viện Nhân dân Gia Định.
Sau 15 phút, anh H. được chuyển đến Khoa Cấp cứu Bệnh viện Nhân dân Gia Định với sự chuẩn bị sẵn sàng của ê-kíp ECMO (oxy hóa máu màng ngoài cơ thể) thuộc khoa Hồi sức tim mạch.
Ngay khi tiếp nhận, anh H. vừa được hồi sức rối loạn nhịp thất, vừa được can thiệp V-A ECMO cấp cứu. Sau khi ổn định tuần hoàn, bệnh nhân được chụp cắt lớp vi tính toàn thân để loại trừ các nguyên nhân đột tử do tim thường gặp như nhồi máu cơ tim cấp, thuyên tắc động mạch phổi hay bệnh lý cấp tính động mạch chủ.
Chỉ trong vòng 48 giờ hồi sức chuyên sâu bằng V-A ECMO, kiểm soát thân nhiệt, sử dụng corticosteroid liều cao vì nghi ngờ viêm cơ tim cấp do vi-rút và lọc máu liên tục, anh H. đã tỉnh táo hoàn toàn, không còn rối loạn nhịp thất, chức năng tim hồi phục.
Sau 7 ngày điều trị tích cực ở khoa Hồi sức tim mạch, tình trạng sức khỏe của anh H. đã ổn định. Kết quả chụp cộng hưởng từ tim sau đó khẳng định anh mắc viêm cấp tính trong cơ tim và màng ngoài tim.
ThS.BS Võ Văn Trắng, Khoa Hồi sức tim mạch cho biết, viêm cơ tim cấp do vi-rút thường xuất hiện nhiều trong các tháng khí hậu trở lạnh hay mùa mưa tại Việt Nam, với triệu chứng thường gặp giống như cảm cúm, viêm dạ dày - ruột, khiến người bệnh, nhất là người trẻ, thường chủ quan.
""Ngoài các triệu chứng hô hấp hay tiêu hóa, người bệnh viêm cơ tim cấp cũng có triệu chứng tim mạch như đau ngực (hơn 80% trường hợp), khó thở (20-50% trường hợp), hồi hộp. Một số ít trường hợp viêm cơ tim cấp có thể diễn tiến thành viêm cơ tim tối cấp với rối loạn nhịp tim, tụt huyết áp do sức co bóp cơ tim yếu và dẫn đến đột tử nếu không được phát hiện và xử trí kịp thời"", bác sĩ Trắng cho biết.
ThS.BS Nguyễn Thanh Thảo, Khoa Hồi sức tim mạch cho biết thêm, không phải người bệnh viêm cơ tim cấp do vi-rút nào cũng may mắn như anh H. khi đột tử được phát hiện và cấp cứu nhanh chóng nhờ sự phối hợp nhịp nhàng liên viện.
""Với đặc điểm viêm lan tỏa trên cơ tim qua cộng hưởng từ tim, người bệnh cần được theo dõi sát, tầm soát các đột biến gene bệnh cơ tim và sinh thiết cơ tim nếu diễn tiến viêm cơ tim dai dẳng. Người bệnh cũng cần hạn chế gắng sức trong 3 tháng đầu để tránh nguy cơ đột tử và rối loạn nhịp tái phát"", bác sĩ Thảo khuyến cáo."
https://vietnamnet.vn/tu-tieng-keu-gao-cua-nguoi-phu-nu-luc-nua-dem-bac-si-canh-bao-5-dieu-2477323.html,Không tìm thấy,,"0h23 một ngày nghỉ lễ, Trung tâmCấp cứu115 nhận được cuộc gọi từ huyện Bình Chánh (TPHCM) về trường hợp nam bệnh nhân rơi vào tình trạng bất tỉnh.
Khi ê-kíp cấp cứu tới, tiếng kêu gào thảm thiết của người vợ trẻ sinh năm 1989 vang lên xé lòng giữa khu trọ trong con hẻm nhỏ. “Ráng cứu chồng em với bác sĩ ơi…”, chị liên tục cầu xin trong hoảng loạn, hy vọng mong manh giữa ranh giới sinh - tử của người chồng vừa trở về sau một buổi nhậu.
Người đàn ông 45 tuổi đang nằm im trên giường, toàn thân tím tái. Theo người thân, trước đó, bệnh nhân vẫn sinh hoạt bình thường. Sau buổi nhậu cùng bạn bè, ông về nhà, nói chuyện với vợ con, ăn uống rồi đi ngủ như mọi ngày. Tuy nhiên, chỉ ít phút sau, người này bất ngờ kêu mệt, đau ngực, nấc lên vài tiếng, miệng sùi bọt trắng rồi nhanh chóng rơi vào trạng thái bất tỉnh. Người vợ hoảng loạn tri hô cầu cứu, hàng xóm lập tức gọi xe cấp cứu.
Khi ê-kíp y tế kiểm tra, bệnh nhân đã trong tình trạng ngưng tim, ngưng thở. Các bác sĩ nhanh chóng triển khai hồi sinh tim phổi nâng cao, vừa ép tim, hỗ trợ hô hấp, vừa tìm mọi cách giành lại sự sống cho người bệnh. Thế nhưng, sau hơn 30 phút nỗ lực không ngừng của nhân viên y tế, phép màu đã không xảy ra. Tin dữ được thông báo trong tiếng khóc nghẹn ngào, đau đớn đến tột cùng của người vợ trẻ vừa mất chồng.
Theo bác sĩ Nguyễn Thắng Nhật Tuệ - Trạm cấp cứu vệ tinh số 32 của TPHCM, đây không phải là trường hợp hiếm gặp. Các bác sĩ tại đây liên tục tới hiện trường cấp cứu cho những trường hợp như vậy.
Nhiều người vẫn cho rằng đột quỵ, ngừng tim hay đột tử chỉ xảy ra ở người cao tuổi nhưng thực tế, những biến cố này có thể ập đến với bất kỳ ai, kể cả người đang trong độ tuổi lao động, đặc biệt là những người có lối sống thiếu lành mạnh hoặc mắc bệnh lý tiềm ẩn chưa được phát hiện.
Bác sĩ Tuệ cho rằng trong những kỳ nghỉ, mọi người vui vẻ ăn nhậu và rượu bia được xem là “giọt nước tràn ly”, có thể kích hoạt hàng loạt vấn đề nguy hiểm đối với cơ thể.
Việc uống rượu bia, nhất là uống nhiều trong thời gian ngắn, có thể gây rối loạn nhịp tim, làm tim đập bất thường, tăng nguy cơ rung thất và ngưng tim đột ngột. Với những người có bệnh nền như cao huyết áp, mỡ máu cao, tiểu đường hay rối loạn đông máu, rượu bia còn làm co thắt mạch máu, dẫn đến nhồi máu cơ tim.
Không chỉ vậy, rượu bia cũng làm tăng huyết áp, dễ gây vỡ mạch máu não hoặc hình thành cục máu đông, dẫn đến đột quỵ. Khi say, trung tâm hô hấp bị ức chế, người uống có thể rơi vào tình trạng suy hô hấp, ngừng thở trong lúc ngủ mà không ai hay biết, để lại hậu quả đặc biệt nghiêm trọng.
Từ thực tế đó, bác sĩ Tuệ đưa ra khuyến cáo về những điều người dân tuyệt đối không nên làm khi nhậu để bảo vệ tính mạng.
Thứ nhất, cần hạn chế rượu bia, đặc biệt với những người có bệnh nền về tim mạch, huyết áp, tiểu đường.
Thứ hai, không uống rượu bia quá mức, tránh để say xỉn và không nên đi ngủ một mình khi đã uống nhiều mà không có người theo dõi.
Thứ ba, không quan hệ tình dục hoặc sử dụng các loại thuốc kích thích sau khi uống rượu bia bởi điều này có thể làm tim mạch bị quá tải đột ngột.
Thứ tư, nếu xuất hiện các dấu hiệu như đau ngực, mệt nhiều, khó thở, choáng váng sau khi uống rượu bia, cần gọi cấp cứu ngay, tuyệt đối không chủ quan chờ “qua cơn”.
Thứ năm, mỗi người nên trang bị kỹ năng sơ cấp cứu cơ bản, đặc biệt là nhận biết dấu hiệu ngừng tim và thực hiện hồi sinh tim phổi (CPR) kịp thời trong khi chờ xe cấp cứu đến.
Quan trọng hơn cả, các bác sĩ nhấn mạnh việc khám sức khỏe định kỳ ngay cả khi bạn đang cảm thấy khỏe mạnh. Nhiều bệnh lý nguy hiểm như cao huyết áp, mỡ máu, tiểu đường, rối loạn nhịp tim thường không có triệu chứng rõ ràng nhưng lại âm thầm tiến triển. Khi biến cố xảy ra, người bệnh có thể không còn cơ hội sửa chữa."
https://vietnamnet.vn/5-loai-thuc-pham-giup-than-loc-doc-to-hieu-qua-2478054.html,Không tìm thấy,,"Thận là cơ quan làm việc thầm lặng nhưng đóng vai trò thiết yếu đối với sức khỏe tổng thể. Mỗi ngày, thận lọc chất thải, cân bằng dịch trong cơ thể và giữ cho máu luôn sạch. Khi chức năng thận suy giảm, độc tố sẽ tồn lưu lâu hơn, gây ảnh hưởng dây chuyền đến nhiều cơ quan khác. Theo Tổ chức Y tế Thế giới (WHO), hiện có khoảng 674 triệu người trên toàn cầu đang sống chung với bệnh thận mạn tính.
TheoTimes of India, bên cạnh việc duy trì lối sống lành mạnh và tuân thủ hướng dẫn y tế, chế độ ăn uống hằng ngày của bạn có thể góp phần hỗ trợ thận hoạt động hiệu quả hơn. Dưới đây là 5 loại thực phẩm được xem là có lợi cho sức khỏe thận:
Bí đao
Bí đao là loại thực phẩm giàu nước và kali, hỗ trợ quá trình đào thải chất cặn mà không gây áp lực lên thận. Khác với các loại đồ uống đóng chai, nước ép bí đao bổ sung nước cho cơ thể mà không chứa đường hay natri bổ sung. Đặc tính thanh nhẹ của bí đao giúp nước tiểu lưu thông đều đặn, từ đó hạn chế sự tích tụ độc tố. Bí đao có thể được dùng ở dạng nấu chín nhẹ hoặc ép lấy nước tươi, đặc biệt phù hợp với những người dễ bị mất nước.
Tỏi
Tỏi giúp giảm viêm và góp phần kiểm soát huyết áp - yếu tố nguy cơ hàng đầu dẫn đến tổn thương thận. Ngoài ra, tỏi tạo hương vị đậm đà cho món ăn, nhờ đó giúp giảm lượng muối sử dụng trong chế biến. Việc hạn chế muối sẽ làm giảm áp lực lên hệ thống lọc của thận. Tỏi sống hoặc chỉ nấu sơ sẽ giữ được phần lớn các hợp chất có lợi.
Táo
Chất xơ hòa tan trong táo có khả năng liên kết với chất thải trong đường ruột và đào thải ra ngoài, từ đó làm giảm lượng độc tố cần được thận lọc khỏi máu. Bên cạnh đó, táo giúp ổn định đường huyết, hạn chế các đợt tăng đường đột ngột - yếu tố có thể gây tổn thương lâu dài cho các mạch máu nhỏ trong thận. Ăn táo cả vỏ giúp tận dụng tối đa lợi ích này.
Hạt rau mùi
Hạt rau mùi hỗ trợ quá trình tạo nước tiểu và giúp cơ thể đào thải lượng natri dư thừa. Nhờ đó, tình trạng giữ nước được cải thiện và khối lượng công việc của thận được giảm bớt.
Súp lơ
Nhiều loại rau giàudinh dưỡngnhưng chứa hàm lượng kali cao, có thể gây áp lực cho thận yếu. Súp lơ là ngoại lệ khi vừa giàu chất xơ, vitamin C và chất chống oxy hóa vừa có hàm lượng kali thấp. Ngoài ra, súp lơ còn hỗ trợ các con đường thải độc của gan, từ đó gián tiếp giảm gánh nặng độc tố cho thận."
https://vietnamnet.vn/uong-bia-sau-khi-danh-picklaball-co-the-se-thay-doi-ra-sao-2476594.html,Không tìm thấy,,"Sau khi chơi pickleball, nhóm của chúng tôi hay rủ nhau đi uống bia để gắn kết, bù cảm giác khát nước. Xin bác sĩ tư vấn có nên uống bia ngay sau khi kết thúc buổi tập không? (Lê Hữu Lượng - Hà Nội).
Bác sĩ nội khoa Nguyễn Huy Hoàng, Hội Y học dưới nước và Oxy cao áp Việt Nam tư vấn:
Sau khi tập thể thao, đặc biệt là các môn như chạy, bóng đá, bóng chuyền hay pickleball, nhiều người thường có thói quen uống bia để giải khát. Tuy nhiên, theo các chuyên gia sức khỏe, đây không phải là một thói quen tốt và có thể gây hại cho cơ thể.
Khi vận động mạnh, cơ thể tiêu tốn nhiều năng lượng, dẫn đến tình trạng mất nước và rối loạn điện giải. Ngoài ra, trong quá trình tập luyện, các cơ bắp sử dụng glycogen dự trữ để tạo ra năng lượng. Sau khi luyện tập, cơ thể cần thời gian để phục hồi và tái tạo lại lượng glycogen đã mất. Tuy nhiên, khi bạn uống bia ngay sau đó, quá trình phục hồi này sẽ bị gián đoạn.
Lý do là bia có tác dụng lợi tiểu, nghĩa là làm tăng quá trình bài tiết nước qua đường tiểu. Điều này có thể làm tình trạng mất nước trở nên nghiêm trọng hơn, đồng thời làm rối loạn điện giải trong cơ thể.
Việc mất nước và rối loạn điện giải có thể gây ra mệt mỏi, chuột rút cơ bắp và làm chậm quá trình phục hồi của cơ thể. Ngoài ra, bia còn làm giảm khả năng cơ thể tái tạo glycogen, khiến cơ bắp không được phục hồi đầy đủ sau khi tập luyện.
Một vấn đề khác là bia sẽ khiến gan và thận phải làm việc vất vả hơn để xử lý các chất độc hại có trong đồ uống này. Trong khi cơ thể đang trong trạng thái mệt mỏi sau khi tập thể thao, gan và thận lại phải hoạt động để loại bỏ cồn và các độc tố khác từ bia. Điều này có thể gây áp lực lớn lên các cơ quan nội tạng, làm giảm khả năng phục hồi của cơ thể.
Uống rượu bia có thể gây ra tình trạng tăng nhịp tim, làm việc nặng nề hơn đối với tim. Khi kết hợp với việc vận động đòi hỏi tim phải hoạt động mạnh mẽ, điều này có thể gây ra căng thẳng không cần thiết lên hệ tim mạch, thậm chí có thể dẫn đến những vấn đề nghiêm trọng như loạn nhịp tim hoặc đau thắt ngực.
Tóm lại, việc uống bia ngay sau khi chơi pickleball hay các môn thể thao khác không những không giúp cơ thể hồi phục mà còn có thể làm tình trạng mệt mỏi kéo dài, gây áp lực lên các cơ quan nội tạng và làm giảm hiệu quả tập luyện. Vì vậy, để bảo vệ sức khỏe, bạn nên tránh uống bia ngay sau khi tập thể thao.
Sau tập luyện, bạn nên uống nước dừa, dưa hấu hoặc ăn xoài, cam, lê để bù điện giải, hồi sức nhanh hơn."
https://vietnamnet.vn/3-dieu-nen-lam-trong-ky-nghi-le-de-phong-ngua-dot-quy-2477809.html,Không tìm thấy,,"Người đàn ông sinh năm 1987 (trú tại TPHCM) được phát hiện bất tỉnh tại nhà trong lúc ở một mình. Trích xuất camera trong nhà cho thấy, vào khoảng 10h30, anh đang ngồi làm việc bình thường thì bất ngờ ngã ngửa ra phía sau. Anh cố gắng gượng dậy, di chuyển nhờ vào đồ đạc xung quanh để tìm sự hỗ trợ nhưng không thể đứng vững và nằm bất động trên sàn.
Do người bệnh ở nhà một mình, không có ai kịp thời phát hiện, người thân nhiều lần gọi điện nhưng không liên lạc được. Đến trưa kiểm tra camera, gia đình mới phát hiện sự việc và lập tức gọicấp cứu115 thì bệnh nhân đã rơi vào tình trạng nguy kịch.
Tại bệnh viện trên phường An Lạc (TPHCM), kết quả chụp CT cho thấy bệnh nhân bị xuất huyết não lan rộng, gần như toàn bộ bán cầu não trái, máu tràn vào não thất gây phù não nặng và đẩy lệch đường giữa cần mổ cấp cứu.
Khi bệnh nhân vừa được chuyển lên phòng mổ, tình trạng xấu đi nhanh chóng, tiếp tục ngưng tim lần thứ hai. Dù ê-kíp y tế đã nỗ lực hồi sinh tim phổi thêm một lần nữa, tiên lượng vẫn vô cùng dè dặt. Sau khi được giải thích rõ tình trạng và nguy cơ của người bệnh, gia đình đã quyết định xin đưa thân nhân về nhà.
Theo người nhà, bệnh nhân có tiền sử tăng huyết áp nhưng đã tự ý bỏ điều trị trong thời gian dài vì bận rộn công việc nhất là vào dịp cuối năm.
Theo bác sĩ Chu Thị Dung - Bệnh viện Đại học Y Dược TPHCM - Cơ sở 3, kỳ nghỉ là khoảng thời gian tưởng như “được nghỉ ngơi” lại tiềm ẩn nhiều nguy cơ đối với sức khỏe tim mạch và đột quỵ, nhất là ở người trung niên, cao tuổi hoặc có bệnh nền.
Thời tiết lạnh cuối năm khiến mạch máu co lại, huyết áp có xu hướng tăng, tim phải hoạt động nhiều hơn để đảm bảo tưới máu cho các cơ quan. Với người có tiền sử tăng huyết áp, đái tháo đường, rối loạn mỡ máu hay xơ vữa động mạch, sự thay đổi này có thể làm bùng phát các biến cố cấp tính như nhồi máu cơ tim, tai biến mạch máu não hoặc rối loạn nhịp tim.
Bên cạnh đó, sinh hoạt trong dịp lễ thường bị đảo lộn: Ăn uống nhiều chất béo, mặn và ngọt; uống rượu bia nhiều hơn; thức khuya, ngủ ít; giảm vận động và căng thẳng khi di chuyển, đi lại; gia tăng các bệnh lý đi kèm.
Bác sĩ Dung khuyến cáo những việc nên làm để tránh xảy ra nguy hiểm cho sức khỏe:
Kiểm tra sức khỏe trước kỳ nghỉ lễ
Một trong những việc quan trọng nhất để phòng đột quỵ là kiểm tra sức khỏe định kỳ, đặc biệt trước kỳ nghỉ lễ dài ngày. Nhiều bệnh lý tim mạch tiến triển âm thầm, không có triệu chứng rõ ràng. Tăng huyết áp, rối loạn nhịp tim, hẹp động mạch cảnh hay tình trạng máu đặc chỉ được phát hiện khi người bệnh đã gặp biến cố nguy hiểm.
Thăm khám trước lễ giúp phát hiện sớm những chỉ số bất thường, điều chỉnh thuốc kịp thời, đồng thời giúp người bệnh hiểu rõ tình trạng sức khỏe của mình để có chế độ sinh hoạt phù hợp trong kỳ nghỉ.
Kiểm soát tốt các yếu tố nguy cơ trong ngày lễ
Bác sĩ Dung khuyến cáo mỗi người nên ăn uống điều độ, hạn chế thực phẩm nhiều muối, nhiều mỡ, đồ chế biến sẵn; uống rượu bia ở mức tối thiểu hoặc tốt nhất là không uống. Ngủ đủ giấc, tránh thức khuya liên tục và duy trì vận động nhẹ như đi bộ, tập thở, giãn cơ mỗi ngày giúp ổn định huyết áp và tuần hoàn máu.
Người có bệnh nền cần uống thuốc đúng giờ, không tự ý bỏ thuốc vì ngày lễ.
Lắng nghe cơ thể và nhận biết dấu hiệu cảnh báo
Kỳ nghỉ lễ là lúc nhiều người chủ quan với sức khỏe. Tuy nhiên, nếu xuất hiện các dấu hiệu như đau đầu dữ dội, chóng mặt, nói khó, méo miệng, yếu liệt tay chân, đau ngực, khó thở… cần đến cơ sở y tế ngay lập tức. Đây có thể là những dấu hiệu sớm của đột quỵ hoặc biến cố tim mạch, không nên chờ qua ngày lễ hay tự điều trị tại nhà."
https://vietnamnet.vn/doanh-nhan-49-tuoi-ra-di-sau-giac-ngu-vao-dem-cuoi-nam-2478125.html,Không tìm thấy,,"Theo bác sĩ Nguyễn Thắng Nhật Tuệ, Trưởng KhoaCấp cứu- Bệnh viện Gia An 115 (TPHCM), rạng sáng 31/12, ê-kíp cấp cứu của bệnh viện tiếp nhận thông tin về một trường hợp cần hỗ trợ y tế khẩn cấp tại nhà. Tuy nhiên, khi các nhân viên y tế có mặt, người đàn ông đã trong tình trạng bất tỉnh. Dù được triển khai các biện pháp hồi sức, bệnh nhân không thể qua khỏi.
Đây là một doanh nhân 49 tuổi, có cuộc sống ổn định, giàu có và sự nghiệp thành đạt. Theo gia đình, người đàn ông vốn khỏe, không có dấu hiệu báo trước rõ ràng. Sự việc khiến người thân vô cùng đau xót khi người chồng, người cha ra đi bất ngờ, để lại nhiều dự định còn dang dở.
Chia sẻ về trường hợp này, bác sĩ Tuệ cho biết, đột tử không loại trừ bất kỳ ai, không phân biệt tuổi tác, giới tính, địa vị xã hội hay mức độ thành công. Thực tế, nhiều trường hợp đột tử xảy ra ở những người vẫn được xem là “khỏe mạnh”, ít bệnh nền hoặc chưa từng điều trị dài ngày.
Theo các chuyên gia y tế, cơ thể con người thường phát ra những tín hiệu cảnh báo sớm, tuy nhiên các dấu hiệu này dễ bị bỏ qua hoặc xem nhẹ. Những biểu hiện như mệt mỏi kéo dài, đau ngực thoáng qua, hồi hộp, khó thở, rối loạn giấc ngủ, căng thẳng, stress kéo dài có thể là dấu hiệu của các vấn đề tim mạch, rối loạn chuyển hóa hoặc bệnh lý tiềm ẩn khác.
“Không ít người cho rằng các triệu chứng này chỉ do áp lực công việc, thiếu ngủ hoặc tuổi còn trẻ nên chủ quan, không đi khám. Đây là một trong những nguyên nhân khiến nguy cơ gia tăng"", bác sĩ Tuệ nói.
Trao đổi vớiPV VietNamNet, Phó giáo sư Nguyễn Hoài Nam, Chủ tịch Hội Tĩnh mạch TPHCM, cho biết ở độ tuổi từ 49–53, cơ thể con người bắt đầu bước vào giai đoạn suy giảm hormone rõ rệt, trong khi quá trình oxy hóa tế bào diễn ra mạnh mẽ hơn, làm gia tăng nguy cơ mắc các bệnh mạn tính và rối loạn chuyển hóa.
Phó giáo sư Nam cho rằng lối sống hiện đại hiện nay đi kèm với áp lực công việc kéo dài, căng thẳng thường xuyên, thiếu ngủ, chế độ ăn uống thiếu khoa học và ít vận động là những yếu tố góp phần làm tăng nguy cơ xảy ra các biến cố tim mạch và đột quỵ.
Đáng lưu ý, tình trạng mỡ máu cao có thể dẫn đến sự tích tụ mảng xơ vữa trong lòng mạch gây ra các vấn đề về tim mạch. Ngoài ra, một số người có bệnh lý tiềm ẩn nhưng không được phát hiện và theo thời gian xảy ra biến cố.
“Giai đoạn trung niên là thời điểm then chốt để thay đổi lối sống. Việc duy trì chế độ ăn uống cân bằng, hạn chế muối và chất béo, tập thể dục đều đặn, bỏ thuốc lá, kiểm soát căng thẳng và ngủ đủ giấc không chỉ giúp giảm nguy cơ đột quỵ mà còn góp phần nâng cao chất lượng cuộc sống”, Phó giáo sư Nguyễn Hoài Nam nhấn mạnh.
Từ trường hợp trên, các bác sĩ khuyến cáo người dân cần chủ động kiểm tra sức khỏe định kỳ, đặc biệt là các chỉ số liên quan đến tim mạch, huyết áp, mỡ máu, đường huyết và yếu tố đông máu. Bên cạnh đó, việc cân bằng giữa công việc - nghỉ ngơi đóng vai trò quan trọng trong phòng ngừa nguy cơ đột tử.
Bác sĩ cũng lưu ý, khi cơ thể xuất hiện dấu hiệu bất thường, dù chỉ thoáng qua, người dân không nên chần chừ mà cần đến cơ sở y tế để được thăm khám kịp thời, tránh những hậu quả đáng tiếc có thể xảy ra."
https://vietnamnet.vn/bac-si-xuyen-dem-hoi-sinh-be-trai-ngung-tim-truoc-gio-phau-thuat-ghep-tim-2478082.html,Không tìm thấy,,"Ngày 1/1, Bệnh viện Đại học Y Dược TPHCM cho biết, đơn vị này đã thực hiện thành công ca ghép tim cho một bé trai 15 tuổi bị suy tim giai đoạn cuối. Theo đó, trong quá trình chuẩn bị phẫu thuật, bệnh nhi bất ngờngưng timtrên bàn mổ, nguy kịch.
Trong lúc trái tim của người hiến được khẩn trương vận chuyển về bệnh viện, ê-kíp buộc phải đồng thời hồi sinh tim phổi và duy trì tuần hoàn ngoài cơ thể để giữ lại sự sống cho bệnh nhi.
GS.TS.BS Nguyễn Hoàng Định, Phó Giám đốc Bệnh viện Đại học Y Dược TPHCM cho biết, đây là một trong những ca ghép tim thách thức nhất mà đơn vị từng thực hiện.
Bệnh nhi nhập viện trong tình trạng suy tim nặng, tim gần như mất khả năng co bóp dù đã được điều trị tích cực bằng nhiều loại thuốc vận mạch liều cao. Tình trạng suy tim kéo dài đã gây ra nhiều biến chứng nghiêm trọng như suy gan, suy thận và các rối loạn toàn thân khác.
Sau khi hội chẩn liên chuyên khoa, các bác sĩ kết luậnghép timlà phương án duy nhất để cứu sống bệnh nhi. Tuy nhiên, ca ghép này tiềm ẩn vô số rủi ro: tăng áp phổi nặng, nguy cơ nhiễm trùng cao, suy đa cơ quan cùng nhiều biến chứng khác có thể xảy ra.
Ngày 31/12, trước giờ phẫu thuật, bệnh nhi đột ngột ngưng tim trên bàn mổ. Lúc này, trái tim người hiến đang được vận chuyển khẩn cấp từ Bệnh viện Nhân dân 115 (TPHCM) thông qua sự điều phối của Trung tâm Điều phối Ghép tạng Quốc gia.
Đứng trước tình thế nguy cấp, ê-kíp phẫu thuật buộc phải đồng thời thực hiện hai động tác: Hồi sinh tim phổi và duy trì tuần hoàn ngoài cơ thể để bảo tồn sự sống cho bệnh nhi trong khi chờ đợi trái tim hiến. Đến 7h30 cùng ngày, sau khi trái tim hiến được ghép vào, những nhịp đập đầu tiên đã xuất hiện trong lồng ngực bệnh nhi, đánh dấu thành công bước đầu của ca phẫu thuật.
PGS.TS.BS Nguyễn Hoàng Bắc, Giám đốc Bệnh viện Đại học Y Dược TPHCM cho biết, ca ghép này là minh chứng cho sự trưởng thành của quy trình ghép tạng tại đơn vị sau nhiều năm hoàn thiện. Sự thành công này là kết quả của quá trình chuẩn bị và sự phối hợp nhịp nhàng giữa nhiều đơn vị chuyên môn, bao gồm Khoa Phẫu thuật Tim mạch, Phẫu thuật Tim trẻ em, Gây mê Hồi sức, Đơn vị Hồi sức sau ghép tạng cùng các đơn vị hỗ trợ khác.
Đặc biệt, ngoài trái tim, các cơ quan khác gồm phổi, gan, giác mạc và hai quả thận của người hiến cũng đã được điều phối kịp thời để cứu sống nhiều bệnh nhân khác."
https://vietnamnet.vn/cau-be-14-tuoi-khong-con-co-hoi-song-sau-khi-bi-cho-can-vao-ngon-tay-2478176.html,Không tìm thấy,,"Ngày 1/1, Bệnh viện Bệnh Nhiệt đới trung ương (Hà Nội) thông tin về một trường hợp bệnh nhicấp cứudo bệnh dại vừa được ghi nhận tại đây.
Khoảng một tháng trước khi nhập viện, cháu L.T.D. (14 tuổi, trú tại Sơn La) bị một con chó hoang cắn vào ngón trỏ tay trái, để lại vết thương dài khoảng 12cm, có chảy máu. Theo ghi nhận tại địa phương, con chó này đã cắn nhiều người trong khu vực. Những người khác sau đó đều được tiêm phòng dại đầy đủ. Riêng cháu D, dù được đưa đến cơ sở y tế để sát khuẩn vết thương và được bác sĩ tư vấn tiêm vắc xin phòng dại, gia đình đã không thực hiện tiêm phòng.
Hai ngày trước khi nhập viện, cháu D. bắt đầu xuất hiện các biểu hiện bất thường như sốt, đau mỏi cơ vùng tay trái, bồn chồn, kích thích. Tình trạng nhanh chóng tiến triển nặng với các triệu chứng sợ nước, sợ gió, sợ ánh sáng và âm thanh, tăng tiết đờm dãi, co cứng cơ toàn thân. Bệnh nhân được đưa đến bệnh viện tuyến dưới, sau đó chuyển tuyến khẩn cấp lên Bệnh viện Bệnh Nhiệt đới Trung ương.
Tại Khoa Nhi, bệnh nhân nhập viện trong tình trạng nặng, tăng tiết đờm dãi nhiều, xuất hiện các cơn thít thanh quản, gồng cứng toàn thân, điểm Glasgow chỉ còn 10–11 điểm, cho thấy ý thức suy giảm nghiêm trọng. Các bác sĩ đã phải dùng an thần, đặt ống nội khí quản và cho bệnh nhân thở máy. Đáng chú ý, vết thương do chó cắn đã liền da, không còn dấu hiệu viêm nhiễm tại chỗ.
Với các biểu hiện lâm sàng điển hình, các bác sĩ nghi ngờ bệnh nhân mắc bệnh dại. Kết quả xét nghiệm PCR từ bệnh phẩm nước bọt và dịch não tủy đều cho kết quả dương tính với virus dại, khẳng định chẩn đoán.
Theo Tiến sĩ, bác sĩ Đặng Thị Thúy, Trưởng Khoa Nhi, bệnh nhân nhập viện với đầy đủ các dấu hiệu lâm sàng của bệnh dại. Điều vô cùng đáng tiếc là gia đình đã không tiêm phòng dại ngay sau khi cháu bị chó cắn, dù đã được bác sĩ tư vấn. Đây là cơ hội duy nhất để phòng bệnh nhưng họ đã bỏ qua.
Đến ngày 31/3, các bác sĩ vẫn hy vọng kết quả xét nghiệm PCR không phải là dại để cậu bé có cơ hội cứu chữa nhưng đến buổi chiều, khi có kết quả, đã không có phép màu nào xảy ra. Sau đó, gia đình đã xin đưa cháu về nhà.
Theo bác sĩ Thúy, thời gian ủ bệnh dại có thể kéo dài nhiều tháng, tuy nhiên, khi bệnh đã khởi phát, 100% trường hợp đều dẫn đến tử vong, vì hiện chưa có biện pháp điều trị đặc hiệu.
Các bác sĩ khuyến cáo, người bị chó, mèo hoặc động vật nghi dại cắn, cào chảy máu hoặc liếm vào vết thương hở cần đến cơ sở y tế để tiêm vắc xin phòng dại càng sớm càng tốt.
Trường hợp vết cắn nặng, nhiều vết cắn hoặc ở vị trí nguy hiểm như đầu, mặt, cổ, cần tiêm huyết thanh kháng dại kết hợp vắc xin.
Bệnh dại không có cơ hội thứ hai, chỉ một lần chậm trễ trong tiêm phòng cũng có thể dẫn đến hậu quả không thể cứu vãn."
https://vietnamnet.vn/loai-qua-bo-sung-vitamin-c-giup-giam-cang-thang-hon-ca-tinh-dau-oai-huong-2477560.html,Không tìm thấy,,"Từ lâu, quả chanh được sử dụng làm thực phẩm, lá làm gia vị mà không nhiều người biết ngoài 2 thành phần trên thì vỏ, hạt hay rễ của loại cây này đều có thể dùng làm thuốc.
Trao đổi vớiPV VietNamNet, bác sĩ Bùi Thanh Hoài (Khoa Y học cổ truyền, Bệnh viện 19-8, Bộ Công an) cho biết, vỏquả chanh, đặc biệt là lớp vỏ xanh bên ngoài, chứa nhiều tinh dầu. Theo cách vắt thủ công, mỗi quả chanh chỉ cho khoảng 0,5ml tinh dầu, trung bình 3.000–6.000 quả mới thu được 1 lít tinh dầu chanh.
Các nghiên cứu gần đây cho thấy tinh dầu trong vỏ quả chanh có khả năng làm dịu và cải thiện tâm trạng rất tốt. Thậm chí tinh dầu chanh còn có hiệu quả trong việc giảm căng thẳng hơn các loại tinh dầu khác như hoa oải hương và hoa hồng.
Có nhiều bằng chứng cho thấy khuếch tán tinh dầu vỏ chanh vào không khí có thể giúp giảm bớt một số triệu chứng lo âu và trầm cảm. Hỗn hợp tinh dầu vỏ chanh và tinh dầu bạc hà còn giúp tăng cường sự tập trung và nâng cao hiệu quả làm việc.
Ngoài ra, dịch quả chanh theo bác sĩ Hoài cũng rất giàu dưỡng chất. Trung bình 50 quả cho khoảng 1 lít dịch quả, trong đó có 80–82% nước và 5–7% axit xitric, có khi lên tới 10% vào mùa thu. Nhờ hàm lượng axit cao, chanh có vị chua mát, giúp giải khát và hỗ trợ tiêu hóa.
“Dịch quả chanh thường được pha thành nước uống (nước chanh) giải khát, giúp thông tiểu, hỗ trợ các trường hợp tê thấp.
Theo kinh nghiệm dân gian, mỗi ngày có thể dùng 30–120 g dịch quả pha loãng. Chanh còn được dùng phòng và hỗ trợ điều trị bệnh scorbut (thiếu vitamin C) ở cả trẻ em và người lớn. Trong sinh hoạt hàng ngày, múi chanh trộn với muối được dùng để ngậm chữa ho, viêm họng nhẹ cực kỳ hiệu quả.
Ngoài ra, kinh nghiệm dân gian sau khi gội đầu, vắt một ít nước chanh lên tóc giúp tóc trơn, giảm bết”, bác sĩ Hoài nói.
Lá và ngọn chanh là gia vị quen thuộc trong các món gà, ốc, giúp dậy mùi và giảm tanh. Lá chanh còn được nấu nước xông giải cảm, cảm cúm. Theo dân gian, lá và búp non chanh giã nát đắp lên rốn trẻ nhỏ có thể hỗ trợ chữa bí tiểu, đầy chướng bụng.
Rễ chanh được dùng dưới dạng thuốc sắc để chữa ho, có thể dùng riêng hoặc phối hợp với rễ dâu tằm, liều thường 6–12 g/ngày.
Vỏ thân cây chanh phơi khô, tán bột có vị đắng, giúp kích thích tiêu hóa, dùng 4–10g/ngày dưới dạng thuốc sắc. Hạt chanh đôi khi được dùng làm thuốc tẩy giun theo kinh nghiệm dân gian.
Những ai không nên hoặc cần thận trọng khi sử dụng
Dù là dược liệu quen thuộc, chanh không phải ai cũng dùng được tùy tiện:
-       Người bị viêm loét dạ dày - tá tràng, trào ngược dạ dày thực quản nên hạn chế dùng nhiều chanh vì axit cao có thể làm nặng triệu chứng.
-       Người có men răng yếu, sâu răng cần tránh ngậm hoặc uống nước chanh đậm đặc thường xuyên.
-       Trẻ nhỏ, phụ nữ mang thai hoặc người đang dùng thuốc điều trị bệnh mạn tính không nên tự ý dùng các bài thuốc từ rễ, vỏ, hạt chanh.
-       Người có cơ địa dị ứng tinh dầu cần thử lượng nhỏ trước khi dùng ngoài da hoặc xông hơi."
https://vietnamnet.vn/cong-dan-nhi-dau-tien-chao-doi-nam-2026-o-bv-phu-san-trung-uong-2478090.html,Không tìm thấy,,"Bé gáinặng 3,5kg, chào đời an toàn, khỏe mạnh, đúng khoảnh khắc giao thừa trong sự theo dõi sát sao và chăm sóc tận tình của ê-kíp bác sĩ, hộ sinh khoa Đẻ, Bệnh viện Phụ sản Trung ương.
Ngay sau sinh, bé Khánh Linh được thực hiện da kề da với mẹ – một khoảnh khắc gắn kết thiêng liêng, nơi tình mẫu tử được đánh thức bằng hơi ấm và nhịp tim yêu thương.
Chị Ngọc, mẹ của bé đã không giấu được giọt nước mắt hạnh phúc khi lần đầu ôm con trong vòng tay.
“Mọi mệt mỏi dường như tan biến khi em nghe tiếng khóc chào đời của con. Gia đình em biết ơn các bác sĩ và hộ sinh đã tận tình chăm sóc để hai mẹ con được bình an. Đây là khoảnh khắc hạnh phúc mà em sẽ không bao giờ quên”, chị Ngọc xúc động chia sẻ.
Có mặt bên giường sản phụ vào thời khắc đặc biệt, GS.TS Nguyễn Duy Ánh, Giám đốc Bệnh viện Phụ Sản Trung ương, gửi những lời chúc mừng, trao gửi niềm tin và mong ước về một khởi đầu bình an, tốt đẹp cho em bé và gia đình."
https://vietnamnet.vn/chuyen-gia-dinh-duong-nhan-dinh-muc-bo-duong-cua-tung-loai-khoai-lang-2477545.html,Không tìm thấy,,"Theo chuyên gia dinh dưỡng Lâm Lệ Sâm (Đài Loan, Trung Quốc), mỗi loại khoai lang đều có đặc điểm dinh dưỡng riêng, phù hợp với những nhu cầu sức khỏe khác nhau, không thể đánh giá loại nào “tốt nhất” một cách tuyệt đối.
TheoSETN, chuyên gia Lâm cho biết khoai lang ruột vàng là loại phổ biến nhất và cũng được nhiều người ưa chuộng nhờ hương vị đậm. Phần thịt có màu vàng kim, mùi thơm rõ, kết cấu mềm mịn, tơi xốp và độ ngọt cao. Về mặt dinh dưỡng, khoai ruột vàng nổi bật nhờ hàm lượng canxi và kali cao, có tác dụng duy trì sức khỏe xương, hỗ trợ ổn định huyết áp và giảm tình trạng tích nước trong cơ thể.
Bên cạnh đó, loại khoai này còn cung cấp vitamin B1, góp phần thúc đẩy chuyển hóa năng lượng và giảm mệt mỏi. Nhờ đặc điểm mềm, ngọt và thơm, khoai ruột vàng thích hợp để luộc, nướng hoặc nấu cùng cơm.
Trong khi đó, khoai lang ruột đỏ được đánh giá cao ở khả năng hỗ trợ thị lực và làn da. Chuyên gia Lâm cho biết phần thịt khoai có màu cam đỏ do chứa nhiều carotenoid, đặc biệt là beta-carotene - tiền chất của vitamin A. Thành phần này có lợi cho mắt, giúp duy trì làn da khỏe mạnh và tăng cường hệ miễn dịch. So với khoai ruột vàng, khoai ruột đỏ có năng lượng thấp hơn và chứa nhiều nước hơn. Khoai mềm, mịn, vị ngọt nhẹ, phù hợp để nấu cháo loãng, làm khoai lang mật hoặc chế biến các món tráng miệng.
Khoai lang ruột tím có màu sắc như vậy do chứa lượng lớn anthocyanin. Đây là hợp chất có khả năng chống oxy hóa mạnh, giúp loại bỏ các gốc tự do trong cơ thể, bảo vệ hệ tim mạch và góp phần làm chậm quá trình lão hóa. Ngoài ra, khoai ruột tím thường có hàm lượng chất xơ cao hơn so với khoai ruột vàng và ruột đỏ, từ đó hỗ trợ nhu động ruột, cải thiện tiêu hóa và tăng cảm giác no. Tuy nhiên, loại khoai này có kết cấu chắc hơn và độ ngọt thấp hơn, nên không phải ai cũng thích.
Không chỉ phân tích sự khác biệt giữa các loại khoai lang, chuyên gia Lâm cũng đưa ra một số khuyến nghị về cách ăn để tận dụng tối đa giá trị dinh dưỡng. Khoai lang nếu được ăn cả vỏ sẽ giúp gia tăng lợi ích cho sức khỏe, bởi vỏ khoai chứa nhiều chất xơ và các hợp chất polyphenol thực vật. Khoai sau khi rửa sạch, hấp hoặc nướng nguyên vỏ sẽ giúp cơ thể hấp thudinh dưỡngđầy đủ hơn.
Bên cạnh đó, chuyên gia dinh dưỡng này cũng lưu ý rằng khoai lang sau khi nấu chín nếu để nguội hoặc làm lạnh rồi mới ăn sẽ tạo ra nhiều tinh bột kháng hơn. Loại tinh bột trên giúp làm giảm chỉ số đường huyết (GI), hỗ trợ ổn định đường máu và có lợi cho quá trình kiểm soát cân nặng. Tuy vậy, bà nhấn mạnh rằng khoai lang vẫn thuộc nhóm thực phẩm giàu tinh bột, do đó cần ăn với lượng phù hợp."
https://vietnamnet.vn/hai-vu-sua-gia-lon-nhat-nam-2025-2476841.html,Không tìm thấy,,"Ngày 12/4, Cơ quan Cảnh sát điều tra (Bộ Công an) cho biết đã triệt phá một đường dâysản xuất, buôn bán và tiêu thụ sữa bột giảvới quy mô đặc biệt lớn, hoạt động trên địa bàn Hà Nội và nhiều tỉnh, thành lân cận.
Cơ quan điều tra đã khởi tố, bắt tạm giam hai đối tượng chủ mưu cùng sáu bị can khác về các tội “Sản xuất, buôn bán hàng giả là thực phẩm” và “Vi phạm quy định về kế toán gây hậu quả nghiêm trọng”.
Theo kết quả điều tra ban đầu, từ tháng 8/2021, lợi dụng nhu cầu gia tăng mạnh đối với các sản phẩm dinh dưỡng, thực phẩm bổ sung và sữa bột trên thị trường trong nước, nhóm đối tượng do Vũ Mạnh Cường và Hoàng Mạnh Hà cầm đầu đã thành lập Công ty Rance Pharma và Công ty Hacofood Group. Các doanh nghiệp trên tổ chức sản xuất, kinh doanh và phân phối sữa bột giả ra thị trường.
Đường dây này đã tung ra thị trường tới 573 nhãn hiệu sữa bột khác nhau. Các sản phẩm được quảng cáo chuyên biệt cho người mắc bệnh tiểu đường, suy thận, trẻ sinh non, trẻ thiếu tháng và phụ nữ mang thai. Trên nhãn mác, bao bì, thành phần được công bố thuộc dạng “cao cấp” như chiết xuất tổ yến, đông trùng hạ thảo, bột macca, bột quả óc chó…
Tuy nhiên, kết quả giám định cho thấy trong một số sản phẩm không có các chất này, chỉ tiêu chất lượng dưới 70% so với mức công bố - đủ căn cứ xác định là hàng giả.
Để hợp thức hóa việc lưu hành, các doanh nghiệp trong đường dây đã nộp hồ sơ đăng ký công bố và tự công bố sản phẩm tại nhiều địa phương. Tại tỉnh Hòa Bình, theo Chi cục An toàn thực phẩm, bốn công ty trong “hệ sinh thái” này đã nộp tổng cộng 305 hồ sơ đăng ký và tự công bố sản phẩm chỉ trong vòng ba năm. Tại Hà Nội, con số sản phẩm được công bố là 71.
Riêng tại Vĩnh Phúc, Sở Y tế tỉnh cho biết Chi nhánh Vĩnh Phúc của Công ty Rance Pharma và Công ty Hacofood Group đã nộp 215 bộ hồ sơ đăng ký công bố sản phẩm trong giai đoạn 2021-2023, trong đó Rance Pharma chiếm 145 bộ và Hacofood Group là 70 bộ.
Từ năm 2024 đến nay, Sở Y tế Vĩnh Phúc không tiếp nhận thêm hồ sơ nào của hai doanh nghiệp trên. Đại diện Sở Y tế khẳng định việc tiếp nhận hồ sơ trước đó đều được thực hiện “theo đúng quy định”, dựa trên giấy tờ do doanh nghiệp cung cấp, qua đó cho thấy những kẽ hở lớn trong cơ chế hậu kiểm - mắt xích then chốt nhưng lâu nay bị xem nhẹ.
Không chỉ có vụ Rance Pharma - Hacofood Group, ngày 19/6, Cơ quan Cảnh sát điều tra (Bộ Công an) tiếp tục triệt phá đường dây sản xuất, buôn bán hàng giả là thực phẩm xảy ra tại Công ty Z Holding và các đơn vị liên quan.
Nhóm đối tượng đã tổ chức sản xuất 26 loại sữa giả, trọng tâm là dòng sữa tăng chiều cao HIUP 27, cùng nhiều sản phẩm dành cho trẻ em và người tiểu đường. Tổng doanh thu bất chính của đường dây này được xác định lên tới 2.436 tỷ đồng.
Sữa HIUP 27 từng “làm mưa làm gió” trên thị trường với những lời quảng cáo có cánh như giúp trẻ “cao thêm 3-5cm sau 3 tháng”, “hết táo bón sau 3 ngày”. Trong nhiều video quảng bá, những người có ảnh hưởng khẳng định đã cho con mình sử dụng sữa và thấy hiệu quả rõ rệt khiến sản phẩm nhanh chóng chiếm được lòng tin của phụ huynh.
Trước khi bị phanh phui là hàng giả, HIUP 27 nhiều lần lên tiếng phản bác thông tin tiêu cực, khẳng định sản phẩm được sản xuất tại nhà máy đạt tiêu chuẩn, có đầy đủ giấy kiểm nghiệm và giấy phép công bố.
Khi sự thật được phơi bày, không ít phụ huynh rơi vào trạng thái bàng hoàng, bức xúc vì niềm tin bị lợi dụng còn sức khỏe trẻ em bị các đối tượng làm hàng giả coi thường vì lợi nhuận. Những người nổi tiếng từng quảng bá sản phẩm đồng loạt lên tiếng xin lỗi, khẳng định bản thân “đã bị lừa”, tin vào hồ sơ pháp lý và kết quả kiểm nghiệm do nhãn hàng cung cấp.
Liên quan tới sản phẩm sữa giả, Cục An toàn thực phẩm (Bộ Y tế) cho biết, việc công bố và đăng ký bản công bố sản phẩm thực phẩm được quy định tại Nghị định 15/2018 của Chính phủ. Vì vậy, đa số các thực phẩm được tự công bố và có 4 nhóm cần kiểm soát chặt hơn thì phải được đăng ký bản công bố sản phẩm với cơ quan Nhà nước trước khi đưa ra lưu thông trên thị trường.
Theo quy định của Nghị định 15, UBND cấp tỉnh có trách nhiệm “tổ chức tiếp nhận và quản lý hồ sơ, cấp Giấy tiếp nhận bản công bố sản phẩm, Giấy xác nhận nội dung quảng cáo đối với các sản phẩm dinh dưỡng y học, thực phẩm dùng cho chế độ ăn đặc biệt, sản phẩm dinh dưỡng dùng cho trẻ đến 36 tháng tuổi”.
Như vậy, doanh nghiệp tự công bố sản phẩm mà không cần cơ quan quản lý thẩm định trước hồ sơ. Quy định này nhằm tạo thuận lợi cho sản xuất, kinh doanh nhưng trên thực tế đã bị một số tổ chức, cá nhân lợi dụng để hợp thức hóa các sản phẩm kém chất lượng, thậm chí là hàng giả, hàng nguy hiểm cho sức khỏe.
Tại thời điểm mới xảy ra vụ việc, trao đổi với VietNamNet, Tiến sĩ Nguyễn Sĩ Dũng, nguyên Phó Chủ nhiệm Văn phòng Quốc hội cho rằng, xét về tổng thể, hệ thống quản lý an toàn thực phẩm hiện nay vẫn mang tính phân tán và chồng chéo. Nhiều bộ, ngành cùng tham gia quản lý nhưng lại thiếu một cơ quan đầu mối chịu trách nhiệm cuối cùng. Khi trách nhiệm bị chia cắt, việc truy cứu, quy trách nhiệm khi xảy ra vi phạm trở nên khó khăn, dẫn đến tình trạng “không ai thực sự chịu trách nhiệm”.
Bên cạnh đó, công tác giám sát vẫn nặng về hình thức, chủ yếu dựa vào các đợt thanh tra định kỳ. Trong khi đó, các hành vi vi phạm ngày càng tinh vi, có tổ chức và biến đổi liên tục. Việc thiếu cơ chế giám sát chủ động, cảnh báo sớm và phản ứng nhanh được xem là một “điểm yếu chí tử”.
Đáng lo ngại hơn, chế tài xử phạt hiện nay chưa đủ sức răn đe. Với những hành vi làm giả thực phẩm mức xử phạt hành chính hoặc hình sự vẫn còn quá nhẹ so với lợi nhuận khổng lồ thu được.
"
https://vietnamnet.vn/hon-30-phut-thuc-hien-ca-thong-tim-bao-thai-dau-tien-sau-khi-bo-y-te-phe-duyet-2477808.html,Không tìm thấy,,"Ngày 31/12, Bệnh viện Từ Dũ (TPHCM) cho biết, đơn vị này vừa thực hiện thành công ca can thiệpthông tim bào thaicho thai nhi mắc hẹp van động mạch phổi nặng. Theo đó, thai phụ N.T.T.T (26 tuổi, ngụ TPHCM) mang thai lần hai. Trong quá trình chị T. khám thai định kỳ 3 tháng đầu không ghi nhận bất thường, xét nghiệm sàng lọc trước sinh NIPT cho kết quả nguy cơ thấp.
Tuy nhiên, đến tuần thai 22-24, qua siêu âm tim thai chuyên sâu, các bác sĩ phát hiện thai nhi mắc hẹp van động mạch phổi nặng kèm hở van ba lá. Thai phụ được chuyển đến theo dõi và hội chẩn tại Bệnh viện Từ Dũ và Bệnh viện Nhi Đồng 1. Kết quả chọc ối phân tích nhiễm sắc thể cho thấy bình thường, tạo cơ sở quan trọng cho việc cân nhắc can thiệp.
Đến tuần thai thứ 29, tình trạng bệnh lý có xu hướng tiến triển xấu với biểu hiện thiểu sản thất phải tăng dần. Nếu không can thiệp kịp thời, thai nhi có nguy cơ cao diễn tiến thành tim một thất sau sinh - dạng tim bẩm sinh phức tạp với tiên lượng nặng.
Ngày 29/12, hội đồng hội chẩn liên viện họp và đưa ra chẩn đoán xác định: Hẹp van động mạch phổi nặng diễn tiến teo van động mạch phổi. Các bác sĩ thống nhất chỉ định can thiệp thông tim nong van động mạch phổi bào thai xuyên tử cung khẩn cấp.
Đến sáng 30/12, ê-kíp hơn 25 bác sĩ chuyên khoa Sản - Can thiệp bào thai - Tim mạch can thiệp đã hoàn thành ca phẫu thuật trong hơn 30 phút. Khoảng thời gian này nhanh hơn đáng kể so với các ca trước đây thường kéo dài từ 2-4 giờ.
Tại thời điểm can thiệp, thai nhi ở tư thế ngôi đầu, nghiêng trái, bánh nhau mặt trước, làm gia tăng mức độ khó của thủ thuật. Đặc biệt, cánh tay thai nhi vắt ngang trước ngực, che khuất đường vào buồng tim. Ê-kíp đã linh hoạt thực hiện thủ thuật hỗ trợ để di chuyển chi thai, tạo điều kiện thuận lợi cho việc tiếp cận vị trí can thiệp.
Quá trình xuyên kim qua thành bụng mẹ - tử cung - lồng ngực thai nhi và bơm bóng nong van động mạch phổi được thực hiện thuận lợi. Ca can thiệp thành công ngay lần xuyên kim đầu tiên, đảm bảo chính xác về kỹ thuật, hạn chế tối đa thời gian và nguy cơ cho cả mẹ và thai nhi.
Theo các bác sĩ, can thiệp thông tim bào thai trong trường hợp này nhằm cải thiện dòng máu qua van động mạch phổi, tạo điều kiện cho thất phải tiếp tục phát triển trong thời gian còn lại của thai kỳ. Qua đó, tăng cơ hội bảo tồn chiến lược tim hai thất hoặc 1,5 thất sau sinh, tránh cho trẻ phải đi theo lộ trình điều trị tim một thất phức tạp và kéo dài.
BS.CKII Trần Ngọc Hải - Giám đốc Bệnh viện Từ Dũ cho biết, đây là ca can thiệp thông tim bào thai thứ 12 của bệnh viện nhưng là ca đầu tiên sau khi hoàn thành thủ tục cấp phép của Bộ Y tế.
Trước đó, Bệnh viện Từ Dũ đã thực hiện thành công nhiều ca thông tim bào thai cho thai nhi. Song, bệnh viện cần phải hoàn thiện hồ sơ để trình Bộ Y tế xem xét công nhận kỹ thuật “thông tim can thiệp trong bào thai”. Vừa qua, Bộ Y tế đã có quyết định chính thức công nhận kỹ thuật “thông tim can thiệp trong bào thai” tại Việt Nam và ban hành danh mục kỹ thuật đối với lĩnh vực can thiệp tim bào thai đối với Bệnh viện Từ Dũ và Bệnh viện Nhi đồng 1.
""Về chi phí phẫu thuật, sau khi Bộ Y tế thông qua, mỗi ca phẫu thuật được tính phù hợp với khả năng chi trả của người Việt Nam và được BHYT hỗ trợ chi trả theo quy định. Chi phí sẽ cao hơn so với ca phẫu thuật thông thường ở người trưởng thành nhưng vẫn đảm bảo ai cũng có thể tiếp cận kỹ thuật tiên tiến này theo quy định của BHYT"", bác sĩ Hải nhấn mạnh.
Hiện tại, thai phụ sẽ được theo dõi chặt chẽ trong suốt quá trình sau phẫu thuật. Tùy theo sức khỏe của thai phụ và thai nhi, các bác sĩ sẽ có những phương pháp chăm sóc và hình thức sinh nở phù hợp.
Các chuyên gia khuyến cáo, thời gian vàng để phát hiện bất thường ở thai nhi (đặc biệt là về tim) là trong 3 tháng đầu thai kỳ, khi có thể chẩn đoán hình ảnh về thai nhi. Thai phụ cần khám thai định kỳ và thực hiện siêu âm tim thai chuyên sâu khi có chỉ định."
https://vietnamnet.vn/loai-rau-gia-vi-tot-cho-gan-than-2-nhom-nguoi-khong-nen-dung-2477320.html,Không tìm thấy,,"Chia sẻ vớiPV VietNamNet, bác sĩ Bùi Thanh Hoài, Khoa Y học cổ truyền, Bệnh viện 19-8 (Bộ Công an) cho biết,cây hẹ(nén tàu, phi tử, cửu thái) có tên khoa học là Allium odorum L., thuộc họ hành tỏi.
Trong y học cổ truyền, hẹ được sử dụng làm thuốc với toàn cây, bao gồm cả lá và rễ.
Các nghiên cứu hiện đại cho thấy, trong lá và rễ hẹ có chứa nhiều hợp chất sinh học quan trọng như các hợp chất sunfua, saponin và chất đắng. Đặc biệt, từ năm 1948, một tác giả Trung Quốc đã chiết xuất từ củ hẹ một hoạt chất có tên là odorin. Hoạt chất này ít độc đối với động vật bậc cao nhưng lại có tác dụng kháng sinh rõ rệt đối với các vi khuẩn như Staphylococcus aureus và Bacillus coli.
Không chỉ dừng lại ở đó, Viện Nghiên cứu Cây thuốc Trung Quốc cũng công bố những nghiên cứu sơ bộ cho thấy trong hạt hẹ có chứa ancaloit và saponin - các hoạt chất thường gặp trong nhiều dược liệu có giá trị. Những phát hiện này góp phần lý giải vì sao từ lâu, hẹ đã được nhân dân sử dụng để phòng và chữa bệnh.
Năm 1961, Phòng Đông y thực nghiệm của Viện Vi trùng học báo cáo rằng nước ép tươi từ cây hẹ có tính kháng sinh rất cao đối với nhiều loại vi trùng như Staphylococcus, Salmonella typhi, E.coli… Đáng chú ý, tinh chất kháng sinh trong hẹ khá bền vững: nước cốt hẹ sau khi ly tâm bỏ cặn, lấy phần nước trong và hấp để lâu vẫn giữ được tác dụng kháng khuẩn.
Theo bác sĩ Hoài, ưu điểm nổi bật khác của hẹ là không cay nóng như tỏi, vì vậy dễ dùng hơn, đặc biệt là với trẻ em.
Tuy nhiên, bác sĩ Hoài lưu ý rằng tính chất kháng sinh của hẹ sẽ giảm nhẹ khi chịu tác dụng của pepsin trong môi trường acid mạnh và sẽ mất hoàn toàn nếu đun sôi hoặc sắc nóng. Do đó, khi dùng hẹ với mục đích kháng khuẩn cần lưu ý cách chế biến phù hợp.
Trong dân gian, lá và củ hẹ thường được dùng chữa ho ở trẻ em bằng cách hấp lá hẹ với đường hoặc đường phèn, đun cách thủy. Ngoài ra, hẹ còn được sử dụng để hỗ trợ điều trị kiết lỵ ra máu, làm thuốc bổ giúp tiêu hóa, tốt cho gan và thận, thường dùng trong các trường hợp di tinh, tiểu tiện nhiều lần. Liều dùng hằng ngày phổ biến là 20-30g.
Nước sắc hẹ cũng được dùng để chữa giun kim, còn hạt hẹ là vị thuốc quen thuộc trong các bài thuốc chữa mộng tinh, tiểu tiện ra huyết, đau mỏi đầu gối, đau lưng và khí hư. Liều dùng hạt hẹ thường từ 6-12g mỗi ngày.
“Theo các tài liệu y học cổ truyền, hẹ có vị cay ngọt, tính ôn, quy vào hai kinh can và thận. Tác dụng chính của hẹ là bổ can thận, làm ấm lưng gối, dùng trong các chứng tiểu tiện nhiều lần, đái són, mộng tinh, suy giảm chức năng thận”, bác sĩ Hoài thông tin.
Những người không nên sử dụng hẹ làm thuốc
Tuy nhiên, bác sĩ Hoài nhấn mạnh rằng không phải ai cũng nên sử dụng hẹ làm thuốc. Những người thuộc thể âm hư, hỏa vượng - thường có biểu hiện nóng trong, hay khô miệng, táo bón, bốc hỏa - không nên dùng hẹ vì tính ôn của dược liệu này có thể làm tình trạng nặng hơn.
Ngoài ra, người đang sốt cao, viêm nhiễm cấp tính nặng cũng cần thận trọng, nên tham khảo ý kiến thầy thuốc trước khi sử dụng."
https://vietnamnet.vn/nghien-cuu-19-nam-he-lo-luong-ca-phe-nen-uong-giup-giam-ty-le-tu-vong-2477384.html,Không tìm thấy,,"Với nhiều người, đặc biệt là dân văn phòng, cà phê đã trở thành một phần không thể thiếu của buổi sáng. Không chỉ giúp tỉnh táo, thức uống quen thuộc này còn được cho là mang lại những lợi ích đáng kể cho sức khỏe.
Theo chia sẻ của bác sĩ Thái Minh Kiệt (Trung Quốc) chuyên khoa chuyển hóa - nội tiết, trước đây ông không hề yêu thích vị đắng của cà phê đen. Tuy nhiên, sau khi đọc một nghiên cứu lớn được công bố trên tạp chíAnnals of Internal Medicine, quan điểm của ông đã thay đổi hoàn toàn. Nghiên cứu xem xét dữ liệu của hơn 17.000 người trưởng thành khỏe mạnh và theo dõi liên tục trong suốt 19 năm để đánh giá mối liên hệ giữa thói quen uống cà phê và nguy cơ tử vong.
Kết quả phân tích cho thấy, những người uống cà phê, bất kể lượng ít hay nhiều, đều có tỷ lệ tử vong chung thấp hơn so với nhóm không uống. Đáng chú ý, lợi ích này ghi nhận ở cả tử vong do ung thư và tử vong docác bệnh tim mạch. Ngay cả những người chỉ uống rất ít, chẳng hạn mỗi ngày một ngụm, cũng vẫn được ghi nhận có nguy cơ tử vong thấp hơn.
Tuy nhiên, nghiên cứu cũng nhấn mạnh rằng uống cà phê không phải càng nhiều càng tốt. Lợi ích đạt mức tối ưu ở một khoảng nhất định sau đó sẽ giảm dần nếu uống quá nhiều. Theo kết quả nghiên cứu, mức tiêu thụ mang lại lợi ích rõ rệt nhất rơi vào khoảng 2,5-4,5 cốc mỗi ngày. Trong nghiên cứu này, một cốc cà phê được tính tương đương khoảng 250ml. Khi lượng tiêu thụ vượt quá 4,5 cốc mỗi ngày, lợi ích vẫn còn nhưng giảm đi so với mức tối ưu.
Một điểm đáng chú ý khác là tác dụng tích cực của cà phê dường như không hoàn toàn đến từ caffeine. Các nhà nghiên cứu nhận thấy cà phê khử caffeine cũng cho hiệu quả giảm tỷ lệ tử vong tương tự. Từ đó, họ cho rằng lợi ích sức khỏe của cà phê có thể liên quan đến các hợp chất sinh học khác, đặc biệt là nhóm polyphenol. Trong số này, axit chlorogenic được nhắc đến nhiều nhờ khả năng chống oxy hóa và chống kết tập tiểu cầu, những yếu tố có vai trò quan trọng trong việc bảo vệ tim mạch và giảm nguy cơ mắc một số bệnh mạn tính.
Nghiên cứu cũng xem xét sự khác biệt giữa cà phê không đường và cà phê có đường. Kết quả cho thấy, cà phê có thêm đường, với lượng từ 5g trở lên, vẫn liên quan đến việc giảm tỷ lệ tử vong chung, tử vong do ung thư và tử vong do tim mạch, với mức lợi ích tối ưu vẫn nằm trong khoảng 2,5-4,5 cốc mỗi ngày. Tuy nhiên, khi tiêu thụ cà phê có đường vượt quá 4,5 cốc mỗi ngày, lợi ích không còn được ghi nhận, thậm chí tỷ lệ tử vong còn có xu hướng tăng lên."
https://vietnamnet.vn/bac-si-2-benh-vien-o-tphcm-phau-thuat-cuu-benh-nhan-da-chan-thuong-do-tai-nan-2477644.html,Không tìm thấy,,"Chiều 30/12, đại diện Bệnh viện Đa khoa Vũng Tàu cho biết, đơn vị vừa phẫu thuật thành công cho một bệnh nhân nam bị đa chấn thương nặng do tai nạn giao thông, với sự hỗ trợ chuyên môn của các bác sĩ Bệnh viện Nhân Dân Gia Định,TPHCM.
Trước đó 2 ngày, bệnh nhân N.T.T. (24 tuổi, trú phường Vũng Tàu, TPHCM) được chuyển đến Bệnh viện Đa khoa Vũng Tàu trong tình trạng đa chấn thương. Kết quả thăm khám lâm sàng và cận lâm sàng cho thấy bệnh nhân bị gãy 1/3 giữa xương đùi phải, gãy xương đòn trái, cùng nhiều tổn thương phức tạp vùng cổ tay phải như gãy mỏm trâm trụ, mỏm trâm quay, gãy xương thuyền và xương tháp với nhiều mảnh rời.
Nhận định đây là ca chấn thương nặng, phức tạp, cần can thiệp chuyên sâu, Khoa Ngoại Tổng hợp Bệnh viện Đa khoa Vũng Tàu đã tổ chức hội chẩn và mời các bác sĩ Khoa Chấn thương Chỉnh hình, Bệnh viện Nhân Dân Gia Định trực tiếp tham gia hỗ trợ.
Ê-kíp phẫu thuật do bác sĩ Nguyễn Lê Minh Thống, Trưởng khoa Chấn thương Chỉnh hình Bệnh viện Nhân Dân Gia Định, phối hợp cùng các bác sĩ Khoa Ngoại Tổng hợp và Khoa Phẫu thuật - Gây mê hồi sức Bệnh viện Đa khoa Vũng Tàu thực hiện, đã xây dựng phương án điều trị tối ưu, đảm bảo an toàn cho người bệnh.
Ca phẫu thuật diễn ra thuận lợi, các tổn thương xương được xử trí phù hợp, bảo đảm yếu tố giải phẫu và chức năng vận động lâu dài. Sau mổ, sức khỏe bệnh nhân ổn định, tiên lượng hồi phục tốt và đang tiếp tục được theo dõi, điều trị tại bệnh viện.
Theo bác sĩ Nguyễn Lê Minh Thống, đây là trường hợp đa chấn thương với nhiều tổn thương xương phức tạp, đặc biệt ở vùng cổ tay, đòi hỏi xử trí chính xác để bảo đảm chức năng vận động về sau. “Sự phối hợp chặt chẽ giữa các ê-kíp là yếu tố quyết định giúp ca mổ thành công”, bác sĩ Thống cho hay."
https://vietnamnet.vn/choi-pickleball-nguoi-dan-ong-dot-ngot-dau-nguc-ngung-tim-khi-den-cong-vien-2477737.html,Không tìm thấy,,"Ngày 29/12, các bác sĩ Trung tâm Tim mạch, Bệnh viện E (Hà Nội) đã thực hiện thành công cacấp cứu,cứu sống một nam bệnh nhân 50 tuổi (quốc tịch Romania, đang sinh sống tại Hà Nội) bị nhồi máu cơ tim cấp và ngừng tim đột ngột sau khi chơi thể thao.
Trước đó, người đàn ông này đang chơi pickleball cùng nhóm bạn tại một sân thể thao thì xuất hiện các triệu chứng đau ngực, khó thở. Nhận thấy tình trạng bất thường, bạn bè đã nhanh chóng đưa ông tới bệnh viện cấp cứu. Tuy nhiên, khi vừa tới cổng Bệnh viện E, người bệnh bất ngờ ngã gục và rơi vào tình trạng ngừng tim, ngừng tuần hoàn, nguy cơ tử vong rất cao.
Ngay lập tức, kíp trực đã kích hoạt hệ thống “báo động đỏ” toàn bệnh viện. Các bác sĩ khẩn trương tiến hành ép tim ngoài lồng ngực, sốc điện khử rung liên tục. Sau hai lần sốc điện, tim người bệnh đã đập trở lại, dần hồi phục ý thức trong sự nỗ lực không ngừng của ê-kíp cấp cứu.
Kết quả điện tâm đồ và chụp mạch vành cho thấy, người bệnh bị nhồi máu cơ tim cấp thành trước vách, tắc hoàn toàn động mạch liên thất trước đoạn II do huyết khối.
Trước tình huống nguy hiểm, các bác sĩ Khoa Nội tim mạch người lớn đã quyết định can thiệp cấp cứu hút huyết khối, tái thông mạch và đặt stent phủ thuốc để cứu sống người bệnh, bất chấp những khó khăn về thủ tục và chi phí do bệnh nhân không mang theo tiền.
Song song đó, Phòng Công tác xã hội đã nhanh chóng liên hệ với người nhà để đảm bảo quá trình điều trị diễn ra kịp thời.
Theo Thạc sĩ, bác sĩ Nguyễn Xuân Đường, người trực tiếp điều trị, sau can thiệp, bệnh nhân đã hết đau ngực, huyết động ổn định, có thể đi lại nhẹ nhàng và dự kiến xuất viện trong vài ngày tới.
Bác sĩ Đường cảnh báo, thời gian gần đây, Trung tâm Tim mạch tiếp nhận nhiều trường hợp đột tử, nhồi máu cơ tim, đột quỵ khi chơi pickleball môn thể thao có cường độ cao, nhiều động tác đổi hướng đột ngột, khiến tim phải hoạt động gắng sức trong thời gian ngắn. Điều này đặc biệt nguy hiểm với những người có yếu tố nguy cơ tim mạch tiềm ẩn.
Các bác sĩ khuyến cáo, người dân cần khám sức khỏe định kỳ để sàng lọc bệnh tim mạch, xây dựng kế hoạch tập luyện phù hợp, tránh vận động quá sức. Trong thời tiết lạnh, người cao tuổi và người có bệnh nền cần tuân thủ điều trị, theo dõi sát sức khỏe và đến ngay cơ sở y tế khi xuất hiện các dấu hiệu như đau tức ngực, khó thở, vã mồ hôi kéo dài, nhằm giảm thiểu nguy cơ tử vong do ngừng tim đột ngột."
https://vietnamnet.vn/so-y-te-tphcm-dat-ra-yeu-cau-cho-benh-vien-nhan-dan-gia-dinh-sau-sap-nhap-2477603.html,Không tìm thấy,,"Từ ngày 1/1/2026, Bệnh viện Nhân dân Gia Định chính thức có hai cơ sở khám chữa bệnh hạng I, cùng cấp chuyên sâu, trực thuộc Sở Y tế TPHCM. Cơ sở chính đặt tại số 1 Nơ Trang Long, phường Gia Định; Cơ sở 2 đặt tại số 125 Lê Lợi phường Bến Thành - (Bệnh viện Đa Khoa Sài Gòn cũ).
PGS.TS.BS Tăng Chí Thượng, Giám đốcSở Y tế TPHCMnhấn mạnh: ""Việc sáp nhập này không đơn thuần là sự thay đổi về mặt hành chính mà là một giải pháp mang tầm chiến lược nhằm phát huy tối đa nguồn lực sẵn có bằng hình thức kế thừa ổn định và phát triển lâu dài"".
Ông Thượng cho biết thêm, mô hình cơ sở 2 của bệnh viện tuyến cuối cho phép chuyển giao tất cả các kỹ thuật chuyên sâu, quy trình cấp cứu hồi sức điều trị chất lượng cao, qua đó nâng cao năng lực đáp ứng nhu cầu khám chữa bệnh của nhân dân. Ngoài ra, Sở Y tế  cũng yêu cầu Bệnh viện Nhân dân Gia Định phải triển khai được một hệ thống sẵn sàng ứng phó với thảm họa với đầy đủ các tiêu chí sơ cứu.
PGS.TS.BS Nguyễn Hoàng Hải, Giám đốc Bệnh viện Nhân dân Gia Định cho biết, quá trình chuẩn bị sáp nhập, hai bệnh viện chuyển giao kỹ thuật, hội chẩn và mở các phòng khám vệ tinh. Hai nơi cũng phối hợp liên viện cứu sống bệnh nhân ngưng tim ngoại viện ở khu vực trung tâm.
Hơn 250 nhân sự của Bệnh viện Đa khoa Sài Gòn (cũ) được tiếp nhận về Bệnh viện Gia Định cơ sở 2 là nguồn lực quan trọng cho giai đoạn phát triển mới. ""Thay vì quan niệm sáp nhập là '1+1=1', bệnh viện xác định mô hình mới là hai cơ sở y tế chất lượng cao, cùng phát triển chuyên sâu"", bác sĩ Hải chia sẻ.
Bệnh viện Đa khoa Sài Gòn là một trong những cơ sở y tế lâu đời nhất của TPHCM, hơn 100 năm tuổi, nằm ở vị trí đắc địa ngay trung tâm thành phố, đối diện chợ Bến Thành.
Do vị trí đặc thù, bệnh viện chủ yếu tiếp nhận cấp cứu và điều trị khách du lịch, người dân làm việc hoặc vui chơi ở khu trung tâm gặp vấn đề sức khỏe. Mỗi ngày, bệnh viện tiếp nhận 600-700 lượt khám chữa bệnh ngoại trú, 80-100 người bệnh nội trú, tỷ lệ người nước ngoài khám bệnh chiếm 10%.
Thời gian qua, các chuyên gia cấp cứu của bệnh viện đã khảo sát nhiều điểm trọng yếu như ga Metro, chợ Bến Thành, phố đi bộ Nguyễn Huệ và đường Lê Lợi để xây dựng phương án ứng phó khi xảy ra sự cố; khuyến cáo bố trí máy sốc tim tự động (AED) tại các vị trí phù hợp, nhằm rút ngắn thời gian can thiệp cấp cứu.
Cơ sở 2 triển khai 5 khoa gồm: Hồi sức Cấp cứu, Nội Tổng hợp, Ngoại Tổng hợp, Khám bệnh 2 và Cận lâm sàng. Cơ sở này sẽ tập trung phát triển hệ thống cấp cứu - hồi sức và mô hình cấp cứu ngoài bệnh viện bằng xe cứu thương 2 bánh chuyên dụng nhằm đáp ứng nhanh nhu cầu chăm sóc sức khỏe của người dân, du khách và các tỉnh lân cận.
Bên cạnh đó, Cơ sở 2 đã triển khai phòng tiêm chủng và các dịch vụ thiết yếu, đáp ứng nhu cầu chăm sóc sức khỏe toàn diện cho người dân."
https://vietnamnet.vn/bo-y-te-yeu-cau-thong-nhat-ke-don-thuoc-ngoai-tru-toi-da-90-ngay-2477513.html,Không tìm thấy,,"Theo Bộ Y tế, Thông tư số 26/2025/TT-BYT có hiệu lực từ ngày 1/7/2025, cho phép kê đơnthuốc ngoại trúdài ngày đối với một số bệnh, nhóm bệnh mạn tính.
Tuy nhiên, sau 6 tháng triển khai, Bộ đã nhận được nhiều phản ánh của bệnh nhân và người nhà bệnh nhân về việc không được cấp thuốc ngoại trú trên 30 ngày, dù tình trạng bệnh đã ổn định và được theo dõi, điều trị trong thời gian dài.
Để khắc phục tình trạng trên, đồng thời bảo đảm việc kê đơn thuốc ngoại trú dài ngày được thực hiện đồng bộ, thống nhất trên phạm vi toàn quốc, Bộ Y tế đề nghị Giám đốc Sở Y tế các địa phương và Giám đốc các cơ sở khám bệnh, chữa bệnh khẩn trương rà soát, chấn chỉnh việc thực hiện Thông tư 26/2025/TT-BYT.
Cụ thể, Bộ Y tế yêu cầu Sở Y tế chỉ đạo các cơ sở khám, chữa bệnh bảo đảm việc kê đơn thuốc ngoại trú tối đa đến 90 ngày, phù hợp với tình trạng bệnh theo danh mục quy định. Việc kê đơn phải được thực hiện thống nhất, nhằm tạo thuận lợi tối đa cho người bệnh và giảm các thủ tục không cần thiết.
Bên cạnh đó, các địa phương cần tăng cường quản lý điều trị bệnh mạn tính, chấn chỉnh việc chỉ định khám, cận lâm sàng, kê đơn thuốc và sử dụng thiết bị y tế chưa hợp lý…
Đối với các cơ sở khám bệnh, chữa bệnh, Bộ Y tế yêu cầu tăng cường tập huấn cho nhân viên y tế về quy trình khám, chữa bệnh, quyền lợi người bệnh và quyền lợi bảo hiểm y tế; hướng dẫn đầy đủ cho người bệnh về sử dụng thuốc, theo dõi sức khỏe và tái khám khi có dấu hiệu bất thường.
Với các trường hợp đủ điều kiện chuyên môn, cơ sở y tế cần chủ động cấp thuốc với số lượng tối đa phù hợp, giúp người bệnh yên tâm điều trị, nhất là trong các dịp lễ, Tết kéo dài."
https://vietnamnet.vn/15-phut-quyet-dinh-mo-hop-so-cuu-benh-nhan-bi-tai-nan-nghiem-trong-2477353.html,Không tìm thấy,,"Ngày 30/12, Bệnh viện Đa khoa Bắc Ninh số 1 chia sẻ thông tin về một ca bệnh đặc biệt nghiêm trọng đã được điều trị thành công.
Trước đó, sáng 11/11,bệnh nhân Đ.T.H (42 tuổi, trú tại Tân Yên, Bắc Ninh) được đưa vào viện sautai nạntrong tình trạng hôn mê sâu, nguy cơ tử vong rất cao.
Qua thăm khám và chẩn đoán hình ảnh, các bác sĩ xác định ông H. bị đa chấn thương, bao gồm: chấn thương sọ não nặng, chấn thương hàm mặt, chấn thương ngực kín gãy nhiều xương sườn, tràn máu khoang màng phổi, kèm tổn thương gan và thận.
Trước phẫu thuật, người bệnh hôn mê sâu, đồng tử hai bên giãn tối đa, mất hoàn toàn phản xạ ánh sáng - dấu hiệu cho thấy tổn thương não cực kỳ nghiêm trọng, tiên lượng rất xấu.
Trước tình trạng nguy kịch, BS.CKII Hoàng Chí Thành, Phó Giám đốc Bệnh viện cùng BS.CKII Mạc Hoàng Dương - Trưởng khoa Ngoại Thần kinh đã trực tiếp thăm khám, hội chẩn khẩn và quyết định phẫu thuật cấp cứu mở hộp sọ, lấy máu tụ, cầm máu và giải tỏa chèn ép não cho người bệnh.
Mặc dù hy vọng sống sót của bệnh nhân rất mong manh nhưng với tinh thần trách nhiệm cao nhất, toàn bộ ê-kíp Khoa Cấp cứu, Khoa Phẫu thuật- Gây mê hồi sức và Khoa Ngoại Thần kinh đã khẩn trương phối hợp triển khai phẫu thuật. Chỉ trong vòng 15 phút kể từ khi có kết quả chụp CT, bệnh nhân được chuyển thẳng vào phòng mổ.
Trong quá trình phẫu thuật, ThS.BS Nguyễn Văn Khoa, Khoa Ngoại thần kinh cùng ê-kíp ghi nhận khối máu tụ lớn chèn ép nhu mô não, tổn thương dập não phức tạp, kèm chảy máu từ nhiều nguồn. Ca mổ kéo dài hơn 2 giờ trong điều kiện hết sức căng thẳng. Nhờ kinh nghiệm và sự phối hợp nhịp nhàng, kíp phẫu thuật đã kiểm soát được nguồn chảy máu và giải phóng chèn ép não, giành lại sự sống cho người bệnh.
Sau phẫu thuật, bệnh nhân được an thần, thở máy và theo dõi chặt chẽ. Những dấu hiệu hồi phục tích cực sớm xuất hiện khi đồng tử hai bên co lại, có phản xạ ánh sáng.
Sau 24 ngày hồi sức tích cực, bệnh nhân được chuyển về Khoa Ngoại Thần kinh, Bệnh viện Đa khoa Bắc Ninh số 1 để tiếp tục điều trị và phục hồi chức năng.
Hiện tại, bệnh nhân tỉnh táo hoàn toàn, trí nhớ và nhận thức bình thường, chỉ còn yếu nhẹ tay phải, đang tập đi lại và có thể tự sinh hoạt cá nhân."
https://vietnamnet.vn/4-thuc-pham-nhieu-vitamin-a-bo-mat-dep-da-hon-khoai-lang-2476982.html,Không tìm thấy,,"Theo Viện Y tế Quốc gia Mỹ, vitamin A có vai trò thiết yếu đối với thị lực, hệ miễn dịch, làn da và quá trình tăng trưởng, tái tạo tế bào. Việc thiếu vitamin A có thể dẫn đến khô mắt, suy giảm thị lực, giảm sức đề kháng và tăng nguy cơ nhiễm trùng.
Tổ chức Y tế Thế giới (WHO) nhấn mạnh rằng việc đảm bảo đủ vitamin A trong khẩu phần ăn giúp giảm nguy cơ mắc các bệnh nhiễm trùng, đặc biệt ở trẻ em và phụ nữ mang thai tại các khu vực thiếudinh dưỡng.
Khoai lang thường được xem là thực phẩm giàu vitamin A: một củ khoai lang nướng cỡ nhỏ cung cấp khoảng 577 mcg vitamin A. Tuy nhiên, nhiều thực phẩm quen thuộc khác trong bữa ăn hằng ngày còn chứa hàm lượng vitamin A cao hơn đáng kể.
1. Gan
6.580 mcg vitamin A trong 80g gan bò áp chảo
Gan là thực phẩm có hàm lượng vitamin A cao nhất trong chế độ ăn thông thường, bao gồm gan gà, gan bò và gan cừu. Chỉ 80g gan đã cung cấp vượt xa nhu cầu vitamin A khuyến nghị mỗi ngày.
Ngoài vitamin A, gan bò còn là nguồn dồi dào protein, sắt và các vitamin nhóm B, đặc biệt là vitamin B12 - cần thiết cho quá trình tạo máu và hoạt động của hệ thần kinh. Tuy nhiên, do hàm lượng vitamin A rất cao, các chuyên gia khuyến nghị mọi người chỉ nên ăn gan với tần suất vừa phải để tránh nguy cơ dư thừa vitamin A.
2. Cà rốt
665 mcg vitamin A trong 80g cà rốt nấu chín
Cà rốt là nguồn beta-carotene dồi dào - tiền vitamin A mà cơ thể có thể chuyển hóa khi cần thiết. Không chỉ hỗ trợ thị lực và sức khỏe làn da, cà rốt còn cung cấp chất xơ, kali, vitamin K1 và các chất chống oxy hóa.
Với hàm lượng calo thấp, cà rốt phù hợp cho người đang kiểm soát cân nặng hoặc theo đuổi chế độ ăn lành mạnh.
3. Cải xoong
943 mcg vitamin A trong 80g cải xoong nấu chín
Cải xoong là loại rau lá xanh giàu dưỡng chất, cung cấp vitamin A, vitamin C, vitamin K và nhiều hợp chất chống oxy hóa. Bổ sung cải xoong thường xuyên có thể hỗ trợ sức khỏe mắt, tăng cường miễn dịch và bảo vệ tế bào trước tác động của các gốc tự do.
Ngoài ra, cải xoong còn giàu vitamin C - dưỡng chất giúp cơ thể hấp thu sắt tốt hơn và tham gia vào quá trình tổng hợp collagen, góp phần duy trì làn da và hệ mạch khỏe mạnh.
4. Cá ngừ
643 mcg vitamin A trong 80g cá ngừ vây xanh nấu chín
Cá ngừ là loại cá béo giàu dinh dưỡng, nổi bật với protein chất lượng cao và axit béo omega-3, có lợi cho tim mạch. Ngoài vitamin A, cá ngừ còn cung cấp vitamin B12, canxi, sắt và phốt pho, đồng thời ít carbohydrate và calo."
https://vietnamnet.vn/cap-cuu-2-nguoi-soc-phan-ve-nghiem-trong-do-an-thao-duoc-truyen-mieng-2477297.html,Không tìm thấy,,"Ngày 30/12, Bệnh viện Việt Nam - Thụy Điển Uông Bí (Quảng Ninh) thông tin, bệnh viện vừa tiếp nhậncấp cứucho hai người bệnh nhập viện trong tình trạng ngộ độc và sốc phản vệ nghiêm trọng sau khi ăn, uống các loại cây rừng, thảo dược theo kinh nghiệm truyền miệng.
Trường hợp thứ nhất là một phụ nữ nhập viện trong tình trạng mệt mỏi, buồn nôn và nôn liên tục. Theo lời kể của bệnh nhân, trước đó chị nghe nhiều người truyền tai nhau về công dụng chữa bệnh của một số loại cây dân gian. Khi thấy trong vườn nhà có loại cây hình dáng tương tự mô tả, người phụ nữ đã tự ý đào về, thái lát và nhai trực tiếp với mong muốn cải thiện sức khỏe.
Tuy nhiên, chỉ khoảng một giờ sau khi ăn, bệnh nhân xuất hiện các biểu hiện bất thường như mệt lả, buồn nôn dữ dội và nôn nhiều lần. Nhận thấy tình trạng của bà không ổn, gia đình nhanh chóng đưa người bệnh đến bệnh viện cấp cứu. Tại đây, các bác sĩ chẩn đoán bệnh nhân nghi ngộ độc do ăn nhầm cây dại và tiến hành xử trí kịp thời, theo dõi sát các chỉ số sinh tồn.
Trường hợp thứ hai là một người đàn ông 41 tuổi (trú tại phường Vàng Danh, Quảng Ninh) được đưa vào cấp cứu trong tình trạng sốc phản vệ. Sau khi uống rượu ngâm rễ cây không rõ nguồn gốc, bệnh nhân đột ngột xuất hiện các triệu chứng mệt mỏi, rét run, nổi mẩn đỏ toàn thân. Người đàn ông nhanh chóng được đưa đến bệnh viện và xử trí theo phác đồ cấp cứu sốc phản vệ.
Trước đó, Bệnh viện Bạch Mai (Hà Nội) cũng từng tiếp nhận một nữ bệnh nhân bị suy thận cấp do ngộ độc thảo dược. Bệnh nhân cho biết đã tìm hiểu trên mạng Internet và nghe người thân truyền miệng rằng cây me đất có tác dụng thanh nhiệt, giải độc, hỗ trợ điều trị sỏi thận và tiểu đường. Người phụ nữ đã tự ý nhổ cây trong vườn về sử dụng, dẫn đến ngộ độc nặng phải nhập viện cấp cứu.
Theo Tiến sĩ, bác sĩ Nguyễn Trung Nguyên, Giám đốc Trung tâm Chống độc, Bệnh viện Bạch Mai, ngay cả những loại cây cỏ được cho là có thể ăn uống bình thường cũng có nguy cơ gây ngộ độc nếu sử dụng sai cách hoặc quá liều.
Việc dùng cây cỏ làm thuốc, dù thường được coi là “lành tính”, vẫn tiềm ẩn nhiều rủi ro nếu không được kiểm soát, bởi khi đã gọi là thuốc thì cần tuân thủ các nguyên tắc về thăm khám, chỉ định và sử dụng. Vì vậy, người dân tuyệt đối không tự ý sử dụng các loại cây dại theo kinh nghiệm truyền miệng.
Khi xuất hiện các dấu hiệu bất thường sau ăn uống như đau bụng dữ dội, nôn nhiều, khó thở, nổi mẩn toàn thân, người dân cần đến ngay cơ sở y tế gần nhất để được cấp cứu và điều trị kịp thời."
