url,title,description,content
https://vietnamnet.vn/vung-dat-doc-dao-o-mien-tay-noi-7-dong-song-cung-hoi-tu-2458236.html,Không tìm thấy,,"Xem clip:
Ngã Bảy là một thành phố thuộc tỉnh Hậu Giang (cũ), ở phía Tây sông Hậu. Với diện tích hơn 78km2, đơn vị hành chính này được coi như trung tâm kinh tế ở phía Đông Bắc của tỉnh Hậu Giang (cũ).
Thành phố này có vị trí địa lý rất đặc biệt khi là nơi giao nhau của 7 dòng sông (Cái Côn, Quản Lộ Phụng Hiệp, Lái Hiếu, Mang Cá, Mương Lộ, Xẻo Dong và Xẻo Môn). 7 dòng sông này tạo thành một mạng lưới giao thông đường thuỷ quan trọng, giúp kết nối các tỉnh, thành ở vùng Đồng bằng sông Cửu Long.
Ngã Bảy nằm trên tuyến quốc lộ 1, giữa trung tâm thành phố Cần Thơ và thành phố Sóc Trăng (cũ) với khoảng cách đều nhau, khoảng 30km. Đây cũng là điểm đầu của tuyến đường Quản Lộ - Phụng Hiệp kết nối Cần Thơ và Cà Mau.
Chợ Ngã Bảy có mặt tiền cập sông và lộ, với hơn 200 hộ kinh doanh, bán đa dạng các mặt hàng, chủ yếu là nông sản và hàng hoá tổng hợp. Tại đây, du khách sẽ được trải nghiệm không chỉ mua sắm, tham quan các gian hàng, mà còn có cơ hội khám phá các món ăn đậm đà hương vị miền Tây Nam Bộ.
Hệ thống bờ kè, cầu tàu, các tàu mô hình được địa phương đầu tư tại điểm phục hồi chợ nổi - khởi đầu của các tour sông nước miệt vườn. Những công trình trên đưa vào sử dụng góp phần chỉnh trang đô thị, tạo điểm nhấn cảnh quan, phục vụ nhu cầu vui chơi, giải trí của người dân và du khách.
Chùa Già Lam Cổ Tự rộng hơn 2.300m2, nằm cạnh quốc lộ 1, đoạn qua thành phố Ngã Bảy được xây dựng từ năm 1940, mang đậm kiến trúc Ấn Độ. Tiếp quản từ gần 40 năm trước, Hoà thượng Thích Huệ Sanh (77 tuổi) là sư duy nhất trong chùa.
Nơi đây có gần 180 bức tượng, tuy nhiên, góp phần làm nên tên tuổi của chùa phải kể đến tượng ngựa Xích Thố cao khoảng 3m, dài hơn 2m. Kinh phí đúc tượng ngựa được một người phụ nữ cúng dường 1 triệu đồng vào năm 1963 (lúc bấy giờ trị giá khoảng 50 cây vàng).
Đến nay, hơn 60 năm, màu của tượng vẫn sáng đẹp dù chưa một lần sửa chữa, cũng không ai dám tự ý thay đổi vị trí tượng.
Du lịch miệt vườn tại Ngã Bảy phải kể đến vườn dâu Thiên An rộng 5ha, cặp sông Cái Côn. Ông Lê Minh Tâm (67 tuổi, chủ vườn) cho biết, mỗi tháng ông đón từ 500-1.000 lượt khách đến tham quan, thưởng thức trái cây.
Sau khi sáp nhập, thành phố Ngã Bảy trở thành 2 phường Đại Thành, Ngã Bảy của thành phố Cần Thơ."
https://vietnamnet.vn/cu-ong-90-tuoi-lai-xe-van-dua-vo-86-tuoi-rong-ruoi-khap-noi-suot-20-nam-2460698.html,Không tìm thấy,,"Ở tuổi 90, ông Wang Ruisen, cựu chiến binh ở thành phố Hohhot thuộc khu tự trị Nội Mông, vẫn lái chiếc xe van của mình bon bon trên mọi nẻo đường Trung Quốc. Bên cạnh ông luôn là người vợ 86 tuổi đã đồng hành suốt hơn nửa thế kỷ.
Họ bắt đầu hành trình này từ năm 2003, khi ông Wang mua chiếc xe đầu tiên để thực hiện giấc mơ du lịch xuyên Trung Hoa.
Mỗi năm, ông lái xe hơn 20.000km, chia thành 2 hoặc 3 chuyến, mỗi chuyến kéo dài hàng tháng. Cặp đôi từng đặt chân đến những vùng xa xôi ở Tân Cương, băng qua cao nguyên Tây Tạng và gần như đã thăm hết thắng cảnh nổi tiếng trong nước.
“Chúng tôi muốn trải nghiệm và tận mắt chứng kiến vẻ đẹp của quê hương đất nước mình”, ông Wang chia sẻ.
Bà Shang mỉm cười nói rằng chồng mình lái xe rất vững nên bà luôn thấy yên tâm khi ngồi cạnh.
Ông Wang từng là tài xế và thợ sửa máy trong quân đội từ năm 1951. Trong một lần làm nhiệm vụ, ông  bị bom nổ cách xe 20m, khiến thính lực bị ảnh hưởng.
Giờ đây, dù sức khỏe giảm sút, ông Wang vẫn duy trì thói quen lái xe. “Trước đây tôi có thể lái hơn 10 tiếng mỗi ngày, giờ chỉ còn được 6 hoặc 7 tiếng thôi,” ông nói. Nhưng ông luôn cẩn trọng tay lái, đi chậm mà chắc và tự tin vì không gặp tai nạn nào trong suốt 7 năm vừa qua.
Dù con cháu nhiều lần khuyên ông ngừng lái xe vì lo lắng cho sức khỏe, ông vẫn tiếp tục hành trình. “Chúng tôi từng khuyên ông dừng lái xe, nhưng ông yêu việc này lắm. Lái xe an toàn cũng là cách ông thấy mình còn sống, còn tự do”.
Tuổi già của ông bà Wang không lặng lẽ trôi qua từng ngày mà được viết tiếp trên từng dặm đường đầy nắng gió. Mỗi chuyến đi với họ, là một chương mới của hành trình hạnh phúc - giản dị mà bền bỉ, như chính cách họ nắm tay nhau suốt hơn nửa thế kỷ qua."
https://vietnamnet.vn/tau-ma-sheng-li-roi-con-dao-du-khach-tiec-nuoi-diem-check-in-gay-sot-mot-thoi-2460552.html,Không tìm thấy,,"Mới đây, ban quản lý cảng Bến Đầm, đặc khuCôn Đảo(TPHCM) cho biết, con tàu Sheng Li đã được di dời khỏi khu vực Bến Đầm, sau 2 năm trôi dạt và bị bỏ lại tại khu vực này.
Tàu Sheng Li từng là điểm check-in nổi tiếng của giới trẻ mỗi khi đến Côn Đảo.
Theo ban quản lý cảng Bến Đầm, đơn vị trúng đấu giá con tàu đã huy động phương tiện chuyên dụng để kéo thân tàu ra khỏi khu vực neo đậu tránh trú bão của Côn Đảo, di chuyển đến vùng neo đậu khác chờ xử lý.
Trước đó, con tàu này được bán đấu giá với mục đích thu hồi phế liệu, không được phép cải hoán hay sử dụng cho mục đích khác.
Hơn 2 năm trước, tàu Sheng Li trôi dạt tự do trên biển và được lực lượng chức năng kéo về neo đậu tại cảng Hải đội R33, Bộ Tư lệnh Vùng Cảnh sát biển 3 (đóng tại Côn Đảo). Đến tháng 8/2024, UBND tỉnh Bà Rịa - Vũng Tàu (cũ) đã phê duyệt kế hoạch di dời tàu đến khu tránh trú bão cách vị trí cũ khoảng 1,5km.
Vừa qua, một doanh nghiệp đề xuất với UBND TPHCM đánh chìm con tàu để tạo thành điểm lặn cao cấp, mang lại trải nghiệm du lịch độc đáo cho Côn Đảo, tuy nhiên ý tưởng này không được chấp thuận.
Sau nhiều năm bỏ hoang giữa biển, thân tàu Sheng Li bị xuống cấp, xuất hiện tình trạng hoen gỉ, bong tróc, song lại mang vẻ đẹp hoang sơ, ma mị.
Hình ảnh con tàu nghiêng mình trên làn nước tĩnh lặng từng “gây sốt” mạng xã hội, trở thành “tọa độ vàng” check-in của giới trẻ yêu thích chụp ảnh và quay vlog mỗi khi đến Côn Đảo.
Trước thông tin tàu Sheng Li rời Côn Đảo, nhiều du khách đã chia sẻ lại những bức ảnh kỷ niệm cùng dòng nhắn “tạm biệt Sheng Li”. Đó giống một cách lưu giữ hình ảnh biểu tượng gắn liền với thanh xuân và những chuyến đi của họ tại hòn đảo bình yên này.
Chị Hoàng Thị Bích Ngọc (35 tuổi, trú phường Tam Thắng, TPHCM) - du khách từng nhiều lần đến Côn Đảo, chia sẻ: “Tôi vẫn nhớ lần đầu nhìn thấy con tàu Sheng Li giữa khung cảnh biển trời xanh biếc, cảm giác rất đặc biệt. Con tàu cũ kỹ nhưng có gì đó rất lãng mạn. Lần này nghe tin con tàu bị kéo đi, tôi thấy tiếc nuối vì từ nay sẽ không còn được nhìn thấy hình ảnh quen thuộc ấy nữa”."
https://vietnamnet.vn/khach-tay-thu-9-quan-banh-mi-tphcm-trong-1-ngay-me-nhat-quan-cua-ba-cu-2459521.html,Không tìm thấy,,"Chris và Steph là hai du khách đến từ Canada, đang trong hành trình du lịch khắp thế giới. Họ sở hữu kênh YouTube hơn 255.000 người theo dõi, ghi lại trải nghiệm ẩm thực độc đáo tại các quốc gia.
Gần đây, cặp đôi chia sẻ hàng loạt video thưởng thức đặc sản tại TPHCM như bò né, cơm tấm, phở bò… Đặc biệt, họ dành riêng 1 ngày trải nghiệm 9 quán bánh mì, với giá từ 15.000-75.000 đồng/chiếc.
Chiếc bánh rẻ nhất ""tour bánh mì""
Cặp đôi bắt đầu hành trình bằng món bánh mì trứng của ""bánh mì Bà Cụ"" tại Mạc Đĩnh Chi. Đây chỉ là quầy bánh mì nằm trên vỉa hè của một chủ quán cao tuổi. Chiếc bánh mì được phết lớp pate, bơ, thêm dưa chuột, củ cải - cà rốt muối chua, rau thơm, nước tương và 2 quả trứng chiên nóng hổi.
Khi thưởng thức, nam du khách liên tục gật gù vì hương vị béo ngậy của trứng, pate, kết hợp vỏ bánh giòn. Anh cho hay, chiếc bánh chỉ 15.000 đồng nhưng khá to, vẫn đủ no để bắt đầu ngày mới.
Bánh mì nhân lạ, chưa từng thử
Trong hành trình, 2 du khách thử nhiều kiểu bánh mì khác nhau, như bánh mì chảo, bánh mì thịt nướng, bánh mì thịt quay kiểu Thổ Nhĩ Kỳ, bánh mì phá lấu, hamberger kẹp thịt gà chiên giòn...
Một món họ chưa từng thưởng thức, có thể kể tới là bánh mì phá lấu với phần nhân ngập lòng, tim, tai, mũi lợn hầm đậm đà gia vị. Chủ quán rưới nước hầm sền sệt, thơm mùi dừa, hồi lên nhân bánh.
Chris giới thiệu, đây là món bánh mì đặc biệt ở TPHCM. ""Nước sốt béo ngậy, đậm đà. Nội tạng hoàn toàn không có mùi hôi. Giá chiếc bánh mì là 25.000 đồng"", nam du khách cho biết.
Cũng là bánh mì nhân thịt nhưng Bánh mì 37 ở Nguyễn Trãi lại dùng thịt viên nướng than, nướng tới đâu sẽ kẹp vào bánh mì tới đó. Hương vị này khiến 2 vị khách Canada bất ngờ.
Bánh mì 37 là một xe bánh mì nhỏ, từng được ca ngợi trên tạp chíCondé Nast Travelercủa Mỹ. Thịt viên nướng được chế biến từ thịt lợn băm nhuyễn, trộn gia vị rồi ướp với một loại sốt theo công thức riêng của chủ quán.
Ngoài thịt viên, nhân bánh sẽ có cả rau củ chua, chan thêm nước sốt nâu sánh mặn ngọt và nước mắm ớt, nhờ thế mà vị thịt càng được nâng lên thật hấp dẫn và dậy mùi thơm.
Nhìn miếng thịt nướng, Steph liền muốn thử ngay. ""Miếng thịt mọng nước, mềm, có vị ngọt dễ chịu. Rau mùi và dưa chuột làm món ăn thêm tươi mới. Phần nước sốt màu nâu đậm thật ngon, khiến bánh mì có hương vị hoàn hảo"", nữ du khách nhận xét.
Chiếc bánh ""khổng lồ""
Bánh mì Huynh Hoa (hay còn gọi bánh mì Huỳnh Hoa), ở Phạm Ngũ Lão, được xem là tiệm bánh mì nổi tiếng nhất nhì TPHCM, từng nhiều lần được gợi ý là điểm đến không thể bỏ qua trên truyền thông quốc tế.
Đây cũng là tiệm bánh vướng nhiều lùm xùm liên quan tới mức giá đắt đỏ, chia tách thương hiệu và từng trở thành chủ đề bàn tán xôn xao trên mạng xã hội. Tuy nhiên, giữa những lùm xùm gây tranh cãi, bánh mì Huynh Hoa vẫn luôn đông kín thực khách.
Chris và Steph rất háo hức tới thưởng thức vì nghe nói đây là chiếc bánh mì khổng lồ.
Bánh mì được làm nóng giòn trong lò trước khi thêm phần nhân đa dạng: pate, ruốc, chả, jambon, xá xíu thịt heo... Bên trong bánh có tổng cộng 13 loại nhân khác nhau.
""Nhìn chiếc bánh mì thật 'đã' khi phần nhân đầy ú ụ. Đây đúng là chiếc bánh mì khổng lồ"", cặp đôi nhận xét.
Ngay miếng đầu tiên, họ đã ấn tượng với pate béo ngậy. Các nguyên liệu khác cũng kết hợp hoàn hảo. Từ lâu, quán bánh mì này đã được khen ngợi với phần pate béo ngậy, thơm ngon, bề mặt mảng pate bóng, đỏ hồng.
""Đây là một chiếc bánh mì lớn nhất tôi từng thấy và thưởng thức, nó to bằng 3-4 chiếc bánh mì thông thường"", cặp đôi nói và cho biết, giá chiếc bánh họ thưởng thức là 73.000 đồng.
Cặp đôi cũng thử một quán bánh mì ""khổng lồ"", với thành phần nhân đầy ắp là bánh mì bà Huynh. Ảnh: Hungry Two Travel
Trong 1 ngày, cặp đôi đã thưởng thức 9 quán bánh mì khác nhau ở TPHCM. Cả hai nhận xét, họ ấn tượng nhất với bánh mì trứng Bà Cụ, dù nó rẻ và đơn giản. Loại bánh mì thứ 2 khiến họ yêu thích là bánh mì Huynh Hoa.
""Chúng tôi hy vọng hành trình trải nghiệm bánh mì này có thể giúp mọi người thấy được sự đa dạng, sáng tạo của bánh mì nói riêng và ẩm thực Việt Nam nói chung"", Chris và Steph chia sẻ."
https://vietnamnet.vn/canh-tuong-chua-tung-thay-o-lo-lo-chai-hut-du-khach-ghe-tham-2459702.html,Không tìm thấy,,"Theo anh Sình Dỉ Gai, trưởng thôn Lô Lô Chải, thông thường, hoa đào nở vào dịp tết Nguyên đán (khoảng cuối tháng 1 - tháng 3 dương lịch). Thế nhưng, năm nay, từ cuối tháng 10, những cánh đào đã bắt đầu khoe sắc, tạo nên ""cảnh chưa từng thấy"" ở làng. Ngay cả người dân nơi đây cũng bất ngờ.
Đào, mận và lê thường được người dân Lô Lô Chải trồng xen kẽ trong vườn nhà, hai bên đường đi. Ban đầu, người dân trồng hoa không phải vì mục đích phục vụ khách du lịch. Nhưng sau này, du lịch phát triển, bà con trồng nhiều, đa dạng hơn.
Thời điểm này, hoa đào chưa nở đồng loạt, rực rỡ như dịp đầu xuân nhưng cũng mang tới sự mới lạ cho du khách, phảng phất không khí Tết sớm.
Nữ du khách Đinh Huyền Trang (tên thường gọi Trang Tròn, nhiếp ảnh gia tại Hà Nội) vừa có hành trình 5 ngày khám phá Tuyên Quang. Trang háo hức trở lại Lô Lô Chải và dành 2 ngày 1 đêm tận hưởng vẻ đẹp yên tĩnh, ngắm kiến trúc các ngôi nhà trình tường độc đáo tại đây.
Cô cũng muốn khám phá xem điều gì khiến Lô Lô Chải được Tổ chức Du lịch Liên Hợp Quốc công nhận là ""Làng du lịch tốt nhất thế giới 2025"".
""3 năm trước, mình cũng tới Lô Lô Chải vào tháng 10. Lần quay lại này, mình rất bất ngờ vì thấy hoa đào hé nở khắp làng. Mình cứ ngỡ phải tới đây vào mùa xuân mới được chiêm ngưỡng cảnh tượng nên thơ này"", Trang chia sẻ.
Cô gái tranh thủ ngắm nhìn và thong dong đi bộ khắp ngôi làng, ngắm hoa đào, tận hưởng không khí bình yên. ""So với 3 năm trước, ngôi làng phát triển hơn rất nhiều, đầy đủ dịch vụ. Điểm không thay đổi là người dân vẫn hiền lành, chu đáo và hiếu khách"", nữ du khách bày tỏ.
Anh Nguyễn Văn Tiệp - người làm dịch vụ du lịch tại Tuyên Quang từ năm 2015 đến nay, cho biết thông tin Lô Lô Chải được công nhận Làng Du lịch tốt nhất thế giới và hoa đào nở sớm đang khiến du khách quan tâm và đặt tour nhiều hơn. Trước đây, làng thường chỉ đông vào cuối tuần nhưng nay, khách đến tấp nập cả ngày trong tuần.
Đồng thời, đây cũng là thời điểm tam giác mạch bắt đầu khoe sắc rực rỡ ở Lũng Cú và nhiều địa điểm khác tại Hà Giang cũ. Du khách có thể kết hợp lịch trình tham quan.
Làng Lô Lô Chải nằm dưới chân cột cờ Lũng Cú - điểm cực Bắc của Tổ quốc. Toàn thôn có hơn 120 hộ dân, chủ yếu là người Lô Lô, trong đó 56 hộ mở dịch vụ homestay. Nhà ở Lô Lô Chải đều là nhà trình tường, có tuổi đời từ vài chục đến hơn 200 năm.
Đến Lô Lô Chải, du khách sẽ được đắm mình trong không gian yên bình, hòa mình vào nhịp sống của người dân tộc Lô Lô. Họ có thể tham gia vào các hoạt động như dệt lanh, trồng ngô, nấu rượu truyền thống, thưởng thức các món ăn đặc sản như thắng cố, thịt trâu gác bếp, cơm lam, rượu ngô.
Ngoài ra, du khách còn có thể tham quan cột cờ Lũng Cú, điểm cực Bắc của Tổ quốc và chiêm ngưỡng toàn cảnh thiên nhiên hùng vĩ của vùng cao nguyên đá."
https://vietnamnet.vn/quan-che-gan-50-nam-dong-khach-o-ha-noi-giu-ky-uc-nhieu-the-he-2449186.html,Không tìm thấy,,"Trong quầy hàng inox sáng bóng, bày biện gần 20 khay nguyên liệu như đỗ đen, đậu xanh nhuyễn, trân châu, hạt sen, xôi vò, thạch đen…, ông Phạm Xuân Thanh (SN 1950) - chủ quán chè Mười Sáu trên phố Lò Đúc, Hà Nội - thoăn thoắt múc chè phục vụ khách.
Hơn 30 khách vào cùng lúc, gọi chục loại chè khác nhau nhưng chủ quán U80 vẫn nhớ vanh vách, vừa làm vừa nhắc nhở nhân viên nhanh tay lấy thêm đá, khăn giấy, xếp ghế phục vụ khách.
""Tôi đã phụ bố mẹ vợ làm hàng chè rồi cùng vợ trực tiếp nấu chè, bán hàng, tới nay cũng gần 50 năm. Mọi công việc đều trở nên quen thuộc, nhìn vỏ đỗ, màu sắc là biết loại nào dễ nhừ, loại nào phải ninh lâu”, ông Thanh chia sẻ.
Quán khởi nguồn từ cụ Nguyễn Thị Nghĩa Lộc (mẹ vợ ông Thanh), một người phụ nữ Hà Nội nấu nướng rất giỏi. Từ những năm 60, cụ đã nấu chè đỗ đen, chè sen, gánh đi bán rong khắp phố cổ và chợ Hôm. Tới năm 1978, cụ Lộc cùng các con mở hàng chè tại nhà ở 16 Ngô Thì Nhậm.
“Trước đây, người ta quen gọi là chè bà Lộc hay chè chợ Hôm, chứ chưa có tên cố định. Khi mở quán, gia đình tôi thống nhất đặt tên ‘Chè Mười Sáu’, vừa gợi nhớ địa chỉ số 16 Ngô Thì Nhậm, vừa mang ý nghĩa tượng trưng cho tuổi 16, độ tuổi mà hầu như ai cũng thích ăn chè.
Thậm chí, có thời gian tôi còn giữ đúng 16 món chè trong thực đơn để phù hợp với cái tên ấy"", ông Thanh kể.
Từ những năm 1995 trở đi, quán chè ngày càng đông. Thực khách thậm chí ngồi kín vỉa hè trước cửa, xếp hàng mua về. Chè đỗ đen, sen dừa, đậu xanh, xôi chè - những hương vị truyền thống vẫn đắt khách qua bao năm, dẫu cho nhiều hàng chè mới mọc lên khắp phố cổ.
Hơn 1 năm trước, vợ chồng ông Thanh mở một cơ sở mới ở Lò Đúc còn gia đình em gái vợ thì tiếp tục vận hành cơ sở ở Ngô Thì Nhậm.
Làm theo đúng lời cụ Lộc dạy, các con đều giữ món chè truyền thống của Hà Nội, không chạy theo những món ăn mới, xu hướng trên thị trường. ""Mẹ tôi cũng căn dặn con cái, bán hàng thì phải có lãi nhưng không vì lợi nhuận, sự tham lam mà hạ thấp chất lượng"", ông Thanh bộc bạch.
Hiện vợ chồng ông Thanh phục vụ 18 món chè và bánh truyền thống, trong đó có 3 loại chè (chè đỗ đen nóng, bánh trôi tàu, chè con ong) chỉ có trong mùa đông và xôi vò gấc chỉ bán ngày mùng 1 và 15 âm lịch hằng tháng.
5h mỗi ngày, ông bà cùng 4 nhân viên bắt đầu nấu chè, xôi, bánh. Ông Thanh là người trực tiếp kiểm tra nguyên liệu khi các mối buôn quen thuộc gửi hàng tới.
""Đậu đen phải chọn hạt tròn, mẩy, không vỡ, lòng xanh; đỗ xanh thì lòng vàng. Gạo nấu xôi phải là gạo nếp cái hoa vàng, trồng ở các vùng ven sông Hồng, mùi thơm nức. Với hạt sen, tôi chọn hạt già, được tách vỏ, bỏ tâm kỹ lưỡng. Những tháng cuối hè, chúng tôi dùng hạt sen tươi, còn trong năm thì dùng hạt sen khô"", ông Thanh nói.
Theo ông Thanh, so với trước đây, việc nấu chè ngày nay đỡ vất vả hơn nhiều. Hồi mới mở quán, cả gia đình phải tự ngâm đỗ, vò, đãi bỏ hạt lép, hạt sâu rồi nấu bằng bếp than trong nhiều giờ. Bây giờ ông bà dùng bếp điện nên tiện lợi hơn nhiều. Các nguyên liệu cũng được mối hàng sơ chế sẵn.
“Ngoài nguyên liệu ngon, muốn chè chuẩn vị còn phải có kỹ thuật canh lửa, sao cho hạt đỗ cắn vào mềm nhừ, bở thơm mà không bị vỡ nát. Mỗi mẻ đỗ có thời gian ninh khác nhau, thời gian vào đường khác nhau, đòi hỏi kinh nghiệm. Hạt sen cũng vậy”, ông Thanh nói.
Nếu đỗ đen là món cần ninh lâu nhất thì trân châu lại là món chế biến kỳ công nhất, từ khâu pha, nhào bột, cắt dừa đến nặn từng viên tròn đều tăm tắp rồi luộc chín.
""Ngày xưa vợ tôi nặn trân châu rất khéo. Sau này vợ tôi yếu thì dạy cho nhân viên nhưng vẫn kiểm tra chất lượng"", ông cho hay.
Món chế biến khó nhất nhưng cũng là đặc sản của quán là xôi vò gấc. Ngày mùng 1 hay ngày rằm, người dân Hà Nội thường tới từ 6h sáng để mua xôi về cúng lễ.
Xôi vò gấc được làm từ gạo nếp cái hoa vàng, đậu xanh và gấc. Theo ông Thanh, muốn xôi ngon phải căn chuẩn hơi nóng trong nồi. Để hạt xôi bóng bẩy, quán không dùng mỡ lợn mà dùng dầu thực vật để khách tiện thắp hương.
Cơ sở mới của vợ chồng ông Thanh khang trang, rộng rãi hơn nhưng mức giá thì gần như không đổi, chỉ từ 15.000 đến 30.000 đồng/cốc.
Chị Nga đã ăn chè ở thương hiệu này gần 20 năm, từ cơ sở Ngô Thì Nhậm qua Lò Đúc. Chị và đồng nghiệp thường xuyên đặt chè về cơ quan thưởng thức trong các buổi liên hoan vì đồ ăn ngon, sạch sẽ, giá rẻ.
""Ở đây chỉ có các món chè truyền thống nhưng ăn bao năm tôi vẫn không chán, nhất là đỗ đen, đỗ xanh, bánh trôi và xôi vò. Hương vị này tưởng phổ biến nhưng không dễ tìm ở các quán chè mới mở sau này"", chị nói.
"
https://vietnamnet.vn/chu-quan-banh-tom-ha-noi-noi-khach-lay-1-000-dong-tien-thua-la-khong-thoang-2459433.html,Không tìm thấy,,"Đoạn video gây tranh cãi dữ dội trên mạng xã hội
Theo tìm hiểu, video ngắn này ban đầu được đăng trên kênh TikTok ""Bánh tôm Bà Lộc"" (cơ sở Phạm Ngọc Thạch, Hà Nội) có gần 65.000 người theo dõi vào tối ngày 3/11. Đây là kênh mà chủ quán thường xuyên đăng tải các video chia sẻ bí quyết làm món ăn, đánh giá của khách hàng về cửa hàng...
Trong video, chủ quán chia sẻ: ""Các bạn đi ăn, nếu đơn hàng của các bạn là 99.000 đồng mà các bạn trả quán 100.000 đồng, thì thôi, cho luôn quán 1.000 đồng đi, đừng đứng lấy lại 1.000 đồng làm gì.
Nói chung, tiền của các bạn, các bạn lấy là đúng thôi, nhưng nhiều khi có tình huống: hai bạn gồm 1 nam, 1 nữ đi ăn với nhau, dư có 1.000 đồng mà đứng lấy lại cho bằng được. Trong miền Nam là người ta cho thêm cơ. Đằng này ở mình thì 1.000 cũng phải lấy lại. Trời ơi, đừng nhá!"".
Nữ chủ quán nói thêm: ""Mình bảo các bạn này, nếu như các bạn đến quán của mình, các bạn ăn hết 99.000 đồng mà đưa 100.000 đồng thì các bạn cho luôn mình 1.000 đồng đi. Bởi vì đi cạnh bạn gái phải rất sởi lởi, đi cạnh bạn gái lấy lại 1.000 là 'không thoáng'"".
Ngay sau khi đăng tải, đoạn video nhận về rất nhiều ý kiến không đồng tình của người xem. Đa số cho rằng, 1.000 đồng cũng là tiền của khách, việc khách có lấy lại hay không, chủ quán không có quyền đánh giá. Nhiều người còn bức xúc cho rằng, chủ quán so sánh giữa người miền Nam và miền Bắc là có sự phân biệt vùng miền.
Sau khi bị chỉ trích dữ dội, phía quán đã gỡ video, tắt tính năng bình luận. Tuy nhiên, trên các bài đăng khác hay trên fanpage, rất nhiều người dùng mạng vào bình luận chỉ trích hoặc thả biểu tượng phẫn nộ.
Chủ quán đăng video xin lỗi trong đêm
Ngày 4/11, PV báoVietNamNetđã liên hệ với chủ quán bánh tôm trên nhưng không nhận được phản hồi chính thức.
Đêm 4/11, bà Đỗ Thị Thủy - chủ cơ sở bất ngờ đăng video và bài viết xin lỗi khách hàng vì phát ngôn liên quan 1.000 đồng tiền thừa.
""Thật sự bản thân Thuỷ cũng không ngờ những phát ngôn thiếu kiểm soát đã dẫn đến hệ luỵ nghiêm trọng như thế này. Sự lan truyền nhanh chóng của video và nhiều phản hồi tiêu cực từ mọi người như một hồi chuông cảnh tỉnh để mình nhận ra sai lầm"", chủ quán chia sẻ.
Theo bà Thủy, bản thân không hề có ý định sử dụng ""nội dung bẩn"" để ""câu view"" hay mục đích xấu nhằm công kích, bôi nhọ, làm ảnh hưởng tiêu cực đến bất kì cá nhân, tổ chức, vùng miền nào cả.
Chủ quán cho biết bản thân rơi vào khủng hoảng khi đối mặt với quá nhiều bình luận tiêu cực. Bà mong muốn được mọi người cảm thông và cho cơ hội sửa sai.
Bà Thủy cho hay, từ nay sẽ cẩn trọng hơn trong phát ngôn, tiếp thu góp ý từ khách hàng. ""Sau video này, mình sẽ mở lại bình luận của tất cả các kênh để nhận sự chỉ bảo của mọi người"", chủ quán viết.
Bà Thủy cũng thừa nhận, đây là lỗi sai của cá nhân bà, không liên quan tới các cơ sở bánh tôm trong hệ thống."
https://vietnamnet.vn/me-dac-san-banh-cay-hung-yen-khach-dat-ship-100km-ve-bay-co-lam-qua-2459179.html,Không tìm thấy,,"Bánh cáy là đặc sản có nguồn gốc từ làng Nguyễn, thuộc xã Đông Hưng, tỉnh Hưng Yên (xã Nguyên Xá, huyện Đông Hưng, tỉnh Thái Bình cũ).
Ngày nay, món bánh này được biết đến rộng rãi hơn, xuất hiện phổ biến tại nhiều địa phương trên địa bàn tỉnh.
Theo người dân địa phương, sở dĩ có tên gọi như vậy là bởi món bánh này thoạt nhìn khá giống trứng con cáy. Song, cũng có người nói, thuở xưa, bánh cáy được đem tiến vua. Vua ăn thấy có vị bùi, ngọt hòa cùng vị cay nên hỏi tên bánh.
Viên quan dâng bánh nói rằng đây là bánh cay, nhưng sau này, người dân đọc chệch thành bánh cáy.
Chị Nguyễn Hằng – chủ một cơ sở làm bánh cáy ở xã Đông Hưng cho biết, món đặc sản này được làm từ những nguyên liệu dân dã như gạo nếp cái hoa vàng, gấc, quả hoặc lá dành dành, mỡ lợn, lạc, vừng, gừng, dừa…
Tất cả sẽ được trộn cùng nước đường mạch nha (hoặc mật mía) sánh quyện rồi đổ khuôn, chờ khô thì cắt thành các miếng nhỏ và đóng gói.
Theo chị, tuy làm từ những nguyên liệu quen thuộc nhưng món bánh cáy đòi hỏi quá trình chế biến kỳ công.
Cụ thể, mỡ lợn sẽ được làm chín, ướp đường trước khi làm bánh, sau đó đem thái hạt lựu rồi xào cho đến khi mỡ săn lại, trong và giòn.
Lạc và vừng cũng được rang chín và xát nhẹ để loại bỏ vỏ. Còn gừng và vỏ quýt tươi được sơ chế sạch, để ráo rồi xào với nước đường. Có nơi, người ta xào vỏ quýt với nước đường và nước gừng ép.
Gạo nếp cái hoa vàng được chia thành 3 phần: 2 phần để nấu xôi và 1 phần được rang thành bỏng (còn gọi hoa nẻ, hạt nổ).
Trong đó, phần gạo nấu xôi cũng được chia làm hai. Một nửa đem nấu với thịt gấc để tạo màu đỏ, nửa còn lại nấu với nước từ quả hoặc hoa dành dành để tạo màu vàng.
Khi xôi được đồ chín, người ta đem nghiền nhuyễn rồi dàn mỏng, để nguội vài ngày rồi cắt thành từng lát nhỏ, dài giống mứt bí rồi sấy/phơi khô (người địa phương gọi là con cáy). Con cáy sau đó được đem chiên cho phồng và giòn xốp.
Tiếp đến, trộn đều các nguyên liệu đã sơ chế với nước đường mạch nha nóng, sau đó đổ hỗn hợp ra một cái khuôn gỗ hình chữ nhật đã được rải sẵn lớp vừng rang phía dưới, rồi dàn đều bánh, ép chặt. Sau đó rắc một lớp vừng và dừa bào sợi lên mặt trên.
Chờ khi bánh cứng lại, người ta sẽ lấy bánh ra khỏi khuôn và cắt thành các khoanh hoặc miếng có kích cỡ đều nhau.
“Tùy từng nơi và sở thích từng nhà, bánh cáy trộn xong có thể đổ khuôn hoặc nắm thành từng miếng ngay lúc còn nóng.
Nếu làm đúng quy trình truyền thống, bánh cáy không cần phải sấy khô hay phơi nắng mà vẫn có thể bảo quản trong nhiều tháng”, chị Hằng nói.
Tùy từng nhà, bánh cáy có thể được thêm hoặc bớt chút nguyên liệu, tạo nét đặc trưng riêng song vẫn đảm bảo đủ các nguyên liệu chính và giữ được hương vị truyền thống.
Cũng theo chủ cơ sở này, bánh cáy đạt chất lượng phải đảm bảo độ ngọt vừa phải, thơm mùi lạc, vừng rang, ngậy vị béo của mỡ, xôi, hòa quyện vị cay nhẹ của gừng…
Không chỉ là món “ăn chơi”, nhâm nhi cùng nước chè xanh của người lớn tuổi hay thức quà quê cho đám trẻ con, bánh cáy còn xuất hiện trong mâm cỗ dịp lễ Tết, giỗ chạp và cưới hỏi ở địa phương.
Nhiều gia đình còn dùng bánh cáy làm quà biếu tặng hay dâng lên ban thờ, tỏ lòng thành kính với ông bà đã khuất, tổ tiên.
Chị Mai Chi (Hà Nội) từ nhỏ đã được thưởng thức món bánh cáy dân dã ở quê nhà. Trong tâm trí của chị, đây là món ăn có mùi thơm, vị cay nhẹ và ngọt dịu.
Khi sống xa quê, chị vẫn thường đặt ship bánh cáy hơn 100km từ quê nhà lên Thủ đô, vừa ăn, vừa làm quà cho bạn bè, đối tác, đồng nghiệp.
“Thỉnh thoảng nhà có cỗ, mình vẫn mua bánh cáy về, bày lên mâm như một món tráng miệng để đãi khách, lan tỏa món đặc sản dân dã của quê hương.
Bánh cáy ăn dẻo, thơm, xen lẫn chút xôm xốp của bỏng gạo, tạo cảm giác lạ miệng cho những ai thưởng thức lần đầu”, chị Chi bày tỏ."
https://vietnamnet.vn/su-that-ve-quan-pho-anh-hai-o-so-10-dan-phuong-dang-gay-sot-mang-xa-hoi-2459138.html,Không tìm thấy,,"""Phở anh Hai"" vì sao gây sốt?
Hình ảnh về quán ""Phở anh Hai"" đang xuất hiện dày đặc trên mạng xã hội, khiến nhiều người tò mò.
Tuy nhiên, trên thực tế, không có quán phở nào mang tên ""Phở anh Hai"" tại địa chỉ số 10 Đan Phượng. Đây vốn là hình ảnh xuất hiện trong Brother Hai’s Pho Restaurant - một tựa game Việt lấy bối cảnh làng quê Bắc Bộ, cho phép người chơi hóa thân thành ""anh Hai"" - một chủ quán phở ở Đan Phượng, Hà Nội (địa danh trước sáp nhập). Người chơi sẽ trải nghiệm nấu phở, phục vụ và mở rộng quán phở.
Trên một fanpage, ứng dụng xe công nghệ cho biết, xuất hiện lượng lớn tìm kiếm quán phở và địa chỉ ở Đan Phượng nói trên sau sự ra mắt của trò chơi. Dù thực tế, đây là sản phẩm hư cấu.
Thậm chí, ngày 3/11, địa điểm ""Phở anh Hai"" đã được tạo trên Google Maps. Đến đêm cùng ngày, quán ăn hư cấu này đã nhận được hơn 500 lượt đánh giá, đạt mức điểm trung bình 4,7 sao.
Đến sáng 4/11, địa điểm trên không còn xuất hiện ở khu vực Đan Phượng, Hà Nội nhưng nhiều quán phở hư cấu mang tên ""anh Hai"" khác lại được thêm vào.
Bên trong quán ""phở anh Hai"" có gì?
Tựa game này xây dựng hình ảnh quán phở rất gần gũi với đời thật.
Bên trong quán phở được thiết kế với nền gạch bông, tường sơn xanh lá mạ, bàn ghế nhựa, quầy hàng inox có tấm chắn bằng kính trong suốt. Trong quán còn có bình trà đá miễn phí, khay đựng cốc nhựa đủ màu xanh - đỏ - vàng, quạt cây, những lọ đũa, ớt tươi thân thuộc...
Người dùng mạng để lại nhiều bình luận: ""Nhìn hình ảnh này, ai cũng dễ dàng hình dung tới các hàng phở Hà Nội""; ""Tôi còn tưởng họ vẽ quán phở cạnh nhà mình""...
Menu quán bao gồm phở tái, phở chín, phở bò viên, phở không hành và món ""phở không người lái"", đồng giá 15.000 đồng/bát. Các món phụ gồm cơm nguội 5.000 đồng/đĩa, quẩy 1.000 đồng/cái.
Bên ngoài quán là bức tường dán đầy tờ rơi khoan cắt bê tông, quảng cáo, khẩu hiệu phòng chống ma túy và cả những dòng chữ viết nguệch ngoạc - hình ảnh rất quen thuộc ở đường phố Việt Nam.
Khách tới quán là người dân quanh làng mặc áo ba lỗ, đội mũ cối, các anh xe ôm công nghệ...
Điểm thú vị, trong quán còn có một chú chó tên Cậu Vàng. Chủ quán phải luôn trông chừng chú chó cưng nếu không sẽ bị ""vợt mất"".
Quán Hà Nội gây sốt vì có chú chó giống ""cậu Vàng"" của ""anh Hai""
Quán nướng nhỏ trong ngõ Thịnh Quang (phường Đống Đa, Hà Nội) bất ngờ thu hút thực khách khi nhiều người phát hiện chú chó của quán có ngoại hình rất giống ""cậu Vàng"" của ""anh Hai"".
Chủ quán cho biết, chú chó này tên Tam, 4 năm tuổi, nặng khoảng 22-23 kg, thuộc giống bull terrier (chó sục bò). Chú chó được khen rất hiền lành. Thực khách tới ăn thường quý mến vuốt ve và thưởng thịt nướng cho Tam.
Được biết, trước đây, quán đã có lượng khách ổn định, nhất là vào mùa thu đông. Hai ngày nay, lượng khách tới đông hơn để tận mắt thấy chú chó Tam. Chủ quán cũng e ngại, quán ăn nhỏ mà khách tới đông, dễ gây quá tải.
Tổng hợp"
https://vietnamnet.vn/khach-trung-an-bun-cha-o-5-quan-michelin-goi-y-me-nhat-suat-chi-40-000-dong-2458742.html,Không tìm thấy,,"Thiên Huệ, một nữ du khách đến từ Đài Loan (Trung Quốc) đã chia sẻ nhiều video trải nghiệm ẩm thực ở phố cổ Hà Nội.
Cách đây không lâu, nữ du khách đã tìm tới 5 hàng quán Hà Nội được Michelin khen ngợi, trong đó có 4 quán bún chả và 1 quán bánh cuốn (có bán cả bún chả), gồm: bún chả chan (phố Mai Hắc Đế), bánh cuốn Bà Hoành (phố Tô Hiến Thành), Tuyết bún chả 34 (Hàng Than), bún chả Ta (phố Nguyễn Hữu Huân) và Bún chả Đắc Kim (Hàng Mành).
Điểm chung của 5 quán ăn này là đều có món thịt nướng và nước mắm hấp dẫn. Tuy nhiên, hương vị của mỗi nơi lại có đặc trưng riêng.
""Bún chả là món nhất định phải thử khi tới Hà Nội"", nữ du khách Trung Quốc khẳng định.
Điểm dừng chân đầu tiên của cô là quán bún chả chan - lọt vào danh sách Bib Gourmand (quán ăn ngon, giá hợp lý) trong cẩm nang ẩm thực Michelin Guide. Quán phục vụ bún chả chan và bún chả truyền thống. Nữ du khách chọn thưởng thức bún chả truyền thống.
Ngay khi món ăn được mang ra, cô bất ngờ với suất bún 40.000 đồng có phần thịt nướng đầy đặn: thịt ba chỉ sém cạnh lẫn chả miếng và rau ăn kèm. Nước mắm nóng hổi, đậm vị và thoang thoảng mùi khói khiến nữ du khách thích thú.
""Món nướng ở đây có mùi khói đặc biệt, nước mắm bốc hơi nóng hổi, cực kỳ ngon. Tôi đã phải nhấp một ngụm nước mắm dù nó vốn chỉ dùng để chấm"", nữ du khách nhận xét.
Thưởng thức món ăn, Thiên Huệ khẳng định bún chả ở đây tuyệt vời đến mức cô muốn quay lại lần nữa. Nữ du khách ngạc nhiên khi quán ngon vậy mà lại có ít đánh giá trên mạng xã hội.
Quán không có tên riêng, mà chỉ có tấm biển ghi ""bún chả chan"" - món chính của quán. Khác với bún chả thông thường, bún chả chan kết hợp cùng nước ninh xương nóng hổi.
Mỗi bát sẽ có bún, chả miếng, chả băm, chả cuốn lá xương sông, rau cải, chan đẫm nước dùng. Phần nước dùng có vị ngọt thanh, thơm thơm của hành, mùi, kết hợp cùng vị ngăm ngăm của rau cải, đậm đà của miếng chả sém cạnh.
Đây được xem là ""phiên bản lạ"" của bún chả Hà Nội, là món ăn ưa thích của một bộ phận thực khách, nhất là vào thời điểm se lạnh.
Quán sử dụng than để nướng, nên miếng thịt khi sém cạnh tỏa mùi thơm hấp dẫn. Miếng chả băm ở quán được làm thành tảng to, khoảng 200g, đủ chia 3-4 suất, chứ không phải nặn thành viên nho nhỏ như những quán khác. Thịt sau khi nướng sẽ thơm và giữ được độ mềm, ngọt.
Sau quán đầu tiên, nữ du khách tiếp tục ghé quán bánh cuốn Bà Hoành. Dù nổi tiếng với bánh cuốn, quán cũng phục vụ thêm bún chả nên Thiên Huệ quyết định thử cả hai. Suất bún chả nhỏ với giá 50.000 đồng. Cô gật gù khen món chả lá lốt thơm lừng của quán. Nước mắm cũng được nữ du khách đánh giá vừa miệng.
Rời quán bánh cuốn Bà Hoành, cô ghé quán Tuyết Bún chả 34, nơi phần thịt ba chỉ được nướng cháy cạnh, béo ngậy và thơm mùi than. Tiếp đó là bún Chả Tạ gần hồ Hoàn Kiếm, quán có không gian sạch sẽ. Nữ du khách gọi một suất đầy đủ có giá 120.000 đồng. Cô dành lời khen cho những miếng thịt nướng dày, tẩm ướp kỹ và nem rán giòn rụm.
Nữ YouTuber cho biết, trong 4 quán đã thưởng thức, cô ấn tượng nhất với hương vị đậm đà, nóng hổi của quánbún chả chan.
Điểm dừng chân cuối cùng trong hành trình là bún chả Đắc Kim. Cô cho biết con phố nơi quán tọa lạc đông đúc, có nhiều cửa hàng tương tự, nhưng Đắc Kim vẫn thu hút đông khách nhất.
Cô ấn tượng nhất với phần thịt nướng có cả bì, khi cắn vào có độ giòn và vị beo béo đặc trưng. Nước mắm của quán cũng được cô khen ngợi vì vị hài hòa, không quá mặn hay ngọt, nhưng lại dậy mùi khói thơm lừng.
Bên cạnh đó, món nem chay ăn kèm khiến nữ YouTuber bất ngờ. Cô nhận xét: ""Nem chay ở đây rất ngon, vỏ ngoài giòn rụm, không bị nhiều dầu, bên trong có vị nấm thơm tự nhiên"".
Sau khi thử 5 món bún chả được Michelin gợi ý, nữ du khách tổng kết rằng bún chả ngon nhất khi thịt được nướng trên than, có mùi khói đặc trưng kết hợp nước chấm vừa miệng. Với cô, quán bún chả chan và bún chả Đắc Kim là hai nơi ""đáng thử nhất"" trong chuyến đi lần này."
https://vietnamnet.vn/me-man-giua-bien-may-tren-noc-nha-quang-tri-2454902.html,Không tìm thấy,,"Pa Thiên và Voi Mẹp là 2 ngọn núi nằm gần nhau ở xã Hướng Phùng, tỉnh Quảng Trị. Khu vực này sở hữu hệ sinh thái rừng nguyên sinh phong phú, cảnh quan hùng vĩ, hứa hẹn trở thành điểm đến hấp dẫn cho những du khách yêu thích mạo hiểm và khám phá thiên nhiên hoang dã.
Pa Thiên cao 1.625m so với mực nước biển. Tên gọi này được hiểu là “ngọn núi của trời” - cao vời vợi, chạm tới mây xanh.
Voi Mẹp, còn được gọi là Tá Linh Sơn, cao hơn 1.707m, là ngọn núi cao nhất tỉnh Quảng Trị. Tên “Voi Mẹp” bắt nguồn từ hình dáng dãy núi trông như một con voi khổng lồ đang nằm nghỉ giữa đại ngàn.
Từ điểm tập kết nguồn Rào - Pin, hành trình đến Pa Thiên dài khoảng 8km, băng qua rừng nguyên sinh rậm rạp, men theo những lối mòn phủ đầy lá mục, vượt qua suối lạnh và những con dốc dựng đứng. Khi đặt chân đến nơi, Pa Thiên mở ra trước mắt một không gian bao la, mây trắng trôi lững lờ giữa trời xanh.
Thảm thực vật trên đỉnh Pa Thiên chủ yếu là rừng lùn, với những loài cây thuộc họ chè và họ đỗ quyên. Giữa khung cảnh hoang sơ ấy, có những gốc chè cổ thụ không rõ bao nhiêu tuổi, lặng lẽ nép mình bên những phiến đá phủ rêu.
Từ Pa Thiên đi thêm khoảng 2km, du khách sẽ chạm đến đỉnh Voi Mẹp - nơi cảm xúc thật sự bùng nổ. Từ độ cao này, phóng tầm mắt xuống dưới, biển mây cuồn cuộn như sóng, những áng mây trắng cứ nối nhau đổ xuống lòng khe sâu tưởng chừng không đáy.
Nơi đây suốt 4 mùa sương giăng mây phủ. Vì vậy săn mây trên đỉnh Voi Mẹp - ""nóc nhà Quảng Trị"" là một trải nghiệm hết sức độc đáo, khó quên.
Sau thời gian hoàn thiện các thủ tục, hồ sơ và khảo sát hành trình, mới đây, đề án khai thác thử nghiệm sản phẩm du lịch này đã được hoàn thiện.
Theo đề án, sản phẩm du lịch sinh thái trekking Pa Thiên - Voi Mẹp có 2 chương trình tham quan: tour 2 ngày 1 đêm với lộ trình 6,5km (từ cửa rừng đến bãi đá mới, đỉnh Pa Thiên, Voi Mẹp) và tour 3 ngày 2 đêm với lộ trình 8,8km (từ cửa rừng đến đỉnh Voi Mẹp).
Cả 2 tour đều xuất phát từ xã Hướng Phùng, đi qua 3 tiểu khu thuộc khu bảo tồn thiên nhiên Bắc Hướng Hóa (phía Tây Bắc của huyện Hướng Hóa cũ). Mỗi tour giới hạn không quá 25 người, mỗi ngày không quá 2 đoàn, để đảm bảo an toàn và trải nghiệm tốt nhất.
Đơn vị khai thác cũng đã ký biên bản hợp tác với đội hỗ trợ thử nghiệm sản phẩm du lịch. Khoảng 20 thanh niên người Vân Kiều sẽ tham gia hỗ trợ, hướng dẫn các đoàn khách trong hành trình chinh phục đỉnh Voi Mẹp.
Đây được xem là giải pháp vừa tạo sinh kế cho đồng bào Vân Kiều, vừa góp phần quảng bá bản sắc văn hóa đặc trưng của vùng núi phía Tây Nam Quảng Trị."
https://vietnamnet.vn/dac-san-thai-nguyen-ngon-lai-bo-khach-ha-noi-dat-ship-hon-160km-ve-an-2458096.html,Không tìm thấy,,"Bánh ngải là đặc sản có tiếng của bà con dân tộc Tày ở Thái Nguyên (tỉnh Bắc Kạn cũ), từng lọt Top 100 món ăn đặc sản Việt Nam 2021-2022 do Tổ chức Kỷ lục Việt Nam (Vietkings) và Tổ chức Top Việt Nam (VietTop) công bố.
Thoạt nhìn, món bánh này gần giống với bánh dày miền xuôi nhưng lớp vỏ bóng nhẫy và có màu xanh lạ mắt. Sở dĩ có tên gọi và vẻ ngoài như vậy là bởi bánh ngải được chế biến từ loại rau cùng tên.
Theo người dân địa phương, nhờ điều kiện thời tiết mát mẻ mà rau ngải cứu ở đây mọc xanh tốt quanh năm, không cần chăm sóc kỳ công, chỉ cần tưới nước đầy đủ.
Loại rau này thường được thu hoạch lúc còn non để giảm vị đắng và giữ trọn độ tươi ngon.
“Với người Tày, ngải cứu không chỉ là loại rau ăn hàng ngày mà trong thời gian nông nhàn, loại nguyên liệu này còn được sử dụng để làm bánh.
Ban đầu, bánh ngải chỉ xuất hiện trong các mâm cỗ dịp lễ Tết, cưới hỏi hay giỗ chạp ở địa phương nhưng dần phổ biến rộng rãi hơn, trở thành món ngon dân dã được thực khách săn đón”, chị Nông Huyền (xã Chợ Rã, tỉnh Thái Nguyên) nói.
Chị Huyền cho biết, bánh ngải được làm từ rau ngải cứu, gạo nếp, lạc, vừng và đường. Tuy chế biến từ những nguyên liệu dân dã nhưng món bánh này muốn ngon đòi hỏi người làm phải thực hiện tỉ mỉ, kỳ công.
Trong đó, để bánh ngải đạt độ dẻo, thơm, người ta phải dùng gạo nếp nương, hạt mẩy to và không được để lẫn dù chỉ một hạt gạo tẻ. Ngải cứu cũng phải chọn lá non bởi lá già sẽ dai và đắng.
Gạo nếp nương được ngâm qua đêm (khoảng 6-8 tiếng), sau đó vớt ra, đồ lên thành xôi. Còn rau ngải cứu nhặt và rửa sạch, luộc sơ với nước vôi trong để giữ được màu xanh đẹp mắt.
Khi rau chín, người ta vớt ra, vắt hết nước rồi thái nhỏ, xao qua bằng chảo gang. Trong lúc xao phải chú ý để mức lửa vừa phải và đảo đều tay, giúp giảm vị đắng của ngải cứu.
“Tùy từng nơi, từng gia đình mà người ta có thể cho ngải cứu đã xao vào đồ cùng xôi, hoặc đợi xôi chín rồi mới thêm ngải cứu xao khô vào, giã nhuyễn để tạo thành thứ bột dẻo, mịn và sánh”, chị Huyền cho hay.
Theo phong tục của người Tày, công đoạn giã xôi thường do nam giới đảm nhận. Cùng lúc đó, phụ nữ trong nhà sẽ chuẩn bị nhân bánh làm từ lạc và đường.
Người ta đun đường phên lên thành mật sau đó cho lạc vào đảo đều, chờ hỗn hợp khô lại thì đem giã nhỏ. Ở một số nơi, ngoài nhân truyền thống là đường và lạc, bà con còn dùng cả vừng đen.
“Thay vì sên đường và cho vừng, lạc vào rồi mới giã, có nhà sẽ giã hoặc xay thô luôn các nguyên liệu trên.
Tuy nhiên, chỉ nên xay hoặc giã nhỏ vừa phải để khi ăn vẫn cảm nhận được vị thơm ngon của phần nhân”, người phụ nữ Tày nói thêm.
Để bánh ngải có vẻ ngoài căng bóng và tránh bị dính tay, người địa phương thường thoa một chút mỡ lợn hoặc sáp ong vào lòng bàn tay rồi vê vỏ bánh mỏng ra, thêm nhân rồi nặn.
Bánh được nặn thành hình tròn sau đó ấn dẹt ra, cho nhân vào giữa rồi gói lớp vỏ lại sao cho bọc kín được phần nhân bên trong, tạo thành hình như chiếc bánh dày.
Mỗi chiếc bánh nóng hổi nặn xong sẽ được đặt trên một khoanh lá chuối tròn nhỏ bằng chiếc bánh để chúng không dính vào nhau. Lá chuối nên được hơ qua lửa trước khi sử dụng để dậy mùi thơm và giúp chống dính.
Người ta cũng có thể gói chung khoảng 10 cái bánh nhỏ vào một lớp lá chuối để giữ bánh được lâu hơn cũng như thuận tiện cho việc bày bán, thưởng thức.
Chị Ngọc Lan (Hà Nội) từng có dịp thưởng thức bánh ngải vài lần khi tới tỉnh Bắc Kạn cũ. Chị nhận xét, món bánh này thoạt nhìn và nghe tên có nhiều người không dám ăn nhưng nếm thử rồi lại thấy khác xa tưởng tượng.
“Bánh ngải được chế biến khéo léo nên dễ ăn, có độ thanh mát mà không ngấy. Vị lá ngải cũng không đắng mà chỉ dậy chút hăng hăng và có mùi thơm, kết hợp với độ dẻo, ngọt của đường và gạo nếp nương lại càng hấp dẫn”, chị Lan miêu tả.
Vì ấn tượng trước hương vị đặc sản dân dã này mà thỉnh thoảng, chị vẫn đặt ship bánh ngải từ Thái Nguyên, mua cả trăm chiếc một lúc, vừa ăn, vừa đem biếu, tặng người thân, bạn bè.
Người phụ nữ này cho hay, bánh ngải ship quãng đường hơn 160km, xuống tới Hà Nội vẫn giữ được độ dẻo, thơm. Bánh có thể bảo quản ngăn mát tủ lạnh vài ngày, khi ăn chỉ cần bỏ ra hấp nóng lại là được.
“Bánh ngải không chỉ ngon, lạ miệng mà còn bổ dưỡng, được xem như vị thuốc quý, tốt cho phụ nữ”, chị nói thêm.
Theo sáchNhững cây thuốc và vị thuốc Việt Nam(phần II) của GS. TS Đỗ Tất Lợi, trong Đông y, ngải cứu là vị thuốc có tính hơi ấm, vị cay, dùng làm thuốc điều hòa khí huyết, giải cảm, điều kinh, an thai hay chữa đau bụng do lạnh, kinh nguyệt không đều, chảy máu cam, nôn ra máu…"
https://vietnamnet.vn/anh-chang-bac-phi-nau-com-viet-kheo-leo-khien-dan-mang-thot-len-kinh-ngac-2458065.html,Không tìm thấy,,"Việt Nam ""không chỉ là nơi sống mà là nơi thuộc về""
Anh Hamza Smahi (quốc tịch Morocco) là một chàng rể Việt Nam. Anh và vợ quen nhau từ năm 2018. Tháng 3/2023, Hamza tới Hà Nội với dự định trải nghiệm cuộc sống quê hương vợ trong vài tháng. Không ngờ, anh nhanh chóng phải lòng mảnh đất này, xem Việt Nam như ngôi nhà thứ hai, ""không chỉ là nơi sống mà là nơi thật sự thuộc về"".
""Trước khi tới đây, tôi nghĩ Việt Nam là một đất nước yên bình, cổ kính. Nhưng khi gắn bó rồi tôi mới thấy nơi này sôi động, tràn đầy năng lượng và niềm vui. Điều khiến tôi bất ngờ nhất là con người Việt rất thân thiện, cởi mở, và ẩm thực dường như len lỏi trong nhịp sống hằng ngày của họ"", anh chia sẻ.
Tại Hà Nội, ngoài công việc chính, thời gian rảnh rỗi, anh dành để quay video giới thiệu ẩm thực Thủ đô và nấu món ăn Việt.
Hamza còn nhớ, những ngày đầu ở Hà Nội, anh được vợ dẫn đi lang thang khắp các con phố nhỏ, ngắm nhìn và nếm thử những món ăn lạ mắt, chưa từng thấy trong đời. Ngay khi nếm bát bún riêu đầu tiên, anh đã ""đổ gục"" trước sự hấp dẫn của ẩm thực Việt.
""Món ăn tưởng chừng đơn giản, nhưng lại có tất cả những gì tôi tìm kiếm – vị thanh mát, sự tươi mới, và hương vị hòa quyện khó quên"", Hamza chia sẻ với PVVietNamNet.
Từ đó, anh nảy ra ý tưởng ghi lại hành trình trải nghiệm ẩm thực của mình để giới thiệu tới mọi người qua YouTube và TikTok. Kênh TikTok hoạt động từ tháng 2/2025, đến nay, đã có gần 100 video chia sẻ về món ăn Hà Nội và cách nấu những bữa cơm Việt Nam do chính Hamza thực hiện.
Dù sử dụng ngôn ngữ chính là tiếng Anh, đôi khi cả tiếng Morocco nhưng sự gần gũi, đầy đam mê, tâm huyết của Hamza, cộng thêm hình ảnh đẹp mắt, chỉn chu đã nhanh chóng thu hút người Việt Nam xem, theo dõi.
Nấu cơm nhà ""khéo như người Việt""
Hamza bắt đầu kênh với thử thách khám phá 50 món ăn hấp dẫn ở Hà Nội. Anh chàng thưởng thức đủ món ngon từ bánh cuốn, phở, bún chả, ngan cháy tỏi... tới chè, bún đậu mắm tôm, sứa đỏ.
""Tôi luôn thích kết nối với con người qua ẩm thực, và ẩm thực Việt thì quá tuyệt vời cho điều này. Các món ăn vừa phong phú, vừa tinh tế, lại có những câu chuyện thú vị"", anh chàng đến từ quốc gia Bắc Phi chia sẻ.
Không chỉ thưởng thức món ăn, Hamza còn quan sát cách chế biến, chủ động tìm hiểu thông tin từ đầu bếp. Vài tháng gần đây, anh thực hiện một thử thách mới là nấu những bữa cơm chuẩn vị Việt Nam và chia sẻ trên kênh.
""Ban đầu, tôi chỉ đứng nhìn cách người Việt nấu – ở nhà, ngoài phố hay trong các quán ăn gia đình. Sau đó, tôi bắt đầu thử làm dưới sự hướng dẫn tận tình của vợ và bạn bè. Những món khó hơn, tôi hỏi các cô bán hàng ở chợ hoặc xem video hướng dẫn trên mạng rồi từ từ tìm ra bí quyết"", Hamza kể.
Hamza rất yêu thích ""bữa cơm nhà"" của người Việt. Ở quê hương anh, gia đình cũng quây quần trong mâm cơm, ấm áp và hạnh phúc.
Tuy nhiên, theo cảm nhận của Hamza, mâm cơm của người Việt đơn giản nhưng hài hòa hơn. Lúc nào trong mâm cơm cũng có món mặn, món canh, rau xanh và nước chấm. ""Mỗi món ăn của người Việt đều cho tôi cảm giác cân bằng hương vị lẫn cảm xúc"", anh chia sẻ.
Hamza học từ cách vo gạo, rửa rau xanh, bóc hành, tỏi, tới kĩ thuật khó hơn như ướp thịt, nêm nước mắm... Làm mỗi ngày nên dần dần, đôi tay của anh trở nên khéo léo, thuần thục hơn.
Anh có thể đo mực nước nấu cơm bằng đầu ngón tay, biết rằng gà rang phải cho thêm vài lát gừng thái sợi mới dậy mùi, nước luộc bắp cải nên thêm chút cà chua dầm nát, hay cá nấu canh nên rán sơ để nước trong và thơm hơn.
""Nấu ăn dạy tôi kiên nhẫn, tỉ mỉ và biết quý trọng từng nguyên liệu – dù chỉ là một nhánh rau thơm nhỏ"", Hamza chia sẻ.
Video anh Hamza nấu bữa cơm nhà với cá sốt cà chua, đậu phụ rán, bắp cải luộc, mướp đắng xào trứng hút hơn 500.000 lượt xem. Video:Hamza ăn gì?
Khi được hỏi về món Việt khó nhất từng làm, Hamza không ngần ngại trả lời: ""Chắc chắn là món nem. Tôi xem rất nhiều video hướng dẫn của người Việt trên mạng, hỏi bạn bè cách chọn bánh tráng, cách cuốn cho chặt mà không vỡ, rồi thử nhiều lần. Có lần nem bị vỡ, có lần chưa giòn nhưng tôi cứ làm đi làm lại. Đến khi nghe được tiếng 'rộp rộp' giòn tan đầu tiên, tôi đã vỡ òa"".
Dưới video của Hamza, nhiều người Việt Nam phải tấm tắc khen: ""Anh chàng ngoại quốc này nấu cơm đỉnh như người Việt""; ""Anh hiểu món ăn của chúng tôi thật đấy""...
Hamza nói, mỗi lời nhắn như thế khiến anh cảm thấy được chào đón. ""Tôi như là một phần của cộng đồng này, chứ không còn là khách nữa"", anh hạnh phúc nói.
Bữa cơm nhà của Hamza với món ốc om chuối đậu, canh rau củ, rau lang xào tỏi. Video:Hamza ăn gì?
Hamza đi tới nhiều tỉnh, thành Việt Nam để khám phá ẩm thực và lắng nghe những câu chuyện. Anh tin rằng mỗi món ăn đều chứa đựng một câu chuyện - về vùng đất, về ký ức, và về tình cảm.
""Ẩm thực Việt dạy tôi cách sống chậm lại, biết tận hưởng từng khoảnh khắc. Tôi không chỉ nấu món Việt - tôi đang sống cùng nó mỗi ngày. Nấu món Việt không khó như mọi người nghĩ đâu. Chỉ cần hiểu cách cân bằng hương vị và nấu bằng cả trái tim, bạn sẽ cảm nhận được vẻ đẹp của nó"", anh chàng chia sẻ.
Linh Trang - Trọng Nghĩa"
https://vietnamnet.vn/doc-dao-ngoi-chua-xe-duyen-cach-ha-noi-hon-100km-niu-chan-khach-thap-phuong-2457873.html,Không tìm thấy,,"Chùa Đại Bi (Đại Bi Tự) tọa lạc tại xã Nam Trực, tỉnh Ninh Bình (thị trấn Nam Giang, huyện Nam Trực, tỉnh Nam Định cũ). Ngôi chùa cách trung tâm thành phố Hà Nội khoảng 103km, mất khoảng hơn 2 giờ di chuyển bằng xe ô tô.
Theo truyền thuyết dân gian, từ hàng trăm năm trước, Thánh tổ Từ Đạo Hạnh cùng mẹ từng dừng chân tại nơi này, lập am nhỏ thờ Phật.
Trải qua gần 1.000 năm, am thờ ấy nay đã trở thành chùa Đại Bi sừng sững, uy nghi giữa lòng xứ thành Nam, thu hút hàng nghìn tín đồ Phật tử, du khách tới tham quan, chiêm bái hàng năm.
Ngoài thờ Phật, chùa còn thờ Thánh tổ Từ Đạo Hạnh. Hiện nay, trụ trì của chùa Đại Bi là thầy Thích Bản Thức.
Là một trong những điểm đến tâm linh quen thuộc ở địa phương, chùa Đại Bi gây ấn tượng với du khách bởi không gian kiến trúc độc đáo, ẩn chứa ý nghĩa rất sâu sắc. Chùa có tới 60 gian, phần lớn làm bằng gỗ lim. Toàn bộ di tích có bố cục cân đối chắc khỏe.
Trước đây, khi đường sá còn chưa thuận tiện, người dân ở xa đi trẩy hội có khi kéo dài cả tháng. Thời điểm đó chưa có dịch vụ nhà trọ, khách sạn nên bà con đến chiêm bái, tham quan thường nghỉ lại ngay tại hành lang chùa.
Vì vậy, để người dân thập phương có nơi nghỉ ngơi trong những ngày lễ hội, chùa được thiết kế với các gian làm bằng gỗ lim, vừa bền, vừa đẹp lại thông thoáng”, trụ trì Thích Bản Thức chia sẻ.
Ngoài điểm nhấn về kiến trúc, chùa Đại Bi còn gây ấn tượng với du khách về sự linh thiêng. Ở đây, người dân thường truyền tai nhau về các “mối lương duyên” được đơm hoa kết trái qua những dịp lễ hội ở chùa: “Hai mươi phát tấu chùa Bi/ Trai đi được vợ, gái đi được chồng”.
Thầy Thích Bản Thức cho rằng: “Vốn dĩ không có sự sắp đặt nào cả. Vì lễ hội chùa Đại Bi rất linh thiêng, đông đảo người dân từ khắp nơi đổ về đây, trai gái đủ cả. Thế là họ tự nhiên 'va' vào nhau”.
Thời điểm thích hợp nhất để tham quan chùa Đại Bi là vào tháng Giêng hằng năm. Khoảng thời gian này, chùa tổ chức lễ hội (diễn ra từ ngày 21 đến ngày 23 tháng Giêng) và mở phiên chợ duy nhất trong năm tại khuôn viên chùa vào ngày mùng 8 tháng Giêng, hay còn gọi là hội chợ Viềng.
Ngoài tham quan, chiêm bái, khi tới chùa vào dịp lễ hội và tham gia phiên chợ Viềng “mua may bán rủi’ đầu năm, du khách còn có cơ hội tham gia những hoạt động giải trí dân gian hấp dẫn khác như múa rối nước, đấu vật chầu Thánh, cờ tướng, kéo chữ,...
“Chùa Đại Bi luôn là nơi tôi dẫn gia đình đến chơi mỗi dịp Tết đến, xuân về để nhắc nhở các con về niềm tự hào của quê hương tôi - tỉnh Nam Định cũ.
Hơn nữa, ở thời đại công nghệ số này, tôi càng muốn cho con cái tham gia các hoạt động giải trí dân gian truyền thống để chúng hiểu hơn về văn hóa dân tộc Việt Nam. Từ đó các con sẽ biết trân trọng giá trị lịch sử hơn. Chúng cũng sẽ có thời gian tạm bỏ chiếc điện thoại xuống để thoải mái vui chơi cùng ba mẹ"", ông Lương Minh Đoàn - một du khách tham quan chia sẻ.
Tuy đã trải qua gần 1.000 năm nhưng công tác bảo tồn của nhà chùa vẫn được thực hiện rất tốt. Những kỷ vật vẫn còn được gìn giữ cẩn thận cho tới tận ngày nay.
Với chiều dài lịch sử, Chùa Đại Bi không chỉ là nơi linh thiêng thu hút đông đảo khách du lịch thập phương mà còn là biểu tượng văn hóa, niềm tự hào của người dân nơi đây.
Nếu có dịp ghé thăm nơi đây, ngoài tham quan chùa Đại Bi, du khách có thể kết hợp khám phá biển Hải Thịnh (thị trấn Thịnh Long, huyện Hải Hậu cũ) - cách chùa Đại Bi khoảng 40km. Với bờ cát trắng đặc trưng và mặt nước biển lúc nào cũng trong xanh, nơi đây là một điểm đến đáng trải nghiệm.
Ngoài ra, còn rất nhiều địa điểm du lịch khác hấp dẫn trên địa bàn như: chùa Cổ Lễ; biển Rạng Đông,...
Bên cạnh những hoạt động tham quan, vui chơi, du khách tới đây cũng đừng quên thưởng thức các món ăn, đặc sản thơm ngon như: bánh mì Đò Quan; bánh xíu páo; bún sung; nem nắm Giao Thủy; bánh gai Bà Thi,...
Phương Anh
"
https://vietnamnet.vn/khach-tay-me-tit-dac-san-banh-hoa-hong-o-hoi-an-gia-70-000-dong-dia-2458372.html,Không tìm thấy,,"Chris và Shayna Dufresne là cặp YouTuber người Canada, chủ kênh du lịch gần 20.000 lượt theo dõi, ghi lại hành trình khám phá thế giới của gia đình 4 thành viên.
Mới đây, cặp đôi đến Việt Nam và có hành trình khám phá ẩm thực Hội An (Đà Nẵng). Có 2 món đặc sản Hội An khiến cặp đôi phải thốt lên: ""Thành thật mà nói, chỉ riêng cao lầu và bánh bông hồng trắng thôi cũng đủ khiến tôi muốn quay lại Hội An nhiều lần"".
Cặp đôi thưởng thức món ăn tên lạ - ""bông hồng trắng"" tại một nhà hàng gia truyền, rất nổi tiếng ở Hai Bà Trưng (Hội An). Bước vào nhà hàng, họ bắt gặp những người phụ nữ đang tỉ mỉ nặn vỏ bánh trắng, dẻo, mềm mỏng và nở nụ cười thân thiện chào đón khách.
Thực tế món ""bông hồng trắng"" này là bánh bao và bánh vạc hấp, xếp chung vào một đĩa, bày biện đẹp như một đoá hoa hồng trắng nở rộ. Đây là một món ăn được sáng tạo trong quá trình giao thoa ẩm thực Việt - Hoa ở Hội An từ cả trăm năm trước, chế biến rất tỉ mỉ, cầu kỳ, nguyên liệu cũng được tuyển chọn kỹ càng.
Với du khách nước ngoài, món đặc sản này phổ biến với cái tên ""white rose"" (bông hồng trắng).
Nguyên liệu chính để chế biến hai loại bánh này là gạo - loại gạo ngon, dẻo, thơm. Gạo được xay thành bột, lọc đi, lọc lại cho thật tinh khiết rồi ve thành khối lớn. Sau khi nhồi kỹ cho mềm, quánh, bột sẽ được vê thành hình thuôn dài, sau đó ngắt từng cục bột vừa phải, dùng ngón tay nắn thành một miếng vỏ thật mỏng và đều đẹp, như cánh hồng bạch xinh xắn.
Nhân bánh bao gồm tôm, thịt nạc, nấm mèo, giá và một ít hành lá, tất cả được thái mỏng, xào lên cùng gia vị vừa miệng. Bánh bao phải được gói 1 lớp bột thật mỏng, cách điệu như cánh hoa hồng, bánh vạc lớn hơn bánh bao, được nặn như hình quai vạc. Bánh vạc thường được bỏ chút nhân tôm quết nhuyễn vào giữa.
Sau khi nặn xong, đầu bếp xếp những ""cánh hồng trắng"" vào nồi hấp cách thủy, khoảng 15 phút là bánh vừa chín tới. Bày biện bánh ra đĩa, họ trải một lớp hành phi vàng, một muỗng dầu phụng thơm lên trên bề mặt cho món ăn óng ả, hấp dẫn. Khi thưởng thức, thực khách sẽ cảm nhận được vị ngọt của nhân tôm, nhân thịt, mùi thơm của gạo trắng cùng những lát hành phi béo ngậy.
Khi đĩa bánh nóng hổi được mang ra, 2 du khách Canada không chần chừ mà thử ngay. ""Ngon tuyệt cú mèo"", Chris thốt lên.
Cặp đôi thưởng thức và nhận xét: Thịt lợn mềm, nêm rất vừa, điểm thêm những hạt tiêu đen cay nhẹ. Lớp vỏ bánh dẻo, dai vừa phải, không bị mềm nhũn như nhiều loại bánh khác. Shayna cho biết phần vỏ bánh khiến cô liên tưởng đến món pierogi - một loại bánh bao truyền thống của Ba Lan.
Mỗi đĩa bánh hoa hồng trắng tại nhà hàng nổi tiếng Hội An này có giá 70.000 đồng.
Khánh Linh"
https://vietnamnet.vn/khach-tay-thu-mon-la-giua-ngay-lanh-o-hai-phong-xuyt-xoa-khen-ngon-2458200.html,Không tìm thấy,,"Ellis (đến từ Anh) là một blogger du lịch, từng đặt chân tới nhiều quốc gia ở vùng Đông Âu, khu vực Mỹ Latinh hay Đông Nam Á như Malaysia, Philippines, Thái Lan...
Trên kênh YouTube cá nhân hơn 150.000 lượt theo dõi của mình, Ellis cũng thường xuyên chia sẻ những video ghi lại trải nghiệm thú vị về văn hóa, ẩm thực ở mỗi vùng đất mà anh có dịp ghé thăm.
Tại Việt Nam, Ellis cùng bạn gái từng khám phá một số thành phố lớn như Hà Nội, TPHCM, Gia Lai, Đà Nẵng... và dành nhiều thời gian thưởng thức loạt món ăn đường phố hấp dẫn.
Trong đó, chuyến đi tới Hải Phòng để lại cho vị khách Tây nhiều ấn tượng bởi điểm đến này được ví von là “thiên đường ẩm thực” với vô số món ngon lạ, giá bình dân.
Đặc biệt, đến đây vào thời điểm trời chuyển đông, thời tiết se lạnh, du khách càng có cơ hội trải nghiệm món ăn hiếm xuất hiện trong mùa hè.
“Chúng tôi đã tới Hải Phòng và thưởng thức những món ăn đường phố ngon tuyệt mà bạn chỉ có thể tìm thấy ở thành phố này.
Chúng tôi đã gọi một ít bánh mì cay nổi tiếng, vài bát sủi dìn và cuối cùng là một thức quà vặt khác lạ hoắc!
Theo cảm nhận riêng, tôi thấy vùng đất này có một số món ăn đường phố ngon nhất Việt Nam”, nam du khách người Anh chia sẻ.
Ellis cũng tiết lộ ấn tượng với một món ăn ở vỉa hè Hải Phòng mà “vừa đi ngang qua phải vội quay lại vì mùi rất thơm”. Đó là sủi dìn.
Sủi dìn là thức quà quen thuộc của người Hải Phòng, xuất hiện trong bản đồ ẩm thực thành phố. Món ăn này có nguồn gốc từ cộng đồng người Hoa từng sinh sống tại địa phương, sau được lan truyền và biết đến rộng rãi.
Vì là món ăn nóng nên sủi dìn thường được bán vào mùa đông, thích hợp để thực khách thưởng thức trong những ngày trời se lạnh hay giá rét.
Sủi dìn khá giống bánh trôi nhưng kích thước nhỏ hơn. Vỏ bánh làm từ bột nếp, bên trong có nhân vừng (mè đen) và lạc, ăn với nước dùng sánh nhẹ, vị ngọt nhưng không gắt và đậm vị cay nồng của gừng.
Tùy từng quán, người ta có thể làm nhân từ vừng đen, lạc rang giã nát và cùi dừa nạo, sên nhẹ tay trên chảo bằng lửa nhỏ.
Sủi dìn luộc chín được ăn kèm với nước mật mía nấu màu cánh gián, bỏ thêm gừng thái sợi hoặc chan nước đường gừng đều ngon.
Thoạt nhìn, Ellis thấy sủi dìn trông giống những viên mochi (1 loại bánh của Nhật Bản) cỡ nhỏ, ăn cùng nước gừng nóng hổi, màu nâu. Anh đoán món này có vị ngọt thơm, sau khi ngửi mùi hương tỏa ra từ nồi nước bốc khói nghi ngút.
Vị khách Tây cũng cảm thấy thích thú khi được quan sát trực tiếp quá trình chủ quán chế biến món bánh để phục vụ khách ngồi ăn.
“Tôi chưa từng thử món nào như vậy trước đây. Trông nó thực sự ngon nhưng nóng quá, phải chờ chút cho nguội bớt”, Ellis nói.
Khi nếm thử nước dùng, anh cảm nhận có vị ngọt dịu và thơm nức mùi gừng. Đậu phộng ăn bùi bùi, nhấm nháp cùng chút gừng càng thêm ấm bụng.
Nam du khách người Anh cũng miêu tả sủi dìn rất mềm, dẻo, bên trong có nhân ăn khá lạ và ngon.
“Sủi dìn rất ngon, thực sự là món ăn của mùa đông. Chủ quán còn đang nặn bánh tại chỗ nên nó chắc hẳn là nguyên liệu tươi mới”, anh chia sẻ.
Kết thúc bữa ăn, Ellis liên tục xuýt xoa khen sủi dìn ngon. Thậm chí, anh còn bất ngờ vì món ăn này có giá khá rẻ, chỉ 15.000 đồng/bát nhưng phục vụ tới 5-6 viên bánh kèm theo.
“Chúng tôi thưởng thức 2 bát hết 30.000 đồng. Chủ quán tốt bụng còn liên tục chan thêm nước gừng cho tôi”, anh bày tỏ thêm.
Ngoài sủi dìn, Ellis và bạn gái còn thưởng thức cả bánh mì que và bánh đúc tàu – những món ăn đường phố quen thuộc được người Hải Phòng yêu thích.
Anh miêu tả món bánh đúc tàu có hương vị khá lạ. Bánh đúc mềm, mọng như thạch, tôm rim ngọt và đu đủ giòn giòn. Các nguyên liệu kết hợp với nhau tạo thành một món ăn đường phố hấp dẫn.
“Thực sự rất khó để miêu tả hương vị món bánh này nhưng nó rất ngon, xứng đáng là trải nghiệm ăn uống thú vị”, vị khách tâm sự.
Ảnh: Skint Northerner"
https://vietnamnet.vn/vi-sao-nhieu-nguoi-chi-tien-khung-de-du-lich-rung-ron-2458277.html,Không tìm thấy,,"Trào lưu du lịch ""săn ma""
Ashley Wiseman (41 tuổi) - một y tá đến từ bang Connecticut (Mỹ), đã chi trên 100.000 USD (khoảng 2,6 tỷ đồng) trong hơn 1 thập kỷ cho khoảng 80 chuyến đi xoay quanh thế giới tâm linh. Cô bắt đầu ""nghiện"" cảm giác rùng rợn sau khi tham gia một buổi săn ma tại tòa nhà Moon River Brewing Company ở Savannah, bang Georgia.
Wiseman kể rằng trong bóng tối, cô nghe thấy tiếng bước chân vô hình và thoáng thấy ""một bóng người già nua, tiều tụy"". Dù là người theo khoa học, cô vẫn bật khóc vì quá sợ. Và cũng từ đó, cô không thể dừng lại.
Wiseman thuộc cộng đồng ""du khách săn ma"" (paranormal tourists) - những người không chỉ tham gia các tour ma kéo dài vài tiếng, mà còn lên kế hoạch cho cả kỳ nghỉ để truy tìm những hiện tượng khó lý giải.
Sự bùng nổ của các chương trình truyền hình thực tế, kênh YouTube và podcast về chủ đề huyền bí từ đầu những năm 2000 đã biến “ma quỷ” thành một ngành kinh doanh màu mỡ.
Động lực của nhóm du khách này rất đa dạng. Họ khao khát ""kết nối thế giới bên kia"", tìm đồng minh cùng sở thích, hay đơn giản là thích cảm giác mạnh khi đối mặt ""điểm nóng"" nổi tiếng. ""Tôi không nhảy dù, không trượt tuyết, nhưng tôi sẽ điều tra hiện tượng siêu nhiên"", Wiseman chia sẻ.
Cặp vợ chồng kế toán David và Alysia Leonhardt ở Minnesota đã ghé hơn 30 địa điểm ma ám từ năm 2013. Trong một chuyến đi, họ nghe thấy tiếng huýt sáo bí ẩn và chứng kiến cánh cửa rung lắc dữ dội tại ngôi trường bỏ hoang Farrar ở Iowa (Mỹ) - trải nghiệm khiến họ quay lại nhiều lần sau đó.
""Cảm giác đó thật khó quên. Sốc, sợ hãi, nhưng cũng… phấn khích"", David nói.
David và Alysia Leonhardt sẵn sàng lái xe hàng trăm cây số chỉ để tham gia một chuyến săn ma. Ảnh: CNN
Paul Roberts, 56 tuổi, đến từ Louisiana, từng bị ""tấn công"" bởi thực thể vô hình khi ở lại Gold Hill Hotel (Nevada), gần hầm mỏ - nơi 35 thợ mỏ thiệt mạng năm 1869. Dù vậy, ông khẳng định vẫn sẽ tiếp tục các chuyến đi săn ma: ""Tôi tin có năng lượng tồn tại quanh ta và tôi muốn cảm nhận nó"".
Một người khác, Nicole Beauchamp (36 tuổi, Michigan), đã chi hơn 100.000 USD (hơn 2,6 tỷ đồng) để theo đuổi niềm đam mê khám phá thế giới huyền bí khắp châu Âu và Mỹ.
Trong một lần thám hiểm bệnh viện tâm thần bỏ hoang Trans-Allegheny, cô và đồng đội lần theo hành lang dài ngập bóng tối thì đột nhiên nghe thấy tiếng hàng trăm bánh xe y tế rít lên và lao ầm ầm về phía họ.
""Âm thanh ấy vang vọng đến mức tôi tưởng cả tòa nhà đang sống lại. Tôi sợ đến chết khiếp nhưng cũng chưa bao giờ cảm thấy mình sống thật đến thế"", cô kể, giọng vẫn run khi nhớ lại.
""Tự nguyện sợ hãi""
Theo nhà xã hội học Margee Kerr, tác giả cuốn sáchScream: The Science of Fear(Khoa học về nỗi sợ), việc ""tự nguyện sợ hãi"" mang đến sự hưng phấn mạnh mẽ cho con người: ""Trải nghiệm này kích hoạt phản ứng ‘chiến hay chạy’ của cơ thể, tạo ra cảm giác phấn khích tương tự như khi chơi trò trốn tìm, vừa sợ, vừa vui"".
Những tour du lịch kinh dị này hiện trở thành ngành kinh doanh lớn. David Sloan, người sáng lập Haunted Key West Tours (Florida), cho biết ông đón hàng chục nghìn khách mỗi năm, trong đó nhiều người quay lại thường xuyên. “Ai cũng tò mò điều gì xảy ra sau khi chết, và săn ma giúp họ chạm đến ranh giới đó"", Sloan nói.
Tất nhiên, không phải ai cũng tin. Nhiều hiện tượng có thể giải thích bằng gió lùa, âm thanh vọng, hay tác động tâm lý tập thể.
Nhưng với những ""tín đồ của nỗi sợ"", thứ họ tìm kiếm không phải là câu trả lời cuối cùng, mà là hành trình chờ đợi trong bóng tối - bước đi giữa im lặng, nín thở nghe từng âm thanh, để rồi hy vọng “điều gì đó” sẽ xảy ra.
Chính cảm giác hồi hộp nhưng an toàn khi luôn có hướng dẫn viên, thiết bị và những người bạn cùng chí hướng, đã biến nỗi sợ thành trò chơi cảm xúc."
https://vietnamnet.vn/khach-trung-quoc-den-ha-noi-tam-tac-khen-mon-noi-tieng-o-quan-mien-tay-2457922.html,Không tìm thấy,,"Thiên Huệ, một nữ du khách đến từ Đài Loan (Trung Quốc) đã chia sẻ nhiều video trải nghiệm ẩm thực ở phố cổ Hà Nội.
Mới đây, nữ du khách có 1 ngày thưởng thức các món ăn Việt Nam được tạo nên từ bánh tráng. Bữa trưa, cô ăn bánh tráng cuốn thịt heo, chiều ăn vặt với bánh tráng nướng, bánh tráng trộn, bánh tráng cuốn và thử bánh tráng cuốn bánh xèo miền Tây vào bữa tối.
Thiên Huệ miêu tả, ăn món bánh tráng cuốn thịt heo giống như ăn chiếc chả giò không cần chiên rán, còn bánh tráng nướng nóng hổi lại giòn thơm, như một chiếc pizza phiên bản Việt.
Nữ du khách càng bất ngờ hơn khi thưởng thức bánh tráng cuốn bánh xèo kiểu miền Tây và nhận xét là rất ngon miệng.
Thiên Huệ thưởng thức bánh xèo tại một quán ăn miền Tây tại phố Hàng Điếu, Hà Nội. Quán được cẩm nang ẩm thựcMichelin Guideđưa vào hạng mụcBib Gourmand- các quán ăn ngon với giá cả phải chăng.
""Quán nhỏ nhưng đông nghẹt người"", nữ du khách miêu tả khi tới quán.
Theo chia sẻ của chủ quán, đa phần thực khách tới đây đều gọi món bánh xèo giòn rụm, mang đặc trưng hương vị miền Tây. Bánh xèo của quán có đa dạng các loại nhân từ lợn, gà, bò tới hải sản.
Thiên Huệ gọi món bánh xèo hải sản. Trên bàn ăn, cô chú ý đến bảng hướng dẫn giới thiệu các loại rau ăn kèm và cách gói bánh xèo bằng bánh tráng, được trình bày đẹp mắt, rõ ràng, giúp thực khách dễ dàng làm theo.
Khi chiếc bánh nóng hổi, màu vàng tươi đẹp mắt được bê ra, Thiên Huệ khen ngợi: ""Chiếc bánh rất lớn. Phần vỏ làm từ bột gạo và nghệ nên vàng ươm"".
Cô ngạc nhiên với rổ rau sống ăn kèm siêu phong phú, tươi rói với đủ loại như xà lách, bạc hà, tía tô, kinh giới... Nhiều loại rau trong đó nữ du khách không thể phân biệt tên. Nhân bánh đầy đặn với tôm, mực và thịt cá.
Dựa theo hướng dẫn, nữ du khách Trung Quốc dùng bánh tráng cuốn một cuốn lớn với đầy đủ rau sống, bánh xèo, chấm cùng nước mắm chua ngọt. Nữ du khách liên tục gật gù: ""Tôi không ngờ bánh tráng Việt Nam có thể tạo ra nhiều món ăn ấn tượng như thế"".
Quán bánh xèo miền Tây này hoạt động từ năm 2014, luôn tấp nập thực khách, đặc biệt là sau khi được Michelin vinh danh. Mỗi phần bánh xèo ở đây khá to, vỏ vàng ươm giòn rụm nhưng không ngấm dầu, phần nhân đầy đặn, hấp dẫn.
Anh Lê Trọng Quốc (tên thường gọi là anh Bảy, quê Bến Tre) - là đầu bếp cũng là chủ quán, từng chia sẻ với PVVietNamNet,phần lớn nguyên liệu được mua và vận chuyển từ miền Tây ra Hà Nội (như rau đắng, bông so đũa, bông điên điển, cá kèo...) nên khá tốn kém về chi phí, thời gian.
Tuy nhiên, chủ quán cho rằng, phải có nguyên liệu chuẩn thì món ăn mới có hương vị miền Tây đích thực.
""Các món ăn ở quán đều mang đặc trưng miền Tây Nam Bộ, nhưng được điều chỉnh một chút để phù hợp với khẩu vị của số đông thực khách"", anh Bảy cho hay.
Ngoài món bánh xèo, quán còn có nhiều món ăn được ưa chuộng như bún mắm, chả nem, cá kèo nướng, món cuốn... Quán cũng phục vụ lẩu cá kèo lá giang, lẩu mắm Cần Thơ mang hương vị đặc trưng của miền Tây.
Quán nhận được đánh giá khá tốt từ thực khách. Nhiều người khen về hương vị chuẩnmiền Tây, thái độ phục vụ nhẹ nhàng, lịch sự. Điểm trừ của quán là không gian nhỏ, các món ăn gọi tới đâu làm tới đó nên thời gian chờ khá lâu. Thực khách đi theo nhóm nên đặt đồ trước."
https://vietnamnet.vn/anh-nong-dan-can-tho-bien-vuon-nho-5-000m2-thanh-diem-du-lich-xanh-hut-khach-2456240.html,Không tìm thấy,,"Vườn nho hơn 500 gốc, rộng 5.000m2 của anh Nguyễn Minh Tuân ở xã Đông Thuận, được nhiều người biết đến hơn 1 năm nay.
Anh Tuân kể, vài năm trước, trong một chuyến du lịch đến tỉnh Ninh Thuận (cũ), anh có dịp tham quan các vườn nho.
“Những vườn nho xanh mát, chùm quả lúc lỉu khiến tôi rất thích. Sau khi về Cần Thơ, tôi vốn định chuyển từ trồng lúa sang sầu riêng, nhưng chợt nhớ đến cây nho nên quyết định mua 100 gốc về trồng thử trên diện tích 300m2”, anh nói.
Do không có kinh nghiệm, chỉ tìm hiểu cách trồng nho qua mạng nên thời gian đầu, anh gặp rất nhiều khó khăn từ việc tạo cành, xử lý ra hoa đến chăm sóc cây.
“Khí hậu miền Tây ẩm ướt nên cây phát triển không đồng đều, sâu bệnh nhiều. Tôi kiên trì đọc tài liệu, học hỏi nhiều chủ vườn nho ở miền Tây, rồi dần đúc kết ra kỹ thuật phù hợp với khí hậu, thổ nhưỡng nơi đây”, anh Tuân kể và cho biết, ban đầu anh trồng 2 giống là nho kẹo và hạ đen.
Sau hơn 1 năm trồng thử nghiệm, nho bắt đầu thích nghi tốt, cho trái ngọt. Lúc này, anh Tuân mở rộng diện tích lên 5.000m2 và phát triển mô hình “vườn mở cửa” kết hợp du lịch trải nghiệm. Hiện, khu vườn của anh có hơn 10 loại nho, như: nho đỏ, nho mẫu đơn, nho kẹo, nho hạ đen…
Điểm đặc biệt là vườn nho không thu phí vào cổng. Du khách đến đây được tự do tham quan, chụp ảnh, trải nghiệm hái nho và mua nho tại chỗ.
“Hiện tại, trong vườn của tôi chỉ còn nho hạ đen đang cho trái nên không thu phí. Du khách đến tham quan, chụp ảnh miễn phí và có thể mua nho tại chỗ. Đến dịp hè hay Tết, khi các loại nho chín rộ, tôi mới bán vé nước 30.000 đồng mỗi người, du khách có thể thoải mái tham quan và chụp hình”, anh Tuân chia sẻ.
Lượng khách đến vườn nho của anh ngày càng đông, đặc biệt vào các dịp lễ, cuối tuần và mùa nho chín.
Anh Tuân cho biết, mỗi năm vườn có 2 vụ chính. Vụ Tết, anh để toàn bộ diện tích ra trái, mỗi ngày thu hút 100-200 khách. Vụ sau Tết, anh để trái rải rác theo từng giàn để kéo dài thời gian phục vụ du khách, trung bình 40 khách/ngày.
Giá nho bán tại vườn từ 80.000-200.000 đồng/kg, tùy loại và theo giá thị trường. “Do bán tại chỗ, không qua thương lái nên tôi chủ động được giá, không sợ bị ép. Du khách cũng yên tâm về chất lượng vì được tận mắt thấy quy trình trồng trọt”, anh Tuân nói.
Ngoài ra, anh còn đầu tư sản xuất nho chậu bonsai, vừa đẹp mắt vừa có thể thu hoạch trái trong những vụ tiếp theo. Sản phẩm này hiện đã có nhiều khách đặt mua dù chưa đến mùa.
Hiện vườn nho của anh áp dụng kết hợp phương pháp canh tác hữu cơ và vô cơ. Anh ưu tiên sử dụng phân bón hữu cơ, hạn chế thuốc trừ sâu để đảm bảo chất lượng trái, đồng thời tạo môi trường an toàn cho khách tham quan, đặc biệt là trẻ nhỏ.
Để hạn chế mầm bệnh, việc trồng nho trong nhà màng rất quan trọng. Bên cạnh đó, kỹ thuật bón phân, tưới nước và phòng trừ sâu bệnh tương tự như các loại cây ăn trái khác. Các giống nho có quy trình chăm sóc khá giống nhau, thời gian trồng khoảng 6,5-7 tháng là có thể xử lý ra bông.
“Trồng nho kết hợp du lịch giúp tôi chủ động đầu ra, tăng thu nhập gấp nhiều lần so với chỉ bán nông sản. Quan trọng hơn, khách du lịch được trải nghiệm thực tế, hiểu thêm về nông nghiệp sạch, từ đó tạo niềm tin và gắn bó lâu dài với sản phẩm của mình”, anh Tuân chia sẻ."
https://vietnamnet.vn/trai-nghiem-tam-lau-gay-sot-du-khach-ngam-minh-trong-nuoc-pha-ot-va-sua-2457599.html,Không tìm thấy,,"Trải nghiệm độc đáo này cho phép du khách đắm mình trong “nước lẩu” ấm nóng, được pha chế từ các nguyên liệu như ớt, sữa, táo tàu hay kỷ tử - những thành phần quen thuộc trong các món ăn bổ dưỡng của người Trung Quốc.
Tại thành phố Cáp Nhĩ Tân (Hắc Long Giang), một khu nghỉ dưỡng đã gây chú ý vào tháng 10 khi giới thiệu bể tắm hai màu mang phong cách “lẩu uyên ương”. Giống như nồi lẩu chia đôi trong nhà hàng, bể nước rộng 5m được ngăn thành hai phần, một nửa đỏ rực và một nửa trắng ngà.
Phần “nước lẩu” đỏ chứa ớt, cà tím và cải thảo, tượng trưng cho vị cay nồng đặc trưng, trong khi nửa trắng được pha với sữa, táo tàu và kỷ tử - gợi cảm giác thanh nhã, dễ chịu.
Theo nhân viên khu nghỉ dưỡng, màu đỏ thực chất được tạo nên từ cánh hoa hồng, được thay mới mỗi ngày để đảm bảo độ tươi và an toàn cho da.
“Ớt được dùng là loại nhẹ, giúp thúc đẩy tuần hoàn máu và tăng cường trao đổi chất. Còn sữa giúp dưỡng ẩm, làm mềm da”, đại diện khu nghỉ dưỡng cho biết.
Giá vé vào khu cảnh quan này khoảng 160 NDT (khoảng 600 nghìn đồng), bao gồm quyền sử dụng bồn tắm lẩu, phòng xông hơi và ăn buffet. Dịch vụ không giới hạn thời gian, song khách được khuyến nghị chỉ nên ngâm trong 15 - 20 phút mỗi lần để tránh quá nhiệt.
Sự kết hợp giữa truyền thống và sáng tạo
“Tắm lẩu” được giới thiệu như một biến thể hiện đại của “ngâm thuốc”, liệu pháp cổ truyền đã tồn tại hàng nghìn năm trong y học Trung Hoa. Phương pháp này sử dụng hơi nước hoặc nước ngâm thảo dược đun sôi để hấp thụ dưỡng chất qua da, giúp phòng bệnh và cải thiện sức khỏe.
Theo y thư cổ, các loại thảo mộc như gừng, ngải cứu hay bạc hà thường được dùng để xua gió lạnh, giảm đau nhức và tăng cường sức đề kháng. Trong khi đó, “tắm lẩu” ứng dụng nguyên tắc tương tự, nhưng được thể hiện sinh động hơn qua hình ảnh món ăn quốc dân của Trung Quốc - lẩu.
Tuy chưa có bằng chứng khoa học khẳng định tác dụng của việc ngâm mình trong sữa hay ớt, nhiều người tin rằng các nguyên liệu này mang lại hiệu quả thư giãn.
Sau khi hình ảnh “bồn tắm lẩu uyên ương” lan truyền trên mạng xã hội, nhiều du khách đã chia sẻ cảm nhận. Một người dùng nhận xét: “Trải nghiệm rất dễ chịu, nước ấm vừa phải, hơi nước thoảng mùi thảo mộc khiến cơ thể nhẹ nhõm”.
Tuy nhiên, một số người cho rằng việc sử dụng nguyên liệu thật như ớt và sữa là “lãng phí thực phẩm”, đề xuất nên thay bằng vật liệu giả để bảo vệ môi trường.
Các chuyên gia cho rằng, sự ra đời của “tắm lẩu” cho thấy nhu cầu tìm kiếm phương thức thư giãn mới đang tăng cao tại Trung Quốc.
Sau đại dịch Covid-19, nhiều người chú trọng hơn đến sức khỏe thể chất và tinh thần, đồng thời tìm kiếm những hoạt động mang tính trải nghiệm vừa giải trí, vừa chăm sóc bản thân."
https://vietnamnet.vn/nhom-sinh-vien-to-khach-san-o-cua-lo-chat-chem-he-lo-bat-ngo-sau-kiem-tra-2457928.html,Không tìm thấy,,"Mới đây, trên mạng xã hội xôn xao vụ việc một nhóm sinh viên du lịch ở Cửa Lò (Nghệ An) ""tố"" bị một khách sạn “chặt chém” tiền ăn, đồng thời phản ánh khách sạn tồi tàn, không có khăn tắm và nước nóng.
Theo tài khoản Facebook H.M, nhóm sinh viên khoảng 80 người đến du lịch tại biển Cửa Lò, đặt phòng tại một khách sạn trên địa bàn và đã đặt các suất ăn với giá 100.000 đồng/người.
Tuy nhiên, khi dọn lên bàn, mâm chỉ có vỏn vẹn 5 món cho 9 người gồm: rau xào, đậu sốt cà chua, thịt kho trứng cút, tôm rang và cà muối.
“Chúng em là sinh viên, kinh tế hạn hẹp nên 100.000 đồng/người là số tiền không nhỏ. Nhưng mâm ăn như vậy thật sự không tương xứng. Chủ quán còn nói đĩa tôm có 18 con nên đắt, trong khi với giá 700.000 đồng đã có thể đặt được mâm ăn đầy đủ hơn”, tài khoản này chia sẻ.
Ngoài ra, nhóm sinh viên còn phản ánh chất lượng khách sạn kém, không có nước nóng, không khăn tắm, chăn gối cũ và phòng ẩm mốc. “Phòng 4-5 người chỉ có một ấm điện, chưa kịp trả phòng thì chủ đã lên hỏi vì sợ bọn em lấy ấm về”, tài khoản H.M nói thêm.
Sau khi đăng tải lên mạng xã hội, sự việc nhận về nhiều ý kiến trái chiều. Nhiều người nhận định, mâm cơm nói trên - nếu tính ""giá ngoài chợ"", thì khoảng 350.000 đồng.
Trao đổi với PVVietNamNet, ông Cao Minh Tú, Chủ tịch UBND phường Cửa Lò cho biết, sau khi tiếp nhận thông tin phản ánh, phía đơn vị đã cử đoàn làm việc xuống khách sạn N.Sk để nắm bắt tình hình, làm rõ các nội dung phản ánh và có báo cáo liên quan đến sự việc.
Theo báo cáo của UBND phường Cửa Lò, kết quả xác minh cho thấy, ngày 24-26/10, có 65 sinh viên, 6 giáo viên và 2 lái xe của một trường đại học ở tỉnh Ninh Bình đến khách sạn N.Sk trên địa bàn và đặt 18 phòng ở.
Giá phòng bình quân 300.000 đồng/phòng/ngày đêm. Nhóm sinh viên đặt ăn 3 bữa chính ở khách sạn với suất ăn 100.000 đồng/suất. Đoàn đặt 8 mâm ngồi 9 người (sinh viên) và 1 mâm ngồi 5 người (lái xe và giáo viên).
""Về mâm cơm nhóm sinh viên chụp lại có các món như hình đăng tải, khách phản ánh là mâm cơm 900.000 đồng, nhưng theo chủ khách sạn thì đây là mâm cơm dành cho 5 người (lái xe và giáo viên) với giá 500.000 đồng"", báo cáo của phường Cửa Lò nêu.
Ngoài ra, theo UBND phường Cửa Lò, mâm cơm 900.000 đồng cho 9 người (gồm các món thịt gà xào sả-lá chanh, nem cuốn, mực xào hành tây, trứng tráng, rau muống xào, canh rau vặt), khách đã ăn gần hết mới chụp hình nên không phản ánh khách quan sự việc.
Liên quan đến phản ánh của sinh viên về việc thiếu nước nóng, chủ khách sạn giải trình do sử dụng hệ thống năng lượng mặt trời, những ngày khách ở thời tiết âm u nên không đủ nhiệt. Khách sạn đã báo trước và hỗ trợ ấm điện để đun nước nóng tắm. Một số giáo viên trong đoàn có phàn nàn, nhưng sinh viên không có ý kiến.
""Về thông tin phòng bẩn, không có khăn tắm, chậu rửa mặt không có nút, đoàn kiểm tra đã đến xem xét thực tế tại các phòng khách nghỉ: cơ bản chăn, ga, gối tương đối sạch sẽ.
Về việc trong phòng không có khăn tắm, chủ khách sạn giải trình, do mùa này không có khách, khăn tắm đã cất xếp vào kho. Đoàn khách tự mang khăn tắm đi dùng, nên phòng nào cần mới mang khăn tắm qua. Về nút chậu rửa bị tút xuống dưới cuống, hư hỏng, khách sạn chưa kịp sửa chữa, khắc phục"", UBND phường Cửa Lò thông tin.
Cũng theo lãnh đạo UBND phường Cửa Lò, sau khi trao đổi với người đăng tải sự việc lên Facebook, người này đã gỡ bài đăng, bởi không muốn vì cảm nghĩ chủ quan của mình làm ảnh hưởng đến hình ảnh du lịch Cửa Lò.
“Chúng tôi sẽ tiếp tục rà soát, hướng dẫn các cơ sở lưu trú, nhà hàng phục vụ khách đúng quy định, tránh để những hiểu nhầm nhỏ ảnh hưởng đến uy tín du lịch Cửa Lò”, ông Cao Minh Tú nói thêm."
https://vietnamnet.vn/chu-homestay-o-hue-bat-luc-truoc-canh-chua-tung-thay-trong-doi-2457706.html,Không tìm thấy,,"Nhìn căn homestay mới khai trương được hơn 1 tháng ngập trong ""biển nước"", chàng trai như ""đứt từng khúc ruột"".
""Tôi đã bám trụ ở đây suốt những ngày qua, mong có thể bảo vệ homestay, bớt phần nào thiệt hại. Nhưng nước dâng ngày càng cao, mất điện, mất mạng internet, đồ ăn thì chỉ còn mì tôm, bánh mì"", anh Huy chia sẻ.
Từ ngày 27/10, nước bắt đầu tràn vào sàn tầng 1 của homestay rồi dâng cao dần. Sáng 29/10, anh Huy thấy mừng vì nước có dấu hiệu rút nhưng sau đó ít giờ, nước lại dâng nhanh, ngập tới 1/2 tầng 1. Những đồ đạc nặng như giường, tủ, bếp, sofa không thể bê lên cao nên đều chìm nổi trong ""biển nước"" đục ngầu.
""Tôi dự kiến thiệt hại về nội thất khoảng 30-50 triệu đồng. Nếu tính cả thiệt hại về phần thô của căn nhà thì phải tới 100 triệu đồng. Sau trận lũ lụt này, tôi sẽ rơi vào cảnh nợ chồng nợ, không biết bao giờ mới có thể phục hồi"", anh Huy không giấu nổi lo lắng.
Homestay của anh Huy ngập trong ""biển nước"". Video: NVCC
Theo báo cáo ngày 29/10 của Cục Khí tượng Thủy văn (Bộ Nông nghiệp và Môi trường), lượng mưa trong 24 giờ tại đỉnh Bạch Mã (TP Huế) đạt 1.739mm, được ghi nhận là mức cao kỷ lục tại Việt Nam, gần tương đương lượng mưa trung bình năm của cả nước (1.400–2.400 mm) và lớn thứ hai thế giới, chỉ sau kỷ lục 1.825 mm tại một trạm quan trắc của Pháp ở Ấn Độ Dương hồi tháng 1/1966.
Mưa lớn khiến 32/40 xã, phường ở TP Huế bị ngập từ ngày 26/10 đến nay, mức ngập phổ biến 1-2m, một số nơi tới 3-4m.
Anh Huy cho biết, căn homestay này khai trương từ 23/9, do anh và một người bạn dùng tiền dành dụm, vay mượn để mở. Homestay gồm 4 phòng, có thể đón 10-14 khách. Mọi góc nhỏ trong homestay đều được anh và bạn tỉ mỉ thực hiện với mong muốn làm hài lòng khách hàng, sớm đem lại doanh thu, trang trải chi phí đầu tư.
Từ ngày 25/10, nghe dự báo mưa lũ, anh Huy đã phải tạm ngưng đón khách. Anh và bạn khẩn trương thu dọn, bê đồ đạc lên tầng cao.
Sáng 27/10, nước từ thượng nguồn đổ về xối xả, dâng cao tới 1,5m trong căn homestay. Mưa lũ, khách hủy phòng, mất doanh thu khiến khó khăn càng chồng chất.
Lớn lên ở Huế nhưng chưa bao giờ anh Huy chứng kiến trận mưa lũ lớn tới như vậy. ""Bây giờ tôi cũng chỉ biết cầu mong cơn lũ sớm qua. Những gia đình, cửa hàng kinh doanh xung quanh khu phố đều thiệt hại nặng nề chứ không riêng homestay của tôi.
Điều ấm áp là trong hoàn cảnh như vậy, mọi người vẫn quan tâm, hỗ trợ lẫn nhau. Cô chú hàng xóm còn cho chúng tôi thêm thức ăn"", anh Huy chia sẻ.
Chủ một homestay ở An Đông (Huế) cũng rơi vào cảnh trớ trêu khi cơ sở kinh doanh vừa khai trương được vài tháng đã chìm trong nước lũ.
“Toàn bộ tầng 1 hư hại, không còn gì"", người này đau xót chia sẻ. Anh lo lắng khi những ngày qua và sắp tới có thể không có doanh thu, trong khi vẫn phải chi khoản lớn cho việc dọn dẹp, sửa chữa.
Tại phố Bà Triệu, homestay của gia đình anh Anh Đức cũng phải tạm ngừng hoạt động do ảnh hưởng nghiêm trọng của mưa lũ. Dù căn nhà được xây cao, nước không tràn quá sâu vào tầng 1, song nơi đây vẫn trong tình trạng “nội bất xuất, ngoại bất nhập”, mất điện và mất kết nối mạng.
Ngày 27/10, homestay của anh Đức vẫn còn 6 vị khách lưu trú. Anh phải lội nước ra ngoài, gọi ghe vào tận cổng đón 4 người vượt quãng đường ngập sâu để kịp ra sân bay. Với 2 vị khách còn ở lại, gia đình anh hỗ trợ miễn phí toàn bộ tiền phòng và ăn uống trong những ngày mưa lũ.
“Năm ngoái, thời điểm cuối tháng 10, homestay của tôi kín phòng. Năm nay, mưa lũ nghiêm trọng khiến thiệt hại kinh tế nặng nề. Sinh ra và lớn lên tại đây, tôi chưa bao giờ chứng kiến trận ngập lụt khủng khiếp đến vậy”, anh Đức chia sẻ.
Anh Đức gọi ghe chở khách ra khỏi homestay. Đường phố xung quanh ngập sâu như sông. Video: NVCC"
https://vietnamnet.vn/ben-trong-nhung-nha-ga-ma-o-tokyo-noi-thoi-gian-dung-lai-duoi-long-dat-2457657.html,Không tìm thấy,,"Bóng dáng quá khứ trong lòng đất
Nằm sâu dưới góc phía nam công viên Ueno (Tokyo), ga Hakubutsukan-Dobutsuen (tạm dịch là “ga Bảo tàng - Sở thú”), từng là một điểm dừng trên tuyến Keisei - tuyến đường sắt quan trọng nối trung tâm Tokyo với sân bay Narita.
Khai trương năm 1933, nhà ga từng đón hàng nghìn du khách mỗi ngày đến tham quan vườn thú Ueno và bảo tàng Hoàng gia Tokyo. Sau khi đóng cửa năm 1997 và chính thức ngừng hoạt động vào 2004, nơi đây chìm trong im lặng, chỉ còn lại sân ga phủ bụi, tường bong tróc và quầy vé gỗ cũ kỹ, những dấu vết lặng lẽ của thời hoàng kim đã qua.
Theo ông Mamoru Iwai - trưởng ga Keisei Ueno, toàn bộ công trình được giữ nguyên trạng từ khi dừng hoạt động.
“Dù đầy bụi sắt và dầu mỡ, chúng tôi không được phép thay đổi gì. Chính sự cũ kỹ ấy mới tạo nên nét 'quyến rũ' đặc biệt của nơi này”, ông nói.
Từ cánh cửa thép xanh ngọc khổng lồ đến cầu thang bê tông dẫn xuống sân ga âm u, mọi chi tiết đều mang vẻ bí ẩn pha chút hoang phế, gợi nhớ thời Tokyo với đường sắt hiện đại.
Điều đặc biệt là việc xây dựng nhà ga từng cần đến sự chấp thuận trực tiếp của Thiên hoàng Nhật Bản. Dự án chỉ có một cơ hội duy nhất được trình bày trước Thiên hoàng. Và sau nhiều tháng xem xét, đến tháng 3 năm 1932, công trình mới được chấp thuận. Điều kiện đi kèm là nhà ga phải mang vẻ trang nghiêm, “xứng tầm hoàng gia”.
Bộ Đường sắt Nhật Bản khi đó đã thiết kế một công trình mang phong cách phương Tây với mái vòm, cột bê tông và cửa sắt lớn, phản ánh tinh thần hiện đại hóa đầu thế kỷ 20.
Ga Hakubutsukan-Dobutsuen nhanh chóng trở thành biểu tượng văn hóa của Tokyo thời tiền chiến, đồng thời là cổng vào khu di tích - bảo tàng nổi tiếng nhất thủ đô.
Năm 2018, công trình được công nhận là di tích lịch sử đầu tiên trong hệ thống đường sắt Tokyo, nhờ giá trị kiến trúc và văn hóa độc đáo. Ngày nay, ga Hakubutsukan–Dobutsuen được mở lại định kỳ cho các sự kiện đặc biệt.
“Ga ma” giữa lòng Shimbashi
Không xa đó, dưới ga Shimbashi nhộn nhịp, ẩn sau cánh cửa kim loại nhỏ cạnh lối ra số 8 là “ga ma Shimbashi” - sân ga bí ẩn của tuyến Ginza, tuyến tàu điện ngầm đầu tiên ở châu Á.
Được xây dựng năm 1939, nơi đây dài khoảng 50m, với các cột vòm uốn cong và tường ốp gạch khảm ghi dòng chữ “Shimbashi” theo chiều từ phải sang trái, dấu vết của thời trước chiến tranh.
Theo đại diện Tokyo Metro, ga này chỉ hoạt động trong 8 tháng do bất đồng giữa hai công ty đường sắt cùng khai thác tuyến. Sau đó, nó bị bỏ hoang và được gọi là “ga ma Shimbashi”.
Tuy nhiên, nhà nghiên cứu đường sắt Tatsuya Edakubo phát hiện rằng, sân ga từng được sử dụng lại trong giai đoạn Tokyo bị oanh tạc năm 1945. Khi tuyến Ginza bị đánh sập một đoạn, tàu phải quay đầu tại chính sân ga bị lãng quên này. “Nó là nhân chứng sống cho một phần lịch sử Tokyo mà ít người biết đến”, ông Edakubo nói.
Từ đống đổ nát đến không gian văn hóa
Rời lòng đất, bên bờ sông Kanda, phần còn lại của ga Manseibashi, nơi từng là biểu tượng của thời kỳ hiện đại hóa Nhật Bản đầu thế kỷ 20, vẫn đứng sừng sững giữa khu phố điện tử Akihabara.
Khai trương năm 1912, Manseibashi được kiến trúc sư Tatsuno Kingo (người thiết kế ga Tokyo) xây bằng gạch đỏ theo phong cách Anh, với nhà hàng, phòng chờ hạng sang và quán bar. Đây từng là ga nhộn nhịp thứ tư của Tokyo, chỉ sau Ueno, Shimbashi và Shinjuku.
Nhưng trận động đất Kanto năm 1923 đã phá hủy hầu hết công trình. Sau nhiều lần tái thiết, ga bị đóng cửa năm 1943 và chuyển thành bảo tàng Giao thông. Đến năm 2013, phần còn lại được phục dựng thành tổ hợp thương mại mAAch ecute Kanda Manseibashi, nơi các quán cà phê và cửa hàng thiết kế hòa cùng di tích lịch sử.
Hai cầu thang đá từ năm 1912 và 1935 được giữ nguyên, dẫn du khách đi ngược dòng thời gian. Những bức tường gạch với kỹ thuật trát truyền thống “fukurin meji” tạo cảm giác mềm mại, giống với lối kiến trúc của ga Tokyo hiện nay.
Bên trong, mô hình thu nhỏ tái hiện khu vực Manseibashi thời Taisho, từng là nơi quy tụ giới văn nghệ sĩ như Ryunosuke Akutagawa và Junichiro Tanizaki, nay trở thành điểm tham quan thu hút người yêu lịch sử đường sắt.
Những “ga ma” của Tokyo không chỉ kể lại câu chuyện kỹ thuật hay giao thông, mà còn là những lát cắt tinh tế của lịch sử đô thị Nhật Bản về khát vọng phát triển, sự đổ nát của chiến tranh và nỗ lực tái sinh. Dù những tiếng còi tàu cũ đã im bặt, trong tiếng rì rầm của thành phố hôm nay, dường như âm vang của quá khứ vẫn còn vọng lại từ sâu dưới lòng đất Tokyo.
Hoàng Vũ"
https://vietnamnet.vn/chuyen-ve-ngoi-chua-hai-vua-ton-tho-an-minh-giua-khuon-vien-dai-hoc-o-ha-noi-2455903.html,Không tìm thấy,,"Thánh Chúa là ngôi chùa cổ được khởi dựng từ thời Lý - trước năm 1064, là một trong những di tích lâu đời của vùng đất Thăng Long xưa. Chùa tọa lạc ở phường Dịch Vọng Hậu, Hà Nội.
Ngôi chùa gắn với 2 vua
Chùa Thánh Chúa được coi là nơi cầu tự ứng nghiệm để sinh ra vua Lý Nhân Tông và hơn 400 năm sau là nơi nương náu, nuôi dưỡng vua Lê Thánh Tông. Bởi vậy dân gian lưu truyền câu ca dao: ""Ngàn năm nay có mấy chùa/Như chùa Thánh Chúa hai vua tôn thờ"".
Theo truyền thuyết, chùa là nơi nguyên phi Ỷ Lan và các vị vua nhà Lý thường lui tới để nghiên cứu Phật pháp. Năm Quý Mão (1063), vua Lý Thánh Tông ngoài 40 tuổi mà chưa có con trai nối dõi. Người sai Chi hậu Nội nhân (chức quan nhỏ trong cung) là Nguyễn Bông tới làm lễ cầu tự tại chùa Thánh Chúa.
TS Tạ Thị Tâm - nhà nghiên cứu về lịch sử văn hóa Phật giáo tại Viện Hàn lâm Khoa học Xã hội Việt Nam chia sẻ: ""Vua Lý Thánh Tông vì đã lớn tuổi mà chưa có con trai nên thường tới chùa Thánh Chúa cầu tự. Sau khi cầu tự, Ỷ Lan nguyên phi đã mang thai và sinh ra hoàng tử Càn Đức, sau này là vua Lý Nhân Tông"".
Hiện nay, chùa mở cửa hằng ngày, trở thành điểm sinh hoạt tín ngưỡng quen thuộc của phật tử trong vùng, đặc biệt là các vãi ở 2 phường Dịch Vọng Hậu và Mai Dịch, TS Tạ Thị Tâm cho biết thêm.
Vào thời nhà Lê, ngôi chùa cổ còn gắn bó với tuổi thơ vua Lê Thánh Tông, một vị minh quân, nhà văn hóa lớn trong lịch sử dân tộc. Vua Lê Thánh Tông có tuổi thơ lận đận, gian lao. Theo bản ngọc phả hiện còn lưu ở chùa Thánh Chúa, cũng như các sách chính sử ghi chép, mẹ của vua là bà Ngô Thị Ngọc Dao (1421-1496).
16 tuổi, bà Ngọc Dao được tuyển vào làm cung tần, đến tháng 6 năm Canh Thân (1440) thì được sách phong làm Tiệp dư (đứng đầu trong 6 bậc nữ quan, nhưng thấp hơn tam phi).
Chùa là nơi bà cùng thái tử Lê Tư Thành ẩn náu khi triều đình nhà Lê gặp biến. Khi dẹp yên loạn lạc, thái tử được 2 vị trung thần của triều đình rước về kinh và lên ngôi, lấy niên hiệu là Lê Thánh Tông. Về sau, nhà vua nhớ ơn vị sư và ngôi chùa đã che chở mẹ con nên ban sắc phong và cho trùng tu lại chùa.
Ngôi chùa thanh tịnh giữa giảng đường đại học
Chùa Thánh Chúa nằm trong khuôn viên trường Đại học Sư phạm Hà Nội (cạnh nhà thi đấu, tòa nhà K), đối diện trường Đại học Luật, Đại học Quốc gia Hà Nội.
Về kiến trúc, chùa Thánh Chúa được xây theo hình chữ Đinh. Tam bảo chùa nhìn về hướng tây nam, kết cấu theo hình chuôi vồ. Hai bên chính điện có vườn rộng và cửa ngách thông với mặt sau, dẫn đến hành lang và nhà Tổ, nhà Mẫu, nhà Tăng, điện thờ Ỷ Lan, vườn tháp mộ.
Qua thời gian, sau nhiều lần trùng tu, chùa vẫn lưu giữ được một hệ thống tượng phong phú bằng gỗ và đất nung.
Đi qua hành lang cầu phía trái Tam bảo chùa, đối diện Nhà mẫu Mai Dịch là khu vườn tháp của chùa Thánh Chúa, với 9 ngôi bảo tháp lớn nhỏ, lưu giữ tro cốt của các vị trụ trì và chư tôn đức trong chùa.
Các tháp được xây dựng có 4 mặt, trang trí hoa văn theo văn hóa truyền thống Phật giáo.Mỗi tháp có 1 cửa, dạng cửa tò vò, phía bên trên là hình búp sen, biểu tượng cho sự trong trắng, thuần khiết.
Một góc khu vườn tháp chùa Thánh Chúa. Ảnh: Nguyễn Huy
Ngoài ra, trên gác Tam quan của chùa Thánh Chúa còn có quả chuông đồng đúc năm Mậu Tý, niên hiệu Minh Mạng thứ 9 (1828) và chiếc khánh đồng kiểu cánh dơi, nặng 125kg, mang niên hiệu Thiệu Trị thứ 5 (1845).
Theo thông tin được ghi chép tại chùa Thánh Chúa, năm 1959, trong lần về thăm Trường Đại học Sư phạm Hà Nội, Chủ tịch Hồ Chí Minh nhận thấy hội trường được xây dựng ngay trước cổng Tam quan chùa. Khi đó, Người đề nghị dỡ bỏ công trình, nhằm giữ gìn không gian và kiến trúc của ngôi chùa cổ. Điều đó chứng tỏ sự quan tâm của các cấp lãnh đạo về bảo tồn di tích lịch sử văn hóa.
Nằm ở vị trí đặc biệt, chùa Thánh Chúa trở thành điểm đến quen thuộc của sinh viên trong khu vực. Nhiều thầy và trò Trường THPT Chuyên Đại học Sư phạm thường đến chùa dâng hương, cầu may mắn trước những kỳ thi quan trọng.
Hằng năm, lễ hội truyền thống chùa Thánh Chúa được tổ chức vào ngày 25 tháng Giêng. Phần nghi lễ có dâng hương, dâng hoa cúng Phật và tưởng niệm Nguyên phi Ỷ Lan; phần hội có tổ chức các trò chơi dân gian như: cờ bỏi, bắt trạch trong chum, bịt mắt đập niêu.
Ngọc Hà - Nguyễn Huy"
https://vietnamnet.vn/ben-trong-khach-san-cao-cap-u22-viet-nam-va-tuyen-nu-luu-tru-tai-sea-games-33-2469777.html,Không tìm thấy,,"Tại SEA Games 33 (diễn ra từ 3-20/12 tại Thái Lan), đội tuyển nam U22 Việt Nam được ban tổ chức sắp xếp lưu trú tại The Quarter Ramkhamhaeng by UHG. Đây là khách sạn 4 sao tọa lạc tại trung tâm Bangkok, cách sân vận động Rajamangla - nơi diễn ra các trận đấu của đội, chỉ khoảng 1,5km, rất thuận lợi cho việc di chuyển.
Theo thông tin từ trang web chính thức của khách sạn, nơi đây có 338 phòng ngủ, được thiết kế hiện đại, tinh tế. Khách sạn còn gần tuyến tàu điện ngầm MRT Orange, kết nối trực tiếp với các khu mua sắm và thương mại như Siam, Pratunam...
Các tuyển thủ U22 Việt Nam được sắp xếp ở hạng phòng có mức giá 3-4 triệu đồng/đêm, đầy đủ tiện nghi, có minibar, máy pha trà, cà phê và Wi-Fi miễn phí.
Tại khách sạn có các không gian tập luyện thể thao như hồ bơi ngoài trời, phòng gym đạt chuẩn quốc tế… và không gian phù hợp cho các buổi họp của thầy trò ông Kim Sang Sik.
Sau trận thắng U22 Lào, trận đấu còn lại của vòng bảng, U22 Việt Nam sẽ chạm trán U22 Malaysia vào lúc 16h ngày 11/12.
Tuyển nữ Việt Nam lưu trú tại Classic Kameo Hotel and Serviced Apartments Sriracha thuộc huyện Sriracha, tỉnh Chonburi.
Khu nghỉ nằm cách sân Chonburi Daikin Stadium, nơi diễn ra 3 trận vòng bảng của đội tuyển nữ Việt Nam khoảng 22km. Đây cũng là nơi đóng quân của hai đối thủ cùng bảng - đội tuyển nữ Myanmar và Singapore.
Khu nghỉ này có hơn 600 phòng, được thiết kế theo mô hình căn hộ dịch vụ đầy đủ tiện nghi. Nơi đây từng đạt nhiều giải thưởng uy tín về nơi lưu trú.
Đội tuyển được bố trí khoảng 20 phòng cao cấp, đủ tiện nghi như điều hòa, bếp nhỏ, ban công, TV, két sắt và Wi-Fi miễn phí. Khu nghỉ này còn có bể bơi ngoài trời, phòng xông hơi...
Tổng hợp"
https://vietnamnet.vn/lan-dau-an-3-mon-dac-san-hue-khach-han-mat-binh-tinh-vi-qua-ngon-2470760.html,Không tìm thấy,,"Mới đây, Seonguk vàSimon, 2 vị khách người Hàn Quốc chia sẻ video lần đầu thưởng thức ẩm thực Huế.
Hai chàng trai này đều đã sống ở Việt Nam 5 năm và đang học tiếng Việt. Họ yêu thích ẩm thực, phong cảnh, con người Việt Nam và mong muốn chia sẻ những khoảnh khắc hạnh phúc tại đất nước hình chữ S trên kênh YouTube có tên ""3 anh em"".
Đôi bạn tới một quán ăn trên đường Nguyễn Quý Cảnh, TPHCM. Quán chuyên các món đặc trưng của Huế như bún bò Huế, bún hến, cơm hến, bún mắm nêm, bún thịt nướng, bánh bèo, cơm sườn nướng và các món chè Huế.
Với sự giới thiệu nhiệt tình của nhân viên, đôi bạn gọi 2 bát bún bò Huế, 1 bát cơm hến và 1 phần bánh bèo. Seonguk và Simon vào tận quầy để xem các thành phần của những món đặc sản Huế nổi tiếng này. Họ cảm thấy yên tâm về hương vị khi nhân viên ở đây đều là người Huế.
Khi nhân viên bưng đồ ăn ra bàn, Seonguk và Simon đều ngạc nhiên vì bát bún bò đặc biệt ""siêu to"", rất đầy đặn với giò heo, chả cua, tiết... ăn kèm bát rau sống lớn. Bát cơm hến nhiều màu sắc và bánh bèo trắng nõn nà được đặt bên cạnh.
Họ biết tới bún bò nhưng lần đầu nghe về cơm hến. Seonguk quá tò mò mà phải thử ngay 1 thìa cơm hến. ""Ôi siêu ngon"", anh nói. Chưa bao giờ ăn món này nhưng anh thấy hương vị hài hòa bất ngờ. Simon ăn thử theo bạn và cũng gật gù khen. Họ liên tục múc những thìa cơm đầy ắp, thừa nhận ""mất bình tĩnh vì đồ ăn quá ngon"".
Cơm hến là món ăn dân dã nhưng có cách chế biến cầu kỳ và tinh tế. Thành phần của cơm hến gồm cơm trắng để nguội, hến và các loại rau ăn kèm như xà lách, rau mùi, húng thơm, cải xanh, đậu phộng rang, vừng, mắm ruốc. Hến được đãi lấy thịt, làm sạch sau đó xào cùng hành, mỡ, măng khô, thịt lợn thái chỉ cho thật khô.
Hai thực khách người Hàn nghĩ hến là ""ngao khi còn nhỏ"", hoàn toàn không biết hương vị nó ngon tới vậy. ""Quá ngon, quá đặc biệt"", Simon khen nhiều lần.
Khi thưởng thức tới bún bò Huế, trong khi Seonguk thích cho thật nhiều rau sống thì Simon lại không thêm thành phần này. Nước dùng thơm ngon làm họ phấn khích. Họ gật gù vì miếng chả cua dai giòn, thơm ngon. Giò heo và bắp bò đều tươi, ăn rất hấp dẫn.
Bún bò Huế được Bộ Văn hóa Thể thao và Du lịch công nhận là Di sản văn hóa phi vật thể quốc gia. Bát bún bò chuẩn vị Huế có nước dùng thơm mùi sả và mắm ruốc. Mỗi đầu bếp có bí quyết riêng, khiến bún bò Huế ở mỗi quán có chút khác biệt.
Năm 2014, bún bò Huế được chuyên gia ẩm thực nổi tiếng Anthony Boudain giới thiệu trên kênh truyền hìnhCNNcủa Mỹ ""là món súp tuyệt vời nhất mà tôi từng nếm thử"".
Năm 2016, bún bò Huế đã được Tổ chức Kỷ lục châu Á đưa vào danh sách Top 100 món ăn đạt giá trị châu Á. Năm 2023,Taste Atlas -trang ẩm thực nổi tiếng quốc tế, xếp Huế ở vị trí 28 trong 100 thành phố có các món ăn ngon nhất thế giới, trong đó món bún bò Huế được coi là ""là những món ngon xứ Huế phải thử khi đến đây"".
Hồi tháng 5, bún bò Huế lại đượcTaste Atlascông bố trong danh sách 100 món ăn sáng ngon nhất thế giới.
Thử thêm bánh bèo dẻo mịn chấm nước mắm, Simon phải thốt lên: “Tôi muốn sống ở Huế, mỗi ngày đều được ăn ngon. Làm người Huế sướng thật”. Anh còn quay sang chủ quán nói đầy phấn khích: “Món nào cũng ngon. Tôi không thể ngừng khen”.
Hai thực khách Hàn Quốc ăn sạch toàn bộ món đã gọi và khẳng định sẽ sớm quay lại quán, thậm chí dẫn theo bạn bè. “Lần tới, chúng tôi sẽ gọi mỗi người 1 tô cơm hến”, Seonguk và Simon hào hứng nói."
https://vietnamnet.vn/dac-san-vinh-long-la-mieng-co-mon-khach-ngai-thu-co-mon-khong-ai-no-an-2470635.html,Không tìm thấy,,"Nem lầu – đặc sản ngon lạ, khách “không nỡ ăn”
Nem lầu (hay còn gọi là nem bì lầu, bì lầu) là món ăn độc đáo, nổi tiếng một thời ở vùng sông nước miền Tây, đặc biệt ở xứ dừa Vĩnh Long (tỉnh Bến Tre cũ).
Theo đó, bà con sẽ dùng lá dừa (lá dừa già hoặc non đều được) rồi đan lại thành hình chiếc lầu, bên trên có nhiều tầng và phía dưới là một ngăn rỗng ruột để đựng nem.
Để làm nem lầu, người địa phương có thể sử dụng nem chua hoặc nem bì nhưng nem bì thường được ưa chuộng hơn. Bởi sau khi sơ chế, tất cả nguyên liệu đều đã được nấu chín, chỉ cần chờ vài tiếng là có thể thưởng thức.
Trước đây, nem lầu từng được xem là món ăn “làm khó nhau” trong ngày cưới giữa nhà trai và nhà gái. Người ta phải biết cách mở nem, rồi sau khi lấy phần nhân ra lại phải thắt chiếc lầu như ban đầu. Nếu làm không khéo sẽ bị chê cười là không biết cách ăn.
Cũng vì thế mà nem lầu được xem là món “không ai nỡ ăn” vì hình thức cầu kỳ, đẹp.
Bún suông – đặc sản tên lạ, có miếng giống đuông dừa
Bún suông không chỉ nổi tiếng ở Vĩnh Long mà còn được công nhận là một trong 10 món ăn Việt Nam đạt giá trị ẩm thực châu Á vào năm 2013.
Bún suông còn có tên gọi khác là bún đuông. Tên gọi này được cho là bắt nguồn từ hình dáng của miếng chả tôm – nguyên liệu chính trong món bún.
Những miếng chả tôm sau khi chế biến có hình dáng giống con đuông dừa (một loại sâu trong thân cây dừa), cùng có màu vàng nhạt và thân mềm.
Ngoài chả tôm, trong món bún lạ miệng này còn có các nguyên liệu gồm bún, nước dùng và thịt ba chỉ, ăn kèm bắp cải trắng, rau muống, bắp chuối, rau thơm, giá đỗ với hành ngò.
Nước dùng của bún suông được ninh từ xương lợn, tôm, mực khô và một chút me chua, tạo vị chua thanh dịu, mùi thơm thoang thoảng. Nước dùng không trong mà có màu nâu nhạt, do ảnh hưởng từ me và tương hột.
Chuột dừa - đặc sản 4 chân ngon hơn thịt gà đồi
Ở Vĩnh Long (tỉnh Bến Tre cũ) có một món ăn liên quan đến dừa nhưng không phải ai cũng biết và có cơ hội được thưởng thức, đó là chuột dừa.
Chuột dừa khá giống chuột đồng nhưng sống trên cây dừa. Chúng ăn củ hủ dừa - phần lõi non được ví như tủy sống của cây và phá luôn trái để ăn phần cơm dừa, uống nước dừa bên trong.
Cũng bởi lấy chất dinh dưỡng từ đó mà chuột dừa được đánh giá là có mùi vị thơm ngon, hấp dẫn với phần thịt săn chắc, hơi dai, dậy vị ngọt tự nhiên.
Chuột dừa có thể chế biến thành nhiều món ăn như hấp, quay chảo, xào lăn, rim…, nhưng ngon và phổ biến nhất vẫn là chuột dừa nướng.
Chuột dừa ngon nhất khi nướng bằng bếp than, giữ mức lửa vừa và lật đều tay để đảm bảo thịt chín đều, còn phần da giòn, có màu vàng ruộm bắt mắt.
Bánh canh bột xắt - đặc sản có nước dùng sền sệt, ăn cùng mắm gừng
Bánh canh bột xắt là đặc sản của tỉnh Bến Tre cũ, được làm từ nguyên liệu chính là bột gạo.
Sở dĩ có tên gọi như vậy là vì khi chế biến, bột bánh canh được cán mỏng và xắt thành từng sợi nhỏ sao cho vừa ăn, sau đó cho vào nồi nước sôi luộc chín.
Điểm khác biệt của món ăn này chính là nước dùng sền sệt nấu từ thịt vịt xiêm chứ không loãng như bánh canh bột lọc và có màu trắng đục từ bột gạo tiết ra.
Trước khi nấu, thịt vịt sẽ được ướp gia vị như hành, tiêu, muối, chờ ngấm đều thì đem xào săn rồi mới cho vào nồi nấu nước dùng.
Tùy theo khẩu vị và cách chế biến của từng quán, người ta có thể cho thêm nước cốt dừa vào bột và nước dùng hoặc chế biến cả nội tạng vịt ăn kèm.
Đặc biệt là phần huyết vịt được nấu cùng gạo nếp dẻo, tạo thành món huyết nếp đặc trưng, giúp món bánh canh ngon và lạ miệng hơn.
(Tổng hợp)"
https://vietnamnet.vn/kham-pha-hang-dong-co-nhu-da-hinh-tuong-phat-ngoi-thien-o-ninh-binh-2468619.html,Không tìm thấy,,"Nằm trong khu du lịch Thung Nham (Ninh Bình), hang Bụt có chiều dài khoảng 500m, rộng chừng 20m, nước sâu khoảng 1,5m. Đây là một hang động tối và ngập nước, được bao quanh bởi những dãy núi trùng điệp, bên trong có hình dáng như đường ống hình bán nguyệt bằng đá.
Xưa kia, hang Bụt là con đường độc đạo để dẫn đến vùng thung lũng màu mỡ, phì nhiêu.
Những năm mất mùa đói kém, người dân địa phương đã liều mình vượt qua khu rừng rậm và những vách đá cao chót vót của núi Tướng - ngọn núi cao gần 200m, được coi là bức tường thành thiên nhiên vững chắc bao bọc, bảo vệ phía tây nam kinh đô Hoa Lư thế kỷ thứ X - để vào trong thung lũng tìm kiếm thức ăn.
Tuy nhiên, sau trận lụt lớn, người dân địa phương bất ngờ phát hiện cửa hang sâu thẳm. Vì sợ hãi bóng tối và nguy hiểm nên rất ít người dám đi sâu vào trong hang.
Đại diện khu du lịch Thung Nham cho biết, tích xưa kể lại, một ngày nọ, người dân bắt gặp ông lão râu tóc bạc phơ chỉ dẫn họ cách đi qua hang và đưa họ đến bờ an toàn. Nhưng khi quay lại để tạ ơn ông lão thì người dân không thấy ông đâu nữa.
Lúc ấy, người dân phát hiện ở ngay nơi ông vừa đứng xuất hiện một bức tượng đá bệ vệ, có hình hài giống hệt ông lão vừa nãy. Từ đó, dân làng tin rằng ông lão chính là Đức Phật trên trời giáng xuống để cứu dân độ thế. Cũng từ đó, người dân hết lòng thờ phụng tượng đá này và đặt tên cho hang này là hang Bụt.
Hiện nay, nằm chính giữa hang là một khối nhũ đá cao 1,5m, rộng 2m, có hình thù giống như một ông bụt (Phật ngồi thiền) hiện ra trong không gian huyền ảo, lung linh khiến du khách trong nước và quốc tế thích thú khi tham quan nơi này.
Ngoài ra, trong hang động còn có thạch nhũ hình voi phục, đào tiên, hoa tuy-líp... và hàng trăm con dơi sinh sống.
Du khách tham quan hang Bụt sẽ ngồi thuyền xuôi theo dòng sông Bến Đang xanh ngọc bích. Không gian trong hang như đưa du khách lạc vào chốn bồng lai tiên cảnh.
“Điều thú vị khi khám phá hang là phải ngồi thuyền chèo tay, dùng đèn pin chiếu sáng. Chúng tôi có thể tận mắt nhìn thấy thiên nhiên hoang sơ bên trong với nhiều khối thạch nhũ hình thù độc đáo.
Đặc biệt, nhiều người ngạc nhiên khi giữa hang động xuất hiện một khối nhũ đá giống hình tượng Phật đang ngồi thiền, mang vẻ thanh tịnh và kỳ bí”, du khách Trịnh Văn Đồng chia sẻ.
Được biết, hang Bụt nằm xuyên lòng núi Tướng, nối liền giữa Khu du lịch Thung Nham và động Thiên Hà, nên nhiều du khách có thể di chuyển qua lại giữa hai bên.
"
https://vietnamnet.vn/da-nang-cong-bo-loat-su-kien-hut-khach-du-lich-nam-2026-2470918.html,Không tìm thấy,,"Thông tin được đưa ra tại buổi họp báo công bố lễ hội Chào năm mới Đà Nẵng 2026 - Danang New Year Festival 2026 do Sở Văn hóa, Thể thao và Du lịch Đà Nẵng tổ chức chiều 9/12.
Theo Sở Văn hóa, Thể thao và Du lịch, từ đầu năm 2026 đến hết tháng 8/2026, Đà Nẵng sẽ đồng loạt làm mới diện mạo du lịch biển bằng chuỗi mô hình check-in trải dài tại các bãi biển lớn của TP.
Lễ hội Chào năm mới 2026 diễn ra trong 5 ngày (30/12/2025 - 3/1/2026) với nhiều hoạt động văn hóa, giải trí đa sắc.
Chuỗi mô hình check-in Chào năm mới 2026 (20/12/2025 - 3/1/2026) với 4 không gian check-in như: Giáng sinh rực rỡ với cây thông cao 20m, giai điệu chào năm mới, sắc màu Hội An, sắc vàng Đà Nẵng.
Điểm mới của lễ hội năm nay là thành phố tổ chức Đại lộ “Đà Nẵng - Chào năm mới 2026”, diễn ra trong 3 đêm (30/12/2025 - 1/1/2026) trên tuyến phố đi bộ Bạch Đằng (phường Hải Châu).
Không gian đại lộ được tái hiện như một “trục lễ hội sáng tạo”, nơi âm thanh, ánh sáng và nghệ thuật hòa quyện tạo nên bầu không khí rộn ràng đón năm mới, cho phép du khách tự do khám phá, trải nghiệm.
Lễ hội còn tổ chức giải chạy “Thắp sáng sông Hàn - Chạy đến tương lai”, diễn ra từ 22h đến 24h ngày 31/12/2025.
Phó Chủ tịch UBND thành phố Nguyễn Thị Anh Thi cho biết, lễ hội Chào năm mới Đà Nẵng 2026 là sự kiện văn hóa, thể thao, du lịch thường niên cấp thành phố.
“Lễ hội được kỳ vọng mang lại những khoảnh khắc vui tươi, những trải nghiệm giàu cảm xúc và là điểm đến không thể bỏ qua của du khách” – Phó Chủ tịch TP chia sẻ và nhấn mạnh “Chuỗi sự kiện sẽ là dấu ấn đặc biệt, lan tỏa không khí ấm áp trong thời khắc chuyển giao năm cũ và chào đón năm mới.
Qua đó, góp phần nâng cao trải nghiệm của du khách, đa dạng hóa sản phẩm du lịch, kích cầu thu hút khách du lịch đến với Đà Nẵng. Đồng thời, tạo động lực để ngành du lịch thành phố tiếp tục bứt phá mạnh mẽ, tiếp tục khẳng định vị thế Đà Nẵng là điểm đến lễ hội hàng đầu khu vực trong năm 2026”.
Theo Thống kê của thành phố, tổng lượng khách do các cơ sở lưu trú phục vụ trong tháng 11/2025 ước đạt hơn 1,1 triệu lượt, trong đó có 606.000 lượt khách quốc tế. Lũy kế 11 tháng năm 2025, các cơ sở lưu trú trên địa bàn thành phố đã phục vụ khoảng 16,5 triệu lượt khách, tăng 18,9% so với cùng kỳ năm 2024; riêng khách quốc tế đạt 7 triệu lượt."
https://vietnamnet.vn/ho-nuoc-xanh-nhu-ngoc-gay-sot-mang-khach-viet-tung-trai-nghiem-noi-gi-2469643.html,Không tìm thấy,,"Hồ nước ""chỉ cần giơ máy lên là có ảnh đẹp""
Hồ Bạch Sa xuất hiện trong những bức ảnh với màu nước xanh ngọc óng ánh, lấp lánh dưới nắng. Quanh hồ là những dãy núi nhấp nhô, đỉnh phủ tuyết trắng xóa, tưởng như cảnh do AI tạo ra.
Thực tế, hồ Bạch Sa là điểm đến nổi tiếng trên mạng xã hội Trung Quốc từ lâu với những video, hình ảnh hút cả triệu lượt tương tác. Tuy nhiên, để đến được đây, du khách phải thực hiện những bước rất nghiêm ngặt, vì nó là con đường dẫn đến Pakistan.
Chị Khánh Huyền (Hà Nội) là một du khách Việt từng tới tham quan hồ Bạch Sa trong hành trình khám phá Tân Cương kéo dài 8 ngày.
Tân Cương - rộng 1,6 triệu km2 (chiếm gần 1/6 tổng diện tích Trung Quốc) - có địa hình rất đa dạng, từ những dãy núi tuyết, sông băng, hồ nước đến thảo nguyên và sa mạc... Chị Huyền lựa chọn du lịch tự túc và thuê hướng dẫn người địa phương để có thể tới những địa điểm ""bí ẩn"", không quá đông đúc, giữ vẻ đẹp hoang sơ. Hồ Bạch Sa là một nơi chị Huyền quyết tâm phải tới.
Khi chiếc xe lăn bánhtrên con đường cao tốc hữu nghị Karakoram,mặt hồ dần hiện ra khiến nữ du khách vỡ òa cảm xúc. Vẻ đẹp thực tế của hồ Bạch Sa còn ấn tượng hơn những bức ảnh chị từng xem trên mạng.
Giữa mênh mông cát gió, hồ Bạch Sa hiện lên như một ốc đảo xanh thẳm. Mặt hồ trong vắt nhìn thấu đáy, được tạo nên từ nước băng tan của núi tuyết, hòa cùng rừng bạch dương ven bờ, cát trắng hoang sơ và những dải núi tuyết bao quanh. Tất cả vẽ nên bức tranh thiên nhiên vừa hùng vĩ vừa dịu dàng.
""Ở đây, chỉ cần giơ máy lên là có ảnh đẹp, chẳng cần chỉnh sửa gì thêm"", chị nói.
Du khách đến hồ đều muốn check-in tại “con đường điện ảnh”, nơi bên trái là mặt hồ xanh thẳm, phía xa là những dãy núi phủ tuyết bạc, còn phía sau là cồn cát trắng trải dài.
Hồ Bạch Sa mỗi mùa mang một vẻ đẹp khác nhau. Từ tháng 10 đến tháng 3, tuyết phủ trắng xóa và mặt hồ xanh thẳm đến mức tạo cảm giác chỉ cần chạm nhẹ cũng có thể vỡ tan.
Tân Cương - mảnh đất khách muốn quay lại nhiều lần
Chị Khánh Huyền chia sẻ, Tân Cương quá rộng và đẹp khiến chị muốn được trở lại nhiều lần.
Trong chuyến đi vừa qua, chị Huyền ghé qua nhiều địa danh như Kashgar, Hotan, Kucha và đặc biệt là Taxkorgan. Tại vùng đất biên giới này, chị lần đầu trải nghiệm ngủ ở độ cao gần 4.000m, đối mặt khí hậu lạnh buốt và không khí loãng - thử thách không nhỏ nhưng cũng là kỷ niệm khó quên.
Theo chị, du lịch Tân Cương có nhiều trở ngại: người dân chủ yếu là người Duy Ngô Nhĩ và sử dụng tiếng địa phương; khoảng cách giữa các điểm đến rất xa, có khi hàng trăm km; thời tiết thay đổi mạnh, chỗ lạnh buốt nhưng nơi khác lại nắng gắt. “Nhà vệ sinh ở đây khá thô sơ, nên du khách cần chuẩn bị tâm lý và mang theo đồ vệ sinh cá nhân”, chị nói.
Thế nhưng, trong cảm nhận của chị, người dân nơi đây rất thân thiện. Chị giao tiếp với họ bằng ứng dụng dịch, ngôn ngữ cơ thể và chủ yếu là nụ cười.
Không chỉ cuốn hút bởi thiên nhiên, ẩm thực địa phương cũng để lại cho chị Khánh Huyền những trải nghiệm khó quên.
Các món ăn ở Tân Cương nổi tiếng “siêu to khổng lồ”. Trong suốt hành trình, chị đã thử đủ đặc sản như thịt cừu nướng, bánh mì dẹt, lẩu bò Tạng hay những suất cơm bụi giản dị ven đường.
Nhưng ấn tượng nhất vẫn là những xiên thịt nướng tẩm ướp đậm đà, cháy cạnh vừa đủ, mềm, thơm và cay nhẹ đặc trưng. “Giữa cái lạnh khô của sa mạc, cầm xiên thịt nóng hổi uống kèm chút bia, đúng là chuẩn vị Nam Cương”, chị kể.
""Tôi dự định quay lại Bắc Cương vào mùa đông để được đắm chìm trong thung lũng Altay, Kanas, Hemu hay hồ Sayram"", nữ du khách cho biết.
Trọng Nghĩa"
https://vietnamnet.vn/hang-tram-nghin-nguoi-do-ve-ho-guom-trong-ngay-hoi-viet-nam-hanh-phuc-2025-2470285.html,Không tìm thấy,,"Tối 7/12, đêm gala âm nhạc Việt Nam Hạnh Phúc diễn ra tại Quảng trường Đông Kinh Nghĩa Thục (Hà Nội), thu hút hàng nghìn người dân và du khách.
Là điểm nhấn của ""Vietnam Happy Fest 2025 – Ngày hội Việt Nam Hạnh Phúc"", chương trình truyền tải thông điệp sẻ chia, kết nối và lan tỏa tinh thần tích cực trong cộng đồng.
Với 3 chương gồm: Hạnh phúc là bình yên – Hạnh phúc là lan tỏa – Hạnh phúc là yêu thương, đêm nhạc mang đến những bản tình ca sâu lắng, tiết mục hài duyên dáng, cùng các câu chuyện nhân văn về tình người, sự lạc quan và niềm tin vào những điều tốt đẹp. Khán giả cũng tham gia nhiều trò chơi tìm hiểu về hạnh phúc.
Đêm nhạc đã khép lại ""Vietnam Happy Fest 2025 – Ngày hội Việt Nam Hạnh Phúc"" trong không khí trọn vẹn và tràn đầy năng lượng tích cực.
Trong 3 ngày diễn ra, ""Vietnam Happy Fest 2025 – Ngày hội Việt Nam Hạnh Phúc"" thu hút hàng trăm nghìn lượt người dân và du khách.
Ngày hội năm nay đưa công chúng khám phá 13 không gian trải nghiệm quanh Hồ Gươm, với nhiều điểm nhấn nổi bật như lễ cưới tập thể của 80 cặp đôi với chủ đề “Ngày chung đôi – Yêu là hạnh phúc”, Lễ hội Việt phục – Bách hoa hỷ sự, cùng nhiều hoạt động văn hóa - tương tác độc đáo.
Lễ trao Giải thưởng truyền thông về quyền con người “Việt Nam hạnh phúc – Happy Viet Nam” là một trong những hoạt động quan trọng, thu hút sự quan tâm lớn của cộng đồng.
Năm nay là lần thứ ba giải thưởng được tổ chức theo hình thức trực tuyến trên nền tảng quảng bá hình ảnh Việt Nam – Vietnam.vn, nhằm khích lệ người dân trong nước, cộng đồng kiều bào và bạn bè quốc tế sáng tạo ảnh, video về đất nước và con người Việt Nam bằng các công cụ số hiện đại.
Thứ trưởng Thường trực Bộ Văn hóa, Thể thao và Du lịch Lê Hải Bình cho biết sau 3 năm tổ chức, giải thưởng đã vượt ra ngoài khuôn khổ một cuộc thi ảnh - video truyền thống để trở thành giải thưởng cấp quốc gia, thu hút gần 40.000 tác phẩm tham dự.
Không chỉ gói gọn trong phạm vi trong nước, nhiều tác phẩm còn được giới thiệu tới bạn bè quốc tế thông qua các triển lãm và sự kiện văn hóa tại Sochi (Nga), Bangkok (Thái Lan), Venezuela, Australia và Thụy Điển.
Riêng năm nay, sau hơn 4 tháng phát động, Ban tổ chức đã nhận được 17.000 tác phẩm ảnh và video, tăng 1,7 lần so với năm 2024. Hội đồng Giám khảo đã chọn ra 36 tác phẩm đoạt giải, cùng 150 ảnh và 29 video tiêu biểu để trưng bày tại triển lãm.
Ở hạng mục ảnh, giải nhất thuộc về tác phẩm ""Việt Nam - Kỷ nguyên vươn mình"" của tác giả Phạm Ngọc Long Thiên. Hạng mục video vinh danh giải nhất là tác phẩm ""Những nụ cười hạnh phúc"" của tác giả Lưu Minh Khương.
Thông qua giải thưởng, Ban Tổ chức muốn truyền đi thông điệp về một Việt Nam đang chuyển động mạnh mẽ và phát triển toàn diện trên nhiều lĩnh vực: đột phá trong khoa học - công nghệ, đổi mới sáng tạo và chuyển đổi số quốc gia; đẩy mạnh hội nhập quốc tế; đổi mới công tác xây dựng và thực thi pháp luật; thúc đẩy kinh tế tư nhân phát triển nhanh, bền vững và hiệu quả."
https://vietnamnet.vn/tuyet-chieu-san-ve-may-bay-dat-phong-gia-re-tin-do-du-lich-khong-the-bo-qua-2469397.html,Không tìm thấy,,"“Săn vé giá rẻ không còn là chuyện thử vận may nếu bạn biết đúng cách”, tổ chức bảo vệ người tiêu dùng Which? của Anh nhận định.
Theo Which?, du khách nên dùng các trang web so sánh giá trước khi quyết định đặt ngay hay chờ ưu đãi tốt hơn. Tổ chức này đã đánh giá nhiều công cụ dựa trên khảo sát hàng nghìn du khách và các phương pháp phân tích độc lập.
Săn phòng khách sạn
Which?cho rằng Kayak, Trivago và Skyscanner là 3 công cụ so sánh giá hiệu quả nhất khi tìm khách sạn giá rẻ. Tuy nhiên, các trang này không thể kiểm chứng chất lượng từng website đặt phòng mà họ gợi ý.
Vì thế, sau khi tham khảo giá, du khách nên đặt trực tiếp với khách sạn. Nhiều khách sạn sẵn sàng giảm giá thêm hoặc tặng ưu đãi khi khách gọi điện trao đổi trực tiếp.
Săn vé máy bay
Mỗi công cụ so sánh giá vé máy bay đều có ưu - nhược điểm riêng. Which? khuyến nghị du khách kết hợp Google Flights, Kayak và Skyscanner để kiểm tra chéo giá vé.
Google Flights và Kayak thường hiển thị cảnh báo về thời điểm đặt vé tối ưu. Trong khảo sát của Which?, Google Flights được đánh giá cao nhất nhờ bộ lọc linh hoạt, khả năng gợi ý điểm đến giá rẻ và tùy chọn loại bỏ các kết quả không bao gồm hành lý ký gửi.
Với Skyscanner, người dùng chỉ cần nhập điểm đi - đến và thời gian dự kiến, công cụ sẽ đưa ra giá trung bình và thời điểm mua rẻ nhất, thậm chí gợi ý các chuyến bay có lượng phát thải CO2 thấp. Tuy nhiên, du khách nhận xét giá hiển thị đôi khi chưa thật sự chính xác, dù không chênh lệch quá nhiều so với thực tế.
Kayak nổi bật với tính năng dự đoán khả năng giảm giá và gửi thông báo khi vé hạ giá.
Cuối cùng, Các chuyên gia của Which? nhấn mạnh: luôn kiểm tra giá trực tiếp với hãng bay và đặt vé qua hãng khi có thể. Điều này giúp hành khách giảm thiểu rủi ro nếu cần thay đổi hoặc điều chỉnh lịch trình.
Khánh Linh"
https://vietnamnet.vn/bi-khach-to-mieng-thit-co-doi-quan-bo-nhung-giam-o-ha-noi-tam-dung-hoat-dong-2470234.html,Không tìm thấy,,"Vị khách cho biết, khi đang dùng bữa, chị phát hiện một miếng thịt gầu bò có hiện tượng lạ: nổi cục và xuất hiện những đốm nhỏ như có dòi. Hình ảnh và thông tin nữ du khách chụp lại và chia sẻ nhanh chóng thu hút sự chú ý trên mạng xã hội. Nhiều người dùng mạng lo lắng khi quán ăn này vốn là địa điểm quen thuộc với họ.
Theo tìm hiểu, quán bò nhúng giấm này khá có tiếng, đông đúc thực khách, đã hoạt động hơn 15 năm. Ngoài cơ sở nằm trên đường Trần Xuân Soạn, quán còn có 1 cơ sở khác nằm ở phố Thi Sách.
Theo đánh giá trên Google, quán bò nhúng giấm này đạt 3,7/5 sao (kết quả từ 869 đánh giá).
Ông Nguyễn Mạnh Hùng - Chủ tịch UBND phường Hai Bà Trưng (Hà Nội), cho biết đã giao cho Phòng Văn hóa - Xã hội phối hợp với Công an phường Hai Bà Trưng xác minh làm rõ.
Trao đổi với phóng viên, đại diện phòng Văn hóa - Xã hội, phường Hai Bà Trưng thông tin: Ngay khi nhận được phản ánh trên mạng xã hội, ngày 6/12, đơn vị đã phối hợp với Công an phường Hai Bà Trưng và lực lượng y tế đến cơ sở trên làm việc.
Tại thời điểm kiểm tra, cơ sở không hoạt động. Đoàn kiểm tra đã yêu cầu cơ sở tạm dừng hoạt động kinh doanh dịch vụ ăn uống.
Phòng Văn hóa - Xã hội phường cũng cho hay, theo hồ sơ lưu trữ tại phường, cơ sở này có đầy đủ giấy phép kinh doanh, giấy chứng nhận vệ sinh an toàn thực phẩm còn hiệu lực và bản cam kết đảm bảo an toàn thực phẩm.
Đoàn kiểm tra liên ngành tiếp tục thu thập thông tin, thực hiện kiểm tra toàn bộ cơ sở và sẽ xử lý nghiêm vi phạm (nếu có) theo quy định của pháp luật. Sau khi có kết quả kiểm tra, phường sẽ đăng công khai thông tin trong thời gian sớm nhất."
https://vietnamnet.vn/dac-san-dong-thap-khong-phai-ai-cung-dam-thu-khach-sanh-an-khen-gion-rum-ngon-2470142.html,Không tìm thấy,,"Chuột đồng quay lu là đặc sản có tiếng ở Đồng Tháp, từng lọt top 100 món ăn đặc sản Việt Nam 2021-2022 do Tổ chức Kỷ lục Việt Nam (Vietkings) và Tổ chức Top Việt Nam (VietTop) bình chọn.
Đúng như tên gọi, món ăn này được chế biến từ nguyên liệu chính là chuột đồng. Giống chuột này sống ở đồng ruộng, chủ yếu ăn lúa nên thường được bà con bản địa bắt về, sơ chế làm thức ăn vì thịt thơm, không hôi, lại có độ béo, chắc.
Anh Võ Phát (sống ở phường Mỹ Trà, tỉnh Đồng Tháp) cho biết, chuột đồng quay lu là món nhậu khoái khẩu của người địa phương, phổ biến nhất là khu vực huyện Cao Lãnh cũ.
Ngoài chuột đồng, bà con bản địa còn ưa chuộng sử dụng cả thịt chuột cống nhum. Đây là hai giống chuột có nhiều ở Đồng Tháp. Chúng thường sống ở những nơi mát mẻ, chủ yếu ăn lúa gạo, bắp, khoai mì và thức ăn có sẵn trong tự nhiên như cua, ốc… nên thịt béo, chắc, lại thơm ngon.
Theo anh Phát, chuột ở đây được săn bắt quanh năm hoặc theo thời vụ. Tuy nhiên, thời điểm chuột đạt chất lượng nhất là vào mùa gặt, khoảng tháng 9, tháng 10 dương lịch hằng năm.
Khi ấy, chuột ăn no lúa chín nên béo mũm mĩm, khi chế biến sẽ càng dậy vị thơm ngon.
“Chuột đồng sau mùa gặt béo múp vì được ăn lúa chín, trọng lượng khoảng 5-6 con/kg. Lúc đó, bà con gặt lúa xong lại tranh thủ quây lưới, đuổi chuột trên đồng rồi bắt sống, đem về bán hoặc chế biến món ăn.
Người nhiều kinh nghiệm có thể bắt được cả chục cân chuột mỗi ngày”, anh Phát kể.
Người đàn ông này cũng cho hay, chuột đồng bắt về đem trụng sơ với nước sôi để vặt lông, sau đó mổ bụng, làm sạch ruột và cắt bớt móng vuốt cùng phần đầu, đuôi.
Sơ chế xong, người ta tẩm ướp thịt chuột với một vài gia vị như dầu hào hoặc ngũ vị hương, mắm hoặc muối…, chờ ngấm đều rồi móc từng con, cho vào lu.
Lu dùng để quay thịt chuột thường được bà con địa phương khoét một lỗ ở đáy, thông ra ngoài để bỏ than vào nướng. Chuột sẽ được quay trong lu, khoảng năm, mười phút mở nắp một lần, trở đều cho chín.
“Mỗi mẻ sẽ quay được từ 8 đến 30 con. Trong quá trình quay, đầu bếp phải chú ý mở nắp lu, trở đều tay, thêm mỡ và nước gia vị để thịt chuột thêm đậm đà.
Chuột quay khoảng từ 45 phút đến 1 tiếng là chín. Khi thịt chín, người ta sẽ phết lên lớp da một chút mật ong. Cách làm này giúp món ăn dậy mùi thơm và lên màu đẹp mắt”, anh nói thêm.
Món chuột quay lu đạt chất lượng khi phần da phồng lên, ửng màu đỏ nâu hoặc cánh gián, còn thịt chín đều, mềm mọng.
Ở Đồng Tháp, món chuột đồng quay lu được thưởng thức kèm các loại rau thơm, chấm với muối tiêu chanh hấp dẫn.
Món này ngon nhất khi ăn nóng, thích hợp làm món nhậu lai rai trong những buổi tụ tập cùng bạn bè, người thân.
Chị Mai Chi (TPHCM) từng có dịp thưởng thức chuột đồng quay lu ở huyện Cao Lãnh cũ cho biết, bản thân ban đầu cảm thấy dè chừng, có chút e ngại khi nghe hướng dẫn viên giới thiệu về món ăn.
Tuy nhiên, sau khi mạnh dạn nếm thử, chị thấy mùi vị của thịt chuột quay khác xa tưởng tượng, thậm chí ngon như món heo sữa quay mà chị từng ăn.
“Nếu chỉ nhìn hình thức món ăn thì khó ai nhận ra nó được chế biến từ thịt chuột nhưng biết nguyên liệu rồi, không phải thực khách nào cũng dám thử”, chị Chi hài hước chia sẻ.
Nữ du khách nhận xét, món chuột đồng quay lu có lớp da giòn rụm, còn phần thịt bên trong mềm mọng, tươm mỡ, ăn béo ngậy và có vị ngọt thơm rất riêng.
Khi ăn thịt chuột quay cùng muối tiêu chanh và rau răm, chuối chát, cà chua, dưa leo…, chị không có cảm giác ngấy vì dầu mỡ."
https://vietnamnet.vn/dac-san-an-choi-vi-ngon-la-o-hung-yen-khach-o-xa-co-tien-cung-kho-mua-2468884.html,Không tìm thấy,,"Chả gà Tiểu Quan là món ăn có nguồn gốc từ thôn Tiểu Quan, thuộc xã Khoái Châu, tỉnh Hưng Yên (xã Phùng Hưng, huyện Khoái Châu cũ).
Món này cũng từng lọt Top 100 món ăn đặc sản Việt Nam 2021-2022 do Tổ chức Kỷ lục Việt Nam (Vietkings) và Tổ chức Top Việt Nam (VietTop) bình chọn.
Đúng như tên gọi, chả gà Tiểu Quan được làm từ nguyên liệu chính là thịt gà, kết hợp với một vài gia vị khác như lòng đỏ trứng gà, mắm, hạt tiêu, mỡ lợn, nước cốt gừng và nước cốt hành khô.
Qua bàn tay khéo léo của người địa phương, những nguyên liệu dân dã được chế biến thành món ăn hấp dẫn, trở thành đặc sản được ưa chuộng trong khu vực và lan tỏa tới các tỉnh thành xung quanh.
Chị Bùi Thùy – thành viên trong gia đình có truyền thống làm chả gà lâu năm ở thôn Tiểu Quan cho biết, để làm chả ngon, cần tuyển chọn nguyên liệu kỹ lưỡng.
Gà phải chọn loại gà mái được chăn thả tự nhiên ở vườn, nặng cân và thịt chắc. Gà làm sạch, đem lọc xương, gân và da, chỉ giữ lại phần thịt.
Hành cũng lựa loại hành tía. Còn gừng được sử dụng là giống gừng ta để tạo mùi thơm đặc trưng. Mỡ lợn mua về đem rửa sạch, thái thành các lát mỏng hoặc hình hạt lựu.
Sau khi chuẩn bị xong mọi nguyên liệu, người dân sẽ cho thịt gà vào cối giã. Công đoạn này phải thực hiện theo phương pháp thủ công (giã tay) và sử dụng cối đá thì món ăn mới thơm, ngon.
Trong quá trình giã, người ta sẽ đổ thịt ra mâm để loại bỏ sạch hết phần gân trắng còn sót lại, sau đó đổ thịt vào giã tiếp.
Khi thịt gà giã gần đạt thì cho tiếp các nguyên liệu còn lại vào, dùng chày trộn đều cho sánh quyện.
Tiếp đến, người ta đổ hỗn hợp thịt giã nhuyễn lên lá chuối hoặc giấy bạc, dàn thật mỏng cho vuông vức, phẳng đều rồi úp một lớp lá chuối nữa lên.
Cách làm này vừa để che chắn cho món ăn đỡ dính bụi, bẩn, vừa giúp chả hòa quyện mùi thơm của lá chuối, tránh bị cháy sém và lên màu đẹp mắt khi nướng.
Chả sau khi dàn đều ra phên sẽ được đem nướng trên bếp than. Người ta sẽ canh lửa sao cho mức nhiệt vừa phải để chả nướng chín đều, dậy mùi thơm nức.
Chả nướng xong chờ nguội bớt sẽ được cắt thành những lát nhỏ vừa ăn, nhìn giống bánh quy, ngả màu cánh gián hấp dẫn.
Chị Thùy chia sẻ, chả gà Tiểu Quan được xem là món “ăn chơi” chứ không phải ăn no của bà con địa phương.
Bởi khi ăn, người ta phải thưởng thức thật từ tốn, chậm rãi để có thể cảm nhận trọn vẹn độ béo ngậy, mềm mịn như tan trong khoang miệng của món đặc sản này.
“Chả gà Tiểu Quan là món ăn không thể thiếu trong ngày Tết của các gia đình địa phương, đặc biệt được nhiều người sống xa quê yêu thích, muốn cùng làm và thưởng thức khi sum họp vào dịp Tết”, chị bày tỏ.
Chị cũng tiết lộ, món chả gà làm rất kỳ công, không sử dụng chất bảo quản, lại mềm mỏng, dễ vỡ nên khó vận chuyển xa.
Bởi vậy, nhiều người thường đùa nhau rằng, đây là món ăn mà người ở xa hay có tiền cũng khó mua, chỉ có thể trải nghiệm nếu ghé thăm thôn Tiểu Quan vào đầu năm mới.
Chị Thanh Thủy (Hà Nội) từng có dịp về quê bạn ở Tiểu Quan và thưởng thức đặc sản chả gà nhận xét, món này không chỉ gây ấn tượng về mặt hình thức mà còn có hương vị lạ miệng, khác hẳn các món chả truyền thống chị từng ăn.
“Mới đầu nhìn thấy món chả gà được bày trên mâm, mình còn nghĩ đó là món bánh khai vị hay tráng miệng nào đó. Nhưng khi nếm thử, mình mới biết loại chả này khá nổi tiếng ở địa phương.
Tuy nhiều gia đình không kinh doanh nhưng họ vẫn làm chả gà vào dịp Tết hoặc dùng để chiêu đãi khách quý ghé thăm nhà, vừa duy trì và giữ hồn cho món ăn truyền thống, vừa lan tỏa nét văn hóa ẩm thực đặc sắc tới bạn bè phương xa”, chị Thủy bày tỏ.
Ảnh: Chả gà Tiểu Quan Quang Duy"
https://vietnamnet.vn/dac-san-8-cang-2-cang-co-tu-nam-ra-bac-khach-sanh-an-khen-ngon-ngot-hon-cua-2469433.html,Không tìm thấy,,"Chù ụ - đặc sản có tên ""buồn rười rượi"" ở Vĩnh Long
Chù ụ là một loài giáp xác họ nhà cua, thường sống ở các bãi bồi ven biển và cửa sông thuộc khu vực miền Tây, phổ biến hơn cả là ở Vĩnh Long (tỉnh Trà Vinh cũ).
Chù ụ có vẻ ngoài ""cọc cằn, ủ rũ"" với những vết hằn sần sùi trên chiếc mai đen nhánh giống như hoa văn. Phần thân phía trước nhìn cũng tựa như một khuôn mặt đang giận dỗi.
Có lẽ bởi thế mà người dân địa phương đặt cho chúng cái tên chù ụ, liên tưởng đến biểu cảm “xị mặt”, không mấy vui vẻ của con người (theo cách gọi miền Tây).
Ở Vĩnh Long, chù ụ được chế biến thành nhiều món như nướng, luộc, hấp bia, làm mắm… nhưng ngon và phổ biến hơn cả là chù ụ rang me.
Món này cũng từng lọt Top 100 món ăn đặc sản Việt Nam 2021-2022 do Tổ chức Kỷ lục Việt Nam (Vietkings) và Tổ chức Top Việt Nam (VietTop) công bố.
Món chù ụ rang me ngon nhất khi ăn nóng. Những chiếc càng giòn rụm, chắc thịt và có vị thơm tự nhiên, không tanh. Vị chua của me và vị ngọt béo của chù ụ hòa quyện vào nhau tạo thành món ăn hấp dẫn.
Cúm núm - đặc sản tên lạ ở Quảng Ngãi dạt theo sóng vào bãi
Cúm núm (hay con cúm) là một loài cua thường sinh sống ở khu vực sát bờ biển, khác với con cúm núm (còn gọi là gà nước, một loài chim sống theo cặp, ở miền Tây).
Chúng vừa giống ghẹ vừa giống cua, cũng 8 cẳng, 2 càng nhưng ngắn và dẹt.
Cúm núm đào hang sống ở đáy nước, đến mùa sinh sản thường trôi theo sóng biển, dạt vào bờ. Loài vật này có lớp vỏ cứng, mai màu xanh hoặc ngả vàng, nhiều đốm li ti. Phần bụng màu trắng sữa, càng và chân màu vàng nhạt.
Thời điểm tháng 7, 8 âm lịch là lúc con cúm núm đạt chất lượng nhất. Đây là giai đoạn sinh trưởng mạnh của loài vật này nên thịt chắc, ngọt và nhiều gạch béo ngậy, thơm ngon.
Cúm núm giống như cua nên có thể chế biến thành nhiều món ăn như hấp, luộc, nấu canh, nấu riêu… nhưng ngon và phổ biến hơn cả là rang me. Đây là món khoái khẩu của cả người địa phương lẫn du khách khi đến Quảng Ngãi.
Cua da - đặc sản vừa ngon vừa ngọt ở Bắc Ninh
Cua da là một trong những món ngon nổi tiếng, chỉ xuất hiện vào dịp cuối thu, đầu đông ở tỉnh Bắc Ninh (tỉnh Bắc Giang cũ). Ở một số nơi, cua da còn được gọi là cua ra (dựa theo câu thành ngữ “tháng Chín cua ra, tháng Ba cua vào”) hay cà ra.
Cua da có vỏ màu xanh xám hoặc hơi ửng đỏ, chân và mình to, dài hơn gấp 3-4 lần cua đồng. Loại cua này thường sinh sống trong các khe ghềnh, hốc đá dưới sông Cầu.
Theo người dân địa phương, sở dĩ có tên gọi như vậy là bởi loài cua này có một lớp lông trên chân, càng và yếm, giống như một lớp da bảo vệ chúng.
Khoảng cuối tháng 9, đầu tháng 10 là thời điểm bắt đầu vào vụ cua da, kéo dài chừng 2 tháng. Tuy nhiên, cua đầu mùa thường mới “lột xác”, thịt bở và chưa béo.
Còn độ giữa tháng 10 trở ra, cua da được nhận xét là đạt chất lượng nhất, thịt béo ngậy, dậy mùi thơm.
Cua da được đánh giá là có vị ngon riêng, không giống những loại cua, ghẹ thường thấy. Thịt cua da ngọt, phần càng và chân khá mềm, khi ăn không cần dùng kẹp tách vỏ như cua biển.
Với những con kích thước nhỏ, người ta thường xay ra để nấu canh. Còn cua to mua về hấp bia hay ăn lẩu đều hấp dẫn."
https://vietnamnet.vn/du-khach-bat-khoc-khi-den-di-tich-luu-giu-ky-uc-dac-biet-o-vung-bien-gioi-2468576.html,Không tìm thấy,,"Xem clip:
Thị trấn Ba Chúc, huyện Tri Tôn (nay là xã Ba Chúc, tỉnh An Giang) chỉ cách biên giới Việt Nam - Campuchia khoảng 4km. Chính vị trí cận kề ấy đã khiến mảnh đất này trở thành tuyến đầu hứng chịu những đợt tấn công tàn khốc trong cuộc chiến tranh biên giới Tây Nam.
Đêm 30/4/1977, cùng với 13 xã biên giới khác của tỉnh An Giang, Ba Chúc bị quân Pol Pot đồng loạt tràn sang, mở đầu chuỗi ngày đen tối nhất trong lịch sử địa phương.
Đỉnh điểm của tội ác xảy ra từ ngày 18-30/4/1978, khi chúng thẳng tay thảm sát 3.157 người dân vô tội. Chỉ trong 12 ngày đêm bị chiếm đóng, Ba Chúc chìm trong tang thương. Nhà cửa, công trình công cộng bị đốt phá. Khắp nơi, quân Pol Pot giết hại dân lành không phân biệt già trẻ, nam nữ.
Một năm sau, năm 1979, để tưởng nhớ hàng nghìn người dân đã chết thảm và làm chứng cho tội ác không thể quên của chế độ diệt chủng Pol Pot, chính quyền và nhân dân tỉnh An Giang xây dựng nhà mồ Ba Chúc. Hiện nơi đây lưu giữ 1.159 bộ sọ cốt.
Đến với Ba Chúc, nhiều du khách đã lặng người, thậm chí bật khóc khi tận mắt nhìn thấy những chứng tích còn lại sau cuộc thảm sát kinh hoàng hơn 4 thập kỷ trước.
Khu di tích này không chỉ lưu giữ ký ức bi thương của người dân vùng biên giới, mà còn nhắc nhở thế hệ hôm nay về giá trị của hòa bình và những mất mát không thể nào quên."
https://vietnamnet.vn/dac-san-hung-yen-ten-la-che-bien-ky-cong-8-10-tieng-hap-dan-thuc-khach-gan-xa-2468200.html,Không tìm thấy,,"Nem ốc móng tay
Ốc móng tay (hay còn gọi là con thun thút) là loài nhuyễn thể sống chủ yếu ở những nơi có nhiều bùn, cát. Loài này được tìm thấy tại một số vùng biển thuộc các tỉnh như Quảng Ninh, Ninh Bình (khu vực Nam Định cũ)..., nhưng ngon và được biết đến nhiều là ở Hưng Yên (khu vực Thái Bình cũ).
Ở Hưng Yên, ốc móng tay là nguyên liệu chế biến món ăn khá phổ biến. Trong đó, món nổi tiếng và được ưa chuộng nhất là nem ốc móng tay (hay còn gọi là gỏi móng tay, nem thun thút).
Tuy nhiên việc sơ chế loại ốc này khá vất vả. Đầu bếp lựa những con mới được đào bắt lên, còn tươi sống.
Sau khi rửa vài lần nước cho sạch, người ta đem hấp (hoặc luộc sơ) ốc móng tay rồi tách vỏ, đãi lấy ruột bên trong. Tiếp đến, rửa lại ruột ốc bằng chính nước luộc, rửa xong gạn nước sang tô sạch, loại bỏ cát rồi lặp lại công đoạn này 2-3 lần.
Sau khi rửa sạch cát, người nấu tiếp tục bóp nhẹ từng nắm ruột ốc rồi chắt hết nước ra. Công đoạn này giúp phần ruột ốc săn lại, giòn hơn và khi nêm nếm gia vị sẽ không bị ướt.
Món nem móng tay cũng khá giống một số món nem ở miền Bắc khi trộn với vài nguyên liệu quen thuộc như thính, riềng xay, lá chanh, đường, mắm, hạt tiêu…, ăn kèm nước mắm chua ngọt và một số loại lá, rau thơm đặc trưng (tùy ý thích mỗi người) như lá sung, đinh lăng, lá mơ, tía tô.
Tuy nhiên, những người có cơ địa dễ dị ứng cần cân nhắc, cẩn trọng trước khi nếm thử nem ốc móng tay.
Cá chép ""nằm võng""
Cá chép ""nằm võng"" là món ăn độc đáo ở làng Diệc, xã Ngự Thiên, tỉnh Hưng Yên (trước đây là xã Tân Hòa, huyện Hưng Hà, tỉnh Thái Bình) và thường xuất hiện trong tiệc khao lão (tục lên lão) tại địa phương, được tổ chức vào mùng 3 Tết.
Vào dịp này, người dân sẽ làm mâm cỗ nhiều tầng. Món cá chép ""nằm võng"" được đặt ở vị trí trang trọng nhất trên mâm cỗ.
Không chỉ có tên lạ, món ăn này còn có cách chế biến rất độc đáo
Đầu bếp phải chọn những con cá chép thật tươi, nặng tối thiểu 2,5-3 kg, thân nguyên vẹn, không bong vảy hay trầy xước.
Cá được thả vào chậu nước sạch 1-2 ngày để tự đào thải chất bẩn, sau đó mới đem sơ chế. Khi mổ bụng, bỏ ruột, đầu bếp khéo léo độn lá chuối khô vào bên trong rồi khâu kín lại. Quan trọng nhất là giữ cá nguyên con, vảy và đuôi phải còn nguyên để đảm bảo tính thẩm mỹ và độ ngon của món ăn.
Sau đó, cá được đặt lên một giá bằng sắt hoặc tre tạo hình như chiếc võng do người dân tự chế, rồi cố định bằng các nẹp tre hoặc sắt đặc trưng. Bên dưới là chảo dầu nóng. Để làm chín cá, người làng Diệc phải liên tục rưới mỡ hoặc dầu sôi lên thân cá trong suốt 8-10 giờ, thậm chí lâu hơn tùy trọng lượng từng con.
Canh cá rô đồng
Trước đây, nguyên liệu chính của món này là cá rô đồng, nhưng hiện nay chủ yếu là cá rô nuôi. Để ngon nhất, đầu bếp chọn loại cá to cỡ 3 đầu ngón tay để thịt dai và chắc.
Cá tươi được làm sạch kỹ để hết nhớt, luộc sơ rồi tách riêng phần xương và thịt. Thịt cá được tẩm ướp với hỗn hợp nghệ và gừng xay, thêm tiêu, nước mắm, muối, hạt nêm cho thấm vị. Sau khi ngâm 15-20 phút, cá được cho lên chảo rán áp chảo - công đoạn đòi hỏi sự khéo léo.
Lúc đầu phải dùng lửa lớn để miếng cá se lại, sau đó hạ xuống lửa vừa để đảm bảo lớp ngoài giòn rụm, bên trong vẫn mềm, không bị khô hay nát.
Nước dùng được ninh 10-12 tiếng từ 100% xương cá, không thêm xương lợn hay xương gà. Nồi nước dùng phải ninh với nhiệt độ vừa phải, liu riu để không vẩn đục.
Trong bát canh cá rô còn nguyên liệu không thể thiếu là cải lá mơ (vị hơi cay cay, đắng nhẹ), thì là, hành lá và rau sống.
Ngoài ra món canh cá Quỳnh Côi (thuộc huyện Quỳnh Phụ, Thái Bình cũ) cũng là đặc sản hấp dẫn du khách, với chế biến kỳ công, có chút khác biệt.
Với món này, thịt cá rô sau khi làm sạch, tẩm ướp sẽ được rim trên lửa liu triu trong khoảng nửa tiếng sao cho thịt ngấm màu vàng nhạt, miếng cá vừa ngậy vừa dai, có vị đậm đà thơm ngon của gia vị.
Ðầu và những mảnh cá vụn sẽ được xay và trộn thêm thịt nạc vai, hành khô, hành tươi, rau răm, thì là, tiêu, mì chính, bột canh… nặn thành những miếng chả cá.
Thực khách thưởng thức lần đầu sẽ không quên được hương vị đặc trưng này."
https://vietnamnet.vn/quan-an-giua-nui-khien-khach-lai-xe-2-tieng-den-xep-hang-2469187.html,Không tìm thấy,,"Một khách quen tiết lộ, mỗi cuối tuần, anh mất 2 tiếng lái xe từ Kyoto đến đây để thưởng thức món mì. “Ngay cả ở Kyoto hay Osaka cũng khó tìm được kiểu mì như thế này. Nước dùng thật sự rất đặc biệt”.
Quán Ramen Yama bắt đầu mở cửa vào năm 2023, vốn được cải tạo từ một ngôi nhàcổ rộng rãi.
Chủ quán tự hào cho biết, nước dùng cho món mì có giá 1.000 yên (khoảng 170 nghìn đồng) này được ninh từ xương gà trong 6 tiếng ở nhiệt độ thấp, loại bỏ hoàn toàn phần mỡ, tạo nên vị thanh, không tạp chất nhưng vẫn ngọt sâu, đậm đà.
Nhiều thực khách nhận xét, món mì “thanh nhưng không hề nhạt, húp đến ngụm nước cuối cùng vẫn không ngấy”.
Thế nhưng điều khiến người ta phải đến sớm xếp hàng lại chính là bát cơm cá ngừ, được bán với số lượng giới hạn 20 suất/ngày. Có người phàn nàn: “Lần trước tôi đến thì cá bán hết rồi, lần này phải quay lại ‘phục thù’”. Chủ quán cũng thừa nhận, khách đến vì cơm cá ngừ còn nhiều hơn cả ramen.
Cá ngừ được mua nguyên khối, cắt thành từng miếng lớn sao cho lẫn cả nạc và mỡ cá béo ngậy. Set “mì ramen – cơm cá ngừ” bán với giá 1.500 yên (khoảng 260 nghìn đồng) được xem là món hời. Các thực khách đều hài lòng vì “cơm cá đậm vị, ramen ngon, ngọt thanh, ăn vừa vặn”.
Chủ quán chia sẻ, ông học được ý tưởng này từ thầy của mình - người nổi tiếng với quán mì Ramen Kawa thuộc tỉnh Nara.
Việc ông mở quán tại thị trấn Misugi-cho cũng bởi đây là điểm dừng chân lý tưởng cho những biker (người đam mê lái xe mô tô phân khối lớn). Cung đường đẹp, cảnh quan yên bình, lại thêm món ăn ngon lành, quán Ramen Yama đã khiến vùng núi nơi đây trở thành điểm đến đầy sức hút với cả thực khách và những người đam mê dịch chuyển."
https://vietnamnet.vn/tour-xuat-ngoai-ngam-tuyet-gia-tu-6-5-trieu-dong-khach-viet-chot-don-lien-tuc-2468631.html,Không tìm thấy,,"Theo dữ liệu thống kê từBestPrice Travel, nhu cầu đặt các tour ngắm tuyết tăng khoảng 20-25% so với cùng kỳ. Tại Vietluxtour, các tour ""mùa đông tuyết trắng"" cũng là sản phẩm bán chạy nhất vào tháng cuối năm và tết Dương lịch 2026.
Nhiều tour ngắm tuyết khởi hành tới Trung Quốc trong tháng 12 của đơn vị này đã kín chỗ.
Tour Hàn Quốc, Nhật Bản vẫn hút khách
Thị trường Đông Bắc Á như Hàn Quốc, Nhật Bản tiếp tục là lựa chọn hàng đầu của khách Việt. Chi phí cho tour Hàn Quốc từ 16 triệu đồng, Nhật Bản từ 25 triệu đồng cho hành trình 5-6 ngày.
Ông Bùi Thanh Tú, Giám đốc marketing của BestPrice Travel cho biết, tại Nhật Bản, tuyến Tokyo - Yamanashi - Nagano, hoặc Nagoya - Takayama -Shirakawago, nơi khách có thể ngắm tuyết và tắm onsen, đang ""đắt khách"" nhất.
Điểm nhấn của tour là làng cổ Shirakawago. Ngôi làng nằm dưới chân núi Hakusan ở miền trung Nhật Bản được UNESCO công nhận là di sản thế giới vào năm 1995. Vào mùa đông, những ngôi nhà cổ nơi đây phủ mái tuyết trắng xóa. Cao điểm, lớp tuyết rơi có thể dày 1-2 m, tạo nên khung cảnh đồng quê đẹp tựa chốn thần tiên.
Trong khi đó, tour Hàn Quốc dù đã quen thuộc nhưng vẫn được du khách Việt ưa chuộng nhờ lượng tuyết rơi ổn định, nhiều khu trượt tuyết chất lượng cao và dịch vụ chuyên nghiệp, theo nhận định của bà Trần Thị Bảo Thu, Giám đốc Tiếp thị - Truyền thông của Vietluxtour.
Tour ngắm tuyết Trung Quốc đa dạng, chỉ từ 6,5 triệu đồng
Các công ty Việt Nam ghi nhận sự tăng trưởng mạnh về lượng khách đặt tour mùa đông ngắm tuyết ở Trung Quốc.
Ông Nguyễn Hữu Cường, Tổng Giám đốc Tràng An Travel cho biết, các sản phẩm tour ngắm tuyết, trượt tuyết Trung Quốc như Kiệu Tử Sơn (Vân Nam), Gia Cô Sơn (trong hành trình Cửu Trại Câu - Thành Đô), Cáp Nhĩ Tân, đang hấp dẫn khách Việt vì chi phí phải chăng, nhiều lựa chọn.
Với khoảng 6,5 triệu đồng, du khách có thể đặt tour đường bộ 5 ngày 4 đêm theo hành trình Hà Khẩu - Thạch Lâm - Côn Minh - Kiệu Tử Sơn - Mông Tự. Tháng 10 đến tháng 3, thời tiết ở núi Kiệu Tử rất lạnh, khả năng có tuyết cao.
Núi Kiệu Tử cách thành phố Côn Minh khoảng 155km, đỉnh chính cao 4.247m - cao nhất khu vực trung tâm tỉnh Vân Nam. Nếu thời tiết thuận lợi, du khách có thể thấy tuyết đọng trên các tán cây từ độ cao 3.500m. Từ độ cao khoảng 3.850m, tuyết bắt đầu rơi khá dày.
Với chi phí khoảng 16 triệu đồng, du khách có thể tham khảo tour bay đến Cửu Trại Câu - Thành Đô, 6 ngày 5 đêm. Trong hành trình này, ngoài tham quan công viên Gấu Trúc và Cửu Trại Câu, bạn có thể đến khu trượt tuyết với ""mùa trượt tuyết dài nhất"", kéo dài từ cuối tháng 10 đến tháng 3 năm sau.
Khu nghỉ dưỡng trượt tuyết Gia Cô Sơn còn được mệnh danh là khu nghỉ dưỡng trượt tuyết ""gần bầu trời nhất"" ở Tứ Xuyên. Độ dày tuyết lên tới hơn 80cm, lý tưởng để tham gia trượt tuyết.
Ở mức chi phí khoảng 30 triệu đồng, tour mùa đông tới Cáp Nhĩ Tân ""cháy hàng"" nhất năm nay. Bà Lưu Thị Thu, Phó Giám đốc Hoàng Việt Travel cho biết, đơn vị này mở tour Cáp Nhĩ Tân với tần suất dày đặc để đáp ứng nhu cầu khách hàng.
Cáp Nhĩ Tân, thủ phủ tỉnh Hắc Long Giang (Trung Quốc), có nhiệt độ trung bình năm 4,25 độ C và nhiệt độ cực thấp có thể xuống -42,6 độ C. Thành phố này được mệnh danh là ""thành phố Băng"", nổi tiếng với ngành du lịch mùa đông phát triển và lễ hội băng đăng thường niên - một trong những lễ hội băng tuyết lớn và lâu đời nhất thế giới.
Trong hành trình này, du khách Việt sẽ khám phá Yabuli - khu nghỉ dưỡng trượt tuyết lớn nhất Trung Quốc; thế giới Băng Tuyết (Bingxue Big World) - triển lãm nghệ thuật băng tuyết lớn nhất thế giới và là địa điểm chính diễn ra Lễ hội Băng tuyết Cáp Nhĩ Tân. Điểm nhấn của tour là làng Tuyết Hương, với những ngôi nhà phủ kín tuyết trắng tựa cổ tích.
Khi đêm xuống, nơi đây càng trở nên huyền ảo khi được thắp sáng bởi những ngọn đèn lồng xanh đỏ, mang không khí đặc trưng lễ hội cuối năm và nét văn hóa của người dân sống ở khu vực Đông Bắc Trung Quốc.
Tại Vietluxtour, sản phẩm tour ""mới nổi"" Tân Cương mùa tuyết hay Thượng Hải - Ô Trấn mùa đông cũng được ưa chuộng. Các tour này khởi hành trong tháng 12 đều đã kín chỗ.
""Du khách Việt có xu hướng ưu tiên hành trình vừa phải, các điểm đến nổi trên mạng xã hội nhưng không quá đông đúc"", bà Bảo Thu cho biết.
Năm nay các công ty du lịch cũng ghi nhận sự quan tâm của khách Việt đến các điểm có lễ hội Giáng sinh sôi động ở châu Âu (Áo, Séc, Hungary, Pháp...) và ngắm bắc cực quang tại Bắc Âu."
https://vietnamnet.vn/dac-san-hai-phong-trong-tren-nen-dat-muoi-vi-ngot-nhu-duong-an-gion-mat-2468625.html,Không tìm thấy,,"Táo muối là đặc sản riêng có ở phường Nam Đồ Sơn, TP Hải Phòng (phường Bàng La, quận Đồ Sơn cũ), từng lọt Top 100 đặc sản quà tặng Việt Nam 2021-2022 do Tổ chức Kỷ lục Việt Nam (Vietkings) và Tổ chức Top Việt Nam (VietTop) công bố.
Sở dĩ có tên gọi như vậy là bởi loại táo này được trồng trên nền đất vốn là những cánh đồng muối. Nhờ đó, táo ở đây có chất lượng và hương vị khác biệt so với nhiều nơi, nổi bật với vị ngọt dịu, ăn mọng nước và giòn, thanh mát.
Chị Vũ Huyền – chủ một vườn táo muối Bàng La ở phường Nam Đồ Sơn cho biết, mùa thu hoạch giống táo này kéo dài vài tháng, khoảng từ tháng 12 đến tháng 2 dương lịch hằng năm.
Tùy điều kiện thời tiết mỗi năm mà vụ táo muối có thể đến sớm hoặc muộn hơn.
Theo người phụ nữ này, táo muối Bàng La sinh trưởng tốt và cho quả chất lượng trên vùng đất chua mặn, đặc biệt quá trình trồng và chăm sóc hoàn toàn không sử dụng chất kích thích.
Nhiều gia đình chỉ sử dụng nước dưới ao, nước lợ để tưới hàng ngày mà không cần chăm bón nhiều. Đến giai đoạn táo ra quả, người địa phương sẽ dùng bẫy, miếng dán côn trùng hoặc thuê người diệt sâu để táo không bị sâu bọ đục, đảm bảo năng suất cao.
Táo muối được đánh giá là có vị ngọt thanh, xen lẫn chút chua nhẹ, khi ăn cảm nhận được độ mọng nước và giòn.
Cũng bởi thế mà loại táo này rất được ưa chuộng. Mùa thu hoạch lại thường trùng vào dịp tết Nguyên đán nên nhu cầu tiêu thụ càng cao.
“Nhờ hương vị thơm ngon, giòn ngọt, mọng nước mà táo muối Bàng La được ví von là ngọt như đường cát, mát như đường phèn và trở thành thức quà được thực khách gần xa yêu thích.
Loại quả này giải ngán tốt nên càng hút khách tìm mua dịp đầu năm”, chị Huyền cho hay.
Chủ vườn tiết lộ thêm, cứ vào vụ, táo muối thu hoạch đến đâu bán hết đến đấy. Trung bình mỗi gốc cho thu hái khoảng 80-100kg/vụ.
Không chỉ thương lái, nhiều du khách từ Hà Nội, Quảng Ninh… cũng sẵn sàng di chuyển cả trăm cây số về đây để mua táo tận vườn.
Tùy từng thời điểm, táo muối được bán với giá 40.000 - 60.000 đồng/kg (nếu mất mùa, giá cao hơn).
Thậm chí, khi vận chuyển tới các tỉnh thành xa, loại quả này còn được đẩy giá lên tới 100.000 đồng/kg nhưng vẫn hút khách tìm mua.
Chị Hà My (Hà Nội) cho biết, năm nào cũng đặt ship cả tạ táo muối từ tận nhà vườn ở Hải Phòng lên Hà Nội để ăn và làm quà biếu tặng bạn bè, người thân, đối tác.
Chị nhận xét, táo muối ở đây có hương vị đặc trưng, ăn ngon hơn nhiều giống táo khác. Chưa kể, loại táo này cũng được chăm sóc đơn giản, phát triển thuận tự nhiên nên đảm bảo sạch, lành, yên tâm sử dụng.
“Táo muối dễ ăn, lại ngon nên năm nào tôi cũng phải đặt, ‘xí chỗ’ trước cả tháng. Vì táo này đắt khách nên vẫn có tình trạng trà trộn, bán táo không chuẩn, tôi phải tìm chỗ uy tín để mua.
Trung bình mỗi vụ, tôi mua 2-3 lần, mỗi lần khoảng 20-30kg cho bõ công ăn và vận chuyển. Vào dịp Tết, loại táo này trở thành thức quả thường thấy ở nhà tôi, trẻ con hay người lớn đều thích”, chị My nói.
Người phụ nữ này cũng cho biết, táo muối Bàng La mua về chỉ cần rửa sạch với nước là có thể thưởng thức. Để bảo quản lâu hơn và làm mới hương vị, chị còn biến tấu táo muối thành món mứt chua ngọt thơm ngon."
https://vietnamnet.vn/quy-dinh-nghiem-ngat-khien-khach-viet-co-an-het-30-cai-banh-truoc-khi-sang-nhat-2468675.html,Không tìm thấy,,"Chàng trai trong video là anh Trần Văn Tâm (quê Đồng Tháp), đã sang Nhật Bản làm việc được 3 năm và vừa về thăm gia đình. Khi ra sân bay quay lại Nhật, anh xách theo túi hơn 3kg gồm hơn 130 chiếc bánh bột lọc nhân tôm thịt, do mẹ chuẩn bị để mang sang làm quà cho bạn bè.
Tại quầy check-in, nhân viên hãng hàng không nhắc nhở anh tuyệt đối không được mang các món đồ này lên máy bay.
Do vậy, anh Tâm cố gắng ăn những chiếc bánh có nhân thịt, nhưng chỉ kịp ăn 30 chiếc, buộc phải bỏ đi 100 chiếc.
“Trước đây tôi chưa bao giờ mang thịt sang Nhật Bản nên không nắm rõ quy định. May mắn là được nhắc kịp, tránh gặp rắc rối hay bị phạt nặng”, anh Tâm chia sẻ.
Nhiều người dùng mạng bày tỏ tiếc nuối cho 100 chiếc bánh mà mẹ chàng trai đã kỳ công chuẩn bị. Tuy vậy, họ cho rằng, việc buộc phải bỏ lại bánh trước khi lên máy bay là hoàn toàn đúng đắn, bởi nếu cố tình mang sang nước bạn, anh có thể gặp rắc rối với các quy định kiểm dịch nghiêm ngặt của Nhật Bản.
Bên cạnh đó, cũng có không ít người tỏ ra bất ngờ trước quy định này.
Theo website của Đại sứ quán Nhật Bản tại Việt Nam, pháp luật Nhật Bản quy định rất nghiêm ngặt việc mang thịt và các sản phẩm từ thịt từ nước ngoài vào nước này.
Nếu vi phạm, du khách có thể bị xử phạt tới 3 năm tù hoặc phạt tiền tối đa 3 triệu yên (hơn 500 triệu đồng) đối với cá nhân, và 50 triệu yên (hơn 8,4 tỷ đồng) đối với tổ chức, cơ quan hoặc doanh nghiệp.
Quy định nghiêm ngặt này nhằm ngăn chặn nguy cơ xâm nhập của các bệnh truyền nhiễm nguy hiểm như dịch tả lợn châu Phi, lở mồm long móng, cúm gia cầm và nhiều loại sâu bệnh gây hại thực vật.
Nhân viên kiểm dịch động vật tại sân bay có quyền kiểm tra toàn bộ hành lý, đặt câu hỏi, thu giữ và tiêu hủy ngay các sản phẩm bị cấm. Nếu du khách không khai báo, cơ quan kiểm dịch sẽ lưu lại hộ chiếu và thẻ lên máy bay, đồng thời xử phạt theo quy định.
Theo Tổ chức Xúc tiến Du lịch Nhật Bản (JNTO), quy định này áp dụng cho cả đồ dùng cá nhân, quà tặng, hàng mua tại sân bay hay các sản phẩm đã chế biến, hút chân không; bao gồm mọi sản phẩm có nguồn gốc từ động vật móng chẻ (như bò, lợn, cừu, dê, hươu...), ngựa, gia cầm, chó, thỏ và ong.
Các mặt hàng bị cấm gồm: thịt và nội tạng ở mọi dạng (tươi, đông lạnh, nấu chín, chế biến); khô bò, giăm bông, xúc xích, thịt xông khói, bánh bao nhân thịt; trứng và vỏ trứng; xương, mỡ, da, lông, gân, móng, sừng; sữa tươi và một số sản phẩm từ sữa; rơm và cỏ khô từ các khu vực nhất định.
Khi đến Nhật, du khách phải kiểm tra tại quầy Kiểm dịch động vật ở khu vực nhận hành lý. Ngay cả sản phẩm nằm trong danh mục được phép cũng có thể bị từ chối nếu đã mở bao bì trước khi kiểm tra.
Tháng 7/2019, một nữ du học sinh Việt Nam đã bị Sở Cảnh sát thủ đô Tokyo bắt giữ vì mang 360 quả trứng vịt lộn và 10kg nem chua vào nước này.
Không chỉ Nhật Bản, một số quốc gia và vùng lãnh thổ như Hàn Quốc, Đài Loan (Trung Quốc), Hong Kong (Trung Quốc) đều quy định rất rõ về việc hành khách được phép mang những gì và cấm mang theo món đồ nào khi nhập cảnh.
Tháng 8/2024, một trường hợp hành khách mang theo bánh Trung thu của Việt Nam có nhân thịt lợn nhưng không khai báo. Khi nhập cảnh vào Đài Loan (Trung Quốc), người này phải nhận mức phạt lên tới 200.000 đài tệ (168 triệu đồng).
Tháng 3/2019, một du khách đến từ Việt Nam đã bị từ chối nhập cảnh do mang bánh tét vào Đài Loan.
Tổng hợp"
https://vietnamnet.vn/dac-san-vinh-long-co-ten-buon-ruoi-ruoi-khach-sanh-an-khen-ngon-ngot-hon-cua-2468151.html,Không tìm thấy,,"Chù ụ là một loài giáp xác họ nhà cua, thường sống ở các bãi bồi ven biển và cửa sông thuộc khu vực miền Tây, phổ biến hơn cả là ở Vĩnh Long (tỉnh Trà Vinh cũ).
Thoạt nhìn, chù ụ khá giống ba khía nhưng kích thước mập mạp và di chuyển chậm chạp hơn. Hai càng chù ụ to, màu đỏ rực trong khi càng ba khía nhỏ hơn, màu tím.
Chù ụ có vẻ ngoài ""cọc cằn, ủ rũ"" với những vết hằn sần sùi trên chiếc mai đen nhánh giống như hoa văn. Phần thân phía trước nhìn cũng tựa như một khuôn mặt đang giận dỗi.
Có lẽ bởi thế mà người dân địa phương đặt cho chúng cái tên chù ụ, liên tưởng đến biểu cảm “xị mặt”, không mấy vui vẻ của con người (theo cách gọi miền Tây).
Chị Minh Tuyền (phường Duyên Hải, tỉnh Vĩnh Long) cho biết, chù ụ có quanh năm, khai thác vào mùa nào cũng được.
Thời điểm tháng 2-3 âm lịch là mùa chù ụ lột vỏ (còn gọi là chù ụ cốm). Lúc ấy, thịt của chúng được đánh giá là thơm ngon và béo ngậy hơn.
Theo chị Tuyền, dù chù ụ di chuyển chậm chạp nhưng khá khó bắt vì chúng có tập tính sống chui rúc trong hang sâu, càng lại to khỏe, sắc nhọn.
Việc bắt chù ụ đòi hỏi kinh nghiệm và sự khéo léo để tìm được hang của chúng. Khi phát hiện hang, người bắt thường dùng tay không lôi chù ụ ra, nếu không cẩn thận có thể bị chúng kẹp mạnh, gây đau, xước da hoặc chảy máu.
“Chù ụ ở rất sâu trong hang, khó bắt nên người giàu kinh nghiệm cũng chỉ kiếm được 2-3kg/ngày là nhiều.
Chưa kể việc bắt chù ụ cũng vất vả vì người dân phải di chuyển tới các khu rừng đước, bãi bồi nơi cửa biển, cửa sông, phải đối mặt với muỗi mòng, đỉa vắt và nhiều nguy hiểm khác”, chị Tuyền kể.
Nữ tiểu thương cũng cho hay, trước đây, chù ụ chủ yếu được tiêu thụ tại địa phương nhưng dần được biết đến rộng rãi, trở thành món ăn đắt khách.
Bởi thế, sau khi bắt về, chù ụ nhanh chóng được vận chuyển tới các tỉnh thành lân cận. Nếu giao xa, người ta sẽ ướp lạnh để giữ được độ tươi ngon.
Trung bình, chù ụ được bán với giá khoảng 120.000-150.000 đồng/kg (tùy nơi, thời điểm và kích cỡ). Mỗi cân khoảng 12-13 con.
Tương tự như các loài “8 cẳng 2 càng” khác, ở Vĩnh Long, chù ụ cũng được chế biến thành nhiều món như nướng, luộc, hấp bia, làm mắm… nhưng ngon và phổ biến hơn cả là chù ụ rang me.
Món này cũng từng lọt Top 100 món ăn đặc sản Việt Nam 2021-2022 do Tổ chức Kỷ lục Việt Nam (Vietkings) và Tổ chức Top Việt Nam (VietTop) công bố.
Theo chị Tuyền, để làm chù ụ rang me ngon, người ta sẽ sơ chế nguyên liệu sạch sẽ. Sau đó, chù ụ được thả vào chảo dầu đang sôi để chiên giòn, vớt ra để ráo.
Tiếp đến là công đoạn phi thơm hành tỏi rồi cho nước cốt me vào, nêm gia vị (đường, mắm, muối) vừa ăn. Khi hỗn hợp sôi lăn tăn, người ta đổ chù ụ chiên giòn vào, đảo đều cho ngấm.
“Chù ụ để nguyên con hoặc tách mai, khều lấy gạch và thịt xào riêng đều được. Mỗi kiểu rang lại có độ ngon khác nhau”, chị nói thêm.
Món chù ụ rang me ngon nhất khi ăn nóng. Những chiếc càng giòn rụm, chắc thịt và có vị ngọt thơm tự nhiên, không mùi tanh. Vị chua của me và vị ngọt, béo của chù ụ hòa quyện vào nhau tạo thành một món ăn hấp dẫn.
Từng có dịp thưởng thức chù ụ rang me vài lần ở Vĩnh Long, anh Đào Quân (TPHCM) nhận xét, món này có hương vị ấn tượng, nhất là phần càng của chù ụ đầy thịt, chắc và ngọt thơm.
Anh đánh giá chù ụ ăn ngọt và ngon hơn cua, vỏ giòn, có thể ăn hết cả vỏ.
“Chù ụ rang me là món nhậu khoái khẩu mà tôi luôn yêu thích mỗi khi đến Vĩnh Long. Món này phải ăn chậm, nhai kỹ mới cảm nhận trọn vẹn hương vị: chút quen thuộc của ba khía, vị mặn mòi đậm đà của cua biển, cùng thoang thoảng hương đặc trưng của chù ụ”, anh miêu tả."
https://vietnamnet.vn/dac-san-bac-ninh-ngon-la-co-mon-xuat-ngoai-co-mon-nhieu-nguoi-ngai-thu-2466236.html,Không tìm thấy,,"Gỏi cá mè
Gỏi cá mè là đặc sản trứ danh của người dân vùng ven sông Cầu ở tỉnh Bắc Ninh (tỉnh Bắc Giang cũ).
Món gỏi này từng được bình chọn vào danh sách 10 món ăn đặc sản trong Kỷ lục ẩm thực Việt Nam (năm 2012) và top 100 món ăn đặc sản Việt Nam 2020-2021 do Tổ chức Kỷ lục Việt Nam (Vietkings) với Tổ chức Top Việt Nam (VietTop) công bố.
Để có món gỏi cá ngon, người làm phải chọn cá mè thật tươi, cỡ 7-8 lạng mỗi con. Cá quá nhỏ dễ nhão, khó lọc thịt; cá quá to lại nhiều mỡ, làm gỏi mất vị thanh.
Cá dùng làm gỏi nên là cá câu hoặc cá đánh lưới. Tuyệt đối không dùng cá tát ao vì thường dính mùi bùn, vị tanh. Tốt nhất là chọn cá nuôi tự nhiên trong ao sạch, không dùng chất tăng trọng để đảm bảo thịt săn chắc, dai ngọt và thơm.
Khi thưởng thức, gỏi cá mè được bày ra mâm, ăn kèm hơn chục loại rau gia vị “cây nhà lá vườn” như lá mơ, cúc tần, lá đơn răng cưa, lá sung, quả sung, lá đinh lăng, chuối xanh, khế chua, ớt, lá lốt, tía tô… Tất cả làm nên hương vị hài hòa, khiến món gỏi cá mè được yêu thích.
Tuy nhiên, vì món ăn được chế biến từ cá sống nên cũng có một số người ngại, không dám thử.
Bánh đa nem Thổ Hà
Bánh đa nem Thổ Hà là đặc sản dân dã của người dân phường Vân Hà, tỉnh Bắc Ninh (xã Vân Hà, thị xã Việt Yên, tỉnh Bắc Giang cũ).
Nguyên liệu chính để làm bánh là gạo tẻ ngon, thường là giống gạo Khang Dân. Gạo được vo sạch, ngâm với nước muối theo tỷ lệ nhất định rồi xay thành bột.
Bột sau khi lọc kỹ sẽ được tráng thành lớp mỏng trên khuôn, hấp chín và phơi trên giàn tre dưới nắng để đạt được độ dẻo, dai lý tưởng. Đây là công đoạn quan trọng, đòi hỏi kinh nghiệm và sự khéo léo để bánh không bị giòn hay ẩm quá.
Bánh đa nem Thổ Hà được đánh giá cao về chất lượng: bánh mỏng đều, mềm dẻo, dễ cuốn, rán lên giòn thơm mà không bị nát.
Sản phẩm hiện được tiêu thụ rộng rãi khắp cả nước và xuất khẩu sang Nhật Bản, Hàn Quốc, và một số nước châu Âu.
Dưa gang muối
Dưa gang muối là món ăn phổ biến và được xem như một loại đặc sản ở Quế Võ (Bắc Ninh). Đây là nơi có diện tích trồng dưa gang lớn bậc nhất vùng đất quan họ, tập trung ở các phường như Phù Lương, Việt Hùng, Quế Tân, Bằng An.
Từ tháng 3-7 dương lịch hằng năm là thời điểm thu hoạch dưa gang. Khi ấy, người dân địa phương sẽ lựa những quả non để đem muối chua, còn số ít mang ra chợ bán.
Dưa gang muối thường có hai loại là dưa muối thường và dưa muối dẹt (nén). Hai cách muối đều để nguyên quả, quả muối xong có màu trắng ngần.
Tùy sở thích từng nhà mà người ta lại có cách muối dưa gang khác nhau, có thể để nguyên quả hoặc bổ đôi, bỏ ruột, song đều đảm bảo món ăn giòn sần sật, thơm ngon đặc trưng.
Dưa gang muối có thể ăn ngay hoặc chế biến thành nhiều món hấp dẫn như làm nộm, kho thịt, kho cá... Trong đó, món dưa gang muối xào thịt ba chỉ được người dân Bắc Ninh ưa chuộng hơn cả, dễ làm mà lại ngon, ăn rất tốn cơm."
https://vietnamnet.vn/khach-tu-vong-trong-khach-san-khien-du-luan-tranh-cai-ve-trach-nhiem-le-tan-2468130.html,Không tìm thấy,,"Một sự việc gây xôn xao dư luận Trung Quốc vừa xảy ra tại thành phố Vũ Hán, tỉnh Hồ Bắc.
Một người đàn ông 51 tuổi tử vong tại khách sạn sau khi thuốc tim của ông bị nhân viên lễ tân giữ lại suốt nhiều giờ mà không chuyển lên phòng. Cái chết này đã làm dấy lên tranh cãi về trách nhiệm của khách sạn khi xử lý các tình huống khẩn cấp liên quan đến khách lưu trú, theoSCMP.
Người đàn ông họ Hồ được phát hiện đã qua đời vào chiều 20/11/2025 tại khách sạn Yeste (Vũ Hán, Hồ Bắc). Tối hôm trước, sau giờ làm, vì nhà xa nên ông Hồ được một người bạn tên Hàn Thuận dẫn đến khách sạn để nghỉ lại.
Khoảng 9h hôm sau, ông Hồ gọi điện cho Hàn Thuận, nói mình cảm thấy không khỏe và cần lấy thuốc đang để ở nhà một người bạn khác. Hàn Thuận lập tức đi lấy và mang đến khách sạn lúc 9h40.
Khi đến nơi, Hàn Thuận yêu cầu nhân viên lễ tân chuyển thuốc lên phòng giúp, nhưng anh chỉ biết họ và biệt danh của ông Hồ chứ không có tên đầy đủ hay số phòng.
Hàn Thuận đề nghị lễ tân tra thông tin khách để hỗ trợ, song nhân viên khách sạn từ chối, cho rằng “không thuộc trách nhiệm” và không thể xác minh người nhận. Sau đó, dù Hàn Thuận gọi điện nhiều lần cho ông Hồ nhưng ông không bắt máy. Do có việc gấp, anh Hàn Thuận để lại tin nhắn rồi rời khách sạn.
Năm tiếng sau, thấy đã quá giờ trả phòng, nhân viên dọn dẹp mở cửa kiểm tra thì phát hiện ông Hồ đã tử vong. Gia đình nạn nhân kiểm tra camera an ninh và xác nhận thuốc vẫn nằm tại bàn lễ tân từ sáng đến chiều, không hề được đưa lên phòng.
Theo hình ảnh gia đình cung cấp, loại thuốc bị giữ lại là thuốc điều trị cao huyết áp và đau thắt ngực, rất cần thiết đối với người có bệnh tim mạch.
Gia đình ông Hồ vô cùng bức xúc, lên án khách sạn vì biết khách đang chờ thuốc, lại liên lạc không được, nhưng vẫn không kiểm tra tình trạng của khách hay tìm cách đưa thuốc lên. Họ cho rằng sự chậm trễ này có thể đã tước đi cơ hội cứu mạng ông.
Phía khách sạn giải thích, do người giao thuốc không nói rõ tình trạng sức khỏe của nạn nhân, và vì lý do “bảo vệ quyền riêng tư”, họ không mở túi thuốc để xem đó là thuốc gì. Anh Hàn Thuận cũng nói, bản thân anh không biết ông Hồ mắc bệnh gì, chỉ giúp lấy thuốc theo lời nhờ mà không hiểu mức độ nguy cấp.
Vụ việc đã trở thành chủ đề tranh luận trên mạng xã hội Trung Quốc. Một số người yêu cầu khách sạn phải chịu trách nhiệm, bởi họ hoàn toàn có thể gọi điện, gõ cửa hoặc kiểm tra khách khi không thấy khách nghe điện thoại.
Số khác lại cho rằng, anh Hàn Thuận mới là người sơ suất vì không cung cấp thông tin đầy đủ và không nêu rõ tính cấp bách của tình trạng bệnh. Một số ý kiến khắt khe hơn nhận định ông Hồ lẽ ra nên đến bệnh viện ngay khi thấy sức khỏe bất ổn thay vì trông chờ vào thuốc.
Trao đổi với trangNingbo Evening News, luật sư đại diện văn phòng Luật Phúc Hi (Hồ Bắc) nhận định, anh Hàn Thuận hành động vì thiện chí nên không phải chịu trách nhiệm pháp lý.
Trong khi đó, trách nhiệm của khách sạn cần được đánh giá dựa trên câu hỏi quan trọng: liệu loại thuốc họ không giao có khả năng cứu sống ông Hồ hay không.
Luật sư này cũng nhấn mạnh các khách sạn cần cập nhật quy trình dịch vụ, đặc biệt trong bối cảnh ngày càng nhiều khách lưu trú đặt thuốc thông qua các ứng dụng giao hàng."
https://vietnamnet.vn/san-vat-troi-ban-o-bien-viet-co-ten-nguong-do-mat-an-gion-san-sat-ngot-ngon-2463979.html,Không tìm thấy,,"Ốc nón (hay còn gọi là ốc đụn) là loại ốc có phần vỏ xoắn tròn, hình chóp, giống như chiếc nón. Trên đỉnh có một núm nhỏ, bên trong lấp lánh màu xà cừ.
Cũng bởi vẻ ngoài độc đáo mà người ta liên tưởng ốc nón với hình ảnh đôi gò bồng đảo của thiếu nữ xuân thì, gọi chúng với cái tên “ngượng đỏ mặt” - ốc vú nàng.
Ở Việt Nam, ốc nón sống bám vào các ghềnh/bãi đá hay rạn san hô, được tìm thấy ở một số vùng biển miền Trung như: đảo Cồn Cỏ (Quảng Trị); Cù Lao Chàm (Đà Nẵng); đảo Lý Sơn (Quảng Ngãi); vịnh Vĩnh Hy (Khánh Hòa); đảo Phú Quý (Lâm Đồng)...
Ngoài ra, vùng biển miền Bắc, Nam cũng có loài ốc này nhưng ít hơn, ví dụ như đảo Cô Tô (Quảng Ninh) hay đảo Phú Quốc (An Giang).
Chị Thúy Kiều – tiểu thương chuyên cung cấp hải sản ở phường Đông Ninh Hòa (tỉnh Khánh Hòa) cho biết, ốc nón có thể khai thác quanh năm, kích thước bằng khoảng 2-3 ngón tay người lớn.
Đặc biệt, vào những ngày trăng tròn, ốc nón càng xuất hiện nhiều.
Để bắt được chúng, ngư dân địa phương phải tính con nước. Khi thủy triều rút xuống thấp, họ sẽ đi thuyền dạo quanh những bãi đá nhấp nhô để bắt những con ốc bám đầy ở các ghềnh, hốc đá.
Nhưng muốn có ốc to, ngư dân phải chịu khó lặn xuống chỗ nước sâu, dùng đèn soi rọi vào tận kẽ đá để gỡ từng con ra.
Tuy nhiên, người ta chỉ khai thác ốc nón vào những ngày thời tiết thuận lợi. Còn khi trời mưa, gió lớn, biển động, việc đánh bắt loại ốc này tiềm ẩn nhiều nguy hiểm và khó khăn.
Chị Kiều cho hay, ốc nón sống được khai thác và bán trong ngày để giữ được độ tươi ngon, giá khoảng 60.000 đồng/kg (có thể chênh lệch tùy nơi, tùy kích cỡ và thời điểm).
Ngoài ra, nữ tiểu thương cũng sơ chế ốc bằng cách hấp sơ, khều lấy ruột rồi đóng gói, hút chân không để vận chuyển tới khắp các tỉnh thành, đáp ứng nhu cầu thưởng thức của thực khách và giúp bảo quản, sử dụng được lâu hơn.
Tương tự như các loại ốc khác, ốc nón cũng là nguyên liệu chế biến nên nhiều món ăn hấp dẫn, trong đó, phổ biến nhất là nướng và luộc. Đây là hai cách nấu đơn giản, không tốn nhiều công sức và thời gian, lại được ưa chuộng vì giữ được mùi vị nguyên bản nhất.
Với món luộc, người ta đem ốc đi rửa sạch, chà xát vỏ nhiều lần để loại bỏ chất bẩn, sau đó xếp vào nồi, đun sôi cùng chút sả. Khi thấy thịt ốc chuyển dần sang màu vàng, tỏa mùi thơm là ốc chín.
Ốc nón vốn dĩ khá nhiều nước nên khi luộc không cần cho thêm nước, tránh làm nhạt thịt ốc. Ốc cũng chỉ nên luộc vừa chín tới để thịt săn lại, ăn giòn sần sật chứ không bị dai, dậy vị ngọt tự nhiên. Món này chấm cùng muối tiêu chanh hoặc nước mắm gừng, ớt đều hấp dẫn.
Với món nướng, người ta có thể nướng luôn như luộc hoặc nướng muối, nướng mỡ hành. Ốc được rửa sạch rồi đặt lên vỉ sao cho phần miệng ốc ngửa lên trên, nêm gia vị tùy ý.
“Cầu kỳ hơn, người ta có thể dùng thịt ốc nón làm món gỏi (nộm) hoặc ăn sống như sashimi, song, càng chế biến đơn giản lại càng làm nổi bật vị đậm đà, tươi ngon của ốc”, chị Kiều nói thêm.
Chị Mai Hương (Hà Nội) từng có dịp thưởng thức gỏi ốc nón ở Khánh Hòa nhận xét, món ăn được phục vụ với bánh tráng nướng, chấm nước mắm gừng, vị lạ miệng.
“Món gỏi đậm đà, ăn thanh mát và giải ngán rất tốt. Thịt ốc giòn sần sật, ngấm đều gia vị, ăn một lần nhớ mãi”, chị miêu tả.
Vì ấn tượng trước hương vị của ốc nón mà thỉnh thoảng, chị Hương vẫn đặt ship từ Khánh Hòa ra Thủ đô để chiêu đãi cả gia đình.
Ốc nón hấp sơ, khều lấy ruột để làm gỏi (nộm) hoặc cho vào túi hút chân không, kéo dài thời gian bảo quản, sử dụng. Nguồn: Thúy Kiều
Người phụ nữ này tiết lộ thêm, ốc nón được ủ đá trong thùng xốp, vận chuyển quãng đường xa nhưng tới nơi vẫn giữ được độ tươi ngon. Nếu muốn thuận tiện sử dụng hơn, chị sẽ mua ruột ốc đóng gói sẵn, khi về chỉ việc chế biến.
“Nếu mua ốc sống còn nguyên vỏ, bạn chỉ nên nấu chín tới vì nấu quá lửa hoặc để chín kỹ, thịt ốc sẽ bám chắc hoặc săn quắt lại, khó gỡ ra.
Khi ăn, bạn chỉ cần cầm ốc, gõ nhẹ theo chiều xoắn của ốc để phần thịt bong ra rồi dùng vật nhọn khều lấy ruột một cách dễ dàng.
Thỉnh thoảng, mình cũng làm theo mẹo người địa phương dạy: đậy vung, bê cả nồi lên xóc vài lượt cho ốc chín đều. Việc này giúp lấy được hết phần ruột mà không bị đứt”, chị Hương chia sẻ."
