url,title,description,content
https://vietnamnet.vn/danh-tinh-nghi-pham-hiep-dam-2-be-gai-hang-xom-2460811.html,Không tìm thấy,,"Ngày 8/11, Cơ quan Cảnh sát điều tra Công an tỉnh An Giang cho biết vừa tạm giữ hình sự đối tượng Nguyễn Văn Phúc (41 tuổi, ngụ xã Châu Phú, tỉnh An Giang) để tiếp tục điều tra về hành vi Hiếp dâm người dưới 16 tuổi.
Thông tin ban đầu, khoảng 19h ngày 4/11, Phúc đi nhậu về thấy bé gái hàng xóm N.T.K.H. (11 tuổi) đang ngồi xem tivi trong nhà nên nảy sinh ý định đồi bại.
Lợi dụng lúc không có người lớn, Phúc dụ dỗi bé gái, hứa cho 200.000 đồng rồi hãm hại nạn nhân. Sau đó, H. đi về nhà.
Tuy nhiên, toàn bộ hành vi của Phúc đã được một bé gái khác phát hiện, dùng điện thoại ghi hình làm bằng chứng. Sự việc sau đó được trình báo đến cơ quan chức năng.
Mở rộng điều tra, Phúc khai nhận thêm trước đó Phúc còn thực hiện hành vi quan hệ tình dục với một bé gái 13 tuổi, ở cùng xóm."
https://vietnamnet.vn/danh-tinh-7-doi-tuong-trong-duong-day-cho-vay-lai-suat-cat-co-toi-528-nam-2460776.html,Không tìm thấy,,"Ngày 8/11, Công an tỉnh Đồng Nai cho biết, đơn vị đang tạm giữ hình sự 7 đối tượng để điều tra hành vi cho vay lãi nặng trong giao dịch dân sự.
Các đối tượng bị tạm giữ gồm: Lê Ngọc Hiếu (SN 2000, quê Hà Nội), Nguyễn Công Thành (SN 1989, quê Hà Nội), Bùi Văn Thái (SN 1995, quê Nghệ An), Lê Văn Tiến (SN 1990, quê Ninh Bình), Vũ Văn Doanh (SN 1993, quê Ninh Bình), Tạ Duy Chuân (SN 1990, quê Ninh Bình), Nguyễn Văn Thuận (SN 1990, quê Đồng Nai).
Trước đó, cuối tháng 10/2025, bằng các biện pháp nghiệp vụ, Phòng Cảnh sát hình sự (Công an tỉnh Đồng Nai) phát hiện nhóm này hoạt động cho vay lãi nặng trong giao dịch dân sự. Để quảng bá, các đối tượng in tờ rơi, tạo lập trang cá nhân và Fanpage “Hỗ Trợ Vay Vốn Doanh Nghiệp - Hộ Kinh Doanh” và “Vay Vốn Ngọc Dương” chạy quảng cáo trên mạng xã hội, đăng tải các bài viết có nội dung cho vay vốn.
Khi người vay liên hệ, nhóm đối tượng yêu cầu kết bạn qua ứng dụng Zalo, gửi định vị nơi ở hoặc cơ sở kinh doanh để khảo sát và duyệt vay. Số tiền vay dao động từ 10-100 triệu đồng, trả góp theo ngày, mỗi ngày từ 500.000 đồng đến 2,5 triệu đồng. Sau khi trừ phí làm hồ sơ từ 500.000 đồng đến 1,2 triệu đồng và tiền trả góp ban đầu, người vay thực nhận số tiền còn lại, tương ứng với lãi suất thực tế từ 350-528%/năm. Khi không trả được, nạn nhân bị ép “đáo hạn” để vay tiếp, lấy tiền vay mới trả tiền thiếu và tiếp tục góp để trả tiền cho lần vay mới.
Ngoài ra, các đối tượng còn gọi điện nhắc nợ, nhắn tin và trực tiếp đến nhà con nợ, gây áp lực để đòi tiền hằng ngày.
Ngày 5/11, Phòng Cảnh sát hình sự đã phối hợp công an các phường Long Bình, Trảng Dài, Trấn Biên thành lập 7 tổ công tác bắt giữ các đối tượng, khám xét thu giữ nhiều tài liệu, thiết bị liên quan đến hoạt động cho vay lãi nặng trong giao dịch dân sự. Đặc biệt, tại nơi ở của đối tượng Doanh, công an thu giữ 1 khẩu súng, 2 hộp tiếp đạn và 200 viên đạn chì.
Tại cơ quan công an, các đối tượng thừa nhận hành vi phạm tội. Bước đầu xác định, từ tháng 5/2024 đến 11/2025 có nhiều người dân Đồng Nai là nạn nhân, với tổng số tiền cho vay trên 1,8 tỷ đồng, thu lợi bất chính hơn 600 triệu đồng.
Hiện cơ quan công an tiếp tục mở rộng điều tra, xử lý theo quy định pháp luật."
https://vietnamnet.vn/nam-thanh-nien-tao-ton-cuop-vang-giua-ban-ngay-o-thai-nguyen-2460488.html,Không tìm thấy,,"Trưa ngày 7/11, tại xã Trại Cau (tỉnh Thái Nguyên) đã xảy ra một vụ cướp vàng.
Theo thông tin ban đầu, nam thanh niên (chưa rõ danh tính) đến tiệm vàng Hạnh Thúy, thuộc địa bàn xã Trại Cau, giả vờ hỏi mua và xem dây chuyền vàng. Trong lúc chủ tiệm sơ hở, người này bất ngờ giật sợi dây chuyền rồi bỏ chạy.
Ngay khi phát hiện sự việc, chủ tiệm cùng người dân xung quanh lập tức truy đuổi và khống chế đối tượng, bàn giao cho cơ quan chức năng.
Ông Hoàng Mạnh Hùng, Chủ tịch UBND xã Trại Cau, xác nhận vụ cướp đã xảy ra trên địa bàn vào trưa cùng ngày.
Đối tượng được xác định là nam thanh niên sinh năm 2006, trú tại xã Nam Hòa, tỉnh Thái Nguyên.
Vụ việc đang được cơ quan công an tiếp tục điều tra, làm rõ để xử lý theo quy định của pháp luật."
https://vietnamnet.vn/triet-pha-duong-day-mua-ban-van-chuyen-khi-cuoi-tu-quang-ninh-ve-ha-noi-2460029.html,Không tìm thấy,,"Ngày 6/11, Công an Quảng Ninh cho biết vừa triệt phá đường dây mua bán, vận chuyển hơn 800 bình ""khí cười"" đi tiêu thụ.
Phòng CSĐT tội phạm về ma túy, trong kế hoạch phòng ngừa vi phạm “khí cười”, shisha và thuốc lá điện tử, đã đấu tranh triệt phá đường dây với số lượng lớn này.
Sau thời gian xác minh, Phòng CSĐT tội phạm về ma túy triển khai các tổ công tác tại phường Hồng Gai, Cao Xanh, Việt Hưng, khống chế và triệu tập 8 đối tượng, tạm giữ 5 ô tô, đồng thời thu giữ 819 bình khí N2O (“khí cười”), 19.000 vỏ bóng cùng nhiều tang vật, tài liệu liên quan.
Kết quả điều tra ban đầu, các đối tượng khai nhận mua 800 bình khí cười từ Móng Cái, Quảng Ninh với giá 800.000 đồng/bình để vận chuyển bán tại Hà Nội kiếm lời.
Vụ việc đang được Công an tỉnh Quảng Ninh tiếp tục mở rộng điều tra, xử lý theo quy định pháp luật."
https://vietnamnet.vn/cuu-can-bo-toa-an-chiem-doat-25-ty-dong-cua-nu-dai-gia-2459674.html,Không tìm thấy,,"Ngày 5/11, TAND TP Hà Nội đưa các bị cáo Nguyễn Thị Hạnh (SN 1982); Lê Nam (SN 1989, cựu cán bộ TAND Tối cao), Nguyễn Việt Anh (SN 1971) ra xét xử về tội ""Lừa đảo chiếm đoạt tài sản"".
Trước đó, vào đầu tháng 8/2023, Cơ quan Cảnh sát điều tra, Công an Hà Nội tiếp nhận đơn tố giác tội phạm của bà Nguyễn Thị Xuân H. (SN 1973, ở Hà Nội) cùng con dâu là chị Nguyễn Minh Thu Anh (SN 1994). Trong đơn, mẹ con bà H. tố giác Lê Nam, Nguyễn Thúy Hạnh, Nguyễn Đình Nghĩa (chồng của Thúy Hạnh) vàNguyễn Việt Anh đãcó hành vi lừa đảo, chiếm đoạt tài sản.
Vào cuộc điều tra, cơ quan chức năng xác định, các bị cáo không có chức năng, nhiệm vụ trong việc giải quyết tranh chấp kinh doanh thương mại giữa Công ty T. và Công ty P. (do bà Nguyễn Thị Xuân H. làm giám đốc) đang được TAND quận 1 TPHCM thụ lý giải quyết.
Dù vậy, bị cáo Nguyễn Việt Anh đã lợi dụng mối quan hệ thân thiết, biết bà H. đang cần nhờ tác động để giải quyết nhanh vụ kiện lấy lại tài sản cho Công ty P., nên đã cung cấp thông tin gian dối về việc có quan hệ với lãnh đạo cấp cao để giúp bà H. thắng kiện.
Việt Anh đã giới thiệu vợ chồng Hạnh - Nghĩa cho bà H. Tin tưởng Việt Anh, bà H. đã đưa 10 tỷ đồng để Việt Anh đi quan hệ và lo việc.
Cáo trạng xác định, từ ngày 21/12/2021 đến 5/1/2022, bà H. đã đưa cho Thúy Hạnh tổng cộng 48 tỷ đồng, sau đó Thúy Hạnh liên hệ nhờ và đưa cho Nguyễn Thị Hạnh 41 tỷ đồng của bà Nguyễn Thị Xuân H. và ký hợp đồng ủy quyền cho Nguyễn Thị Hạnh giải quyết công việc.
Sau khi nhận tiền, Nguyễn Thị Hạnh không liên hệ, làm việc với cơ quan chức năng có thẩm quyền để thực hiện ủy quyền đã ký kết với Công ty P. mà cấu kết với Lê Nam thực hiện hành vi phạm tội. Cụ thể, Nguyễn Thị Hạnh đã chuyển cho Lê Nam 20 tỷ đồng và chuyển nhượng 2 thửa đất mang tên Nguyễn Thị Hạnh tại TP Hà Nội giá trị là 5 tỷ đồng, tổng thành 25 tỷ đồng.
Sau khi nhận tiền, Nguyễn Việt Anh, Nguyễn Thị Hạnh, Lê Nam không thực hiện như cam kết, thỏa thuận mà chiếm đoạt tổng số tiền gần 48 tỷ đồng của bà H.
Cáo buộc cho rằng, Việt Anh chiếm đoạt 10 tỷ đồng, Nguyễn Thị Hạnh chiếm đoạt hơn 12 tỷ đồng, Lê Nam chiếm đoạt 25 tỷ đồng.
Sau khi biết mình bị lừa, bà H. đã làm đơn tố giác các bị cáo. Khi cơ quan điều tra triệu tập đến làm việc, ông Lê Nam gọi điện cho Nguyễn Thị Hạnh hướng dẫn không khai ra mình và hứa ở bên ngoài sẽ lo công việc, chăm sóc con cho Nguyễn Thị Hạnh. Cựu cán bộ tòa án còn hướng dẫn bị cáo Nguyễn Thị Hạnh thay hết sim điện thoại và chỉ liên lạc với mình bằng sim rác.
Quá trình điều tra, bị cáo Việt Anh không thừa nhận hành vi phạm tội, nhưng căn cứ vào lời khai của bà H. và các tài liệu khác có trong hồ sơ, cơ quan điều tra cho rằng, đủ căn cứ xác định bị cáo Việt Anh lợi dụng quan hệ thân thiết để chiếm đoạt 10 tỷ đồng của bà H.
Tại cơ quan điều tra, ông Lê Nam khai rằng mình không tư vấn cho bà H., không làm bất cứ công việc gì để giải quyết tranh chấp thương mại trên, không có việc nhận hơn 20 tỷ đồng. Song căn cứ vào các dữ liệu điện tử là các file ghi âm, xác định bị cáo Nguyễn Thị Hạnh và Lê Nam đã đưa ra các thông tin gian dối để nhận tiền “chạy án”.
Trước đó, hồi tháng 7,vụ án được đưa ra xét xửnhưng HĐXX đã quyết định trả hồ sơ vụ án để điều tra bổ sung."
https://vietnamnet.vn/am-uc-vi-bi-danh-vac-dao-bau-xu-ban-cung-khu-tro-2459914.html,Không tìm thấy,,"Ngày 6/11, TAND TPHCM tuyên phạt bị cáo Tô Văn Hạnh (39 tuổi, quê Đồng Nai) 12 năm tù về tội“Giết người”.
Theo cáo trạng, khoảng 22h50 ngày 3/11/2024, sau khi đi nhậu về tới phòng trọ, Hạnh gặp anh Danh Ngôn (người ở cùng khu trọ). Trong lúc trò chuyện, cả hai xảy ra mâu thuẫn, cãi vã rồi xô xát.
Khi trở vào phòng, vẫn còn ấm ức vì bị anh Ngôn đánh, Hạnh cầm dao bầu ra tìm anh và hỏi: “Tại sao mày đánh tao?”. Anh Ngôn đáp: “Tao không thích mày từ lâu, chút nữa sẽ còn có người đến đánh mày thêm lần nữa”.
Nghe vậy, Hạnh liền chém vào cổ và tay anh Ngôn. Thấy nạn nhân chảy nhiều máu, Hạnh cầm dao trở về phòng trọ.
Nghe tiếng ồn ào, những người trong khu trọ chạy ra đưa nạn nhân đi cấp cứu. Tuy thoát chết nhưng anh Ngôn bị thương tật 30%.
Ngày 11/11/2024, Cơ quan Cảnh sát điều tra Công an TP Thủ Đức đã ra lệnh bắt người bị giữ trong trường hợp khẩn cấp đối với Tô Văn Hạnh.
Tại phiên tòa, bị cáo khai nhận toàn bộ hành vi phạm tội như cáo trạng truy tố.
HĐXX nhận định hành vi của bị cáo là đặc biệt nguy hiểm, xâm phạm nghiêm trọng đến tính mạng và sức khỏe của người khác, cần xử lý nghiêm để răn đe. Sau khi xem xét, tòa tuyên phạt bị cáo mức án như trên."
https://vietnamnet.vn/nghi-pham-lai-o-to-tong-bo-vo-cu-tu-vong-bi-khoi-to-bat-tam-giam-2459822.html,Không tìm thấy,,"Theo Công an tỉnh Phú Thọ, khoảng 14h10 ngày 5/11, tại khu vực cây xăng dầu số 58 ven đường Nguyễn Tất Thành thuộc khu 10 (phường Thanh Miếu), ông L.Q.M. (62 tuổi, trú tại khu 5, phường Thanh Miếu) bị ô tô tải tông chèn qua người, khiến tử vong tại chỗ.
Sau khi gây án, đối tượng điều khiển ô tô tải bỏ trốn khỏi hiện trường.
Ngay sau khi tiếp nhận tin báo, Phòng Cảnh sát hình sự, Công an tỉnh Phú Thọ đã chủ trì phối hợp với Công an phường Thanh Miếu và các đơn vị liên quan khám nghiệm hiện trường, khám nghiệm tử thi, tổ chức điều tra làm rõ, truy bắt đối tượng gây án.
Kết quả điều tra làm rõ, nghi phạm điều khiển ô tô tải tông ông M. tử vong là Đoàn Văn Đại.
Theo công an, ngay sau khi gây án, Đại điều khiển xe bỏ chạy trên đường Nguyễn Tất Thành, sau đó lên cao tốc Nội Bài - Lào Cai để về Hà Nội.
Bằng các biện pháp nghiệp vụ, công an đã xác định được đối tượng Đoàn Văn Đại và tiến hành vận động, thuyết phục. Đến khoảng 16h15 cùng ngày, Đại đã đến Công an phường Phúc Yên đầu thú và khai nhận hành vi phạm tội.
Tại cơ quan công an, bước đầu Đại khai nhận do mâu thuẫn giữa gia đình mình và gia đình chị L.T.T.H. (36 tuổi, trú tại phường Thanh Miếu, vợ cũ của Đại, con gái ông M.), nên khoảng 14h10 ngày 5/11, Đại đã điều khiển ô tô BKS 20L-8641 tông chèn qua người ông M., khiến nạn nhân tử vong tại chỗ.
Cùng ngày, Cơ quan Cảnh sát điều tra, Công an tỉnh Phú Thọ đã khởi tố vụ án, khởi tố bị can và ra lệnh bắt bị can để tạm giam trong thời hạn 4 tháng đối với Đoàn Văn Đại về tội ""Giết người"" theo quy định tại Điều 123 Bộ luật Hình sự. Các quyết định và lệnh trên đã được Viện Kiểm sát nhân dân tỉnh Phú Thọ phê chuẩn.
"
https://vietnamnet.vn/bat-giu-mot-phu-nu-cuop-590-to-ve-so-va-tien-cua-cu-ong-79-tuoi-2459630.html,Không tìm thấy,,"Ngày 5/11, Công an xã Ea Knuếc (Đắk Lắk) cho biết, đơn vị vừa phối hợp với người dân bắt giữ đối tượng Vũ Thị Hồng (46 tuổi) trú tại xã Krông Pắk, tỉnh Đắk Lắk để điều tra về hành vi ""cướp tài sản"".
Trước đó, ngày 2/11, Công an xã Ea Knuếc nhận được đơn trình báo của ông Hồ Xuân Bình (79 tuổi), trú tại huyện Krông Pắk về việc bị một người phụ nữ điều khiển xe máy cướp giật túi xách, bên trong có 590 tờ vé số, 5,6 triệu đồng và 1 điện thoại di động. Sự việc xảy ra vào trưa ngày 31/10, trên quốc lộ 26, đoạn qua xã Ea Knuếc.
Sau khi tiếp nhận tin báo, Công an xã Ea Knuếc tổ chức điều tra, truy xét đối tượng. Đến ngày 4/11, lực lượng Công an xã phối hợp với người dân bắt giữ Vũ Thị Hồng.
Tại cơ quan Công an, Hồng khai rằng khi điều khiển xe máy lưu thông trên quốc lộ 26, thấy ông Bình đi bán vé số và để túi xách hớ hênh trước giỏ xe, nên đã áp sát, giật túi xách rồi tăng ga bỏ chạy.
Vũ Thị Hồng còn khai số tiền sau khi cướp được đã dùng vào việc nộp học phí cho con, đóng tiền trọ. Riêng vé số Hồng đã dò nhưng không trúng."
https://vietnamnet.vn/sau-tieng-ho-cua-ban-gai-nguoi-dan-ong-doat-mang-nan-nhan-bang-nhieu-nhat-dao-2459381.html,Không tìm thấy,,"Chiều 4/11, TAND TP Hà Nội tuyên phạt bị cáo Nguyễn Đắc Cương (SN 1986, ở Hà Nội) mức án tù chung thân về tộiGiết người. Liên quan đến vụ án, bị cáo Trần Thị Quỳnh (SN 1999, ở Hà Nội) nhận án 20 năm tù về cùng tội Giết người. Trong khi đó, Trần Thị Nga (SN 1998, ở Đắk Lắk) nhận án 20 tháng tù về tội Gây rối trật tự công cộng.
Theo cáo buộc, do có mâu thuẫn nhỏ phát sinh khi nói chuyện điện thoại giữa Nga và Quỳnh, nên khoảng 2h ngày 6/5/2024, nhóm của Nga đi đến khu đô thị tại quận Gia Lâm cũ (Hà Nội) gặp Quỳnh để nói chuyện, giải quyết mâu thuẫn.
Khi nhóm của Nga đến nơi, bị cáo gọi điện thoại cho Quỳnh thông báo. Sau khi nhận điện thoại của Nga, Quỳnh rủ bị cáo Nguyễn Đắc Cương và 3 người khác đi từ căn hộ trên đường Lý Thánh Tông đến gặp nhóm của Nga.
Xuống đến sảnh tòa nhà, Cương mở cốp xe máy lấy 1 con dao nhọn định cầm theo thì người đàn ông đi cùng khuyên: “Thôi cứ bình tĩnh, để bọn nó đến sẽ nói chuyện”. Nghe vậy, Cương cất dao vào cốp xe.
Hai nhóm gặp nhau ở điểm hẹn, khi 3 người đàn ông của 2 nhóm là anh Hoàng Văn P. (nhóm của Quỳnh), Lưu Xuân T., Hoàng Văn Đ. (nhóm của Nga) đang nói chuyện để hòa giải mâu thuẫn thì Nga tiến đến, chửi rồi đạp 1 phát vào người Quỳnh.
Thấy Nga đánh Quỳnh, anh T. cũng lao đến đấm vào bả vai Quỳnh. Bị đánh, Quỳnh lùi lại và hô gọi Cương: “Chồng ơi, đâm nó đi”. Ngay lúc đó, Cương mở cốp xe máy, lấy dao nhọn lao đến đâm 1 nhát vào vùng lưng của anh T. và chém 3 nhát vào đầu và người nạn nhân.
Khi anh T. bỏ chạy, Cương đuổi theo nhưng không kịp. Bị cáo quay lại chém 1 nhát trúng tay Nga. Khi Nga bỏ chạy thì bị Cương vung dao đâm tiếp 1 nhát trúng đùi. Gây án xong, Cương lấy xe đưa Quỳnh về nhà.
Trong khi đó, anh T. và Nga được các bạn đưa vào bệnh viện cấp cứu. Do thương tích nặng, anh T. đã tử vong vì vết thương thủng phổi trái, mất máu cấp. Nga bị thương nhẹ và từ chối giám định.
Ngày 6/5/2024, Nguyễn Đắc Cương và Trần Thị Quỳnh đến cơ quan công an đầu thú và khai nhận hành vi phạm tội. Đến ngày 27/12/2024, Trần Thị Nga bị CQĐT khởi tố để điều tra về tội Gây rối trật tự công cộng.
Được biết, bị cáo Cương đã có vợ và hai con; bị cáo Quỳnh đã ly hôn chồng."
https://vietnamnet.vn/ceo-bat-dong-san-nhat-nam-vu-thi-thuy-bi-cao-buoc-lua-dao-rua-tien-2459370.html,Không tìm thấy,,"VKSND TP Hà Nội vừa ban hành cáo trạng truy tố bị can Vũ Thị Thúy (Chủ tịch HĐQT, Tổng giám đốc Công ty cổ phần đầu tư thương mại bất động sản Nhật Nam - Công ty Nhật Nam) cùng 10 đồng phạm về tội Lừa đảo chiếm đoạt tài sản và Rửa tiền.
Trước đó,VKSND TP Hà Nội đã trả hồ sơ vụ án lừa đảo chiếm đoạt tài sảnxảy ra tại công ty này để điều tra bổ sung một số nội dung.
Lừa đảo, rửa tiền
Cáo buộc lần này cho rằng, tháng 7/2019, bà Thúy thành lập Công ty Nhật Nam, vốn điều lệ 50 tỷ đồng và giữ chức vụ chủ tịch HĐQT, kiêm tổng giám đốc. Thực tế, bà Thúy và các cổ đông sáng lập không góp vốn vào công ty. Để có tiền chi tiêu cá nhân và hoạt động của công ty, bà Thúy sử dụng các thủ đoạn gian dối để lừa đảo chiếm đoạt tiền của nhà đầu tư.
Nhằm tạo sự tin tưởng cho các nhà đầu tư, bà Thúy mời những người có uy tín, địa vị xã hội giới thiệu, quảng bá về Công ty Nhật Nam với nội dung: Công ty có các hoạt động kinh doanh trong lĩnh vực bất động sản, nhà hàng, khách sạn, tài chính để thu hút vốn đầu tư và đưa ra mức cam kết lợi nhuận (cả gốc, lãi) theo ngày, tương đương với mức 7-8%/tháng, lợi nhuận thu về sau 2 năm là 168-192% giá trị hợp đồng.
Hàng tháng, hoặc nhân các dịp sự kiện thành lập công ty, lễ, Tết, bà Thúy đưa ra các chính sách ưu đãi tặng thưởng cho các nhà đầu tư khi ký kết hợp đồng, số tiền đầu tư càng lớn sẽ được hưởng ưu đãi càng cao.
Để tạo hình ảnh công ty có quy mô lớn, bà Thúy thành lập Ban cố vấn, Ban chiến lược và các phòng ban giúp việc như phòng kế toán, phòng pháp chế, nhân sự... và thuê những cá nhân có uy tín, địa vị trong xã hội.
Việc này nhằm lợi dụng các cá nhân nói trên, để họ xuất hiện tại các sự kiện, hội nghị nhà đầu tư của công ty, xưng danh là thành viên Ban cố vấn. Họ có nhiệm vụ sử dụng hình ảnh, uy tín của bản thân giới thiệu hoạt động kinh doanh của Công ty Nhật Nam.
Trên thực tế, hoạt động đầu tư kinh doanh bất động sản, nhà hàng, khách sạn của Công ty Nhật Nam không có hiệu quả, thua lỗ, dẫn đến phải đóng cửa.
Điều đáng nói, các thành viên Ban chiến lược dù không phải là thành viên sáng lập, không góp vốn điều lệ, không nắm rõ các dự án, lợi nhuận nhưng vẫn tham gia và đồng ý thực hiện theo chỉ đạo của bà Thúy để tổ chức các hội nghị, hội thảo, tiếp nhận thông tin từ bà Thúy trực tiếp thuyết minh, giới thiệu sai sự thật về hoạt động kinh doanh của Công ty Nhật Nam.
Ngoài ra, các cá nhân này còn thực hiện vai trò phát triển thị trường, đào tạo và quản lý đội ngũ nhân viên kinh doanh (sale), phụ trách các văn phòng đại diện của công ty tại nhiều tỉnh, thành phố trên cả nước. Họ truyền đạt thông tin quảng cáo và chính sách hoa hồng của Công ty Nhật Nam cho nhân viên sale, để những nhân viên này giới thiệu với khách hàng, tạo lòng tin và thúc đẩy việc ký hợp đồng, nộp tiền đầu tư.
Cáo trạng xác định, bà Vũ Thị Thúy đã ký các hợp đồng ""khống"" với giá trị nhiều tỷ đồng, cấp Giấy chứng nhận cổ đông chiến lược cho các thành viên Ban chiến lược; chỉ đạo kế toán chuyển khoản tiền phân chia lợi nhuận “khống” cho các thành viên Ban chiến lược tương ứng với các hợp đồng ""khống"" với nội dung chuyển khoản phân chia lợi nhuận như hợp đồng thật.
Các thành viên Ban chiến lược này biết rõ các hợp đồng ""khống”, các khoản phân chia lợi nhuận “khống”, nhưng đã sử dụng để quảng bá, tạo niềm tin cho các bị hại nộp thêm tiền vào công ty.
Gần 5.000 tỷ đồng sử dụng mục đích cá nhân
Theo cáo buộc, từ năm 2020-2023, bà Thúy và đồng phạm đã huy động ký 43.314 hợp đồng hợp tác đầu tư kinh doanh với số tiền 9.113 tỷ đồng.
Trong đó, bà Thúy dùng hơn 4.144 tỷ đồng để trả tiền gốc cho các hợp đồng, còn lại gần 5.000 tỷ đồng (trong tổng số 39.814 hợp đồng của 13.980 bị hại), Chủ tịch HĐQT Công ty Nhật Nam và các đồng phạm chiếm đoạt, sử dụng vào các mục đích cá nhân.
Bà Vũ Thị Thúy còn chỉ đạo nhân viên rút tiền, chuyển tiền ra khỏi tài khoản của Công ty Nhật Nam rồi chuyển tiền vào các tài khoản cá nhân để che giấu nguồn gốc tiền bất hợp pháp, tiền do phạm tội mà có.
Bị can dùng 120 tỷ đồng và nhờ người khác ký hợp đồng mua bất động sản, đầu tư mua cổ phiếu nhằm che giấu nguồn gốc, hợp thức sử dụng số tiền do phạm tội mà có. Hành vi này của Chủ tịch HĐQT Công ty Nhật Nam Vũ Thị Thúy bị xác định đã phạm vào tội Rửa tiền.
Về dân sự, cơ quan tố tụng xác định, bà Vũ Thị Thúy cùng đồng phạm phải bồi thường số tiền chiếm đoạt của các bị hại."
https://vietnamnet.vn/de-nghi-an-tu-cho-ong-ho-dai-dung-va-cac-dai-gia-trong-vu-danh-bac-2459266.html,Không tìm thấy,,"Chiều nay (4/11), phiên tòa xét xử vụđánh bạchơn 106 triệu USD tại khách sạn Pullman chuyển sang phần tranh luận. Đại diện VKS trình bày quan điểm luận tội và đề nghị mức án dành cho 141 bị cáo.
Theo đó, đại diện VKS đề nghị tuyên phạt các bị cáo nhóm tội Tổ chức đánh bạc mức án từ 30 tháng tù nhưng cho hưởng án treo đến 5 năm tù giam.
Các bị cáo này gồm: Phan Trường Giang (Giám đốc Chi nhánh CLB Doanh nghiệp Việt Kiều - King Club thuộc Công ty Việt Hải Đăng); Nguyễn Đình Lâm (Phó Tổng giám đốc Công ty Việt Hải Đăng) và Cho Choon Keun, Shim Hawn Hee, Choi Jin Bok (đều quốc tịch Hàn Quốc, cùng là Quản lý Chi nhánh CLB Doanh nghiệp Việt Kiều - King Club thuộc Công ty Việt Hải Đăng).
Đối với 136 bị cáo phạm tội Đánh bạc, đại diện VKS đề nghị tuyên phạt ông Hồ Đại Dũng (cựu Phó Chủ tịch UBND tỉnh Phú Thọ cũ) mức án từ 4 năm - 4 năm 6 tháng tù; Ngô Ngọc Đức (nguyên Bí thư Thành ủy Hòa Bình, tỉnh Hòa Bình cũ): 3 năm 6 tháng - 4 năm tù.
Có nhiều bị cáo bị đề nghị phạt 50-100 triệu đồng. Trong đó, bị cáo Vũ Ngọc Hà (ca sĩ Vũ Hà) bị đề nghị phạt 100 triệu đồng thay cho hình phạt tù.
Những bị cáo còn lại bị đề nghị mức án từ 30 tháng tù nhưng cho hưởng án treo đến 5 năm, 6 tháng tù giam.
Quan điểm luận tội của đại diện VKS
Quan điểm luận tội của đại diện VSK cho rằng, hành vi phạm tội của các bị cáo là rất nghiêm trọng, trực tiếp xâm phạm trật tự công cộng và an toàn xã hội. Các bị cáo đều là những người có đầy đủ năng lực điều khiển hành vi, nhưng vì vụ lợi đã coi thường pháp luật nên đã tổ chức và tham gia đánh bạc, dù biết rõ hành vi này bị nhà nước nghiêm cấm.
Đại diện VKS nhấn mạnh, đánh bạc dưới bất kỳ hình thức nào, dù là trò chơi điện tử có thưởng hay các phương tiện khác đều gây tác hại lớn xã hội, trật tự an toàn công cộng. Đặc biệt trong vụ án này, có những bị cáo là người có địa vị xã hội cao, có trình độ học vấn, hiểu biết và lẽ ra phải là tấm gương mẫu mực trong việc tuân thủ pháp luật, bảo vệ lợi ích chung của xã hội nhưng lại tham gia đánh bạc, càng làm tăng độ nghiêm trọng của vụ án.
Vì vậy, cần áp dụng mức hình phạt nghiêm khắc, tương xứng với tính chất và mức độ hành vi phạm tội mà các bị cáo đã gây ra, nhằm nghiêm trị, giáo dục, răn đe mạnh mẽ, đồng thời góp phần phòng ngừa tội phạm và bảo vệ trật tự, an toàn xã hội.
Quan điểm luận tội của đại diện VKS nêu rõ vụ án có sự tham gia của nhiều bị cáo, mỗi người giữ một vai trò khác nhau trong việc tổ chức và tham gia các hoạt động đánh bạc trái phép.
Đối với nhóm bị cáo phạm tội Tổ chức đánh bạc, bị cáo Kim In Sung được xác định giữ vai trò chính trong vụ án và là người chủ mưu, cầm đầu hoạt động tổ chức đánh bạc trong thời gian dài, với quy mô đặc biệt lớn và thu lợi bất chính số tiền đặc biệt lớn.
Ba bị cáo là người quản lý sòng bài, mang quốc tịch Hàn Quốc, được Kim In Sung thuê và trả lương để thực hiện nhiệm vụ quản lý, điều hành và giám sát thu, chi, xem xét và quyết định cho người Việt Nam vào King Club đánh bạc trái phép. Các bị cáo này tuy không hưởng lợi nhưng đều giữ vai trò chính trong vận hành hoạt động của King Club hàng ngày, là đồng phạm giúp sức tích cực cho Kim In Sung.
Trong vụ án này, bị cáo Phan Trường Giang đã tham gia điều hành hoạt động của King Club. Bị cáo cũng là người trực tiếp nhận tiền phí vận hành sòng bài từ Kim In Sung trả cho chi nhánh Công ty Việt Hải Đăng và trực tiếp ký các hợp đồng thuê nhân viên, đồng thời chỉ đạo nhóm nhân viên người Việt Nam thực hiện các công việc hàng ngày để duy trì hoạt động của sòng bài. Do đó, bị cáo được xác định giữ vai trò thứ 3, sau nhóm các bị cáo người Hàn Quốc.
Bị cáo Nguyễn Đình Lâm với trách nhiệm là Phó tổng giám đốc Công ty Việt Hải Đăng, dù biết rõ hoạt động tổ chức đánh bạc của Kim In Sung là trái phép nhưng vẫn tham gia vào việc quản lý điều hành và tạo điều kiện cho hoạt động kinh doanh, giúp tổ chức đánh bạc để thu lợi bất chính.
Vì vậy, hành vi của bị cáo Nguyễn Đình Lâm được xác định là đồng phạm giúp sức cho Kim In Sung, nhưng có vai trò thấp hơn so với bị cáo Phan Trường Giang.
Đối với nhóm bị cáo phạm tội Đánh bạc, đại diện VKS nêu rõ có những bị cáo tham gia đánh bạc nhiều lần với số tiền đặc biệt lớn. Điển hình, bị cáo Bùi Văn Huynh đã đánh bạc với tổng số tiền hơn 16,3 triệu USD. Nhiều bị cáo khác cũng tham gia với số tiền từ hàng triệu USD, cho thấy mức độ vi phạm nghiêm trọng, hành vi đánh bạc đã trở thành thói quen và diễn ra trong thời gian dài. Do đó, cần thiết phải áp dụng hình phạt nghiêm khắc, cách ly các bị cáo ra khỏi xã hội một thời gian nhất định để cải tạo, giáo dục và phòng ngừa chung.
Đặc biệt, một số bị cáo có nhân thân rất xấu, từng bị xử lý về tội Đánh bạc, Tổ chức đánh bạc trong vụ án khác, nhưng không lấy đó làm bài học, trong thời gian ngắn lại tiếp tục vi phạm, thể hiện ý thức coi thường pháp luật nên cần xử lý nghiêm để tăng tính răn đe."
https://vietnamnet.vn/em-trai-cam-dao-truy-sat-ca-nha-anh-ruot-2459183.html,Không tìm thấy,,"Tòa phúc thẩm TAND Tối cao tại TPHCM vừa bác đơn kháng cáo, y án tử hình đối với bị cáo Nguyễn Văn Bình (55 tuổi, ngụ Đồng Nai).
Trước đó, Bình bị TAND tỉnh Bình Phước (cũ) tuyên phạt tử hình về tội “Giết người”, 8 năm tù về tội “Cố ý gây thương tích”. Tổng hợp hình phạt chung cho cả hai tội là tử hình. Cho rằng mức án quá nặng, Bình đã kháng cáo xin giảm nhẹ hình phạt.
Theo bản án sơ thẩm, Bình và ông Nguyễn Văn Hiến là anh em ruột, cùng ngụ tại xã Phú Sơn, huyện Bù Đăng, tỉnh Bình Phước (cũ). Năm 2021, giữa gia đình Bình và gia đình ông Hiến xảy ra mâu thuẫn do tranh chấp đất đai. Chính quyền địa phương đã hòa giải nhưng không thành nên hướng dẫn hai bên gửi đơn đến tòa án để giải quyết. Tuy nhiên, cả hai không thực hiện.
Khoảng 10h30 ngày 4/3/2024, giữa Bình và chị Nguyễn Vũ Thụy V. (con gái ông Hiến) xảy ra cự cãi vì chị V. nhổ rau của Bình. Sau đó, chị V. lao tới tát vào mặt Bình và bị Bình đánh lại. Chứng kiến sự việc, bà Vũ Thị Thu P. (vợ ông Hiến) liền dùng cây sào tre đâm về phía Bình.
Bực tức, Bình chạy vào nhà lấy con dao rựa ra chém chị V. khiến nạn nhân ngã gục xuống đất. Không dừng lại, Bình tiếp tục quay sang chém nhiều nhát vào vùng đầu, mặt bà P.
Phát hiện vụ việc, anh Nông Thanh T. (hàng xóm) chạy đến can ngăn nên Bình dừng tay rồi lấy xe máy chạy lên rẫy tìm ông Hiến. Vừa nhìn thấy anh trai, Bình xông tới chém đứt lìa bàn tay phải. Khi nạn nhân bỏ chạy, Bình vẫn tiếp tục truy sát.
Trong lúc cả hai đang giằng co, anh Nguyễn Vũ Hoàng N. (con trai ông Hiến) nhìn thấy, vội chạy đến giải cứu cha.
Dù được đưa đi cấp cứu kịp thời, nhưng bà P. đã tử vong do dập não, xuất huyết nội sọ. Ông Hiến và chị V. may mắn thoát chết nhưng cũng bị thương tật lần lượt 71% và 15%.
Tại phiên phúc thẩm, bị cáo Bình giữ nguyên yêu cầu kháng cáo, đề nghị HĐXX xem xét giảm nhẹ hình phạt vì hoàn cảnh khó khăn, đã cố gắng khắc phục hậu quả cho bị hại được 10 triệu đồng; bị cáo còn mẹ già, con nhỏ cần chăm sóc; bà nội bị cáo là liệt sĩ.
HĐXX nhận định hành vi của bị cáo là đặc biệt nghiêm trọng, xâm phạm đến tính mạng, sức khỏe của nhiều người; gây tâm lý hoang mang, phẫn nộ trong quần chúng nhân dân. Khi quyết định hình phạt, cấp sơ thẩm đã xem xét đầy đủ các tình tiết giảm nhẹ cho bị cáo. Vì vậy, HĐXX không chấp nhận kháng cáo trên."
https://vietnamnet.vn/nguoi-noi-tieng-lien-tuc-bi-bat-tung-lam-tu-thien-co-phai-tinh-tiet-giam-nhe-2458320.html,Không tìm thấy,,"Thời gian gần đây, hàng loạt TikToker, doanh nhân, nghệ sĩ, người có sức ảnh hưởng trên mạng xã hội... bị bắt vì vi phạm pháp luật. Trong số đó, không ít người từng tích cực tham gia hoạt động thiện nguyện.
Từ đó, một câu hỏi được công chúng quan tâm là: Việc từng làm từ thiện, đóng góp cho cộng đồng có được xem là tình tiết giảm nhẹ khi tòa xét xử hay không?
Về vấn đề này,luật sư Nguyễn Thanh Hải– Giám đốc Công ty Luật An Hoàng Gia (Đoàn Luật sư TP Hà Nội) cho biết: Việc một người nổi tiếng từng có nhiều đóng góp thiện nguyện, giúp đỡ cộng đồng không phải là tình tiết giảm nhẹ được quy định cụ thể tại Điều 51 Bộ luật Hình sự 2015 (sửa đổi, bổ sung năm 2017). Song Tòa án có thể xem xét đó là tình tiết giảm nhẹ khác theo khoản 2 Điều 51, nếu những việc làm đó thể hiện nhân thân tốt, ý thức hướng thiện và được xã hội ghi nhận.
Tuy nhiên, cần phân biệt rõ động cơ của việc làm thiện nguyện. Nếu việc làm đó chỉ nhằm đánh bóng hình ảnh, tạo vỏ bọc để trục lợi, lừa đảo hoặc kinh doanh gian dối, thì không những không được xem là giảm nhẹ mà còn có thể bị đánh giá là tình tiết phản ánh thái độ nguy hiểm, tinh vi hơn trong hành vi phạm tội.
Ngược lại, nếu người từng làm từ thiện với cái tâm trong sáng, đã có nhiều đóng góp thật cho cộng đồng nhưng vì những lý do nhất định mà vi phạm pháp luật, thì nhân thân tốt và quá trình cống hiến đó vẫn có thể là căn cứ để Tòa xem xét khoan hồng. Pháp luật nghiêm minh nhưng vẫn nhân văn – trừng trị để răn đe và khoan dung để con người có cơ hội làm lại.
Luật sưĐinh Thị Nhân(Joyce Nguyễn - Công ty Luật Mina) cũng cho biết: Khoản 1 Điều 51 Bộ luật Hình sự quy định 22 tình tiết giảm nhẹ trách nhiệm hình sự, trong số đó không có quy định cụ thể về “làm từ thiện”. Tuy nhiên, Khoản 2 Điều 51 mở rộng phạm vi xem xét: “Khi quyết định hình phạt, Tòa án còn có thể coi các tình tiết khác là tình tiết giảm nhẹ, nhưng phải ghi rõ lý do giảm nhẹ trong bản án"".
Việc từng tham gia hoạt động từ thiện, giúp đỡ cộng đồng, hỗ trợ người yếu thế… có thể được xem là biểu hiện của nhân thân tốt nếu được chứng minh rõ ràng, liên tục và không mang tính vụ lợi.
""Mặc dù hoạt động từ thiện không được pháp luật quy định là tình tiết giảm nhẹ bắt buộc, nhưng trong một số trường hợp, Tòa án vẫn có thể xem xét đây là căn cứ giảm nhẹ trách nhiệm hình sự nếu phù hợp với đánh giá tổng thể về nhân thân và hoàn cảnh phạm tội của bị cáo"", Luật sư Đinh Thị Nhân thông tin.
Tuy nhiên, nữ luật sư cũng nhấn mạnh: Việc áp dụng cần dựa trên hồ sơ, chứng cứ cụ thể và đánh giá toàn diện về hành vi phạm tội, mức độ thiệt hại, nguồn gốc tài sản, mục đích hoạt động từ thiện, bồi thường thực tế..."
https://vietnamnet.vn/bat-tam-giam-thanh-nien-cuop-460-to-ve-so-cua-nguoi-phu-nu-khuyet-tat-2459024.html,Không tìm thấy,,"Ngày 3/11, Công an tỉnh Gia Lai cho biết, Cơ quan Cảnh sát điều tra Công an tỉnh đã khởi tố vụ án, khởi tố bị can và bắt tạm giam Nguyễn Hữu Đức (SN 2002, hiện cư trú phường Quy Nhơn, Gia Lai) để làm rõ hành vi cướp giật tài sản.
Theo kết quả điều tra, vào khoảng 0h ngày 25/10, tại địa bàn phường Quy Nhơn, thấy bà D.T.M. (SN 1971, trú tại đường Bạch Đằng, phường Quy Nhơn, tỉnh Gia Lai) là người khuyết tật ở chân, đi bán vé số bằng xe lăn nên Nguyễn Hữu Đức giả vờ hỏi mua.
Sau khi tiếp cận, đối tượng liền giật cọc vé số và túi xách của bà M. rồi rời khỏi hiện trường.
Tài sản bị cướp gồm 460 tờ vé số trị giá khoảng 4,6 triệu đồng cùng túi xách bên trong có 1 điện thoại di động, thẻ căn cước công dân và 2,5 triệu đồng tiền mặt.
Sau khi tiếp nhận tin báo, đến 2h30 ngày 26/10, Công an phường Quy Nhơn đã bắt giữ Nguyễn Hữu Đức cùng tang vật. Hiện cơ quan chức năng đang củng cố hồ sơ để xử lý theo quy định."
https://vietnamnet.vn/khai-tang-tuoi-de-tron-toi-ke-giet-nguoi-bi-lo-sau-gan-40-nam-2458982.html,Không tìm thấy,,"Ngày 3/11, Công an xã Hoài Đức (Hà Nội) cho biết đã bắt giữ Trần Thanh Bình (SN 1967, trú phường Thanh Lương, quận Hai Bà Trưng cũ). Bình bị truy nã từ năm 1987 về tội giết người. Trước khi gây án, người này từng có hai tiền án về các tội cướp giật và trộm cắp tài sản.
Trung tá Vũ Quang Nam, Trưởng Công an xã Hoài Đức, cho biết trong quá trình rà soát, tra cứu hệ thống dữ liệu truy nã, lực lượng chức năng phát hiện một người tên Trần Thanh Bình (sinh năm 1964, quê Thanh Trì, Hà Nội), hiện sinh sống tại buôn Ea Tuk, xã Cư Pơng, tỉnh Đắk Lắk, có nhiều đặc điểm trùng khớp với đối tượng bị truy nã.
Công an xã Hoài Đức đã nhiều lần vào xã Cư Pơng (tỉnh Đắk Lắk) để xác minh. Qua đó, xác định tại buôn Ea Tuk có người tên Trần Thanh Bình đang sinh sống cùng vợ và hai con. Tuy nhiên, người đàn ông này sống khép kín, ít giao du với hàng xóm, khu vực nhà ở lại hẻo lánh nên công tác thu thập thông tin gặp nhiều khó khăn.
Tổ công tác đã thu thập dữ liệu vân tay của Bình khi người này làm căn cước công dân tại Công an xã Cư Pơng, sau đó phối hợp với Phòng Cảnh sát Quản lý hành chính về trật tự xã hội – Công an TP Hà Nội để đối chiếu với mẫu vân tay trong tàng thư căn cước công dân.
Kết quả xác minh cho thấy vân tay trùng khớp, khẳng định người đàn ông đang sinh sống tại Đắk Lắk chính là Trần Thanh Bình – đối tượng bị truy nã gần 40 năm qua. Sau khi bị triệu tập, biết không thể trốn thoát, Bình đã thừa nhận hành vi giết người xảy ra vào cuối năm 1987.
Bình khai, do sự việc đã quá lâu nên không nhớ rõ thời gian cụ thể. Hôm đó, tại một quán nước gần nhà, Bình bị một người đàn ông tên Q. cùng hai em ruột của ông này đánh gây thương tích.
Bực tức, khoảng 20h cùng ngày, khi gặp lại ông Q. trên đường, Bình rút thanh sắt ở tường rào tấn công, khiến nạn nhân gục tại chỗ. Khi người dân chạy đến, Bình bỏ trốn vào Đắk Lắk sinh sống.
Nạn nhân được đưa đi cấp cứu nhưng tử vong sau hai ngày. Ngày 24/11/1987, Công an quận Hai Bà Trưng (cũ) đã khởi tố vụ án, khởi tố bị can đối với Trần Thanh Bình về tội giết người. Do Bình bỏ trốn, ngày 25/11/1987, cơ quan công an đã ra lệnh truy nã toàn quốc.
Biết mình bị truy nã, để tránh bị phát hiện, năm 2005, Bình kết hôn với một phụ nữ ở Đắk Lắk. Trong quá trình sinh sống tại đây, hắn khai gian, tăng thêm 3 năm so với tuổi thật, đồng thời tạo dựng một nhân thân và hoàn cảnh gia đình mới nhằm che giấu lai lịch thật, trốn tránh pháp luật suốt gần 40 năm qua."
https://vietnamnet.vn/nu-dai-gia-mien-tay-linh-an-vi-huy-hoai-tai-san-35-trieu-dong-2458945.html,Không tìm thấy,,"Ngày 3/11, TAND tỉnh Cà Mau mở phiên tòa xét xử bà Âu Ngọc Vững (57 tuổi, ngụ Cà Mau) về tội Hủy hoại tài sản. Bị cáo từng được biết đến là “đại gia thủy sản” nổi tiếng ở miền Tây.
Theo cáo trạng, ngày 18/4/2021, bà Vững đến phần đất tranh chấp với ông H.Q.C. (ngụ phường 6, TP Cà Mau cũ), thuê người cưa ba cây dừa, hai cây sao, đập gãy hai trụ bê tông, một vách tường và một lối đi của ông này.
Phía gia đình ông C. phản ứng, yêu cầu dừng lại và trình báo Công an phường 6 cũ. Công an sau đó mời các bên liên quan lập biên bản sự việc.
Ngày hôm sau, con gái ông C. đến công an phường tố giác hành vi của bà Vững. Vụ việc sau đó được chuyển cho Công an TP Cà Mau cũ xử lý.
Đến ngày 21/4/2021, bà Vững tiếp tục chỉ đạo cho xe cuốc san lấp mặt bằng lối đi tại nơi bị tháo dỡ trước đó để cắm trụ bê tông. Cơ quan chức năng xác định tổng thiệt hại hơn 35 triệu đồng.
Vụ án từng hai lần được đưa ra xét xử trong năm 2024 nhưng đều bị trả hồ sơ để làm rõ giá trị tài sản thiệt hại.
Tại phiên tòa lần này, bị cáo Vững cho rằng việc thuê người cưa cây, tháo gỡ gạch trên lối đi là nhằm phát quang, dọn dẹp phần đất do ông bà để lại, không có ý định phá hoại tài sản của người khác.
Đại diện VKS đề nghị HĐXX tuyên bị cáo Âu Ngọc Vững phạm tội Huỷ hoại tài sản, mức án 1-2 năm cải tạo không giam giữ.
Theo nhận định của HĐXX, hành vi của bị cáo gây thiệt hại tài sản, cần áp dụng mức hình phạt đủ nghiêm để giáo dục và phòng ngừa chung. Tuy nhiên, toà cũng xem xét các tình tiết giảm nhẹ cho bị cáo như: phạm tội lần đầu, thuộc trường hợp ít nghiêm trọng; từng có nhiều thành tích trong sản xuất, được UBND tỉnh Bạc Liêu cũ, Trung ương Hội Nghề cá Việt Nam tặng bằng khen; đồng thời có nhiều đóng góp cho hoạt động an sinh xã hội tại địa phương.
Từ các căn cứ trên, HĐXX tuyên phạt bà Âu Ngọc Vững 6 tháng tù treo với tội danh trên, đồng thời buộc bị cáo bồi thường cho bị hại hơn 35 triệu đồng."
https://vietnamnet.vn/nhung-ai-duoc-nuoi-ban-ga-loi-trang-2457758.html,Không tìm thấy,,"Sau khi vụ án anh Thái Khắc Thành nuôi bán gà lôi trắng khép lại, được biết, số gà lôi trắng trong vụ việc đã được bàn giao cho Trung tâm Bảo tồn động vật hoang dã Hà Nội để tiếp tục chăm sóc, quản lý theo quy định. Trong số 13 con gà lôi trắng, hiện 8 con còn sống phát triển tốt, 5 con đã chết.
Theo hồ sơ, năm 2022, Thành biết gà lôi trắng là loài quý hiếm, có giá trị cao nên mua một con trống từ Cần Thơ và đổi thêm hai con mái qua mạng xã hội. Ba con này được nuôi chung mà không đăng ký với cơ quan có thẩm quyền.
Sau thời gian nuôi, hai con mái đẻ 13 trứng, nở được 10 gà con. Đầu năm 2025, Thành rao bán số gà con trên Facebook với giá 500.000 đồng/con. Khi đang vận chuyển để giao hàng thì bị công an phát hiện, thu giữ toàn bộ tang vật.
Tháng 8/2025, TAND tỉnh Hưng Yên tuyên phạt bị cáo Thành 6 năm tù và phạt bổ sung 30 triệu đồng về tội “Vi phạm quy định về bảo vệ động vật nguy cấp, quý, hiếm”.
Sau phiên tòa sơ thẩm, Viện trưởng VKSND tỉnh Hưng Yên đã kháng nghị phúc thẩm, đề nghị hủy toàn bộ bản án để điều tra lại. Bị cáo Thành không kháng cáo kêu oan mà chỉ xin được xem xét giảm nhẹ hình phạt, miễn trách nhiệm hình sự theo chính sách pháp luật mới.
Ngày 13/8, TAND tỉnh Hưng Yên chấp nhận đề nghị thay đổi biện pháp ngăn chặn, cho bị cáo Thành được tại ngoại, cấm đi khỏi nơi cư trú. Đến ngày 17/10, vụ án được đưa ra xét xử theo trình tự phúc thẩm.
Xem xét toàn bộ hồ sơ và diễn biến tại phiên tòa, HĐXX nhận định: tại thời điểm phạm tội, gà lôi trắng được xếp trong nhóm IB theo Nghị định 84/2021/NĐ-CP của Chính phủ, nên hành vi của bị cáo bị xử lý hình sự là đúng quy định. Tuy nhiên từ ngày 1/7, Thông tư 27 có hiệu lực, quy định gà lôi trắng thuộc nhóm IIB, không còn nằm trong danh mục loài nguy cấp, quý, hiếm nghiêm cấm khai thác, buôn bán.
Theo quy định Bộ luật Hình sự, khi có sự thay đổi pháp luật làm cho hành vi không còn nguy hiểm cho xã hội nữa, người phạm tội được miễn trách nhiệm hình sự. Vì vậy, hành vi của ông Thái Khắc Thành hiện nay không còn bị coi là tội phạm.
Pháp luật không cấm nhưng nuôi phải có điều kiện
Cục Lâm nghiệp và Kiểm lâm (Bộ Nông nghiệp và Môi trường) khuyến cáo, để tránh xảy ra trường hợp tương tự như vụ việc nuôi gà lôi trắng ở Nghệ An, người dân cần chủ động tìm hiểu kỹ các quy định của pháp luật trước khi bắt đầu nuôi các loài động vật nguy cấp, quý, hiếm. Người dân có thể liên hệ với cơ quan chức năng như cơ quan kiểm lâm địa phương để được hướng dẫn cụ thể về thủ tục đăng ký nuôi theo đúng quy định.
Một cán bộ Cục Lâm nghiệp và Kiểm lâm cho biết, pháp luật không cấm tuyệt đối việc nuôi gà lôi, song người nuôi phải tuân thủ chặt chẽ các quy định về quản lý, bảo tồn động vật hoang dã.
“Người dân vẫn được phép nuôi, nhưng phải có giấy phép của cơ quan có thẩm quyền và bảo đảm điều kiện chuồng trại, vệ sinh, phòng dịch, nguồn gốc hợp pháp của con giống…”, vị này nhấn mạnh.
Theo Cục Lâm nghiệp và Kiểm lâm, việc gây nuôi sinh sản gà lôi trắng là một biện pháp để duy trì nòi giống của loài, tuy nhiên chỉ trong một số trường hợp cụ thể mới được coi là biện pháp để bảo tồn.
Việc cứu một loài động vật hoang dã khỏi nguy cơ tuyệt chủng, các nhà bảo tồn sẽ can thiệp để loài có tỷ lệ sinh và tỷ lệ con non sống sót sau sinh cao nhất, sau đó huấn luyện tập tính, chọn lọc và tái thả lại tự nhiên.
Việc gây nuôi hợp pháp cũng có thể được xem là một trong những giải pháp được khuyến khích để bảo tồn các loài động vật nguy cấp, quý, hiếm, giúp tạo ra quần thể dự phòng, phục vụ cho công việc nghiên cứu khoa học.
Đồng thời, việc này cũng tạo ra một nguồn cung hợp pháp, làm giảm áp lực săn bắt trái phép từ tự nhiên và tạo sinh kế, thu nhập hợp pháp cho người dân.
"
https://vietnamnet.vn/danh-tinh-3-doi-tuong-dan-canh-chiem-doat-21-5-ty-dong-cua-mot-nguoi-phu-nu-2458444.html,Không tìm thấy,,"Ngày 1/11, Phòng Cảnh sát hình sự Công an tỉnh Đắk Lắk cho biết, đơn vị vừa bắt giữ ba đối tượng để điều tra về hành vi cưỡng đoạt 21,5 tỷ đồng của một người dân.
Các đối tượng bị bắt giữ gồm: Lù Thị Quyên Di (41 tuổi) và Trần Thị Huyền Trang (35 tuổi), cùng trú tại xã Hòa Phú, tỉnh Đắk Lắk; Đặng Đình Mạnh (44 tuổi), trú tại xã Sa Thầy, tỉnh Quảng Ngãi.
Kết quả điều tra ban đầu, từ tháng 10/2024 đến tháng 9/2025, Di đã nhiều lần vay tiền của bà V. (48 tuổi, trú cùng xã) để đáo hạn ngân hàng và đang nợ lại số tiền 21,5 tỷ.
Muốn chiếm đoạt số tiền trên, ngày 11/9, Di chủ động liên hệ với Trang và Mạnh để đe dọa vợ chồng bà V. Nhóm này dàn cảnh đe dọa đang làm đơn tố cáo hành vi cho vay lãi nặng của người phụ nữ trên. Đồng thời, cả nhóm yêu cầu bà V. phải viết giấy xóa nợ số tiền 21,5 tỷ đồng mà Di đã vay.
Bị các đối tượng liên tục đe dọa, bà V. lo sợ nên đã đến nhà Di viết giấy xóa nợ toàn bộ số tiền. Sau đó, nạn nhân đến cơ quan công an trình báo sự việc."
https://vietnamnet.vn/danh-tinh-bon-doi-tuong-dung-xe-cau-trom-15-tan-thep-cong-truong-2458318.html,Không tìm thấy,,"Ngày 31/10, Công an tỉnh Quảng Ninh cho biết vừa ra quyết định khởi tố vụ án và khởi tố bị can bốn đối tượng gồm: Nguyễn Văn Toàn, Lê Mạnh Hà, Lê Văn Thưởng, Lò Văn Thắng, để điều tra về tội “Trộm cắp tài sản”.
Trước đó, trong khi tuần tra, Công an phường Phong Cốc, tỉnh Quảng Ninh phát hiện đối tượng Lê Mạnh Hà (SN 1989, trú tại xã Đại Hoàng, tỉnh Ninh Bình) điều khiển xe cẩu tự hành biển kiểm soát 35H-001.02 chở theo 3 bó thép chưa qua sử dụng ra khỏi công trường.
Công trường này thuộc quản lý của Công ty TNHH Năng lượng và Linh kiện EV Foxconn Việt Nam (đóng tại khu công nghiệp Bắc Tiền Phong, phường Phong Cốc).
Nhận thấy dấu hiệu nghi vấn, tổ công tác phối hợp với Công an phường Liên Hòa, tỉnh Quảng Ninh và Ban an toàn của Công ty TNHH Xây dựng ZYF Việt Nam (chủ đầu tư dự án) tiến hành kiểm tra và mời đối tượng Hà về trụ sở Công an phường Phong Cốc để làm việc.
Tại cơ quan điều tra, Lê Mạnh Hà khai nhận toàn bộ hành vi phạm tội và cung cấp thông tin về các đồng phạm, bao gồm: Nguyễn Văn Toàn (SN 1982, đội trưởng đội bảo vệ công trường), Lê Văn Thưởng (SN 1983, nhân viên bảo vệ) và Lò Văn Thắng (SN 2002, công nhân trong công trường).
Nhóm đối tượng này thống nhất thực hiện 7 vụ trộm cắp vật tư, chiếm đoạt tổng cộng hơn 15 tấn thép các loại, với tổng trị giá lên đến hơn 232 triệu đồng. Số thép này là tài sản của Công ty TNHH Xây dựng ZYF Việt Nam."
https://vietnamnet.vn/nu-hieu-truong-doan-thi-le-xuan-co-the-doi-dien-voi-muc-an-nao-2457831.html,Không tìm thấy,,"Ngày 29/10, Công an tỉnh Lào Cai cho biết đã ra quyết định khởi tố vụ án, khởi tố bị can và lệnh bắt bị can để tạm giam với bà Doãn Thị Lệ Xuân, hiệu trưởng và Nguyễn Ngọc Hà (cùng 41 tuổi), kế toán Trường Mầm non An Bình, về tội Lợi dụng chức vụ, quyền hạn trong khi thi hành công vụ.
Theo kết quả điều tra ban đầu, trong thời gian từ năm 2022 đến nay, bà Xuân đã bàn bạc, thống nhất với bà Hà lập và hoàn thiện hồ sơ chứng từ làm thêm giờ khống, từ đó rút ra khoản tiền chênh lệch để chi tiêu, sử dụng trái quy định. Việc làm này của bà Xuân và Hà gây thiệt hại cho ngân sách nhà nước hơn 580 triệu đồng.
Về khía cạnh pháp lý, luật sư Nguyễn Thanh Hải, Giám đốc Công ty Luật An Hoàng Gia, Đoàn Luật sư TP Hà Nội, nhận định: với hành vi lợi dụng chức vụ hiệu trưởng để lập hồ sơ, chứng từ làm thêm giờ khống, rút tiền ngân sách nhà nước hơn 580 triệu đồng, bà Doãn Thị Lệ Xuân có dấu hiệu phạm tội ""Lợi dụng chức vụ, quyền hạn trong khi thi hành công vụ"" theo Điều 356 Bộ luật Hình sự 2015, sửa đổi, bổ sung năm 2017.
Số tiền thiệt hại trên 580 triệu đồng thuộc khoản 2 Điều 356, với mức hình phạt từ 5 năm đến 10 năm tù. Ngoài hình phạt tù, người phạm tội còn có thể bị cấm đảm nhiệm chức vụ nhất định từ 1 đến 5 năm và phạt tiền từ 10 triệu đến 100 triệu đồng.
Theo luật sư Nguyễn Thanh Hải, đây là hành vi xâm phạm nghiêm trọng đến uy tín của cơ quan nhà nước, làm suy giảm niềm tin của xã hội đối với đội ngũ cán bộ trong ngành giáo dục, vì vậy cần được xử lý nghiêm để đảm bảo tính răn đe và phòng ngừa chung.
Cùng với đó, luật sư cho rằng, bà Nguyễn Ngọc Hà, kế toán Trường Mầm non An Bình, cũng phải chịu trách nhiệm theo khoản 2 của Điều 356, với mức phạt tù từ 5 năm đến 10 năm.
Tuy nhiên, theo luật sư Hải, khi lượng hình, vai trò của từng người sẽ được xem xét. Cụ thể, nếu bà Doãn Thị Lệ Xuân là hiệu trưởng, người đứng đầu, có chức vụ, quyền hạn quyết định, giữ vai trò chủ mưu hoặc khởi xướng nên sẽ chịu mức trách nhiệm cao hơn. Còn kế toán Nguyễn Ngọc Hà, nếu là người thực hiện theo chỉ đạo hoặc đồng phạm giúp sức vẫn bị xử lý trong cùng tội danh, nhưng mức hình phạt có thể thấp hơn tùy vào vai trò cụ thể trong vụ án."
https://vietnamnet.vn/pho-phong-giao-dich-ngan-hang-lua-vay-tien-ty-de-dau-tu-tren-mang-2458237.html,Không tìm thấy,,"Ngày 31/10, Văn phòng cơ quan Cảnh sát điều tra Công an tỉnh Đắk Lắk cho biết, đơn vị đã khởi tố bị can, bắt tạm giam 4 tháng đối với Tống Minh Hòa (32 tuổi, trú tại xã Ea Knốp) để điều tra về hành vi ""lừa đảo chiếm đoạt tài sản"".
Kết quả điều tra ban đầu, năm 2024, Hòa giữ chức phó phòng giao dịch của một ngân hàng ở phường Buôn Ma Thuột, tỉnh Đắk Lắk.
Khoảng tháng 5/2024, Hòa bắt đầu tìm hiểu và tham gia đầu tư tài chính trên mạng. Ban đầu Hòa đầu tư với số tiền ít và có lời. Sau đó, vì hám lợi nên Hòa tiếp tục đầu tư với số tiền lớn hơn.
Thời gian này, Hòa quen biết với chị D. (35 tuổi) trú tại phường Bắc Gia Nghĩa, tỉnh Lâm Đồng. Để có tiền đầu tư tài chính trên mạng, Hòa đã đưa ra thông tin gian dối là cần tiền đáo hạn cho khách để vay tiền chị D. và hứa sẽ trả tiền gốc và lãi đầy đủ.
Vì biết Hòa đang là phó phòng giao dịch nên chị D. đã tin tưởng cho vay nhiều lần với tổng số tiền 4,8 tỷ đồng.
Toàn bộ số tiền này, Hòa dùng để trả nợ, đầu tư tài chính qua mạng và bị thua lỗ sạch. Biết không còn khả năng trả nợ nên Hòa đã tự ý nghỉ việc rồi bỏ trốn.
Sau khi nhận được đơn tố giác của chị D., Công an tỉnh Đắk Lắk đã vào cuộc điều tra, củng cố chứng cứ và bắt giữ Tống Minh Hòa về tội ""Lừa đảo chiếm đoạt tài sản""."
https://vietnamnet.vn/xong-vao-can-ho-chung-cu-o-ha-noi-dung-dao-khong-che-chu-nha-de-doi-tien-2458208.html,Không tìm thấy,,"Ngày 31/10, TAND TP Hà Nội tuyên phạt bị cáo Phan Mạnh Quý (SN 2001, ở Ninh Bình) mức án 19 năm tù về tội Đánh bạc và Bắt cóc nhằm chiếm đoạt tài sản.
Trước đó, khoảng tháng 7/2024, Phan Mạnh Quý tham gia đánh bạc và bị thua. Vì vậy, Quý đã nảy sinh ý định bắt cóc em họ là anh P.T.H (SN 2004, ở Hà Nội) để chiếm đoạt tài sản.
Theo cáo buộc, khoảng 14h ngày 12/9/2024, Quý gọi điện cho anh H., giả danh nhân viên giao hàng để tiếp cận. Sau đó, Quý phóng xe máy từ nhà trọ đến nhà của anh H.
Khi đi, bị cáo mang theo con dao, giấu vào trong người. Đến khu vực một khu chung cư trên đường Vũ Trọng Phụng (Hà Nội) để tránh bị phát hiện, Quý để xe máy ở con ngõ gần đó rồi đi bộ vào tòa nhà chung cư, bấm thang máy lên tầng 11.
Đến nhà anh H., Quý bấm chuông cửa, lấy dao từ trong người và dùng túi hồ sơ để che con dao. Thấy anh H. mở cửa, Quý đẩy anh này vào trong nhà, dùng dao khống chế nạn nhân, rồi đóng cửa lại.
Do bị cáo đeo khẩu trang nên anh H. không nhận ra Quý chính là anh họ của mình và lên tiếng: “Anh là cướp à?”. Quý đáp: “Tao là cướp đây”. Ngay khi đó, Quý nhìn thấy trên kệ tủ tại phòng khách nhà anh H. có cuộn băng dính nên đã dùng để trói chân, tay anh H., với mục đích khiến nạn nhân không thể phản kháng.
Quý hỏi anh H.: “Bây giờ tao muốn lấy 600 triệu đồng, mày gọi cho ai để chuyển được tiền?”. Do sợ bị giết, anh H. đã gọi điện cho anh trai nói: “Em đang bị cướp, họ đang ở nhà mình”. Lúc đó Quý nói: “Tao đang cần 600 triệu đồng, tao cho mày 5 phút để chuyển tiền vào tài khoản của thằng H"".
Quý dự định, sau khi nhận được tiền vào tài khoản của H., bị cáo sẽ dùng để nạp vào game đánh bạc tại một trang web nhằm che giấu nguồn tiền.
Khi anh trai của H. nói cần thời gian để xoay tiền thì H. tắt máy. Khoảng 5 phút sau, chưa thấy anh trai của H. chuyển tiền, Quý tiếp tục dùng điện thoại của H. thúc giục chuyển tiền, nhưng anh trai của anh H. nói không có tiền, muốn có tiền ngay thì gọi cho bố nạn nhân.
Lúc đó, bị cáo Quý lấy điện thoại, gọi cho bố của nạn nhân, yêu cầu chuyển 600 triệu đồng, nếu không sẽ “không để cho H. sống”. Sau lời đe dọa trên, trong vòng 30 phút, người thân của anh H. đã chuyển 230 triệu đồng vào 2 tài khoản của anh H.
Sau đó, bị cáo Quý đã dùng 150 triệu đồng trong tài khoản của anh H. để nạp vào tài khoản game đánh bạc. Bị cáo Quý yêu cầu nạn nhân chuyển 50 triệu đồng vào tài khoản mà anh ta chỉ định. Tuy nhiên, do tài khoản của anh H. chưa cài đặt sinh trắc học nên không thực hiện được giao dịch trên.
Lo sợ nếu khống chế anh H. lâu sẽ bị nạn nhân nhận ra mình, bị cáo đe dọa bố nạn nhân không được báo công an rồi sau đó cởi trói cho anh H., dùng dao khống chế, đưa nạn nhân ra ngoài khu vực thang máy để bỏ trốn.
Khi vừa đi ra ngoài căn hộ, đến khu vực thang máy, Phan Mạnh Quý bị công an khống chế, thu giữ hung khí và đưa bị cáo về trụ sở làm việc."
https://vietnamnet.vn/dot-tiem-spa-2-nguoi-tu-vong-doi-tuong-uong-thuoc-diet-co-truoc-khi-gay-an-2458060.html,Không tìm thấy,,"Viện KSND tỉnh Gia Lai đã phê chuẩn quyết định khởi tố bị can và lệnh bắt tạm giam đối với Nguyễn Anh Duy (SN 2001, trú phường An Khê, tỉnh Gia Lai). Duy được xác định là hung thủ trong vụ phóng hỏa đốt tiệm spa của người tình tại số 257/19 Đỗ Trạc, tổ 1 Tây Sơn (phường An Khê), khiến hai người tử vong.
Theo kết quả điều tra, chị T.T.T.N. (SN 1994) và anh N.B.C. (SN 1992, cùng trú tại phường An Khê) từng là vợ chồng và có một con chung là cháu N.B.T. (5 tuổi). Năm 2024, hai người ly hôn.
Sau khi ly hôn, chị N. có quan hệ tình cảm với Nguyễn Anh Duy và được Duy giúp đỡ trong việc kinh doanh tiệm spa. Trong thời gian này, anh C. biết chuyện và nhiều lần thách thức, đòi đánh nhau với Duy nhưng được chị N. can ngăn. Sau đó, giữa chị N. và Duy thường xuyên xảy ra mâu thuẫn.
Tối 18/10, anh C. đến tiệm spa chơi với con trai rồi ngủ lại. Khoảng 0h ngày 19/10, sau khi uống thuốc diệt cỏ trong chai có ký hiệu “A&A”, Duy đi bộ đến tiệm spa tìm chị N. để giải quyết mâu thuẫn.
Do từng ở lại đây nên Duy biết cửa bên hông nhà thường không khóa, liền lén mở cửa đi vào. Thấy chị N. và anh C. đang ngủ cùng con trai, Duy nổi cơn ghen và nảy sinh ý định đốt nhà để giết chị N. và anh C.
Duy sang nhà bên cạnh lấy một can nhựa rồi đi bộ ra đường nhờ xe ôm chở đi mua 400.000 đồng tiền xăng với lý do xe hết xăng. Khi còn cách tiệm spa khoảng 1km, Duy xuống xe, đi bộ đến tiệm, mở cửa chính, đổ xăng vào phòng nơi ba người đang ngủ và nhiều vị trí khác trong căn nhà.
Sau khi tưới xăng, Duy bật quẹt gas khiến ngọn lửa bùng lên, làm chị N. tử vong tại chỗ. Phát hiện cháy, anh C. ôm con trai chạy ra ngoài nhưng cả hai bị bỏng nặng, được người dân đưa đi cấp cứu tại Bệnh viện Đa khoa trung tâm Gia Lai rồi chuyển lên tuyến trên.
Sau khi phóng hỏa, Duy thoát ra ngoài theo lối bên hông. Tuy nhiên, do lửa cháy lớn nên Duy bị ngạt khói và bỏng ở tai, bàn chân. Lúc này, do ngấm thuốc diệt cỏ đã uống trước đó, Duy bị khó thở, bội nhiễm, phải cấp cứu tại Trung tâm Y tế An Khê, sau đó chuyển đến Bệnh viện Đa khoa trung tâm Gia Lai điều trị.
Về phía anh C., do vết thương quá nặng, đến ngày 28/10, nạn nhân đã tử vong tại Bệnh viện Chợ Rẫy (TPHCM). Còn cháu N.B.T. đang được điều trị tại Bệnh viện Nhi đồng 1 (TPHCM).
Hành vi của Nguyễn Anh Duy được xác định là đặc biệt nghiêm trọng, gây hoang mang dư luận và ảnh hưởng xấu đến đời sống xã hội. Sau khi được xuất viện, Cơ quan CSĐT Công an tỉnh Gia Lai đã ra quyết định khởi tố bị can và lệnh bắt tạm giam đối với Duy về tội “Giết người”.
Xét tính chất đặc biệt nghiêm trọng của vụ án và nhằm ngăn chặn bị can bỏ trốn, Viện KSND tỉnh Gia Lai đã phê chuẩn các quyết định và lệnh trên để Cơ quan CSĐT tiến hành bắt tạm giam đối với Nguyễn Anh Duy để phục vụ công tác điều tra.
Trao đổi với PV, ông N.M.H. (cha của Nguyễn Anh Duy) cho biết, con trai ông và chị N. quen nhau khoảng 7 tháng trước nhưng thường xuyên xảy ra mâu thuẫn. Khuya 18/10, sau khi đi chơi về, Duy lại đòi đi tiếp nhưng bị mẹ ngăn lại.
Sau khi mở được cửa, Duy cầm một chai thuốc đổ vào miệng nhưng không biết là thuốc gì, còn nhiều hay ít rồi bỏ đi, gia đình tìm kiếm nhưng không thấy. Rạng sáng hôm sau, họ nhận được tin Duy là người phóng hỏa đốt nhà, đang được điều trị tại bệnh viện.
Cũng theo ông H., Duy không có công ăn việc làm ổn định, sống lang thang, đi về tùy thích. Khoảng hơn một tháng trước, Duy từng uống thuốc diệt cỏ nhưng được người nhà phát hiện, đưa đi cấp cứu kịp thời nên giữ được tính mạng. Nguyên nhân dẫn đến hành động này gia đình không nắm được."
https://vietnamnet.vn/9x-tung-la-sinh-vien-dai-hoc-len-ke-hoach-giet-3-nguoi-mot-cach-lanh-lung-2458050.html,Không tìm thấy,,"XEM CLIP:
Sau hơn nửa tháng điều tra, Cơ quan CSĐT Công an tỉnh Đồng Nai đã hoàn tất kết luận, đề nghị truy tố các bị can trong vụ án đặc biệt nghiêm trọng khiến 3 người trong cùng một gia đình tại xã Đak Nhau tử vong.
Từng là sinh viên đại học
Liên quan vụ án, cơ quan công an khởi tố và bắt giữ 3 đối tượng gồm Lưu Minh Tiến (Tây Ninh), Nguyễn Văn Việt (Đồng Nai) và Phạm Quang Huy (Thái Nguyên) về hành vi ""Tàng trữ, vận chuyển, sử dụng và mua bán trái phép vũ khí quân dụng"".
3 bị can trên có hành vi chế tạo, tàng trữ, vận chuyển, sử dụng và mua bán súng với Lê Sỹ Tùng trước khi gây án.
Theo kết quả điều tra, Tùng trực tiếp ra tay sát hại các nạn nhân, không có đồng phạm trong quá trình gây án. Nghi can bị khởi tố về 4 tội danh: “Giết người”, “Cướp tài sản”, “Hủy hoại tài sản” và “Tàng trữ, vận chuyển, sử dụng, mua bán trái phép vũ khí quân dụng”.
Ba nạn nhân được xác định là ông Đ.D.T. (SN 1978), bà C.H.H. (SN 1977, vợ ông T.) và cháu Đ.T.T. (SN 2014, cháu ngoại bà H.). Cả ba đều bị bắn vào vùng đầu, tử vong tại chỗ vào tối 2/10 tại cơ sở thu mua nông sản T.H.
Theo hồ sơ, Tùng từng là sinh viên Đại học Công nghệ Thông tin, nhưng bỏ học giữa chừng, không có nghề nghiệp ổn định. Khi còn học lớp 11, Tùng từng phạm tội “trộm cắp tài sản” bị xử án 24 tháng tù cho hưởng án treo.
Không có việc làm, không thu nhập nhưng Tùng lại thích hưởng thụ và sống ảo trên mạng xã hội, thường xuyên đăng ảnh xe phân khối lớn, du lịch, súng đạn… để thể hiện bản thân. Từ lối sống lệch lạc này, hắn nảy sinh ý định giết người, cướp tài sản để có tiền tiêu xài.
Kế hoạch tội ác được chuẩn bị bài bản
Kết quả điều tra xác định, Tùng đã bán xe mô tô lấy tiền mua một khẩu súng quân dụng, 750 viên đạn cùng nhiều vật dụng khác như máy cắt sắt, tóc giả, dây dù, găng tay, đèn pin và quần áo cải trang. Mục tiêu hắn nhắm tới là gia đình ông T., chủ cơ sở thu mua nông sản tại xã Đăk Nhau có điều kiện kinh tế khá giả, sống biệt lập ở nơi hẻo lánh.
Từ đầu tháng 8, Tùng nhiều lần đến khu vực này khảo sát địa bàn, nắm rõ quy luật sinh hoạt, số người trong nhà, hướng ra vào và đường tẩu thoát. Sau khi lên kế hoạch chi tiết, hắn quyết định ra tay.
Ngày 1/10, Tùng bắt đầu hành trình vòng vèo qua nhiều tỉnh để xóa dấu vết. Hắn gửi xe máy tại bãi xe bệnh viện dọc Quốc lộ 1 rồi đón ô tô đi Đà Lạt, tiếp đó quay lại Dầu Giây – Amata – Suối Tiên – Bến xe Miền Đông. Sáng 2/10, Tùng lên xe khách đi xã Bom Bo, rồi đón xe ôm đến xã Đăk Nhau. Cách nhà nạn nhân khoảng 2km, hắn xuống xe, đi bộ xuyên qua lô cao su để tiếp cận mục tiêu.
Trên mỗi chặng, Tùng đều thay đổi trang phục, đội tóc giả, đeo khẩu trang, mũ lưỡi trai nhằm đánh lạc hướng nhận dạng. Gần đến nhà nạn nhân, hắn thay toàn bộ đồ, khoác trang phục phượt thủ, đeo găng tay, kính bảo hộ, lắp súng và bắn thử trước khi gây án.
Để tạo điều kiện gây án, Tùng dùng móc câu nối vào công tắc điện, kéo dây dù ra bên ngoài để cúp điện từ xa. Khi căn nhà chìm trong bóng tối, hắn đứng từ bìa lô cao su đối diện, cách các nạn nhân khoảng 35m, xả đạn liên tục khiến 3 người chết. Sau đó, Tùng bắn nổ camera, cắt két sắt lấy tài sản rồi bỏ trốn.
Nhận tin báo, Công an tỉnh Đồng Nai lập Ban chuyên án 1025G do Thiếu tướng Nguyễn Đức Hải, Giám đốc Công an tỉnh làm Trưởng ban. Đồng thời, 5 Phó giám đốc Công an tỉnh trực tiếp xuống hiện trường, chia 15 tổ điều tra với hơn 500 cán bộ, chiến sĩ phối hợp cùng các đơn vị nghiệp vụ Bộ Công an vào cuộc phá án.
“Lực lượng công an đã vận động người dân tích cực tố giác tội phạm, thu thập được hơn 50 nguồn tin có giá trị phục vụ điều tra”, Thiếu tướng Hải cho biết.
Xác định đây là vụ án nghiêm trọng, Thượng tướng Nguyễn Văn Long - Thứ trưởng, Thủ trưởng Cơ quan CSĐT Bộ Công an đã trực tiếp đến hiện trường, chỉ đạo công tác điều tra, truy bắt hung thủ.
“Mặc dù thông tin ban đầu từ hiện trường rất hạn chế, tuy nhiên bằng các biện pháp nghiệp vụ và ứng dụng khoa học kỹ thuật hiện đại, lực lượng công an từng bước xác định được hướng điều tra trọng tâm”, Ban chuyên án thông tin.
Chỉ 56 giờ sau khi gây án, Tùng bị bắt cùng toàn bộ tang vật, khép lại kế hoạch tội ác được chuẩn bị kỹ lưỡng..."
https://vietnamnet.vn/bat-nghi-pham-dot-tiem-spa-cua-nguoi-tinh-khien-2-nguoi-tu-vong-2458035.html,Không tìm thấy,,"Ngày 30/10, Viện KSND tỉnh Gia Lai cho biết đã phê chuẩn quyết định khởi tố và lệnh bắt tạm giam Nguyễn Anh Duy để điều tra về tội “Giết người” theo khoản 1, Điều 123 Bộ luật Hình sự.
Duy là nghi phạm trong vụ phóng hỏa đốt nhà người tình vì ghen tuông, xảy ra tại số 257/19 Đỗ Trạc, tổ 1 Tây Sơn, phường An Khê (tỉnh Gia Lai), khiến 4 người thương vong.
Theo kết quả điều tra, chị T.T.T.N. (SN 1994) và anh N.B.C. (SN 1992, cùng trú tại phường An Khê) từng là vợ chồng, có một con chung là cháu N.B.T. (SN 2020). Đến năm 2024, cả hai đã ly hôn.
Sau khi ly hôn, chị N. có quan hệ tình cảm với Nguyễn Anh Duy (SN 2001, trú cùng phường). Quá trình chị N. và Duy quen nhau, anh C. nhiều lần thách thức đòi đánh nhau với Duy nhưng được chị N. can ngăn. Sau đó, giữa chị N. và Duy thường xảy ra mâu thuẫn cãi cọ.
Tối 18/10, anh C. đến tiệm spa của chị N. để thăm con và ngủ lại. Do ghen tuông, Duy mua xăng về phóng hỏa đốt tiệm, khiến chị N. tử vong tại chỗ. Anh C. cùng cháu N.B.T. bị bỏng nặng, được đưa vào Bệnh viện Đa khoa trung tâm Gia Lai cấp cứu, sau đó chuyển đến Bệnh viện Chợ Rẫy và Bệnh viện Nhi đồng 1 (TPHCM) để tiếp tục điều trị.
Về phía nghi phạm Nguyễn Anh Duy, sau khi phóng hỏa đốt tiệm spa, đối tượng cũng bị ngạt khói, bỏng ở tai và mu bàn chân nên được đưa đến Trung tâm Y tế An Khê cấp cứu và tiếp tục chuyển đến Bệnh viện Đa khoa trung tâm Gia Lai để điều trị.
Sau một thời gian điều trị tại Bệnh viện Chợ Rẫy, ngày 28/10, anh N.B.C. (chồng cũ chị N.) cũng đã tử vong.
Xét thấy hành vi của Nguyễn Anh Duy là đặc biệt nghiêm trọng, gây hoang mang trong dư luận, ảnh hưởng xấu đến đời sống xã hội, Viện KSND tỉnh Gia Lai đã phê chuẩn quyết định và lệnh trên để Cơ quan Cảnh sát điều tra bắt bị can, tạm giam và điều tra theo quy định."
https://vietnamnet.vn/tam-giu-nguoi-dan-ong-nghi-sat-hai-cu-ba-72-tuoi-2458009.html,Không tìm thấy,,"Hôm nay (30/10), Công an tỉnh Lâm Đồng tạm giữ người đàn ông tên T. để làm rõ nghi án cụ bà 72 tuổi bị sát hại tại nhà riêng.
Chiều 29/10, người dân phát hiện bà N.T.N. (72 tuổi) tử vong trong căn nhà cấp 4 trên đường Âu Cơ, xã Tuyên Quang, tỉnh Lâm Đồng. Trên cơ thể nạn nhân có nhiều vết thương, đồ đạc trong nhà bị xáo trộn. Nghi ngờ cụ bà bị sát hại, người dân lập tức trình báo cơ quan chức năng.
Công an có mặt phong tỏa khu vực, khám nghiệm hiện trường. Lực lượng chức năng trích xuất các camera quanh hiện trường, phát hiện có nam thanh niên đi vào nhà bà N. vào chiều 29/10, trước khi cụ bà bị sát hại.
Cảnh sát xác định người xuất hiện trong camera là T. sống gần nhà nạn nhân.
Công an đã đưa nghi can đến nơi xảy ra sự việc để thực nghiệm hiện trường, tìm hung khí gây án nhằm củng cố hồ sơ xử lý."
https://vietnamnet.vn/hai-ke-la-mat-danh-hoc-sinh-cuop-xe-may-va-iphone-15-o-dong-nai-2457992.html,Không tìm thấy,,"Ngày 30/10, Phòng Cảnh sát Hình sự (CSHS), Công an tỉnh Đồng Nai cho biết, đơn vị vừa bắt giữ nhóm nghi can cướp tài sản của học sinh xảy ra trên địa phường Trấn Biên (tỉnh Đồng Nai).
Ngày 29/10, Công an phường Trấn Biên nhận tin báo về vụ cướp xảy ra trên đường Đặng Văn Trơn. Nạn nhân là học sinh lớp 10, bị hai thanh niên lạ mặt hành hung, cướp xe máy biển số 60AA-422.XX và điện thoại iPhone 15.
Xác định đây là vụ án nghiêm trọng, các đối tượng manh động, nhắm vào người chưa thành niên, Phòng CSHS đã phối hợp với Công an phường Trấn Biên khẩn trương truy xét.
Đến 1h sáng 30/10, lực lượng công an bắt giữ hai nghi phạm Danh Nhật Linh (SN 2000, quê Cà Mau) và Trần Hoàng Ân (SN 2002, ngụ phường Trấn Biên) khi cả hai đang lẩn trốn tại một nhà nghỉ trên đường Mường Thanh, phường Tam Hiệp.
Tại cơ quan công an, hai nghi phạm khai do không có việc làm nên rủ nhau đi cướp tài sản lấy tiền tiêu xài. Tối 29/10, Ân điều khiển xe máy chở Linh chạy dọc tuyến đường Đặng Văn Trơn. Khi thấy một học sinh đang trú mưa bên đường cùng xe máy, chúng lao tới hành hung, cướp xe và điện thoại rồi bỏ trốn.
Công an tỉnh Đồng Nai đã ra quyết định tạm giữ hình sự hai đối tượng trên để tiếp tục điều tra, xử lý theo quy định pháp luật."
https://vietnamnet.vn/gia-danh-pho-vien-truong-vien-kiem-sat-de-lua-chay-an-2457997.html,Không tìm thấy,,"Ngày 30/10, TAND TPHCM tuyên phạt bị cáo Huỳnh Ngọc Long (57 tuổi, ngụ xã Bình Hưng, TPHCM) 12 năm tù về tội “Lừa đảo chiếm đoạt tài sản”; Nguyễn Phước Bình (46 tuổi, ngụ An Giang) 8 năm tù về tội “Môi giới hối lộ”.
Theo cáo buộc, do có quen biết nên ông Đào Văn Thiết kể cho Bình nghe việc mình thua kiện trong vụ án kinh doanh thương mại và bị buộc phải bồi thường số tiền lớn. Lúc này, Bình nói với ông Thiết rằng có quen biết Huỳnh Ngọc Long và người này có thể giúp ông Thiết kháng nghị giám đốc thẩm bản án nêu trên.
Khoảng cuối tháng 11/2016, Bình đưa ông Thiết đến gặp Long tại một quán cà phê ở quận 5 (cũ). Trong lúc trò chuyện, Long “nổ” mình là Phó viện trưởng Viện kiểm sát T. và hứa sẽ giúp đỡ với chi phí 5 tỷ đồng. Thấy chi phí lớn, ông Thiết xin giảm xuống còn 4,5 tỷ đồng thì Long đồng ý.
Đầu tháng 12/2016, Long đưa cho Bình một giấy xác nhận về việc nhận đơn đề nghị xem xét theo thủ tục giám đốc thẩm của Viện kiểm sát T. để chuyển cho ông Thiết. Sau đó, ông Thiết đã giao trước cho Long 3,5 tỷ đồng.
Sau nhiều tháng chờ đợi nhưng không thấy có kháng nghị giám đốc thẩm như Long hứa, ông Thiết nhiều lần thúc giục Bình và Long sớm giải quyết vụ việc. Tuy nhiên, Long yêu cầu ông Thiết phải đưa thêm 1 tỷ đồng nữa mới “lo được việc”.
Nghi ngờ bị lừa, ông Thiết đi tìm hiểu thì mới hay Long không phải là Phó viện trưởng Viện kiểm sát T., mà chỉ là Phó trưởng đại diện một tờ tạp chí. Ngày 22/4/2017, ông Thiết đã làm đơn tố giác hành vi lừa đảo của Long tới cơ quan công an.
Sau khi biết bị tố giác, Long làm giả “Giấy đặt cọc mua bán nhà” đối với căn nhà ở quận 8 (cũ) và “Giấy nhận lại tiền cọc” giữa bên bán là Huỳnh Ngọc Long và bên mua là Nguyễn Phước Bình. Long đưa cho Bình ký tên để hợp thức hóa việc trả lại số tiền 3,5 tỷ đồng đã chiếm đoạt của ông Thiết.
Đối với ông Đào Văn Thiết, dù đã đưa 3,5 tỷ đồng cho bị cáo Long thông qua bị cáo Bình, nhưng Long không nói rõ số tiền này được dùng cho ai và việc “chạy” kháng nghị giám đốc thẩm được thực hiện ra sao. Sau khi phát hiện bị lừa, ông Thiết đã chủ động tố giác sự việc đến cơ quan điều tra. Do đó, Cơ quan Cảnh sát điều tra xác định ông Thiết là bị hại và không xem xét xử lý hình sự.
HĐXX nhận định, hành vi của các bị cáo đã xâm phạm quyền sở hữu tài sản của công dân, làm giảm uy tín của cơ quan tiến hành tố tụng và gây ảnh hưởng xấu đến an ninh, trật tự xã hội. Do đó, cần áp dụng hình phạt nghiêm khắc để răn đe và phòng ngừa chung. Sau khi xem xét toàn diện vụ án, HĐXX đã tuyên phạt các bị cáo mức án như trên."
https://vietnamnet.vn/thanh-nien-xam-tro-xong-vao-quan-ca-phe-sat-hai-nu-chu-quan-2457650.html,Không tìm thấy,,"Ngày 29/10, Phòng Cảnh sát hình sự Công an TP Cần Thơ đang tạm giữ hình sự Vương Hoàng Nhân (27 tuổi, ngụ TPHCM) để điều tra hành vi “Giết người”.
Theo điều tra ban đầu, khoảng 14h ngày 24/10, chị N.C.K.D. (32 tuổi) – chủ quán cà phê ở xã Thạnh Xuân (TP Cần Thơ) đang ở trong quán thì bất ngờ xuất hiện một thanh niên xăm trổ, đội nón bảo hiểm, cầm dao xông vào đe dọa rồi đâm chị D.
Nữ chủ quán bị thương nặng, được đưa vào Bệnh viện Đa khoa Trung ương Cần Thơ cấp cứu, nhưng đã tử vong.
Nhận được tin báo, Phòng Cảnh sát hình sự phối hợp cùng các đơn vị nghiệp vụ truy xét và xác định Vương Hoàng Nhân là nghi phạm gây án.
Bằng các biện pháp nghiệp vụ, đến sáng 28/10, lực lượng công an đã bắt được Nhân khi đối tượng đang lẩn trốn tại phường Hưng Phú.
Qua kiểm tra nhanh, Nhân dương tính với ma túy. Công an đang làm rõ nguyên nhân vụ việc."
https://vietnamnet.vn/gay-thiet-hai-gan-215-ty-dong-ong-nguyen-cong-khe-va-nguyen-quang-thong-lanh-an-2457305.html,Không tìm thấy,,"Sau một ngày xét xử, chiều nay (29/10), TAND TPHCM đã tuyên phạt bị cáo Nguyễn Công Khế (71 tuổi, cựu Tổng Biên tập Báo Thanh Niên) 8 năm tù; Nguyễn Quang Thông (64 tuổi, cựu Tổng Biên tập Báo Thanh Niên) 5 năm 6 tháng tù cùng về tội “Vi phạm quy định về quản lý, sử dụng tài sản Nhà nước gây thất thoát, lãng phí”.
Theo HĐXX, hành vi của bị cáo Nguyễn Công Khế và Nguyễn Quang Thông gây nguy hiểm cho xã hội, xâm phạm trật tự quản lý, sử dụng tài sản Nhà nước, cần phải xử lý nghiêm nhằm cải tạo, giáo dục riêng và răn đe, phòng ngừa chung. Trong đó, bị cáo Khế có vai trò chính, là người đề xuất, thực hiện hành vi phạm tội, bị cáo Thông là đồng phạm thực hành, giúp sức tích cực. Do vậy, cần phải xử lý nghiêm đối với hành vi của từng bị cáo.
HĐXX nhận định, các bị cáo đã thành khẩn, ăn năn hối cải; có thành tích xuất sắc trong công tác, được tặng thưởng nhiều huân, huy chương. Các bị cáo đã tác động gia đình nộp một phần tiền khắc phục hậu quả, cụ thể gia đình bị cáo Khế đã nộp 35 tỷ đồng, gia đình bị cáo Thông nộp 500 triệu đồng. Bị cáo Khế là người trên 70 tuổi, gia đình có công với cách mạng... Từ đó, HĐXX đã tuyên phạt các bị cáo mức án như trên.
Về dân sự, thiệt hại xảy ra trong vụ án là hơn 215 tỷ đồng nên HĐXX buộc các bị cáo liên đới bồi thường số tiền này.
Theo cáo buộc, sau khi được Thủ tướng Chính phủ đồng ý chủ trương bán chỉ định nhà, đất số 151–155 Bến Vân Đồn, phường 6, quận 4 cũ (nay là phường Khánh Hội), để Báo Thanh Niên làm trụ sở, hai cựu Tổng Biên tập Nguyễn Công Khế và Nguyễn Quang Thông đã thỏa thuận hợp tác với các công ty trong đó có Công ty cổ phần Tập đoàn Mặt Trời (Công ty Mặt trời) thành lập công ty cổ phần để thực hiện dự án.
Sau đó, ông Khế tiếp tục có công văn xin thay đổi mục đích sử dụng với chức năng trung tâm thương mại, dịch vụ và căn hộ. Để có tiền góp vốn vào công ty cổ phần, Báo Thanh Niên đã ký hợp đồng vay tiền của doanh nghiệp, với tài sản đảm bảo là nhà, đất số 151–155 Bến Vân Đồn.
Tiếp đó, ông Khế và ông Thông đã chuyển nhượng cổ phần của Báo Thanh Niên tại Công ty Cổ phần Bất động sản Thanh Niên cho Công ty Mặt Trời; đồng thời ký biên bản từ chối quyền sở hữu, toàn quyền sử dụng 9.000 m² sàn tại khu vực tòa nhà văn phòng trong dự án 151–155 Bến Vân Đồn để cấn trừ nợ.
Hành vi chuyển tài sản của Nhà nước sang tư nhân không qua đấu giá của ông Khế và ông Thông được xác định đã gây thiệt hại hơn 215 tỷ đồng."
https://vietnamnet.vn/anh-rut-dao-chem-em-gai-cung-me-khac-cha-trong-thuong-roi-tu-sat-2471174.html,Không tìm thấy,,"Ngày 10/12, TAND TPHCM tuyên phạt bị cáo Trần Thanh Hùng (53 tuổi, ngụ phường Long Nguyên, TPHCM) 12 năm tù về tội “Giết người”.
Theo cáo buộc, Hùng sống chung với gia đình và chị N.T.Y.O. (em cùng mẹ khác cha của Hùng). Quá trình chung sống, giữa hai người liên tục xảy ra mâu thuẫn xuất phát từ những việc nhỏ.
Tối 10/2/2024, con chị O. là L.T.Ch. mở điện thoại với âm lượng lớn nên bị Hùng chửi. Chị O. bực tức nói: “Bộ ông muốn làm cha trong nhà này hay sao mà ai cũng chửi vậy? Đã không giúp gì được cho gia đình rồi, dọn ra ngoài ở đi”, khiến cả hai xảy ra cãi vã.
Trong lúc đôi co, chị O. nói: “Tui còn sống thì đừng có chửi con tui. Khi nào tui chết, muốn chửi gì thì chửi”. Hùng liền đáp lại: “Mày chết chắc rồi, mày chửi đi”. Từ đây, Hùng nảy sinh ý định giết em gái rồi tự sát.
Sáng 11/2/2024, Hùng viết một lá thư với nội dung sẽ giết chị O. rồi uống thuốc trừ sâu tự tử. Sau đó, bị cáo chuẩn bị một chai thuốc trừ sâu để trong phòng ngủ.
Khoảng 17h cùng ngày, khi thấy chị O. đi làm về và đang ngồi ở ghế đá sau nhà bếp, Hùng chạy vào lấy dao rồi xông tới chém vào đầu chị O. khiến nạn nhân ngã xuống. Không dừng lại, Hùng tiếp tục chém vào tay và đầu gối em gái.
Nghe tiếng mẹ la hét, L.T.Ch. chạy ra can ngăn thì bị Hùng đe dọa. Ch. hoảng sợ tri hô. Lúc này, Hùng mới vứt dao, đi vào phòng ngủ, tự chém vào đầu, rạch cổ tay và uống hết chai thuốc trừ sâu. Cả hai được người thân đưa đi cấp cứu và may mắn qua khỏi.
Theo kết luận giám định, chị O. bị thương tích 24%.
Hội đồng xét xử nhận định hành vi của bị cáo là đặc biệt nguy hiểm, xâm phạm trực tiếp đến tính mạng người khác; việc nạn nhân không tử vong nằm ngoài ý muốn chủ quan của bị cáo. Sau khi xem xét, tòa tuyên phạt mức án như trên."
https://vietnamnet.vn/gia-danh-cong-an-can-bo-ngan-hang-lua-dao-chiem-doat-hon-33-ty-dong-2470915.html,Không tìm thấy,,"Theo bản án sơ thẩm, từ đầu năm 2018 đến tháng 8/2023, để có tiền đầu tư, chi tiêu cá nhân và trả nợ, Doãn Tiến Kiên (SN 1992, ở Hà Nội) đã mạo danh cán bộ ngân hàng, cán bộ công an, làm giả giấy tờ gồm 2 Giấy chứng nhận quyền sử dụng đất, 1 Căn cước công dân và 1 Giấy chứng minh Công an nhân dân mang tên Đỗ Trần Nhật Trung, chiếm đoạt hơn 33 tỷ đồng của 8 bị hại.
Với hành vi trên, tòa án sơ thẩm xử phạt Kiên mức án 19 năm tù về tội Lừa đảo chiếm đoạt tài sản và 3 năm 6 tháng tù về tội Làm giả con dấu, tài liệu của cơ quan, tổ chức.
Sau phiên tòa sơ thẩm, người bị hại kháng cáo đề nghị tăng hình phạt đối với Kiên. Ngày 9/12, TAND tối cao tại Hà Nội mở phiên tòa phúc thẩm để xem xét kháng cáo.
Những người nhẹ dạ
Một trong những nạn nhân của Kiên là ông Nguyễn Xuân T. Năm 2019, khi quen ông T., Kiên tự giới thiệu là cán bộ Bộ Công an. Ông T. vài lần đến nhà Kiên và thấy hai bộ quân phục công an treo trong phòng, nên phần nào tin tưởng bị cáo.
Tháng 10/2019, khi biết con trai ông T. (đã chết do tự tử vì bệnh trầm cảm vào ngày 16/11/2022) bị công an TP Hải Dương (cũ) bắt vì tội Cướp tài sản, Kiên nói dối ông T. rằng mình có mối quan hệ, có thể giúp con trai ông không bị khởi tố.
Bị cáo yêu cầu ông T. chuyển 800 triệu đồng cho mình nhằm ""chạy"" giám định mắc bệnh tâm thần cho con, để không bị xem xét xử lý hình sự.
Sau khi nhận tiền, Kiên nhiều lần yêu cầu ông T. chuyển thêm tiền với lý do lo việc chữa bệnh bắt buộc cho con ông T. và đưa con ông sang Singapore để điều trị tâm thần... Bản án sơ thẩm xác định, sau khi nhận hơn 2,8 tỷ đồng từ người đàn ông nhẹ dạ, bị cáo đã chiếm đoạt và chi tiêu cá nhân hết.
Một người bị hại khác là chị Nguyễn Thị T. cũng bị Kiên lừa đảo chiếm đoạt tiền tỷ. Đầu năm 2018, chị T. nhờ Kiên tìm giúp khách mua căn hộ ở phường Mỹ Đình 2, Hà Nội. Chị T. đưa cho bị cáo bản photo Giấy chứng nhận quyền sở hữu căn hộ và gửi chìa khóa cho bảo vệ tòa nhà, dặn khi nào Kiên có khách xem nhà thì tự liên hệ bảo vệ để lấy chìa khóa và dẫn khách vào xem.
Kiên đã tự ý đánh thêm 1 chìa khóa căn hộ và trả lại chìa khóa gốc cho bảo vệ tòa nhà. Khoảng tháng 10/2018, Kiên giới thiệu với bà Đ. mình là cán bộ ngân hàng TPBank, đang cần bán căn hộ là tài sản thế chấp ngân hàng với giá hơn 2 tỷ đồng.
Do có sẵn chìa khóa nhà nên Kiên đưa bà Đ. đến xem căn hộ, đồng thời đưa ra thông tin gian dối rằng - ngân hàng TPBank có liên kết với ngân hàng VIB trong việc phát mại tài sản là căn hộ trên và bà Đ. cần mở sổ tiết kiệm số tiền hơn 2 tỷ đồng tại VIB để “chứng minh tài chính” thì mới mua được nhà.
Ngày 2/8/2019, Kiên đưa bà Đ. đến ngân hàng và yêu cầu bà nộp hơn 2 tỷ đồng để bị cáo giúp làm thủ tục “chứng minh tài chính”. Khi bà Đ. đưa cho Kiên hơn 2 tỷ đồng, bị cáo nộp số tiền trên để mở sổ tiết kiệm cho bà Đ. Ngay sau đó, Kiên làm thủ tục rút toàn bộ số tiền từ sổ tiết kiệm của bà Đ. ra và chuyển vào tài khoản của mình, dùng chi tiêu cá nhân hết.
Sau nhiều lần bị bà Đ. yêu cầu hoàn thiện thủ tục chuyển nhượng căn hộ, Kiên đã làm giả giấy chứng nhận quyền sử dụng đất đối với căn hộ trên cho bà Đ. để người bị hại yên tâm. Khi phát hiện giấy tờ trên là giả, bà Đ. đã tố giác Doãn Tiến Kiên đến cơ quan điều tra để làm rõ.
Sau khi xem xét toàn bộ hồ sơ vụ án, cũng như diễn biến tại phiên tòa, HĐXX cấp phúc thẩm cho rằng, hình phạt mà tòa án cấp sơ thẩm đã áp dụng đối với bị cáo là phù hợp nên quyết định bác kháng cáo."
https://vietnamnet.vn/cong-an-lang-son-xu-ly-2-truong-hop-thong-tin-sai-ve-vu-an-doan-van-sang-2471355.html,Không tìm thấy,,"Ngày 10/12, Công an xã Hữu Lũng (tỉnh Lạng Sơn) cho biết, đơn vị này đã xử lý các trường hợp đăng tải thông tin sai, bịa đặt về bản chất vụ việc lên mạng xã hội khi chưa có thông tin chính thức từ cơ quan có thẩm quyền.
Trước đó, liên quan vụ việc có dấu hiệu giết người xảy ra tại xã Hữu Lũng, trên mạng xã hội xuất hiện nhiều thông tin suy diễn, chưa được kiểm chứng, gây hoang mang dư luận và ảnh hưởng đến quá trình điều tra.
Trước tình hình này, Công an xã Hữu Lũng đã chủ động nắm bắt thông tin, xác minh và xử lý 2 trường hợp đăng tải, chia sẻ thông tin sai sự thật theo quy định pháp luật.
Cụ thể, lực lượng công an đã xử lý N.V.A. Tại cơ quan công an, người này thừa nhận đã phát ngôn, đăng tải thông tin chưa được kiểm chứng liên quan đến diễn biến vụ việc xảy ra trên địa bàn xã Hữu Lũng, gây hoang mang dư luận.
N.V.A. bị xử phạt hành chính 7,5 triệu đồng và buộc gỡ bỏ nội dung livestream phát trên trang cá nhân Facebook ngày 29/11.
Trường hợp còn lại là V.T.L., người có hành vi livestream với tiêu đề “dựng lại hiện trường”. Công an đã mời V.T.L. lên làm việc, yêu cầu gỡ bỏ nội dung livestream và cam kết không tái phạm.
Liên quan vụ án Đoàn Văn Sáng, ngày 3/12, Công an tỉnh Lạng Sơn tổ chức họp báo thông tin về kết quả điều tra vụ án giết người xảy ra tại xã Hữu Lũng. Cơ quan điều tra đã khởi tố bị can, bắt tạm giam Đoàn Văn Sáng về tội Giết người theo khoản 1, Điều 123 Bộ luật Hình sự 2015."
https://vietnamnet.vn/nhom-bao-thu-vo-co-chem-nguoi-di-duong-cuop-bien-so-xe-va-cai-ket-2470787.html,Không tìm thấy,,"Ngày 9/12, TAND TP Hà Nội mở phiên phúc thẩm xét xử nhóm bị cáo từng mang hung khí đi gây rối, đánh người, cướp biển số xe rồi đăng lên Facebook, TikTok. Phiên tòa được mở nhằm xem xét kháng cáo xin giảm nhẹ trách nhiệm hình sự của các bị cáo.
Theo bản án sơ thẩm, khoảng giữa tháng 7/2024, do thấy trên Facebook xuất hiện nhiều nhóm thanh niên đăng ảnh tụ tập, mang hung khí đi gây sự, đánh nhau, nhóm của Nguyễn Minh Tâm (SN 2009) gồm 13 người đã chuẩn bị nhiều hung khí, gồm ống tuýp gắn vật nhọn kiểu lưỡi rìu, ống tuýp kim loại gắn lưỡi kiếm, dao quắm… để sẵn sàng đi “nghênh chiến”.
Trong các ngày 9/8 và 15/8/2024, nhóm của Tâm mang theo hung khí rồi phóng xe máy trên nhiều tuyến đường ở Hà Nội, thực hiện hành vi đuổi đánh người, đập phá tài sản và gây ra 12 vụ gây rối trật tự công cộng.
Cáo trạng xác định các bị cáo còn cướp 14 biển kiểm soát xe máy của nhiều bị hại và gây thương tích 4% cho anh Phùng Văn A.
Vô cớ gây sự, chém người đi đường
Tối 9/8, nhóm “báo thủ” tụ tập, mang theo kiếm tự chế dài khoảng 1m và vỏ chai bia thủy tinh với mục đích “đi bừa” – tức cầm hung khí đi dọc đường, gặp thanh niên nào “không vừa mắt” thì gây sự, đánh nhau.
Cả nhóm di chuyển trên ba xe máy, mỗi xe chở 3–4 người, chạy vòng quanh xã Phú Kim, huyện Thạch Thất cũ. Khi gặp nhóm thanh niên 4–5 người đi ngược chiều, nhóm của Tâm hò hét, chửi bới, đuổi đánh và ném vỏ chai thủy tinh khiến họ hoảng sợ bỏ chạy.
Cùng trong đêm, khi thấy hai thanh niên chở nhau trên đường, nhóm của Tâm tiếp tục đuổi theo. Tâm giơ kiếm tự chế đe dọa, các bị cáo khác ép xe hai thanh niên vào vỉa hè để Tâm vung kiếm chém nạn nhân. Trước khi rời đi, cả nhóm cướp biển số xe của người bị hại.
Tối 15/8, nhóm này tiếp tục tụ tập, mang theo hung khí truy đuổi người đi đường và cướp biển số xe của họ, sau đó đăng lên mạng xã hội.
Theo bản án sơ thẩm, hành vi của các bị cáo gây hoang mang cho người dân, ảnh hưởng nghiêm trọng đến an ninh trật tự tại Hà Nội.
Bản án sơ thẩm tuyên Nguyễn Minh Tâm 6 năm tù; Phí Văn Quang (SN 2009) và Chu Đăng Khánh (SN 2010) 5 năm 6 tháng tù về tội Cướp tài sản.
Những bị cáo bị truy tố hai tội Cướp tài sản và Gây rối trật tự công cộng gồm: Nguyễn Quốc Triệu (SN 2004) nhận 11 năm tù; Nguyễn Quang Huy (SN 2006) nhận 11 năm 6 tháng tù; Nguyễn Văn Được (SN 2005) nhận 10 năm 6 tháng tù. Các bị cáo còn lại nhận mức án từ 5 năm đến 7 năm 8 tháng tù.
Tại phiên phúc thẩm, đại diện VKS đề nghị HĐXX bác toàn bộ kháng cáo. Theo đại diện VKS, dù đang xét xử phúc thẩm, các bị cáo vẫn cười đùa với nhau. “Mẹ bị cáo Tâm xin giảm nhẹ cho con, nhưng lấy gì đảm bảo bà sẽ quản lý được con mình?”, kiểm sát viên nêu quan điểm.
Sau khi nghị án, HĐXX cấp phúc thẩm tuyên bác kháng cáo, giữ nguyên mức án sơ thẩm."
https://vietnamnet.vn/nguoi-dan-ong-trung-quoc-lanh-17-nam-tu-vi-bat-coc-dong-huong-2470788.html,Không tìm thấy,,"Cùng tội danh ""Bắt cóc nhằm chiếm đoạt tài sản"", bị cáo Trần Phan Vũ Thanh (36 tuổi, quê An Giang) lãnh 16 năm tù; hai đồng phạm Nguyễn Khánh Vĩ (25 tuổi, quê An Giang) và Dương Thúy Ái (31 tuổi, quê An Giang) lần lượt lãnh 15 và 12 năm tù.
Theo cáo trạng, đầu tháng 12/2023, Zhao Xin rủ Thanh tìm người Trung Quốc giàu có tại tỉnh Bình Dương (cũ) để bắt cóc. Mục tiêu là ông Zhou Gao Ming, giám đốc một công ty tại Khu công nghiệp Tân Bình.
Tối 20/12/2023, nhóm đối tượng bám theo xe ông Ming khi nạn nhân rời quán ăn. Thanh giả danh công an yêu cầu kiểm tra nồng độ cồn rồi dùng roi điện khống chế nạn nhân.
Sau đó, các đối tượng đưa ông Ming về một nhà xưởng do Ái thuê để giam giữ. Nhóm này ép nạn nhân gọi điện cho đồng nghiệp mang 4,5 tỷ đồng đến chuộc.
Nhận tin báo, Công an tỉnh Bình Dương (cũ) đã phối hợp với gia đình nạn nhân lên phương án giải cứu.
Chiều 21/12/2023, Zhao Xin yêu cầu người nhà ném tiền xuống đất tại một khu dân cư bỏ hoang. Khi đối tượng đến nhận tiền thì bị lực lượng chức năng bắt quả tang."
https://vietnamnet.vn/cuu-nhan-vien-ngan-hang-rut-tien-cua-hang-loat-khach-de-tieu-xai-2470497.html,Không tìm thấy,,"Ngày 8/12, TAND TP Hà Nội tuyên phạt bị cáo Nguyễn Thị Trang (SN 1989, ở Hà Nội) mức án 13 năm tù về tội Sử dụng mạng máy tính, mạng viễn thông, phương tiện điện tử thực hiện hành vi chiếm đoạt tài sản.
Theo cáo buộc, từ tháng 4/2022- 7/2023, Trang làm việc tại Ngân hàng TMCP Phương Đông (Ngân hàng OCB), được giao chức vụ trưởng nhóm bán hàng. Trong thời gian làm nhân viên bán sản phẩm ngân hàng, bị cáo đến các cơ sở giáo dục, chủ yếu các trường mầm non, cơ sở y tế thuộc địa bàn huyện Ứng Hòa (cũ), Hà Nội và tự giới thiệu là nhân viên ngân hàng OCB.
Trang mời các giáo viên mở thẻ tín dụng, mở khoản vay cá nhân tại hệ thống Ngân hàng VPBank, Ngân hàng OCB với mục đích để bị cáo chi tiêu. Sau khi kích hoạt mở thẻ, nếu cá nhân không có nhu cầu sử dụng, Trang sẽ hỗ trợ hủy thẻ.
Khi được mọi người tin tưởng và đưa thẻ tín dụng, cung cấp mật khẩu để nhờ bị cáo đóng thẻ hoặc rút tiền hộ, Trang đã tự ý dùng tài khoản và mật khẩu của khách hàng để mở khoản vay online, sau đó chiếm đoạt tiền trong thẻ tín dụng để chi tiêu cá nhân.
Quá trình điều tra xác định, từ năm 2020- 2023, bị cáo Nguyễn Thị Trang đã chiếm đoạt tổng số hơn 906 triệu đồng của 13 cá nhân.
Một trong số những người bị hại của Trang phải nhắc đến chị H. SN 1987, ở huyện Ứng Hòa (cũ). Năm 2020, do có nhu cầu vay tiền ngân hàng để sử dụng, chị H. nhờ Trang làm thủ tục mở thẻ tín dụng Ngân hàng VPBank, hạn mức 16,5 triệu đồng.
Sau khi nhận thẻ, chị H. đưa thẻ tín dụng của mình và mật khẩu để nhờ Trang rút 15 triệu đồng. Ngày 23/6/2022, do cần tiền tiêu nên chị H. cùng Trang đến Ngân hàng VPBank để mở khoản vay với hạn mức 36,7 triệu đồng, đồng thời mở tài khoản online mang tên chị H.
Chị H. tiếp tục giao bị cáo quản lý mật khẩu và sử dụng tài khoản online mang tên chị tại Ngân hàng VPBank…, để rồi sau đó mới ngã ngửa chuyện Trang tự ý mở khoản vay mới tại ngân hàng rồi rút tiền ra tiêu, dư nợ thì đứng tên chị H.
Một người bị hại khác là chị V., SN 1983, ở huyện Mỹ Đức (cũ), cũng nhờ Trang mở thẻ tín dụng để chi tiêu. Sau khi kích hoạt thẻ, chị V. đưa lại thẻ, cung cấp mật khẩu để nhờ bị cáo rút tiền hộ. Chị V. cũng không ngờ rằng, sau đó bị cáo đã tự ý sử dụng thẻ tín dụng hạn mức 100 triệu đồng của chị để chi tiêu cá nhân.
Theo lời khai của bị cáo, do cần tiền, Trang đã lợi dụng việc nắm giữ thông tin cá nhân của khách hàng sử dụng thẻ. Trang biết nhiều khách không có nhu cầu dùng thẻ tín dụng hoặc mở các khoản vay, nhưng vì muốn giúp Trang đạt chỉ tiêu nên họ đã cung cấp thông tin cá nhân để bị cáo mở tài khoản tín dụng tại các ngân hàng VPBank và OCB.
Lợi dụng sự tin tưởng của các bị hại, mặt khác có nhiều người bị hại không am hiểu về công nghệ nên Trang đã tự lấy các thông tin cá nhân, sử dụng các thiết bị điện tử đăng nhập ứng dụng của các hệ thống ngân hàng để chiếm đoạt tiền trong tài khoản tín dụng và các khoản vay của người bị hại.
Sau khi chiếm đoạt được tiền trong tài khoản tín dụng và các khoản vay của người bị hại trên, Trang sử dụng một phần để đáo hạn các thẻ, các tài khoản tín dụng, mục đích duy trì thẻ để chiếm đoạt tiền và tránh không bị phát hiện, số tiền còn lại Trang chiếm đoạt để chi tiêu cá nhân."
https://vietnamnet.vn/giam-doc-cam-hon-4-6-ty-dong-cua-khach-roi-khong-giao-nha-o-to-2470441.html,Không tìm thấy,,"Ngày 8/12, TAND TPHCM đã tuyên phạt bị cáo Võ Văn Thông (29 tuổi, quê Gia Lai) 14 năm tù về tội “Lừa đảo chiếm đoạt tài sản”.
Theo cáo buộc, Công ty CP Thương mại dịch vụ Neo Start (Công ty Neo Start) do Thông làm đại diện pháp luật không phải là đơn vị phân phối hay cộng tác viên phân phối dự án Masteri Center Point tại TP Thủ Đức (cũ). Tuy nhiên, Thông vẫn mời chào bà Trần Thanh H. mua căn hộ tại Block C với giá hơn 5,1 tỷ đồng, dù căn hộ này đã được bán cho người khác trước đó.
Khi bà H. đồng ý mua, Thông yêu cầu bà đặt giữ chỗ, ký hợp đồng và nộp tiền cọc với tổng số tiền gần 720 triệu đồng. Sau khi chuyển tiền vào tài khoản Công ty Neo Start, bà H. không thể liên lạc được với Thông. Nghi ngờ bị lừa, bà tìm hiểu thì mới biết căn hộ Thông bán cho bà đã được bán trước đó từ lâu.
Trước đó, từ tháng 10–11/2023, khi còn làm nhân viên tư vấn bán xe ô tô tại Công ty City Auto, Thông tiếp tục sử dụng pháp nhân Công ty Neo Start để ký hợp đồng mua bán xe với 5 khách hàng. Tuy nhiên, sau khi thu hơn 3,9 tỷ đồng của khách, Thông không nộp về Công ty City Auto. Đến ngày nhận xe, khách hàng mới bàng hoàng khi công ty thông báo họ chưa thanh toán theo hợp đồng đã ký.
Tại cơ quan điều tra và tại phiên tòa, Thông khai toàn bộ số tiền chiếm đoạt được, bị cáo dùng vào việc tiêu xài cá nhân và đầu tư ngoại hối thông qua sàn giao dịch Tickmill.com (một trang web ảo) và đã bị thua lỗ."
https://vietnamnet.vn/vu-aic-ba-nguyen-thi-thanh-nhan-tiep-tuc-bi-dua-ra-xet-xu-o-vu-an-thu-6-2470629.html,Không tìm thấy,,"Phiên tòa do thẩm phán Trần Minh Châu làm chủ tọa, dự kiến kéo dài đến ngày 12/12.
Bị cáo Nguyễn Thị Thanh Nhàn (cựu Chủ tịch HĐQT kiêm Tổng giám đốc Công ty AIC) tiếp tục bị xét xử vắng mặt do đang bỏ trốn.
Cùng bị xét xử vắng mặt còn có Trần Đăng Tấn (Trưởng Văn phòng đại diện AIC tại TPHCM) và Nguyễn Thị Tích (Tổng Giám đốc Công ty Mopha).
Bị cáo vắng mặt cuối cùng là Lê Thanh Thy (Tổng giám đốc Công ty Cổ phần thông tin và thẩm định giá Tây Nam Bộ). Các bị cáo này đều có luật sư bào chữa.
Hai bị cáo từng bị truy nã đã ra trình diện là Trương Sĩ Hiệp (Giám đốc Công ty Thiết bị Phú Bình) và Lê Phương Nga (cựu Chánh Văn phòng Sở GD-ĐT TPHCM).
Về phía chủ đầu tư, bị cáo Lê Hồng Sơn (cựu Giám đốc Sở GD-ĐT TPHCM) và Lê Hoài Nam (cựu Phó giám đốc) bị cáo buộc tiếp tay cho sai phạm.
Cáo trạng xác định bà Nhàn là chủ mưu, chỉ đạo Hoàng Thị Thúy Nga (Trưởng Ban Quản lý dự án 1 – AIC) thiết lập ""quân xanh"" để thông thầu.
Tại TPHCM, nhóm này đã thông đồng với lãnh đạo Sở GD-ĐT và các đơn vị thẩm định giá để thao túng kết quả đấu thầu giai đoạn 2012–2017.
Hồ sơ dự thầu được làm sai lệch để loại đối thủ, trong khi năng lực tài chính của AIC được khống lên để trúng thầu. Kết quả, AIC trúng 230 gói thầu, gây thiệt hại cho Nhà nước hơn 145 tỷ đồng tại 171 gói thầu (giáo dục và y tế).
Riêng ông Lê Hồng Sơn bị cáo buộc can thiệp trái luật, giúp AIC trúng 134 gói thầu thiết bị giáo dục, gây thiệt hại 142,6 tỷ đồng.
Ông Sơn cũng bị cáo buộc đã ký các văn bản tham mưu sai quy định cho 129 gói thầu mua sắm trực tiếp tại các trường học."
https://vietnamnet.vn/hoa-hau-thuy-tien-chap-nhan-thi-hanh-ban-an-2-nam-tu-2470449.html,Không tìm thấy,,"Sau gần một tháng kể từ khi kết thúc phiên xét xử sơ thẩm vụ án Lừa dối khách hàng liên quan đến sản phẩm kẹo Kera do Nguyễn Thúc Thùy Tiên (hoa hậu), Phạm Quang Linh (Quang Linh Vlogs), Nguyễn Thị Thái Hằng (Hằng Du Mục) và các đồng phạm thực hiện, đến nay TAND TPHCM vẫn chưa nhận được đơn kháng cáo của các bị cáo.
Luật sư Nguyễn Quốc Cường (bào chữa cho hoa hậu Thùy Tiên) cho biết Thùy Tiên chấp nhận mức án mà cấp sơ thẩm đã tuyên và không kháng cáo. Tương tự, Quang Linh Vlogs, Hằng Du Mục, Lê Tuấn Linh và Lê Thành Công cũng chưa có kháng cáo.
Trước đó, TAND TPHCM đã tuyên phạt hoa hậu Thùy Tiên, Hằng Du Mục và Quang Linh Vlogs mỗi người 2 năm tù; bị cáo Lê Tuấn Linh (Giám đốc, đại diện pháp luật Công ty CER) và Lê Thành Công (thành viên HĐQT) mỗi người 3 năm tù.
Theo bản án sơ thẩm, tháng 7/2024, Phạm Quang Linh, Hằng Du Mục cùng một số cộng sự bàn bạc việc góp vốn lập công ty livestream - quảng bá - bán hàng trên mạng xã hội. Sau đó, nhóm kêu gọi thêm các cổ đông khác và thống nhất thành lập Công ty Chị Em Rọt.
Trong quá trình xây dựng kế hoạch kinh doanh, một thành viên đề xuất sản xuất kẹo rau củ để tiêu thụ nông sản. Nhóm sau đó đặt vấn đề mời Thùy Tiên góp vốn và thống nhất thành lập thêm Công ty CP Kera Việt Nam (công ty con). Tuy nhiên, do thủ tục thành lập chưa hoàn tất, cả nhóm dùng pháp nhân Công ty Chị Em Rọt để đứng tên pháp lý và triển khai sản phẩm.
Tỷ lệ phân chia lợi nhuận được thống nhất: Thùy Tiên hưởng 25%, các cổ đông còn lại nhận 75%. Sau đó, nhóm nâng tỷ lệ của Thùy Tiên lên 30%.
Sau khi thống nhất ý tưởng, nhóm liên hệ Công ty Asia Life nghiên cứu sản xuất kẹo Kera. Trong quá trình này, các bị cáo không kiểm tra chất lượng, không giám sát nguyên liệu hay công nghệ sản xuất.
Cơ quan điều tra xác định hàm lượng chất xơ trong một viên kẹo chỉ 0,935%, rất thấp so với công dụng được quảng cáo. Công ty Asia Life không có vùng nguyên liệu đạt chuẩn VietGAP. Nhóm bị cáo không có bằng chứng khoa học để khẳng định “một viên kẹo bằng một đĩa rau”.
Dù vậy, các bị cáo vẫn ban hành bản tự công bố sản phẩm với 10 loại bột rau củ quả chiếm 28,13%, không đúng thực tế.
Không chỉ vậy, nhóm bị cáo còn xây dựng kịch bản, quay video tại vùng nguyên liệu được thuê để tạo niềm tin cho khách hàng về chất lượng, nguồn gốc và công nghệ sản xuất.
Do tin vào quảng cáo, đã có 56.385 khách hàng mua kẹo Kera. Một số người mang sản phẩm đi kiểm nghiệm tại Trung tâm Kỹ thuật Đo lường Chất lượng và phát hiện 100g kẹo chỉ có 0,51g chất xơ, không đúng với nội dung giới thiệu."
https://vietnamnet.vn/nu-ke-toan-rong-ra-8-nam-rut-ruot-hon-18-ty-dong-cua-2-truong-hoc-o-tphcm-2470467.html,Không tìm thấy,,"Ngày 8/12, TAND TPHCM đã tuyên phạt bị cáo Nguyễn Thị Thu Trang (55 tuổi, trú tại phường Vĩnh Hội, TPHCM) mức án tù chung thân về tội “Lừa đảo chiếm đoạt tài sản”.
Theo cáo buộc, từ năm 2016-2024, bà Trang là kế toán viên của hai trường trung học phổ thông trên địa bàn TPHCM. Lợi dụng vị trí công tác, bị cáo đã dùng thủ đoạn gian dối để chiếm đoạt tiền của đơn vị mình làm việc.
Cụ thể, đầu tháng 11/2016, bà Trang là kế toán viên của trường N.T.M.K. Quá trình công tác, bị cáo biết hiệu trưởng không có nghiệp vụ về kế toán tài chính nên đã dùng các thủ đoạn gian dối, tinh vi để chiếm đoạt tiền của nhà trường.
Theo đó, lợi dụng lúc hiệu trưởng bận nhiều việc hoặc họp cuối tháng, bị cáo trình ký bộ chứng từ có hai ủy nhiệm chi ghim chung với nhau. Tờ ủy nhiệm chi thứ nhất để lên trên, bà Trang ghi (in) đầy đủ thông tin về số tiền chi, nội dung chi, tên và số tài khoản người nhận tiền để hiệu trưởng kiểm tra.
Tờ ủy nhiệm chi thứ hai bà Trang để phía dưới chỉ ghi mục số tiền chi, nội dung chi nhưng không ghi tên và số tài khoản của người thụ hưởng. Khi hiệu trưởng hỏi thì bị cáo trả lời đây là tờ lưu tại đơn vị nên không cần ghi đủ nội dung.
Sau đó, Thu Trang sử dụng tờ ủy nhiệm chi thứ hai in chèn tên và số tài khoản người thụ hưởng là Phạm Thị C. (người quen của Trang). Khi tiền vào tài khoản bà C., bà Trang yêu cầu bà C. rút tiền giao lại cho mình.
Đối với những tờ ủy nhiệm chi ngân hàng trả lại để lưu tại trường, bị cáo Trang tẩy xóa, sửa tên và số tài khoản ghi tên Phạm Thị C. thành tên và số tài khoản của công ty cấp nước sinh hoạt để không bị phát hiện.
Bằng thủ đoạn này, từ ngày 20/6/2017-20/7/2021, bà Trang đã thực hiện 228 giao dịch chuyển hơn 5,1 tỷ đồng (bằng 228 ủy nhiệm chi) từ tài khoản của trường N.T.M.K. đến tài khoản của bà C.
Liên tiếp ""rút ruột"" công quỹ bằng thủ đoạn cũ
Đến tháng 3/2022, bị cáo được giao phụ trách kế toán của trường T.L.M.
“Ngựa quen đường cũ”, lợi dụng sự tin tưởng của hiệu trưởng Lê Văn P., từ ngày 12/4-19/12/2022, bà Trang chuyển hơn 6,3 tỷ đồng (bằng 229 ủy nhiệm chi) vào tài khoản của bà C.
Giữa tháng 12/2022, khi ông P. bị tai biến phải nằm viện, bà Trang đã sử dụng dấu chữ ký của ông P. để thực hiện 217 giao dịch chuyển hơn 6,5 tỷ đồng vào tài khoản của bà C. Trước ngày ông P. nghỉ hưu, bị cáo còn lập 5 ủy nhiệm chi khống rồi sử dụng chữ ký của ông P. và dấu của trường T.L.M. chiếm đoạt hơn 119 triệu đồng.
Khi ông Nguyễn Hùng K. lên làm hiệu trưởng, bằng thủ đoạn tương tự, bà Trang đã thực hiện 24 giao dịch, chuyển hơn 650 triệu đồng đến tài khoản của bà Phạm Thị C.
Sự việc chỉ bị phanh phui khi bà Nguyễn Thị Hồng C. (hiệu trưởng trường N.T.M.K.) rà soát, kiểm tra việc thu, chi của nhà trường, từ đó phát hiện ra hành vi “rút ruột” trên.
Cơ quan điều tra xác định, tổng số tiền bị cáo chiếm đoạt của 2 trường N.T.M.K. và T.L.M. là hơn 18,7 tỷ đồng.
Tại phiên tòa, bị cáo thừa nhận hành vi phạm tội như cáo trạng đã truy tố. Về số tiền chiếm đoạt được, bà Trang khai dùng để đem đi làm từ thiện và sử dụng cá nhân hết, không đưa cho chồng con và gia đình.
Bị cáo khai thêm, việc chuyển tiền vào tài khoản của bà C. là do Trang nhờ nhận giúp rồi rút tiền mặt đưa lại cho bị cáo, bà C. không biết về nguồn gốc số tiền này.
Đối với bà Phạm Thị C., hiện chưa có tài liệu, chứng cứ nào chứng minh có vai trò đồng phạm với bị cáo Trang nên cơ quan điều tra không xem xét xử lý hình sự."
https://vietnamnet.vn/doi-nam-nu-giat-day-chuyen-1-5-luong-vang-bi-bat-chi-sau-20-phut-2469615.html,Không tìm thấy,,"Ngày 5/12, Công an xã Mỹ Thuận (tỉnh Vĩnh Long) cho biết vừa bắt giữ hai nghi phạm liên quan vụ cướp giật sợi dây chuyền vàng nặng khoảng 1,5 lượng, trị giá khoảng 150 triệu đồng.
Hai nghi phạm là Nguyễn Thị Kiều Giang (30 tuổi, ngụ xã Vĩnh An, tỉnh An Giang) và Nguyễn Thế Quang (28 tuổi, ngụ xã Đông Thái, tỉnh An Giang).
Theo điều tra ban đầu, sáng 4/12, bà N.T.T.N. (47 tuổi) đang đi chợ Tầm Vu ở ấp Hòa Bình (xã Mỹ Thuận) thì bị một đôi nam nữ áp sát, giật sợi dây chuyền đeo trên cổ rồi tẩu thoát.
Nhận tin báo, Công an xã Mỹ Thuận huy động toàn bộ lực lượng tổ chức chốt chặn, truy tìm nghi phạm. Chỉ sau hơn 20 phút, công an đã khống chế, bắt giữ hai nghi phạm Giang và Quang cùng tang vật là sợi dây chuyền vàng.
Tại cơ quan công an, hai đối tượng đã thừa nhận hành vi cướp giật tài sản của bà N.
Hồ sơ vụ việc đã được chuyển cho Cơ quan Cảnh sát điều tra Công an tỉnh Vĩnh Long để tiếp tục điều tra, xử lý theo quy định pháp luật."
https://vietnamnet.vn/vu-bac-si-hiep-dam-thai-phu-hoan-phien-toa-vi-can-them-nguoi-lam-chung-2469692.html,Không tìm thấy,,"Chiều 5/12, TAND tỉnh Đồng Nai thông báo về việc hoãn phiên tòa phúc thẩm đối với bị cáo Nguyễn Văn Chiến (SN 1987, ngụ xã Phú Hòa, tỉnh Đồng Nai) - bác sĩ bị cáo buộc hiếp dâm thai phụ.
Tại phiên tòa, đại diện VKSND tỉnh Đồng Nai đề nghị hoãn phiên xét xử để triệu tập thêm người làm chứng nhằm làm rõ một số tình tiết khách quan của vụ án.
Luật sư bảo vệ quyền lợi cho bị hại cũng thống nhất với quan điểm trên, cho rằng sự có mặt của người làm chứng là cần thiết để bảo đảm quá trình xét xử được toàn diện, khách quan.
Theo bản án sơ thẩm, TAND khu vực 7 - Đồng Nai tuyên phạt bị cáo Nguyễn Văn Chiến 2 năm 8 tháng tù về tội “Hiếp dâm”. Sau phiên xử, bị cáo Chiến và chị P.T.H. (SN 1994, ngụ xã Định Quán, tỉnh Đồng Nai) đềunộp đơn kháng cáo.
Theo cáo trạng, Chiến là bác sĩ công tác tại một bệnh viện ở Đồng Nai, đồng thời hành nghề khám ngoài giờ tại một phòng khám sản phụ khoa ở huyện Định Quán (cũ).
Chiều 28/12/2024, nghi ngờ mình mang thai, chị H. đến phòng khám của Chiến để kiểm tra. Sau khi thăm khám, Chiến xác định chị H. có thai khoảng 4-5 tuần. Chị H. trình bày hoàn cảnh khó khăn và mong muốn đình chỉ thai nghén.
Chiến sau đó đưa cho chị H. một viên thuốc không rõ chủng loại để uống và hẹn quay lại vào đầu tuần sau để tiếp tục thủ thuật.
Tuy nhiên, chỉ một ngày sau, Chiến chủ động liên hệ, yêu cầu chị H. đến phòng khám. Tại đây, sau khi đưa thêm thuốc, Chiến bất ngờ khống chế và dùng vũ lực thực hiện hành vi quan hệ tình dục trái ý muốn của nạn nhân.
Hoảng loạn, chị H. rời khỏi phòng khám, trở về nhà và trình báo công an. Chiến sau đó bị bắt và khởi tố về tội “Hiếp dâm” theo khoản 1 Điều 141 Bộ luật Hình sự 2015."
https://vietnamnet.vn/dao-mong-nha-phat-hien-co-mo-xu-ly-the-nao-de-khong-vi-pham-phap-luat-2469524.html,Không tìm thấy,,"Quá trình làm nhà, một trong những tình huống có thể xảy ra là công nhân đào móng và phát hiện có mộ phía dưới. Khi đó, chủ hộ rơi vào tình thế khó xử: tiếp tục thi công thì dễ vướng vi phạm, còn dừng lại sẽ ảnh hưởng đến tiến độ xây dựng.
Tình huống này vừa liên quan pháp luật, vừa gắn với yếu tố tâm linh nên cần có cách xử lý thận trọng.
Trao đổi về vấn đề này, luật sư Nguyễn Thanh Hải, Giám đốc Công ty Luật An Hoàng Gia, Đoàn Luật sư Hà Nội cho biết, hệ thống pháp luật hiện hành không có một quy trình bắt buộc, thống nhất áp dụng cho trường hợp phát hiện mộ đột xuất khi đang thi công nhà dân.
“Pháp luật chỉ điều chỉnh việc di dời mồ mả trong các trường hợp quy hoạch, thu hồi đất, đóng cửa nghĩa trang theo Nghị định 23/2016/NĐ-CP. Tình huống đang đào móng gặp mộ không được nêu cụ thể”, luật sư Hải phân tích.
Theo ông Hải, vì khoảng trống pháp lý này, cách xử lý thực tế phụ thuộc vào chính quyền sở tại và sự phối hợp giữa cơ quan chức năng, chủ đất và thân nhân của mộ (nếu xác định được). Tuy nhiên, người dân vẫn phải tuân thủ một số nguyên tắc bắt buộc để tránh rủi ro pháp lý.
Ông Hải cho rằng, khi phát hiện mộ trong đất của mình, việc người dân cần làm đầu tiên là dừng thi công ngay lập tức. Chủ đất phải giữ nguyên hiện trạng vị trí mộ và tuyệt đối không tự ý san lấp, đào bới hay di chuyển. Hành vi tự ý xâm phạm phần mộ, dù là mộ vô chủ đều có thể bị xử lý theo Điều 607 Bộ luật Dân sự.
Bước tiếp theo là người dân báo cáo sự việc với UBND xã, phường nơi xây dựng. Chính quyền địa phương có trách nhiệm xuống hiện trường kiểm tra, lập biên bản và thông báo tìm thân nhân nếu có dấu hiệu xác định được chủ mộ. Trong trường hợp có người nhận, việc di dời phải thực hiện theo phong tục địa phương và tuân thủ quy định tại Nghị định 23/2016/NĐ-CP.
Nếu xác định là mộ vô chủ, chính quyền sẽ hướng dẫn chủ đất làm thủ tục di dời về nơi quy định. Các bước di chuyển mộ phải được giám sát để bảo đảm an toàn, minh bạch và tránh phát sinh tranh chấp sau này.
Luật sư Hải lưu ý, dù thuộc trường hợp nào, phần mộ vẫn được pháp luật bảo vệ. Hành xử đúng mực vừa giúp công trình tiếp tục thuận lợi, vừa giữ trọn sự tôn trọng cần thiết đối với người đã khuất."
https://vietnamnet.vn/vu-bac-si-hiep-dam-thai-phu-tai-phong-kham-hai-ben-deu-khang-cao-2469328.html,Không tìm thấy,,"TAND tỉnh Đồng Nai đã ban hành quyết định đưa vụ án hình sự đối với bị cáo Nguyễn Văn Chiến (SN 1987, bác sĩ sản khoa) ra xét xử phúc thẩm sau khi cả bị cáo và bị hại đều nộp đơn kháng cáo.
Theo bản án sơ thẩm, TAND Khu vực 7 – Đồng Nai tuyên phạt Chiến 2 năm 8 tháng tù về tội “Hiếp dâm”. Sau phiên xử, bị cáo Chiến đã gửi đơn kháng cáo.
Trong quyết định đưa vụ án ra xét xử, TAND tỉnh Đồng Nai ấn định phiên tòa phúc thẩm diễn ra ngày 5/12 tại trụ sở tòa án (đường Cách Mạng Tháng Tám, phường Trấn Biên). Do vụ án liên quan hành vi xâm hại tình dục, phiên tòa sẽ được xét xử kín.
HĐXX phúc thẩm gồm chủ tọa Lê Quang Ninh, các thẩm phán Thái Thị Thanh Bình và Nguyễn Công Sự; một số thẩm phán khác được phân công dự khuyết theo quy định.
Phía bị hại, chị P.T.H. (SN 1994, ngụ xã Định Quán, Đồng Nai), cũng đã nộp đơn kháng cáo đối với bản án sơ thẩm. Luật sư Ngô Lệ Quỳnh (Đoàn Luật sư TPHCM) được mời bảo vệ quyền và lợi ích hợp pháp cho chị H.
Theo cáo trạng, Chiến là bác sĩ công tác tại một bệnh viện ở Đồng Nai, đồng thời hành nghề khám ngoài giờ tại một phòng khám sản phụ khoa ở huyện Định Quán (cũ).
Chiều 28/12/2024, nghi ngờ mình mang thai, chị H. đến phòng khám của Chiến để kiểm tra. Sau khi thăm khám, Chiến xác định chị có thai khoảng 4–5 tuần. Chị H. trình bày hoàn cảnh khó khăn và mong muốn đình chỉ thai nghén.
Chiến sau đó đưa cho chị H. một viên thuốc không rõ chủng loại để uống và hẹn quay lại vào đầu tuần sau để tiếp tục thủ thuật.
Tuy nhiên, chỉ một ngày sau, Chiến chủ động liên hệ, yêu cầu chị H. đến phòng khám. Tại đây, sau khi đưa thêm thuốc, Chiến bất ngờ khống chế và dùng vũ lực thực hiện hành vi quan hệ tình dục trái ý muốn của nạn nhân.
Hoảng loạn, chị H. rời khỏi phòng khám, trở về nhà và trình báo công an. Chiến sau đó bị bắt và khởi tố về tội “Hiếp dâm” theo khoản 1 Điều 141 Bộ luật Hình sự 2015.
Tại phiên xử sơ thẩm, VKS đề nghị mức án từ 2 năm 6 tháng đến 3 năm tù. Sau khi xem xét các tình tiết, HĐXX tuyên phạt Nguyễn Văn Chiến 2 năm 8 tháng tù giam."
https://vietnamnet.vn/chau-be-12-tuoi-tu-den-cong-an-to-cao-bi-cha-duong-xam-hai-2469395.html,Không tìm thấy,,"Ngày 4/12, TAND TPHCM tuyên phạt Lê Văn Cung (50 tuổi, ngụ phường Phú Định, TPHCM) 20 năm tù về tội “Hiếp dâm người dưới 16 tuổi”.
Theo cáo trạng, tháng 6/2022, Cung sinh sống cùng vợ là bà Hồ Thị Lan P., cháu L.H.N.T. (con chung) và cháu L.H.K.N. (sinh ngày 26/7/2012, con riêng của bà P.).
Khoảng 5h một ngày trong tháng 6/2022 (không rõ ngày cụ thể), khi bà P. đi làm, trong nhà chỉ còn Cung, cháu T. và cháu N.
Thấy cháu N. chơi dưới sàn nhà, Cung xuống đùa giỡn cùng cháu. Trong lúc chơi đùa, ông ta nảy sinh ý định quan hệ tình dục với cháu N. nên đã thực hiện hành vi đồi bại.
N. sau đó còn bị cha dượng hãm hại nhiều lần nhưng không dám nói với ai vì sợ bị la mắng, ảnh hưởng đến gia đình.
Sau thời gian dài chịu đựng, ngày 1/9/2024, cháu N. đã đến Công an phường 15, quận 8 (cũ) trình báo sự việc.
Tại cơ quan điều tra và tại phiên tòa, bị cáo Cung đã khai nhận hành vi phạm tội.
Theo HĐXX, hành vi của bị cáo Lê Văn Cung là nguy hiểm cho xã hội, xâm phạm đến sức khỏe, nhân phẩm của trẻ em được pháp luật bảo vệ; làm ảnh hưởng xấu đến sự phát triển bình thường về thể chất và tinh thần của trẻ em, cần phải xử lý nghiêm để răn đe, phòng ngừa chung. Từ đó, HĐXX đã tuyên phạt bị cáo mức án như trên."
https://vietnamnet.vn/thai-trong-nghia-linh-an-chung-than-toi-giet-nguoi-2469347.html,Không tìm thấy,,"HĐXX cũng tuyên phạt Phan Văn Phát (21 tuổi) 7 năm tù về tội ""Cố ý gây thương tích"".
Sáu bị cáo liên quan lãnh án từ 2 đến 7 năm tù về tội ""Gây rối trật tự công cộng"".
Theo hồ sơ, rạng sáng 29/6/2023, nhóm của Nghĩa nhậu tại một quán ốc thuộc phường Bình Hưng Hòa A, quận Bình Tân. Lúc này, nhóm của Trần Đăng Khoa cũng đang có mặt tại quán.
Do quen biết, Phạm Văn Khánh (nhóm của Khoa) sang mời bia và xảy ra cãi vã với người bên nhóm của Nghĩa. Sự việc được can ngăn nên Khánh quay về bàn.
Sau đó, nhóm của Nghĩa cầm bia sang bàn của Khánh mời lại để giảng hòa. Bất ngờ, nhóm của Khoa dùng ly bia ném vào đối phương khiến hai bên xảy ra xô xát.
Trong lúc hỗn chiến, Nghĩa dùng dao đâm vào ngực và lưng của Khoa. Nạn nhân tử vong trên đường đi cấp cứu do vết thương quá nặng.
Trong lúc ẩu đả, Phát (nhóm của Nghĩa) đã dùng ly bia ném vào đầu Khánh. Hậu quả, Khánh bị thương tật 50%.
Tại tòa, các bị cáo thừa nhận toàn bộ hành vi phạm tội.
HĐXX nhận định hành vi của các bị cáo đã xâm phạm tính mạng người khác và gây mất trật tự xã hội. Tòa quyết định tuyên phạt các bị cáo mức án nghiêm khắc để răn đe."
https://vietnamnet.vn/cong-an-tam-giu-hinh-su-ong-nguyen-phuc-binh-thu-33-con-dau-va-hon-100-ho-so-2469373.html,Không tìm thấy,,"Ngày 4/12, Công an tỉnh Đồng Tháp cho biết Công an xã Vĩnh Bình đã ra quyết định tạm giữ hình sự ông Nguyễn Phúc Bình (41 tuổi, ngụ xã Đồng Sơn) để điều tra hành vi “Làm giả con dấu, tài liệu của cơ quan, tổ chức”.
Theo điều tra ban đầu, ngày 27/11, ông Bùi Phú Mỹ – người đại diện của Văn phòng Công chứng Phú Mỹ, trình báo với Công an xã Vĩnh Bình về việc phát hiện hợp đồng công chứng giả.
Ông Mỹ cho biết, ngày 26/11, UBND xã Vĩnh Bình có liên hệ xác minh một hợp đồng ủy quyền do công chứng viên của Văn phòng Công chứng Phú Mỹ chứng nhận vào ngày 25/11.
Qua kiểm tra hồ sơ lưu trữ và thông tin trên hệ thống công chứng, Văn phòng Công chứng Phú Mỹ xác định đây là hợp đồng giả.
Sau khi tiếp nhận đơn trình báo, Công an xã Vĩnh Bình xác minh và mời làm việc những người liên quan, trong đó có ông Nguyễn Phúc Bình. Qua làm việc, ông Bình đã thừa nhận hành vi làm giả con dấu, tài liệu của cơ quan, tổ chức.
Khám xét khẩn cấp nơi ở và nơi làm việc của Nguyễn Phúc Bình, lực lượng công an thu giữ 106 bộ hồ sơ liên quan hợp đồng ủy quyền; giấy chứng nhận quyền sử dụng đất; giấy phân chia di sản; 33 con dấu các loại; 1 máy hủy tài liệu, laptop và nhiều tang vật có liên quan."
https://vietnamnet.vn/bang-xa-hoi-den-cho-vay-lai-nang-den-670-nam-o-cac-tinh-mien-nam-bi-xoa-so-2469316.html,Không tìm thấy,,"Ngày 4/12, Cục Cảnh sát hình sự (Bộ Công an) cho biết, đơn vị đã khởi tố 28 đối tượng để điều tra tội: Cho vay lãi nặng trong giao dịch dân sự, Giữ người trái pháp luật, Cướp tài sản, Tổ chức đánh bạc, Đánh bạc, Mua bán, tàng trữ, tổ chức sử dụng trái phép chất ma túy.
Cục Cảnh sát hình sự xác định, ổ nhóm tội phạm do Nguyễn Văn Hai, Nguyễn Văn Quang, Bùi Văn Hải, Nguyễn Ngọc Hưởng cầm đầu, hoạt động theo nhóm kín, có tính chất băng nhóm xã hội đen, rất manh động, liều lĩnh, sẵn sàng sử dụng hung khí, vũ lực để giải quyết mâu thuẫn, uy hiếp, đòi tiền cho vay trong một khoảng thời gian dài.
Các đối tượng phân nhóm, phân địa bàn thực hiện hành vi cho vay lãi nặng trong giao dịch dân sự liên tuyến, liên tỉnh trên địa bàn TPHCM và nhiều tỉnh, thành phố phía Nam. Hình thức cho vay tín chấp, lãi suất từ 240%/năm đến 670%/năm.
Để tìm kiếm người vay, các đối tượng chạy app quảng cáo; đăng thông tin trên các hội nhóm, tài khoản mạng xã hội (Facebook, Zalo…) hoạt động núp bóng tiệm cầm đồ, thông qua mối quan hệ ngoài xã hội và cho đàn em đi rải tờ rơi.
Khi người vay chậm trả lãi, gốc, các đối tượng sẽ gọi điện, nhắn tin chửi bới người nhà, đồng nghiệp của họ. Nhóm này còn uy hiếp, đe dọa, ném chất bẩn hoặc bắt giữ đánh đập người vay, buộc phải trả tiền. Tuy hoạt động cho vay lãi nặng trên các địa bàn khác nhau nhưng băng nhóm này luôn có sự gắn kết. Các nghi can cùng nhau giới thiệu khách vay, thu hồi nợ, luân chuyển dòng tiền...
Khách hàng nhóm này hướng đến là các tiểu thương, hộ kinh doanh buôn bán vừa và nhỏ. Người muốn vay phải có chỗ ở, nơi làm việc cố định, mức vay từ 5 triệu đồng đến 1,5 tỷ đồng mỗi lần. Người vay chỉ cần cung cấp chỗ ở, nơi làm việc, căn cước công dân và quay video hình ảnh khuôn mặt.
Hình thức vay sẽ gồm vay đứng (đóng lãi hàng ngày trong kỳ thỏa thuận cho tới khi trả gốc), vay góp ngày (đóng lãi và một phần tiền gốc hàng ngày trong khoảng thời gian theo thỏa thuận, thường là 24 ngày), vay cắt lãi trước (tiền lãi được thu trước và trừ trực tiếp vào tiền gốc chuyển cho người vay, kỳ vay thường 2-10 ngày).
Cũng theo Cục Cảnh sát hình sự, tại TPHCM, ổ nhóm của Hưởng không chỉ cho vay lãi nặng mà còn có hành vi giữ người trái pháp luật, cướp tài sản. Khi các con nợ không trả lãi và gốc, chúng cho đàn em thường xuyên nhắn tin uy hiếp, đánh, giữ người, cướp tài sản.
Đến nay, Cơ quan Cảnh sát điều tra Bộ Công an đã khởi tố vụ án hình sự, khởi tố 28 bị can. Trong đó, đã tạm giam 26 bị can gồm: Nguyễn Văn Hai, Trần Thanh Hào, Nguyễn Văn Thọ, Nguyễn Đắc Hoàng, Nguyễn Duy Khánh, Vũ Đình Sơn, Nguyễn Văn Quang, Trịnh Văn Đạt, Trịnh Văn Lực, Lê Đình Điều, Bùi Văn Hậu, Phan Văn Quyết, Phạm Văn Sơn, Nguyễn Văn Hưng, Nguyễn Ngọc Hưởng, Trịnh Xuân Giang, Vũ Văn Duy, Vũ Văn Huy, Vũ Đắc Hải, Bùi Mạnh Cường, Trần Thị Diễm Thúy, Bùi Văn Hải, Phạm Vi Thái, Lê Thị Ngọc Quyên, Lê Văn Mãi Em, Chương Quý Hương về các tội danh: Cho vay lãi nặng trong giao dịch dân sự; Giữ người trái pháp luật; Cướp tài sản; Tổ chức đánh bạc và đánh bạc; Mua bán, tàng trữ, tổ chức sử dụng trái phép chất ma tuý để tiến hành điều tra, xử lý theo đúng quy định của pháp luật."
https://vietnamnet.vn/bong-nhien-bi-don-danh-thanh-nien-rut-dao-dam-chet-nguoi-la-2468937.html,Không tìm thấy,,"Ngày 3/12, TAND TPHCM tuyên phạt bị cáo Giàng Seo Tỏa (18 tuổi, ngụ Đắk Lắk) 7 năm tù về tộiGiết người; Sùng Văn Trường (19 tuổi) và Thào Mi Giáo (18 tuổi), cùng ngụ Đắk Lắk, mỗi bị cáo 6 tháng tù về tội “Gây rối trật tự công cộng”.
Theo cáo buộc, khoảng 20h ngày 17/3/2024, Tỏa đang ngồi làm việc tại một xưởng may bao bì tại phường Phú Thọ Hòa, TPHCM thì Sùng A Lồng rủ Tỏa qua chỗ làm của Lồng ở phường Bình Hưng Hòa để nhậu. Nhận lời, Tỏa rủ theo Giàng Seo Cự đi cùng. Thấy Cự cầm theo con dao bấm, Tỏa lấy dao cất vào túi áo rồi cùng tới xưởng của Lồng ngồi uống bia.
Lúc này, nhóm thiếu niên gồm Sùng Seo Chung, Tráng Hồng Vàng, Lù A Quý và Vàng Chí Phúc (đều 13–15 tuổi) bị một nhóm lạ mặt rượt đánh. Bực tức, Chung gọi điện nhờ Thào Văn Dũng (19 tuổi) tới hỗ trợ.
Nghe điện thoại, Dũng rủ Sùng Văn Trường, Thào Mi Giáo và nhóm bạn đến khu vực đường số 6, phường Bình Hưng Hòa. Tới nơi, thấy Tỏa, Lồng và Cự đang ngồi nhậu trong nhà, Dũng tưởng nhóm của Tỏa tấn công nhóm của Chung nên gọi ra nói chuyện.
Sau khi nói chuyện và biết mình đã nhận nhầm, Dũng vẫn lao vào đánh Tỏa và hô nhóm bạn xông vào đánh Cự, Lồng.
Tỏa bỏ chạy nhưng Dũng vẫn đuổi theo đánh tiếp. Bực tức, Tỏa rút con dao bấm trong túi đâm vào sườn và vai của Dũng. Vẫn chưa hả giận, Tỏa quay ra đâm sượt vào đầu Trường khiến cả nhóm hoảng sợ bỏ chạy.
Dù được đưa đi cấp cứu, Dũng đã tử vong trước khi đến bệnh viện.
Trước phiên xét xử, gia đình bị cáo Tỏa đã bồi thường 90 triệu đồng cho gia đình bị hại Dũng. Sau đó, cha mẹ Dũng đã làm đơn đề nghị giảm nhẹ hình phạt cho Tỏa.
Xét thấy hành vi của các bị cáo là nguy hiểm cho xã hội, đã xâm phạm đến tính mạng của người khác được pháp luật bảo vệ, cần xử lý nghiêm để răn đe, phòng ngừa chung, tuy nhiên, bị hại cũng có một phần lỗi nên sau khi xem xét, HĐXX đã tuyên phạt các bị cáo mức án như trên."
https://vietnamnet.vn/chong-dung-dao-dam-vo-roi-ho-hoan-bao-con-goi-nguoi-dua-di-cap-cuu-2469068.html,Không tìm thấy,,"Ngày 3/12, TAND TP Hà Nội đưa bị cáo Lưu Bá Đoàn (SN 1982, ở xã Tam Hưng, Hà Nội) ra xét xử về tộiGiết người.
Bị cáo Lưu Bá Đoàn và chị Nguyễn Thị Loan T. (SN 1988) kết hôn năm 2010, có 3 con chung.
Theo cáo buộc, khoảng 18h30 ngày 3/3/2025, Đoàn đi làm về thấy vợ đang nấu cơm. Khoảng 10 phút sau, chị T. nói sẽ đưa các con sang nhà anh Nguyễn Thế Dần (anh trai chị T.) ăn cơm. Do đang mâu thuẫn với gia đình vợ, Đoàn không đồng ý.
Chị T. đáp: “Tôi cứ đi, các con cũng đi”. Khi bị cáo tiếp tục ngăn cản, chị T. vẫn lấy quần áo và nói: “Tôi lấy quần áo, đi không về đây nữa”. Đoàn đe dọa sẽ đánh vợ nếu không nghe lời, rồi đi theo chị T. vào buồng ngủ.
Sau đó, bị cáo tiếp tục chửi bới, giằng co, không cho chị T. ra khỏi nhà. Thấy vậy, chị T. bỏ lại túi quần áo, đẩy chồng ra rồi đi về phía cửa. Đoàn bức xúc chạy vào bếp lấy con dao phóng lợn, tiến về phía vợ và dùng lời lẽ đe dọa.
Chị T. vẫn đi ra cửa nên hai bên tiếp tục giằng co. Trong lúc căng thẳng, chị T. nói: “Tôi cứ đi, tôi đố ông đâm đấy”, rồi lách người sang phải để bước ra ngoài.
Bị cáo quay lại, đứng đối diện vợ, tay trái túm ngực áo chị T., tay phải cầm dao hướng về phía vợ. Hai bên xô đẩy, sau đó Đoàn đâm một nhát vào người chị T., khiến nạn nhân chảy máu. Gây án xong, Đoàn vứt dao xuống nền nhà, dùng vỏ gối bịt vết thương cho vợ rồi hô hoán, bảo con đi gọi người đưa chị T. đi cấp cứu.
Chị T. được đưa tới Bệnh viện Quân y 103 điều trị và xuất viện ngày 11/3/2025. Theo kết luận giám định, chị bị tổn hại 15% sức khỏe.
Ngày 4/3/2025, bà Ngô Thị Ang (mẹ chị T.) đến Công an xã Mỹ Hưng trình báo vụ việc. Cùng ngày, Đoàn đến cơ quan công an đầu thú và giao nộp con dao gây án. Trong quá trình điều tra, chị T. không yêu cầu bồi thường dân sự và có đơn xin giảm nhẹ cho chồng.
Theo kết luận giám định của Phòng Kỹ thuật hình sự Công an Hà Nội, con dao thu giữ của bị cáo là dao sắc, nhọn, thuộc Phụ lục 5 danh mục dao có tính sát thương cao ban hành kèm Thông tư 75/2024/TT-BCA.
Cáo buộc cho rằng bị cáo sử dụng dao có tính sát thương cao gây thương tích cho vợ là do mâu thuẫn bột phát, không có sự chuẩn bị trước, nên hành vi không cấu thành tội Sử dụng vũ khí quân dụng theo Điều 304 Bộ luật Hình sự.
Sau khi nghị án, HĐXX quyết định trả hồ sơ, yêu cầu điều tra bổ sung."
https://vietnamnet.vn/cuu-giam-doc-so-y-te-ba-ria-vung-tau-cu-bi-tuyen-phat-5-nam-tu-2468860.html,Không tìm thấy,,"Sáng 3/12, TAND TPHCM cơ sở 1 đã tuyên án đối với bị cáoPhạm Minh An(61 tuổi, cựu Giám đốc Sở Y tế tỉnh Bà Rịa - Vũng Tàu cũ) và 5 người khác về các tội Vi phạm quy định về đấu thầu gây hậu quả nghiêm trọng và Thiếu trách nhiệm gây hậu quả nghiêm trọng.
Cụ thể, tòa tuyên phạt bị cáo An 5 năm tù; Trần Mạnh Hải (48 tuổi, cựu Phó trưởng Phòng Kế hoạch tài chính, Sở Y tế tỉnh Bà Rịa - Vũng Tàu cũ) 4 năm tù và Đỗ Hữu Hải (39 tuổi, Giám đốc Công ty TNHH tư vấn xây dựng Sơn Hà) 3 năm tù, cùng về tội Thiếu trách nhiệm gây hậu quả nghiêm trọng.
Ba bị cáo còn lại, Huỳnh Anh Tuấn (41 tuổi, Giám đốc Công ty Tạ Thiên Ân) bị tuyên phạt 8 năm tù, Tạ Quang Trường (57 tuổi, Phó tổng giám đốc Công ty Vimedimex) 7 năm tù và Lê Hữu Lễ (50 tuổi, Trưởng Phòng Kinh doanh thiết bị y tế Công ty Vimedimex) 7 năm tù, cùng về tội Vi phạm quy định về đấu thầu gây hậu quả nghiêm trọng.
Về trách nhiệm dân sự, tòa buộc bị cáo Huỳnh Anh Tuấn phải bồi thường cho Sở Y tế Bà Rịa - Vũng Tàu (cũ, nay là Sở Y tế TPHCM) số tiền hơn 10 tỷ đồng.
Hội đồng xét xử nhận định, các bị cáo Huỳnh Anh Tuấn, Tạ Quang Trường, Lê Hữu Lễ có hành vi thông đồng, gian dối khi tạo lập hồ sơ tham gia đấu thầu. Sau khi trúng thầu không thực hiện đúng nội dung hồ sơ dự thầu mà ký hợp đồng với bên thứ ba nhằm nâng giá trang thiết bị y tế để thu lợi bất chính. Thiệt hại mà các bị cáo gây ra được hội đồng xét xử xác định là hơn 12,4 tỷ đồng.
Đối với các bị cáo Phạm Minh An, Trần Mạnh Hải, Đỗ Hữu Hải có hành vi thiếu trách nhiệm thẩm định, kiểm tra hồ sơ, tạo điều kiện cho Công ty Vimedimex trúng thầu, gây thiệt hại cho Nhà nước với số tiền như trên.
Theo Hội đồng xét xử, hành vi của các bị cáo An, Mạnh Hải và Hữu Hải là nguy hiểm cho xã hội, xâm phạm đến hoạt động đúng đắn của cơ quan nhà nước, gây thiệt hại lớn và làm ảnh hưởng đến niềm tin của người dân đối với cơ quan Nhà nước. Bị cáo An chịu trách nhiệm cao nhất so với 2 bị cáo Mạnh Hải và Hữu Hải do cẩu thả, không làm hết trách nhiệm. Do đó, cần có bản án nghiêm khắc để răn đe, phòng ngừa chung.
Đây là vụ án liên quan đến gói thầu mua sắm thiết bị phòng mổ hybrid (gói thầu số 25) thuộc dự án trang thiết bị y tế Bệnh viện Đa khoa Vũng Tàu, do Sở Y tế tỉnh Bà Rịa - Vũng Tàu trước đây làm chủ đầu tư.
Theo cáo trạng truy tố, gói thầu này sau đó được quyết toán gần 38 tỷ đồng cho Công ty Vimedimex (đơn vị trúng thầu), nhưng gây thiệt hại cho chủ đầu tư hơn 18 tỷ đồng. Trong đó, Công ty Vimedimex được chia số tiền hơn 683 triệu đồng, Công ty Tạ Thiên Ân hưởng số tiền hơn 17,3 tỷ đồng."
https://vietnamnet.vn/nguoi-dan-ong-trung-quoc-khoi-kien-me-cua-nguoi-yeu-da-mat-doi-quyen-nuoi-con-2468617.html,Không tìm thấy,,"Ngày 2/12, TAND khu vực 17 - TPHCM đã chấp nhận một phần yêu cầu khởi kiện của ông Wang P.X. (54 tuổi, quốc tịch Trung Quốc) về việc xác nhận cha con giữa ông và cháu Bùi Diêu T.; không chấp nhận yêu cầu được chăm sóc, nuôi dưỡng cháu T. của ông Wang.
Theo đơn khởi kiện, năm 2018, trong quá trình ông Wang sang Việt Nam sinh sống, ông và bà Bùi Xuân G. (trú tại tỉnh Bình Dương cũ) có tình cảm và chung sống với nhau như vợ chồng nhưng chưa đăng ký kết hôn. Năm 2020, cháu Bùi Diêu T., con gái của ông Wang và bà G. ra đời, trên giấy khai sinh lấy họ mẹ, không ghi tên cha.
Sau đó, ông Wang và bà G. đi làm xét nghiệm ADN xác định huyết thống cha con giữa ông và cháu T. để đăng ký kết hôn và đăng ký tạm trú lâu dài cho ông Wang. Tuy nhiên, khi đi khám sức khỏe để kết hôn, tháng 4/2024 bà G. được chẩn đoán mắc ung thư vú.
Cũng theo đơn của ông Wang, trong thời gian bà G. chữa bệnh, ông luôn đồng hành, chăm sóc bà nên cháu Bùi Diêu T. được gia đình bà Hồ Xây M. (mẹ bà G.) chăm sóc.
Tháng 11/2024, bà G. bắt đầu trở bệnh và tháng 12 cùng năm qua đời tại bệnh viện.
Sau khi bà G. mất, ông Wang muốn đón con gái về chăm sóc nhưng bà M. không đồng ý. Vì vậy, ông Wang đã làm đơn khởi kiện bà Hồ Xây M., yêu cầu tòa công nhận ông là cha cháu Bùi Diêu T và yêu cầu bà M. giao cháu T. cho ông trực tiếp chăm sóc.
Hội đồng xét xử (HĐXX) cho biết trong quá trình giải quyết vụ án, tòa án đã trưng cầu Phân viện Khoa học Hình sự - Bộ Công an thực hiện giám định ADN xác định huyết thống. Kết quả giám định cho thấy ông Wang và cháu T. có quan hệ huyết thống cha con.
Vì vậy, HĐXX cho rằng có đủ căn cứ xác định ông Wang và cháu T. có quan hệ huyết thống cha con.
Đối với việc ông Wang yêu cầu trực tiếp nuôi dưỡng cháu T., tại khoản 1 Điều 71 của Luật Hôn nhân và Gia đình quy định: Cha, mẹ có nghĩa vụ và quyền ngang nhau, cùng nhau chăm sóc, nuôi dưỡng con chưa thành niên, con đã thành niên mất năng lực hành vi dân sự hoặc không có khả năng lao động và không có tài sản để tự nuôi mình. Trong vụ án này, bà G. – mẹ cháu T. – đã chết, ông Wang là cha nên việc yêu cầu được nuôi dưỡng cháu là phù hợp.
Tuy nhiên, HĐXX xét thấy bà G. đã sống cùng mẹ là bà M. và em trai là ông Bùi Trọng S. cho đến khi cháu T. được sinh ra. Khi bà G. mất vào tháng 12/2024, bị đơn là bà Hồ Xây M. nuôi dưỡng cháu T. và cháu được chăm sóc, yêu thương, được học hành; điều này được xác nhận từ trường mầm non nơi cháu đang theo học.
Ông Wang tuy được xác định là cha của cháu T. nhưng không chứng minh được việc từng nuôi dưỡng, chăm sóc cháu. Khi bà G. còn sống và cả khi đã mất, ông Wang và bà G. chưa từng tồn tại hôn nhân hợp pháp được pháp luật bảo vệ. Sau khi bà G. mất, gia đình bị đơn đã nhanh chóng làm thủ tục giám hộ, thể hiện sự quan tâm đối với cháu.
Trong quá trình giải quyết vụ án cũng như tại phiên tòa, nguyên đơn cho rằng bị đơn ngăn cản quyền thăm nom, chăm sóc con nhưng không có chứng cứ chứng minh, cũng không cung cấp được tài liệu chứng minh việc thực hiện nghĩa vụ của người cha sau khi bà G. chết.
Đối với nơi cư trú, nguyên đơn có đăng ký cư trú nhưng không sinh sống tại nơi đăng ký. Điều này thể hiện nguyên đơn không có nơi cư trú rõ ràng. Trong khi đó, nguyên đơn là người nước ngoài, cháu T. mới 5 tuổi nên sự bất đồng ngôn ngữ có thể ảnh hưởng đến việc chăm sóc, nuôi dưỡng cháu.
Tại phiên tòa, nguyên đơn cho rằng mình đủ điều kiện nuôi dưỡng cháu T. nhưng không đưa ra được chứng cứ chứng minh gia đình bị đơn không đủ điều kiện chăm sóc, nuôi dưỡng cháu.
Vì vậy, HĐXX cho rằng yêu cầu của bà M. đề nghị ông Wang giao trả cháu T. về cho gia đình bà là phù hợp.
Không đồng tình với phán quyết của tòa, ông Wang khẳng định sẽ kháng cáo.
Trước đó, nêu quan điểm về vụ án, đại diện Viện kiểm sát cho rằng, kết luận giám định ADN của Viện Khoa học Hình sự - Bộ Công an đã xác định ông Wang và cháu T. có quan hệ huyết thống cha con. Ông Wang cũng là người có công việc làm ăn lâu dài, ổn định, có công ty tại Việt Nam; thời điểm hiện tại không có vi phạm pháp luật.
Vì vậy, đại diện VKS đề nghị HĐXX chấp nhận toàn bộ yêu cầu khởi kiện của ông Wang, công nhận quan hệ cha con và giao cho ông Wang được quyền nuôi con gái; đồng thời đảm bảo quyền được tới thăm cháu ngoại của bà M."
https://vietnamnet.vn/nu-quai-bia-chuyen-quen-thu-truong-de-lua-tien-ty-cua-nguoi-dan-ong-nhe-da-2468563.html,Không tìm thấy,,"Ngày 2/12, TAND Hà Nội tuyên phạt Hồ Thị Linh (SN 1992, trú tại Hà Nội) 17 năm tù về tội Lừa đảo chiếm đoạt tài sản.
Cuối năm 2019, thông qua mạng xã hội Facebook, Linh quen anh Nhâm Xuân H. (SN 1996). Dù không có nghề nghiệp ổn định, cô ta tự nhận đang công tác tại Bộ Công an, đồng thời bịa chuyện mình là con gái một lãnh đạo Công an tỉnh Khánh Hòa, cháu của một thứ trưởng Bộ Công an…
Để tạo niềm tin và nhằm chiếm đoạt tiền của anh H., tháng 1/2020, Linh mua và mặc bộ quân phục công an, sau đó dẫn anh H. đến thăm nhà một liệt sĩ từng công tác trong ngành. Tại đây, Linh tiếp tục giới thiệu với mọi người rằng mình là bạn thân của liệt sĩ.
Bằng các chiêu trò nói trên, sau một thời gian, Linh dần chiếm được lòng tin của anh H. Khi anh bày tỏ mong muốn xin vào làm việc tại Tổng công ty Cảng hàng không Việt Nam (ACV), Linh liền hứa sẽ nhờ “mối quan hệ” trong ban lãnh đạo công ty giúp đỡ.
Linh cho anh H. xem nhiều số điện thoại mà cô ta bịa là của thứ trưởng Bộ Công an, thư ký của thứ trưởng, và bố mình—một lãnh đạo Công an tỉnh Khánh Hòa. Thậm chí, Linh còn lập nhiều tài khoản Zalo, giả danh thứ trưởng và thư ký để nhắn tin với anh H.
Thực tế, các số điện thoại này đều là sim không chính chủ Linh mua để giả mạo. Từ những số sim đó, Linh nhắn tin yêu cầu anh H. chuyển tiền “mua quà biếu”. Tin tưởng Linh có công tác trong ngành công an và có quan hệ với “VIP”, anh H. đã làm theo mọi yêu cầu chuyển tiền.
Linh còn “vào vai” một thứ trưởng Bộ Công an để nhắn tin thông báo với anh H. rằng hồ sơ xin việc tại ACV của anh đã bị hủy, đồng thời hứa sẽ “xin” cho anh vào làm tại Cục An ninh kinh tế (Bộ Công an).
Sau đó, Linh tiếp tục dùng các số điện thoại không chính chủ, giả làm thư ký của thứ trưởng để yêu cầu anh H. chuyển tiền với nhiều lý do như mua quà biếu lãnh đạo, chi phí làm thủ tục – hồ sơ xin việc…
Từ cuối năm 2019 đến tháng 5/2022, với các chiêu thức trên, Linh yêu cầu anh H. chuyển hơn 718 triệu đồng vào tài khoản của người thân mình, rồi nhờ họ chuyển lại để chi tiêu. Ngoài ra, Linh nhiều lần đề nghị anh H. chuyển tiền cho các khoản cá nhân khác. Tổng cộng, bị cáo đã chiếm đoạt của anh H. hơn 4,5 tỷ đồng. Sau khi lấy được tiền, Linh cắt liên lạc và hủy các sim giả mạo.
Về phía nạn nhân, khi tìm hiểu, anh H. phát hiện Linh không hề là con của lãnh đạo công an tỉnh, cũng không quen biết vị thứ trưởng như từng nói.
Tháng 10/2023, anh H. lần ra địa chỉ của Linh tại Hà Nội và gặp bị cáo cùng chồng. Khi bị đòi tiền, Linh tiếp tục bịa rằng đã chuyển toàn bộ cho vị thứ trưởng để “nhờ xin việc”, rồi hứa sẽ trả nhưng sau đó không thực hiện.
Ngày 9/11/2023, anh H. nộp đơn tố cáo Linh đến cơ quan công an.
"
https://vietnamnet.vn/ha-noi-xet-xu-vu-cuu-doi-truong-canh-sat-va-cap-duoi-nhan-hoi-lo-300-trieu-dong-2468498.html,Không tìm thấy,,"Các bị cáo gồm: Nguyễn Đức Nam (SN 1984, cựu Đội trưởng) và Đinh Tiến Đạt (SN 1989, cựu cán bộ) bị truy tố về hai tội ""Nhận hối lộ"" và ""Làm sai lệch hồ sơ vụ án"". Bị cáo Bùi Xuân Triệu (SN 1985, cựu cán bộ) bị xét xử về tội ""Làm sai lệch hồ sơ vụ án"".
Hai bị cáo Vương Văn Thuận và Nguyễn Văn Hùng bị truy tố tội ""Đưa hối lộ"".
Theo cáo trạng, rạng sáng 25/6/2023, Tổ công tác Công an huyện Mỹ Đức (cũ) kiểm tra quán karaoke Royal (xã Phúc Lâm). Tại phòng VIP 2, lực lượng chức năng phát hiện 4 đối tượng đang sử dụng ma túy, thu giữ tang vật tại chỗ.
Tuy nhiên, do có quen biết với người nhà của nhóm ""dân chơi"" này, Đinh Tiến Đạt đã liên hệ để ""bắn tin"". Sau đó, bị cáo Hùng và Thuận đã nhờ Nguyễn Đức Nam (lúc đó là Đội trưởng) xin không xử lý và hứa sẽ có quà ""cảm ơn"". Nam đồng ý.
Thực hiện chỉ đạo của Nam về việc ""tạo điều kiện cho phòng VIP 2"", Đạt và Triệu đã không ghi lời khai, không lập hồ sơ xử lý. Thậm chí, các bị cáo còn cho đối tượng ký khống vào phiếu kiểm tra ma túy (không có que test).
Sau khi ""êm xuôi"", Đạt yêu cầu phía người nhà đối tượng đưa tiền. Chiều cùng ngày, Đạt nhận túi nilon chứa 300 triệu đồng. Bị cáo này giữ lại chi tiêu, chia cho một số cán bộ khác và chuyển khoản cho Đội trưởng Nguyễn Đức Nam 100 triệu đồng.
Vụ việc sau đó bị phát giác. Cơ quan tố tụng xác định hành vi của các cựu cán bộ công an đã dẫn đến bỏ lọt tội phạm.
Tại phiên tòa sáng nay, do vắng mặt nhân chứng và người có quyền lợi nghĩa vụ liên quan, HĐXX đã quyết định hoãn phiên tòa."
https://vietnamnet.vn/lai-suat-540-nam-nhom-tin-dung-den-tat-son-nha-con-no-de-ep-tra-tien-2468556.html,Không tìm thấy,,"Ngày 2/12, TAND TPHCM tuyên phạt Chu Mạnh Cường (30 tuổi, quê Hà Nội) 2 năm 9 tháng tù về tội “Cho vay lãi nặng trong giao dịch dân sự”. Cùng tội danh, 9 bị cáo liên quan bị tuyên mức án 2 năm 3 tháng tù.
Theo cáo trạng, tháng 4/2023, Cường nảy sinh ý định cho nhiều người vay tiền trả góp với lãi suất từ 360%/năm; cho vay trả đứng với lãi suất lên tới 540%/năm, đồng thời thu phí dịch vụ 2–10% cho mỗi lần giải ngân.
Để thực hiện kế hoạch, Cường thuê thêm 9 người phụ giúp. Bị cáo lập một nhóm chung trên ứng dụng Messenger mang tên “Nhóm mới nổi” để tiện chỉ đạo. Tại đây, Cường phân công nhiệm vụ cho từng người gồm: chạy quảng cáo tìm nguồn khách vay; xác minh nhân thân và điều kiện vay; trực tiếp cho vay, thu lãi, ghi chép sổ sách; nhắn tin đòi nợ và tạt sơn nhà khi người vay không trả.
Theo thỏa thuận, Cường lo chỗ ăn ở cho những người trực tiếp cho vay và cuối năm chia cho họ 30% doanh thu từ khoản tiền thu được. Những người “học việc” trong lĩnh vực cho vay, đi đòi nợ được trả lương 80–100 triệu đồng/năm.
Từ tháng 4 đến tháng 12/2023, bằng các thủ đoạn trên, Cường cùng đồng phạm thu lợi bất chính hơn 4,1 tỷ đồng.
Tại phiên tòa, các bị cáo thừa nhận hành vi phạm tội như cáo trạng nêu. Hội đồng xét xử nhận định hành vi của các bị cáo xâm phạm quyền sở hữu tài sản của người khác, ảnh hưởng trật tự quản lý kinh tế trong lĩnh vực tín dụng và gây mất an ninh trật tự, cần xử lý nghiêm. Sau khi xem xét, HĐXX đã tuyên phạt các bị cáo mức án như trên."
https://vietnamnet.vn/an-mang-o-ha-noi-va-hanh-dong-kho-tin-cua-nguoi-me-2468542.html,Không tìm thấy,,"Ngày 2/12, TAND TP Hà Nội tuyên phạt bị cáo Âu Hải Hưng (SN 1987, trú tại Hà Nội) tù chung thân về tội Giết người và 6 năm tù về tội Sử dụng trái phép vũ khí quân dụng.
Theo cáo trạng, khoảng 19h30 ngày 14/6/2025, anh Nguyễn Chí C. (SN 1994, ở phường Việt Hưng) cùng Âu Quang Huy (SN 1995, em trai bị cáo Hưng) ngồi uống bia tại quán ở đầu ngõ 80 phố Hoa Lâm. Đến 1h30 ngày 15/6/2025, Huy thấy anh Âu Quang Đồng (SN 1995) đi qua nên gọi vào uống cùng. Khoảng 10 phút sau, khi thấy Huy say, anh C. và anh Đồng đưa Huy về nhà.
Về tới cổng, do Huy quá say, anh C. và anh Đồng phải dìu xuống xe, nhưng Huy không chịu vào nhà, liên tục to tiếng chửi bới.
Thời điểm này, Hưng nghe tiếng ồn, tưởng em trai bị đánh nên vào bếp lấy hai con dao mang ra “nghênh chiến”. Hưng lao tới đâm anh C. nhưng không trúng. Thấy con trai cầm dao tấn công, mẹ của Hưng lập tức lao vào ôm và tìm cách can ngăn.
Người mẹ cố giằng lấy hai con dao từ tay Hưng rồi cất vào bếp. Lúc này, Huy giải thích với anh trai rằng anh C. là bạn, chỉ đưa Huy về nhà và giữa hai người không có mâu thuẫn. Nghe vậy, Hưng nói hôm sau sẽ sang xin lỗi.
Tuy nhiên, anh C. không đồng ý và lớn tiếng thách thức: “Bây giờ ông thích chơi kiểu gì, báo Công an hay gọi xã hội?”. Bực tức vì lời nói này, Hưng chạy vào nhà lấy một con dao khác rồi đuổi theo đâm anh C.
Anh C. bỏ chạy được khoảng 30–50 m thì bị Hưng đuổi kịp. Hai bên lao vào xô xát, sau đó Hưng cầm dao đâm một nhát vào lưng anh C. Nạn nhân cố gắng đi bộ về nhà nhưng gục ngã giữa đường. Anh C. được người dân đưa vào Bệnh viện Đa khoa Đức Giang cấp cứu nhưng tử vong ngoại viện do vết thương xuyên thấu thùy trên phổi trái, gây mất máu cấp.
Đến 7h sáng cùng ngày, Âu Hải Hưng đến Công an phường Việt Hưng đầu thú và khai nhận hành vi.
Đối với mẹ bị cáo, cơ quan tố tụng xác định sau khi sự việc xảy ra, bà có dọn dẹp, rửa khu vực hiện trường. Quá trình điều tra làm rõ việc này nhằm tránh ảnh hưởng đến hàng xóm, không phải để xóa dấu vết hay gây khó khăn cho công tác điều tra.
Sau đó, người mẹ đã đến cơ quan Công an làm việc, khai báo trung thực, phù hợp với diễn biến vụ án. Vì vậy, cơ quan điều tra xác định hành vi của bà không cấu thành tội Che giấu tội phạm hoặc Không tố giác tội phạm, nên không xem xét xử lý.
Liên quan đến tội Sử dụng trái phép vũ khí quân dụng mà Âu Hải Hưng bị truy tố, cáo trạng xác định, bị cáo đã sử dụng 3 con dao.
Phòng Kỹ thuật hình sự Công an Hà Nội kết luận đối với các con dao gửi giám định như sau: “Dao sắc, nhọn, thuộc Phụ lục 5, danh mục dao có tính sát thương cao ban hành kèm Thông tư số 75/2024/TT-BCA ngày 15/11/2024 của Bộ trưởng Bộ Công an quy định chi tiết một số điều của Luật Quản lý, sử dụng vũ khí, vật liệu nổ và công cụ hỗ trợ”."
https://vietnamnet.vn/cong-an-thong-tin-dien-bien-vu-thanh-nien-bi-dam-chet-tai-dam-cuoi-o-can-tho-2468439.html,Không tìm thấy,,"Ngày 2/12, Phòng Cảnh sát hình sự Công an TP Cần Thơ đang điều tra vụ án mạng xảy ra tại một đám cưới ở xã Thạnh Thới An.
Đến thời điểm này, cơ quan công an đã thông tin về diễn biến vụ việc. Theo đó, khoảng 18h ngày 29/11, Phan Minh T. (16 tuổi) và Trần Chí Tưởng (22 tuổi, cùng ngụ xã Thạnh Thới An) đến dự đám cưới của con trai ông T.H.Q. (49 tuổi, ngụ xã Thạnh Thới An).
Trong lúc tiệc diễn ra, Phan Minh T. và Tưởng cùng một nhóm thanh niên lên sân khấu nhảy múa theo nhạc sàn.
Tại đây, Tưởng xảy ra mâu thuẫn với nhóm thanh niên và bị đánh. Phan Minh T. vào hỏi nguyên nhân cũng bị nhóm này đánh, phải bỏ chạy. Sau đó, Phan Minh T. về nhà lấy hai con dao tự chế, trong đó có một con dài khoảng 1,2m, quay lại đám cưới tìm nhóm thanh niên để giải quyết mâu thuẫn.
Khi quay lại, Phan Minh T. vung dao chém nhiều nhát vào nhóm người tại đám cưới, trong đó có một nhát trúng bụng anh Trịnh Hữu Khanh (35 tuổi, ngụ phường Khánh Hòa).
Lúc này, Trịnh Hữu Cường (47 tuổi, ngụ phường Khánh Hoà) thấy anh Khanh bị đâm nên đi vào bếp lấy một con dao Thái Lan rồi chạy ra cổng, gặp Trần Chí Tưởng đang đứng chửi bới. Ông Cường đâm một nhát vào ngực Tưởng. Nạn nhân được đưa đi cấp cứu nhưng tử vong do vết thương quá nặng.
Nhận tin báo, Ban Giám đốc Công an TP Cần Thơ chỉ đạo Phòng Cảnh sát hình sự phối hợp Công an xã Thạnh Thới An truy bắt đối tượng Cường và Phan Minh T. ngay trong đêm. Tại cơ quan công an, các đối tượng đã khai nhận toàn bộ hành vi phạm tội. Trong đó, Cường bị điều tra hành vi giết người; còn Phan Minh T. bị điều tra hành vi cố ý gây thương tích."
https://vietnamnet.vn/tuyen-phat-2-doi-tuong-toi-to-chuc-cho-nguoi-khac-nhap-canh-viet-nam-trai-phep-2468205.html,Không tìm thấy,,"Ngày 1/12, TAND TP Hà Nội đưa các bị cáo Nguyễn Ngọc Cường (SN 1977, ở Hà Nội), Nguyễn Minh Tuấn (SN 1972) và Võ Văn Thiện (SN 1997, đều ở TPHCM) ra xét xử về tội Tổ chức cho người khácnhập cảnh Việt Nam trái phép.
Trước đó, ngày 8/4/2025, Mei Jia Hao (SN 2000) và Jiang Hua (SN 1999, đều quốc tịch Trung Quốc) đến cơ quan công an trình báo việc cả hai được các đối tượng hứa hẹn tìm việc bốc vác tại Quảng Tây (Trung Quốc), nhưng sau đó bị đưa sang Việt Nam nên đã bỏ trốn. Cả hai đến Đại sứ quán Trung Quốc ở Hà Nội nhờ giúp đỡ và được hướng dẫn đến công an trình báo.
Kết quả điều tra xác định, khoảng đầu năm 2025, thông qua Zalo, Telegram, bị cáo Cường được một số đối tượng (không rõ thông tin) thuê chở Mei Jia Hao và Jiang Hua từ Hà Nội vào TPHCM với giá 25 triệu đồng, chuyển trước 20 triệu đồng.
Sau đó, Cường đã thuê bị cáo Tuấn chở hai người Trung Quốc trên với giá 22 triệu đồng. Ngày 4/4, Tuấn thuê Thiện chở hai người khách Trung Quốc nhập cảnh trái phép từ Hà Nội vào TPHCM với giá 20 triệu đồng.
Quá trình trao đổi, Tuấn dặn Thiện không cho khách sử dụng wifi, ăn uống phải tìm chỗ vắng vẻ, ít người để ý, hạn chế không cho khách tiếp xúc với người ngoài…
Theo hướng dẫn của Tuấn, tối 5/4, Thiện điều khiển ô tô đi từ TPHCM ra Hà Nội. Đến đêm 6/4, Thiện ra đến Hưng Yên, ở đây gần 2 ngày để chờ lệnh đón khách từ Tuấn. Chiều tối 8/4, Tuấn gửi tin nhắn định vị từ tài khoản Zalo cho Thiện. Căn cứ theo định vị, Thiện di chuyển về khu vực Hồ Bảy Mẫu, Hà Nội. Sau đó, Tuấn tiếp tục chuyển tiếp đoạn quay phim khu vực ga Hà Nội và hướng dẫn Thiện đi theo.
Để thuận tiện cho việc đón khách, Thiện gửi hình ảnh ô tô, biển số xe của mình để Tuấn gửi cho khách. Một lúc sau, Thiện thấy có hai người đàn ông đi giày có vết bùn đất tiến về phía mình. Đoán là khách Trung Quốc nên Thiện ra đón khách. Ngay lúc đó, cơ quan công an phát hiện, đưa Thiện về trụ sở công an làm việc.
Lời khai của những người liên quan
Tại cơ quan công an, các bị cáo khai biết rõ 2 khách Trung Quốc nhập cảnh trái phép, nhưng vì vụ lợi nên vẫn đồng ý chở khách từ Hà Nội vào TPHCM. Ngoài ra, các bị cáo khai nhận, trước đó đã có 2 lần chở khách Trung Quốc nhập cảnh trái phép vào Việt Nam. Tuy nhiên, ngoài lời khai trên, không có tài liệu khác nên cơ quan điều tra không xem xét.
Còn theo lời khai của hai người Trung Quốc, tháng 3/2025, Jiang Hua lên mạng TikTok để tìm việc làm thì có tài khoản TikTok “Shao Kai Shui” liên lạc và hứa tìm việc bốc vác ở Quảng Tây, Trung Quốc cho Jiang Hua. Khi đó, Jiang Hua rủ bạn là Mei Jia Hao đi cùng.
Tiếp đó, người hứa tìm việc cho Jiang Hua cử một nam giới lái ô tô đón hai người đến Sùng Tà, Quảng Tây, Trung Quốc nghỉ một đêm. Ngày 6/4, Jiang Hua và Mei Jia Hao tiếp tục được đưa đi bằng ô tô từ Sùng Tà đến Bằng Tường, Trung Quốc nghỉ ngơi đến khoảng 22h cùng ngày thì tiếp tục leo bộ bằng đường núi.
Hai người leo bộ khoảng 2 giờ thì tiếp tục có xe 7 chỗ đón, không biết đưa đi đâu, đường nào. Đến khoảng 10h hôm sau, hai người đàn ông Trung Quốc nhìn xung quanh thấy các biển hiệu có ngôn ngữ lạ mới biết mình không còn ở Trung Quốc.
Lúc này, biết mình đã bị lừa nên cả hai rủ nhau bỏ trốn. Sau khi xin được kết nối wifi của một nhà hàng ven đường và liên lạc với bạn để nhờ trợ giúp, hai người đàn ông mới biết mình đang ở khu vực Cổ Linh, Long Biên (cũ), Hà Nội, Việt Nam.
Vì vậy, cả hai đã đặt xe đến Đại sứ quán Trung Quốc và được hướng dẫn đến đến công an trình báo. Cơ quan điều tra đã gửi yêu cầu tương trợ tư pháp đến cơ quan chức năng Trung Quốc để làm rõ việc các đối tượng tổ chức cho hai khách Trung Quốc nhập cảnh trái phép vào Việt Nam, nhưng chưa có kết quả.
Cơ quan điều tra cũng xác minh số tài khoản đã chuyển tiền cho bị cáo Cường để tìm ra đối tượng đã bỏ tiền thuê bị cáo chở khách, nhưng đến nay chưa có kết quả. Sau khi xem xét, HĐXX tuyên phạt Cường mức án 24 tháng tù. Bị cáo Tuấn và Thiện lần lượt nhận án 16 và 12 tháng tù."
https://vietnamnet.vn/lo-xay-nha-tren-dat-bo-hoang-co-bi-buoc-thao-do-khong-2463783.html,Không tìm thấy,,"Anh Lê Minh Thắng (35 tuổi, ở xã Suối Hai, Hà Nội) hỏi:Tôi xây nhà bị lấn sang phần đất bỏ hoang (khu đất chưa được cấp sổ cho ai) do sai sót khi xác định ranh. Vậy trường hợp này có bị xử lý và buộc tháo dỡ không?
Luật sư Vũ Anh Tuấn (Văn phòng Luật sư Trung Hòa, Hà Nội) trả lời:Đất đang để trống, không có cá nhân, tổ chức nào chứng minh được quyền sử dụng hợp pháp, không có tên trong hồ sơ địa chính và chưa được cấp Giấy chứng nhận quyền sử dụng đất thì được xem là đất chưa sử dụng.
Căn cứ theo Điều 221 Luật Đất đai 2024, đất chưa sử dụng được quản lý như sau: Ủy ban nhân dân cấp xã có trách nhiệm quản lý, bảo vệ đất chưa sử dụng tại địa phương, đăng ký vào hồ sơ địa chính và báo cáo Ủy ban nhân dân cấp trên trực tiếp về tình hình quản lý, khai thác quỹ đất chưa sử dụng...
Hành vi lấn sang đất bỏ hoang được xác định là chiếm đất
Theo luật sư, khoản 9, Điều 3 Luật Đất đai 2024 quy định: “Chiếm đất là việc sử dụng đất do Nhà nước đã quản lý mà chưa được cơ quan nhà nước có thẩm quyền cho phép hoặc sử dụng đất của người sử dụng đất hợp pháp khác mà chưa được người đó cho phép”.
Như vậy, việc ông tự ý xây dựng và lấn sang phần đất đang do Nhà nước quản lý đất chưa sử dụng được xác định là hành vi chiếm đất trái pháp luật.
Công trình xây dựng lấn chiếm đất công sẽ bị buộc phá dỡ
Cũng theo luật sư, Điểm đ, khoản 1, Điều 118 Luật Xây dựng 2014 (được sửa đổi bởi Luật Xây dựng 2020) quy định: “Công trình xây dựng lấn chiếm đất công, đất thuộc quyền sử dụng hợp pháp của tổ chức, cá nhân; công trình xây dựng sai với thiết kế xây dựng được phê duyệt đối với trường hợp được miễn giấy phép xây dựng”.
Như vậy, các công trình xây dựng lấn sang đất công, đất Nhà nước quản lý hoặc đất thuộc quyền hợp pháp của người khác đều thuộc trường hợp bị cưỡng chế tháo dỡ.
Căn cứ các quy định nêu trên, dù ông xây dựng trên phần đất “bỏ hoang”, nhưng thực chất đó là đất chưa sử dụng do Nhà nước quản lý, nên hành vi này vẫn bị xem là chiếm đất.
Do đó, phần công trình xây dựng lấn sang đất chưa sử dụng sẽ bị buộc phá dỡ theo quy định của pháp luật, đồng thời ông có thể bị xử phạt vi phạm hành chính về đất đai và trật tự xây dựng."
https://vietnamnet.vn/nam-thanh-nien-bi-dam-chet-ngay-tai-dam-cuoi-o-can-tho-2468038.html,Không tìm thấy,,"Chiều 30/11, Phòng Cảnh sát hình sự Công an TP Cần Thơ đã tạm giữ hình sự Trịnh Hữu Cường (47 tuổi, ngụ phường Khánh Hòa) để điều tra hành vi giết người. Cơ quan điều tra đồng thời tạm giữ hình sự P.M.T. (16 tuổi, ngụ xã Thạnh Thới An) để làm rõ hành vi cố ý gây thương tích.
Theo điều tra ban đầu, tối 29/11, gia đình ông T.H.Q. (49 tuổi, ngụ ấp Thạnh An 2, xã Thạnh Thới An) tổ chức đám cưới cho con trai. Trong lúc tiệc diễn ra, một nhóm người đang nhảy múa, hát hò đã xảy ra mâu thuẫn, dẫn đến cự cãi rồi xô xát.
Trong lúc hỗn chiến, anh Trần Chí Tưởng (22 tuổi, ngụ xã Thạnh Thới An) bị Cường dùng vật nhọn đâm một nhát vào ngực, tử vong tại chỗ.
Vụ việc cũng khiến anh Trịnh Hữu Khanh (35 tuổi, ngụ phường Khánh Hòa) bị thương nặng ở vùng bụng và anh Phan Văn Sang (35 tuổi, ngụ xã Thạnh Thới An) bị thương ở tay.
Nhận tin báo, Công an xã Thạnh Thới An nhanh chóng có mặt tại hiện trường để xác minh vụ việc, đồng thời phối hợp Phòng Cảnh sát hình sự Công an TP Cần Thơ truy bắt các nghi phạm."
