url,title,description,content
https://vnexpress.net/dien-vien-trung-quoc-lao-dao-vi-than-ngheo-ke-kho-5004465.html,Diễn viên Trung Quốc lao đao vì 'than nghèo kể khổ',"Diễn viên Diêm Học Tinh mất hợp đồng quảng cáo, phải viết thư xin lỗi khán giả sau khi than vãn thu nhập thấp, khó khăn.","TheoGuancha, khi livestream trên nền tảngDouyin, Diêm Học Tinh tiết lộ con trai của cô - Lâm Ngạo Phi - theo nghiệp diễn, thù lao một phim là ""vài trăm nghìn nhân dân tệ"" và mỗi năm chỉ có một phim. Con dâu cô là diễn viên nhà hát kịch sân khấu, thu nhập ""còn thấp hơn"", đôi vợ chồng đã có em bé.
Theo Diêm Học Tinh, chi phí vận hành đại gia đình mỗi năm là 1,8 triệu tệ (6,7 tỷ đồng). Cô cảm thấy vợ chồng con trai kiên trì được là ""việc vô cùng khó khăn, vất vả"". Con trai cô chịu áp lực lớn trong lĩnh vực phim truyền hình, hiện anh có ""lối thoát"" là đến trường quay Hoành Điếm ở tỉnh Chiết Giang tìm kiếm thêm cơ hội diễn xuất.
TheoSina, năm 2024, thu nhập bình quân theo đầu người tại Trung Quốc là hơn 41.000 nhân dân tệ (154 triệu đồng). Sự chênh lệch giữa mức thu nhập bình quân và thu nhập mà Diêm Học Tinh công khai dấy vô số bình luận trên mạng xã hội, phần lớn ý kiến chỉ trích diễn viên.
Nhiều người cho rằng Diêm Học Tinh ""than nghèo kể khổ"" là biểu hiện của sự thiếu đồng cảm với những người lao động khác, nới rộng khoảng cách giàu nghèo. Một số khán giả bình luận: ""Vài trăm nghìn tệ không đủ nuôi gia đình, thế vài nghìn tệ của tôi thì ra ngủ gầm cầu à?"", ""Rốt cục là chị đang than nghèo hay khoe giàu?"".
Còn nhiều người cho rằng ở vai trò người mẹ, Diêm Học Tinh chỉ đang lo lắng cho con cháu. Đó là những âu lo đời thường, không có ác ý, vì thế phát ngôn của cô không đáng bị công kích.
Dù vậy, làn sóng chỉ trích mạnh mẽ khiến hôm 11/1, diễn viên đăng thư thừa nhận thiếu sót.Cô viết: ""Với một tâm trạng vô cùng nặng nề, tôi thành thật xin lỗi"". Diêm Học Tinh cho biết ban đầu cô thấy ấm ức, oan uổng khi đọc các bình luận phê bình. Nhưng khi đọc câu: ""Chị đã quên gốc rễ của chị"", cô bừng tỉnh.
Diêm Học Tinh thừa nhận suốt thời gian dài cô sống trong những tiếng vỗ tay, được tặng hoa tươi, dần quen với việc được tung hô, khen ngợi mà ""quên đi cội rễ"".
""Tôi được nhìn thế giới rộng hơn và vô tình coi đó là sự hơn người, quên đi bản chất trước đây của mình"", Diêm Học Tinh viết. Sau khi nhận ra sai lầm, diễn viên đau khổ, cảm thấy sự việc lần này như ""cuộc phẫu thuật tâm hồn"", rất đau, nhưng làm cô thức tỉnh. Diễn viên sẽ lắng lại để tìm lại sự trân trọng lao động, cuộc sống.
Dù thừa nhận sai lầm, Diêm Học Tinh tổn thất kinh tế. Hôm 11/1, một công ty thực phẩm ở Liêu Ninh ra thông cáo cho biết chấm dứt hợp đồng quảng cáo với diễn viên. TrênJiemian News, đại diện một thương hiệu thực phẩm khác cho biết đã thương lượng việc chấm dứt hợp đồng và yêu cầu bồi thường với phía Diêm Học Tinh. Từ khi diễn viên vướng scandal, nhiều người trả hàng của công ty, gây ảnh hưởng tiêu cực tới việc kinh doanh.
Diêm Học Tinh có hơn 20 triệu fan trên các nền tảng mạng xã hội, từ ngày 10/1, tài khoản Douyin và Kuaishou của cô bị ngừng chức năng ""theo dõi"".
Cô sinh năm 1972 ở tỉnh Cát Lâm, tốt nghiệp trường Hý khúc tỉnh Cát Lâm. Năm 2002, diễn viên được chú ý qua hai phim truyền hìnhLưu lão cănvàTiểu Bạch Ngọc Sương. Diêm Học Tinh quen thuộc với nhiều khán giả Trung Quốc qua các phimNgười nhà quê ở thành phố, Phụ nữ làm quan, Lan đồng hoa khai. Ngoài đóng phim, cô livestream bán hàng, quảng cáo.
Như Anh(theoGuancha, Jiemian)"
https://vnexpress.net/lisa-mac-vay-xuyen-thau-toi-qua-cau-vang-2026-5004486.html#box_comment_vne,Lisa mặc váy xuyên thấu tới Quả Cầu Vàng 2026,MỹLisa nhóm Blackpink diện váy xuyên thấu khoe nét ngọt ngào trên thảm đỏ lễ trao giải điện ảnh Golden Globes lần thứ 83.,"Lisa là một trong những nghệ sĩ đảm nhận vai trò trao giải tại Quả Cầu Vàng năm nay. Cô xuất hiện trên thảm đỏ với bộ đầm làm từ voan mỏng trong suốt của Jacquemus, đeo vòng choker nhiều lớp bằng đá đen, làm nail kiểu Pháp. Ngôi sao trang điểm nhẹ với má hồng và son môi bóng, tập trung tôn làn da mịn.
White Lotus- bộ phim Lisa tham gia diễn xuất - được đề cử sáu giải Quả Cầu Vàng, gồm hạng mục Phim truyền hình chính kịch hay nhất. Nhân vật của cô trong phim tên là Mook, tiếng Thái nghĩa là ""ngọc trai"", làm nhân viên khu nghỉ dưỡng. Tháng 9, khi phỏng vấn với tạp chíAnOther, cô cho biết hy vọng được đóng phim nhiều hơn.
Tháng 12/2025, nhà sản xuất công bố Lisa đóng chính dự án hành độngTygo, thuộc loạt phimExtraction, hợp tác tài tử Ma Dong Seok và Lee Jin Wook. Nội dung xoay quanh giới tội phạm Hàn Quốc, ghi hình vào cuối năm 2025, đánh dấu bước chuyển từ truyền hình sang điện ảnh của cô.
Lisa, 29 tuổi, sinh ở Thái Lan, hoạt động chủ yếu ở Hàn Quốc trong nhóm Blackpink. Cô là nghệ sĩ châu Á có lượng người theo dõi, số bài viết nhận nhiều like nhất trênInstagram.Ca sĩ hiện là CEO của LLOUD - công ty do cô thành lập, hoạt động các lĩnh vực thời trang, điện ảnh, âm nhạc. Cô đang chuẩn bị tiếp tục chuyến lưu diễn Deadline World Tour.
Bên cạnh sự nghiệp, chuyện đời tư, phong cách của cô nhận chú ý của hàng triệu fan. Người đẹp được cho hẹn hò doanh nhânFrédéric Arnault- con trai tỷ phú Bernard Arnault. Cô cũng là người lăng xê nhiều xu hướng, trong đó có thú sưu tập đồ chơi nghệ thuật.
Họa Mi(theoVogue)"
https://vnexpress.net/lisa-mac-vay-xuyen-thau-toi-qua-cau-vang-2026-5004486.html,Lisa mặc váy xuyên thấu tới Quả Cầu Vàng 2026,MỹLisa nhóm Blackpink diện váy xuyên thấu khoe nét ngọt ngào trên thảm đỏ lễ trao giải điện ảnh Golden Globes lần thứ 83.,"Lisa là một trong những nghệ sĩ đảm nhận vai trò trao giải tại Quả Cầu Vàng năm nay. Cô xuất hiện trên thảm đỏ với bộ đầm làm từ voan mỏng trong suốt của Jacquemus, đeo vòng choker nhiều lớp bằng đá đen, làm nail kiểu Pháp. Ngôi sao trang điểm nhẹ với má hồng và son môi bóng, tập trung tôn làn da mịn.
White Lotus- bộ phim Lisa tham gia diễn xuất - được đề cử sáu giải Quả Cầu Vàng, gồm hạng mục Phim truyền hình chính kịch hay nhất. Nhân vật của cô trong phim tên là Mook, tiếng Thái nghĩa là ""ngọc trai"", làm nhân viên khu nghỉ dưỡng. Tháng 9, khi phỏng vấn với tạp chíAnOther, cô cho biết hy vọng được đóng phim nhiều hơn.
Tháng 12/2025, nhà sản xuất công bố Lisa đóng chính dự án hành độngTygo, thuộc loạt phimExtraction, hợp tác tài tử Ma Dong Seok và Lee Jin Wook. Nội dung xoay quanh giới tội phạm Hàn Quốc, ghi hình vào cuối năm 2025, đánh dấu bước chuyển từ truyền hình sang điện ảnh của cô.
Lisa, 29 tuổi, sinh ở Thái Lan, hoạt động chủ yếu ở Hàn Quốc trong nhóm Blackpink. Cô là nghệ sĩ châu Á có lượng người theo dõi, số bài viết nhận nhiều like nhất trênInstagram.Ca sĩ hiện là CEO của LLOUD - công ty do cô thành lập, hoạt động các lĩnh vực thời trang, điện ảnh, âm nhạc. Cô đang chuẩn bị tiếp tục chuyến lưu diễn Deadline World Tour.
Bên cạnh sự nghiệp, chuyện đời tư, phong cách của cô nhận chú ý của hàng triệu fan. Người đẹp được cho hẹn hò doanh nhânFrédéric Arnault- con trai tỷ phú Bernard Arnault. Cô cũng là người lăng xê nhiều xu hướng, trong đó có thú sưu tập đồ chơi nghệ thuật.
Họa Mi(theoVogue)"
https://vnexpress.net/10-my-nhan-mac-dep-nhat-qua-cau-vang-2026-5004573.html,10 mỹ nhân mặc đẹp nhất Quả Cầu Vàng 2026,"Emma Stone, Jennifer Lawrence được khen khi diện đầm xuyên thấu, hở eo trên thảm đỏ Quả Cầu Vàng năm nay.","TheoVogue,Emma Stonelà một trong những sao mặc đẹp nhất mùa giải điện ảnh năm nay. Cô chọn thiết kế của Louis Vuitton màu vàng nhạt, gồm crop top satin và chân váy dáng cột đính cườm tua rua. Đường nét đơn giản, sắc màu dịu nhẹ là điểm cộng của trang phục giúp cô sang trọng.
TheoVogue,Emma Stonelà một trong những sao mặc đẹp nhất mùa giải điện ảnh năm nay. Cô chọn thiết kế của Louis Vuitton màu vàng nhạt, gồm crop top satin và chân váy dáng cột đính cườm tua rua. Đường nét đơn giản, sắc màu dịu nhẹ là điểm cộng của trang phục giúp cô sang trọng.
Video:E!
Jennifer Lawrence gây ấn tượng bằng đầm đuôi cá xuyên thấu của Givenchy. Bộ váy cut-out cho thấy kỹ thuật thêu tay điêu luyện trên nền vải lưới trong suốt. Họa tiết hoa lá gợi nhớ mùa xuân, được xử lý trên bảng màu hồng pastel và xanh lá ombre.
Jennifer Lawrence gây ấn tượng bằng đầm đuôi cá xuyên thấu của Givenchy. Bộ váy cut-out cho thấy kỹ thuật thêu tay điêu luyện trên nền vải lưới trong suốt. Họa tiết hoa lá gợi nhớ mùa xuân, được xử lý trên bảng màu hồng pastel và xanh lá ombre.
Selena Gomezđặt Chanel thiết kế riêng bộ đầm nhung. Bộ váy trễ vai dáng cột là phong cách yêu thích của ca sĩ trong nhiều mùa gần đây. Thiết kế trang trí bằng lông vũ, lụa chiffon và organza, tốn 323 giờ thực hiện với khoảng 200 chi tiết thêu tay. Người đẹp phối đầm cùng giày cao gót đen và bông tai kim cương hình xoắn ốc của nhà mốt Pháp.
Selena Gomezđặt Chanel thiết kế riêng bộ đầm nhung. Bộ váy trễ vai dáng cột là phong cách yêu thích của ca sĩ trong nhiều mùa gần đây. Thiết kế trang trí bằng lông vũ, lụa chiffon và organza, tốn 323 giờ thực hiện với khoảng 200 chi tiết thêu tay. Người đẹp phối đầm cùng giày cao gót đen và bông tai kim cương hình xoắn ốc của nhà mốt Pháp.
Nhóm sao mặc đẹp còn cóTeyana Taylorvới đầm cut-out của Schiaparelli. Thiết kế bất đối xứng được thực hiện trên lụa satin cao cấp, được dựng phom tựa như mảnh vải quấn lên người. Phần thắt eo ở phía sau đính nơ pha lê, giúp bộ đầm thêm bắt mắt. Ở giải thưởng lần này, cô thắng hạng mục Nữ diễn viên phụ xuất sắc, ghi dấu mốc quan trọng trong sự nghiệp.
Nhóm sao mặc đẹp còn cóTeyana Taylorvới đầm cut-out của Schiaparelli. Thiết kế bất đối xứng được thực hiện trên lụa satin cao cấp, được dựng phom tựa như mảnh vải quấn lên người. Phần thắt eo ở phía sau đính nơ pha lê, giúp bộ đầm thêm bắt mắt. Ở giải thưởng lần này, cô thắng hạng mục Nữ diễn viên phụ xuất sắc, ghi dấu mốc quan trọng trong sự nghiệp.
Elle Fanning tôn đường cong với đầm Gucci, phối ăn ý vòng cổ kim cương.
Elle Fanning tôn đường cong với đầm Gucci, phối ăn ý vòng cổ kim cương.
Elle Fanning đến Quả Cầu Vàng 2026 cùng bạn trai Gus Wenner -giám đốc điều hành tạp chíRolling Stone. Video:eTalk
Amanda Seyfried tiếp tục trung thành với phong cách cổ điển khi diện đầm xếp nếp bất đối xứng của Versace.
Amanda Seyfried tiếp tục trung thành với phong cách cổ điển khi diện đầm xếp nếp bất đối xứng của Versace.
Diễn viên Eva Victor chọn đầm suông có cấu trúc lạ mắt của Loewe.
Diễn viên Eva Victor chọn đầm suông có cấu trúc lạ mắt của Loewe.
Kate Hudson tôn dáng nhờ đầm cổ yếm màu bạc của Armani.
Kate Hudson tôn dáng nhờ đầm cổ yếm màu bạc của Armani.
Jenna Ortega trong bộ đầm hở lườn của Dilara Findikoglu. Thiết kế phá cách với bờ vai tua rua, đường cắt vuông vức ở giữa thể hiện phong cách gothic mạnh mẽ, nhưng không làm mất đi vẻ nữ tính của người mặc.
Jenna Ortega trong bộ đầm hở lườn của Dilara Findikoglu. Thiết kế phá cách với bờ vai tua rua, đường cắt vuông vức ở giữa thể hiện phong cách gothic mạnh mẽ, nhưng không làm mất đi vẻ nữ tính của người mặc.
Amal Clooney ghi điểm bằng váy Balmain màu đỏ có cổ hình trái tim. Cô tô điểm bằng đôi bông tai kim cương Cartier và vòng tay vàng trắng 18k.
Amal Clooney ghi điểm bằng váy Balmain màu đỏ có cổ hình trái tim. Cô tô điểm bằng đôi bông tai kim cương Cartier và vòng tay vàng trắng 18k.
Sao MaiẢnh:AFP"
https://vnexpress.net/nghe-si-nhieu-the-he-chuc-sinh-nhat-nhac-si-pham-tuyen-5004364.html,Nghệ sĩ nhiều thế hệ chúc sinh nhật nhạc sĩ Phạm Tuyên,"Hà NộiNghệ sĩ Hồng Kỳ, bé Xệ Xệ và nhiều thế hệ ca sĩ hát trong buổi kỷ niệm sinh nhật tuổi 96 của nhạc sĩ Phạm Tuyên.","Chiều 11/1, khoảng 300 người vừa cất tiếng hát, vừa chia sẻ những câu chuyện với nhạc sĩ trong buổi gặp mang tênƯớc vọng mùa xuân.Diễn viên Hồng Kỳ thể hiệnTự hào là em các anh -ca khúc ông và NSND Như Quỳnh biểu diễn từ năm bảy tuổi. Hồng Kỳ cho biết khi đó họ được chính nhạc sĩ Phạm Tuyên dạy hát để thu âm cho Đài Tiếng nói Việt Nam. Năm 1968, khi phong trào chống Mỹ cứu nước dâng cao, nhạc sĩ viết bài hát gửi gắm tình cảm trong trẻo của thiếu nhi tới những người lính nơi tiền tuyến.
Các đội viên Câu lạc bộ Thiếu nhi Hà Nội, tốp ca Bông Cúc - những gương mặt đầu tiên hát trong chương trình Bông hoa nhỏ - hòa giọngTiến lên đoàn viên,Trăng ơi từ đâu đến. Những giọng ca nhí ngày nào nay đã ngoài 70 tuổi, mái tóc điểm bạc. Nhưng khi giai điệu vang lên, họ lại hát say mê, hồn nhiên như thuở còn đứng trên sân khấu tuổi thơ năm nào.
Bên cạnh những giọng ca của thế hệ cũ, nhiều ca sĩ nhí như Jayden Trịnh (Vietnam Idol Kids), Xệ Xệ - Em bé Chất - góp mặt, thể hiện các ca khúc của nhạc sĩ với hơi thở hiện đại. Jayden đàn guitar, phối lại bàiTiếng chuông và ngọn cờ.Xệ Xệ, 8 tuổi, rapTrường chúng cháu là trường mầm non. Tiết mục của cậu bé khuấy động không khí, được khán giả trong hội trường vỗ tay hưởng ứng.
Ngồi trên xe lăn, nhạc sĩ Phạm Tuyên chăm chú lắng nghe các tác phẩm của mình. Có lúc, môi ông mấp máy, hòa mình vào những lời ca đã theo ông suốt cả cuộc đời. Căn bệnh hen đeo bám nhiều năm khiến ông không thể trò chuyện. Nhưng trước những lời chào thân quen, ông vẫn mỉm cười, đưa tay đáp lại.
Thấy bố xúc động, con gái - nhà báo Hồng Tuyến - động viên ông nói vài câu. Nhạc sĩ nén cơn ho, dồn hơi nói: ""Tôi rất cảm động vì mọi người vẫn nhớ đến tôi. Xin cảm ơn"". Chị Tuyến tiếp lời nhạc sĩ: ""Giờ tôi và bố chỉ còn giao tiếp với nhau bằng ánh mắt và nụ cười. Đây là câu dài nhất ông nói trong mấy năm qua"".
Chị Tuyến cho biết do sức khỏe nhạc sĩ suy giảm, vài năm nay, sinh nhật ông chỉ tổ chức trong phạm vi gia đình. Thế nhưng năm 2025, ông đón nhiều niềm vui nhưnhận giảiHiệp sĩ Dế Mèn, bàiNhư có Bác trong ngày đại thắngvào danh sách 50 ca khúc tiêu biểu của đất nước. Vì thế, người nhà, bạn bè muốn tổ chức buổi lễ lớn hơn. Con gái ông mượn hội trường Hội Nhà văn Việt Nam, mời nhiều người từng gắn bó nhạc sĩ đến dự.
Là người lên ý tưởng buổi kỷ niệm, nhà báo Hồng Tuyến tất bật sắp xếp chương trình, liên hệ khách mời, xây dựng kịch bản đến in ấn tư liệu. Chị vừa quán xuyến công việc, vừa ngồi đệm nhạc cho nhiều tiết mục. Đến phần tặng bánh, chị không hátHappy Birthdaymà bắt nhịp để mọi người cùng hátChiếc đèn ông sao- ca khúc quen thuộc của cha mình.
Với chị Hồng Tuyến, âm nhạc của bố lớn lên theo từng dấu mốc tuổi thơ. Từ những câu chuyện của con, ông viếtTrường chúng cháu là trường mầm non, Chúng em là học sinh lớp một, Tiễn thầy đi bộ đội.Dù không biết tiếng Nga, nhạc sĩ Phạm Tuyên đặt lời Việt cho nhiều ca khúc Nga nổi tiếng. Hai con gái ông - Hồng Tuyến và Thanh Tuyền - đều từng học tập tại Liên Xô (cũ), trở thành ""cầu nối ngôn ngữ"", chuyển tải nội dung để ông sáng tạo ca từ. Bài hátTheo cánh đu bay, ban đầu chị Tuyến dịch theo nghĩa gốc cho ông làChiếc đu có cánh. Sau này, ông đặt lời nhiều bài nhạc Nga nổi tiếng nhưNụ cười, Kachiusa.
Dự buổi gặp, nhiều người bạn thân thiết của nhạc sĩ không giấu được xúc động. Nhà thơ Bùi Văn Dung, 85 tuổi, nhắn gửi: ""Ông là người anh tôi yêu quý, là tấm gương để tôi noi theo. Anh sống giản dị, hết lòng vì mọi người và vì âm nhạc. Tôi không biết nói gì hơn ngoài lời chúc anh thật nhiều sức khỏe"". Nhà văn Lê Phương Liên nhớ lại năm 1993, chính nhạc sĩ Phạm Tuyên là người đặt lời Việt cho các ca khúc tiếng Nhật trong nhạc phimDoraemon, trong đó quen thuộc nhất là câu: ""Bạn thân ơi, vui quá là vui! Bao ước mơ mình vẫn đi tìm"". Bà bày tỏ biết ơn trước những lời ca đẹp đẽ của ông - những giai điệu đã ở lại bền bỉ với thời gian và ký ức nhiều thế hệ.
Nhạc sĩ Phạm Tuyên là một trong những tên tuổi lớn của nền âm nhạc Việt Nam hiện đại. Trong sự nghiệp sáng tác đồ sộ kéo dài hơn nửa thế kỷ, ông đã để lại dấu ấn sâu đậm ở nhiều thể loại, nổi bật với các ca khúc thiếu nhi. Với nét nhạc trong sáng, ca từ dễ nhớ, gần gũi đời sống và tâm hồn trẻ thơ, các ca khúc của ông nhưChiếc đèn ông sao, Cánh én tuổi thơ, Cả tuần đều ngoanđã trở thành những bài hát thiếu nhi kinh điển."
https://vnexpress.net/phong-do-quach-ngoc-ngoan-sau-20-nam-vao-nghe-5002541.html,Phong độ Quách Ngọc Ngoan sau 20 năm vào nghề,"Đạo diễn Victor Vũ đánh giá Quách Ngọc Ngoan là một trong những gương mặt nam tính nhất của màn ảnh Việt, khi mời đóng ""Người bất tử"".","Diễn viên 42 tuổi đóng phản diện chính trongThiên đường máu(đạo diễn Hoàng Tuấn Cường) - phim xoay quanh cạm bẫy việc nhẹ lương cao. Sau 10 ngày ra rạp, dự án đạt 100 tỷ đồng, trở thành phim đầu tiên của Quách Ngọc Ngoan cán mốc doanh thu này.
Dù kịch bản mắc lỗ hổng, vai diễn của anh - Phú, quản lý cấp cao một trại lừa đảo - gây chú ý với khán giả. Diễn viên thể hiện nét lạnh lùng, tàn bạo cùng góc khuất nội tâm bởi quá khứ nhiều tổn thương. Một số video hậu trường của anh được quan tâm, thu hút hàng triệu lượt xem.
Diễn viên 42 tuổi đóng phản diện chính trongThiên đường máu(đạo diễn Hoàng Tuấn Cường) - phim xoay quanh cạm bẫy việc nhẹ lương cao. Sau 10 ngày ra rạp, dự án đạt 100 tỷ đồng, trở thành phim đầu tiên của Quách Ngọc Ngoan cán mốc doanh thu này.
Dù kịch bản mắc lỗ hổng, vai diễn của anh - Phú, quản lý cấp cao một trại lừa đảo - gây chú ý với khán giả. Diễn viên thể hiện nét lạnh lùng, tàn bạo cùng góc khuất nội tâm bởi quá khứ nhiều tổn thương. Một số video hậu trường của anh được quan tâm, thu hút hàng triệu lượt xem.
Quách Ngọc Ngoan trong cảnh thao túng tâm lý, ép nạn nhân đi lừa đảo. Video:Đoàn phim cung cấp
Vào nghề từ cuối thập niên 2000, trước khi đóng phim, anh từng đoạt giải bạc Siêu mẫu Việt Nam 2008. Quách Ngọc Ngoan có vai điện ảnh đầu tiên - thi hào Nguyễn Du, đóng cùng Nhật Kim Anh - vai kỹ nữ nổi danh kinh thành Thăng Long, trong phimLong thành cầm giả ca(đạo diễn Đào Bá Sơn), ra mắt năm 2010. Tác phẩm mang về cho anh giảiNam diễn viên chínhxuất sắctại Liên hoan phim Việt Nam lần thứ 17.
Vào nghề từ cuối thập niên 2000, trước khi đóng phim, anh từng đoạt giải bạc Siêu mẫu Việt Nam 2008. Quách Ngọc Ngoan có vai điện ảnh đầu tiên - thi hào Nguyễn Du, đóng cùng Nhật Kim Anh - vai kỹ nữ nổi danh kinh thành Thăng Long, trong phimLong thành cầm giả ca(đạo diễn Đào Bá Sơn), ra mắt năm 2010. Tác phẩm mang về cho anh giảiNam diễn viên chínhxuất sắctại Liên hoan phim Việt Nam lần thứ 17.
Cùng năm, anh hóa thân thành nhân vật Lý Công Uẩn trongKhát vọng Thăng Long(đạo diễn Lưu Trọng Ninh). Diễn viên khắc họa tinh thần kiên cường của tướng quân khi xả thân trên chiến trận, và tình yêu sâu đậm với ca nữ Dạ Hương.Tác phẩm nhận nhiều lời khen về bối cảnh, phục trang cùng chất hành động (do Johnny Trí Nguyễn làm đạo diễn võ thuật), được gửi đi dự Oscar 2012 ở hạng mụcPhim quốc tế xuất sắc.
Cùng năm, anh hóa thân thành nhân vật Lý Công Uẩn trongKhát vọng Thăng Long(đạo diễn Lưu Trọng Ninh). Diễn viên khắc họa tinh thần kiên cường của tướng quân khi xả thân trên chiến trận, và tình yêu sâu đậm với ca nữ Dạ Hương.Tác phẩm nhận nhiều lời khen về bối cảnh, phục trang cùng chất hành động (do Johnny Trí Nguyễn làm đạo diễn võ thuật), được gửi đi dự Oscar 2012 ở hạng mụcPhim quốc tế xuất sắc.
Đầu những năm 2010 là thời kỳ hoạt động năng nổ của Quách Ngọc Ngoan, từ truyền hình đến điện ảnh. Năm 2014, vai chính trong phimHiệp sĩ mù(đạo diễn Lưu Huỳnh) giúp anh đoạt giải Mai Vàng dành choNam diễn viên xuất sắc.Hai năm sau, anh vào ""mắt xanh"" của Victor Vũ nhờ nét đẹp nam tính, được mời đóng phản diện trongLôi Báo- phim về đề tài siêu anh hùng. Đóng một giang hồ có võ công thượng thừa, anh gây ấn tượng với tạo hình hợp vai, cách tung đòn giàu sức mạnh.
Đầu những năm 2010 là thời kỳ hoạt động năng nổ của Quách Ngọc Ngoan, từ truyền hình đến điện ảnh. Năm 2014, vai chính trong phimHiệp sĩ mù(đạo diễn Lưu Huỳnh) giúp anh đoạt giải Mai Vàng dành choNam diễn viên xuất sắc.Hai năm sau, anh vào ""mắt xanh"" của Victor Vũ nhờ nét đẹp nam tính, được mời đóng phản diện trongLôi Báo- phim về đề tài siêu anh hùng. Đóng một giang hồ có võ công thượng thừa, anh gây ấn tượng với tạo hình hợp vai, cách tung đòn giàu sức mạnh.
Năm 2018 đánh dấu thời điểm rực rỡ trong sự nghiệp Quách Ngọc Ngoan, với vai chính trongNgười bất tử- phim giả tưởng, ly kỳ của Victor Vũ. Anh đóng Hùng, người đàn ông sống qua ba thế kỷ, từng bị sát hại nhưng may mắn được cứu sống, sau đó luyện bùa ngải để trường thọ.
Năm 2018 đánh dấu thời điểm rực rỡ trong sự nghiệp Quách Ngọc Ngoan, với vai chính trongNgười bất tử- phim giả tưởng, ly kỳ của Victor Vũ. Anh đóng Hùng, người đàn ông sống qua ba thế kỷ, từng bị sát hại nhưng may mắn được cứu sống, sau đó luyện bùa ngải để trường thọ.
Quách Ngọc Ngoan trong phimNgười bất tử. Video:Đoàn phim cung cấp
Diễn viên ghi dấu với lối nhập vai đa dạng, pha trộn sắc thái đối lập giữa nét chân chất và vẻ thâm hiểm, bị giằng xé tâm lý thiện - ác. Victor Vũ đánh giá trên trường quay, Quách Ngọc Ngoan xả thân vì vai diễn. Có lúc, anh chịu lạnh vì phải nằm trên biển giữa trời gió to, hoặc phơi mình dưới nắng sa mạc, tự thực hiện nhiều cảnh nguy hiểm.
Diễn viên ghi dấu với lối nhập vai đa dạng, pha trộn sắc thái đối lập giữa nét chân chất và vẻ thâm hiểm, bị giằng xé tâm lý thiện - ác. Victor Vũ đánh giá trên trường quay, Quách Ngọc Ngoan xả thân vì vai diễn. Có lúc, anh chịu lạnh vì phải nằm trên biển giữa trời gió to, hoặc phơi mình dưới nắng sa mạc, tự thực hiện nhiều cảnh nguy hiểm.
Quách Ngọc Ngoan đóng A Dìn - giang hồ trong web dramaHùng long phong bánăm 2024.Anh giảm gần 10 kg, tập luyện cùng nhóm cascadeur để tự đóng các pha hành động.SauNgười bất tử, một thời gian dài, Quách Ngọc Ngoan rút khỏi làng phim vì mất nhiệt huyết với diễn xuất. Năm 2023, anh vỡ nợ vì kinh doanh thất bại, không còn khả năng chi trả các khoản vay, từ đó sống kín tiếng, hạn chế xuất hiện ở các sự kiện giải trí.
Quách Ngọc Ngoan đóng A Dìn - giang hồ trong web dramaHùng long phong bánăm 2024.Anh giảm gần 10 kg, tập luyện cùng nhóm cascadeur để tự đóng các pha hành động.SauNgười bất tử, một thời gian dài, Quách Ngọc Ngoan rút khỏi làng phim vì mất nhiệt huyết với diễn xuất. Năm 2023, anh vỡ nợ vì kinh doanh thất bại, không còn khả năng chi trả các khoản vay, từ đó sống kín tiếng, hạn chế xuất hiện ở các sự kiện giải trí.
Cuối năm 2025, anh trở lại màn ảnh rộng trong phimTrái tim què quặt(đạo diễn Quốc Công), đóng cặp Xuân Văn - diễn viênTử chiến trên không. Nhân vật của anh là một họa sĩ nổi tiếng phát hiện em trai liên quan đến một vụ giết người. Dù được đánh giá cao về ngôn ngữ điện ảnh, phim kém thu hút trên phòng vé.
Cuối năm 2025, anh trở lại màn ảnh rộng trong phimTrái tim què quặt(đạo diễn Quốc Công), đóng cặp Xuân Văn - diễn viênTử chiến trên không. Nhân vật của anh là một họa sĩ nổi tiếng phát hiện em trai liên quan đến một vụ giết người. Dù được đánh giá cao về ngôn ngữ điện ảnh, phim kém thu hút trên phòng vé.
Quách Ngọc Ngoan bên nghệ sĩ Kim Xuân (giữa) và đạo diễn Lê Thanh Sơn. SauThiên đường máu, Quách Ngọc Ngoan vào vai ông Thiên - kẻ gây ra nỗi đau cho Ngọc (Phương Anh Đào), một người mẹ đơn thân, trong phimBáu vật trời cho- chiếu rạp dịp Tết Bính Ngọ.
Quách Ngọc Ngoan bên nghệ sĩ Kim Xuân (giữa) và đạo diễn Lê Thanh Sơn. SauThiên đường máu, Quách Ngọc Ngoan vào vai ông Thiên - kẻ gây ra nỗi đau cho Ngọc (Phương Anh Đào), một người mẹ đơn thân, trong phimBáu vật trời cho- chiếu rạp dịp Tết Bính Ngọ.
Quách Ngọc Ngoan (0:36) trong teaser phimBáu vật trời cho. Video:Đoàn phim cung cấp
Năm nay, anh hoạt động sôi nổi hơn, liên tiếp xuất hiện trong bốn phim điện ảnh. Diễn viên còn được Johnny Trí Nguyễn ""chọn mặt gửi vàng"" với vai Tả tướng quân củaHộ linh tráng sĩ -phim huyền sử về vua Đinh Tiên Hoàng, một trong những dự án lớn nhất năm.""Thời gian qua, tôi tập luyện thể lực, giữ cho bản thân trạng thái tích cực để sẵn sàng trở lại công việc, chinh phục các vai khó"", Quách Ngọc Ngoan nói.
Năm nay, anh hoạt động sôi nổi hơn, liên tiếp xuất hiện trong bốn phim điện ảnh. Diễn viên còn được Johnny Trí Nguyễn ""chọn mặt gửi vàng"" với vai Tả tướng quân củaHộ linh tráng sĩ -phim huyền sử về vua Đinh Tiên Hoàng, một trong những dự án lớn nhất năm.""Thời gian qua, tôi tập luyện thể lực, giữ cho bản thân trạng thái tích cực để sẵn sàng trở lại công việc, chinh phục các vai khó"", Quách Ngọc Ngoan nói.
Tam KỳẢnh:Nhân vật cung cấp"
https://vnexpress.net/phong-do-quach-ngoc-ngoan-sau-20-nam-vao-nghe-5002541.html#box_comment_vne,Phong độ Quách Ngọc Ngoan sau 20 năm vào nghề,"Đạo diễn Victor Vũ đánh giá Quách Ngọc Ngoan là một trong những gương mặt nam tính nhất của màn ảnh Việt, khi mời đóng ""Người bất tử"".","Diễn viên 42 tuổi đóng phản diện chính trongThiên đường máu(đạo diễn Hoàng Tuấn Cường) - phim xoay quanh cạm bẫy việc nhẹ lương cao. Sau 10 ngày ra rạp, dự án đạt 100 tỷ đồng, trở thành phim đầu tiên của Quách Ngọc Ngoan cán mốc doanh thu này.
Dù kịch bản mắc lỗ hổng, vai diễn của anh - Phú, quản lý cấp cao một trại lừa đảo - gây chú ý với khán giả. Diễn viên thể hiện nét lạnh lùng, tàn bạo cùng góc khuất nội tâm bởi quá khứ nhiều tổn thương. Một số video hậu trường của anh được quan tâm, thu hút hàng triệu lượt xem.
Diễn viên 42 tuổi đóng phản diện chính trongThiên đường máu(đạo diễn Hoàng Tuấn Cường) - phim xoay quanh cạm bẫy việc nhẹ lương cao. Sau 10 ngày ra rạp, dự án đạt 100 tỷ đồng, trở thành phim đầu tiên của Quách Ngọc Ngoan cán mốc doanh thu này.
Dù kịch bản mắc lỗ hổng, vai diễn của anh - Phú, quản lý cấp cao một trại lừa đảo - gây chú ý với khán giả. Diễn viên thể hiện nét lạnh lùng, tàn bạo cùng góc khuất nội tâm bởi quá khứ nhiều tổn thương. Một số video hậu trường của anh được quan tâm, thu hút hàng triệu lượt xem.
Quách Ngọc Ngoan trong cảnh thao túng tâm lý, ép nạn nhân đi lừa đảo. Video:Đoàn phim cung cấp
Vào nghề từ cuối thập niên 2000, trước khi đóng phim, anh từng đoạt giải bạc Siêu mẫu Việt Nam 2008. Quách Ngọc Ngoan có vai điện ảnh đầu tiên - thi hào Nguyễn Du, đóng cùng Nhật Kim Anh - vai kỹ nữ nổi danh kinh thành Thăng Long, trong phimLong thành cầm giả ca(đạo diễn Đào Bá Sơn), ra mắt năm 2010. Tác phẩm mang về cho anh giảiNam diễn viên chínhxuất sắctại Liên hoan phim Việt Nam lần thứ 17.
Vào nghề từ cuối thập niên 2000, trước khi đóng phim, anh từng đoạt giải bạc Siêu mẫu Việt Nam 2008. Quách Ngọc Ngoan có vai điện ảnh đầu tiên - thi hào Nguyễn Du, đóng cùng Nhật Kim Anh - vai kỹ nữ nổi danh kinh thành Thăng Long, trong phimLong thành cầm giả ca(đạo diễn Đào Bá Sơn), ra mắt năm 2010. Tác phẩm mang về cho anh giảiNam diễn viên chínhxuất sắctại Liên hoan phim Việt Nam lần thứ 17.
Cùng năm, anh hóa thân thành nhân vật Lý Công Uẩn trongKhát vọng Thăng Long(đạo diễn Lưu Trọng Ninh). Diễn viên khắc họa tinh thần kiên cường của tướng quân khi xả thân trên chiến trận, và tình yêu sâu đậm với ca nữ Dạ Hương.Tác phẩm nhận nhiều lời khen về bối cảnh, phục trang cùng chất hành động (do Johnny Trí Nguyễn làm đạo diễn võ thuật), được gửi đi dự Oscar 2012 ở hạng mụcPhim quốc tế xuất sắc.
Cùng năm, anh hóa thân thành nhân vật Lý Công Uẩn trongKhát vọng Thăng Long(đạo diễn Lưu Trọng Ninh). Diễn viên khắc họa tinh thần kiên cường của tướng quân khi xả thân trên chiến trận, và tình yêu sâu đậm với ca nữ Dạ Hương.Tác phẩm nhận nhiều lời khen về bối cảnh, phục trang cùng chất hành động (do Johnny Trí Nguyễn làm đạo diễn võ thuật), được gửi đi dự Oscar 2012 ở hạng mụcPhim quốc tế xuất sắc.
Đầu những năm 2010 là thời kỳ hoạt động năng nổ của Quách Ngọc Ngoan, từ truyền hình đến điện ảnh. Năm 2014, vai chính trong phimHiệp sĩ mù(đạo diễn Lưu Huỳnh) giúp anh đoạt giải Mai Vàng dành choNam diễn viên xuất sắc.Hai năm sau, anh vào ""mắt xanh"" của Victor Vũ nhờ nét đẹp nam tính, được mời đóng phản diện trongLôi Báo- phim về đề tài siêu anh hùng. Đóng một giang hồ có võ công thượng thừa, anh gây ấn tượng với tạo hình hợp vai, cách tung đòn giàu sức mạnh.
Đầu những năm 2010 là thời kỳ hoạt động năng nổ của Quách Ngọc Ngoan, từ truyền hình đến điện ảnh. Năm 2014, vai chính trong phimHiệp sĩ mù(đạo diễn Lưu Huỳnh) giúp anh đoạt giải Mai Vàng dành choNam diễn viên xuất sắc.Hai năm sau, anh vào ""mắt xanh"" của Victor Vũ nhờ nét đẹp nam tính, được mời đóng phản diện trongLôi Báo- phim về đề tài siêu anh hùng. Đóng một giang hồ có võ công thượng thừa, anh gây ấn tượng với tạo hình hợp vai, cách tung đòn giàu sức mạnh.
Năm 2018 đánh dấu thời điểm rực rỡ trong sự nghiệp Quách Ngọc Ngoan, với vai chính trongNgười bất tử- phim giả tưởng, ly kỳ của Victor Vũ. Anh đóng Hùng, người đàn ông sống qua ba thế kỷ, từng bị sát hại nhưng may mắn được cứu sống, sau đó luyện bùa ngải để trường thọ.
Năm 2018 đánh dấu thời điểm rực rỡ trong sự nghiệp Quách Ngọc Ngoan, với vai chính trongNgười bất tử- phim giả tưởng, ly kỳ của Victor Vũ. Anh đóng Hùng, người đàn ông sống qua ba thế kỷ, từng bị sát hại nhưng may mắn được cứu sống, sau đó luyện bùa ngải để trường thọ.
Quách Ngọc Ngoan trong phimNgười bất tử. Video:Đoàn phim cung cấp
Diễn viên ghi dấu với lối nhập vai đa dạng, pha trộn sắc thái đối lập giữa nét chân chất và vẻ thâm hiểm, bị giằng xé tâm lý thiện - ác. Victor Vũ đánh giá trên trường quay, Quách Ngọc Ngoan xả thân vì vai diễn. Có lúc, anh chịu lạnh vì phải nằm trên biển giữa trời gió to, hoặc phơi mình dưới nắng sa mạc, tự thực hiện nhiều cảnh nguy hiểm.
Diễn viên ghi dấu với lối nhập vai đa dạng, pha trộn sắc thái đối lập giữa nét chân chất và vẻ thâm hiểm, bị giằng xé tâm lý thiện - ác. Victor Vũ đánh giá trên trường quay, Quách Ngọc Ngoan xả thân vì vai diễn. Có lúc, anh chịu lạnh vì phải nằm trên biển giữa trời gió to, hoặc phơi mình dưới nắng sa mạc, tự thực hiện nhiều cảnh nguy hiểm.
Quách Ngọc Ngoan đóng A Dìn - giang hồ trong web dramaHùng long phong bánăm 2024.Anh giảm gần 10 kg, tập luyện cùng nhóm cascadeur để tự đóng các pha hành động.SauNgười bất tử, một thời gian dài, Quách Ngọc Ngoan rút khỏi làng phim vì mất nhiệt huyết với diễn xuất. Năm 2023, anh vỡ nợ vì kinh doanh thất bại, không còn khả năng chi trả các khoản vay, từ đó sống kín tiếng, hạn chế xuất hiện ở các sự kiện giải trí.
Quách Ngọc Ngoan đóng A Dìn - giang hồ trong web dramaHùng long phong bánăm 2024.Anh giảm gần 10 kg, tập luyện cùng nhóm cascadeur để tự đóng các pha hành động.SauNgười bất tử, một thời gian dài, Quách Ngọc Ngoan rút khỏi làng phim vì mất nhiệt huyết với diễn xuất. Năm 2023, anh vỡ nợ vì kinh doanh thất bại, không còn khả năng chi trả các khoản vay, từ đó sống kín tiếng, hạn chế xuất hiện ở các sự kiện giải trí.
Cuối năm 2025, anh trở lại màn ảnh rộng trong phimTrái tim què quặt(đạo diễn Quốc Công), đóng cặp Xuân Văn - diễn viênTử chiến trên không. Nhân vật của anh là một họa sĩ nổi tiếng phát hiện em trai liên quan đến một vụ giết người. Dù được đánh giá cao về ngôn ngữ điện ảnh, phim kém thu hút trên phòng vé.
Cuối năm 2025, anh trở lại màn ảnh rộng trong phimTrái tim què quặt(đạo diễn Quốc Công), đóng cặp Xuân Văn - diễn viênTử chiến trên không. Nhân vật của anh là một họa sĩ nổi tiếng phát hiện em trai liên quan đến một vụ giết người. Dù được đánh giá cao về ngôn ngữ điện ảnh, phim kém thu hút trên phòng vé.
Quách Ngọc Ngoan bên nghệ sĩ Kim Xuân (giữa) và đạo diễn Lê Thanh Sơn. SauThiên đường máu, Quách Ngọc Ngoan vào vai ông Thiên - kẻ gây ra nỗi đau cho Ngọc (Phương Anh Đào), một người mẹ đơn thân, trong phimBáu vật trời cho- chiếu rạp dịp Tết Bính Ngọ.
Quách Ngọc Ngoan bên nghệ sĩ Kim Xuân (giữa) và đạo diễn Lê Thanh Sơn. SauThiên đường máu, Quách Ngọc Ngoan vào vai ông Thiên - kẻ gây ra nỗi đau cho Ngọc (Phương Anh Đào), một người mẹ đơn thân, trong phimBáu vật trời cho- chiếu rạp dịp Tết Bính Ngọ.
Quách Ngọc Ngoan (0:36) trong teaser phimBáu vật trời cho. Video:Đoàn phim cung cấp
Năm nay, anh hoạt động sôi nổi hơn, liên tiếp xuất hiện trong bốn phim điện ảnh. Diễn viên còn được Johnny Trí Nguyễn ""chọn mặt gửi vàng"" với vai Tả tướng quân củaHộ linh tráng sĩ -phim huyền sử về vua Đinh Tiên Hoàng, một trong những dự án lớn nhất năm.""Thời gian qua, tôi tập luyện thể lực, giữ cho bản thân trạng thái tích cực để sẵn sàng trở lại công việc, chinh phục các vai khó"", Quách Ngọc Ngoan nói.
Năm nay, anh hoạt động sôi nổi hơn, liên tiếp xuất hiện trong bốn phim điện ảnh. Diễn viên còn được Johnny Trí Nguyễn ""chọn mặt gửi vàng"" với vai Tả tướng quân củaHộ linh tráng sĩ -phim huyền sử về vua Đinh Tiên Hoàng, một trong những dự án lớn nhất năm.""Thời gian qua, tôi tập luyện thể lực, giữ cho bản thân trạng thái tích cực để sẵn sàng trở lại công việc, chinh phục các vai khó"", Quách Ngọc Ngoan nói.
Tam KỳẢnh:Nhân vật cung cấp"
https://vnexpress.net/one-battle-after-another-dai-thang-qua-cau-vang-5004503.html,'One Battle After Another' đại thắng Quả Cầu Vàng,"Mỹ""One Battle After Another"" - tác phẩm có Leonardo DiCaprio đóng chính - thắng bốn giải Quả Cầu Vàng, trong đó có Phim hay nhất.","Tác phẩm giành chiến thắng ở hạng mục Phim hay nhất thể loại hài/nhạc kịch, Đạo diễn xuất sắc, Kịch bản xuất sắc cho nhà làm phim Paul Thomas Anderson và Nữ phụ xuất sắc (Teyana Taylor), tại lễ trao giải tối 11/1 giờ Los Angeles (sáng 12/1 giờ Hà Nội). Trên sân khấu, Anderson cho biết niềm đam mê điện ảnh khiến ông xem mọi thành tựu đạt được là niềm vui. Ông còn dành lời tưởng nhớ tới Adam Somner, trợ lý đạo diễn của bộ phim, qua đời tháng 11/2024.
Tác phẩm có kinh phí khoảng 130 triệu USD, xoay quanh thành viên nhóm cách mạng Bob Ferguson (Leonardo DiCaprio thủ vai), đối mặt nhiều vấn đề trong quá khứ trong khi tìm con gái bị bắt cóc. Bộ phim sử dụng giọng điệu mỉa mai và nhịp kể dồn dập để phản ánh bối cảnh chính trị đương thời, xu hướng chuyên quyền, tham nhũng và cách chính quyền đối xử với người nhập cư. TrangDeep Focus Reviewviết: ""Với thời lượng dài và dàn diễn viên ấn tượng,One Battle After Anothermang dáng dấp sử thi nhưng vẫn có nét cá nhân của đạo diễn khi khai thác bối cảnh nước Mỹ cùng những mất mát"".
Trước đó, phim dẫn đầu với chín đề cử, là ứng viên tiềm năng trong mùa giải thưởng khi liên tiếp vào danh sáchphim hay nhất năm 2025, do các hiệp hội phê bình phim New York, Los Angeles, Hội đồng Phê bình Quốc gia Mỹ bình chọn. Tác phẩm cũng thắng Gotham Awards 2025 và Critics' Choice Awards 2026. Với chiến thắng ở Quả Cầu Vàng, tác phẩm củng cố vị thế dẫn đầu đường đua Oscar, khả năng giành nhiều đề cử quan trọng - gồm Phim xuất sắc - tại lễ trao giải Viện Hàn lâm, sẽ diễn ra vào tháng 3.
Sau Critics' Choice Awards 2026 hôm 4/1, Leonardo DiCaprio tiếp tục vuột mất giải Nam chính xuất sắc, dù màn trình diễn của anh trong phim nhận nhiều lời khen từ giới chuyên môn.
Hạng mục Phim hay nhất thể loại chính kịch thuộc vềHamnet, do Chlóe Zhao đạo diễn, Steven Spielberg và Sam Mendes sản xuất. Nội dung chuyển thể từ tiểu thuyết của Maggie O'Farrell, xoay quanh William Shakespeare và vợ ông - Agnes (tên thật là Anne Hathaway), sau khi con trai Hamnet qua đời vì bệnh. Màn thể hiện vai Agnes giúp diễn viên Jessie Buckley giành Quả Cầu Vàng đầu tiên trong sự nghiệp. TheoVariety, diễn xuất của cô được giới phê bình đánh giá cao, là một trong những điểm sáng nổi bật của mùa giải.
Giải Nam chính xuất sắc trong phim hài/nhạc kịch gọi tên Timothée Chalamet với vai diễn trongMarty Supreme, là lần đầu anh đoạt Quả Cầu Vàng. Trước đó, Chalamet bốn lần được đề cử với các phimCall Me by Your Name,Beautiful Boy,WonkavàA Complete Unknownnhưng không chiến thắng. Trên sân khấu, anh cho biết những lần về tay trắng khiến giây phút lần này trở nên ý nghĩa.
Marty Supremedo Josh Safdie đạo diễn, kể về quá trình Marty Mauser theo đuổi giấc mơ trở thành nhà vô địch bóng bàn. Ngoài vai diễn, Chalamet gây chú ý với chiến dịch quảng bá sáng tạo cho bộ phim, như việc tặng áo khoác phong cách thập niên 1950 cho bạn bè, leo lên đỉnh nhà hát Sphere tại Las Vegas. Trong một số cuộc phỏng vấn, anh cho biết muốn giành giải Oscar cho vai diễn mới.
Stellan Skarsgard thắng Nam diễn viên phụ xuất sắc với vai diễn trongSentimental Value. Bộ phim do Joachim Trier đạo diễn, có sự tham gia của Renate Reinsve và Elle Fanning, kể về một đạo diễn chuẩn bị dự án mới đồng thời tìm cách hàn gắn quan hệ với các con. Ông từng đoạt Quả Cầu Vàng với seriesChernobyl.
Ở mảng truyền hình,Adolescencecủa Netflix là tác phẩm thắng nhiều nhất với bốn giải thưởng. Nhà sáng tạo kiêm diễn viên Stephen Graham giành Nam diễn viên chính xuất sắc cho series giới hạn, Erin Doherty được trao Nữ phụ xuất sắc và Owen Cooper, 17 tuổi, là người trẻ nhất giành Quả Cầu Vàng hạng mục Nam phụ xuất sắc.
Trong bài phát biểu, Cooper nói biết ơn với gia đình, nói về quá trình theo đuổi diễn xuất từ nhỏ. Anh cho biết không ngừng học hỏi các diễn viên đi trước để hoàn thiện kỹ năng và trưởng thành hơn trong sự nghiệp. Trước đó, Cooper trở thành nam diễn viên trẻ nhất đoạt giải Emmy.
Phim truyền hình chính kịch xuất sắc năm nay làThe Pitt, theo chân đội ngũ bác sĩ tại khoa cấp cứu bệnh viện Pittsburgh, mô tả áp lực nghề nghiệp, những khủng hoảng cá nhân và tình trạng thiếu hụt nhân lực. Tác phẩm còn mang về cho Noah Wyle giải Nam chính xuất sắc.
Minh tinh Rhea Seehorn - từng nổi tiếng qua seriesBetter Call Saul- được gọi tên ở hạng mục Nữ chính xuất sắc phim truyền hình chính kịch, với vai Carol Sturka trongPluribus, đánh dấu chiến thắng trong lần đầu đề cử.
Mùa đầu ra mắt tháng 11/2025, gồm chín tập, lấy bối cảnh một đại dịch virus ngoài hành tinh khiến hàng tỷ người luôn trong trạng thái hạnh phúc. Chỉ còn 13 người miễn nhiễm, trong đó có Carol, bị xem là người bất hạnh nhất Trái Đất. Vai diễn này giúp Seehorn giành giải Nữ chính xuất sắc nhất phim truyền hình tại Critics' Choice Awards 2026.Pluribusđược giới phê bình đánh giá là một trong những series khoa học viễn tưởng xuất sắc năm qua, đã được Apple TV+ đặt hàng mùa hai.
>>>Danh sách thắng giải Quả Cầu Vàng 2026
Giải Quả Cầu Vàngdo công ty Eldridge Industries và Dick Clark Productions (DCP) nắm quyền điều hành, sau khi Hiệp hội Báo chí nước ngoài tại Hollywoodbántoàn bộ tài sản, quyền lợi và quyền sở hữu chương trình, hồi tháng 6/2023. Từ mùa giải năm 2024, mỗi hạng mục có sáu tác phẩm tranh giải, thay vì năm phim như trước.
Trong lần thứ hai đảm nhiệm vai trò MC Quả Cầu Vàng, Nikki Glaser cho thấy phong độ tự tin và kiểm soát sân khấu tốt. Phần độc thoại mở màn diễn ra gọn gàng, tập trung vào lối hài châm biếm. Cô lồng ghép nhiều câu chuyện như loạt hồ sơ từ các cuộc điều tra tỷ phú ấu dâm Epstein,trêu Leonardo DiCapriovề việc hẹn hò những phụ nữ dưới 30 tuổi, thương vụ Netflixthâu tómhãng Warner Bros. Glaser cũng trên đùa nhiều ngôi sao có mặt trong khán phòng gồm George Clooney, Dwayne Johnson, Kevin Hart, dàn diễn viênThe White Lotus.
Cát Tiên(theoVariety,Hollywood Reporter)"
https://vnexpress.net/leonardo-dicaprio-bi-treu-dat-moi-thanh-tuu-truoc-khi-ban-gai-30-tuoi-5004510.html,Leonardo DiCaprio bị trêu 'đạt mọi thành tựu trước khi bạn gái 30 tuổi',"MC trêu không biết gì về Leonardo DiCarpio ngoài việc anh giành nhiều thành tựu trước khi bạn gái tròn 30 tuổi, tại Quả Cầu Vàng 2026.","Trên sân khấu lễ trao giải, MC chương trình - diễn viên hài Nikki Glaser - khuấy động bầu không khí bằng việc nói đùa về gu bạn gái của Leonardo DiCaprio. Cô nhận xét tài tử có sự nghiệp tuyệt vời với vô số màn trình diễn kinh điển, hợp tác nhiều đạo diễn tên tuổi, từng thắng một giải Oscar và ba giải Quả Cầu Vàng. Năm nay, anh nhận đề cử Nam chính điện ảnh xuất sắc thuộc thể loại nhạc kịch, hài kịch cho vai Bob Ferguson trongOne Battle After Another.
Nhưng theo Nikki Glaser, thành tựu ấn tượng nhất của Leonardo DiCaprio là đạt mọi cột mốc trên trước khi người yêu bước sang tuổi 30. TheoPeople, Glaser đang nhắc tới bạn gái hiện tại của diễn viên - siêu mẫu Vittoria Ceretti, 28 tuổi. Các khách mời bật cười trước màn phát biểu của MC, Leonardo DiCaprio cũng cười theo.
MC nói xin lỗi vì lấy chuyện tình cảm của anh làm trò đùa, cho rằng điều này thật rẻ tiền. Cô cũng cho biết đã cố gắng tìm thông tin khác về DiCaprio, nhắc lại ""bài phỏng vấn sâu sắc"" của anh trên tạp chíTeen Beatnăm 1991 nhưng không tìm được gì. ""Anh hãy sống cởi mở hơn đi"", Glaser tiếp tục đùa.
Leonardo DiCaprio nổi tiếng với việc chỉ yêu các người đẹp trẻ trung, nhiều lần chia tay bạn gái sau khi họ bước qua tuổi 26. Năm 1999, anh hẹn hò Gisele Bündchen - lúc cô 19 tuổi và đường ai nấy đi sáu năm sau đó. Nhiều người yêu cũ khác như người mẫu Bar Refaeli, siêu mẫu Kelly Rohrbach, Nina Agdal, diễn viên Camila Morrone cũng chấm dứt với DiCaprio ở tuổi 25. Vittoria Ceretti được cho là ngoại lệ của anh vì cô đã gần 30 tuổi. Cả hai bên nhau từ năm 2023, thường xuyên đi du lịch chung. Nhưng đến nay, anh chưa từng cùng cô đi thảm đỏ hay kể chuyện tình với truyền thông.
Nhiều năm qua, tình trường của anh trở thành đề tài trêu đùa quen thuộc của giới Hollywood, nhất là tại các sự kiện lớn. Ở Oscar 2022, diễn viên Amy Schumer - người dẫn chương trình năm đó -trêu DiCapriocố gắng bảo vệ khí hậu vì các cô bạn gái trẻ. Tại lễ trao giải BAFTA cùng năm, Rebel Wilson đùa rằng cô sẽ trao thêm giải Cô gái được Leonardo DiCaprio chú ý nhất, ngụ ý người dưới 25. Sau đó, cô gọi tên nữ diễn viên Emilia Jones, khi ấy 20 tuổi.
Trong lễ Quả Cầu Vàng 2020, MC Ricky Gervais đùa phimOnce Upon a Time in Hollywood- do DiCarpio đóng chính - quá dài, nói: ""Leonardo DiCaprio tham dự chiếu phim và lúc tác phẩm hết là lúc người yêu của nam diễn viên già rồi"". Lúc đó tại khán phòng, DiCaprio chỉ cười ngượng.
Leonardo DiCapriosinh năm 1974, là diễn viên hàng đầu Hollywood. Với vẻ điển trai và diễn xuất ấn tượng, anh nhanh chóng trở thành gương mặt được yêu thích của các đạo diễn Hollywood và nổi danh toàn cầu sauTitanic(1997). Phim của DiCaprio kiếm khoảng hơn 7,2 tỷ USD tại rạp. Năm 2016, tài tử nhận tượng vàngOscarNam chính xuất sắc, sau bốn lần lỡ hẹn.
Giải Quả Cầu Vàngdo công ty Eldridge Industries và Dick Clark Productions (DCP) nắm quyền điều hành, sau khi Hiệp hội Báo chí nước ngoài tại Hollywoodbántoàn bộ tài sản, quyền lợi và quyền sở hữu chương trình, hồi tháng 6/2023. Từ mùa giải năm 2024, mỗi hạng mục có sáu tác phẩm tranh giải, thay vì năm phim như trước. Lễ trao giải lần thứ 83 diễn ra vào ngày 11/1 giờ Los Angeles (sáng 12/1 giờ Hà Nội), trực tiếp trên kênhCBSvàParamount+.
Phương Thảo(theoPeople)"
https://vnexpress.net/dien-vien-trung-quoc-lao-dao-vi-than-ngheo-ke-kho-5004465.html#box_comment_vne,Diễn viên Trung Quốc lao đao vì 'than nghèo kể khổ',"Diễn viên Diêm Học Tinh mất hợp đồng quảng cáo, phải viết thư xin lỗi khán giả sau khi than vãn thu nhập thấp, khó khăn.","TheoGuancha, khi livestream trên nền tảngDouyin, Diêm Học Tinh tiết lộ con trai của cô - Lâm Ngạo Phi - theo nghiệp diễn, thù lao một phim là ""vài trăm nghìn nhân dân tệ"" và mỗi năm chỉ có một phim. Con dâu cô là diễn viên nhà hát kịch sân khấu, thu nhập ""còn thấp hơn"", đôi vợ chồng đã có em bé.
Theo Diêm Học Tinh, chi phí vận hành đại gia đình mỗi năm là 1,8 triệu tệ (6,7 tỷ đồng). Cô cảm thấy vợ chồng con trai kiên trì được là ""việc vô cùng khó khăn, vất vả"". Con trai cô chịu áp lực lớn trong lĩnh vực phim truyền hình, hiện anh có ""lối thoát"" là đến trường quay Hoành Điếm ở tỉnh Chiết Giang tìm kiếm thêm cơ hội diễn xuất.
TheoSina, năm 2024, thu nhập bình quân theo đầu người tại Trung Quốc là hơn 41.000 nhân dân tệ (154 triệu đồng). Sự chênh lệch giữa mức thu nhập bình quân và thu nhập mà Diêm Học Tinh công khai dấy vô số bình luận trên mạng xã hội, phần lớn ý kiến chỉ trích diễn viên.
Nhiều người cho rằng Diêm Học Tinh ""than nghèo kể khổ"" là biểu hiện của sự thiếu đồng cảm với những người lao động khác, nới rộng khoảng cách giàu nghèo. Một số khán giả bình luận: ""Vài trăm nghìn tệ không đủ nuôi gia đình, thế vài nghìn tệ của tôi thì ra ngủ gầm cầu à?"", ""Rốt cục là chị đang than nghèo hay khoe giàu?"".
Còn nhiều người cho rằng ở vai trò người mẹ, Diêm Học Tinh chỉ đang lo lắng cho con cháu. Đó là những âu lo đời thường, không có ác ý, vì thế phát ngôn của cô không đáng bị công kích.
Dù vậy, làn sóng chỉ trích mạnh mẽ khiến hôm 11/1, diễn viên đăng thư thừa nhận thiếu sót.Cô viết: ""Với một tâm trạng vô cùng nặng nề, tôi thành thật xin lỗi"". Diêm Học Tinh cho biết ban đầu cô thấy ấm ức, oan uổng khi đọc các bình luận phê bình. Nhưng khi đọc câu: ""Chị đã quên gốc rễ của chị"", cô bừng tỉnh.
Diêm Học Tinh thừa nhận suốt thời gian dài cô sống trong những tiếng vỗ tay, được tặng hoa tươi, dần quen với việc được tung hô, khen ngợi mà ""quên đi cội rễ"".
""Tôi được nhìn thế giới rộng hơn và vô tình coi đó là sự hơn người, quên đi bản chất trước đây của mình"", Diêm Học Tinh viết. Sau khi nhận ra sai lầm, diễn viên đau khổ, cảm thấy sự việc lần này như ""cuộc phẫu thuật tâm hồn"", rất đau, nhưng làm cô thức tỉnh. Diễn viên sẽ lắng lại để tìm lại sự trân trọng lao động, cuộc sống.
Dù thừa nhận sai lầm, Diêm Học Tinh tổn thất kinh tế. Hôm 11/1, một công ty thực phẩm ở Liêu Ninh ra thông cáo cho biết chấm dứt hợp đồng quảng cáo với diễn viên. TrênJiemian News, đại diện một thương hiệu thực phẩm khác cho biết đã thương lượng việc chấm dứt hợp đồng và yêu cầu bồi thường với phía Diêm Học Tinh. Từ khi diễn viên vướng scandal, nhiều người trả hàng của công ty, gây ảnh hưởng tiêu cực tới việc kinh doanh.
Diêm Học Tinh có hơn 20 triệu fan trên các nền tảng mạng xã hội, từ ngày 10/1, tài khoản Douyin và Kuaishou của cô bị ngừng chức năng ""theo dõi"".
Cô sinh năm 1972 ở tỉnh Cát Lâm, tốt nghiệp trường Hý khúc tỉnh Cát Lâm. Năm 2002, diễn viên được chú ý qua hai phim truyền hìnhLưu lão cănvàTiểu Bạch Ngọc Sương. Diêm Học Tinh quen thuộc với nhiều khán giả Trung Quốc qua các phimNgười nhà quê ở thành phố, Phụ nữ làm quan, Lan đồng hoa khai. Ngoài đóng phim, cô livestream bán hàng, quảng cáo.
Như Anh(theoGuancha, Jiemian)"
https://vnexpress.net/nghe-si-nhieu-the-he-chuc-sinh-nhat-nhac-si-pham-tuyen-5004364.html#box_comment_vne,Nghệ sĩ nhiều thế hệ chúc sinh nhật nhạc sĩ Phạm Tuyên,"Hà NộiNghệ sĩ Hồng Kỳ, bé Xệ Xệ và nhiều thế hệ ca sĩ hát trong buổi kỷ niệm sinh nhật tuổi 96 của nhạc sĩ Phạm Tuyên.","Chiều 11/1, khoảng 300 người vừa cất tiếng hát, vừa chia sẻ những câu chuyện với nhạc sĩ trong buổi gặp mang tênƯớc vọng mùa xuân.Diễn viên Hồng Kỳ thể hiệnTự hào là em các anh -ca khúc ông và NSND Như Quỳnh biểu diễn từ năm bảy tuổi. Hồng Kỳ cho biết khi đó họ được chính nhạc sĩ Phạm Tuyên dạy hát để thu âm cho Đài Tiếng nói Việt Nam. Năm 1968, khi phong trào chống Mỹ cứu nước dâng cao, nhạc sĩ viết bài hát gửi gắm tình cảm trong trẻo của thiếu nhi tới những người lính nơi tiền tuyến.
Các đội viên Câu lạc bộ Thiếu nhi Hà Nội, tốp ca Bông Cúc - những gương mặt đầu tiên hát trong chương trình Bông hoa nhỏ - hòa giọngTiến lên đoàn viên,Trăng ơi từ đâu đến. Những giọng ca nhí ngày nào nay đã ngoài 70 tuổi, mái tóc điểm bạc. Nhưng khi giai điệu vang lên, họ lại hát say mê, hồn nhiên như thuở còn đứng trên sân khấu tuổi thơ năm nào.
Bên cạnh những giọng ca của thế hệ cũ, nhiều ca sĩ nhí như Jayden Trịnh (Vietnam Idol Kids), Xệ Xệ - Em bé Chất - góp mặt, thể hiện các ca khúc của nhạc sĩ với hơi thở hiện đại. Jayden đàn guitar, phối lại bàiTiếng chuông và ngọn cờ.Xệ Xệ, 8 tuổi, rapTrường chúng cháu là trường mầm non. Tiết mục của cậu bé khuấy động không khí, được khán giả trong hội trường vỗ tay hưởng ứng.
Ngồi trên xe lăn, nhạc sĩ Phạm Tuyên chăm chú lắng nghe các tác phẩm của mình. Có lúc, môi ông mấp máy, hòa mình vào những lời ca đã theo ông suốt cả cuộc đời. Căn bệnh hen đeo bám nhiều năm khiến ông không thể trò chuyện. Nhưng trước những lời chào thân quen, ông vẫn mỉm cười, đưa tay đáp lại.
Thấy bố xúc động, con gái - nhà báo Hồng Tuyến - động viên ông nói vài câu. Nhạc sĩ nén cơn ho, dồn hơi nói: ""Tôi rất cảm động vì mọi người vẫn nhớ đến tôi. Xin cảm ơn"". Chị Tuyến tiếp lời nhạc sĩ: ""Giờ tôi và bố chỉ còn giao tiếp với nhau bằng ánh mắt và nụ cười. Đây là câu dài nhất ông nói trong mấy năm qua"".
Chị Tuyến cho biết do sức khỏe nhạc sĩ suy giảm, vài năm nay, sinh nhật ông chỉ tổ chức trong phạm vi gia đình. Thế nhưng năm 2025, ông đón nhiều niềm vui nhưnhận giảiHiệp sĩ Dế Mèn, bàiNhư có Bác trong ngày đại thắngvào danh sách 50 ca khúc tiêu biểu của đất nước. Vì thế, người nhà, bạn bè muốn tổ chức buổi lễ lớn hơn. Con gái ông mượn hội trường Hội Nhà văn Việt Nam, mời nhiều người từng gắn bó nhạc sĩ đến dự.
Là người lên ý tưởng buổi kỷ niệm, nhà báo Hồng Tuyến tất bật sắp xếp chương trình, liên hệ khách mời, xây dựng kịch bản đến in ấn tư liệu. Chị vừa quán xuyến công việc, vừa ngồi đệm nhạc cho nhiều tiết mục. Đến phần tặng bánh, chị không hátHappy Birthdaymà bắt nhịp để mọi người cùng hátChiếc đèn ông sao- ca khúc quen thuộc của cha mình.
Với chị Hồng Tuyến, âm nhạc của bố lớn lên theo từng dấu mốc tuổi thơ. Từ những câu chuyện của con, ông viếtTrường chúng cháu là trường mầm non, Chúng em là học sinh lớp một, Tiễn thầy đi bộ đội.Dù không biết tiếng Nga, nhạc sĩ Phạm Tuyên đặt lời Việt cho nhiều ca khúc Nga nổi tiếng. Hai con gái ông - Hồng Tuyến và Thanh Tuyền - đều từng học tập tại Liên Xô (cũ), trở thành ""cầu nối ngôn ngữ"", chuyển tải nội dung để ông sáng tạo ca từ. Bài hátTheo cánh đu bay, ban đầu chị Tuyến dịch theo nghĩa gốc cho ông làChiếc đu có cánh. Sau này, ông đặt lời nhiều bài nhạc Nga nổi tiếng nhưNụ cười, Kachiusa.
Dự buổi gặp, nhiều người bạn thân thiết của nhạc sĩ không giấu được xúc động. Nhà thơ Bùi Văn Dung, 85 tuổi, nhắn gửi: ""Ông là người anh tôi yêu quý, là tấm gương để tôi noi theo. Anh sống giản dị, hết lòng vì mọi người và vì âm nhạc. Tôi không biết nói gì hơn ngoài lời chúc anh thật nhiều sức khỏe"". Nhà văn Lê Phương Liên nhớ lại năm 1993, chính nhạc sĩ Phạm Tuyên là người đặt lời Việt cho các ca khúc tiếng Nhật trong nhạc phimDoraemon, trong đó quen thuộc nhất là câu: ""Bạn thân ơi, vui quá là vui! Bao ước mơ mình vẫn đi tìm"". Bà bày tỏ biết ơn trước những lời ca đẹp đẽ của ông - những giai điệu đã ở lại bền bỉ với thời gian và ký ức nhiều thế hệ.
Nhạc sĩ Phạm Tuyên là một trong những tên tuổi lớn của nền âm nhạc Việt Nam hiện đại. Trong sự nghiệp sáng tác đồ sộ kéo dài hơn nửa thế kỷ, ông đã để lại dấu ấn sâu đậm ở nhiều thể loại, nổi bật với các ca khúc thiếu nhi. Với nét nhạc trong sáng, ca từ dễ nhớ, gần gũi đời sống và tâm hồn trẻ thơ, các ca khúc của ông nhưChiếc đèn ông sao, Cánh én tuổi thơ, Cả tuần đều ngoanđã trở thành những bài hát thiếu nhi kinh điển."
https://vnexpress.net/kich-dao-hoa-hau-sot-ve-5004001.html,Kịch 'Đảo hoa hậu' sốt vé,"""Đảo hoa hậu"" - kịch quy tụ nhiều cây hài đình đám của TP HCM - thu hút khán giả, nhiều suất ""cháy"" vé dù bán trước cả tháng.","Trên website của ban tổ chức, các suất ""cháy"" chỗ ngồi đến ngày 1/2. Mỗi suất diễn có khoảng 800 vé, đều bán hết nhanh chóng, không đủ đáp ứng nhu cầu người hâm mộ. Ông Trầm Thảo - quản lý Nhà hát Thanh Niên - cho biết tác phẩm hiện là vở kịch ăn khách nhất từ trước đến nay của đơn vị, duy trì sức hút sau bốn tháng công diễn.
Từ đầu năm đến nay, tác phẩm tăng sức hút do hiệu ứng truyền miệng. TrênTikTok, nhiều video ghi hình lại các phân cảnh đối đáp hài hước của dàn diễn viên như Ngọc Phước, BB Trần, Hải Triều, thu hút hàng triệu lượt xem. Một số hội nhóm được lập ra để chia sẻ cách săn vé, chẳng hạn vào website sớm, nhấn F5 liên tục để đặt. Dù chầu chực trước một tháng, nhiều khán giả nói tiếc nuối vì không mua được vé do lượng người tham gia đông.
Gần đây, ban giám đốc nhà hát cảnh báo tình trạng nhiều người mua nhầm vé giả, đến nơi phát hiện không thể quét được mã QR. Nhà hát khuyến nghị công chúng chỉ nên mua từ kênh bán vé của đơn vị. Ông Trầm Thảo cho biếtĐảo hoa hậuđược diễn quanh năm, không phải theo mùa như series kịchNgày xửa ngày xưacủa Idecaf (sân khấu cùng công ty thành lập), do đó khán giả còn nhiều cơ hội thưởng thức.
Tác phẩm công diễn lần đầu tháng 9/2025, quy tụ nhiều gương mặt trẻ của sàn diễn miền Nam. Vở do đạo diễn Bé Bảy và Hồng Ngọc thực hiện, xoay quanh một cuộc thi sắc đẹp trên đảo hoang. Các thí sinh tranh tài về nhan sắc và khả năng ứng xử, từ đó tạo nên loạt tình huống dở khóc dở cười, phơi bày góc khuất của ngành giải trí.
Kịch phát huy công thức từ nhiều vở ăn khách trước đó của đơn vị, nhưLạc lối ở Bangkok, Tung hoành Pattaya. Tác phẩm có kịch bản giàu giải trí, đạo diễn sắp xếp nhiều tình huống để dàn diễn viên tung hứng, gây cười. Êkíp đầu tư ở phần dựng cảnh, trang phục thí sinh được thay đổi liên tục qua mỗi suất diễn.
Điểm khác biệt của tác phẩm so với nhiều vở cùng thể loại là phần khách mời bí mật. Ở mỗi suất, nhiều người nổi tiếng gây bất ngờ khi xuất hiện trên sân khấu, như ca sĩ Minh Hằng, Văn Mai Hương, Phương Ly, Hoa hậu Hương Giang. Một số nghệ sĩ đến dự ở hàng ghế khán giả, được MC mời đặt câu hỏi cho thí sinh, từ đó tạo nên không khí tương tác sôi nổi. Cuối tháng 12/2025, tác phẩm được đề cử giải Mai Vàng 2025 ở hạng mụcVở diễn được yêu thích.
Nghệ sĩ Ưu tú Ca Lê Hồng đánh giá trong bối cảnh nhiều sàn diễn ở TP HCM chật vật bán vé, vở cho thấy khả năng nắm bắt thị hiếu tốt, bám sát đời sống đương đại. Đạo diễn Thanh Hiệp - trưởng ban lý luận phê bình, Hội sân khấu TP HCM - nhận xétĐảo hoa hậuchinh phục người xem nhờ nhiều tình tiết duyên dáng, nhịp điệu sôi động, cách dàn dựng hiện đại. Khi xem, anh tâm đắc với cách đạo diễn mở rộng không gian, khiến khán giả trở thành một phần của câu chuyện.
Tuy nhiên, theo đạo diễn, điểm trừ của vở kịch là dàn diễn viên đôi lúc dùng những mảng miếng hài mang tính hậu trường để trêu chọc nhau, tạo tiếng cười dễ dãi, từ đó làm loãng thông điệp chính. Anh cho rằng kịch bản cần tiết chế, gọt giũa để tăng chiều sâu thẩm mỹ, giá trị giáo dục.
Nhà hát Thanh Niên do ông ""bầu"" Huỳnh Anh Tuấn - giám đốc Idecaf - thành lập từ năm 2022. Khác với Idecaf, điểm diễn này có phong cách trẻ trung, năng động, hướng đến khán giả Gen Z. Ngoài các vở mang tính giải trí cao, điểm diễn giới thiệu nhiều tác phẩm đậm tính dân gian, lịch sử như12 bà mụ,Đức thượng công Tả quân Lê Văn Duyệt - Người mang 9 án tử.
Những năm gần đây, kịch nói TP HCM sôi động hơn với sự xuất hiện của nhiều điểm diễn mới, như Nhà hát Thanh Niên,Thiên Đăng,Trương Hùng Minh. Theo nghệ sĩ Mỹ Uyên - giám đốc Nhà hát 5B Võ Văn Tần, ngày càng nhiều đơn vị đầu tư về cảnh trí, mỹ thuật để thu hút công chúng trẻ, học sinh - sinh viên, tuy nhiên áp lực lớn nhất là kịch bản chất lượng để giữ chân khán giả.
Mai Nhật"
https://vnexpress.net/nghe-si-khac-trieu-lan-dau-ra-mv-5004321.html,Nghệ sĩ Khắc Triệu lần đầu ra MV,"Tay trống Khắc Triệu thực hiện MV đầu tay ""Khi"" sau 55 năm hoạt động showbiz nhờ vợ - ca sĩ Cẩm Vân và hai con gái động viên.","Nhạc phẩm do Lê Quang sáng tác, từng được Khắc Triệu hát cùng một số anh em tại hoạt động âm nhạc online năm 2020. Yêu thích bài hát nên anh thực hiện bản thu hoàn chỉnh năm ngoái nhưng sau đó cất làm kỷ niệm. Gần đây, khi nghe lại, anh có nhiều cảm xúc, quyết định cho ra video nhạc như một món quà dành tặng khán giả.
Bước sang tuổi 67, Khắc Triệu cho biết muốn sống với âm nhạc theo cách riêng, hát nhiều hơn bên cạnh đam mê với trống. Anh mong gần gũi khán giả bằng những ca khúc tự viết và thể hiện trong tương lai.
Khắc Triệu thường đùa với mọi người khi ví mình là ""tài năng trẻ triển vọng"" trong lĩnh vực ca hát. ""Mọi thứ với tôi lúc này nhiều sự mới mẻ và đầy cảm hứng"", anh nói.
Trong chuyến đến Mỹ thăm con gái vào năm 2025, anh được vợ con gợi ý thực hiện MV cho ca khúc. Lúc đầu, Khắc Triệu dè dặt nhưng nhờ sự động viên và hỗ trợ của gia đình, anh tự tin hơn.
Nghệ sĩ Cẩm Vân theo sát chồng trong mọi cảnh quay, đưa ra góp ý về chuyên môn. Chị cho biết Khắc Triệu có sức ảnh hưởng lớn, thường đứng sau để vợ tỏa sáng. ""Đôi lúc tôi thấy mủi lòng bởi anh ấy thật sự có giọng hát hay và phong thái trình diễn tốt. Khi anh nói muốn có không gian âm nhạc theo cách riêng, tôi rất vui và ủng hộ"", Cẩm Vân nói.
Hai con gái làm stylist giúp nghệ sĩ giữ hình ảnh phong trần trong MV. Anh giữ nguyên mái tóc dài, xoăn vốn quen thuộc với khán giả. ""Tôi biết ơn gia đình vì luôn là điểm tựa tinh thần. Vợ và hai con vừa là fan, vừa là đồng nghiệp, truyền lửa cho tôi hết mình với nghệ thuật"", Khắc Triệu nói.
Khắc Triệu đảm nhận phần hòa âm, phối khí, thu âm bài hát. Anh thực hiện bản phối trên nền ballad chủ đạo, điểm nhấn là sự hòa quyện của các nhạc cụ gồm violin, bass, guitar điện. Về hình ảnh, đạo diễn Tùng Phan chọn các địa danh nổi tiếng như cầu Brooklyn (New York), Quảng trường trung tâm thành phố Philadelphia, rừng lá đỏ tại Boston để ghi hình. MV lúc trầm buồn, gai góc, khi lại rực rỡ với khung cảnh mùa thu, mang đến cho người xem nhiều sắc thái cảm xúc.
Khắc Triệu bắt đầu chơi trống từ năm 11 tuổi, sau đó bén duyên với âm nhạc chuyên nghiệp, đến nay có 55 năm làm nghề. Tên tuổi của anh song hành Cẩm Vân trong gần 40 năm qua từ lúc quen nhau đến khi cưới, rồi có với nhau hai con gái. Năm 2014, họ gây chú ý khi thực hiện liveshow chungHát mãi cho nhau.
Tân Cao"
https://vnexpress.net/my-nhan-sexy-nhat-the-gioi-dien-dam-cua-ntk-do-long-5004307.html,'Mỹ nhân sexy nhất thế giới' diện đầm của NTK Đỗ Long,"MỹTeyana Taylor - ""Mỹ nhân quyến rũ nhất thế giới"" 2021 - mặc chiếc váy có hiệu ứng đánh lừa thị giác của nhà thiết kế Đỗ Long.","Tối 10/1, tại BAFTA Tea Party 2026 ở Los Angeles, Teyana Taylor xuất hiện trong bộ đầm quây ngực dáng quả chuông tông đen trắng. Thiết kế thuộc bộ sưu tậpEmergecủa Đỗ Long, có những mảng màu đen vẽ tay sắp đặt trên thân, tạo hiệu ứng trompe l'oeil (đánh lừa thị giác) ảo ảnh ba chiều.
Trang phục may từ satin hai mặt và lụa xử lý xước, tạo nên bề mặt sống động theo từng chuyển động. Phom váy siết eo trên nền vải chiffon mềm mại nhưng vẫn giữ cấu trúc sắc gọn. Bộ váy thực hiện hồi mùa thu năm ngoái và giới thiệu trong show diễn đầu tháng 12.
Đỗ Longcho biết hạnh phúc khi ngôi sao Hollywood lựa chọn. Nhờ tập trung phát triển thương hiệu trên các nền tảng số, anh mở rộng tệp khách hàng, được nhiều người biết tới.
Teyana Taylorđang nhận nhiều chú ý trong mùa giải thưởng với vai Perfidia Beverly Hills trongOne Battle After Another- bộ phim cô đóng cùng tài tử Leonardo DiCaprio. Ngoài cô, BAFTA Tea Party còn quy tụ các ngôi sao lớn như Gwyneth Paltrow, Kate Hudson, Kristen Stewart.Vogueđánh giá Teyana vào top sao mặc đẹp của sự kiện.
Diễn viên 36 tuổi là người Mỹ gốc Phi, được tạp chíMaximxếp đầu danh sách 100 người đẹp quyến rũ nhất 2021. Người đẹp đóng các phimStomp the Yard 2: Homecoming, Madea's Big Happy Family,Coming 2 America, A Thousand and One.
Ngoài diễn xuất, cô còn hoạt động âm nhạc sôi nổi, biên đạo MVRing the Alarmcủa Beyoncé, phát hành albumVII,góp mặt trong một số sản phẩm củaKanye West. Tạp chíTimexếp cô vào danh sách 100 ngôi sao đang lên có sức ảnh hưởng nhất thế giới 2025.
Với phong cách thời trang mạnh mẽ, phóng khoáng, Teyana đượcVoguechọn là một trong10 ngôi sao mặc đẹp nhất 2025. Cô nổi bật với thẩm mỹ lưỡng tính pha trộn chất bụi bặm của đường phố, R&B và thời trang cao cấp. Suit rộng, áo khoác da, corset, quần cargo, boots hầm hố là những món đồ yêu thích của cô. Teyana thường sử dụng cách phối layer, phom dáng phi truyền thống với bảng màu trầm hoặc tương phản.
Sao Mai"
https://vnexpress.net/tuong-lai-nghe-viet-lach-o-thoi-dai-ai-5002262.html,Tương lai nghề viết lách ở thời đại AI,Ranh giới nội dung do con người và máy móc viết ra đang mờ nhạt vì ngày càng khó phân biệt.,"Tháng 11/2025, trangThe Conversationđăng bài luận của tiến sĩ người Italy - Francesco Agnellini, giảng viên ngành Nghiên cứu Dữ liệu và Kỹ thuật số tại Đại học Binghamton (New York) - về tương lai nghề viết trong thời đại AI phát triển. Bài viết ra đời trong bối cảnh công ty SEO Graphite của Mỹ công bố một dự án nghiên cứu vào tháng 10/2025, cho biết hơn 50% nội dung trên Internet do AI tạo ra. Họ thu thập số liệu dựa trên việc phân tích 65.000 bài viết tiếng Anh xuất bản từ tháng 1/2020 đến tháng 5 năm ngoái.
Tác giả lấy kết quả của Graphite đặt cho tên bài làMore than half of new articles on the internet are being written by AI - is human writing headed for extinction?(Hơn một nửa bài viết trên Internet do AI tạo - Liệu nội dung do người viết đang trên đà tuyệt chủng?). Với tư cách chuyên gia AI có nền tảng về triết học và nghệ thuật, Agnellini mở đầu bài luận bằng cách nêu vấn đề: ngày càng khó phân biệt đâu là nội dung do người hay AI viết.
Theo tiến sĩ, mối bận tâm chính của giới văn nghệ sĩ bây giờ là vị thế tác giả (authorship) trước sự phát triển của AI.Ông đặt ra hai câu hỏi: Làm sao một người có thể cạnh tranh với cả hệ thống được huấn luyện bằng hàng triệu giọng văn, có khả năng tạo văn bản với tốc độ cực nhanh? Nếu mô hình này được chấp nhận, nó ảnh hưởng công việc sáng tạo - vừa là kế sinh nhai, vừa mang lại ý nghĩa cuộc sống - như thế nào?
Để giải đáp vấn đề, ông cho rằng cần làm rõ các tài liệu trực tuyến mà Graphite chọn phân tích ngẫu nhiên. Trong số 65.000 bài, Francesco Agnellini nhận xét hầu hết thứ AI tạo đều mang tính phổ thông, bao gồm tin tức, hướng dẫn sử dụng sản phẩm, bài viết về lối sống, bài đánh giá và giải thích công dụng hàng hóa.
Với ông, những nội dung trên hướng đến mục tiêu kiếm tiền như cố gắng thuyết phục, cung cấp thông tin cho khách hàng nên không độc đáo, sáng tạo. Tác giả đánh giá AI có vẻ hữu dụng nhất khi được dùng để viết văn bản mang tính công thức, ít rủi ro như bài theo dạng liệt kê, quảng bá doanh nghiệp.
Dù vậy, ngành viết lách - gồm nhiều cây bút tự do và dịch giả - đang kiếm sống nhờ sản xuất blog, nội dung thương mại, bài đăng mạng xã hội. Vì thế, Francesco Agnellini nhận định việc áp dụng các mô hình trí tuệ nhân tạo cho những dạng bài kể trên đang khiến nhiều người mất việc.
Mặt khác, viễn cảnh hàng loạt công việc viết biến mất dẫn đến một vấn đề khác: tính xác thực của nội dung. Khi đó, công chúng không chỉ xác định ai hoặc cái gì tạo ra văn bản, còn phải hiểu cách con người nhìn nhận giá trị của hoạt động sáng tạo. Tiến sĩ tiếp tục đặt hai câu hỏi: Làm thế nào phân biệt tác phẩm do con người viết với thứ do máy móc tạo ra? Và liệu khả năng đó còn quan trọng?
Với câu đầu tiên, Agnellini không đưa ra trả lời. Ở câu tiếp theo, ông cho rằng việc phân biệt ngày càng kém quan trọng, nhất là khi nhiều bài viết ra đời từ sự hợp tác của AI và con người. Theo tác giả, một cá nhân có thể phác thảo vài dòng ý tưởng, sau đó để AI phát triển rồi điều chỉnh nó thành một văn bản hoàn chỉnh. Ông cũng lấy ví dụ về bản thân, thừa nhận bài báo này dùng AI. Ông đã nhờ trí tuệ nhân tạo trau chuốt bản thảo bằng tiếng Anh trước khi gửi ban biên tập vì ngôn ngữ này không phải tiếng mẹ đẻ của ông.
""Thỉnh thoảng AI cố uốn nắn thông điệp tôi muốn truyền đạt. Nhưng một khi quen phong cách của nó, chúng ta có thể tránh được việc bị chỉnh sửa, giữ nguyên giọng văn của mình"", Francesco Agnellini nói thêm. Ngoài ra, ông cho rằng các mô hình AI ngày nay không chỉ học văn bản của con người mà còn được đào tạo bằng tài liệu do AI và người đồng thực hiện.
Ở phần cuối cùng, tiến sĩ bàn về tầm quan trọng của giọng văn cá nhân trong thời đại trí tuệ nhân tạo, chỉ ra một số mặt trái của việc lạm dụng AI. Theo một số nghiên cứu gần đây, người viết có thể cảm thấy sáng tạo hơn khi dùng AI, nhưng bị thu hẹp phạm vi ý tưởng. Chúng cũng tác động văn phong của người dùng, bởi các hệ thống có xu hướng kéo con người về các nhóm từ ngữ giống nhau, giảm thiểu tính khác biệt vốn tạo dấu ấn riêng.
Đồng thời, vài nhà khoa học cảnh báo các đề xuất của AI có thể đổi lối viết của nhiều người sang kiểu hành văn phương Tây, dù họ không thuộc nền văn hóa này. Điều đó dấy lên lo ngại về một dạng ""chủ nghĩa thực dân AI"" mới, làm mất đi sắc thái văn hóa trong ngôn ngữ.
Giữa bối cảnh máy móc lên ngôi, tiến sĩ Francesco Agnellini cho rằng các bài viết thể hiện bản sắc, chất giọng và thông điệp riêng sẽ có nhiều ý nghĩa hơn. Chúng cũng có thể đóng vai trò quan trọng trong việc tạo ra những thế hệ mô hình AI tiếp theo. Ông tin nếu con người gạt bỏ kịch bản AI tận diệt nền văn hóa, tin tưởng công nghệ tiếp tục phát triển, thì những bài viết sâu sắc và độc đáo do con người sáng tác sẽ ngày càng có giá trị.
""Nói cách khác, công việc của các nhà văn, nhà báo và giới trí thức sẽ không trở nên thừa thãi chỉ bởi vì phần lớn nội dung trên Internet không còn do con người trực tiếp viết ra"", tác giả kết luận.
Trịnh Lâm(theoThe Conversation)"
https://vnexpress.net/trung-quoc-don-dep-video-ai-noi-dung-xuyen-tac-5004309.html,Trung Quốc dọn dẹp video AI nội dung xuyên tạc,Cục Phát thanh và Truyền hình Quốc gia Trung Quốc bắt đầu triển khai dọn dẹp các video dùng AI bóp méo nội dung tác phẩm phim ảnh gốc.,"TheoIfeng, nhiều nội dung trong các phim truyền hình nổi tiếng ở Trung Quốc từng bị thay đổi sai lệch nghiêm trọng, Ví dụ cảnh Lâm Đại Ngọc (Lâm Hiểu Húc đóng) khóc bên cây liễu trongHồng lâu mộngbị đổi thành nhổ cả cây liễu lên. ỞChân Hoàn truyện, một số phi tần bị AI chỉnh sửa thành cưỡi chổi, đi lại trên không.
Loạt video này tạo nên các phản ứng trái chiều, một số thấy hài hước trong khi nhiều người cho rằng nội dung lố bịch, phá hỏng tác phẩm gốc. Chuyên gia pháp lý Chen Pingfan cho biết việc sử dụng AI để sửa đổi, xuyên tạc các phim truyền hình kinh điển về cơ bản là trái phép, do vi phạm quyền chuyển thể của nguyên tác.
Trong bài đăng trênWe Chathôm 31/12/2025, tài khoản của Cục Phát thanh và Truyền hình Quốc gia Trung Quốc (NRTA) cho biết sẽ bắt đầu chiến dịch kéo dài một tháng ở phạm vi toàn quốc, từ ngày 1/1.
NRTA cho rằng với sự phát triển của trí tuệ nhân tạo, một số tài khoản đã lạm dụng AI để ''phá hoại, xuyên tạc và làm ô uế những bộ phim kinh điển, hoạt hình và nội dung khác''. Các video vi phạm tinh thần cốt lõi và hình tượng nhân vật ở tác phẩm gốc, có nội dung bạo lực, giật gân, thô tục, cổ vũ giá trị sai lệch và xuyên tạc văn hóa Trung Quốc, gây ảnh hưởng đến bản sắc của quốc gia. Điều này đi ngược lại giá trị của các tác phẩm truyền hình, điện ảnh, vi phạm bản quyền, gây hại cho sự phát triển của ngành công nghiệp, đồng thời can thiệp vào quá trình hình thành nhận thức văn hóa đúng đắn của trẻ vị thành niên.
Các video AI tạo nội dung Chân Hoàn bắn súng, Ngộ Không đánh Đường Tăng, ""Hồng lâu mộng"" phiên bản phim hành động. Video:Douyin
Chiến dịch của NRTA sẽ tập trung làm sạch những video đã bị thay đổi bằng AI. Ngoài ra, đơn vị yêu cầu các nền tảng nghe, nhìn trực tuyến phải thực hiện trách nhiệm của mình, tăng cường kiểm duyệt, loại bỏ những nội dung bất hợp pháp, xử lý các tài khoản có vấn đề. Sau chiến dịch, NRTA sẽ tổng kết kinh nghiệm, tiếp tục nghiên cứu và xây dựng biện pháp quản lý toàn diện.
Những năm gần đây, công nghệ nhân tạo xuất hiện phổ biến trong điện ảnh, truyền hình, văn học. Hồi tháng 7/2025, Netflix công bốlần đầudùng AI tạo sinh để sản xuất seriesEl Eternauta.Những người làm nghề dựng phim ở Hollywood đối mặtnguy cơbị Sora - công nghệ tạo video từ văn bản, ảnh của OpenAI - chiếm công việc.
Tại Việt Nam, phimChốt đơnsử dụng AI để thay thế hình ảnh của hoa hậu Thùy Tiên sau khi cô bị bắt tạm giam. Việc tận dụng trí tuệ nhân tạo để phục chế những thước phim xưa cũng là điều được khuyến khích. Tuy nhiên, nhiều chuyên gia khuyến cáo cần thận trong khi sử dụng AI bởi có thể đi ngược các chuẩn mực xã hội, đạo đức.
Phương Linh"
https://vnexpress.net/phuong-my-chi-co-be-dan-ca-da-truong-thanh-5004227.html,Phương Mỹ Chi - 'cô bé dân ca' đã trưởng thành,"Từ ""cô bé dân ca"" hơn 10 năm trước, Phương Mỹ Chi chấp nhận đi chậm để hiểu bản thân, vượt khủng hoảng và định hình con đường riêng.","Ca sĩ tổ chức đêm nhạcLò còtri ân fan và kỷ niệm 13 năm làm nghề, tối 10/1 tại TP HCM. Trong trò chơi dân gian có những ô nhảy, được Phương Mỹ Chi ví như nấc thang trong chặng đường hoạt động âm nhạc. ""Quá trình ấy có vui lẫn buồn. Tất cả tạo nên phiên bản Phương Mỹ Chi hiện tại"", cô nói.
Cô tái hiện hình ảnh ""cô bé dân ca"" hátQuê em mùa nước lũtừng gây sốt tại Giọng hát Việt Nhí 2013. Tiếp đó, khách mời Phương Duyên - bạn thi cùng năm - cùng Mỹ Chi ôn lại kỷ niệm và cách xây dựng tình bạn.
Giọng ca trẻ dành khoảng lặng ở chương haiđể nhìn về giai đoạn khó khăn. Cố gắng để không khóc nhưng có lúc Phương Mỹ Chi vẫn rơi nước mắt. Từ năm 2019 đến 2021, Phương Mỹ Chi cho biết từng gặpáp lực khi phải hoàn thành việc học, chạy show, rồi phát hành album. Cùng đó, cô phải đối diện bình luận chê bai của một bộ phận khán giả như ""một màu"" hay ""giậm chân tại chỗ"". ""Các cuộc khủng hoảng nội tâm buộc tôi phải lựa chọn dừng để cân bằng lại cảm xúc"", cô nói.
Phương Mỹ Chi học cách sống chậm để lắng nghe bản thân, hiểu nên buông bỏ điều gì. Nhờ mọi người động viên, cô tập tành viết nhạc, xem đó là cách giãi bày cảm xúc.Có thanh bìnhlà nhạc phẩm đầu tiên cô viết với phần lời còn ngô nghê. Sau đó, Mỹ Chi gửi nhạc phẩm cho DTAP, được hỗ trợ chỉnh sửa, đặt tênmới làBóng phù hoa, rồi gây sốt khi đưa vào albumVũ trụ cò bay(2023).
Ở tuổi 23, Phương Mỹ Chi cho khán giả thấy hình ảnh tự tin, không còn rụt rè trong giao tiếp. Cô nói trước đây có lúc ""diễn"" trước ống kính nhưng hiện thoải mái bộc lộ tính cách bởi cho rằng ""nghệ sĩ phải sống thật thì mới được công chúng yêu mến"". Mỹ Chi bứt phá qua những bản nhạc trẻ trung nhưĐẩy xe bò, Vũ trụ có anh, không đóng khung phong cách dân ca. Để chứng minh cho màn ""lột xác"", cô rap, khoe vũ đạo qua tiết mục sôi độngẾch ngoài đáy giếng.
Cô còn nhìn lại năm 2025 với thành tích đánh dấu sự chuyển mình -quán quânEm xinh say hi.Cùng đó, kết quảhạng 3tạiSing! Asia,giúp cô cóthêm động lực làm nghề. Mỹ Chi trình diễnBài ca đất phương Nam -tiết mục từng đặt nhiều tâm huyết nhưng không được biểu diễn tại chung kết. Cô còn hátChopsticksvới thông điệp về sự đoàn kết.
Phần cuối, Phương Mỹ Chi dành trọn không gian cho Tổ Cò - FC của cô - với các hoạt động giao lưu. HátNhà còn thương em mà, cô nói niềm hạnh phúc lớn nhất là cảm nhận tình cảm của người hâm mộ. Từ nhóm nhỏ tụ họp ở tiệm chè ngày xưa của mẹ hay quán cà phê, giờ là cộng đồng đông thành viên từ Bắc vào Nam. Mỹ Chi xúc động khi fan bí mật tặng quà sinh nhật sớm (13/1) qua video, chiếc bánh kem trên sân khấu.
Ca sĩ không bán vé, chọn một địa điểm ngoài trời để mở cửa, hút hàng nghìn khán giả. Mỹ Chi mời đồng nghiệp thân thiết, trong đó có người bạn Trung QuốcKhả Lâuhòa giọng. Nhiều sao Vbiz dự sự kiện ủng hộ tinh thần cho ca sĩ. Rapper Tiêu Minh Phụng nói: ""Mỹ Chi luôn là tấm gương để tôi phấn đấu trong nghề"". Chị gái ca sĩ - Phương Mỹ Quyên - nói gia đình tự hào khi nhìn thấy bước trưởng thành của Mỹ Chi.
Bài, video:Tân Cao"
https://vnexpress.net/minh-tinh-tai-tu-quoc-te-tren-tham-do-qua-cau-vang-5004466.html,"Minh tinh, tài tử quốc tế trên thảm đỏ Quả Cầu Vàng","MỹTimothée Chalamet và dàn mỹ nhân quốc tế như Lisa, Jennifer Lawrence tham dự lễ trao giải Quả Cầu Vàng (Golden Globes) lần thứ 83.","Timothée Chalamet, 31 tuổi, trên thảm đỏ sự kiện. Năm nay, anh tranh giải Nam diễn viên chính xuất sắc thể loại nhạc kịch và hài kịch, cho màn thể hiện trong phimMarty Supreme. Dự án do Josh Safdie đạo diễn, xoay quanh nhân vật Marty Mauser (Timothée Chalamet đóng) - chàng trai bán giày nuôi tham vọng đổi đời bằng kỹ năng chơi bóng bàn.
Lễ trao giải diễn ra vào ngày 11/1 giờ Los Angeles (sáng 12/1 giờ Hà Nội), quy tụ nhiều ngôi sao hạng A quốc tế tham dự.
Timothée Chalamet, 31 tuổi, trên thảm đỏ sự kiện. Năm nay, anh tranh giải Nam diễn viên chính xuất sắc thể loại nhạc kịch và hài kịch, cho màn thể hiện trong phimMarty Supreme. Dự án do Josh Safdie đạo diễn, xoay quanh nhân vật Marty Mauser (Timothée Chalamet đóng) - chàng trai bán giày nuôi tham vọng đổi đời bằng kỹ năng chơi bóng bàn.
Lễ trao giải diễn ra vào ngày 11/1 giờ Los Angeles (sáng 12/1 giờ Hà Nội), quy tụ nhiều ngôi sao hạng A quốc tế tham dự.
Lisa mặc váy xuyên thấu của Jacquemus tại Quả Cầu Vàng. Năm nay, cô lần đầu đảm nhận vai trò trao giải cùng các sao Hollywood như Snoop Dogg, Miley Cyrus và Orlando Bloom. Video:Instagram/ Golden Globes
Diễn viên hài Nikki Glaser trở lại vai trò dẫn chương trình năm thứ hai liên tiếp.
Diễn viên hài Nikki Glaser trở lại vai trò dẫn chương trình năm thứ hai liên tiếp.
Ariana Grande, 33 tuổi, trong thiết kế của Vivienne Westwood Couture. Năm nay, cô tiếp tục gây dấu ấn với vai phù thủy Glinda trongWicked 2.
Ariana Grande, 33 tuổi, trong thiết kế của Vivienne Westwood Couture. Năm nay, cô tiếp tục gây dấu ấn với vai phù thủy Glinda trongWicked 2.
Jennifer Lawrence mặc váy hoa của Givenchy khi dự lễ trao giải. Video:British Vogue
Ca sĩ Miley Cyrus, 34 tuổi, diện váy của nhà mốt Saint Laurent. Tháng 12/2025, cô đính hôn nhạc sĩ Maxx Morando, kém sáu tuổi.
Ca sĩ Miley Cyrus, 34 tuổi, diện váy của nhà mốt Saint Laurent. Tháng 12/2025, cô đính hôn nhạc sĩ Maxx Morando, kém sáu tuổi.
Jennifer Lopez mặc thiết kế thuộc bộ sưu tập Xuân Hè 2003 của nhà mốt Jean-Louis Scherre. Ảnh:Aaron Perry
Jennifer Lopez mặc thiết kế thuộc bộ sưu tập Xuân Hè 2003 của nhà mốt Jean-Louis Scherre. Ảnh:Aaron Perry
Sao ""Wednesday"" Jenna Ortega, 24 tuổi, diện thiết kế cắt xẻ của nhà thiết kế Dilara Findikoglu. Ảnh:Instagram British Vogue
Sao ""Wednesday"" Jenna Ortega, 24 tuổi, diện thiết kế cắt xẻ của nhà thiết kế Dilara Findikoglu. Ảnh:Instagram British Vogue
Vợ chồng ca sĩ Selena Gomez - nhạc sĩ Benny Blanco tại lễ trao giải. Cả hai kết hôn tháng 9/2025. Video:Vogue
Tài tử Jacob Elordi lịch lãm trong trang phục của Bottega Veneta. Năm qua, anh để lại nhiều ấn tượng với giới chuyên môn nhờ vai diễn quái vật The Creature trongFrankensteincủa đạo diễn Guillermo del Toro.
Giải Quả Cầu Vàngdo công ty Eldridge Industries và Dick Clark Productions (DCP) nắm quyền điều hành, sau khi Hiệp hội Báo chí nước ngoài tại Hollywoodbántoàn bộ tài sản, quyền lợi và quyền sở hữu chương trình, hồi tháng 6/2023. Từ mùa giải năm 2024, mỗi hạng mục có sáu tác phẩm tranh giải, thay vì năm phim như trước.
Tài tử Jacob Elordi lịch lãm trong trang phục của Bottega Veneta. Năm qua, anh để lại nhiều ấn tượng với giới chuyên môn nhờ vai diễn quái vật The Creature trongFrankensteincủa đạo diễn Guillermo del Toro.
Giải Quả Cầu Vàngdo công ty Eldridge Industries và Dick Clark Productions (DCP) nắm quyền điều hành, sau khi Hiệp hội Báo chí nước ngoài tại Hollywoodbántoàn bộ tài sản, quyền lợi và quyền sở hữu chương trình, hồi tháng 6/2023. Từ mùa giải năm 2024, mỗi hạng mục có sáu tác phẩm tranh giải, thay vì năm phim như trước.
Phương ThảoẢnh:AP"
https://vnexpress.net/khan-gia-phan-doi-ten-phim-an-mang-nui-cam-5004383.html,Khán giả phản đối tên phim 'Án mạng Núi Cấm',"Nhiều người cho rằng phim ""Án mạng Núi Cấm"" nhạy cảm khi gắn với địa danh nổi tiếng An Giang, còn đoàn phim nói xin lỗi chỉ là ""hiểu nhầm"".","Dự án có buổi cúng khai máy đầu năm, với sự góp mặt của vợ chồng đạo diễn Võ Thanh Hòa - nhà sản xuất Mai Bảo Ngọc, cùng dàn diễn viên như Đại Nghĩa, Phương Dung. Sau khi hình ảnh về êkíp được đăng trên một số fanpage tại An Giang, thông tin xoay quanh tác phẩm thu hút hàng nghìn lượt bình luận, đa số khán giả nêu ý kiến phản đối.
Đông đảo công chúng cho rằng việc nhà sản xuất gắn liền từ ""án mạng"" với Núi Cấm - một điểm du lịch tâm linh nổi tiếng - là phản cảm, dễ gây hiểu lầm, tác động xấu đến địa phương. Trên trangThành phố Châu Đốc, khán giả Phạm Đạt, một người An Giang, nhận xét tên phim có phần nặng nề đối với một vùng đất nổi tiếng về văn hóa, lịch sử như Thiên Cấm Sơn. ""Núi Cấm là biểu tượng thiêng liêng của vùng Bảy Núi. Vì vậy, tôi hy vọng đoàn phim có thể tìm một cái tên khác hài hòa hơn"", khán giả này bình luận.
Dù vậy, một số khán giả cho rằng với điện ảnh, tên tác phẩm hoàn toàn thỏa đáng. Bởi nhiều phim thế giới cũng có môtíp đặt tên tương tự gắn với các địa danh nổi tiếng, nhưDeath on the Nile(2022) -Án mạng trên sông Nile.
Hôm 11/1, ông Nguyễn Khánh Hiệp - Giám đốc Sở Văn hóa và Thể thao An Giang - cho biết đơn vị đã nắm thông tin, đang cho phòng chuyên môn rà soát, tìm hiểu sự việc. Đại diện Sở nói chưa nhận được hồ sơ đăng ký ghi hình tại địa bàn từ đoàn phim.
Cơ quan quản lý đánh giá tên tác phẩm ""khá nhạy cảm, có thể gây ảnh hưởng tiêu cực đến địa danh"". ""Núi Cấm đã là hệ giá trị văn hóa của một vùng miền, do đó cần được bảo vệ hình ảnh, nhất là trong bối cảnh địa phương đang xây dựng nơi đây trở thành biểu tượng của An Giang"", đại diện Sở cho biết.
Tối cùng ngày, đại diện 89s - đơn vị sản xuất phim - ra thông báo đính chính, gửi lời xin lỗi đến địa phương, cho biết sơ suất trong khâu đặt tên và truyền thông.Theo nhà sản xuất, tên phim chỉ là tạm thời do đang trong quá trình sản xuất, địa điểm trong phim không phải núi Cấm tại An Giang, đồng thời dự án cũng không quay tại đây.
""Trong phim, 'núi cấm' được sử dụng với ý nghĩa hư cấu - ám chỉ một vùng núi nguy hiểm, bị cấm tiếp cận, mang tính biểu tượng và khác với địa danh có thật. Việc sử dụng cách viết hoa trong tên dự án đã vô tình gây hiểu nhầm cho khán giả và người dân địa phương"", thông báo nêu.
Đại diện đoàn phim cho biết sẽ rà lại thông tin, điều chỉnh cách thể hiện tên dự án trong các bài đăng mạng xã hội.
Cách TP HCM hơn 250 km,núi Cấmhay Thiên Cấm Sơn là đỉnh cao nhất miền Tây với hơn 700 m. Đỉnh núi thuộc huyện Tịnh Biên là điểm du lịch tâm linh nổi tiếng của An Giang, có thế núi hùng vĩ, khí hậu mát mẻ, thiên nhiên xanh tốt. Dọc theo lối mòn từ chân đến đỉnh núi, du khách có nhiều điểm tham quan như suối Thanh Long, suối Tiên, động Cây Quế, hang ông Hổ. Trên đỉnh núi là các danh thắng như chùa Vạn Linh, chùa Phật Lớn, tượng Phật Di Lặc, hồ Thủy Liêm.
Núi Cấm cùng với núi Tượng (Liên Hoa Sơn), núi Dài (Ngọa Long Sơn), núi Dài Năm Giếng hay núi Dài nhỏ (Ngũ Hồ Sơn), núi Cô Tô (Phụng Hoàng Sơn), núi Két (Anh Vũ Sơn) và núi Nước (Thủy Đài Sơn) cùng hơn 30 núi chưa có tên tạo nên vùng Bảy Núi thu hút du khách quanh năm, đặc biệt dịp lễ đầu năm.
Đạo diễn Võ Thanh Hòa, 37 tuổi, đóng phim từ nhỏ, nổi bật với các vai diễn trong phimBông dừa cạn, Miền đất phúc, Con gà trống. Năm 2010, anh tham gia phim điện ảnhCánh đồng bất tận(đạo diễn Nguyễn Phan Quang Bình), đoạt danh hiệuNam diễn viên phụ xuất sắccủa giải Cánh Diều.
Sau này, anh chuyển hướng làm phim với nhiều tác phẩm ăn khách nhưChị Mười Ba, Chìakhóa trăm tỷ, Nghề siêu dễ. Năm 2024, phimQuỷ cẩudo anh sản xuất là dự án kinh dị đầu tiên vượt mức 100 tỷ đồng. Cùng năm, anh làm phim điện ảnhKính vạn hoa- lấy cảm hứng từ truyện dài cùng tên của Nguyễn Nhật Ánh.
Mai Nhật"
https://vnexpress.net/con-trai-18-tuoi-cua-hoa-hau-ha-kieu-anh-5003392.html,Con trai 18 tuổi của Hoa hậu Hà Kiều Anh,"Hoa hậu Hà Kiều Anh cho biết con trai - Vương Khang - 18 tuổi cao 1,8 m, du học tại Anh, mê nấu ăn và kinh doanh.","Vương Khang có tên thân mật Kamen, tròn 18 tuổi hôm 5/1, hiện học lớp 12 trường Concord College tại Anh, mong muốn vào ngành Quản trị kinh doanh khi lên bậc đại học. Hoa hậu Hà Kiều Anh (phải) nói hạnh phúc khi con trai trở thành chàng thanh niên hiền lành và đầy tình yêu thương.
Vương Khang có tên thân mật Kamen, tròn 18 tuổi hôm 5/1, hiện học lớp 12 trường Concord College tại Anh, mong muốn vào ngành Quản trị kinh doanh khi lên bậc đại học. Hoa hậu Hà Kiều Anh (phải) nói hạnh phúc khi con trai trở thành chàng thanh niên hiền lành và đầy tình yêu thương.
Cậu xa nhà đi học từ năm lên 13 tuổi. Theo Hà Kiều Anh, con trai cô chăm chỉ và nghiêm túc với việc học, luôn nỗ lực đạt điểm tốt trong các môn.
Cậu xa nhà đi học từ năm lên 13 tuổi. Theo Hà Kiều Anh, con trai cô chăm chỉ và nghiêm túc với việc học, luôn nỗ lực đạt điểm tốt trong các môn.
Vương Khang vừa học vừa khởi nghiệp bằng dự án kinh doanh online trà mãng cầu được hai năm qua. Hoa hậu nói miễn là con trai yêu thích, cô và chồng đều dốc sức ủng hộ về mặt tài chính lẫn tinh thần.
Vương Khang vừa học vừa khởi nghiệp bằng dự án kinh doanh online trà mãng cầu được hai năm qua. Hoa hậu nói miễn là con trai yêu thích, cô và chồng đều dốc sức ủng hộ về mặt tài chính lẫn tinh thần.
Vương Khang cùng mẹ nói về công việc kinh doanh.
Cậu chơi nhiều môn thể thao như bơi lội, bóng đá, golf. Nhờ rèn luyện thể lực, cậu có chiều cao nổi trội.
Cậu chơi nhiều môn thể thao như bơi lội, bóng đá, golf. Nhờ rèn luyện thể lực, cậu có chiều cao nổi trội.
Con trai đầu lòng của hoa hậu có năng khiếu về nghệ thuật, học đàn piano từ nhỏ.
Con trai đầu lòng của hoa hậu có năng khiếu về nghệ thuật, học đàn piano từ nhỏ.
Cậu chơi đàn khi gia đình dịp lễ Giáng sinh 2025.
Kamen yêu thích thời trang theo phong cách chững chạc. Theo Hà Kiều Anh, cô và con trai đồng điệu về sở thích, thoải mái chia sẻ nhiều vấn đề trong cuộc sống.
Kamen yêu thích thời trang theo phong cách chững chạc. Theo Hà Kiều Anh, cô và con trai đồng điệu về sở thích, thoải mái chia sẻ nhiều vấn đề trong cuộc sống.
Hàng năm, Hà Kiều Anh và chồng đều sắp xếp công việc để sang Anh thăm con hoặc Kamen sẽ về nước vào dịp lễ, hè chơi cùng các em.
Để duy trì sự gần gũi con trai, Hà Kiều Anh luôn quan tâm hỏi han, tìm hiểu những điều con yêu thích. Biết Kamen thích ẩm thực, mỗi lần sang Anh, cô đều đưa cậu đi thưởng thức những món ngon.
Hàng năm, Hà Kiều Anh và chồng đều sắp xếp công việc để sang Anh thăm con hoặc Kamen sẽ về nước vào dịp lễ, hè chơi cùng các em.
Để duy trì sự gần gũi con trai, Hà Kiều Anh luôn quan tâm hỏi han, tìm hiểu những điều con yêu thích. Biết Kamen thích ẩm thực, mỗi lần sang Anh, cô đều đưa cậu đi thưởng thức những món ngon.
Con trai Hà Kiều Anh vào bếp.
Người đẹp, 50 tuổi, đăng quang Hoa hậu Việt Nam 1992. Cô và doanh nhân Huỳnh Trung Nam kết hôn vào ngày 22/7/2007. Họ có ba người con chung gồm: con trai lớn - Vương Khang, Vương Khôi và con gái út - Viann. Chồng cô có một con trai riêng. Hiện hoa hậu chủ yếu dự sự kiện do các nghệ sĩ thân thiết tổ chức hoặc làm giám khảo các cuộc thi nhan sắc, kinh doanh lĩnh vực làm đẹp.
Người đẹp, 50 tuổi, đăng quang Hoa hậu Việt Nam 1992. Cô và doanh nhân Huỳnh Trung Nam kết hôn vào ngày 22/7/2007. Họ có ba người con chung gồm: con trai lớn - Vương Khang, Vương Khôi và con gái út - Viann. Chồng cô có một con trai riêng. Hiện hoa hậu chủ yếu dự sự kiện do các nghệ sĩ thân thiết tổ chức hoặc làm giám khảo các cuộc thi nhan sắc, kinh doanh lĩnh vực làm đẹp."
https://vnexpress.net/hoai-niem-gach-noi-nhac-trinh-va-phu-quang-5004262.html,'Hoài niệm' - gạch nối nhạc Trịnh và Phú Quang,"Nhạc Trịnh gợi suy tư về tình yêu và kiếp người, còn Phú Quang để lại giai điệu thấm đẫm ký ức phố phường và nỗi nhớ Hà Nội.","Chương trình nghệ thuật tối 10/1 tại Hà Nộiđặt hai tên tuổi lớn của nền nhạc Việt cạnh nhau, tạo một bức tranh đa chiều, ghép từ nhiều gam màu cảm xúc. Hai nhạc sĩ, hai phong cách tưởng chừng khác biệt nhưng giao thoaở chiều sâu nhân văn.
Với cả hai, tình yêu là mạch nguồn day dứt và bền bỉ nhất, được gửi gắm bằng những nốt nhạc và ý thơ giản dị. ""Vì vậy, dù hai nhạc sĩ đã đi xa, tác phẩm của họ vẫn còn đây, để chúng ta mãi được hoài niệm"", ca sĩ Hồng Nhung nói.
Người dẫn chuyện Lê Khanh cùng Hồng Nhung, Bằng Kiều, Ngọc Anh 3A, Quang Hà tái hiện những lát cắt trong đời sống và tâm hồn hai nhạc sĩ. Sinh thời, Phú Quang từng nói: ""Tôi rất thương những nỗi buồn của anh Sơn, điều mà ít người hiểu được"". Một lần, Trịnh Công Sơn đến quán cà phê của Phú Quang ngồi trầm ngâm nhìn trời mưa và dòng xe cộ đi lại tấp nập rồi nói ""Đời đẹp quá!"". Hơn một tháng sau, ông qua đời. Xuất phát từ sự trân trọng và quý mến, Phú Quang cũng từng làm một số đêm nhạc của ông và Trịnh.
Lần này, trong vai trò biên tập, Giáng Hương - con gáinhạc sĩ Phú Quang- gom các tác phẩm cùng chủ đề theo mạch nối, tạo nên một cuộc đối thoại giữa hai nhạc sĩ. Họ cùng viết về phố, về Hà Nội, về thiên đường xa xăm, về mẹ và cuộc đời. Mỗi giai điệu như một lời tự sự vừa mang dấu ấn riêng, lại vừa hòa quyện.
Cả Phú Quang và Trịnh Công Sơn đều có những tác phẩm hay về mẹ. HátHuyền thoại mẹ,Hồng Nhung nhớ lại lần đầu thu âm cùngTrịnh Công Sơntrong một căn gác nhỏ. Ông lặng nghe rồi ngồi bệt xuống sàn khóc nức nở.
Với Phú Quang, nỗi nhớ mẹ là ánh mắt đau lòng của bà khi con trai rời Hà Nội, tha hương lập nghiệp. Những năm xa quê, ông nhiều lần muốn viết về bà nhưng không được. Đến khi trở lại căn nhà xưa, nhớ về người mẹ đã khuất và những lời ru của bà, ông mới hoàn thành bàiMẹ.
QuaNhớ mùa thu Hà Nội,Hồng Nhung đưa khán giả về ký ức phố những năm 1980, qua đôi mắt của người lữ khách Trịnh Công Sơn. Hà Nội hiện lên mơ hồ, bảng lảng, đẹp như một bức tranh.
Hà Nội của Phú Quang hiện hữu cụ thể trong từng con phố, mùi hoa, góc phố, gắn với những chia ly, mất mát rất đời thường.Em ơi Hà Nội phốlà nỗi buồn trước một Hà Nội đã đổi thay. CònVề lại phố xưalà cuộc trở về luôn ám ảnh nhạc sĩ.
Hồng Nhung, Bằng Kiều, đều sinh ra và lớn lên ở Hà Nội, có nhiều mối đồng cảm với Phú Quang. So với ""Bống"" của năm 20 tuổi, Hồng Nhung làm chủ cảm xúc, kỹ thuật tốt hơn. Bằng Kiều gợi ký ức phố những năm 1980 khi đọc lại lời tự sự của anh trong MVEm ơi, Hà Nội phố: ""Tôi sinh ra và lớn lên ở một con phố nhỏ phía sau ga Hàng Cỏ - phố Ngô Sĩ Liên. Hồi bé, cứ mùa hè về là tôi với lũ bạn bè cùng phố rủ nhau trèo lên những cây bàng xanh rợp lá chạy dọc theo con phố để tìm những quả bàng chín vàng rồi chia nhau ăn"".
Chương trình ghi dấu ấn ở khâu dàn dựng và phối khí. Trongba tiếng, bốn giọng ca trình diễn khoảng 30 nhạc phẩm, tạo nên dòng cảm xúc khi lắng đọng lúc dâng trào. Điểm nhấn là các tiết mục kết hợp giữa Bằng Kiều - Quang Hà (Mưa hồng, nhạc sĩ Trịnh Công Sơn) hay Hồng Nhung - Ngọc Anh 3A (Chiều đông Matxcơva,nhạc sĩ Phú Quang). Cuối show, họ gửi thông điệp về tình yêu qua các ca khúc -Điều giản dị(nhạc sĩ Phú Quang) vàHãy yêu nhau đi(nhạc sĩ Trịnh Công Sơn).
Đa số khán giả tại Cung văn hóa Hữu nghị Việt Xô đều nán lại đến phút cuối. Huyền Thanh, 46 tuổi,Hà Nội cho biết: ""Nhạc Trịnh trầm lắng, nhạc Phú Quang da diết, khiến tôi như được trở về những năm tháng thanh niên, nghe các ca khúc qua radio. Bản phối mới vừa phải, không phá tinh thần ca khúc gốc, đủ khiến người nghe rung động"".
Bài, video:Hà Thu"
https://vnexpress.net/phuong-my-chi-trinh-dien-cung-sao-gen-z-trung-quoc-5004199.html,Phương Mỹ Chi trình diễn cùng sao Gen Z Trung Quốc,TP HCMPhương Mỹ Chi cùng Khả Lâu - ngôi sao trẻ Trung Quốc - song ca tiết mục lồng ghép hí kịch và cải lương.,"Khả Lâu là khách mời tại đêm nhạcLò còcủa Phương Mỹ Chi, tối 10/1. Giọng ca Trung Quốc thân thiết với Phương Mỹ Chi sau khi cùng tham gia cuộc thi âm nhạcSing! Asiahồi 2025. Trên sân khấu, cả hai song caTúy âm,khác với bản mashupLục hải vi vươnghọ từng thi trên sân khấu vòng bán kết.
Ở tiết mục, hai ca sĩ kết nối văn hóa qua việc Khả Lâu thể hiện một câu hí kịch, còn Phương Mỹ Chi hát câu vọng cổ trong tác phẩm cải lươngTiếng trống Mê Linh, gợi nhắc đến hình ảnh kiêu hùng của nữ tướng Trưng Trắc: ""Nhưng hỡi ơi, chí tang bồng nay chưa kịp thỏa, mà đường âm dương cách trở lành lạnh áng mây sầu"". Mỗi khi họ cất tiếng hát, 3.000 khán giả hòa giọng hoặc cổ vũ, tạo không khí sôi động.
Mỹ Chi còn hướng dẫn Khả Lâu một số câu nói tiếng Việt như giới thiệu bản thân hay hỏi thăm ""Các bạn có khỏe không?"". Khi fan liên tục gọi tên, giọng ca người Trung Quốc nói ""Cảm ơn"".
Khả Lâu đến TP HCM một ngày trước khi sự kiện diễn ra, cùng tập luyện, sau đó chạy chương trình. ""Tôi hạnh phúc khi mời được cô ấy tham gia"", Mỹ Chi nói. Còn Khả Lâu cho biết trân trọng tình bạn và mến mộ Phương Mỹ Chi nên không do dự, càng vui hơn khi ngày diễn trùng với sinh nhật của cô.
Trên sân khấu, Phương Mỹ Chi tạo bất ngờ khi mang bánh kem, hát mừng tuổi mới khiến Khả Lâu xúc động rơi nước mắt. ""Cô ấy tài năng và dễ thương. Chúng tôi bằng tuổi nhau nên có nhiều đồng điệu"", Mỹ Chi nói. Giữa năm 2025, khi Khả Lâu đến Việt Nam tập luyện cho tiết mục tạiSing! Asia, Mỹ Chi dẫn cô đi ăn uống, mua áo dài.
Chương trình là dịp Phương Mỹ Chi tri ân fan, đồng thời nhìn lại 13 năm làm nghề. Cô không bán vé, chọn một địa điểm ngoài trời để mở cửa cho hàng nghìn khán giả.
Phương Mỹ Chi, 23 tuổi, sinh ra ở TP HCM, nổi tiếng năm 12 tuổi sau khi đoạt á quân Giọng hát Việt Nhí mùa đầu tiên, gây bão với tiết mụcQuê em mùa nước lũ.Phương Mỹ Chi phát hành nhiều MV, album gây tiếng vang nhưThương về miền Trung(2017),16 xuân trăng(2019),Bát nhã thuyền(2020),Vũ trụ cò bay(2023).
Năm 2025, Phương Mỹ Chi tạo sức hút với truyền thông châu Á khiđoạt hạng 3Sing! Asia.Tại show, cô có nhiều tiết mục hút triệu view như mashupLý Bắc Bộ - Đẩy xe bò, Buôn trăng, Bóng phù hoa, Vũ trụ có anh, Chopsticks. Trong nước, Phương Mỹ Chi lần đầu đoạtquán quâncuộc thiEm xinh say hi.Ngoài ra, cô đóng chính trong phimNhà gia tiêncủa đạo diễn Huỳnh Lập, đạt doanh thu 242 tỷ đồng.
Khả Lâu là ca sĩ, streamer người Trung Quốc, nổi tiếng sau khi tham gia chương trình tìm kiếm tài năng âm nhạc châu Á. Cô được khen giọng hát cảm xúc, kỹ thuật tốt, phong cách biểu diễn đa dạng. Trước đó, Khả Lâu gây chú ý The Voice China 2023.
Tân Cao"
https://vnexpress.net/jennie-thang-lon-o-giai-am-nhac-danh-gia-xu-han-5004263.html,Jennie thắng lớn ở giải âm nhạc danh giá xứ Hàn,"Đài LoanCa sĩ Jennie (nhóm Blackpink), được xướng tên ba lần tại Golden Disc Awards lần thứ 40.","Tại sự kiện, Jennie chiến thắng hạng mục Ca khúc nhạc số xuất sắc vớilike JENNIE,đồng thời đại diện Blackpink nhận giải tương tự với hitJump.Bên cạnh đó, cô được vinh danh với giải Ảnh hưởng toàn cầu, ghi nhận sức hút của ca sĩ vượt ra khỏi phạm vi Hàn Quốc.
Sau khi hoàn thành phần trình diễn ba ca khúcFilter, Damn Right, like JENNIE,cô tiếp tục nhận giải Nghệ sĩ của năm.
Trên các nền tảng mạng xã hội, loạt video ghi lại cảnh cô liên tục lên sân khấu, thậm chí chưa kịp nghỉ ngơi sau màn biểu diễn. Nhiều fan cho biết tự hào khi chứng kiến cô ẵm nhiều giải thưởng quan trọng.
Trong phần phát biểu, Jennie nói hạnh phúc khi được đứng trên sân khấu đúng vào năm kỷ niệm 10 năm ra mắt của Blackpink, cảm nhận đang tiến thêm một bước tới ước mơ. Cô cảm hơn êkíp, khán giả và Blink (tên gọi của cộng đồng người hâm mộ Blackpink), nói tiếp tục tạo ra những bản nhạc ấn tượng.
Jennie, 30 tuổi, ra mắt cùng Rose, Lisa, Jisoo của nhómBlackpinknăm 2016. Giai đoạn đầu, cô được nhận định là người dẫn đầu phong cách thời trang của nhóm. Hiện người đẹp đắt show thời trang, dự sự kiện, chụp tạp chí, làm đại sứ của loạt thương hiệu xa xỉ. Cô cũng có sự nghiệp solo thành công với loạt hitSolo, You & Me, Mantra.
Ca sĩ từng đến Việt Nam biểu diễn cùng các thành viên Blackpink, tháng 7/2023. Thời gian qua, cô cùng nhóm thực hiện chuyến lưu diễnDeadline World Tour,gồm 31 đêm diễn. Sự kiện mở đầu tại Sân vận động Goyang (Hàn Quốc) vào ngày 5/7, sau đó ghé qua 16 thành phố trên thế giới như Los Angeles, New York (Mỹ), Paris (Pháp), Milan (Italy), London (Anh), Bangkok (Thái Lan), Singapore và Tokyo (Nhật Bản), dự kiến kết thúc tại Sân vận động Kai Tak (Hong Kong) ngày 25/1/2026.
Golden Disk là một trong những giải thưởng âm nhạc danh giá nhất xứ Hàn, bắt đầu trao từ năm 1986 đến nay. Giải được một số tờ báo mệnh danh là ''Grammy của Hàn Quốc'' vì tính khách quan, công bằng, dựa trên lượng album tiêu thụ trên thị trường và lượng album nhạc số phát hành qua các kênh thương mại trực tuyến.
Sự kiện năm nay diễn ra tại sân vận động Taipei Dome, đánh dấu lần thứ bảy lễ trao giải được tổ chức ngoài Hàn Quốc. Chương trình quy tụ sự tham gia của 18 nhóm nhạc Kpop, ca sĩ Sung Si Kyung và diễn viên Moon Ga Young làm MC.
Phương Linh"
https://vnexpress.net/ha-anh-tuan-toi-tung-dau-kho-vi-tham-vong-5003651.html,Hà Anh Tuấn: 'Tôi từng đau khổ vì tham vọng',"Hà Anh Tuấn quan niệm sống là cố gắng vượt qua bản thân, cảm nhận hạnh phúc trọn vẹn chứ không phải để chứng minh với người khác.","Dịp kỷ niệm 20 năm ca hát và thực hiện showThe Rose,sẽ diễn ra tại Đà Lạt (Lâm Đồng) vào ngày 17/1, ca sĩ nói về áp lực, sự thay đổi trong chặng đường theo đuổi nghệ thuật.
-Anh thấy bản thân thay đổi ra sao so với thời đoạt top 3 Sao Mai điểm hẹn 2006?
-Là già thêm 20 tuổi (cười). 20 năm đời người như một kho báu, để sống được thời gian ấy cùng niềm say mê âm nhạc là may mắn với bất cứ ca sĩ nào. Tôi vẫn nhớ ngày đầu bước lên sân khấu lớn, biết ơn khi có cơ hội nhìn ngắm cuộc đời theo nhiều góc.
Thay đổi lớn nhất của tôi là không còn nhiều không gian dành cho bản thân. Lúc trước, tôi luôn lang thang tận cùng những ngõ hẻm nhỏ nhất của TP HCM. Tôi thích sự tự do, ngắm nhìn những người bán hàng rong, những cô chú, anh chị với sự hào sảng của họ, đôi khi tự đi lạc trong thành phố mình sinh ra và lớn lên. Những năm vừa qua, việc ấy khó khăn hơn. Thi thoảng, tôi tự nhủ giá vẫn còn làm được việc ấy, có thể cuộc sống và tâm hồn mình giàu có hơn một chút.
Tôi không đánh đổi điều gì để được ngày hôm nay vì âm nhạc là sự lựa chọn. Khi bản thân đã chủ động thì không thể nhìn sang những thứ khác. Có những lúc tôi gồng khi tự bày ra một thế giới rộng lớn hơn những gì đã tưởng tượng, cũng thấy mệt. Sau đó, tôi nghĩ công việc nào trong xã hội này đều phải có áp lực. Không thể nói áp lực của nghệ sĩ lớn hơn một người mẹ tảo tần bán cơm hàng ngày để nuôi con chẳng hạn.
- Trong con đường làm nghề, anh nhận nhiều lời khen và không ít lời chê.Có thời điểm nào anh từng nghi ngờ công việc ca hát đang chọn?
-Tôi không nghi ngờ nhưng có khoảng thời gian tôi lãnh cảm với âm nhạc của mình. Tôi không thể lý giải vì sao, chỉ biết là không có cảm xúc với nó và từng có ý định dừng lại. Có lẽ lúc ấy tôi đứng trên nhiều sân khấu không phải của mình, thấy âm nhạc là một sự phiền phức. Chỉ cần ngó xuống khán giả, thấy vài ba người cúi xuống bấm điện thoại là biết mình không thuộc về nơi này, về họ.
Rất may, ông trời cho tôi khoảnh khắc đúng lúc để tìm lại cảm giác trên sân khấu, đó là thời điểm tổ chức showCafé - In - Concertnăm 2016.Khi ấy tôi chỉ nghĩ chắc sẽ làm một lần duy nhất và chia tay. Tuy nhiên, trong đêm diễn,khán giả vẫn ở đó - những người lặng lẽ đi với tôi bằng ấy năm. Tôi chợt nhận không có niềm hạnh phúc nào lớn hơn như thế. Nếu tôi chia tay âm nhạc là không biết ơn những người yêu mến mình.
-Va vấp lớn nhất của anh trong chặng đường vừa qua là gì?
-Đôi khi tôi tham vọng quá, luôn muốn làm việc chưa ai làm được, để có điều chưa ai có. Tham vọng như một ngọn lửa không thể thiếu trong cuộc đời này nhưng nếu không kiểm soát được, nó sẽ đốt rụi những thân thương nhất xung quanh mình.
Tôi luôn tự nhắc đừng tập trung vào sự tôn vinh của gió, sự khen ngợi của mây. Nếu ta làm để chứng minh với chính mình thì hạnh phúc vẹn toàn, còn để chứng minh với người khác thì sau đấy có thể sẽ là điều thất bại. Âm nhạc không phải một cuộc thi lại càng không phải cuộc đua, mà là sự giãi bày và sự sống của ca sĩ. Đã đôi lần tôi bước một chân qua con đường tham vọng và rất đau khổ về chuyện ấy.
-Nhiều ý kiến cho rằng Hà Anh Tuấn giỏi làm từ thiện, biết tổ chức sự kiện hơn là một ca sĩ thực thụ, anh nghĩ sao?
- Thật ra mỗi người đều có cảm nhận, lựa chọn và quyền của mình trong một giới hạn. Tôi phải tôn trọng suy nghĩ riêng của bất kỳ ai. Trước phản hồi trái chiều, tôi chưa bao giờ chọn giữ khoảng cách hay để bị ảnh hưởng. Tôi luôn biết bản thân như thế nào trước khi cuộc đời biết, đó là điều may nhất. Nếu sống chỉ được nghe những lời khen, tung hô, tôi thấy rất nguy hiểm, có khi mình đã bị điếc một bên rồi. Biết nghe những điều cần thiết sẽ thấy cuộc đời đẹp và hạnh phúc.
- Làm thế nào anh giữ được sức hút cho chuỗi liveshow cá nhân qua gần một thập niên?
- Tôi chỉ biết khán giả đến với mình không phải dễ, giữ họ ở lại càng khó, đòi hỏi sự chân thành tuyệt đối. Nó giống như là tình bạn giữa hai người. Chúng ta không thể mời một người qua đường đi uống cà phê để giãi bày đau khổ, thất bại của cuộc đời mình. Khán giả đến với những concert của tôi không chỉ để nghe nhạc mà nhìn thấy sự rực rỡ của người nghệ sĩ yêu quý. Và hơn hết âm nhạc của tôi trải ra một tấm gương để mỗi lần đi về, biết đâu họ nhìn được một phần đời của họ mạnh mẽ hơn.
Có những khán giả đi cùng tôi từSao mai điểm hẹnđến tận bây giờ. Họ ngồi bệt cạnh hàng rào ở sân Cao đẳng Sư phạm Đà Lạt, quay video ngồi đó hát ca gửi cho tôi vì không có vé. Và vài người có mặt trong show ấy không còn trên cuộc đời này nữa. Không có sự đồng hành nào lớn hơn như thế. Tôi tự nhủ không bao giờ phản bội fan vì có những người mình không còn cơ hội để làm điều ấy nữa. Họ đã chui sâu vào trong cuộc đời mình và ở lại đó mãi mãi.
-Từ show ""Sketch A Rose"" (bản phác thảo hoa hồng) đến ""The Rose"" (đóa hồng) vào ngày 17/1 tại Đà Lạt tới đây mang ý nghĩa gì?
-""Bản phác thảo"" là giấc mơ, tưởng tượng của tôi về những điều tốt đẹp. Còn ""đóa hồng"" là mưu cầu sự hoàn hảo, lộng lẫy. Chúng ta thường nhìn thấy những đóa hồng rực rỡ ở cửa hàng hoa để người ta đem đi tặng nhau. Không gì đẹp bằng cành hồng mình gieo hạt và tự trồng ở vườn.
Tôi vẫn nhớ chuyến đi đến một cơ sở trẻ khuyết tật, gặp cậu bé bị não úng thủy. Tôi biết đứa trẻ ấy rất mệt nhưng khi được mọi người hỏi han thì cười rất tươi như một đóa hồng vậy. Với tôi,The Rosecó nghĩa là bản thể mỗi người, vốn dĩ được sinh ra để trở thành một điều tốt đẹp, dù ở bất kỳ hoàn cảnh nào.
Hoàng Dung"
https://vnexpress.net/130-nam-phat-trien-cua-bong-da-viet-nam-5004276.html,130 năm phát triển của bóng đá Việt Nam,"Khoảnh khắc cầu thủ Duy Mạnh cúi đầu chào lá cờ đỏ sao vàng sau trận chung kết giải U23 châu Á 2018 được kể trong sách ""Bóng đá Việt Nam"".","Ấn phẩmBóng đá Việt Nam (1896-2025): Ký ức và khát vọngkhắc họa chặng đường hơn một thế kỷ của môn thể thao vua tại Việt Nam. Sách đi từ cuộc lật đổ của người Việt trước bóng đá thực dân Pháp, thế hệ cầu thủ Thể Công trưởng thành trong chiến tranh đến danh hiệu Á quân U23 châu Á 2018, vô địch AFF Cup 2018, tứ kết Asian Cup 2019 và lần đầu tiên góp mặt ở vòng loại cuối cùng World Cup 2022, huy chương vàng SEA Games 33.
Trong sự kiện ra mắt tác phẩm hôm 10/1 tại Hà Nội, tác giả Đặng Hoàng cho biết xuyên suốt quá trình thực hiện tác phẩm, trăn trở lớn nhất của anh là làm sao để bóng đá phát triển tương xứng với tiềm năng vốn có. Anh nhận định: ''Dù nhiều lĩnh vực của đất nước đã có bước tiến rõ rệt, bóng đá vẫn đi chậm hơn so với mặt bằng chung của thế giới''.
Cuốn sách lần giở từng lớp ký ức, tái hiện năm tháng bóng đá Việt loay hoay tìm bản sắc. Lịch sử bóng đá nước nhà từng chứng kiến những ''cú ngã đầy đau đớn'', để lại dư chấn trong cộng đồng người hâm mộ. Tác phẩm không né tránh những ký ức ấy mà đặt đúng bối cảnh lịch sử, cho thấy nền bóng đá Việt từng lớn lên trong những thiếu hụt về quản trị, đào tạo và đạo đức nghề nghiệp.
Sau năm 1975, bóng đá Việt Nam thống nhất bắt tay vào làm từ đầu. Đất nước vừa ra khỏi chiến tranh, hạ tầng và nguồn lực còn nghèo nàn, con đường phát triển bóng đá đối mặt với nhiều gian nan. Những năm đầu hội nhập quốc tế là chuỗi thử thách, SEA Games Philippines 1991 mang lại thất bại nặng nề, SEA Games Singapore 1993 càng thêm chua xót. Tới năm 1995, tại Chiang Mai, tấm Huy chương Bạc SEA Games - ''bạc mà quý như vàng'' - đã trở thành dấu mốc lịch sử.
Dẫu vậy, hành trình sau đó không ít lần lặp lại kịch bản ''hy vọng rồi thất vọng''. Tác giả Đặng Hoàng chỉ ra căn bệnh thành tích, cách điều hành nặng tính ""lệ làng"" của các tổ chức quản lý bóng đá khiến cho tiềm năng của một quốc gia 100 triệu dân chưa được khai thác hết. Các câu lạc bộ gặp khó khăn tài chính, đào tạo thế hệ trẻ chưa được đầu tư dài hạn, chiến lược tổng thể thiếu sự kiên định. ''Nhiều lần bóng đá Việt Nam chạm tới niềm tin rồi lại khiến người hâm mộ chua xót'', sách viết. Trường hợp của nhiều thế hệ cầu thủ ở thời điểm phong độ sa sút cho thấy sự khắc nghiệt của kỳ vọng đám đông, nơi tình yêu bóng đá đôi khi đi kèm sự phán xét và đay nghiến.
Sự xuất hiện của những ''ông bầu'' đã thổi luồng sinh khí mới. Tác phẩm khắc họa lý tưởng phát triển nền bóng đá nước nhà của bầu Đức, bầu Hiển, doanh nhân Nguyễn Hoài Nam. Quan điểm làm bóng đá trẻ của bầu Hiển rõ ràng, ông luôn nói với các cầu thủ áo câu lạc bộ Hà Nội rằng: ''Trước tiên, các cháu đá cho chính bản thân mình. Đá thật tốt, thật giỏi thì sẽ có được những gì mong muốn. Sau đó đá vì gia đình, vì người thân. Cha mẹ, anh chị em sẽ rất vui, tự hào khi các cháu thành đạt. Và khi ra sân, hãy đá vì người hâm mộ. Cuối cùng mới đá cho chú''. Với ông, đào tạo bóng đá không phải là dạy các cầu thủ làm gì cũng nghĩ đến tiền mà là cứ học, sống tốt, đá tốt thì tiền sẽ tự đến.
Ấn phẩm mở rộng lát cắt sang những huyền thoại một thời như thủ mônPhạm Văn Rạng, thế hệ vàng dưới thời huấn luyện viên Park Hang-seo, là minh chứng của giai đoạn bóng đá nước nhà vươn lên bằng nội lực. Để bóng đá Việt Nam trở thành biểu tượng, cần có sự thay đổi toàn diện từ khâu quản lý, tài chính, đào tạo, văn hóa ứng xử.
Nhà báo Đặng Hoàng là một trong những tên tuổi nổi bật của làng báo thể thao Việt Nam. Anh bắt đầu viết báo từ năm 1989, từng giữ nhiều chức vụ quan trọng tại báoTuổi Trẻ, Thể thao Ngày nay, Thanh niên Thể thao,phụ trách chuyên mục Doanh nhân Thể thao FBNC. Năm 2019, tác giả cho ra mắt cuốn sách100 năm Quần vợt Việt Nam: Một thời vàng son, một thời trăn trở.
Châu Anh"
https://vnexpress.net/lan-dau-cong-bo-26-tranh-kieu-cua-danh-hoa-nguyen-tu-nghiem-5004243.html,Lần đầu công bố 26 tranh Kiều của danh họa Nguyễn Tư Nghiêm,"Họa sĩ Nguyễn Tư Nghiêm khắc họa hình tượng Thúy Kiều, Thúy Vân, Kim Trọng trên giấy dó, lần đầu được ra mắt sau 60 năm.","Các tác phẩm được giới thiệu trong ấn bảnKim Vân Kiều,do học giả Nguyễn Văn Vĩnh dịch và chú dẫn các điển tích ra chữ quốc ngữ. Họa sĩ Nguyễn Tư Nghiêm thực hiện bộ tranh năm 1965, sử dụng chất liệu than chì, bột màu hoặc sơn dầu trên giấy dó. Ông không đi theo lối minh họa trực tiếp tình huống, cốt truyện mà khai thác chiều sâu tính cách, cảm xúc nhân vật.
Họa sĩ Lương Xuân Đoàn - Chủ tịch Hội Mỹ thuật Việt Nam - nhận định các bức vẽ tạo nên dấu ấn nghề nghiệp cho ông Nguyễn Tư Nghiêm, đồng thời góp phần làm phong phú kho tàng minh họaTruyện Kiều.Theo ông, điểm nổi bật của 26 tác phẩm là mang tiếng nói của người Việt, làng Việt, không giống như nhiều bộ tranh Kiều khác.
Khi sáng tác, danh họa Nguyễn Tư Nghiêm thường thả màu trước rồi mới vẽ nét, tạo chiều sâu cho bức tranh. ''Ông Nghiêm dung dị lắm, thả nét thoải mái nhưng các nhân vật trongTruyện Kiều, ai là ai đều biết tất'', họa sĩ Lương Xuân Đoàn nói.
*Một số tranh Kiều của họa sĩ Nguyễn Tư Nghiêm
Chủ tịch Hội Mỹ thuật Việt Nam cho biết trong một lần trò chuyện với Nguyễn Tư Nghiêm, danh họa nhớ ngày bé, các nét vẽ nguệch ngoạc của ông trên nền đất quê nhà dường như được đánh thức từ đại thi hào Nguyễn Du. Họa sĩ đã thấm nhuần từng câu Kiều được nghe từ bà, mẹ, biết thương cảm cho số phận người đàn bà Việt. Đó là tiền đề để ông tạo nên bộ phụ bản Kiều vào thập niên 1960.
Tại sự kiện ra mắt ấn bảnKim Vân Kiềuở Hà Nội, hôm 10/1, họa sĩ Thu Giang - vợ danh họa Nguyễn Tư Nghiêm - cho biết ông chưa từng dặn dò bà về bộ tranh, chỉ nói đến thời điểm phù hợp hãy công bố. Ban đầu, bà mong muốn in những phụ bản này đúng trên giấy dó, song đây là điều khó. Theo ông Lương Xuân Đoàn, nên thả lỏng khi làm sách, quan trọng là hình tượng Thúy Kiều, Kim Trọng hay các nhân vật khác đều được thể hiện sinh động qua nét vẽ của Nguyễn Tư Nghiêm.
Họa sĩNguyễn Tư Nghiêmsinh năm 1922, có nhiều thể nghiệm, tìm tòi chất liệu sơn mài, tạo nên thay đổi cho sự phát triển sơn mài truyền thống nước nhà. Sinh thời, ông dành nhiều năm sáng tác tranh Kiều, xem đây như không gian đối thoại giữa truyền thống nghệ thuật, tinh thần hiện đại và ngôn ngữ tạo hình đậm tính cá nhân.
Danh họa được trao giải thưởng Hồ Chí Minh về Văn học nghệ thuật đợt một năm 1996. Ôngqua đờiở tuổi 94 hồi tháng 6/2016. Họa sĩ có cuộc đờibình lặng, không giao tiếp rộng, ở một mình đến năm ngoài 70 tuổi mới sống cùng họa sĩ Thu Giang - con gái út của nhà văn Nguyễn Tuân.
Truyện Kiềulà kiệt tác văn học được viết bằng chữ Nôm, theo thể lục bát, gồm 3.254 câu. Tác phẩm mượn bối cảnh xã hội Trung Quốc thời nhà Minh, kể cuộc đời chìm nổi của Thúy Kiều, người con gái tài sắc vẹn toàn nhưng vì biến cố gia đình phải bán mình chuộc cha.
Tác phẩm được giới phê bình xem là đỉnh cao của văn chương và tiếng Việt, được chuyển ngữ sang hơn 20 ngôn ngữ như tiếng Anh, Nga, Pháp với trên 35 bản dịch. Đây cũng là nguồn cảm hứng cho nhiều đề tài nghiên cứu nhưTìm hiểu phong cách Nguyễn Du trong Truyện Kiềucủa Phan Ngọc,Chữ nghĩa Truyện Kiềucủa Nguyễn Quảng Tuân.
Năm 2015, tác phẩm có bảntiếng Nga, do Tiến sĩ Nguyễn Huy Hoàng chủ biên dịch và hiệu đính. Dịch giả Vũ Thế Khôi đảm nhận vai trò chuyển ngữ, tác giả Vaxili Popov dịch thơ, dịch giả Đoàn Tử Huyến tham gia hiệu đính. Năm 2020, bản chuyển ngữ sang tiếng Anh của dịch giả Dương Tường được ra mắt, có tênKiều in Dương Tường's version.
Phương Linh"
https://vnexpress.net/mua-do-dai-thang-giai-ngoi-sao-xanh-5004219.html,'Mưa đỏ' đại thắng giải Ngôi Sao Xanh,"Phim điện ảnh ""Mưa đỏ"" thắng loạt cúp quan trọng gồm ""Phim điện ảnh hay nhất"", ""Đạo diễn xuất sắc"" tại Ngôi Sao Xanh lần thứ 12.","Tác phẩmvượt qua ứng viên cùng hạng mục gồmTử chiến trên không, Địa đạo: Mặt trời trong bóng tốiđể chiến thắng Phim điện ảnh hay nhất tại lễ trao giải tại TP HCM, tối 10/1.
Đại diện nhà sản xuất nói giải thưởng cổ vũ những người làm phim tiếp tục thực hiện các tác phẩm có giá trị nghệ thuật để tri ân anh hùng liệt sĩ, thể hiện trách nhiệm với xã hội. Nhà báo Đinh Trọng Tuấn - thành viên giám khảo - cho biết hội đồng nghệ thuật gặp khó khăn trong quá trình thống nhất, lựa chọn tác phẩm chiến thắng bởi top 3 đều có sức hút riêng.
Trên sân khấu vinh danh Đạo diễn xuất sắc, Đặng Thái Huyền cảm ơn đồng đội, êkíp. ""Nếu không có anh em đồng hành, tôi không thể vượt qua 81 ngày đêm gian khổ ở Quảng Trị để hoàn thànhMưa đỏ.Tôi biết ơn và tri ân tất cả"", chị nói.
Diễn viên Steven Nguyễn nâng cúp Nam diễn viên điện ảnh được yêu thích khi thủ vai Quang trong phim. Phương Nam thắng Nam diễn phụ xuất sắc cho vai Tạ. Steven Nguyễn - Lê Hạ Anh giành giải Cặp đôi được yêu thích nhất.
Tháng 11/2025,Mưa đỏtừngthắng giảiPhim điện ảnh xuất sắc của Liên hoan phim Việt Nam 2025. Phim do Điện ảnh Quân đội Nhân dân sản xuất. Kịch bản đi theo diễn biến 81 ngày đêm chiến đấu bảo vệ thành cổ, lấy cảm hứng từ tác phẩm của nhà văn Chu Lai.
Nhân vật trung tâm là Cường (Đỗ Nhật Hoàng đóng) - sinh viên nhạc viện, hào sảng, giỏi võ. Anh từ bỏ cơ hội du học để lên đường nhập ngũ. Trong những ngày chiến đấu ở Quảng Trị, Cường kề vai sát cánh bên tiểu đội, gồm Tạ - đội trưởng, Bình, Tú, Hải, Sen. Họ đến từ những vùng quê khác nhau, xuất thân, tính cách khác biệt nhưng cùng mục tiêu chiến đấu vì hòa bình.
Khi công chiếu hồi tháng 9/2025,Mưa đỏtrở thành hiện tượng khi là tác phẩm đề tài lịch sử, chiến tranh đầu tiên trong nước thu hút hơn tám triệu lượt xem. Cuối năm 2025, tác phẩm được chọn dự giải Oscar, nhưng sau đókhông được gọi tênvào danh sách rút gọn top 15 tác phẩm tranh giải Phim quốc tế xuất sắc.
Ngôi Sao Xanh là giải thưởng thường niên do tạp chíThế giới Điện ảnhtổ chức. Năm nay, sự kiện có số lượng đề cử kỷ lục - 741 cho bốn mục lớn gồm phim truyền hình, điện ảnh, không gian mạng và hạng mục khác (10 đề cử cặp đôi được yêu thích). So với các năm, mùa giải diễn ra sôi động hơn khi xuất hiện nhiều hạng mục mới, hút hàng triệu lượt bình chọn của khán giả.
Thành viên hội đồng chuyên môn mùa thứ 12 gồm nhà báo Hoàng Tuấn (trưởng ban) và các thành viên gồm nhà báo Đinh Trọng Tuấn, đạo diễn Đào Bá Sơn, Lê Hoàng, Kawai Tuấn Anh, nghệ sĩ Kim Xuân.
Tân CaoẢnh, video:Ban tổ chức cung cấp"
https://vnexpress.net/hau-truong-luu-diec-phi-dong-thien-long-bat-bo-5004008.html,Hậu trường Lưu Diệc Phi đóng 'Thiên Long Bát Bộ',"Cảnh diễn viên Trung Quốc Lưu Diệc Phi đóng ""Thiên Long Bát Bộ"" năm cô 15 tuổi gây chú ý với khán giả vì độ khó.","Loạt hình hậu trường phim được nhiều khán giả chia sẻ lại trên nền tảngRed Note, thu hút hàng nghìn bình luận. Tác phẩm ghi hình năm Lưu Diệc Phi chưa có nhiều kinh nghiệm về diễn xuất, võ thuật.
Ở cảnh rơi vách núi, Lưu Diệc Phi được bảo hộ bằng dây cáp cuốn quanh eo, cánh tay. Một nhân viên bên dưới đỡ chân khi diễn viên tạo dáng vẻ chới với. Lưu Diệc Phi tự thực hiện phần lớn cảnh bay nhảy, cưỡi ngựa.
Tác phẩm quay trong nửa năm tại các tỉnh như Hà Bắc, Chiết Giang, Vân Nam, Trung Quốc. Phim lấy bối cảnh thời Bắc Tống, Vương Ngữ Yên là con của Vương phu nhân và Đoàn Chính Thuần, được miêu tả có vẻ đẹp thần tiên. Nàng còn có trí tuệ mẫn tiệp, thuộc làu gần hết kinh sách võ thuật trong thiên hạ.
Nhà văn Kim Dung (1924-2018) từng đến trường quayThiên Long Bát Bộ, trò chuyện với các thành viên đoàn phim. Ông ghi lên cuốn truyện của nữ chính: ""Cô Diệc Phi, nhờ cô đóng Vương Ngữ Yên, độc giả mới tin Kim Dung không lừa họ"". TrênCCTV, diễn viên cho biết bất ngờ, cảm động vì được nhà văn đề tặng câu này.
Diễn viên tiết lộ giai đoạn quay phim, cô sợ hãi, lo lắng khi xung quanh là các tiền bối. Do non nớt, thiếu kinh nghiệm, Lưu Diệc Phi luôn cảm thấy mình thiếu sót. Cô nói: ""Vẻ ngoài điềm nhiên, bình tĩnh chỉ là vỏ bọc tôi cố tạo ra. Cứ giả vờ như thế mãi, tự nhiên tôi thành như vậy thật. Bấy giờ, tôi luôn nghĩ cách để bản thân thực sự mạnh mẽ"". Khi không quay phim, cô luyện đàn, luyện nhảy, học ngôn ngữ.
Diệc Phi sinh năm 1987 ở Vũ Hán, mẹ là nghệ sĩ múa Lưu Hiểu Lợi, cha là An Thiếu Khang, từng là giảng viên tiếng Pháp. Sau này, ông làm việc tại Lãnh sự quán Trung Quốc ở Pháp. Khi Diệc Phi 10 tuổi, cha mẹ ly hôn, cô theo mẹ sang Mỹ học tập, sinh sống, nhập quốc tịch Mỹ. 5 năm sau, cô về Trung Quốc, được cha nuôi đặt tên Lưu Diệc Phi, gia nhập làng giải trí với phim đầu tay -Kim phấn thế gia.
Sau đó,Lưu Diệc Phiđóng chính trong loạt phim được đầu tư lớn, nhưTiên kiếm kỳ hiệp2005,Thần điêu đại hiệp2006. Những năm gần đây, người đẹp gây tiếng vang qua phimMộng hoa lục, Đến nơi có gió,Câu chuyện hoa hồng.
25 năm hoạt động giải trí,Lưu Diệc Phiduy trì vị trí minh tinh hàng đầu. TheoSina, thù lao quảng cáo của cô thuộc nhóm cao nhất giới sao Trung Quốc, mỗi hợp đồng, cô nhận khoảng 25 triệu nhân dân tệ (3,4 triệu USD). Diệc Phi là đại sứ toàn cầu của các hãng LV, Bvlgari, Tissot, Shiseido cùng khoảng 10 thương hiệu Trung Quốc như Huawei, Meituan.
Như Anh"
https://vnexpress.net/co-gai-ha-noi-dang-quang-hoa-hau-du-lich-viet-nam-2026-5004240.html,Cô gái Hà Nội đăng quang Hoa hậu Du lịch Việt Nam 2026,"Lào CaiNguyễn Phương Linh, 24 tuổi, giành ngôi vị cao nhất cuộc thi Hoa hậu Du lịch Việt Nam 2026.","Tối 10/1, tại Trung tâm Sân Quần, Sa Pa, Phương Linh nhận giải thưởng tiền mặt và quà tặng tương đương 300 triệu đồng, cùng một chuyến tham quan Pháp, Italy và Thụy Sĩ.
Trong phần ứng xử, top 5 thí sinh cùng nhận câu hỏi: ""Điều gì trong hình ảnh và con người Việt Nam khiến du khách quốc tế dễ yêu thích nhất? Nếu trở thành Hoa hậu Du lịch Việt Nam 2026, bạn sẽ lan tỏa giá trị ấy ra thế giới thế nào?"".
Phương Linh trả lời song ngữ Việt - Anh: ""Là một người trẻ được sinh ra trong thời bình, tôi mong muốn được chia sẻ với bạn bè quốc tế về Vịnh Hạ Long hùng vĩ, ruộng bậc thang của Sa Pa, những địa danh của đất nước. Nhưng đặc biệt hơn cả là nụ cười ấm áp của người phụ nữ Việt Nam, chân thành, thiện cảm và mến khách. Đằng sau đó là sức mạnh bất khuất của những bà mẹ Việt Nam anh hùng, những người phụ nữ sẵn sàng hy sinh vì gia đình và đất nước. Nếu trở thành Hoa hậu Du lịch Việt Nam với tinh thần vươn lên mạnh mẽ, tôi sẽ dám mơ lớn để xây dựng đất nước. Tôi tin khi người phụ nữ Việt Nam tỏa sáng, Việt Nam sẽ bừng sáng"".
Nguyễn Phương Linh sinh năm 2002, quê Hà Nội, đang học Thạc sĩ Quản trị Kinh doanh tại Đại học Kinh tế Quốc dân. Người đẹp cao 1,71 m, số đo 83-62-94 cm. Cô được đánh giá cao suốt cuộc thi nhờ gương mặt khả ái, khả năng catwalk.
Á hậu 1 thuộc về Trần Mỹ Lan, quê Thái Nguyên, là sinh viên Ngành Dược Cao đẳng Y tế Bắc Ninh. Cô cao 1,74 m, số đo 87-64-96 cm. Á hậu 2 là Nguyễn Huy Ngọc Bảo Trân, quê Hải Phòng, cử nhân ngành Kỹ thuật Môi trường của Đại học Bách khoa Hà Nội. Cô cao 1,71 m, số đo ba vòng 89-68-95 cm.
Với chủ đề ""Việt Nam Bừng Sáng"", trong đêm chung kết, ngoài thi ứng xử, các thí sinh lần lượt trình diễn áo dài với bộ sưu tập áo dàiBách hoa an hòacủa nhà thiết kế Lan Hương, diễn bikini và trang phục dạ hội. Chương trình khởi động bằng tiết mục đồng diễn trốngThanh âm đất trời, đan xen các tiết mục âm nhạc của các khách mời gồm ca sĩ Tuấn Hưng, Lệ Quyên và Đàm Vĩnh Hưng.
Mùa giải năm nay thu hút hàng trăm thí sinh, lần lượt trải qua vòng thi sơ khảo tại TP HCM (10/8/2025), Hà Nội (7/9/2025) và Đà Nẵng (20/9/2025). 35 thí sinh được chọn vào vòng chung khảo từ 22/12/2025 đến 10/1 tại phường Sa Pa, tỉnh Lào Cai. Họ tham gia trải nghiệm không gian văn hóa dân tộc, trình diễn thời trang. Qua các hoạt động, ban tổ chức tiếp tục chọn ra 24 thí sinh có điểm cao nhất vào vòng chung kết.
Hoa hậu Du lịch Việt Nam lần đầu được tổ chức năm 2008, với vương miện thuộc về Phan Thị Ngọc Diễm. Cuộc thi hướng tới việc tìm kiếm gương mặt tiêu biểu đảm nhận trọng trách Đại sứ Du lịch Việt Nam, đại diện phụ nữ Việt Nam tham gia các sự kiện, hoạt động du lịch quốc tế, tiếp tục quảng bá hình ảnh đất nước, văn hóa và con người Việt Nam đến với bạn bè toàn cầu. Sau một thời gian ngừng, cuộc thi trở lại năm 2022 và tổ chức định kỳ hai năm một lần từ đó đến nay. Hoa hậu mùa trước làPhạm Thị Ngọc Quỳnh.
Luật sư Nguyễn Chiến là Chủ tịch Hội đồng cố vấn cuộc thi. Các thành viên ban giám khảo gồm NSND Quang Vinh, MC Thảo Vân, Hoa hậu Jennifer Phạm và NSƯT Việt Anh. Hoa hậu Ngọc Hân và MC Nguyên Khang dẫn dắt chương trình.
Ý Ly"
https://vnexpress.net/chang-trai-9x-ve-son-tung-m-tp-soobin-bang-but-bi-gay-sot-5004053.html,"Chàng trai 9x vẽ Sơn Tùng M-TP, Soobin bằng bút bi gây sốt","Nguyễn Thế Vũ 34 tuổi, gây chú ý khi tái hiện chân dung ca sĩ Sơn Tùng M-TP, Soobin Hoàng Sơn bằng bút bi.","Đầu tháng 12/2025, bức tranh chân dung cô gái do Nguyễn Thế Vũ thực hiện, vẽ bút bi trên giấy bristol được nhiều người chú ý, nhận hơn 20 nghìn lượt thích, 600 lượt chia sẻ trên nền tảngFacebook. Dưới bài đăng, một số khán giả nói ngạc nhiên, cho rằng đường nét gương mặt giống ảnh chụp, không tin là tranh vẽ.
Nguyễn Thế Vũ không phải là cái tên xa lạ với cộng đồng yêu hội họa, bởi anh từng có nhiều bức vẽ người nổi tiếng như Sơn Tùng M-TP, Đức Phúc, Mỹ Tâm, Hà Anh Tuấn. Anh quê tại Lệ Thủy, Quảng Bình (cũ), sinh ra trong gia đình làm nông nhưng thích vẽ từ nhỏ. Những năm ngồi ghế nhà trường, anh thể hiện khả năng qua giờ học mỹ thuật trên lớp. Ngoài làm bài tập, anh chép lại nhân vật truyện tranh và tìm đề tài khó hơn để rèn kỹ năng, trong đó có vẽ chân dung.
Anh từng là sinh viên khoa Kiến trúc tại Đại học Duy Tân (Đà Nẵng) nhưng quyết định dừng vào khoảng năm cuối do nhận thấy không phù hợp. Thời điểm đó, anh mưu sinh bằng việc vẽ, từng bước nâng cao kỹ năng và cải thiện thu nhập.
Thế Vũ chủ yếu tự học thông qua quan sát, tìm tòi từ nhiều nguồn tư liệu để hình thành phong cách cá nhân. Quá trình này đòi hỏi sự kiên trì khi không có người hướng dẫn trực tiếp. Giai đoạn đầu, anh băn khoăn do công việc thiếu ổn định, song nhận ra nếu kiên trì theo đuổi, hội họa có thể là hướng đi lâu dài.
Anh dành thời gian rảnh để rèn luyện các chất liệu như than chì, chì màu hay màu nước. Sau khi thử nghiệm, anh chọn bút bi nhờ tính tiện lợi, có thể sử dụng linh hoạt ở không gian khác nhau. Tuy nhiên, nó cũng đặt ra thách thức về giới hạn màu sắc và khả năng kiểm soát độ đậm nhạt. Anh nói: ""Những hạn chế của bút bi là thử thách tôi muốn chinh phục. Tôi không đặt mục tiêu sao chép hình ảnh một cách chính xác mà tập trung thể hiện thần thái nhân vật"".
Quá trình sáng tác thường bắt đầu bằng dựng hình và xử lý những mảng tối, sau đó chuyển sang các vùng sáng. Khác với cách làm phổ biến là bố cục tổng thể trước rồi mới hoàn thiện chi tiết, anh lựa chọn hướng ngược lại, đi từ chi tiết đến tổng thể, cân bằng ánh sáng và độ tương phản. Thế Vũ thường chọn loại bút có mực ổn định, kết hợp chất liệu giấy đủ dày, độ nhám vừa phải giúp hạn chế phai nét. Thời gian hoàn thành một tác phẩm thường từ 15 đến 30 tiếng, hoặc lâu hơn tùy mức độ chi tiết.
Nguồn cảm hứng của Thế Vũ đến từ người thân, bạn bè hoặc hình ảnh những người nổi tiếng. Trong số các tác phẩm, bức chân dung vẽ người vợ Tạ Lưu Ngọc Anh vào tháng 11/2021, sau khi cô qua đời vì ung thư, được anh xem là tác phẩm đáng nhớ nhất.
Sau hai tháng kết hôn, Ngọc Anh phát hiện mắc ung thư hạch không Hodgkin. Trong hơn một năm, cuộc sống của cả hai xoay quanh lịch trình ban ngày vào bệnh viện, buổi tối về nhà nghỉ ngơi và tranh thủ vẽ tranh cho khách hàng. Họ từng có ước mơ mở phòng tranh, nhưng số tiền tiết kiệm vơi đi dần trong quá trình điều trị. Sau khi vợ qua đời, Thế Vũ chuyển từ Hà Nội về Quảng Bình (cũ) sinh sống và làm việc.
Nhà nghiên cứu mỹ thuật Vũ Huy Thông nhận xét kỹ chuyển thể ảnh chụp sang tranh bút bi trên giấy của Nguyễn Thế Vũ đạt chất lượng cao, thể hiện ở độ chính xác của hình khối và cách xử lý sắc độ. Theo ông, nhiều bức tranh gây ấn tượng với người xem nhờ năng lực của họa sĩ và tư duy nghệ thuật. ""Tôi mong bạn chủ động tìm đề tài thay vì giới hạn ở việc tái hiện hình ảnh. Với nền tảng hiện có, bạn còn nhiều tiềm năng để mở rộng hướng đi"", ông Vũ Huy Thông nói.
Hiện Thế Vũ hoạt động với tư cách họa sĩ tự do, dạy vẽ và sáng tạo nội dung trên nền tảng mạng xã hội. Anh mong muốn đưa tranh bút bi tiếp cận nhiều người, đồng thời chia sẻ kỹ năng đến những bạn trẻ quan tâm hội họa. ""Tôi dự định trở lại Hà Nội làm việc vào năm nay, duy trì hoạt động sáng tác và giảng dạy ở các trung tâm hội họa"", họa sĩ cho biết.
Quế Chi"
https://vnexpress.net/dan-sao-du-tham-do-trao-giai-ngoi-sao-xanh-5004218.html,Dàn sao dự thảm đỏ trao giải Ngôi Sao Xanh,"TP HCMDiễn viên Chiều Xuân, Kim Xuân, Hoa hậu Thanh Thủy và dàn sao dự gala trao giải Ngôi Sao Xanh lần thứ 12.","Nghệ sĩ Chiều Xuân từ Hà Nội vào TP HCM dự sự kiện, tối 10/1.
Nghệ sĩ Chiều Xuân từ Hà Nội vào TP HCM dự sự kiện, tối 10/1.
Kim Xuân diện áo dài lên thảm đỏ. Nhiều năm qua, chị là thành viên hội đồng giám khảo của giải thưởng.
Kim Xuân diện áo dài lên thảm đỏ. Nhiều năm qua, chị là thành viên hội đồng giám khảo của giải thưởng.
Đạo diễn Đặng Thái Huyền (thứ tư từ trái sang) cùng êkíp, diễn viênMưa đỏ -dự án nhận nhiều đề cử tại giải thưởng, trong đó có ""Phim điện ảnh hay nhất"", ""Nam/nữ diễn viên chính xuất sắc"".
Đạo diễn Đặng Thái Huyền (thứ tư từ trái sang) cùng êkíp, diễn viênMưa đỏ -dự án nhận nhiều đề cử tại giải thưởng, trong đó có ""Phim điện ảnh hay nhất"", ""Nam/nữ diễn viên chính xuất sắc"".
Hoa hậu Quốc tế Thanh Thủy đảm nhận vai trò khách mời trao giải cho một hạng mục.
Hoa hậu Quốc tế Thanh Thủy đảm nhận vai trò khách mời trao giải cho một hạng mục.
Cô tạo dáng ở hậu trường. Video:Nhân vật cung cấp
Miss Grand Vietnam 2025 Yến Nhi diện đầm ánh kim với phần tà quét sàn.
Miss Grand Vietnam 2025 Yến Nhi diện đầm ánh kim với phần tà quét sàn.
Hoa hậu Đoàn Thiên Ân mặc trang phục voan cut-out phần eo. Cô nói hồi hộp vì lần đầu tiên có mặt trong đề cử giải thưởng điện ảnh, hạng mục ""Nữ diễn viên điện ảnh được yêu thích"". Thời gian qua, cô lấn sân diễn xuất, gây chú ý với vai chính trongNụ hôn bạc tỷcủa đạo diễn Thu Trang.
Hoa hậu Đoàn Thiên Ân mặc trang phục voan cut-out phần eo. Cô nói hồi hộp vì lần đầu tiên có mặt trong đề cử giải thưởng điện ảnh, hạng mục ""Nữ diễn viên điện ảnh được yêu thích"". Thời gian qua, cô lấn sân diễn xuất, gây chú ý với vai chính trongNụ hôn bạc tỷcủa đạo diễn Thu Trang.
Diễn viên Đoàn Minh Tài cùng vợ dự chương trình sau tổ chứcđám cướihôm 25/12/2025.
Diễn viên Đoàn Minh Tài cùng vợ dự chương trình sau tổ chứcđám cướihôm 25/12/2025.
Từ trái qua gồm diễn viên Duy Khánh, Song Luân, Hiếu Nguyễn.
Từ trái qua gồm diễn viên Duy Khánh, Song Luân, Hiếu Nguyễn.
Nghệ sĩ Ngọc Huyền tạo dáng với đầm đính kết đá, trang điểm màu son đồng điệu. Các dự án web-drama do chị đầu tư sản xuất nhưYêu nhau ngày nắng ấm,Kén cá chọn chồnggóp mặttrong nhiều đề cử ở hạng mục Không gian mạng.
Nghệ sĩ Ngọc Huyền tạo dáng với đầm đính kết đá, trang điểm màu son đồng điệu. Các dự án web-drama do chị đầu tư sản xuất nhưYêu nhau ngày nắng ấm,Kén cá chọn chồnggóp mặttrong nhiều đề cử ở hạng mục Không gian mạng.
Vợ chồng Lâm Vỹ Dạ - Hứa Minh Đạt tay trong tay.
Vợ chồng Lâm Vỹ Dạ - Hứa Minh Đạt tay trong tay.
Diễn viên Lê Phương phối đồ tôn vai trần, kết hợp phụ kiện vòng cổ.
Diễn viên Lê Phương phối đồ tôn vai trần, kết hợp phụ kiện vòng cổ.
Sam mặc đầm đính lông vũ, phom dáng cổ yếm tôn da sáng.
Ngôi Sao Xanh là giải thưởng thường niên, trải qua 12 mùa tổ chức, vinh danh các tác phẩm, cá nhân nổi bật trong năm. Mùa giải 2025 có số lượng đề cử kỷ lục - 741 cho bốn mục lớn gồm phim truyền hình, điện ảnh, không gian mạng và hạng mục khác (10 đề cử cặp đôi được yêu thích). Thành viên hội đồng chuyên môn gồm nhà báo Hoàng Tuấn (trưởng ban) và các thành viên gồm nhà báo Đinh Trọng Tuấn, đạo diễn Đào Bá Sơn, Lê Hoàng, Kawai Tuấn Anh, nghệ sĩ Kim Xuân.
Sam mặc đầm đính lông vũ, phom dáng cổ yếm tôn da sáng.
Ngôi Sao Xanh là giải thưởng thường niên, trải qua 12 mùa tổ chức, vinh danh các tác phẩm, cá nhân nổi bật trong năm. Mùa giải 2025 có số lượng đề cử kỷ lục - 741 cho bốn mục lớn gồm phim truyền hình, điện ảnh, không gian mạng và hạng mục khác (10 đề cử cặp đôi được yêu thích). Thành viên hội đồng chuyên môn gồm nhà báo Hoàng Tuấn (trưởng ban) và các thành viên gồm nhà báo Đinh Trọng Tuấn, đạo diễn Đào Bá Sơn, Lê Hoàng, Kawai Tuấn Anh, nghệ sĩ Kim Xuân.
Tân CaoẢnh:Ban tổ chức cung cấp"
https://vnexpress.net/phong-cach-ho-ngoc-ha-qua-25-nam-5004078.html,Phong cách Hồ Ngọc Hà qua 25 năm,"Ca sĩ Hồ Ngọc Hà được khen ngày càng đẹp nhờ biết cách ăn mặc, trang điểm so với thời mới vào nghề năm 2000.","Đầu tháng 1, Hà Hồ chia sẻ ảnh nghỉ dưỡng cùng chồng con trên trang cá nhân. Người đẹp 42 tuổi tạo dáng trên bãi biển với loạt trang phục màu trắng, như áo ngủ và quần đồng điệu, bộ đồ xếp bèo. Ca sĩ cho biết muốn khởi đầu năm mới bằng cách hòa mình với thiên nhiên, tận hưởng cảm giác bình yên. Nhiều khán giả khen cô ngày càng xinh đẹp, ăn mặc sành điệu so với 25 năm trước khi bắt đầu làm mẫu, đóng phim.
Đầu tháng 1, Hà Hồ chia sẻ ảnh nghỉ dưỡng cùng chồng con trên trang cá nhân. Người đẹp 42 tuổi tạo dáng trên bãi biển với loạt trang phục màu trắng, như áo ngủ và quần đồng điệu, bộ đồ xếp bèo. Ca sĩ cho biết muốn khởi đầu năm mới bằng cách hòa mình với thiên nhiên, tận hưởng cảm giác bình yên. Nhiều khán giả khen cô ngày càng xinh đẹp, ăn mặc sành điệu so với 25 năm trước khi bắt đầu làm mẫu, đóng phim.
Hồ Ngọc Hà dạo biển với đồ xuyên thấu.
Hồ Ngọc Hàsinh ra trong gia đình có bố mẹ đều làm ngành ngân hàng, yêu thích và theo đuổi nghệ thuật từ nhỏ. Năm 12 tuổi, cô theo học chuyên ngành piano. Năm 16 tuổi, với chiều cao 1,73 m, Hồ Ngọc Hà bắt đầu làm mẫu. Cô giành giải nhì Người mẫu thời trang Hà Nội mở rộng 2000, giải bạc Siêu mẫu Việt Nam 2002. Năm 2004, Hồ Ngọc Hà bước vào con đường ca hát bằng album24 giờ 7 ngày.
Những ngày đầu vào showbiz, cô đã được khen có gu so với đồng nghiệp cùng lứa. Đời thường, cô ăn vận gọn gàng, thường chọn những thiết kế cơ bản, thịnh hành trong thập niên 2000 như tank top, quần jeans ống đứng.
Hồ Ngọc Hàsinh ra trong gia đình có bố mẹ đều làm ngành ngân hàng, yêu thích và theo đuổi nghệ thuật từ nhỏ. Năm 12 tuổi, cô theo học chuyên ngành piano. Năm 16 tuổi, với chiều cao 1,73 m, Hồ Ngọc Hà bắt đầu làm mẫu. Cô giành giải nhì Người mẫu thời trang Hà Nội mở rộng 2000, giải bạc Siêu mẫu Việt Nam 2002. Năm 2004, Hồ Ngọc Hà bước vào con đường ca hát bằng album24 giờ 7 ngày.
Những ngày đầu vào showbiz, cô đã được khen có gu so với đồng nghiệp cùng lứa. Đời thường, cô ăn vận gọn gàng, thường chọn những thiết kế cơ bản, thịnh hành trong thập niên 2000 như tank top, quần jeans ống đứng.
Phong cách này được cô duy trì tới năm 2013. Người đẹp ưu tiên những loại quần áo tôn dáng, vừa gợi cảm, vừa năng động.
Phong cách này được cô duy trì tới năm 2013. Người đẹp ưu tiên những loại quần áo tôn dáng, vừa gợi cảm, vừa năng động.
Những năm 2010, ngôi sao thích để kiểu tóc búi củ hành trên đỉnh đầu. Gu mặc của cô đa dạng và bắt mắt hơn. Nếu trên sân khấu, cô ""đóng đinh"" với váy áo sặc sỡ, đường cắt xẻ sâu, có cấu trúc phá cách, đời thường, người đẹp trung thành với những bộ đầm suông giấu dáng, váy chữ A trễ vai, sandals cao gót kiểu cách.
Những năm 2010, ngôi sao thích để kiểu tóc búi củ hành trên đỉnh đầu. Gu mặc của cô đa dạng và bắt mắt hơn. Nếu trên sân khấu, cô ""đóng đinh"" với váy áo sặc sỡ, đường cắt xẻ sâu, có cấu trúc phá cách, đời thường, người đẹp trung thành với những bộ đầm suông giấu dáng, váy chữ A trễ vai, sandals cao gót kiểu cách.
Phong cách của Hà Hồ năm 2017 thể hiện tính thử nghiệm với những kiểu mốt kén người mặc. Cô theo đuổi mốt color block, quần legging với giày bánh mỳ, mũ quá khổ.
Phong cách của Hà Hồ năm 2017 thể hiện tính thử nghiệm với những kiểu mốt kén người mặc. Cô theo đuổi mốt color block, quần legging với giày bánh mỳ, mũ quá khổ.
Năm 2018, Hồ Ngọc Hà được nhận xét có phong cách hiện đại. Thay vì những bộ đồ màu sắc, cầu kỳ, cô chuyển sang trang phục tối giản, tông màu trung tính, cho thấy sự tinh tế hơn trong việc lựa chọn và phối đồ. Các phụ kiện hàng hiệu cũng được người đẹp lựa chọn kỹ, ưu tiên kiểu dáng độc.
Năm 2018, Hồ Ngọc Hà được nhận xét có phong cách hiện đại. Thay vì những bộ đồ màu sắc, cầu kỳ, cô chuyển sang trang phục tối giản, tông màu trung tính, cho thấy sự tinh tế hơn trong việc lựa chọn và phối đồ. Các phụ kiện hàng hiệu cũng được người đẹp lựa chọn kỹ, ưu tiên kiểu dáng độc.
Năm 2021, Hồ Ngọc Hà được nhiều người khen khi lấy lại vóc dáng nhanh chóng sau khi sinh đôi. Thời điểm này, cô hay mang các loại giày dép chunky có tác dụng vừa êm chân vừa tôn chiều cao.
Năm 2021, Hồ Ngọc Hà được nhiều người khen khi lấy lại vóc dáng nhanh chóng sau khi sinh đôi. Thời điểm này, cô hay mang các loại giày dép chunky có tác dụng vừa êm chân vừa tôn chiều cao.
Năm 2022, bà mẹ ba con nâng cấp tủ đồ với hàng loạt kiểu dáng hot nhất, mới nhất từ những nhà mốt đình đám thế giới như Gucci, Hermes, Balenciaga, Bottega Veneta.
Năm 2022, bà mẹ ba con nâng cấp tủ đồ với hàng loạt kiểu dáng hot nhất, mới nhất từ những nhà mốt đình đám thế giới như Gucci, Hermes, Balenciaga, Bottega Veneta.
Song song những bộ cánh mang hơi hướng menswear, unisex, cô trung thành với váy áo xuyên thấu sexy mỗi lần đi biển hay dạo phố.
Song song những bộ cánh mang hơi hướng menswear, unisex, cô trung thành với váy áo xuyên thấu sexy mỗi lần đi biển hay dạo phố.
Phong cách doanh nhân thành đạt được cô duy trì suốt năm 2024. Nhờ gu mặc, cô trúng nhiều hợp đồng quảng cáo, tham gia các chiến dịch của Bulgari tại quốc tế.
Phong cách doanh nhân thành đạt được cô duy trì suốt năm 2024. Nhờ gu mặc, cô trúng nhiều hợp đồng quảng cáo, tham gia các chiến dịch của Bulgari tại quốc tế.
Cô diện đầm lệch vai trong đêm nhạc đón chào năm mới 2026.
Hồ Ngọc Hà cho biết mỗi ngày luôn dành thời gian tìm kiếm các nhà thiết kế và mẫu mã mới để thay đổi hình ảnh. Không chỉ dùng đồ hiệu, người đẹp còn ủng hộ nhiều thương hiệu trẻ địa phương. Với cô, việc làm mới trong thời trang và âm nhạc đều quan trọng, để tránh bị tụt lại phía sau.
Cô diện đầm lệch vai trong đêm nhạc đón chào năm mới 2026.
Hồ Ngọc Hà cho biết mỗi ngày luôn dành thời gian tìm kiếm các nhà thiết kế và mẫu mã mới để thay đổi hình ảnh. Không chỉ dùng đồ hiệu, người đẹp còn ủng hộ nhiều thương hiệu trẻ địa phương. Với cô, việc làm mới trong thời trang và âm nhạc đều quan trọng, để tránh bị tụt lại phía sau.
Sao MaiẢnh, video:Nhân vật cung cấp"
https://vnexpress.net/hon-nhan-10-nam-cua-quang-tuan-linh-phi-5002407.html,Hôn nhân 10 năm của Quang Tuấn - Linh Phi,"Diễn viên Quang Tuấn nói suốt 10 năm gắn bó, anh và vợ - ca sĩ Linh Phi - chưa từng giận nhau quá hai ngày.","Quang Tuấn đang được quan tâm vớiThiên đường máu- phim điện ảnh Việt đầu tiên về đề tài lừa đảo xuyên biên giới. Năm qua, anh gây tiếng vang trong loạt tác phẩm doanh thu ""trăm tỷ"", nhưĐịa đạo,Truy tìm long diên hương,là gương mặt được yêu thích trong show thực tếRunning Man.
Với diễn viên, thành tựu đạt được ở tuổi 40 phần lớn nhờ bàn tay của vợ. ""Không có Linh Phi, tôi khó lòng gặt hái được những trái ngọt này"", anh cho biết.
Quang Tuấn nói vợ chồng anh đến với nhau như định mệnh, nhờ cơ duyên diễn chung phim. Năm 2014, họ lần đầu gặp gỡ trong tác phẩm truyền hìnhKén rể.Dù từng đóng cặp với nhiều người đẹp, anh cảm giác ""tim đập thình thịch"" khi thoại cùng Linh Phi.
Dù nhà ngược hướng, cách nhau hàng chục km, sau mỗi buổi ghi hình, Quang Tuấn đều nán lại, viện lý do ""tiện đường"" để đưa cô về. Nhiều dịp, anh tìm cách tiếp xúc gần hơn để trò chuyện nhưng cô chỉ xem anh như đồng nghiệp. Có lần, diễn viên mời Linh Phi đi xemĐời Như Ý- vở kịch do anh đóng ở sân khấu Thế Giới Trẻ, cô từ chối khéo, tặng vé lại cho bố mẹ.
Anh tiếp tục mời cô đi cà phê sau những buổi làm việc chung. ""Mưa dầm thấm lâu"", Linh Phi dần rung động khi quan sát cách Quang Tuấn đối xử với mọi người trong đoàn phim. Với cô, anh hiền lành, vui tính, luôn đem lại cảm giác thoải mái khi ở cạnh. Sau hai năm hẹn hò, tìm hiểu, họ về chung một nhà, đón con đầu lòng năm 2020.
Vợ chồng diễn viên chưa từng giận nhau quá hai ngày, vì chung quan điểm cần nhìn về một hướng để vun đắp gia đình. Nếu Quang Tuấn to tiếng, cô chọn cách không đáp lại, một lúc sau mới phân tích đúng - sai, từ đó anh nhận ra bản thân là người có lỗi.
Quang Tuấn nói sự nghiệp anh thăng hoa hơn từ khi cưới vợ. Từng đi hát, Linh Phi chấp nhận bỏ nghề, lùi về phía sau làm hậu phương để chồng phát triển công việc. Thù lao diễn viên được chuyển thẳng vào tài khoản vợ vì anh không giỏi tính toán, quản lý tài chính. ""Tôi tâm niệm bản thân chỉ cần cố gắng làm việc để lo cho gia đình"", anh nói.
Một thập niên sát cánh, với Quang Tuấn, vợ là điểm tựa vững chắc. Trước mỗi dự án, cả hai cùngphân tích đường dây tâm lý nhân vật, đưa ra các góc nhìn và thảo luận. ĐóngThiên đường máu- xoay quanh chàng trai đi tìm em gái mất tích, anh và Linh Phi nghiền ngẫm câu chuyện. Dù tác phẩm có nhiều cảnh khó về thể lực, đòi hỏi sức bền, diễn viên quyết định nhận vai, như một cách tự thử thách kỹ năng diễn xuất.
Nhiều vai ghi dấu trên màn ảnh của Quang Tuấn đều do Linh Phi chọn. Với seriesTết ở làng địa ngục(2022), cô đọc trước nguyên tác của tác giả Thảo Trang, đánh giá có nhiều tình tiết cuốn hút, sau đó gợi ý chồng thử vai. Khi Quang Tuấn đóng người lính trong phimĐịa đạo(2025), vợ giúp anh lên kế hoạch siết cân bằng cách tập luyện, ăn kiêng, nhờ đó anh giảm 14 kg sau hai tháng.
Khác Quang Tuấn, Linh Phi tiếp cận kịch bản từ góc độ khán giả, với cái nhìn bao quát, khách quan. ""Trước đây tôi rất kén vai, nhưng vợ phân tích nếu làm tốt vai nào cũng sẽ tỏa sáng. Từ đó, tôi không còn bó buộc trong giới hạn nữa"", diễn viên nói.
Gần đây, Quang Tuấn bước khỏi vùng an toàn, mạnh dạn thử sức ở những vai trò mới, bên cạnh diễn xuất. Năm 2025, anh là một trong những nhân tố tạo sức hút của show truyền hìnhRunning Manmùa ba với biệt danh ""công chúa"", bên cạnh dàn sao như Trấn Thành, Ninh Dương Lan Ngọc, Liên Bỉnh Phát.
Ban đầu, anh hoài nghi bản thân, sợ tính cách rụt rè, ít nói làm ảnh hưởng đến bầu không khí chương trình, đồng thời bị lạc lõng giữa dàn cast năng động. Linh Phi thuyết phục chồng rằng cô và con gái - bé Gạo - mong được thấy anh trên truyền hình với màu sắc mới. ""Anh chỉ cần là chính mình, thoải mái nhất là được"", cô nói.
Linh Phi cũng là người đứng sau những video gây sốtTikTokcủa Quang Tuấn. Một lần, cô trêu anh ""không biết chơi social (mạng xã hội) gì cả"", và lập kênh cho chồng. Một người cháu trong gia đình phụ trách việc quay dựng, giới thiệu đến khán giả những góc nhìn khác về Quang Tuấn - hài hước, năng động hơn sau hậu trường. Hiện, trangTikTokcủa diễn viên thu hút 1,1 triệu người theo dõi, nhiều video đạt hàng chục triệu lượt xem.
Vợ cùng Quang Tuấn bước qua những nỗi buồn khi có vai diễn ít gây chú ý, phim doanh thu kém. Nhiều lần, thấy chồng trầm tư vì một dự án thất bại trên phòng vé, Linh Phi vực dậy tinh thần. Cô quan niệm một tác phẩm thành công cần cộng hưởng nhiều yếu tố, khuyên anh cố gắng hoàn thành tốt nhân vật, khán giả sẽ cảm nhận được sự nỗ lực.
Sau loạt phim thành công về thương mại, Quang Tuấn được một bộ phận khán giả gọi là ""diễn viên trăm tỷ"", ""ông hoàng phim kinh dị"". Nghệ sĩ cho biết không đặt mục tiêu cụ thể cho sự nghiệp, do đó cũng không áp lực trước những danh xưng. ""Tôi chỉ mong được mọi người công nhận thực lực, có thể nuôi vợ con bằng nghề. Tôi tin cứ cố hết sức sẽ được đền đáp xứng đáng"", anh nói.
Quang Tuấn là gương mặt quen thuộc của làng phim miền Nam. Anh từng đoạt giảiNam chính xuất sắchạng mục Phim truyền hình tại giải Cánh Diều Vàng 2016 cho vai diễn trongKhúc hát mặt trời. Ngoài đóng phim, anh diễn kịch tại sân khấu Thế Giới Trẻ. Những năm gần đây, anh liên tiếp được mời đóng các tác phẩm kinh dị, trong đóQuỷ nhập tràng -ra mắt đầu tháng 3/2025 - đạt gần 150 tỷ đồng. Cuối năm ngoái,Truy tìm long diên hương- phim võ thuật đầu tiên anh đảm nhận - gây sốt phòng vé với doanh thu hơn 200 tỷ đồng.
Tam Kỳ"
https://vnexpress.net/vo-chong-david-beckham-no-luc-lam-lanh-voi-con-ca-5004000.html,Vợ chồng David Beckham nỗ lực làm lành với con cả,"Cựu danh thủ David Beckham và nhà thiết kế Victoria nhiều lần muốn gặp, nói chuyện với vợ chồng con cả Brooklyn để hàn gắn tình cảm nhưng không thành.","Mâu thuẫn gia đình Beckham ngày càng trầm trọng khi có thông tin Brooklyn, 27 tuổi, yêu cầu bố mẹ chỉliên lạcvới anh qua luật sư. Con trai lớn nhà danh thủ được cho gửi văn bản đề nghị đến ông bà Vic-Beck thông qua công ty pháp lý của hai bên cuối mùa hè năm 2025. Anh hiện sống tại California cùng vợ - diễn viên Nicola Pelz Beckham, 31 tuổi.
Nguồn tin củaPeoplengày 9/1 cho biết vợ chồng Beckham từ lâu cố gắng giảng hòa với con trai và con dâu. Vic-Beck nhiều lần yêu cầu hai con gặp mặt, nói chuyện để cùng giải quyết vấn đề. David Beckham được cho mời Brooklyn và Nicola dự lễ phong tước Hiệp sĩ và các bữa tiệc sau đó của gia đình đầu tháng 11/2025. TrangThe Suncho biết Brooklyn từ chối vì nghĩ cuộc gặp này giống một cơ hội được dàn dựng để quảng bá hình ảnh.
Một năm qua, vợ chồng Brooklyn vắng mặt trong nhiều sự kiện quan trọng của cả nhà như tiệc sinh nhật 50 tuổi của bố, buổi quảng bá phim tài liệu của mẹ. Brooklyn hầu như dành thời gian cho nhà vợ. Trên trang cá nhân, anh cũng không nhắc đến các gia đình ruột thịt, trừ lúc đăng bài chúc mừng sinh nhật em gái Harper và ông nội trong cùng tháng 7/2025. Bài viết gần nhất của anh có nội dung mừng Nicola bước qua tuổi mới hôm 9/1, tự nhận là người đàn ông may mắn nhất vì được gọi cô là vợ.
Dù bị Brooklyn hạn chế tương tác, David Beckham và vợ nhấn thích nhiều bài đăng của con trai. Nhưng đến tháng 12/2025, Cruz - 21 tuổi, con trai thứ ba nhà Becks - cho biết anh traichặn tài khoảnInstagramcủa bố mẹ. Brooklyn cũng làm thế với Cruz và em trai thứ hai - Romeo, 24 tuổi. Nguồn tin củaThe Suntiết lộ Brooklyn quyết định cắt liên hệ với cả nhà sau khi nhà thiết kế Victoria ""bấm like"" một video nấu ăn của anh. Việc này bị xem như vi phạm văn bản giữa hai bên.
Dù bị chặn tài khoản, David nhắc Brooklyn trong một bài đăng trênInstagram Storydịp cuối năm. Anh chia sẻhình chụpvới con lúc nhỏ kèm lời nhắn ""Bố yêu các con rất nhiều"". Anh đăng thêm ảnh Brooklyn chụp cùng mẹ, hai em trai và em gái Harper khi còn là em bé. Nguồn tin cho biết David rất thương bốn người con, xem họ là tất cả.
Gia đình Beckham vướng tinbất hòatừ tháng 4/2025 khi truyền thông quốc tế phát hiện vợ chồng Brooklyn không còn xuất hiện cùng Vic-Beck. Lần cuối tất cả thành viên gặp nhau vào Giáng sinh 2024. Đến nay chưa rõ nguyên nhân cậu cả ""quay lưng"" với cả nhà. Một số trang báo quốc tế cho rằng mâu thuẫn bắt đầu từ đám cưới của Brooklyn ở Florida năm 2022, khi Nicola Peltz không mặc áo cưới do mẹ chồng thiết kế.
Hồi tháng 8/2025, Brooklyn và Nicola gây chú ý khi tổ chức ""hôn lễ thứ hai"" nhưng không mời đàng trai tham dự. TheoThe Sun, Vic-Beck và những người con còn lại chỉ biết sự kiện qua truyền thông. Trước khi mối quan hệ rạn nứt, cả nhà Beckham rất thân thiết, thường xuyên đăng ảnh, video đi chơi cùng nhau.
Phương Thảo(theoPeople,Daily Mail,The Sun)"
https://vnexpress.net/dan-sao-tao-quan-ngay-ay-bay-gio-5003278.html,Dàn sao 'Táo quân' ngày ấy - bây giờ,"""Bắc Đẩu"" Công Lý hồi phục sau đột quỵ, còn nghệ sĩ Tự Long làm mới hình ảnh qua show ""Anh trai vượt ngàn chông gai"", sau 22 năm đóng Táo quân.","Thông tinTáo quândừng sản xuấtsau 22 năm, hôm 7/1, khiến nhiều khán giả tiếc nuối. Chương trình ra mắt năm 2003, do nghệ sĩ Khải Hưng chỉ đạo nội dung, đạo diễn Đỗ Thanh Hải đóng góp ý tưởng. Khi về hưu, ông Khải Hưng bàn giaoTáo quâncho Đỗ Thanh Hải.
Chương trình phát sóng vào giao thừa âm lịch hàng năm, mượn điển tích Táo quân về trời báo cáo Ngọc Hoàng những việc mình đã làm suốt một năm. Dàn nghệ sĩ đảm nhận vai Táo ở nhiều lĩnh vực như kinh tế, xã hội, giáo dục, giao thông, phản ánh, đả kích các vấn đề nổi cộm diễn ra trong năm.
Ban đầu,Táo quânchỉ là một tiểu phẩm hài độc lập của chương trìnhGặp nhau cuối năm, đến năm 2006 được hợp nhất. Năm 2024, êkípthay gần toàn bộdiễn viên, chỉ giữ lại Quốc Khánh đóng Ngọc Hoàng. Sau khi phát sóng, nhiều khán giả nhận xét dàn diễn viênnỗ lựcđổi mới nhưng thích nét diễn của các nghệ sĩ đã gắn bó chương trình hơn 20 năm. Năm ngoái, dàn gương mặt gạo cội trở lại.
Thông tinTáo quândừng sản xuấtsau 22 năm, hôm 7/1, khiến nhiều khán giả tiếc nuối. Chương trình ra mắt năm 2003, do nghệ sĩ Khải Hưng chỉ đạo nội dung, đạo diễn Đỗ Thanh Hải đóng góp ý tưởng. Khi về hưu, ông Khải Hưng bàn giaoTáo quâncho Đỗ Thanh Hải.
Chương trình phát sóng vào giao thừa âm lịch hàng năm, mượn điển tích Táo quân về trời báo cáo Ngọc Hoàng những việc mình đã làm suốt một năm. Dàn nghệ sĩ đảm nhận vai Táo ở nhiều lĩnh vực như kinh tế, xã hội, giáo dục, giao thông, phản ánh, đả kích các vấn đề nổi cộm diễn ra trong năm.
Ban đầu,Táo quânchỉ là một tiểu phẩm hài độc lập của chương trìnhGặp nhau cuối năm, đến năm 2006 được hợp nhất. Năm 2024, êkípthay gần toàn bộdiễn viên, chỉ giữ lại Quốc Khánh đóng Ngọc Hoàng. Sau khi phát sóng, nhiều khán giả nhận xét dàn diễn viênnỗ lựcđổi mới nhưng thích nét diễn của các nghệ sĩ đã gắn bó chương trình hơn 20 năm. Năm ngoái, dàn gương mặt gạo cội trở lại.
Trích đoạn các Táo đề xuất địa điểm chơi pickelball cho Ngọc Hoàng ởTáo quân 2025. Video:VFC
Nghệ sĩ Quốc Khánh gắn bó vai Ngọc Hoàng từ năm 2004, ghi dấu ấn bởi lối diễn điềm đạm. Dù không có nhiều thoại, nhân vật luôn đưa ra những câu nói chủ chốt. Theo Quốc Quân, người đóng Táo Kinh tế 2024, Quốc Khánh làlinh hồn, người ""không thể thay thế"" của chương trình suốt 20 năm qua.
Nghệ sĩ Quốc Khánh gắn bó vai Ngọc Hoàng từ năm 2004, ghi dấu ấn bởi lối diễn điềm đạm. Dù không có nhiều thoại, nhân vật luôn đưa ra những câu nói chủ chốt. Theo Quốc Quân, người đóng Táo Kinh tế 2024, Quốc Khánh làlinh hồn, người ""không thể thay thế"" của chương trình suốt 20 năm qua.
Quốc Khánh trong buổi nhận quyết địnhnghỉ hưutại Nhà hát Kịch Việt Nam năm 2022. Ảnh:Hà Thu
Nghệ sĩ 64 tuổi, từng nhận giải Bông Sen Vàng và Cánh Diều Vàng với vai anh Gù mồ côi trongÁo lụa Hà Đông(2006). Sau tác phẩmBão qua làng(2014), anh vắng bóng trên màn ảnh nhỏ bởi muốn dành nhiều thời gian cho bản thân. Diễn viên sống độc thân, từng nói thấytự dobởi không ai quản lý, chủ động trong công việc lẫn cuộc sống.
Hôm 7/1, trước thông tin ''nghệ sĩ Quốc Khánh bị ung thư phổi, hiện di căn sang xương"" trên mạng xã hội, anh cho biết bản thânđang ổn. Theo một nguồn tin, gần đây diễn viên gặp một số vấn đề về sức khỏe nhưng hiện đã xuất viện.
Quốc Khánh trong buổi nhận quyết địnhnghỉ hưutại Nhà hát Kịch Việt Nam năm 2022. Ảnh:Hà Thu
Nghệ sĩ 64 tuổi, từng nhận giải Bông Sen Vàng và Cánh Diều Vàng với vai anh Gù mồ côi trongÁo lụa Hà Đông(2006). Sau tác phẩmBão qua làng(2014), anh vắng bóng trên màn ảnh nhỏ bởi muốn dành nhiều thời gian cho bản thân. Diễn viên sống độc thân, từng nói thấytự dobởi không ai quản lý, chủ động trong công việc lẫn cuộc sống.
Hôm 7/1, trước thông tin ''nghệ sĩ Quốc Khánh bị ung thư phổi, hiện di căn sang xương"" trên mạng xã hội, anh cho biết bản thânđang ổn. Theo một nguồn tin, gần đây diễn viên gặp một số vấn đề về sức khỏe nhưng hiện đã xuất viện.
Bộ đôi Nam Tào - Bắc Đẩu, hai vị thần kề cận Ngọc Hoàng, là một trong những dấu ấn đậm nét của chương trình. Nghệ sĩ Xuân Bắc (phải) đóng Nam Tào, xuất hiện từ năm đầu tiên. Nhân vật mang phong thái đĩnh đạc, nghiêm túc nhưng không kém phần hài hước. ỞTáo quân 2022, 2025, Xuân Bắc vắng bóng do bận công việc.
Bộ đôi Nam Tào - Bắc Đẩu, hai vị thần kề cận Ngọc Hoàng, là một trong những dấu ấn đậm nét của chương trình. Nghệ sĩ Xuân Bắc (phải) đóng Nam Tào, xuất hiện từ năm đầu tiên. Nhân vật mang phong thái đĩnh đạc, nghiêm túc nhưng không kém phần hài hước. ỞTáo quân 2022, 2025, Xuân Bắc vắng bóng do bận công việc.
Trước Táo quân, Xuân Bắc tham gia các bộ phim12A và 4H, Chuyện nhà Mộc, được biết đến qua vai núi trong Sóng ở đáy sông(2000), đóng nhiều tiểu phẩm hài trongGặp nhau cuối năm.Anh cũngthành công với vai trò MC ở các chương trìnhĐuổi hình bắt chữ, Hỏi xoáy Đáp xoay, Ơn giời cậu đây rồi, Vua tiếng Việt.
Xuân Bắccông tác tại Nhà hát Kịch Việt Nam từ năm 1998, giữ chứcgiám đốcnăm 2021. Anh nhận danh hiệu Nghệ sĩ Nhân dân vào tháng 4/2024. Cuối năm 2024, anh được bổ nhiệmCục trưởng Nghệ thuật Biểu diễnở tuổi 48.
Nghệ sĩ kết hôn giảng viên nghệ thuật Hồng Nhung, có ba con trai. Trong đó con thứ hai - Bi - được khán giả yêu thích khi xuất hiện cùng anh ở chương trìnhBố ơi mình đi đâu thếmùa 2.
Trước Táo quân, Xuân Bắc tham gia các bộ phim12A và 4H, Chuyện nhà Mộc, được biết đến qua vai núi trong Sóng ở đáy sông(2000), đóng nhiều tiểu phẩm hài trongGặp nhau cuối năm.Anh cũngthành công với vai trò MC ở các chương trìnhĐuổi hình bắt chữ, Hỏi xoáy Đáp xoay, Ơn giời cậu đây rồi, Vua tiếng Việt.
Xuân Bắccông tác tại Nhà hát Kịch Việt Nam từ năm 1998, giữ chứcgiám đốcnăm 2021. Anh nhận danh hiệu Nghệ sĩ Nhân dân vào tháng 4/2024. Cuối năm 2024, anh được bổ nhiệmCục trưởng Nghệ thuật Biểu diễnở tuổi 48.
Nghệ sĩ kết hôn giảng viên nghệ thuật Hồng Nhung, có ba con trai. Trong đó con thứ hai - Bi - được khán giả yêu thích khi xuất hiện cùng anh ở chương trìnhBố ơi mình đi đâu thếmùa 2.
Nghệ sĩ Công Lý hóa thân Bắc Đẩu, được xem là cặp bài trùng với Xuân Bắc. Ở năm đầu tiên, nhân vật mặc vest, để đầu đinh nhưng đeo khuyên tai, giũa móng tay, cử chỉ điệu đà. Dần dà, êkíp xây dựng thành nhân vật không rõ ràng về giới tính. Tạo hình của Bắc Đẩu cũng được đầu tư nhiều hơn qua từng năm với tóc giả, váy áo màu sắc rực rỡ. Trái ngược Nam Tào, Bắc Đẩu đanh đá, chua ngoa khi phê bình những sai phạm của các Táo.
Nghệ sĩ Công Lý hóa thân Bắc Đẩu, được xem là cặp bài trùng với Xuân Bắc. Ở năm đầu tiên, nhân vật mặc vest, để đầu đinh nhưng đeo khuyên tai, giũa móng tay, cử chỉ điệu đà. Dần dà, êkíp xây dựng thành nhân vật không rõ ràng về giới tính. Tạo hình của Bắc Đẩu cũng được đầu tư nhiều hơn qua từng năm với tóc giả, váy áo màu sắc rực rỡ. Trái ngược Nam Tào, Bắc Đẩu đanh đá, chua ngoa khi phê bình những sai phạm của các Táo.
Ngoài diễn hài,Công Lýtham gia nhiều phim truyền hình nhưGió làng Kình, Bão qua làng, Chuyện ngang qua phố cũ, Những cô gái trong thành phố, Hướng dương ngược nắng.Anh từng giữ chức Phó giám đốc ở Nhà hát Kịch Hà Nội. Diễn viên nhận danh hiệu Nghệ sĩ Nhân dân năm 2019.
Tháng 7/2021, diễn viên bị đột quỵ, phải điều trị thời gian dài. Khi sức khỏe dần ổn định, anh nhận những vai nhỏ trong một số dự án truyền hình để vơi bớt nỗi nhớ nghề.
Nghệ sĩ kết hôn lần ba với vợ kém 15 tuổi - Ngọc Hà - đầu năm 2021. Công Lý có hai con, trong đó Thục Anh, 25 tuổi - con gái của anh và vợ đầu - hiện theo nghề đạo diễn. Năm 2024, Thục Anh ra mắt phimCó một chòm sao, khắc họa chân dung diễn viên và giai đoạn anh đối diện bệnh tật.
Ngoài diễn hài,Công Lýtham gia nhiều phim truyền hình nhưGió làng Kình, Bão qua làng, Chuyện ngang qua phố cũ, Những cô gái trong thành phố, Hướng dương ngược nắng.Anh từng giữ chức Phó giám đốc ở Nhà hát Kịch Hà Nội. Diễn viên nhận danh hiệu Nghệ sĩ Nhân dân năm 2019.
Tháng 7/2021, diễn viên bị đột quỵ, phải điều trị thời gian dài. Khi sức khỏe dần ổn định, anh nhận những vai nhỏ trong một số dự án truyền hình để vơi bớt nỗi nhớ nghề.
Nghệ sĩ kết hôn lần ba với vợ kém 15 tuổi - Ngọc Hà - đầu năm 2021. Công Lý có hai con, trong đó Thục Anh, 25 tuổi - con gái của anh và vợ đầu - hiện theo nghề đạo diễn. Năm 2024, Thục Anh ra mắt phimCó một chòm sao, khắc họa chân dung diễn viên và giai đoạn anh đối diện bệnh tật.
Vân Dung là nghệ sĩ nữ duy nhất gắn bóTáo quânqua các năm. Năm 2003, chị hóa thân Táo Xã hội (trái). Trong những số sau, chị gây ấn tượng nhất khi vào vai Táo Y tế. Nhân vật thường xuất hiện với tạo hình nổi bật, lời thoại duyên dáng.
Hôm 6/1,Vân Dung đăng tải những câu thơ thể hiện sự tiếc nuối khi chương trình không diễn ra vào Tết Nguyên đán 2026: ''20 năm diễn Táo quân/ Chương trình như thể một phần trong em/ Năm nay không được bon chen/ Táo quân không có nên em rất buồn''.
Vân Dung là nghệ sĩ nữ duy nhất gắn bóTáo quânqua các năm. Năm 2003, chị hóa thân Táo Xã hội (trái). Trong những số sau, chị gây ấn tượng nhất khi vào vai Táo Y tế. Nhân vật thường xuất hiện với tạo hình nổi bật, lời thoại duyên dáng.
Hôm 6/1,Vân Dung đăng tải những câu thơ thể hiện sự tiếc nuối khi chương trình không diễn ra vào Tết Nguyên đán 2026: ''20 năm diễn Táo quân/ Chương trình như thể một phần trong em/ Năm nay không được bon chen/ Táo quân không có nên em rất buồn''.
Nghệ sĩ chụp cùng con trai tại nhà riêng.
Vân Dung51 tuổi, sinh ra trong gia đình có truyền thống nghệ thuật. Năm 1992, chị từng vào Top 15 Hoa hậu báo Tiền Phong (tiền thân cuộc thi Hoa hậu Việt Nam). Những năm gần đây, Vân Dung tham gia nhiều phim truyền hình nhưGhét thì yêu thôi, Hướng dương ngược nắng, 11 tháng 5 ngày, Chồng cũ, vợ cũ, người yêu cũ.Năm 2024, chị góp mặt trong dự án điện ảnhQuỷ cẩu, thử sức với thể loại kinh dị.
Con trai của Vân Dung -Long Vũ, 25 tuổi - cũng nối nghiệp mẹ. Anh từng đóng một vai nhỏ ở phimCuộc chiến không giới tuyến(2023), nổi tiếng với vai Chải trongĐi giữa trời rực rỡ(2024).
Nghệ sĩ chụp cùng con trai tại nhà riêng.
Vân Dung51 tuổi, sinh ra trong gia đình có truyền thống nghệ thuật. Năm 1992, chị từng vào Top 15 Hoa hậu báo Tiền Phong (tiền thân cuộc thi Hoa hậu Việt Nam). Những năm gần đây, Vân Dung tham gia nhiều phim truyền hình nhưGhét thì yêu thôi, Hướng dương ngược nắng, 11 tháng 5 ngày, Chồng cũ, vợ cũ, người yêu cũ.Năm 2024, chị góp mặt trong dự án điện ảnhQuỷ cẩu, thử sức với thể loại kinh dị.
Con trai của Vân Dung -Long Vũ, 25 tuổi - cũng nối nghiệp mẹ. Anh từng đóng một vai nhỏ ở phimCuộc chiến không giới tuyến(2023), nổi tiếng với vai Chải trongĐi giữa trời rực rỡ(2024).
Tham giaTáo quân 2003,sự nghiệp củaQuang Thắngcũng bước sang trang mới. Anh để lại nhiều ấn tượng nhất với vai Táo Kinh tế, được khán giả nhớ đến với chiếc mũi to và chất giọng Hải Phòng đặc trưng.
Tham giaTáo quân 2003,sự nghiệp củaQuang Thắngcũng bước sang trang mới. Anh để lại nhiều ấn tượng nhất với vai Táo Kinh tế, được khán giả nhớ đến với chiếc mũi to và chất giọng Hải Phòng đặc trưng.
Nghệ sĩ 58 tuổi, sinh trưởng trong một gia đình giàu truyền thống nghệ thuật ở Hải Phòng, sớm bộc lộ năng khiếu ca hát, diễn xuất. Anh trải qua thời trẻcơ cực, phải làm đủ nghề để kiếm sống. Thời điểm lên Hà Nội đóngTáo quân, diễn viên phải ở nhờ nhà người thân, lang thang đi thuê trọ.
Nhiều năm làm nghề, tích góp, anh mua được căn nhà nhỏ tại Gia Lâm để thuận tiện công việc. Diễn viên không đón vợ và ba con lên Hà Nội mà luôn sắp xếp thời gian để về nhà ở Hải Phòng.
Ngoài đóng hài, anh diễn xuất ở một số phim điện ảnhChàng trai năm ấy, Người vợ cuối cùngvà các dự án truyền hìnhHoa cỏ may, Đất và người, Bão qua làng, Yêu thì ghét thôi, 11 tháng 5 ngày.Năm 2015, Quang Thắng nhận danh hiệu Nghệ sĩ Ưu tú.
Nghệ sĩ 58 tuổi, sinh trưởng trong một gia đình giàu truyền thống nghệ thuật ở Hải Phòng, sớm bộc lộ năng khiếu ca hát, diễn xuất. Anh trải qua thời trẻcơ cực, phải làm đủ nghề để kiếm sống. Thời điểm lên Hà Nội đóngTáo quân, diễn viên phải ở nhờ nhà người thân, lang thang đi thuê trọ.
Nhiều năm làm nghề, tích góp, anh mua được căn nhà nhỏ tại Gia Lâm để thuận tiện công việc. Diễn viên không đón vợ và ba con lên Hà Nội mà luôn sắp xếp thời gian để về nhà ở Hải Phòng.
Ngoài đóng hài, anh diễn xuất ở một số phim điện ảnhChàng trai năm ấy, Người vợ cuối cùngvà các dự án truyền hìnhHoa cỏ may, Đất và người, Bão qua làng, Yêu thì ghét thôi, 11 tháng 5 ngày.Năm 2015, Quang Thắng nhận danh hiệu Nghệ sĩ Ưu tú.
Nghệ sĩ Tự Long gắn bóTáo quântừ năm 2003 đến nay. Anh có khả năng hát, biến hóa linh hoạt với nhiều dạng vai như Táo Thoát nước, Táo Văn hóa giáo dục, Táo Xã hội, Táo Thể thao, Táo Thổ địa, Táo Giao thông.
Nghệ sĩ Tự Long gắn bóTáo quântừ năm 2003 đến nay. Anh có khả năng hát, biến hóa linh hoạt với nhiều dạng vai như Táo Thoát nước, Táo Văn hóa giáo dục, Táo Xã hội, Táo Thể thao, Táo Thổ địa, Táo Giao thông.
Tự Long53 tuổi, có bố mẹ là cặp vợ chồng nghệ sĩ dân ca Tự Lẫm - Minh Phức. Năm 1998, anh vào Đoàn chèo Tổng cục Hậu cần (tên cũ của Nhà hát Chèo Quân đội), đi lên từ những vai nhỏ. Anh được phong tặng danh hiệu Nghệ sĩ Ưu tú năm 2012 và Nghệ sĩ Nhân dân năm 2015.
Năm 2024, Tự Long ghi dấu ấn khi tham giaAnh trai vượt ngàn chông gai- show ca hát dành cho 33 gương mặt nam hoạt động ở nhiều lĩnh vực của showbiz. Cuối năm 2025, anh đóng một vai trong phimHộ linh tráng sĩ: Bí ẩn mộ vua Đinh-dự án điện ảnh của Nguyễn Phan Quang Bình, Johnny Trí Nguyễn là đạo diễn võ thuật. Nghệ sĩ cũng bảo vệ thành công luận án Tiến sĩ ngành Lý luận và Lịch sử sân khấu, cuối tháng 11/2025.
Tự Longkết hônlần hai với Minh Nguyệt năm 2015. Cô kém anh 12 tuổi, là giảng viên trường Đại học Văn hóa Nghệ thuật Quân đội. Sau gần 11 năm chung sống, họ đón hai con gái, một bé trai.
Tự Long53 tuổi, có bố mẹ là cặp vợ chồng nghệ sĩ dân ca Tự Lẫm - Minh Phức. Năm 1998, anh vào Đoàn chèo Tổng cục Hậu cần (tên cũ của Nhà hát Chèo Quân đội), đi lên từ những vai nhỏ. Anh được phong tặng danh hiệu Nghệ sĩ Ưu tú năm 2012 và Nghệ sĩ Nhân dân năm 2015.
Năm 2024, Tự Long ghi dấu ấn khi tham giaAnh trai vượt ngàn chông gai- show ca hát dành cho 33 gương mặt nam hoạt động ở nhiều lĩnh vực của showbiz. Cuối năm 2025, anh đóng một vai trong phimHộ linh tráng sĩ: Bí ẩn mộ vua Đinh-dự án điện ảnh của Nguyễn Phan Quang Bình, Johnny Trí Nguyễn là đạo diễn võ thuật. Nghệ sĩ cũng bảo vệ thành công luận án Tiến sĩ ngành Lý luận và Lịch sử sân khấu, cuối tháng 11/2025.
Tự Longkết hônlần hai với Minh Nguyệt năm 2015. Cô kém anh 12 tuổi, là giảng viên trường Đại học Văn hóa Nghệ thuật Quân đội. Sau gần 11 năm chung sống, họ đón hai con gái, một bé trai.
Nghệ sĩ Chí Trung xuất hiện lần đầu ởTáo quân 2005(trái), trong vai Táo Giao thông. Anh trở thành màu sắc hài riêng của chương trình với loạt câu thoại gây sốt như: ""Giàu thì nó ghét, đói rét thì nó khinh, thông minh thì nó tìm cách tiêu diệt"", ""Nước trong thì không có cá, người tốt quá thì không ai chơi"". Năm 2024, anh không đóng Táo quân khi chương trình thay thế dàn diễn viên gạo cội bằng những người trẻ doáp lực đổi mới.
Nghệ sĩ Chí Trung xuất hiện lần đầu ởTáo quân 2005(trái), trong vai Táo Giao thông. Anh trở thành màu sắc hài riêng của chương trình với loạt câu thoại gây sốt như: ""Giàu thì nó ghét, đói rét thì nó khinh, thông minh thì nó tìm cách tiêu diệt"", ""Nước trong thì không có cá, người tốt quá thì không ai chơi"". Năm 2024, anh không đóng Táo quân khi chương trình thay thế dàn diễn viên gạo cội bằng những người trẻ doáp lực đổi mới.
Chí Trung65 tuổi, là con trai nghệ sĩ Quý Dương và nghệ sĩ violin Phùng Thúy Lan. Ở sân khấu, anh từng tham gia nhiều vở gồmRomeo và Juliet, Lời thề thứ 9, Trò đời.Anh được phong tặng danh hiệu Nghệ sĩ Ưu tú năm 1997, từng giữ chứcGiám đốc Nhà hát Tuổi trẻ. Diễn viên cũng góp mặt trong nhiều tác phẩm truyền hình nhưKiều nữ và đại gia, Ghét thì yêu thôi, Yêu thì ghét thôi, Thông gia ngõ hẹp, Độc đạo.
Ở tuổi hưu, Chí Trung tận hưởng cuộc sống bên bạn gái Ý Lan - người kém anh 18 tuổi. Anh còn hoạt động năng nổ trênTikTok,thường đăng tải những video đời thường, từng gây chú ý khi giới thiệu không gian sống ở khu tập thể phía sau Nhà hát Lớn Hà Nội.
Chí Trung65 tuổi, là con trai nghệ sĩ Quý Dương và nghệ sĩ violin Phùng Thúy Lan. Ở sân khấu, anh từng tham gia nhiều vở gồmRomeo và Juliet, Lời thề thứ 9, Trò đời.Anh được phong tặng danh hiệu Nghệ sĩ Ưu tú năm 1997, từng giữ chứcGiám đốc Nhà hát Tuổi trẻ. Diễn viên cũng góp mặt trong nhiều tác phẩm truyền hình nhưKiều nữ và đại gia, Ghét thì yêu thôi, Yêu thì ghét thôi, Thông gia ngõ hẹp, Độc đạo.
Ở tuổi hưu, Chí Trung tận hưởng cuộc sống bên bạn gái Ý Lan - người kém anh 18 tuổi. Anh còn hoạt động năng nổ trênTikTok,thường đăng tải những video đời thường, từng gây chú ý khi giới thiệu không gian sống ở khu tập thể phía sau Nhà hát Lớn Hà Nội.
Phương LinhẢnh:VFC, Fanpage nghệ sĩ"
https://vnexpress.net/chong-sao-ngoi-nha-nho-tren-thao-nguyen-vuong-cao-buoc-lam-dung-tre-em-5004114.html,Chồng sao 'Ngôi nhà nhỏ trên thảo nguyên' vướng cáo buộc lạm dụng trẻ em,"Đạo diễn Timothy Busfield - 69 tuổi, chồng minh tinh Melissa Gilbert - bị tố cáo sàm sỡ diễn viên nhí trên phim trường ""The Cleaning Lady"".","Ngày 10/1,Varietyđưa tin Timothy Busfield vướng cáo buộc lạm dụng tình dục trẻ vị thành niên, sau khi sở cảnh sát New Mexico (Mỹ) ban hành lệnh bắt giữ ông. Nạn nhân là anh em sinh đôi hiện 11 tuổi, danh tính được giữ kín, trừ thông tin cả hai từng đóngThe Cleaning Lady- phim truyền hình do Busfield đạo diễn và đóng từ năm 2022 đến 2025.
Hiện luật sư và đại diện của Timothy Busfield chưa bình luận về vấn đề trên. Truyền thông quốc tế cũng chưa rõ ông bị bắt hay chưa.
Theo đơn tố cáo, Timothy Busfield có hành vi không đứng đắn trên phim trường, từng yêu cầu các bé gọi ông là ""chú Tim"". Một trong hai em kể lần đầu bị Busfield ""chạm vào vùng kín"" vào năm bảy tuổi, khoảng ba đến bốn lần. Lên tám tuổi, em tiếp tục bị ông quấy rối năm, sáu lần. Cậu bé nói với cảnh sát rằng ""rất sợ Tim, cảm thấy nhẹ nhõm khi ông rời khỏi trường quay"".
Cũng theo hồ sơ, nạn nhân mắc chứng lo âu và rối loạn căng thẳng sau chấn thương. Nhà trị liệu cho biết bé thường gặp ác mộng về việc bị đạo diễn sờ mó, hay giật mình tỉnh giấc. Cậu bé không dám kể với ai vì Busfield là đạo diễn, cũng như sợ ôngnổi giận.
Cuộc điều tra bắt đầu từ tháng 11/2024 khi lực lượng chức năng nhận một cuộc gọi từ Bệnh viện Đại học New Mexico. Một bác sĩ cho biết về một vụ lạm dụng trẻ sau khi phụ huynh đưa hai em đến khám theo lời khuyên của các luật sư. Tuy nhiên thời điểm ấy, các em không tiết lộ những chuyện xảy ra với Timothy Busfield, chỉ khai báo ông từng ""cù lét bụng và chân"" của chúng. Giới chức trách xác định các hành động đó không đủ nghiêm trọng để truy tố.
Đến tháng 9/2025, một trong hai em kể với bác sĩ của mình rằng đã bị đạo diễn sàm sỡ. Bé còn lại cho biết không thích việc bị đụng chạm. Một tháng sau, mẹ của hai em đã báo cáo sự việc lên Cơ quan Bảo vệ Trẻ em (Child Protective Services), cho biết vụ lạm dụng diễn ra từ tháng 11/2022 đến mùa xuân năm 2024.
Trong buổi lấy lời khai với cảnh sát tháng 11/2025, Timothy Busfield nói có thể ông từng cù lét hoặc bế các em vì muốn tạo bầu không khí vui vẻ. Tuy nhiên, ông cho biết chỉ làm vậy trước mặt phụ huynh. Đạo diễn cũng khai rằng đã nghe diễn viên chính của phim - Elodie Yung - cho biết mẹ của hai bé muốn trả thù ông chuyện các con bà không được đóng mùa cuối. Yung từ chối trả lời cảnh sát, cho biết không muốn liên quan đến cuộc điều tra.
Cũng trong năm 2025, Warner Bros. - đơn vị sản xuấtThe Cleaning Lady- tiến hành điều tra một vụ khiếu nại ẩn danh khác. Người này tố cáo Timothy Busfield từng hôn mặt một bé trai trong phòng hóa trang. Tuy nhiên, hãng phim không thể xác minh sai phạm. Theo lệnh bắt giữ, Busfield từng đối mặt nhiều cáo buộc tấn công tình dục hồi năm 1994.
Timothy Busfield sinh năm 1957, là đạo diễn kiêm diễn viên Mỹ. Ông nổi tiếng qua loạt phim truyền hìnhThe West Wing(1999-2006),Field of Dreams(1989).Năm 1991, ông thắng giải Nam phụ xuất sắcEmmycho màn thể hiện trong seriesThirtysomething(1987-1991).Năm 2013, ông kết hôn diễn viênMelissa Gilbert, trở thành chồng thứ ba của bà. Đây cũng là cuộc hôn nhân thứ ba của ông.
Phương Thảo(theoPeople,Variety,AP)"
https://vnexpress.net/hau-truong-vu-ngoc-va-son-cung-200-nguoi-lam-show-o-hong-kong-5004023.html,Hậu trường Vũ Ngọc và Son cùng 200 người làm show ở Hong Kong,"Nhà mốt Vũ Ngọc và Son cho biết chỉ ngủ khoảng một tiếng mỗi ngày khi cùng nhân sự, người mẫu thực hiện show diễn ở nước ngoài.","Ngày 9/1, hai nhà thiết kế phát hành video giới thiệu bộ sưu tậpTình ca trên sóng,thực hiện theo hình thức digital show, ghi hình tại West Kowloon Cultural District - khu văn hóa nghệ thuật nổi tiếng của Hong Kong. Họ đồng thời tiết lộ hậu trường thực hiện sự kiện ở nước ngoài. Theo Vũ Ngọc và Son, dự án khiến êkíp gặp nhiều thử thách nhất trong hơn 10 năm theo đuổi thời trang.
Họ nhận được giấy phép biểu diễn chỉ hai ngày trước khi show diễn ra. Lúc này, công đoạn liên hệ người mẫu, chuyên gia trang điểm, làm tóc, nhiếp ảnh gia, mua vé máy bay, đặt phòng khách sạn mới bắt đầu. Nhà thiết kế Đinh Trường Tùng (Son) cho biết mọi thứ diễn ra gấp gáp, nhiều áp lực, tuy nhiên êkíp may mắn nhận được sự hỗ trợ của các đối tác.
Đến Hong Kong vào ngày 27/12, êkíp khảo sát địa điểm, họp bàn và có vài tiếng để tổng duyệt. Trong ngày ghi hình, mọi người thức dậy lúc 3h để chuẩn bị, đợi bình minh lên rồi bắt đầu trình diễn. Chỉ đạo catwalk Trương Thanh Trúc cho biết có lúc người mẫu run lên vì gió biển, sương lạnh nhưng ai cũng tập trung vì chỉ được phép thực hiện một lần.
Theo nhà mốt, khu vực tổ chức show là địa điểm công cộng, không được phép rào chắn. Êkíp phải tính toán đường runway hợp lý để bắt trọn không gian. Khi show diễn ra phải đảm bảo hoạt động của người dân và du khách vẫn bình thường.
Á hậu Võ Hoàng Yến cho biết chưa bao giờ nhận show gấp đến vậy nhưng vì mối quan hệ thân thiết với hai nhà thiết kế, cô đã nhờ người thân chăm sóc con gái hơn một tuổi để đảm nhận vai trò vedette. Quán quân The Face Vietnam Huỳnh Tú Anh nói hào hứng khi lần đầu được sải bước trên sàn runway với góc nhìn hướng ra cảng Victoria - điểm du lịch nổi tiếng của thành phố.
Show thực hiện trong hai ngày nhưng quá trình chuẩn bị diễn ra suốt một năm. Bộ sưu tậpSerenade on The Wavesgồm 36 mẫu trang phục đa dạng phong cách, lấy cảm hứng từ sự giao thoa văn hóa của Việt Nam - Hong Kong. Vũ Ngọc và Son sử dụng bảng hiệu, taxi, xe bus làm họa tiết váy áo, nhằm thể hiện sức sống hiện đại của thành phố nổi tiếng châu Á. Ngoài ra, hình ảnh hoa bưởi, con ngựa cũng xuất hiện trên trang phục thông qua kỹ thuật thêu, đính kết, mang ý nghĩa chào đón năm mới.
Các chất liệu chính gồm gấm, nhung, tafta với bảng màu rực rỡ như đỏ, xanh lục, vàng, trong đó nhà mốt thể hiện ""cuộc chơi"" với len sợi nhằm tôn vinh ngành nghề thủ công.
>>> Xem thêm:Hoa hậu, á hậu dự buổi công chiếu show
Vũ Ngọc (tên đầy đủ Vũ Ngọc Tú) và Son (Đinh Trường Tùng) theo đuổi những thiết kế màu sắc, họa tiết rực rỡ, giao thoa giữa văn hóa Á Đông và phương Tây. Họ thường tổ chức định kỳ hai show thời trang mỗi năm, kết hợp giới thiệu điểm đến văn hóa, vùng đất du lịch, qua các bộ sưu tập nhưVàng son, Hừng đông, Ký ức tuổi thơ,Vũ điệu Phương Đông, A beautiful life - Cuộc sống tươi đẹp,Nơi pháo hoa rực rỡ.
Các địa danh gần đây họ chọn làm show gồm Trường lang (Đại Nội Huế), Bảo tàng Nghệ thuật, Bảo tàng Hồ Chí Minh, Bưu điện Thành phố, phố cổ Hội An, Ga Sài Gòn, Thư viện Khoa học Tổng hợp TP HCM, cảng sông Hàn (Đà Nẵng).
Tân CaoẢnh:Kiếng Cận"
https://vnexpress.net/niem-vui-cua-diem-my-9x-khi-lan-dau-lam-me-5002544.html,Niềm vui của Diễm My 9x khi lần đầu làm mẹ,"Diễm My 9x nói bận rộn, có lúc không kịp tẩy trang, thoa son nhưng vẫn hạnh phúc bởi được ở bên con trong lần đầu làm mẹ.","Tổng kết năm 2025, Diễm My cho biết điều khiến cô tự hào nhất là con trai gần một tuổi lớn lên khỏe mạnh, cuộc sống hôn nhân êm đềm. Cô nói: ""Cuộc đời tôi như bước sang một chương mới. Con chào đời mang đến niềm hạnh phúc không có lời nào diễn tả hết"".
Dịp Giáng sinh và đón năm mới, người đẹp lần đầu chia sẻ ảnh rõ mặt của bé với khán giả.
Tổng kết năm 2025, Diễm My cho biết điều khiến cô tự hào nhất là con trai gần một tuổi lớn lên khỏe mạnh, cuộc sống hôn nhân êm đềm. Cô nói: ""Cuộc đời tôi như bước sang một chương mới. Con chào đời mang đến niềm hạnh phúc không có lời nào diễn tả hết"".
Dịp Giáng sinh và đón năm mới, người đẹp lần đầu chia sẻ ảnh rõ mặt của bé với khán giả.
Ngắm nhìn lại hình ảnh trong phòng sinh, Diễm My 9x vẫn chưa hết xúc động. Người đẹp nhớ mãi khoảnh khắc nghe tiếng con khóc hay lần đầu da kề da với bé.
Ngắm nhìn lại hình ảnh trong phòng sinh, Diễm My 9x vẫn chưa hết xúc động. Người đẹp nhớ mãi khoảnh khắc nghe tiếng con khóc hay lần đầu da kề da với bé.
Người đẹp dành phần lớn thời gian để chăm sóc con nhỏ, thích ứng với cuộc sống có thêm thành viên. Lúc đầu, cô bỡ ngỡ với các công việc của ""mẹ bỉm sữa"", tìm cách dỗ dành khi bé quấy khóc giữa đêm. Dần dần, cô quen nên không còn áp lực.
Người đẹp dành phần lớn thời gian để chăm sóc con nhỏ, thích ứng với cuộc sống có thêm thành viên. Lúc đầu, cô bỡ ngỡ với các công việc của ""mẹ bỉm sữa"", tìm cách dỗ dành khi bé quấy khóc giữa đêm. Dần dần, cô quen nên không còn áp lực.
Theo Diễm My 9x, có nhiều ngày bận rộn chăm con, cô quên cả thoa son khi ra ngoài mua sắm đồ dùng sinh hoạt. Diễn viên vẫn thấy vui, không ngại bị công chúng nhận xét diện mạo.
Thỉnh thoảng trong các cuộc gặp gỡ bạn bè, cô trang điểm nhẹ bằng các mỹ phẩm an toàn cho bé, chỉ mất vài phút thay vì cả tiếng đồng hồ như trước.
Theo Diễm My 9x, có nhiều ngày bận rộn chăm con, cô quên cả thoa son khi ra ngoài mua sắm đồ dùng sinh hoạt. Diễn viên vẫn thấy vui, không ngại bị công chúng nhận xét diện mạo.
Thỉnh thoảng trong các cuộc gặp gỡ bạn bè, cô trang điểm nhẹ bằng các mỹ phẩm an toàn cho bé, chỉ mất vài phút thay vì cả tiếng đồng hồ như trước.
Nhiều đồng nghiệp của Diễm My 9x như Trấn Thành, Minh Tú, Hà Kiều Anh, Adrian Anh Tú khen bé bụ bẫm, đáng yêu.
Nhiều đồng nghiệp của Diễm My 9x như Trấn Thành, Minh Tú, Hà Kiều Anh, Adrian Anh Tú khen bé bụ bẫm, đáng yêu.
Cô tránh để bản thân rơi vào trạng thái bị stress sau sinh. Khi con ngủ, Diễm My 9x vào bếp nấu nướng - sở thích trước khi kết hôn, rồi quay vlog.
Mỹ nhân còn làm video gợi ý cách phối đồ cho khán giả yêu thích thời trang.
Khi bé cứng cáp hơn, Diễm My 9x tái xuất showbiz, chủ yếu tham dự sự kiện. Cô chưa nhận kịch bản phim mới vì không muốn xa con nhiều ngày. Người đẹp được khen sớm lấy lại vóc dáng nhờ chế độ ăn uống hợp lý kết hợp tập luyện thể thao.
Khi bé cứng cáp hơn, Diễm My 9x tái xuất showbiz, chủ yếu tham dự sự kiện. Cô chưa nhận kịch bản phim mới vì không muốn xa con nhiều ngày. Người đẹp được khen sớm lấy lại vóc dáng nhờ chế độ ăn uống hợp lý kết hợp tập luyện thể thao.
Diễn viên thường chạy bộ vào cuối tuần.
Diễm My 9x cho biết ông xã ủng hộ vợ quay lại với các công việc yêu thích. Hồi tháng 11/2025, cô có chuyến đi nước ngoài đầu tiên sau sinh, gặp gỡ các đối tác. ""Tôi yên tâm vì chồng và các thành viên trong nhà hỗ trợ việc chăm sóc bé. Xong việc, tôi trở về ngay thay vì ở lại du lịch như các lần trước"", người đẹp nói.
Diễm My 9x cho biết ông xã ủng hộ vợ quay lại với các công việc yêu thích. Hồi tháng 11/2025, cô có chuyến đi nước ngoài đầu tiên sau sinh, gặp gỡ các đối tác. ""Tôi yên tâm vì chồng và các thành viên trong nhà hỗ trợ việc chăm sóc bé. Xong việc, tôi trở về ngay thay vì ở lại du lịch như các lần trước"", người đẹp nói.
Thỉnh thoảng, cả hai hẹn hò riêng bằng những bữa tối lãng mạn, ""hâm nóng"" tình cảm hôn nhân.
Thỉnh thoảng, cả hai hẹn hò riêng bằng những bữa tối lãng mạn, ""hâm nóng"" tình cảm hôn nhân.
Cô cho biết từ ngày có con, không khí gia đình luôn đầy tiếng cười nói. Nhà của cô gần với bố mẹ chồng nên tiện qua lại chăm sóc nhau. Sau khi mẹqua đờivào năm 2019, Diễm My xem mẹ của Vinh Nguyễn như ruột thịt, được bà chỉ dạy nhiều điều để vun vén hôn nhân.
Cô cho biết từ ngày có con, không khí gia đình luôn đầy tiếng cười nói. Nhà của cô gần với bố mẹ chồng nên tiện qua lại chăm sóc nhau. Sau khi mẹqua đờivào năm 2019, Diễm My xem mẹ của Vinh Nguyễn như ruột thịt, được bà chỉ dạy nhiều điều để vun vén hôn nhân.
Tháng 7/2025, vợ chồng Diễm My tổ chức chuyến du lịch đầu tiên cùng con.
Tháng 7/2025, vợ chồng Diễm My tổ chức chuyến du lịch đầu tiên cùng con.
Hình ảnh trong chuyến nghỉ dưỡng đầu tiên của gia đình Diễm My 9x.
Cô tên đầy đủ Vũ Phạm Diễm My, 36 tuổi, lấy nghệ danh ""9x"" để phân biệt với diễn viên gạo cội Diễm My. Người đẹp đóng phim từ lúc năm tuổi, từng tham gia các phim điện ảnhGái già lắm chiêu 1,Chạy đi rồi tính, Cô Ba Sài Gòn, 1990.Côkết hônvới doanh nhân Vinh Nguyễn vào tháng 12/2023, sinh con đầu lòng đầu năm 2025.
Cô tên đầy đủ Vũ Phạm Diễm My, 36 tuổi, lấy nghệ danh ""9x"" để phân biệt với diễn viên gạo cội Diễm My. Người đẹp đóng phim từ lúc năm tuổi, từng tham gia các phim điện ảnhGái già lắm chiêu 1,Chạy đi rồi tính, Cô Ba Sài Gòn, 1990.Côkết hônvới doanh nhân Vinh Nguyễn vào tháng 12/2023, sinh con đầu lòng đầu năm 2025.
Tân CaoẢnh, video:Nhân vật cung cấp"
https://vnexpress.net/my-nhan-australia-dong-cong-chua-toc-may-5003611.html,Mỹ nhân Australia đóng 'Công chúa tóc mây',"Diễn viên Australia Teagan Croft, 22 tuổi, được khán giả khen phù hợp vai Rapunzel trong phim ""Tangled"" (Công chúa tóc mây) bản người đóng.","TheoHollywood Reporterhôm 7/1, Teagan Croft và Milo Manheim sẽ lần lượt đảm nhận vai Rapunzel và Flynn Rider trong bản live-actionTangled, chuyển thể từ phim hoạt hình năm 2010.
Trên các nền tảng mạng xã hội, thông tin nhanh chóng thu hút sự quan tâm của khán giả. Sau phản ứng xoay quanh diễn viên da màu đóngBạch Tuyếtnăm ngoái, một bộ phận người xem lo ngại hướng tiếp cận của Disney với các phim người đóng. Tuy nhiên, việc công bố dàn diễn viên lần này tạo hiệu ứng tích cực, khi nhiều người cho rằng ngoại hình Teagan có nét tương đồng nhân vật hoạt hình. Ảnh:Marie Claire Australia
TheoHollywood Reporterhôm 7/1, Teagan Croft và Milo Manheim sẽ lần lượt đảm nhận vai Rapunzel và Flynn Rider trong bản live-actionTangled, chuyển thể từ phim hoạt hình năm 2010.
Trên các nền tảng mạng xã hội, thông tin nhanh chóng thu hút sự quan tâm của khán giả. Sau phản ứng xoay quanh diễn viên da màu đóngBạch Tuyếtnăm ngoái, một bộ phận người xem lo ngại hướng tiếp cận của Disney với các phim người đóng. Tuy nhiên, việc công bố dàn diễn viên lần này tạo hiệu ứng tích cực, khi nhiều người cho rằng ngoại hình Teagan có nét tương đồng nhân vật hoạt hình. Ảnh:Marie Claire Australia
Trích đoạn phimTangled(2010). Trong bản gốc, Rapunzel là cô gái hiếu kỳ, có mái tóc phép thuật, luôn khao khát khám phá thế giới bên ngoài tòa tháp nơi cô bị giam giữ. Video:Walt Disney Studios
Dự án chuyển thể do Michael Gracey - đứng sauThe Greatest ShowmanvàBetter Man- đạo diễn. Bộ phim dự kiến bám sát bản hoạt hình, trong đó yếu tố âm nhạc tiếp tục đóng vai trò chủ đạo.
Teagan Croft sinh năm 2004 tại Sydney, Australia. Cô xuất thân trong gia đình có truyền thống nghệ thuật, mẹ là đạo diễn Rebecca McNamee, hai dì là Penny McNamee (ngôi sao phimHome and Away) và Jessica McNamee (đóngSirens).
Cô ra mắt vào năm chín tuổi với vở kịch chuyển thể từ tiểu thuyếtGiết con chim nhại(To Kill a Mockingbird) của nhà văn Harper Lee. Màn thể hiện gây chú ý với giới chuyên môn, mở đường vai Indi ở phim điện ảnhThe Osiris Child(2016). Nhân vật thông minh, kiên cường, cùng cha đối mặt các sinh vật đột biến và âm mưu của thế giới ngầm. Ảnh:IMDb
Teagan Croft sinh năm 2004 tại Sydney, Australia. Cô xuất thân trong gia đình có truyền thống nghệ thuật, mẹ là đạo diễn Rebecca McNamee, hai dì là Penny McNamee (ngôi sao phimHome and Away) và Jessica McNamee (đóngSirens).
Cô ra mắt vào năm chín tuổi với vở kịch chuyển thể từ tiểu thuyếtGiết con chim nhại(To Kill a Mockingbird) của nhà văn Harper Lee. Màn thể hiện gây chú ý với giới chuyên môn, mở đường vai Indi ở phim điện ảnhThe Osiris Child(2016). Nhân vật thông minh, kiên cường, cùng cha đối mặt các sinh vật đột biến và âm mưu của thế giới ngầm. Ảnh:IMDb
Năm 2016, Croft góp mặt ở series truyền hìnhHome and Awayvới vai Bella Loneragan. Sau đó, diễn viên có bước ngoặt khi tham gia loạt phimTitans(2018-2023) của DC. Nhân vật Raven của cô là siêu anh hùng nửa người nửa quỷ, giữ vai trò quan trọng trong mạch truyện. Vai diễn gây chú ý với người hâm mộ, đưa Teagan trở thành cái tên nổi bật của thế hệ diễn viên trẻ Australia. Ảnh:IMDb
Năm 2016, Croft góp mặt ở series truyền hìnhHome and Awayvới vai Bella Loneragan. Sau đó, diễn viên có bước ngoặt khi tham gia loạt phimTitans(2018-2023) của DC. Nhân vật Raven của cô là siêu anh hùng nửa người nửa quỷ, giữ vai trò quan trọng trong mạch truyện. Vai diễn gây chú ý với người hâm mộ, đưa Teagan trở thành cái tên nổi bật của thế hệ diễn viên trẻ Australia. Ảnh:IMDb
Trích đoạn của Teagan Croft trong seriesTitans. Video:HBO Max
Năm 2023, Teagan đóng chínhTrue Spirit, kể về hành trình một mình vòng quanh thế giới năm 16 tuổi của thủy thủ Australia Jessica Watson. Trong cuộc phỏng vấn vớiMarie Claire, diễn viên nói thời điểm đó bước vào năm nhất đại học với lịch trình bận rộn, nhưng cô vẫn duy trì tham gia các buổi thử vai và theo đuổi sự nghiệp. Ảnh:Netflix
Năm 2023, Teagan đóng chínhTrue Spirit, kể về hành trình một mình vòng quanh thế giới năm 16 tuổi của thủy thủ Australia Jessica Watson. Trong cuộc phỏng vấn vớiMarie Claire, diễn viên nói thời điểm đó bước vào năm nhất đại học với lịch trình bận rộn, nhưng cô vẫn duy trì tham gia các buổi thử vai và theo đuổi sự nghiệp. Ảnh:Netflix
TrailerTrue Spirit, có Teagan Croft đóng chính. Video:Netflix
Trước khi được chọn vào vai Rapunzel, Teagan Croft trải qua quá trình tuyển chọn kéo dài nhiều tháng, với các vòng thử vai diễn ra tại Mỹ và Anh. Tạp chíHollywood Reportercho rằng tác phẩmTangledgóp phần định hình con đường diễn xuất của Teagan, mở ra nhiều cơ hội trong tương lai. Ảnh:La Jolla Playhouse
Trước khi được chọn vào vai Rapunzel, Teagan Croft trải qua quá trình tuyển chọn kéo dài nhiều tháng, với các vòng thử vai diễn ra tại Mỹ và Anh. Tạp chíHollywood Reportercho rằng tác phẩmTangledgóp phần định hình con đường diễn xuất của Teagan, mở ra nhiều cơ hội trong tương lai. Ảnh:La Jolla Playhouse
Ngoài đời, diễn viên theo đuổi phong cách nữ tính, kết hợp giữa nét cổ điển và tinh thần hiện đại. TheoCosmopolitan, cô đang theo học ngành Văn học Anh, chuyên ngành phụ là lý thuyết âm nhạc.
Teagan có khả năng ca hát, đây cũng là yếu tố cần thiết khi đóng Rapunzel. TrênMarie Claire Australia, cô nói âm nhạc giúp cô giữ trạng thái cân bằng trong cuộc sống. Ảnh:Instagram Teagan Croft
Ngoài đời, diễn viên theo đuổi phong cách nữ tính, kết hợp giữa nét cổ điển và tinh thần hiện đại. TheoCosmopolitan, cô đang theo học ngành Văn học Anh, chuyên ngành phụ là lý thuyết âm nhạc.
Teagan có khả năng ca hát, đây cũng là yếu tố cần thiết khi đóng Rapunzel. TrênMarie Claire Australia, cô nói âm nhạc giúp cô giữ trạng thái cân bằng trong cuộc sống. Ảnh:Instagram Teagan Croft
Teagan Croft hát ca khúcHarley & Rosecủa ban nhạc The Black Sorrows. Video:YouTube/Fanvid 101
Trên mạng xã hội, cô thường đăng tải những buổi đi chơi với bạn bè và trang phục thường ngày. Tài khoảnInstagramcá nhân của Teagan hiện thu hút gần 900.000 người theo dõi. Ảnh:Instagram Teagan Croft
Trên mạng xã hội, cô thường đăng tải những buổi đi chơi với bạn bè và trang phục thường ngày. Tài khoảnInstagramcá nhân của Teagan hiện thu hút gần 900.000 người theo dõi. Ảnh:Instagram Teagan Croft
Cát Tiên"
https://vnexpress.net/9-kieu-ao-dai-hot-dip-tet-2026-5003721.html,9 kiểu áo dài hot dịp Tết 2026,"Áo ""phú bà"", áo dài Y2K, áo tà kép là những mẫu đang được đẩy mạnh cho thị trường mua sắm thời trang dịp Tết Bính Ngọ 2026.","Từ năm 2025 đến nay, áo dài phổ biến trong đời sống, được nhiều người lựa chọn mỗi khi chụp hình trên phố. Thị trường áo dài Tết nhờ vậy đã bắt đầu khởi động từ đầu tháng 12 năm ngoái. Trung bình các mẫu áo chất lượng tốt dao động từ 600 nghìn đến ba triệu đồng một bộ. Trên các sàn thương mại điện tử, áo dài giá rẻ vẫn ở mức giống năm ngoái, dao động 200.000-400.000 đồng.
Năm nay, áo tà kép (hai vạt trước, hai vạt sau) xuất hiện nhiều ở các cửa hàng thời trang địa phương. Thiết kế khai thác chất lụa mỏng hoặc voan mềm, giúp tà dày nhưng vẫn giữ được sự mềm mại, thướt tha. Ảnh:Petbychang
Từ năm 2025 đến nay, áo dài phổ biến trong đời sống, được nhiều người lựa chọn mỗi khi chụp hình trên phố. Thị trường áo dài Tết nhờ vậy đã bắt đầu khởi động từ đầu tháng 12 năm ngoái. Trung bình các mẫu áo chất lượng tốt dao động từ 600 nghìn đến ba triệu đồng một bộ. Trên các sàn thương mại điện tử, áo dài giá rẻ vẫn ở mức giống năm ngoái, dao động 200.000-400.000 đồng.
Năm nay, áo tà kép (hai vạt trước, hai vạt sau) xuất hiện nhiều ở các cửa hàng thời trang địa phương. Thiết kế khai thác chất lụa mỏng hoặc voan mềm, giúp tà dày nhưng vẫn giữ được sự mềm mại, thướt tha. Ảnh:Petbychang
Trong nhóm thiết kế được đẩy mạnh còn có áo dài xuyên thấu với kiểu ống tay bồng, bo chun, đem tới vẻ mới lạ và trẻ trung. Để giúp thiết kế thêm dễ thương, bắt mắt, áo được gợi ý kết hợp khăn đồng điệu, có thể quàng cổ hoặc trùm đầu. Ảnh:Remmus
Trong nhóm thiết kế được đẩy mạnh còn có áo dài xuyên thấu với kiểu ống tay bồng, bo chun, đem tới vẻ mới lạ và trẻ trung. Để giúp thiết kế thêm dễ thương, bắt mắt, áo được gợi ý kết hợp khăn đồng điệu, có thể quàng cổ hoặc trùm đầu. Ảnh:Remmus
Áo dài cách tân mang hơi thở Y2K cũng là một trong những điểm mới của thị trường tiêu dùng năm nay. Thiết kế pha trộn giữa dáng cổ yếm, tà dài truyền thống với chi tiết trang trí xếp bèo ở thân trên, xếp nếp ở tà dưới. Món đồ có thể phối chân váy voan hoặc quần jeans ống rộng - những thiết kế được Gen Z ưa chuộng. Ảnh:Remmus
Áo dài cách tân mang hơi thở Y2K cũng là một trong những điểm mới của thị trường tiêu dùng năm nay. Thiết kế pha trộn giữa dáng cổ yếm, tà dài truyền thống với chi tiết trang trí xếp bèo ở thân trên, xếp nếp ở tà dưới. Món đồ có thể phối chân váy voan hoặc quần jeans ống rộng - những thiết kế được Gen Z ưa chuộng. Ảnh:Remmus
Áo dài đính kết kỳ công được một số thương hiệu trung và cao cấp lăng xê, hướng đến những sự kiện trang trọng. Ảnh:Chung Thanh Phong
Áo dài đính kết kỳ công được một số thương hiệu trung và cao cấp lăng xê, hướng đến những sự kiện trang trọng. Ảnh:Chung Thanh Phong
Nở rộ hai năm nay, áo dài sequin tiếp tục được phát triển. Tuy nhiên, thay vì các hạt kim sa nhỏ, một số thương hiệu thử nghiệm loại kim sa lớn, nhằm tạp hiệu ứng bắt mắt và nổi bật hơn. Ảnh:Chung Thanh Phong
Nở rộ hai năm nay, áo dài sequin tiếp tục được phát triển. Tuy nhiên, thay vì các hạt kim sa nhỏ, một số thương hiệu thử nghiệm loại kim sa lớn, nhằm tạp hiệu ứng bắt mắt và nổi bật hơn. Ảnh:Chung Thanh Phong
Dịp Tết năm nay, các cô gái còn có thêm lựa chọn kiểu áo ren theo chủ nghĩa lãng mạn và cổ điển, phối giày ballet. Nhiều người yêu thích thiết kế này vì không lỗi thời. Ảnh:Mare
Dịp Tết năm nay, các cô gái còn có thêm lựa chọn kiểu áo ren theo chủ nghĩa lãng mạn và cổ điển, phối giày ballet. Nhiều người yêu thích thiết kế này vì không lỗi thời. Ảnh:Mare
Áo lụa bóng in họa tiết hoa cỏ theo phong cách truyền thống phù hợp với những người đứng tuổi hoặc sự kiện sang trọng. Ảnh:Nam Phuong Y
Áo lụa bóng in họa tiết hoa cỏ theo phong cách truyền thống phù hợp với những người đứng tuổi hoặc sự kiện sang trọng. Ảnh:Nam Phuong Y
Xu hướng hot còn có áo dài nhung the với tác dụng giữ ấm, dành cho những cô gái chuộng phong cách cổ điển ở xứ lạnh. Ảnh:H2B à La Mode
Xu hướng hot còn có áo dài nhung the với tác dụng giữ ấm, dành cho những cô gái chuộng phong cách cổ điển ở xứ lạnh. Ảnh:H2B à La Mode
Mùa Tết 2026 chứng kiến sự xuất hiện ồ ạt của hàng loạt mẫu áo dài tông màu trầm, được gọi vui là ""áo phú bà"". Đặc trưng của thiết kế là mang hoa văn cách điệu theo kiểu cung đình, hướng đến vẻ nghiêm nghị, quý phái.
Mùa Tết 2026 chứng kiến sự xuất hiện ồ ạt của hàng loạt mẫu áo dài tông màu trầm, được gọi vui là ""áo phú bà"". Đặc trưng của thiết kế là mang hoa văn cách điệu theo kiểu cung đình, hướng đến vẻ nghiêm nghị, quý phái.
Sao Mai"
https://vnexpress.net/giua-tran-do-ma-tuy-ky-1-triet-pha-duong-day-tri-gia-1-400-ty-dong-4999655.html,Giữa trận đồ ma túy (kỳ 1): Triệt phá đường dây trị giá 1.400 tỷ đồng,"Tướng Nguyễn Văn Viện cùng lực lượng C04 ngày đêm điều tra, truy vết chân dung bà trùm bí ẩn đứng sau đường dây buôn bán ma túy xuyên quốc gia.","Truyện kýGiữa trận đồ ma túylà tác phẩm của nhà văn Nguyễn Xuân Thủy tham dự cuộc thi Sáng tác tiểu thuyết, truyện ký về đề tài Vì an ninh Tổ quốc và bình yên cuộc sống lần thứ năm, giai đoạn 2022-2025. Tác phẩm viết về cuộc đời, sự nghiệp của Trung tướng Nguyễn Văn Viện - nguyên Cục trưởng Cục Cảnh sát điều tra tội phạm về ma túy (C04), cung cấp kiến thức về tội phạm này, những thủ đoạn của các đối tượng.VnExpressđăng một trích đoạn.
Nói đến ma túy và tình hình tội phạm ma túy ở Việt Nam thời gian gần đây, người ta thường nghĩ đến những vụ án tiêu biểu với con số tàng trữ, buôn bán, vận chuyển lên đến hàng chục, hàng trăm, thậm chí hàng nghìn kilogam, cùng với đó là những số tiền khủng, những hệ lụy đi kèm gây ra tác hại lớn với xã hội. Có những vụ cho thấy dấu hiệu của các băng đảng tội phạm có tổ chức mang màu sắc mafia; có chuyên án mà những kẻ cầm đầu lập đại bản doanh ở nước ngoài điều hành với những ngụy trang tinh vi, khi ta phá án đã cho thấy bằng chứng của những giao dịch lên đến hàng nghìn tỷ đồng.
Từ khi đảm nhận cương vị Cục trưởng Cục Cảnh sát điều tra tội phạm về ma túy đến nay đã có hàng trăm vụ án ma túy do Nguyễn Văn Viện ký quyết định thành lập chuyên án, có những vụ ông là Trưởng ban chỉ đạo, có những vụ do ông trực tiếp làm Trưởng ban chuyên án. Mỗi chuyên án mang một đặc điểm, tính chất phức tạp riêng.
- Nếu chỉ kể một chuyên án thôi thì ông sẽ kể về chuyên án nào?
Tôi làm khó Tướng Viện. Dường như không mấy quan tâm đến câu hỏi của tôi, ông vẫn đều đều kể về một chuyên án, đó là Chuyên án 822T.
Thì câu trả lời là đấy chứ đâu!
822T là chuyên án đấu tranh với đường dây mua bán, vận chuyển trái phép chất ma túy từ Campuchia về Việt Nam do Vũ Hoàng Oanh cầm đầu. Chuyên án này do Thiếu tướng Nguyễn Văn Viện làm Trưởng ban. 822T gắn với chân dung một ""Bà Trùm"" khét tiếng, có tầm ảnh hưởng trong thế giới tội phạm, quy tụ dưới trướng nhiều giang hồ, những kẻ đang bị truy nã từ các vụ án khác. Hộ khẩu thường trú tại TP HCM nhưng bà ta đã thay hình đổi dạng, sống dưới một nhân thân khác, lẩn trốn tại Campuchia để điều khiển từ xa những đường dây ma túy lớn trong suốt một thời gian dài với kết quả điều tra thu giữ lên đến 1,6 tấn. ""Bà Trùm"" thực sự là một nhân vật mang một đẳng cấp khác biệt so với những tội phạm ma túy người Việt từ trước tới nay.
Có lẽ cũng cần điểm lại một chút về việc dựng chân dung ""Bà Trùm"" bí ẩn phía sau các vụ án buôn bán ma túy số lượng lớn này.
Suốt một thời gian dài, qua sàng lọc, tổng hợp từ các vụ án đơn lẻ, cán bộ C04 nhận thấy có những điểm chung, đó là trong giao dịch đều hướng đến một bà trùm bí ẩn mà các chân rết khai là từ Nam Mỹ. Phải chăng điều hành đường dây ma túy quy mô lớn này là một nữ tội phạm quốc tế? Nếu điều đó là thật thì cũng không có gì ngạc nhiên ở thời đại hòa mạng công nghệ, viễn thông và vận tải logistics này. Những đường dây tội phạm xuyên quốc gia đã thuận lợi hơn rất nhiều trong kết nối, điều hành và chỉ đạo từ xa.
""Bà Trùm"" cũng là một trong những tên gọi mà các đối tượng trong đường dây phạm tội dùng để gọi bà ta. Một nickname quen thuộc khác của Bà Trùm là ""Colombia"" như để chứng minh cho nguồn gốc Nam Mỹ. Là bởi, các cuộc gọi từ số máy của nhân vật bí ẩn này đều hiện lên mã số 01 của Mỹ. Nếu có hiện tượng giao thoa sóng giữa các quốc gia lân cận Colombia, Brazil, Venezuela, Ecuador hay Peru thì những nước này cũng vẫn thuộc vùng lãnh thổ xa xôi thuộc Nam Mỹ, là nơi hội tụ của tội phạm khét tiếng điều hành những đường dây buôn bán ma túy xuyên quốc gia.
Nếu theo mã viễn thông quốc tế và đúng là như vậy thì quả tình đây là một sự thách đố với cơ quan điều tra. Bởi vùng địa lý này quá xa xôi và trong điều kiện Việt Nam chưa có những kết nối cần thiết trong quan hệ ngoại giao và phối hợp về tương trợ tư pháp trong lĩnh vực điều tra tội phạm ma túy với những quốc gia này. Nhưng liệu các trùm ma túy trong thế giới tội phạm có dễ dàng để lộ khu vực ẩn thân hay không? Trăn trở trước câu hỏi đó nên ông vẫn xếp căn cứ này ở dạng giả thiết, đành rằng những thông tin này là vô cùng quan trọng trong quá trình truy vết đến trùm cuối. Tuy nhiên, từ những thông tin có được bước đầu có thể khẳng định người điều hành đường dây này là một phụ nữ có kinh nghiệm mang danh ""Bà Trùm"". Điều đặc biệt là ""Bà Trùm"" này không bao giờ xuất hiện, tất cả chỉ điều hành qua thiết bị di động nên việc lần ra manh mối, thu thập hình dong, xác định danh tính gần như là bất khả.
Cùng với đó, trước tình hình tội phạm, tệ nạn ma túy tại địa bàn TP HCM diễn biến hết sức phức tạp, qua rà soát các chuyên án do Cục Cảnh Sát điều tra tội phạm về ma túy trực tiếp thụ lý và Công an các tỉnh phía Nam điều tra, khám phá, ông cùng anh em C04 đi đến nhận định: nguồn ma túy chủ yếu từ Campuchia về Việt Nam. Liệu có mối liên hệ nào giữa nguồn cung từ Campuchia với hành tung của ""Bà Trùm Nam Mỹ"" kia không? Những hình dung dù mơ hồ nhưng có cơ sở đã bước đầu hình thành. Phán đoán về một đường dây tội phạm bằng trực giác, cảm quan không phải là cách làm được khuyến khích trong phá án, tuy nhiên vẫn còn bài toán xác suất để ông và các chiến sĩ có niềm tin vào nhận định.
Căn cứ vào tài liệu đã thu thập được, ngày 5/9/2022, Thiếu tướng Nguyễn Văn Viện đã chỉ đạo xác lập Chuyên án trinh sát mang bí số 822T để tập trung lực lượng, phương tiện đấu trí, đấu lực, quyết tâm bóc gỡ đường dây ma túy xuyên quốc gia quy mô lớn. Ngay sau đó, một tổ công tác đã được cử sang Campuchia nằm vùng phối hợp điều tra với nước bạn.
Từ các thông tin thu thập tại nước bạn, bước đầu Ban chuyên án đã tạm thời bắt giữ được một số vụ vận chuyển ma túy lớn từ Campuchia về Việt Nam. Ở giai đoạn một của vụ án, Cục Cảnh sát điều tra tội phạm về ma túy đã khởi tố vụ án, bắt giữ, khởi tố 9 bị can, thu giữ 75 kilogam ma túy các loại và nhiều tài liệu, chứng cứ, đồ vật, tài sản liên quan đến vụ án. Một trong những thủ đoạn vận chuyển của chúng từ Campuchia về Việt Nam mà Ban chuyên án đã lật tẩy là giấu ma túy trong các lốc máy ôtô, mỗi lốc máy chúng đều dùng súng bắn hơi tháo ốc vít giấu ma túy vào bên trong sau đó vít lại như cũ và phủ dầu mỡ kín. 16 lốc máy ôtô như thế đã bị các chiến sĩ Ban chuyên án phát hiện, tuy nhiên chúng đã được phá vít lấy hết ma túy chỉ còn lại vỏ chỏng chơ như đống sắt vụn. Hành tung của ""Bà Trùm"" vẫn ẩn trong những lớp sương mù.
Từ các tài liệu, chứng cứ thu thập được, Tướng Viện đã nghiên cứu, đánh giá, đồng thời trực tiếp đấu tranh, khai thác các đối tượng trong chuyên án. Quá trình đó đã khiến ông đi đến xác định quan trọng: ngoài chỉ đạo đường dây thứ nhất vận chuyển, mua bán trái phép chất ma túy từ Campuchia về TP HCM tiêu thụ tại các tỉnh phía Nam, ""Bà Trùm"" này còn chỉ đạo đường dây ma túy lớn thứ hai, vận chuyển trái phép chất ma túy từ Campuchia về Hà Nội tiêu thụ tại các tỉnh phía Bắc và vận chuyển ra nước ngoài, trong đó Phạm Thế Anh là mắt xích đặc biệt quan trọng. Phạm Thế Anh đã tự vận chuyển 5 chuyến hàng với 21 lốc máy ôtô chứa ma túy và thuê Công ty Sky House vận chuyển 23 chuyến hàng với 91 lốc máy chứa hơn một tấn ma túy về các tỉnh phía Bắc. Các đối tượng trong 2 đường dây này có quan hệ chặt chẽ với nhau trong việc vận chuyển ma túy và đều chịu sự chỉ đạo trực tiếp của ""Bà Trùm"". Đây là nhận định quan trọng, có tính quyết định đến việc triển khai giai đoạn 2 của chuyên án, tổ chức đấu tranh thành công, bóc gỡ tuyệt đối, tận gốc các đối tượng cầm đầu của chuyên án sau này.
Trên cơ sở nhận định ấy, Tướng Viện đã chỉ đạo lực lượng điều tra viên tập trung đấu tranh, khai thác triệt để các nội dung liên quan đối với các đối tượng bị bắt, qua đó đã lên được danh sách các nhân vật ""đầu mối"" liên quan cả hai đường dây phạm tội ở phía Bắc và phía Nam, vẽ được sơ đồ ""tổ chức nhân sự"" phục vụ đấu tranh giai đoạn hai của chuyên án. Những thông tin chắp nối, gạn lọc, dù ít ỏi nhưng bước đầu cũng đã dựng chân dung phác thảo về ""Bà Trùm"".
Những kết quả từ giai đoạn một đã phục vụ tốt cho giai đoạn hai của Chuyên án, các điều tra viên đã thu giữ 112 lốc máy ôtô còn nguyên ma túy ngay khi chúng vừa giao nhận tại kho, chưa kịp vận chuyển đến địa điểm khác để lấy ma túy ra. Theo quy trình, sau khi vận chuyển trót lọt các lốc máy về Việt Nam, hàng được đưa đến các điểm tập kết đã định để lấy ma túy tiêu thụ còn vỏ máy bán đồng nát. Tự tin về việc ngụy trang kỹ lưỡng, có thể qua mắt cơ quan chức năng, ngoài tự vận chuyển chúng còn thuê các công ty vận chuyển hàng hóa ký hợp đồng để vận chuyển như hàng hóa thông thường.
Tướng Viện đã chỉ đạo tiếp tục bám sát các chân rết của các đường dây ma túy này. Sau một quá trình theo dõi, sàng lọc, các trinh sát cũng đã xác định được hai nhân vật thân tín với ""Bà Trùm"", có tỷ lệ liên lạc cao là Nguyễn Văn Nam (Nam khỉ) và Nguyễn Thị Thanh Thủy. Nhưng việc Phạm Thế Anh, nhân vật số một có vai trò đại lý tại phía Bắc bị bắt đã khiến Nam và Thủy thấy động bèn lập tức bỏ trốn.
Quyết tâm không bỏ lỡ hai đầu mối quan trọng này, ngay khi vuột mất con mồi, dự đoán Nguyễn Văn Nam, Nguyễn Thị Thanh Thủy đã liên lạc với ""Bà Trùm"" để xuất cảnh sang Campuchia, Tướng Viện đã quyết liệt chỉ đạo tập trung lực lượng để truy bắt. Anh em Ban chuyên án đã cho chốt chặn mọi ngả đường chúng có thể rời khỏi Việt Nam, từ sân bay Vân Đồn (Quảng Ninh) đến các cửa khẩu dọc tuyến biên giới với Lào, Campuchia... nhiều tổ công tác đã chốt chặn tại các điểm nghi vấn, nhiều mũi trinh sát rà soát thông tin, dựng lịch trình di chuyển của hai đối tượng, trích xuất camera, sinh hoạt cơ sở quần chúng tốt tại khu vực biên giới... Bằng một loạt biện pháp nghiệp vụ, cuối cùng anh em khẳng định hai đối tượng này đã sang Campuchia qua cửa khẩu Mộc Bài, Tây Ninh. Trưởng ban chuyên án Nguyễn Văn Viện tiếp tục chỉ đạo tổ công tác đã sang Campuchia đón đầu từ trước đó phối hợp với nước bạn để truy theo dấu vết, và cũng từ việc truy vết thành công (dù rất khó khăn) hai đối tượng Nam và Thủy, các chiến sĩ đã lần ra hang ổ của ""Bà Trùm"" tại Khu đô thị Borey Villa Town, quận Sangkat Chak Angrae Kraom của thành phố Phnôm Pênh.
(Trích sáchGiữa trận đồ ma túy)"
https://vnexpress.net/hyun-bin-lee-jung-jae-tien-biet-tai-tu-ahn-sung-ki-5003865.html,"Hyun Bin, Lee Jung Jae tiễn biệt tài tử Ahn Sung Ki","Hàn QuốcCác diễn viên Hyun Bin, Lee Jung Jae, Jung Woo Sung đưa nghệ sĩ Ahn Sung Ki về nơi an nghỉ, ngày 9/1.","TheoNews1, sau nghi thức tiễn biệt, hỏa táng tại Seoul, tro cốt của diễn viên được đưa an táng tại nghĩa trang ở Gyeonggi. Diễn viên Jung Woo Sung mang di ảnh tiền bối, Lee Jung Jae bê huân chương lĩnh vực văn hóa mà chính phủ Hàn Quốc trao cho nghệ sĩ. Sáu diễn viên gồm Joo Ji Hoon, Yoo Ji Tae, Park Hae Il, Jo Woo Jin, Sol Kyung Kyu, Park Chul Min, khiêng quan tài lên xe.
Khoảng 600 người đưa tiễn huyền thoại màn ảnh Hàn, trong đó có các diễn viên Hyun Bin, Oh Ji Ho, Jung Joon Ho, Park Sang Won, Ahn Jae Wook cùng các đạo diễn, học trò của ông Ahn Sung Ki. Trước đó, vợ chồng diễn viên Kim Tae Hee - Rain tới nhà tang lễ viếng tiền bối, chia buồn với gia đình.
Tài tử Jung Woo Sung nghẹn ngào khi nói lời tiễn biệt nghệ sĩ gạo cội: ""Từ khi là diễn viên nhí cho tới cuối đời, tiền bối luôn luôn nỗ lực duy trì và bảo vệ tinh thần của điện ảnh Hàn"".
Ở lễ tang, con trai cả của nghệ sĩ đọc lá thư cha viết cho anh thời bé, trong đó có đoạn: ""Ngày con chào đời, cha lần đầu được thấy gương mặt giống mình như đúc. Gương mặt đó còn nhỏ hơn nắm tay của cha, mọi thứ mới như ngày hôm qua. Bây giờ con đã lớn và chững chạc, nhìn con, cha không còn mong ước điều gì hơn nữa"".
Trong thư, nghệ sĩ mong con khiêm tốn, chính trực, có tấm lòng bao dung và rộng mở. Ông dặn con: ""Nếu con thất bại hay gặp chuyện đau buồn, hãy đối diện với sự bình thản. Trước mọi khó khăn, con đừng đánh mất chính mình, hãy dũng cảm đối diện"".
Tài tửqua đờitrong vòng tay gia đình tại khoa chăm sóc đặc biệt của Bệnh viện Đại học Soonchunhyang, quận Yongsan, sáng 5/1. Trước đó, ông nhập viện trong tình trạng hôn mê, sau khi bị nghẹn thức ăn tại nhà riêng hôm 30/12/2025.
Những năm cuối đời, sức khỏe của diễn viên giảm sút. Năm 2022, ông tiết lộ mắc bệnh ung thư máu và ngừng mọi công việc để hóa trị. Có giai đoạn tình trạng sức khỏe cải thiện, ông xuất hiện tại các sự kiện với mái tóc giả. Người quản lý cho biết ông kiên trì điều trị với mong muốn trở lại màn ảnh, thực hiện tác phẩm mới.
Ông Ahn Sung Ki sinh năm 1952 tại Seoul, tốt nghiệp Đại học Ngoại ngữ Hankuk, diễn xuất từ bé trong phimTwilight Train(1957) của đạo diễn Kim Ki Young. Theo Cục Lưu trữ Phim Hàn Quốc, trong hơn 60 năm sự nghiệp, ông góp mặt hơn 180 tác phẩm điện ảnh và truyền hình, được khán giả châu Á nhớ đến qua các bộ phimNấc thang lên thiên đường,Two Cops,Canh bạc nghiệt ngã,Radio StarvàHansan: Rising Dragon.
Ông từng đảm nhận vai chính trongIn the Name of the Son(2021), phim kể về một cựu cảnh sát tìm kiếm sự cứu chuộc sau vụ thảm sát Gwangju năm 1980.
Tài tử được vinh danh tại nhiều lễ trao giải danh giá như Rồng Xanh, Baeksang và nhận Huân chương Văn hóa từ Bộ Văn hóa, Thể thao và Du lịch Hàn Quốc, được truyền thông gọi là ""diễn viên quốc dân"". Ngoài diễn xuất, Ahn Sung Ki đi đầu trong nhiều hoạt động của ngành điện ảnh Hàn, từng là giám đốc điều hành Liên hoan phim quốc tế Busan (BIFF) và Chủ tịch Liên hoan phim ngắn quốc tế Asiana (2003-2021), góp phần phát hiện và nâng đỡ tài năng trẻ. Trước khi nhập viện, ông chủ trì các hoạt động của Quỹ Văn hóa Nghệ thuật Shin Young Kyun, nơi ông giữ chức chủ tịch hội đồng.
Trong cuốn sách100 năm và 100 cảnh phim Hàn Quốc,nhà phê bình phim Heo Mun Yeong nhận xét ông Ahn Sung Ki có tính cách giản dị và đức hạnh, được những người xung quanh kính trọng. Trong một cuộc phỏng vấn, ông từng nói: ""Sự quan tâm đến người khác và tấm lòng thiện lương là điều tôi thừa hưởng từ mẹ"". Ông kết hôn với nhà điêu khắc Oh So Yeong năm 1985 và có hai con trai.
Như Anh"
https://vnexpress.net/brooklyn-beckham-yeu-cau-chi-lien-lac-bo-me-qua-luat-su-5003606.html,Brooklyn Beckham 'yêu cầu chỉ liên lạc bố mẹ qua luật sư',"Cậu cả nhà Beckham - Brooklyn, 27 tuổi - gửi thư đề nghị bố mẹ chỉ liên lạc qua luật sư, không nhắc đến anh trên mạng xã hội.","TheoTelegraphngày 9/1, các nguồn tin cho biết Brooklyn Beckham gửi văn bản đến bố mẹ vào cuối mùa hè năm ngoái. Ngoài yêu cầu hai bên chỉ liên lạc với nhau qua luật sư, Brooklyn đề nghị họ không gắn thẻ trang cá nhân của anh trong các bài đăng. Anh cũng muốn hòa giải mâu thuẫn một cách riêng tư, nhưng cảm thấy bị cặp sao phớt lờ vì họ liên tục nhắc anh trên mạng xã hội.
Thông tin này xuất hiện sau khoảng hai tuần Brooklynchặn tài khoảncủa Vic-Beck trênInstagram. Ban đầu, khi công chúng biết hai bên không còn theo dõi nhau, các trang báo Anh, Mỹ suy đoán cặp sao chủ động cắt đứt quan hệ với con cả sau nhiều tháng mâu thuẫn. Tuy nhiên, con trai thứ ba của họ - Cruz, 21 tuổi - phủ nhận bố mẹ quay lưng với anh trai, cho biết cả ba người đều bị Brooklyn chặn.
TheoThe Sun, Brooklyn hành động như vậy sau khi mẹ anh - nhà thiết kế Victoria - nhấn thích một video anh chế biến món gà nấu bia giữa tháng 12/2025. Điều này được cho vi phạm điều khoản trong văn bản. Nguồn tin cho biết cặp sao bối rối, đau lòng khi bị Brooklyn đối xử như vậy bởi họ luôn quan tâm anh. Một tháng trước đó, David Beckham được cho mời Brooklyn dự lễ phong tước hiệp sĩ để hàn gắn tình cảm gia đình, nhưng con trai từ chối.
Gia đình Beckham vướng tinbất hòatừ tháng 4/2025, đến nay chưa rõ nguyên nhân. Một số nguồn tin cho rằng Brooklyn không thoải mái khi Romeo hẹn hò DJ Turnbull - người bị đồn là bạn gái cũ của anh. Tuy nhiên, Cruz phủ nhận chuyện anh cả và Turnbull từng yêu thông qua bình luận trênInstagram.
Trên thực tế, tin đồn bất hòa âm ỉ từ năm 2022, trùng khoảng thời gian đám cưới của Brooklyn diễn ra ở Florida, Mỹ. Có thông tin cho rằng mọi chuyện bắt đầu khi vợ anh - diễn viên Nicola Peltz - không mặc áo cưới do mẹ chồng thiết kế, dù ban đầu cô đồng ý.
Lần cuối tất cả thành viên chung khung hình là vào Giáng sinh 2024. Từ đó, vợ chồng Brooklyn vắng mặt trong tất cả ngày vui của bố mẹ. Hồi tháng 8/2025, Brooklyn và Nicola gây chú ý khi tổ chức ""hôn lễ thứ hai"" nhưng không mời đàng trai tham dự. TheoThe Sun, Vic-Beck và những người con còn lại chỉ biết sự kiện qua truyền thông.
Brooklyn Beckhamsinh năm 1999 tại Anh, là một trong những nepo baby (tương tự khái niệm ""con ông cháu cha"") nổi tiếng. Anh từng làm nhiều nghề như người mẫu, barista, nhiếp ảnh gia, hợp tác một công ty để mở nhà hàng thời vụ, mở show nấu ăn nhưng không tạo dấu ấn. Anh thậm chí bị nói ""dựa hơi bố mẹ"", không đủ tài năng. Lúc nhỏ, Brooklyn dự định nối nghiệp bố, dành nhiều năm huấn luyện cùng đội bóng nhưng từ bỏ sân cỏ năm 15 tuổi. Sau khi kết hôn, anh sống và làm việc tại Los Angeles, hiện tập trung kinh doanh hãng xốt ớt Cloud23.
Phương Thảo(theoThe Telegraph)"
https://vnexpress.net/noi-buon-chien-tranh-ra-khoi-danh-sach-50-tac-pham-xuat-sac-sau-thong-nhat-5003595.html,'Nỗi buồn chiến tranh' ra khỏi danh sách 50 tác phẩm xuất sắc sau thống nhất,"Bộ Văn hóa, Thể thao và Du lịch cho biết nhà văn Bảo Ninh có nguyện vọng rút ""Nỗi buồn chiến tranh"" ra khỏi danh sách 50 tác phẩm văn học, nghệ thuật tiêu biểu sau ngày đất nước thống nhất.","Sáng 9/1, qua thông cáo báo chí, Bộ cho biết nhận được thư của nhà văn Bảo Ninh hai ngày trước đó. Sau khi rà soát tiêu chí, đánh giá lại toàn diện, tổng thể quá trình bình chọn, cũng như ""trao đổi, lắng nghe ý kiến và tôn trọng nguyện vọng của tác giả"", Bộ quyết định đưa cuốn tiểu thuyết ra khỏi danh sách công bố ở lễ vinh danh hồi tháng 11/2025.
Bộ Văn hóa, Thể thao và Du lịch cho biết tiếp tục hoàn thiện quy trình xét chọn, tôn vinh tác phẩm trong lĩnh vực văn hóa, văn học, nghệ thuật, nhất là với các hoạt động có quy mô lớn và tác động xã hội sâu rộng, ""nhằm bảo đảm tính khoa học, khách quan và sự đồng thuận trong xã hội"", thông cáo nêu.
TheoBộ Văn hóa, Thể thao và Du lịch"
https://vnexpress.net/gu-mac-goi-cam-cua-ban-gai-dien-vien-quang-minh-5003289.html,Gu mặc gợi cảm của bạn gái diễn viên Quang Minh,"Tăng Khánh Chi, 30 tuổi, bạn gái của diễn viên Quang Minh, 67 tuổi, thường diện váy xuyên thấu, trễ vai, tôn đường cong.","Đầu năm mới, Tăng Khánh Chi đăng ảnh chơi pickleball trong bộ váy thể thao màu trắng. Người đẹp cho biết cố gắng ra sân luyện tập nhiều hơn, hướng đến mục tiêu đánh bóng giỏi hơn năm ngoái. Gần một năm qua, cô nỗ lực tập luyện giảm 15 kg và lấy lại vóc dáng thon thả sau khi sinh con.
Đầu năm mới, Tăng Khánh Chi đăng ảnh chơi pickleball trong bộ váy thể thao màu trắng. Người đẹp cho biết cố gắng ra sân luyện tập nhiều hơn, hướng đến mục tiêu đánh bóng giỏi hơn năm ngoái. Gần một năm qua, cô nỗ lực tập luyện giảm 15 kg và lấy lại vóc dáng thon thả sau khi sinh con.
Khánh Chi và Quang Minh công khai tình cảm tháng 11/2024 - thời điểm cả hai đón con trai đầu lòng. Cô yêu thích thời trang và các hoạt động nghệ thuật, hiện tập trung kinh doanh.
Quang Minhquê tại Đồng Tháp (Tiền Giang cũ), từng là kép của đoàn Kim Cương, Bông Hồng những năm cuối 1980. Anh sang Mỹ định cư khoảng năm 1990 và theo đuổi nghề diễn viên, lồng tiếng. Quang Minh cùng vợ cũ - nghệ sĩ Hồng Đào - từng là cặp diễn hài ăn khách hải ngoại trước khily hônnăm 2019. Ngoài hoạt động sân khấu, nghệ sĩ từng đóng nhiều phim điện ảnh:Cho em gần anh thêm chút nữa,Em chưa 18,Làm giàu với ma.
Khánh Chi và Quang Minh công khai tình cảm tháng 11/2024 - thời điểm cả hai đón con trai đầu lòng. Cô yêu thích thời trang và các hoạt động nghệ thuật, hiện tập trung kinh doanh.
Quang Minhquê tại Đồng Tháp (Tiền Giang cũ), từng là kép của đoàn Kim Cương, Bông Hồng những năm cuối 1980. Anh sang Mỹ định cư khoảng năm 1990 và theo đuổi nghề diễn viên, lồng tiếng. Quang Minh cùng vợ cũ - nghệ sĩ Hồng Đào - từng là cặp diễn hài ăn khách hải ngoại trước khily hônnăm 2019. Ngoài hoạt động sân khấu, nghệ sĩ từng đóng nhiều phim điện ảnh:Cho em gần anh thêm chút nữa,Em chưa 18,Làm giàu với ma.
Tăng Khánh Chi chuộng phong cách năng động và gợi cảm. Ngoài những bộ đồ thể thao, cô thường chọn váy áo trễ vai, quần shorts, váy xẻ đùi, áo quây, bra top.
Tăng Khánh Chi chuộng phong cách năng động và gợi cảm. Ngoài những bộ đồ thể thao, cô thường chọn váy áo trễ vai, quần shorts, váy xẻ đùi, áo quây, bra top.
Trong bữa tiệc mừng tuổi mới năm ngoái, cô chọn đầm xuyên thấu hở vai, trang điểm tông hồng cam.
Trong bữa tiệc mừng tuổi mới năm ngoái, cô chọn đầm xuyên thấu hở vai, trang điểm tông hồng cam.
Trong các chuyến nghỉ dưỡng, cô ưu tiên những bộ đầm maxi bằng voan dáng freesize, cắt xẻ ở vai, chân, vừa tạo sự thoải mái, vừa tôn hình thể.
Trong các chuyến nghỉ dưỡng, cô ưu tiên những bộ đầm maxi bằng voan dáng freesize, cắt xẻ ở vai, chân, vừa tạo sự thoải mái, vừa tôn hình thể.
Bạn gái Quang Minh được nhiều người khen có vóc dáng săn chắc và cao ráo. Trong một lần đi biển, cô chọn bikini tông nâu kèm khăn choàng đồng điệu, phối vòng tay chiến binh mạ vàng.
Bạn gái Quang Minh được nhiều người khen có vóc dáng săn chắc và cao ráo. Trong một lần đi biển, cô chọn bikini tông nâu kèm khăn choàng đồng điệu, phối vòng tay chiến binh mạ vàng.
Người đẹp tạo dáng trong khu nghỉ với đầm xếp bèo - xu hướng hot theo phong cách thập niên 2000, túi Burberry.
Người đẹp tạo dáng trong khu nghỉ với đầm xếp bèo - xu hướng hot theo phong cách thập niên 2000, túi Burberry.
Trang phục dạo biển với bra top khoe eo thon cùng quần shorts. Để thêm thời trang, cô sử dụng kính mắt retro kiểu thập niên 1930.
Trang phục dạo biển với bra top khoe eo thon cùng quần shorts. Để thêm thời trang, cô sử dụng kính mắt retro kiểu thập niên 1930.
Cô thể hiện phong cách sân bay với quần ren xuyên thấu - mốt hot năm ngoái được giới trẻ yêu thích, dép Crocs và túi Dior hàng nghìn USD.
Cô thể hiện phong cách sân bay với quần ren xuyên thấu - mốt hot năm ngoái được giới trẻ yêu thích, dép Crocs và túi Dior hàng nghìn USD.
Tăng Khánh Chi có thói quen diện cả bộ đồng màu, đơn sắc từ quần áo đến phụ kiện, ít chọn đồ họa tiết rườm rà. Theo cô, mặc như vậy trông sang trọng và trẻ hơn.
Tăng Khánh Chi có thói quen diện cả bộ đồng màu, đơn sắc từ quần áo đến phụ kiện, ít chọn đồ họa tiết rườm rà. Theo cô, mặc như vậy trông sang trọng và trẻ hơn.
Phong cách đường phố theo mốt Y2K gợi cảm gồm váy quây denim xếp bèo và bốt đồng điệu.
Phong cách đường phố theo mốt Y2K gợi cảm gồm váy quây denim xếp bèo và bốt đồng điệu.
Tăng Khánh Chi tôn eo trong bộ đồ gồm chân váy dáng cột, crop top, tạo điểm nhấn bằng thắt lưng.
Tăng Khánh Chi tôn eo trong bộ đồ gồm chân váy dáng cột, crop top, tạo điểm nhấn bằng thắt lưng.
Sao MaiẢnh:Nhân vật cung cấp"
https://vnexpress.net/22-nam-thang-tram-cua-tao-quan-5002945.html,22 năm thăng trầm của 'Táo quân',"Những bản nhạc chế như ""Lụt từ ngã tư đường phố"", ""Đường cong"" một thời làm mưa làm gió, là đặc sản của Táo quân, trước khi chương trình dần mất đi sức hút.","Thông tin Đài Truyền hình Việt Namdừng sản xuấtchương trình năm nay khiến đông đảo khán giả tiếc nuối. Nhiều năm qua,Táo quânđược xem là món ăn tinh thần quen thuộc, gắn với khoảnh khắc giao thừa của hàng triệu gia đình. Trước đêm 30 Tết, công chúng háo hức dự đoán những vấn đề thời sự nào sẽ được phản ánh trên sân khấu. Khi tác phẩm lên sóng, các cuộc bàn luận nổ ra, xoay quanh nội dung, thông điệp và những mảng miếng hài hước của các nghệ sĩ.
22 năm đồng hành khán giả,Táo quântrải qua nhiều thay đổi, ghi lại hơi thở thời cuộc bằng lăng kính hài hước.Những năm 2000, trong lúc đang gặp áp lực phải tạo ra một chương trình mới, nghệ sĩ Khải Hưng tình cờ thấy băng rôn giới thiệu galaGặp nhau và cườitreo ở đường Lê Duẩn. Từ đó, ông nảy ra ý tưởng làmGặp nhau cuối tuần.
Sau ba năm, khiGặp nhau cuối tuầnở đỉnh cao, êkíp muốn làm tiểu phẩm tổng kết dịp cuối năm. Thời điểm đó, Đài Truyền hình TP HCM đã phát sóng một chương trình tênTáo quânđược 5 năm, kể lại câu chuyện hai ông một bà lên chầu trời theo tích dân gian. Đạo diễn Đỗ Thanh Hải - khi ấy là tổ trưởng sản xuất chương trình - nêu nhiều ý tưởng khác biệt như xây dựng cặp Nam Tào - Bắc Đẩu, mỗi Táo đại diện cho một ngành. Ông Hải cho biết: ""Chúng tôi lựa chọn Táo quân bởi đó là nhân vật xuất hiện trong dịp chuyển giao, phù hợp để nhìn lại những sự kiện của năm cũ và hướng đến năm mới tốt đẹp hơn"".
Ở số đầu tiên, diễn viên Quốc Trượng đóng Ngọc Hoàng. Trang phục các nghệ sĩ vẫn khá sơ sài, đơn giản. Công Lý bàn với Xuân Bắc rằng cả hai sẽ tạo nét đối lập khi đóng Bắc Đẩu - Nam Tào. Công Lý để đầu trọc, ăn mặc hầm hố nhưng cử chỉ lại điệu đà. Xuân Bắc ngoại hình thư sinh nhưng ăn to nói lớn. Càng về sau, tác phẩm ngày càng được chăm chút cả nội dung lẫn hình thức, sinh động, lôi cuốn hơn.
Sau vài năm làm chỉ đạo nội dung, nghệ sĩ Khải Hưng về hưu, bàn giaoTáo quâncho đạo diễn Đỗ Thanh Hải. Ông nói: ""Tôi nghĩ ra chương trình nhưng anh Đỗ Thanh Hải mới là người đưa nó lên đỉnh cao, trong giai đoạn khoảng năm 2014-2017"". Do thời gian tập luyện kéo dài hàng tháng, chủ yếu là tập đêm, ít nghệ sĩ miền Nam có thể sắp xếp tham gia series. Những gương mặt gắn bóTáo quânnhiều năm gồm Quốc Khánh, Chí Trung, Tự Long, Công Lý, Xuân Bắc, Quang Thắng, Vân Dung.
Nghệ sĩ Chí Trung cũng cho rằng đỉnh cao củaTáo quânlà giai đoạn này. Anh đóng vai Táo giao thông vào thời điểm hạ tầng đang phát triển, gặp nhiều bất cập. Những năm sau, vấn đề này dần cũ đi, không còn chất liệu mới. Anh từng có nhiều câu thoại ""để đời"" như: ""Tắc đường là phần tất yếu của cuộc sống, giờ đường thông hè thoáng dân không chịu được đâu ạ"", ""Rút là lấy hết. Bớt là vẫn để lại một ít để đảm bảo công trình xây dựng còn chút sắt thép"", ""Giàu thì nó ghét, đói rét thì nó khinh, thông minh thì nó tìm cách tiêu diệt"".
Đặc sản nhạc chế của chương trình cũng nhiều lần gây sốt, với các bài nhưLụt từ ngã tư đường phố, Đường cong, Vợ người ta.Năm 2013, ca khúcHoang mang Style(cải biên từGangnam Style) với câu ""Một năm kinh tế buồn"" trở nên phổ biến khi phản ánhthời điểm khó khăncủa đất nước. Nghệ sĩ Tự Long nhớ những nămTáo quânđược khen nội dung, sáng mùng một Tết, đĩa lậu in nội dung bán đầy ở chợ.
Gần 10 năm nay,Táo quâncó dấu hiệuchững lại.Từtiếng cười thâm thúy, show ngày càng bị chê giảm chất trào phúng, ""đuối"" nội dung. Theo nghệ sĩ Chí Trung, êkíp từ đạo diễn, biên kịch, diễn viên đều áp lực khi kể một câu chuyện trên khung sườn lặp đi lặp lại suốt hơn 20 năm. Năm 2023, anh và các nghệ sĩ Xuân Bắc, Tự Long, Vân Dung dừng tham gia. Êkípthay toàn bộdàn Táo mới nhưng cũng không đạt hiệu ứng tốt. Năm 2024, nhóm diễn viên cũtrở lại, thiếu nghệ sĩ Công Lý, Xuân Bắc vì công việc và sức khỏe. Tự Long nhận định: ""Việc không có Xuân Bắc, Công Lý là thiệt thòi củaTáo quân"". Bộ đôi đóng Nam Tào, Bắc Đẩu nhiều năm, tạo dấu ấn mạnh với khán giả, được coi là hai nhân vật ""không thể thay thế"", cùng ""Ngọc Hoàng"" Quốc Khánh.
Biên kịch Đỗ Trí Hùng, người từng có thời gian ở trong tổ biên kịch, nhớ những năm 2000, khi mạng xã hội chưa thông dụng, họ thường được đạo diễn đưa cho một tập báo dày để đọc, tìm ra những sự kiện nổi bật ở mọi lĩnh vực để lọc và viết. Xong xuôi, các biên tập cùng sửa chữa. Trong quá trình tập, đạo diễn và diễn viên tiếp tục ứng biến thêm. Anh từng góp ý đội ngũ sản xuất nên đổi mới hoàn toàn.
""Mô típ cũ trói buộc những người sáng tạo, từ biên kịch đến đạo diễn và diễn viên. Nên dù êkíp có tài năng đến mấy, series cũng sẽ đi vào lối mòn. Và những khán giả sành điệu bắt đầu cảm thấy nhàm"", biên kịch Đỗ Trí Hùng nói.
Những năm đầu làm tác phẩm,đạo diễn Khải Hưng chủ trương không né tránh điều gì, để đội ngũ biên kịch tự do phóng tác. Khi thương hiệu bắt đầu có tiếng vang, êkíp gặp áp lực nặng nề hơn, không thể muốn đưa gì lên sóng cũng được.
Đạo diễn Khải Hưng, Đỗ Thanh Hải cho biết nhiều năm, họ phải ngồi chỉnh sửa, cắt bản cuối ngay trước giờ lên sóng. Khi đã về hưu, đạo diễn Khải Hưng theo dõi các buổi ghi hình và nhận thấy: ""Xem trực tiếp thấy vui, cười nhiều hơn. Khi lên sóng, do thời lượng hạn chế và nhiều yếu tố, những đoạn hay bị cắt bớt, ảnh hưởng đến tổng thể, khiến người xem cảm thấy chưa đã"".
Chẳng hạn, năm 2017, ở các buổi ghi hình, các nghệ sĩ nhắc lại câu""chọn cá hay chọn thép"", phát ngôn từng khiến dư luận phẫn nộ trong vụ cá biển miền Trung chết hàng loạt. Tuy nhiên, khi phát sóng, câu thoại không xuất hiện.
Theo đạo diễn Khải Hưng, việcTáo quândừng sản xuất là kết quả tất yếu ở thời điểm tuổi đời khá dài, khi xu hướng nghe nhìn và các phương tiện truyền thông đại chúng có quá nhiều thay đổi. ""Khi chương trình không có bước đột phá, dàn diễn viên cũ không đầy đủ còn các diễn viên mới lại chưa đảm đương được nhân vật, việc dừng lại là hợp lý.Táo quândù sao cũng đã hoàn thành sứ mệnh mang lại tiếng cười trong hai thập niên"", ông nói.
Hà Thu"
https://vnexpress.net/dan-sao-dong-mv-tet-cua-truc-nhan-5003603.html,Dàn sao đóng MV Tết của Trúc Nhân,"Nghệ sĩ Thanh Thủy, ca sĩ Thu Minh, Hồ Ngọc Hà, Phương Mỹ Chi hòa chung không khí rộn ràng trong MV ""Vạn sự như ý"" của Trúc Nhân.","Nhạc phẩm do Trúc Nhân và các cộng sự gồm DTAP, Billy, Chuột Sấm Sét, Aki, Vừng A Dính viết. Nội dung nói về sự sum vầy, trao nhau lời chúc tốt đẹp trong ngày đầu năm mới.
Điểm nhấn là màn diễn xuất, thể hiện vũ đạo của 68 khách mời thuộc nhiều thế hệ, lĩnh vực nghệ thuật như ca sĩ Thu Minh, Tùng Dương, Hồ Ngọc Hà, Tóc Tiên, diễn viên Thanh Thủy, Thu Trang, nhà sản xuất âm nhạc DTAP, đạo diễn Đinh Hà Uyên Thư. Loạt sao trẻ như Phương Mỹ Chi, Pháo, Erik, Orange cũng góp mặt.
""13 năm làm nghề, tôi may mắn có nhiều mối quan hệ, được yêu thương. Khi ngỏ lời mời, tôi hạnh phúc lẫn biết ơn bởi chẳng ai từ chối"", anh nói.
>>>Trúc Nhân và khách mời chụp ảnh Tết ở hậu trường
Trúc Nhân quay MV cuối năm 2025, phải sắp xếp thời gian để phù hợp lịch của các đồng nghiệp. Phần cuối, bố mẹ anh xuất hiện với tiểu phẩm vui. ""Tôi muốn tạo cảm giác gần gũi như một buổi tụ họp đầu năm - nơi ai cũng có thể hòa vào không khí Tết"", ca sĩ cho biết.
Êkíp chú trọng phần nhạc bằng cách kết hợp truyền thống - hiện đại, tạo bản phối với nhiều nhạc cụ đem đến không khí lễ hội. Chuỗi âm thanh ""tằng tằng tắng tăng"" được xử lý như một điểm nhấn. Phần rap sử dụng các cụm từ quen thuộc như ""Tấn tài tấn lộc"", ""An khang thịnh vượng"", ""Công thành danh toại"".
Ca từ được nhóm viết theo phong cách giản dị. Ở điệp khúc, câu hát ""Thôi xin hẹn năm sau, trái tim không còn buồn đau"" như một lời hẹn với năm mới. ""Vạn sự như ý"" - câu chúc cửa miệng của người Việt vào ngày Tết - được lặp lại.
Ca sĩ đầu tư phần hình ảnh, mang đến không gian đậm chất Tết cổ truyền. Êkíp dựng mô hình bánh chưng khồng lồ, đặt ở vị trí trung tâm. Trúc Nhân đóng vai cậu bé, di chuyển vòng quanh để lần lượt gặp gỡ mọi người, nhận lì xì. Mỗi phân đoạn được xây dựng như cuộc hội ngộ đầu năm. Đan xen là đạo cụ như pháo hoa, câu đối đỏ, múa lân. Nhân vật chính và các khách mời diện áo dài đồng điệu, nhảy múa ngẫu hứng.
Trúc Nhân, 34 tuổi, quê Bình Định, được khán giả biết đến sau cuộc thi Giọng hát Việt mùa đầu tiên (2012). Khi hoạt động chuyên nghiệp, anh phát hành nhiều ca khúc hút hàng chục và trăm triệu view. Anh từng nhận năm đề cử và thắng ba lần ở giải Cống Hiến.
Tân CaoẢnh, video:Êkíp nhân vật cung cấp"
https://vnexpress.net/dung-mao-ca-si-kpop-duoc-khen-nhu-tong-tai-5003184.html,Dung mạo ca sĩ Kpop được khen như 'tổng tài',"James - 20 tuổi, thành viên nhóm Kpop Cortis - được khen thần thái khi diện vest, gây ấn tượng với gương mặt góc cạnh.","Hôm 7/1,James của nhóm Cortis gây chú ý khi cùng các thành viên tham dự sự kiện thời trang ở Seoul, Hàn Quốc. Vẻ ngoài của anh hiện là chủ đề nổi bật khắp các trang mạng xã hội. Tại Việt Nam, nhiều fanpage trênFacebookchia sẻ hình ảnh James, khen anh có ngoại hình giống hình tượng tổng tài. Video:X/ Scoop!
""Tổng tài"" là từ Hán Việt chỉ những người đàn ông giữ chức vụ cao ở các tập đoàn lớn. Đây là kiểu nam chính thường xuất hiện trong phim, truyện ngôn tình hiện đại với điểm chung là giàu có, đẹp trai và si tình.
TrênX, các fansite (trang của người hâm mộ chuyên chụp ảnh thần tượng) thu hút hàng chục nghìn lượt xem cho mỗi bài đăng hình James.About Music- nơi chuyên đăng tin Kpop - có hơn một triệu lượt view khi chia sẻ lại hình của ca sĩ. Nhiều fan quốc tế nhận xét anh giống ma cà rồng Edward Cullen - nam chính trong loạt phimThe Twilight Sagado Robert Pattison thủ vai. Ảnh:X/Amber
TrênX, các fansite (trang của người hâm mộ chuyên chụp ảnh thần tượng) thu hút hàng chục nghìn lượt xem cho mỗi bài đăng hình James.About Music- nơi chuyên đăng tin Kpop - có hơn một triệu lượt view khi chia sẻ lại hình của ca sĩ. Nhiều fan quốc tế nhận xét anh giống ma cà rồng Edward Cullen - nam chính trong loạt phimThe Twilight Sagado Robert Pattison thủ vai. Ảnh:X/Amber
Chân dung thần tượng qua ống kính của phóng viên. Ảnh:Segye
Ca sĩ sinh năm 2005 tại Hong Kong, lớn lên ở Đài Loan. Anh có tên thật là Triệu Vũ Phàm, mang hai dòng máu Trung Quốc và Thái Lan. Tháng 8/2025, James cùng bốn thành viên khác ra mắt dưới tư cách nhóm Cortis. Ban nhạc là đàn em củaBTS, do công ty Big Hit Music - trực thuộc tập đoàn HYBE - quản lý.
Chân dung thần tượng qua ống kính của phóng viên. Ảnh:Segye
Ca sĩ sinh năm 2005 tại Hong Kong, lớn lên ở Đài Loan. Anh có tên thật là Triệu Vũ Phàm, mang hai dòng máu Trung Quốc và Thái Lan. Tháng 8/2025, James cùng bốn thành viên khác ra mắt dưới tư cách nhóm Cortis. Ban nhạc là đàn em củaBTS, do công ty Big Hit Music - trực thuộc tập đoàn HYBE - quản lý.
Từ trái qua: James, Juhoon, 18 tuổi, Keonho, 17 tuổi, Seonghyeon, 17 tuổi, và trưởng nhóm Martin, 18 tuổi. Ảnh:Instagram/ Cortis
TheoRolling Stone, tên nhóm bắt nguồn từ cụm ""Color outside the lines (Vượt khỏi giới hạn)"" thể hiện tinh thần sáng tạo không có điểm dừng. Đây cũng là tên EP (dạng đĩa nhạc có lượng bài hát ít hơn album) đầu tay của họ. Ngoài ra, cách đặt tên lấy cảm hứng từ cortisol - loạihormonliên quan kiểm soát năng lượng, hành động và cảm xúc. Ảnh:Instagram/ Cortis
Từ trái qua: James, Juhoon, 18 tuổi, Keonho, 17 tuổi, Seonghyeon, 17 tuổi, và trưởng nhóm Martin, 18 tuổi. Ảnh:Instagram/ Cortis
TheoRolling Stone, tên nhóm bắt nguồn từ cụm ""Color outside the lines (Vượt khỏi giới hạn)"" thể hiện tinh thần sáng tạo không có điểm dừng. Đây cũng là tên EP (dạng đĩa nhạc có lượng bài hát ít hơn album) đầu tay của họ. Ngoài ra, cách đặt tên lấy cảm hứng từ cortisol - loạihormonliên quan kiểm soát năng lượng, hành động và cảm xúc. Ảnh:Instagram/ Cortis
MV ra mắt của nhóm -What You Want. Video:YouTube/ Hybe Labels
Hiện Cortis là một trong những nhóm nổi tiếng nhất tại Hàn Quốc, có khoảng 8,8 triệu người theo dõi trênInstagram. Trước khi phát hành đĩa đơn đầu tiênWhat You Want, ban nhạc giới thiệu MVGO!do tất cả thành viên sản xuất. Bên cạnh âm nhạc, nhóm gây ấn tượng với phong cách Y2K và street style (mốt đường phố).
James đến Hàn Quốc làm thực tập sinh từ năm 2021. Anh từng thuộc đội hình Trainee A - dự án đào tạo nhóm nam mới của BigHit, nhưng tan rã năm 2022. Ảnh:Instagram Cortis
James đến Hàn Quốc làm thực tập sinh từ năm 2021. Anh từng thuộc đội hình Trainee A - dự án đào tạo nhóm nam mới của BigHit, nhưng tan rã năm 2022. Ảnh:Instagram Cortis
Một số báo quốc tế nhưRolling Stone,Voguegọi James là thần đồng vũ đạo vì anh từng tham gia biên đạo bài nhảy cho một số nghệ sĩ cùng công ty. Năm 2023, James làm vũ công minh họa trên sân khấu bài hátSevencủa đàn anh Jungkook (BTS). Ảnh:X/ Scoop!
Một số báo quốc tế nhưRolling Stone,Voguegọi James là thần đồng vũ đạo vì anh từng tham gia biên đạo bài nhảy cho một số nghệ sĩ cùng công ty. Năm 2023, James làm vũ công minh họa trên sân khấu bài hátSevencủa đàn anh Jungkook (BTS). Ảnh:X/ Scoop!
Fancam của James trên sân khấu biểu diễn ca khúc FaSHioN. Video:YouTube/ M2
Cũng theoRolling Stone, James có 10 năm kinh nghiệm chơi khúc côn cầu trên băng, đạt trình độ bán chuyên nghiệp. Anh cho biết trải nghiệm tập bộ môn này giúp bản thân rèn tính kỷ luật. Ngoài ra, James giữ đai đen taekwondo, thành thạo bốn ngôn ngữ gồm Thái Lan, Trung Quốc, Hàn Quốc và tiếng Anh. Ảnh:Instagram/ Cortis
Cũng theoRolling Stone, James có 10 năm kinh nghiệm chơi khúc côn cầu trên băng, đạt trình độ bán chuyên nghiệp. Anh cho biết trải nghiệm tập bộ môn này giúp bản thân rèn tính kỷ luật. Ngoài ra, James giữ đai đen taekwondo, thành thạo bốn ngôn ngữ gồm Thái Lan, Trung Quốc, Hàn Quốc và tiếng Anh. Ảnh:Instagram/ Cortis
Trước khi gây sốt với hình tượng tổng tài, James từng ""khuynh đảo"" mạng xã hội khi biểu diễn tại sân vận động Seoul World Cup Stadium tháng 11/2025. Ảnh:X/ NN
Bên dưới các bài đăng lại ảnh, nhiều fan nhận xét tạo hình của anh khiến họ liên tưởng vẻ đẹp của nhà Cullen trongTwilight, nhất là ở phân cảnh gia đình ma cà rồng chơi bóng chày thuộc phần đầu.
Trước khi gây sốt với hình tượng tổng tài, James từng ""khuynh đảo"" mạng xã hội khi biểu diễn tại sân vận động Seoul World Cup Stadium tháng 11/2025. Ảnh:X/ NN
Bên dưới các bài đăng lại ảnh, nhiều fan nhận xét tạo hình của anh khiến họ liên tưởng vẻ đẹp của nhà Cullen trongTwilight, nhất là ở phân cảnh gia đình ma cà rồng chơi bóng chày thuộc phần đầu.
Ca sĩ cao khoảng 1,78 m.
Ca sĩ cao khoảng 1,78 m.
Phong cách đời thường của anh cả Cortis.
Phong cách đời thường của anh cả Cortis.
Phương Thảo"
https://vnexpress.net/lisa-se-lan-dau-trao-giai-qua-cau-vang-5003804.html,Lisa sẽ lần đầu trao giải Quả Cầu Vàng,MỹCa sĩ Lisa nhóm Blackpink là thần tượng Kpop đầu tiên trao giải tại Quả Cầu Vàng 2026.,"TheoTMZhôm 8/1, Hiệp hội Báo chí Nước ngoài Hollywood công bố danh sách những người trao giải tại sự kiện lần 83, trong đó có Lisa. Cô đảm nhận vị trí này cùng các ngôi sao quốc tế như Snoop Dogg, Miley Cyrus và Orlando Bloom.
Năm ngoái, nghệ sĩ có bước ngoặt trong diễn xuất khi đóng mùa ba seriesThe White Lotus. Nhân vật của cô trong phim tên là Mook, tiếng Thái nghĩa là ""ngọc trai"", làm nhân viên khu nghỉ dưỡng.
Dù xuất hiện với thời lượng ngắn, sức hút của Lisa gây tò mò cho khán giả. Không chỉ ra mắt phim ở Mỹ, êkíp còn tổ chức buổi công chiếu tại Bangkok (Thái Lan) tháng 2/2025, tặng vé tham dự cho hơn 200 người hâm mộ. Cô còn tích cực tham gia nhiều sự kiện quan trọng tại Hollywood, từng biểu diễn ở Oscar, Met Gala và Emmy 2025.
Hồi tháng 12/2025, nhà sản xuất công bố Lisa đóng chính dự án hành độngTygo, thuộc loạt phimExtraction, hợp tác tài tử Ma Dong Seok và Lee Jin Wook. Nội dung xoay quanh giới tội phạm Hàn Quốc, ghi hình vào cuối năm 2025, đánh dấu bước chuyển từ truyền hình sang điện ảnh của cô.
Lisa, 29 tuổi, sinh ở Thái Lan, hoạt động chủ yếu ở Hàn Quốc trong nhóm Blackpink. Cô là nghệ sĩ châu Á có lượng người theo dõi, số bài viết nhận nhiều like nhất trên Instagram. Ca sĩ hiện là CEO của LLOUD - công ty do cô thành lập, hoạt động các lĩnh vực thời trang, điện ảnh, âm nhạc.
Bên cạnh sự nghiệp, chuyện đời tư, phong cách của cô nhận chú ý của hàng triệu fan. Người đẹp được cho hẹn hò doanh nhânFrédéric Arnault- con trai tỷ phú Bernard Arnault. Cô cũng là người lăng xê nhiều xu hướng, trong đó có thú sưu tập đồ chơi nghệ thuật.
Giải Quả Cầu Vàngdo công ty Eldridge Industries và Dick Clark Productions (DCP) nắm quyền điều hành, sau khi Hiệp hội Báo chí nước ngoài tại Hollywoodbántoàn bộ tài sản, quyền lợi và quyền sở hữu chương trình, hồi tháng 6/2023. Từ mùa giải năm 2024, mỗi hạng mục có sáu tác phẩm tranh giải, thay vì năm phim như trước. Lễ trao giải lần thứ 83 sẽ diễn ra vào ngày 11/1 giờ Los Angeles (sáng 12/1 giờ Hà Nội), trực tiếp trên kênhCBSvàParamount+, Nikki Glaser trở lại vai trò dẫn chương trình năm thứ hai liên tiếp.
Cát Tiên(theoTMZ,Golden Globes)"
https://vnexpress.net/tuyen-huyen-than-trong-sau-khi-bi-lua-tinh-5003583.html,Tuyên Huyên thận trọng sau khi bị lừa tình,"Minh tinh Hong Kong Tuyên Huyên tiết lộ từng bị bạn trai lừa phỉnh, vì thế cảnh giác với đàn ông tiếp cận mình.","Trong talkshow trênYouTube, minh tinh 56 tuổi nói trải nghiệm tình yêu từ khi chập chững vào đời, trong đó, mối tình đầu gây tổn thương cho Tuyên Huyên. Bấy giờ, chàng trai yêu cô khi vừa chia tay bạn gái, một thời gian sau, anh quay lại với người cũ vì vẫn còn tình cảm. Lúc đó, Tuyên Huyên đau lòng vì nhận ra cô chỉ là ""người thay thế tạm thời"". Đến nay nhìn lại, cô cảm thấy bấy giờ cả ba còn quá trẻ, chàng trai chưa đủ trưởng thành để xử lý nhiều vấn đề.
Mối tình thứ hai của Tuyên Huyên cũng không tốt đẹp, người đàn ông đã có người yêu nhưng giấu Tuyên Huyên, biến cô thành ""kẻ thứ ba"". Diễn viên biết được sự thật nhờ một người bạn thời đại học. Cô nói: ""Khi biết tin, tôi như bị sét đánh ngang tai, cảm thấy mình quá ngu ngốc"".
Từ đó, Tuyên Huyên cảnh giác với đàn ông, thận trọng trước bất kỳ mối quan hệ nào. Khi có người nào đó tiếp cận, cô sẽ quan sát nhiều hơn và chủ động cắt đứt liên lạc nếu trực giác mách bảo mối quan hệ không an toàn.
Minh tinh trải qua nhiều cuộc tình khác, trong đó có mối duyên ba năm với tài tử Trương Vệ Kiện. Sau đó, cô lần lượt đính hôn với hai người làm ngoài ngành giải trí nhưng đều hủy hôn.
Bạn trai cũ của Tuyên Huyên có cả người Hoa lẫn phương Tây, tất cả cuộc tình đều không đi đến gắn kết trọn đời vì quan điểm trái ngược. Chẳng hạn, bạn trai Tây của Tuyên Huyên từng không thể hiểu vì sao người Hoa cần mua nhà cho cha mẹ. Theo cô, hạnh phúc không liên quan hẹn hò người cùng hay khác quốc tịch, mà ở việc ""gặp đúng người"".
Hiện, tiêu chuẩn tìm bạn đời của diễn viên là đôi bên tâm đầu ý hợp, có thể dốc lòng nói chuyện. Cô tin trên thế giới có người đồng điệu tâm hồn với mình, hài hước.
Trước đây, Tuyên Huyên cho rằng đôi mươi là ""thời rực rỡ nhất"" của phụ nữ nhưng khi qua 40, 50, Tuyên Huyên vẫn thấy vui vẻ, cuộc sống thú vị. ""Tôi không lập gia đình, việc đó không tốt ư? Mỗi người có cách nhìn khác nhau. Tôi chỉ làm theo điều trái tim hướng tới, không bắt chước người khác"", diễn viên nói.
Tuyên Huyênlớn lên trong gia đình giàu có, cha là doanh nhân thành công, mẹ là lãnh đạo ở một công ty hàng không. Cô tốt nghiệp Đại học Imperial College London. Năm 1991, khi về Hong Kong thực tập, Tuyên Huyên được công ty giải trí phát hiện, mời quay quảng cáo chocolate. Cơ duyên đó đưa Tuyên Huyên vào showbiz, thành diễn viên của đài TVB.
Người đẹp nổi bật màn ảnh Hong Kong thập niên 1990, 2000, đóng nhiều tác phẩm ăn khách nhưThiên định kỳ duyên,Thiên địa nam nhi,Hồ sơ trinh sát4,Cỗ máy thời gian,Bước ngoặt cuộc đời,Đôi đũa lệch. Cuối năm 2025, cô ra mắt phim điện ảnhCỗ máy thời gian, tái hợp dàn sao Cổ Thiên Lạc, Lâm Phong.
Như Anh"
https://vnexpress.net/nguoi-tre-tran-tro-khi-ai-tham-gia-san-xuat-phim-hoat-hinh-5000197.html,Người trẻ trăn trở khi AI tham gia sản xuất phim hoạt hình,AI được đưa vào nhiều khâu sản xuất khiến người trẻ trăn trở trước nguy cơ bị thay thế trong quá trình làm phim.,"Tại talkshowIP nhân vật: Bí quyết đằng sau những ""mỏ vàng"" tỷ đôdiễn ra ở Đại học Văn Lang, TP HCM, hồi cuối tháng 12/2025, nhiều sinh viên cho biết lo ngại trước sự tham gia của AI vào các lĩnh vực như sáng tạo nội dung, thiết kế game hay sản xuất phim ảnh.
Trong bối cảnh ngành công nghiệp Character IP (Intellectual Property) phát triển trong nước, IP nhân vật trở thành đích đến của doanh nghiệp và nhà đầu tư nhờ tiềm năng thương mại hóa dài hạn trên nhiều nền tảng. IP nhân vật là những nhân vật hư cấu được định hình để tồn tại lâu dài cùng công chúng. Không chỉ xuất hiện trong phim, trò chơi hay truyện, các nhân vật này còn phát triển trên sản phẩm tiêu dùng, trở thành hình ảnh gắn với đời sống giải trí và văn hóa đại chúng.
Trên thị trường quốc tế,Dragon Balllà một ví dụ tiêu biểu cho mô hình khai thác IP hiệu quả. Theo báo cáo tài chính do Bandai Namco công bố tháng 5/2025, thương hiệuDragon Ballcủa Nhật đạt doanh thu kỷ lục 190,6 tỷ yên đến từ các mô hình và trò chơi điện tử.
Ngoài cơ hội, nhiều bạn trẻ theo ngành cho rằng họ đối diện thách thức về quyền sáng tạo trong quá trình phát triển và thương mại hóa sản phẩm IP. Sinh viên Cát Tường (Khoa Mỹ thuật số) nhận định việc khắc họa IP nhân vật đòi hỏi chất xám và sức sáng tạo ngày càng cao từ tác giả. Tuy nhiên, thay vì đầu tư cho đội ngũ nhân lực, một số doanh nghiệp có xu hướng ưu tiên sử dụng trí tuệ nhân tạo và các nhân vật phái sinh nhằm tiết kiệm chi phí.
Tháng 12/2025, trên mạng xã hội Trung Quốc lan truyền bộ phim ngắnArrowdài bảy phút, xây dựng một thế giới giả tưởng mà các nhân vật chỉ tồn tại như những thực thể trong một phần mềm bị lỗi. Tác phẩm này được tạo ra hoàn toàn bằng AI, dấy lên lo ngại về khả năng con người bị thay thế trong nhiều khâu sản xuất.
Trước đó, vào tháng 1/2023, Netflix Nhật Bản phát hành phim hoạt hình ngắnThe Dog & The Boyvới phần hình ảnh cũng được tạo bằng AI. Ở cuối phim, nhà sản xuất chỉ ghi chung tác giả minh họa là ""AI + con người"", từng gây tranh luận trong cộng đồng làm nghề về vai trò tác giả. TheoAnime Corner, đạo diễn Ryotaro Makihara cho biết êkíp chỉ thử nghiệm ứng dụng chúng trong khâu tạo dựng các cảnh nền.
""Bằng cách kết hợp công nghệ, chúng tôi có thể tập trung vào phần mà chỉ con người mới có thể làm được"", đạo diễn nói. Đồng quan điểm, giám đốc hình ảnh Koji Tanaka nói đây là giải pháp giúp giảm bớt gánh nặng cho các họa sĩ hoạt hình khi tạo khung hình cho một cảnh.
Một số doanh nghiệp hoạt hình trong nước sớm tiếp cận AI như một công cụ. Trong đó, công ty Sconnect ứng dụng công nghệ cho hai dự ánTrạng Quỳnh thời nhí nhốvàTrạng Quỳnh Nhí: Truyền Thuyết Kim Ngưu. Trí tuệ nhân tạo được đưa vào các khâu tiền kỳ như thu thập dữ liệu và nhu cầu người xem để sáng tạo ra các ý tưởng, tình huống tham chiếu, trước khi họa sĩ triển khai bản vẽ bằng tay.
Là khách mời ở buổi talkshow, ông Ngô Quang Hải - đạo diễn phim điện ảnhChuyện của Pao- nhận định AI hiện nay chủ yếu góp nhặt và tổng hợp dữ liệu từ nhiều nguồn để tạo nội dung đầu ra, các sản phẩm thiếu bản sắc và dấu ấn cá nhân. Câu chuyện sáng tạo không nằm AI mà ở cách nghệ sĩ chủ động sử dụng công nghệ một cách hiệu quả thay vì lệ thuộc.
Thị trường hoạt hình Việt vẫn phát triển những sản phẩm đạt hiệu quả nhất định từ bàn tay con người. Hàng loạt phim như SeriesWolfoo,Thỏ Bảy Màu,Dế Mèn: Cuộc phiêu lưu tới Xóm Lầy LộihayMonta trong Dải Ngân Hà Kỳ Cụcra đời cho thấy tiềm năng phát triển của họa sĩ trong nước. Nhiều phim nỗ lực khai thác chất liệu kho tàng văn học, song phần lớn chưa đủ sức tạo dấu ấn trên thị trường quốc tế.
Kho tàng truyện kể đã xây dựng sẵn một thế giới và hệ thống IP bền vững ngay từ trên trang sách. ""Tôi tin rằng nếu các nghệ sĩ trong nước bám sát và thể hiện tốt tinh thần nguyên tác thì sẽ xây dựng nên những nhân vật có độ nhận diện tốt"", đạo diễn Ngô Quang Hải nói.
Đồng quan điểm, ông Nguyễn Phúc Đạt - giám đốc sản xuất Vimax films - cho rằng để mở ra hướng đi lâu dài cho các IP trong nước, mỗi nhân vật phải có nhân dạng rõ ràng, tính cách đặc trưng. Bên cạnh đó, IP cần có khả năng nhân bản trên nhiều hình thức và nền tảng. Đồng thời, họa sĩ xây dựng một thế giới giàu tiềm năng khai thác. Cuối cùng, sự đồng hành từ các đối tác truyền thông được xem là yếu tố quan trọng để IP nhân vật tiếp cận thị trường.
Vi Đoàn"
