url,title,description,content
https://vnexpress.net/tien-si-viet-giai-bai-toan-du-bao-ngap-lut-tren-dat-my-4961160.html,Tiến sĩ Việt giải bài toán dự báo ngập lụt trên đất Mỹ,"Ghi dấu ấn với nghiên cứu dùng AI dự báo lũ, đã thử nghiệm trên toàn nước Mỹ, TS Trần Ngọc Vĩnh - chủ nhân giải Quả cầu vàng mong góp phần giải quyết bài toán ngập lụt ở Việt Nam.","TS Trần Ngọc Vĩnh, 34 tuổi, quê Bắc Giang cũ, nghiên cứu viên tại Đại học Michigan, Mỹ, nhận giải Quả cầu vàng năm 2025, hồi cuối tháng 10. Giải thưởng do Trung ương Đoàn cùng Bộ Khoa học và Công nghệ trao hàng năm, tôn vinh 10 tài năng khoa học trẻ xuất sắc, dưới 35 tuổi.
Anh Vĩnh là đồng tác giả 8 bằng độc quyền sáng chế tại Hàn Quốc, hàng chục bài báo đăng trên các tạp chí danh mục Q1 (nhóm uy tín nhất) và một số sách chuyên ngành trong lĩnh vực Thủy văn.
Anh Vĩnh là cựu sinh viên trường Đại học Khoa học Tự nhiên, Đại học Quốc gia Hà Nội. Thi đại học năm 2009, anh đăng ký ngành Toán Tin nhưng trượt. Được xếp vào khoa Khí tượng Thủy văn và Hải dương học, anh từng định thi lại, bởi chưa có hình dung gì về ngành học này. Nhưng sau đó, với suy nghĩ ""ngành ít người học, biết đâu cơ hội việc làm cao"", anh quyết định tiếp tục.
Năm thứ hai, khi phải chọn chuyên ngành, thấy lớp Khí tượng đông, anh Vĩnh đăng ký lớp Thủy văn. Được đi khảo sát thực địa ở nhiều nơi, trong đó có các tỉnh, thành miền Trung, nơi thường xuyên xảy ra những trận lũ lớn, anh Vĩnh trăn trở về cách dự báo thiên tai và giảm thiểu thiệt hại. Như một cơ duyên, đây trở thành hướng nghiên cứu chủ đạo trên con đường học thuật của anh sau này.
Tốt nghiệp năm 2014, anh làm việc tại Trung tâm Động lực học Thủy khí Môi trường của trường. Ba năm sau, anh giành học bổng của Đại học Ulsan, Hàn Quốc, trở thành nghiên cứu sinh ngành Xây dựng dân dụng.
""Hàn Quốc và hầu hết nơi trên thế giới không có ngành Thủy văn riêng biệt, mà đây chỉ là một chuyên ngành nhỏ trong Xây dựng dân dụng bởi tìm hiểu về thủy văn hay khí tượng nhằm mục đích xây dựng và phát triển bền vững"", anh Vĩnh lý giải. Vì thế, hướng nghiên cứu của anh Vĩnh vẫn là Thủy văn.
Giai đoạn đầu tới Hàn Quốc, anh Vĩnh gặp nhiều khó khăn do thay đổi môi trường sống, khác biệt về văn hóa và ngôn ngữ. Anh luôn tự động viên mình rằng mọi thứ sẽ dần ổn định.
Suốt 5 năm ở đây, thứ đọng lại là chuỗi thời gian làm việc 14-15 tiếng mỗi ngày. Anh cho rằng niềm đam mê nghiên cứu và lập trình giúp anh thoải mái với công việc này.
Năm 2022, anh Vĩnh tìm đường sang Mỹ. Nộp gần 20 hồ sơ, anh được hơn 10 đại học chấp nhận. Sau khi cân nhắc một số yếu tố như thứ hạng, môi trường sống và hướng nghiên cứu, anh chọn Đại học Michigan - một trong những trường công lập hàng đầu Mỹ.
Tại đây, anh Vĩnh làm trưởng một nhóm nghiên cứu ở Khoa Kỹ thuật Xây dựng và Môi trường. Đề tài đầu tiên do anh dẫn dắt là ""Trí tuệ nhân tạo nâng cao độ chính xác, độ tin cậy và giá trị kinh tế của các dự báo lũ lụt trung hạn quy mô lục địa"", hoàn thành năm 2023.
Nhóm anh Vĩnh phát triển một khung mô hình mới, kết hợp giữa AI và mô hình dự báo lũ hiện tại của Mỹ - National Water Model (NWM), giúp giảm thiểu sai sót trong lập trình dự báo lũ lụt và đưa ra dự đoán chính xác hơn.
Là tác giả chính, anh Vĩnh tập trung thu thập, xử lý dữ liệu đầu vào về khí tượng (mưa nhiệt độ, gió,...), dòng chảy lũ, dữ liệu mô phỏng từ NWM; thiết kế khung nghiên cứu tổng thể, xây dựng các kịch bản mô phỏng để đánh giá hiệu quả của mô hình; chủ trì viết bản thảo, tham gia phản biện... Anh cũng chịu trách nhiệm thiết kế, lập trình, huấn luyện mô hình AI thử nghiệm trên toàn lãnh thổ Mỹ với hơn 42.000 sự kiện lũ.
Kết quả, công trình của nhóm anh Vĩnh được công bố trên 33 tạp chí quốc tế, chủ yếu là hạng Q1, tiêu biểu nhưAGU Advances- tạp chí hàng đầu của Liên hiệp hội Địa vật lý Mỹ.
Anh Vĩnh khẳng định mô hình giúp nâng cao độ chính xác khi dự báo lũ trung hạn (1-10 ngày), giúp cải thiện hiệu quả việc lập kế hoạch, ứng phó và giảm nhẹ thiệt hại do lũ gây ra. Với tốc độ tính toán nhanh và tiết kiệm tài nguyên, mô hình có thể dự báo cho gần 5.500 vị trí chỉ trong vài phút.
""Nó có thể cung cấp các kịch bản dự báo xác suất - yếu tố then chốt để ra quyết định trong bối cảnh rủi ro cao và có thể chạy trên máy tính thông thường, không cần siêu máy tính"", TS Vĩnh nói.
Anh Vĩnh cũng tâm đắc với công trình về giải quyết ngập lụt đô thị, đăng trên tạp chíNature Cities. Nghiên cứu chỉ ra rằng cách thức thiết kế hệ thống thoát nước hiện tại chưa tối ưu, nên việc giảm thiểu ngập lụt đô thị không như kỳ vọng.
Chủ nhân Quả cầu vàng 2025 mong muốn ứng dụng nghiên cứu này vào thực tiễn Việt Nam, giúp dự báo lũ lụt, đưa ra các giải pháp phòng chống, cũng như phục vụ thiết kế những công trình phòng chống thiên tai, tối ưu hệ thống thoát nước lũ ở các thành phố lớn như Hà Nội, TP HCM.
Nói về ngập lụt ở Hà Nội, anh Vĩnh cho rằng có thể xem xét giải pháp xử lý nước mưa, ví dụ làm sao để thu thập được hệ thống nước mưa một cách chủ đích và tận dụng chúng; tính đến sự phân bổ lượng nước, tạo ra ""nhiều cổ chai"" thay vì một vài nút thắt cổ chai để thoát nước.
""Các giải pháp thường bắt nguồn từ những suy nghĩ có vẻ ngây ngô, nhưng tôi tin rằng nó sẽ mang lại hiệu quả nếu đi đến cùng, với các dữ liệu khoa học và tính toán hợp lý"", anh Vĩnh bày tỏ.
Anh Vĩnh đang chủ yếu nghiên cứu về dự báo lũ sông và lũ đô thị. Dịp về Việt Nam nhận giải thưởng, anh ở lại thêm hơn một tháng để kết nối với các nhà khoa học, các dự án liên quan dự báo khí tượng thủy văn nhằm cộng tác nghiên cứu. Về dài hạn, anh mong trở thành nhà khoa học có dấu ấn trên bản đồ thế giới.
""Hiện tại, tôi nghĩ Mỹ có những điều kiện thuận lợi hơn để phục vụ nghiên cứu"", anh Vĩnh nói. ""Tuy nhiên, nếu ngày nào đó có cơ hội ở Việt Nam với các điều kiện phù hợp, tôi sẵn sàng về làm việc và cống hiến"".
Anh hy vọng Việt Nam có thể tháo bỏ dần một số rào cản để các nhà nghiên cứu thuận lợi hơn, chẳng hạn về hệ thống dữ liệu. Hiện mỗi đơn vị có dữ liệu riêng, nhà nghiên cứu không phải lúc nào cũng được tiếp cận được.
Ngoài ra, anh mong có các chính sách hỗ trợ tốt hơn cho các nghiên cứu cơ bản, đặc biệt là về Khoa học Trái đất hay nhỏ hơn là Khí tượng thủy văn - những ngành quan trọng nhưng sự đầu tư rất hạn chế.
Dương Tâm"
https://vnexpress.net/noi-nong-nhat-the-gioi-thuoc-nuoc-chau-a-nao-4961812.html,Nơi nóng nhất thế giới thuộc nước châu Á nào?,"Nơi này nhiều thời điểm có thể nóng tới 80,8 độ C, là di sản thiên nhiên thế giới được UNESCO công nhận.",Dương Tâm(Tổng hợp)
https://vnexpress.net/noi-nong-nhat-the-gioi-thuoc-nuoc-chau-a-nao-4961812.html#box_comment_vne,Nơi nóng nhất thế giới thuộc nước châu Á nào?,"Nơi này nhiều thời điểm có thể nóng tới 80,8 độ C, là di sản thiên nhiên thế giới được UNESCO công nhận.",Dương Tâm(Tổng hợp)
https://vnexpress.net/hang-tram-hoc-sinh-gan-bien-ten-len-xe-dap-dien-4961829.html,Hàng trăm học sinh gắn biển tên lên xe đạp điện,"Phú ThọGần 400 phụ huynh và học sinh THCS Ngọc Lập đồng ý gắn biển tên, lớp lên xe đạp điện để dễ quản lý, góp phần giảm vi phạm giao thông.","Ngày 9/11, hình ảnh những chiếc xe điện của học sinh trường THCS Ngọc Lập, xã Minh Hòa với biển màu xanh phía sau, ghi tên, lớp, lan truyền trên mạng xã hội. Mỗi bài đăng thu hút hàng nghìn lượt tương tác.
Nhiều bình luận cho rằng đây là mô hình hay, cần nhân rộng, bởi giúp học sinh dễ nhận diện xe của mình, ý thức hơn khi tham gia giao thông. Nhưng cũng có người lo ngại việc này lãng phí, làm lộ thông tin của học sinh.
Chiều 9/11, thầy Hoàng Đức Giang, Hiệu trưởng trường THCS Ngọc Lập, cho biết Liên đội nhà trường vận động học sinh gắn biển tên trên xe đạp điện cá nhân cách đây khoảng 10 ngày.
Mục đích là giúp gia đình và nhà trường dễ dàng quản lý học sinh, vì hiện các em được nghỉ một số buổi chiều, có thể đi chơi mà bố mẹ không biết.
""Việc gắn biển tên cũng góp phần tuyên truyền xây dựng văn hóa giao thông học đường văn minh, an toàn và trách nhiệm, giúp học sinh nâng cao ý thức khi tham gia giao thông"", thầy Giang nói.
Thầy Giang cũng cho hay Liên đội trường chỉ phát động phong trào, gợi ý mẫu chứ không bắt buộc tất cả học sinh phải thực hiện. Tuy nhiên, gần như 100% phụ huynh hưởng ứng. Đến nay, gần 400 xe đạp điện của học sinh được gắn biển tên.
Có con đang học lớp 9, chị Trần Thị Sen, 48 tuổi, trú xã Minh Hòa, cho biết gia đình đã tự làm biển tên gắn sau xe cách đây khoảng hai năm. Chị nhìn nhận như vậy con dễ dàng tìm thấy xe khi tan học, cũng có ý thức khi đi đường.
""Con chủ yếu di chuyển từ nhà tới trường hay một số địa điểm trong xã. Chỉ cần con vi phạm giao thông, người đi đường nhìn tên là có thể biết con nhà ai đang vi phạm"", chị Sen lý giải.
Vì thế, khi nhà trường phát động phong trào gắn biển tên cho xe đạp điện, chị đồng ý ngay và thay biển theo mẫu cho con.
Anh Đỗ Đức Thọ, phụ huynh có con học lớp 8, chung quan điểm. Anh Thọ cho biết chi phí làm biển tên rất rẻ, chỉ khoảng 20.000 đồng nhưng mang lại nhiều lợi ích.
Cả anh Thọ và chị Sen không lo ngại gì về vấn đề lộ danh tính các con bởi thông tin chỉ bao gồm tên và lớp, tương tự như áo đồng phục.
Thầy Giang cho biết những năm học tới, khi học sinh lên lớp, nhà trường có thể hỗ trợ cắt chữ decal dán lại biển xe cho các em.
Xe đạp điện - Electric bicycles là xe đạp được vận hành bằng động cơ điện một chiều hoặc bằng cơ cấu đạp chân có trợ lực từ động cơ này. Trong đó, công suất động cơ và vận tốc thiết kế lớn nhất lần lượt là 250 W và 25 km/h.
Theo Luật giao thông đường bộ, xe đạp điện thuộc nhóm phương tiện giao thông thô sơ, người dưới 16 tuổi có thể điều khiển.
Dương Tâm"
https://vnexpress.net/hang-tram-hoc-sinh-gan-bien-ten-len-xe-dap-dien-4961829.html#box_comment_vne,Hàng trăm học sinh gắn biển tên lên xe đạp điện,"Phú ThọGần 400 phụ huynh và học sinh THCS Ngọc Lập đồng ý gắn biển tên, lớp lên xe đạp điện để dễ quản lý, góp phần giảm vi phạm giao thông.","Ngày 9/11, hình ảnh những chiếc xe điện của học sinh trường THCS Ngọc Lập, xã Minh Hòa với biển màu xanh phía sau, ghi tên, lớp, lan truyền trên mạng xã hội. Mỗi bài đăng thu hút hàng nghìn lượt tương tác.
Nhiều bình luận cho rằng đây là mô hình hay, cần nhân rộng, bởi giúp học sinh dễ nhận diện xe của mình, ý thức hơn khi tham gia giao thông. Nhưng cũng có người lo ngại việc này lãng phí, làm lộ thông tin của học sinh.
Chiều 9/11, thầy Hoàng Đức Giang, Hiệu trưởng trường THCS Ngọc Lập, cho biết Liên đội nhà trường vận động học sinh gắn biển tên trên xe đạp điện cá nhân cách đây khoảng 10 ngày.
Mục đích là giúp gia đình và nhà trường dễ dàng quản lý học sinh, vì hiện các em được nghỉ một số buổi chiều, có thể đi chơi mà bố mẹ không biết.
""Việc gắn biển tên cũng góp phần tuyên truyền xây dựng văn hóa giao thông học đường văn minh, an toàn và trách nhiệm, giúp học sinh nâng cao ý thức khi tham gia giao thông"", thầy Giang nói.
Thầy Giang cũng cho hay Liên đội trường chỉ phát động phong trào, gợi ý mẫu chứ không bắt buộc tất cả học sinh phải thực hiện. Tuy nhiên, gần như 100% phụ huynh hưởng ứng. Đến nay, gần 400 xe đạp điện của học sinh được gắn biển tên.
Có con đang học lớp 9, chị Trần Thị Sen, 48 tuổi, trú xã Minh Hòa, cho biết gia đình đã tự làm biển tên gắn sau xe cách đây khoảng hai năm. Chị nhìn nhận như vậy con dễ dàng tìm thấy xe khi tan học, cũng có ý thức khi đi đường.
""Con chủ yếu di chuyển từ nhà tới trường hay một số địa điểm trong xã. Chỉ cần con vi phạm giao thông, người đi đường nhìn tên là có thể biết con nhà ai đang vi phạm"", chị Sen lý giải.
Vì thế, khi nhà trường phát động phong trào gắn biển tên cho xe đạp điện, chị đồng ý ngay và thay biển theo mẫu cho con.
Anh Đỗ Đức Thọ, phụ huynh có con học lớp 8, chung quan điểm. Anh Thọ cho biết chi phí làm biển tên rất rẻ, chỉ khoảng 20.000 đồng nhưng mang lại nhiều lợi ích.
Cả anh Thọ và chị Sen không lo ngại gì về vấn đề lộ danh tính các con bởi thông tin chỉ bao gồm tên và lớp, tương tự như áo đồng phục.
Thầy Giang cho biết những năm học tới, khi học sinh lên lớp, nhà trường có thể hỗ trợ cắt chữ decal dán lại biển xe cho các em.
Xe đạp điện - Electric bicycles là xe đạp được vận hành bằng động cơ điện một chiều hoặc bằng cơ cấu đạp chân có trợ lực từ động cơ này. Trong đó, công suất động cơ và vận tốc thiết kế lớn nhất lần lượt là 250 W và 25 km/h.
Theo Luật giao thông đường bộ, xe đạp điện thuộc nhóm phương tiện giao thông thô sơ, người dưới 16 tuổi có thể điều khiển.
Dương Tâm"
https://vnexpress.net/thu-tuong-xay-truong-vung-bien-tao-bao-than-toc-nhu-chien-dich-quang-trung-4961797.html,"Thủ tướng: Xây trường vùng biên 'táo bạo, thần tốc như chiến dịch Quang Trung'","Thủ tướng Phạm Minh Chính yêu cầu xây dựng trường nội trú vùng biên với tinh thần thần tốc, táo bạo như chiến dịch Quang Trung, mang lại môi trường học tập toàn diện cho học sinh nơi biên cương.","Sáng 9/11, Thủ tướng cùng các Phó thủ tướng, Bộ trưởng dự lễ khởi công 72 trường liên cấp nội trú tại các xã biên giới. Thủ tướng Phạm Minh Chính chủ trì lễ khởi công tại điểm cầu trung tâm ở xã Yên Khương, Thanh Hóa.
Phát biểu tại đây, lãnh đạo Chính phủ cho biết chương trình khởi công xây các trường nội trú phổ thông liên cấp tiểu học và trung học cơ sở tại các xã biên giới là sự kiện có ý nghĩa chính trị, xã hội và nhân văn, thể hiện tinh thần cả nước hướng về biên cương, vì tương lai con em đồng bào các dân tộc.
Theo Thủ tướng, con người là vốn quý nhất, vừa là nguồn lực vừa là động lực phát triển. Đầu tư cho con người là đầu tư cho sự phát triển và Việt Nam đang đẩy mạnh phát triển con người toàn diện đức, trí, thể, mỹ. Bộ Chính trị và Tổng Bí thư Tô Lâm xác định đầu tư xây dựng các trường nội trú liên cấp là nhiệm vụ chính trị quan trọng nhằm nâng cao dân trí, chất lượng nhân lực, tạo động lực, tạo nguồn cán bộ người dân tộc là người địa phương. Trước mắt, trong năm 2025 cả nước sẽ xây dựng 100 trường và trong ba năm tới xây 248 trường.
""Những ngôi trường mọc lên, đáp ứng niềm tin, khát vọng của các em học sinh nơi biên giới"", Thủ tướng nói và mong các em tích cực học tập, chú trọng ngoại ngữ, tin học.
Ông nói tùy theo địa hình, khí hậu, mỗi địa phương cần có các mẫu trường nội trú khác nhau. Tuy nhiên, các chức năng như vui chơi, học văn hóa, nghệ thuật, thể dục thể thao phải đảm bảo đầy đủ. Địa phương có thể huy động ngân sách nhà nước và ngoài nhà nước để xây trường. Chính phủ đã tiết kiệm chi trong 7 tháng, dành hơn 3.000 tỷ đồng để xây trường.
Từ niềm vui lan tỏa dọc biên cương Tổ quốc, Thủ tướng cho rằng phụ huynh và người dân đã cảm nhận rõ tinh thần nhân văn, nhân ái của Nhà nước và toàn xã hội. Ông gửi lời cảm ơn các bộ, ngành, thầy cô, học sinh, người dân vùng biên cùng doanh nghiệp, nhà hảo tâm đã chung tay góp sức xây dựng trường học nơi biên giới.
Để đưa những ngôi trường mới vào hoạt động, phục vụ kịp thời các em học sinh, Thủ tướng đề nghị lãnh đạo các địa phương và bộ ngành liên quan trực tiếp chỉ đạo giải quyết khó khăn, hỗ trợ nhà thầu, tập trung mọi nguồn lực thi công với tinh thần ""ăn tranh thủ, ngủ khẩn trương; vượt nắng thắng mưa, không thua bão gió; nắng cũng làm, mưa cũng làm; làm ngày không đủ, tranh thủ làm đêm"".
Nhắc lại chiến dịch vua Quang Trung dẫn quân ra Bắc đại phá quân Thanh năm Kỷ Dậu 1789, Thủ tướng đề nghị xây trường liên cấp khu vực biên giới với tinh thần ""thần tốc, táo bạo"". Đồng thời, việc thi công phải đảm bảo chất lượng.
""Nếu không có tinh thần thần tốc, táo bạo như vua Quang Trung thì rất khó hoàn thành. Từng ngôi trường mới sẽ là nơi gieo con chữ, ươm mầm tri thức, nuôi dưỡng ước mơ, hiện thực hóa khát vọng"", ông nói, nhấn mạnh các trường học cũng là biểu tượng của tinh thần đại đoàn kết dân tộc, là trách nhiệm, tình cảm của Đảng, Nhà nước với đồng bào dân tộc vùng biên giới.
Người đứng đầu Chính phủ lưu ý quá trình triển khai không để xảy ra thất thoát, tiêu cực; mang lại lợi ích thiết thực cho học sinh, thầy cô. Thủ tướng đề nghị Mặt trận Tổ quốc Việt Nam tiếp tục kêu gọi doanh nghiệp, doanh nhân, nhà hảo tâm và toàn xã hội cùng chung tay cải tạo trường học cho các xã biên giới. ""Ai có nhiều thì góp nhiều, ai có ít thì góp ít, ai có công thì góp công, ai có của thì góp của, tiện ở đâu góp ở đấy"".
Ông bày tỏ lòng biết ơn đến các thầy cô đang công tác ở vùng sâu, vùng biên giới - những chiến sĩ thầm lặng mang tri thức đến những nơi xa nhất, gieo hạt giống của niềm tin và khát vọng. Họ là ""những người bền bỉ cắm bản, gieo chữ giữ nước"". Thủ tướng mong muốn các em học sinh học tập tốt, rèn luyện tốt, nỗ lực vượt qua mọi khó khăn, giữ gìn bản sắc dân tộc, sống có ước mơ, hoài bão, khát vọng vươn lên, đóng góp xây dựng đất nước.
Gieo chữ để giữ nước
Phát biểu tại điểm cầu Lai Châu, Bộ trưởng Giáo dục và Đào tạo Nguyễn Kim Sơn cho biết chương trình khởi công đồng loạt 72 trường hôm nay nằm trong kế hoạch xây dựng 100 trường nội trú liên cấp tại các xã biên giới, giai đoạn đầu trong tổng số 248 trường theo Kết luận 81 của Bộ Chính trị.
Theo Bộ trưởng, tổng vốn đầu tư xây dựng trường gần 20.000 tỷ đồng từ ngân sách trung ương. Các trường sẽ được xây dựng đồng bộ, hiện đại, đáp ứng đồng thời nhu cầu học tập, sinh hoạt nội trú, bán trú cho học sinh và nhà ở công vụ cho giáo viên. Hệ thống cơ sở vật chất được thiết kế đạt tiêu chuẩn cao nhất, nhiều tiêu chí vượt mức hiện hành, nhằm tạo môi trường giáo dục toàn diện về đức, trí, thể, mỹ.
Bộ Giáo dục và Đào tạo đã phối hợp với 22 tỉnh biên giới đất liền rà soát, xác định nhu cầu, lựa chọn địa điểm, chuẩn bị mặt bằng và phương án đầu tư. Đến nay, 100 trường đã được Thủ tướng phê duyệt danh mục, bố trí và phân bổ vốn; trong đó 28 trường đã khởi công và đang thi công khẩn trương, các trường còn lại khởi công đồng loạt hôm nay.
Bộ trưởng cho biết cùng với việc đầu tư xây dựng, Bộ đang hoàn thiện các văn bản về chế độ, chính sách cho học sinh, giáo viên; quy chế hoạt động của các trường nội trú liên cấp; chính sách ưu đãi, tuyển dụng, trọng dụng giáo viên; hướng nghiệp và đào tạo nguồn cán bộ là người địa phương xuất thân từ học sinh học tập tại các trường này.
""Chủ trương xây dựng hệ thống trường phổ thông nội trú liên cấp vùng biên là đáp ứng tốt nhất cho việc học tập, rèn luyện, sinh hoạt và phát triển toàn diện của học sinh, với kỳ vọng các em sẽ trở thành những chủ nhân có đủ năng lực, phẩm chất để góp phần xây dựng, phát triển và bảo vệ Tổ quốc - trực tiếp, hơn ai hết, là tại chính quê hương biên giới của mình"", Bộ trưởng nhấn mạnh.
Ông cho rằng với cơ sở vật chất khang trang, hiện đại, các trường sẽ là bước đột phá cho giáo dục vùng biên, thu hẹp chênh lệch vùng miền, bảo đảm công bằng trong tiếp cận tri thức. Mỗi ngôi trường nơi biên giới ""không chỉ là mái nhà tri thức, mà còn là biểu tượng của đại đoàn kết, của tình cảm và trách nhiệm Đảng, Nhà nước với đồng bào dân tộc"".
Bộ trưởng Giáo dục và Đào tạo cảm ơn sự chỉ đạo sát sao của Bộ Chính trị, Tổng Bí thư, Thủ tướng; sự phối hợp của các bộ ngành, địa phương và sự đồng hành của doanh nghiệp, nhân dân; đồng thời gửi lời tri ân đến đội ngũ giáo viên vùng biên nhân dịp Ngày Nhà giáo Việt Nam 20/11. ""Tôi mong các thầy cô luôn vững vàng, tiếp tục gieo chữ nơi đầu nguồn Tổ quốc"", ông nói.
Vũ Tuân - Sơn Hà"
https://vnexpress.net/thu-tuong-xay-truong-vung-bien-tao-bao-than-toc-nhu-chien-dich-quang-trung-4961797.html#box_comment_vne,"Thủ tướng: Xây trường vùng biên 'táo bạo, thần tốc như chiến dịch Quang Trung'","Thủ tướng Phạm Minh Chính yêu cầu xây dựng trường nội trú vùng biên với tinh thần thần tốc, táo bạo như chiến dịch Quang Trung, mang lại môi trường học tập toàn diện cho học sinh nơi biên cương.","Sáng 9/11, Thủ tướng cùng các Phó thủ tướng, Bộ trưởng dự lễ khởi công 72 trường liên cấp nội trú tại các xã biên giới. Thủ tướng Phạm Minh Chính chủ trì lễ khởi công tại điểm cầu trung tâm ở xã Yên Khương, Thanh Hóa.
Phát biểu tại đây, lãnh đạo Chính phủ cho biết chương trình khởi công xây các trường nội trú phổ thông liên cấp tiểu học và trung học cơ sở tại các xã biên giới là sự kiện có ý nghĩa chính trị, xã hội và nhân văn, thể hiện tinh thần cả nước hướng về biên cương, vì tương lai con em đồng bào các dân tộc.
Theo Thủ tướng, con người là vốn quý nhất, vừa là nguồn lực vừa là động lực phát triển. Đầu tư cho con người là đầu tư cho sự phát triển và Việt Nam đang đẩy mạnh phát triển con người toàn diện đức, trí, thể, mỹ. Bộ Chính trị và Tổng Bí thư Tô Lâm xác định đầu tư xây dựng các trường nội trú liên cấp là nhiệm vụ chính trị quan trọng nhằm nâng cao dân trí, chất lượng nhân lực, tạo động lực, tạo nguồn cán bộ người dân tộc là người địa phương. Trước mắt, trong năm 2025 cả nước sẽ xây dựng 100 trường và trong ba năm tới xây 248 trường.
""Những ngôi trường mọc lên, đáp ứng niềm tin, khát vọng của các em học sinh nơi biên giới"", Thủ tướng nói và mong các em tích cực học tập, chú trọng ngoại ngữ, tin học.
Ông nói tùy theo địa hình, khí hậu, mỗi địa phương cần có các mẫu trường nội trú khác nhau. Tuy nhiên, các chức năng như vui chơi, học văn hóa, nghệ thuật, thể dục thể thao phải đảm bảo đầy đủ. Địa phương có thể huy động ngân sách nhà nước và ngoài nhà nước để xây trường. Chính phủ đã tiết kiệm chi trong 7 tháng, dành hơn 3.000 tỷ đồng để xây trường.
Từ niềm vui lan tỏa dọc biên cương Tổ quốc, Thủ tướng cho rằng phụ huynh và người dân đã cảm nhận rõ tinh thần nhân văn, nhân ái của Nhà nước và toàn xã hội. Ông gửi lời cảm ơn các bộ, ngành, thầy cô, học sinh, người dân vùng biên cùng doanh nghiệp, nhà hảo tâm đã chung tay góp sức xây dựng trường học nơi biên giới.
Để đưa những ngôi trường mới vào hoạt động, phục vụ kịp thời các em học sinh, Thủ tướng đề nghị lãnh đạo các địa phương và bộ ngành liên quan trực tiếp chỉ đạo giải quyết khó khăn, hỗ trợ nhà thầu, tập trung mọi nguồn lực thi công với tinh thần ""ăn tranh thủ, ngủ khẩn trương; vượt nắng thắng mưa, không thua bão gió; nắng cũng làm, mưa cũng làm; làm ngày không đủ, tranh thủ làm đêm"".
Nhắc lại chiến dịch vua Quang Trung dẫn quân ra Bắc đại phá quân Thanh năm Kỷ Dậu 1789, Thủ tướng đề nghị xây trường liên cấp khu vực biên giới với tinh thần ""thần tốc, táo bạo"". Đồng thời, việc thi công phải đảm bảo chất lượng.
""Nếu không có tinh thần thần tốc, táo bạo như vua Quang Trung thì rất khó hoàn thành. Từng ngôi trường mới sẽ là nơi gieo con chữ, ươm mầm tri thức, nuôi dưỡng ước mơ, hiện thực hóa khát vọng"", ông nói, nhấn mạnh các trường học cũng là biểu tượng của tinh thần đại đoàn kết dân tộc, là trách nhiệm, tình cảm của Đảng, Nhà nước với đồng bào dân tộc vùng biên giới.
Người đứng đầu Chính phủ lưu ý quá trình triển khai không để xảy ra thất thoát, tiêu cực; mang lại lợi ích thiết thực cho học sinh, thầy cô. Thủ tướng đề nghị Mặt trận Tổ quốc Việt Nam tiếp tục kêu gọi doanh nghiệp, doanh nhân, nhà hảo tâm và toàn xã hội cùng chung tay cải tạo trường học cho các xã biên giới. ""Ai có nhiều thì góp nhiều, ai có ít thì góp ít, ai có công thì góp công, ai có của thì góp của, tiện ở đâu góp ở đấy"".
Ông bày tỏ lòng biết ơn đến các thầy cô đang công tác ở vùng sâu, vùng biên giới - những chiến sĩ thầm lặng mang tri thức đến những nơi xa nhất, gieo hạt giống của niềm tin và khát vọng. Họ là ""những người bền bỉ cắm bản, gieo chữ giữ nước"". Thủ tướng mong muốn các em học sinh học tập tốt, rèn luyện tốt, nỗ lực vượt qua mọi khó khăn, giữ gìn bản sắc dân tộc, sống có ước mơ, hoài bão, khát vọng vươn lên, đóng góp xây dựng đất nước.
Gieo chữ để giữ nước
Phát biểu tại điểm cầu Lai Châu, Bộ trưởng Giáo dục và Đào tạo Nguyễn Kim Sơn cho biết chương trình khởi công đồng loạt 72 trường hôm nay nằm trong kế hoạch xây dựng 100 trường nội trú liên cấp tại các xã biên giới, giai đoạn đầu trong tổng số 248 trường theo Kết luận 81 của Bộ Chính trị.
Theo Bộ trưởng, tổng vốn đầu tư xây dựng trường gần 20.000 tỷ đồng từ ngân sách trung ương. Các trường sẽ được xây dựng đồng bộ, hiện đại, đáp ứng đồng thời nhu cầu học tập, sinh hoạt nội trú, bán trú cho học sinh và nhà ở công vụ cho giáo viên. Hệ thống cơ sở vật chất được thiết kế đạt tiêu chuẩn cao nhất, nhiều tiêu chí vượt mức hiện hành, nhằm tạo môi trường giáo dục toàn diện về đức, trí, thể, mỹ.
Bộ Giáo dục và Đào tạo đã phối hợp với 22 tỉnh biên giới đất liền rà soát, xác định nhu cầu, lựa chọn địa điểm, chuẩn bị mặt bằng và phương án đầu tư. Đến nay, 100 trường đã được Thủ tướng phê duyệt danh mục, bố trí và phân bổ vốn; trong đó 28 trường đã khởi công và đang thi công khẩn trương, các trường còn lại khởi công đồng loạt hôm nay.
Bộ trưởng cho biết cùng với việc đầu tư xây dựng, Bộ đang hoàn thiện các văn bản về chế độ, chính sách cho học sinh, giáo viên; quy chế hoạt động của các trường nội trú liên cấp; chính sách ưu đãi, tuyển dụng, trọng dụng giáo viên; hướng nghiệp và đào tạo nguồn cán bộ là người địa phương xuất thân từ học sinh học tập tại các trường này.
""Chủ trương xây dựng hệ thống trường phổ thông nội trú liên cấp vùng biên là đáp ứng tốt nhất cho việc học tập, rèn luyện, sinh hoạt và phát triển toàn diện của học sinh, với kỳ vọng các em sẽ trở thành những chủ nhân có đủ năng lực, phẩm chất để góp phần xây dựng, phát triển và bảo vệ Tổ quốc - trực tiếp, hơn ai hết, là tại chính quê hương biên giới của mình"", Bộ trưởng nhấn mạnh.
Ông cho rằng với cơ sở vật chất khang trang, hiện đại, các trường sẽ là bước đột phá cho giáo dục vùng biên, thu hẹp chênh lệch vùng miền, bảo đảm công bằng trong tiếp cận tri thức. Mỗi ngôi trường nơi biên giới ""không chỉ là mái nhà tri thức, mà còn là biểu tượng của đại đoàn kết, của tình cảm và trách nhiệm Đảng, Nhà nước với đồng bào dân tộc"".
Bộ trưởng Giáo dục và Đào tạo cảm ơn sự chỉ đạo sát sao của Bộ Chính trị, Tổng Bí thư, Thủ tướng; sự phối hợp của các bộ ngành, địa phương và sự đồng hành của doanh nghiệp, nhân dân; đồng thời gửi lời tri ân đến đội ngũ giáo viên vùng biên nhân dịp Ngày Nhà giáo Việt Nam 20/11. ""Tôi mong các thầy cô luôn vững vàng, tiếp tục gieo chữ nơi đầu nguồn Tổ quốc"", ông nói.
Vũ Tuân - Sơn Hà"
https://vnexpress.net/khoi-cong-72-truong-lien-cap-o-bien-gioi-4961716-tong-thuat.html,"Thủ tướng, các Phó thủ tướng, Bộ trưởng khởi công 72 trường học ở biên giới","Thủ tướng Phạm Minh Chính cùng các Phó thủ tướng, Bộ trưởng sáng 9/11 dự lễ khởi công 72 trường liên cấp nội trú tại các xã biên giới, nhằm nâng cao chất lượng giáo dục vùng khó khăn.","Sáng 9/11, trên dọc tuyến biên giới từ Lạng Sơn đến An Giang, lễ khởi công trường liên cấp nội trú được tổ chức cùng lúc tại 14 điểm cầu. Thủ tướng Phạm Minh Chính chủ trì lễ khởi công trung tâm ở xã Yên Khương, Thanh Hóa; các Phó thủ tướng, Bộ trưởng dự tại các tỉnh biên giới còn lại. Đây là chương trình xây dựng trường học lớn nhất từ trước đến nay, với 72 công trình nội trú liên cấp được khởi công đồng loạt, thể hiện tinh thần ""cả nước hướng về biên cương, không để học sinh nào bị bỏ lại phía sau"".
Phát lệnh khởi công, Thủ tướng Phạm Minh Chính nhấn mạnh giáo dục là quốc sách hàng đầu, con người vừa là mục tiêu, vừa là động lực phát triển. ""Đầu tư cho con người là đầu tư cho tương lai, đầu tư cho giáo dục là đầu tư cho phát triển bền vững"", ông nói.
Theo Thủ tướng, chương trình xây dựng hệ thống trường phổ thông nội trú liên cấp ở biên giới là quyết sách có ý nghĩa chính trị, xã hội và nhân văn sâu sắc, giúp nâng cao dân trí, đào tạo nguồn nhân lực tại chỗ, củng cố quốc phòng và an ninh vùng phên dậu. Những ngôi trường này ""là nơi gieo con chữ, ươm mầm tri thức, nuôi dưỡng khát vọng và niềm tin"".
Người đứng đầu Chính phủ ví việc triển khai dự án như ""một chiến dịch Quang Trung - thần tốc và táo bạo"", yêu cầu các bộ, ngành, địa phương huy động toàn lực, thi công ""ba ca, bốn kíp; ăn tranh thủ, ngủ khẩn trương; vượt nắng thắng mưa, không thua bão gió"", hoàn thành 100 trường trong năm 2025, kịp đưa vào hoạt động trước năm học 2026-2027. Ông nhấn mạnh ""thần tốc là làm nhanh, táo bạo là dám nghĩ, dám làm, nhưng phải bảo đảm chất lượng, minh bạch, hiệu quả"".
Thủ tướng gửi lời cảm ơn đội ngũ giáo viên đang bám bản gieo chữ, gọi họ là ""những chiến sĩ thầm lặng giữ nước bằng tri thức"", đồng thời kêu gọi các doanh nghiệp, nhà hảo tâm và toàn xã hội chung tay vì học sinh vùng biên. ""Ai có nhiều góp nhiều, ai có ít góp ít, ai góp công góp công, ai góp của góp của; thuận tiện ở đâu thì đóng góp ở đó"", ông nói.
Bộ trưởng Giáo dục: Gieo chữ để giữ nước
Phát biểu tại điểm cầu Lai Châu, Bộ trưởng Giáo dục và Đào tạo Nguyễn Kim Sơn cho biết chương trình khởi công đồng loạt 72 trường là bước cụ thể hóa Kết luận 81 của Bộ Chính trị về đầu tư giáo dục vùng biên. Đây là chương trình chưa từng có tiền lệ, thể hiện sự quan tâm đặc biệt của Đảng, Nhà nước với đồng bào vùng khó khăn, đặc biệt là thầy cô và học sinh nơi địa đầu Tổ quốc.
Theo Bộ trưởng, Bộ Giáo dục và Đào tạo đã phối hợp với 22 tỉnh biên giới rà soát, quy hoạch và lựa chọn vị trí xây dựng. Danh mục 100 trường giai đoạn đầu đã được phê duyệt, phân bổ gần 20.000 tỷ đồng từ ngân sách trung ương. ""Đây không chỉ là các công trình giáo dục, mà là dự án phát triển con người mang tính chiến lược - vừa tạo cơ hội học tập bình đẳng, vừa gìn giữ văn hóa bản địa, vừa nuôi dưỡng nguồn cán bộ tương lai"", ông nói.
Bộ đang hoàn thiện cơ chế, chính sách riêng cho hệ thống trường này, gồm chế độ nội trú, bán trú, ưu đãi giáo viên, đào tạo sinh viên sư phạm là người dân tộc thiểu số, và khuyến khích các trường miền xuôi kết nghĩa hỗ trợ chuyên môn cho trường vùng biên. Các trường được thiết kế đồng bộ, hiện đại, đáp ứng nhu cầu học tập, sinh hoạt, rèn luyện đức - trí - thể - mỹ cho học sinh, có khu nhà công vụ cho giáo viên, đảm bảo điều kiện sống và giảng dạy.
""Chúng ta không chỉ xây trường, mà đang gieo tương lai. Mỗi học sinh vùng biên sẽ là hạt giống của tri thức và khát vọng, là chủ nhân góp phần xây dựng và giữ gìn biên cương"", Bộ trưởng Nguyễn Kim Sơn nói.
Cả vùng biên háo hức
Tại xã Hạnh Lâm (Nghệ An), nơi lễ khởi công được tổ chức, hàng trăm học sinh và người dân có mặt từ sớm. Ngọc Lan, học sinh lớp 5, nói em ""rất mong được học trong ngôi trường mới có sân chơi, khu thể thao và ký túc xá ấm áp để mùa mưa không phải đi bộ xa như bây giờ"". Ông Nguyễn Thanh Toàn, phụ huynh ở xã, nói: ""Cả làng mong ngày này đã lâu. Có trường mới, con em không phải vượt đèo, dân mình yên tâm làm ăn hơn"".
Ở An Giang, Phó thủ tướng Bùi Thanh Sơn dự lễ khởi công Trường nội trú liên cấp Vĩnh Gia, quy mô 45 lớp, vốn đầu tư hơn 186 tỷ đồng, đáp ứng 1.500 học sinh, trong đó 600 em ở nội trú. Thầy Phạm Thanh Bình, Hiệu trưởng Trường THCS Vĩnh Gia, xúc động nói ""chưa bao giờ nghĩ vùng biên lại có một ngôi trường khang trang, hiện đại như vậy"".
Tại Điện Biên, lễ khởi công Trường nội trú Thanh Nưa được tổ chức trên khu đất rộng hơn 5 ha, vốn đầu tư 224 tỷ đồng - công trình giáo dục lớn nhất vùng Tây Bắc. Hàng trăm học sinh dân tộc Mông, Thái, Khơ Mú đội mưa đến dự lễ, háo hức chụp ảnh bên biển công trình. Ở Đăk Lăk, nhiều em nhỏ xã Ia Rvê mang cờ đỏ sao vàng đến xem buổi lễ, cười rạng rỡ khi nghe nhắc đến ngôi trường mới.
Không chỉ học sinh, nhiều thầy cô giáo nói họ cảm nhận rõ sự thay đổi đang đến. Cô Lê Thị Hường, giáo viên xã Sơn Kim (Hà Tĩnh), cho biết từng dạy trong những lớp tranh tre, mùa mưa phải che tạm. Nay thấy trường mới khởi công, ai cũng xúc động vì đó là niềm động viên lớn nhất với người làm nghề gieo chữ.
Theo chủ trương của Bộ Chính trị, hệ thống trường phổ thông nội trú liên cấp tại 248 xã biên giới là nhiệm vụ trọng tâm trong phát triển kinh tế - xã hội gắn với chính sách dân tộc. Giai đoạn đầu gồm 100 trường; 28 công trình đã khởi công từ tháng 8 đến tháng 10/2025, đợt này thêm 72 trường, hướng tới hoàn thành trước tháng 8/2026 để kịp năm học 2026-2027.
Nguồn vốn chủ yếu từ ngân sách trung ương, cùng phần tiết kiệm chi tiêu của các bộ ngành (hơn 3.000 tỷ đồng) và đóng góp từ địa phương, doanh nghiệp, người dân. Bộ Quốc phòng và Bộ Công an sẽ hỗ trợ thi công tại địa bàn hiểm trở; chính quyền các tỉnh chịu trách nhiệm toàn diện từ quy hoạch, giải phóng mặt bằng đến giám sát tiến độ.
Những ngôi trường mới ở biên giới, khi hoàn thành, sẽ không chỉ là nơi học tập mà còn là trung tâm văn hóa, là ""pháo đài tri thức"" nơi vùng phên dậu. Thủ tướng nói ""mỗi mái trường là một cột mốc sống của lòng yêu nước"", còn Bộ trưởng Nguyễn Kim Sơn gọi đây là ""hành trình gieo chữ để giữ nước""."
https://vnexpress.net/hom-nay-khoi-cong-72-truong-hoc-vung-bien-gioi-4961701.html,Hôm nay khởi công 72 trường học vùng biên giới,"Sáng 9/11, 17 địa phương đồng loạt khởi công 72 trường phổ thông liên cấp, mở đầu chương trình đầu tư 248 trường học tại các xã biên giới, theo chủ trương của Bộ Chính trị.","Lễ khởi công được tổ chức trực tuyến toàn quốc, điểm cầu trung tâm tại Thanh Hóa với sự tham dự của Thủ tướng Phạm Minh Chính. Các Phó thủ tướng và bộ trưởng dự, chỉ đạo tại 13 điểm cầu khác. Do ảnh hưởng bão Kalmaegi, Đà Nẵng, Quảng Ngãi và Gia Lai không tổ chức trực tiếp nhưng vẫn kết nối trực tuyến và sẵn sàng khởi công khi điều kiện cho phép.
Bộ Giáo dục và Đào tạo cho biết 72 công trình này nằm trong danh mục 100 trường phổ thông nội trú liên cấp tiểu học và trung học cơ sở được đầu tư trong năm 2025, hoàn thành trước ngày 30/8/2026. Trước đó, 28 trường đã được khởi công và đang thi công.
Thiết kế các trường học vùng biên được thực hiện theo hướng ""mở"", linh hoạt, phù hợp văn hóa dân tộc, địa hình, điều kiện tự nhiên và khí hậu từng vùng. Khuôn viên ưu tiên cây xanh, giữ cảnh quan tự nhiên, bảo đảm đồng bộ về công năng, hiện đại, bền vững và tuyệt đối an toàn. Mỗi trường có thể tổ chức mô hình phổ thông nội trú liên cấp tiểu học - trung học cơ sở, hoặc kết hợp thêm cấp trung học phổ thông nếu phù hợp quy hoạch và nhu cầu địa phương.
Các trường được đầu tư phải đáp ứng tiêu chuẩn kỹ thuật, quy mô và diện tích trường, lớp. Mỗi công trình có diện tích từ 5 đến 10 ha, quy mô khoảng 30 lớp, tương đương 1.000 học sinh, bảo đảm kết nối đầy đủ hạ tầng điện, nước sạch, thoát nước, giao thông và viễn thông.
Tại các xã biên giới có địa hình chia cắt, dân cư thưa thớt hoặc thiếu mặt bằng, diện tích trường có thể nhỏ hơn 5 ha và quy mô học sinh dưới 1.000 em. Ngược lại, những khu vực dân cư tập trung, mật độ cao, quy mô có thể vượt 30 lớp, với trên 1.000 học sinh. Khi quy hoạch địa điểm, các địa phương phải tính đến yếu tố ứng phó thiên tai như sạt lở, bão lũ, cũng như thích ứng biến đổi khí hậu; bảo đảm hạ tầng kỹ thuật đồng bộ, an toàn, bền vững.
Cơ sở vật chất của trường gồm đầy đủ khu học tập và hỗ trợ học tập; khu hành chính - quản trị và phụ trợ; khu nội trú, công vụ; sân chơi, khu thể dục thể thao; nhà văn hóa, nhà đa năng; nhà ăn, bếp và khu trải nghiệm tăng gia sản xuất. Các trường đều có hệ thống nhà tắm, nhà vệ sinh đạt chuẩn, bảo đảm đủ nước sinh hoạt cho học sinh và giáo viên.
Chủ trương đầu tư 248 trường tại các xã biên giới được Bộ Chính trị xác định tại Thông báo số 81 ngày 18/7/2025, coi đây là nhiệm vụ trọng tâm trong phát triển kinh tế - xã hội, nâng cao dân trí, tạo nguồn cán bộ dân tộc và củng cố quốc phòng, an ninh. Giai đoạn đầu, Bộ Chính trị cho phép thí điểm 100 trường trong năm 2025, hoàn thành chậm nhất trước năm học 2026-2027, làm mô hình mẫu để nhân rộng toàn bộ trong 2-3 năm tiếp theo.
Bộ Chính trị giao Đảng ủy Chính phủ chỉ đạo tổ chức thực hiện. Trong đó, Đảng ủy Bộ Giáo dục và Đào tạo chủ trì phối hợp với các bộ, ngành, địa phương rà soát chính sách nội trú, bố trí và đào tạo giáo viên biết tiếng dân tộc, xây dựng chính sách thu hút nhân lực, khuyến khích các trường trong cả nước kết nghĩa, hỗ trợ các trường vùng biên.
Ngay sau khi Thông báo 81 được ban hành, Thủ tướng Phạm Minh Chính chủ trì họp triển khai, xác định đây là quyết sách lớn, mang ý nghĩa chính trị - xã hội và nhân văn, thể hiện sự quan tâm đặc biệt của Đảng, Nhà nước đối với đồng bào, học sinh vùng phên dậu Tổ quốc. Thủ tướng yêu cầu các bộ ngành, địa phương coi đây là ""chiến dịch đặc biệt"", triển khai quyết liệt với phương châm ""khẩn trương - chắc chắn - hiệu quả"", đặt mục tiêu hoàn thành toàn bộ trước ngày 30/8/2026.
Theo chỉ đạo, Chính phủ ưu tiên ngân sách trung ương và huy động tối đa nguồn lực xã hội, tạo phong trào thi đua, huy động sức mạnh toàn xã hội, trong đó Quân đội và Công an sẵn sàng đảm nhận thi công tại những địa bàn hiểm trở, khó khăn nhất. Bộ Tài chính chịu trách nhiệm cân đối, bố trí vốn, tiết kiệm 10% chi thường xuyên của các cơ quan, đơn vị để bổ sung nguồn lực; Bộ Giáo dục và Đào tạo thành lập Tổ công tác liên ngành đặc biệt để kiểm tra, đôn đốc tiến độ, tháo gỡ vướng mắc; UBND 22 tỉnh biên giới chịu trách nhiệm toàn diện về quy hoạch, mặt bằng, danh mục, tiến độ và chất lượng đầu tư.
Thủ tướng nhấn mạnh xây dựng trường học vùng biên là ""việc lớn, việc mới, có ý nghĩa sâu sắc"", cần vừa làm, vừa tổng kết, rút kinh nghiệm, bảo đảm hiệu quả, minh bạch, bền vững, không hình thức, không dàn trải, ""nhất định thành công"". ""Đây không chỉ là đầu tư cho giáo dục, mà còn là đầu tư cho tương lai và sự phát triển bền vững của vùng phên dậu Tổ quốc"", ông nói.
Sơn Hà"
https://vnexpress.net/thu-khoa-kep-nganh-cong-nghe-vat-lieu-co-4-cong-bo-quoc-te-4961532.html,Thủ khoa kép ngành Công nghệ vật liệu có 4 công bố quốc tế,"Liều lĩnh chọn ngành học mới, ở ngôi trường tư thục non trẻ, là bước ngoặt giúp Hạnh Nhung trở thành thủ khoa kép, cùng 4 công bố quốc tế Q1, Q2 và hàng loạt giải thưởng.","Bùi Hạnh Nhung, 23 tuổi, quê Quảng Ninh, ngày 9/11 nhận bằng kỹ sư loại xuất sắc ngành Công nghệ vật liệu, trường Kỹ thuật, Đại học Phenikaa. Nhung là thủ khoa đầu vào của ngành với 26,5 điểm tổ hợp D07 (Toán, Hóa, Anh), cũng dẫn đầu khóa tốt nghiệp năm nay với điểm tổng kết (GPA) đạt 3.66/4.
""Mình chưa từng nghĩ sẽ học kỹ thuật, càng không nghĩ sẽ theo hướng nghiên cứu"", Nhung kể. ""Còn hiện tại, mình thấy sự liều lĩnh đó là đúng đắn, giúp mình phá kén trưởng thành. Nghề đã chọn mình"".
Ngoài kết quả học tập, Nhung đạt hàng loạt thành tích trong nghiên cứu khoa học. Chủ nhân giải thưởng Nữ sinh Khoa học công nghệ Việt Nam năm 2024 có 4 công bố quốc tế trên các tạp chí Q1, Q2 - nhóm uy tín nhất thuộc danh mục ISI, giành giải ba Olympic Hóa học sinh viên toàn quốc, hai giải Sinh viên nghiên cứu khoa học cấp Bộ cùng nhiều giải thưởng khác.
Nhung là cựu học sinh trường THPT Đông Thành, Quảng Ninh. Nữ sinh cho hay chưa có định hướng nghề nghiệp cụ thể khi chuẩn bị vào đại học, năm 2020. Khi thấy một vài người bạn đăng ký nguyện vọng ở Đại học Phenikaa, Nhung nghe ""lạ"" nên tìm hiểu.
Thấy khuôn viên đẹp, cơ sở vật chất tốt, Nhung đến tận trường quan sát thêm. Ấn tượng vì sự nhiệt tình của giảng viên ngành Công nghệ vật liệu, cùng cơ hội học bổng lớn, nữ sinh quyết định đặt nguyện vọng vào ngành này.
Từng là học sinh giỏi cấp tỉnh môn Hóa, lựa chọn của Nhung với ngành còn mới, ở một trường tư thục chưa có khóa nào tốt nghiệp, khiến không ít người nghi ngờ.
""Lúc đó mình đã nghĩ cố gắng trở thành người nổi bật ở một vùng sẽ hơn ở một vùng có quá nhiều người nổi bật"", Nhung nhìn nhận. Nữ sinh cho rằng đứng sau trường là một tập đoàn lớn, mình lại thuộc những khóa đầu tiên nên có nhiều tiềm năng phát triển.
Cô gái Quảng Ninh vào trường với tâm thế thoải mái khi được tặng laptop, 50% học phí toàn khóa. Nhưng ngay sau đó, Nhung sốc khi bắt đầu tìm hiểu nhiều hơn về ngành. Mọi thứ đều ""rất cao siêu"". Những khái niệm như cơ học lượng tử, vật liệu nano, polymer và composites khiến Nhung hoang mang. Một số bạn trong lớp nghỉ vì thấy không hợp.
""Mình đã phải tự trấn an, tìm hiểu dần dần"", Nhung nhớ lại.
Khi học vào chuyên ngành, Nhung thêm bất ngờ khi ngoài nền tảng kiến thức liên quan đến Toán, Lý, Hóa, Nhung phải học cả lập trình, vẽ kỹ thuật. Nhưng cũng chính nhờ đó, nữ sinh thấy ngành học ngày càng thú vị.
Đầu năm thứ ba, Nhung tham gia nghiên cứu khoa học dưới sự hướng dẫn trực tiếp của TS Phạm Anh Tuấn, giảng viên khoa Công nghệ Sinh học, Hóa học và Kỹ thuật Môi trường.
Hướng nghiên cứu chủ yếu là chế tạo các loại vật liệu nano có kích thước vi mô, vật liệu tổ hợp nanocomposite để phát triển các loại cảm biến phát hiện dư lượng thuốc trừ sâu, thuốc bảo vệ thực vật, các hợp chất hóa học trong thực phẩm. Nhung cũng nghiên cứu cải tiến các loại sơn tàu biển, sơn ngoại thất bằng vật liệu nano.
Giai đoạn đầu, nữ sinh hứng thú khi được học nhiều điều mới như cách đọc bài báo khoa học, làm thực nghiệm sâu hơn, sử dụng phần mềm mô phỏng, tính toán, thu thập, xử lý số liệu.
""Mình có thể dành nhiều giờ trên phòng thí nghiệm (lab). Có vất vả nhưng mình không thấy khó khăn"", Nhung nói.
Ngay đề tài đầu tiên, nữ sinh đạt giải nhất Sinh viên nghiên cứu khoa học cấp trường và giải khuyến khích cấp Bộ Giáo dục và Đào tạo.
Đến đề tài thứ hai, Nhung mới ngấm những khó khăn của người làm nghiên cứu. Trong suốt hai tháng, dù ngồi ở lab từ sáng đến tối, Nhung không thể tạo ra kết quả nào khi thí nghiệm liên tục hỏng.
""Lúc đó mình thực sự nản, hoang mang, dù biết đó là điều bình thường trong nghiên cứu"", Nhung nhớ lại. Nhờ thầy cô kiên nhẫn chỉ bảo, hỗ trợ kỹ thuật, Nhung sửa đổi quy trình thực nghiệm và ra được kết quả.
TS Phạm Anh Tuấn đánh giá Nhung thông minh, ham học hỏi, cầu tiến, luôn phản ứng rất nhanh trước các yêu cầu. Khi nhận hướng dẫn Nhung, thầy còn làm công tác quản lý ở Tập đoàn và trường Phổ thông nên rất bận.
""Có hôm đến nửa đêm, tôi mới đọc xong báo cáo của Nhung và yêu cầu sửa lại. Nhưng ngay sáng sớm hôm sau, Nhung đã gửi bản sửa cho tôi. Em sẵn sàng vượt đường xa, tranh thủ giờ nghỉ trưa để gặp thầy trao đổi"", thầy Tuấn kể.
Nhung còn tích cực tham gia hoạt động đoàn, hội, giành nhiều giải thưởng như Đảng viên trẻ, Cán bộ Đoàn thủ đô tiêu biểu.
Bí quyết của Nhung là sắp xếp thời gian, công việc một cách linh hoạt, ưu tiên từng việc để hoàn thành. Trong học tập, Nhung chú ý nghe giảng, chủ động đặt câu hỏi với thầy cô để hiểu bài nhanh.
Nhìn lại chặng đường gần 5 năm qua, Nhung tự hào vì đã cố gắng hết mình.
""Lúc chọn học kỹ thuật, bố mẹ hỏi mình có thực sự muốn không. Mình đã nói muốn thử và luôn nghĩ có cố gắng thì không gì là không thể"", Nhung kể. ""Mình cảm ơn vì bố mẹ không nghi ngờ quyết định của mình"".
Sau tốt nghiệp, Nhung sẽ học tiếp thạc sĩ để tích lũy kinh nghiệm nghiên cứu, sau đó sẽ tìm cơ hội du học.
Dương Tâm"
https://vnexpress.net/co-gai-khom-lung-tro-thanh-bac-si-4961823.html,Cô gái 'khom lưng' trở thành bác sĩ,"Trung QuốcTừng bị dị tật ở cột sống với độ cong hơn 150 độ, khiến không thể đứng thẳng, Luo Nawa đã vượt qua nghịch cảnh để trở thành bác sĩ.","Luo Nawa, 28 tuổi, quê ở tỉnh Vân Nam, gần đây gây chú ý khi đỗ kỳ thi chứng chỉ hành nghề bác sĩ cấp quốc gia.
""Tay tôi không ngừng run rẩy khi thấy kết quả"", cô chia sẻ.
Từ năm 6 tuổi, chứng vẹo cột sống nghiêm trọng khiến Luo không thể đứng thẳng. Dáng người gập xuống khiến tim và phổi cô bị chèn ép, gây khó khăn về hô hấp và di chuyển.
Song, Luo Nawa quyết tâm học tốt, trở thành bác sĩ để cống hiến cho quê nhà. Năm 2017, sau khi tốt nghiệp trường trung cấp y, cô về quê và trở thành người trẻ nhất tại trạm y tế xã Nam Mỹ.
""Lần đầu tiên tự mình xử lý một ca đau bụng cấp, tôi hoảng hốt đến mức không nhớ nổi quy trình chẩn đoán, chỉ có thể vừa lật sách vừa cầu cứu thầy cô"", cô nhớ lại. Trải nghiệm ấy khiến Luo nhận ra cần nâng cao hơn nữa kiến thức chuyên môn.
Công việc tại trạm y tế rất bận nên Luo tranh thủ học bất cứ khi nào rảnh. Ban ngày, cô đi khắp các thôn bản để kiểm tra sức khỏe cho dân làng; ban đêm, cô cặm cụi đọc sách dưới ánh đèn mờ của phòng y tế đến khuya.
Ngoài ra, Luo luôn mang bên mình một cuốn sổ tay đã sờn mép, dày đặc công thức dược lý, điểm mấu chốt của các ca chẩn đoán và những câu hỏi chưa được giải đáp.
Năm 2021, Luo Nawa đăng ký theo hệ vừa học vừa làm tại Đại học Y khoa Côn Minh. Ba năm ròng, cô vừa học vừa khám bệnh cho dân, di chuyển tổng hơn 8.000 km giữa trường và quê.
Một năm sau, cơ hội thay đổi cuộc đời bất ngờ đến với Luo. Thông qua chương trình hỗ trợ y tế của Đại học Khoa học và Công nghệ Hoa Trung (HUST), Luo được đưa tới bệnh viện Hiệp Hòa (Bắc Kinh) để phẫu thuật chỉnh hình cột sống. Đây là một trong những ca mổ phức tạp nhất của bệnh viện thời điểm đó.
Sau phẫu thuật, Luo cao thêm 14 cm, tim và phổi không còn bị chèn ép, các chỉ số trở lại bình thường. Cô không còn phải khom lưng để sinh hoạt và làm việc.
""Nếu không có các bác sĩ ở Hiệp Hòa, có lẽ tôi đã không thể làm việc đến ngày hôm nay"", Luo xúc động.
Năm ngoái, cô tốt nghiệp chương trình bác sĩ, đủ điều kiện dự thi chứng chỉ hành nghề quốc gia. Khi biết tin ấy, nhà trường và nhóm bác sĩ của HUST đã gửi tặng những giáo trình mới nhất và giúp Luo lên kế hoạch ôn tập chi tiết. Bác sĩ Gao Xingli, tiến sĩ tim mạch Bệnh viện Hiệp Hòa, tình nguyện trở thành người hướng dẫn Luo. Đây chính là liều thuốc tinh thần to lớn giúp Luo tiếp tục theo đuổi ước mơ.
""Tôi muốn trở thành một bác sĩ giỏi, là người bảo vệ sức khỏe cho dân làng"", Luo nói. ""Tôi không muốn phụ lòng thầy cô ở Hiệp Hòa"".
Năm nay, Luo thành công vượt qua kỳ thi và chính thức trở thành bác sĩ có chứng chỉ hành nghề. Tin vui lan khắp bản làng, số bệnh nhân tìm đến Luo cũng ngày càng tăng.
""Chúng tôi luôn tin tưởng bác sĩ Luo. Đến khám chỗ cô ấy, chúng tôi cảm thấy rất yên tâm và ấm lòng"", một người dân địa phương chia sẻ.
Ngoài ra, với sự hỗ trợ liên tục từ Bệnh viện Hiệp Hòa, trạm y tế xã Nam Mỹ có nhiều đổi thay: các kỹ thuật quản lý bệnh mạn tính như tăng huyết áp, tiểu đường, rối loạn mỡ máu hay hệ thống hồ sơ sức khỏe điện tử được thiết lập bài bản.
""Trước đây, khi gặp phải ca bệnh hơi phức tạp, phản xạ đầu tiên của tôi sẽ là khuyên bệnh nhân chuyển tuyến"", Luo chia sẻ. ""Giờ đây, với những bệnh phổ biến như tăng huyết áp cấp, tôi đã có thể tự mình xử lý một cách chuẩn xác"".
Luo nói sẽ tiếp tục cống hiến cho y tế vùng nông thôn. ""Một nửa trọng lượng của chiếc áo blouse trắng là tri thức, nửa còn lại là trách nhiệm của người thầy thuốc"", Luo viết trong nhật ký của mình.
Huyền Trang(theoCCTV, QQ)"
https://vnexpress.net/vinschool-smart-city-vao-ban-ket-bong-ro-tre-vnexpress-2025-4961787.html,Vinschool Smart City vào bán kết Giải bóng rổ Trẻ VnExpress,Hà NộiĐội nữ THPT Vinschool Smart City đánh bại THPT Phạm Hồng Thái 40-11 để vào bán kết Giải bóng rổ Trẻ VnExpress 2025 - Cup Ziaja.,"Ở bảng J nội dung nữ, Vinschool Smart City thể hiện đúng phong độ ứng viên vô địch khi áp đảo Phạm Hồng Thái ngay từ đầu trận. Đại diện trường quốc tế nhập cuộc với nhịp độ cao, pressing nửa sân hiệu quả, gần như không cho đối thủ cơ hội triển khai bóng. Những nỗ lực tấn công của Phạm Hồng Thái đều bị hóa giải bởi khả năng áp sát nhanh và tổ chức phòng ngự kỷ luật của Vinschool.
Minh Châu, người được bầu Cầu thủ hay nhất trận (MVP), ghi 15 điểm, đồng thời giữ vai trò ""nhạc trưởng"" điều phối lối chơi, kiểm soát nhịp độ và phân phối bóng hợp lý. Đội bóng áo xanh duy trì sự gắn kết trong di chuyển và chọn vị trí, tạo cách biệt 12–5 sau hiệp một. Sang các hiệp sau, họ tiếp tục áp đảo, ghi thêm 28 điểm để khép lại chiến thắng 40–11.
Với hai trận toàn thắng, Vinschool Smart City dẫn đầu bảng J với 4 điểm, sớm giành suất vào bán kết Giải Bóng rổ Trẻ VnExpress 2025 - Cup Ziaja.
Ở bảng C nội dung nam, THPT Alpha cũng thắng đậm THPT Chuyên Hà Nội -Amsterdam 43–23. Alpha tạo khác biệt ngay từ hiệp đầu khi dẫn 21-0 nhờ pressing toàn sân và khả năng dứt điểm ổn định. Lê Hoàng Thiên An (số 18) ghi 12 điểm, góp công lớn giúp đội giữ vững thế trận. Amsterdam chơi khởi sắc hơn trong hiệp cuối nhưng không thể thu hẹp cách biệt. Trận thắng giúp Alpha dẫn đầu bảng với 4 điểm.
Tại bảng D, THPT Ngôi Sao Hoàng Mai vượt qua THPT Lê Quý Đôn - Đống Đa với tỷ số 28-21. Hai đội chơi cân bằng trong nửa đầu trận, trước khi Ngôi Sao Hoàng Mai bứt lên bằng chuỗi ghi 11–2 trong hiệp ba. Quang Minh ghi 11 điểm và được bầu MVP. Dù nỗ lực ở hiệp bốn, Lê Quý Đôn vẫn không thể lật ngược thế trận.
Với kết quả này, Ngôi Sao Hoàng Mai dẫn đầu bảng D với 3 điểm, sau một trận thắng và một trận thua.
Giải Bóng rổ Trẻ VnExpress 2025 - Cup Ziaja do Báo VnExpress và Công ty Cổ phần Dịch vụ Trực tuyến FPT (FPT Online) tổ chức, có sự giám sát chuyên môn của Liên đoàn Bóng rổ Việt Nam. Giải nằm trong đề án quốc gia ""Phát triển bóng rổ học đường đến năm 2030"".
Mọi thông tin về giải đấu được ban tổ chức cập nhật tạiwebsitechính thức vàfanpage.
Lan Anh"
https://vnexpress.net/cu-nhan-anh-lao-dao-tim-viec-4961467.html,Cử nhân Anh lao đao tìm việc,"AnhKhoảng 1,2 triệu cử nhân cạnh tranh 17.000 vị trí việc làm, có sinh viên ra trường sốc vì gửi đi hàng nghìn CV vẫn thất nghiệp.","Dữ liệu nói trên của Viện tuyển dụng sinh viên Anh năm 2024, do Rob Breare, CEO của hệ thống trường học độc lập Malvern College International, chia sẻ tại một hội thảo gần đây.
""Tôi sốc khi đọc số liệu. Con số đáng buồn này cho thấy thị trường cạnh tranh và mất cân bằng như thế nào"", Breare nói.
Năm ngoái, số lượng đơn ứng tuyển trên mỗi công việc ở Anh đã tăng 15% so với cùng kỳ năm 2023 và khoảng gấp đôi so với năm 2022. Đây cũng là mức cao nhất kể từ năm 1991.
Còn theo trang quảng cáo việc làm Recruiter Reed, số vị trí tuyển dụng dành cho cử nhân mới ra trường giảm 70% so với hai năm trước đó. Thống kê của một tổ chức việc làm khác là Indeed cho thấy mức giảm mạnh nhất là lĩnh vực nhân sự (78%), tiếp thị (46%), kế toán (42%),
Lý do là các công ty lớn như Deloitte và KPMG giảm tuyển dụng sinh viên mới tốt nghiệp. Nhiều công ty khác cắt giảm số việc làm do chi phí sử dụng lao động tăng cao, theo Hiệp hội Bán lẻ Anh (BRC).
Bên cạnh đó, sự nổi lên của Trí tuệ nhân tạo (AI) càng khiến nhiều vai trò bị thay thế. Quỹ Tiền tệ quốc tế ước tính tới 60% việc làm ở các nền kinh tế như Mỹ và Anh đang bị ảnh hưởng bởi AI.
Đối với nhiều người, chặng đường tới công việc ngày càng xa, khiến họ chỉ còn một lựa chọn: học nhiều hơn, làm nhiều hơn và ứng tuyển nhiều hơn, tiếp tục nỗ lực để nổi bật giữa đám đông.
""Năm nay, sinh viên nộp đơn xin việc, tham gia nhiều sự kiện và tích cực chuẩn bị cho sự nghiệp hơn bao giờ hết. Nhưng sau tất cả, tỷ lệ thành công của họ thuộc hàng thấp nhất từ trước đến nay"", Martin Birchall, chủ công ty nghiên cứu High Fliers Research, nhận xét.
Faisa Ali Tarabi, 24 tuổi, có bằng kế toán và tài chính của Đại học Salford và bằng thạc sĩ quản lý của Đại học Manchester Metropolitan, nhưng vẫn thất nghiệp.
""Tôi đã nộp đơn cho khoảng 2.000 công việc rồi"", Tarabi nói.
Còn Kostas Zannettou, tốt nghiệp ngành Kỹ thuật hàng không vũ trụ, đã nộp đơn cho khoảng 50 vị trí trong một năm, mới được nhận thử việc một tuần tại công ty về... xe mô tô thể thao.
Tuy nhiên, nghịch lý là trong khi những công ty lớn ""ngập"" trong đơn ứng tuyển, nhiều công ty nhỏ lại thiếu ứng viên, đặc biệt là người có kỹ năng chuyên môn đặc thù. Các doanh nghiệp, tổ chức trong những lĩnh vực như công nghệ hoặc nghiên cứu khoa học vẫn gặp khó khăn khi tìm kiếm nhân lực có tay nghề cao.
""Sinh viên mới tốt nghiệp thường tìm đến những tổ chức lớn để có cơ hội phát triển bản thân và làm đẹp hồ sơ. Nhưng lời khuyên của tôi là hãy cân nhắc tất cả, ngay cả những công ty tương đối mới"", Julie Stokes, trưởng phòng nhân sự và văn hóa tại Cardiff, trung tâm kinh tế và hành chính ở miền Nam xứ Wales, nói.
Careers Wales, tổ chức tư vấn việc làm của xứ Wales, cũng chia sẻ rằng ngành khoa học sự sống, bao gồm các vị trí trong khoa học y sinh và vi sinh, và ngành năng lượng được coi là lĩnh vực phát triển mạnh nhất ở đây.
""Vẫn còn rất nhiều cơ hội cho những tài năng trẻ và vẫn có những công ty muốn đầu tư vào người trẻ"", theo đại diện tổ chức này.
Khánh Linh(TheoFortune, BBC, Financial Times, The Guardian)"
https://vnexpress.net/nuoc-nao-no-nhieu-nhat-dong-nam-a-4961650.html,Nước nào nợ nhiều nhất Đông Nam Á?,Khoản nợ công ước tính 1.000 tỷ USD của nước này đứng đầu Đông Nam Á và top 15 thế giới. Bạn có biết đây là quốc gia nào?,Lệ Nguyễn
https://vnexpress.net/vinschool-harmony-vao-ban-ket-vyb-2025-4959234.html,Vinschool The Harmony vào bán kết Giải bóng rổ Trẻ VnExpress,Lần đầu dự giải nhưng Vinschool The Harmony gây sốc khi đánh bại á quân Kim Liên để vào bán kết Giải Bóng rổ Trẻ VnExpress 2025 - Cup Ziaja.,"Tối 7/11, tại khu tổ hợp Warzone Pick & Hoops (Hà Nội), ngày thi đấu thứ tư của Giải Bóng rổ Trẻ VnExpress 2025 - Cup Ziaja chứng kiến màn trình diễn ấn tượng của THPT Vinschool The Harmony trước THPT Kim Liên, á quân mùa giải 2024.
Dù mới lần đầu góp mặt, Harmony nhập cuộc tự tin, triển khai lối đánh tốc độ và phối hợp ăn ý. Phạm Khánh Ngân (số 19) mở màn bằng hai cú ném ba điểm chính xác ngay hiệp đầu, giúp đội dẫn 13-2. Phía Kim Liên chỉ có Hoàng Thảo Nguyên (số 23) ghi điểm.
Sang hiệp hai, Kim Liên điều chỉnh chiến thuật, tăng cường phòng thủ và tận dụng các pha rebound để phản công. Tuy nhiên, Harmony vẫn kiểm soát thế trận, nới cách biệt lên 17-3 sau nửa thời gian thi đấu.
Càng về cuối trận, Harmony càng chơi thăng hoa. Đội tân binh giữ nhịp tốt, phân phối bóng linh hoạt và tận dụng tối đa các cơ hội dứt điểm. Trận đấu khép lại với tỷ số 30-10 nghiêng về đội áo hồng. Bộ ba Phạm Khánh Ngân (9 điểm, MVP), Đồng Minh Anh (7) và Lý Hà My (5) là những nhân tố nổi bật trong chiến thắng.
""Trong hai trận đã đấu, các đối thủ đều có chiến thuật rất hay. Nhưng nhờ sự ăn ý và phối hợp tốt, chúng tôi đã giành chiến thắng"", trung phong Thái Hà An chia sẻ.
Ở giải nam, THPT Marie Curie - đương kim vô địch Giải Giao hữu Bóng rổ Trẻ VnExpress - Cup Ziaja 2025 tổ chức hồi tháng 5 tại TP HCM - khởi đầu suôn sẻ khi vượt qua THPT Nguyễn Thị Minh Khai với tỷ số 40-18.
Trong hai hiệp đầu, Marie Curie dẫn lần lượt 7-4 và 6-5, trước khi bứt phá mạnh ở hiệp ba để tạo cách biệt lớn. Đây là thất bại thứ hai liên tiếp của Nguyễn Thị Minh Khai, đồng nghĩa họ dừng bước tại vòng bảng.
""Chúng tôi đã tập luyện cùng nhau từ lâu nên trận mở màn này giống như một buổi tập"", hậu vệ Nguyễn Bình Minh chia sẻ. ""Trận gặp Nguyễn Tất Thành sắp tới sẽ là trận sinh tử, chúng tôi muốn giành vé vào tứ kết một cách vẻ vang nhất"".
Trận còn lại trong ngày là màn rượt đuổi điểm số nghẹt thở giữa hai đội nam lần đầu dự giải - THPT Phạm Hồng Thái và THPT Dewey Tây Hồ Tây. Dewey dẫn trước 12-7 sau hai hiệp, nhưng Phạm Hồng Thái vùng lên ở hiệp ba, ghi 9-5 để rút ngắn cách biệt còn 1 điểm.
Hiệp bốn diễn ra giằng co, hai đội thay nhau ghi điểm. Khi tỷ số đang cân bằng, Dương Bảo Nam (số 35) của Dewey tung cú ném 2 điểm quyết định, ấn định chiến thắng 23-21. Phạm Hồng Thái không còn đủ thời gian để tổ chức pha tấn công cuối.
Giải Bóng rổ Trẻ VnExpress 2025 - Cup Ziaja do BáoVnExpressvà Công ty Cổ phần Dịch vụ Trực tuyến FPT (FPT Online) tổ chức. Thương hiệu dược mỹ phẩm Ziaja đồng hành và Liên đoàn Bóng rổ Việt Nam giám sát chuyên môn. Sự kiện thuộc đề án quốc gia ""Phát triển bóng rổ học đường đến năm 2030"".
Mọi thông tin về giải đấu được ban tổ chức cập nhật tạiwebsitechính thức vàfanpage.
Hải Long"
https://vnexpress.net/lich-thi-danh-gia-nang-luc-hsa-cua-dai-hoc-quoc-gia-ha-noi-nam-2026-moi-nhat-4961423.html,Lịch thi đánh giá năng lực Đại học Quốc gia Hà Nội từ tháng 3/2026,"Kỳ thi đánh giá năng lực HSA của Đại học Quốc gia Hà Nội diễn ra từ tháng 3 đến 5/2026 ở nhiều tỉnh, thành, thí sinh đăng ký thi từ cuối tháng 12.","Viện Đào tạo số và Khảo thí, Đại học Quốc gia Hà Nội ngày 7/11 cho biết các đợt thi HSA sẽ diễn ra từ ngày 7/3 đến 24/5/2026 tại Hà Nội, Thái Nguyên, Hải Phòng, Hưng Yên, Ninh Bình, Thanh Hóa, Nghệ An, Hà Tĩnh.
Tổng cộng có 6 đợt thi, mỗi đợt 20.000 thí sinh. Như vậy, tổng số lượt thi lên đến 120.000, tăng hơn 30% so với năm ngoái và cao nhất từ trước đến nay.
Lệ phí thi tương tự năm nay là 600.000 đồng một lượt. Hệ thống cho phép thí sinh đăng ký tối đa hai lượt trong một năm, cách nhau tối thiểu 28 ngày. Thí sinh cần lưu ý lịch thi học kỳ, khảo sát ở trường THPT để tránh trùng với các ca thi HSA.
Một số mốc thời gian thi đánh giá năng lực HSA năm 2026 cụ thể như sau:
Bài thi đánh giá năng lực HSA của Đại học Quốc gia Hà Nội diễn ra trên máy tính. Thời gian làm bài là 195 phút, gồm hai phần bắt buộc là Toán học và Xử lý số liệu (50 câu, 75 phút) và Văn học - Ngôn ngữ (50 câu, 60 phút). Phần thi thứ ba, thí sinh lựa chọn giữa Khoa học và Tiếng Anh (50 câu, 60 phút).
Cấu trúc, đề tham khảo HSA 2025
Thí sinh tra cứu kết quả và nhận phiếu báo điểm bản số sau hai tuần dự thi. Phiếu báo điểm bản giấy sẽ được gửi qua đường bưu điện trong vòng ba tuần nếu thí sinh đăng ký.
HSA là một trong hai kỳ thi riêng lớn nhất cả nước, với khoảng 60.000-90.000 thí sinh. Thời điểm đăng ký dự thi, năm nào cũng xảy ra tình trạng nghẽn mạng. Nhiều em hết chỗ thi ở địa điểm mong muốn, phải sang các tỉnh, thành khác. Chẳng hạn, thí sinh ở Hà Nội nhưng phải lên Thái Nguyên hoặc sang Thái Bình để thi.
Năm 2025, gần 90.000 thí sinh dự thi HSA. Điểm trung bình là 78,8/150, tăng hai điểm so với năm trước.
Thí sinh dẫn đầu 6 đợt thi làNguyễn Duy Phong, trường THPT Chương Mỹ A, Hà Nội, đạt 130/150 điểm, cao hơn thủ khoa năm ngoái 1 điểm.
Người có điểm thấp nhất là 31. Hơn 60% thí sinh dự thi đạt mức điểm từ 75 trở lên. Ở mốc trên 90 điểm, tỷ lệ đạt là 23,7%.
Khoảng 100 trường sử dụng kết quả này để xét tuyển đầu vào. Do Bộ Giáo dục và Đào tạo yêu cầu quy đổi điểm trúng tuyển tương đương giữa các phương thức, Đại học Quốc gia Hà Nội đã phân tích dữ liệu, tính toán được mức 129/150 điểm HSA tương đương với 30 điểm thi tốt nghiệp ở tổ hợp A00 (Toán, Lý, Hóa) và 27,75 tổ hợp D01 (Toán, Văn, Anh) năm nay.
Dương Tâm"
https://vnexpress.net/de-xuat-xay-dung-bo-sach-rieng-cho-hoc-sinh-gioi-4961357.html,Đề xuất xây dựng bộ sách riêng cho học sinh giỏi,"Ông Nguyễn Quang Huân đề xuất xây dựng bộ sách riêng cho nhóm học sinh giỏi hoặc học sinh đô thị, nhằm khuyến khích phát triển năng lực cá nhân, tránh cào bằng làm thui chột tài năng.","Chiều 7/11, Ủy ban Trung ương Mặt trận Tổ quốc Việt Nam tổ chức hội nghị góp ý dự thảo Văn kiện Đại hội 14. Dự thảo xác định giáo dục là quốc sách hàng đầu, nền tảng phát triển đất nước, với mục tiêu xây dựng nền giáo dục hiện đại, công bằng, hội nhập quốc tế; chuyển mạnh từ truyền đạt kiến thức sang phát triển toàn diện năng lực, phẩm chất người học.
Dự thảo văn kiện cũng đặt ra yêu cầu chuẩn hóa, hiện đại hóa hệ thống giáo dục; phát triển giáo dục công lập làm trụ cột, ngoài công lập là cấu phần quan trọng; mở rộng hợp tác quốc tế và đào tạo nhân lực chất lượng cao trong các ngành mũi nhọn, chiến lược.
Phát biểu tại hội nghị, Phó chủ tịch Hội Doanh nhân tư nhân Việt Nam Nguyễn Quang Huân đề xuất rà soát, cập nhật định kỳ 3-5 năm chương trình giáo dục, bổ sung các nội dung về công nghệ mới, kinh tế số, kinh tế xanh, kinh tế học hành vi. Nhà nước cần chấp nhận sự khác biệt trong giáo dục để phát hiện và bồi dưỡng nhân tài từ sớm.
""Nên có bộ sách riêng cho nhóm học sinh giỏi hoặc học sinh đô thị, thay vì cào bằng trong cách tiếp cận, nhằm khuyến khích sáng tạo và phát triển năng lực cá nhân"", ông nói.
Ông Nguyễn Quang Huân cũng cho rằng cần có chiến lược du học đồng bộ, cải thiện môi trường làm việc, lương thưởng và điều kiện nghiên cứu trong nước, tạo động lực để du học sinh trở về cống hiến, góp phần hình thành đội ngũ trí thức có bản lĩnh, trình độ quốc tế.
Phó chủ tịch Hội Doanh nhân tư nhân Việt Nam cho rằng đào tạo nhân lực chất lượng cao không chỉ phục vụ khu vực công mà còn phải đáp ứng nhu cầu doanh nghiệp và viện nghiên cứu. Nhà nước cần khuyến khích mô hình hợp tác giữa nhà trường, doanh nghiệp và các cơ sở nghiên cứu để rút ngắn khoảng cách giữa đào tạo và thực tiễn.
Theo ông, chất lượng giáo dục cần được thực hiện bằng khảo sát độc lập, gắn trách nhiệm người đứng đầu cơ sở giáo dục và ứng dụng trí tuệ nhân tạo trong thi, kiểm tra để ngăn gian lận. Phương thức đánh giá phải đổi mới theo năng lực thực hành, bỏ công bố điểm thi, điểm kiểm tra của học sinh và xếp hạng kết quả học tập như hiện nay. Trong tuyển dụng, nên loại bỏ các yêu cầu về chứng chỉ, văn bằng không cần thiết, thay bằng phỏng vấn trực tiếp để đánh giá năng lực thực.
Ông Huân cũng kiến nghị ban hành bộ quy tắc ứng xử trong ngành giáo dục, thiết lập quỹ hỗ trợ giáo viên và học sinh vùng khó khăn, đồng thời xử lý nghiêm tình trạng dạy thêm mang tính ép buộc hoặc thương mại hóa. ""Giáo dục phải lấy đạo đức nghề nghiệp làm nền tảng, xây dựng môi trường công bằng, nhân văn"", ông nói.
Tiến sĩ Nguyễn Viết Chức, nguyên Phó chủ nhiệm Ủy ban Văn hóa - Giáo dục của Quốc hội, khẳng định ""văn kiện hay nhưng nếu làm không đến nơi đến chốn thì không có kết quả"". Đổi mới giáo dục đòi hỏi quyết tâm, dẫn dắt từ Trung ương đến cơ sở, tạo lập nền văn hóa học tập thực chất và xã hội trọng trí thức, coi con người là trung tâm và động lực của phát triển.
Ông cho rằng đổi mới tư duy trong giáo dục phải gắn với cách tiếp cận văn hóa, coi đây là trụ cột song hành với kinh tế và chính trị. Giáo dục ngày nay không phải là ""nhồi nhét kiến thức"", không phải học để biết nhiều, mà học để biết cách ứng dụng, sáng tạo và học để biết cách thuyết phục. Trong bối cảnh thế giới biến đổi nhanh, việc đào tạo con người chỉ để tiếp nhận thông tin là không đủ; nền giáo dục phải hướng tới năng lực thích nghi, tư duy mở và khả năng hợp tác.
""Muốn đi xa phải đi cùng nhau, đi cùng nhau là khả năng thuyết phục, tạo sự đồng thuận. Đó là tư tưởng cần định hướng xuyên suốt trong đổi mới chương trình, phương pháp và triết lý giáo dục"", ông nhấn mạnh.
Sơn Hà"
https://vnexpress.net/nuoc-nao-co-xe-buyt-chay-tren-duong-sat-4961358.html,Nước nào có xe buýt chạy trên đường sắt?,"Xe này có thể chạy trên đường ray bằng bánh thép, mất khoảng 15 giây để chuyển sang dùng lốp ở đường bộ. Bạn có biết loại xe này ở nước nào?",Thanh Hằng
https://vnexpress.net/dua-nhau-hoc-song-bang-vi-so-that-nghiep-4961330.html,Đua nhau học song bằng vì sợ thất nghiệp,"MỹNgày càng nhiều sinh viên học cùng lúc hai bằng hoặc thêm chứng chỉ, để ""bớt sợ hãi"" và chống chọi với thị trường việc làm ngày càng khắc nghiệt.","Drew Wesson, sinh viên năm thứ hai Đại học Wisconsin-Madison, muốn sau khi tốt nghiệp có thể làm trong ngành truyền thông chiến lược - lĩnh vực có tốc độ tăng trưởng việc làm và thu nhập cao hơn mức trung bình.
Để chuẩn bị, từ năm học, Wesson bắt đầu học song bằng báo chí và an ninh quốc tế. Như gần 1/3 bạn học khác, Wesson làm vậy để hy vọng nổi bật hơn trong thị trường lao động.
Phân tích của tổ chức giáo dục Hechinger Report cho thấy ngày càng nhiều sinh viên Mỹ chọn học song ngành. Họ lo lắng về cơ hội việc làm khi nền kinh tế được cho là đang thay đổi nhanh hơn giáo dục đại học.
""Thêm kỹ năng, kiến thức và nhiều chuyên ngành mang lại lợi thế cạnh tranh, giúp tôi thấy bớt sợ hãi khi ra trường"", Wesson nói.
Theo dữ liệu từ Trung tâm Thống kê Giáo dục quốc gia Mỹ (NCES), số sinh viên song ngành tại Đại học Wisconsin-Madison đã tăng 25% trong thập kỷ qua. Nhiều trường khác ghi nhận điều tương tự. Như Đại học North Carolina-Chapel Hill tăng gấp đôi, hay Đại học California-San Diego và Đại học Chicago đều tăng gần gấp ba lần.
Năm học 2023-2024, khoảng 12% sinh viên tốt nghiệp có nhiều hơn một bằng cấp, gấp đôi so với 6% của 10 năm trước.
""Sinh viên đang cảm thấy thiếu kiểm soát trong một thị trường lao động thay đổi không ngừng. Họ đang bám víu vào thứ duy nhất họ có thể kiểm soát - là các chuyên ngành, nghĩ là chọn càng nhiều càng tốt"", Rachel Slama, Phó Giám đốc Phòng thí nghiệm học tập tương lai của Đại học Cornell, nhận định.
Quan điểm này có thể đúng. Khảo sát của các nhà nghiên cứu tại Đại học Ohio State và bốn trường khác cho thấy sinh viên tốt nghiệp hai chuyên ngành ít có nguy cơ bị sa thải, bị cắt lương hoặc các tác động tiêu cực khác của suy thoái kinh tế hơn 56% so với nhóm còn lại.
Các nhà nghiên cứu kết luận rằng điều này cho thấy tầm quan trọng của bộ kỹ năng đa dạng. Nếu nhu cầu về kỹ năng của một chuyên ngành giảm, ""người học song ngành có thể theo đuổi công việc liên quan đến chuyên ngành không bị ảnh hưởng"".
Tại Wisconsin, khoảng 6/10 sinh viên Khoa học Máy tính chọn thêm chuyên ngành thứ hai là Khoa học Dữ liệu – lĩnh vực mà Cục Thống kê Lao động dự kiến số lượng việc làm sẽ tăng 34% trong khoảng 10 năm tới, với lương gần gấp đôi mức trung bình toàn quốc.
Một thuận lợi là hầu hết trường tính học phí theo học kỳ, bất kể sinh viên học bao nhiêu khóa. Do đó, trừ khi chuyên ngành thứ hai buộc sinh viên phải học thêm vào mùa hè hoặc kéo dài thêm học kỳ, việc học song ngành thường không tốn thêm chi phí.
Đối với một số sinh viên, học song ngành cũng là phương án hợp lý hơn so với đổi sang chuyên ngành mới.
""Thêm một chuyên ngành là cách phòng ngừa rủi ro trước thị trường lao động thay đổi mà không mất đi các tín chỉ và khóa học đã tích lũy cho chuyên ngành đầu tiên"", Patrick Denice, Phó Giáo sư về Xã hội học tại Đại học Western Ontario, đồng tình.
Melina Hale, Trưởng khoa ở Đại học Chicago, cho rằng học song ngành còn là một cách tốt để sinh viên thể hiện tư duy đa dạng.
""Nếu đi làm trong lĩnh vực tài chính và có nền tảng vững chắc về lịch sử, sinh viên sẽ có những cách tiếp cận vấn đề khác biệt"", Hale nhận xét.
Ngoài học thêm ngành mới, ngày càng nhiều sinh viên đi học chứng chỉ (certificate) trong các lĩnh vực như quản lý kinh doanh, có thể tốt nghiệp trong vài tháng. NCES cho biết gần 20% sinh viên tốt nghiệp cử nhân năm 2023-2024 tốt nghiệp đại học và có ít nhất một chứng chỉ.
Giống như học song ngành, chúng giúp ứng viên nổi bật hơn với nhà tuyển dụng, theo Taylor Odle, Trợ lý Giáo sư chính sách giáo dục tại Đại học Wisconsin-Madison.
Hiện, tỷ lệ thất nghiệp trung bình của nhóm sinh viên mới tốt nghiệp trong độ tuổi từ 23 đến 27 tại Mỹ là 4,59%, cao hơn so với tỷ lệ chung (4,3%). Nếu không tính giai đoạn dịch Covid-19, đây là ở mức cao nhất kể từ năm 2014, theo Ngân hàng Dự trữ Liên bang St. Louis.
Khánh Linh(TheoThe Washington Post, Federal Reserve Bank of St. Louis)"
https://vnexpress.net/bo-giao-duc-tran-tro-vi-nhieu-hoc-sinh-gioi-olympic-o-lai-nuoc-ngoai-4961092.html,Bộ Giáo dục: Trăn trở vì nhiều học sinh giỏi Olympic ở lại nước ngoài,"66% học sinh giành huy chương Olympic quốc tế từ 2016 đến 2024 chọn du học, đa số ở lại nước ngoài làm việc, Bộ Giáo dục trăn trở làm sao giữ chân hoặc thu hút các em quay về.","Ông Huỳnh Văn Chương, Cục trưởng Quản lý chất lượng, Bộ Giáo dục và Đào tạo, nêu thông tin này tại Hội nghị về bồi dưỡng các đội tuyển thi Olympic giai đoạn 2016-2025, sáng 7/11.
Theo ông Chương, ngành giáo dục đang đi đúng hướng trong phát hiện, đào tạo, bồi dưỡng học sinh giỏi. Những em đạt giải được chính quyền các cấp và doanh nghiệp khen thưởng kịp thời. Nhưng việc đào tạo chuyên sâu để sử dụng nhóm này như lao động tinh hoa, chất lượng cao thì ""còn đang bỏ ngỏ rất nhiều"".
Từ năm 2016 đến 2024, Việt Nam có 220 học sinh đạt huy chương Olympic khu vực và quốc tế. Trong đó, 146 em (tương đương 66%) du học, phổ biến ở Mỹ, Singapore, Pháp, Hong Kong, Australia, Anh... Theo Bộ, sau đó, các em thường ở lại nước ngoài làm việc do chế độ đãi ngộ cao, mong muốn nâng cao bản thân ở những nước có nền khoa học tiên tiến.
""Chúng tôi rất trăn trở về việc này"", ông Chương nói. Theo ông, những cựu thí sinh Olympic khi trở thành nhà khoa học, chuyên gia, kỹ sư... sẽ góp phần xây dựng đất nước. Thu hút và sử dụng nhân lực chất lượng cao cũng được đề cập trong nhiều chính sách của Đảng và Nhà nước.
""Không chỉ dừng ở huy chương, bằng khen, các em còn con đường rất dài 40 năm cống hiến, vậy làm thế nào để các em quay lại với đất nước?"", ông đặt vấn đề.
Ông Chương nhìn nhận có ba lý do khiến thí sinh đạt giải Olympic du học và ở lại nước ngoài. Một là chưa có cơ chế đào tạo, thu hút, bồi dưỡng đặc thù dành cho những học sinh, sinh viên tài năng. Ngoài ra, cơ chế tuyển dụng, đãi ngộ, môi trường làm việc chưa xứng đáng. Cuối cùng là chưa có sự kết nối để huy động các em phục vụ cho quá trình đổi mới, phát triển trong nước.
Ông Chương cho biết Bộ sẽ cùng các bên liên quan xây dựng Đề án chiến lược quốc gia về phát hiện, đào tạo, bồi dưỡng, sử dụng và đãi ngộ nhân tài trẻ.
Theo đó, học sinh, sinh viên có năng lực đặc biệt sẽ được học vượt cấp hay vừa học trong nước, vừa học trực tuyến kết hợp trực tiếp ngắn hạn ở nước ngoài để có bằng từ các đại học quốc tế uy tín.
Trước mắt, ông Chương đề nghị các trường đại học, viện nghiên cứu trong nước xây dựng chương trình xuất sắc để thu hút, giữ chân các học sinh đạt giải tới học tập và nghiên cứu.
""Làm sao để 6.000 em thi học sinh giỏi quốc gia thì có 50% ở trong nước, rồi tới các em đạt huy chương Olympic"", ông Chương nói. ""Giữ chân được các em cũng góp phần đẩy chất lượng các đại học ở Việt Nam, từ đó tăng hạng thế giới"".
Cô Nguyễn Thị Thu Hà, Trưởng đoàn Việt Nam tại Olympic Hóa học quốc tế năm 2023-2025, kể từng nói chuyện với một số học sinh cũ, đang học tại Đại học Khoa học và Công nghệ Hong Kong (HKUST), Viện Công nghệ Massachusetts, Mỹ (MIT). Theo cô, các em có hai mong muốn nổi bật. Một là nhận được cơ chế hỗ trợ và tư vấn hiệu quả trong quá trình du học hoặc chuyển tiếp từ các trường đại học Việt Nam ra nước ngoài. Hai là có cơ hội hợp tác nghiên cứu với các nhà khoa học, nhóm nghiên cứu trong nước, nhằm duy trì kết nối và đóng góp cho nền khoa học Việt Nam.
Vì vậy, cô Hà đề xuất xây dựng cơ chế kết nối, tạo không gian để các em giao lưu, chia sẻ kinh nghiệm và hỗ trợ lẫn nhau; thiết lập các nhóm nghiên cứu hợp tác giữa Việt Nam và quốc tế với sự tham gia của các cựu học sinh Olympic. Như vậy, các em vừa là cầu nối tri thức, vừa có cơ hội thực hành, nghiên cứu, tạo nền tảng để quay về cống hiến cho Việt Nam trong tương lai.
Trong giai đoạn 2016-2025, học sinh Việt Nam đạt 112 huy chương vàng, 140 bạc, 89 đồng và 21 bằng khen trong các kỳ Olympic khu vực và quốc tế, ở các môn Toán, Lý, Hóa, Sinh, Tin học.
Việt Nam thường thuộc nhóm 10 nước có kết quả tốt nhất, trong đó đội Olympic Hóa duy trì vị trí top 5 từ 2020 đến nay. Một số thí sinh có thành tích nổi trội như Nguyễn Phương Thảo với điểm cao nhất ở Olympic Sinh học quốc tế năm 2018; Ngô Quý Đăng và Võ Hoàng Hải giành huy chương vàng Toán học, Vật lý khi học lớp 10...
Ngoài tiền thưởng của Chính phủ và địa phương, học sinh được huy chương đồng trở lên được Chủ tịch nước tặng Huân chương lao động, kể từ năm 2021.
Thanh Hằng"
https://vnexpress.net/tu-thu-khoa-dai-hoc-thanh-ung-vien-giao-su-tre-nhat-nganh-y-4961015.html,Từ thủ khoa đại học thành ứng viên giáo sư trẻ nhất ngành Y,"Theo chân bố tới bệnh viện từ nhỏ, Hoàng Anh Tiến tiếp nối đam mê, trở thành thủ khoa khối B trường Y Dược Huế, rồi ứng viên đạt chuẩn giáo sư trẻ nhất ngành Y năm 2025.","Bác sĩ Tiến, 46 tuổi, hiện là Phó giám đốc Trung tâm tim mạch, Trưởng khoa Nội Tim mạch Bệnh viện Trường Đại học Y Dược Huế.
Tới nay, anh đã công bố 180 bài báo khoa học, trong đó 45 bài trên các tạp chí úy tín quốc tế; tham gia xuất bản 18 cuốn sách và 15 đề tài nghiên cứu. Anh Tiến từng được vinh danh Gương mặt trẻ Việt Nam tiêu biểu (2007), Giải thưởng Quả cầu vàng về khoa học công nghệ (2012). Năm 2014, anh được bổ nhiệm Phó giáo sư.
Sau một thập kỷ, tháng 11 này, tên anh nằm trong danh sách đạt chuẩn giáo sư của Hội đồng Giáo sư Nhà nước, và là người trẻ nhất của ngành Y tế.
""Tôi rất hạnh phúc và tự hào khi biết tin"", anh Tiến nói, cho biết thành quả ngoài nỗ lực của bản thân còn đến từ sự hỗ trợ lớn của nhà trường, gia đình và bạn bè.
Anh Tiến là người Huế, có bố là GS.TS Huỳnh Văn Minh, hiện là Chủ tịch Hội Tim mạch Việt Nam. Ngày còn nhỏ, được theo đến bệnh viện, cậu bé Tiến tò mò, rồi say sưa quan sát những dụng cụ trong phòng khám như ống nghe, búa phản xạ, máy đo huyết áp, đèn soi đồng tử,.... Cảm giác hạnh phúc, hãnh diện đến với anh mỗi lần nhìn thấy bệnh nhân được chữa khỏi hay nụ cười, ánh mắt hài lòng của bố.
""Rồi theo chân bố tới giảng đường, nhìn những tốp sinh viên đi theo để hỏi bài với sự kính trọng, tôi càng mong một ngày sẽ trở thành người như ông"", anh Tiến chia sẻ.
Thời phổ thông, anh Tiến học lớp chuyên A1 của trường Quốc học. Anh tự nhận có cách học ""lạ"", là mượn vở học thêm của bạn bè để biết ""tuyệt chiêu"" của nhiều thầy cô, từ đó tổng hợp kiến thức cho mình. Hết lớp 12, anh dồn sức vào nguyện vọng duy nhất là trường Y Dược Huế. Năm 1997, Tiến đỗ thủ khoa khối B (Toán - Hóa - Sinh) của trường, bắt đầu hành trình theo đuổi đam mê đã ấp ủ từ thuở nhỏ.
Theo anh Tiến, điểm đầu vào cao là áp lực, song cũng là động lực để anh phấn đấu. Được bố định hướng, anh tham gia nghiên cứu khoa học từ sớm, từng giành giải nhì cấp Bộ năm 2002, với đề tài ""Đặc điểm điện tâm đồ ở vận động viên thành phố Huế"".
Đọc nhiều sách về nội khoa của bố ở nhà giúp anh Tiến xây dựng những nền tảng ban đầu về chuyên ngành này. Khi bắt đầu sự nghiệp giảng dạy ở Khoa Nội của trường Đại học Y Dược Huế năm 2004, anh chọn lĩnh vực điều trị nội tim mạch, rồi đi sâu vào chuyên ngành can thiệp tim mạch. Dù đây là chuyên ngành nội khó nhất, anh Tiến rất thích vì có thể xâm nhập tối thiểu để can thiệp tim (đặt stent động mạch vành, đặt máy tái đồng bộ tim, máy tạo nhịp điều trị rối loạn nhịp chậm) cho bệnh nhân.
Những ngày đầu, anh Tiến hồi hộp, nhưng thấy trân quý vai trò nhà giáo khi có thể truyền lại kiến thức cho các bạn trẻ. Song song, anh tham gia điều trị ở cả Bệnh viện Trung ương Huế và Bệnh viện trường Đại học Y Dược.
""Mỗi bệnh nhân giống như một người thầy"", anh nói, nhìn nhận việc này ngoài để nâng cao chuyên môn, còn khiến anh có thể giúp sinh viên nắm bắt lý thuyết một cách hiệu quả.
Ngoài ra, anh Tiến duy trì nghiên cứu khoa học, dành gần như toàn bộ thời gian cho công việc. Khó khăn nhất là giai đoạn học tiến sĩ, cũng là lúc anh mới lập gia đình. Đi làm cả ngày, buổi tối hỗ trợ vợ chăm con nên anh thường làm việc đến 2-3 giờ sáng, hôm sau lại dậy sớm đi làm.
Năm 2011, anh bảo vệ thành công luận án tiến sĩ, với đề tài ""Nghiên cứu vai trò tiên lượng của NT-ProBNP huyết thanh và luân phiên sóng T điện tâm đồ ở bệnh nhân suy tim"".
NT-ProBNP - một chất chỉ điểm tim mạch - từng được anh Tiến đưa vào đề tài ""Đánh giá sự biến đổi nồng độ NT-ProBNP ở đợt cấp của suy tim mạn"", đạt giải nhất nghiên cứu khoa học trẻ tại Hội nghị tim mạch toàn quốc năm 2012. Nghiên cứu này được đánh giá cao, do chất rất mới, có hiệu quả trong tiên lượng suy tim.
Những nghiên cứu sau này của anh Tiến đi theo hai hướng chính: một là can thiệp động mạch vành và các yếu tố nguy cơ liên quan nổi bật như ngưng thở giấc ngủ, tăng huyết áp và vữa xơ động mạch; hai là tạo nhịp tim qua da và các chỉ điểm sinh học NT-ProBNP, sST2, chỉ điểm điện học luân phiên sóng T, biến thiên nhịp tim trong tiên lượng rối loạn nhịp tim và suy tim.
Trong những công trình của mình, anh Tiến rất thích nghiên cứu về kỹ thuật tạo nhịp, tái đồng bộ tim 2 buồng. Thay vì phải mổ để ghép tim, bệnh nhân được đặt máy tạo nhịp để đồng bộ nhịp tim, có thể hồi phục lại sau 6 tháng. Theo anh Tiến, không phải trường hợp nào cũng chọn được người ghép tim, nên kỹ thuật đặt máy này là phương pháp điều trị thay thế, giúp các bác sĩ hỗ trợ người bị suy tim giai đoạn cuối rất nhiều.
Anh cũng tâm đắc với sáng kiến kết hợp ống nghe và máy ghi âm để phát hiện bệnh ngưng thở khi ngủ - một hội chứng liên quan đến các biến cố tim mạch như nhồi máu cơ tim, đột quỵ - rất khó phát hiện và có thể dẫn đến tử vong nếu không được can thiệp kịp thời. Nghiên cứu này giúp anh đạt giải xuất sắc ở Hội nghị khoa học trẻ các trường Y Dược toàn quốc năm 2007.
Dù ""cân"" cả ba việc dạy - chữa bệnh - nghiên cứu, TS Tiến nói hăng say làm việc vì hiểu những việc mình làm có ý nghĩa và giá trị đối với học trò, bệnh nhân và cả xã hội.
""Đem lại những điều tốt đẹp cho xã hội là động lực lớn nhất của tôi"", anh nói.
Theo GS.TS Nguyễn Vũ Quốc Huy, Hiệu trưởng trường Đại học Y Dược, Đại học Huế, các hoạt động chuyên môn tại bệnh viện của anh Tiến là nền tảng cho nhiều đề tài nghiên cứu khoa học, bao gồm các chủ đề kỹ thuật cao, giúp công tác chăm sóc sức khỏe người dân toàn diện hơn.
GS Huy cũng đánh giá cao đồng nghiệp khi tích cực tham gia hoạt động của các hội nghề nghiệp trong nước và quốc tế từ sớm, qua đó tạo ra các cơ hội phát triển chuyên môn nghề nghiệp cho bản thân và sự phát triển của bộ môn, của trường.
Anh Tiến cho hay sẽ cố gắng bám sát xu hướng phát triển của y học hiện đại, đặc biệt là ứng dụng trí tuệ nhân tạo vào điều trị và giảng dạy.
""Trách nhiệm của tôi vẫn là đào tạo cho thế hệ đi sau có kiến thức tốt, làm chủ được công nghệ để phục vụ cho sức khỏe nhân dân"", anh nói.
Khánh Linh"
https://vnexpress.net/nhom-tre-bi-dung-hoat-dong-sau-vu-bao-hanh-be-gai-4960942.html,Nhóm trẻ bị dừng hoạt động sau vụ bạo hành bé gái,Cà MauNhóm trẻ tư thục Ái Linh ở xã Gành Hào phải dừng hoạt động để nhà chức trách điều tra vụ bé gái 2 tuổi bị đánh bầm mặt và lưng.,"Ngày 6/11, một lãnh đạo UBND xã Gành Hào cho biết bước đầu thấy có dấu hiệu bạo hành tại cơ sở này. Nhà chức trách đã hỗ trợ phụ huynh đưa trẻ đi khám, ổn định tâm lý.
Nhóm trẻ tư thục Ái Linh do bà Nguyễn Hoàng Ái Linh (39 tuổi) làm chủ, thuộc quản lý của trường Mẫu giáo Sao Biển. Trước khi bị đình chỉ hoạt động, nơi đây có khoảng 14 trẻ em.
Hơn một tuần trước, một phụ huynh phát hiện con bị thương sau khi ở lớp về nên chụp ảnh và trình báo cơ quan chức năng. Theo gia đình, bé thường hoảng loạn khi gặp người lạ, hay giật mình khi ngủ. Bố, mẹ phải xin nghỉ làm để ở nhà với con.
Theo quy định hiện hành, việc thành lập các nhóm trẻ, lớp mẫu giáo độc lập do UBND xã, phường cấp phép. Chủ cơ sở phải có bằng tốt nghiệp THPT trở lên, giáo viên có bằng cao đẳng, phòng học rộng tối thiểu 15 m2 cùng một số điều kiện về cơ sở vật chất khác.
An Minh"
https://vnexpress.net/thu-do-nuoc-chau-a-nao-lanh-nhat-the-gioi-4960917.html,Thủ đô nước châu Á nào lạnh nhất thế giới?,"Nhiệt độ trung bình hàng năm ở đây khoảng -1,3 độ C, mùa đông có khi rơi xuống -40 độ.",Dương Tâm(Tổng hợp)
https://vnexpress.net/58-giao-vien-thcs-hai-long-ve-luong-cu-4960926.html,58% giáo viên THCS hài lòng về lương cũ,"Hầu hết giáo viên THCS hài lòng với công việc, 58% hài lòng với mức lương, theo khảo sát của OECD.","Kết quả khảo sát quốc tế về dạy và học (TALIS) do Tổ chức Hợp tác và Phát triển Kinh tế (OCED) thực hiện vào tháng 3-4/2024, được công bố chiều 6/11.
Theo đó, 97% trong khoảng 4.400 giáo viên, 202 hiệu trưởng bậc THCS hài lòng về công việc, chỉ 3% người dưới 30 tuổi có ý định nghỉ việc trong 5 năm tới.
Thời điểm khảo sát, lương giáo viên THCS từ 4,2 đến 12,2 triệu đồng một tháng, chưa kể phụ cấp. Khoảng 58% số người được hỏi nói hài lòng với mức này, cao hơn 19% so với mức trung bình của OECD và tăng 6% so với lần khảo sát trước (năm 2018).
Hiện, dải lương cứng đã tăng lên 5,48 đến 15,87 triệu đồng một tháng. Tính thêm phụ cấp thâm niên (sau 5 năm công tác, mỗi năm 1%), phụ cấp ưu đãi nghề (35-70%)..., lương thực nhận của thầy cô khoảng 7,1-28,5 triệu đồng.
Bộ Giáo dục và Đào tạo đang đề xuất nhóm này hưởng thêm hệ số đặc thù là 1,15 lần lương, giúp lương cứng hàng tháng tăng 0,8-1,38 triệu đồng. Những thầy cô giữ vị trí tổ trưởng, phó, làm nhiệm vụ cốt cán, được phân công dạy biệt phái có thể nhận thêm phụ cấp 0,1-0,5.
Cũng theo kết quả khảo sát, OECD đánh giá độ căng thẳng nghề nghiệp của giáo viên Việt Nam ở mức thấp, khi chỉ 4% cho biết ""rất căng thẳng"", dù 54% thừa nhận chịu áp lực về thành tích và thay đổi chương trình.
Bộ cho biết toàn bộ quy trình khảo sát thực hiện trên máy tính theo tiêu chuẩn kỹ thuật và bảo mật nghiêm ngặt của OECD, đảm bảo kết quả khách quan và đáng tin cậy.
Từ kết quả khảo sát TALIS, Bộ đề xuất cải thiện điều kiện làm việc và phúc lợi cho giáo viên bằng cách đổi mới chính sách tiền lương theo năng lực, giảm gánh nặng hành chính, tăng thời gian cho hoạt động chuyên môn; quản lý hiệu quả quá trình đổi mới giáo dục; củng cố hệ thống phát triển nghề nghiệp liên tục, gắn bồi dưỡng với lộ trình nghề nghiệp.
Cơ quan này kỳ vọng triển khai đồng bộ các giải pháp trên sẽ giúp nâng cao năng lực và tính chuyên nghiệp của giáo viên Việt Nam; từ đó tăng mức độ hài lòng và gắn bó nghề nghiệp, củng cố niềm tin của xã hội vào giáo dục và nghề giáo.
Cả nước có hơn 1,05 triệu giáo viên bậc mầm non và phổ thông hưởng lương ngân sách, trong đó 285.500 thầy cô ở bậc THCS.
Thanh Hằng"
https://vnexpress.net/nhieu-truong-o-tp-hcm-cho-hoc-sinh-ve-som-tranh-trieu-cuong-4960946.html,Nhiều trường ở TP HCM cho học sinh về sớm tránh triều cường,"TP HCMNhiều trường cho học sinh ra về từ 14h30, sớm khoảng 0,5-2 tiếng so với thông thường để tránh ảnh hưởng của triều cường và bão Kalmaegi.","Chiều 6/11, hệ thống trường liên cấp PennSchool, phường Hòa Hưng, gửi tin nhắn khuyến khích phụ huynh đón con từ 14h30 đến 15h30, thay vì 16h, để tránh phải di chuyển trên đường nếu mưa giông kết hợp triều cường, theo dự báo thời tiết.
Chị Hoài Thu, phụ huynh trẻ 5 tuổi, trường Mầm non Phước Long B, phường Phước Long, cũng được trường báo đón con lúc 15h. Nếu không thể đến sớm, các cô giáo vẫn trông trẻ đến 16h.
Trường THCS Trần Văn Ơn, Huỳnh Khương Ninh cho biết điều chỉnh giờ tan học trong ngày 6-7/11 để đảm bảo an toàn và thuận tiện cho học sinh, phụ huynh.
Trong hai ngày này, học sinh khối 6, 7 của trường THCS Trần Văn Ơn ra về lúc 15h45, khối 8, 9 sau đó 15 phút, sớm hơn khoảng nửa tiếng so với mọi ngày. Còn ở THCS Huỳnh Khương Ninh, giờ tan học là 16h15, sớm hơn 40 phút. Với các tiết học bị ảnh hưởng, giáo viên chủ động đưa bài giảng lên hệ thống online, hướng dẫn các em tự học.
Ngày mai, học sinh trường Tiểu học Nguyễn Bỉnh Khiêm, phường Sài Gòn, cũng được về từ 15h40, tiết học câu lạc bộ sẽ được bù sau. Còn Tiểu học Lương Thế Vinh, phường Tân Hưng báo phụ huynh đón con từ 16h.
Theo Trung tâm Dự báo khí tượng thủy văn quốc gia, hoàn lưu bãoKalmaegitràn xuống TP HCM và Nam Bộ, khiến khu vực này nguy cơ mưa lớn và ngập nặng do trùng đỉnh triều cường cao nhất năm, chiều 6/11.
Trong hai ngày tới, địa bàn TP HCM có thể xảy ra mưa to do ảnh hưởng của bão kết hợp dải hội tụ nhiệt đới hoạt động mạnh, có thể gây ngập cục bộ ở một số khu vực.
Sở Giáo dục và Đào tạo thành phố đã yêu cầu các trường học dừng hoạt động ngoài giờ chính khóa đến khi thời tiết ổn định trở lại. Đồng thời, trường học cần có kế hoạch dạy trực tuyến trong trường hợp mưa bão phức tạp.
Lệ Nguyễn"
https://vnexpress.net/nvidia-cap-hoc-bong-1-trieu-usd-cho-sinh-vien-4960805.html,Nvidia cấp học bổng 1 triệu USD cho sinh viên,"Nvidia sẽ trao học bổng cho những sinh viên xuất sắc trong nghiên cứu, khởi nghiệp về AI của Đại học Quốc gia TP HCM, tổng giá trị là 1 triệu USD.","Ngày 6/11, Đại học Quốc gia TP HCM cho biết học bổng mang tên CEO của hãng là Jensen Huang. Đây là sáng kiến trong khuôn khổ hợp tác giữa Nvidia và đại học này nhằm phát triển hệ sinh thái trí tuệ nhân tạo (AI) tại Việt Nam.
Học bổng được thí điểm trong hai năm 2025-2026, tổng giá trị là 1 triệu USD (gần 27 tỷ đồng). Trong đó, 800.000 USD dành cho tài nguyên GPU (bộ xử lý đồ họa), cấp trực tiếp cho sinh viên để làm dự án nghiên cứu, khởi nghiệp trong lĩnh vực AI. Còn lại, 200.000 USD cho các hoạt động đào tạo, phát triển kỹ năng, tiền thưởng.
Trường cho hay đây là một trong những học bổng có giá trị lớn nhất từ doanh nghiệp cho sinh viên thuộc ngành Trí tuệ nhân tạo, Công nghệ thông tin, Khoa học máy tính, Khoa học dữ liệu, Điện tử - Viễn thông, Toán - Tin ứng dụng hoặc các ngành có định hướng AI.
Trong năm đầu tiên, học bổng gồm 50 suất, trao cho sinh viên xuất sắc ở năm cuối hoặc mới tốt nghiệp tại các trường trực thuộc Đại học Quốc gia TP HCM, gồm trường Bách khoa, Khoa học Tự nhiên, Quốc tế, Công nghệ Thông tin và An Giang.
Sinh viên cần có điểm trung bình (GPA) tối thiểu 3.5/4 (tương đương 8.75/10), trình độ tiếng Anh IELTS 6.0 hoặc TOEFL iBT 80 trở lên, cùng hồ sơ chứng minh năng lực học tập, nghiên cứu và hoạt động ngoại khóa.
Nếu trúng tuyển, họ được tham gia khóa đào tạo AI chuyên sâu ""Zero-to-Hero"" với chuyên gia Thung lũng Silicon (Mỹ), được học tập trên nền tảng Nvidia Deep Learning Institute, nhận tài trợ cho các khóa học và hội thảo chuyên ngành, đồng thời có cơ hội thực tập và tham gia các dự án về AI do Nvidia tổ chức.
Nvidia thành lập năm 1993, ban đầu chuyên sản xuất chip cho game 3D. Sau này, hãng dần phát triển các phần mềm và chip AI tiên tiến. Bước ngoặt với hãng đến vào cuối năm 2022, khi OpenAI ra mắt ChatGPT, tạo nên cơn sốt trí tuệ nhân tạo trên toàn cầu. OpenAI phát triển công nghệ AI tạo sinh dựa trên các chip đồ họa của Nvidia.
Nvidia hiện là hãng sản xuất chip đắt giá nhất thế giới, được định giá 5.000 tỷ USD vào cuối tháng 10.
Lệ Nguyễn"
https://vnexpress.net/truot-dai-hoc-vi-bat-nat-hoc-duong-4960725.html,Trượt đại học vì bắt nạt học đường,"Hàn QuốcCác đại học lớn bắt đầu từ chối thí sinh dính đến bạo lực học đường, là lần đầu tiên trong lịch sử giáo dục nước này.","Theo dữ liệu từ văn phòng nghị sĩ Kang Kyung-sook, sáu trên 10 đại học quốc gia ở Hàn Quốc đã loại 45 thí sinh trong kỳ tuyển sinh năm nay. Trong đó, Đại học Quốc gia Seoul loại hai hồ sơ, còn Đại học Quốc gia Kyungpook loại tới 22 người.
""Đây chỉ là sự khởi đầu. Các tiêu chuẩn đang được nâng lên và những học sinh bạo lực học đường phải chịu trách nhiệm lớn hơn"", một cán bộ tuyển sinh nói.
Hàn Quốc phân loại mức độ xử phạt bạo lực học đường từ cấp độ 1 (xin lỗi bằng văn bản) đến cấp độ 9 (đuổi học). Các lỗi nhỏ trước đây thường được cha mẹ và giáo viên giải quyết nội bộ. Nhưng hiện tại, các lỗi từ cấp độ 6 trở lên được lưu vĩnh viễn vào hồ sơ của học sinh.
Các trường tự quyết định điểm phạt. Đại học Quốc gia Kyungpook nghiêm nhất, trừ 10 điểm với cấp độ 1-3, trừ 50 điểm cho cấp độ 4-7 và trừ tới 150 điểm cho các trường hợp chuyển trường hoặc bị đuổi học (cấp độ 8 hoặc 9).
""Đây không chỉ là hành vi cá nhân. Bạo lực học đường là hành vi vi phạm lòng tin xã hội. Các trường có trách nhiệm duy trì các giá trị cộng đồng"", theo tuyên bố của Đại học Quốc gia Kyungpook.
Xu hướng này đang lan rộng trong hệ thống giáo dục đại học ở Hàn Quốc. 10 trường Sư phạm quốc gia, bao gồm Gyeongin, Busan và Seoul, đã thông báo sẽ tự động loại bất cứ thí sinh nào có hành vi bạo lực học đường, bất kể mức độ, bắt đầu từ năm sau. Nhiều trường y và sư phạm khác cũng cân nhắc biện pháp tương tự.
Nhiều chuyên gia đánh giá là đây là một bước chuyển văn hóa sâu sắc. Trước những năm 2000, bạo lực học đường thường bị coi là chuyện trẻ con. Giáo viên được khuyến khích hòa giải chứ không trừng phạt, còn phụ huynh được khuyên tha thứ. Phương thức xử lý mặc định là đưa mọi thứ về trạng thái bình thường, không lưu vào sổ sách.
Tuy nhiên, nhiều vụ tự tử vì bị bắt nạt hay người nổi tiếng bị ""khui"" lịch sử bạo lực, nạn quấy rối kỹ thuật số,... đã biến bạo lực học đường từ vấn đề riêng tư thành vấn đề xã hội toàn diện. Hồi đầu năm 2023, một lãnh đạo Văn phòng điều tra quốc gia của Lực lượng cảnh sát Hàn Quốc phải xin từ chức vì con ông này bắt nạt các bạn cùng lớp, khiến nạn nhân vật lộn suốt thời gian dài.
""Bạo lực học đường từng được coi là xung đột cá nhân. Giờ đây, nó bị coi là vi phạm các quyền cơ bản, và xã hội đang đòi hỏi trách nhiệm dài hạn"", một giáo viên trung học tại Seoul nhìn nhận. ""Trải nghiệm bị bắt nạt ở trường ảnh hưởng đến nạn nhân suốt đời. Những kẻ bắt nạt nên biết rằng hành vi đó có thể theo chúng đến tuổi trưởng thành"".
Ngoài tuyển sinh đại học, một số quan chức từng đề nghị biện pháp cứng rắn hơn, như xem xét lịch sử bạo lực học đường kể cả khi thủ phạm tìm việc làm.
Khánh Linh(TheoKorea Herald, The Straits Times)"
https://vnexpress.net/canada-du-kien-cat-giam-hon-50-giay-phep-du-hoc-4960579.html,Canada dự kiến cắt giảm hơn 50% giấy phép du học,"CanadaChính phủ dự định cắt giảm hơn 50% giấy phép du học vào năm tới, dù số sinh viên quốc tế tới nước này từ đầu năm đến nay đã giảm kỷ lục.","Động thái này nối tiếp chuỗi biện pháp siết tuyển sinh quốc tế, kể từ tháng 10/2023, trong bối cảnh số người nhập cư tăng, gây áp lực lên thị trường nhà ở, y tế và hệ thống trường học. Năm ngoái, nhóm này chiếm 7,5% dân số Canada.
Theo Bộ trưởng Tài chính François-Philippe Champagne, chính sách nói trên nằm trong nỗ lực kiểm soát hệ thống nhập cư của Canada.
Thực tế, số du học sinh mới đến nước này trong 8 tháng năm nay chỉ gần 90.000, giảm 60% so với cùng kỳ năm ngoái. Đây là mức giảm kỷ lục kể từ sau đại dịch Covid-19. Các chuyên gia dự đoán con số cả năm sẽ thấp hơn nhiều so với mục tiêu đã đề ra (437.000 giấy phép).
Ngoài ra, Chính phủ Canada dự kiến dành 1,7 tỷ CAD (1,2 tỷ USD) để thu hút hơn 1.000 nhà nghiên cứu, nghiên cứu sinh tiến sĩ và sau tiến sĩ ở nước ngoài trong 13 năm tới. Nhiều đại học hoan nghênh chủ trương thu hút nhân tài, song cho rằng mục tiêu này mâu thuẫn với việc cắt giảm mạnh chỉ tiêu tuyển sinh quốc tế.
Năm ngoái, Canada đón hơn một triệu sinh viên quốc tế, là điểm đến du học lớn thứ hai thế giới, chỉ sau Mỹ. Trong đó, sinh viên Ấn Độ chiếm khoảng 41%, Trung Quốc 12%. Số sinh viên Việt Nam là hơn 17.000.
Theo số liệu của Bộ Di trú Canada, hiện con số này chỉ còn khoảng 802.000 người, thấp nhất từ năm 2021 đến nay.
Huyền Trang(Tổng hợp)"
https://vnexpress.net/luong-giao-vien-so-voi-cac-nganh-khac-the-nao-4960486.html,"Bộ Giáo dục: Lương của hầu hết giáo viên thấp hơn ngành y tế, xây dựng","88% số giáo viên cả nước được xếp vào dải lương từ 4,9 đến 15,9 triệu đồng một tháng, thấp hơn viên chức y tế, xây dựng, giao thông..., nên cần có thêm hệ số đặc thù, theo Bộ Giáo dục.","Bộ Giáo dục và Đào tạo tối 5/11 làm rõ đề xuấthệ số lương đặc thùcho nhà giáo cách đây vài ngày.
Cụ thể, dải lương viên chức hiện từ A1 tới A3 (lần lượt từ thấp đến cao: A1 - A2.2 - A2.1 - A3), tương đương 5,48 đến 18,7 triệu đồng một tháng. Trong khi đó, 88% trong số 1,2 triệu nhà giáo được xếp lương từ A0 tới A2, tức 4,9 đến 15,9 triệu đồng. Đây là những giáo viên ở bậc mầm non và phổ thông (từ lớp 1 đến 12).
Còn lại là nhóm giảng viên, giáo viên bậc đại học và giáo dục nghề nghiệp (trung cấp, cao đẳng), được hưởng lương tương tự viên chức. Trong đó, khoảng 14.000 người ở hạng A3 - cao nhất.
Theo Bộ, nếu tính tổng số, nhóm này chỉ chiếm 1,17% số nhà giáo trong cả nước. Nhưng ở nhiều ngành khác, số người được hưởng hệ số lương cao nhất đều chiếm khoảng 10%.
Những ngành này gồm y tế (bác sĩ, dược sĩ), xây dựng (kiến trúc sư, thẩm kế viên), giao thông vận tải (kỹ thuật viên đường bộ, quản lý, bảo trì công trình...), tư pháp (lý lịch viên...), văn hóa - thể thao (đạo diễn, diễn viên, họa sĩ, huấn luyện viên...), khoa học công nghệ (nghiên cứu viên, kỹ sư), thông tin truyền thông (phóng viên, biên dịch viên, đạo diễn truyền hình).
Các mức nói trên đều chưa tính phụ cấp. Hiện, hầu như ngành nào cũng có một số loại phụ cấp đặc thù.
Riêng với giáo viên mầm non, Bộ Giáo dục và Đào tạo đánh giá nhóm này đang hưởng lương thấp (dải lương A0 - A1 - A2.2) nhưng phải làm việc trong môi trường nặng nhọc.
Trước những thực tế này, Bộ đề xuất hệ số đặc thù 1,25 với giáo viên mầm non, 1,15 với giáo viên phổ thông, 1,2-1,3 với giáo viên dạy học sinh khuyết tật, hòa nhập, trường nội trú.
Nếu được thông qua, lương tháng của giáo viên sẽ từ 6,14 đến 18,66 triệu đồng, tăng phổ biến 1-2 triệu so với hiện nay. Mức tăng cao nhất là 3,73 triệu với giáo viên mầm non hạng I, bậc 3, nhưng nhóm này chỉ khoảng 80 người trong cả nước.
Ngoài ra, thầy cô được hưởng một hoặc một số loại phụ cấp, như phụ cấp thâm niên (tính sau 5 năm công tác, mỗi năm 1%), phụ cấp ưu đãi nghề (35-70%), phụ cấp độc hại...
Theo Bộ, việc xếp lương của nhà giáo chỉ có thể giải quyết căn cơ khi Chính phủ ban hành chính sách tiền lương mới, sắp xếp lại thang lương của giáo viên cùng viên chức ngành khác. Còn trong bối cảnh hiện tại, việc có hệ số lương đặc thù là cần thiết.
""Hệ số đặc thù mặc dù không giúp lương của nhà giáo được xếp cao nhất, nhưng sẽ giúp lương của nhà giáo cao hơn so với viên chức có cùng thang lương áp dụng"", Bộ nhận định. ""Đội ngũ nhà giáo cả nước trông mong vào sự đồng thuận của các cấp có thẩm quyền để từng bước giải quyết các bất cập của hệ thống thang bảng lương hiện nay"".
Luật Nhà giáo được Quốc hội thông qua hồi tháng 6, xác định lương nhà giáo được ưu tiên xếp cao nhất trong hệ thống thang bậc lương hành chính sự nghiệp.
Cả nước đang thiếu hơn 100.000 giáo viên, gần một nửa ở bậc mầm non. Chính sách tiền lương được cho là giải pháp then chốt giúp ngành giáo dục giữ chân nhà giáo, thu hút tuyển dụng để nâng cao chất lượng và thực hiện các mục tiêu quốc gia.
Thanh Hằng"
https://vnexpress.net/cong-ty-nao-lai-dam-nhat-the-gioi-nam-2024-4960465.html,Công ty nào lãi đậm nhất thế giới năm 2024?,"Với hơn 120 tỷ USD, doanh nghiệp này có lãi ròng cao gấp 3 lần công ty mẹ của Facebook. Bạn có biết đây là công ty nào?",Lệ Nguyễn(Tổng hợp)
https://vnexpress.net/chinh-phu-muon-uu-tien-quy-dat-sach-va-tru-so-doi-du-de-xay-truong-4960463.html,Chính phủ muốn ưu tiên quỹ đất sạch và trụ sở dôi dư để xây trường,"Chính phủ đề xuất trao quyền cho UBND cấp tỉnh ưu tiên bố trí quỹ đất sạch, trụ sở công dôi dư cho phát triển giáo dục, thu hút đầu tư xây dựng trường lớp và cơ sở dạy nghề.","Tối 5/11, ngay sau phiên làm việc của Quốc hội, Ủy ban Thường vụ Quốc hội họp cho ý kiến dự thảo Nghị quyết về chính sách đặc thù, đột phá phát triển giáo dục và đào tạo, trước khi trình Quốc hội tại kỳ họp thứ 10 đang diễn ra.
Bộ trưởng Giáo dục và Đào tạo Nguyễn Kim Sơn cho biết dự thảo gồm 6 nhóm chính sách lớn, thể chế hóa quan điểm, mục tiêu của Nghị quyết 71 Bộ Chính trị về phát triển giáo dục và đào tạo. Văn bản này sẽ tạo hành lang pháp lý vượt trội để Chính phủ, các bộ, ngành và địa phương triển khai đồng bộ, quyết liệt ngay từ năm 2026.
Theo dự thảo, HĐND cấp tỉnh được quyền quyết định bổ sung dự án giáo dục vào kế hoạch sử dụng đất, áp dụng thủ tục rút gọn. UBND cấp tỉnh có thẩm quyền ưu tiên bố trí quỹ đất sạch, trụ sở công dôi dư cho phát triển giáo dục, đồng thời được phép chuyển đổi linh hoạt mục đích sử dụng đất sang mục đích giáo dục và được miễn các điều kiện theo pháp luật đất đai. Cơ sở giáo dục trong nước được miễn, giảm tiền sử dụng đất, tiền thuê đất, thuế sử dụng đất.
Các cơ sở giáo dục công lập, tư thục hoạt động không vì lợi nhuận được hưởng ưu đãi thuế thu nhập doanh nghiệp. Ngân sách nhà nước bảo đảm kinh phí chi thường xuyên và chi đầu tư cho giáo dục mầm non, phổ thông công lập, đặc biệt tại vùng khó khăn, không phụ thuộc vào mức độ tự chủ tài chính của đơn vị.
Thẩm tra nội dung này, Ủy ban Văn hóa và Xã hội đề nghị làm rõ khái niệm ""đất sạch"", ""quỹ đất sạch"" và cơ chế chuyển đổi linh hoạt mục đích sử dụng đất cho giáo dục. Chính phủ cần phân cấp rõ thẩm quyền, chủ thể thực hiện và quy trình rút gọn khi chuyển đổi. Ủy ban cũng đề nghị tích hợp các quy định liên quan đất đai vào dự thảo nghị quyết của Quốc hội đang được trình tại kỳ họp này nhằm tháo gỡ vướng mắc trong thi hành Luật Đất đai, đồng thời nghiên cứu chính sách cho phép cơ sở giáo dục tư thục thuê công trình thuộc sở hữu nhà nước.
Chủ nhiệm Ủy ban Pháp luật và Tư pháp Hoàng Thanh Tùng đánh giá cao nội dung dự thảo nhưng đề nghị Chính phủ thuyết minh thêm về nguồn lực cho các cơ chế đặc thù như miễn phí sách giáo khoa, học một số môn hoặc hỗ trợ nghiên cứu sinh. ""Cần chuẩn bị, dự báo nguồn lực để nâng cao tính khả thi của Nghị quyết. Chính sách ban hành xong phải đo lường được hiệu quả, đánh giá được tác động như chỉ đạo của Tổng Bí thư"", ông nói.
Chủ tịch Quốc hội Trần Thanh Mẫn đánh giá việc ưu tiên trụ sở dôi dư cho giáo dục là phù hợp với chỉ đạo của Tổng Bí thư và Bộ Chính trị, theo thứ tự ưu tiên: giáo dục, y tế, sau đó là điểm sinh hoạt cộng đồng cho thanh thiếu niên và người cao tuổi. Ông đề nghị Chính phủ thiết kế Nghị quyết cô đọng, tập trung, chỉ giữ lại những cơ chế thật sự đặc thù, vượt trội để trình Quốc hội thông qua và triển khai thống nhất.
Bên cạnh ưu đãi về đất đai, dự thảo bổ sung nhiều chính sách đặc thù khác như phân cấp cho Giám đốc Sở Giáo dục và Đào tạo quyền tuyển dụng, điều động, biệt phái nhà giáo, cán bộ quản lý, nhân viên trong các cơ sở giáo dục; Bộ Giáo dục và Đào tạo biên soạn bộ sách giáo khoa thống nhất dùng toàn quốc từ năm học 2026-2027 và phát miễn phí vào năm 2030.
Dự thảo cũng đề xuất ưu tiên đầu tư hạ tầng số, nền tảng học số và cơ sở dữ liệu quốc gia về giáo dục; hình thành trung tâm đổi mới sáng tạo, quỹ khởi nghiệp, thương mại hóa kết quả nghiên cứu. Nhà nước miễn thuế thu nhập cá nhân 12 tháng đầu và giảm 50% trong 24 tháng tiếp theo cho chuyên gia, nhà khoa học nước ngoài đến làm việc tại các cơ sở giáo dục đại học; đồng thời triển khai chương trình học bổng trọng điểm quốc gia cho nghiên cứu sinh tiến sĩ gắn với nhiệm vụ khoa học và công nghệ ưu tiên.
Chính phủ dự kiến trình Quốc hội dự thảo Nghị quyết này ngày 11/11 và thảo luận tại hội trường vào ngày 20/11 - Ngày Nhà giáo Việt Nam.
Sơn Hà"
https://vnexpress.net/nhan-tai-stem-han-quoc-do-ra-nuoc-ngoai-4959711.html,Nhân tài STEM Hàn Quốc đổ ra nước ngoài,"Hàng chục nghìn thạc sĩ, tiến sĩ STEM ở Hàn Quốc rời đất nước mỗi năm, nguyên nhân chính là do lương thấp, trung bình chỉ 40.000 USD hàng năm, trong khi tại Mỹ gần gấp ba.","Dù Hàn Quốc là quốc gia có đầu tư Nghiên cứu và Phát triển (R&D) đứng thứ hai toàn cầu, dòng chảy chất xám được cho là đang tiếp diễn và có dấu hiệu tăng tốc.
Báo cáo ""Các yếu tố quyết định dòng chảy nhân lực STEM ra nước ngoài"" của Ngân hàng nhà nước Hàn Quốc (BOK) ngày 3/11 cho thấy khoảng 10.000 người có bằng thạc sĩ và tiến sĩ STEM (Khoa học, Công nghệ, Kỹ thuật, Toán học) rời nước này mỗi năm. Riêng tại Mỹ, số lượng người Hàn có bằng tiến sĩ STEM đã tăng gấp đôi trong giai đoạn 2010-2021, từ 9.000 lên 18.000.
Dòng chảy nhân tài ra nước ngoài tập trung vào các lĩnh vực công nghệ sinh học và công nghệ thông tin và truyền thông. Trong đó, nhân lực nghiên cứu từ những ngôi trường danh tiếng như Đại học Quốc gia Seoul, KAIST, POSTECH, Đại học Yonsei và Đại học Hàn Quốc... chiếm gần một nửa.
Ngoài ra, khảo sát của BOK trên gần 3.000 chuyên gia STEM đang làm việc trong nước cho thấy gần 43% cân nhắc ra nước ngoài trong ba năm tới. Tỷ lệ này tăng vọt, lên đến gần 70% ở nhóm tuổi 20-30.
Lý do hàng đầu là do chênh lệch thu nhập, chiếm tới 67% số người được khảo sát. Mức lương trung bình hàng năm của nhân sự STEM Hàn Quốc ở nước ngoài khoảng 114.000 USD, cao hơn gần 2,8 lần so với những người ở lại - chỉ khoảng 58 triệu won, tương đương hơn 40.000 USD.
Ngoài tiền bạc, các yếu tố phi tài chính như môi trường nghiên cứu và mạng lưới (61,1% người được hỏi) cùng cơ hội phát triển sự nghiệp (48,8%) cũng có ảnh hưởng lớn đến quyết định rời đi.
Dù lương cao là động lực chính, song nhiều người cho biết sẽ ít có khả năng chuyển ra nước ngoài nếu an ninh việc làm được cải thiện. Tại nhiều công ty, họ là những người đầu tiên phải đối mặt với việc cắt giảm nhân sự trong thời kỳ suy thoái kinh tế.
Hệ quả là, học sinh giỏi đang có xu hướng tránh xa các ngành khoa học để chọn vào trường Y. Trong khi đến năm 2027, Hàn Quốc dự kiến sẽ thiếu hơn 60.000 lao động trong các lĩnh vực công nghệ mới như AI và công nghệ nano.
BOK nhấn mạnh giữ chân nhân tài STEM đã trở thành vấn đề sống còn đối với khả năng cạnh tranh quốc gia.
Choi Jun, Quản lý nhóm Phân tích kinh tế vĩ mô thuộc BOK, nhấn mạnh: ""Chuyển đổi hệ thống đãi ngộ là hướng đi cần theo đuổi lâu dài, không chỉ cho lĩnh vực STEM mà còn để tăng cường năng lực cạnh tranh trong thu hút nhân tài cho toàn bộ nền kinh tế.""
BOK cũng đề xuất loại bỏ cách trả lương dựa trên thâm niên và thay bằng cơ chế khen thưởng linh hoạt, dựa trên hiệu suất để thu hẹp khoảng cách lương với quốc tế. Đồng thời, cơ quan này kiến nghị ưu đãi thuế thu nhập cho nhóm chủ chốt; có lộ trình nghề nghiệp và môi trường giúp các nhà nghiên cứu trẻ theo đuổi sự nghiệp lâu dài, mở rộng hệ sinh thái đổi mới thông qua thành lập nền tảng startup công nghệ và mở cửa các công nghệ chiến lược.
""Tạo ra một môi trường để nhân tài có thể ở lại, nghiên cứu và phát triển không còn là việc tùy chọn, mà là điều thiết yếu cho tương lai đất nước"", BOK kết luận.
Khánh Linh(TheoThe Korea Times, Korea Joongang Daily, Business Korea)"
https://vnexpress.net/nam-sinh-bach-khoa-ha-noi-gay-sot-voi-pho-anh-hai-la-ai-4960428.html,Nam sinh Bách khoa gây sốt với game 'Phở anh Hai',"Tác giả ""Phở anh Hai"" hầu như không chơi game, song mày mò lập trình trò chơi từ lớp 10 bằng laptop cũ, đã làm không dưới 200 dự án nhưng phần lớn thất bại.","Trở về nhà sau buổi học ngày 5/11, Tùng(đã đổi tên), sinh viên K66 trường Công nghệ thông tin và Truyền thông, Đại học Bách khoa Hà Nội, vào kiểm tra lượt tải game ""Phở anh Hai"" trên nền tảngitch.io. Đến 15h hôm nay, có 650.000 lượt tải, nhiều gấp 65 lần tổng số lượt tải của 5 game Tùng đã công khai trên nền tảng này trước đó.
""Phở anh Hai"" (Brother Hai's Pho Restaurant) được Tùng lên ý tưởng và thực hiện từ giữa tháng 9, ra mắt hôm 23/10. Trong game, người chơi vào vai anh Hai, chủ một quán phở tại địa chỉ hư cấu là số 10 Đan Phượng, Hà Nội.
Ban đầu, game chỉ như một trò chơi bán phở, nơi người chơi phải nấu và phục vụ phở cho các vị khách, đồng thời trông nom chú chó của mình để tránh bị bắt trộm. Tuy nhiên, càng chơi game, những bí mật về ngôi làng nơi đặt quán phở dần được hé lộ, đầy bất ngờ.
Điểm thú vị của game là những chi tiết mang nét đặc trưng của văn hóa Việt Nam, như cách bài trí quán với những bộ bàn ghế nhựa, gạch hoa lát nền, quạt cây, tranh, khẩu hiệu dán tường; những câu thoại gần gũi, được cộng đồng mạng thích thú.
Không chỉ ở Việt Nam, một số game thủ nước ngoài cũng chơi ""Phở anh Hai"", ghi lại các đoạn video mô tả và chia sẻ lên các nền tảng mạng xã hội, khiến trò chơi này nhanh chóng lan truyền.
""Em bất ngờ khi Phở anh Hai được đón nhận nhiều như vậy"", Tùng nói. ""Em sợ nổi tiếng sẽ kèm theo áp lực gây ảnh hưởng đến tâm lý nên muốn ẩn danh. Em đang còn đi học. Song, em rất vui khi sản phẩm được nhiều người biết đến"".
Tùng kể bản thân không chơi game mà chỉ xem rồi yêu thích, tự mày mò học lập trình game từ năm lớp 10, khi còn là học sinh trường THPT chuyên Đại học Sư phạm Hà Nội. Chỉ bằng chiếc laptop cũ với cấu hình yếu, Tùng tự lên diễn đàn để học hỏi, xem các video hướng dẫn trực tuyến.
Đến nay, nam sinh đã thực hiện không dưới 200 game ở đủ thể loại như hành động, nhập vai, giải đố.
Với Tùng, việc làm game hoàn toàn xuất phát từ sở thích và em vui mỗi khi tự hoàn thành một dự án, có thêm nhiều kinh nghiệm. Khi thực hiện Phở anh Hai, Tùng cũng vẫn tâm niệm như vậy.
Ý tưởng ban đầu của Tùng là phát triển một game có văn hóa thuần Việt, gần gũi với mọi người. Tùng chọn cốt truyện gắn với phở - món ăn nổi tiếng của Việt Nam. Bối cảnh ở Đan Phượng, quê hương của mình.
Nhân vật chú chó tên Cậu Vàng lấy cảm hứng từ tác phẩmLão Hạccủa nhà văn Nam Cao. Nhân vật anh Hai được Tùng gây dựng sau khi xem những phim hành động nhưJohn WickhayPhi vụ thế kỷ, rồi kết hợp với các tình tiết ở phim hình sự của Việt Nam để hình thành nên cốt truyện.
Về tên gọi, ban đầu Tùng chỉ nghĩ đặt tên tạm thời. Nhưng sau đó, em giữ lại vì thấy giản dị, đúng chất Việt Nam.
""Mới đầu chơi game, nhiều người sẽ nghĩ đây chỉ là game bán phở bình thường. Nhưng càng chơi sâu, người chơi sẽ bị cuốn theo cốt truyện"", Tùng nói. ""Em nghĩ đó là thành công của game này"".
Không chỉ với ""Phở anh Hai"" mà ở mọi game, Tùng gặp khó khăn nhất ở phần ý tưởng để đưa ra cốt truyện. Với Tùng, đó là phần tốn nhiều thời gian nhất vì nhiều khi không nghĩ ra được điều gì mới mẻ.
Một khó khăn khác Tùng gặp phải là chỉ sử dụng được phần mềm sáng tạo game nhất định do cấu hình không đủ mạnh. Chiếc laptop Tùng dùng để làm game Phở anh Hai gắn bó với em từ năm 2021, khi bắt đầu vào đại học.
Với game này, Tùng còn gặp vấn đề về đóng gói. Nền tảng mà Tùng tải game lên chỉ cho phép tải tệp dưới một GB, trong khi game nặng tới 1,6 GB.
""Lúc đó mình rất hoảng loạn"", Tùng kể. Sau đó, Tùng tìm được một số mẹo để nén tệp tin mà vẫn giữ nguyên nội dung.
Hiện, những thủ thuật này gây ra lỗi cho một số ít người chơi nên mọi người đề nghị Tùng đưa game lên nền tảng khác. Dù vậy, nam sinh chưa có ý định này bởi nền tảng khác yêu cầu trả phí khoảng 100 USD cho mỗi trò chơi, quá trình xét duyệt khá lâu. Nam sinh đang tập trung tìm cách khắc phục các lỗi do nén tệp.
Sau khi Phở anh Hai nổi tiếng, Tùng nhận được một số lời mời hợp tác phát triển game này. Nam sinh cũng nhận được nhiều email khen ngợi, động viên.
""Có người chia sẻ họ nghĩ làm game phức tạp, cần có đội ngũ làm cùng và đẩy mạnh truyền thông. Nhưng sau Phở anh Hai, họ được truyền cảm hứng để bắt đầu một mình giống em"", Tùng kể. ""Tất cả khiến em thấy vui và có thêm nhiều động lực để theo đuổi hướng làm về game sau này"".
Nhiều người còn gợi ý Tùng làm thêm các phần khác của game Phở anh Hai nhưng Tùng cho hay chưa dám nói trước, đặc biệt khi đang hoàn thành nốt một số môn để tốt nghiệp Đại học Bách khoa Hà Nội. Nam sinh đã học chậm một kỳ. Thời gian làm game này, Tùng có nhiều thời gian rảnh, sau khi rải CV xin thực tập ở các doanh nghiệp nhưng không được nhận.
""Dù vậy, em sẽ suy nghĩ nghiêm túc về kế hoạch nâng cấp game trong thời gian tới"", Tùng nói.
Dương Tâm"
https://vnexpress.net/nu-sinh-bi-ban-giam-dap-trong-nha-ve-sinh-4960075.html,Nữ sinh bị bạn giẫm đạp trong nhà vệ sinh,"TP HCMNữ sinh lớp 8 THCS An Điền bị một nhóm bạn kéo vào nhà vệ sinh rồi đánh, dẫm đạp liên tục lên người.","Video lan truyền trên mạng xã hội hôm nay cho thấy khoảng 3-4 nữ sinh đẩy nạn nhân xuống sàn, lao vào giật tóc, tát, đánh, đấm liên tục. Có em giơ cao chân rồi phi đến đá vào đầu, nhảy đè lên người bạn... Xung quanh, hàng chục học sinh đứng xem, một số can ngăn yếu ớt. Tất cả chỉ giải tán khi bị một thầy giáo phát hiện.
UBND phường Long Nguyên ngày 4/11 yêu cầu trường THCS An Điền báo cáo thông tin. Nhà chức trách chưa cho biết nguyên nhân sự việc.
Theo gia đình nạn nhân, em học lớp 8 ở trường. Vụ việc xảy ra vào ngày 31/10, nhóm bạn đánh hội đồng nữ sinh học ở nhiều lớp khác nhau. Gia đình đã đưa con đến bệnh viện kiểm tra và được chẩn đoán đa chấn thương, rạn nứt ba xương sườn, tâm lý hoảng sợ.
Sự việc đang được cơ quan chức năng xác minh, xử lý.
Theo quy định, học sinh không được xúc phạm danh dự, nhân phẩm, thân thể bạn bè. Trước đây, nếu vi phạm, tùy mức độ, các em bị nhắc nhở, phê bình, viết bản tự kiểm điểm hoặc bị dừng học có thời hạn, thường khoảng 1-4 tuần.
Song, hiện hình thức kỷ luật cao nhất với nhóm này là viết bản tự kiểm điểm có xác nhận và cam kết của gia đình, theo Thông tư 19 có hiệu lực từ 31/10 của Bộ Giáo dục và Đào tạo.
Phước Tuấn"
https://vnexpress.net/ly-do-cap-dat-tra-luong-gap-doi-van-khong-giu-chan-duoc-nhan-tai-4959888.html,"Lý do cấp đất, trả lương gấp đôi vẫn không giữ chân được nhân tài","Có tỉnh mời giáo sư về, chi lương gấp đôi, cho cả đất xây nhà nhưng cả năm không giao việc nên không thể giữ chân họ, theo TS Nguyễn Quân - nguyên Bộ trưởng Khoa học và Công nghệ.","TS Nguyễn Quân chỉ ra thực trạng trên tại tọa đàm ""Chính sách đột phá thu hút nhân tài trong giáo dục đại học, khoa học - công nghệ và đổi mới sáng tạo"" do Đại học Bách khoa Hà Nội tổ chức, ngày 4/11.
Theo ông Quân, không phải đến Nghị quyết 71 về đột phá phát triển giáo dục và đào tạo, Việt Nam mới có chính sách thu hút, trọng dụng nhân tài. Từ năm 2012-2013, việc này đã được nhắc đến trong nhiều nghị quyết về khoa học công nghệ, giáo dục và đào tạo.
Theo ông, một số nơi chi trả lương rất cao để thu hút nhân tài nhưng không thành công trong việc thu hút và giữ chân họ. Ông lấy ví dụ liên quan cơ chế, chính sách đặc thù của TP HCM, trong đó có thể trả lương cho lãnh đạo các cơ sở nghiên cứu công lập lên tới 120 triệu đồng một tháng.
Song, khi hỏi một số lãnh đạo thành phố, ông biết chưa ai dám nhận mức lương đó. Lý do là vì lãnh đạo lương 120 triệu nhưng những người xung quanh chỉ nhận mười mấy triệu, không ai dám làm.
Hoặc nhiều tỉnh mời giáo sư, nhà khoa học ở nước ngoài về làm việc với mức đãi ngộ rất tốt nhưng không giao được việc.
""Các nhà khoa học ở nước ngoài rất giỏi. Họ quan tâm đến đất nước nên quay về nhưng cuối cùng không được quan tâm. Việc cho một mức lương cao gấp đôi rồi cho một mảnh đất để xây nhà không quá quan trọng nên họ ra đi"", ông nhìn nhận.
Theo ông Quân, nhóm này cần được giao việc, giao đề tài, dự án, nhóm nghiên cứu mạnh và qua đó sẽ có thu nhập tốt.
Bên lề tọa đàm, PGS Huỳnh Quyết Thắng, Giám đốc Đại học Bách khoa Hà Nội, cũng cho rằng lương bổng không phải là tất cả với nhà khoa học, đặc biệt với những người trẻ.
""Điều quan trọng là môi trường làm việc, sự trọng dụng, tôn trọng quyền được làm việc, cống hiến, sáng tạo"", ông Thắng bày tỏ.
Như tại Bách khoa Hà Nội, ông Thắng cho biết trường chú trọng việc phát triển môi trường làm việc để góp phần thu hút nhân tài. Trường có các phòng thí nghiệm mở, liên kết rộng với các trường top 200 thế giới, đội ngũ cán bộ trình độ cao với gần 900 tiến sĩ, trên 300 giáo sư, phó giáo sư cùng nhiều sinh viên giỏi.
Từ thực tế trên, ông Quân kiến nghị việc đầu tiên cần làm để thu hút nhân tài là có chính sách đãi ngộ nhưng phải thực tế, khả thi.
Chuyên gia này cũng nhấn mạnh người đứng đầu có tâm, có tầm, có uy tín và sự quan tâm đến cán bộ, các cơ sở mới giữ được chân người tài.
Bên cạnh đó, mỗi đơn vị, cơ sở giáo dục đại học, viện nghiên cứu cần tạo ra quyền tự chủ cao cho các nhà khoa học. Ví dụ, họ phải được đứng đầu nhóm nghiên cứu, được giao một khoản ngân sách nhất định, được tự chủ mời đồng nghiệp ở nơi khác về làm việc cùng.
""Họ cũng cần được giao nhiệm vụ theo hình thức đặt hàng và phải là người đứng đầu các bộ, tỉnh, trường đại học, viện nghiên cứu đặt hàng. Bởi chỉ những người đó mới có trách nhiệm theo dõi, đôn đốc, đầu tư tiếp tục, thương mại hóa vào cuộc sống"", ông nói.
Cũng như ông Thắng, ông Quân nhấn mạnh làm sao để nhà khoa học cảm thấy được tôn trọng, được làm chủ thay vì chỉ quan tâm đến việc đưa ra một mức lương cao.
""Nếu chính sách không đồng bộ, không có người đứng đầu thực sự quan tâm và không có một hệ sinh thái để làm việc thật tốt, chúng ta không thể thu hút và giữ chân những người giỏi để làm việc cho các đơn vị công lập được"", ông Quân nhìn nhận.
Hiện, một số đại học có chính sách thu hút nhân tài về giảng dạy, nghiên cứu khoa học theo hướng này, như Đại học Bách khoa Hà Nội, Đại học Quốc gia Hà Nội và TP HCM. Ngoài chính sách về tiền lương, các trường đều đưa ra các chính sách liên quan đến vị trí việc làm, hỗ trợ đề tài nghiên cứu khoa học, bảo hiểm, visa, nhà ở...
Dương Tâm"
https://vnexpress.net/do-toi-oan-cho-sinh-vien-vi-ai-4959436.html,Đổ tội oan cho sinh viên vì AI,"Hàng nghìn sinh viên Australia bị cáo buộc gian lận khi làm bài tập, song thực tế là do phần mềm AI của các đại học có vấn đề.","Madeleine, sinh viên năm cuối ngành điều dưỡng tại Đại học Công giáo Australia (ACU), đang đi thực tập và nộp hồ sơ xin việc khắp nơi thì nhận email do trường gửi, với tiêu đề ""Quan ngại về liêm chính học thuật"". Trong đó, trường cáo buộc cô dùng trí tuệ nhân tạo (AI) để gian lận trong bài tập.
""Tôi còn nhận được email từ hội đồng sai phạm học thuật, yêu cầu giải thích tại sao chuyện này lại xảy ra"", Madeleine kể.
Beth, sinh viên ngành Khảo cổ học ở Đại học Melbourne (UoM), cũng bị trường cáo buộc dùng AI gian lận hai lần.
Lần đầu, Beth bị trừ điểm, không chỉ vì lỗi sử dụng AI mà còn vì ""làm mất thời gian"" của hội đồng trường khi cô khiếu nại. Hai năm sau, khi đang học sau đại học, Beth tiếp tục gặp oan ức vì sử dụng một loạt dấu gạch ngang dài - thường được cho là đặc trưng của các công cụ AI như ChatGPT. Cô bị yêu cầu viết lại toàn bộ bài luận.
Ít nhất hàng chục đại học tại Australia dùng phần mềm AI để phát hiện dấu hiệu sử dụng AI trong bài tập của sinh viên. Tuy nhiên, cách làm này liên tục gặp vấn đề.
Nhiều sinh viên đại học và TAFE (trường nghề) tại Australia cho biết các trường đã kết tội nhầm nhiều người, thậm chí với sinh viên cả một khóa học. Riêng trong năm ngoái, ACU ghi nhận hơn 5.000 vụ nghi ngờ vi phạm học thuật liên quan đến sử dụng AI. Tuy nhiên, khoảng một phần tư số này sau đó được minh oan vì Turnitin, phần mềm kiểm tra đạo văn phổ biến, gặp lỗi.
Những sinh viên bị cáo buộc có thể bị đánh trượt môn hoặc nặng hơn là bỏ lỡ cơ hội sau tốt nghiệp. Như Madeleine phải mất 6 tháng mới được trường minh oan. Nhưng trong thời gian đó, hồ sơ học cao học ngành điều dưỡng của cô đã bị đánh trượt vì bảng điểm bị ghi rằng ""kết quả đang bị giữ lại"".
""Vào ngành này thực sự rất khó vì hầu hết các nơi đều yêu cầu ứng viên phải có một năm học sau đại học. Tôi không biết nên quay lại học tiếp hay từ bỏ"", cô nói.
""Tôi mất hàng nghìn USD để đi học, nhưng công cụ này làm ảnh hưởng đến điểm số của tôi. Nếu tôi học Luật ở Australia, bị kết tội sai phạm học thuật, liệu Hiệp hội Luật sư có cấp phép cho tôi hành nghề không?"", một sinh viên Luật khác bất bình.
Còn với Beth, vì quá mệt mỏi và thất vọng, cô quyết định rút khỏi chương trình học và hoài nghi về bản thân suốt thời gian dài sau đó.
Hiện, Cơ quan Chất lượng và Tiêu chuẩn giáo dục đại học Australia cho phép các trường dùng công cụ phát hiện AI, nhưng khuyến nghị không nên chỉ dựa vào chúng để đưa ra các kết luận. Tuy nhiên, nhiều chuyên gia ước tính có đến 30 trường vẫn đang dựa dẫm vào phần mềm này.
Có trường còn không kiểm tra lại kết quả mà gửi email ngay lập tức cho sinh viên, như ACU. Leah Kaufmann, Phó Chủ tịch Công đoàn giáo dục đại học quốc gia, cho biết trình độ hiểu biết về AI của các giảng viên còn thấp, trong khi chính sách của trường về AI thì không tồn tại hoặc thay đổi liên tục.
Phó Giáo sư Mark Bassett từ Đại học Charles Sturt, phụ trách vấn đề liêm chính học thuật và AI, cho rằng các trường đã dùng một giải pháp ""lười biếng"" thay vì thiết kế lại chương trình giảng dạy và đánh giá.
Theo Tổng giám đốc điều hành của Hiệp hội Đại học Australia, Luke Sheehy, các đại học đang cập nhật chính sách và quy trình của mình.
Danny Liu, Giáo sư công nghệ giáo dục tại Đại học Sydney, thì cho rằng không nên cấm AI trong lớp học. ""Thay vì trừng phạt, chúng tôi muốn dạy sinh viên cách sử dụng AI đúng đắn. Chúng tôi muốn xác minh liệu sinh viên có đang học hay không, chứ không phải liệu họ có gian lận hay không"", Liu nói.
Khánh Linh(TheoABC, University World News, Futurism)"
https://vnexpress.net/lo-kho-tuyen-giao-vien-khi-tieng-anh-thanh-mon-bat-buoc-tu-lop-1-4959415.html,Lo khó tuyển giáo viên khi Tiếng Anh thành môn bắt buộc từ lớp 1,"Lương tháng của giáo viên trẻ chừng 6 triệu đồng, trong khi đi dạy IELTS có thể nhận hơn nhiều, cô Minh băn khoăn làm sao tuyển thêm người khi Tiếng Anh là môn bắt buộc từ lớp 1.","Nghe tin Tiếng Anh sẽ trở thành môn học bắt buộc từ lớp 1, cô Nguyễn Thị Bình Minh, Hiệu trưởng trường Tiểu học Thăng Long, Hà Nội, hồ hởi cho rằng đây là cơ hội để nâng cao nền tảng ngoại ngữ cho học sinh.
""Các con đang như tờ giấy trắng nên tiếp thu sẽ rất nhanh"", cô nói.
Nhưng cô Minh cũng lo lắng làm sao tuyển đủ giáo viên để thực hiện việc này. Theo cô, muốn học sinh phát âm chuẩn, nói đúng ngữ điệu, thì người thầy phải có chuyên môn, được đào tạo bài bản. Trong khi đó, thu nhập nghề giáo hiện nay không hấp dẫn với các bạn trẻ giỏi Tiếng Anh.
Trường Tiểu học Bình Minh từng có những giáo viên lương 5 triệu đồng một tháng trong giai đoạn hợp đồng. Sau khoảng hai năm, hầu hết xin thôi việc, kể cả đã vào biên chế.
""Các bạn nói lương không đáp ứng được cuộc sống. Giáo viên Tiếng Anh có nhiều lựa chọn công việc, như dạy IELTS cũng có thể kiếm 2 triệu đồng một buổi rồi"", cô Minh chia sẻ.
Cô Hà, hiệu trưởng một tiểu học ở Hà Nội, đồng tình. Cô cho hay hiện trường có 2 giáo viên Tiếng Anh phụ trách 40 lớp khối 3, 4, 5. Tuần nào, hai cô cũng ""chạy hết công suất"", dạy vượt định mức 23 tiết. Khi bắt buộc dạy Tiếng Anh cho cả lớp 1 và 2 (tổng 16 lớp), giả sử thời lượng 2 tiết mỗi tuần, trường cần thêm 5-6 giáo viên.
""Học sinh được học Tiếng Anh từ lớp 1 thì quá tốt, nhưng với nhân lực hiện tại, điều này là quá khó với chúng tôi"", cô Hà nói.
PGS.TS Bùi Mạnh Hùng, Điều phối viên chính, ban Phát triển chương trình giáo dục phổ thông năm 2018, nhìn nhậnđội ngũ giáo viên là ""bài toán"" khó khi Tiếng Anh trở thành môn bắt buộc từ lớp 1.
Để Tiếng Anh được dùng rộng rãi ở tất cả 50.000 trường học với khoảng 30 triệu học sinh, sinh viên, Bộ Giáo dục và Đào tạo ước tính còn thiếu 12.000 giáo viên tiếng Anh ở cấp mầm non, 10.000 giáo viên tiểu học, đồng thời cần bồi dưỡng ít nhất 200.000 thầy cô có khả năng dạy bằng tiếng Anh vào năm 2030.
Trong khi, đây là một trong những môn khó tuyển người dạy nhất. Như ở TP HCM trước sáp nhập, có thời điểm thiếu đến 1.129 thầy cô dạy tiếng Anh ở tiểu học, nhưng chỉ tuyển được 75% nhu cầu.
Vì sao TP HCM ế vị trí giáo viên tiếng Anh
Theo ông Hùng, các trường sư phạm cần gấp rút đào tạo, tăng số lượng tuyển sinh viên sư phạm Tiếng Anh. Còn thầy Huy, hiệu trưởng một trường tiểu học ở TP HCM, đề xuất chọn sinh viên tốt nghiệp chuyên ngành tiếng Anh rồi đào tạo nghiệp vụ sư phạm để đảm bảo số lượng giáo viên đứng lớp trong thời gian đầu.
PGS.TS Trần Thành Nam, Phó hiệu trưởng trường Đại học Giáo dục, Đại học Quốc gia Hà Nội, gợi ý ngành giáo dục thuê người bản xứ để dạy Tiếng Anh cho học sinh lớp 1, 2.
Những ""giáo viên"" này sẽ được tập huấn về văn hóa Việt Nam, kỹ năng sư phạm cần thiết. Nếu không đủ giáo viên, ông Nam gợi ý có thể tổ chức lớp học trực tuyến, tức một thầy dạy từ xa cho nhiều trường. Mỗi lớp vẫn cần một người điều phối để tăng tương tác với học trò, bởi trẻ 5-7 tuổi cần có giáo viên trực tiếp giảng dạy. Ngoài ra, giáo viên có thể tận dụng trí tuệ nhân tạo để hỗ trợ soạn bài, hướng dẫn trẻ phát âm chuẩn những từ khó.
Ở góc độ chính sách, Bộ Giáo dục và Đào tạo dự kiến giáo viên sẽ có thêm hệ số lương đặc thù, ở cấp tiểu học là 1,15, giúp lương hàng tháng tăng khoảng 1-2 triệu đồng so với hiện nay. Ngoài ra, Nghị quyết 71 của Bộ Chính trị yêu cầu nâng phụ cấp ưu đãi nghề đối với giáo viên tiểu học lên 70% - 100%, gấp 2-3 lần mức hưởng hiện tại.
Theo các nhà giáo, chính sách mới về lương, phụ cấp được kỳ vọng sẽ giúp ngành giáo dục giữ chân đội ngũ, thu hút tuyển dụng để nâng cao chất lượng dạy và học.
Về nội dung, thời lượng dạy Tiếng Anh lớp 1, 2, PGS.TS Hùng gợi ý dùng chương trình Tiếng Anh tự chọn ở lớp 1, 2 đã được triển khai ở các đô thị lớn trong thời gian qua. Trong hai năm đầu, học sinh chủ yếu làm quen, thực hành giao tiếp tiếng Anh qua các hoạt động học tập do giáo viên tổ chức với sự hỗ trợ của công nghệ. Thời lượng nên giới hạn 2 tiết mỗi tuần.
Thầy Huy đồng tình. Theo thầy, thiết kế chương trình dạy tiếng Anh cho trẻ lớp 1, 2 rất khó. Ở giai đoạn này, nếu dạy nhận biết mặt chữ thì có khả năng gây ""nhiễu"" ngôn ngữ, khi mà tiếng mẹ đẻ của các con chưa vững. Thực tế triển khai ở TP HCM thời gian qua, học sinh hai khối lớp này chỉ học tiếng Anh qua vận động, vui chơi, hát múa, kể chuyện.
""Chương trình dạy những gì, phương pháp ra sao cần chuẩn hóa. Thời lượng giảng dạy cũng cần thống nhất, quá ít thì như cưỡi ngựa xem hoa, quá nhiều thì không ổn"", thầy Huy nêu.
Lệ Nguyễn-Thanh Hằng"
https://vnexpress.net/so-luong-thi-sinh-tieng-noi-xanh-tang-gan-gap-doi-4960421.html,Số lượng thí sinh 'Tiếng nói Xanh' tăng gần gấp đôi,"Cuộc thi hùng biện, tranh biện Tiếng nói Xanh mùa 3 thu hút gần 4.000 đơn đăng ký từ các thí sinh và đội thi, tăng gần gấp đôi mùa trước.","Cuộc thi do Bộ Giáo dục và Đào tạo kết hợp cùng Quỹ Vì tương lai xanh - Tập đoàn Vingroup tổ chức. Theo ghi nhận từ ban tổ chức, đến hết ngày 31/10, Tiếng nói Xanh nhận được 3.814 bài dự thi theo hình thức cá nhân và đội hai người của thí sinh từ 34 tỉnh, thành trên cả nước.
Trong đó, số lượng thí sinh Đà Nẵng chiếm tỷ lệ cao nhất (30,9%), tiếp theo là Ninh Bình (24,4 %) và Bắc Ninh (17,6%). Với kết quả tăng trưởng hơn 80% so với số lượng đơn đăng ký ở mùa 2, Tiếng nói Xanh mùa 3 thể hiện sức hút ngày càng lớn và tầm ảnh hưởng với học sinh THPT trên phạm vi cả nước.
Tiến sĩ Lê Thái Hà - Giám đốc Điều hành Quỹ Vì tương lai xanh, Tập đoàn Vingroup, đại diện ban tổ chứ chia sẻ, sự bứt phá về số lượng thí sinh năm nay cho thấy sức lan tỏa của tinh thần trong thế hệ trẻ Việt Nam. Các em không chỉ quan tâm đến vấn đề môi trường, mà còn muốn biến sự quan tâm đó thành hành động, bằng tiếng nói, ý tưởng và cam kết.
""Với Quỹ Vì tương lai xanh, đây chính là mục tiêu lớn nhất của Tiếng nói Xanh: khơi dậy tư duy phản biện, năng lực hùng biện và hành động tích cực của học sinh trên hành trình xây dựng tương lai bền vững cho đất nước"", bà nói thêm.
Cuộc thi năm nay gồm 10 chủ đề dự thi tương ứng với 10 chương trình hành động trọng điểm của Quỹ Vì tương lai xanh, gắn liền với đời sống thường nhật, phản ánh sự quan tâm của giới trẻ đối với những thay đổi trong môi trường sống và xu hướng phát triển bền vững của xã hội hiện nay. Phần lớn thí sinh lựa chọn ""Lối sống xanh"" (27%), ""Năng lượng xanh"" (13,2%) và ""Tiêu dùng xanh"" (11,4%).
Trước đó, sau khi phát động cuộc thi vào giữa tháng 9, ban tổ chức đã triển khai chuỗi hoạt động quảng bá để lan tỏa thông tin đến hàng chục nghìn học sinh của 22 điểm trường THPT tại 10 tỉnh, thành ở cả ba miền, gồm: Lào Cai, Bắc Giang, Hà Nội, Hưng Yên, Ninh Bình, Huế, Đà Nẵng, Đồng Nai, TP HCM, Cần Thơ. Phần lớn giáo viên và học sinh ấn tượng với quy mô toàn quốc và chủ đề quan trọng, thiết thực của Tiếng nói Xanh.
Sau vòng Đăng ký, các đội thi được lựa chọn sẽ tiếp tục bước vào vòng Sơ khảo với hình thức dự thi trực tuyến trên nền tảng Gen Green trong thời gian từ ngày 15 đến 30/11. Ở vòng này, thí sinh sẽ thực hiện một video hùng biện về ý tưởng đã nộp cho ban tổ chức.
Từ các bài thi video, dự kiến 120 đội thi trên cả nước sẽ bước tiếp vào vòng Đối đầu, lần lượt diễn ra tại Hà Nội và TP HCM. Đây là cơ hội để các em thi đấu đối kháng trực tiếp với những đối thủ đến từ ba miền. Tiếng nói Xanh sẽ chọn ra top 16 đội thi, cá nhân xuất sắc bước vào vòng thi cuối cùng - Tranh hạng, dự kiến diễn ra tại trường Đại học VinUni vào ngày 30-31/1/2026.
Cuộc thi hùng biện - tranh biện Tiếng nói Xanh là một trong những hoạt động trọng điểm thuộc chương trình Giáo dục Xanh, nằm trong Thỏa thuận hợp tác giữa Bộ Giáo dục và Đào tạo và Quỹ Vì tương lai xanh - Tập đoàn Vingroup giai đoạn 2023-2028. Tổng giá trị giải thưởng của cuộc thi lên đến 18 tỷ đồng, với nhiều phần thưởng giá trị. Đội quán quân ở cả hai bảng có cơ hội giành suất học bổng 100% cho bậc cử nhân trong thời gian bốn năm tại trường Đại học VinUni.
Nhật Lệ"
https://vnexpress.net/hoc-sinh-dak-lak-nghi-hoc-tranh-bao-kalmaegi-4959984.html,"Hơn 600.000 học sinh Khánh Hòa, Đăk Lăk nghỉ học tránh bão Kalmaegi",Hơn 600.000 học sinh ở Khánh Hòa và các xã ven biển Đăk Lăk được cho nghỉ học hai ngày để tránh bão Kalmaegi.,"UBND tỉnhKhánh Hòasáng 5/11 ra công điện khẩn về việc cho học sinh toàn tỉnh nghỉ học hai ngày tới.
Sở Giáo dục và Đào tạo tỉnh đề nghị trường học theo dõi chặt chẽ diễn biến của bão Kalmaegi và mưa lũ, thường xuyên giữ liên hệ với cơ quan chức năng, lực lượng cứu hộ để kịp thời ứng phó khi có sự cố; tuyệt đối không tổ chức dạy học, các hoạt động giáo dục khi không đảm bảo an toàn. Ngoài ra, các trường rà soát, kiểm tra, củng cố cơ sở vật chất, đặc biệt là tại các điểm trường lẻ ở vùng sâu, vùng xa, nơi có nguy cơ sạt lở đất hoặc ngập úng cao...
Hiện nay, toàn tỉnh Khánh Hòa có 786 trường từ mầm non đến THPT, cùng 9 trung tâm giáo dục với gần 450.000 học sinh.
Tối qua, Sở Giáo dục và Đào tạoĐăk Lăkcũng đề nghị xã, phường ven biển và khu vực lân cận cho trẻ mầm non, học sinh nghỉ học từ chiều 5/11 đến hết ngày 7/11. Các địa phương này đều thuộc tỉnh Phú Yên cũ, như Sông Cầu, Xuân Đài, Bình Kiến, Tuy Hòa, Phú Yên, Hòa Hiệp, Xuân Lộc, Xuân Cảnh, Tuy An Bắc, Tuy An Đông, Ô Loan, Tuy An Nam, Hòa Xuân, Xuân Thọ, Đồng Xuân, Phú Mỡ...
Cả hai địa phương đều yêu cầu các trường xây dựng phương án học bù phù hợp, bảo đảm hoàn thành chương trình năm học.
Tỉnh Đăk Lăk hiện có gần 1.380 trường học với khoảng 706.500 học sinh, sinh viên. Trong đó, số học sinh từ tỉnh Phú Yên cũ khoảng 190.000 em.
Hôm 1/11, áp thấp nhiệt đới ở phía đông Philippines mạnh lên thành bão, tên quốc tế Kalmaegi. Lúc 16h hôm nay, bão Kalmaegi cách đảo Song Tử Tây khoảng 770 km về phía đông, sức gió mạnh nhất gần tâm bão 149 km/h, cấp 13, giật cấp 16. Dự báo rạng sáng mai bão sẽ vào Biển Đông, đạt cực đại cấp 14 (166 km/h).
Từ chiều tối 6/11, trên đất liền ven biển nam Quảng Trị - Đà Nẵng, phía đông Quảng Ngãi và Đăk Lăk gió mạnh dần từ cấp 6 đến 12, giật cấp 14-15. Phía tây Quảng Ngãi và Gia Lai gió cấp 8, giật cấp 10. Trọng tâm gió rất mạnh là phía đông Quảng Ngãi, Đăk Lăk.
Cơ quan khí tượng nhận định ngày 6-7/11, các tỉnh thành Đà Nẵng - Đăk Lăk mưa 200-400 mm, cục bộ trên 600 mm. Nam Quảng Trị - Huế, Khánh Hòa, Lâm Đồng mưa 150-300 mm, cục bộ trên 450 mm.
Trần Hóa - Bùi Toàn"
https://vnexpress.net/nuoc-nao-co-ga-tau-dien-ngam-sau-nhat-the-gioi-4959845.html,Nước nào có ga tàu điện ngầm sâu nhất thế giới?,"Nhà ga này sâu 116 m dưới lòng đất, tương đương một tòa nhà 39-40 tầng, người dùng phải mất 10 phút nếu đi bằng thang cuốn và 38 phút với cầu thang bộ.",Thanh Hằng(Tổng hợp)
https://vnexpress.net/25-dai-hoc-viet-nam-vao-bang-xep-hang-chau-a-4959957.html,25 đại học Việt Nam vào bảng xếp hạng châu Á,"25 trường của Việt Nam vào bảng xếp hạng châu Á, nhiều nhất từ trước đến nay, dẫn đầu là Đại học Quốc gia Hà Nội - top 158.","Tổ chức QS ngày 4/11 công bố bảng xếp hạng đại học châu Á năm 2026. Việt Nam có 25 trường, tăng 8 so với lần xếp hạng trước. Các gương mặt mới là trường Đại học Công nghệ TP HCM (Hutech), Ngoại thương (cơ sở Hà Nội), Nông Lâm TP HCM, Phenikaa, Thủy lợi, Thương mại, Học viện Nông nghiệp Việt Nam và Học viện Ngân hàng.
Đại học Quốc gia Hà Nội dẫn đầu, tăng ba hạng so với năm trước. Đại học Duy Tân xếp vị trí thứ hai với hạng 165, tụt 38 bậc. Theo sau là Đại học Quốc gia TP HCM và trường Tôn Đức Thắng, lần lượt ở vị trí 175 và 231.
Đại học Văn Lang có bước tiến mạnh nhất khi tăng 240 hạng, từ nhóm 491-500 lên vị trí 251, top 5 ở Việt Nam. Đại học Công nghệ TP HCM dù mới tham gia cũng đứng hạng 287, cao nhất trong các gương mặt mới.
Trong nhóm 300-400 có Đại học Bách khoa Hà Nội, Kinh tế TP HCM và Công nghiệp TP HCM. Nhóm 400-500 gồm trường Đại học Nguyễn Tất Thành, Đại học Đà Nẵng, Huế và Cần Thơ.
Ở nhóm 500-700 có trường Đại học Ngoại thương (cơ sở Hà Nội) và Giao thông vận tải. Nhóm 700-900 có trường Đại học Mở TP HCM, Học viện Nông nghiệp Việt Nam và Sư phạm Hà Nội. Đại học Sư phạm Kỹ thuật TP HCM tụt 471 hạng so với lần xếp hạng trước, ở nhóm 901-950.
Sáu trường còn lại trong nhóm 951-1300 gồm Đại học Nông Lâm TP HCM, Phenikaa, Thủy lợi, Thương mại, Học viện Ngân hàng và Đại học Vinh.
Bảng xếp hạng châu Á của QS lần này có hơn 1.500 đại học từ 29 quốc gia và vùng lãnh thổ. Trong 9 tiêu chí, danh tiếng học thuật chiếm trọng số lớn nhất - 30%, sau đó là số trích dẫn (20%). Các tiêu chí còn lại là uy tín của trường, tỷ lệ giảng viên/sinh viên, tính quốc tế, mạng lưới nghiên cứu quốc tế, kết quả việc làm và tính bền vững, chiếm khoảng 5-15%.
Top 10 châu Á có 8 trường ở Trung Quốc (5 trường Hong Kong, 3 trường đại lục) và hai trường ở Singapore. Cụ thể là: Đại học Hong Kong, Bắc Kinh, Công nghệ Nanyang, Quốc gia Singapore, Đại học Phúc Đán, Khoa học Công nghệ Hong Kong, Đại học thành phố Hong Kong (CityUHK), Trung văn Hong Kong (CUHK), Thanh Hoa và Bách khoa Hong Kong (Hong Kong Polytechnic).
Doãn Hùng"
https://vnexpress.net/dh-bach-khoa-ha-noi-tra-luong-den-150-trieu-dong-cho-tien-si-dai-hoc-top-dau-the-gioi-4959752.html,ĐH Bách khoa Hà Nội trả lương đến 150 triệu đồng cho tiến sĩ đại học top đầu thế giới,"Tiến sĩ trẻ tốt nghiệp từ các đại học hàng đầu thế giới được trả lương tháng 40-150 triệu đồng cùng nhiều đãi ngộ nếu về làm ở Bách khoa Hà Nội, trong chiến lược để trường vào top 150 châu Á.","GS Vũ Văn Yêm, Phó giám đốc Đại học Bách khoa Hà Nội (HUST), cho biết thông tin trên tại tọa đàm ""Chính sách đột phá thu hút nhân tài trong giáo dục đại học, khoa học - công nghệ và đổi mới sáng tạo"", ngày 4/11.
Theo ông Yêm, trường đã ban hành đề án thu hút và tuyển dụng giảng viên trẻ tài năng, chuyên gia, nhà khoa học đầu ngành giai đoạn 2025-2030 (HUST-Talent), theo tinh thần Nghị quyết 71 của Bộ Chính trị về đột phá phát triển giáo dục và đào tạo.
Đề án này nhằm nâng cao chất lượng đào tạo và nghiên cứu khoa học; gia tăng sức hấp dẫn, uy tín, danh tiếng HUST; góp phần đưa trường vào top 150 đại học hàng đầu châu Á vào năm 2030.
Tổng chỉ tiêu tuyển dụng là 300 người, ở ba nhóm.
Nhóm đầu tiên là tiến sĩ tốt nghiệp từ các đại học top đầu thế giới hoặc có thành tích nghiên cứu khoa học xuất sắc về làm giảng viên. Các tiêu chí chi tiết chưa được công bố. Số lượng cần tuyển tối đa là 137, tập trung cho các ngành công nghệ chiến lược như trí tuệ nhân tạo, bán dẫn, công nghệ năng lượng, vật liệu, công nghệ sinh học,...
Nhóm này nhận lương 40-150 triệu đồng một tháng tùy theo năng lực và vị trí. Ngoài ra, họ có thêm thu nhập từ đề tài, dự án và các ưu đãi bằng tiền từ chính sách hỗ trợ của nhà nước.
Ngoài ra, trường hướng đến hai nhóm hóm thứ hai là giáo sư, phó giáo sư, chuyên gia công nghệ từ doanh nghiệp, viện nghiên cứu, start-up cả trong và ngoài nước. Tại Đại học Bách khoa Hà Nội, họ sẽ đảm nhận vị trí trưởng phòng thí nghiệm hoặc trưởng nhóm nghiên cứu. Số lượng cần tuyển là 72 người, mức lương là 60-200 triệu đồng một tháng. Ngoài ra, họ được hỗ trợ xây dựng nhóm nghiên cứu mạnh, phòng thí nghiệm nghiên cứu; chủ trì tham gia các đề tài, dự án quốc tế, chương trình trọng điểm quốc gia.
Nhóm cuối cùng là nhà khoa học, chuyên gia đầu ngành, nhà quản lý uy tín trong nước và quốc tế đến thỉnh giảng, làm việc như chuyên gia, cố vấn cao cấp, tổng 172 người. Đại học Bách khoa Hà Nội trả thù lao theo chính sách ưu đãi từ đề án, trên cơ sở nội dung cộng tác, hợp tác làm việc...
Ngoài ra, cả ba nhóm sẽ được ưu đãi đặc biệt trong ba năm đầu; tài trợ đề tài nghiên cứu; bảo hiểm sức khỏe, hỗ trợ người thân, nhà ở, visa; cam kết lộ trình phát triển sự nghiệp.
""Chúng tôi kỳ vọng đến năm 2030 thu hút và tuyển dụng được ít nhất 300 nhân tài trong và ngoài nước"", ông Yêm nói.
PGS Huỳnh Quyết Thắng, Giám đốc Đại học Bách khoa Hà Nội, cho biết đây là đề án thu hút nhân tài có quy mô lớn nhất của trường từ trước đến nay. Trước đó, trường đã có đề án thử nghiệm, thu hút được 14 người từ năm 2023 đến nay.
""Chúng tôi cho rằng đột phá đầu tiên phải là về con người. Có con người xuất sắc thì sẽ có nhiều thứ kéo theo"", ông Thắng nói. ""Cùng với khát vọng và tinh thần của Nghị quyết 57 và 71, chúng tôi đã hiệu chỉnh, đưa ra những con số, chiến lược phát triển mạnh mẽ hơn rất nhiều so với giai đoạn trước đây"".
Nói về đãi ngộ, ông Thắng cho biết thu nhập của giảng viên Đại học Bách khoa Hà Nội đã cải tiến trong 5 năm qua. Tuy nhiên, trường là cơ sở giáo dục đại học công lập, chính sách tiền lương vẫn phải tuân thủ theo quy định của nhà nước. Vì vậy, lương không thể so sánh với một số trường khác ở khối tư thục.
Tuy nhiên, ông nhìn nhận lương bổng không phải là tất cả, đặc biệt với nhà khoa học trẻ.
""Điều quan trọng là môi trường làm việc, sự trọng dụng, tôn trọng quyền được làm việc, cống hiến, sáng tạo"", ông Thắng bày tỏ.
Về môi trường làm việc, Đại học Bách khoa Hà Nội cam kết có môi trường nghiên cứu hiện đại với các phòng thí nghiệm mở, liên kết rộng với các trường top 200 thế giới, đội ngũ cán bộ trình độ cao với gần 900 tiến sĩ, trên 300 giáo sư, phó giáo sư cùng nhiều sinh viên giỏi.
Thành lập năm 1956, Đại học Bách khoa Hà Nội hiện dẫn đầu cả nước về đào tạo lĩnh vực kỹ thuật. Trường có 65 chuyên ngành trình độ đại học, 63 chương trình thạc sĩ, 32 chương trình tiến sĩ.
Theo chủ trương của Ban chỉ đạo trung ương về Phát triển khoa học, công nghệ, đổi mới sáng tạo và chuyển đổi số, HUST là một trong bốn cơ sở, cùng với Đại học Quốc gia Hà Nội, TP HCM và Đại học Đà Nẵng được đầu tư trọng điểm từ nay đến 2030, với mục tiêu vào top 150 đại học hàng đầu châu Á.
Hiện, Đại học Bách khoa Hà Nội ở vị trí 1.201-1.400 thế giới trên bảng xếp hạng đại học của QS và hạng 1.501+ theo Times Higher Education. Tính riêng khu vực châu Á, thứ hạng của trường lần lượt là 388 và nhóm 501-600.
Dương Tâm"
https://vnexpress.net/danh-sach-giao-su-pho-giao-su-dat-chuan-nam-2025-4959140.html,Người trẻ nhất đạt chuẩn giáo sư 39 tuổi,"Trong 900 ứng viên, người trẻ nhất đạt chuẩn giáo sư 39 tuổi, còn phó giáo sư là 33 tuổi.","Hội đồng Giáo sư nhà nước ngày 3/11 cho biết năm nay có 900 ứng viên đủ số phiếu tín nhiệm, kỷ lục kể từ năm 2017 đến nay. Trong đó, 825 người đạt chuẩn giáo sư, phó giáo sư ở 26 ngành, liên ngành. Ứng viên ngành Quân sự và An ninh không được công khai.
Ngành Kinh tế có nhiều ứng viên đạt nhất với 134 người, kế đến là Y học với 114 người. Ngành Văn học ít nhất, chỉ một ứng viên đủ tiêu chuẩn.
Tính riêng số lượng giáo sư, ngành Y học nhiều nhất với 14 người. 9 ngành, liên ngành ""trắng"" giáo sư, gồm: Nông nghiệp - Lâm nghiệp, Khoa học Trái Đất - Mỏ, Luật học, Văn hóa - Nghệ thuật - Thể dục thể thao, Ngôn ngữ học, Thủy lợi, Sử học - Khảo cổ học/Nhân học, Cơ học, Văn học.
Phó giáo sư trẻ nhất là Đỗ Quang Lộc, ngành Vật lý, đang làm việc tại trường Đại học Công nghệ, Đại học Quốc gia Hà Nội, và Nguyễn Hà Thanh, ngành Hóa học ở Viện Hóa học, Viện Hàn lâm Khoa học và Công nghệ Việt Nam. Cả hai cùng 33 tuổi. Người lớn tuổi nhất là Nguyễn Thanh Vân, 68 tuổi, ngành Y học, đang làm việc tại Đại học Trà Vinh.
Với chức danh giáo sư, người trẻ nhất 39 tuổi, là Trần Quốc Trung, ngành Kinh tế, công tác tại trường Đại học Ngoại thương cơ sở TP HCM. Tân giáo sư lớn tuổi nhất là và Nguyễn Văn Thành, ngành Chính trị học, đang làm việc tại Hội đồng Lý luận Trung ương, 68 tuổi.
Danh sách giáo sư, phó giáo sư 2025
Hàng năm, các đại học thành lập hội đồng cơ sở để chọn ứng viên, đề xuất lên Hội đồng Giáo sư nhà nước. Hội đồng này lại giao cho Hội đồng ngành, liên ngành thẩm định, loại những người không đạt, trước khi xem xét và thông qua danh sách đạt tiêu chuẩn.
Theo quy định từ năm 2018, để được xét duyệt, ứng viên cần là tác giả chính của 3-5 bài báo trên tạp chí thuộc danh mục ISI, Scopus (hệ thống dữ liệu uy tín, tóm tắt và trích dẫn các bài báo khoa học) hoặc danh mục khác do Hội đồng Giáo sư nhà nước quy định.
Năm ngoái, trong hơn 670 đề cử ban đầu, số được công nhận là 567. Họ có thể ở lại làm việc trong các cơ quan nhà nước thêm tối đa 5 năm sau khi đến tuổi nghỉ hưu; được ưu tiên giao đề tài, dự án khoa học - công nghệ...
Nghị quyết 71 của Bộ Chính trị về đột phá phát triển giáo dục và đào tạo đã yêu cầu đổi mới việc xét giáo sư, phó giáo sư. Theo đó, khi hoàn thiện các quy định cho phù hợp với thông lệ quốc tế và thực tiễn, việc bổ nhiệm được giao về các cơ sở giáo dục đại học, giáo dục nghề nghiệp.
Dương Tâm"
https://vnexpress.net/day-lich-xet-tuyen-dai-hoc-2026-som-nua-thang-4959520.html,Đẩy lịch xét tuyển đại học 2026 sớm nửa tháng,"Thí sinh đăng ký nguyện vọng xét tuyển đại học năm 2026 vào đầu tháng 7, biết kết quả vào giữa tháng 8, sớm hơn khoảng hai tuần so với mọi năm.","Thông tin nằm trong kế hoạch công tác tuyển sinh đại học, cao đẳng năm 2026, được Bộ Giáo dục và Đào tạo công bố sáng 4/11.
Do lịch thi tốt nghiệp THPT 2026 dự kiến diễn ra vào ngày 11-12/6, sớm hơn hai tuần so với năm nay, lịch tuyển sinh được đẩy lên tương ứng. Với nhóm xét tuyển thẳng, sử dụng chứng chỉ ngoại ngữ hay chứng chỉ quốc tế như SAT, thời gian nộp hồ sơ, minh chứng là trước 17h ngày 20/6.
Tất cả thí sinh đăng ký, điều chỉnh nguyện vọng xét tuyển không giới hạn số lần từ ngày 2/7 đến 17h ngày 14/7/2026. Dự kiến, thí sinh biết kết quả đỗ hay trượt từ 17h ngày 10/8 - thời điểm kết thúc lọc ảo, đến 17h ngày 13/8. So với năm nay, mốc này sớm hơn chục ngày.
Bộ yêu cầu các trường đại học xây dựng kế hoạch, sớm công bố thông tin tuyển sinh với các điểm chính để học sinh có phương án học và ôn thi, muộn nhất là ngày 15/2/2026.
Hồi tháng 9, Bộ lấy ý kiến về việc bỏ hay tiếp tục xét tuyển học bạ và giới hạn nguyện vọng xét tuyển, song đến nay chưa quyết định việc này. Các trường vẫn dự kiến thông tin tuyển sinh theo quy chế cũ.
Một số mốc tuyển sinh đại học năm 2026, theo dự kiến của Bộ Giáo dục và Đào tạo:
Điểm chuẩn hơn 200 đại học-Học phí hơn 100 đại học năm 2025
Năm nay, các trường đại học sử dụng 17 phương thức tuyển sinh. Tất cả xét cùng một đợt, sau khi thí sinh biết điểm thi tốt nghiệp THPT, thay vì xét tuyển sớm với nhiều phương thức như các năm trước.
Khoảng 773.200 em đỗ đại học, cao đẳng nhưng chỉ gần 625.500 xác nhận nhập học. Điểm chuẩn với hệ đại học từ 13 đến 30. Trung bình là 19,11, giảm 3 so với kỳ tuyển sinh năm ngoái.
6 ngành lấy điểm chuẩn tuyệt đối là Sư phạm tiếng Anh, Sư phạm tiếng Trung, cùng ở Đại học Huế và trường Đại học Ngoại ngữ, Đại học Quốc gia Hà Nội; Quan hệ quốc tế của Học viện Khoa học quân sự; Y khoa của Học viện Quân y.
Dương Tâm"
https://vnexpress.net/nuoc-nao-co-ty-le-dan-so-huu-oto-cao-nhat-dong-nam-a-4959450.html,Nước nào có tỷ lệ dân sở hữu ôtô cao nhất Đông Nam Á?,"Cứ 1.000 dân ở nước này thì có 805 xe ôtô được đăng ký, cao nhất Đông Nam Á và vượt xa các quốc gia đứng sau.",Dương Tâm(Tổng hợp)
https://vnexpress.net/nam-sinh-lop-10-bi-ban-danh-xuat-huyet-nao-nguy-kich-tinh-mang-4959478.html,"Nam sinh lớp 10 bị bạn đánh xuất huyết não, nguy kịch tính mạng","Thanh HóaNam sinh 15 tuổi đang ngồi chơi vào giờ giải lao thì bị nhóm học sinh lớp 11 lao tới đánh, khiến xuất huyết não, tiên lượng xấu.","Chiều 3/11, ông Lê Hoằng Bá Huyền, Hiệu trưởng trường Cao đẳng Nông nghiệp Thanh Hóa (đóng tại xã Triệu Sơn), cho biết sự việc xảy ra tại trường cách đây bốn ngày.
Trong giờ ra chơi tiết thứ hai buổi sáng, nam sinh lớp 10 hệ giáo dục thường xuyên, đang ngồi chơi thì bị một nhóm học sinh lớp 11 cùng tòa nhà đi lên tấn công tới tấp.
Khi nam sinh đổ gục xuống sàn, bất tỉnh, nhóm này mới bỏ đi. Giáo viên phát hiện sự việc đã gọi xe cấp cứu đưa em đến bệnh viện gần trường sơ cứu. Nam sinh sau đó được chuyển tuyến xuống Bệnh viện Nhi Thanh Hóa trong tình trạng bất tỉnh, xuất huyết não.
Đại diện Bệnh viện Nhi Thanh Hóa cho biết bệnh nhân nhập viện trong tình trạng hôn mê sâu, chảy máu não nhiều, tiên lượng xấu. Chiều 1/11, gia đình đã xin cho em về nhà sau khi được y bác sĩ giải thích tình trạng không còn khả năng hồi phục.
Theo lãnh đạo Trường Cao đẳng Nông nghiệp Thanh Hóa, 4 học sinh lớp 11 được xác định liên quan đến vụ việc. Công an xã Triệu Sơn cùng Cơ quan Cảnh sát điều tra Công an tỉnh Thanh Hóa đã triệu tập, thẩm vấn để điều tra nguyên nhân.
""Căn cứ vào kết luận điều tra, nhà trường sẽ có hướng xử lý học sinh liên quan"", ông Huyền nói, cho hay, trước đó không nhận được thông tin có mâu thuẫn giữa nhóm học sinh này với nạn nhân.
Ngày 17/10, trên địa bàn xã Quảng Bình, tỉnh Thanh Hóa cũng xảy ra vụ học sinh đánh nhau, khiến một nam sinh lớp 12, trường THPT Đặng Thai Maitử vong. Nghi phạm gây án là học sinh lớp 11 cùng trường.
Lê Hoàng"
https://vnexpress.net/trung-quoc-thi-diem-bo-thi-vao-lop-10-4958792.html,Trung Quốc thí điểm bỏ thi vào lớp 10,"Trung QuốcThành phố Thành Đô thí điểm miễn kỳ thi tuyển sinh cấp ba với một số nhóm học sinh, giúp giảm bớt áp lực học tập đè nặng lên các gia đình.","Chương trình này được thành phố khởi động hồi cuối tháng 9, ở 8 trường công lập và tư thục. Trong đó, một mô hình kéo dài sáu năm (từ lớp 7) hoặc kéo dài 12 năm (từ lớp 1).
Mỗi trường tham gia chọn hai lớp, mỗi lớp không quá 45 học sinh, thông qua đăng ký tự nguyện và bốc thăm. Các lớp này được gọi là ""lớp giáo dục tích hợp"", học theo chương trình kết hợp giữa trung học cơ sở và trung học phổ thông, độc lập với các lớp thông thường.
Theo chính quyền Thành Đô, mô hình mới nhằm ""thu hẹp khoảng cách giữa các bậc học và giảm bớt áp lực thi cử"". Đây là một nỗ lực cải cách hệ thống tuyển sinh cấp ba của thành phố.
Zhongkao là kỳ thi tuyển sinh trung học phổ thông, bắt buộc với học sinh lớp 9. Kết quả sẽ quyết định học sinh được vào học trung học phổ thông hay chuyển sang trường nghề. Tỷ lệ trúng tuyển vào các trường phổ thông trung bình trên toàn quốc chỉ khoảng 60%.
Với nhiều phụ huynh, cải cách mang lại sự nhẹ nhõm đáng kể.
""Điều hấp dẫn nhất là con không phải thi zhongkao. Chúng tôi không còn lo con bị chuyển sang học nghề nữa"", một phụ huynh ở Thành Đô chia sẻ. Người mẹ này tiếc vì con không được vào diện thí điểm, song hy vọng chương trình sẽ được mở rộng.
Những chương trình tương tự đã xuất hiện ở nhiều thành phố khác, phần lớn áp dụng cho học sinh có thành tích xuất sắc. Một vài địa phương đang mở rộng sang nhóm học sinh có học lực trung bình.
Tại Bắc Kinh, từ năm 2022, chính quyền đã thử nghiệm mô hình tuyển sinh đa dạng vào cấp ba, cho phép học sinh đạt điểm trung bình nộp đơn trực tiếp vào một số trường thông qua phỏng vấn.
Một số trường cũng có lộ trình học liên thông từ trung học cơ sở lên trung học phổ thông, song quy mô còn nhỏ và thường ở những trường ít cạnh tranh.
Tuy nhiên, các chuyên gia cảnh báo không nên mở rộng quá nhanh mô hình ""giáo dục tích hợp"", do chất lượng giữa các trường trung học vẫn chênh lệch lớn.
Xiong Bingqi, Viện trưởng Viện Nghiên cứu Giáo dục Thế kỷ 21 của Trung Quốc, cho rằng nhiều phụ huynh có thể xem đây là cách né tránh việc phân luồng học sinh.
""Họ cũng có thể cho con vào học trước, rồi rút ra để thi zhongkao nếu thành tích cải thiện"", ông nói. ""Chừng nào các trường trung học trọng điểm vẫn tồn tại, nỗi lo về kỳ thi zhongkao vẫn sẽ còn. Điều thực sự cần làm là dần dần xóa bỏ hệ thống phân hạng giữa các trường trung học"".
Zhongkao được tổ chức hàng năm, thường vào tháng 6. Dù nội dung có thể khác nhau giữa các địa phương, hầu hết gồm các môn: Ngữ văn, Toán, Tiếng Anh, Vật lý, Hóa học, Chính trị, Lịch sử và Thể dục.
Những học sinh đạt điểm cao sẽ được nhận vào các trường trung học trọng điểm. Đây là những trường có đầu vào và đầu ra cao hơn hẳn mặt bằng chung, đảm bảo cơ hội vào đại học hàng đầu sau này. Học sinh không vào được nhóm trường này thường bị coi là ""thua thiệt"" trên con đường học vấn, gây ra không ít áp lực, đặc biệt ở các thành phố lớn.
Khánh Linh(TheoSixth Tone)"
https://vnexpress.net/900-ung-vien-dat-chuan-giao-su-pho-giao-su-nam-2025-4959356.html,"900 ứng viên đạt chuẩn giáo sư, phó giáo sư năm 2025","71 ứng viên giáo sư và 829 phó giáo sư đạt đủ số phiếu tín nhiệm của Hội đồng Giáo sư nhà nước, kỷ lục kể từ sau ""chuyến tàu vét"" năm 2017.","Văn phòng Hội đồng Giáo sư nhà nước ngày 3/11 cho biết so với danh sách do 28 Hội đồng Giáo sư ngành, liên ngành đề nghị, 11 người bị loại.
Còn nếu tính tổng số ứng viên ban đầu nộp hồ sơ tại 117 Hội đồng Giáo sư cơ sở, 173 người không đạt (khoảng 16,12%). Trong đó, số ứng viên giáo sư bị loại là 29, còn lại là phó giáo sư.
Đây là số ứng viên đạt chuẩn giáo sư, phó giáo sư cao nhất kể từ năm 2019 đến nay, tức từ thời điểm việc xét công nhận hai chức danh này với các tiêu chuẩn cao hơn, theo Quyết định 38 năm 2018 của Thủ tướng. Lần xét năm 2017 được cho là ""chuyến tàu vét"" khi lần cuối áp dụng tiêu chuẩn cũ (không cần công bố quốc tế), với 1.131 người đạt.
Danh sách 900 ứng viên đạt chuẩn giáo sư, phó giáo sư 2025
Theo đánh giá của Hội đồng Giáo sư nhà nước, chất lượng ứng viên năm nay khá tốt, năng lực ngoại ngữ nhiều tiến bộ. Các ứng viên đều có đủ số công trình nghiên cứu khoa học đăng trên các tạp chí quốc tế thuộc danh mục ISI, Scopus hoặc các tạp chí có uy tín khác.
Hội đồng cũng nhận được những thông tin phản biện từ xã hội, cộng đồng các nhà khoa học, sau khi đăng tải công khai thông tin ứng viên.
""Đây là nguồn tin hữu ích giúp các đơn vị chức năng lựa chọn được những ứng viên đủ điều kiện và xứng đáng đạt tiêu chuẩn chức danh giáo sư, phó giáo sư"", Văn phòng Hội đồng Giáo sư nhà nước cho biết.
Theo quy trình, hàng năm, các đại học thành lập hội đồng cơ sở để chọn ứng viên, đề xuất lên Hội đồng Giáo sư nhà nước. Hội đồng này lại giao cho Hội đồng ngành, liên ngành thẩm định, loại những người không đạt, trước khi xem xét và thông qua danh sách đạt tiêu chuẩn.
Để được xét duyệt, ứng viên cần là tác giả chính của 3-5 bài báo trên tạp chí thuộc danh mục ISI, Scopus (hệ thống dữ liệu uy tín, tóm tắt và trích dẫn các bài báo khoa học) hoặc danh mục khác do Hội đồng Giáo sư nhà nước quy định.
Nghị quyết 71 của Bộ Chính trị về đột phá phát triển giáo dục và đào tạo đã yêu cầu đổi mới việc xét giáo sư, phó giáo sư. Theo đó, khi hoàn thiện các quy định cho phù hợp với thông lệ quốc tế và thực tiễn, việc bổ nhiệm được giao về các cơ sở giáo dục đại học, giáo dục nghề nghiệp.
Theo quy định, giáo sư, phó giáo sư có thể ở lại làm việc trong các cơ quan nhà nước thêm tối đa 5 năm sau khi đến tuổi nghỉ hưu; được ưu tiên giao đề tài, dự án khoa học - công nghệ...
Dương Tâm"
https://vnexpress.net/giao-vien-mam-non-khap-khoi-cho-tien-luong-cao-nhat-4959000.html,Giáo viên mầm non khấp khởi chờ tiền lương 'cao nhất',"Gần 10 năm nhận lương tháng dưới 5 triệu đồng, cô Thảo, giáo viên mầm non ở Ninh Bình khấp khởi khi lương có thể lên 7 triệu.","""Tăng 1,4 triệu một tháng nghe có vẻ không lớn, nhưng tương đương 1/4 lương hiện tại của tôi rồi. Thêm được đồng nào quý đồng đó, nhất là khi lương tôi cũng chưa cao"", cô Thảo, 30 tuổi, nói.
Cô Thảo tốt nghiệp cao đẳng mầm non năm 2016. Ngày mới đi làm, chưa được vào biên chế, thu nhập của cô chỉ hơn 1,7 triệu đồng một tháng, nên gần như ""bố mẹ phải nuôi thêm"", tới bình xăng xe cô cũng phải nhờ bố đổ giúp.
Sống chật vật gần 5 năm, cô được vào biên chế. Dù hưởng mức thấp nhất 4,9 triệu đồng (bậc 1, hạng III), cô vẫn thấy vui vì so với trước đã tăng gần gấp rưỡi. Đến năm nay, lương cô Thảo cao hơn một chút, lên 5,64 triệu (bậc 2, hạng III).
Gần một thập niên nhận lương dưới 5 triệu một tháng, nhưng cô Thảo luôn ""bận tối mặt mũi"" với công việc. Cô thường được phân công phụ trách lớp nhà trẻ, tức nhóm 2-3 tuổi. Mỗi đầu năm học, cô thường sụt vài cân vì phải dành nhiều thời gian, tâm sức làm quen với nếp ăn uống, sinh hoạt của 15 bé.
""Nếu bảo chưa từng có ý định nghỉ việc thì là nói dối, nhưng tôi cũng thích trẻ con, với lại đã học đúng ngành, ra làm đúng việc, giờ làm cái khác mà không có bằng cấp cũng khó, nên cố gắng bám trụ"", cô nói.
Tin vui đến với cô Thảo và hơn một triệu giáo viên mầm non, phổ thông cả nước khi Bộ Giáo dục và Đào tạo đề xuấthệ số đặc thù với tiền lương nhà giáo, sáng 2/11. Theo đó, giáo viên mầm non dự kiến được thêm 1,25 lần lương; còn bậc phổ thông là 1,15.
Nếu được thông qua, lương của cô Thảo dự kiến lên hơn 7 triệu đồng, mức mà cô từng nghĩ ""chắc gần 10 năm nữa mới được hưởng"".
""Tôi đếm từng ngày đến khi chính sách mới được áp dụng"", cô Thảo nói. ""Số tiền này sẽ giúp tôi phần nào san sẻ gánh nặng kinh tế với chồng, nuôi con nhỏ"".
Cô Nông Lê Luyện, giáo viên ở điểm trường Hồ Nhì, trường Mầm non Thạch Lâm, xã Quảng Lâm, tỉnh Cao Bằng, cũng khấp khởi khi nghe tin.
Điểm trường nơi cô dạy học hiện chưa có điện, không có sóng điện thoại, nước sạch cũng phải xin từ nhà dân. Cô Luyện là giáo viên mầm non duy nhất ở đây, vừa trông 20 trẻ ở đủ độ tuổi, vừa nấu ăn, chăm sóc các bé. Hàng ngày, cô dậy từ 5h, đi 15 km từ nhà trọ tới điểm trường, chở theo chừng 20 kg thức ăn để nấu bữa trưa.
Công việc vất vả nhưng vì yêu nghề và là lao động chính trong gia đình, cô Luyện kiên trì bám trụ. Chồng và hai con của cô (2 và 6 tuổi) sống ở xã Trùng Khánh, cách chừng 200 km.
Cũng như cô Thảo, cô Luyện đang hưởng lương 5,64 triệu đồng một tháng, chưa có phụ cấp thâm niên vì mới vào biên chế năm 2022. Với 1,4 triệu dự tính tăng thêm, cô Luyện hào hứng vì có thể chăm lo hơn chuyện học hành cho con lớn mới vào lớp 1.
Ở TP HCM, cô Hồng Phụng, giáo viên trường Mầm non Vàng Anh, kể mình và nhiều đồng nghiệp ""nhắn tin ríu rít"" sau khi biết Bộ đề xuất hệ số lương đặc thù. Tất cả mong sớm được thông qua và áp dụng. Cô Phụng nhẩm tính với hệ số lương 3,99 và thêm 1,25 lần phụ cấp, mỗi tháng cô có thể nhận gần 12 triệu đồng, tăng 2,3 triệu so với bây giờ.
Nữ giáo viên nhìn nhận đây là niềm động viên với những giáo viên lâu năm, cũng góp phần thu hút, giữ chân giáo viên trẻ. Cô phân tích lâu nay sinh viên tốt nghiệp hệ mầm non thường thích vào trường tư thục vì mức lương cao hơn. Những bạn chọn làm ở khu vực công dễ sốc.
Sau 15 năm đi làm, cô Phụng nhận thấy giáo viên mầm non công lập dễ bỏ việc trong vòng 1-3 năm đầu vì lương ở thời điểm này chỉ 5-6 triệu đồng mỗi tháng, trong khi việc trông giữ trẻ vất vả, áp lực.
""Có hệ số đặc thù, giáo viên trẻ có thêm động lực ở lại với nghề"", cô Phụng chia sẻ.
Cả nước có hơn 1,05 triệu nhà giáo đang hưởng lương từ ngân sách nhà nước, trong đó hơn 260.000 ở bậc mầm non. Theo đề xuất của Bộ, giáo viên mầm non nhận lương tối thiểu là 6,14 triệu đồng. Mức cao nhất là 18,66 triệu đồng một tháng với giáo viên mầm non hạng I, bậc 8, tăng 3,73 triệu đồng so với hiện nay, song nhóm này chỉ vài chục người trong cả nước. Mức tăng phổ biến là 1-2 triệu đồng. Ngoài tiền lương, họ hưởng một số khoản khác như phụ cấp thâm niên (1% mỗi năm làm việc, sau 5 năm), phụ cấp ưu đãi nghề (35-70%)...
Với hệ số đặc thù, lương của giáo viên sẽ cao nhất trong hệ thống thang bảng lương hành chính sự nghiệp như quy định trong Luật Nhà giáo. Theo tính toán của Bộ, ngân sách phát sinh hàng tháng là hơn 1.650 tỷ đồng.
TS Trương Đình Thăng, hiệu trưởng trường Cao đẳng Sư phạm Quảng Trị, nhìn nhận dự thảo chính sách mới cho thấy sự quan tâm của nhà nước với ngành giáo dục.
""Điều quan trọng là sự thay đổi về nhận thức của xã hội và cơ quan làm chính sách về vai trò, vị trí, tính chất đặc thù của giáo viên mầm non"", ông Thăng nói.
Ông nhìn nhận sự khởi sắc về tiền lương sẽ tác động lớn đến lựa chọn nghề nghiệp của học sinh phổ thông. Vì thế, đây là cơ hội để nâng cao chất lượng tuyển sinh đối với bậc mầm non.
Đồng quan điểm, PGS.TS Trần Thành Nam, Phó hiệu trưởng trường Đại học Giáo dục, Đại học Quốc gia Hà Nội, thấy rằng dự thảo nghị định là bước nhảy vọt về thu nhập thực tế của giáo viên, nhất là với thầy cô mầm non - công việc được đánh giá vất vả nhất nhưng lương lại thấp nhất.
Ông Nam kỳ vọng thay đổi này sẽ trở thành lực kéo để những người đang công tác thêm gắn bó với nghề, đồng thời giải quyết vấn đề thiếu giáo viên.
Tuy nhiên, ông Nam cũng lưu ý khi ngành giáo dục và nhà giáo được quan tâm hơn, kỳ vọng xã hội cũng sẽ tăng lên. Điều này tạo ra thách thức và áp lực tới thầy cô.
""Giáo viên bây giờ không chỉ giữ vai trò như trước đây, là đọc chép, giúp học trò luyện thi, đạt thành tích; mà còn cần giúp các em có kỹ năng, phẩm chất để có một sự nghiệp tốt sau này"", ông nói. ""Trách nhiệm của thầy cô chắc chắn nặng nề hơn"".
Vì vậy, song song áp dụng chính sách mới khi được thông qua, ông Nam kiến nghị Bộ và các cơ quan quản lý sát sao, quan tâm thầy cô thông qua những hoạt động bồi dưỡng, phong trào học thật, thi thật theo tinh thần của chương trình mới. Cùng với đó, thầy cô cũng cần nỗ lực hơn.
Cô Thảo hào hứng khi nghĩ tới khoản lương sắp được nhận, và cũng hiểu trách nhiệm này, vì ""quan tâm bao giờ cũng đi kèm kỳ vọng"". Năm nay, cô được dạy trẻ 5 tuổi. Cô dự định mua tài khoản ChatGPT trả phí để xây dựng những bài giảng hấp dẫn hơn, giúp học sinh làm quen với số và chữ trước khi vào lớp 1.
Thanh Hằng - Lệ Nguyễn"
https://vnexpress.net/nguoi-me-27-tuoi-tro-lai-hoc-lop-10-4958987.html,Người mẹ 27 tuổi trở lại học lớp 10,"TP HCMSau 10 năm bỏ học, Kiều Hương quay lại trường với mong muốn thi và có tấm bằng đại học, thoát khỏi cảnh chật vật về ""cơm áo gạo tiền"".","Phạm Thúy Kiều Hương, 27 tuổi, quê ở Thái Bình (cũ), vào học lớp 10A1, Trung tâm Giáo dục nghề nghiệp - Giáo dục thường xuyên Quận 1, từ đầu tháng 9.
Hương kể mất định hướng rồi quyết định nghỉ học ở trường THPT Bắc Đông Quan vào cuối năm 2015, sau học kỳ 1, lớp 11.
""Khi ấy, mình nghĩ không nhất thiết phải vào đại học mới kiếm được tiền"", Hương nhớ lại. Cô vào miền Nam làm thuê, đi qua nhiều tỉnh, thành và làm đủ nghề như bán hàng rong, phục vụ quán cà phê, phụ bếp, làm kho...
Thời gian này, Hương sinh hai con. Vừa chật vật trong nỗi lo cơm áo gạo tiền, vừa hoài nghi về năng lực của bản thân và lời dèm pha từ xung quanh khiến Hương dần sống khép kín và day dứt về quyết định nghỉ học sớm.
""Mình muốn có tấm bằng để vừa nuôi sống gia đình và có thêm các cơ hội mới thay vì vật lộn với cuộc sống bấp bênh"", Hương chia sẻ.
Đầu tháng 8, Hương đến Trung tâm Giáo dục nghề nghiệp - Giáo dục thường xuyên Quận 1 xin nhập học. Khoảnh khắc hoàn thành thủ tục, cô cảm thấy như trút bỏ được gánh nặng.
""Ai khi bước vào môi trường mới cũng có nỗi sợ riêng"", Hương nhìn nhận. ""Quan trọng là mình dám nhìn thẳng vào nó và vượt qua"".
Trước khi đi học, Hương lo không theo được bài. Cô chăm chỉ xem các bài giảng trên YouTube, đồng thời chuẩn bị bài ở nhà trước mỗi buổi học. Nhờ vậy, sau hai tháng, Hương dần bắt nhịp, bắt đầu tham gia phát biểu trong lớp.
Cô dự định dành cả năm lớp 10 để củng cố nền tảng kiến thức và rèn phương pháp học. Lên lớp 11, Hương sẽ đi học thêm để chuẩn bị cho kỳ thi tốt nghiệp THPT và đăng ký xét tuyển đại học.
Người mẹ 27 tuổi kể ban đầu từng lo chênh lệch tuổi tác với bạn bè trong lớp, song mọi người đều thân thiện nên dễ hòa nhập. Sau gần 10 năm làm việc chủ yếu với người lớn tuổi hơn, Hương hứng khởi vì thấy các bạn trẻ có năng lượng tích cực và tư duy mới mẻ, giúp cô nhìn nhận mọi thứ đa chiều hơn.
Buổi sáng, Hương đến lớp, buổi chiều tự học 2-3 tiếng. Thời gian còn lại, cô kiểm tra hàng hóa, đăng bài bán kính mắt online trên các sàn thương mại điện tử để lo sinh hoạt phí.
Cô Trịnh Thị Én, giáo viên chủ nhiệm của Hương ở Trung tâm Giáo dục nghề nghiệp - Giáo dục thường xuyên Quận 1, nói ấn tượng với nghị lực của Hương.
""Hương có khả năng tiếp thu và ý thức học tập rất tốt. Sau gần hai tháng, Hương hầu hết đạt điểm số cao trong các môn học"", cô Én nói.
Kiều Hương đặt mục tiêu thi vào đại học, theo ngành Khúc xạ nhãn khoa sau này. Cô tin rằng khi thực sự đam mê và mục tiêu, thì dù ở độ tuổi nào, bất cứ ai cũng có thể bắt đầu lại.
Huyền Trang"
https://vnexpress.net/nuoc-nao-thu-hut-nhan-tai-nhat-dong-nam-a-4992278.html,Nước nào thu hút nhân tài nhất Đông Nam Á?,"Nước này đứng đầu khu vực Đông Nam Á về khả năng thu hút, phát triển, giữ chân và sử dụng nhân tài. Bạn có biết đây là quốc gia nào?",Lệ Nguyễn
https://vnexpress.net/lech-pha-giua-dao-tao-luat-voi-nhu-cau-thi-truong-4992232.html#box_comment_vne,'Lệch pha' giữa đào tạo Luật với nhu cầu thị trường,"Chuyên gia cho rằng đào tạo Luật còn vênh so với nhu cầu của thị trường lao động, khi có những cử nhân không soạn nổi văn bản pháp lý cơ bản.","Tại tọa đàm ""Đào tạo luật ở Việt Nam hiện nay: Thách thức và cơ hội"" do báoPháp luật TP HCMtổ chức ngày 12/10, nhiều ý kiến nhìn nhận cử nhân Luật ra trường còn thiếu cả kiến thức chuyên môn và kỹ năng hành nghề, gặp khó khăn khi làm việc.
TS Nguyễn Vinh Huy, Phó chủ tịch Hiệp hội Doanh nghiệp TP HCM, cho biết có thời điểm doanh nghiệp sử dụng đến 150 nhân sự chuyên về luật, hoạt động nhiều ở mảng bổ trợ, tư vấn pháp lý. Song, ông nhận thấy có những cử nhân Luật không soạn nổi một văn bản pháp lý cơ bản.
""Việc nhiều trường đại học mở ngành Luật trong thời gian ngắn, dẫn đến sự lệch pha giữa đào tạo và thị trường lao động. Chất lượng sinh viên ra trường còn thấp"", ông Huy nhận định.
Theo luật sư Lê Quang Y và PGS-TS Bùi Anh Thủy, Trưởng khoa Luật, trường Đại học Văn Lang, thừa nhận có tình trạng này. Hệ thống pháp luật Việt Nam liên tục được sửa đổi, bổ sung với tốc độ nhanh chóng, đòi hỏi chương trình đào tạo pháp lý phải thường xuyên cập nhật. Tuy nhiên, nhiều cơ sở đào tạo vẫn phụ thuộc vào chương trình khung cứng, thiếu linh hoạt, dẫn đến chương trình lạc hậu so với thực tiễn.
Phương pháp giảng dạy tại nhiều nơi thiên về thuyết giảng, trong khi các phương pháp hiện đại như học theo tình huống, phiên tòa giả định và phòng khám pháp lý, phân tích án lệ chưa được áp dụng rộng rãi. Đây là lý do khiến sinh viên thiếu tư duy phản biện và khả năng vận dụng pháp luật vào thực tế.
Một vấn đề khác là đội ngũ giảng viên không đồng đều. Nhiều trường thiếu giảng viên có kinh nghiệm hành nghề nên khó hướng dẫn sinh viên. Hoạt động thực tập của sinh viên còn hình thức.
Sự phát triển của công nghệ pháp lý bao gồm trí tuệ nhân tạo hỗ trợ tra cứu, phân tích dữ liệu, quản lý hồ sơ số đang làm thay đổi phương thức cung cấp dịch vụ pháp lý. Tuy nhiên, hầu hết sinh viên luật chưa được đào tạo bài bản về nội dung này, gặp khó khi bước vào môi trường hành nghề hiện đại.
Ngoài khắc phục các hạn chế trên, luật sư Lê Quang Y, Phó chủ nhiệm phụ trách Đoàn Luật sư tỉnh Đồng Nai, gợi ý các trường tham khảo cách đào tạo Luật ở Mỹ. Thời gian đào tạo ngành Luật là 3 năm, yêu cầu người học phải có một bằng cử nhân trước đó. Theo luật sư Y, cách tiếp cận này giúp người học Luật có nền tảng kiến thức rộng, tăng khả năng phân tích liên ngành và đáp ứng tốt hơn yêu cầu nghề luật sư hiện đại.
PGS.TS Lê Minh Hùng, Trưởng khoa Luật và Khoa học chính trị, trường Đại học Công nghiệp TP HCM, đồng tình rằng có thể cân nhắc mô hình này với ưu điểm như trên. Song, ông chỉ ra hạn chế là chi phí đào tạo sẽ bị đẩy lên rất cao, thu hẹp cơ hội với đa số sinh viên.
""Chúng ta đã có hình thức đào tạo văn bằng 2 ngành Luật, đáp ứng nhu cầu của những người đã có kiến thức chuyên môn ở một lĩnh vực khác rồi mới học Luật"", ông Hùng nói thêm.
Cả nước có hơn 100 cơ sở đào tạo cử nhân Luật, phần lớn là ở các trường đại học đa ngành. Phó thủ tướng thường trực Nguyễn Hòa Bình ngày 25/11 cho biết chủ trương sắp tới là không cho phép các trường đại học không chuyên đào tạo một số lĩnh vực, như cử nhân Luật, mà chỉ dạy như một môn phối hợp.
Theo các luật sư, chuyên gia, việc này đi ngược với xu hướng phát triển đa ngành ở đại học, chưa từng có tiền lệ trên thế giới.
Lệ Nguyễn"
https://vnexpress.net/lech-pha-giua-dao-tao-luat-voi-nhu-cau-thi-truong-4992232.html,'Lệch pha' giữa đào tạo Luật với nhu cầu thị trường,"Chuyên gia cho rằng đào tạo Luật còn vênh so với nhu cầu của thị trường lao động, khi có những cử nhân không soạn nổi văn bản pháp lý cơ bản.","Tại tọa đàm ""Đào tạo luật ở Việt Nam hiện nay: Thách thức và cơ hội"" do báoPháp luật TP HCMtổ chức ngày 12/10, nhiều ý kiến nhìn nhận cử nhân Luật ra trường còn thiếu cả kiến thức chuyên môn và kỹ năng hành nghề, gặp khó khăn khi làm việc.
TS Nguyễn Vinh Huy, Phó chủ tịch Hiệp hội Doanh nghiệp TP HCM, cho biết có thời điểm doanh nghiệp sử dụng đến 150 nhân sự chuyên về luật, hoạt động nhiều ở mảng bổ trợ, tư vấn pháp lý. Song, ông nhận thấy có những cử nhân Luật không soạn nổi một văn bản pháp lý cơ bản.
""Việc nhiều trường đại học mở ngành Luật trong thời gian ngắn, dẫn đến sự lệch pha giữa đào tạo và thị trường lao động. Chất lượng sinh viên ra trường còn thấp"", ông Huy nhận định.
Theo luật sư Lê Quang Y và PGS-TS Bùi Anh Thủy, Trưởng khoa Luật, trường Đại học Văn Lang, thừa nhận có tình trạng này. Hệ thống pháp luật Việt Nam liên tục được sửa đổi, bổ sung với tốc độ nhanh chóng, đòi hỏi chương trình đào tạo pháp lý phải thường xuyên cập nhật. Tuy nhiên, nhiều cơ sở đào tạo vẫn phụ thuộc vào chương trình khung cứng, thiếu linh hoạt, dẫn đến chương trình lạc hậu so với thực tiễn.
Phương pháp giảng dạy tại nhiều nơi thiên về thuyết giảng, trong khi các phương pháp hiện đại như học theo tình huống, phiên tòa giả định và phòng khám pháp lý, phân tích án lệ chưa được áp dụng rộng rãi. Đây là lý do khiến sinh viên thiếu tư duy phản biện và khả năng vận dụng pháp luật vào thực tế.
Một vấn đề khác là đội ngũ giảng viên không đồng đều. Nhiều trường thiếu giảng viên có kinh nghiệm hành nghề nên khó hướng dẫn sinh viên. Hoạt động thực tập của sinh viên còn hình thức.
Sự phát triển của công nghệ pháp lý bao gồm trí tuệ nhân tạo hỗ trợ tra cứu, phân tích dữ liệu, quản lý hồ sơ số đang làm thay đổi phương thức cung cấp dịch vụ pháp lý. Tuy nhiên, hầu hết sinh viên luật chưa được đào tạo bài bản về nội dung này, gặp khó khi bước vào môi trường hành nghề hiện đại.
Ngoài khắc phục các hạn chế trên, luật sư Lê Quang Y, Phó chủ nhiệm phụ trách Đoàn Luật sư tỉnh Đồng Nai, gợi ý các trường tham khảo cách đào tạo Luật ở Mỹ. Thời gian đào tạo ngành Luật là 3 năm, yêu cầu người học phải có một bằng cử nhân trước đó. Theo luật sư Y, cách tiếp cận này giúp người học Luật có nền tảng kiến thức rộng, tăng khả năng phân tích liên ngành và đáp ứng tốt hơn yêu cầu nghề luật sư hiện đại.
PGS.TS Lê Minh Hùng, Trưởng khoa Luật và Khoa học chính trị, trường Đại học Công nghiệp TP HCM, đồng tình rằng có thể cân nhắc mô hình này với ưu điểm như trên. Song, ông chỉ ra hạn chế là chi phí đào tạo sẽ bị đẩy lên rất cao, thu hẹp cơ hội với đa số sinh viên.
""Chúng ta đã có hình thức đào tạo văn bằng 2 ngành Luật, đáp ứng nhu cầu của những người đã có kiến thức chuyên môn ở một lĩnh vực khác rồi mới học Luật"", ông Hùng nói thêm.
Cả nước có hơn 100 cơ sở đào tạo cử nhân Luật, phần lớn là ở các trường đại học đa ngành. Phó thủ tướng thường trực Nguyễn Hòa Bình ngày 25/11 cho biết chủ trương sắp tới là không cho phép các trường đại học không chuyên đào tạo một số lĩnh vực, như cử nhân Luật, mà chỉ dạy như một môn phối hợp.
Theo các luật sư, chuyên gia, việc này đi ngược với xu hướng phát triển đa ngành ở đại học, chưa từng có tiền lệ trên thế giới.
Lệ Nguyễn"
https://vnexpress.net/quoc-hoi-trao-quyen-tu-chu-va-siet-minh-bach-dai-hoc-4992128.html,Quốc hội trao quyền tự chủ và siết minh bạch đại học,"Luật Giáo dục đại học sửa đổi trao quyền tự chủ học thuật, tổ chức, nhân sự và tài chính cho các cơ sở giáo dục đại học, đồng thời siết nghĩa vụ công khai, kiểm định và giải trình.","Ngày 10/12, Quốc hội thông qua Luật Giáo dục đại học (sửa đổi), tạo khung pháp lý mới cho tự chủ đại học gắn với minh bạch, kiểm soát quyền lực và nâng cao chất lượng hệ thống. Luật khẳng định Nhà nước giữ vai trò chủ đạo trong phát triển giáo dục đại học, đồng thời bảo đảm quyền tự chủ đầy đủ, toàn diện cho các cơ sở giáo dục đại học, không phụ thuộc vào mức độ tự chủ tài chính.
Nhà nước sẽ hỗ trợ kinh phí cho cơ sở giáo dục đại học công lập đào tạo một số ngành, lĩnh vực đạt tầm khu vực và quốc tế; hỗ trợ một phần kinh phí để các cơ sở này nâng chuẩn. Ngân sách nhà nước tiếp tục ưu tiên cho khoa học cơ bản, ngành khó thu hút người học nhưng cần cho phát triển đất nước, đào tạo tiến sĩ, ngành kỹ thuật then chốt, công nghệ chiến lược, thông qua cơ chế đặt hàng, giao nhiệm vụ, học bổng và hỗ trợ học phí.
Các cơ sở giáo dục đại học được tự chủ xác định chỉ tiêu tuyển sinh, lựa chọn phương thức tuyển sinh, tổ chức đào tạo, liên kết đào tạo và cấp văn bằng khi đáp ứng điều kiện bảo đảm chất lượng, trừ các ngành đào tạo giáo viên, quốc phòng, an ninh. Trường đại học được chủ động tổ chức hoạt động nghiên cứu khoa học, phát triển công nghệ và đổi mới sáng tạo, khai thác hợp pháp tài sản, tài nguyên, sở hữu trí tuệ và hợp tác quốc tế.
Luật cũng cho phép các cơ sở giáo dục đại học được tự chủ trong thu, chi, phân phối kết quả tài chính, quản lý tài sản, đầu tư phát triển, huy động nguồn lực hợp pháp trong và ngoài nước, trừ các cơ sở thuộc Bộ Quốc phòng và Bộ Công an. Các cơ sở này được xác định số lượng người làm việc, tuyển dụng nhà khoa học uy tín trong và ngoài nước. Tuy nhiên, Luật quy định rõ quyền tự chủ tài chính, nhân sự phải gắn với nghĩa vụ công khai, minh bạch và trách nhiệm giải trình, bảo đảm phù hợp cơ chế tự chủ của đơn vị sự nghiệp công lập.
Chính phủ cho biết các quy định mới nhằm khắc phục tình trạng tự chủ ""chưa thực chất"" của luật hiện hành, thiết lập đầy đủ tự chủ học thuật, tổ chức bộ máy, nhân sự và tài chính, đồng thời xác lập trách nhiệm giải trình là nghĩa vụ pháp lý bắt buộc. Luật cũng bổ sung cơ chế kiểm soát quyền lực, tăng cường liêm chính học thuật, minh bạch tài chính và chất lượng hoạt động của các cơ sở giáo dục đại học.
Luật xác định giáo dục đại học là nòng cốt trong phát triển nhân lực trình độ cao, bồi dưỡng nhân tài, thúc đẩy khoa học, công nghệ và đổi mới sáng tạo. Hệ thống giáo dục đại học được định hướng phát triển hiện đại, chất lượng, linh hoạt, liên thông, đáp ứng yêu cầu phát triển kinh tế - xã hội, bảo đảm quốc phòng, an ninh, hội nhập quốc tế và phát triển bền vững. Nhà nước đầu tư hiện đại hóa hạ tầng kỹ thuật, nâng cấp cơ sở vật chất, phòng thí nghiệm, trung tâm đào tạo - nghiên cứu xuất sắc, cơ sở giáo dục đại học trọng điểm và cơ sở đào tạo giáo viên.
Quốc hội cũng bổ sung chính sách đào tạo, bồi dưỡng, hỗ trợ giảng viên nâng cao trình độ chuyên môn, năng lực số, ngoại ngữ; trọng dụng, thu hút nhà khoa học, giảng viên xuất sắc trong và ngoài nước. Việc ứng dụng công nghệ số và trí tuệ nhân tạo trong quản trị và đào tạo được luật hóa, đi kèm yêu cầu bảo vệ dữ liệu cá nhân, an toàn thông tin và minh bạch trong sử dụng công nghệ.
Đối với mô hình đại học quốc gia, đại học vùng, Luật quy định đây là các cơ sở giáo dục đại học đào tạo đa lĩnh vực ở tất cả các trình độ, có sứ mạng dẫn dắt phát triển vùng, liên kết nguồn lực và xây dựng hệ sinh thái khoa học - công nghệ - đổi mới sáng tạo. Chính phủ cho biết việc sửa đổi Luật hướng tới nâng cao hiệu quả quản trị bên trong từng đại học vùng, làm rõ chức năng điều phối chiến lược và quyền tự chủ học thuật, tổ chức, tài chính của các trường đại học thành viên, đồng thời hoàn thiện cơ chế phân cấp, phân quyền và trách nhiệm giải trình.
Bác sĩ nội trú không mặc nhiên tương đương thạc sĩ
Luật cũng làm rõ ranh giới học thuật giữa đào tạo trình độ thạc sĩ, tiến sĩ với các chương trình đào tạo chuyên sâu trong lĩnh vực y khoa. Theo quy định, các chương trình bác sĩ nội trú, bác sĩ chuyên khoa I, chuyên khoa II là hình thức đào tạo thực hành chuyên sâu sau đại học do Bộ Y tế hướng dẫn, tổ chức thực hiện và quản lý, không thuộc hệ thống học vị thạc sĩ, tiến sĩ.
Trong báo cáo giải trình, Chính phủ nhấn mạnh việc công nhận tương đương giữa văn bằng bác sĩ nội trú, bác sĩ chuyên khoa với học vị thạc sĩ, tiến sĩ hiện không có cơ sở khoa học và không có tiền lệ quốc tế. Thực tiễn tại nhiều quốc gia cho thấy hệ thống giáo dục đều phân định rõ đào tạo học vị với đào tạo thực hành đặc thù trong ngành y.
Chính phủ khẳng định đội ngũ bác sĩ nội trú, bác sĩ chuyên khoa là lực lượng có năng lực chuyên môn cao, đóng góp lớn cho sự nghiệp chăm sóc sức khỏe nhân dân, song việc chuẩn hóa văn bằng phải bảo đảm tính chuẩn mực học thuật. Việc liên thông giữa các chương trình đào tạo chuyên khoa với trình độ thạc sĩ, tiến sĩ vẫn được thực hiện thông qua cơ chế công nhận tín chỉ, học phần trên cơ sở hồ sơ đào tạo thực tế và chuẩn chương trình, trong khuôn khổ quyền tự chủ của các cơ sở giáo dục đại học.
Quy định này nhằm chấm dứt tình trạng lẫn lộn giữa học vị học thuật và văn bằng hành nghề chuyên sâu, đồng thời tăng cường trách nhiệm của Bộ Y tế trong quản lý đào tạo sau đại học thuộc lĩnh vực sức khỏe.
Luật Giáo dục đại học (sửa đổi) có hiệu lực từ ngày 1/1/2026.
Sơn Hà"
https://vnexpress.net/thu-khoa-8-0-ielts-tung-chat-vat-voi-tieng-anh-4992189.html,Thủ khoa 8.0 IELTS từng chật vật với tiếng Anh,"Hoàng Khoa, thủ khoa Đại học Quốc tế vượt qua rào cản tiếng Anh khi nhập học để đạt GPA 93.4/100, 8.0 IELTS nhờ tự ôn tập qua TikTok và AI.","Hồ Vũ Hoàng Khoa, 22 tuổi, quê ở thành phố Huế, nhận bằng xuất sắc ngành Công nghệ sinh học vào ngày 28/11. Trong 1.708 tân cử nhân tốt nghiệp ở trường Đại học Quốc tế, Đại học Quốc gia TP HCM năm nay, Khoa dẫn đầu với điểm trung bình tích lũy (GPA) đạt 93.4/100.
""Minh thấy rất vui, nhưng danh hiệu này cũng không nói lên quá nhiều điều. Dù sao thì tôi cũng đã nỗ lực hết sức"", Khoa chia sẻ.
Ngay từ hồi tiểu học, Khoa đã thích các môn khoa học vì tò mò. Ngày học lớp 8, Khoa tham gia đội tuyển Sinh học của trường và nuôi dưỡng đam mê với lĩnh vực này từ đó. Lên lớp 10, nam sinh đỗ vào lớp chuyên Sinh, trường THPT chuyên Trần Đại Nghĩa, TP HCM. Ban đầu, Khoa định theo ngành Y theo xu hướng của đa số bạn bè. Tuy nhiên, năm lớp 12, Khoa quyết định rẽ hướng sang ngành Công nghệ sinh học, bởi thấy ngành này ""có tiềm năng phát triển trong tương lai"".
Nam sinh sau đó đỗ vào trường Đại học Quốc tế bằng điểm thi đánh giá năng lực. Ngay khi nhập học, Khoa gặp khó khăn với chương trình học toàn bộ bằng tiếng Anh, vốn không phải sở trường. Nam sinh phải tham gia lớp học tăng cường tiếng Anh vào kỳ đầu năm thứ nhất, trước khi học chương trình chính khóa.
""Mình rất nhức đầu vì phải nói và viết bằng tiếng Anh"", Khoa kể. Để vượt qua, nam sinh quyết tâm ""ăn nằm"" với ngôn ngữ này hàng ngày. Khoa tập thói quen xem phim và các video có phụ đề tiếng Anh trên nền tảng TikTok để cải thiện kỹ năng nghe, đọc và nâng cao vốn từ vựng. Việc học trên trường cũng giúp nam sinh dần rèn được phản xạ với tiếng Anh.
""Mình cũng xem và tìm hiểu các lĩnh vực yêu thích bằng tiếng Anh thay vì học theo cách truyền thống"", Khoa nói. ""Học với tâm thế thoải mái sẽ giúp tối ưu thời gian và nâng cao năng suất"".
Tháng 11 vừa qua, Khoa nhận kết quả 8.0 IELTS với điểm tuyệt đối ở hai kỹ năng Đọc và Nghe, sau quá trình ôn luyện chuyên sâu trong vòng một tháng. Ở hai kỹ năng này, bí quyết của Khoa là ""cày đề"", hệ thống lại các câu hay sai để luyện tập thêm. Với phần Viết và Nói, nam sinh tận dụng Trí tuệ nhân tạo (AI) để chấm và chữa bài, đồng thời học cách khai thác ý tưởng từ các bài giảng trên mạng.
Còn với các môn học ở trên lớp, Khoa thường tự đọc thêm tài liệu chuyên ngành, luyện đề các năm trước và bám sát tiêu chí của từng môn học để ""hiểu bản chất"" và làm đúng yêu cầu. Nam sinh cho hay dành 3-4 tiếng tự học ở nhà mỗi ngày, cố gắng ngủ trước 22h để đảm bảo sức khỏe. Ngoài ra, Khoa còn học nhóm cùng bạn bè để mở rộng kiến thức.
Một cách khác giúp Khoa học tốt hơn là tích cực làm trợ giảng cho thầy cô trong các môn học như Thực hành Sinh học, Thực hành Di truyền học, Giải tích I, và Hóa hữu cơ. Bởi để làm tốt, nam sinh cần hệ thống hóa và nắm vững kiến thức của từng môn.
Đề tài khóa luận của Khoa là ""Genome-wide association study of Tuberculous Meningitis and Pulmonary Tuberculosis in Vietnam"", tạm dịch: Nghiên cứu tương quan toàn hệ gen giữa lao màng não và lao phổi ở Việt Nam. Theo nam sinh, nghiên cứu tập trung vào việc xác định các đa hình đơn nucleotide có thể liên quan tới sự lan truyền của vi khuẩn lao đến hệ thần kinh trung ương, đạt 95/100 điểm.
Ngoài thời gian học tập và nghiên cứu, Khoa chơi game và tìm hiểu về âm nhạc. Nam sinh chơi kèn trumpet từ thời cấp hai, sau này tập thêm guitar. Khoa từng trải nghiệm làm hộp nhạc và thấy thích thú. Tuy nhiên, vì hộp nhạc chỉ giới hạn 30 nốt, Khoa quyết định học thêm nhạc lý, phân tích nhạc bằng lập trình.
Tiến sĩ Lê Thanh Hoàng Nhật, người trực tiếp hướng dẫn Hoàng Khoa làm luận văn, nhận xét nam sinh ham học hỏi, có đam mê nghiên cứu khoa học và kỹ năng tốt.
""Khoa tự trang bị cho mình kỹ năng lập trình nâng cao cùng kiến thức rất vững về sinh học phân tử và di truyền. Đây cũng là điều khiến Khoa nổi bật hơn hẳn so với các bạn"", anh Nhật nói.
Nam sinh cho biết dự định du học để phát triển chuyên môn, với mong muốn tạo ra các mô hình trí tuệ nhân tạo giúp giải thích các hiện tượng sinh học và có thêm nhiều trải nghiệm.
Huyền Trang"
https://vnexpress.net/quoc-hoi-trao-quyen-tu-chu-va-siet-minh-bach-dai-hoc-4992128.html#box_comment_vne,Quốc hội trao quyền tự chủ và siết minh bạch đại học,"Luật Giáo dục đại học sửa đổi trao quyền tự chủ học thuật, tổ chức, nhân sự và tài chính cho các cơ sở giáo dục đại học, đồng thời siết nghĩa vụ công khai, kiểm định và giải trình.","Ngày 10/12, Quốc hội thông qua Luật Giáo dục đại học (sửa đổi), tạo khung pháp lý mới cho tự chủ đại học gắn với minh bạch, kiểm soát quyền lực và nâng cao chất lượng hệ thống. Luật khẳng định Nhà nước giữ vai trò chủ đạo trong phát triển giáo dục đại học, đồng thời bảo đảm quyền tự chủ đầy đủ, toàn diện cho các cơ sở giáo dục đại học, không phụ thuộc vào mức độ tự chủ tài chính.
Nhà nước sẽ hỗ trợ kinh phí cho cơ sở giáo dục đại học công lập đào tạo một số ngành, lĩnh vực đạt tầm khu vực và quốc tế; hỗ trợ một phần kinh phí để các cơ sở này nâng chuẩn. Ngân sách nhà nước tiếp tục ưu tiên cho khoa học cơ bản, ngành khó thu hút người học nhưng cần cho phát triển đất nước, đào tạo tiến sĩ, ngành kỹ thuật then chốt, công nghệ chiến lược, thông qua cơ chế đặt hàng, giao nhiệm vụ, học bổng và hỗ trợ học phí.
Các cơ sở giáo dục đại học được tự chủ xác định chỉ tiêu tuyển sinh, lựa chọn phương thức tuyển sinh, tổ chức đào tạo, liên kết đào tạo và cấp văn bằng khi đáp ứng điều kiện bảo đảm chất lượng, trừ các ngành đào tạo giáo viên, quốc phòng, an ninh. Trường đại học được chủ động tổ chức hoạt động nghiên cứu khoa học, phát triển công nghệ và đổi mới sáng tạo, khai thác hợp pháp tài sản, tài nguyên, sở hữu trí tuệ và hợp tác quốc tế.
Luật cũng cho phép các cơ sở giáo dục đại học được tự chủ trong thu, chi, phân phối kết quả tài chính, quản lý tài sản, đầu tư phát triển, huy động nguồn lực hợp pháp trong và ngoài nước, trừ các cơ sở thuộc Bộ Quốc phòng và Bộ Công an. Các cơ sở này được xác định số lượng người làm việc, tuyển dụng nhà khoa học uy tín trong và ngoài nước. Tuy nhiên, Luật quy định rõ quyền tự chủ tài chính, nhân sự phải gắn với nghĩa vụ công khai, minh bạch và trách nhiệm giải trình, bảo đảm phù hợp cơ chế tự chủ của đơn vị sự nghiệp công lập.
Chính phủ cho biết các quy định mới nhằm khắc phục tình trạng tự chủ ""chưa thực chất"" của luật hiện hành, thiết lập đầy đủ tự chủ học thuật, tổ chức bộ máy, nhân sự và tài chính, đồng thời xác lập trách nhiệm giải trình là nghĩa vụ pháp lý bắt buộc. Luật cũng bổ sung cơ chế kiểm soát quyền lực, tăng cường liêm chính học thuật, minh bạch tài chính và chất lượng hoạt động của các cơ sở giáo dục đại học.
Luật xác định giáo dục đại học là nòng cốt trong phát triển nhân lực trình độ cao, bồi dưỡng nhân tài, thúc đẩy khoa học, công nghệ và đổi mới sáng tạo. Hệ thống giáo dục đại học được định hướng phát triển hiện đại, chất lượng, linh hoạt, liên thông, đáp ứng yêu cầu phát triển kinh tế - xã hội, bảo đảm quốc phòng, an ninh, hội nhập quốc tế và phát triển bền vững. Nhà nước đầu tư hiện đại hóa hạ tầng kỹ thuật, nâng cấp cơ sở vật chất, phòng thí nghiệm, trung tâm đào tạo - nghiên cứu xuất sắc, cơ sở giáo dục đại học trọng điểm và cơ sở đào tạo giáo viên.
Quốc hội cũng bổ sung chính sách đào tạo, bồi dưỡng, hỗ trợ giảng viên nâng cao trình độ chuyên môn, năng lực số, ngoại ngữ; trọng dụng, thu hút nhà khoa học, giảng viên xuất sắc trong và ngoài nước. Việc ứng dụng công nghệ số và trí tuệ nhân tạo trong quản trị và đào tạo được luật hóa, đi kèm yêu cầu bảo vệ dữ liệu cá nhân, an toàn thông tin và minh bạch trong sử dụng công nghệ.
Đối với mô hình đại học quốc gia, đại học vùng, Luật quy định đây là các cơ sở giáo dục đại học đào tạo đa lĩnh vực ở tất cả các trình độ, có sứ mạng dẫn dắt phát triển vùng, liên kết nguồn lực và xây dựng hệ sinh thái khoa học - công nghệ - đổi mới sáng tạo. Chính phủ cho biết việc sửa đổi Luật hướng tới nâng cao hiệu quả quản trị bên trong từng đại học vùng, làm rõ chức năng điều phối chiến lược và quyền tự chủ học thuật, tổ chức, tài chính của các trường đại học thành viên, đồng thời hoàn thiện cơ chế phân cấp, phân quyền và trách nhiệm giải trình.
Bác sĩ nội trú không mặc nhiên tương đương thạc sĩ
Luật cũng làm rõ ranh giới học thuật giữa đào tạo trình độ thạc sĩ, tiến sĩ với các chương trình đào tạo chuyên sâu trong lĩnh vực y khoa. Theo quy định, các chương trình bác sĩ nội trú, bác sĩ chuyên khoa I, chuyên khoa II là hình thức đào tạo thực hành chuyên sâu sau đại học do Bộ Y tế hướng dẫn, tổ chức thực hiện và quản lý, không thuộc hệ thống học vị thạc sĩ, tiến sĩ.
Trong báo cáo giải trình, Chính phủ nhấn mạnh việc công nhận tương đương giữa văn bằng bác sĩ nội trú, bác sĩ chuyên khoa với học vị thạc sĩ, tiến sĩ hiện không có cơ sở khoa học và không có tiền lệ quốc tế. Thực tiễn tại nhiều quốc gia cho thấy hệ thống giáo dục đều phân định rõ đào tạo học vị với đào tạo thực hành đặc thù trong ngành y.
Chính phủ khẳng định đội ngũ bác sĩ nội trú, bác sĩ chuyên khoa là lực lượng có năng lực chuyên môn cao, đóng góp lớn cho sự nghiệp chăm sóc sức khỏe nhân dân, song việc chuẩn hóa văn bằng phải bảo đảm tính chuẩn mực học thuật. Việc liên thông giữa các chương trình đào tạo chuyên khoa với trình độ thạc sĩ, tiến sĩ vẫn được thực hiện thông qua cơ chế công nhận tín chỉ, học phần trên cơ sở hồ sơ đào tạo thực tế và chuẩn chương trình, trong khuôn khổ quyền tự chủ của các cơ sở giáo dục đại học.
Quy định này nhằm chấm dứt tình trạng lẫn lộn giữa học vị học thuật và văn bằng hành nghề chuyên sâu, đồng thời tăng cường trách nhiệm của Bộ Y tế trong quản lý đào tạo sau đại học thuộc lĩnh vực sức khỏe.
Luật Giáo dục đại học (sửa đổi) có hiệu lực từ ngày 1/1/2026.
Sơn Hà"
https://vnexpress.net/thu-khoa-8-0-ielts-tung-chat-vat-voi-tieng-anh-4992189.html#box_comment_vne,Thủ khoa 8.0 IELTS từng chật vật với tiếng Anh,"Hoàng Khoa, thủ khoa Đại học Quốc tế vượt qua rào cản tiếng Anh khi nhập học để đạt GPA 93.4/100, 8.0 IELTS nhờ tự ôn tập qua TikTok và AI.","Hồ Vũ Hoàng Khoa, 22 tuổi, quê ở thành phố Huế, nhận bằng xuất sắc ngành Công nghệ sinh học vào ngày 28/11. Trong 1.708 tân cử nhân tốt nghiệp ở trường Đại học Quốc tế, Đại học Quốc gia TP HCM năm nay, Khoa dẫn đầu với điểm trung bình tích lũy (GPA) đạt 93.4/100.
""Minh thấy rất vui, nhưng danh hiệu này cũng không nói lên quá nhiều điều. Dù sao thì tôi cũng đã nỗ lực hết sức"", Khoa chia sẻ.
Ngay từ hồi tiểu học, Khoa đã thích các môn khoa học vì tò mò. Ngày học lớp 8, Khoa tham gia đội tuyển Sinh học của trường và nuôi dưỡng đam mê với lĩnh vực này từ đó. Lên lớp 10, nam sinh đỗ vào lớp chuyên Sinh, trường THPT chuyên Trần Đại Nghĩa, TP HCM. Ban đầu, Khoa định theo ngành Y theo xu hướng của đa số bạn bè. Tuy nhiên, năm lớp 12, Khoa quyết định rẽ hướng sang ngành Công nghệ sinh học, bởi thấy ngành này ""có tiềm năng phát triển trong tương lai"".
Nam sinh sau đó đỗ vào trường Đại học Quốc tế bằng điểm thi đánh giá năng lực. Ngay khi nhập học, Khoa gặp khó khăn với chương trình học toàn bộ bằng tiếng Anh, vốn không phải sở trường. Nam sinh phải tham gia lớp học tăng cường tiếng Anh vào kỳ đầu năm thứ nhất, trước khi học chương trình chính khóa.
""Mình rất nhức đầu vì phải nói và viết bằng tiếng Anh"", Khoa kể. Để vượt qua, nam sinh quyết tâm ""ăn nằm"" với ngôn ngữ này hàng ngày. Khoa tập thói quen xem phim và các video có phụ đề tiếng Anh trên nền tảng TikTok để cải thiện kỹ năng nghe, đọc và nâng cao vốn từ vựng. Việc học trên trường cũng giúp nam sinh dần rèn được phản xạ với tiếng Anh.
""Mình cũng xem và tìm hiểu các lĩnh vực yêu thích bằng tiếng Anh thay vì học theo cách truyền thống"", Khoa nói. ""Học với tâm thế thoải mái sẽ giúp tối ưu thời gian và nâng cao năng suất"".
Tháng 11 vừa qua, Khoa nhận kết quả 8.0 IELTS với điểm tuyệt đối ở hai kỹ năng Đọc và Nghe, sau quá trình ôn luyện chuyên sâu trong vòng một tháng. Ở hai kỹ năng này, bí quyết của Khoa là ""cày đề"", hệ thống lại các câu hay sai để luyện tập thêm. Với phần Viết và Nói, nam sinh tận dụng Trí tuệ nhân tạo (AI) để chấm và chữa bài, đồng thời học cách khai thác ý tưởng từ các bài giảng trên mạng.
Còn với các môn học ở trên lớp, Khoa thường tự đọc thêm tài liệu chuyên ngành, luyện đề các năm trước và bám sát tiêu chí của từng môn học để ""hiểu bản chất"" và làm đúng yêu cầu. Nam sinh cho hay dành 3-4 tiếng tự học ở nhà mỗi ngày, cố gắng ngủ trước 22h để đảm bảo sức khỏe. Ngoài ra, Khoa còn học nhóm cùng bạn bè để mở rộng kiến thức.
Một cách khác giúp Khoa học tốt hơn là tích cực làm trợ giảng cho thầy cô trong các môn học như Thực hành Sinh học, Thực hành Di truyền học, Giải tích I, và Hóa hữu cơ. Bởi để làm tốt, nam sinh cần hệ thống hóa và nắm vững kiến thức của từng môn.
Đề tài khóa luận của Khoa là ""Genome-wide association study of Tuberculous Meningitis and Pulmonary Tuberculosis in Vietnam"", tạm dịch: Nghiên cứu tương quan toàn hệ gen giữa lao màng não và lao phổi ở Việt Nam. Theo nam sinh, nghiên cứu tập trung vào việc xác định các đa hình đơn nucleotide có thể liên quan tới sự lan truyền của vi khuẩn lao đến hệ thần kinh trung ương, đạt 95/100 điểm.
Ngoài thời gian học tập và nghiên cứu, Khoa chơi game và tìm hiểu về âm nhạc. Nam sinh chơi kèn trumpet từ thời cấp hai, sau này tập thêm guitar. Khoa từng trải nghiệm làm hộp nhạc và thấy thích thú. Tuy nhiên, vì hộp nhạc chỉ giới hạn 30 nốt, Khoa quyết định học thêm nhạc lý, phân tích nhạc bằng lập trình.
Tiến sĩ Lê Thanh Hoàng Nhật, người trực tiếp hướng dẫn Hoàng Khoa làm luận văn, nhận xét nam sinh ham học hỏi, có đam mê nghiên cứu khoa học và kỹ năng tốt.
""Khoa tự trang bị cho mình kỹ năng lập trình nâng cao cùng kiến thức rất vững về sinh học phân tử và di truyền. Đây cũng là điều khiến Khoa nổi bật hơn hẳn so với các bạn"", anh Nhật nói.
Nam sinh cho biết dự định du học để phát triển chuyên môn, với mong muốn tạo ra các mô hình trí tuệ nhân tạo giúp giải thích các hiện tượng sinh học và có thêm nhiều trải nghiệm.
Huyền Trang"
https://vnexpress.net/bo-bang-tot-nghiep-trung-hoc-co-so-4992057.html,Bỏ bằng tốt nghiệp trung học cơ sở,"Quốc hội sáng 10/12 thông qua Luật Giáo dục sửa đổi, trong đó bỏ việc cấp bằng tốt nghiệp trung học cơ sở, thay bằng xác nhận hoàn thành chương trình trên học bạ.","Theo luật mới, hệ thống văn bằng của giáo dục quốc dân gồm bằng tốt nghiệp trung học phổ thông, bằng trung học nghề, trung cấp, cao đẳng, cử nhân, thạc sĩ, tiến sĩ và văn bằng chương trình đào tạo chuyên sâu của một số ngành, lĩnh vực đặc thù.
So với quy định hiện hành, luật đã bỏ việc cấp bằng tốt nghiệp trung học cơ sở. Thay vào đó, học sinh học hết chương trình giáo dục tiểu học và trung học cơ sở, đủ điều kiện theo quy định của Bộ trưởng Giáo dục và Đào tạo, sẽ được hiệu trưởng nhà trường xác nhận việc hoàn thành chương trình trên học bạ.
Học sinh học hết chương trình trung học phổ thông, đủ điều kiện được dự thi, đạt yêu cầu thì được cấp bằng tốt nghiệp trung học phổ thông. Trường hợp không dự thi hoặc thi không đạt yêu cầu, được cấp giấy chứng nhận hoàn thành chương trình giáo dục phổ thông, sử dụng để đăng ký dự thi lấy bằng tốt nghiệp sau này hoặc theo học giáo dục nghề nghiệp.
Luật quy định văn bằng, chứng chỉ do cơ sở giáo dục thuộc các loại hình và hình thức đào tạo trong hệ thống giáo dục quốc dân cấp có giá trị pháp lý như nhau, không phân biệt công lập hay tư thục. Văn bằng, chứng chỉ được cấp dưới dạng bản giấy hoặc bản số nhằm thúc đẩy chuyển đổi số trong giáo dục.
Bộ trưởng Giáo dục và Đào tạo thống nhất quản lý văn bằng, chứng chỉ toàn hệ thống để bảo đảm liên thông, minh bạch. Riêng văn bằng các chương trình đào tạo chuyên sâu sau đại học lĩnh vực sức khỏe như bác sĩ nội trú, bác sĩ chuyên khoa do Bộ Y tế hướng dẫn và quản lý theo quy định của Luật Giáo dục đại học.
Miễn học phí công lập, kết thúc hoạt động của Hội đồng trường
Về nền tảng bắt buộc, luật tiếp tục xác định giáo dục tiểu học và trung học cơ sở là giáo dục bắt buộc, đồng thời Nhà nước thực hiện phổ cập giáo dục mầm non cho trẻ từ 3 đến 6 tuổi.
Một điểm mới quan trọng là miễn học phí đối với toàn bộ học sinh phổ thông trong cơ sở giáo dục công lập trên phạm vi cả nước. Chính phủ quyết định việc miễn phí sách giáo khoa cho học sinh. Bộ trưởng Giáo dục và Đào tạo quyết định một bộ sách giáo khoa giáo dục phổ thông sử dụng thống nhất toàn quốc, đồng thời thành lập hội đồng quốc gia thẩm định sách giáo khoa theo từng môn học và hoạt động giáo dục.
Luật sửa đổi cũng kết thúc hoạt động của hội đồng trường đối với cơ sở giáo dục mầm non, phổ thông công lập, chuyển toàn bộ quyền quản trị về hiệu trưởng theo mô hình mới. Chế độ phụ cấp ưu đãi nghề đối với đội ngũ nhân sự hỗ trợ giáo dục không phải là giáo viên cũng được bổ sung.
Quỹ học bổng quốc gia sẽ được thành lập, ưu tiên hỗ trợ người học sau đại học, các ngành khoa học cơ bản, kỹ thuật, công nghệ và các lĩnh vực Nhà nước cần khuyến khích phát triển nguồn nhân lực chất lượng cao.
Luật cũng quy định điều khoản chuyển tiếp: bằng tốt nghiệp trung học cơ sở đã cấp trước thời điểm luật có hiệu lực vẫn giữ nguyên giá trị pháp lý; các hồ sơ, thủ tục giáo dục nộp trước thời điểm luật có hiệu lực tiếp tục được giải quyết theo quy định cũ.
Luật sửa đổi, bổ sung một số điều của Luật Giáo dục có hiệu lực từ ngày 1/1/2026, trừ một số nội dung được áp dụng từ ngày 1/7/2026.
Sơn Hà"
https://vnexpress.net/giao-vien-se-duoc-tang-phu-cap-toi-thieu-70-4992065.html,Giáo viên sẽ được tăng phụ cấp tối thiểu 70%,"Quốc hội giao Chính phủ xây dựng lộ trình nâng phụ cấp ưu đãi nghề cho giáo viên mầm non, phổ thông công lập lên mức tối thiểu 70%, giáo viên vùng đặc biệt khó khăn hưởng mức 100%.","Sáng 10/12, Quốc hội thông qua Nghị quyết về một số cơ chế, chính sách đặc thù, vượt trội nhằm tạo đột phá phát triển giáo dục và đào tạo, hiệu lực từ ngày 1/1/2026. Bên cạnh phụ cấp ưu đãi nghề cho giáo viên, nhân viên các trường mầm non, phổ thông công lập cũng được hưởng phụ cấp ưu đãi nghề tối thiểu 30%.
Cả nước hiện có hơn 1,05 triệu giáo viên mầm non và phổ thông hưởng lương từ ngân sách nhà nước. Mức lương dao động từ 4,9 đến 15,87 triệu đồng một tháng, tùy bậc học. Sau khi cộng các khoản phụ cấp, tổng thu nhập khoảng 6,6 đến 30 triệu đồng một tháng.
Quốc hội cho phép các cơ sở giáo dục nghề nghiệp, đại học được tự chủ quyết định mức thu nhập tăng thêm cho nhà giáo, viên chức và người lao động từ nguồn thu hợp pháp ngoài ngân sách nhà nước được để lại, phù hợp với quy chế chi tiêu nội bộ và kết quả hoạt động của đơn vị.
Theo nghị quyết, Giám đốc Sở Giáo dục và Đào tạo được tuyển dụng, tiếp nhận, quản lý nhà giáo, cán bộ quản lý và nhân viên trường mầm non, giáo dục phổ thông, giáo dục thường xuyên, trường chuyên biệt và trung học nghề công lập trên địa bàn tỉnh. Chủ tịch cấp xã được điều động, thuyên chuyển, biệt phái, bổ nhiệm, miễn nhiệm, thay đổi vị trí việc làm đối với nhà giáo, cán bộ quản lý và nhân viên trường công lập thuộc quyền quản lý.
Các cơ sở giáo dục nghề nghiệp, trường đại học được tự chủ xác định vị trí việc làm, tuyển dụng, ký hợp đồng lao động với chuyên gia, nhà khoa học có trình độ tiến sĩ là người nước ngoài, người Việt Nam định cư ở nước ngoài.
Bộ trưởng Giáo dục và Đào tạo được giao quyết định một bộ sách giáo khoa phổ thông sử dụng thống nhất toàn quốc từ năm học 2026-2027. Đến năm 2030, Nhà nước cung cấp sách giáo khoa miễn phí cho học sinh, ưu tiên vùng có điều kiện đặc biệt khó khăn, vùng đồng bào dân tộc thiểu số và miền núi, biên giới, hải đảo.
Nhà nước đồng thời bảo đảm nguồn lực miễn học phí và giáo trình môn giáo dục quốc phòng và an ninh tại các trường dạy nghề, đại học. Học sinh, sinh viên được tiếp cận nguồn tín dụng ưu đãi từ Ngân hàng Chính sách xã hội để trang trải chi phí học tập, sinh hoạt. Nghiên cứu sinh tham gia chương trình trọng điểm đào tạo theo đặt hàng của Nhà nước gắn với nhiệm vụ khoa học, công nghệ ưu tiên quốc gia được cấp học bổng và chi phí sinh hoạt.
Luật quy định Nhà nước bảo đảm chi tối thiểu 20% tổng chi ngân sách nhà nước cho giáo dục và đào tạo; bố trí ngân sách từ nguồn tăng thu cho phát triển giáo dục, ưu tiên vùng có điều kiện kinh tế - xã hội đặc biệt khó khăn. Trong 6 tháng kể từ khi hội đồng trường kết thúc hoạt động, cơ quan quản lý trực tiếp các cơ sở giáo dục công lập quyết định nhiệm vụ quản lý, điều hành do hội đồng trường đảm nhiệm liên quan đến tổ chức, nhân sự.
580.000 tỷ đồng hiện đại hóa giáo dục đến 2035
Sáng cùng ngày, Quốc hội cũng thông qua Nghị quyết phê duyệt chủ trương đầu tư Chương trình mục tiêu quốc gia hiện đại hóa, nâng cao chất lượng giáo dục và đào tạo giai đoạn 2026-2035. Dự kiến kinh phí thực hiện chương trình giai đoạn 2026-2030 là 174.600 tỷ đồng, trong đó vốn ngân sách trung ương 100.000 tỷ đồng, vốn đối ứng địa phương 45.100 tỷ đồng, vốn đối ứng của các trường đại học và cao đẳng 20.400 tỷ đồng, vốn huy động khác 9.100 tỷ đồng.
Giai đoạn 2031-2035, căn cứ kết quả thực hiện giai đoạn đầu, Chính phủ trình Quốc hội quyết định nguồn lực tiếp tục triển khai chương trình. Tổng các nguồn lực dự kiến huy động trong 10 năm là 580.100 tỷ đồng.
Chương trình nhằm hiện đại hóa toàn diện hệ thống giáo dục và đào tạo, tạo bước chuyển căn bản về chất lượng; mở rộng cơ hội học tập cho người dân, bảo đảm công bằng trong tiếp cận giáo dục và quyền học tập suốt đời; đáp ứng nhu cầu nhân lực, nhất là nhân lực chất lượng cao cho phát triển đất nước.
Đến năm 2030, toàn quốc sẽ hoàn thành giáo dục bắt buộc đến hết trung học cơ sở, kiên cố hóa toàn bộ phòng học; 30% trường mầm non, phổ thông có thiết bị để giảng dạy và học một số môn bằng tiếng Anh, từng bước đưa tiếng Anh thành ngôn ngữ thứ hai.
18 trường cao đẳng trọng điểm được đầu tư đào tạo nhân lực có kỹ năng nghề cao trong các ngành, nghề kỹ thuật, công nghệ phục vụ các chương trình, dự án trọng điểm quốc gia. Một nửa số trường đại học đạt chuẩn, trong đó ít nhất 30 trường được đầu tư hiện đại tương đương các nước phát triển châu Á; 8 trường thuộc nhóm 200 trường hàng đầu châu Á; 1 trường thuộc nhóm 100 trường hàng đầu thế giới trong một số ngành, lĩnh vực.
Đến năm 2035, Việt Nam phấn đấu có 60 trường cao đẳng tiếp cận trình độ các nước ASEAN-4; 6 trường tiếp cận trình độ các nước phát triển thuộc Nhóm 20 nền kinh tế hàng đầu. Ít nhất 12 trường đại học thuộc nhóm hàng đầu châu Á và 2 trường thuộc nhóm 100 trường hàng đầu thế giới.
Vũ Tuân"
https://vnexpress.net/chuong-trinh-sau-dai-hoc-y-hoc-du-phong-duoc-nha-nuoc-cap-kinh-phi-4991999.html,Chương trình sau đại học y học dự phòng được Nhà nước cấp kinh phí,Người theo học chương trình sau đại học y học dự phòng tại cơ sở công lập được Nhà nước hỗ trợ toàn bộ kinh phí đào tạo và chi phí sinh hoạt trong toàn khóa.,"Sáng 10/12, Quốc hội thông qua Luật Phòng bệnh với nhiều chính sách phát triển nguồn nhân lực cho y học dự phòng, y tế công cộng và dinh dưỡng.
Ngoài chính sách cho người học sau đại học tại các cơ sở giáo dục công lập, người học tại các cơ sở giáo dục tư thục cũng được Nhà nước hỗ trợ học phí với mức tương ứng.
Bên cạnh đó, luật quy định cấp học bổng khuyến khích đối với người học đại học, sau đại học tại các trường công lập thuộc lĩnh vực y học dự phòng, y tế công cộng, dinh dưỡng có kết quả học tập, rèn luyện tốt.
Người đang công tác tại trạm y tế cấp xã, cơ sở y tế dự phòng ở khu vực biên giới, hải đảo, vùng đồng bào dân tộc thiểu số và miền núi, vùng có điều kiện kinh tế - xã hội khó khăn, đặc biệt khó khăn, nếu đi học sau đại học các lĩnh vực y học dự phòng, y tế công cộng, dinh dưỡng cũng được cấp học bổng.
Luật khuyến khích tổ chức, cá nhân cấp học bổng, trợ cấp cho người theo học các lĩnh vực này; đồng thời quy định Nhà nước có chính sách thu hút, tuyển dụng, ưu đãi, bố trí và sử dụng hợp lý nhân lực làm công tác phòng bệnh, nhất là tại biên giới, hải đảo, vùng đồng bào dân tộc thiểu số và miền núi, vùng khó khăn. Nhân viên y tế trực tiếp làm chuyên môn tại trạm y tế cấp xã, cơ sở y tế dự phòng được hưởng chính sách ưu đãi đặc thù, vượt trội.
Luật Phòng bệnh cũng quy định thành lập Quỹ phòng bệnh là quỹ tài chính nhà nước ngoài ngân sách, trực thuộc Bộ Y tế, hoạt động theo mô hình đơn vị sự nghiệp công lập. Quỹ được hình thành từ vốn điều lệ do ngân sách nhà nước hỗ trợ; chuyển toàn bộ kinh phí kết dư của Quỹ phòng, chống tác hại thuốc lá; khoản đóng góp bắt buộc 2% trên giá tính thuế tiêu thụ đặc biệt của cơ sở sản xuất, nhập khẩu thuốc lá; cùng nguồn đóng góp, tài trợ, viện trợ không hoàn lại.
Quỹ phòng bệnh được sử dụng cho các hoạt động phòng, chống tác hại thuốc lá; khám sức khỏe định kỳ, sàng lọc miễn phí cho người dân; phòng, chống bệnh không lây nhiễm; phòng, chống rối loạn tâm thần; dinh dưỡng phòng bệnh; ứng dụng khoa học, công nghệ, đổi mới sáng tạo và hợp tác quốc tế trong lĩnh vực phòng bệnh.
Với bệnh truyền nhiễm, luật phân loại thành nhóm A là bệnh đặc biệt nguy hiểm, nhóm B là bệnh nguy hiểm, nhóm C là bệnh ít nguy hiểm và nhóm khác. Người mắc bệnh truyền nhiễm nhóm A và một số bệnh nhóm B phải cách ly y tế bắt buộc tại nhà, cơ sở khám chữa bệnh hoặc địa điểm theo quy định; trường hợp không chấp hành sẽ bị cưỡng chế cách ly.
Đối với bệnh không lây nhiễm và rối loạn tâm thần, luật quy định người dân được khám sức khỏe định kỳ, sàng lọc miễn phí ít nhất mỗi năm 1 lần theo nhóm và lộ trình ưu tiên. Doanh nghiệp chi trả chi phí khám sức khỏe định kỳ cho người lao động; ngân sách nhà nước, Quỹ bảo hiểm y tế, Quỹ phòng bệnh chi trả theo quy định.
Luật Phòng bệnh có hiệu lực từ ngày 1/7/2026.
Vũ Tuân"
https://vnexpress.net/nguoi-hoc-tien-si-o-dai-hoc-y-ha-noi-dong-nhat-tu-truoc-den-nay-4991759.html,Người học tiến sĩ ở Đại học Y Hà Nội đông nhất từ trước đến nay,"Năm 2025, trường Đại học Y Hà Nội tuyển được 280 nghiên cứu sinh tiến sĩ, là mức kỷ lục, do có nhiều chính sách hỗ trợ và môi trường uy tín, theo hiệu trưởng Nguyễn Hữu Tú.","Trường Đại học Y Hà Nội (HMU) ngày 8/12 tổ chức nhập học đợt 2 cho hơn 100 nghiên cứu sinh. Tính cả đợt 1 hồi cuối tháng 9, năm nay, trường tuyển được 280 nghiên cứu sinh.
""Đây là một cột mốc ấn tượng trong hoạt động đào tạo sau đại học"", trường đánh giá.
Tối 9/12, GS.TS Nguyễn Hữu Tú, hiệu trưởng Đại học Y Hà Nội, cho biết số nghiên cứu sinh tuyển được năm nay đạt 86% chỉ tiêu trường được cấp - cũng cao nhất từ trước đến nay. Năm ngoái, trường chỉ tuyển được 193 ứng viên, đạt 81%.
Ông Tú nhìn nhận có 4 lý do để đạt được kết quả trên. Một là trường đã điều chỉnh chỉ tiêu phù hợp với từng ngành, chuyên ngành và năng lực hướng dẫn của các bộ môn. Hai là chính sách hỗ trợ giảng viên làm nghiên cứu sinh, hỗ trợ nghiên cứu khoa học và xuất bản quốc tế.
Ba là hỗ trợ để nghiên cứu sinh có điều kiện học tập, nghiên cứu thuận lợi. Bốn là uy tín, chất lượng và môi trường nghiên cứu của Y Hà Nội ngày càng nâng cao, tạo sức hút với nghiên cứu sinh khắp cả nước.
Hiện, một trong những điều kiện để làm nghiên cứu sinh tiến sĩ ở Đại học Y Hà Nội là có hai bài báo khoa học, đăng trên các tạp chí trong nước. Theo ông Tú, trường nằm trong số ít cơ sở đào tạo yêu cầu chuẩn đầu ra khắt khe. Ứng viên phải có tối thiểu một bài báo quốc tế trong danh mục cơ sở dữ liệu khoa học uy tín ISI/Scopus. Quy định của Bộ Giáo dục và Đào tạo chỉ yêu cầu có công bố trên tạp chí uy tín trong nước.
Trường Đại học Y Hà Nội được thành lập năm 1902, hiện là trường đào tạo khối ngành sức khỏe hàng đầu cả nước.
Sau đại học, học viên khối ngành này có hai hướng đi: học thạc sĩ, tiến sĩ theo hệ thống văn bằng quốc gia, hoặc học bác sĩ nội trú, bác sĩ chuyên khoa I, II theo hướng chuyên sâu. Hai nhóm tương đồng về chế độ tiền lương, điều kiện bổ nhiệm quản lý, lãnh đạo trong cơ sở y tế công lập. Tuy nhiên, bằng tiến sĩ là tiêu chuẩn để giảng dạy, mở ngành ở trường đại học và xét chuẩn chức danh giáo sư, phó giáo sư.
Học phí với nghiên cứu sinh năm 2025 ở trường Đại học Y Hà Nội là 84 triệu đồng một năm (10 tháng), với hầu hết ngành. Bốn ngành thu học phí thấp hơn là Dịch tễ học (77,75 triệu đồng), Dinh dưỡng, Y tế công cộng, Quản lý y tế (đều 59 triệu đồng/năm).
Thanh Hằng - Dương Tâm"
https://vnexpress.net/nam-sinh-16-tuoi-hai-lan-doat-mvp-giai-bong-ro-tre-vnexpress-4991537.html,Nam sinh 16 tuổi hai lần đoạt MVP giải Bóng rổ trẻ VnExpress,"Tường Minh, 16 tuổi, là ""tay ghi điểm"" của đội tuyển THPT Vinschool The Harmony, hai lần đoạt danh hiệu nam cầu thủ xuất sắc (MVP) giải Bóng rổ trẻ VnExpress - Ziaja Cup 2025.","Trong trận chung kết với trường THPT Cầu Giấy (Hà Nội) chiều 7/12, Tường Minh đã giành về 19 trong tổng số 41 điểm của đội Vinschool The Harmony. Đây cũng là trận thứ hai tại Giải Bóng rổ trẻ VnExpress - Ziaja Cup, Tường Minh đạt danh hiệu nam cầu thủ xuất sắc.
Với tốc độ nhanh nhạy và khả năng ném bóng tốt, chính xác, Trần Lưu Tường Minh giữ vai trò là hậu vệ phối hợp (combo guard), chơi linh hoạt được ở cả ba vị trí tiền phong phụ (SF), hậu vệ dẫn bóng (PG) và hậu vệ ghi điểm (SG).
Nhớ về trận chung kết, Minh kể tinh thần toàn đội nhiều lúc bị chững lại, khiến thi đấu thiếu ăn ý ở hiệp hai và ba. Đến hiệp bốn, sau khi hội ý và động viên nhau, cả đội mới lấy lại nhịp độ, chuyển sang tấn công mạnh mẽ và dứt khoát hơn. Những cú ném ba điểm thành công của Minh đã giúp The Harmony dẫn điểm.
""Em cảm thấy bản thân đã cố hết sức và bộc lộ hết khả năng để giành điểm cho đội. Em không thấy có gì tiếc nuối trong trận này"", Tường Minh chia sẻ.
Minh chuyển đến trường Vinschool The Harmony vào năm lớp 6. Vốn yêu thích bơi lội, nam sinh chuyển qua chơi bóng rổ để làm quen với các bạn mới, rồi dần yêu thích bộ môn này. Sang lớp 7, được huấn luyện viên và bạn bè khích lệ, Minh bắt đầu tham gia các giải đấu giao lưu giữa các trường và câu lạc bộ.
""Em rất yêu bóng rổ. Em yêu cảm giác được cổ vũ, nhìn bóng rơi trúng rổ và giành chiến thắng"", Minh nói. Mỗi tuần, ngoài 4-5 buổi tập cùng đội, Minh ngày nào cũng tự tập thêm để duy trì phong độ. Hiện, em là thành viên của câu lạc bộ Bóng rổ Hanoi Titans.
Hơn bốn năm gắn bó với quả bóng cam, Minh cùng đội tuyển đã mang về nhiều thành tích như giành Top 6 giải vô địch bóng rổ quốc gia hay huy chương đồng giải 3x3 VBA Hà Nội. Song, ở giải quốc gia, em vẫn tiếc vì chưa có nhiều cơ hội tỏa sáng như mong muốn.
""Phải đến trận chung kết VnExpress - Ziaja Cup với đội trường THPT Cầu Giấy, em mới thấy tự hào vì đã thể hiện được bản thân"", Minh nói.
Minh cũng từng cảm thấy mất động lực khi so sánh mình với các cầu thủ khác. Thấy các bạn cùng trang lứa có nhiều thành tích nổi bật, nam sinh tự ti, chán nản. Nhưng sau nhiều lần trò chuyện cùng bố mẹ và huấn luyện viên, em dần học cách biến áp lực thành động lực, tập trung rèn luyện và tin vào sự tiến bộ của chính mình.
Để cải thiện kỹ năng, Minh thường xem lại video thi đấu của các cầu thủ chuyên nghiệp, phân tích chiến thuật và kỹ thuật ném của họ rồi đối chiếu với bản thân. Em cho biết lấy Stephen Curry, một trong những hậu vệ dẫn bóng nổi tiếng nhất giải bóng rổ nhà nghề Mỹ, làm hình mẫu lý tưởng cho sự kiên trì và kỷ luật.
Ngoài bóng rổ, Tường Minh vẫn duy trì kết quả học tập tốt trên lớp. Theo nam sinh, mấu chốt nằm ở việc sử dụng thời gian sao cho thông minh và hiệu quả.
""Không phải học nhiều giờ hay tập nhiều buổi là tốt, mà quan trọng là khi học hay khi tập, mình phải tập trung tối đa"", Minh nhìn nhận.
Do vậy, trong những giai đoạn căng thẳng thi đấu, Minh không tăng lịch luyện mà tăng cường độ tập trong từng buổi. Những lúc mệt mỏi, em sẽ giảm giờ tập, chuyển sang các ngày khác. Trước mỗi trận, ngoài khởi động kỹ, Minh còn tập thở để giữ bình tĩnh.
Anh Nguyễn Hoàng An, huấn luyện viên trưởng của Minh tại câu lạc bộ bóng rổ Hanoi Titans, đánh giá em là cầu thủ có khả năng ghi điểm tốt, tính kỷ luật cao và luôn hướng về tập thể.
""Trong các buổi tập, Minh hầu như không bỏ buổi nào, lại luôn chủ động trao đổi với huấn luyện viên để cải thiện kỹ thuật. Em ấy cũng có khả năng điểm rổ và ném trong khoảng hẹp tốt, thường xuyên ghi về nhiều điểm cho đội tuyển"", anh nói.
Về định hướng lâu dài, Minh cho biết không theo đuổi bóng rổ chuyên nghiệp. Em đang luyện thi chứng chỉ IELTS, dự định du học Mỹ và duy trì chơi bóng rổ như một sở thích.
Hải Yến"
https://vnexpress.net/doi-hinh-tieu-bieu-giai-bong-ro-tre-vnexpress-2025-cup-ziaja-4992067.html,Đội hình tiêu biểu Giải Bóng rổ Trẻ VnExpress 2025 - Cup Ziaja,"Đội hình nữ và nam tiêu biểu của Giải Bóng rổ Trẻ VnExpress 2025 - Cup Ziaja gồm những nhân tố ""gánh team"" như Thế Bình, Tiến Minh, Bảo Thy, Hà My.","Đỗ Thế Bình (THPT Vinschool The Harmony) là mũi ghi điểm chủ lực của đội vô địch nội dung nam. Thi đấu ở vị trí hậu vệ ghi điểm (SG), cầu thủ này sở hữu khả năng dứt điểm hiệu quả ở tầm trung lẫn ngoài vạch ba điểm.
Thế Bình khiến mọi đối thủ đều phải để mắt đến. Em tạo khoảng trống cho đồng đội, nhưng cũng có thể bứt đi dũng mãnh để thực hiện những pha lên rổ.
Đỗ Thế Bình (THPT Vinschool The Harmony) là mũi ghi điểm chủ lực của đội vô địch nội dung nam. Thi đấu ở vị trí hậu vệ ghi điểm (SG), cầu thủ này sở hữu khả năng dứt điểm hiệu quả ở tầm trung lẫn ngoài vạch ba điểm.
Thế Bình khiến mọi đối thủ đều phải để mắt đến. Em tạo khoảng trống cho đồng đội, nhưng cũng có thể bứt đi dũng mãnh để thực hiện những pha lên rổ.
Trần Lưu Tường Minh (Vinschool The Harmony) là hậu vệ có lối chơi lắt léo, đa năng của nhà vô địch nam mùa giải năm nay. Em lên công về thủ không biết mệt, tổ chức nhịp tấn công và không ngại hỗ trợ trung phong tranh chấp rebound ở cả hai đầu sân.
Trần Lưu Tường Minh (Vinschool The Harmony) là hậu vệ có lối chơi lắt léo, đa năng của nhà vô địch nam mùa giải năm nay. Em lên công về thủ không biết mệt, tổ chức nhịp tấn công và không ngại hỗ trợ trung phong tranh chấp rebound ở cả hai đầu sân.
Nguyễn Tiến Minh là hậu vệ dẫn bóng (PG) giữ nhịp cho đội á quân THPT Cầu Giấy. Em nhiều lần đi bóng từ đầu sân nhà sang đầu sân đối thủ, kéo bóng qua số đông hậu vệ và điều tiết nhịp tấn công.
Nguyễn Tiến Minh là hậu vệ dẫn bóng (PG) giữ nhịp cho đội á quân THPT Cầu Giấy. Em nhiều lần đi bóng từ đầu sân nhà sang đầu sân đối thủ, kéo bóng qua số đông hậu vệ và điều tiết nhịp tấn công.
Cùng với Tiến Minh, Bùi Nam Khánh, đội trưởng THPT Cầu Giấy, là ngòi nổ phản công nguy hiểm. Tốc độ là điểm mạnh nhất của Nam Khánh, nhưng những cú ném ba điểm của em cũng rất chuẩn xác.
Cùng với Tiến Minh, Bùi Nam Khánh, đội trưởng THPT Cầu Giấy, là ngòi nổ phản công nguy hiểm. Tốc độ là điểm mạnh nhất của Nam Khánh, nhưng những cú ném ba điểm của em cũng rất chuẩn xác.
Nguyễn Đức Bình Minh (THPT Cầu Giấy) sở hữu chiều cao trên 1m80, án ngữ dưới rổ. Trung phong (C) số 16 bắt rebound tốt, block chắc tay và kết thúc gọn gàng các pha lên rổ cự ly gần.
Khi xếp chung một đội, Tiến Minh sẽ cầm trịch ở vị trí PG, Nam Khánh và Thế Bình ở SG, Tường Minh chơi SF (tiền phong phụ) cơ động, còn Bình Minh ở vị trí C. Cách bố trí này cho phép đội triển khai lối chơi nhanh, phát huy sở trường ném ba của các hậu vệ nhưng vẫn duy trì được nền tảng phòng ngự chắc chắn.
Nguyễn Đức Bình Minh (THPT Cầu Giấy) sở hữu chiều cao trên 1m80, án ngữ dưới rổ. Trung phong (C) số 16 bắt rebound tốt, block chắc tay và kết thúc gọn gàng các pha lên rổ cự ly gần.
Khi xếp chung một đội, Tiến Minh sẽ cầm trịch ở vị trí PG, Nam Khánh và Thế Bình ở SG, Tường Minh chơi SF (tiền phong phụ) cơ động, còn Bình Minh ở vị trí C. Cách bố trí này cho phép đội triển khai lối chơi nhanh, phát huy sở trường ném ba của các hậu vệ nhưng vẫn duy trì được nền tảng phòng ngự chắc chắn.
Ở đội hình tiêu biểu nội dung nữ, Đinh Ngọc Phương Linh, đội trưởng THPT Phan Đình Phùng, thi đấu ở vị trí PG. Em là bộ não của đội với khả năng cầm nhịp, tổ chức lối chơi. Linh từng giành MVP trận chung kết mùa trước.
Ở đội hình tiêu biểu nội dung nữ, Đinh Ngọc Phương Linh, đội trưởng THPT Phan Đình Phùng, thi đấu ở vị trí PG. Em là bộ não của đội với khả năng cầm nhịp, tổ chức lối chơi. Linh từng giành MVP trận chung kết mùa trước.
Vũ Dương Bảo Thy (Phan Đình Phùng) là hậu vệ đa năng. Em ghi điểm tốt, nhanh nhẹn, xông xáo, lên công về thủ liên tục. Dù thể hình không quá nổi bật, Thy đã giành MVP của trận chung kết mùa này.
Vũ Dương Bảo Thy (Phan Đình Phùng) là hậu vệ đa năng. Em ghi điểm tốt, nhanh nhẹn, xông xáo, lên công về thủ liên tục. Dù thể hình không quá nổi bật, Thy đã giành MVP của trận chung kết mùa này.
Chơi cùng vị trí với Bảo Thy, Vinschool The Harmony có Lê Bảo Hương. VĐV số 18 tranh chấp rebound khôn khéo, những pha di chuyển dọc biên, khả năng bứt lên trong các pha phản công nhanh.
Chơi cùng vị trí với Bảo Thy, Vinschool The Harmony có Lê Bảo Hương. VĐV số 18 tranh chấp rebound khôn khéo, những pha di chuyển dọc biên, khả năng bứt lên trong các pha phản công nhanh.
Đội trưởng của Harmony Lý Hà My thường giữ bóng ở vị trí PG và là tay ghi điểm chủ lực. Cô kết nối tập thể, giữ lửa tinh thần và dẫn dắt đội giành bốn danh hiệu liên tiếp trong năm.
Đội trưởng của Harmony Lý Hà My thường giữ bóng ở vị trí PG và là tay ghi điểm chủ lực. Cô kết nối tập thể, giữ lửa tinh thần và dẫn dắt đội giành bốn danh hiệu liên tiếp trong năm.
Trung phong The Harmony Đồng Minh Anh với chiều cao trên 1m70 có ưu thế ở khu dưới rổ. Cô bắt rebound, chiếm vị trí sâu trong khu vực hình thang và kết thúc gọn gàng các pha lên rổ cự ly gần.
Trong đội hình này, Minh Anh là trung phong án ngữ dưới rổ, Hà My và Phương Linh luân phiên cầm nhịp ở vị trí PG, còn Bảo Thy và Bảo Hương đảm nhiệm vai trò guard đa năng. Đội hình này vừa có người tổ chức lối chơi, vừa sở hữu bộ đôi hậu vệ linh hoạt có thể ghi điểm, xuyên phá lẫn hỗ trợ phòng ngự.
Giải Bóng rổ Trẻ VnExpress 2025 - Cup Ziaja do BáoVnExpressvà Công ty Cổ phần Dịch vụ Trực tuyến FPT (FPT Online) tổ chức, có sự giám sát chuyên môn của Liên đoàn Bóng rổ Việt Nam. Giải nằm trong đề án quốc gia ""Phát triển bóng rổ học đường đến năm 2030"". Thông tin về giải được cập nhật trênfanpagevàwebsitechính thức của giải.
Trung phong The Harmony Đồng Minh Anh với chiều cao trên 1m70 có ưu thế ở khu dưới rổ. Cô bắt rebound, chiếm vị trí sâu trong khu vực hình thang và kết thúc gọn gàng các pha lên rổ cự ly gần.
Trong đội hình này, Minh Anh là trung phong án ngữ dưới rổ, Hà My và Phương Linh luân phiên cầm nhịp ở vị trí PG, còn Bảo Thy và Bảo Hương đảm nhiệm vai trò guard đa năng. Đội hình này vừa có người tổ chức lối chơi, vừa sở hữu bộ đôi hậu vệ linh hoạt có thể ghi điểm, xuyên phá lẫn hỗ trợ phòng ngự.
Giải Bóng rổ Trẻ VnExpress 2025 - Cup Ziaja do BáoVnExpressvà Công ty Cổ phần Dịch vụ Trực tuyến FPT (FPT Online) tổ chức, có sự giám sát chuyên môn của Liên đoàn Bóng rổ Việt Nam. Giải nằm trong đề án quốc gia ""Phát triển bóng rổ học đường đến năm 2030"". Thông tin về giải được cập nhật trênfanpagevàwebsitechính thức của giải."
https://vnexpress.net/giao-vien-tu-tuc-hoc-cao-dang-dai-hoc-sau-ngay-1-7-2020-duoc-hoan-tien-hoc-phi-4991820.html,Giáo viên được hoàn tiền học 'nâng chuẩn',"Thầy cô đã tự túc học cao đẳng, đại học để ""nâng chuẩn"" theo Luật Giáo dục sau ngày 1/7/2020 sẽ được địa phương hoàn lại tiền học phí.","Nội dung trên nằm trong Nghị định sửa đổi, bổ sung lộ trình nâng chuẩn giáo viên từ mầm non đến THCS của Chính phủ (Nghị định 311/2025), được Bộ Giáo dục và Đào tạo công bố tối 9/12.
Luật Giáo dục hiện hành hiệu lực từ 1/7/2020, quy định giáo viên mầm non phải có bằng cao đẳng sư phạm; giáo viên tiểu học và THCS có bằng đại học trở lên. Trước kia, yêu cầu chỉ là bằng trung cấp và cao đẳng. Vì thế, hơn 250.000 giáo viên chưa đạt, phải nâng chuẩn, hạn cuối vào năm 2030.
Thầy cô thuộc diện này vốn được địa phương cử đi học và chi trả kinh phí. Tuy nhiên, thời điểm đó, nhiều giáo viên chủ động bỏ tiền túi học lên cao đẳng, đại học để nhanh chóng đạt chuẩn. Theo Nghị định mới, những người đã học và được cấp bằng sau ngày 1/7/2020 sẽ được truy lĩnh số học phí đã nộp, không gồm chi phí học và thi lại.
Với nhóm giáo viên mầm non đã có bằng đại học, UBND cấp tỉnh sẽ tham mưu HĐND quyết định mức chi trả, song không thấp hơn mức học phí từ trình độ trung cấp lên cao đẳng. Hạn hoàn thành là 31/12/2027.
Một điểm mới nữa của Nghị định 311 là bỏ phương thức đấu thầu đào tạo giáo viên trong việc nâng chuẩn. Hai hình thức còn lại là địa phương giao nhiệm vụ hoặc đặt hàng cơ sở đào tạo. Thầy cô có thể chủ động đăng ký học ở các trường đào tạo Sư phạm, nếu địa phương không đủ điều kiện mở lớp theo hai hình thức trên.
Ngoài ra, khi học nâng chuẩn, giáo viên mầm non đang làm việc ở nhóm, lớp mẫu giáo có từ 30% trẻ là con công nhân sẽ được hỗ trợ ít nhất 800.000 đồng/người/tháng.
Theo thống kê của Bộ Giáo dục và Đào tạo, đến cuối năm học trước, tỷ lệ giáo viên mầm non, tiểu học đạt chuẩn khoảng 92%, THCS gần 95%, đều tăng khoảng 1-2% so với năm học liền kề.
Cả nước hiện có khoảng 1,25 triệu giáo viên, bậc tiểu học đông nhất (hơn 400.000), bậc mầm non và THCS đều có hơn 300.000 người, còn lại ở hệ THPT.
Thanh Hằng"
https://vnexpress.net/truong-hoc-muon-may-loc-khong-khi-giam-hoat-dong-ngoai-troi-vi-o-nhiem-4991694.html,"Trường học mượn máy lọc không khí, giảm hoạt động ngoài trời vì ô nhiễm","Hà NộiNhiều lớp học ở trường THCS Thanh Xuân Trung được phụ huynh cho mượn máy lọc không khí để đảm bảo sức khỏe con em, khi chất lượng không khí ""rất xấu"".","Cô Trịnh Hồng Vân, hiệu trưởng trường THCS Thanh Xuân Trung, phường Thanh Xuân, chiều 9/12 cho biết từ cuối tuần trước, nhiều phụ huynh đã cho trường mượn máy lọc không khí, đặt tại lớp cho con em. Hiện, khoảng 20 lớp học đã có máy lọc, mỗi lớp hai cái.
""Từ ý tưởng của một vài phụ huynh, rồi các bố mẹ chia sẻ, lan tỏa với nhau"", cô Vân nói, nhìn nhận đây là giải pháp tích cực, thể hiện sự chung tay của phụ huynh với nhà trường, giúp cô trò yên tâm dạy và học.
Tương tự, tại một trường tiểu học ở phường Kim Liên, gần chục phụ huynh mang máy lọc không khí tới, cho các lớp mượn. Điều hòa trong lớp học được mở để không khí lưu thông tốt hơn, theo hiệu trưởng nhà trường.
Cùng đó, các trường cho biết đã giảm hoạt động ngoài trời trong những ngày này. Theo hiệu trưởng Trịnh Hồng Vân, khoảng một tuần nay, tiết sinh hoạt dưới cờ được tổ chức tại lớp, một số chuyên đề cần học tập trung được chuyển vào phòng thư viện.
Học sinh được lưu ý không ra ngoài sân vào giờ ra chơi. Theo cô Vân, nhiều giáo viên chủ nhiệm chuẩn bị các bộ cờ vua, cờ tướng, cá ngựa để học sinh chơi ngay trong lớp.
Thầy Nguyễn Cao Cường, hiệu trưởng trường THCS Thái Thịnh, phường Đống Đa, cho biết ngoài hạn chế hoạt động ngoài trời, trường còn khuyến cáo học sinh đeo khẩu trang khi đi ngoài đường, tăng cường giữ gìn vệ sinh mũi họng.
Đây cũng là giải pháp của trường THCS Chương Dương (phường Hồng Hà). Dù vậy, hiệu trưởng Nguyễn Thị Vân Hồng nhìn nhận không nên yêu cầu học sinh ở trong không gian kín quá lâu. Thầy cô trong trường cân đối hoạt động trong lớp và ngoài trời, theo dõi thời tiết và tranh thủ những thời điểm không khí không quá xấu để học sinh vận động.
Một giáo viên THCS ở Thanh Xuân cho biết vài ngày gần đây, trường lưu ý hạn chế học sinh ra ngoài vào giờ ra chơi. Một số học sinh chuẩn bị tham gia Hội khỏe Phù Đổng cấp phường và hoạt động khác vì thế không có điều kiện tập luyện.
""Tất cả tập trung trong lớp nên nhiều em tỏ ra khá bức bí"", cô kể. ""Cô trò đều mong mọi hoạt động sớm trở lại bình thường"".
Theo các hiệu trưởng, hiện tại chưa ghi nhận trường hợp học sinh gặp vấn đề sức khỏe nghiêm trọng do ô nhiễm không khí.
Từ cuối tháng 11, Hà Nội thường xuyên mờ mịt vì bụi mịn, chất lượng không khí ở ngưỡng ""xấu"" và ""rất xấu"" với chỉ số AQI quanh mức 200.
Theo các chuyên gia, ba yếu tố tác động chính đến ô nhiễm không khí tại Hà Nội gồm: Nguồn thải từ bên ngoài (vận chuyển tầm xa); nguồn thải tại chỗ (từ các hoạt động như công nghiệp, giao thông, đốt rác...); và điều kiện khí tượng.
UBND thành phố yêu cầu ngành giáo dục hạn chế hoạt động ngoài trời ở các khung giờ mà chất lượng không khí ở mức ""xấu"" trở lên, tức AQI trên 150. Trường hợp AQI vượt 301 - mức nguy hại, các trường cần chủ động cho học sinh nghỉ hoặc điều chỉnh thời gian làm việc, học tập phù hợp.
Thanh Hằng"
https://vnexpress.net/hoc-sinh-tp-hcm-co-the-nghi-4-ngay-tet-duong-lich-2026-4991769.html,Học sinh TP HCM có thể nghỉ Tết dương lịch 4 ngày,"TP HCMHọc sinh TP HCM có thể được nghỉ thêm ngày 2/1 để có kỳ nghỉ Tết dương lịch 4 ngày liên tục (1 đến 4/1), do hiệu trưởng quyết định, theo lãnh đạo Sở Giáo dục và Đào tạo.","Nội dung trên được ông Nguyễn Hà Nguyên, Phó Chánh văn phòng Sở Giáo dục và Đào tạo TP HCM, chia sẻ tại Hội nghị giao ban chuyên môn giáo dục phổ thông, sáng 9/12.
Theo quy định, người lao động, công sở nghỉ Tết Dương lịch một ngày. Năm nay, ngày 1/1/2026 rơi vào thứ năm. Trước câu hỏi của một số hiệu trưởng về việc cho học sinh nghỉ ngày 2/1 (thứ sáu) để tạo thành kỳ nghỉ dài 4 ngày liên tiếp, ông Nguyên nói Sở đã giao quyền chủ động cho các trường.
Hiệu trưởng sẽ quyết định việc này. Các buổi dạy bù có thể theo hình thức trực tuyến để đảm bảo chương trình.
Sau khi sáp nhập với tỉnh Bà Rịa - Vũng Tàu và Bình Dương cũ, TP HCM có 2,6 triệu trẻ mầm non và học sinh phổ thông, đông nhất cả nước.
Theo khung kế hoạch năm học của Bộ Giáo dục và Đào tạo, các tỉnh, thành được chủ động lịch học, miễn đảm bảo đủ 35 tuần thực học trong năm; thời gian học phải phù hợp với đặc điểm, điều kiện thực tiễn của địa phương.
Thanh Hằng"
https://vnexpress.net/nguoi-dan-nuoc-dong-nam-a-nao-danh-nhieu-thoi-gian-vao-mang-nhat-4991796.html,Người dân nước Đông Nam Á nào dành nhiều thời gian vào mạng nhất?,"Trung bình mỗi người dân nước này vào mạng gần 9 tiếng một ngày, dẫn đầu Đông Nam Á và trong top 3 thế giới.",Thanh Hằng
https://vnexpress.net/bo-luong-cao-thac-si-harvard-dua-nhau-khoi-nghiep-4990893.html,"Bỏ lương cao, thạc sĩ Harvard đua nhau khởi nghiệp","MỹDù lương trung bình lên hơn 184.000 USD mỗi năm, nhiều thạc sĩ Quản trị kinh doanh (MBA) của Đại học Harvard từ chối các tập đoàn để ra làm chủ.","Trường Kinh doanh Harvard (HBS) hồi đầu tháng công bố dữ liệu việc làm của khóa tốt nghiệp năm 2025. Theo đó, trung bình lương cơ bản của học viên là 184.500 USD mỗi năm (khoảng 4,8 tỷ đồng), tăng so với 175.000 USD của năm ngoái. Con số này chưa bao gồm tiền thưởng và các khoản đãi ngộ khác.
Ước tính, thu nhập trọn đời của cựu sinh viên HBS là hơn 8,5 triệu USD, theoPoets & Quants- tổ chức chuyên về dữ liệu các chương trình MBA.
Mặc dù có mức lương hứa hẹn, số sinh viên không đi theo con đường tìm việc làm truyền thống (gia nhập các tập đoàn lớn) lại tăng cao, ở mức 35%, tăng 5% so với năm ngoái. Trong đó, 17% đã lên kế hoạch tự thành lập doanh nghiệp riêng – tỷ lệ cao nhất từng được ghi nhận. Năm 2021, con số này chỉ khoảng 8%.
Sự chuyển hướng sang con đường khởi nghiệp phản ánh những thay đổi đang lan rộng ở thị trường việc làm Mỹ.
Công cụ Trí tuệ Nhân tạo (AI) đã làm giảm đáng kể rào cản bước đầu của quá trình khởi nghiệp. Các công việc như nghiên cứu thị trường, thử nghiệm sản phẩm, và đổi mới giờ đây có thể được tinh giản, giúp người trẻ dễ dàng xây dựng doanh nghiệp hơn.
Xu hướng này cũng cho thấy người trẻ đang rút kinh nghiệm từ thế hệ Millennials (Gen Y), những người phải làm việc cật lực để lên được bậc quản lý cấp trung và rồi đối diện với tình trạng kiệt sức.
Một khảo sát của nền tảng tài chính Intuit công bố năm ngoái cho thấy, khoảng 2/3 người trẻ từ 18 đến 35 tuổi có một công việc phụ. Gần một nửa cho biết lý do là muốn được làm chủ chính mình.
Giới trẻ cũng không còn mặn mà với các công việc tư vấn tài chính hay ngân hàng truyền thống, theo Steven Schwartz, một CEO Gen Z sáng lập nền tảng thương mại Whop. Thay vào đó, họ muốn làm nhà sáng tạo nội dung trực tuyến, hoặc tìm kiếm khách hàng trực tuyến.
""Chúng tôi được giáo dục cởi mở hơn. Tại sao không làm những việc thú vị nhất?"", Schwartz nói.
Bên cạnh nhóm khởi nghiệp, 65% sinh viên tốt nghiệp MBA ở Harvard vẫn lựa chọn gia nhập thị trường lao động truyền thống. Trong số này, 90% nhận được ít nhất một lời mời làm việc trong vòng ba tháng sau khi tốt nghiệp, cho thấy bằng MBA của Harvard vẫn được săn đón.
Đáng chú ý, lần đầu tiên trong 5 năm HBS công khai dữ liệu, ngành Công nghệ đã trở thành ngành tuyển dụng hàng đầu, chiếm 22% số lượng việc làm, vượt lĩnh vực truyền thống như Tư vấn (21%) và Quỹ đầu tư tư nhân (14%) – những nơi từng thu hút thạc sĩ HBS đông đảo nhất.
Với những người đã có việc làm, 58% được nhận khoản thưởng khi ký hợp đồng, với mức trung bình là 30.000 USD (790 triệu đồng).
Khánh Linh(TheoFortune, Harvard Business School)"
https://vnexpress.net/20-dai-hoc-co-phi-sinh-hoat-re-nhat-my-4991589.html,20 đại học có phí sinh hoạt rẻ nhất Mỹ,"Mỹ20 đại học thu phí ăn, ở ký túc xá với du học sinh khoảng 2.900-8.600 USD mỗi năm, trong khi mức trung bình là 14.500 USD.","Tổ chức US News tuần trước công bố dữ liệu về chi phí ăn, ở tại ký túc xá của hơn 1.000 đại học tại Mỹ. Phí này bao gồm phòng ở chung và tổng các bữa ăn trong khuôn viên trường.
Theo đó, chi phí trung bình với du học sinh trong năm học 2025-2026 là 14.500 USD (hơn 380 triệu đồng).
Tuy nhiên, một số trường thu phí này thấp hơn nhiều. Trong số 20 trường thu phí sinh hoạt dễ chịu nhất, mức trung bình chỉ khoảng 6.900 USD.
Hầu hết các trường trong danh sách đều là đại học/cao đẳng vùng. Khác với các trường đại học quốc gia thường thiên hướng nghiên cứu, đại học và cao đẳng vùng tập trung nhiều hơn vào giảng dạy các kỹ năng làm việc thực tế, có ít hoặc không có chương trình sau đại học (thạc sĩ, tiến sĩ).
Tiền ăn, ở tại 20 trường này dao động 2.900-8.600 USD/năm (76 - 227 triệu đồng).
Ở chiều ngược lại, trường có phí ăn ở cao nhất theo khảo sát là Học viện Công nghệ New York, 28.200 USD, theo sau là Đại học The New School, Trường Nghệ thuật Thị giác, Đại học New York và Đại học Fordham. Tất cả nằm ở New York - một trong những thành phố đắt đỏ nhất Mỹ.
Chi phí du học Mỹ hiện đã vượt mốc 100.000 USD ở nhiều trường, học phí chiếm 70-80% con số này. Tính trong 20 năm qua, chi phí đại học đã tăng khoảng 40%, theoUS News.
Khánh Linh"
https://vnexpress.net/muon-hoc-truong-chuyen-nhung-so-ap-luc-4989497.html,Muốn học trường chuyên nhưng sợ áp lực,"Ước mơ của em là đỗ vào trường THPT chuyên, nhưng nghe nó sẽ rất áp lực, giáo viên cũng không yêu quý.","Em đang học lớp 8. Để theo đuổi mục tiêu đỗ trường chuyên, từ lớp 5, em đã giữ ổn định mức điểm trên 9 ở đều các môn, đồng thời đạt một số giải thưởng cấp tỉnh.
Vừa rồi, em được nghe các anh, chị từng học trường chuyên nói rằng môi trường này rất áp lực, nhất là với những bạn học yếu hơn phần còn lại của lớp. Nhóm này cũng không được giáo viên yêu quý. Em rất lo lắng, không biết có nên theo đuổi ước mơ này nữa hay không.
Em rất mong được tiếp nhận những ý kiến đóng góp của mọi người. Cảm ơn mọi người rất nhiều!
Trinh"
https://vnexpress.net/ngua-chien-an-ninh-mang-cua-bach-khoa-tp-hcm-4991353.html,'Ngựa chiến' an ninh mạng của Bách khoa TP HCM,"Đằng sau vẻ điềm tĩnh, Lê Hồng Minh là một ""chiến binh"" thực thụ tại các đấu trường an ninh mạng nhờ tốc độ và kỷ luật thép, tốt nghiệp xuất sắc với điểm GPA 3.7/4.","Lê Hồng Minh, thủ khoa chuyên ngành Kỹ thuật và Khoa học máy tính (định hướng Nhật Bản) tại Đại học Bách khoa TP HCM, là một trong 50 sinh viên tiêu biểu được trường trao Huy chương Vàng tốt nghiệp năm nay.
Chỉ hai tuần trước ngày nhận bằng, Minh cùng đồng đội đã kịp giành giải nhì bảng sinh viên tại ASEAN Cyber Shield 2025 – cuộc thi an ninh mạng khu vực Đông Nam Á, nhận phần thưởng 10.000 USD.
Dù đã tham dự nhiều lễ trao giải, khi nhận tấm Huy chương vàng của trường trao, Minh vẫn thấy lâng lâng.
""Cảm giác này rất mới mẻ với mình, vì đây là ngày đặc biệt - ngày tốt nghiệp"", Minh nói.
Vốn là dân chuyên Toán trường THPT chuyên Lê Quý Đôn (Bà Rịa - Vũng Tàu cũ), bước ngoặt đến với Minh vào cuối năm lớp 11 khi tình cờ tham gia một cuộc thi an toàn thông tin trên Facebook.
""Lúc đó mình chỉ thấy vui nên rủ bạn bè chơi thử"", Minh nhớ lại. Cuộc thi không có giải thưởng, nhưng lại mở ra cho Minh thế giới bên trong chiếc máy tính - những nguyên lý vận hành, từ phần mềm, phần cứng đến cách các hệ thống tương tác bên trong.
Minh sau đó còn đọc được một bài viết về mật mã học trên tạp chí Toán Pi. Những thuật toán bảo mật được diễn giải bằng logic toán học hoàn toàn chinh phục nam sinh, khiến cậu quyết định theo đuổi lĩnh vực Khoa học máy tính và mật mã học.
Năm 2021, Minh đỗ vào Bách khoa TP HCM, theo ngành Kỹ thuật và Khoa học máy tính, chương trình định hướng Nhật Bản vì yêu thích văn hóa Nhật. Nam sinh vừa phải học một lượng lớn kiến thức đại cương, vừa học tiếng Nhật từ đầu.
Sau một học kỳ, Minh tìm ra cách: hoàn thành mọi bài tập tiếng ngay trong buổi học để thời gian còn lại trong ngày dành cho chuyên ngành.
Mật mã học là lĩnh vực Minh tự mày mò. Năm thứ hai, cậu gia nhập Câu lạc bộ An toàn thông tin BKISC của trường, và được thầy Nguyễn An Khương, cố vấn, ""chọn mặt gửi vàng"" cho vị trí Chủ tịch. Nam sinh được thầy cô ví như ""ngựa chiến"" bởi sự bền bỉ, tốc độ và khả năng thực chiến khi dẫn dắt đội tuyển trường thi đấu khắp trong và ngoài nước.
Để cân bằng giữa bài trên lớp và đam mê, Minh đặt ra lịch trình chặt chẽ. Trong tuần, Minh xếp thời gian cố định để học vào buổi tối, xử lý toàn bộ bài vở trên trường trước ngày thứ sáu. Nhờ vậy, Minh có thể dành trọn cuối tuần cho câu lạc bộ và các cuộc thi Capture the Flag (CTF) trực tuyến. Chương trình mô phỏng những ứng dụng hoặc hệ thống có lỗ hổng bảo mật để người chơi khai thác và tìm kiếm ""flag"", hiểu nôm na là ""cướp cờ"".
""Nhiều kỳ thi rất cuốn, nên mình sẵn sàng thức khuya, thậm chí thức trắng để giải bài"", Minh nói.
Kỳ thi chính thức đầu tiên của Minh là Sinh viên với An toàn Thông tin 2023. Minh phụ trách phần mật mã (cryptography), trong khi ba bạn còn lại trong đội đảm nhiệm khai thác lỗ hổng web (web exploitation), khai thác lỗ hổng nhị phân (binary exploitation) và dịch ngược (reverse engineering). Lần thi ấy, vì non kinh nghiệm, đội của Minh không vượt qua vòng sơ khảo.
Thất bại ấy không làm Minh nản. Nam sinh và các bạn thi thử liên tục với các kỳ CTF. Chỉ gần một năm sau, Minh vượt qua hàng trăm thí sinh để lọt vào Top 15 châu Á ở vòng loại International Cybersecurity Challenge, rồi dự thi ở Mỹ, cũng giành giải ba đồng đội.
Đây cũng là cuộc thi để lại nhiều dấu ấn nhất với Minh, vì là lần đầu tiếp xúc thể thức attack & defense (tấn công và phòng thủ). Khác với jeopardy – dạng câu hỏi giải bài, mỗi đội phải vừa phòng thủ hệ thống của mình, vừa tấn công hệ thống đối thủ.
""Mình hoàn toàn không biết gì về thể thức này, nên hoang mang. Nhưng khi hoàn thành thì thấy nó cực kỳ thú vị, giống một cuộc tấn công mạng thật ngoài đời"", Minh kể.
Năm cuối đại học, Minh được giao làm huấn luyện viên đội tuyển Đông Nam Á, trong cuộc thi International Cybersecurity Challenge 2025 tại Tokyo.
Minh chia sẻ, bên cạnh những trải nghiệm thú vị và kiến thức mới, là vô số khoảnh khắc áp lực, đòi hỏi tập trung và quyết đoán. Như trong kỳ thi ASEAN Cyber Shield kéo dài liên tục 15 tiếng, Minh mất 7-8 tiếng để giải bài toán về điều tra số (forensics). Hay như một lần cả đội đang loay hoay với một bài cực khó, khi thời gian gần hết, Minh quyết định bỏ bài, chuyển cả đội sang các bài dễ hơn để tối ưu điểm.
Những lúc thi đấu bế tắc, Minh thường tạm ngừng, đứng dậy đi rửa mặt cho tỉnh táo, rồi quay lại và nhìn vấn đề theo hướng mới.
Tiến sĩ Nguyễn An Khương, giảng viên hướng dẫn đồ án tốt nghiệp và cố vấn BKISC, đánh giá Minh là ""một trong số rất ít sinh viên toàn diện"" mà thầy gặp trong 25 năm giảng dạy. Minh sở hữu kiến thức vững, có tư duy chiến lược, thành tích thi đấu nổi bật, thành thạo cả tiếng Anh và tiếng Nhật.
""Với tôi, Minh là hình mẫu của thế hệ kỹ sư trẻ: giỏi chuyên môn, vững ngoại ngữ, có trách nhiệm và khát vọng vươn ra quốc tế. Tôi tin em sẽ còn tiến rất xa"", thầy Khương nói.
Những tháng cuối cùng của năm thứ tư, dù lịch thi đấu dày đặc, phải dự hai cuộc thi quốc tế ở Đài Loan và Arab Saudi, Minh vẫn hoàn thành đồ án tốt nghiệp với chủ đề ""Nghiên cứu và phát triển hệ thống xác thực blockchain tích hợp OAuth 2.0 sử dụng Zero-Knowledge Proofs"", đạt 9.6/10 điểm. Trước đó, để cân bằng khối lượng công việc lớn, Minh chia đồ án thành nhiều giai đoạn nhỏ với mục tiêu theo tuần.
""Nhờ chuẩn bị sớm, mình làm trước những phần quan trọng nên khi bước vào các cuộc thi đầu óc không bị phân tán"", Minh cho biết.
Sau khi tốt nghiệp, chàng trai 22 tuổi dự kiến học thạc sĩ tại châu Âu. Hai xu hướng lớn mà Minh quan tâm là: trí tuệ nhân tạo và tính toán lượng tử trong an toàn thông tin. Theo Minh, AI có thể giúp phát hiện lỗ hổng nhanh, nhưng đồng thời tạo thêm nguy cơ hacker lợi dụng để tấn công trước khi hệ thống kịp vá. Còn tính toán lượng tử có thể phá vỡ nhiều thuật toán mật mã hiện dùng.
Về lý do chọn châu Âu, Minh nhìn nhận đây là nơi chú trọng khoa học cơ bản.
""Mình cũng có ấn tượng tốt đẹp mà phong cách làm việc cởi mở của những người bạn châu Âu ở các kỳ thi đấu"", Minh nói.
Khánh Linh"
https://vnexpress.net/5-nganh-nghe-trien-vong-nhat-o-australia-trong-10-nam-toi-4991356.html,5 ngành nghề triển vọng nhất ở Australia trong 10 năm tới,"Chăm sóc sức khỏe và dịch vụ xã hội sẽ chiếm gần 1/5 số công việc tại Australia vào năm 2035, dẫn đầu các ngành có triển vọng tốt nhất.","Cơ quan tư vấn về lực lượng lao động Australia (JSA) tháng trước công bố Báo cáo Việc làm và Kỹ năng năm 2025, dự đoán những ngành nghề tăng trưởng nhanh trong thập kỷ tới.
Báo cáo được thực hiện cùng Đại học Victoria, sử dụng khối lượng lớn dữ liệu nhân khẩu học, dữ liệu việc làm và kinh tế vĩ mô, cùng dự báo từ các cơ quan chính phủ.
Theo đó, tổng số việc làm tại Australia dự kiến sẽ tăng gần hai triệu trong 10 năm tới, đạt tổng 16,6 triệu người có việc làm vào tháng 5/2035.
Ngành Chăm sóc sức khỏe và hỗ trợ xã hội tiếp tục có tốc độ tăng trưởng mạnh nhất, thêm hơn 540.000 công việc, chiếm 17,5% tổng số lượng việc làm.
5 ngành sẽ có thêm nhiều công việc nhất ở Australia trong 10 năm tới như sau:
Xét về cấp bậc, nhu cầu với nhóm chuyên gia, nhân viên có trình độ chuyên môn cao sẽ tăng trưởng mạnh nhất, lên tới gần 850.000 vị trí. Trong số này, Y tá, kế toán và lập trình viên phần mềm cần lượng lớn nhân lực hơn cả.
Với các bang và khu vực, Victoria có thêm nhiều việc làm nhất, tăng 15,3%, tương đương gần 580.000 công việc mới vào năm 2035. Theo sau là New South Wales (tăng 577.000 công việc), Queensland (hơn 400.000) và Western Australia (gần 230.000).
Xét theo trình độ giáo dục, hơn một nửa số việc làm mới (54,3%) đòi hỏi bằng cử nhân hoặc cao hơn.
Hiện, y tế và chăm sóc sức khỏe là ngành dễ kiếm việc làm nhất với du học sinh, cả bậc đại học và cao học, theo khảo sát QILT (chỉ tiêu chất lượng dạy và học ở đại học) do Bộ Giáo dục Australia tài trợ, công bố tháng trước.
Khánh Linh"
https://vnexpress.net/nu-sinh-phan-dinh-phung-xuat-sac-tran-chung-ket-bong-ro-tre-vnexpress-4991355.html,Nữ sinh Phan Đình Phùng xuất sắc trận chung kết bóng rổ Trẻ VnExpress,"Hà NộiVũ Dương Bảo Thy, học sinh lớp 12D7, THPT Phan Đình Phùng, là cầu thủ xuất sắc nhất (MVP) trận chung kết Giải bóng rổ trẻ VnExpress - Cup Ziaja 2025.","Trận đấu diễn ra vào chiều ngày 7/12. Nữ sinh góp công lớn vào chiến thắng 37-29 trước Vinschool Harmony, giúp trường giành chức vô địch thứ ba tại sân chơi này.
""Em tự hào vì cả đội đã cùng nhau tiến bộ. Em muốn dành chiến thắng này cho tất cả khán giả đã tới cổ vũ"", nữ sinh nói sau trận đấu.
Mang áo số 98, chơi ở vị trí PS/SG (Hậu vệ dẫn bóng/Hậu vệ ghi điểm), Thy chịu trách nhiệm dẫn, phân phối bóng, giữ nhịp độ cho trận và ghi điểm. Nữ sinh được đánh giá nhanh nhẹn, xông xáo và dẫn nhịp tốt dù không có ưu thế thể hình.
Bắt đầu chơi bóng từ sáu năm trước để ""cho vui"", Thy dần bị tinh thần đồng đội của môn thể thao này lôi cuốn. Thy nói cũng nhờ bóng rổ, em gặp được những người bạn tuyệt vời cả trong lẫn ngoài sân bóng, nên ngày càng gắn bó.
Từ cấp hai đến cấp ba, Thy là gương mặt quen thuộc trong đội tuyển bóng rổ trường tại các giải đấu. Thy từng cùng đội THPT Phan Đình Phùng dự và giành chức vô địch tại nhiều cuộc thi thể thao cho học sinh, như Hội khỏe Phù Đổng ở Hải Phòng năm 2024, Giải giao hữu bóng rổ Trẻ HCM–HN 2025.
Trước chung kết Cup Ziaja, Phan Đình Phùng được dự báo gặp khó vì từng thua Vinschool Harmony ở lần đối đầu gần nhất. Thy đánh giá đội bạn có sự đồng đều và không phải những ""đối thủ"" dễ chơi. Vì vậy ở lần chạm trán này, Thy và đồng đội đã ""lên dây cót"" tinh thần, quyết tâm bảo vệ ngôi vô địch.
Hàng ngày, Thy đi tập với đội hoặc tranh thủ tập trước giờ vào học, buổi trưa và sau giờ học với đội trưởng Đinh Linh. Ngoài những buổi tập chính có huấn luyện viên, Thy cũng ở lại tự tập 30-45 phút. Nữ sinh tập ném, ôn lại bài của thầy và sửa tất cả lỗi từng mắc để chuẩn bị cho trận chung kết.
Khi mới bắt đầu trận đấu, Thy nhìn nhận mình chưa làm tốt vai trò triển khai bóng, do tâm lý chưa ở trạng thái tốt nhất. Hiệp đầu cũng là khoảng thời gian đội Phan Đình Phùng để đối thủ dẫn trước một vài lần.
Nhưng càng đi sâu vào trận, Thy càng bình tĩnh và tự tin, chơi hay hơn. Đội Phan Đình Phùng cũng vươn lên ngay trước khi hiệp 1 kết thúc, sau đó vững vàng duy trì thế trận trước những đòn đáp trả từ đội nữ Vinschool Harmony.
Với Thy, đây là chiến thắng ý nghĩa nhất bởi là trận cuối cùng của lứa tuổi 2008 trong màu áo tuyển trường.
HLV Vũ Quỳnh Thu nhận xét thế mạnh của Thy là là dẫn bóng qua người chắc và bình tĩnh. Trong trận chung kết, cả hai điểm mạnh đều phát huy tốt, giúp Thy ghi nhiều điểm cho đội. Em cũng cải thiện được kỹ năng đọc tình huống để có những cú ném 3 điểm tốt.
Dù không phải đội trưởng, Thy có vai trò tinh thần quan trọng. Em thường là người an ủi, cổ vũ các bạn khi cả đội chưa đạt được đúng ý đồ chiến thuật của huấn luyện viên.
Ngoài sân bóng, Thy là một cán sự lớp trách nhiệm và là tay trống nổi bật trong các hoạt động văn nghệ của lớp. Cô Hằng, giáo viên chủ nhiệm 12D7, cho biết em luôn duy trì học lực giỏi và hoàn thành mọi nhiệm vụ mà thầy cô giao. Vì đã có nhiều kinh nghiệm thi đấu, Thy cũng không để việc luyện tập cho các giải đấu ảnh hưởng tới kết quả học tập.
Sắp tới, Thy dự định sẽ tạm gác bóng rổ lại để chuyên tâm vào việc học, chuẩn bị cho kỳ thi tốt nghiệp THPT 2026 và tìm hiểu các ngành học.
""Sau đó, em sẽ quay lại với bộ môn này như một niềm vui, thay vì chọn làm con đường sự nghiệp lâu dài"", Thy cho hay.
Khánh Linh"
https://vnexpress.net/giai-bong-ro-tre-vnexpress-khep-lai-mua-thu-ba-4991513.html,Giải Bóng rổ Trẻ VnExpress khép lại mùa thứ ba,"Hà NộiLễ bế mạc Giải Bóng rổ Trẻ VnExpress 2025 – Cup Ziaja diễn ra chiều 7/12 tại Cung Thiếu nhi Hà Nội cơ sở 2, khép lại mùa thứ hai tại Thủ đô và mùa thứ ba của hệ thống.","Sau hai trận chung kết, lễ trao giải được tổ chức ngay tại sân đấu, với sự tham gia của khoảng 100 cầu thủ học sinh, đại diện ban tổ chức, nhà tài trợ, đại diện Liên đoàn Bóng rổ Việt Nam...
Sau hai trận chung kết, lễ trao giải được tổ chức ngay tại sân đấu, với sự tham gia của khoảng 100 cầu thủ học sinh, đại diện ban tổ chức, nhà tài trợ, đại diện Liên đoàn Bóng rổ Việt Nam...
Phát biểu tại sự kiện, ông Vũ Văn Trọng, Phó chủ tịch Liên đoàn Bóng rổ Việt Nam, đánh giá cao công tác tổ chức và chất lượng chuyên môn. Ông cho rằng việc số đội tăng thêm so với mùa đầu, từ 24 lên 36, cho thấy sức hút của giải đấu, đồng thời mở ra cơ hội phát hiện thêm tài năng trẻ.
""Chúng tôi kỳ vọng, thông qua các giải đấu học đường sẽ phát hiện thêm nhiều tài năng cho các đội tuyển"", ông Trọng nói.
Phát biểu tại sự kiện, ông Vũ Văn Trọng, Phó chủ tịch Liên đoàn Bóng rổ Việt Nam, đánh giá cao công tác tổ chức và chất lượng chuyên môn. Ông cho rằng việc số đội tăng thêm so với mùa đầu, từ 24 lên 36, cho thấy sức hút của giải đấu, đồng thời mở ra cơ hội phát hiện thêm tài năng trẻ.
""Chúng tôi kỳ vọng, thông qua các giải đấu học đường sẽ phát hiện thêm nhiều tài năng cho các đội tuyển"", ông Trọng nói.
Ban tổ chức cũng mời hai nhà vô địch bóng rổ quốc gia Melvin Phùng (trái) và Đinh Tiến Công đến giao lưu cùng người hâm mộ.
Ban tổ chức cũng mời hai nhà vô địch bóng rổ quốc gia Melvin Phùng (trái) và Đinh Tiến Công đến giao lưu cùng người hâm mộ.
Trần Lưu Tường Minh, học sinh lớp 10 THPT Vinschool The Harmony, nhận danh hiệu Cầu thủ nam hay nhất giải sau khi ghi 19 điểm ở chung kết.
Trần Lưu Tường Minh, học sinh lớp 10 THPT Vinschool The Harmony, nhận danh hiệu Cầu thủ nam hay nhất giải sau khi ghi 19 điểm ở chung kết.
Danh hiệu nữ cầu thủ hay nhất được trao cho Vũ Dương Bảo Thy - học sinh lớp 12D7 THPT Phan Đình Phùng. Hai MVP của giải nhận cờ, phần quà và tiền mặt 5 triệu đồng.
Danh hiệu nữ cầu thủ hay nhất được trao cho Vũ Dương Bảo Thy - học sinh lớp 12D7 THPT Phan Đình Phùng. Hai MVP của giải nhận cờ, phần quà và tiền mặt 5 triệu đồng.
THPT Phan Huy Chú - Đống Đa nhận giải ""Viral"" cho video có tương tác cao nhất trên mạng xã hội. Đây là phần thi bên lề, ghi lại khoảnh khắc ""biến hình"" từ học sinh thành cầu thủ, khuyến khích các em thể hiện sự sáng tạo.
Cũng trong phần thi này, THPT Alpha giành giải ""Chất nhất"" cho đội có tổng điểm từ ban tổ chức và khán giả cao nhất. Mỗi giải thưởng trị giá 5 triệu đồng.
THPT Phan Huy Chú - Đống Đa nhận giải ""Viral"" cho video có tương tác cao nhất trên mạng xã hội. Đây là phần thi bên lề, ghi lại khoảnh khắc ""biến hình"" từ học sinh thành cầu thủ, khuyến khích các em thể hiện sự sáng tạo.
Cũng trong phần thi này, THPT Alpha giành giải ""Chất nhất"" cho đội có tổng điểm từ ban tổ chức và khán giả cao nhất. Mỗi giải thưởng trị giá 5 triệu đồng.
Ở hạng mục đội cổ vũ sôi động nhất, THPT Phan Đình Phùng nhận thưởng cho vòng bán kết, còn THPT Cầu Giấy nhận giải vòng chung kết. Giải thưởng trị giá 2 triệu đồng tiền mặt kèm quà từ nhà tài trợ.
Ở hạng mục đội cổ vũ sôi động nhất, THPT Phan Đình Phùng nhận thưởng cho vòng bán kết, còn THPT Cầu Giấy nhận giải vòng chung kết. Giải thưởng trị giá 2 triệu đồng tiền mặt kèm quà từ nhà tài trợ.
Ban tổ chức cùng các đội chụp ảnh lưu niệm sau lễ bế mạc. Giải Bóng rổ Trẻ VnExpress 2025 - Cup Ziaja doVnExpressvà Công ty Cổ phần Dịch vụ Trực tuyến FPT tổ chức, với sự đồng hành của Ziaja và sự giám sát của Liên đoàn Bóng rổ Việt Nam. Sự kiện thuộc đề án ""Phát triển bóng rổ học đường đến năm 2030"".
Ban tổ chức cùng các đội chụp ảnh lưu niệm sau lễ bế mạc. Giải Bóng rổ Trẻ VnExpress 2025 - Cup Ziaja doVnExpressvà Công ty Cổ phần Dịch vụ Trực tuyến FPT tổ chức, với sự đồng hành của Ziaja và sự giám sát của Liên đoàn Bóng rổ Việt Nam. Sự kiện thuộc đề án ""Phát triển bóng rổ học đường đến năm 2030"".
Lan AnhẢnh:Giang Huy"
https://vnexpress.net/chung-ket-bong-ro-tre-cau-giay-tiec-nuoi-4991481.html,THPT Cầu Giấy rơi nước mắt khi thua chung kết Bóng rổ Trẻ,"Hà NộiThất bại 36-41 trong những giây cuối, các tuyển thủ nam THPT Cầu Giấy bật khóc vì để tuột chức vô địch giải Bóng rổ Trẻ VnExpress 2025 vào tay Vinschool The Harmony.","Trận đấu diễn ra chiều 7/12, tại Cung thiếu nhi Hà Nội cơ sở 2. Cầu Giấy dẫn ba điểm sau khi hiệp ba kết thúc. Nhưng chấn thương và việc suy giảm thể lực khiến họ thua ngược ở hiệp quyết định.
Trận đấu diễn ra chiều 7/12, tại Cung thiếu nhi Hà Nội cơ sở 2. Cầu Giấy dẫn ba điểm sau khi hiệp ba kết thúc. Nhưng chấn thương và việc suy giảm thể lực khiến họ thua ngược ở hiệp quyết định.
Sau tiếng còi mãn cuộc, các cầu thủ THPT Cầu Giấy trở về khu vực kỹ thuật của đội. Nhiều người không kìm được nước mắt.
Sau tiếng còi mãn cuộc, các cầu thủ THPT Cầu Giấy trở về khu vực kỹ thuật của đội. Nhiều người không kìm được nước mắt.
Đây là lần đầu trường THPT Cầu Giấy tham dự giải Bóng rổ Trẻ VnExpress - Cup Ziaja. Họ được xem là ""ngựa ô"" khi bất ngờ đánh bại nhiều đối thủ mạnh để vào chung kết.
Đây là lần đầu trường THPT Cầu Giấy tham dự giải Bóng rổ Trẻ VnExpress - Cup Ziaja. Họ được xem là ""ngựa ô"" khi bất ngờ đánh bại nhiều đối thủ mạnh để vào chung kết.
Vòng chung kết giải Bóng rổ Trẻ VnExpress 2025 - Cup Ziaja diễn ra ở Cung thiếu nhi Hà Nội cơ sở 2, tại số 17 Phạm Hùng. Địa điểm này khá gần trường THPT Cầu Giấy, nên nhiều học sinh của trường đã đến cổ vũ cho đội nhà.
Vòng chung kết giải Bóng rổ Trẻ VnExpress 2025 - Cup Ziaja diễn ra ở Cung thiếu nhi Hà Nội cơ sở 2, tại số 17 Phạm Hùng. Địa điểm này khá gần trường THPT Cầu Giấy, nên nhiều học sinh của trường đã đến cổ vũ cho đội nhà.
Trước đối thủ mạnh - Vinschool The Harmony - Cầu Giấy đã phát huy sở trường với những pha lên bóng tốc độ. Buộc đối thủ nhiều lần phạm lỗi.
Trước đối thủ mạnh - Vinschool The Harmony - Cầu Giấy đã phát huy sở trường với những pha lên bóng tốc độ. Buộc đối thủ nhiều lần phạm lỗi.
Tuy nhiên, đây là trận đấu kém may mắn với Cầu Giấy. Họ bỏ lỡ nhiều cơ hội ghi điểm mười mươi, trong đó có ít nhất 10 lần ném phạt hỏng.
Tuy nhiên, đây là trận đấu kém may mắn với Cầu Giấy. Họ bỏ lỡ nhiều cơ hội ghi điểm mười mươi, trong đó có ít nhất 10 lần ném phạt hỏng.
Chớp thời cơ, Vinschool The Harmony liên tục ghi điểm để vượt lên. Khả năng phân phối thể lực và chiều sâu đội hình tốt hơn đã giúp họ chiến thắng.
Chớp thời cơ, Vinschool The Harmony liên tục ghi điểm để vượt lên. Khả năng phân phối thể lực và chiều sâu đội hình tốt hơn đã giúp họ chiến thắng.
Nỗ lực của Cầu Giấy trong những phút cuối không đủ giúp họ lật ngược thế cờ, chấp nhận thua 36-41.
Nỗ lực của Cầu Giấy trong những phút cuối không đủ giúp họ lật ngược thế cờ, chấp nhận thua 36-41.
Sau trận, các tuyển thủ Cầu Giấy cho biết thất bại này là bài học quý giá, sẽ giúp họ trưởng thành hơn ở các giải đấu tiếp theo.
Giải Bóng rổ Trẻ VnExpress 2025 - Cup Ziaja do BáoVnExpressvà Công ty Cổ phần Dịch vụ Trực tuyến FPT (FPT Online) tổ chức, có sự giám sát chuyên môn của Liên đoàn Bóng rổ Việt Nam. Giải nằm trong đề án quốc gia ""Phát triển bóng rổ học đường đến năm 2030"". Thông tin về giải được cập nhật trênfanpagevàwebsitechính thức của giải.
Sau trận, các tuyển thủ Cầu Giấy cho biết thất bại này là bài học quý giá, sẽ giúp họ trưởng thành hơn ở các giải đấu tiếp theo.
Giải Bóng rổ Trẻ VnExpress 2025 - Cup Ziaja do BáoVnExpressvà Công ty Cổ phần Dịch vụ Trực tuyến FPT (FPT Online) tổ chức, có sự giám sát chuyên môn của Liên đoàn Bóng rổ Việt Nam. Giải nằm trong đề án quốc gia ""Phát triển bóng rổ học đường đến năm 2030"". Thông tin về giải được cập nhật trênfanpagevàwebsitechính thức của giải.
Hải Long
Ảnh:Giang Huy"
https://vnexpress.net/dong-tien-nuoc-nao-co-gia-tri-cao-thu-hai-the-gioi-4990278.html,Đồng tiền nước nào có giá trị cao thứ hai thế giới?,"Một đơn vị tiền tệ nước này đổi thành 2,65 USD, khiến nó trở thành đồng tiền có giá trị cao thứ hai thế giới, theo Forbes.",Dương Tâm
https://vnexpress.net/truong-tieu-hoc-trang-mon-tieng-anh-suot-hoc-ky-i-4991050.html,Trường tiểu học 'trắng' môn tiếng Anh suốt học kỳ I,"TP HuếDù Tiếng Anh là môn bắt buộc, hơn 50 học sinh trường Tiểu học Phú Vinh vẫn chưa được học tiết nào từ đầu năm đến nay do thiếu giáo viên.","Trường Tiểu học Phú Vinh, xã A Lưới 3 thuộc huyện vùng cao A Lưới cũ, hiện có hơn 91 học sinh. Trong đó, hơn 50 em lớp 3,4,5 - khối lớp học tiếng Anh như môn bắt buộc, theo chương trình giáo dục phổ thông.
Thầy Lê Hùng, Hiệu trưởng, cho biết cả trường không có giáo viên tiếng Anh chuyên trách. Trường đã báo cáo với UBND xã trước năm học mới, nhưng chưa được bố trí. Ngoài ra, trường còn thiếu cả giáo viên Mỹ thuật và Tin học.
Năm học trước, để giải quyết tình trạng này, Phòng Giáo dục và Đào tạo đã điều động giáo viên từ các trường khác dạy liên trường. Tuy nhiên, năm nay phương án này không thể thực hiện. Theo lãnh đạo xã A Lưới 3, cả xã chỉ có 3 giáo viên tiếng Anh, biên chế tại trường Tiểu học Hồng Thượng và Hồng Thái. Tất cả đều đã kín lịch, không thể hỗ trợ trường Tiểu học Phú Vinh.
Trước mắt, tuần qua trường Tiểu học Phú Vinh tự bỏ kinh phí để ký hợp đồng với một giáo viên bên ngoài, theo thầy Hùng. Học sinh sẽ được học tiếng Anh vào chiều thứ tư và thứ bảy, kết thúc học kỳ I vào tháng 1, thay vì tháng 12. Sang học kỳ II, các em tiếp tục học bù để đuổi kịp chương trình. Thông thường, học sinh tiểu học được học 4 tiết tiếng Anh mỗi tuần.
Ông Nguyễn Vinh Hưng, Phó Giám đốc Sở Giáo dục và Đào tạo TP Huế, nói chưa nắm được thông tin trên. Theo ông, đầu năm học, Sở đã chỉ đạo các trường tham mưu lãnh đạo xã, phường tổ chức bố trí giáo viên dạy liên trường. Còn việc tuyển dụng giáo viên hiện nay rất khó khăn.
Năm học này, TP Huế còn thiếu 680 giáo viên, trong đó bậc tiểu học đông nhất với hơn 300 người, còn lại là hệ mầm non (218 người) và THPT (156). Tình trạng thiếu giáo viên xảy ra ở nhiều xã, phường. Nguyên nhân là do những năm gần đây, ngành không được giao chỉ tiêu.
Đợt tuyển dụng đầu tháng 9 vừa qua, thành phố mới tuyển được 145 giáo viên, trong đó 52 người ở tiểu học.
Võ Thạnh"
https://vnexpress.net/du-hoc-sinh-do-xo-toi-duc-4991107.html,Du học sinh đổ xô tới Đức,"Khoảng 402.000 du học sinh đến Đức năm học 2024-2025, là mức cao nhất từ trước tới nay, chủ yếu theo ngành Kỹ thuật.","Thông tin nằm trong Báo cáo Wissenschaft weltoffen 2025 (Khoa học Mở cửa với Thế giới), do Cơ quan Trao đổi học thuật Đức (DAAD) công bố đầu tháng 12.
Khoảng 402.000 sinh viên nước ngoài đăng ký học tại Đức trong học kỳ mùa đông 2024/25, tăng 6% so với năm học trước. Trong đó, hơn 116.000 là du học sinh mới. Số theo hệ đại học khoảng 270.000 người. Phần lớn học các ngành Kỹ thuật (43%), Kinh tế, Luật và Khoa học xã hội (25%).
Du học sinh tới nhiều nhất từ Ấn Độ (59.000), tăng 20% so với năm học 2023/2024. Số này cách xa so với nhóm từ Trung Quốc (38.600). Ba vị trí còn lại trong top 5 là Thổ Nhĩ Kỳ, Iran và Áo, có khoảng 16.000-20.000 sinh viên, cũng đều tăng so với năm ngoái.
Số du học sinh người Việt không được đề cập, nhưng theo một báo cáo khác của DAAD, nhóm này ổn định, với khoảng 5.800 người.
Nhìn chung, du học sinh từ châu Á-Thái Bình Dương chiếm tỷ lệ lớn nhất trong tổng số sinh viên quốc tế theo học tại Đức (33%). Châu Phi cũng đóng góp đáng kể, là quê hương của khoảng một phần tư tổng số.
Số sinh viên quốc tế tới Đức đã tăng trưởng liên tiếp trong một thập kỷ qua. Gần đây, trong khi Australia, Mỹ, Anh và đặc biệt là Canada có nhiều chính sách hạn chế du học sinh thì Đức ngược lại. Ngoài bậc cử nhân, quốc gia này còn thành công trong thu hút nghiên cứu sinh thạc sĩ, tiến sĩ, chiếm 26-28% tổng số học viên ở bậc này.
Tiến sĩ Marcus Beiner từ Trung tâm Nghiên cứu Khoa học và Giáo dục Đại học Đức (DZHW), chia sẻ với ICEF Monitor rằng điều này cho thấy vai trò trung tâm khoa học của Đức đang tiếp tục phát triển.
Điều này kéo theo tăng trưởng về quy mô nhân sự, chương trình đào tạo ở Văn phòng giáo dục quốc tế ở các đại học. Theo DAAD, hiện các đại học có gần 2.400 chương trình bằng tiếng Anh được công nhận, bao gồm khoảng 420 chương trình cử nhân (chiếm 4%) và 1.930 chương trình thạc sĩ (18%).
Đức - nền kinh tế lớn nhất châu Âu, đang thiếu lao động tay nghề cao trầm trọng, dự đoán lên tới 7 triệu người vào năm 2035, do già hóa dân số.
DAAD từng kêu gọi chính phủ, các đại học và doanh nghiệp xây dựng chiến lược thu hút và tăng gấp đôi tỷ lệ sinh viên quốc tế ở lại sau tốt nghiệp, lên khoảng 50.000 người mỗi năm vào năm 2030.
TheoStudy in Germany, cổng thông tin về du học Đức, có ba lý do chính khiến nước này hấp dẫn sinh viên nước ngoài.
Đầu tiên, các đại học công lập miễn học phí, sinh viên chỉ mất một khoản phí hành chính 150-250 euro mỗi năm. Trong khi đó, chất lượng giáo dục đại học Đức được đánh giá cao, khoảng 50 trường vào bảng xếp hạng đại học thế giới của THE.
Thứ hai, chi phí sinh hoạt trung bình của sinh viên quốc tế tại Đức chỉ khoảng 930 euro/tháng (1.000 USD), thấp hơn đáng kể so với du học sinh tại Anh (1.500 USD) hay Mỹ (1.250 USD).
Cuối cùng, sau khi tốt nghiệp, sinh viên có cơ hội ở lại làm việc lên tới 18 tháng với giấy phép cư trú mở rộng. Kết quả khảo sát cũng cho thấy gần 70% du học sinh muốn ở lại Đức tìm việc sau tốt nghiệp.
Khánh Linh"
https://vnexpress.net/tot-nghiep-thu-khoa-nhung-van-thay-thieu-kien-thuc-4989500.html,Tốt nghiệp thủ khoa nhưng vẫn thấy thiếu kiến thức,"Em tốt nghiệp thủ khoa chuyên ngành Thương mại điện tử, nhưng thấy mình vẫn thiếu kiến thức khi đi làm thực tế, nên đang cân nhắc học văn bằng 2 Tài chính Ngân hàng hoặc Luật.","Em sinh năm 2002, đang làm việc ở ngân hàng. Dù tốt nghiệp thủ khoa, em tự thấy mình vẫn thiếu kiến thức về ngành và luật liên quan đến các tổ chức tín dụng.
Em nên học văn bằng 2 để có thêm bằng cấp và cơ hội thăng tiến, hay chỉ cần tham gia các khóa học ngắn hạn? Em cũng đang phân vân giữa ngành Tài chính Ngân hàng và Luật. Mong được các anh chị tư vấn.
Nhi"
https://vnexpress.net/nam-sinh-bach-khoa-thiet-ke-may-chan-doan-oto-4990116.html,Nam sinh Bách khoa thiết kế 'máy chẩn đoán ôtô',"Nguyễn Phúc Tuấn, tân thủ khoa ngành Kỹ thuật ôtô ở Bách khoa TP HCM, sở hữu bằng bảo hộ kiểu dáng công nghiệp cho thiết kế ""máy chẩn đoán ôtô"" trước khi tốt nghiệp.","Với điểm trung bình 3.9/4.0, Tuấn còn nằm trong 11 sinh viên xuất sắc nhận Cúp toàn năng của trường Đại học Bách khoa, Đại học Quốc gia TP HCM, tại lễ tốt nghiệp năm nay.
""Những danh hiệu này đều nằm ngoài dự tính. Mình vui vì những nỗ lực đã được ghi nhận"", Tuấn nói.
Ngày nhỏ, Tuấn mê mẩn những mô hình ôtô đồ chơi. Niềm yêu thích ấy được bồi đắp từ thói quen của người bố.
""Mỗi khi đồ dùng hay xe cộ trong nhà hỏng, ba thường tự sửa, kể cả những phần phức tạp. Mình thích ngồi nhìn ba làm việc"", Tuấn nhớ lại. Những cuộc trò chuyện giữa hai bố con đã giúp Tuấn làm quen với linh kiện, máy móc từ sớm.
Lên cấp ba, Tuấn học THPT Mạc Đĩnh Chi - trường thuộc nhóm được ưu tiên xét tuyển của trường Đại học Bách khoa TP HCM. Với học lực tốt, năm 2021, Tuấn không chần chừ nộp hồ sơ xét học bạ vào ngành Kỹ thuật ôtô, Khoa Kỹ thuật giao thông của trường để được theo chuyên ngành ưa thích.
Vào học, Tuấn thích thú vì hiểu thêm về cấu trúc, nguyên lý hoạt động từ chi tiết tới tổng quát của một chiếc ôtô, giúp suy luận các nguyên nhân khiến xe hư hỏng. Tuấn chủ động xây dựng bài trên lớp, đặt nguyên tắc hoàn thành mọi bài tập trước hạn từ vài ngày tới một tuần, để có thời gian nhìn lại và sửa lỗi.
Nam sinh nhìn nhận ngành kỹ thuật ôtô rất rộng lớn, kết hợp nhiều lĩnh vực như cơ khí, điện tử hay công nghệ vật liệu, mà những giờ lên lớp có thể không đủ nhiều để bao quát. Ngoài các môn học ở trường, Tuấn xin các thầy cho làm việc ở phòng thí nghiệm để học hỏi.
Bước ngoặt đến với Tuấn vào giữa năm thứ ba. Thấy cậu học trò chủ động, thầy Phạm Trần Đăng Quang, giảng viên khoa Kỹ thuật giao thông, tin tưởng cho Tuấn làm tác giả chính, trong đề tài ứng dụng mạng CAN để đọc thông số vận hành của một mô hình xe Jeep.
Với yêu cầu ứng dụng công nghệ mới trên mô hình xe cũ, Tuấn thấy áp lực, sợ không đạt kỳ vọng. Nhưng thay vì bỏ cuộc, nam sinh tự nhủ sự chủ động là chìa khóa để giải quyết mọi vấn đề. ""Vừa sợ vừa làm"", Tuấn mày mò tự học thêm lập trình và thiết kế mạch, tham khảo các tài liệu nước ngoài.
Dần dần, Tuấn nắm được vấn đề, kết quả các thử nghiệm tốt lên. Năm 2024, bài báo đầu tay của Tuấn về đề tài này được công bố tại Hội nghị quốc tế lần thứ 7 về Công nghệ xanh và Phát triển bền vững tại TP HCM.
Cùng năm, Tuấn và các bạn đăng ký BK Innovation - cuộc thi khởi nghiệp và đổi mới thường niên do trường tổ chức. Sử dụng kết quả của nghiên cứu trước, Tuấn nâng cấp lên để ứng dụng vào việc thiết kế một chiếc máy chẩn đoán đa năng cho ôtô.
Chiếc máy có khả năng đọc dữ liệu, xuất mã lỗi và giả lập tín hiệu cảm biến, giúp người dùng xác định hư hỏng nhanh chóng. Tuấn thiết kế một màn hình cảm ứng, có thể thao tác trực tiếp và hiển thị dữ liệu; các cổng kết nối với cảm biến; và các nút vặn để điều chỉnh các giá trị tín hiệu giả lập.
Sản phẩm vượt qua gần 50 dự án, đạt giải ba chung cuộc. Được thầy hướng dẫn hỗ trợ, nhóm của Tuấn đã đăng ký thành công quyền sở hữu kiểu dáng công nghiệp tại Cục Sở hữu trí tuệ để bảo hộ thành quả.
Thầy Phạm Trần Đăng Quang đánh giá cao tinh thần tự học, thái độ làm việc nghiêm túc và khả năng phối hợp nhóm của học trò.
""Tuấn luôn chủ động tìm hiểu, đặt câu hỏi, phản biện và kiên trì hoàn thiện sản phẩm nghiên cứu - tinh thần rất đặc trưng của sinh viên Bách khoa"", thầy nhận xét. Thầy Quang cho rằng nam sinh có tiềm năng phát triển xa trong lĩnh vực ôtô nếu tiếp tục giữ vững tinh thần này.
BK Innovation, Tuấn có thêm động lực tiếp tục đi sâu vào nghiên cứu. Năm học cuối cùng, nam sinh chủ nhiệm đề tài ""Thiết kế công cụ chẩn đoán đa chức năng tự động cho động cơ phun nhiên liệu điện tử sử dụng công nghệ LH-Jetronic"", đạt giải ""The Best Poster"" - nghiên cứu có chất lượng đề tài, tính sáng tạo, và cách trình bày thuyết phục nhất, trong Hội nghị chuyên đề Khoa học và Công nghệ OISP dành cho sinh viên của trường Đại học Bách khoa TP HCM.
Nhìn lại con đường đã đi qua, tân thủ khoa thấy phần thưởng lớn nhất là khiến bố mẹ tự hào và trải qua một thời sinh viên trọn vẹn, có niềm vui như khi tham gia chiến dịch Mùa hè xanh, khi bài báo khoa học đầu tiên được phê duyệt, hay khi nghe tên mình và đồng đội được xướng tên trong lễ trao giải của các cuộc thi,...
Sắp tới, Tuấn dự định du học bậc cao học tại Đức hoặc Hàn Quốc – những cường quốc về công nghiệp ôtô, để đi sâu nghiên cứu kết cấu và thiết kế khung gầm xe.
""Mình sẽ tiếp tục mang ""vũ khí"" là sự chủ động trên hành trình sắp tới"", Tuấn nói.
Khánh Linh"
https://vnexpress.net/nu-sinh-la-tay-ghi-diem-chu-luc-cua-tuyen-bong-ro-vinschool-the-harmony-4990683.html,Nữ sinh là 'tay ghi điểm' chủ lực của tuyển bóng rổ Vinschool The Harmony,"Hà My, 16 tuổi, không chỉ là ""tay ghi điểm"" chủ lực, mà là người kết nối và giữ lửa chiến đấu, giúp đội bóng rổ Vinschool The Harmony vô địch bốn giải đấu liên tiếp.","Trong trận bán kết kịch tính với THPT Vinschool Smart City (Hà Nội) hôm 30/11, Lý Hà My đã giành về 17 trong tổng số 50 điểm của Vinschool The Harmony. Đây cũng là trận đấu đầu tiên tại Giải Bóng rổ trẻ VnExpress - Ziaja Cup mà Hà My đạt danh hiệu nữ cầu thủ xuất sắc nhất (MVP).
Là đội trưởng, giữ vai trò hậu vệ dẫn bóng (Point Guard), Hà My là người điều tiết nhịp độ toàn trận, chỉ đạo chiến thuật và thường xuyên thúc đẩy tinh thần đồng đội.
My kể về trận bán kết: ""Chúng em đã gặp Smart City nhiều lần nên đều hiểu rõ lối đánh của nhau. Vì vậy trước trận, cả đội đã họp để phân tích chiến thuật đối phương và đưa ra phương án phù hợp"". Khi trận đấu bước vào giai đoạn căng thẳng, cả đội buộc phải thay đổi cách tiếp cận, đẩy mạnh đánh cánh ngoài và tận dụng tốc độ, thể hình nổi trội để bứt lên trong cuộc đua điểm kéo dài suốt bốn hiệp.
Hà My làm quen với bóng rổ từ năm lớp 4 khi được chị họ cho cầm bóng và hướng dẫn vài động tác cơ bản. Từ tò mò, nữ sinh trở nên yêu thích và xin bố mẹ cho đăng ký lớp học. My còn tự xem video chiến thuật của các cầu thủ nổi tiếng rồi luyện tập theo, đặc biệt là thần tượng Stephen Curry - người được coi là một trong những hậu vệ dẫn bóng hay nhất ở giải bóng rổ nhà nghề Mỹ.
Nữ sinh từng dự giải bóng rổ học sinh tiểu học Hà Nội, cùng đội vô địch hai năm liên tiếp. Em cũng giành danh hiệu cầu thủ xuất sắc nhất ngay lần đầu dự giải.
""Lúc đó em khá bất ngờ và khâm phục bản thân. Cảm giác ấy khiến em càng muốn gắn bó với bóng rổ lâu dài hơn"", My nhớ lại.
Lên cấp 2, Hà My rời trung tâm, tự tập luyện và hầu như ngày nào cũng ra sân. Dù có thời gian bố mẹ lo lắng em xao nhãng việc học, My đã chủ động trao đổi với huấn luyện viên và lập ra những buổi tập cố định, nghiêm túc để bố mẹ yên tâm.
Suốt gần 10 năm gắn bó với bóng rổ, kỷ niệm khiến My ghi nhớ nhất là mùa hè vừa rồi. Đội đã dành một năm chuẩn bị cho giải bóng rổ học sinh của Sở Giáo dục và Đào tạo Hà Nội nhưng giải đấu bất ngờ bị hủy. ""Đó là lúc chúng em phát triển rất tốt nên khi biết tin, ai cũng hụt hẫng"", My nói.
Thấy học trò nản lòng, huấn luyện viên Vũ Tuấn Kiệt đã tìm giải đấu khác để đội tiếp tục thi đấu. Thành quả là Vinschool The Harmony tham gia bốn giải liên tiếp (3x3 Hooptopia, GMB League 2025, NYCC toàn quốc và 3x3 Năng khiếu trẻ Hà Nội mở rộng), và đều giành chức vô địch.
Trong các trận đấu căng thẳng, đòi hỏi sự quyết đoán, My thường tự tạo khoảng trống và chủ động tấn công, không đòi hỏi nhiều pha phối hợp từ đồng đội. Từng không được huấn luyện viên khuyến khích vì độ rủi ro cao, nhưng sau khi bàn bạc và đánh giá khả năng, huấn luyện viên đã hướng dẫn em biến lối chơi này trở thành vũ khí hữu hiệu. Từ đó, My trở thành nhân tố ""bứt phá"" trong đội, theo lời anh Kiệt.
Anh Vũ Tuấn Kiệt nói Hà My có tố chất, thường xuyên là chỗ dựa tinh thần, gắn kết các thế hệ cầu thủ trong đội.
""Hà My có thiên hướng tốc độ cao, là tay ghi điểm chính của đội"", anh chia sẻ. Anh Kiệt nhớ lại trận chung kết giải bóng rổ không chuyên Gia Lâm - Long Biên, khi hai đội đang bám đuổi sát nút ở những giây cuối cùng, Hà My đã bất ngờ giành được bóng và cứu màn thua trông thấy cho đội.
Với Hà My, bóng rổ không chỉ là môn thể thao giúp em rèn luyện sức khỏe mà còn giúp học về tinh thần trách nhiệm và quản lý thời gian. Ngoài bóng rổ, nữ sinh còn chơi nhiều môn thể thao khác như bóng đá, cầu lông, bida, bơi lội và tập gym hai buổi mỗi tuần.
Cô Nguyễn Thị Xuân Thao, giáo viên chủ nhiệm, nhận xét em cá tính nhưng rất kỷ luật, luôn khuấy động và kết nối lớp.
""Hà My học ở lớp nổi trội của khối, luôn hăng hái, nhiệt tình tham gia các phong trào tập thể"", cô Thao nói.
Trận chung kết Giải Bóng rổ trẻ VnExpress - Ziaja Cup diễn ra chiều 7/12. Hà My và đồng đội giành huy chương bạc sau trận đấu kịch tính với tuyển nữ THPT Phan Đình Phùng.
Về định hướng lâu dài, Hà My cho hay không theo đuổi bóng rổ chuyên nghiệp mà dự định đăng ký xét tuyển vào một trường quốc tế ở Việt Nam rồi du học.
Hải Yến"
https://vnexpress.net/hang-tram-sinh-vien-tham-du-toa-dam-ve-tra-tai-le-hoi-tra-quoc-te-4991316.html,Hàng trăm sinh viên tham dự tọa đàm về trà tại Lễ hội trà quốc tế,"Tọa đàm Tea & Talk thu hút hàng trăm sinh viên Đại học Đà Lạt tham dự, thảo luận về cách gìn giữ giá trị truyền thống, xây dựng thương hiệu cá nhân, vai trò của người trẻ trong quảng bá văn hóa Việt.","Sự kiện diễn ra sáng 7/12 tại Trường Đại học Đà Lạt, với sự tham gia của nhiều diễn giả như: bà Nguyễn Thị Tố Uyên, Giám đốc Khối Nguồn nhân lực Nam A Bank; ông Phạm Hùng Vĩnh, Tổng giám đốc Công ty cổ phần Mỹ phẩm Sài Gòn; Tiến sĩ Lê Thị Nhuấn, Giảng viên Khoa Quốc tế học, Đại học Đà Lạt; ông Vũ Đức Trí Thể, chuyên gia có 15 năm kinh nghiệm trong đào tạo và tư vấn văn hóa doanh nghiệp, Nhà sáng lập - CEO Alastic và Đồng sáng lập WorkFlow Space.
Nằm trong chuỗi hoạt động của Lễ hội trà quốc tế 2025, Tea & Talk có chủ đề ""Gen Z và Bản sắc văn hóa trong kỷ nguyên vươn mình"", hướng tới mục tiêu đưa văn hóa trà trở thành cầu nối để Gen Z hiểu hơn về truyền thống, từ đó tự tin lan tỏa hình ảnh Việt Nam ra thế giới.
Tại sự kiện, các diễn giả đã thảo luận, mang đến cho sinh viên góc nhìn rõ hơn về bối cảnh thời đại và những thách thức trong hành trình xây dựng bản sắc cá nhân, giúp người trẻ tự đánh giá điểm mạnh - điểm yếu, tiếp nhận giá trị từ văn hóa trà để củng cố chiều sâu cá nhân.
Diễn giả Trí Thể nhận định, Gen Z sở hữu nhiều ưu điểm nổi bật như tư duy công dân số, tinh thần độc lập, khả năng thể hiện cá tính và sự cởi mở với khác biệt. Thế hệ này cũng tập trung hướng tới các giá trị ý nghĩa, quan tâm đến xã hội và môi trường.
Tuy nhiên, nhóm này cũng đối mặt với áp lực kinh tế, sự bùng nổ của giải trí số và tốc độ thay đổi công nghệ, khiến nhiều bạn trẻ dễ rơi vào cảm giác bị ""bỏ lại phía sau"". Đặc biệt, họ phải hội nhập văn hóa toàn cầu ngay cả khi bản sắc cá nhân chưa kịp định hình, dẫn đến việc khó duy trì một nền tảng văn hóa ổn định cho chính mình.
Ông Trí Thể cho biết bản sắc của Gen Z được nâng đỡ bởi năm tầng giá trị: tính nhân bản, tính thế hệ, tính dân tộc, tính gia đình và tính cá nhân. Trong đó, bản sắc cá nhân, yếu tố tạo nên sự khác biệt được hình thành từ tâm lý, sinh lý, thế giới quan, nghề nghiệp và đời sống tinh thần.
Công nghệ và toàn cầu hóa đang định hình lại thói quen, hệ giá trị và tư duy văn hóa của Gen Z Việt Nam, song cũng đặt ra thách thức trong việc lựa chọn, gìn giữ và phát huy những giá trị đúng đắn. Những giá trị như: sự tĩnh lặng, kết nối, tôn trọng và sẻ chia trong chén trà có thể trở thành ""chất liệu"" giúp người trẻ cân bằng trước nhịp sống nhanh, biết trân trọng nguồn cội và nuôi dưỡng bản sắc văn hóa của chính mình.
Các sinh viên Đại học Đà Lạt đặt câu hỏi, chia sẻ quan điểm và thảo luận cùng diễn giả về gìn giữ truyền thống, phát triển thương hiệu cá nhân và vai trò của giới trẻ trong quảng bá văn hóa Việt, tạo nên bầu không khí sôi nổi. Những chia sẻ truyền cảm hứng giúp nhiều bạn trẻ thêm tự tin và chủ động trong hành trình trưởng thành.
Tại sự kiện, sinh viên còn được giao lưu với Miss Cosmo 2024 Ketut Permata Juliastrid (Tata) và các thí sinh Miss Cosmo Quốc tế 2025, những gương mặt đang góp phần lan tỏa văn hóa Việt Nam tới bạn bè quốc tế.
Đồng hành cùng chương trình, Nam A Bank kỳ vọng Tea & Talk sẽ tiếp tục là cầu nối giúp thế hệ trẻ nuôi dưỡng tinh thần sáng tạo, trân trọng giá trị văn hóa và phát huy bản sắc Việt trong thời kỳ hội nhập sâu rộng, đóng góp vào phát triển bền vững.
Minh Ngọc"
https://vnexpress.net/nuoc-nao-la-que-huong-cua-ruou-4990845.html,Nước nào là quê hương của rượu?,"Bằng chứng về loại rượu lên men từ gạo, mật ong, táo được tìm thấy cách đây khoảng 9.000 năm trước. Bạn có biết nó ở quốc gia nào?",Lệ Nguyễn
https://vnexpress.net/nu-sinh-phan-dinh-phung-vo-oa-vo-dich-bong-ro-tre-4991129.html,Nữ sinh Phan Đình Phùng vỡ òa khi vô địch Bóng rổ Trẻ,"Đội bóng rổ nữ THPT Phan Đình Phùng vỡ òa trong niềm vui khi vượt qua Vinschool The Harmony, bảo vệ chức vô địch Giải Bóng rổ Trẻ VnExpress 2025 – Cup Ziaja.","Trận đấu diễn ra lúc 13h ngày 7/12, tại Cung Thiếu nhi Hà Nội cơ sở 2 số 17 đường Phạm Hùng. Sau 40 phút đôi công quyết liệt, Phan Đình Phùng thắng 37-29, bảo vệ danh hiệu giành được năm ngoái.
Nếu tính cả chức vô địch Giải giao hữu hai miền hồi tháng Năm, đội đã giành ba chức vô địch liên tiếp ở các giải trong khuôn khổ hệ thống giải bóng rổ học đường VnExpress.
Trận đấu diễn ra lúc 13h ngày 7/12, tại Cung Thiếu nhi Hà Nội cơ sở 2 số 17 đường Phạm Hùng. Sau 40 phút đôi công quyết liệt, Phan Đình Phùng thắng 37-29, bảo vệ danh hiệu giành được năm ngoái.
Nếu tính cả chức vô địch Giải giao hữu hai miền hồi tháng Năm, đội đã giành ba chức vô địch liên tiếp ở các giải trong khuôn khổ hệ thống giải bóng rổ học đường VnExpress.
Ngay khi tiếng còi kết thúc trận đấu vang lên, các cầu thủ nữ của THPT Phan Đình Phùng nối nhau thành một đoàn tàu, ăn mừng trên sân. Đồng Như An khoác cờ của trường, dẫn đầu cả đội.
Ngay khi tiếng còi kết thúc trận đấu vang lên, các cầu thủ nữ của THPT Phan Đình Phùng nối nhau thành một đoàn tàu, ăn mừng trên sân. Đồng Như An khoác cờ của trường, dẫn đầu cả đội.
Cổ động viên tràn xuống sân, tìm kiếm cầu thủ để chia vui. Phan Đình Phùng là một trong những trường có phong trào bóng rổ lâu đời nhất Thủ đô.
Cổ động viên tràn xuống sân, tìm kiếm cầu thủ để chia vui. Phan Đình Phùng là một trong những trường có phong trào bóng rổ lâu đời nhất Thủ đô.
Học sinh THPT Phan Đình Phùng chung tay mừng chức vô địch. Năm ngoái, trường vô địch cả nội dung nam lẫn nữ. Năm nay, đội nam sớm dừng bước ở vòng bảng. Nhưng các cầu thủ nam vẫn có mặt ngày chung kết để cổ vũ cho bạn học.
Học sinh THPT Phan Đình Phùng chung tay mừng chức vô địch. Năm ngoái, trường vô địch cả nội dung nam lẫn nữ. Năm nay, đội nam sớm dừng bước ở vòng bảng. Nhưng các cầu thủ nam vẫn có mặt ngày chung kết để cổ vũ cho bạn học.
Một cổ động viên cầm cờ của trường THPT Phan Đình Phùng, chạy ngang sân đấu sau khi hết trận chung kết.
Một cổ động viên cầm cờ của trường THPT Phan Đình Phùng, chạy ngang sân đấu sau khi hết trận chung kết.
Trước đó, Phan Đình Phùng trải qua trận chung kết khó khăn với Vinschool The Harmony. Huấn luyện viên Vũ Quỳnh Thu đánh giá đây là đối thủ mạnh nhất họ gặp từ đầu giải.
Trước đó, Phan Đình Phùng trải qua trận chung kết khó khăn với Vinschool The Harmony. Huấn luyện viên Vũ Quỳnh Thu đánh giá đây là đối thủ mạnh nhất họ gặp từ đầu giải.
Tuy bị dẫn ở một vài thời điểm, Phan Đình Phùng vượt lên ở hiệp cuối để giành chiến thắng với tỷ số 37-29.
Vũ Dương Bảo Thy (áo trắng) được bầu là Cầu thủ hay nhất trận.
Tuy bị dẫn ở một vài thời điểm, Phan Đình Phùng vượt lên ở hiệp cuối để giành chiến thắng với tỷ số 37-29.
Vũ Dương Bảo Thy (áo trắng) được bầu là Cầu thủ hay nhất trận.
Trên khán đài, học sinh THPT Phan Đình Phùng liên tục hô tên trường và các cầu thủ để tiếp lửa. Ở dãy ghế bên cạnh, cổ động viên Vinschool The Harmony cũng cuồng nhiệt không kém.
Trên khán đài, học sinh THPT Phan Đình Phùng liên tục hô tên trường và các cầu thủ để tiếp lửa. Ở dãy ghế bên cạnh, cổ động viên Vinschool The Harmony cũng cuồng nhiệt không kém.
Với chức vô địch này, Phan Đình Phùng nhận 15 triệu đồng tiền thưởng, cùng Cup, cờ, huy chương và quà tặng.
Giải Bóng rổ Trẻ VnExpress 2025 - Cup Ziaja do BáoVnExpressvà Công ty Cổ phần Dịch vụ Trực tuyến FPT (FPT Online) tổ chức, có sự giám sát chuyên môn của Liên đoàn Bóng rổ Việt Nam. Giải nằm trong đề án quốc gia ""Phát triển bóng rổ học đường đến năm 2030"". Thông tin về giải được cập nhật trên fanpage và website chính thức của giải.
Với chức vô địch này, Phan Đình Phùng nhận 15 triệu đồng tiền thưởng, cùng Cup, cờ, huy chương và quà tặng.
Giải Bóng rổ Trẻ VnExpress 2025 - Cup Ziaja do BáoVnExpressvà Công ty Cổ phần Dịch vụ Trực tuyến FPT (FPT Online) tổ chức, có sự giám sát chuyên môn của Liên đoàn Bóng rổ Việt Nam. Giải nằm trong đề án quốc gia ""Phát triển bóng rổ học đường đến năm 2030"". Thông tin về giải được cập nhật trên fanpage và website chính thức của giải.
Hải Long
Ảnh:Giang Huy"
https://vnexpress.net/hau-due-nha-samsung-gay-sot-vi-diem-thi-dai-hoc-gan-tuyet-doi-4990800.html,Hậu duệ nhà Samsung gây sốt vì điểm thi đại học gần tuyệt đối,"Hàn QuốcCộng đồng mạng trầm trồ vì con trai bà Lee Boo-jin – ái nữ cố chủ tịch Tập đoàn Samsung, đạt điểm gần tuyệt đối trong kỳ thi tuyển sinh đại học quốc gia (Suneung).","Thông tin được bà Park Sun-young, Chủ tịch Ủy ban Sự thật và Hòa giải mới, viết trên Facebook. Theo đó, Lim, con trai của bà Lee, được cho là chỉ làm sai một câu duy nhất trong kỳ thi Suneung năm nay.
Đây là kỳ thi quan trọng bậc nhất Hàn Quốc với hơn 550.000 thí sinh tham dự. Theo Viện Đánh giá và Chương trình Giảng dạy Hàn Quốc, chỉ có 5 thí sinh đạt điểm tuyệt đối, do độ khó của phần tiếng Hàn và tiếng Anh tăng cao.
Lim là cháu gọi đương kim Chủ tịch Samsung Lee Jae-yong bằng cậu. Khác với nhiều con em giới tài phiệt thường du học sớm, Lim theo học toàn bộ bậc phổ thông tại Hàn Quốc.
Nam sinh từng học tại trường Tiểu học Gyeonggi và trường Trung học cơ sở Whimoon, đứng thứ hai toàn trường khi tốt nghiệp. Lên cấp ba, Lim học ở trường Trung học Whimoon và chưa từng mất vị trí số một.
Giới chuyên môn nhận định với mức điểm này, Lim gần như chắc chắn được nhận vào ngành Quản trị kinh doanh của Đại học Quốc gia Seoul (SNU). Đây là ngôi trường số 1 ở Hàn Quốc, top 38 thế giới theo bảng xếp hạng QS.
Tin tức về Lim nhanh chóng lan truyền khắp mạng xã hội, thu hút sự chú ý của phụ huynh Hàn Quốc trong và ngoài nước. Nhiều ý kiến bày tỏ sự bất ngờ khi một người thừa kế có nguồn lực tài chính không giới hạn như Lim lại ở lại hệ thống giáo dục nội địa vốn nổi tiếng với sự cạnh tranh khốc liệt.
Bà Park Sun-young cho rằng hiện nhiều gia đình khá giả, từ người nổi tiếng đến giới kinh doanh, đổ xô cho con cái vào các trường mẫu giáo dạy tiếng Anh, rồi đưa chúng ra nước ngoài. Vì thế, việc một người thừa kế Samsung vẫn để con trai mình đi học trong nước là điều đáng trân trọng.
Nhiều người cũng nhìn nhận điều này chứng minh hiệu quả của giáo dục Hàn Quốc và cho thấy học sinh có thể đạt đỉnh cao nếu tập trung, không bị gián đoạn bởi việc chuyển đổi môi trường sống.
Mẹ của Lim - bà Lee Boo - jin hiện là tổng giám đốc điều hành khách sạn Shilla. Các nguồn tin địa phương cho biết năm 2018, bà từng chuyển nhà từ khu nhà giàu Itaewon đến Daechi-dong - ""thủ phủ"" luyện thi tại Seoul, để hỗ trợ con trai học cấp hai và cấp ba. Bà chỉ quay lại Itaewon sau khi con hoàn thành chương trình phổ thông.
Suneung là kỳ thi kéo dài 8 tiếng với 6 phần thi, được ví như bước ngoặt cuộc đời của mỗi học sinh Hàn Quốc. Để vượt qua kỳ thi này, họ phải dành nhiều năm học tập gian khổ với áp lực cao.
Khánh Linh(TheoThe Korea Herald, The Korea Times)"
https://vnexpress.net/sinh-vien-bach-khoa-ha-noi-nhan-luong-trung-binh-12-trieu-dong-4990762.html,Sinh viên Bách khoa Hà Nội nhận lương trung bình 12 triệu đồng,"Sinh viên tốt nghiệp Đại học Bách khoa Hà Nội nhận lương khởi điểm trung bình 12-12,5 triệu đồng một tháng, cao nhất là nhóm làm việc tại Nhật Bản với 39-42 triệu đồng.","Đại học Bách khoa Hà Nội ngày 7/12 cho biết kết quả trên đến từ khảo sát 6.800 sinh viên tốt nghiệp năm 2024. Nhóm sang Nhật Bản làm việc nhận lương tháng cao nhất, trung bình 23-25.000 yên (khoảng 39-42 triệu đồng), có em nhận 28.000 yên (gần 48 triệu đồng), chưa tính phụ cấp.
Năm ngoái, trong số sinh viên tốt nghiệp, 589 người đạt loại xuất sắc, chiếm 8,65%. Số tốt nghiệp loại giỏi chiếm 29,7%, loại khá 56%.
Bên lề ngày hội hướng nghiệp tổ chức sáng nay, PGS.TS Huỳnh Quyết Thắng, Giám đốc Đại học Bách khoa Hà Nội, cho biết có hai năng lực quan trọng mà sinh viên Bách khoa rất mạnh là khả năng chịu áp lực lớn và sự tuân thủ các quy định của doanh nghiệp như an toàn lao động, văn hóa việc làm.
Ngược lại, hai điều sinh viên cần cải thiện là tiếng Anh và sự tự tin, bản lĩnh. Theo thống kê của trường, những sinh viên có tiếng Anh tốt nhận được mức lương cao hơn 20% so với nhóm còn lại.
Một số đại diện doanh nghiệp đến tuyển dụng tại Đại học Bách khoa Hà Nội hôm nay đánh giá cao sự chăm chỉ, sáng tạo của sinh viên trường. Ông Yasuo Hagimoto, Chủ tịch Công ty Tamagawa Seiki, Nhật Bản, cho biết ngoài chuyên môn, công ty này tìm kiếm ứng viên có khả năng tự học, tư duy linh hoạt và khả năng thích ứng cao ứng môi trường kỹ thuật, công nghệ đang thay đổi hàng ngày.
""Các bạn cần tự học, tự phát triển bản thân và thích ứng dựa vào kiến thức lõi đã được trang bị"", ông nói.
Cũng theo ông Yasuo Hagimoto, khi công ty thấy được tiềm năng tự phát triển của ứng viên, công ty sẽ đầu tư vào nhân tố đó. Hiện, công ty này chi trả cho sinh viên mới ra trường 44-48 triệu đồng một tháng, đã bao gồm phụ cấp.
Dương Tâm"
https://vnexpress.net/20-dai-hoc-du-kien-phuong-thuc-xet-tuyen-nam-2026-4989236.html,20 đại học dự kiến phương thức xét tuyển năm 2026,"20 đại học công bố phương thức tuyển sinh dự kiến năm 2026, trong đó 7 trường vẫn xét học bạ, hầu hết xét điểm thi đánh giá năng lực, tư duy.","Trong 7 trường xét học bạ độc lập, Đại học Sư phạm Hà Nội 2 chỉ áp dụng ở một số ngành, gồm: Giáo dục mầm non, Giáo dục thể chất, Giáo dục công dân, Sư phạm Tin học, Công nghệ thông tin, Khoa học vật liệu, Quản lý thể thao, Việt Nam học, Giáo dục học và Kinh tế chính trị. Cách tính điểm chưa được công bố.
Một số trường thông báo chi tiết hơn. Cụ thể, Đại học Tân Trào (Tuyên Quang) và Yersin Đà Lạt (Lâm Đồng) dự kiến xét điểm năm lớp 12. Trong khi, Đại học Công thương TP HCM sẽ xét điểm cả ba năm THPT.
Điểm thi đánh giá năng lực, tư duy được hầu hết trường sử dụng. Các kỳ thi này gồm TSA (Đại học Bách khoa Hà Nội), HSA (Đại học Quốc gia Hà Nội), V-ACT (Đại học Quốc gia TP HCM), SPT (Đại học Sư phạm Hà Nội), H-SCA (Đại học Sư phạm TP HCM), V-SAT (kỳ thi đầu vào do các trường đại học phối hợp với Trung tâm Khảo thí quốc gia tổ chức).
Ngoài ra, các trường vẫn xét tuyển thẳng với học sinh được giải quốc gia, quốc tế; xét điểm thi tốt nghiệp THPT và xét chứng chỉ quốc tế.
Các phương thức tuyển sinh ngoài xét tuyển thẳng và xét điểm thi tốt nghiệp THPT của 20 trường ([X] là có sử dụng nhưng chưa công bố chi tiết):
Do lịch thi tốt nghiệp THPT dự kiến diễn ra vào ngày 11-12/6, sớm hơn hai tuần so với năm nay, lịch tuyển sinh năm 2026 cũng được Bộ Giáo dục và Đào tạo đẩy lên tương ứng.
Bộ yêu cầu các trường đại học xây dựng kế hoạch, sớm công bố thông tin tuyển sinh với các điểm chính để học sinh có phương án học và ôn thi, muộn nhất là ngày 15/2/2026.
Tất cả thí sinh đăng ký, điều chỉnh nguyện vọng xét tuyển không giới hạn số lần từ ngày 2/7 đến 17h ngày 14/7/2026. Dự kiến, thí sinh biết điểm chuẩn đại học từ 17h ngày 10/8 đến 13/8.
Lịch xét tuyển đại học năm 2026
Năm 2025, các trường đại học sử dụng 17 phương thức tuyển sinh. Tất cả xét cùng một đợt, sau khi thí sinh biết điểm thi tốt nghiệp THPT, thay vì xét tuyển sớm với nhiều phương thức như các năm trước.
Khoảng 773.200 em đỗ đại học, cao đẳng nhưng chỉ gần 625.500 xác nhận nhập học. Điểm chuẩn với hệ đại học từ 13 đến 30. Điểm trung bình là 19,11, giảm 3 so với kỳ tuyển sinh năm ngoái.
Dương Tâm"
https://vnexpress.net/doi-truong-tuyen-bong-ro-pham-hong-thai-dat-diem-gpa-tren-9-4990669.html,Đội trưởng tuyển bóng rổ Phạm Hồng Thái đạt điểm GPA trên 9,"Minh Quân, 18 tuổi, hậu vệ ghi điểm nổi bật tại Giải bóng rổ trẻ VnExpress - Cup Ziaja 2025, duy trì kết quả học tập tốt để theo đuổi ngành Thiết kế đồ họa trong tương lai.","Nguyễn Trung Minh Quân, đội trưởng đội bóng rổ trường THPT Phạm Hồng Thái, Hà Nội, nổi bật tại giải bóng rổ trẻ VnExpress - Cup Ziaja 2025, nhờ sự nhanh nhẹn và những pha ghi điểm quyết định.
Nam sinh cao 1m79 cho biết thường dành thêm 4 buổi tối mỗi tuần, từ 18h đến 21h, để tự tập luyện tại khu vực gần nhà, bên cạnh lịch tập của đội, trước khi giải đấu diễn ra.
""Người chơi ở vị trí hậu vệ ghi điểm cần duy trì sự ổn định, nhạy bén và tinh thần thép để có thể tạo ra những pha ném bóng chính xác"", Quân nhìn nhận.
Bắt đầu tập bóng rổ từ lớp 4 ở các câu lạc bộ thể thao của trường, mục đích ban đầu của Quân là thử sức với các bộ môn mới ngoài bóng đá. Ngoài ra, Quân chơi bóng rổ còn để kết nối với nhiều bạn mới và rèn luyện sức khỏe.
""Nếu không có bóng rổ, có lẽ em sẽ chỉ vùi đầu vào sách vở"", Quân nói.
Thời điểm này, Quân chỉ dành 1-2 buổi luyện tập mỗi tuần. Năm lớp 6, Quân là thành viên đội bóng rổ WBA, cọ xát và tham gia nhiều giải đấu giao lưu giữa các trường, đội tuyển.
Lên lớp 8, khi bắt đầu tiếp xúc mạng xã hội, Quân biết tới các giải đấu nhiều hơn và ngày càng hứng thú. Bước ngoặt đến vào hè lớp 10, khi Quân giành suất thi đấu ở giải Vô địch Bóng rổ 5x5 U16 toàn quốc và cùng đội giành huy chương đồng. Đây là thành tích tốt nhất của nam sinh tới thời điểm này.
Quân nhớ nhất trận đấu với đội Bắc Ninh Pitbull A. Em được vào sân trong hiệp ba và liên tục ghi 7 điểm và giúp đội giành chiến thắng.
""Sau trận này, em thấy rất vui vì được mọi người công nhận và biết đến nhiều hơn"", Quân kể.
Còn trận thua đáng tiếc nhất là khi đối đầu với đội Yên Hòa, trong giải Giải Bóng rổ học sinh trung học Highschool Basketball (HSB) năm ngoái. Đây là trận quan trọng nhất để có thể giành cúp. Em và đồng đội được đánh giá cao hơn, lúc đầu dẫn trước, tới hiệp 3 thì đội bạn vượt lên.
Niềm đam mê bóng rổ của Quân được gia đình ủng hộ nhiệt tình với điều kiện Quân không được bỏ bê việc học.
Nam sinh nhìn nhận để làm tốt bất cứ việc gì, cần giữ một cái đầu lạnh và có kế hoạch rõ ràng. Em học cách sắp xếp lịch tập theo lịch thi đấu sao cho hợp lý, tránh chồng chéo, từ đó cân bằng tốt hơn giữa đam mê và việc học.
Quân học trên trường vào buổi sáng, chiều học thêm môn Vẽ và Văn. Thời gian còn lại của buổi tối em dành cho bóng rổ. Để ghi nhớ kiến thức các môn học, em tập trung ghi chép bài giảng ngay trên lớp và ưu tiên việc đọc đi đọc lại nhiều lần.
""Em không chắc chơi bóng rổ sẽ giúp mình học tốt hơn, nhưng em thấy tinh thần mình trở nên phấn chấn và thoải mái hơn khi học"", Quân nói. Điểm tổng kết (GPA) năm lớp 11 của nam sinh đạt 9,1.
Cô Ngô Thu Hương, giáo viên chủ nhiệm của Minh Quân, nhận xét học trò năng động và có ý thức kỷ luật cao.
""Quân luôn lạc quan, điềm tĩnh và nỗ lực trong mọi hoạt động em tham gia"", cô nói.
Anh Nguyễn Vũ Huy, huấn luyện viên trưởng đội bóng trường THPT Phạm Hồng Thái, đánh giá Quân có kỹ năng ném rất tốt. Nam sinh giàu kinh nghiệm và có thể truyền lửa cho một lứa đội tuyển trẻ với các cầu thủ lớp 10 và 11.
Là đội trưởng, Quân đóng vai trò cầu nối giữa huấn luyện viên và cả đội: từ việc truyền tải thông tin về giải đấu, lịch thi đấu, thời gian tập trung, các hạng mục cần chuẩn bị đến nắm bắt tình hình thể lực và tinh thần của từng thành viên.
""Quân cá tính và rất có tiềm năng phát triển với bóng rổ. Em luôn cầu thị và cố gắng hoàn thiện bản thân hơn sau từng trận đấu"", anh Huy cho biết.
Quân coi bóng rổ là niềm đam mê của dù xác định không đi theo con đường chuyên nghiệp. Nam sinh dự dịnh theo học ngành Thiết kế đồ họa của trường Đại học Kiến trúc Hà Nội để có nhiều lựa chọn cho sự nghiệp sau này.
Huyền Trang"
https://vnexpress.net/australia-thieu-giao-vien-sinh-vien-phai-dung-lop-4990688.html,"Australia thiếu giáo viên, sinh viên phải đứng lớp",Tình trạng thiếu giáo viên tại Australia nhức nhối tới mức nhiều trường phải phụ thuộc vào đội ngũ sinh viên chưa đủ tiêu chuẩn đứng lớp.,"Theo một khảo sát quốc tế công bố năm ngoái, 58% hiệu trưởng tại Australia cho biết trường thiếu giáo viên, cao gấp đôi mức trung bình của Tổ chức Hợp tác và Phát triển Kinh tế (OECD).
Dữ liệu thống kê cho thấy bang New South Wales thiếu khoảng 960 giáo viên, còn Victoria là hơn 1.700. Western Australia cũng thiếu hụt trầm trọng, sau khi hơn 1.200 người bỏ nghề trong năm học 2024-2025.
Để giải quyết tình trạng này, các bang đã phải dùng đến ""Permission to Teach""- giấy phép đặc biệt, cho phép người chưa đáp ứng đủ tiêu chuẩn đăng ký giảng dạy tại các trường. Nhóm này thường là sinh viên sư phạm.
""Đó là cách duy nhất để chúng tôi tồn tại"", Chris Smith, nguyên phó hiệu trưởng tại một trường công ở Queensland, nhìn nhận. Là thành viên nghiệp đoàn giáo viên của bang, Smith cho rằng dù các trường đã cố gắng hết sức, thiếu hụt giáo viên vẫn là thử thách rất lớn.
Năm ngoái, bang Queensland và Victoria đều cấp gần 1.300 giấy phép loại này để lấp đầy các vị trí còn thiếu.
Nếu không dùng tới biện pháp này, một số trường buộc phải gộp các lớp, hoặc tháo dỡ tường ngăn giữa các phòng học để quản lý học sinh, như trường trung học Elizabeth Macarthur ở New South Wales. Trường này còn phải đăng tuyển giáo viên kèm khoản thưởng lên đến 20.000 AUD (khoảng 330 triệu đồng) cho người trúng tuyển, đồng thời tuyển dụng cả các cựu học sinh đang học đại học ngành sư phạm.
Meredith Peace, Phó Chủ tịch Liên minh Giáo dục Australia, nhận định căng thẳng về khối lượng công việc là nguyên nhân chính đẩy giáo viên rời bỏ ngành, dẫn đến thiếu hụt.
Trong một khảo sát toàn quốc công bố năm nay, 47% giáo viên trẻ nghĩ rằng họ sẽ bỏ nghề, 40% khác không chắc chắn về ý định nghề nghiệp của mình. Chỉ 13% cho biết sẽ ở lại cho đến khi nghỉ hưu.
Dean Boss, một giáo viên 25 tuổi, cho biết phải làm việc liên tục, không chỉ trong khung giờ chính thức (9 giờ sáng đến 3 giờ chiều). Boss phải dạy các lớp trước và sau giờ cho học sinh cuối cấp hoặc những em cần giúp đỡ. Khi về nhà, anh tiếp tục lên kế hoạch bài giảng, chuẩn bị tài liệu và chấm bài.
Cuối năm 2022, Sở giáo dục các bang nhất trí thông qua Kế hoạch hành động nhằm giải quyết tình trạng thiếu hụt. Kể từ đó, số lượng đơn đăng ký học các ngành sư phạm hàng năm đã tăng 7%.
Các tiểu bang riêng lẻ cũng đạt được một số tiến triển. Ví dụ, tại New South Wales, số lượng vị trí trống ở trường công đã giảm 61% trong ba năm.
Chủ tịch Công đoàn giáo dục Australia, Correna Haythorpe, công nhận những tín hiệu này nhưng cho biết vẫn cần thêm tài trợ để tuyển thêm nhân viên tại trường học, giảm bớt gánh nặng cho giáo viên.
Mathew Burt, hiệu trưởng trường trung học phổ thông Broome, tin rằng Australia cần một giải pháp toàn diện, bởi hiện tại, các trường chỉ đang thu hút giáo viên lẫn nhau, khiến tình trạng thiếu hụt ở những ngôi trường kém hấp dẫn hơn thêm trầm trọng.
Khánh Linh(theoABC News, The Guardian)"
https://vnexpress.net/vinschool-the-harmony-vo-dich-nam-giai-bong-ro-tre-vnexpress-2025-4990835.html,Vinschool The Harmony vô địch nam giải Bóng rổ Trẻ VnExpress 2025,Đội nam THPT Vinschool The Harmony vượt qua Cầu Giấy 41-36 sau màn rượt đuổi ở chung kết nam Giải Bóng rổ Trẻ VnExpress 2025 - Cup Ziaja.,"Trận chung kết nam giữa THPT Cầu Giấy và THPT Vinschool The Harmony bắt đầu lúc 15h ngày 7/12, tại Cung Thiếu nhi Hà Nội cơ sở 2. Hai đội giằng co ngay sau tiếng còi khai cuộc. Vinschool The Harmony khởi đầu tốt, ghi liền 5 điểm, nhưng Cầu Giấy nhanh chóng dẫn 8-7 nhờ tận dụng hiệu quả các pha lên rổ.
Ngay sau đó, Vinschool The Harmony điều chỉnh và giành chuỗi điểm quan trọng. Trong đó, cú ném ba điểm ở khoảng 1 phút 29 giây giúp họ dẫn 10-8. Pha ghi điểm này không chỉ giúp The Harmony tái lập thế dẫn trước, mà còn tạo cú hích tinh thần mạnh mẽ, còn Cầu Giấy tỏ rõ sự căng thẳng.
Hai hiệp tiếp theo chứng kiến màn rượt đuổi tỷ số của hai đội. Cầu Giấy luôn giữ thế dẫn trước, nhưng ở hiệp quyết định, thể lực suy giảm cùng chấn thương của các trụ cột khiến họ hụt hơi. Trong khi đó, Vinschool The Harmony càng chơi càng quyết tâm. Hết nửa hiệp, hai đội hòa 33-33. Từ đây, Vinschool bắt đầu làm chủ thế trận, liên tục ghi điểm để dẫn 34-33 rồi 37-33.
Khi thời gian còn hơn một phút, Vinschool có cú ném ba điểm, nâng tỉ số lên 40-34, tạo khoảng cách an toàn. Cầu Giấy rút ngắn còn 36-40, trước khi đối thủ ấn định chiến thắng bằng cú ném phạt ở giây cuối.
Còi hết trận vang lên, các cầu thủ và cổ động viên Vinschool tràn xuống sân ăn mừng chức vô địch khi lần đầu tiên tham dự giải. Bên kia, nhiều cầu thủ Cầu Giấy bật khóc tiếc nuối sau màn trình diễn đầy nỗ lực.
Phát biểu sau trận đấu, HLV Vinschool The Harmony - Nguyễn Tiến Thành cho biết, đội nhà nhập cuộc với hơn 100% quyết tâm. Ở trận chung kết trước đó của nội dung nữ, đội tuyển THPT Vinschool The Harmony đã nhận thất bại đáng tiếc trước Phan Đình Phùng. Kết quả này trở thành động lực lớn để đội nam của trường bước vào trận tranh cúp với tinh thần quyết tâm cao nhất, thi đấu vì màu cờ sắc áo và mục tiêu mang chiếc cúp vô địch về lại Vinschool.
Trần Lưu Tường Minh, học sinh lớp 10 Vinschool The Harmony, được trao giải Cầu thủ hay nhất trận khi ghi được 19 điểm. Minh cho rằng chiến thắng hôm nay đến từ sự chuẩn bị kỹ lưỡng cả về thể lực lẫn tinh thần. ""Trước trận, em ăn nhiều hơn, ngủ đủ giấc. Dù đối thủ có thể hình vượt trội, đội chúng em thắng nhờ sự bền bỉ, phối hợp ăn ý và tinh thần đoàn kết"", Tường Minh chia sẻ.
Giải Bóng rổ Trẻ VnExpress 2025 - Cup Ziaja do Báo VnExpress và Công ty Cổ phần Dịch vụ Trực tuyến FPT (FPT Online) tổ chức, có sự giám sát chuyên môn của Liên đoàn Bóng rổ Việt Nam. Giải nằm trong đề án quốc gia ""Phát triển bóng rổ học đường đến năm 2030"". Thông tin về giải được cập nhật trênfanpagevàwebsitechính thức của giải.
Lan Anh"
https://vnexpress.net/nam-sinh-dan-dat-vinschool-the-harmony-vao-chung-ket-giai-bong-ro-tre-vnexpress-4990674.html,Nam sinh dẫn dắt Vinschool The Harmony vào chung kết giải bóng rổ trẻ VnExpress,"Bắt đầu tập luyện chuyên nghiệp từ năm lớp 7, Đỗ Thế Bình, 16 tuổi, hiện là hậu vệ ghi điểm then chốt, đưa THPT Vinschool The Harmony tiến vào chung kết Giải bóng rổ trẻ VnExpress - Cup Ziaja 2025.","Với chiều cao 1m75, Thế Bình là trung tâm trong lối chơi của đội, được xem là đầu tàu ghi điểm, trong khi các vệ tinh xung quanh tuân thủ chặt chẽ sơ đồ chiến thuật.
Bình bén duyên với bóng rổ từ năm lớp 3 khi tình cờ xem mọi người tập luyện gần nhà. Ban đầu, em chỉ coi đây là hoạt động rèn luyện sức khỏe, dành 1-2 buổi/tuần tự tập. Tuy nhiên, càng chơi, Bình càng thấy hứng thú.
Lên lớp 7, Bình được chọn tham gia giải bóng rổ Jr.NBA tại TP HCM và quyết định gia nhập câu lạc bộ bóng rổ ASA Hà Nội, bắt đầu tập luyện cường độ cao. Từ đây, Bình có cơ hội cọ xát và tham gia nhiều giải đấu giao lưu giữa các trường, đội tuyển.
Nam sinh từng góp mặt tại nhiều giải đấu lớn như VSBL và giải VBA 3x3 exe dành cho lứa tuổi U16 vòng toàn quốc, đều giành huy chương vàng.
Bình kể nhớ nhất trận thua tiếc nuối tại Hội khỏe Phù Đổng lần thứ 10, cách đây hơn một năm. Ở trận tứ kết gặp Vinschool Times City, đội chơi tốt và thế trận khá cân bằng. Nhưng chỉ trong vài phút mất bình tĩnh, em phạm đủ hai lỗi kỹ thuật và phải ra khỏi sân.
""Giá như lúc đó em bình tĩnh hơn thì có thể mọi thứ đã khác"", Bình nói. ""Từ sau đó, em luôn tự nhắc mình phải kiểm soát hành động. Em cũng bớt nóng tính đi nhiều?.
Để chuẩn bị cho Giải bóng rổ trẻ VnExpress - Cup Ziaja 2025, Bình đã tăng cường độ luyện tập lên 5 buổi/tuần, bao gồm lịch tập với toàn đội, tự tập, và tập 1-1 với huấn luyện viên, tập trung vào nâng cao thể lực, kỹ thuật cá nhân và phối hợp chiến thuật.
Với phong độ thi đấu ổn định, nam sinh là MVP (người chơi giá trị nhất) ở cả hai trận tứ kết và bán kết.
Trong trận bán kết cuối tuần trước, Vinschool The Harmony đối đầu THPT Nguyễn Tất Thành. Ngay hiệp đầu, khi đội còn 4 giây để tấn công, Thế Bình nhanh chóng thực hiện cú ném từ xa, giành 3 điểm, giúp cân bằng tỷ số 3-3.
Tuy nhiên, đội nhập cuộc không tốt và bị đối thủ dẫn trước đến hiệp bốn. Sau khi sốc lại tinh thần và tập trung hơn, Bình cùng toàn đội đã lật ngược tình thế và giành chiến thắng chung cuộc 47-40, đoạt tấm vé vào chung kết.
""Mọi người ai cũng lo nhưng cố gắng nghĩ cho nhau nhiều hơn, vì vậy mà từng đường bóng cũng dần trở nên sắc nét hơn"", Bình kể lại.
Thầy Hoàng Tùng, giáo viên chủ nhiệm của Thế Bình, đánh giá học trò năng lượng, hòa đồng, có tư chất tốt, và rất đam mê bóng rổ.
Còn anh Nguyễn Tiến Thành, Huấn luyện viên trưởng đội THPT Vinschool The Harmony, nhận xét Bình là mẫu cầu thủ cá tính, quyết tâm tập luyện, và phong độ ổn định.
""Bình có thái độ tốt, luôn biết cách khích lệ tinh thần đồng đội và tin vào năng lực của bản thân"", anh Thành nói. ""Dù nhà rất xa nhưng Bình luôn cố gắng đi tập đầy đủ và có mặt đúng giờ"".
Đối với Thế Bình, bóng rổ không chỉ là môn thể thao đơn thuần mà còn giúp em rèn luyện kỹ năng, giải tỏa tinh thần sau giờ học. Nhờ bóng rổ, nam sinh tìm được những người bạn cùng đam mê, được tận hưởng cảm giác chiến thắng khi thi đấu và trở nên nhanh nhạy hơn trong việc xử lý các tình huống thực tế.
""Theo đuổi bóng rổ là một hành trình dài, đòi hỏi cường độ tập luyện cao. Điều quan trọng nhất là chúng ta cần có sự kiên trì và quyết tâm thực sự"", Bình nói.
Bình cho biết chưa có ý định theo đuổi bóng rổ chuyên nghiệp. Nam sinh dự định du học sau khi tốt nghiệp THPT, tận dụng các kiến thức và kỹ năng được học để theo đuổi ngành Quản trị nhà hàng và khách sạn.
Huyền Trang"
https://vnexpress.net/doi-nu-thpt-phan-dinh-phung-thang-vinschool-the-harmony-37-29-lan-thu-hai-lien-tiep-vo-dich-giai-bong-ro-tre-vnexpress-2025-cup-ziaja-4990808.html,THPT Phan Đình Phùng vô địch nữ giải Bóng rổ Trẻ VnExpress 2025,"Đội nữ THPT Phan Đình Phùng đánh bại Vinschool The Harmony 37-29 trong trận chung kết 7/12, lần thứ 2 liên tiếp vô địch Giải Bóng rổ Trẻ VnExpress 2025 - Cup Ziaja.","Trận đấu diễn ra lúc 13h tại Cung Thiếu Nhi cơ sở 2, số 17 Phạm Hùng, trước sự chứng kiến của khoảng 500 khán giả là học sinh, giáo viên và phụ huynh hai trường.
Tuy nhiều thời điểm bị dẫn, Phan Đình Phùng chứng tỏ bản lĩnh trong những thời điểm quyết định vào cuối trận để bảo vệ thành công danh hiệu giành được năm ngoái. Nếu tính cả chức vô địch Giải giao hữu hai miền hồi tháng Năm, đội nữ THPT Phan Đình Phùng đã giành ba chức vô địch liên tiếp ở các giải trong khuôn khổ Giải Bóng rổ Trẻ VnExpress - Cup Ziaja.
Hiệp 1 diễn ra căng thẳng khi hai đội chơi đôi công từ những pha bóng đầu. Đội ĐKVĐ liên tiếp câu lỗi để giành quyền ném phạt. Tuy nhiên, lợi thế nhanh chóng biến mất sau cú ném 3 điểm tự tin từ Lý Bảo Hương bên phía Vinschool The Harmony.
Không chịu kém cạnh, Hà Thu (số 95) bên Phan Đình Phùng đáp lại bằng pha ném 3 chính xác, đẩy không khí trong nhà thi đấu lên cao. Sự phối hợp giữa Lý Hà My và Đồng Minh Anh mang về thêm 2 điểm cho Vinschool The Harmony, nhưng ở giây cuối hiệp, Hà Thu lại tung cú ném 3 chuẩn xác, giúp Phan Đình Phùng khép lại hiệp 1 với lợi thế dẫn 9-6.
Sang hiệp 2, đội ĐKVĐ tiếp tục cho thấy kinh nghiệm với những cú ném 3 điểm. Đồng Như An (số 8), Vũ Dương Bảo Thy (số 98) và Chu Thùy An (số 15) lần lượt ghi điểm từ xa, trong khi Harmony chỉ ghi được 4 điểm ở hiệp đấu này.
Đội trưởng Đinh Ngọc Phương Linh (Phan Đình Phùng) bị kèm chặt, nhưng vẫn là đầu tàu nhờ khả năng kéo giãn hàng thủ, tạo khoảng trống cho đồng đội dứt điểm. Kết thúc hai hiệp đầu, Phan Đình Phùng vẫn dẫn điểm với khoảng cách 11-4.
Hiệp ba chứng kiến thế trận cân bằng hơn khi hai đội ăn miếng trả miếng, giằng co từng pha rebound. Harmony nỗ lực rút ngắn cách biệt, trong khi Phan Đình Phùng vẫn duy trì sự lạnh lùng trong khâu dứt điểm. Hiệp đấu khép lại với tỷ số 12-12, nâng tổng điểm sau ba hiệp lên 29-25, với ưu thế vẫn nghiêng về đội ĐKVĐ.
Bản lĩnh trận mạc của Phan Đình Phùng được thể hiện rõ ở hiệp cuối. Họ cầm bóng chắc tay, siết chặt phòng ngự, không cho Vinschool The Harmony nhiều không gian dứt điểm, đồng thời tận dụng sai lầm của đối thủ để kiểm soát bảng rổ và ghi điểm từ các pha rebound. Chung cuộc, Phan Đình Phùng giành chiến thắng 37-29.
Vũ Dương Bảo Thy (Phan Đình Phùng) được chọn là Cầu thủ hay nhất trận (MVP). Tuy không có ưu thế thể hình, Thy nhanh nhẹn, xông xáo và dẫn nhịp tốt.
Chia sẻ sau trận đấu, HLV Vũ Hà Thu (Phan Đình Phùng) dành lời khen cho đối thủ: ""Vinschool The Harmony là đội bóng mạnh nhất mà chúng tôi từng đối đầu. Nhưng nhờ phân bổ thể lực hợp lý, tinh thần đoàn kết và giữ được sự tự tin khi thi đấu, đội đã giành chức vô địch thứ ba tại giải"".
Việc Phan Đình Phùng một lần nữa vô địch Giải Bóng rổ Trẻ VnExpress - Cup Ziaja không phải bất ngờ, bởi họ luôn nằm trong nhóm ứng viên hàng đầu. Tuy nhiên, đường đến danh hiệu năm nay khó khăn hơn nhiều với họ do nhiều đội bóng mạnh lần đầu xuất hiện. Năm nay, giải tăng quy mô lên 36 đội so với 24 năm ngoái.
Với Vinschool The Harmony, vào chung kết có lẽ là thành tích đáng tự hào với đội bóng non trẻ này. Tuy mới thành lập, việc được tổ chức bài bản, thi đấu thường xuyên đã nhanh chóng đưa đội trở thành một trong những đội nữ bóng rổ học đường mạnh nhất Hà Nội.
Giải Bóng rổ Trẻ VnExpress 2025 - Cup Ziaja do Báo VnExpress và Công ty Cổ phần Dịch vụ Trực tuyến FPT (FPT Online) tổ chức, có sự giám sát chuyên môn của Liên đoàn Bóng rổ Việt Nam. Giải nằm trong đề án quốc gia ""Phát triển bóng rổ học đường đến năm 2030"". Thông tin về giải được cập nhật trênfanpagevàwebsitechính thức của giải.
Hải Long"
https://vnexpress.net/chung-ket-nu-phan-dinh-phung-37-29-vinschool-the-harmony-4990752.html,Chung kết nữ: Phan Đình Phùng 37-29 Vinschool The Harmony,"Sau ba hiệp đấu giằng co từng điểm số, THPT Phan Đình Phùng đánh bại Harmony 37-29 ở chung kết nữ giải Bóng rổ Trẻ VnExpress 2025 - Cup Ziaja.","Trận đấu diễn ra chiều 7/12, tại Cung Thiếu nhi Hà Nội cơ sở 2, số 17 Phạm Hùng, Hà Nội. Harmony ban đầu nhỉnh hơn. Nhưng bằng bản lĩnh của đội ĐKVĐ, Phan Đình Phùng quân bình điểm số. Chuỗi ghi điểm ở hiệp 4 giúp họ tạo khoảng cách an toàn rồi giành chiến thắng chung cuộc để bảo vệ ngôi vô địch.
Giải Bóng rổ Trẻ VnExpress 2025 - Cup Ziaja doBáo VnExpressvà Công ty Cổ phần Dịch vụ Trực tuyến FPT (FPT Online) tổ chức, có sự giám sát chuyên môn của Liên đoàn Bóng rổ Việt Nam. Giải nằm trong đề án quốc gia ""Phát triển bóng rổ học đường đến năm 2030"".
Giải năm nay ghi nhận lượng đăng ký cao kỷ lục, với 80 đội gửi hồ sơ chỉ trong một tuần mở cổng. Do giới hạn quy mô, ban tổ chức chọn 36 đội đăng ký sớm nhất tham gia thi đấu, gồm 24 đội nam và 12 đội nữ. Vòng bảng diễn ra từ 31/10 tới 16/11, còn các vòng knock-out diễn ra từ 23/11 đến 7/12.
Lan Anh"
https://vnexpress.net/chung-ket-nam-vinschool-the-harmony-41-36-cau-giay-4990754.html,Chung kết nam: Vinschool The Harmony 41-36 Cầu Giấy,Đội nam THPT Vinschool The Harmony vượt qua Cầu Giấy 41-36 để vô địch giải Bóng rổ Trẻ VnExpress 2025 - Cup Ziaja,"Trận đấu diễn ra lúc 15h ngày 7/12, tại Cung Thiếu nhi Hà Nội cơ sở 2, số 17 Phạm Hùng (Hà Nội).
Giải Bóng rổ Trẻ VnExpress 2025 - Cup Ziaja doBáo VnExpressvà Công ty Cổ phần Dịch vụ Trực tuyến FPT (FPT Online) tổ chức, có sự giám sát chuyên môn của Liên đoàn Bóng rổ Việt Nam. Giải nằm trong đề án quốc gia ""Phát triển bóng rổ học đường đến năm 2030"".
Giải năm nay ghi nhận lượng đăng ký cao kỷ lục, với 80 đội gửi hồ sơ chỉ trong một tuần mở cổng. Do giới hạn quy mô, ban tổ chức chọn 36 đội đăng ký sớm nhất tham gia thi đấu, gồm 24 đội nam và 12 đội nữ. Vòng bảng diễn ra từ 31/10 tới 16/11, còn các vòng knock-out diễn ra từ 23/11 đến 7/12.
Lan Anh"
https://vnexpress.net/nen-chon-thi-lop-10-chuyen-van-hay-sinh-4988451.html,Nên chọn thi lớp 10 chuyên Văn hay Sinh?,Em từng tham gia bồi dưỡng học sinh giỏi môn Sinh nhưng đang thích môn Văn thì nên chọn thi chuyên nào?,"Em đang là học sinh lớp 9, học lực từ lớp 6 đến lớp 8 đều xuất sắc, điểm trung bình luôn trên 9. Em là học sinh lớp chọn từ năm lớp 7 và hiện muốn thi vào trường THPT chuyên.
Em học đều tất cả môn, từng học bồi dưỡng học sinh giỏi môn Sinh và cũng đang thích môn Văn nữa ạ. Vậy em nên chọn môn nào?. Với các môn không chuyên, đề thi chung của Sở Giáo dục và Đào tạo đúng không?.
Mong được mọi người tư vấn. Em xin cảm ơn.
Ngọc"
https://vnexpress.net/nu-gioi-nuoc-nao-co-chieu-cao-trung-binh-tren-170-cm-4990414.html,Nữ giới nước nào có chiều cao trung bình trên 170 cm?,"Trong gần 200 quốc gia và vùng lãnh thổ, duy nhất quốc gia này có chiều cao trung bình của nữ giới 19 tuổi trên 170 cm. Bạn có biết đây là nước nào?",Thanh Hằng
https://vnexpress.net/ba-rao-can-de-moi-hoc-sinh-biet-choi-mot-loai-nhac-cu-4990396.html,Ba rào cản để 'mỗi học sinh biết chơi một loại nhạc cụ',"Thiếu giáo viên, cơ sở vật chất, cùng quan niệm Âm nhạc là 'môn phụ' của phụ huynh là ba thách thức lớn, cản trở mục tiêu ""mỗi học sinh tốt nghiệp phổ thông biết chơi một loại nhạc cụ"".","Ông Phạm Tuấn Anh, Phó cục trưởng Cục Nhà giáo và Cán bộ Quản lý giáo dục, Bộ Giáo dục và Đào tạo, nêu nhận định trên tại buổi tọa đàm ""Giải pháp nâng cao chất lượng giáo dục Âm nhạc - Nghệ thuật trong trường phổ thông"", chiều ngày 5/12.
Theo chương trình giáo dục phổ thông năm 2018, Âm nhạc là môn bắt buộc từ lớp 1 đến 9. Ở cấp THPT, đây là môn tự chọn. Hồi tháng 4, Tổng Bí thư Tô Lâm đề nghị ngành giáo dục hướng tới mục tiêu mỗi học sinh tốt nghiệp phổ thông biết chơi một loại nhạc cụ. Tổng Bí thư nói ""Trẻ em sống trong hòa bình xứng đáng được hưởng những điều như vậy"".
Nhấn mạnh đây là chủ trương rất cần thiết, nhưng ông Tuấn Anh cùng nhiều chuyên gia nhìn nhận còn nhiều khó khăn trong dạy và học Âm nhạc ở phổ thông.
Khó khăn đầu tiên là đội ngũ giáo viên vừa thiếu, vừa yếu, theo ông Tuấn Anh. Cả nước hiện có khoảng 2.400 trường THPT. Nếu mỗi trường cần một giáo viên Âm nhạc thì bậc này thiếu khoảng 2.400 người, chưa kể tiểu học và THCS. Số sinh viên Sư phạm Âm nhạc ở các trường có thể đáp ứng được, song thực tế nhiều người không theo nghề.
Chất lượng giáo viên cũng chưa đủ tốt. Có chuyên gia chỉ ra thực trạng có sinh viên ra trường dạy phổ thông không nhận diện được thế nào là ca trù, xẩm, chèo, quan họ.
Cản trở thứ hai với việc dạy và học Âm nhạc là thiếu cơ sở vật chất. Muốn dạy tốt môn này, các trường phải có phòng chuyên dụng với đầy đủ các loại nhạc cụ. Nhưng hiện nay, số trường trang bị được phòng này không nhiều.
Đồng tình, TS Nguyễn Quang Tùng, giảng viên Đại học Sư phạm nghệ thuật Trung ương, đánh giá hai khó khăn lớn nhất là giáo viên và cơ sở vật chất. Qua quá trình thực nghiệm sách giáo khoa, ông Tùng nhận thấy dù học sinh yêu thích âm nhạc, nhưng việc truyền tải kiến thức không đầy đủ do chênh lệch trình độ giữa giáo viên thành thị và nông thôn.
Cuối cùng, ông Tuấn Anh cho biết, theo khảo sát của Bộ, nhiều phụ huynh vẫn còn cho rằng Âm nhạc là môn phụ, không dùng để xét tuyển đại học nên chưa thấy tầm quan trọng của môn học.
Các chuyên gia đều nhận định rất khó để cải thiện những khó khăn trên trong thời gian ngắn.
Đưa Âm nhạc vào chương trình đào tạo chính khóa từ năm 2010, ông Đàm Tiến Nam, hiệu trưởng trường Nguyễn Bỉnh Khiêm, Hà Nội, cho biết mất nhiều thời gian, mời nhiều chuyên gia để phát triển môn này. Bởi trường xác định năng lực thẩm mỹ, cảm xúc, sáng tạo đóng vai trò quan trọng trong sự phát triển nhân cách học trò.
Từ một lớp học đơn sơ, thiếu thốn nhạc cụ, trường đã đầu tư thành phòng âm nhạc chuẩn với hệ thống âm thanh, ánh sáng, sân khấu và thậm chí cả phòng thu - dựng âm thanh chuyên nghiệp. Đội ngũ giáo viên cũng tăng từ hai người lên 30 người (cả cơ hữu và thỉnh giảng).
Ông Thái Văn Tài, Vụ trưởng Vụ Giáo dục phổ thông, Bộ Giáo dục và Đào tạo, cho rằng các thầy cô trường công lập, đặc biệt là ở miền núi sẽ thấy việc đầu tư được như trường Nguyễn Bỉnh Khiêm là khá xa vời. Tuy nhiên, điều đó không đồng nghĩa là không làm được.
""Chúng ta phải cố gắng nuôi ý chí, làm từng bước cụ thể theo tinh thần chỉ đạo của Tổng Bí thư"", ông Tài nói.
Trước mắt, để giải quyết bài toán về đội ngũ, Bộ Giáo dục và Đào tạo đã có hướng dẫn để các trường mời chuyên gia, nghệ nhân, nghệ sĩ tham gia giảng dạy. Hướng đi này cũng được Thủ tướng Phạm Minh Chính đề cập trong Chỉ thị vào đầu tháng 6, nhằm tăng cường giáo dục văn hóa, nghệ thuật cho học sinh.
Dương Tâm"
https://vnexpress.net/thu-khoa-su-pham-ngu-van-dat-diem-gan-tuyet-doi-4987732.html,Thủ khoa Sư phạm Ngữ văn đạt điểm gần tuyệt đối,"Hương Trà, 22 tuổi, thủ khoa ngành Sư phạm Ngữ văn, trường Đại học Sư phạm Hà Nội, cho rằng chìa khóa để đạt điểm số cao là đặt Văn học trong mối liên hệ với điện ảnh, triết học, nghệ thuật...","Tạ Hương Trà, 22 tuổi, tốt nghiệp ngành Sư phạm Ngữ văn, hồi tháng 6, với điểm trung bình (GPA) 3.97/4, trong đó có 6/8 học kỳ đạt tuyệt đối.
Với Trà, thành tích này không quá bất ngờ, bởi ""đã lờ mờ đoán được, nhưng sợ nói trước bước không qua"".
Kết quả học tập tốt cùng kinh nghiệm phong phú, Hương Trà được nhận làm việc tại trường THPT chuyên Khoa học Xã hội và Nhân văn, Đại học Quốc gia Hà Nội, ngay sau khi nhận bằng.
Trà kể đã nhận ra năng khiếu với môn Ngữ văn từ hồi tiểu học. Trong các bài kiểm tra hàng tháng, điểm của nữ sinh luôn dẫn đầu. Lên cấp 2, nhờ được tiếp xúc với nhiều phương pháp học sáng tạo, tham gia các buổi triển lãm, xem phim... nên nữ sinh ngày càng thích thú với môn học này.
""Văn học giúp mình cảm thấy giàu có hơn về vốn sống"", Trà nhìn nhận.
Là cựu học sinh chuyên Văn, trường THPT chuyên Đại học Sư phạm Hà Nội, năm 2019, Trà thi vượt cấp và đạt giải nhì học sinh giỏi quốc gia. Thành tích này giúp Trà được tuyển thẳng vào nhiều trường đại học. Ban đầu, nữ sinh phân vân về ngành Truyền thông, vốn đang ""hot"". Nhưng sau thời gian làm gia sư hồi lớp 11, nữ sinh thấy mình hợp với nghề Sư phạm hơn.
Trà kể, mỗi dịp học trò thi cử, cô luôn ""ăn không ngon, ngủ không yên"", dốc sức tìm cách hướng dẫn và hồi hộp chờ đợi kết quả. ""Phải gắn bó như vậy mình mới thấy an tâm và học sinh cũng hết mình để phấn đấu"", cô chia sẻ.
Vào đại học, Trà xác định hai mục tiêu chính: học thật và nâng cao nghiệp vụ sư phạm. Cô tâm niệm việc học phải hiểu bản chất để làm chủ kiến thức, thay vì học vẹt hoặc nắm bắt hời hợt.
Khi tiếp cận mỗi chủ đề, bài học, Trà luôn xác định đâu là mạch ý lớn, mạch ý nhỏ..., rồi tùy nội dung cụ thể để lập sơ đồ tư duy hoặc bảng biểu nhằm hệ thống hóa kiến thức.
""Việc này giúp mình có thể đào sâu kiến thức, nằm lòng các vấn đề vốn rất trừu tượng"", Trà nói.
Với các môn chuyên ngành, nữ sinh yêu thích văn học nước ngoài và lý luận văn học. Văn học nước ngoài giúp Trà hiểu hơn bức tranh rộng lớn về đời sống và con người của nhiều quốc gia trên thế giới. Trong khi Lý luận văn học giúp nữ sinh hiểu bản chất, làm chủ việc học và nghiên cứu văn chương.
Ngoài giờ học trên lớp, Hương Trà thường đến các hội thảo, tọa đàm, buổi giao lưu về sách, dành thời gian xem phim, opera, múa ballet, và tham gia nhiều khóa học bên ngoài về nữ quyền, điện ảnh... Đây không phải là một thú vui đơn thuần, mà là cách để Trà tích lũy sự hiểu biết liên ngành. Cô cho rằng học Văn không chỉ dừng lại ở việc đọc và viết, mà còn cần kết nối với nhiều lĩnh vực như triết học, văn hóa, nghệ thuật.
""Việc này giúp hiểu cách Văn học vận hành trong đời sống và cập nhật những xu hướng nghiên cứu mới nhất trong và ngoài nước"", Trà nói.
Trà cũng tin rằng đây cũng là bước tích lũy kiến thức nền tảng về nhiều lĩnh vực, để hướng dẫn học sinh cảm thụ, phân tích các tác phẩm văn học, điện ảnh, hội họa... sau này.
""Mình muốn dạy học văn theo hướng liên ngành, luôn đặt Văn bên cạnh các bộ môn nghệ thuật khác để tạo ra trải nghiệm đa dạng cho học sinh"", Trà nói.
Nữ sinh cũng chọn làm khóa luận tốt nghiệp theo hướng này, với đề tài ""Đặc điểm ngôn ngữ biểu đạt thời gian trong truyện kể văn học và truyện kể điện ảnh"". Trà hoàn thành khóa luận chỉ sau hơn một tháng, đạt 9,8/10.
Dù phần lớn thời gian dành cho việc học, Hương Trà vẫn nhận dạy các nhóm học sinh nhỏ, chủ yếu để luyện kỹ năng và tích lũy kinh nghiệm.
""Mình xem đây là cơ hội để học cách truyền đạt kiến thức, xử lý tình huống và rèn luyện kỹ năng đối nhân xử thế"", Trà chia sẻ.
Cô Nguyễn Bích Thảo, giáo viên chủ nhiệm cấp 3, cũng là người hướng dẫn Hương Trà ở kỳ thực tập, nhận xét học trò có tư chất tốt và tinh thần ham học hỏi.
""Trà luôn giàu năng lượng và nhiệt huyết, quyết tâm cao độ để đạt được các mục tiêu đề ra"", cô nói.
Dự kiến theo học thạc sĩ ngành Văn học trong thời gian tới, Trà cho hay ấp ủ nhiều dự định để đổi mới hình thức dạy Văn và lan tỏa tình yêu văn hóa, nghệ thuật đến giới trẻ.
Huyền Trang"
https://vnexpress.net/quoc-gia-dong-nam-a-sap-vuot-mat-my-ve-so-sinh-vien-4990401.html,Quốc gia Đông Nam Á sắp 'vượt mặt' Mỹ về số sinh viên,Indonesia được dự báo sẽ vượt qua Mỹ và Brazil để trở thành hệ thống giáo dục đại học có quy mô sinh viên lớn thứ ba thế giới vào 2035.,"Báo cáo hồi cuối tháng 11 từ đội ngũ tư vấn của tổ chứcTimes Higher Educationdự báo xu hướng tuyển sinh của các quốc gia trong vòng 10 năm tới.
Theo đó, Indonesia sẽ có thêm 4,3 triệu sinh viên vào năm 2035, đạt 13 triệu người, vượt qua Mỹ và Brazil. Hiện, hệ thống giáo dục đại học ở nước này lớn thứ năm thế giới.
Bà Lucia Costantini, nhà khoa học dữ liệu hàng đầu tại dataHE, cho biết nếu so với Mỹ, tỷ lệ tuyển sinh tại Indonesia đang tăng mạnh ở cả bậc đại học và sau đại học (thạc sĩ, tiến sĩ). Kết hợp với dân số đang phát triển, tổng số sinh viên sẽ gia tăng đáng kể.
Trong khi đó, những chuyển dịch trong dân số và tỷ lệ nhập học khiến thị phần tuyển sinh toàn cầu của Mỹ giảm. Costantini giải thích dù tỷ lệ sinh viên trẻ nhập học đại học đang tăng, nhưng dân số nhóm này dự báo giảm nhẹ. Tỷ lệ nhập học của nhóm sinh viên lớn tuổi có xu hướng giảm, trong khi mức tăng dân số không đủ để duy trì tăng trưởng. Tuyển sinh sau đại học cũng tương tự.
Ngoài Indonesia, hệ thống giáo dục đại học ở các nước châu Á sẽ tiếp tục mở rộng quy mô, trong bối cảnh cả dân số toàn cầu và nhu cầu nâng cao kỹ năng gia tăng.
Đến 2035, tổng số sinh viên nhập học dự kiến tăng 32% (lên 66 triệu) ở Nam Á, và tăng 36% (lên 53 triệu) ở Đông Á. Hai khu vực Đông Nam Á và Tây Á cũng được dự báo sẽ mở rộng đáng kể.
Hai cường quốc về số sinh viên sẽ là Ấn Độ và Trung Quốc, lần lượt đạt 53 và 47 triệu sinh viên vào năm 2035.
Ngược lại, số sinh viên Bắc Mỹ dự kiến chỉ tăng nhẹ, từ 12,7 triệu lên 12,8 triệu trong giai đoạn này. Nếu xét riêng Mỹ, tổng số sinh viên, bao gồm cả trong nước và quốc tế, ước tính giảm 1%.
Trong số 20 hệ thống giáo dục lớn nhất thế giới, Nga được dự báo sẽ sụt giảm mạnh nhất, ở mức 9%.
Tại châu Âu, Vương quốc Anh dự kiến sẽ có thêm 1,4 triệu sinh viên – mức tăng cao top 10 trên thế giới. Cùng với Đức, đây là hai nước được dự báo tăng đáng kể về số sinh viên ở châu lục này. Tuy nhiên, xét riêng khu vực Đông Âu, tất cả sẽ giảm, đặc biệt ở Albania (giảm 61%), Belarus (56%) và Lithuania (42%).
Báo cáo nhận định những thay đổi này cho thấy nhu cầu giáo dục đại học toàn cầu đang có sự dịch chuyển dần dần. Các trường học và tổ chức giáo dục sẽ ngày càng cạnh tranh, không chỉ trong nước mà còn ở cấp khu vực và toàn cầu.
Mặc dù số lượng sinh viên giảm, báo cáo cho thấy thu nhập phi nghiên cứu (học phí, tài trợ, quyên góp,...) của các đại học Mỹ sẽ tăng thêm 84 tỷ USD vào năm 2035, vượt xa Trung Quốc (83 tỷ USD), Đức (55 tỷ USD) và Anh (13 tỷ USD).
Còn Indonesia được dự đoán sẽ có thêm gần 6 tỷ USD thu nhập phi nghiên cứu, vào top 11 trên thế giới.
Các nhà nghiên cứu cho rằng các hệ thống giáo dục có quy mô lớn như Ấn Độ và Indonesia sẽ tiếp tục ưu tiên khả năng chi trả của sinh viên hơn là tối đa hóa doanh thu, nên mức thu nhập tính theo mỗi sinh viên vẫn thấp.
Khánh Linh(TheoTHE)"
https://vnexpress.net/du-kien-co-bai-thi-rieng-de-xet-tuyen-nganh-y-4990501.html,Dự kiến có bài thi riêng để xét tuyển ngành Y,"Kỳ thi đánh giá năng lực của Đại học Quốc gia TP HCM dự kiến có thêm bài thi chuyên biệt dành cho nhóm ngành đặc thù, như khối trường Y, kể từ năm 2027.","Tiến sĩ Nguyễn Quốc Chính, Giám đốc Trung tâm khảo thí và đánh giá chất lượng đào tạo, Đại học Quốc gia TP HCM, chiều 5/12 cho biết thông tin trên. Bài thi này cũng diễn ra trên máy tính, tồn tại song song với bài thi đánh giá năng lực hiện nay. Chi tiết sẽ được công bố sau
Còn với năm 2026, kỳ thi giữ nguyên cách thức tổ chức và cấu trúc bài thi, nhằm đảm bảo tính ổn định, liên tục và so sánh kết quả giữa các năm.
Ở Việt Nam, một số ngành được coi là đặc thù gồm Sư phạm, Luật, Y khoa, bán dẫn... Với các trường Y, Dược, ý tưởng về một bài thi riêng từng được thảo luận từ năm 2022.
Tại nhiều quốc gia, ngành Y khoa có một kỳ thi đánh giá đầu vào riêng, chẳng hạn trường đại học đào tạo ngành y của Mỹ, Canada sử dụng kết quả MCAT (Medical College Admission Test) để tuyển sinh. Vì vậy, để nâng cao chất lượng đào tạo và phù hợp với xu hướng thế giới, khối ngành sức khỏe của Việt Nam cũng cần có một kỳ thi riêng, theo GS Nguyễn Vũ Quốc Huy, Hiệu trưởng trường Đại học Y Dược Huế.
Còn hiện tại, phần lớn trường kiên định dùng điểm thi tốt nghiệp để xét tuyển.
Kỳ thi đánh giá năng lực của Đại học Quốc gia TP HCM (V-ACT) năm 2026 dự kiến được tổ chức thành 2 đợt, tại 15 tỉnh, thành phố, gồm: TP HCM, Huế, Đà Nẵng, Quảng Ngãi, Gia Lai, Khánh Hòa, Lâm Đồng, Đắk Lắk, Đồng Nai, Tây Ninh, Đồng Tháp, Vĩnh Long, An Giang, Cần Thơ và Cà Mau.
Lịch thi như sau:
Năm nay, kỳ thi có khoảng 152.800 thí sinh và hơn 223.000 lượt dự thi. Hơn 110 trường dùng kết quả kỳ thi này để xét tuyển đầu vào.
Khánh Linh"
https://vnexpress.net/nhung-sinh-vien-dau-tien-tot-nghiep-nganh-tri-tue-nhan-tao-4990152.html,Những sinh viên đầu tiên tốt nghiệp ngành Trí tuệ nhân tạo,"30 sinh viên ngành Trí tuệ nhân tạo (AI) của trường Đại học Khoa học Tự nhiên TP HCM, thuộc khóa đầu tiên trong cả nước, tốt nghiệp vào đầu tháng 12.","Các em nằm trong khoảng 2.400 sinh viên của trường nhận bằng tốt nghiệp, từ ngày 29/11 đến 6/12.
Cách đây 4 năm, trường Đại học Khoa học Tự nhiên, Đại học Quốc gia TP HCM là cơ sở đầu tiên trong cả nước mở ngành Trí tuệ nhân tạo, tuyển được 42 em. Đợt này, có 24 em nhận bằng, 6 em đã tốt nghiệp sớm. Tổng cộng, ba người tốt nghiệp loại xuất sắc, loại giỏi 21 em, loại khá và trung bình đều có 6 người.
Nhóm tốt nghiệp năm nay vào đại học đúng giai đoạn dịch Covid-19 căng thẳng. Trường đánh giá tất cả đã nỗ lực thích nghi với bối cảnh dạy học online, kiên trì hoàn thành chương trình đúng hạn.
Theo PGS.TS Nguyễn Văn Vũ, Phó trưởng khoa Công nghệ thông tin, khóa đầu tiên của ngành Trí tuệ nhân tạo chọn được những sinh viên có chuẩn đầu vào cao từ lĩnh vực Máy tính - Công nghệ thông tin. Các em có năng lực tư duy và kỹ năng tốt.
Phần lớn sinh viên của ngành đã có việc làm sau khi tốt nghiệp, ở các vị trí kỹ sư AI, phần mềm, dữ liệu. Nhiều em đã đi làm từ cuối năm thứ ba.
""Trong bối cảnh trí tuệ nhân tạo phát triển bùng nổ, các doanh nghiệp cũng có nhu cầu lớn với lực lượng kỹ sư AI, mở ra tiềm năng lớn cho các khóa sau"", PGS.TS Vũ nói.
Thủ khoa của ngành AI là Võ Thu Trang, tốt nghiệp loại xuất sắc với điểm trung bình (GPA) 9,42/10 và TOEIC 820/990. Trang nhìn nhận tuy không có anh chị đi trước để học hỏi kinh nghiệm, bù lại các em chủ động hơn trong việc học, tìm tòi tài liệu chuyên ngành.
Sinh viên những ngành khác phải hết năm thứ hai mới chọn chuyên ngành thì khóa của Trang đã định hướng rõ ngay từ khi bắt đầu. Chương trình đào tạo được cập nhật với kiến thức mới và sự phát triển của Trí tuệ nhân tạo.
""Em thường ghi chú kỹ những phần thầy cô mở rộng, nhấn mạnh trong quá trình giảng. Đây là những ví dụ thực tiễn, giúp em hiểu bài hơn và ghi điểm cao ở các đợt thi"", Trang chia sẻ.
Trước đó, ở phía Bắc, 19 sinh viên trường Đại học Công nghệ, Đại học Quốc gia Hà Nội tốt nghiệp ngành AI, hồi cuối tháng 6. Khóa này vào đại học năm 2022, tuy nhiên trường có lộ trình riêng dành cho những em có năng lực vượt trội, rút ngắn thời gian đào tạo từ 4 năm xuống còn 3-3,5 năm.
Lệ Nguyễn"
https://vnexpress.net/mua-thu-ba-chuong-trinh-truong-hoc-khong-ma-tuy-bung-no-4990660.html,Mùa thứ ba chương trình 'Trường học không ma túy' bùng nổ,"Với 30 cuộc thi ở các tỉnh, thành, chương trình ""Trường học không ma túy"" mùa 3 có chất lượng vượt trội, hiệu ứng mạnh mẽ trên các nền tảng số.","Chương trình do Cục Cảnh sát điều tra tội phạm về ma túy (Bộ Công an) phối hợp với Vụ Học sinh, sinh viên (Bộ Giáo dục và Đào tạo) và Đài Truyền hình Việt Nam tổ chức. Đây là năm thứ ba chương trình được triển khai nhằm nâng cao công tác phòng, chống ma túy học đường.
Chương trình năm nay diễn ra dưới hình thức gameshow, với quy mô được mở rộng. Trong đó, 20 cuộc thi dành cho khối THPT, còn lại là khối đại học, cao đẳng, kết thúc ngày 5/12.
Khối THPT tham gia các phần thi đòi hỏi sự hiểu biết và kỹ năng ứng xử như ""Tôi là ai"", ""Hiểu biết"" và đặc biệt là ""Hùng biện"". Nhà tổ chức đánh giá phần thi Hùng biện là điểm nhấn. Thí sinh không chỉ trình bày góc nhìn cá nhân, mà còn thể hiện tư duy phản biện sắc sảo. Những kiến thức pháp luật vốn khô cứng, đã được Gen Z diễn đạt gần gũi, dễ hiểu, thuyết phục.
Khối đại học, cao đẳng thể hiện qua phần ""Trình bày dự án phòng, chống ma túy vì cộng đồng"". Nhiều dự án được đánh giá có tính ứng dụng cao, không chỉ dừng lại ở ý tưởng mà đã được triển khai thử nghiệm tại cộng đồng và bước đầu mang lại kết quả tích cực.
Ngoài ra, phần thi Tài năng chung cho cả hai khối, sử dụng âm nhạc, sân khấu, kịch hình thể để truyền tải thông điệp phòng chống ma túy một cách sáng tạo và hấp dẫn.
Thầy Giáp Văn Hoàng Thịnh, Bí thư Đoàn trường THPT Giáp Hải (tỉnh Bắc Ninh), cho biết trường đã nhận được sự hưởng ứng tích cực từ học sinh ngay trong năm đầu tham gia.
""Trường mong muốn tiếp tục tham gia những năm sau để đưa thông tin giáo dục về phòng chống ma túy đến gần với các em hơn"", thầy Thịnh nói.
Hoàng Lan, học sinh lớp 12A2, trường THPT Giáp Hải, ấn tượng nhất với phần thi tài năng. Theo Lan, đây là phần đòi hỏi thí sinh chủ động tìm hiểu và chắt lọc thông tin về ma túy để xây dựng một bài tuyên truyền hấp dẫn.
""Sau chương trình, em có thêm kiến thức cơ bản về tác hại của ma túy và biết cách ứng xử khi đối diện với hành vi, tội phạm liên quan"", nữ sinh chia sẻ.
Ban tổ chức cho biết sự vào cuộc đồng bộ của Công an, Sở Giáo dục và Đào tạo các tỉnh, thành, cũng như các nhà trường địa phương, giúp cuộc thi trở thành hoạt động tuyên truyền pháp luật bài bản.
Chương trình ghi nhận hiệu ứng truyền thông ấn tượng trên nền tảng số. Trên Fanpage VTV2 Chất lượng cuộc sống và Fanpage Cục Cảnh sát điều tra tội phạm về ma túy, một số video của chương trình đạt trên 1 triệu lượt xem và trên 1.000 lượt chia sẻ. Phần lớn video khác duy trì mức tương tác trên 300.000 lượt xem.
Đại tá Nguyễn Đức Tuấn, Phó Cục trưởng Cục Cảnh sát điều tra tội phạm về ma túy, Bộ Công an, nhấn mạnh ma túy là hiểm họa toàn cầu. Ông lưu ý rằng thanh thiếu niên là lứa tuổi dễ bị lôi kéo do đặc điểm thích khám phá, tò mò. Chỉ cần một phút tò mò hoặc thiếu hiểu biết, các em có thể đối mặt với nguy cơ nghiện hoặc phạm tội.
Theo thống kê, cả nước hiện có gần 300.000 người nghiện, người sử dụng trái phép chất ma túy và người sau cai nghiện có hồ sơ quản lý. Khoảng 60% người sử dụng ma túy lần đầu nằm trong độ tuổi 15-25, nhiều em chỉ mới 13-15 tuổi. Vì thế, việc trang bị kiến thức và kỹ năng phòng tránh ma túy đòi hỏi sự chung tay của gia đình, nhà trường và toàn xã hội.
Ông kỳ vọng thông qua cuộc thi, mỗi học sinh, sinh viên sẽ trở thành người lan tỏa thông điệp ""Vì một cộng đồng không ma túy"" đến gia đình và bạn bè, góp phần xây dựng môi trường giáo dục lành mạnh, an toàn.
Khánh Linh"
https://vnexpress.net/huyen-thoai-toan-hoc-my-dau-quan-cho-hoc-tro-4990395.html,Huyền thoại Toán học Mỹ 'đầu quân' cho học trò,"Ken Ono, giáo sư Toán học danh tiếng, nghỉ việc ở đại học để về đầu quân cho Axiom - startup trí tuệ nhân tạo (AI) do học trò cũ sáng lập.","Quyết định được ông thông báo trên facebook cá nhân ngày 4/12. ""Cập nhật cuộc sống: Tôi sẽ nghỉ ở Đại học Virginia để tham gia một cuộc phiêu lưu toán học và AI đầy thú vị"", ông viết.
Cuộc phiêu lưu mà Ono nhắc tới là vị trí Nhà toán học sáng lập tại Axiom Math - công ty khởi nghiệp ở thung lũng Silicon, California. Công ty do Carina Hong, một thiên tài Toán học gốc Trung, học trò cũ của Ono, sáng lập năm nay.
TheoThe Wall Street Journal, Axiom được đặt theo tên một thuật ngữ, dùng để chỉ một chân lý cơ bản khởi đầu cho toàn bộ một lý thuyết toán. Mục tiêu của startup này là xây dựng một ""nhà toán học AI"", có khả năng suy luận thông qua các bài toán đã biết, tìm ra những bài toán mới và dùng bằng chứng để xác thực công trình của mình.
Tại Axiom, Ono phụ trách đưa ra những bài toán đại diện mà chỉ bằng cách hiểu các nguyên lý toán học mới giải quyết được. Ông cũng sẽ soạn thảo các chuẩn mực đo lường hiệu suất của hệ thống và định hướng cho các mô hình của Axiom.
Ono chia sẻ ông từng coi nhẹ AI khi công nghệ này mới ra đời. Tuy nhiên, chứng kiến sự vượt trội của công nghệ mới khiến ông thay đổi quan điểm, quyết định gia nhập Axiom để được tham gia vào việc ""biến đổi cách thế giới vận hành"".
Theo chia sẻ của Ono trên trang web của Đại học Virginia, ông lớn lên trong một gia đình nhập cư người Nhật Bản. Dù có năng khiếu bẩm sinh với môn Toán, ông từng bỏ học cấp 3 vì bị cha mẹ gây áp lực phải học thật giỏi môn này.
Nhờ quen biết nhà tâm lý học Julian Stanley tại Trung tâm Thanh thiếu niên Tài năng tại Đại học Johns Hopkins, Ono được giúp đỡ để vào Đại học Chicago năm 1985. Ông tốt nghiệp sau bốn năm, với điểm trung bình (GPA) chỉ 2.7/4.0.
Sau khi ra trường, Ono học tiếp thạc sĩ Toán tại Đại học California-Los Angeles, cốt để không phải trở về nhà. Trong quá trình đó, nhờ gặp gỡ và trò chuyện với thầy hướng dẫn là Giáo sư Basil Gordon, niềm đam mê với Toán dần được thắp lại. Ông học tiếp lên tiến sĩ, tốt nghiệp năm 1993.
Kể từ đó, Ono bắt đầu sự nghiệp giảng dạy tại một loạt trường hàng đầu Mỹ, trong đó có Đại học Illinois-Urbana Champaign, Đại học bang Pennsylvania, Đại học Wisconsin-Madison,... trước khi về Đại học Virginia năm 2019.
Trong suốt sự nghiệp, Ono là nhà lý thuyết số nổi tiếng với những nghiên cứu về các phép đồng dư Ramanujan, giả thuyết Ánh trăng umbral và các lĩnh vực chính khác của lý thuyết số, được nhiều người coi là một ""hình mẫu vĩ đại"" trong Toán học.
Ông còn gây chú ý trong giới bơi lội khi làm việc với các vận động viên, phân tích những chi tiết nhỏ nhất của kỹ thuật bơi để tối ưu hóa hiệu suất.
Ngoài ra, ông là Tổng biên tập tạp chí Khoa học Springer Nature, Ủy viên Ủy ban Toán học quốc gia Mỹ, Thành viên Hội đồng giáo dục Toán học Mỹ, Cố vấn STEM cho Hiệu trưởng Đại học Virginia,...
Ono cũng dẫn dắt các chương trình nghiên cứu hàng đầu dành cho sinh viên ưu tú bậc đại học. Học trò của ông đã đoạt hai giải thưởng Breakthrough Mirzakhani, 10 người đoạt giải Morgan, 9 giải Schafer và 2 học giả Rhodes - những giải thưởng danh giá nhất cho sinh viên và nghiên cứu sinh ngành Toán.
Trong số này, CEO của Axiom - Carina Hong, sếp mới của Ono, đã xuất sắc giành cả giải Morgan, Schafer và học bổng Rhodes.
Dù ngừng giảng dạy, Ono vẫn sẽ giám sát công việc nghiên cứu và sinh viên tại Đại học Virginia từ xa. Trước ý kiến cho rằng sự chuyển hướng của ông là ""mất mát với Toán học"", trên LinkedIn, Ono khẳng định ""sẽ dành nhiều thời gian làm Toán hơn"".
Khánh Linh(Tổng hợp)"
https://vnexpress.net/nu-sinh-gianh-25-hc-vang-va-uoc-mo-lon-sau-giai-bong-ro-tre-vnexpress-4990613.html,Nữ sinh giành 25 HC vàng và ước mơ lớn sau Giải bóng rổ trẻ VnExpress,"Nguyễn Vũ Minh Hà, người 'gánh team' của THPT Việt Đức, giành 25 HC vàng bóng rổ chỉ trong hai năm qua.","25 HC vàng của Minh Hà đến ở các sự kiện lớn nhỏ khác nhau, từ cấp quận, thành phố cho đến cấp quốc gia, với đỉnh cao là chức vô địch U16 quốc gia cũng như Hội khỏe Phù Đổng toàn quốc. Nhờ đó, Minh Hà được chọn vào đội tuyển Việt Nam dự vòng loại giải bóng rổ U16 châu Á mùa hè qua.
Tấm HC vàng thứ 26 chưa thể đến với Minh Hà, khi em không thể cùng Việt Đức đi đến trận đấu cuối cùng tại Giải bóng rổ trẻ VnExpress. Ở trận bán kết cuối tuần qua, Minh Hà ghi nhiều điểm nhất trận (11 điểm), nhưng không thể giúp đội nhà vượt qua nhà ĐKVĐ Phan Đình Phùng.
Hành trình tại giải đấu ở Hà Nội kết thúc, nhưng con đường bóng rổ của Minh Hà và các đồng đội chắc chắn chưa dừng lại. Mới 16 tuổi, Hà còn rất nhiều giải đấu đang chờ đón phía trước, nhiều cơ hội để nâng cao thành tích cá nhân vốn đã rất đồ sộ. Phía sau những tấm huy chương lấp lánh ấy là một hành trình dày đặc mồ hôi, nỗ lực và bản lĩnh của một nữ sinh mới đang học lớp 10.
Minh Hà đến với bóng rổ không phải từ những lò đào tạo chuyên nghiệp từ nhỏ. Em chỉ thực sự tập trung cho bóng rổ từ những năm cấp hai, với mục đích ban đầu là chơi để giảm cân. Nhưng rồi, tố chất thể thao của cô gái Hà Nội sớm được phát lộ, khiến Minh Hà quyết định gắn bó hơn với trái bóng cam.
Với lịch tập gần như mỗi ngày, từ sân trường đến câu lạc bộ, từ các giải học sinh đến đội tuyển quốc gia, Minh Hà nhanh chóng trưởng thành trong môi trường thể thao. Ở tuổi 16, em đã thi đấu ở nhiều tỉnh thành, từ Hải Phòng, Đà Nẵng, Quy Nhơn, Bình Định đến TP HCM, hay du đấu nước ngoài cùng đội tuyển Việt Nam tại Thái Lan, Singapore.
Điều đặc biệt là trên hành trình đó, Minh Hà chưa bao giờ đơn độc. Em chia sẻ rằng bố mẹ luôn là những người đồng hành bền bỉ nhất. Từ những buổi tập thường ngày cho đến những giải đấu xa, bố mẹ vẫn luôn sắp xếp công việc để đi cùng, chờ em ngoài sân tập, cổ vũ em trên khán đài. Sự đồng hành ấy không ồn ào, không phô trương, nhưng chính là điểm tựa tinh thần lớn nhất để em đủ vững vàng trước áp lực thi đấu.
Giữa lịch thi đấu dày đặc như vậy, việc học trở thành một thử thách không nhỏ. Nhìn vào hành trình của Minh Hà, người ta dễ bị ấn tượng bởi 25 tấm HC vàng, bởi màu áo đội tuyển quốc gia, bởi những chuyến thi đấu trong và ngoài nước. Nhưng điều làm nên giá trị sâu xa hơn cả lại nằm ở những buổi học muộn sau giờ tập, những lần gục đầu bên trang vở vì mệt, những khoảnh khắc buộc phải tự hỏi bản thân nên tiếp tục hay dừng lại, và rồi vẫn lựa chọn tiếp tục cố gắng.
Minh Hà chia sẻ rằng để theo kịp chương trình, em buộc phải tập trung cao độ ngay trên lớp, tranh thủ từng giờ ra chơi, từng khoảng nghỉ giữa các tiết học để hoàn thành bài tập. Không phải lúc nào em cũng cân bằng được tất cả, nhưng sau cùng Minh Hà vẫn làm xuất sắc cả hai việc: học tập và thi đấu.
Con đường học tập của Minh Hà cũng là một hành trình bền bỉ và nhiều màu sắc không kém thể thao. Ở bậc tiểu học, em theo học lớp chuyên Toán. Lên lớp 6 và 7, em học chuyên Anh tại trường Archimedes. Lớp 8 và 9, Minh Hà chuyển sang học hệ Cambridge của Vinschool, duy trì điểm trung bình trên 9.0, phần lớn các môn IGCSE đạt A và A*.
Bước vào lớp 10 tại Trường THPT Việt Đức, dù lịch tập luyện và thi đấu vẫn dày đặc, em vẫn giữ mức điểm các môn học trên 9.0. Ngoài học tập và bóng rổ, Minh Hà còn có sở thích chơi piano, yêu nấu ăn, làm bánh, là nhà sáng tạo nội dung trênYouTube,quan tâm đến những lĩnh vực khác như kinh doanh, tài chính hay văn hóa. Em là hình mẫu tiêu biểu của thế hệ học sinh hội tụ toàn diện về trí tuệ, thể chất, cảm xúc và trách nhiệm xã hội.
Với Minh Hà, học không chỉ để đạt thành tích, mà còn là ""bệ đỡ"" để em yên tâm theo đuổi đam mê. Em hiểu rằng thể thao đỉnh cao luôn có giới hạn, nên việc học luôn được em đặt ở vị trí nền tảng, là con đường để em có nhiều lựa chọn hơn cho tương lai.
Nói về tương lai, Minh Hà không che giấu những trăn trở rất thật của một vận động viên trẻ. Em thẳng thắn nhìn nhận bản thân không có lợi thế lớn về thể hình, cũng chưa có quỹ thời gian đủ dài để rèn luyện từ nhỏ như nhiều vận động viên chuyên nghiệp. Vì vậy, dù bóng rổ là một phần không thể tách rời của cuộc sống, em vẫn chưa dám chắc sẽ theo con đường vận động viên chuyên nghiệp lâu dài.
Thay vào đó, Minh Hà nuôi một ước mơ khác, bền bỉ và chín chắn hơn: được đi du học để học sâu về lĩnh vực thể thao, có thể là khoa học thể thao, quản lý thể thao hoặc những ngành học liên quan. Minh Hà không giấu khát khao quay về Việt Nam khi có nền tảng tri thức vững vàng, để đóng góp cho bóng rổ nữ theo một cách bền vững hơn, không chỉ với tư cách một cầu thủ trên sân, mà còn là một người làm chuyên môn, quản lý hoặc tổ chức.
Trong bức tranh giáo dục hôm nay, khi học sinh có nhiều cơ hội tiếp cận thể thao, nghệ thuật, khoa học và hội nhập quốc tế, câu chuyện của Nguyễn Vũ Minh Hà là minh chứng rõ nét cho một thế hệ trẻ dám sống hết mình với những sở thích nhưng không buông lỏng nền tảng học tập. Em không chọn con đường dễ, mà chọn cách cân bằng giữa ước mơ và bổn phận, giữa đam mê và tương lai.
Những tấm huy chương rồi sẽ được cất vào tủ kính. Những trận đấu rồi cũng sẽ qua đi. Nhưng điều ở lại lâu dài nhất trong hành trình bóng rổ của Minh Hà, có lẽ chính là tinh thần không bỏ cuộc, là khả năng tự điều chỉnh bản thân trước áp lực, học cách đứng dậy sau mỗi thất bại, và là ước mơ đóng góp cho bóng rổ nữ Việt Nam bằng tri thức và trái tim của một người đã lớn lên từ sân bóng.
Chung kết giải Bóng rổ Trẻ VnExpress 2025 - Cup Ziaja khu vực Hà Nội diễn ra ngày 7/12 tại Cung Thiếu nhi Hà Nội cơ sở 2, số 17 Phạm Hùng. Song song chú trọng chất lượng chuyên môn, ban tổ chức sẽ trao giải cho đội tuyển có lực lượng cổ động viên đông đảo, nhiệt tình nhất ở mỗi ngày thi đấu, mỗi giải trị giá 2 triệu đồng. Đại diện ban tổ chức cho biết hoạt động nhằm khuyến khích tinh thần đồng đội, tạo bầu không khí sôi động và tăng sự gắn kết giữa các trường.
Giải Bóng rổ Trẻ VnExpress 2025 - Cup Ziaja doBáo VnExpressvà Công ty Cổ phần Dịch vụ Trực tuyến FPT (FPT Online) tổ chức, với giám sát chuyên môn từ Liên đoàn Bóng rổ Việt Nam. Giải nằm trong đề án quốc gia ""Phát triển bóng rổ học đường đến năm 2030"".
Giải năm nay ghi nhận lượng đăng ký cao kỷ lục, khi 80 đội gửi hồ sơ chỉ trong một tuần mở cổng. Do giới hạn quy mô, ban tổ chức chọn 36 đội đăng ký sớm nhất tham gia thi đấu, gồm 24 đội nam và 12 đội nữ. Vòng bảng diễn ra từ 31/10 tới 16/11, các vòng knock-out từ 23/11 đến 7/12.
Vy Anh"
https://vnexpress.net/hon-30-dai-hoc-cong-bo-phuong-thuc-xet-tuyen-nam-2026-5000014.html,Hơn 30 đại học công bố phương thức xét tuyển năm 2026,"Hơn 30 trường đại học đã công bố phương thức tuyển sinh dự kiến 2026, cho thấy sự phân hóa rõ rệt trong việc sử dụng học bạ và sự lên ngôi của các kỳ thi đánh giá năng lực.","Cụ thể, 14 trường duy trì xét tuyển riêng học bạ hoặc kết hợp với tiêu chí khác. Có trường chỉ xét điểm lớp 12 như Đại học Nguyễn Tất Thành, Công nghệ TP HCM, Kinh tế - Tài chính TP HCM, Yersin Đà Lạt (Lâm Đồng).... Ba trường xét 3-6 học kỳ là Đại học Hoa Sen, Công thương TP HCM, Kinh tế Kỹ thuật Long An.
Một số khác áp dụng tùy ngành, chương trình. Ví dụ, trường Đại học Sư phạm Hà Nội 2 xét với các ngành Giáo dục mầm non, Giáo dục thể chất, Công nghệ thông tin... trong khi trường Đại học Kinh tế, Đại học Quốc gia Hà Nội, chỉ dùng cho các chương trình liên kết quốc tế.
Điểm thi đánh giá năng lực, tư duy được hầu hết trường sử dụng. Các kỳ thi này gồm TSA (Đại học Bách khoa Hà Nội), HSA (Đại học Quốc gia Hà Nội), V-ACT (Đại học Quốc gia TP HCM), SPT (Đại học Sư phạm Hà Nội), H-SCA (Đại học Sư phạm TP HCM), V-SAT (kỳ thi đầu vào do các trường đại học phối hợp với Trung tâm Khảo thí quốc gia tổ chức).
Ngoài ra, các trường vẫn xét tuyển thẳng với học sinh được giải quốc gia, quốc tế; xét điểm thi tốt nghiệp THPT và xét chứng chỉ quốc tế. Các chứng chỉ quốc tế phổ biến được dùng như SAT, ACT, A-Level, IB.
Ngoài xét tuyển thẳng và xét điểm thi tốt nghiệp THPT, các phương thức tuyển sinh khác của hơn 30 trường như sau ([X] là có sử dụng nhưng chưa công bố chi tiết):
Năm nay, lịch tuyển sinh đại học sớm hơn hai tuần so với năm trước, do lịch thi tốt nghiệp THPT dự kiến diễn ra sớm, vào ngày 11-12/6. Bộ yêu cầu các trường xây dựng kế hoạch, công bố thông tin tuyển sinh với các điểm chính để học sinh có phương án học và ôn thi, muộn nhất là ngày 15/2.
Tất cả thí sinh đăng ký, điều chỉnh nguyện vọng xét tuyển không giới hạn số lần từ ngày 2/7 đến 17h ngày 14/7. Dự kiến, thí sinh biết điểm chuẩn đại học năm 2026 từ 17h ngày 10/8 đến 13/8.
Lịch xét tuyển đại học năm 2026
Năm ngoái, các trường đại học sử dụng 17 phương thức tuyển sinh. Tất cả xét cùng một đợt, sau khi thí sinh biết điểm thi tốt nghiệp THPT, thay vì xét tuyển sớm với nhiều phương thức như các năm trước.
Khoảng 773.200 em đỗ đại học, cao đẳng nhưng chỉ gần 625.500 xác nhận nhập học. Điểm chuẩn với hệ đại học từ 13 đến 30. Điểm trung bình là 19,11, giảm 3 so với kỳ tuyển sinh năm ngoái.
Dương Tâm"
https://vnexpress.net/nguoi-dan-nuoc-nao-uong-bia-nhieu-nhat-the-gioi-5001228.html,Người dân nước nào uống bia nhiều nhất thế giới?,"Trung bình mỗi người dân nước này uống hơn 152 lít bia mỗi năm, cao nhất thế giới suốt 31 năm qua. Bạn có biết đây là nước nào?",Khánh Linh
https://vnexpress.net/tien-si-nop-500-don-xin-viec-van-that-nghiep-5001144.html,Tiến sĩ nộp 500 đơn xin việc vẫn thất nghiệp,"MỹTừng là ngành ""hái ra tiền"", lĩnh vực công nghệ sinh học tại Boston đang khủng hoảng, khiến nhiều tiến sĩ phải xin trợ cấp thực phẩm hoặc bỏ nghề sau hàng trăm lần bị từ chối.","Năm 2018, Jeremy Liew, 31 tuổi, chuyển từ New Jersey đến Boston (bang Massachusetts) để theo đuổi tấm bằng tiến sĩ Hóa học. Anh kỳ vọng sẽ sớm có việc làm tại ""thủ phủ"" công nghệ sinh học (Biotech) hàng đầu nước Mỹ.
Sau khi tốt nghiệp Đại học Massachusetts vào năm ngoái, thực tế lại trở thành cơn ác mộng. Liew đã nộp đơn vào khoảng 500 vị trí ở thành phố này, nhưng đều thất bại. Để duy trì cuộc sống và trả tiền thuê nhà, vị tiến sĩ này phải đăng ký nhận hỗ trợ thực phẩm từ chính phủ và làm thêm bán thời gian cho một startup về AI.
Liew bắt đầu cân nhắc việc rời khỏi nước Mỹ. ""Nhiều người khuyên tôi nên sang Trung Quốc vì ngành này ở đó đang bùng nổ"", anh nói.
Tương tự, Pierce Cousins, tốt nghiệp ngành Kỹ thuật sinh học tại Đại học Harvard danh giá hồi tháng 5, từng quyết tâm tìm việc ở Boston. Song, đến tháng 11, Cousins phải chấp nhận làm nhân viên bán hàng cho một công ty phần mềm ở San Francisco, cách nhà hơn 3.000 km.
Theo dữ liệu liên bang, Massachusetts đã mất khoảng 65.000 việc làm trong lĩnh vực nghiên cứu và phát triển (R&D) công nghệ sinh học vào năm 2024, sau nhiều năm tăng trưởng mạnh. Tình trạng sa thải kéo dài sang năm 2025 trong khi tốc độ tuyển dụng mới vẫn trì trệ.
Nguyên nhân được cho là hệ quả của việc ""xây dựng tràn lan"" cơ sở nghiên cứu, trong những năm trước.
""Nếu có một ý tưởng hay, 10 công ty sẽ được xây một lúc để thực hiện"", theo Alexis Borisy, người sáng lập công ty đầu tư mạo hiểm công nghệ sinh học Curie.Bio tại Boston.
Tuy nhiên, lãi suất tăng vọt sau đại dịch đã khiến dòng vốn đầu tư thắt lại. Theo dữ liệu từMassBio, đầu tư vào ngành trong nửa đầu năm 2025 đã rơi xuống mức thấp nhất kể từ năm 2017.
Trong nửa đầu năm 2025, một đợt tài trợ cho các công ty khởi nghiệp đầy hứa hẹn trên toàn tiểu bang, được gọi là vòng hạt giống trung bình, chỉ thu được 7,7 triệu USD, giảm khoảng 31% so với mức trung bình ba năm trước.
Các cơ sở nghiên cứu còn đối mặt với việc cắt giảm ngân sách từ chính phủ. Nhóm nghiên cứu Grant Witness cho biết chính quyền Mỹ đã chấm dứt hàng chục triệu USD tài trợ cho bang Massachusetts trong năm nay. Viện Y tế Quốc gia (NIH) hồi tháng 11 tuyên bố sẽ phân bổ đều nguồn lực cho các bang thay vì tập trung vào Massachusetts như mọi năm.
Cú đúp cắt giảm nguồn vốn đã biến các khu tổ hợp nghiên cứu sầm uất trở nên hiu quạnh. Tại Kendall Square – trung tâm khoa học đời sống sát Viện Công nghệ Massachusetts, 17% không gian phòng thí nghiệm bỏ trống vào tháng 9, theo công ty bất động sản CBRE. Trong khi 4 năm trước, tỷ lệ trống ở đó chỉ 0,4%.
Để đối phó, các doanh nghiệp buộc phải dừng xây dựng phòng thí nghiệm mới, sa thải nhân sự hoặc chuyển trụ sở đến những vùng có chi phí rẻ hơn.
Đối với Adam Rafter, 26 tuổi, người đã nộp hơn 300 đơn xin việc từ tháng 8 nhưng chưa nhận được phản hồi, tương lai ngành khoa học đang trở nên mờ mịt hơn bao giờ hết. Rafter chia sẻ anh đang sống trong nỗi sợ hãi không thể tìm được một công việc đúng chuyên môn.
Trước tình hình này, Thống đốc bang Massachusetts, bà Maura Healey, đã đề xuất kế hoạch trị giá 400 triệu USD nhằm thu hút đầu tư và bù đắp kinh phí nghiên cứu bị giảm trong năm nay. Tuy nhiên, dự luật này vẫn đang chờ cơ quan lập pháp xem xét.
Khánh Linh(TheoThe Wall Streets Journal, Web Pro News)"
https://vnexpress.net/hon-30-dai-hoc-cong-bo-phuong-thuc-xet-tuyen-nam-2026-5000014.html#box_comment_vne,Hơn 30 đại học công bố phương thức xét tuyển năm 2026,"Hơn 30 trường đại học đã công bố phương thức tuyển sinh dự kiến 2026, cho thấy sự phân hóa rõ rệt trong việc sử dụng học bạ và sự lên ngôi của các kỳ thi đánh giá năng lực.","Cụ thể, 14 trường duy trì xét tuyển riêng học bạ hoặc kết hợp với tiêu chí khác. Có trường chỉ xét điểm lớp 12 như Đại học Nguyễn Tất Thành, Công nghệ TP HCM, Kinh tế - Tài chính TP HCM, Yersin Đà Lạt (Lâm Đồng).... Ba trường xét 3-6 học kỳ là Đại học Hoa Sen, Công thương TP HCM, Kinh tế Kỹ thuật Long An.
Một số khác áp dụng tùy ngành, chương trình. Ví dụ, trường Đại học Sư phạm Hà Nội 2 xét với các ngành Giáo dục mầm non, Giáo dục thể chất, Công nghệ thông tin... trong khi trường Đại học Kinh tế, Đại học Quốc gia Hà Nội, chỉ dùng cho các chương trình liên kết quốc tế.
Điểm thi đánh giá năng lực, tư duy được hầu hết trường sử dụng. Các kỳ thi này gồm TSA (Đại học Bách khoa Hà Nội), HSA (Đại học Quốc gia Hà Nội), V-ACT (Đại học Quốc gia TP HCM), SPT (Đại học Sư phạm Hà Nội), H-SCA (Đại học Sư phạm TP HCM), V-SAT (kỳ thi đầu vào do các trường đại học phối hợp với Trung tâm Khảo thí quốc gia tổ chức).
Ngoài ra, các trường vẫn xét tuyển thẳng với học sinh được giải quốc gia, quốc tế; xét điểm thi tốt nghiệp THPT và xét chứng chỉ quốc tế. Các chứng chỉ quốc tế phổ biến được dùng như SAT, ACT, A-Level, IB.
Ngoài xét tuyển thẳng và xét điểm thi tốt nghiệp THPT, các phương thức tuyển sinh khác của hơn 30 trường như sau ([X] là có sử dụng nhưng chưa công bố chi tiết):
Năm nay, lịch tuyển sinh đại học sớm hơn hai tuần so với năm trước, do lịch thi tốt nghiệp THPT dự kiến diễn ra sớm, vào ngày 11-12/6. Bộ yêu cầu các trường xây dựng kế hoạch, công bố thông tin tuyển sinh với các điểm chính để học sinh có phương án học và ôn thi, muộn nhất là ngày 15/2.
Tất cả thí sinh đăng ký, điều chỉnh nguyện vọng xét tuyển không giới hạn số lần từ ngày 2/7 đến 17h ngày 14/7. Dự kiến, thí sinh biết điểm chuẩn đại học năm 2026 từ 17h ngày 10/8 đến 13/8.
Lịch xét tuyển đại học năm 2026
Năm ngoái, các trường đại học sử dụng 17 phương thức tuyển sinh. Tất cả xét cùng một đợt, sau khi thí sinh biết điểm thi tốt nghiệp THPT, thay vì xét tuyển sớm với nhiều phương thức như các năm trước.
Khoảng 773.200 em đỗ đại học, cao đẳng nhưng chỉ gần 625.500 xác nhận nhập học. Điểm chuẩn với hệ đại học từ 13 đến 30. Điểm trung bình là 19,11, giảm 3 so với kỳ tuyển sinh năm ngoái.
Dương Tâm"
https://vnexpress.net/nguoi-dan-nuoc-nao-uong-bia-nhieu-nhat-the-gioi-5001228.html#box_comment_vne,Người dân nước nào uống bia nhiều nhất thế giới?,"Trung bình mỗi người dân nước này uống hơn 152 lít bia mỗi năm, cao nhất thế giới suốt 31 năm qua. Bạn có biết đây là nước nào?",Khánh Linh
https://vnexpress.net/bac-tin-sach-giao-khoa-lich-su-bo-qua-quang-trung-5001205.html,Bác tin sách giáo khoa lịch sử 'bỏ qua' Quang Trung,"Thông tin sách giáo khoa Lịch sử - Địa lý lớp 5 chỉ dạy về Nguyễn Ánh, không có Quang Trung và phong trào Tây Sơn là ""vu khống có chủ đích"", theo Bộ Giáo dục.","Bộ Giáo dục và Đào tạo ngày 2/1 cho biết mạng xã hội đang lan truyền những thông tin thất thiệt, xuyên tạc liên quan nội dung lịch sử trong sách giáo khoa, bộ Kết nối tri thức với cuộc sống. Bộ sách này của Nhà xuất bản Giáo dục, được chọn là sách dùng chung trong cả nước, từ năm học tới.
Cụ thể, một số tài khoản cho rằng sách giáo khoa Lịch sử - Địa lý lớp 5 chỉ dạy về Nguyễn Ánh (vua Gia Long) nhưng lại không dạy về Quang Trung và phong trào Tây Sơn.
Sau khi rà soát, Bộ khẳng định nội dung dạy học về Quang Trung và phong trào Tây Sơn được bố trí đầy đủ, có hệ thống, từ trung học cơ sở như lớp 8 (môn Lịch sử và Địa lý) đến trung học phổ thông như lớp 11 (môn Lịch sử).
Nội dung dạy học về nhà Nguyễn với tư cách là một triều đại cũng tương tự. Trong đó, nội dung về Nguyễn Ánh được bố trí theo mạch logic lịch sử ở lớp 5 (môn Lịch sử và Địa lý), lớp 7 và lớp 8 (môn Lịch sử và Địa lý), lớp 11 (môn Lịch sử).
Việc sắp xếp này phù hợp với logic tiến trình lịch sử, đặc điểm tâm lý lứa tuổi và quan điểm của Chương trình giáo dục phổ thông 2018: khoa học, khách quan, không tiếp cận theo hướng thần tượng hóa hay phán xét đạo đức cá nhân.
Bộ Giáo dục và Đào tạo đã đề nghị Bộ Công an vào cuộc xác minh, làm rõ động cơ, mục đích của việc tạo dựng và phát tán các thông tin, bình luận thất thiệt, xuyên tạc nói trên.
Mục đích là để xử lý nghiêm các vi phạm, đảm bảo đảm an ninh chính trị trong lĩnh vực giáo dục và đào tạo. Bộ cũng khuyến cáo người dân không chia sẻ, bình luận thiếu căn cứ trước những thông tin này.
Nguyễn Ánh và Quang Trung là hai nhân vật gắn với giai đoạn biến động lớn của lịch sử Việt Nam, cuối thế kỷ 18.
Quang Trung (Nguyễn Huệ) là lãnh tụ phong trào Tây Sơn, nổi bật với chiến thắng Ngọc Hồi – Đống Đa năm 1789 trước quân Thanh. Đây được coi là một trong những chiến công hiển hách nhất trong lịch sử giữ nước của dân tộc.
Tuy nhiên, ông đột ngột qua đời vào năm 1792. Nguyễn Ánh sau đó đánh bại nhà Tây Sơn, lên ngôi vua năm 1802 với niên hiệu Gia Long, mở đầu triều Nguyễn.
Khánh Linh"
https://vnexpress.net/cuoc-doi-phi-thuong-tu-co-be-vat-sua-den-giai-nobel-may-tinh-5000677.html,Cuộc đời phi thường từ cô bé vắt sữa đến giải 'Nobel máy tính',"Lớn lên ở một nông trại không có điện, Frances Allen từ cô bé vắt sữa bò trở thành huyền thoại trong giới công nghệ, là người phụ nữ đầu tiên nhận giải Turing - ""Nobel máy tính"".","Frances Elizabeth Allen (1932-2020) là nhà khoa học máy tính người Mỹ. Bà đã có những đóng góp tiên phong cả về lý thuyết và thực tiễn cho các kỹ thuật tối ưu hóa biên dịch (chuyển đổi mã nguồn sang mã máy hoặc mã trung gian), giúp phần mềm nhận được các chương trình do con người viết và chuyển chúng thành thứ mà máy tính có thể hiểu được.
Những ý tưởng của bà đã đặt nền móng cho các trình biên dịch tối ưu hóa hiện đại, giúp các lập trình viên ngày nay tạo ra phần mềm nhanh, hiệu quả cho các máy tính, điện thoại thông minh và trang web.
Allen sinh ra ở một nông trại nuôi bò sữa tại thị trấn Peru, bang New York, là chị cả trong gia đình có 6 anh, chị, em. Bà lớn lên trong cảnh thiếu nước máy và điện sinh hoạt. Đầu thập niên 1940, trang trại bò bắt đầu có điện, nhưng ngôi nhà của gia đình bà thì không. Ngôi trường của bà cũng chỉ có một phòng, cách nhà chưa đầy một dặm. Sau giờ học, bà làm công việc đồng áng, như vắt sữa bò.
Thời trung học, Allen rất ngưỡng mộ giáo viên toán của mình, nên quyết tâm nối bước. Bà theo học trường Cao đẳng Sư phạm bang New York (nay là Đại học bang New York tại Albany) trong bốn năm, lấy bằng Cử nhân Toán học, chuyên ngành phụ Vật lý kèm chứng chỉ Sư phạm. Sau đó, bà dạy toán tại trường cũ trong hai năm, từ đại số sơ cấp đến lượng giác nâng cao.
Allen sau đó ghi danh vào Đại học Michigan-Ann Arbor, lấy bằng Thạc sĩ toán năm 1957. Đây cũng là nơi bà được học những lớp đầu tiên về máy tính và cách lập trình máy 650 của IBM - tập đoàn công nghệ đa quốc gia khổng lồ của Mỹ.
Cùng năm, trong một đợt phỏng vấn tuyển dụng của IBM trong khuôn viên trường, Allen được mời vào làm một vị trí nghiên cứu. Vì muốn trả hết nợ món nợ học phí đại học, bà gật đầu, dự định kiếm đủ tiền rồi sẽ quay lại giảng dạy.
Nhưng bước ngoặt này đã níu bà ở lại IBM trong suốt 45 năm tiếp theo.
Bà gia nhập IBM vào tháng 7/1957, hai tháng sau khi ngôn ngữ lập trình cấp cao FORTRAN được phát hành. Trước đây, các kỹ sư phải lập trình máy tính bằng ngôn ngữ nhị phân mà phần cứng máy tính hiểu được. Với FORTRAN, họ có thể xây dựng phần mềm một cách trực quan hơn, không cần nắm vững các thao tác bí truyền của phần cứng.
Nhiệm vụ đầu tiên của bà là hướng dẫn các nhà nghiên cứu tại IBM sử dụng ngôn ngữ này. Để hoàn thành công việc, bà đã làm điều mà giáo viên thường phải làm: học trước tài liệu vài ngày so với sinh viên. Trong quá trình này, bà đọc mã nguồn của bộ biên dịch Fordtran do John Backus (người sau này cũng đoạt giải Turing Award) và nhóm của ông phát triển. Chính bộ tài liệu này đã khơi dậy niềm đam mê của Allen với biên dịch và định hình cách bà suy nghĩ về chúng.
Từ đó về sau, bà tập trung phát triển các bộ biên dịch ngôn ngữ lập trình tiên tiến. Nổi bật trong đó là dự án tuyệt mật chế tạo siêu máy tính STRETCH của Cơ quan An ninh quốc gia Mỹ (NSA).
Cỗ máy của NSA được thiết kế để phân tích các thông tin liên lạc bị chặn bởi các trạm nghe lén của điệp viên Mỹ trên khắp thế giới. Allen đã giúp xây dựng ngôn ngữ lập trình và trình biên dịch của cỗ máy này.
Trong những năm đầu thiết kế máy tính, các trình biên dịch cực kỳ kém hiệu quả. Lập trình viên có thể xây dựng phần mềm mà không cần tìm hiểu chi tiết về phần cứng, nhưng khi trình biên dịch chuyển đổi chương trình của họ thành ngôn ngữ nhị phân, chúng lại quá chậm, tốn rất nhiều dung lượng.
Allen đã nỗ lực để thay đổi. Bà và đồng nghiệp thiết kế một khung bộ biên dịch duy nhất để xử lý ba ngôn ngữ lập trình khác nhau: FORTRAN, Autocoder và ngôn ngữ mới Alpha. Chúng dùng chung một phần phụ trợ tối ưu hóa có thể tạo mã cho cả siêu máy tính Stretch và bộ đồng xử lý Harvest.
Sau này, họ áp dụng ý tưởng tương tự vào ""parallel computing"" (điện toán song song), một kỹ thuật mới hơn nhằm phân chia các tác vụ kỹ thuật số trên nhiều máy tính.
Kết quả sau vài thập kỷ chính là ngành lập trình máy tính ngày nay. Giờ đây, các lập trình viên có thể xây dựng các ứng dụng điện thoại thông minh, như Facebook, phản hồi tức thì, được cung cấp từ các trung tâm dữ liệu khổng lồ với hàng chục nghìn máy tính.
Cùng với nhà nghiên cứu John Cocke, Allen xuất bản một loạt bài báo mang tính bước ngoặt vào cuối những năm 1960 và 70, mô tả sự cân bằng giữa tính dễ tạo và tốc độ thực thi trong công trình của bà. Năm 2006, Allen trở thành người phụ nữ đầu tiên được trao Giải A.M. Turing.
Theo Graydon Hoare, người tạo ra ngôn ngữ lập trình Rust, công trình của Allen hiện diện trong hầu hết hệ thống phần mềm: ứng dụng, trang web, trò chơi điện tử, hệ thống liên lạc, máy tính của chính phủ hay ngân hàng, máy tính trên ô tô hay máy bay,...
Hoare nói thêm rằng nếu không có trình biên dịch tốt, toàn bộ thế giới phần mềm sẽ chậm, tốn kém, dễ xảy ra lỗi và kém khả năng hơn nhiều.
Bên cạnh những ảnh hưởng về mặt kỹ thuật, Allen còn thúc đẩy nhiều thay đổi trong một lĩnh vực vốn từ lâu do nam giới thống trị. Trong những năm 1970, bà đã kiên trì xây dựng đội ngũ nghiên cứu tại IBM với tỷ lệ nữ lên tới 50%.
""Bà ấy đã phá vỡ rào cản vô hình. Vào thời điểm đó, không ai nghĩ rằng một người như bà ấy có thể đạt được những gì bà ấy đã làm"", Mark Wegman, một nhà nghiên cứu IBM đã làm việc với Allen trong nhiều thập kỷ, nói.
Năm 1989, bà trở thành ""IBM fellow"" (nhà nghiên cứu IBM) nữ đầu tiên, một vinh dự hiếm dành cho các kỹ sư, nhà khoa học và lập trình viên của công ty. Một chi tiết thú vị nhưng cũng trớ trêu: Trên chứng nhận, công ty vẫn in dòng chữ dành cho nam giới:""Ghi nhận những đóng góp kỹ thuật xuất sắc của anh..."".
Frances đã treo nó trên tường cho đến khi nghỉ hưu năm 2002. Năm 2020, bà qua đời tại một viện dưỡng lão, sau nhiều năm chung sống với bệnh Alzheimer.
Khánh Linh(TheoThe New York Times, ACM, IBM)"
https://vnexpress.net/hoc-phi-10-dai-hoc-tot-nhat-han-quoc-nam-2026-5000712.html,Học phí 10 đại học tốt nhất Hàn Quốc năm 2026,"Học phí tại 10 đại học hàng đầu của Hàn Quốc dao động 2,7-19 triệu won (50-346 triệu đồng) mỗi năm, thấp nhất ở Viện Khoa học và Công nghệ Quốc gia Ulsan.","Theo bảng xếp hạng đại học thế giới năm 2026 củaTimes Higher Education(THE), Đại học Quốc gia Seoul trong top 58, và dẫn đầu ở Hàn Quốc.
Ba vị trí tiếp theo là Viện Khoa học và Công nghệ Tiên tiến Hàn Quốc (KAIST), Đại học Yonsei và Đại học Sungkyunkwan. Đây cũng là những trường nằm trong nhóm 100 tốt nhất thế giới.
Đại học Khoa học và Công nghệ Pohang (POSTECH) và Đại học Hàn Quốc lần lượt xếp thứ 5 và 6, ở top 141 và 156 toàn cầu. Bốn vị trí còn lại thuộc về Viện Khoa học và Công nghệ Quốc gia Ulsan (UNIST), Đại học Hanyang, Kyung Hee và Sejong.
Bảy trong 10 trường nói trên là đại học tư thục, thu học phí phổ biến 5,6-15,6 triệu won mỗi năm (100-290 triệu đồng), theo chuyên trang du họcStudy Abroad Aide.
Ba cơ sở thuộc khu vực công lập là Đại học Quốc gia Seoul, Viện KAIST và UNIST thu từ 2,7 đến 19 triệu won, tương đương 50-346 triệu đồng.
Cụ thể như sau:
TT
Trường
Thứ hạng trên thế giới
Điểm (thang 100)
Học phí (triệu KRW/năm)
1
Đại học Quốc gia Seoul
58
74.1
4,9-7,8
2
Viện Khoa học và Công nghệ Tiên tiến Hàn Quốc (KAIST)
70
71.3
19
3
Đại học Yonsei
86
68.5
16
4
Đại học Sungkyunkwan
87
68.3
10,2-15,6
5
Đại học Khoa học và Công nghệ Pohang (POSTECH)
141
62.3
5,6
6
Đại học Hàn Quốc
156
61.4
10,6-14,2
7
Viện Khoa học và Công nghệ Quốc gia Ulsan (UNIST)
201-250
56.4-58.6
2,7-3,1
8
Đại học Hanyang
251-300
54.3-56.3
10-14,9
THE là một trong ba tổ chức xếp hạng đại học có ảnh hưởng lớn, bên cạnh QS, ARWU. Bảng xếp hạng đại học danh tiếng được tổ chức này công bố lần đầu vào năm 2011.
Năm nay, THE khảo sát và xếp hạng gần 2.200 cơ sở giáo dục đại học từ 115 quốc gia và vùng lãnh thổ. Mỹ và Anh tiếp tục thống trị top 10.
Bảng xếp hạng dựa vào 18 chỉ số, thuộc 5 trụ cột, tương tự mọi năm. Trong đó, chất lượng nghiên cứu chiếm trọng số lớn nhất (30%), rồi đến chất lượng giảng dạy (29,5%), môi trường nghiên cứu (29%), tính quốc tế (7,5%), thu nhập và bằng sáng chế công nghiệp (4%).
Khánh Linh"
https://vnexpress.net/thuong-tet-giao-vien-hop-dong-111-theo-nghi-dinh-73-nhu-the-nao-5000440.html,Giáo viên hợp đồng chạnh lòng vì thưởng Tết,"Thấy đồng nghiệp nhận 10-12 triệu đồng tiền thưởng theo Nghị định 73, cô Ngọc Hân chạnh lòng vì ""không có gì"".","Tốt nghiệp đại học liên thông, vào ngành giáo dục theo diện hợp đồng từ cuối năm 2024, cô Ngọc Hân (32 tuổi, Ninh Bình) từng hy vọng khoản thưởng theo Nghị định 73 sẽ giúp gia đình có cái Tết sung túc hơn. Hiện, nữ giáo viên hưởng lương 6,8 triệu đồng mỗi tháng sau khi trừ bảo hiểm, phải ""co kéo"" hết mức để đảm bảo cuộc sống.
Cô Hân kể năm ngoái chưa có thưởng vì số ngày làm việc không đáng kể. Năm nay, nghe ""kháo nhau"" rằng một giáo viên có thể được khoảng 10 triệu đồng, cô càng trông đợi. Tuy nhiên, khi các đồng nghiệp biên chế lần lượt nhận 10-12 triệu đồng, nữ giáo viên mới biết mình không được.
""Tôi rất hụt hẫng và chạnh lòng"", cô Hân nói. ""Tại sao khoản tiền thưởng chia theo mức độ hoàn thành nhiệm vụ, giáo viên hợp đồng chúng tôi cũng vất vả như người biên chế mà không được nhận?"".
Tình cảnh của cô Hân không phải cá biệt. Tại Khánh Hòa, Thanh Hóa và trên các diễn đàn giáo viên mầm non, tiểu học, khoản thưởng theo Nghị định 73 đang trở thành tâm điểm bàn luận. Nhiều người thắc mắc vì không thấy trường ""đả động"" gì, nhưng đồng nghiệp nơi khác lại được nhận. Có giáo viên tâm tư vì thưởng chỉ ở mức ""tượng trưng"".
""Chúng tôi mong có thêm khoản động viên để trang trải, nhất là vào dịp Tết"", một giáo viên ở Khánh Hòa chia sẻ.
Theo thống kê gần nhất, cả nước có khoảng 50.000 giáo viên hợp đồng theo Nghị định 111 của Chính phủ, áp dụng với cơ quan hành chính và sự nghiệp công lập.
Giáo viên nhận thưởng Tết 10-14 triệu đồng
""Đây là nhóm rất thiệt thòi, vì hầu hết chính sách về lương, thưởng phục vụ cho giáo viên biên chế"", thầy Nguyễn Cao Cường, hiệu trưởng trường THCS Thái Thịnh, Hà Nội, bày tỏ.
Năm ngoái, giáo viên lần đầu có thưởng, theo Nghị định 73 của Chính phủ, hiệu lực từ tháng 7/2024. Trong đó, quỹ tiền thưởng bằng 10% tổng quỹ tiền lương của giáo viên, nhân viên biên chế. Năm nay, mức thưởng phổ biến ở nhiều trường là 10-14 triệu đồng, căn cứ mức độ hoàn thành nhiệm vụ của mỗi người.
Theo cô Vân, hiệu trưởng một trường THCS ở Hà Nội, Nghị định 73 có đưa giáo viên diện hợp đồng 111 vào nhóm được thưởng. Tuy nhiên, hướng dẫn của Bộ Tài chính (Thông tư 62 năm 2024), yêu cầu các trường dựa vào số lượng và hệ số lương của giáo viên biên chế để xác định tiền thưởng lấy từ ngân sách. Còn thưởng với nhóm hợp đồng sẽ dùng ""ngân sách được giao và các nguồn thu hợp pháp khác"".
""Nôm na là gói thưởng theo Nghị định 73 mà ngân sách cấp về không dành cho nhóm giáo viên hợp đồng. Các trường phải tự tính toán, cân đối để có thưởng cho thầy cô diện này"", cô Vân giải thích.
Với thực tế này, cô Vân thấy có ba trường hợp xảy ra. Một là nếu ngân sách và các quỹ hạn chế, các trường có thể cắt thưởng với giáo viên hợp đồng, như cô Hân.
Hai là các trường vẫn chi, nhưng san sẻ từ nhóm biên chế. Cô Vân thấy cách làm này phổ biến nhất, nhưng ""phải khéo"" và tạo được sự đoàn kết trong tập thể, bởi ""không phải ai cũng thoải mái việc chia thưởng của mình cho người khác"".
Lựa chọn thứ ba là trích từ các khoản tiết kiệm chi, quỹ thưởng của trường để cho giáo viên hợp đồng. Thầy Hoàng, hiệu trưởng một trường THPT ở ngoại thành Hà Nội, nhìn nhận đây là giải pháp thoải mái nhất cho giáo viên, nhưng lại gây áp lực lớn cho trường.
""Trường nào có 2-3 giáo viên hợp đồng thì còn cố được, nhưng với nơi có 10-20 người, khoản này thực sự là gánh nặng"", thầy Hoàng nói.
Năm ngoái, thầy Hoàng trích quỹ trường 50 triệu đồng để thưởng cho 20 giáo viên và nhân viên hợp đồng. Tới năm nay, mức này dự kiến tăng 1,5 lần vì chính sách đã áp dụng tròn năm, thay vì 6 tháng như năm ngoái. Trong khi, các trường không còn được thu tiền dạy thêm buổi chiều, nên ""quỹ cũng hạn chế hơn"".
""Chúng tôi đang rất đau đầu"", thầy chia sẻ.
Dù khó khăn, nhiều nhà quản lý nói cố gắng giữ mức thưởng cho giáo viên hợp đồng bằng khoảng 30-50% so với nhóm biên chế, tương đương 2-4 triệu đồng.
Cũng ở Hà Nội, cô Hà, hiệu trưởng một trường tiểu học, cho biết năm ngoái, hai giáo viên hợp đồng của trường nhận 3-3,5 triệu đồng thưởng Tết mỗi người, còn biên chế 5-7 triệu. Năm nay, mức dự tính với nhóm hợp đồng là 5 triệu, biên chế gấp rưỡi.
""Tinh thần là không để tiền thưởng quá chênh nhau, vì các thầy cô đã có một năm vất vả. Trường không muốn giáo viên nào bị thiệt thòi quá"", cô Hà nói.
Đây cũng là quan điểm của thầy Cường, dù trường THCS Thái Thịnh chưa chốt cách chia thưởng. Mức dự kiến cho hai nhóm biên chế xếp loại hoàn thành tốt và xuất sắc lần lượt 9 và hơn 10 triệu đồng.
""Dù ít, dù nhiều chúng tôi vẫn sẽ có khoản để động viên giáo viên, nhân viên hợp đồng"", thầy nói.
Ít ngày trước, sau khi tiếp nhận phản ánh, kiến nghị của giáo viên hợp đồng 111, Sở Tài chính tỉnh Thanh Hóa đã đề nghị các xã, phường chủ động cân đối ngân sách để bổ sung kinh phí cho các trường, hoặc hướng dẫn trường dùng nguồn thu để thưởng cho thầy cô theo Nghị định 73.
Cô Thùy Dương, giáo viên hợp đồng cấp THCS ở Hà Nội, cũng đang ""đếm từng ngày"" để nhận tiền thưởng, sắm sửa Tết. Năm ngoái, cô được 3,5 triệu đồng, đã được hiệu trưởng thông báo sẽ tăng lên 5 triệu năm nay.
""So với các đồng nghiệp biên chế, khoản của tôi chỉ bằng một nửa, nhưng tôi cũng chia sẻ với trường và hoan hỉ với số tiền nhận được"", cô Dương nói.
Thanh Hằng
* Tên một số giáo viên, hiệu trưởng được thay đổi"
https://vnexpress.net/bac-tin-sach-giao-khoa-lich-su-bo-qua-quang-trung-5001205.html#box_comment_vne,Bác tin sách giáo khoa lịch sử 'bỏ qua' Quang Trung,"Thông tin sách giáo khoa Lịch sử - Địa lý lớp 5 chỉ dạy về Nguyễn Ánh, không có Quang Trung và phong trào Tây Sơn là ""vu khống có chủ đích"", theo Bộ Giáo dục.","Bộ Giáo dục và Đào tạo ngày 2/1 cho biết mạng xã hội đang lan truyền những thông tin thất thiệt, xuyên tạc liên quan nội dung lịch sử trong sách giáo khoa, bộ Kết nối tri thức với cuộc sống. Bộ sách này của Nhà xuất bản Giáo dục, được chọn là sách dùng chung trong cả nước, từ năm học tới.
Cụ thể, một số tài khoản cho rằng sách giáo khoa Lịch sử - Địa lý lớp 5 chỉ dạy về Nguyễn Ánh (vua Gia Long) nhưng lại không dạy về Quang Trung và phong trào Tây Sơn.
Sau khi rà soát, Bộ khẳng định nội dung dạy học về Quang Trung và phong trào Tây Sơn được bố trí đầy đủ, có hệ thống, từ trung học cơ sở như lớp 8 (môn Lịch sử và Địa lý) đến trung học phổ thông như lớp 11 (môn Lịch sử).
Nội dung dạy học về nhà Nguyễn với tư cách là một triều đại cũng tương tự. Trong đó, nội dung về Nguyễn Ánh được bố trí theo mạch logic lịch sử ở lớp 5 (môn Lịch sử và Địa lý), lớp 7 và lớp 8 (môn Lịch sử và Địa lý), lớp 11 (môn Lịch sử).
Việc sắp xếp này phù hợp với logic tiến trình lịch sử, đặc điểm tâm lý lứa tuổi và quan điểm của Chương trình giáo dục phổ thông 2018: khoa học, khách quan, không tiếp cận theo hướng thần tượng hóa hay phán xét đạo đức cá nhân.
Bộ Giáo dục và Đào tạo đã đề nghị Bộ Công an vào cuộc xác minh, làm rõ động cơ, mục đích của việc tạo dựng và phát tán các thông tin, bình luận thất thiệt, xuyên tạc nói trên.
Mục đích là để xử lý nghiêm các vi phạm, đảm bảo đảm an ninh chính trị trong lĩnh vực giáo dục và đào tạo. Bộ cũng khuyến cáo người dân không chia sẻ, bình luận thiếu căn cứ trước những thông tin này.
Nguyễn Ánh và Quang Trung là hai nhân vật gắn với giai đoạn biến động lớn của lịch sử Việt Nam, cuối thế kỷ 18.
Quang Trung (Nguyễn Huệ) là lãnh tụ phong trào Tây Sơn, nổi bật với chiến thắng Ngọc Hồi – Đống Đa năm 1789 trước quân Thanh. Đây được coi là một trong những chiến công hiển hách nhất trong lịch sử giữ nước của dân tộc.
Tuy nhiên, ông đột ngột qua đời vào năm 1792. Nguyễn Ánh sau đó đánh bại nhà Tây Sơn, lên ngôi vua năm 1802 với niên hiệu Gia Long, mở đầu triều Nguyễn.
Khánh Linh"
https://vnexpress.net/nguoi-dan-nuoc-nao-danh-it-thoi-gian-vao-mang-nhat-5000863.html,Người dân nước nào dành ít thời gian vào mạng nhất?,"Người dân quốc gia châu Á này vào mạng khoảng 4 tiếng một ngày, trong khi trung bình thế giới lên tới 6 tiếng 40 phút.",Thanh Hằng
https://vnexpress.net/dai-hoc-su-pham-ha-noi-mo-nganh-tri-tue-nhan-tao-5000939.html,Đại học Sư phạm Hà Nội mở ngành Trí tuệ nhân tạo,"Trường Đại học Sư phạm Hà Nội (HNUE) mở thêm 7 ngành, trong đó có Trí tuệ nhân tạo, Khoa học dữ liệu.","Nghị quyết mở ngành được Hội đồng trường Đại học Sư phạm Hà Nội thông qua cuối tháng 12/2025, công bố hôm nay.
Theo đó, 7 ngành mới gồm Huấn luyện thể thao, Ngôn ngữ Pháp (chương trình Tiếng Pháp ứng dụng và giao tiếp quốc tế), Quốc tế học, Giáo dục và truyền thông, Địa lý học (chương trình Đại lý Tài nguyên và môi trường), Trí tuệ nhân tạo, Khoa học dữ liệu.
Trường chưa công bố phương thức tuyển sinh năm nay cũng như thời điểm tuyển sinh những ngành mới.
Đại học Sư phạm Hà Nội nối tiếp xu thế mở ngành mới liên quan kỹ thuật, công nghệ, dữ liệu... trong khoảng 2-3 năm gần đây. Năm 2024, Đại học Kinh tế Quốc dân mở ngành Trí tuệ nhân tạo; trường Đại học Ngoại thương cũng tuyển sinh khóa đầu ngành Khoa học máy tính.
Năm ngoái, trường Đại học Sư phạm Hà Nội tuyển khoảng 5.000 sinh viên cho 50 ngành, chương trình bằng ba phương thức gồm: dựa vào kết quả thi tốt nghiệp THPT; xét tuyển thí sinh có thành tích, năng lực vượt trội; dựa vào điểm thi đánh giá năng lực (SPT) do trường tổ chức.
Điểm chuẩn 2024 của trường là từ 19 đến 29,06/30.Sư phạm Lịch sử dẫn đầu. Một số ngành lấy trên 28 như Giáo dục chính trị và các ngành Sư phạm Toán, Vật lý, Hóa học, Ngữ văn, Địa lý.
Hai ngành có điểm chuẩn dưới 20 là Sinh học và Công nghệ sinh học (không phải nhóm đào tạo giáo viên).
Thanh Hằng"
https://vnexpress.net/7-nghien-cuu-giao-duc-noi-bat-nam-2025-4993894.html,7 nghiên cứu giáo dục nổi bật năm 2025,"Khi AI và công nghệ số bủa vây lớp học, những nghiên cứu đáng chú ý năm 2025 chỉ ra: bút chì, giấy nháp và những giờ ra chơi là chìa khóa để giáo dục hiệu quả.","Sau đây là những nghiên cứu giáo dục đáng chú ý năm 2025:
Lệnh cấm điện thoại giúp cải thiện điểm số
Năm qua, làn sóng hạn chế điện thoại trong trường học lan rộng từ Mỹ đến Singapore, Ấn Độ...
Nhóm nghiên cứu Alp, Pradeep và Adreas đến từ Đại học Copenhagen (Đan Mạch) và Pennsylvania (Mỹ) đã lắp đặt hơn 1.000 hộp gỗ tại 10 đại học ở Ấn Độ. Khoảng 17.000 sinh viên có hai lựa chọn: hoặc vào lớp với điện thoại, hoặc để lại chúng ở ngoài. Sau một học kỳ, nhóm thứ hai có kết quả học tập tốt hơn, đặc biệt là với những sinh viên mới hoặc gặp khó khăn.
Từ đó, các nhà nghiên cứu kết luận rằng lệnh cấm điện thoại ""có thể cải thiện đáng kể điểm số của sinh viên"" và ""thu hẹp khoảng cách thành tích"".
Điều này được củng cố bởi nghiên cứu của Figlio và Ozek từ Uỷ ban Nghiên cứu Kinh tế Mỹ. Lệnh cấm điện thoại tại các trường trung học Florida cho thấy kết quả học tập của học sinh được cải thiện, giảm đáng kể tình trạng nghỉ học. Hiện, 22 tiểu bang ở Mỹ có đạo luật về hạn chế điện thoại trong trường.
Hiệu quả của gia sư AI phụ thuộc vào cách ""ra bài"" của thầy
Khi trường học nhanh chóng áp dụng các công cụ trí tuệ nhân tạo, nghiên cứu của Angélique Létourneau và cộng sự từ Đại học Québec à Montréal (UQAM, Canada) cho thấy một bức tranh phức tạp: hệ thống gia sư AI có thể nâng cao hiệu quả học tập, nhưng chỉ trong những điều kiện cụ thể.
Bài nghiên cứu đăng tải trên npj Science of Learning, xem xét tác động của các hệ thống gia sư thông minh (Intelligent Turoring Systems - ITS) với kết quả học tập của học sinh phổ thông. Qua phân tích 28 nghiên cứu, với gần 4.600 học sinh, họ nhận thấy tác động của ITS nhìn chung là tích cực nhưng bị giảm đi khi so sánh với các giải pháp truyền thống.
Một thực nghiệm lâm sàng đối chứng ngẫu nhiên khác do Kestin (Đại học Harvard, Mỹ) chủ trì, cho thấy so với việc học tập chủ động trên lớp, sinh viên học được nhiều hơn đáng kể trong thời gian ngắn hơn khi sử dụng gia sư AI, đồng thời thấy có sự gắn kết và động lực hơn.
Tuy nhiên, nghiên cứu của Thompson đến từ Đại học Johns Hopkins lại không tìm thấy sự khác biệt đáng kể giữa một nhóm dùng mô hình GPT4o như một gia sư để phát triển các tư duy suy luận bậc cao, và nhóm không sử dụng. Họ cũng nhận ra rằng nhiều sinh viên đã sử dụng chatbot chệch hướng theo kỳ vọng ban đầu: các em đã hỏi thẳng thông tin thay vì tham gia vào quá trình để AI hướng dẫn, trao đổi qua lại.
Thompson kết luận hiệu quả khi dùng AI trong lớp phụ thuộc vào việc thiết kế cẩn thận, hướng dẫn có cấu trúc từ giáo viên và thiết lập kỳ vọng rõ ràng cho học sinh.
""Món nợ nhận thức"" khi phụ thuộc ChatGPT
Các nhà khoa học tại MIT phát hiện một hiện tượng gọi là ""món nợ nhận thức"" (cognitive debt). Qua đo sóng não (EEG), họ nhận thấy sinh viên dùng AI viết bài luận thường rơi vào ""lối mòn tư duy"" của máy, tạo ra ""các bài luận đồng nhất về mặt thống kê"", và thể hiện hoạt động não bộ cục bộ, phối hợp kém hơn.
Vài phút sau khi trả lời, chỉ 17% có thể nhớ lại nội dung bài luận của mình. Trong khi đó, sinh viên chỉ sử dụng các công cụ tìm kiếm hoặc không có công cụ nào có tỷ lệ nhớ lại lần lượt 83% và 89%. Nhóm này sau đó sử dụng AI hiệu quả hơn trong vòng chỉnh sửa bổ sung.
Bởi vậy, sinh viên nên tư duy độc lập trước khi sử dụng các công cụ AI, thay vì phó thác quá trình này cho chúng ngay từ đầu.
Giải Toán có lời văn: Nhấn dòng là chưa đủ
Nghiên cứu của Wienecke (Đại học Lueneburg, Đức) và cộng sự đã phân tích kết quả làm 3 bài toán thực tế của 395 học sinh. Các bài hàm số được thiết kế với độ phức tạp về ngôn ngữ và yêu cầu tải nhận thức tăng dần.
Kết quả cho thấy các đặc điểm cá nhân (năng lực toán học, kỹ năng ngôn ngữ, đọc hiểu) và các phương pháp ghi chú khác nhau đều là yếu tố dự đoán thành công trong việc giải bài. Chiến lược gạch chân/nhấn dòng đơn lẻ chỉ mang lại hiệu quả hạn chế. Tuy nhiên, khi kết hợp trong cách tiếp cận ""tổ chức và chi tiết hóa"" như vẽ sơ đồ, phân loại thông tin và chú thích, học sinh có khả năng giải đúng cao hơn 29%.
Ghi chú có tính chi tiết hóa (elaboration) là yếu tố dự đoán mạnh nhất (β = 0,36). Nhóm tác giả giải thích rằng cơ chế ""ngoại hóa"" (off loading) thông tin ra giấy giúp giải phóng bộ nhớ thao tác, cho phép học sinh tập trung vào các bước tính toán thay vì phải ghi nhớ tất cả dữ liệu.
Từ đó, nhóm nghiên cứu khuyến nghị rằng, thay vì chỉ dạy học sinh đánh dấu từ khóa, giáo viên cần hướng dẫn quy trình ghi chú có hệ thống (kết hợp với vẽ sơ đồ, tổ chức dữ liệu, chú thích mối quan hệ giữa các thông tin...).
Các khoảng nghỉ ngắn cải thiện sự chú ý
Đây là kết quả từ nghiên cứu hơn 250 sinh viên của Sharpe (Đại học Chichester, Anh) và cộng sự. Với bài giảng 90 phút, một nhóm được xen kẽ bởi các khoảng nghỉ ngắn 90 giây mỗi 10 phút, còn lại có khoảng nghỉ 10 phút duy nhất ở giữa. Khoảng nghỉ ngắn bao gồm các hoạt động như ""nhắm mắt, nói chuyện nhỏ, vươn vai hoặc uống nước"".
Trong các bài kiểm tra đo lường sự chú ý, sinh viên trong nhóm nghỉ giải lao ngắn vượt trội hơn đáng kể so với các bạn đồng trang lứa, lên đến 76%.
Họ còn phát hiện sau 5 phút vào bài giảng, sự chú ý giảm dần đều đặn trong phần còn lại của bài học. Từ đó, các nhà nghiên cứu nhận định: ""sự chú ý bền vững hoàn hảo"" là điều không thể, và giáo viên nên thiết kế tiến trình giảng dạy phù hợp để duy trì sự tập trung trong thời gian dài.
Viết tay có lợi hơn đánh máy khi tập đọc viết sớm
Trong cuộc tranh luận đang diễn ra về lợi ích của viết tay và đánh máy, nghiên cứu của Ibaibarriaga (Đại học País Vasco, Tây Ban Nha) và cộng sự nghiêng về việc khuyến khích trẻ nhỏ luyện viết tay.
Nhóm tác giả đã khảo sát 50 trẻ 5-6 tuổi chưa biết đọc tại Tây Ban Nha. Trẻ học 9 chữ cái mới cùng 16 từ giả qua bốn phương pháp: chép tay, tô theo nét, đánh máy với nhiều font, và đánh máy với một font. Kết quả, nhóm viết tay (chép và tô) vượt trội đáng kể so với nhóm đánh máy trong các bài kiểm tra.
Cụ thể, trẻ chép tay đạt 92% độ chính xác khi đọc tên chữ cái (so với 75% nhóm đánh máy) và 64% độ chính xác khi viết chữ cái (so với 28%).
Các nhà nghiên cứu khẳng định hoạt động vận động đồ họa (graphomotor) trong quá trình viết tay đóng vai trò then chốt trong việc xây dựng biểu tượng chữ cái và từ chính xác trong não bộ trẻ em.
Giờ ra chơi kéo dài giảm căng thẳng mãn tính
Nhóm nghiên cứu của Rhea và cộng sự tại Texas Christian University (Mỹ) đã dùng nồng độ cortisol trong tóc (HCC) để đo lường căng thẳng trung bình trong 3 tháng của 130 học sinh lớp 4 (9-10 tuổi) ở Texas. Các em được chia thành hai nhóm: nhóm can thiệp (với 45 phút ra chơi/ngày) và nhóm đối chứng (với 30 phút).
Phân tích cho thấy nhóm can thiệp có mức cortisol thấp hơn đáng kể (68%) so với nhóm còn lại. Như vậy, việc tăng thêm 15 phút giờ ra chơi ngoài trời mỗi ngày có thể giảm đáng kể mức căng thẳng mãn tính ở học sinh tiểu học.
Khi giáo dục Việt Nam đang trong cuộc đổi mới, từ chương trình 2018 đến các đề án chuyển đổi số, phát triển tiếng Anh trở thành ngôn ngữ thứ hai, thì các nghiên cứu kể trên đặt ra nhiều câu hỏi đáng suy ngẫm. Chúng ta đang trang bị máy tính bảng cho học sinh vùng cao, nhưng đã tính đến việc các em cần được viết tay bao nhiêu phút mỗi ngày chưa? Chúng ta kỳ vọng giáo viên ứng dụng AI, nhưng đã hướng dẫn họ thiết kế trình tự sử dụng ra sao để không tạo ra các ""món nợ nhận thức"" cho học trò chưa?.
Và trong cuộc đua thành tích, chúng ta đã dành bao nhiêu phút mỗi ngày để học sinh chỉ đơn giản là được chơi, được thở, được là trẻ con?.
TS. Hoàng Anh Đức, Viện Hàn lâm Khoa học Trẻ Toàn cầu"
https://vnexpress.net/6-thay-doi-lon-cua-nganh-giao-duc-tu-nam-2026-5000605.html,6 thay đổi lớn của ngành giáo dục từ năm 2026,"Lương nhà giáo được xếp cao nhất, phụ cấp lên mức 45-85%, cả nước dùng chung một bộ sách giáo khoa... là những thay đổi lớn khi các luật sửa đổi về giáo dục có hiệu lực từ 1/1/2026.","2025 là năm đột phá về thể chế trong ngành giáo dục với kỷ lục 99 văn bản quy phạm pháp luật được ban hành. Trong đó, Luật Nhà giáo, Luật Giáo dục, Luật Giáo dục đại học và Luật Giáo dục nghề nghiệp đều có hiệu lực từ 1/1/2026.
Sau đây là 6 chính sách nổi bật:
Lương giáo viên được xếp cao nhất
Luật Nhà giáo xác lập nguyên tắc: Lương nhà giáo được xếp cao nhất trong hệ thống thang bậc lương hành chính sự nghiệp.
Để hiện thực hóa, Bộ Giáo dục và Đào tạo đề xuất áp dụnghệ số đặc thù1,25 với giáo viên mầm non và 1,15 với giáo viên phổ thông. Nếu được thông qua, lương giáo viên sẽ lên mức 6,1 đến 18,66 triệu đồng mỗi tháng, tăng từ 0,8 đến 3,7 triệu so với hiện nay. Khoản này chưa gồm các loại phụ cấp khác (lưu động, trách nhiệm, ưu đãi nghề, thâm niên...).
Tăng phụ cấp ưu đãi nghề
Nghị quyết 248 của Quốc hội về một số cơ chế, chính sách đặc thù, vượt trội trong giáo dục nêu rõ phụ cấp ưu đãi nghề của giáo viên tối thiểu là 70%, người ở vùng khó khăn 100%, tăng so với mức 30-70% hiện nay. Nhân viên trường học lần đầu có phụ cấp này với mức hưởng 30%.
Theo đề xuất gần nhất của Bộ Giáo dục và Đào tạo, quá trình tăng phụ cấp ưu đãi gồm hai giai đoạn.
Từ năm 2026 đến 2030, giáo viên mầm non, phổ thông hưởng phụ cấp 45-85%, tùy khu vực công tác; nhân viên trường học là 20%. Từ 2031 trở đi, ngành giáo dục sẽ thực hiện mức phụ cấp ưu đãi như Quốc hội thông qua.
Trả lờiVnExpressngày 31/12, đại diện Bộ cho biết quy định mới về phụ cấp đang được Bộ Tư pháp thẩm định, dự kiến thông qua vào đầu tháng 1.
Thưởng Tết giáo viên năm 2026 như thế nào
Ngành giáo dục được trao quyền tuyển giáo viên
Luật Nhà giáo còn trao quyền chủ động cho ngành giáo dục trong tuyển dụng, sử dụng nhà giáo, thay vì thuộc thẩm quyền của các cơ quan nội vụ như trước đây.
Cụ thể, Giám đốc Sở Giáo dục và Đào tạo ở các địa phương có quyền tuyển dụng, tiếp nhận giáo viên và cán bộ quản lý trong các trường mầm non, phổ thông công lập trên địa bàn.
Trong khi đó, khâu điều động, thuyên chuyển, biệt phái, bổ nhiệm, miễn nhiệm và thay đổi vị trí việc làm với giáo viên từ mầm non đến THCS thuộc thẩm quyền của Chủ tịch UBND cấp xã. Nhân sự ở bậc THPT và các trường liên quan từ hai xã trở lên do Sở quyết định.
Bộ Giáo dục và Đào tạo cho rằng việc này sẽ giúp khắc phục tình trạng thừa, thiếu giáo viên cục bộ, thực hiện kịp thời, thống nhất nhiều chính sách với đội ngũ thầy cô.
Trở lại dùng một bộ sách giáo khoa
Sau 5 năm áp dụng ""một chương trình, nhiều bộ sách"", ngành giáo dục trở lại dùng một bộ sách giáo khoa từ năm học 2026-2027. Thay đổi này thực hiện theo Nghị quyết 71 của Bộ Chính trị.
Trong ba bộ đang lưu hành, bộ ""Kết nối tri thức với cuộc sống"" được lựa chọn là bộ sách dùng chung cả nước, theo quyết định của Bộ trưởng Nguyễn Kim Sơn cách đây vài ngày.
Nhà chức trách đánh giá bộ sách của Nhà xuất bản Giáo dục Việt Nam đáp ứng đầy đủ và ""nổi trội hơn cả"" khi đang được dùng rộng rãi và ổn định ở 34 tỉnh, thành với quy mô học sinh lớn nhất.
Theo các chuyên gia, điều này không đồng nghĩa với quay lại tư duy dạy và học phụ thuộc vào sách. Trọng tâm của cải cách giáo dục vẫn nằm ở chương trình và đội ngũ giáo viên: làm rõ chuẩn đầu ra, cập nhật nội dung phù hợp với thực tiễn, đồng thời bồi dưỡng năng lực sư phạm.
Bỏ bằng tốt nghiệp THCS
Từ 1/1/2026, học sinh lớp 9 sau khi hoàn thành chương trình sẽ không còn được cấp bằng tốt nghiệp THCS. Thay vào đó, Hiệu trưởng sẽ xác nhận các em hoàn thành chương trình trong học bạ.
Thay đổi này nhằm giảm phù hợp với chính quyền địa phương hai cấp và xu thế quốc tế (như Mỹ, Canada, Anh, Australia, Phần Lan...), theo Bộ Giáo dục và Đào tạo.
Lần đầu có trường trung học nghề
Luật Giáo dục nghề nghiệp sửa đổi, áp dụng từ 1/1/2026, đã bổ sung mô hình trung học nghề. Đây là mô hình phổ biến trên thế giới, được các đại biểu Quốc hội đánh giá là nội dung đột phá trong hệ thống giáo dục quốc dân.
Theo cơ quan soạn thảo, Trung học nghề được xác định cùng bậc học với THPT, tích hợp giữa kiến thức cốt lõi của chương trình phổ thông và chuyên môn nghề.
Dù Bộ Giáo dục và Đào tạo chưa làm rõ việc ""tương đương"", các chuyên gia cho rằng bằng trung học nghề và THPT sẽ có giá trị pháp lý như nhau. Do đó, mô hình này sẽ giảm áp lực cho kỳ thi vào lớp 10 công lập, vốn rất căng thẳng ở nhiều đô thị như Hà Nội và TP HCM.
Thanh Hằng"
https://vnexpress.net/15-cach-chuc-mung-nam-moi-2026-bang-tieng-anh-5000626.html,15 cách chúc mừng năm mới 2026 bằng tiếng Anh,"Ngoài ""happy new year"", bạn có thể dùng 15 câu chúc mừng năm mới bằng tiếng Anh khác, từ trang trọng đến vui vẻ, phù hợp với nhiều hoàn cảnh.","Lời chúc truyền thống, trang trọng:
1. Wishing you the very best of luck and prosperity in the coming year!
(Chúc bạn mọi điều tốt lành và thịnh vượng trong năm sắp tới!)
2. May the New Year bring you good fortune, great health, and happiness.
(Cầu mong Năm mới mang đến cho bạn may mắn, sức khỏe dồi dào và hạnh phúc)
3. Here's to a New Year filled with endless good luck!
(Chúc mừng một Năm Mới tràn ngập may mắn vô tận!)
4. May all your wishes come true and your troubles be few. Happy New Year!
(Chúc mọi điều ước của bạn thành hiện thực và mọi phiền muộn đều tan biến. Chúc mừng năm mới!)
5. Cheers to a clean slate and a whole year of good vibes!
Nâng ly cho một khởi đầu mới và cả một năm đầy năng lượng tích cực!
Lời chúc mừng năm mới lịch sự và ngắn gọn:
6. May this year be kind to you.
(Mong năm mới sẽ nhẹ nhàng và tử tế với bạn)
7. Cheers to good health, good luck, and good people.
(Chúc sức khỏe dồi dào, may mắn đủ đầy và gặp toàn người tốt)
8. New year, new blessings
(Năm mới, phúc lành mới)
9. May all the right doors open for you.
(Mong mọi cánh cửa đúng đắn sẽ mở ra với bạn)
10. Here’s to a lucky year ahead.
(Chúc một năm mới thật nhiều may mắn)
Lời chúc năm mới ngắn, vui vẻ dành cho bạn bè:
11. Manifest that major luck!
(Cầu cho bạn thật nhiều may mắn nha!)
12. This year is going to be your year!
(Năm nay sẽ là năm của bạn!)
13. Good vibes only this year!
(Năm nay chỉ có năng lượng tích cực thôi nhé!)
14. Sending you all the good juju for the New Year!
(Gửi bạn tất cả những 'vía lành' cho năm mới nhé!)
15. Big wins only in the new year!
(Năm nay chỉ toàn thắng lớn thôi nhé!)
Khánh Linh(Tổng hợp)"
https://vnexpress.net/nguoi-dan-nuoc-nao-mac-do-cham-bi-vao-ngay-dau-nam-moi-5000148.html,Người dân nước nào mặc đồ chấm bi vào ngày đầu năm mới?,"Diện quần áo có nhiều chấm tròn vào ngày đầu năm là cách người dân nước này ""hút"" tài lộc. Bạn có biết đây là nước nào?",Khánh Linh
https://vnexpress.net/hinh-phat-la-cho-nam-sinh-di-muon-khien-trieu-nguoi-thich-thu-4999677.html,Hình phạt 'lạ' cho nam sinh đi muộn khiến triệu người thích thú,"Trung QuốcThay vì trách phạt, một giáo viên ở tỉnh Sơn Đông yêu cầu những nam sinh đi học muộn trình diễn vũ đạo trên bục giảng, tạo nên cơn sốt trên mạng xã hội.","Khi nhóm nam sinh 15 tuổi đến lớp muộn, cô Phong - giáo viên chủ nhiệm - đã đưa ra một hình phạt không ngờ tới: Các em phải đứng trên bục giảng và nhún nhảy theo giai điệu của ca khúcMistake (Sai lầm).
Trong tiếng nhạc bắt tai, những động tác vụng về cùng biểu cảm ""bắt trend"" tạo hình trái tim của các nam sinh đã khiến cả lớp cười nghiêng ngả. Video ghi lại khoảnh khắc này nhanh chóng lan truyền trên mạng xã hội Douyin, thu hút hơn một triệu lượt thích.
Cô Phong cho rằng đi muộn là lỗi nhỏ, những hình phạt nặng nề đôi khi phản tác dụng, khiến học sinh sợ hãi. ""Âm nhạc và sự tương tác giúp các em bớt xấu hổ. Một lời nhắc nhở nhẹ nhàng luôn hiệu quả hơn sự chỉ trích"", cô chia sẻ.
Mẹ của một nam sinh trong video nói bà và chồng đã ""cười chảy nước mắt"" khi nghe con trai kể lại sự việc.
""Cảm ơn cô giáo Phong vì một hình phạt vui vẻ như vậy. Ngày mai, tôi sẽ đánh thức con dậy sớm hơn một tiếng để tránh bị trễ học"", bà nói.
Cách xử lý này nhận được sự ủng hộ lớn từ cộng đồng mạng. Một số người đùa rằng các em có thể sẽ ""nghiện"" đi muộn để được nhảy múa, có phụ huynh còn bày tỏ hy vọng con mình cũng có một người giáo viên như cô Phong.
""Hình phạt nhân văn này hiệu quả hơn là bắt các em đứng hàng giờ. Có một người giáo viên yêu thương, học sinh sẽ vui vẻ và hạnh phúc"", một người dùng mạng bình luận.
Gần đây, nữ giáo viên đăng một video mới, ghi lại cảnh các nam sinh tiếp tục nhảy múa, lần này với những động tác phức tạp hơn. Cô Phong hài hước gọi đây là ""nhóm nhạc nam chuyên trị lỗi lầm"" và cho biết từ một hình phạt, hoạt động này đã trở thành món quà tinh thần gắn kết tình cô trò.
""Trong một lớp học thoải mái, trẻ em chủ động học tập và tiến bộ hơn. Hạnh phúc và việc học không bao giờ xung đột"", cô Phong khẳng định.
Khánh Linh(TheoThe Star, SCMP)"
https://vnexpress.net/trung-quoc-cat-giam-bai-kiem-tra-o-tat-ca-khoi-lop-4999691.html,Trung Quốc cắt giảm bài kiểm tra ở tất cả khối lớp,"Trung QuốcBộ Giáo dục giảm số bài thi ở tất khối lớp, trong đó cấm với lớp 1,2, đồng thời bỏ chấm điểm theo thang 10, nhằm giảm áp lực học tập.","Theo hướng dẫn ban hành hồi giữa tháng này, các trường tiểu học không được phép tổ chức bất kỳ bài kiểm tra viết nào cho học sinh hai khối đầu cấp. Ở các khối lớp còn lại, chỉ có một bài kiểm tra vào cuối mỗi học kỳ.
Ở bậc trung học, học sinh chỉ phải làm một bài thi giữa kỳ và một cuối kỳ. Bộ Giáo dục Trung Quốc cũng nghiêm cấm tổ chức các cuộc thi liên trường hoặc thi theo quy mô quận, huyện, trừ khối cuối cấp.
Một thay đổi quan trọng khác là việc chấm điểm. Kết quả thi phải được chuyển sang hệ thống phân loại theo cấp độ (A, B, C...) thay vì điểm số cụ thể. Các trường cũng bị cấm công khai xếp hạng học sinh. Mục tiêu của việc kiểm tra phải nhằm chẩn đoán lỗ hổng kiến thức để điều chỉnh cách dạy.
Bộ Giáo dục cũng siết chặt quy trình ra đề, yêu cầu nội dung phải bám sát chương trình, tránh các câu hỏi đánh đố hoặc quá khó. Đề thi phải qua ít nhất 3 người rà soát trước khi sử dụng. Các trường không đủ năng lực tự thiết kế đề phải dùng đề của cơ quan giáo dục, tuyệt đối không được mua đề làm sẵn.
Động thái này diễn ra trong bối cảnh sức khỏe tinh thần của trẻ em Trung Quốc đang ở mức báo động.
Theo nghiên cứu công bố trên tạp chíThe Lancet Regional Health — Western Pacificvào tháng 9, tỷ lệ mắc các rối loạn tâm thần nói chung ở trẻ em và vị thành niên Trung Quốc đã vượt quá 10%. Trong đó, các vấn đề lo âu, trầm cảm và rối loạn kiểm soát xung động gây ra gánh nặng lớn nhất.
Báo cáo Phát triển Thanh niên Trung Quốc (China Youth Development Report) công bố năm 2021 cũng ước tính khoảng 30 triệu trẻ em và vị thành niên dưới 17 tuổi ở nước này đang phải trải qua nhiều vấn đề về cảm xúc và hành vi khác nhau.
Để khắc phục, hồi tháng 11, chính quyền đã thực thi nhiều biện pháp đồng bộ như: giảm thời gian sử dụng thiết bị điện tử, bắt buộc học sinh tập thể dục 2 giờ mỗi ngày và cắt giảm khối lượng bài tập về nhà.
Khánh Linh(TheoChina Daily, Reuters)"
https://vnexpress.net/giao-vien-duoc-chia-thuong-tet-theo-nghi-dinh-73-nhu-the-nao-5000153.html,Giáo viên nhận thưởng Tết khoảng 10-14 triệu đồng,"Nhiều nơi đã chia thưởng Tết cho giáo viên, cao nhất là 14 triệu đồng, phổ biến 10-11 triệu, gấp đôi năm ngoái do chính sách được áp dụng trọn vẹn cả năm.","Vừa nhận 11 triệu đồng tiền thưởng vào tuần trước, cô Nguyễn Thị Ngọc, giáo viên tiểu học tại Phú Thọ, không giấu được niềm vui. ""Tôi rất phấn khởi vì khoản tiền này đến ngay trước khi tôi nghỉ chế độ thai sản. Năm ngoái, con số này chỉ hơn 5 triệu đồng"", cô Ngọc chia sẻ.
Nghị định 73 của Chính phủ về chế độ tiền thưởng đột xuất và thưởng theo mức độ hoàn thành nhiệm vụ của công chức, viên chức có hiệu lực từ tháng 7/2024. Ở các trường học, quỹ tiền thưởng bằng 10% tổng quỹ tiền lương (không bao gồm phụ cấp) của giáo viên, nhân viên.
Năm ngoái, mức thưởng phổ biến chỉ 4-7 triệu đồng do chỉ tính 6 tháng cuối năm. Sang năm nay, khi chính sách được áp dụng tròn 12 tháng, số tiền thầy cô nhận được tăng từ 1,5 đến 2 lần.
Về căn cứ chi trả, các trường thường chia theo xếp loại mức độ hoàn thành nhiệm vụ năm học với các tiêu chí như: kỷ luật lao động, hiệu quả giảng dạy, thành tích... Mức chi cụ thể ở từng bậc do tập thể trường thống nhất.
Tại trường của cô Ngọc, giáo viên xếp loại Hoàn thành xuất sắc nhiệm vụ nhận gần 14 triệu đồng. Nhóm này thường là cán bộ quản lý hoặc giáo viên có thành tích đột phá như đạt giải dạy giỏi cấp tỉnh, bồi dưỡng học sinh đạt giải quốc gia. Cô Ngọc thuộc nhóm Hoàn thành tốt nhiệm vụ, nhận 11 triệu đồng. Những giáo viên nghỉ thai sản hoặc chỉ Hoàn thành nhiệm vụ nhận mức thấp hơn, tính theo số tháng làm việc thực tế.
Tương tự, tại Ninh Bình, cô Nguyễn Thị Huế cũng vừa nhận hơn 11 triệu đồng. Trường cô chia quỹ thưởng gần 280 triệu đồng dựa trên hệ số: Hoàn thành (0,7); Hoàn thành tốt (0,9) và Hoàn thành xuất sắc (1). Với ba giáo viên đạt mức xuất sắc, số tiền thưởng lên tới 12,3 triệu đồng mỗi người. Còn lại, hầu hết ở mức 2 như cô Huế.
""Tiền thưởng được nhận nhiều gấp đôi năm ngoái nên tôi rất phấn khởi, giúp tôi có thêm đồng ra đồng vào sắm sửa dịp Tết"", cô Huế nói.
Giáo viên hợp đồng có được thưởng Tết theo Nghị định 73?
Trường THCS Nguyễn Huệ, Đà Nẵng, chọn cách chia thưởng thành hai đợt. Hiệu trưởng Võ Thanh Phước cho biết tổng quỹ thưởng của hơn 90 giáo viên khoảng một tỷ đồng.
Ở đợt hai, chi trả cách đây 5 ngày, trường chia hệ số 0,8-1-1,2 với ba mức hoàn thành nhiệm vụ. Thêm hệ số trách nhiệm 0,15-0,5, giáo viên xếp loại xuất sắc nhận phổ biến hơn 7 triệu đồng, cao nhất 8,5 triệu; còn lại đều hoàn thành tốt, mức chi là 5-6 triệu.
Tại Hà Nội, thầy Nguyễn Cao Cường, hiệu trưởng trường THCS Thái Thịnh, cho biết chưa chốt cách thức và mức chia thưởng, song tinh thần là thực hiện tương tự năm ngoái.
Tất cả giáo viên được xếp vào diện hoàn thành tốt và xuất sắc. Tiền thưởng cho hai nhóm lần lượt khoảng 9 và hơn 10 triệu đồng.
""Chúng tôi cũng cân đối để mức thưởng giữa các bậc không quá chênh lệch. Lý do là mức hoàn thành xuất sắc chỉ được tối đa 20% số lượng giáo viên, trong khi thầy cô đã có một năm cố gắng, vất vả như nhau"", thầy Cường nói. ""Đây là món quà vô cùng ý nghĩa với giáo viên trong dịp Tết"".
Thuộc nhóm thí điểm đặt hàng dịch vụ giáo dục (được xác định là đã tự chủ), nên tiền thưởng theo Nghị định 73 ""chưa về"", theo hiệu trưởng một trường THPT ở ngoại thành Hà Nội. Tuy nhiên, trường đã xây dựng kế hoạch chia thưởng, chia theo ba hệ số: 0,8-1-1,2.
""Giáo viên nhiều nhất sẽ nhận khoảng 13-14 triệu, còn lại phổ biến 10 triệu đồng"", thầy nói.
Còn ở TP HCM, thầy Hoàng, Phó hiệu trưởng một trường THPT, cho biết đã nhận hơn 730 triệu đồng tiền thưởng cho 82 nhân sự. Mức chi trả dự kiến dao động 6-9 triệu đồng mỗi người.
Cô Thanh Hoa, giáo viên mầm non ở phường Chợ Lớn, TP HCM, được hiệu trưởng thông báo chi thưởng vào đầu tháng 1. Nữ giáo viên ""nghe nói"" đồng nghiệp ở nhiều trường đã nhận khoản này, mặt bằng chung khoảng 7,5-9,5 triệu đồng, có trường lên tới 11 triệu.
""Tôi rất ngóng khoản thưởng này"", cô Hoa bày tỏ. ""Trước nay, giáo viên vốn không có thưởng Tết nên đây như sự ghi nhận cố gắng của chúng tôi sau một năm, là động lực để giáo viên tích cực phấn đấu"".
Thanh Hằng - Tâm Lệ - Nguyễn Đông"
https://vnexpress.net/loi-the-giup-ket-noi-tri-thuc-voi-cuoc-song-duoc-chon-lam-sach-thong-nhat-5000431.html,Lợi thế giúp 'Kết nối tri thức với cuộc sống' được chọn làm sách thống nhất,"""Kết nối tri thức với cuộc sống"" được chọn làm bộ sách giáo khoa thống nhất toàn quốc nhờ đáp ứng nhiệm vụ trọng tâm và tuân thủ khung giá, theo PGS.TS Nguyễn Văn Tùng,","Ngày 26/12, Bộ Giáo dục và Đào tạo công bố bộ sách giáo khoa ""Kết nối tri thức với cuộc sống"" sử dụng thống nhất trong giáo dục phổ thông từ năm học 2026-2027. PGS.TS Nguyễn Văn Tùng, thành viên Hội đồng thành viên Nhà xuất bản Giáo dục Việt Nam, cho biết việc bộ sách được lựa chọn sử dụng thống nhất góp phần khẳng định chất lượng chuyên môn của bộ sách, đồng thời, đặt ra yêu cầu cao về trách nhiệm xã hội trong tổ chức xuất bản và cung ứng.
""Sau khi Bộ Giáo dục và Đào tạo ban hành quyết định, toàn hệ thống Nhà xuất bản Giáo dục Việt Nam đã chuyển sang trạng thái làm việc khẩn trương, triển khai đồng loạt các nhiệm vụ trọng tâm"", ông kể lại.
Trong đó, đơn vị tập trung rà soát, chỉnh sửa nội dung một số đầu sách theo các điều chỉnh của chương trình giáo dục phổ thông; xúc tiến kế hoạch đấu thầu in ấn; xây dựng phương án tập huấn giáo viên và tổ chức cung ứng sách giáo khoa trên phạm vi toàn quốc.
""Chúng tôi xác định rõ, việc tổ chức thực hiện phải bảo đảm đồng bộ, khoa học, đúng tiến độ, để sách giáo khoa đến tay giáo viên và học sinh đầy đủ, kịp thời trước năm học mới"", ông Tùng nhấn mạnh.
Bên cạnh đó, ông Tùng khẳng định quan điểm nhất quán của Nhà xuất bản Giáo dục Việt Nam: sách giáo khoa là mặt hàng đặc thù, mang tính phục vụ xã hội, không đặt mục tiêu lợi nhuận. Do đó, đơn vị ưu tiên kiểm soát chi phí, ổn định và giảm giá sách nhằm góp phần bảo đảm an sinh xã hội.
Nhà xuất bản Giáo dục Việt Nam liên tục rà soát, tiết giảm chi phí ở tất cả các khâu. Vào tháng 1/2024, đơn vị chủ động điều chỉnh giảm giá bán lẻ bộ sách ""Kết nối tri thức với cuộc sống"" mức 9,6% và bộ ""Chân trời sáng tạo"" mức 11,2%. Sau điều chỉnh, giá bán lẻ các bộ sách của Nhà xuất bản Giáo dục Việt Nam thấp hơn mặt bằng chung của thị trường bình quân khoảng 24-26%.
Sau khi Bộ Giáo dục và Đào tạo ban hành quy định giá tối đa sách giáo khoa, nhà xuất bản này tiếp tục điều chỉnh phương án giá, bảo đảm 100% đầu sách tuân thủ đúng khung giá và các quy định quản lý nhà nước.
So sánh tương quan giá bán hiện nay, bộ ""Kết nối tri thức với cuộc sống"" có mức giá thấp hơn khoảng 3% so với bộ ""Chân trời sáng tạo"" và thấp hơn bình quân khoảng 9% so với các bộ sách giáo khoa khác.
Theo PGS.TS Nguyễn Văn Tùng, lợi thế về giá này xuất phát từ quy mô phát hành lớn, thay vì cắt giảm chất lượng giấy, in ấn hay quy cách sản phẩm. Khi bộ sách đã được đa số địa phương và nhà trường lựa chọn trong các năm trước, sản lượng in ấn cao giúp tối ưu chi phí cố định, vận chuyển và in ấn, từ đó, giảm giá thành trên mỗi đơn vị sản phẩm.
""Việc lựa chọn bộ sách 'Kết nối tri thức với cuộc sống' làm sách giáo khoa thống nhất không chỉ bảo đảm chất lượng chuyên môn, mà còn mang lại hiệu quả kinh tế rõ rệt, góp phần giảm bớt gánh nặng tài chính cho phụ huynh và học sinh khi triển khai đại trà"", ông Tùng khẳng định.
Trước việc bộ sách trở thành sách giáo khoa thống nhất toàn quốc từ năm học 2026-2027, lãnh đạo Nhà xuất bản Giáo dục Việt Nam cam kết tiếp tục chỉ đạo toàn hệ thống tối ưu hóa quy trình sản xuất, triệt để tiết giảm chi phí, phấn đấu tiếp tục giảm giá sách giáo khoa trong thời gian tới.
Song song, đơn vị đẩy mạnh phát triển các học liệu số, học liệu điện tử trong hệ sinh thái sách giáo dục, ứng dụng công nghệ thông tin và trí tuệ nhân tạo nhằm phục vụ việc dạy và học hiệu quả hơn.
Nhà xuất bản Giáo dục Việt Nam cũng chuẩn bị các phương án tổ chức tập huấn giáo viên trên phạm vi toàn quốc, bảo đảm tiếp cận đầy đủ, bài bản với bộ sách ""Kết nối tri thức với cuộc sống"", cam kết cung ứng sách đầy đủ, đồng bộ, kịp thời trước thềm năm học mới.
Nhật Lệ"
https://vnexpress.net/cac-truong-thuoc-bo-giao-duc-giam-khoang-3-000-bien-che-5000282.html,Các trường thuộc Bộ Giáo dục giảm khoảng 3.000 biên chế,"Hơn 3.000 vị trí hưởng lương ngân sách ở khối sự nghiệp của Bộ Giáo dục bị cắt giảm, tương đương 12,3%, sau quá trình sắp xếp bộ máy.","Tại hội nghị tổng kết công tác nhiệm kỳ 2021-2025 ngày 29/12, Bộ Giáo dục và Đào tạo đánh giá đây là dấu ấn nổi bật.
Sau sắp xếp bộ máy theo hướng tinh gọn, phù hợp với chính quyền địa phương hai cấp, cơ cấu tổ chức của Bộ giảm 6 vụ, cục. Số đơn vị sự nghiệp công lập trực thuộc là 65 với gần 21.100 người lao động, giảm khoảng 3.000 so với trước.
Hiện, Bộ Giáo dục và Đào tạo nắm 9 đại học, hơn 30 trường đại học và học viện, 15 trường cao đẳng... Số nhân sự tinh giảm chủ yếu ở nhóm này, song không được nêu cụ thể.
Thời gian tới, Bộ tiếp tục sáp nhập, sắp xếp hệ thống đại học, cao đẳng sư phạm, chủ trương chỉ quản lý trực tiếp các cơ sở trọng điểm.
65 đơn vị sự nghiệp công lập thuộc Bộ Giáo dục và Đào tạo
Ngoài ra, một số kết quả nổi bật khác, theo Bộ là đã tham mưu, tham gia nhiều văn bản quan trọng như Nghị quyết 71 của Bộ Chính trị về đột phá phát triển giáo dục và đào tạo; Luật Nhà giáo; Luật sửa đổi, bổ sung một số điều của Luật Giáo dục, Luật Giáo dục đại học và Luật Giáo dục nghề nghiệp.
Giáo dục từ mầm non đến đại học đạt nhiều chuyển biến tích cực, tiêu biểu như hoàn thành chu trình đổi mới chương trình và sách giáo khoa, lựa chọn bộ sách ""Kết nối tri thức với cuộc sống"" sử dụng thống nhất toàn quốc, quy mô đào tạo các ngành STEM tăng, số đại học góp mặt ở bảng xếp hạng thế giới đông kỷ lục.
Bộ cũng xây dựng cơ sở dữ liệu học bạ số với hơn 10,3 triệu hồ sơ, hơn 1,2 triệu văn bằng số; xác thực, định danh điện tử cho khoảng 24,3 triệu hồ sơ giáo viên và học sinh.
Những sự kiện giáo dục nổi bật năm 2025
Bộ trưởng Nguyễn Kim Sơn đánh giá 5 năm qua là ""nhiệm kỳ của sự thay đổi"", với tốc độ nhanh, quy mô lớn, tác động sâu sắc đến toàn ngành.
Ông nhận định chưa bao giờ vị thế của ngành Giáo dục được quan tâm và định vị rõ nét như hiện nay, tin tưởng toàn ngành sẽ bước vào nhiệm kỳ mới với tinh thần đổi mới, trách nhiệm và quyết tâm cao hơn, hướng tới những kết quả phát triển bền vững và thực chất.
Dương Tâm"
https://vnexpress.net/truong-hoc-o-tp-hcm-se-siet-dien-thoai-vao-gio-ra-choi-5000132.html,Trường học ở TP HCM sẽ siết điện thoại vào giờ ra chơi,"TP HCMTất cả trường THCS, THPT và giáo dục nghề nghiệp - tức hơn 500 trường, sẽ hạn chế học sinh dùng điện thoại vào giờ ra chơi, kể từ tháng 1/2026.","Nội dung trên nằm trong kế hoạch của Sở Giáo dục và Đào tạo ban hành ngày 30/12. Theo Sở, việc này nhằm hạn chế tối đa tình trạng học sinh sử dụng điện thoại trong giờ ra chơi nhưng không mang tính cấm đoán.
Thay vào đó, mỗi trường sẽ thiết kế hoạt động trong giờ ra chơi theo các nhóm như: hoạt động vận động (thể thao, trò chơi, văn nghệ); hoạt động tĩnh (cờ vua, đọc sách, vẽ tranh, thư giãn, nghỉ ngơi tại chỗ).
Các trường cũng cần có hoạt động cho nhóm có nhu cầu sử dụng điện thoại để học tập, tra cứu hoặc hoạt động giải trí có tổ chức, theo nhóm. Điều kiện là được sự cho phép của giáo viên và tại khu vực được trường quy định.
""Không khuyến khích học sinh sử dụng điện thoại, thiết bị điện tử một cách cá nhân, thụ động, tách biệt như chơi game cá nhân, lướt mạng xã hội một mình, xem video kéo dài không có tương tác"", trích kế hoạch của Sở.
Sở Giáo dục và Đào tạo khuyến khích các trường xây dựng nội quy, quy định rõ khu vực, thời điểm, hình thức sử dụng điện thoại; phân công giáo viên, lực lượng hỗ trợ trong giờ ra chơi; không thu giữ, xử lý thiết bị trái quy định pháp luật.
Hồi tháng 10, TP HCM đã thí điểmhạn chế sử dụng điện thoại trong giờ ra chơi ở 16 trường, quy mô mỗi trường khoảng 1.800-3.100 học sinh. Kết quả cho thấy tình trạng sử dụng điện thoại thụ động, đơn lẻ, tách biệt trong giờ ra chơi giảm rõ rệt. Học sinh tương tác trực tiếp với nhau nhiều hơn với trên 80% tham gia vào ít nhất một hoạt động như chơi thể thao, đọc sách. Gần 98% phụ huynh được khảo sát đồng tình cách làm của Sở.
Sở Giáo dục và Đào tạo nhìn nhận một bộ phận nhỏ học sinh vẫn duy trì thói quen chơi game, dùng mạng xã hội, cần thời gian giáo dục kiên trì. Bên cạnh đó, khó khăn về kinh phí và cơ sở vật chất tại một số trường cũng là rào cản khiến các hoạt động thay thế dễ trở nên nhàm chán.
Theo quy định của Bộ Giáo dục và Đào tạo, học sinh có thể dùng điện thoại trong các tiết để phục vụ việc học tập, nếu được giáo viên cho phép. Các em không bị cấm dùng trong giờ ra chơi, giải lao.
Việc này gây tranh cãi nhiều năm nay. Gần đây, một số địa phương xem xét hạn chế học sinh sử dụng điện thoại trong trường. Như Hà Nội hồi tháng 8 yêu cầu các trường thu điện thoại của học sinh trước tiết học đầu tiên, chỉ trả lại khi buổi học kết thúc. Thầy cô được lưu ý thiết kế bài giảng để học sinh không cần dùng đến điện thoại.
Dương Tâm"
https://vnexpress.net/hoa-xac-thoi-la-quoc-hoa-cua-nuoc-dong-nam-a-nao-5000238.html,Hoa xác thối là quốc hoa của nước Đông Nam Á nào?,"Bông hoa này có đường kính lên tới 1,1 m, đại diện cho tất cả loài thực vật quý hiếm ở quốc gia Đông Nam Á này.",Dương Tâm
https://vnexpress.net/15-nghe-khong-can-bang-dai-hoc-co-luong-cao-nhat-o-my-4999670.html,15 nghề không cần bằng đại học có lương cao nhất ở Mỹ,"MỹNhiều công việc như sửa chữa thang máy hay quản lý kho bãi có mức thu nhập trung bình hơn 100.000 USD (1,6-2,8 tỷ đồng) mỗi năm.","Báo cáo mới nhất từ chuyên trang nghề nghiệpResume Genius, dựa trên dữ liệu của Cục Thống kê Lao động Mỹ (BLS), chỉ ra rằng bằng đại học 4 năm không phải là con đường duy nhất dẫn đến thu nhập cao. Các công việc này thường chỉ yêu cầu chứng chỉ nghề, bằng cao đẳng hoặc đào tạo ngắn hạn nhưng có mức lương từ 60.400 đến 106.600 USD (1,5-2,7 tỷ đồng).
Trong khi đó, mức lương trung vị của người lao động Mỹ chỉ khoảng 62.000 USD.
Dưới đây là 15 công việc được trả lương cao nhất mà không yêu cầu bằng đại học tại Mỹ:
Eva Chan, chuyên gia hướng nghiệp, nhận định nhóm lao động phổ thông có kỹ năng (skilled trades) đang ngày càng có giá, như sửa chữa thang máy, đường dây điện... Điều này trái ngược với cách đây 15 năm, khi những công việc này có thể bị xem nhẹ.
Các vị trí quản lý và bán hàng như nhân viên đại lý bảo hiểm cũng tương tự. Với người có kỹ năng giao tiếp, thu nhập tăng khá nhanh nếu kiên định và giỏi xây dựng các mối quan hệ.
""Nhiều công việc không quá hào nhoáng nhưng chúng vẫn tồn tại, mang lại thu nhập tốt và giữ cho các hệ thống thiết yếu vận hành"", Chan nói.
Tuy nhiên, Chan nhấn mạnh, dù không yêu cầu bằng cấp đại học truyền thống, những việc này đòi hỏi ""kỹ năng thực tế và đào tạo bài bản"". Người lao động nên tìm hiểu kỹ vai trò và tham gia các khóa học để đáp ứng yêu cầu của công việc.
Khánh Linh"
https://vnexpress.net/5-hoc-gia-danh-tieng-goc-hoa-ve-nuoc-4998643.html,5 học giả danh tiếng gốc Hoa về nước,"Sau nhiều thập kỷ giảng dạy, nghiên cứu tại các đại học danh tiếng như Harvard, MIT hay làm việc cho Boeing, 5 học giả hàng đầu vừa trở về Trung Quốc giữ các vị trí then chốt.","Theo dữ liệu từProceedings of the National Academy of Sciences, từ năm 2010 đến nay, hơn 20.000 nhà khoa học gốc Hoa đã rời Mỹ. Xu hướng này được tiếp nối mạnh mẽ, với sự trở về của những tên tuổi hàng đầu trong năm nay.
1. Nhà Toán học Chen Min
Tháng 4, giáo sư Chen Min rời khoa Toán của Đại học Purdue, Mỹ, để làm giảng viên toàn thời gian ở Viện Công nghệ Đông phương, Ninh Ba.
Thời trẻ, Chen có bằng thạc sĩ từ cả Đại học Bắc Kinh và Đại học Princeton. Bà nhận bằng tiến sĩ Toán học ứng dụng tại Đại học Indiana Bloomington năm 1991, nghiên cứu về sóng phi tuyến, phân tích số và động lực học chất lỏng tính toán.
Chen được bổ nhiệm giáo sư Toán học vào năm 2008 và đã được Quỹ Khoa học Quốc gia Mỹ vinh danh với hơn 2.000 trích dẫn.
2. Nhà khoa học thống kê Liu Jun
Hồi tháng 9, Liu Jun xác nhận sẽ về giảng dạy tại Đại học Thanh Hoa - nơi ông sinh ra và lớn lên ngay trong khuôn viên 63 năm trước.
Trước đó, ông là giáo sư tại Đại học Harvard hơn 30 năm và là thành viên Viện Hàn lâm khoa học quốc gia và Hiệp hội thống kê Mỹ. Ông có những đóng góp tiên phong trong suy luận Bayes (một phương pháp suy luận thống kê), sinh học tính toán và tin sinh học.
Liu lấy bằng cử nhân ở Đại học Bắc Kinh, sau đó tốt nghiệp tiến sĩ ở Đại học Chicago năm 1991.
Đến nay, ông đã hướng dẫn hơn 40 tiến sĩ và hơn 30 nghiên cứu sinh sau tiến sĩ. Hầu hết đang làm việc tại các đại học hàng đầu, hoặc tại Phố Wall, Google, Microsoft.
3. Kỹ sư Zhou Ming
Zhou Ming, bộ óc đằng sau các phần mềm công nghiệp quan trọng trong các máy bay như Boeing 787 và Airbus A380, đã rời vị trí lãnh đạo tại tập đoàn kỹ thuật toàn cầu Altair của Mỹ. Ông là người tiên phong trong lĩnh vực tối ưu hóa cấu trúc liên kết, một lĩnh vực toán học nhằm mục đích tối đa hóa bố cục thiết kế.
Tháng 6, ông bắt đầu làm giáo sư chủ nhiệm và trưởng khoa đầu tiên của Trường Kỹ thuật, Viện Công nghệ phía Đông.
Sự nghiệp của Zhou bắt đầu bằng 10 năm học tập tại Đại học Beihang, cơ sở hàng đầu Trung Quốc về nghiên cứu hàng không vũ trụ. Năm 1988, ông chuyển đến Đại học Duisburg-Essen ở Đức, nơi ông lấy bằng tiến sĩ và nghiên cứu sau tiến sĩ tập trung vào cơ học kết cấu và tối ưu hóa.
Zhou đã giúp thiết kế từ mô phỏng phổ biến hơn, tạo nền tảng cho các giải pháp giảm trọng lượng mang tính then chốt trong ngành hàng không và ô tô hiện đại. Phần mềm công nghiệp mà ông đã tham gia phát triển cũng được sử dụng trong các lĩnh vực quan trọng khác, bao gồm nhà máy điện và siêu máy tính.
4. Nhà khoa học máy tính Chen Jing
Hồi tháng 1, báo chí Trung Quốc đưa tin Chen Jing, nhà nghiên cứu blockchain, đã rời Mỹ để trở thành giáo sư toàn thời gian ở Đại học Thanh Hoa.
Chen tốt nghiệp cử nhân và thạc sĩ ngành khoa học máy tính tại Đại học Thanh Hoa lần lượt vào năm 2004 và 2007. Cô hoàn thành luận án tiến sĩ tại Viện Công nghệ Massachusetts năm 2012.
Cô tập trung nghiên cứu, thiết kế và phân tích các hệ thống máy tính hiện đại để tối ưu hóa hiệu quả, tính bảo mật, khả năng chống chịu các cuộc tấn công mạng hoặc xâm nhập trái phép.
Theo thông cáo của Đại học Thanh Hoa, mục tiêu của Chen là giải quyết những thiếu sót trong nghiên cứu, phát triển các lý thuyết tiên tiến để cải thiện công nghệ blockchain của Trung Quốc.
5. Nhà Toán học - Sinh học Hu Yijuan
Sau gần hai thập kỷ ở Mỹ, tháng 7, Hu Yijuan bắt đầu dạy toàn thời gian tại Trung tâm Nghiên cứu Toán học quốc tế Bắc Kinh thuộc Đại học Bắc Kinh.
Trước đó, bà là giáo sư về thống kê sinh học tại Đại học Emory, Mỹ, từng giữ chức phó giám đốc bộ phận ở Trung tâm nghiên cứu AIDS của trường này.
Hu tốt nghiệp Đại học Bắc Kinh năm 2005, rồi lấy bằng tiến sĩ tại Đại học Bắc Carolina ở Chapel Hill. Trọng tâm nghiên cứu của bà là phát triển các mô hình thống kê và phần mềm để phân tích dữ liệu hệ vi sinh vật và dữ liệu di truyền.
Thống kê trong 5 năm, tính đến cuối năm ngoái, của Global Times cho biết số lượng nhà khoa học hàng đầu tại Trung Quốc đã tăng từ khoảng 18.800 lên hơn 32.500 người. Trong đó, tỷ lệ học giả quốc tế tăng từ 16,9% lên 27,9%.
Các học giả danh tiếng hồi hương không chỉ mang theo kiến thức chuyên môn mà còn cả mạng lưới kết nối quốc tế, từ đó tạo ra cú hích lớn cho giáo dục và công nghệ Trung Quốc trong cuộc đua toàn cầu.
Khánh Linh(TheoSCMP, Tsinghua University, CNA)"
https://vnexpress.net/hon-700-sinh-vien-su-pham-ra-truong-van-bi-no-145-trieu-dong-tien-ho-tro-4999744.html,Hơn 700 sinh viên sư phạm ra trường vẫn bị nợ 145 triệu đồng tiền hỗ trợ,"Hơn 700 sinh viên trường Đại học Đồng Nai mỗi người bị nợ gần 145 triệu đồng trợ cấp sinh hoạt phí, dù đã ra trường.","Những cựu sinh viên này thuộc khóa 2021-2025, theo học ngành Sư phạm Toán, Lý, Hóa, Văn, Sử, Mầm non, Tiểu học và Tiếng Anh. Theo Nghị định 116 của Chính phủ, ngoài được miễn học phí, mỗi người được hỗ trợ 3,63 triệu đồng/tháng chi phí sinh hoạt. Tính tổng 40 tháng học, số tiền mỗi người lẽ ra được nhận khoảng 145 triệu đồng.
Suốt 4 năm qua, nhiều sinh viên rơi vào cảnh khốn đốn vì khoản hỗ trợ này ""bặt vô âm tín"". Phước Thắng (tên đã thay đổi), cựu sinh viên ngành Sư phạm Tiếng Anh, cho biết gia đình khó khăn nên chọn ngành sư phạm để giảm bớt gánh nặng kinh phí. Tuy nhiên, thực tế hoàn toàn trái ngược.
Chật vật xoay xở để ra trường, giờThắng không thể mua nổi xe máy hay laptop để soạn giáo án và đi làm. Anh phải làm gia sư tạm thời trong lúc chờ việc.
Nỗi lo lớn nhất của Thắng và các bạn cùng khóa là quy định bồi hoàn: Nếu không công tác trong ngành sau 2 năm kể từ khi tốt nghiệp, họ phải hoàn trả toàn bộ chi phí đào tạo.
""Thời gian đang đếm ngược, nhưng chúng tôi vẫn không có câu trả lời rõ ràng từ nhà trường"", Thắng chia sẻ.
Một cựu sinh viên khác cũng bức xúc, cho biết từ năm thứ nhất, đã làm đơn đăng ký theo yêu cầu của trường. Sau khi tốt nghiệp, họ lại được gọi đến ký xác nhận và cung cấp số tài khoản, nhưng ""đến nay vẫn chưa thấy tiền đâu"".
Những ngày qua, sự việc gây chú ý trên các diễn đàn. Nhiều ý kiến cho rằng có sự thiếu minh bạch, nhập nhèm tiền hỗ trợ của nhà nước.
Ấm ức của sinh viên trong vụ ký khống tiền hỗ trợ A80
Trả lờiVnExpress, một lãnh đạo trường Đại học Đồng Nai xác nhận có 708 sinh viên thuộc diện đào tạo theo đặt hàng của địa phương vẫn chưa nhận được tiền.
Nguyên nhân được xác định là do sai sót trong khâu tuyển sinh từ các năm trước. Cụ thể, dù Bộ Giáo dục và Đào tạo giao 717 chỉ tiêu nhưng trường đã tuyển vượt ở một số ngành, trong khi các ngành khác lại thiếu.
""Có thể lãnh đạo trường khi đó chỉ xét đến tổng chỉ tiêu mà quên rằng nguyên tắc sư phạm phải chính xác theo từng ngành"", người này nhìn nhận. Do tuyển sinh sai lệch so với chỉ tiêu chi tiết, UBND tỉnh Đồng Nai – đơn vị cấp kinh phí – chưa thể giải ngân.
UBND tỉnh đã lên lịch làm việc với các sở, ngành liên quan để tháo gỡ vướng mắc pháp lý và sớm chi trả cho sinh viên.
Theo Nghị định 116 của Chính phủ, sinh viên sư phạm gồm ba diện: đào tạo theo nhu cầu xã hội; giao nhiệm vụ, đặt hàng hoặc đấu thầu; tự do.
Sinh viên hai nhóm đầu được miễn học phí và hỗ trợ sinh hoạt phí 3,63 triệu đồng mỗi tháng, tối đa 10 tháng một năm học. Kinh phí từ ngân sách của các địa phương, bộ, ngành, thông qua hình thức đặt hàng với các trường.
Sinh viên đăng ký phải làm việc trong ngành giáo dục trong hai năm sau khi tốt nghiệp. Thời gian làm việc dài gấp đôi chương trình đào tạo. Nếu không, họ bị buộc hoàn lại tất cả chi phí.
Lệ Nguyễn-Phước Tuấn"
https://vnexpress.net/am-hoc-bong-7-1-ty-dong-nho-bai-luan-ve-kinh-van-hoa-4999580.html,"Ẵm học bổng 7,1 tỷ đồng nhờ bài luận về kính vạn hoa","Từng loay hoay vì thấy cuộc sống khá bình yên, không có câu chuyện kiểu ""trưởng thành từ tổn thương"" để viết luận, Hải An quyết định thay đổi, viết về sự đa dạng qua hình ảnh chiếc kính vạn hoa.","Nguyễn Hoàng Hải An, lớp 12 chương trình IB, trường Phổ thông liên cấp Olympia, Hà Nội, vỡ òa khi nhận thông báo trúng tuyển vào Đại học Swarthmore, sáng 17/12.
Ngôi trường này hiện đứng thứ 4 trong bảng xếp hạng đại học khai phóng (Liberal Arts College - LAC) tốt nhất nước Mỹ củaU.S. News. Khoản hỗ trợ tài chính cho An là khoảng 7,1 tỷ đồng cho 4 năm học.
Ý định du học nhen nhóm trong An từ năm lớp 7, với mong muốn được bước ra thế giới. Tuy nhiên, phải đến lớp 10, em mới thực sự bắt tay vào một lộ trình làm hồ sơ nghiêm túc.
""Mình tin rằng giá trị lớn nhất của du học là trải nghiệm văn hóa, đa dạng cơ hội nghề nghiệp và được bước ra khỏi vùng an toàn để tự lập"", An nói.
Nữ sinh luyện bài thi chuẩn hóa SAT từ giữa lớp 10. Thấy các dạng câu hỏi thường có tính lặp lại, An ""cày"" đề hàng ngày để nắm kỹ các dạng bài, đạt 1540/1600 điểm ngay trong mùa hè trước năm lớp 11.
Với IELTS, nữ sinh không gặp khó, bởi đã quen dùng tiếng Anh học thuật khi theo chương trình IB (chương trình tú tài quốc tế), đạt điểm 8.0.
Song song việc học, An duy trì hoạt động ngoại khóa, thường đảm nhiệm vị trí hậu cần để có cơ hội tiếp xúc trực tiếp với cộng đồng nhiều nhất có thể. Chẳng hạn, nữ sinh từng làm gia sư cho các bạn nhỏ ở khu vực Long Biên trong dự án ""Lớp học Cầu Vồng"".
Đến lớp 10, An mới bắt tay vào xây dựng dự án riêng. Dù có kinh nghiệm, em nhanh chóng vấp váp khi ôm đồm nhiều việc, nên vừa chật vật để xoay xở, vừa không giữ chân được đồng đội.
Sau đó, An dần học được cách phân công và tận dụng năng lực của từng thành viên, giúp dự án vận hành trơn tru và giảm áp lực cho bản thân. Nữ sinh cũng học cách buông những dự án không giúp phát triển để tập trung vào những ưu tiên thực sự.
Lên lớp 11, An và các bạn tập trung xây dựng một dự án về di cư an toàn, mang tên ""Nhân Thảo Vận Hành"". Nữ sinh nhìn nhận đây là chủ đề ""nóng"", song ít được nhắc tới trên không gian mạng từ góc nhìn của người trẻ.
Nhóm của An tổ chức workshop tại trường học, gây quỹ để triển khai hoạt động giáo dục, hỗ trợ và khảo sát thực tế tại các khu vực gần biên giới, đồng thời phát triển ứng dụng và sổ tay về di cư.
Nhờ đó, nhóm vào top 30 dự án của Việt Nam được lựa chọn tham gia UNDP YECAP Fellowship và Migration Youth & Children Platform - những sáng kiến về biến đổi khí hậu và di cư của Chương trình Phát triển Liên Hợp Quốc.
An vẫn nhớ cảm giác căng thẳng khi đó, vì phải sắp xếp khối lượng công việc lớn. Nữ sinh xóa bớt các ứng dụng như Facebook hay TikTok để tránh phân tâm; chủ động viết bài luận từ hè lớp 11 để giảm áp lực trong giai đoạn nước rút.
Theo An, tìm được chủ đề cho bài luận là thách thức lớn nhất trong quá trình làm hồ sơ. Em loay hoay vì tin rằng cuộc sống của mình khá bình yên, không có câu chuyện ""trưởng thành từ tổn thương"" nào để khai thác. Khi An hoàn thành bản thảo đầu về mối quan hệ với gia đình, các thầy cô ở trường đều cho rằng bài luận còn ""hiền"" và an toàn.
Vì vậy, dù chỉ còn khoảng 10 ngày trước hạn nộp, An quyết định viết lại. Nếu giai đoạn trước, An có thể viết dàn trải mỗi ngày một phần nhỏ, thì lúc đó An dành 2-3 tiếng mỗi ngày để viết và chỉnh sửa. Em bắt đầu bài luận bằng hình ảnh chiếc kính vạn hoa - món đồ chơi yêu thích khi còn nhỏ vì những hình ảnh không bao giờ lặp lại bên trong. Điều này trái ngược với nhiều thứ như khuôn mẫu, lặp đi lặp lại trong xã hội.
Từ đó, An khai thác tiếp hai chủ đề là tình yêu của cộng đồng LGBTQ+ và vấn đề di cư, viết về các nhóm yếu thế trong xã hội và sự phán xét của những người ngoài cuộc. Nữ sinh gửi gắm mong muốn xây dựng những hệ thống hỗ trợ để không ai cảm thấy lạc lõng.
Ngoài ra, An còn đầu tư thời gian cho nghiên cứu khoa học, lĩnh vực tâm lý học và xã hội học liên quan di cư, lên ý tưởng về ""SPARK"", viết tắt củaStudents’ Platform for Academic Research and Knowledge -một nền tảng giúp học sinh phổ thông công bố nghiên cứu và được hướng dẫn bài bản về viết học thuật.
Nữ sinh nhìn nhận bài luận đã thể hiện được góc nhìn của bản thân, đồng thời tập trung vào bộ giá trị đặc trưng của Swarthmore: trách nhiệm xã hội, hợp tác và tính bao trùm của cộng đồng.
Cô Lê Thị Trầm Hương, giáo viên chủ nhiệm của An, đánh giá học trò có kỹ năng quản lý thời gian rất đáng nể. Chương trình IB thử thách cao về học thuật, đòi hỏi học sinh học sâu, nghiên cứu và viết luận thường xuyên, nhưng An luôn xuất sắc trong các bài kiểm tra.
""An là một học sinh ưu tú, luôn kiên định và nỗ lực không ngừng nghỉ cho các mục tiêu của bản thân"", cô Hương nói.
Nữ sinh cho biết yêu thích nhiều lĩnh vực, nên chọn mô hình đại học khai phóng - vốn không có chuyên ngành cụ thể, để có thêm thời gian khám phá. An đang cân nhắc các ngành khoa học chính trị, kinh doanh, kinh tế, đồng thời dự định học một chuyên ngành phụ khối STEM.
""Trước mắt, mình sẽ cố gắng đạt điểm IB cao để có thể đi làm gia sư trong quá trình học và tìm kiếm các cơ hội thực tập quốc tế, hỗ trợ gia đình về chi phí"", An nói.
Khánh Linh"
https://vnexpress.net/thanh-lap-truong-dai-hoc-tam-anh-5000196.html,Thành lập trường Đại học Tâm Anh,"Tây NinhTrường Đại học Tâm Anh (thuộc Bệnh viện Đa khoa Tâm Anh) thành lập ngày 30/12, đào tạo đa ngành và tập trung lĩnh vực y tế, tuyển sinh từ 2027.","Theo Quyết định 2826/QĐ-TTg do Phó thủ tướng Lê Thành Long ký ngày 30/12, Trường Đại học Tâm Anh được thành lập tại huyện Bến Lức, tỉnh Tây Ninh (thuộc Long An trước đây). Trước đó, ngày 29/3/2023, Phó thủ tướng Trần Hồng Hà đã phê duyệt chủ trương thành lập trường.
Trường có diện tích gần 80.000 m2, với tổng vốn đầu tư ban đầu trên 2.500 tỷ đồng. Dự kiến tuyển sinh từ đầu năm 2027, giai đoạn đầu ưu tiên đào tạo nhóm ngành khoa học sức khỏe như Y khoa, Dược học, Điều dưỡng, Kỹ thuật xét nghiệm y học, Công nghệ sinh học; bên cạnh đó có các ngành liên quan như Quản trị kinh doanh, Công nghệ thông tin, Kinh doanh quốc tế, Luật quốc tế, Marketing...
Sinh viên khối ngành sức khỏe sẽ được đào tạo thực hành tại các cơ sở y tế thuộc Hệ thống Bệnh viện Đa khoa Tâm Anh tại Hà Nội và TP HCM. Trong khi đó, sinh viên ngành Dược có thể thực hành tại Nhà máy vaccine và sinh phẩm thuộc hệ thống VNVC đang xây dựng tại Tây Ninh, cùng hàng trăm trung tâm tiêm chủng VNVC trên toàn quốc và các công ty dược phẩm đối tác.
Hiện một số chương trình đào tạo của Viện Nghiên cứu Tâm Anh - đơn vị trực thuộc Đại học Tâm Anh - đã được triển khai, quy tụ các chuyên gia từ Đại học Oxford, Stanford và nhiều bệnh viện, đại học lớn trên thế giới. Gần nhất, đơn vị phối hợp Đại học Oxford (Anh) tổ chức Tuần lễ đào tạo chuyên sâu về Thiết kế nghiên cứu và Quản trị dữ liệu, ngày 22-31/12. Đây là hoạt động học thuật chuẩn quốc tế đầu tiên trong hệ sinh thái đào tạo - nghiên cứu của trường.
Bác sĩ Phương Lễ Trí, Giám đốc điều hành Viện Nghiên cứu Tâm Anh cho biết việc thành lập trường giúp đơn vị chủ động đào tạo và phát triển nguồn nhân lực y tế chất lượng cao, đặt nền móng cho mô hình gắn kết viện - trường - bệnh viện. ""Mô hình góp phần nâng chuẩn đào tạo - nghiên cứu tại Việt Nam, đặc biệt ở lĩnh vực y, dược. Qua đó hình thành đội ngũ nhân lực y tế sẵn sàng làm việc ngay sau tốt nghiệp"", bác sĩ Phương Lễ Trí nói.
Hệ thống Bệnh viện Đa khoa Tâm Anh có ba bệnh viện đa khoa và hai trung tâm chuyên sâu tại Hà Nội và TP HCM, mỗi năm tiếp đón hơn 2 triệu lượt khách hàng đến khám, chữa bệnh. Hệ thống đang xây dựng thêm một bệnh viện đa khoa và bệnh viện chuyên về ung bướu công nghệ cao tại TP HCM, quy mô 2.000 giường bệnh.
Toàn hệ thống có hơn 10.000 bác sĩ, kỹ thuật viên và nhân viên y tế, trong đó nhiều người là giáo sư, tiến sĩ, chuyên gia đầu ngành, đồng thời tham gia giảng dạy tại các trường đại học Y, Dược trên cả nước ở các chuyên ngành như tim mạch, cơ xương khớp, sản khoa, nhi khoa, ung thư, nhãn khoa, xét nghiệm, giải phẫu, tế bào...
Tâm Anhcũng là đối tác học thuật chính thức với nhiều đại học và tập đoàn dược lớn như Đại học Oxford (Anh), Đại học Stanford (Mỹ), AstraZeneca, GSK, Sanofi, Pfizer... Các chương trình đào tạo của trường vì vậy sẽ gắn liền với thực tiễn, cập nhật kiến thức quốc tế, thúc đẩy nghiên cứu khoa học song phương và nâng cao năng lực chuyên môn cho người học.
Thái Anh"
https://vnexpress.net/hoc-sinh-quen-cach-xem-dong-ho-sau-lenh-cam-dien-thoai-4999395.html,Học sinh quên cách xem đồng hồ sau lệnh cấm điện thoại,MỹHọc sinh New York gặp khó khăn khi xem giờ trên đồng hồ kim sau lệnh cấm sử dụng điện thoại trong trường học.,"Kể từ khi lệnh cấm có hiệu lực từ năm học này, các giáo viên quận Manhattan và Brooklyn liên tục rơi vào tình huống dở khóc dở cười. Thay vì rút điện thoại để xem giờ như trước, học sinh thường xuyên làm phiền giáo viên bằng câu hỏi: ""Mấy giờ rồi?"".
""Tôi bực mình vì em nào cũng kêu ầm lên hỏi còn bao nhiêu phút nữa"", cô Madi Morningweg, giáo viên cấp hai tại Manhattan, kể, cho biết thường phải chỉ lên đồng hồ treo tường và hỏi kim dài chỉ số mấy, kim ngắn ở đâu.
Tình trạng này diễn ra phổ biến vì trong các lớp học truyền thống thường chỉ trang bị đồng hồ kim. Cheyenne Francis, một học sinh 14 tuổi, ở trường cấp hai Midwood, quận Brooklyn, thừa nhận: ""Nhiều bạn cùng lớp đã quên kỹ năng xem giờ vì lúc nào cũng có điện thoại trong túi"".
""Đó là một kỹ năng rất quan trọng nhưng các em hoàn toàn không quen sử dụng. Các em không biết cách xem giờ"", bà Tiana Millen, Phó hiệu trưởng Trường THCS Cardozo, nói.
Theo Sở Giáo dục New York, từ cấp 1, học sinh đã được dạy các khái niệm về ""giờ đúng (o'clock)’, ""giờ rưỡi (half-past)"" và ""kém mười lăm phút (quarter-to)"".
""Chúng tôi nhận thức rõ tầm quan trọng của việc học sinh có thể xem giờ trên cả đồng hồ kim và đồng hồ điện tử"", bà Isla Gething, người phát ngôn của Sở Giáo dục, cho biết. ""Khi các em lớn lên trong một thế giới ngày càng số hóa, không nên để bất kỳ kỹ năng xem giờ truyền thống nào bị bỏ lại phía sau"".
Thực tế, nỗi lo ngại này không mới. Một nghiên cứu năm 2017 tại bang Oklahoma cho thấy chỉ 20% trẻ em từ 6 đến 12 tuổi biết xem đồng hồ kim. Tại Anh, từ năm 2018, nhiều trường học thậm chí đã phải gỡ bỏ đồng hồ kim để thay bằng đồng hồ điện tử, nhằm giúp học sinh giảm bớt áp lực trong các kỳ thi.
Tuy nhiên, giới giáo dục cũng có cái nhìn đa chiều hơn. Trong khi kỹ năng xem giờ truyền thống yếu đi, các em lại thể hiện năng lực vượt trội trong các môn lập trình và robot.
Doãn Hùng(TheoNew York Post, Gothamist)"
https://vnexpress.net/nuoc-nao-la-mo-vang-den-lon-nhat-the-gioi-4999679.html,Nước nào là mỏ 'vàng đen' lớn nhất thế giới?,"Nước này có hơn 300 tỷ thùng dầu mỏ - vàng đen, từng chiếm 1/10 sản lượng của thế giới. Bạn có biết đây là quốc gia nào?",Lệ Nguyễn
https://vnexpress.net/hon-4-000-truong-hoc-han-quoc-bien-mat-vi-thieu-hoc-sinh-4999493.html,Hơn 4.000 trường học Hàn Quốc biến mất vì thiếu học sinh,"Hàn QuốcHàng nghìn trường học phải đóng cửa vĩnh viễn, đẩy giáo viên vào cảnh mất việc, do học sinh giảm.","Theo số liệu từ Bộ Giáo dục hôm 28/12, tính đến nay, tổng cộng 4.008 trường học thuộc 17 văn phòng giáo dục khu vực trên toàn quốc đã ngừng hoạt động.
Theo dữ liệu Bộ Giáo dục Hàn Quốc công bố ngày 28/12, tổng cộng có 4.008 trường học trên toàn quốc ngừng hoạt động. Trong đó, các trường tiểu học chiếm phần lớn, với gần 3.700 cơ sở phải đóng cửa. Số trường THCS và THPT lần lượt là 264 và 70.
Nguyên nhân chính được xác định là do tỷ lệ sinh tại xứ sở kim chi đang ở mức thấp nhất thế giới (dưới 0,8). Chỉ trong 5 năm qua, 160 trường đã ""biến mất"" khỏi hệ thống giáo dục và sẽ chưa dừng lại khi ít nhất 100 trường khác phải dừng hoạt động trong nửa thập kỷ tới.
Trong số các tỉnh, Bắc Jeolla phải đóng cửa nhiều trường nhất (16), tiếp theo là Nam Jeolla (15), Gyeonggi (12) và Nam Chungcheong (11).
Viện Phát triển Giáo dục Hàn Quốc (KEDI) ước tính số học sinh các cấp sẽ giảm từ mức 5 triệu hiện nay xuống còn 4,25 triệu vào năm 2029 - chưa bằng một nửa so với năm 1980.
Ngoài thiếu vắng tiếng cười nói của học sinh, Hàn Quốc còn đối mặt với bài toán lãng phí tài sản công. Dữ liệu cho thấy gần 1/10 trong số hơn 4.000 ngôi trường đóng cửa đang bị bỏ trống. Khoảng 270 cơ sở bị bỏ không hơn 10 năm, thậm chí có hơn 80 trường bị bỏ hoang tới hơn 30 năm.
Nghị sĩ Jin Sun-mee cho rằng chính phủ cần có lộ trình dài hạn để chuyển đổi mục đích sử dụng các ngôi trường này thành tài sản phục vụ cộng đồng địa phương thay vì để lãng phí.
Cuộc khủng hoảng thiếu học sinh còn trực tiếp đe dọa đến nghề giáo. Hồi tháng 2, Bộ Giáo dục Hàn Quốc thông báo cắt giảm hơn 2.200 vị trí giáo viên. Để duy trì các cơ sở còn lại, nhiều địa phương đã phải áp dụng giải pháp tạm thời như giảm sĩ số mỗi lớp xuống chỉ còn 10-15 học sinh và tăng số lượng tiết học.
Khánh Linh(TheoThe Korea Times, The Korea Herald)"
https://vnexpress.net/thay-giao-bi-to-sam-so-nu-sinh-lop-8-trong-truong-4999494.html,Thầy giáo bị tố sàm sỡ nữ sinh lớp 8 trong trường,"Hà TĩnhThầy giáo trường THCS Chu Văn An thừa nhận ""chạm vào vùng nhạy cảm của nữ sinh lớp 8"" trong lúc hướng dẫn động tác võ thuật, bị bố em này dùng gạch đánh vào đầu.","Ngày 29/12, ông Nguyễn Ánh, Hiệu trưởng trường THCS Chu Văn An (huyện Hương Khê), cho biết sẽ đình chỉ công tác 15 ngày đối với nam giáo viên này. Động thái nhằm ổn định tâm lý học sinh và phục vụ công tác điều tra của cơ quan công an.
Sự việc bắt nguồn từ một đoạn video xuất hiện trên mạng xã hội vào ngày 28/12, trong đó một nữ sinh lớp 8 tố cáo thầy giáo có hành vi đụng chạm vào vùng nhạy cảm khi tập võ tại trường.
Làm việc với Ban giám hiệu, nam giáo viên thừa nhận sự việc diễn ra buổi sáng cùng ngày, sau khi ông ""uống nhiều rượu"", rồi đạp xe qua trường. Khi định vào tắt điện phòng đa chức năng, thấy ba học sinh đang tập võ, ông hướng dẫn một vài động tác. Trong quá trình này, ""tay đã va chạm vào vùng nhạy cảm của em"".
Nữ sinh trong sự việc đã bật khóc và gọi điện cho gia đình. Phụ huynh sau đó tới trường, dùng gạch đánh vào đầu thầy giáo.
THCS Chu Văn An, đóng tại xã Hương Khê. Theo lãnh đạo nhà trường, nam giáo viên mới chuyển về công tác hơn một năm nay. Ngoài dạy Ngữ văn, ông còn phụ trách câu lạc bộ võ thuật. Sau sự việc, giáo viên bày tỏ sự ân hận về hành vi của mình.
Đức Hùng"
https://vnexpress.net/ha-noi-doi-lich-nghi-tet-duong-lich-cho-hoc-sinh-4999449.html,Hà Nội đổi lịch nghỉ Tết Dương lịch cho học sinh,"Học sinh Hà Nội có thể nghỉ Tết Dương lịch liền 4 ngày, thay vì chỉ một ngày như thông báo trước đó.","Thông báo điều chỉnh lịch nghỉ Tết Dương lịch 2026 được Sở Giáo dục và Đào tạo Hà Nội đưa ra sáng 29/12.
Theo đó, những trường cố định nghỉ hai ngày cuối tuần sẽ được hoán đổi ngày làm việc để có kỳ nghỉ Tết dương kéo dài bốn ngày, từ 1/1 đến 4/1. Nhóm này chủ yếu là trường mầm non, tiểu học. Lịch học bù ngày 2/1 sẽ chuyển sang 10/1.
Nhóm vẫn có lịch học vào thứ bảy được chủ động sắp xếp lịch nghỉ phù hợp, căn cứ chương trình, kế hoạch của nhà trường.
Sở cho biết thay đổi này thực hiện theo kết luận của Chính phủ về lịch nghỉ Tết Dương lịch, ban hành cuối tuần trước.
Với kỳ nghỉ Tết Nguyên đán, Hà Nội đã chốt lịch nghỉ gồm 5 ngày theo quy định chung, bắt đầu từ ngày 16/2 (29 tháng Chạp) đến ngày 20/2/2026 (mùng 4 tháng Giêng). Vì trước và sau kỳ nghỉ Tết đều là cuối tuần, học sinh có thể nghỉ nhiều nhất 9 ngày, nếu không phải đi học sáng thứ bảy.
Sở yêu cầu các trường sắp xếp người trực, xử lý việc đột xuất; tăng cường tuyên truyền học sinh giữ gìn trật tự xã hội, chấp hành quy định về quản lý và sử dụng pháo...
Căn cứ điều kiện thực tế, các trường quan tâm, chăm lo đời sống của giáo viên, nhân viên và học sinh; tổ chức thăm hỏi gia đình thuộc diện chính sách; tiết kiệm, chống lãng phí trong dịp Tết.
Thanh Hằng"
https://vnexpress.net/nam-sinh-dung-bot-phan-be-khoa-ket-sat-dung-dien-thoai-cua-lop-4999378.html,Nam sinh dùng bột phấn 'bẻ khóa' két sắt đựng điện thoại của lớp,"Trung QuốcMột học sinh cấp 2 đã áp dụng mẹo trong tiểu thuyết trinh thám để tìm ra mật mã két sắt đựng điện thoại của lớp, khiến dư luận thích thú.","Sự việc xảy ra tại một trường nội trú ở Thâm Quyến, hồi giữa tháng 11. Theo quy định, học sinh không được sử dụng điện thoại trong khuôn viên trường. Các em chỉ được nhận lại máy vào thứ sáu để liên lạc với gia đình, rồi nộp lại vào chủ nhật. Toàn bộ điện thoại được cất trong một két sắt do giáo viên chủ nhiệm quản lý.
Theo tờSin Chew Daily, nam sinh tên Tian lấy cảm hứng từ một cuốn tiểu thuyết trinh thám, đã nảy ra ý định rắc bột phấn lên bàn phím số của chiếc két. Bằng cách quan sát những vị trí bột phấn bị mờ đi do dấu vân tay, cậu đã khoanh vùng được các con số trong mật mã. Với sự giúp đỡ của bạn học tên Xie, nhóm nam sinh đã tìm ra mật khẩu chính xác.
Trong khi đó, một học sinh khác - Ma đã quay phim lại quá trình này và đăng tải lên mạng xã hội, khiến mật mã nhanh chóng bị lan truyền. Năm ngày sau, nam sinh tên Chi đã dùng mã số này mở két và lấy đi toàn bộ điện thoại đang được cất giữ.
Sự việc chỉ khép lại khi nhà trường phát hiện và ra thông báo kỷ luật bốn học sinh vào ngày 15/12, theoChongqing Daily News Group. Tian, Xie và Chi nhận cảnh cáo nặng, trong khi Ma nhận mức nhẹ hơn. Đại diện nhà trường nhấn mạnh, các em bị kỷ luật không phải vì đã giải được mật mã, mà vì hành vi lấy điện thoại khi chưa được phép, vi phạm nghiêm trọng nội quy.
Sau sự việc, nhà trường lập tức đổi mật khẩu két, chuyển đến phòng giáo viên ngay sau khi thu nhận điện thoại.
Câu chuyện đã thu hút hàng triệu lượt xem và bình luận trên mạng xã hội. Đa số bày tỏ sự thích thú và khen ngợi sự sáng tạo của các em.
""Thật tuyệt khi thấy các em học sinh tư duy phản biện. Đọc sách nhiều thực sự có ích"", một người dùng mạng bình luận. Có ý kiến cho rằng quan điểm của nhà trường không sai, nhưng phải thừa nhận ""những đứa trẻ này rất ấn tượng, thông minh và chủ động"".
""Ban đầu tôi cứ tưởng là vụ trộm điện thoại, hóa ra chỉ là các em lấy lại điện thoại của mình. Đúng là tinh nghịch. Tôi gợi ý nên cho các em này nộp đơn vào học viện cảnh sát"", một người khác viết.
Khánh Linh(TheoSin Chew Daily, Chongqing Daily, SCMP)"
https://vnexpress.net/nu-tien-si-viet-voi-nhung-du-an-pin-mat-cung-bo-nang-luong-my-4994389.html,Nữ tiến sĩ Việt với những dự án pin 'mật' cùng Bộ Năng lượng Mỹ,"Linh Lê, 29 tuổi, nghiên cứu sinh sau tiến sĩ tại Đại học Stanford, từng tham gia các dự án bảo mật của Bộ Năng lượng Mỹ nhằm tạo ra những loại pin sạc siêu nhanh, đặc biệt cho xe điện và điện thoại.","Giữa tháng trước, Linh nhận giải ""L'Oréal–UNESCO Vì sự phát triển phụ nữ trong khoa học 2025"". Nghiên cứu về vật liệu tiên tiến cho pin lithium-lưu huỳnh (Li-S) mà cô tham gia được đánh giá sẽ mang đến bước đột phá cho công nghệ lưu trữ năng lượng thế hệ mới.
Tại Đại học Stanford, Mỹ, – ngôi trường xếp thứ ba thế giới, theo bảng xếp hạng QS, cô tập trung nghiên cứu và phát triển vật liệu mới cho pin sạc lithium-kim loại và pin sodium-ion, thử nghiệm trên nhiều mô hình từ pin cúc áo đến pin dạng túi. Mục tiêu là tạo ra các loại pin bền, an toàn và có thể sạc nhanh hơn.
Với Linh, việc theo đuổi Hóa học như một cái duyên. Thời cấp ba, đây là môn cô học đuối nhất trong tổ hợp khối A (Toán, Lý, Hóa), nhưng lại được điểm cao nhất khi thi đại học (9,8). Năm 2014, Linh vừa trúng tuyển trường Đại học Y Dược TP HCM, vừa trở thành đồng Á khoa đầu vào trường Đại học Khoa học Tự nhiên, Đại học Quốc gia TP HCM.
Nhận thấy Hóa học có tính ứng dụng cao vào đời sống, Linh chọn học chương trình cử nhân tài năng ngành Hóa của trường Tự nhiên.
Năm thứ ba, Linh chuyên sâu về Hóa - Lý và bắt đầu làm việc trực tiếp tại phòng thí nghiệm pin của một giáo sư ở trường. Quá trình làm luận văn tốt nghiệp về chất điện giải trong pin, khao khát tiếp cận môi trường nghiên cứu tiên tiến hơn thôi thúc cô tìm cơ hội thực tập quốc tế. Vì thế, Linh có thời gian làm việc tại phòng thí nghiệm của Giáo sư Shigeto Okada (Đại học Kyushu, Nhật Bản).
Ba bài báo khoa học công bố trong thời gian này đã trở thành ""tấm vé"" giúp Linh giành học bổng tiến sĩ tại Đại học bang Pennsylvania, vào năm 2020.
Tại đây, Linh làm việc trong phòng thí nghiệm hợp tác trực tiếp với Bộ Năng lượng Mỹ (DOE). Các dự án mà Linh tham gia đều hướng đến ứng dụng thực tế cho các thiết bị lưu trữ năng lượng, đặc biệt là xe điện, thiết bị điện tử như điện thoại và các hệ thống lưu trữ năng lượng quy mô lớn.
Cô cũng thực tập tại các tổ chức như EC power và Phòng thí nghiệm quốc gia Pacific Northwest để tiếp cận quá trình chuyển giao công nghệ vào sản xuất.
Dù từng làm việc ở nước ngoài, Linh vẫn mất hơn một năm để thích nghi với môi trường mới. Vượt qua rào cản ngôn ngữ, văn hóa, môi trường sống, cô tiếp tục đối mặt áp lực công việc lớn về chất lượng dữ liệu và tiến độ.
Nữ tiến sĩ nhớ lại những đêm mất ngủ vì căng thẳng: ""Có lúc thử nghiệm 20 mẫu chỉ một mẫu đạt yêu cầu. Áp lực về tiến độ và độ chính xác của số liệu báo cáo cho giáo sư đôi khi khiến mình không thể ăn uống nổi"". Để vượt qua, cô học cách ""chậm lại"", dành thời gian tái tạo năng lượng và chủ động thảo luận cùng đồng nghiệp để tìm hướng tiếp cận mới cho vấn đề đang gặp phải.
Động lực lớn nhất giúp cô không bỏ cuộc là những nỗ lực đã bỏ ra để đến Mỹ, cùng sự kỳ vọng và động viên từ gia đình, bạn bè và đồng nghiệp.
Khi phòng thí nghiệm trở thành cơ sở nòng cốt trong nhiều dự án, Linh đảm nhận 2-3 dự án bảo mật cao cùng lúc. Trong toàn bộ thời gian làm việc, cô phải tuân thủ nhiều yêu cầu nghiêm ngặt: khai báo hồ sơ cá nhân từ năm 18 tuổi, sử dụng thiết bị riêng do chính phủ kiểm soát, không được trao đổi riêng với đồng nghiệp không cùng dự án.
Năm ngoái, Linh bảo vệ thành công luận án tiến sĩ với nghiên cứu về chất điện giải và lớp bảo vệ cho điện cực âm cho pin lithium-kim loại sạc nhanh, dung lượng cao, nhằm hạn chế suy giảm tuổi thọ và năng lượng của pin. Đặc biệt, cô có cơ hội hợp tác trong các dự án lớn với Giáo sư Stanley Whittingham – chủ nhân giải Nobel Hóa học năm 2019.
""Mình thấy bản thân rất nhỏ bé, nhưng cũng vô cùng may mắn vì có những cơ hội như vậy"", Linh chia sẻ.
Với đề tài đạt giải thưởng L’Oreal-UNESCO, hướng nghiên cứu của Linh là về pin lithium-lưu huỳnh. Đây là một thế hệ pin mới có mật độ năng lượng cao, giá thành rẻ, nguồn nguyên liệu dồi dào hơn pin lithium-ion vốn ngày càng khan hiếm. Loại pin này mở ra tiềm năng lớn cho các thiết bị thế hệ mới: nhẹ hơn, chạy lâu hơn, an toàn hơn, phù hợp với điện thoại và các thiết bị siêu nhỏ.
Hiện công nghệ pin Li–S mới còn hai thách thức lớn: độ bền của điện cực âm và hiện tượng ""polysulfide shuttle"" khiến dung lượng pin suy giảm theo chu kỳ sử dụng.
Sau dự án trên, tại Stanford, Linh chuyển sang nghiên cứu pin sodium - thế hệ pin tiếp theo với chi phí thấp. Tuy nhiên, đây là lĩnh vực còn khá mới, thiếu hệ thống chuẩn về chất điện giải và điện cực, cũng như tài liệu tham khảo. Điều này buộc Linh phải gần như xây dựng nền tảng nghiên cứu từ đầu.
Cô nhận định công nghệ pin sẽ là ngành mũi nhọn trong 30-50 năm tới khi thế giới chuyển dịch sang xe điện để bảo vệ môi trường. Cơ hội việc làm và nghiên cứu đều rất lớn.
Nhìn lại hành trình của mình, Linh Lê cho rằng kiến thức nền tảng vững chắc và tư duy logic là chìa khóa quan trọng nhất. Cô khuyên sinh viên chủ động tìm kiếm sự giúp đỡ trong môi trường quốc tế và mở rộng các mối quan hệ để giành lợi thế và thích ứng.
""Phải luôn học hỏi, tiếp thu ý kiến và sẵn sàng thay đổi. Trong khoa học, không nên ỷ vào khả năng riêng của bản thân"", Linh nói.
Khánh Linh"
https://vnexpress.net/dai-hoc-phuong-tay-hiem-gan-ten-quoc-gia-quoc-te-4997422.html,"Đại học phương Tây hiếm gắn tên 'quốc gia', 'quốc tế'","Một số nước châu Á đặt ra chuẩn để tên đại học có chữ ""quốc gia"" hay “quốc tế”, các nước phương Tây thì không kiểm soát nhưng hiếm trường dùng các từ này.","Trung Quốccó quy định khắt khe nhất hiện nay. Theo quy định của Bộ Giáo dục từ năm 2020, các trường không đặt tên chứa từ ""Trung Quốc"", ""Quốc gia"", ""Quốc tế"" hay các từ chỉ vùng miền rộng lớn như ""Đông bắc Trung Quốc"", ""Miền bắc Trung Quốc"".
Tên tiếng Trung của cao đẳng, đại học nước ngoài cũng không được phép sử dụng tùy tiện. Đặc biệt, các lần đổi tên phải cách nhau ít nhất 10 năm.
Quy định áp dụng với các trường đại học chính quy, trường cao đẳng và trường học độc lập, các trường cao đẳng nghề và kỹ thuật bậc cao được thành lập sau khi quy định được ban hành.
Hàn Quốc và Nhật Bảncó cách tiếp cận mềm mỏng hơn nhưng vẫn giữ những quy ước rõ ràng.
Tại Hàn Quốc, tên gọi xác định loại hình sở hữu. Theo Viện nghiên cứu pháp luật Hàn Quốc, tên của trường đại học quốc gia do sắc lệnh của Tổng thống quy định; đại học công lập do chính quyền địa phương quyết định. còn đối với đại học tư thục, tên trường được quy định trong điều lệ thành lập của chính cơ sở đó.
Dù không có luật cấm, nhưng hầu hết các trường do Chính phủ thành lập đều gắn chữ ""National"" (Quốc gia) để phân biệt, như Seoul National University (Đại học Quốc gia Seoul), Pusan National University (Đại học Quốc gia Pusan),...
Một số học viện công lập không chứa từ ""quốc gia"" nhưng chứa tên đất nước hoặc địa phương, chẳng hạn Học viện Hải quân Hàn Quốc, Viện Khoa học và Công nghệ Gwangju,...
Còn với từ ""quốc tế"", dữ liệu từ trang thông tin của chính phủ cho thấy chưa tới 10 trường có từ này trong tên.
Nhật Bản cũng không quy định rõ các từ cần có hoặc tránh khi đặt tên các trường đại học. Nghị định của Bộ Giáo dục, Khoa học và Văn hóa Nhật Bản chỉ yêu cầu tên gọi phải phù hợp với vai trò của một cơ sở giáo dục đại học, đúng với nội dung đào tạo, nghiên cứu.
Các đại học hàng đầu nước này như Tokyo hay Osaka đều ưu tiên dùng địa danh, nơi đặt khuôn viên, ví dụ Đại học Tokyo, Đại học Osaka, Đại học Hokkaido,...
Tại Mỹ, Chính phủ không kiểm soát chặt việc đặt tên. Tên gọi cao đẳng và đại học có thể dùng chữ ""quốc gia"", ""quốc tế"" mà không cần sự phê duyệt đặc biệt, chẳng hạn Florida International University (trường công), hay American National University in Salem, Virginia (trường tư).
Tuy nhiên, các đại học hàng đầu cũng hiếm khi sử dụng hai từ này. Hệ thống trường công của Mỹ thường gắn liền với tên bang hoặc thành phố (Đại học Virginia, Đại học California). Trong khi đó, các trường tư thục danh tiếng hay đặt tên theo người sáng lập (Harvard, Stanford) hoặc các nhà hảo tâm (Johns Hopkins) để tôn vinh về tầm nhìn hoặc ghi nhận sự đóng góp tài chính.
Anhtương tự. Thay vào đó, chính phủ quản lý rất chặt việc cấp phép cho một cơ sở giáo dục sử dụng từ ""đại học"" hoặc ""cao đẳng"".
Các đại học lớn thường được đặt tên theo cấu trúc ""Đại học"" + tên vùng. Ví dụ: University of Oxford, University of Edinburgh, University of Liverpool,... Hiếm trường có ""quốc gia"" hay ""quốc tế"" trong tên.
Khánh Linh"
https://vnexpress.net/truong-ngoi-sao-hoang-mai-trao-20-suat-hoc-bong-toan-phan-4999357.html,Trường Ngôi Sao Hoàng Mai trao 20 suất học bổng toàn phần,"Hà NộiTrường Ngôi Sao Hoàng Mai tổ chức kỳ thi đánh giá năng lực và xét học bổng toàn phần cho học sinh lớp 5 và 9, dự kiến diễn ra vào ngày 10/1/2026.","Kỳ thi được tổ chức tại cơ sở Kim Văn - Kim Lũ, phường Định Công. Đây là hoạt động mở, dành cho tất cả học sinh, không phân biệt trình độ nhằm giúp các em làm quen sớm với cấu trúc, yêu cầu và áp lực của kỳ thi chuyển cấp trước khi bước vào lớp 6 và lớp 10.
Kết quả kỳ đánh giá cũng là căn cứ để trường Ngôi Sao Hoàng Mai xét tuyển học sinh vào lớp 6 và lớp 10 trong năm học 2026 - 2027, đồng thời, trao 52 suất học bổng. Trong đó, 20 suất học bổng toàn phần dành cho học sinh có kết quả nổi bật, thể hiện tư duy và tiềm năng phát triển dài hạn.
Theo đại diện nhà trường, kỳ đánh giá không phân biệt trình độ. Qua đó, các em có cơ hội trải nghiệm một kỳ thi chuyển cấp trong điều kiện an toàn, thực tế và có định hướng. Trường thiết kế các bài thi mô phỏng cấu trúc và áp lực của các kỳ thi vào lớp 6 và 10, giúp học sinh làm quen với cách phân bổ thời gian, xử lý đề bài và kiểm soát tâm lý phòng thi.
Khác với các bài kiểm tra thông thường, nội dung đánh giá của Ngôi Sao Hoàng Mai tập trung vào năng lực học tập tổng thể, bao gồm: tư duy logic, toán học, ngôn ngữ và khả năng phân tích; mức độ tập trung, kỷ luật học tập, tốc độ xử lý thông tin cùng khả năng thích ứng với môi trường học thuật ở bậc trung học.
Sau kỳ đánh giá, mỗi học sinh tham dự đều nhận được Phiếu đánh giá năng lực cá nhân hóa. Qua đó, phụ huynh và học sinh có thể nhìn rõ con thế mạnh, hạn chế cần bổ sung và mức độ sẵn sàng trước kỳ chuyển cấp. Nhiều phụ huynh xem kết quả này là cơ sở để xây dựng lộ trình học tập phù hợp cho giai đoạn tiếp theo.
""Chúng tôi tin rằng mỗi học sinh đều sở hữu một năng lực cá nhân. Khi được đánh giá đúng và kịp thời, các em sẽ tự tin, chủ động hơn và có cơ hội phát triển theo con đường phù hợp với mình"", đại diện trường chia sẻ.
Trước đó, trong năm học 2024-2025, kỳ thi Học bổng và Đánh giá năng lực của Ngôi Sao Hoàng Mai thu hút gần 4.000 học sinh tham dự.
Hiện, trường Ngôi Sao Hoàng Mai được đầu tư hệ thống cơ sở vật chất hiện đại với hơn 200 phòng học, tòa nhà trải nghiệm 32 phòng chức năng, hội trường 530 chỗ ngồi, thư viện 400 m2 cùng hệ thống sân thể thao đa năng.
Chương trình giáo dục tại đây được xây dựng trên nền tảng Chương trình Giáo dục phổ thông 2018, kết hợp chương trình chuyên biệt theo triết lý Đức - Trí - Thể - Nhân – Hòa với lộ trình học tập xuyên suốt từ lớp 1 đến 12. Trường hướng tới đào tạo học sinh phát triển toàn diện và sẵn sàng hội nhập.
Ở bậc trung học phổ thông, mỗi tuần, học sinh Ngôi Sao Hoàng Mai học 8 tiết IELTS và 6 tiết SAT trong giờ chính khóa, đồng thời, được định hướng nghề nghiệp, tư vấn du học và xây dựng hồ sơ cá nhân ngay từ lớp 10.
Nhật Lệ"
https://vnexpress.net/phuong-thuc-to-hop-tuyen-sinh-dai-hoc-cong-nghe-tp-hcm-nam-2026-chi-tiet-4999221.html,Thêm một đại học tư thục dự kiến mở ngành Y khoa,"Trường Đại học Công nghệ TP HCM (HUTECH) dự kiến mở ba ngành mới, trong đó có Y khoa và Y học cổ truyền.","Trường Đại học Công nghệ TP HCM ngày 27/12 cho biết tuyển 10.000 sinh viên cho 61 ngành, năm 2026. Ba ngành mới gồm An ninh mạng, Y khoa và Y học cổ truyền.
Hiện cả nước có khoảng 34 trường đại học đào tạo ngành Y khoa. Trong đó, nhiều trường tư thục như VinUni, Phenikaa, Kinh doanh và Công nghệ Hà Nội, Đại Nam, Hòa Bình, Duy Tân, Văn Lang, Nguyễn Tất Thành...
Cả ngành Y khoa và Y học cổ truyền thuộc nhóm bắt buộc có điểm sàn, tức mức tối thiểu để sinh viên được đăng ký xét tuyển đại học, theo quy định của Bộ Giáo dục và Đào tạo. Trong 7 năm qua, yêu cầu với ngành Y khoa hầu hết ở mức 22,5 điểm cho tổ hợp ba môn.
Hôm 25/11, Phó thủ tướng Nguyễn Hòa Bình nêu chủ trương sắp tới không cho phép các trường đại học không chuyên đào tạo một số lĩnh vực, lấy ví dụ ""chỉ có trường Y mới được đào tạo bác sĩ"" nhằm nâng cao chất lượng nhân lực. Tuy nhiên, hiện chưa có văn bản nào quy định cụ thể việc này.
Bảy phương thức xét tuyển năm 2026 của Đại học Công nghệ TP HCM gồm: dựa vào kết quả thi tốt nghiệp THPT, thi đánh giá năng lực của Đại học Quốc gia TP HCM, xét kết quả thi đánh giá đầu vào đại học V-SAT, xét học bạ lớp 12 (ba môn theo tổ hợp hoặc điểm trung bình cả năm), kết hợp điểm thi tốt nghiệp và học bạ, xét chứng chỉ quốc tế (SAT, ACT, A-Level, IB).
So với năm ngoái, trường bổ sung phương thức xét chứng chỉ quốc tế và kết hợp điểm thi và học bạ.
Với xét tuyển kết hợp, điểm xét tuyển được tính theo công thức:
Điểm xét tuyển = (Điểm thi tốt nghiệp + Điểm học bạ)/2
Trong đó, điểm thi là tổng điểm ba môn theo tổ hợp (thang điểm 30), còn điểm học bạ là tổng điểm trung bình cả năm lớp 12 nhân 3.
Ở hầu hết ngành, trường áp dụng 6 tổ hợp xét tuyển. Riêng hai ngành dự kiến mở mới là Y khoa và Y học cổ truyền, HUTECH áp dụng 3 tổ hợp có Toán - Hóa hoặc Toán - Sinh, nhằm bảo đảm yêu cầu nền tảng kiến thức khoa học tự nhiên đối với nhóm ngành sức khỏe.
Danh mục ngành, mã ngành và các tổ hợp xét tuyển của HUTECH cụ thể như sau:
Năm 2025, Đại học Công nghệ TP HCM lấy điểm chuẩn theo điểm thi tốt nghiệp THPT là 15-19, ngành Dược học cao nhất. Hai ngành khác thuộc lĩnh vực sức khỏe là Điều dưỡng và Kỹ thuật xét nghiệm y học cùng lấy 17, bằng mức sàn do Bộ Giáo dục và Đào tạo quy định. Còn lại đa số lấy 15.
Dương Tâm"
https://vnexpress.net/thanh-pho-co-nhieu-toa-nha-choc-troi-nhat-dong-nam-a-o-nuoc-nao-4999254.html,Thành phố có nhiều tòa nhà chọc trời nhất Đông Nam Á ở nước nào?,"Thành phố này có tòa nhà cao thứ hai thế giới cùng 5 công trình khác cao trên 300 m, hơn 190 tòa nhà trên 150 m.",Dương Tâm
https://vnexpress.net/dai-hoc-ra-gia-11-000-usd-de-xoa-no-mon-4999108.html,Đại học 'ra giá' 11.000 USD để xóa nợ môn,"Trung QuốcHọc viện Công nghệ và Kinh doanh Tây An bị cáo buộc ép sinh viên nộp 11.000 USD (gần 300 triệu đồng) để ""làm sạch"" bảng điểm.","Sự việc vỡ lở khi nhiều phụ huynh đồng loạt phản ánh với truyền thông về việc bị nhà trường gây sức ép tài chính.
Theo các phụ huynh, trường đưa ra thông báo: Những sinh viên trượt môn nếu muốn xóa dấu tích hoặc tránh bị thôi học phải tham gia một ""chương trình du học ngắn hạn"" kéo dài 15 ngày tại Anh hoặc Nhật Bản. Sau chuyến đi, sinh viên sẽ được cấp chứng chỉ, được thi lại với ""cam kết"" đỗ.
Bà Ngô cho biết từ tháng 9 năm ngoái, giáo viên trường liên tục gọi điện làm phiền, thông báo con bà trượt 4 môn và sẽ bị buộc thôi học nếu không tham gia chương trình. Người này còn hứa hẹn những em nộp tiền sẽ được ưu tiên ở ký túc xá và xét học bổng.
""Tháng 3 năm nay tôi đã nộp 11.000 USD. Nhưng lộ trình du học sau đó hoàn toàn biến mất, không có bất kỳ thông tin nào thêm"", bà Ngô bức xúc.
Một phụ huynh khác có con học năm cuối là bà Hoàng tiết lộ giáo viên còn thừa nhận thẳng thắn: Chương trình này thực chất không có hoạt động nghiên cứu hay xuất ngoại nào, chỉ là hình thức để tránh bị lưu ban.
Tài khoản nhận tiền không phải của trường và phụ huynh cũng không được cung cấp hóa đơn.
Vụ việc đã gây phẫn nộ sau khi được xem tới 10 triệu lần trên mạng xã hội.
""Tôi không thể hiểu nổi. Làm sao mà chuyện này lại có thể mua bán được? Trường học đã trở thành một doanh nghiệp rồi"", một người dùng internet bức xúc.
Một người khác nói: ""Chính quyền nên điều tra kỹ lưỡng và trừng phạt nghiêm khắc những cá nhân liên quan"".
Trước áp lực dư luận, ngày 16/12, Sở Giáo dục tỉnh Thiểm Tây xác nhận đã khởi động cuộc điều tra về vụ việc.
Tại Trung Quốc, phần lớn đại học và cao đẳng do nhà nước tài trợ. Trên toàn quốc chỉ có khoảng 800 cơ sở giáo dục đại học tư thục, gồm Học viện Công nghệ và Kinh doanh Tây An. TheoSCMP,rất ít trường tư thục ở nước này được công chúng đánh giá cao.
Doãn Hùng(TheoThe Paper, SCMP)"
https://vnexpress.net/chi-tien-ty-tang-sinh-vien-ao-blouse-cao-cap-y-ha-noi-gay-sot-4999004.html,"Chi tiền tỷ tặng sinh viên áo blouse cao cấp, Y Hà Nội gây 'sốt'","Lần đầu tiên, gần 9.000 sinh viên Đại học Y Hà Nội được tặng áo blouse trắng thiết kế riêng, tạo nên làn sóng thích thú trong cộng đồng học Y khoa.","Ngày 28/12, GS.TS Nguyễn Hữu Tú, Hiệu trưởng trường Đại học Y Hà Nội, cho biết đây như một món quà chúc mừng năm mới và khích lệ tinh thần học tập của sinh viên, nhất là các em năm thứ nhất.
Mấy ngày qua, thông tin được tặng áo blouse trắng gây ""sốt"" trên các diễn đàn của sinh viên trường Y, thu hút hàng nghìn lượt tương tác. Đa số bày tỏ thích thú, mong đợi món quà.
Theo GS Tú, mẫu áo này là kết quả từ cuộc thi thiết kế dành riêng cho sinh viên trường. Sau khi chọn được giải nhất, các thầy cô đã góp ý, điều chỉnh để mẫu áo vừa đảm bảo tính thẩm mỹ, vừa tuân thủ quy định của Bộ Y tế về trang phục.
""Áo được may bằng chất liệu tốt nhất, gắn logo"", ông Tú nói. Theo hiệu trưởng Y Hà Nội, trường tặng áo cho sinh viên để đảm bảo sự thống nhất về đồng phục, chuyên nghiệp, mang bản sắc và thương hiệu riêng. Tổng chi phí khoảng 3 tỷ đồng.
""Tấm áo blouse như món quà mang theo niềm tin, hy vọng của thầy cô"", ông Tú nói, nhắc nhở người học về sự tự hào, gìn giữ và vun đắp giá trị truyền thống, cố gắng học tập, rèn luyện thật tốt để xứng đáng với ngôi trường y khoa lâu đời nhất Việt Nam.
Mẫu áo tặng được chia thành hai loại: hệ bác sĩ và hệ cử nhân. Sinh viên đăng ký nhận áo đến ngày 4/1, không phải đóng bất kỳ khoản phí nào.
Theo quy định của trường Đại học Y Hà Nội, sinh viên phải mặc quần áo blouse khi học tại phòng thí nghiệm, cơ sở thực hành, hoặc đi thực tế cộng đồng.
Nguyễn Thị Minh Phương, sinh viên năm thứ 5 ngành Y khoa, cho biết từ năm thứ 4, ngày nào sinh viên cũng phải đi lâm sàng tại viện nên đều phải dùng áo blouse. Nữ sinh thấy trường tặng áo blouse mang dấu ấn riêng là rất thiết thực.
""Em và các bạn đều bất ngờ và phấn khởi khi nhận được thông báo, cũng tò mò vì chưa biết mẫu áo khi đến tay sẽ như thế nào"", Minh Phương nói. ""Tặng áo thời điểm này cũng cho chúng em cảm giác được trường tặng quà Tết sớm"".
Đại học Y Hà Nội có lịch sử hơn 120 năm, là trường hàng đầu đào tạo khối ngành sức khỏe của cả nước. Trường tuyển sinh khoảng 1.700 sinh viên mỗi năm. Năm nay, trong lần đầu tham gia bảng xếp hạng thế giới củaTimes Higher Education (THE), trường lọt top 1.000.
Ngoài áo blouse, trường Đại học Y Hà Nội có đồng phục truyền thống gồm áo mùa hè, mùa đông và trang phục thể thao, sử dụng trong các sự kiện do trường tổ chức hoặc các hoạt động tập trung ở bên ngoài.
Các đồng phục này nổi bật với logo hoặc tên viết tắt của trường - HMU cùng câu nói nổi tiếng của PGS.BS Tôn Thất Bách, nguyên Hiệu trưởng: ""Học tốt - Mơ nhiều - Yêu say đắm"".
Dương Tâm"
https://vnexpress.net/thu-khoa-ky-thuat-phan-mem-dau-tien-cua-hoc-vien-ky-thuat-quan-su-4998898.html,Thủ khoa Kỹ thuật phần mềm đầu tiên của Học viện Kỹ thuật quân sự,"Vượt 1.700 km ra Hà Nội học, Thanh Thoại thuộc nhóm hiếm đạt bằng giỏi của Học viện Kỹ thuật quân sự, dẫn đầu chuyên ngành Kỹ thuật phần mềm.","Trần Thị Thanh Thoại, 23 tuổi, nhận bằng tốt nghiệp và quân hàm Trung úy, hôm 25/12.
Với điểm tổng kết 8,05/10, cô gái quê Tây Ninh (Long An cũ) ghi tên mình vào lịch sử Học viện Kỹ thuật quân sự khi là thủ khoa khóa đầu tiên của chuyên ngành Kỹ thuật phần mềm. Trong toàn học viện, 520 học viên tốt nghiệp đợt này, chỉ 53 người đạt loại giỏi.
Nhìn lại hành trình 5,5 năm với không ít khó khăn, Thoại gọi đó là ""những ngày tháng không thể quên"".
Cựu học sinh chuyên Lý, trường THPT chuyên Long An (nay là THPT chuyên Trần Văn Giàu) nói sớm ước mơ mang trên mình bộ quân phục. Dù biết chỉ 4 trường quân đội tuyển nữ và đều ở miền Bắc, khoảng cách tới 1.700 km, cô vẫn quyết tâm đăng ký.
Trúng tuyển Học viện Kỹ thuật quân sự năm 2020 với 27,4 điểm tổ hợp A00 (Toán, Lý, Hóa), Thoại bắt đầu hành trình đại học bằng 6 tháng huấn luyện tại trung đoàn ở tỉnh Vĩnh Phúc cũ.
Lần đầu tiên, nữ sinh phải học nhiều nội dung mới cùng lúc đến vậy, từ học chính trị, tập điều lệnh, đến luyện bắn súng, ném lựu đạn, tham gia trực gác. Trong đó, nội dung bắn súng, ném lựu đạn là thử thách bởi cần dùng lực nhiều.
""Khó khăn nhất là lúc dịch Covid-19 bùng phát, trường cấm trại hoàn toàn. Tất cả học viên nữ khóc vì không kìm được nỗi nhớ nhà"", Thoại nhớ lại.
Sau khóa huấn luyện, Thoại trở về trường, được phân học Kỹ thuật phần mềm và trở thành một trong 7 học viên đầu tiên của chuyên ngành này.
Thoại coi đây là lợi thế bởi thầy cô có thể quan tâm sâu sát tới học viên. Điểm hạn chế là nữ sinh không có anh chị khóa trên để học hỏi, nên ít nhiều bỡ ngỡ, đặc biệt ở các môn về Toán như Giải tích, Xác suất... Kết quả, Thoại chỉ đạt loại khá ở học kỳ đầu.
Đến khi bước vào các môn chuyên ngành, dưới sự hướng dẫn từng bước của giảng viên, Thoại dần cải thiện thành tích học tập. Ngoài giáo trình ở trường, Thoại cập nhật thông tin, kiến thức về ngành trên Internet, đồng thời sử dụng AI (Trí tuệ nhân tạo) hỗ trợ học tập.
Cô cho biết ứng dụng AI khá nhiều. Như khi lập trình website hay ứng dụng (app), AI có thể giúp phát hiện lỗi nhanh hơn để khắc phục hay đề xuất ý tưởng phát triển thêm. Đây cũng là một trong hai hướng nghiên cứu khoa học của Thoại, khi bắt đầu thử sức từ năm ba.
Với Thoại, năm cuối có nhiều áp lực nhất. Nhiều buổi báo cáo tiến độ nghiên cứu rơi vào đợt thi giữa kỳ, cuối kỳ, thi lấy chứng chỉ tiếng Anh, đòi hỏi khả năng tập trung và sắp xếp thời gian hợp lý.
Thực hiện đúng 11 chế độ trong ngày của quân đội, Thoại phải tắt đèn học ở phòng ký túc xá lúc 22h. Nhưng nữ sinh thường xuyên sang hội trường chung, nơi mở cửa muộn hơn, để học tiếp.
Thoại kết thúc chương trình tại Học viện Kỹ thuật quân sự với phần mềm tương tác giữa học viên và nhà trường. Phần mềm này giúp học viên dân sự tra cứu điểm thi, lịch học, đăng ký đề tài, đồ án tốt nghiệp.... Sau ba tháng hoàn thiện phần mềm, Thoại được chấm 8,4 điểm, cao nhất ở chuyên ngành.
Ngoài ra, Thoại cũng phải tập trung để đạt 5 chuẩn đầu ra của trường, gồm: kiến thức - kỹ năng chuyên môn, ngoại ngữ, ứng dụng công nghệ thông tin cơ bản, thể lực, điều lệnh và tác phong chính quy.
Như với thể lực, để tốt nghiệp, học viên nữ như Thoại phải đạt 4/5 nội dung: chạy 1.500m, chạy 100 m, bật xa, bơi và chống đẩy. Trong đó, bơi là nội dung bắt buộc.
""Chạy 100 m là nội dung khó nhất với mình khi thường xuyên không hoàn thành trong thời gian quy định, buộc phải tự tập luyện mỗi chiều"", Thoại nói.
Sau khi tốt nghiệp kỹ sư Kỹ thuật phần mềm, cô đăng ký công tác tại Bộ Tư lệnh Tác chiến không gian mạng (Bộ Tư lệnh 86) và được chấp thuận. Tân trung úy hy vọng sẽ được phân công về đơn vị tại TP HCM để được gần nhà hơn.
Dương Tâm"
https://vnexpress.net/lan-dau-vinh-danh-thu-khoa-nguoi-dan-toc-thieu-so-4999104.html,Lần đầu vinh danh thủ khoa người dân tộc thiểu số,"Trong gần 150 học sinh, sinh viên và thanh niên dân tộc thiểu số được vinh danh, có một thủ khoa tốt nghiệp đại học, là lần đầu tiên trong 12 năm của chương trình.","Bộ Dân tộc và Tôn giáo ngày 27/12 tổ chức Lễ Tuyên dương học sinh, sinh viên, thanh niên dân tộc thiểu số xuất sắc, tiêu biểu năm 2025. Các đại diện đến từ 53 dân tộc, cũng đông nhất từ trước đến nay.
Theo Thứ trưởng Bộ Dân tộc và Tôn giáo Y Thông, ban tổ chức đã lựa chọn từ gần 900 hồ sơ. Trong đó, 64 em đạt giải ba trở lên trong các kỳ thi học sinh giỏi, thi Khoa học, kỹ thuật; nghệ thuật, thể thao ở cấp quốc gia, quốc tế.
Ngoài ra, một em đạt danh hiệu thủ khoa tốt nghiệp đại học, trong năm đầu chương trình tôn vinh nhóm này. Đó là Hà Thị Ánh Tuyết, người dân tộc Mường, tỉnh Phú Thọ. Tuyết dẫn đầu ngành Kinh tế giáo dục Vùng dân tộc thiểu số, thuộc Học viện Dân tộc, với điểm toàn khóa 8.8/10.
43 em khác đỗ đại học với 27 điểm trở lên, theo tổ hợp ba môn. Số còn lại thuộc các dân tộc có khó khăn đặc thù (17 em); học sinh, sinh viên tiêu biểu do địa phương giới thiệu (10) và thanh niên dân tộc thiểu số xuất sắc, tiêu biểu trên các lĩnh vực (15).
Phó Thủ tướng Mai Văn Chính đánh giá hoạt động này mang ý nghĩa nhân văn sâu sắc, tôn vinh truyền thống hiếu học, tinh thần nỗ lực vươn lên của thế hệ trẻ dân tộc thiểu số.
Ông nhận định công tác giáo dục ở vùng đồng bào dân tộc thiểu số được đặc biệt chú trọng trong thời gian qua, thể hiện ở việc mở rộng hệ thống trường lớp từ mầm non đến phổ thông; củng cố các trường nội trú, bán trú; các chính sách hỗ trợ bữa ăn trưa, miễn, giảm học phí, chi phí học tập, học bổng...
Gần đây, 100 trường phổ thông nội trú liên cấp tiểu học và trung học cơ sở đã được khởi công xây dựng tại các xã biên giới; hướng tới hoàn thành xây trường tại 248 xã biên giới đất liền trên cả nước.
Phó Thủ tướng đề nghị Bộ Dân tộc và Tôn giáo chủ trì, phối hợp với các bộ, cơ quan lưu ý việc đào tạo, bồi dưỡng, tạo nguồn cán bộ từ học sinh, sinh viên người dân tộc thiểu số có thành tích xuất sắc. Đồng thời lựa chọn, cấp học bổng cho một số gương mặt được tuyên dương đi đào tạo ở nước ngoài.
Lễ Tuyên dương được tổ chức lần đầu năm 2013. Ban Tổ chức cho biết đến nay, hơn 2.000 học sinh, sinh viên, thanh niên dân tộc thiểu số của 53 dân tộc đã được vinh danh. Nhiều người trở thành bác sĩ, kỹ sư, giáo viên, cán bộ xã, sĩ quan quân đội..., đóng góp cho sự phát triển của quê hương.
Khánh Linh"
https://vnexpress.net/gan-60-sinh-vien-bach-khoa-tp-hcm-ra-truong-muon-4999046.html,Gần 60% sinh viên Bách khoa TP HCM ra trường muộn,"Chỉ khoảng 40-50% sinh viên các ngành kỹ thuật thuộc Đại học Quốc gia TP HCM ra trường đúng hạn, thấp nhất ở trường Đại học Bách khoa.","Số liệu được Trung tâm Khảo thí và Đánh giá chất lượng đào tạo, Đại học Quốc gia TP HCM (VNUHCM), công bố hôm 27/12. Trong hơn 17.800 sinh viên tốt nghiệp năm nay, tỷ lệ hoàn thành chương trình đúng thời hạn có sự phân hóa mạnh giữa các trường thành viên.
Trường Đại học Khoa học Sức khỏe dẫn đầu hệ thống với 87,5% sinh viên tốt nghiệp đúng hạn. Nhóm có tỷ lệ cao tiếp theo là trường Đại học Kinh tế - Luật (71,1%) và Khoa học Xã hội và Nhân văn (62%).
Ở chiều ngược lại, các trường khối kỹ thuật, công nghệ đạt tỷ lệ thấp. Cụ thể, trường Đại học Bách khoa chỉ đạt 40,6%, trường Quốc tế là 44,7% và Khoa học Tự nhiên là 47,2%.
Dù các mức này vẫn đạt tiêu chuẩn của Bộ Giáo dục và Đào tạo (từ 40% trở lên), phía VNUHCM đánh giá kết quả này vẫn thấp so với kỳ vọng.
Theo Trung tâm Khảo thí và Đánh giá chất lượng đào tạo, thực tế này nằm trong xu thế chung của cả nước, có sự phân hóa theo nhóm ngành. Các ngành khối kỹ thuật-công nghệ thường chỉ có 40-50% sinh viên hoàn thành chương trình đúng hạn. Trong khi khối kinh doanh, quản lý, y khoa cao hơn, từ 70 đến 90%.
Tại 38 quốc gia thuộc tổ chức Hợp tác và Phát triển Kinh tế (OECD), tỷ lệ nói trên trung bình khoảng 43%. Riêng tại khu vực Đông Á, con số này cao hơn hẳn như Nhật Bản (80%), Trung Quốc (90%) và Hàn Quốc (71%).
Qua khảo sát, VNUHCM xác định các yếu tố tác động đến tiến độ học của sinh viên là thiết kế chương trình, chuẩn đầu ra ngoại ngữ, áp lực kinh tế và tâm lý. Ngoài ra, phương thức đánh giá khắt khe ở các ngành kỹ thuật đặc thù cũng là rào cản lớn.
Để cải thiện chỉ số này, Đại học Quốc gia TP HCM sẽ chú trọng chuẩn hóa chương trình đào tạo và vận hành hệ thống cảnh báo học vụ sớm, tăng cường vai trò của giảng viên, cố vấn học tập đến các phòng, ban chức năng.
Trong một tọa đàm hồi cuối tháng 11, GS.TS Nguyễn Thị Thanh Mai, Giám đốc Đại học Quốc gia TP HCM, yêu cầu các trường phải nhìn nhận nghiêm túc để có giải pháp nâng cao tỷ lệ sinh viên tốt nghiệp đúng hạn trong toàn hệ thống lên 70% vào năm 2030.
Đại học Quốc gia TP HCM được thành lập năm 1995, quy mô đào tạo hơn 100.400 sinh viên, là hệ thống giáo dục đại học lớn nhất cả nước.
Lệ Nguyễn"
https://vnexpress.net/lich-nghi-tet-nguyen-dan-2026-chinh-thuc-cua-hoc-sinh-tp-hcm-4999023.html,Sở Giáo dục TP HCM: Hiệu trưởng có thể cho nghỉ Tết 14 ngày,"TP HCMNgoài 11 ngày nghỉ Tết chính thức, hiệu trưởng được cho học sinh nghỉ thêm ba ngày, kể từ 9/2, nếu đảm bảo chương trình học, theo Sở Giáo dục.","Nội dung được Sở Giáo dục và Đào tạo thông báo tới các trường, sáng 27/12.
Tối qua, UBND thành phố chốt lịch nghỉ Tết của trẻ mầm non, học sinh phổ thông, giáo dục thường xuyên là 11 ngày, từ 12-22/2/2026 (tức 25 tháng Chạp đến hết mùng 6 tháng Giêng). Số ngày nghỉ này tương tự năm ngoái.
Văn bản không nhắc đến trường hợp ngoại lệ, mà giao Sở hướng dẫn các trường. Trả lờiVnExpress, một cán bộ Sở cho biết ngày 12/2/2026 rơi vào giữa tuần, nếu các trường đảm bảo nội dung và tiến độ chương trình thì có thể cho học sinh nghỉ thêm 3 ngày trước đó (9-11/2), tức sớm nhất từ 22 tháng Chạp.
Ngày 23/2 (mùng 7 tháng Giêng), học sinh trở lại trường, đồng bộ với lịch nghỉ của người lao động, thuận tiện cho phụ huynh sắp xếp công việc.
""Hiệu trưởng chủ động quyết định cho học sinh trường mình, không cần xin phép Sở Giáo dục và Đào tạo"", người này cho hay.
Theo quy định của Bộ Giáo dục và Đào tạo, các tỉnh, thành được chủ động kế hoạch năm học, miễn đủ 35 tuần thực học. Học kỳ I sẽ kết thúc trước ngày 18/1/2026, kỳ II trước 31/5.
Đến nay, khoảng 5 địa phương đã công bố lịch nghỉ Tết 2026 cho học sinh, chủ yếu là 11 ngày, riêng Hà Nội tối đa 9 ngày. Kỳ nghỉ ở TP HCM được quan tâm do thành phố tập trung nhiều lao động từ địa phương khác, cần mua vé tàu, xe sớm.
Trong cả nước, lịch nghỉ Tết Nguyên đán 2026 của người lao động từ ngày14 đến hết 22/2, tức 27 tháng Chạp đến hết mùng 6 tháng Giêng, tổng 9 ngày.
Lệ Nguyễn"
https://vnexpress.net/de-thi-hoc-sinh-gioi-quoc-gia-mon-vat-ly-nam-hoc-2025-2026-4998901.html,Gợi ý giải đề Vật lý thi học sinh giỏi quốc gia ngày 2,"Đề thi học sinh giỏi quốc gia môn Vật lý ngày 2 được đánh giá khó, có bài lạ liên quan đến bán dẫn.","Ngày 26/12, học sinh giỏi các môn Toán, Vật lý, Hóa học, Sinh học, Tin học, Ngoại ngữ tiếp tục thi ngày 2. Môn Vật lý có gần 680 em.
ThS Phạm Duy Thành, giáo viên Vật lý, trường Newton Grammar School, Hà Nội, đánh giá đề thi dài và khó hơn ngày đầu tiên nhưng vẫn có nhiều ý dễ để học sinh lấy điểm.
Gợi ý giải đề Vật lý thi học sinh giỏi quốc gia ngày 1
Câu 3 về lớp chuyển tiếp p-n là phần ""lạ"" nhất trong đề đối với nhiều học sinh. Mặc dù chủ đề này không mới nhưng ít khi được đưa vào các đề thi cấp tỉnh, quốc gia. Đây là một bài tập hay và cần thiết trong bối cảnh công nghệ bán dẫn được xem là một trong những mục tiêu phát triển trọng điểm của khoa học và công nghệ nước ta.
Nhìn chung, thầy Thành nhận thấy cả hai đề thi Vật lý năm nay đều hay và có mức phân loại rất cao nên sẽ khó có thí sinh đạt điểm cận tuyệt đối, phổ điểm khó có thể cao hơn năm trước.
Lời giải đề Vật lý thi học sinh giỏi quốc gia năm học 2025-2026 của thầy Phạm Duy Thành, Trần Kỳ Vĩ, Ông Thế Sơn:
Kỳ thi học sinh giỏi quốc gia có 13 môn. Ngữ văn đông nhất với 709 thí sinh, kế đó là Tiếng Anh và Địa lý, đều trên 680 em.
Theo quy định của Bộ Giáo dục và Đào tạo, tỷ lệ học sinh đạt giải sẽ chiếm 60% số dự thi. Trong đó, số giải nhất, nhì, ba không vượt quá 60% tổng số giải; số giải nhất không vượt quá 5%.
Học sinh đạt giải cấp quốc gia được cấp giấy chứng nhận, xét tuyển thẳng vào đại học. Ngoài ra, các em được thưởng theo chính sách riêng của địa phương, khoảng 10-100 triệu đồng.
Với 5 môn thi Olympic quốc tế là Toán, Vật lý, Hóa học, Tin học và Sinh học, Bộ Giáo dục và Đào tạo sẽ triệu tập những thí sinh đạt điểm cao (thường là top 40) để bồi dưỡng, trước khi thi chọn đội tuyển.
Lệ Nguyễn"
https://vnexpress.net/hang-nghin-giao-vien-bi-no-tien-day-them-gio-suot-5-nam-4998785.html,Hàng nghìn giáo viên bị nợ tiền dạy thêm giờ suốt 5 năm,"Đăk LăkNhận dạy thêm vì trường thiếu giáo viên, nhưng hàng nghìn thầy cô bị nợ thù lao, tổng 38,6 tỷ đồng suốt 5 năm qua.","Ngày 26/12, Sở Giáo dục và Đào tạo tỉnh Đăk Lăk cho biết việc này kéo dài từ năm học 2020-2021 đến nay, chủ yếu ở các trường tiểu học, thuộc 38 xã, phường. Nguyên nhân là do các trường tổ chức dạy 2 buổi mỗi ngày song thiếu giáo viên. Hàng nghìn thầy cô thuộc biên chế nhận dạy thêm giờ để bù đắp.
Trong khi đó, ngân sách nhà nước không bố trí cho nhóm này. Kinh phí chi thường xuyên tại một số xã, phường lại quá thấp nên không thể trả.
Như ở trường Tiểu học Nguyễn Đức Cảnh (phường Buôn Ma Thuột), giáo viên có hơn 6.500 tiết dạy thêm giờ, tương đương 1,2 tỷ đồng, chưa được thanh toán. Tính cả phường, ông Hồ Trung Kiên, Trưởng phòng Văn hóa - Xã hội, cho hay con số lên tới khoảng 3 tỷ đồng.
Sở Giáo dục cho biết đã kiến nghị các địa phương cân đối từ nguồn ngân sách để bố trí kinh phí, thanh toán dứt điểm. Trường hợp không đủ khả năng, Sở tiếp tục báo cáo cấp trên xem xét.
Theo chương trình phổ thông mới, các trường tiểu học bắt buộc tổ chức dạy học 2 buổi mỗi ngày, phụ huynh không phải đóng tiền buổi 2. Trong đó, buổi thứ nhất dành cho chương trình chính khóa, buổi còn lại tập trung vào các hoạt động củng cố kiến thức, giáo dục kỹ năng sống, trải nghiệm, hướng nghiệp, văn hóa đọc, giáo dục tài chính, năng lực số, thể thao, nghệ thuật, trí tuệ nhân tạo, cũng như tìm hiểu lịch sử – văn hóa địa phương.
Ở các bậc học cao hơn (THCS, THPT), việc này được thực hiện theo lộ trình, chưa bắt buộc.
Trần Hóa"
https://vnexpress.net/de-xuat-nghien-cuu-sinh-nganh-ban-dan-khong-duoc-di-lam-4998799.html,Đề xuất nghiên cứu sinh ngành bán dẫn không được đi làm,"Nghiên cứu sinh tiến sĩ các ngành vi mạch bán dẫn phải học, nghiên cứu toàn thời gian ở trường, không được vừa học vừa làm, theo đề xuất của Bộ Giáo dục.","Bộ Giáo dục và Đào tạo chiều 26/12 công bố dự thảo chuẩn chương trình đào tạo tiến sĩ lĩnh vực vi mạch bán dẫn.
Đại diện tổ soạn thảo, GS.TS Chử Đức Trình, Hiệu trưởng trường Đại học Công nghệ, Đại học Quốc gia Hà Nội, cho biết nghiên cứu sinh ở lĩnh vực này phải dành toàn bộ thời gian học tập, nghiên cứu ở trường, tham gia các đề tài khoa học. Bù lại, họ được miễn học phí, hỗ trợ học bổng, sinh hoạt phí và kinh phí nghiên cứu.
""Phải xác định hy sinh khoảng 3 năm đi làm để tập trung hoàn toàn. Điều này đã được Mỹ và các nước Bắc Âu áp dụng triệt để"", ông Trình nói, ví dụ một giảng viên ở trường A nếu làm nghiên cứu sinh ở trường B thì phải tạm dừng công việc. Người lao động ở các tổ chức, doanh nghiệp cũng tương tự.
Thực tế, trường Đại học Công nghệ đã áp dụng cơ chế này,miễn học phívà cấp sinh hoạt phí 7 triệu đồng mỗi tháng. Nếu có kết quả nghiên cứu tốt, mức chi trả lên tới 9-12 triệu đồng.
Ông Trình cho hay các điều kiện, tiêu chuẩn trên tiệm cận với chất lượng đào tạo tiến sĩ của Mỹ, Nhật Bản, châu Âu, do đó cao hơn mức chung của Việt Nam hiện nay. Nếu thành công, đây sẽ là ""bước nhảy"" về mặt chất lượng đào tạo bậc cao.
Về chuẩn đầu vào, dự kiến nghiên cứu sinh tiến sĩ phải tốt nghiệp đại học hoặc thạc sĩ loại giỏi ở ngành phù hợp với lĩnh vực vi mạch bán dẫn; có kinh nghiệm nghiên cứu; ngoại ngữ bậc 4/6 (tương đương B2).
Đầu ra, họ cần đáp ứng chuẩn kiến thức, kỹ năng và có ít nhất 2 bài báo khoa học về vi mạch bán dẫn, được công bố trên tạp chí quốc tế thuộc danh mục ISI/Scopus, ưu tiên nhóm Q1, Q2 (uy tín nhất).
""Đào tạo tiến sĩ bán dẫn phải gắn liền với các sáng kiến khoa học có điểm mới ở tầm vóc thế giới"", ông Trình nhìn nhận.
Cơ sở đào tạo chỉ được tuyển nghiên cứu sinh khi có đề tài khoa học phù hợp với lĩnh vực vi mạch bán dẫn và nguồn tài chính đảm bảo. Tiêu chí để xác định điều này sẽ được thảo luận cụ thể hơn trong quá trình lấy ý kiến dự thảo.
Theo ông Trình, các tiêu chuẩn trong dự thảo không bắt buộc với mọi cơ sở giáo dục đại học. Nhưng nếu tham gia, các trường sẽ được nhà nước ưu tiên đầu tư, giao đề tài nghiên cứu về vi mạch bán dẫn.
Số chỉ tiêu tuyển sinh tiến sĩ nói chung của cả nước khoảng 5.000-7.000 mỗi năm, nhưng thường tuyển được không quá 50%, theo thống kê của Bộ Giáo dục và Đào tạo.
Ở bậc đại học, năm nay có hơn 137.200 thí sinh trúng tuyển vào38 ngành đào tạoliên quan lĩnh vực vi mạch bán dẫn.
Lệ Nguyễn"
https://vnexpress.net/chot-lich-nghi-tet-binh-ngo-2026-cua-hoc-sinh-tp-hcm-voi-11-ngay-4996721.html,TP HCM chốt cho học sinh nghỉ Tết Nguyên đán 11 ngày,"Kỳ nghỉ Tết Bính Ngọ của học sinh TP HCM kéo dài 11 ngày, trường hợp ngoại lệ sẽ được Sở Giáo dục và Đào tạo hướng dẫn cụ thể.","Lịch nghỉ Tết của học sinh được UBND thông qua ngày 26/12, tương tự phương án mà Sở đề xuất. Theo đó, trẻ mầm non, học sinh phổ thông, giáo dục thường xuyên nghỉ tối đa 11 ngày, từ 12-22/2/2026 (tức 25 tháng Chạp đến hết mùng 6 tháng Giêng).
Trường hợp muốn linh động kéo dài kỳ nghỉ lên 14 ngày, kèm đảm bảo tiến độ chương trình, UBND giao Sở hướng dẫn cụ thể cho các trường.
Theo quy định của Bộ Giáo dục và Đào tạo, các tỉnh, thành được chủ động kế hoạch năm học, song cần đảm bảo đủ 35 tuần thực học. Học kỳ I sẽ kết thúc trước ngày 18/1/2026, kỳ II trước 31/5.
Đến nay, khoảng 5 địa phương đã công bố lịch nghỉ Tết 2026 cho học sinh, chủ yếu là 11 ngày, riêng Hà Nội tối đa 9 ngày.
Trong cả nước, lịch nghỉ Tết Nguyên đán 2026 của người lao động từ ngày14 đến hết 22/2, tức 27 tháng Chạp đến hết mùng 6 tháng Giêng, tổng 9 ngày.
Lệ Nguyễn"
https://vnexpress.net/doi-ten-dai-hoc-su-pham-ky-thuat-tp-hcm-4998840.html,Đổi tên Đại học Sư phạm Kỹ thuật TP HCM,"Trường Đại học Sư phạm Kỹ thuật TPHCM (HCMUTE) được đổi tên thành Công nghệ Kỹ thuật TP HCM, theo quyết định của Chính phủ ngày 26/12.","Trường sẽ được tiếp tục đào tạo các ngành sư phạm hiện có, gồm Sư phạm Tiếng Anh và Sư phạm Công nghệ.
Chính phủ giao Bộ Giáo dục và Đào tạo, UBND TP HCM và các cơ quan liên quan hướng dẫn, giám sát quá trình đổi tên để không xảy ra thất thoát, lãng phí, ảnh hưởng đến hoạt động của trường và quyền lợi của giảng viên, sinh viên.
Lý do đổi tên không được đề cập. Song trong 86 ngành, chương trình đào tạo hiện tại của trường, chỉ có 2 ngành Sư phạm. Tên gọi tiếng Anh và tiếng Việt cũng khá giống với Đại học Sư phạm TP HCM (HCMUE).
Tiền thân của trường Đại học Sư phạm Kỹ thuật TP HCM là Ban Cao đẳng Sư phạm Kỹ thuật, được thành lập năm 1962. Sau đó 10 năm, trường đổi tên thành Trung tâm Cao đẳng Sư phạm Kỹ thuật Nguyễn Trường Tộ - Thủ Đức và nâng cấp thành Đại học Giáo dục Thủ Đức vào năm 1974.
Tháng 1/1976, Thủ tướng quyết định thành lập trường Đại học Sư phạm Kỹ thuật Thủ Đức trên cơ sở này. Năm 1984, trường hợp nhất với Trung học Công nghiệp Thủ Đức và đổi tên thành Đại học Sư phạm Kỹ thuật TP HCM.
Hiện, trường có hơn 27.000 sinh viên, học viên sau đại học với khoảng 700 giảng viên, thế mạnh đào tạo khối ngành kỹ thuật, công nghệ. Năm 2025, lần đầu HCMUTE lọt vào nhóm13 trường có doanh thu nghìn tỷ(1.120 tỷ đồng).
Lệ Nguyễn"
https://vnexpress.net/de-thi-hoc-sinh-gioi-toan-quoc-gia-khien-giao-vien-buc-xuc-4998688.html,"Đề thi học sinh giỏi Toán quốc gia bị chê hời hợt, không xứng tầm","Đề Toán thi quốc gia khiến giới chuyên môn hụt hẫng, khi đưa vào yếu tố Vật lý phi thực tế, hời hợt, được cho là không xứng tầm để tìm ra tài năng dự IMO.","Kỳ thi học sinh giỏi quốc gia diễn ra ngày 25-26/12, gần 680 thí sinh làm bài thi môn Toán. Đề gồm 7 bài, thời gian là 360 phút cho cả hai ngày, tổng điểm 40.
Xem đề thi Toán quốc gia và gợi ý lời giải
Đánh giá chung, thầy Trần Nam Dũng, Phó hiệu trưởng trường Phổ thông Năng khiếu, Đại học Quốc gia TP HCM, thấy đề thi khác cấu trúc 6 bài thường thấy ở các năm trước, cũng như của Olympic Toán quốc tế (IMO). Đề khá dễ, chỉ bài 7 có độ khó trung bình.
Còn theo thầy Nguyễn Song Minh, giáo viên có kinh nghiệm bồi dưỡng học sinh giỏi quốc gia ở Hà Nội, đề thi năm nay ""gây thất vọng tột độ"". Đây cũng là nhận xét của một giáo viên phụ trách bồi dưỡng Toán cho học sinh chuyên ở phía Bắc.
Trên nhiều diễn đàn Toán học, đề thi học sinh giỏi quốc gia thu hút lượt tương tác đột biến so với thông thường, đa số cho rằng chất lượng chuyên môn thấp.
Đề thigượng ép đưa yếu tố thực tế, tâm điểm nằm ở câu 2 (5 điểm) về tọa độ vệ tinh.
Cho thông tin về việc sử dụng các vệ tinh để khám phá không gian, đề yêu cầu thí sinh tính khoảng cách giữa hai điểm trong trục tọa độ. Thầy Minh cho rằng đưa yếu tố Vật lý ""phi thực tế"", vì dựa vào dữ kiện đề bài cho, có thể chứng minh được rằng vệ tinh sẽ đâm vào Trái Đất.
Một chuyên gia luyện thi IMO khác đánh giá bài này nặng tính mô phỏng Vật lý nhưng cấu trúc Toán học lại ít. Đề dùng ngữ cảnh ""vệ tinh - quan sát - khoảng cách nhỏ nhất"", song bản chất chỉ là tối ưu khoảng cách từ điểm đến elip trong không gian.
""Tôi hiểu chủ trương ra đề là đưa Toán thực tế, nhưng điều này không đúng với tinh thần IMO"", thầy Minh nói. ""Việc diễn đạt dài dòng chỉ gây nhiễu về mặt ngôn ngữ, khiến học sinh lúng túng khi làm bài. Trong khi Toán học phải diễn đạt trong sáng, khúc chiết"".
Yếu tố thực tế còn xuất hiện ở câu 7 khi đề nhắc tới trò chơi có nhân vật Mario. Thầy Song Minh cho rằng nó vẫn chưa thỏa đáng, vì một người không thể nhảy 6 hay 14 m. Nhưng đây vẫn là bài ""ổn nhất"" của đề về hàm lượng Toán học cũng như độ khó.
Nhìn chung, tất cả đồng quan điểm bài 2 ""dở nhất đề thi"".
Ngoài ra, nhiều giáo viên còn thấy đề thi ""hời hợt về kiến thức"", khi đưa ra những yêu cầu không rõ ràng, hoặc dùng lại chất liệu của một bài toán quốc tế.
Thầy giáo phụ trách đội tuyển Toán của một trường chuyên phía Bắc lấy ví dụ câu 3 là một bài số học cũ, thuộc chương trình THCS, từng xuất hiện trong đề thi của thành phố Saint Petersburg, Nga, vào năm 2002.
""Dù chỉ là sử dụng chất liệu, việc dùng đề cũ sẽ tiềm ẩn nguy cơ không công bằng cho thí sinh"", thầy nói.
Họ cũng ""chê"" câu 4 phát biểu rối rắm, đề bài cho bộ ba số (x, y, z), nhưng lại đưa ra các yêu cầu chứng minh các số (a, b, c, d).
Cuối cùng, các giáo viên nhận địnhđề thi có nguy cơ loại bỏ học sinh tiềm năng, có tố chất.
""Tôi gọi đây là đề loại bỏ học sinh giỏi"", thầy Song Minh nói, ví dụ lại ở bài số 2. Bài không khó, nhưng không nằm trong khung chương trình ôn luyện để thi cấp quốc gia và quốc tế.
Còn thầy Nam Dũng nhận xét bài này được phát biểu dưới dạng hình giải tích không gian, giống một bài vận dụng cao trong đề thi tốt nghiệp THPT hơn là đề học sinh giỏi.
Vì thế, học sinh lớp 10, 11 dễ mất điểm (vì chưa được học), dù có tố chất và định hướng thi Toán quốc tế.
Chung cảm nhận, một thầy giáo phụ trách đội tuyển trường chuyên cũng lo rằng những học sinh có tố chất giải quyết vấn đề (problem) có thể sẽ bị loại ngay vòng quốc gia, còn những em quen giải bài tập (exercise) lại có lợi thế.
""Điều này không tốt và không phù hợp cho định hướng tìm kiếm nhân tài đại diện Việt Nam dự thi IMO"", thầy nói.
Có góc nhìn lạc quan hơn, giáo viên luyện thi IMO nói trên thấy rằng đề thi vẫn đủ khó để phân loại. Song, thầy băn khoăn nó chưa đủ phản ánh năng lực Toán học ""kiểu IMO"", chưa ""xứng tầm"" để tìm kiếm tài năng tham gia kỳ thi danh tiếng này.
Các nhà giáo cho rằng Bộ Giáo dục và Đào tạo cần xây dựng cấu trúc đề tương tự IMO với 6 bài, trong hai ngày. Mỗi đề nên có ít nhất một bài ""chuẩn IMO"", như hình học thuần, đại số với cấu trúc rõ.
Đề thi cũng nên hạn chế hoặc loại bỏ các bài mô phỏng khoa học - Vật lý, bởi ""ngữ cảnh chỉ nên phục vụ, không được chi phối tư duy Toán"". Ngoài ra, nhiều người mong Bộ huy động chuyên gia, nhà Toán học có kinh nghiệm ra đề quốc tế, bồi dưỡng đội tuyển IMO, để tránh ""lệch pha"" giữa đề trong nước và thế giới.
Kết quả kỳ thi học sinh giỏi quốc gia thường được công bố giữa tháng 1. Khoảng 40 thí sinh có điểm cao nhất sẽ bước vào vòng 2 để chọn đội tuyển thi IMO, diễn ra vào tháng 7.
Thanh Hằng"
https://vnexpress.net/ket-noi-tri-thuc-voi-cuoc-song-duoc-bo-giao-duc-va-dao-tao-chon-la-bo-sach-giao-khoa-thong-nhat-ca-nuoc-4998823.html,Công bố bộ sách giáo khoa thống nhất cả nước,"""Kết nối tri thức với cuộc sống"" được Bộ Giáo dục và Đào tạo chọn là bộ sách giáo khoa thống nhất trong cả nước từ năm học tới.","Quyết định được Bộ trưởng Nguyễn Kim Sơn ký ngày 26/12, có hiệu lực từ năm học 2026-2027.
Để đưa ra lựa chọn này, Bộ cho biết đã đối chiếu các tiêu chí với ba bộ sách giáo khoa hiện hành. Theo đó, ""Kết nối tri thức với cuộc sống"" của Nhà xuất bản Giáo dục Việt Nam đáp ứng đầy đủ và ""nổi trội hơn cả"" khi đang được dùng rộng rãi và ổn định ở 34 tỉnh, thành với quy mô học sinh lớn nhất.
Đồng thời, bộ sách này có khả năng chỉnh lý và mức độ sẵn sàng cao nhất, vì Nhà xuất bản Giáo dục Việt Nam đủ năng lực kỹ thuật, kho vận, phân phối để cung ứng trên phạm vi cả nước. Việc chọn bộ sách ""Kết nối tri thức với cuộc sống"" cũng sẽ hạn chế tối đa tác động đến giáo viên, học sinh và phụ huynh.
Chủ trương đa dạng sách giáo khoa được Quốc hội thông qua năm 2014, với kỳ vọng phá thế độc quyền biên soạn, tăng quyền chủ động cho giáo viên và tiếp cận các mô hình giáo dục quốc tế.
Tuy nhiên, khi chương trình giáo dục phổ thông mới được triển khai từ năm 2020, nhiều vướng mắc bộc lộ. Phần lớn trong gần hai triệu giáo viên chưa quen với việc tự thiết kế học liệu; công tác tập huấn bị gián đoạn do đại dịch; việc lựa chọn sách giáo khoa vẫn mang tính hành chính. Với phụ huynh, chi phí sách tăng cao và việc mỗi nơi dùng mỗi bộ khác nhau khiến sách khó tái sử dụng, phát sinh chi phí xã hội lớn.
Trong bối cảnh đó, giữa tháng 8/2025, Nghị quyết 71 của Bộ Chính trị - về đột phá phát triển giáo dục và đào tạo - yêu cầu xây dựng một bộ sách giáo khoa thống nhất cả nước.
Bộ Giáo dục và Đào tạo đánh giá việc này giúp giảm sự phân mảnh về học liệu, thuận lợi cho dạy và học. Giáo viên sẽ được tiếp cận chương trình với chung thiết kế sư phạm, cấu trúc bài học, thuật ngữ, chuẩn kiến thức - kỹ năng. Còn các địa phương giảm áp lực chọn tài liệu và chênh lệch.
Với học sinh, một bộ sách dùng chung tạo sự bình đẳng, có kiến thức xuyên suốt từ lớp 1 đến 12, trong phát triển năng lực. Đây cũng là tiền đề để Việt Nam hướng tới mục tiêu miễn phí sách giáo khoa vào năm 2030. Bộ khẳng định sẽ tiếp tục lắng nghe ý kiến của người dân, chuyên gia để nâng cao chất lượng dạy và học.
Các chuyên gia kỳ vọng việc dùng một bộ sách như trước không đồng nghĩa với quay lại tư duy dạy và học phụ thuộc vào sách. Trọng tâm của cải cách vẫn nằm ở chương trình và đội ngũ giáo viên: làm rõ chuẩn đầu ra, cập nhật nội dung phù hợp với thực tiễn, đồng thời bồi dưỡng năng lực sư phạm.
Thanh Hằng"
https://vnexpress.net/thanh-pho-tac-duong-nhat-dong-nam-a-o-nuoc-nao-4998775.html,Thành phố tắc đường nhất Đông Nam Á ở nước nào?,"Người dân ở đây mất 96 giờ mỗi năm vì tắc đường, mất gần 22 phút để đi 10 km. Bạn có biết thành phố này thuộc quốc gia nào?",Dương Tâm
