url,title,description,content
https://lifestyle.znews.vn/dieu-gi-giup-3-nguoi-o-ly-son-lenh-denh-tren-bien-song-sot-ky-dieu-post1601386.html,Điều gì giúp 3 người ở Lý Sơn lênh đênh trên biển sống sót kỳ diệu,"Sau 2 ngày trôi dạt trên biển, 3 ngư dân đảo Lý Sơn đã sống sót kỳ diệu có thể là nhờ vào may mắn, nhưng một phần cũng do họ có những kỹ năng quan trọng để thoát chết khi gặp nạn.","Những ngày qua, câu chuyện 3 ngư dân mất tích trong cơn bão số 13 và sống sót thần kỳ thu hút sự quan tâm của người dân cả nước.
Trước đó, khoảng 15h ngày 6/11, nhận được tin anh D.Q.C. (44 tuổi) nhảy xuống cầu cảng Lý Sơn, anh Phan Duy Quang (47 tuổi, trú tại đặc khu Lý Sơn, tỉnh Quảng Ngãi) cùng anh Lê Văn Sanh (37 tuổi) lên thúng câu ra biển cứu người.
Đúng lúc này, bão Kalmaegi (bão số 13) nổi sóng ngoài khơi vùng biển Lý Sơn. Sau khi cứu được anh C., thúng câu bị cuốn trôi ra xa bờ. Mọi nỗ lực ứng cứu của người dân địa phương bất thành. Sóng dữ dội khiến thúng câu trôi rất nhanh, đảo Lý Sơn xa dần.
Theo lời kể của anh Quang, ngay khi bị sóng đánh ra xa trong đêm gặp nạn, với kinh nghiệm của những ngư dân, cả ba mặc áo phao, cố giữ chiếc thúng đợi tàu ra cứu.
Nhưng do ảnh hưởng của cơn bão số 13, sóng lớn, thuyền không tiếp cận được, thúng trôi dạt ra biển, sau đó lật úp, khiến 3 ngư dân phải bám vào nhau trôi dạt. Sau đó, anh C. đuối sức, buông tay. Đến nửa đêm, 2 người còn lại cũng lạc mất nhau.
Trôi dạt đến sáng 8/11, sau nhiều lần kêu cứu tới các tàu trên biển thất bại, anh Quang được thủy thủ tàu Hải Nam 39 ứng cứu trong tình trạng suy kiệt sức khỏe. Đến 16h15 cùng ngày, tàu cao tốc cứu được anh Sanh. Người cuối cùng mất tích là anh C. cũng được cứu vớt.
Ba ngư dân đang được chăm sóc sức khỏe tại Trung tâm Quân dân y kết hợp đảo Lý Sơn. Ảnh:Tiền Phong.
Trước đó, đã xảy ra rất nhiều vụ chìm tàu, ngư dân mất tích… nhưng không phải ai cũng may mắn sống sót. Tuy nhiên, sự thoát chết thần kỳ của 3 ngư dân Lý Sơn cũng khẳng định ngoài may mắn, việc trang bị kỹ năng sinh tồn là điều cần thiết để có thể ứng phó với mọi điều kiện khắc nghiệt, tránh gặp phải điều đáng tiếc xảy ra.
- Giữ bình tĩnh
Chia sẻ vớiBusinessInsider,Cat Bigney, chuyên gia sinh tồn, chuyên tư vấn cho hệ thống truyền hình National Geographic và kênh Discovery của Mỹ, cho biết điều đầu tiên cần nhớ là không hoảng loạn.
Khi rơi xuống nước, bạn dễ bị tổn thương phổi vì thường thở gấp. Bản năng khi sợ hãi là muốn hít không khí, và làm như vậy sẽ đưa nước vào phổi. Theo chuyên gia này, giữ bình tĩnh là rất quan trọng, vì hoảng loạn là ""điều lớn nhất sẽ giết chết bạn trong một tình huống sống còn"".
Hoảng sợ trong trường hợp này rất nguy hiểm và không giúp được gì, mà ngược lại chỉ khiến bạn bị mất năng lượng thay vì tận dụng từng giây phút, suy tính tìm cách thoát hiểm.
Theo lời kể của anh Sanh, anh đã luôn động viên 2 người bạn cố gắng bám sát nhau, không được buông tay. ""Mình còn vợ, còn con ở nhà, ráng tiếp tục sống”, anh Sanh nhớ lại.
- Làm mọi thứ để nổi trên mặt nước
TheoThe Conversation,khi bị cô lập giữa biển khơi hoặc dòng sông lớn, bạn cần tìm cách nổi lên trên mặt nước. Điều này có nghĩa là bạn cần tìm bất kỳ vật dụng nổi nào có thể hỗ trợ để nổi tạm thời.
Chuyên gia Bigney khuyên kết hợp giữa thả nổi, đạp chân và bơi sẽ là lý tưởng để không mất sức. Nên đạp chân theo từng đợt, đừng đạp liên tục. Cởi quần áo ra cũng dễ nổi hơn.  Hãy tìm kiếm thứ gì đó trôi trên biển và bám vào, ngay cả một vật nổi nhỏ cũng sẽ giúp ích.
Luôn cố gắng giữ cơ thể nổi trên mặt nước, bám vào bất kỳ vật gì có thể nổi. Ảnh:Shutterstock.
- Tìm kiếm nước và thức ăn
Theo chuyên gia Bigney, cơ thể không thể tồn tại lâu nếu không có nước, vì vậy ưu tiên đầu tiên là tìm nước để giữ nước. Nước ngọt là yếu tố sống còn. Bạn cần nước ngọt để duy trì sự sống và sức mạnh thể chất lẫn tinh thần.
Hãy mang theo càng nhiều nước ngọt càng tốt nếu có thể. Nếu không có nước ngọt, đừng uống nước biển hoặc nước tiểu. Muối trong những loại nước này sẽ khiến tình trạng mất nước trở nên trầm trọng hơn và khiến bạn càng khát hơn. Nếu trời mưa, hãy cố gắng kiếm được càng nhiều vật liệu, chai đựng càng tốt để hứng. Cố gắng tránh trộn lẫn nước mưa với nước biển nếu có thể.
Bạn có thể sống sót mà không cần thức ăn lâu hơn nhiều so với không có nước. Tuy nhiên, thức ăn vẫn rất quan trọng để duy trì sức lực và tinh thần. Các nguồn thức ăn có sẵn trong đại dương là cá, sinh vật phù du, rùa, chim biển. Hãy dùng bất cứ thứ gì bạn có để làm cần câu và lưỡi câu: trang sức, dây giày, mảnh nhựa. Dùng buồm, bạt, lưới, hoặc thậm chí quần áo để bắt chim hoặc cá. Bạn cũng có thể ăn rong biển.
Trường hợp của 3 ngư dân đảo Lý Sơn đã áp dụng hiệu quả bí quyết này khi lênh đênh trên biển.
Anh Quang cho biết khi kiệt sức, anh đã ngửa mặt lên trời uống nước mưa và cũng uống thêm từng ngụm nước biển. ""Do biển động nên có một số loài thủy sản nhỏ bị sóng đánh trôi nổi trên mặt biển, tôi vớt ăn để lấy sức rồi tìm cách bơi vào đất liền"", anh Quang nhớ lại.
Trong khi đó, anh Sanh cũng rất may mắn khi đã vớt được chai nước suối và ăn phần còn nguyên của quả táo thối. Theo lời anh Sanh, trong đêm 7/11 cùng sáng 8/11, có lúc quá khát anh có uống một ngụm nước biển cầm cự, rồi vớt được ít cua, cá nhỏ cùng ít rong biển...
- Phát tín hiệu bằng bất kỳ cách nào, kể cả bằng rác
Với thời gian có thể sống sót dưới nước là có hạn, điều quan trọng là phải được giải cứu càng sớm càng tốt. Hãy phát tín hiệu để được nhìn thấy.
Tìm cách để bất kỳ tàu thuyền nào đi ngang qua cũng có thể nhận ra bạn. Nếu có pháo sáng, hãy dùng chúng khi bạn định vị tàu thuyền. Nếu không, hãy dùng gương, kính để tạo ra ánh sáng mạnh nhằm báo hiệu cho tàu thuyền hoặc thậm chí là máy bay.
Gom rác trôi nổi thành đống lớn có khả năng tạo thành tín hiệu thu hút sự chú ý, vì vậy, hãy làm bất cứ điều gì có thể để tăng cơ hội được phát hiện, theoBusinessInsider.
Vụ việc 3 ngư dân Lý Sơn sống sót sau gần 48 giờ trôi dạt giữa bão tố đã khẳng định vai trò sống còn của kỹ năng sinh tồn. Việc trang bị những kỹ năng này là thiết yếu cho mọi người, từ người dân, du khách, học sinh, trẻ nhỏ...
Những kiến thức về an toàn nước, sơ cứu, kỹ năng bơi lội và phản ứng khẩn cấp... có thể giúp mọi người tự cứu bản thân trong tình huống nguy cấp. Kỹ năng sinh tồn không chỉ là giáo dục kiến thức mà còn là việc rèn luyện ý chí sống và sự bình tĩnh để vượt qua những tình huống hiểm nghèo và là điều kiện tiên quyết để sinh tồn giữa thiên tai.
Thị trường lao động thay đổi chóng mặt, để tồn tại, con người cần học tập suốt đời. Trong bối cảnh đó, tạp chí Tri Thức - Znews giới thiệu tới độc giả cuốnHọc tập suốt đờicủa tác giả Michelle R.Weise.

Nhiều trường học từ chối nhận hoa ngày Nhà giáo Việt Nam (20/11), thay vào đó là sách vở, dụng cụ học tập để tặng học sinh.
7 giờ trước"
https://lifestyle.znews.vn/dong-loat-khoi-cong-xay-dung-truong-noi-tru-tai-cac-xa-bien-gioi-post1601240.html,Đồng loạt khởi công xây dựng trường nội trú tại các xã biên giới,"Trong ngày 9/11, Thủ tướng Phạm Minh Chính cùng lãnh đạo Chính phủ, lãnh đạo các bộ dự lễ khởi công tại 72 điểm trường nội trú biên giới trên cả nước.","Thủ tướng Phạm Minh Chính phát biểu tại lễ khởi công xây dựng các trường phổ thông nội trú liên cấp. Ảnh:VPG.
Sáng 9/11, Thủ tướng Phạm Minh Chính dự lễ khởi công xây dựng trường Phổ thông Nội trú liên cấp Tiểu học và THCS xã Yên Khương (Thanh Hóa) - điểm cầu chính trong chuỗi 14 lễ khởi công được tổ chức đồng thời tại các xã biên giới đất liền trên toàn quốc.
Yên Khương là xã biên giới vùng cao của tỉnh Thanh Hóa. Những năm qua, nhờ sự quan tâm đầu tư của Đảng, Nhà nước và chính quyền địa phương, đời sống người dân nơi đây từng bước được cải thiện. Tuy nhiên, hạ tầng giáo dục vẫn còn hạn chế, đặc biệt là cơ sở vật chất trường lớp và khu nội trú, bán trú cho học sinh.
Trường Phổ thông Nội trú liên cấp Tiểu học và THCS Yên Khương sẽ được xây dựng tại bản Bôn (xã Yên Khương) với tổng diện tích khoảng 1,5 ha, tổng mức đầu tư gần90 tỷ đồng. Dự án gồm khu học tập, nhà nội trú, bán trú và các công trình phụ trợ, đáp ứng nhu cầu dạy - học, sinh hoạt của giáo viên và học sinh vùng biên.
Phát biểu tại lễ khởi công sáng 9/11, Thủ tướng bày tỏ vui mừng khi dự sự kiện trong không khí cả nước thi đua lập thành tích chào mừng Đại hội XIV của Đảng. Ông khẳng định đây là công trình có ý nghĩa chính trị, xã hội và nhân văn sâu sắc, thể hiện tinh thần cả nước hướng về biên cương, vì tương lai con em đồng bào các dân tộc.
Nhân dịp này, Thủ tướng gửi lời chúc mừng đến các thầy cô giáo, học sinh và phụ huynh nhân ngày Nhà giáo Việt Nam 20/11; đồng thời nhấn mạnh giáo dục và đào tạo luôn được Đảng, Nhà nước xác định là quốc sách hàng đầu, là nền tảng hình thành nhân cách, phẩm chất và năng lực con người - yếu tố quyết định cho sự phát triển của đất nước.
Người đứng đầu Chính phủ nêu rõ con người là vốn quý nhất, vừa là mục tiêu, vừa là động lực phát triển. Ông tin rằng đầu tư cho giáo dục là đầu tư cho tương lai; đầu tư cho con người phải toàn diện, từ sớm, để hình thành thế hệ công dân Việt Nam phát triển toàn diện trong kỷ nguyên mới.
Nói thêm về việc triển khai xây dựng trường học, thủ tướng yêu cầu Bộ trưởng GD&ĐT, người đứng đầu các bộ, ngành liên quan và đặc biệt là bí thư, chủ tịch các tỉnh biên giới chỉ đạo sát sao, thường xuyên kiểm tra, đôn đốc quá trình triển khai dự án xây dựng trường học, kịp thời tháo gỡ khó khăn, vướng mắc.
Mục tiêu là hoàn thành và đưa các ngôi trường mới vào hoạt động trước năm học 2026-2027, chậm nhất vào tháng 8/2026. Thủ tướng nhấn mạnh các công trình phải đảm bảo tiến độ, chất lượng, kỹ - mỹ thuật, tuyệt đối không để xảy ra tham nhũng, tiêu cực, lãng phí hay đội vốn bất hợp lý; đồng thời nâng cao chất lượng giáo dục toàn diện tại các trường vùng biên.
Phó thủ tướngNguyễn Hòa Bìnhtặng quà các học sinh trường Nội trú liên cấp Tiểu học - THCS Sơn Kim 1. Ảnh: VGP.
Tại điểm cầu Hà Tĩnh, Phó Thủ tướng Thường trực Chính phủ Nguyễn Hòa Bình dự lễ khởi công dự án trường Phổ thông Nội trú liên cấp Tiểu học - THCS Sơn Kim 1.
Thực hiện chủ trương của Trung ương về đầu tư xây dựng trường nội trú tại các xã biên giới, UBND tỉnh Hà Tĩnh, một trong 22 tỉnh có biên giới đất liền với 7 xã biên giới, đã chỉ đạo các sở, ngành và địa phương hoàn thành khảo sát, lập danh mục, đề xuất đầu tư 7 công trình trường học trong giai đoạn 2025-2026 với tổng mức đầu tư hơn740 tỷ đồng.
Trong đó, hai dự án khởi công trong năm 2025 gồm trường Nội trú liên cấp Tiểu học - THCS Sơn Kim 1 và trường Nội trú liên cấp Tiểu học - THCS Hương Khê có tổng vốn gần300 tỷ đồng. Năm công trình còn lại, với tổng mức hơn440 tỷ đồngsẽ được triển khai trong năm 2026 tại các xã Sơn Kim 2, Sơn Hồng, Vũ Quang, Hương Xuân và Hương Bình.
Dự án trường Nội trú Liên cấp Tiểu học - THCS Sơn Kim 1 được xây dựng tại thôn Trưng (xã Sơn Kim 1) trên diện tích hơn 5 ha, quy mô 40 lớp học, đáp ứng nhu cầu học tập cho khoảng 1.300 học sinh. Tổng kinh phí đầu tư ước tính140 tỷ đồng.
Tại xã Khuất Xá (huyện Lộc Bình, tỉnh Lạng Sơn), Phó thủ tướngTrần Hồng Hàdự lễ khởi công xây dựng trường Phổ thông Dân tộc Nội trú liên cấp Tiểu học và THCS Khuất Xá.
Công trình do Sở GD&ĐT Lạng Sơn làm chủ đầu tư, sử dụng nguồn vốn ngân sách Nhà nước. Trường được xây dựng tại thôn Pắn Pé với quy mô 36 lớp học, đáp ứng nhu cầu học tập của khoảng 1.281 học sinh, gồm 414 học sinh tiểu học và 867 học sinh THCS. Tổng mức đầu tư công trình khoảng265,5 tỷ đồng, diện tích xây dựng hơn 10.600 m², tổng diện tích sàn hơn 24.100 m², cao tối đa 4 tầng.
Cùng ngày, tại bản Phai Đin (xã Thanh Nưa, tỉnh Điện Biên), Phó thủ tướngLê Thành Longdự lễ khởi công xây dựng trường Phổ thông Nội trú liên cấp Tiểu học và THCS Thanh Nưa.
Xã Thanh Nưa là địa phương biên giới phía tây lòng chảo Điện Biên, được thành lập trên cơ sở sáp nhập các xã Hua Thanh, Thanh Nưa, Thanh Luông, Thanh Hưng và Thanh Chăn. Dự án trường Phổ thông Nội trú liên cấp Tiểu học và THCS Thanh Nưa có tổng mức đầu tư hơn224 tỷ đồng, xây dựng trên diện tích hơn 5,3 ha, đáp ứng nhu cầu học tập cho khoảng 1.050 học sinh.
Cũng trong ngày 9/11, Điện Biên tổ chức khởi công đồng loạt 6 trường tại các xã Thanh Nưa, Sín Thầu, Quảng Lâm, Nậm Kè, Thanh Yên, Mường Nhà. Trước đó, ngày 2/11, tỉnh đã khởi công 3 trường phổ thông nội trú liên cấp tại các xã biên giới Sam Mứn, Nà Bủng, Núa Ngam.
Đối với 9 trường phổ thông nội trú liên cấp nêu trên, tỉnh đã giao nhiệm vụ cho các chủ đầu tư đủ năng lực, áp dụng cơ chế đặc thù, bảo đảm tiến độ, chất lượng, hoàn thành trước ngày 30/8/2026.
Phó Thủ tướngHồ Đức Phớccũng dự Lễ khởi công dự án đầu tư xây dựng, địa điểm là trường Phổ thông Nội trú liên cấp tiểu học và THCS Thuận An, tỉnh Lâm Đồng.
Thuận An là xã biên giới thuộc diện khó khăn của tỉnh Lâm Đồng. Từ ngày 1/7, xã được thành lập trên cơ sở hợp nhất toàn bộ diện tích và dân số của hai xã Thuận An và Đăk Lao (cũ) với diện tích tự nhiên khoảng 315,8 km2, có đường biên giới dài 60,125 km, tiếp giáp với Vương quốc Campuchia.
Toàn xã có hơn 22.000 nhân khẩu với 16 dân tộc anh em cùng sinh sống, trong đó người dân tộc thiểu số chiếm 20%. Trong những năm qua, dù được Đảng và nhà nước rất quan tâm, cơ sở vật chất phục công tác giáo dục vẫn còn thiếu thốn, chưa đảm bảo nhu cầu dạy và học.
Trường Phổ thông Nội trú liên cấp tiểu học và THCS Thuận An sẽ được xây dựng tại thôn Đắk Thủy với diện tích 5 hecta, quy mô hơn 1.000 học sinh, trong đó 36 lớp gồm 21 lớp tiểu học, 15 lớp THCS. Tổng mức đầu tư hơn225 tỷ đồng.
Phó thủ tướng Bùi Thanh Sơn cùng các đại biểu thực hiện nghi thức khởi công xây dựng trường Nội trú liên cấp Tiểu học. Ảnh:VPG.
Tại xã Vĩnh Gia, tỉnh An Giang, Phó Thủ tướng Bùi Thanh Sơn dự Lễ khởi công xây dựng trường Nội trú liên cấp Tiểu học - THCS Vĩnh Gia.
Trường Nội trú liên cấp Tiểu học - THCS Vĩnh Gia được hình thành trên cơ sở sáp nhập trường Tiểu học B Lương An và trường THCS Lương An Trà. Trường được xây dựng trên diện tích 4,29 ha, quy mô đầu tư 45 lớp, đáp ứng nhu cầu học tập của 1.500 học sinh, nội trú khoảng 600 học sinh.
Sau khi hoàn thành, dự kiến quy mô học sinh ở cả hai cấp học sẽ tăng khoảng 20-30% so với mức 1.069 học sinh trong năm học 2025-2026.
Tại tỉnh Tuyên Quang, Phó thủ tướngNguyễn Chí Dũngdự Lễ Khởi công xây dựng dựng trường Phổ thông Nội trú liên cấp Tiểu học và THCS Minh Tân tại thôn Tân Sơn, xã Minh Tân.
Ngôi trường này được mở rộng, cải tạo từ trường Tiểu học Minh Tân, dự kiến hoàn thành trước ngày 30/8/2026.
Trường có quy mô 45 lớp (gồm 25 lớp tiểu học và 20 lớp THCS), đáp ứng 1.574 học sinh với tổng diện tích xây dựng dự kiến 41.651 m2. Điều kiện kết nối hạ tầng như giao thông, điện, nước sinh hoạt, thông tin... của công trình được đánh giá là đảm bảo và khả năng có nguy cơ mất an toàn, tiềm ẩn về sạt trượt, lũ quét rất thấp.
Tại điểm cầu Đắk Lắk, Phó Thủ tướng Mai Văn Chính dự lễ khởi công xây dựng trường Phổ thông Nội trú liên cấp tiểu học và THCS tại xã Ia Rvê, Đắk Lắk.
Trường được nâng cấp, mở rộng từ trường THCS Nguyễn Thị Định có diện tích đất hiện tại là 14.500 m2. Tổng diện tích đất để xây dựng trường sau khi điều chỉnh sẽ là 44.780 m2. Tổng mức đầu tư của dự án là185 tỷ đồng.
Quy mô của trường mới dự kiến là hơn 990 học sinh, 37 lớp học. Trong đó, bậc tiểu học là 550 học sinh với 25 lớp học, bậc THCS là 440 học sinh với 12 lớp học; số học sinh ở nội trú tại trường là khoảng 240 học sinh.
Nội dung đầu tư bao gồm các hạng mục: Khu học tập và hỗ trợ học tập: xây dựng mới 25 phòng học bậc tiểu học, 12 phòng học bậc THCS, 11 phòng học bộ môn, các phòng giáo viên, thiết bị giáo dục và các khu vệ sinh; khu hành chính quản trị và phụ trợ; khu nội trú học sinh, công vụ giáo viên...
Sau khi hoàn thành đưa vào sử dụng, xã sẽ đưa toàn bộ học sinh, giáo viên của trường Tiểu học Nguyễn Đình Chiểu và trường Tiểu học và THCSChu Văn An về dạy và học.
Tại xã Mường Khương, tỉnh Lào Cai, Phó Thủ tướng Phạm Thị Thanh Trà dự lễ Khởi công xây dựng 4 trường Phổ thông Nội trú Liên cấp tại các xã biên giới tỉnh Lào Cai.
Trước đó, nhằm triển khai Nghị quyết số 298/NQ-CP ngày 26/9/2025 của Chính phủ, UBND tỉnh Lào Cai đã ban hành Quyết định số 1478/QĐ-UBND ngày 16/10/2025 phê duyệt danh mục các dự án đầu tư công đặc biệt đối với 4 trường Phổ thông nội trú TH&THCS tại các xã A Mú Sung, Y Tý, Mường Khương và Pha Long.
Theo dự án được duyệt, quy mô các trường được đầu tư xây dựng trên quỹ đất từ 6,2 ha- 8,6 ha đảm bảo điều kiện giảng dạy và học tập từ 1000 -1.200 học sinh/trường với tổng mức đầu tư của 4 trường là945 tỷ đồng.
Toàn bộ cả 4 trường nội trú đều được thiết kế hiện đại, nhưng vẫn mang đậm dấu ấn bản sắc dân tộc của địa phương, được đầu tư đồng bộ từ nhà lớp học, nhà hiệu bộ, nhà ăn, nhà ở nội trú, nhà ở công vụ cho giáo viên, nhà đa năng và các hạ tầng thiết yếu khác.
Đặc biệt, tất cả trường đều được nghiên cứu đầu tư hệ thống nước nóng phục vụ thầy cô giáo và học sinh trong mùa rét. Các nhà thầu được lựa chọn để thi công đều là những nhà thầu có năng lực tốt, có nhiều kinh nghiệm trong và ngoài tỉnh.
Bộ trưởng Nguyễn Kim Sơn phát biểu tại Lễ khởi công đồng loạt xây dựng các trường phổ thông nội trú liên cấp. Ảnh:VGP.
Còn tại điểm cầu trường Phổ thông Nội trú liên cấp Hua Bum (xã Dào San, tỉnhLai Châu), Bộ trưởng Bộ GD&ĐT Nguyễn Kim Sơn dự và phát biểu tại lễ khởi công xây dựng đồng loạt 100 trường phổ thông nội trú liên cấp tại các xã biên giới đất liền.
Phát biểu tại buổi lễ, Bộ trưởng Nguyễn Kim Sơn cho biết ngày 18/7/2025, Bộ Chính trị đã ban hành Kết luận số 81-TB/TW về chủ trương đầu tư xây dựng trường học nội trú ở các xã biên giới. Đây là một quyết sách lớn, có ý nghĩa chính trị, xã hội và nhân văn sâu sắc, thể hiện sự quan tâm đặc biệt của Đảng, Nhà nước với đồng bào vùng biên, thầy cô giáo và học sinh nơi địa đầu Tổ quốc.
Theo Bộ trưởng, chủ trương này được xem là nhiệm vụ chính trị trọng tâm, cấp bách trong phát triển kinh tế - xã hội và thực hiện chính sách đại đoàn kết dân tộc, nhằm nâng cao dân trí, đào tạo nguồn nhân lực, tạo đội ngũ cán bộ là người địa phương ở vùng biên, đồng thời chăm lo đời sống vật chất và tinh thần cho đồng bào, góp phần củng cố quốc phòng, an ninh.
Dưới sự chỉ đạo sát sao của Bộ Chính trị đứng đầu là Tổng Bí thưTô Lâm; sự điều hành của Chính phủ, Thủ tướng Phạm Minh Chính cùng sự phối hợp của các ban, bộ, ngành và chính quyền địa phương, chương trình xây dựng trường học tại các xã biên giới đã được triển khai nhanh chóng, đồng bộ và hiệu quả.
Thực hiện nhiệm vụ được giao, Bộ GD&ĐT đã phối hợp với 22 tỉnh, thành có biên giới đất liền để rà soát, xác định nhu cầu, lựa chọn địa điểm và chuẩn bị các điều kiện đầu tư. Đến nay, danh mục 100 trường đã được Thủ tướng Chính phủ phê duyệt, phân bổ vốn, trong đó 28 trường đã khởi công và đang thi công, số còn lại đồng loạt khởi công trong ngày hôm nay, hướng tới hoàn thành trước năm học 2026–2027.
Theo Bộ GD&ĐT, 100 trường nội trú liên cấp được khởi công là giai đoạn đầu trong tổng số 248 trường sẽ được đầu tư tại 248 xã biên giới, với tổng mức đầu tư gần20.000 tỷ đồngtừ ngân sách Trung ương. Các trường được thiết kế đồng bộ, hiện đại, đáp ứng đầy đủ nhu cầu học tập, sinh hoạt nội trú, bán trú của học sinh và nhà ở công vụ cho giáo viên.
Bộ trưởng Nguyễn Kim Sơn nhấn mạnh cùng với việc đầu tư hạ tầng, bộ đang phối hợp các bộ, ngành xây dựng hệ thống chính sách đồng bộ về chế độ cho học sinh và giáo viên, quy chế hoạt động, chính sách ưu đãi và tuyển dụng, hướng nghiệp, cũng như cơ chế trọng dụng cán bộ là người địa phương.
Các trường được xây dựng nhằm đáp ứng nhu cầu học tập của tất cả học sinh phổ thông tại xã biên giới, không phân biệt đối tượng. Học sinh đều được hưởng chính sách học nội trú, bán trú.
Với cơ sở vật chất khang trang, an toàn, bền vững, dự án kỳ vọng tạo bước đột phá, thay đổi căn bản giáo dục vùng biên, góp phần thu hẹp chênh lệch vùng miền và bảo đảm công bằng trong tiếp cận giáo dục.
Thị trường lao động thay đổi chóng mặt, để tồn tại, con người cần học tập suốt đời. Trong bối cảnh đó, tạp chí Tri Thức - Znews giới thiệu tới độc giả cuốnHọc tập suốt đờicủa tác giả Michelle R.Weise.
Tác phẩm cung cấp cho độc giả những đánh giá về thị trường lao động tương lai, những giải pháp cho nhu cầu vừa học vừa làm đang ngày một tăng, cùng với đó là đưa ra những cách kết nối để quá trình chuyển đổi “học-làm” diễn ra thuận lợi hơn. Từ đó, tác giả nêu lên vai trò của việc học tập suốt đời.

Nhiều trường học tại TP.HCM đổi hoa ngày 20/11 thành sách vở và dành phần kinh phí đó để giúp học sinh khó khăn hoặc hỗ trợ đồng bào gặp thiên tai.
33:1967 hôm qua"
https://lifestyle.znews.vn/nguoi-thong-minh-vuot-troi-thuong-sinh-vao-4-ngay-nay-post1601227.html,Người thông minh vượt trội thường sinh vào 4 ngày này,"Dưới sự chi phối của những hành tinh tượng trưng cho trí tuệ, những người sinh vào 4 ngày này thường có khả năng tư duy vượt trội và rất ham học hỏi.","Những người sinh vào ngày 3, 17, 23 và 31 được đánh giá thông minh hơn mức trung bình. Ảnh:Phương Lâm.
Trí thông minh có thể biểu hiện dưới nhiều hình thức khác nhau, từ khả năng sáng tạo nghệ thuật, thể hiện cảm xúc đến năng lực học thuật truyền thống.
Theo các chuyên gia về số học, chiêm tinh học và tâm linh, mỗi người đều mang trong mình một dạng trí tuệ hoặc tài năng riêng biệt. Tuy nhiên, bốn ngày sinh dưới đây được cho là nổi bật hơn cả, khi những người sinh vào các ngày này thường có chỉ số IQ cao hơn mức trung bình.
Người sinh vàongày 3của bất kỳ tháng nào có niềm đam mê đặc biệt với việc học suốt đời. Họ không ngừng tìm kiếm tri thức qua trải nghiệm, tranh luận triết học hay học vấn bậc cao.
Dưới sự chi phối của sao Mộc - hành tinh tượng trưng cho tư duy rộng mở và vận may, họ có khả năng tổng hợp các ý tưởng phức tạp và nhìn nhận vấn đề ở tầm khái quát.
Nhiều người trong số này trở thành học giả, nhà giáo hoặc nhà thám hiểm, mang trong mình tư duy toàn cầu và tinh thần cởi mở với những luồng tư tưởng tiến bộ.
Cẩn trọng, kỷ luật và có tổ chức là những phẩm chất nổi bật của người sinhngày 17. Dưới ảnh hưởng của sao Thổ - hành tinh đại diện cho sự trưởng thành và trách nhiệm, họ có tư duy chiến lược dài hạn cùng khả năng lập kế hoạch sắc sảo.
Với thế mạnh về phân tích khoa học, kỹ thuật và tư duy phản biện, nhóm này thường được xem là “kiến trúc sư” của thực tại, tạo ra những kết quả cụ thể và bền vững.
Trong khi đó, người sinhngày 23được biết đến với trí tuệ linh hoạt và khả năng tiếp thu vượt trội.
Dưới sự ảnh hưởng của sao Thủy - hành tinh của giao tiếp và trí tuệ, họ tiếp nhận thông tin nhanh, có khả năng học hỏi tức thời và ứng biến linh hoạt trong mọi tình huống.
Nhờ sự thông minh, tinh tế cùng kỹ năng xã hội tốt, họ dễ dàng kết nối với nhiều nhóm người khác nhau. Tư duy chi tiết và cẩn trọng cũng giúp họ phát hiện những điều mà người khác thường bỏ qua.
Người sinhngày 31thường có xu hướng suy nghĩ vượt ra ngoài khuôn khổ. Dưới sự chi phối của sao Thiên Vương - hành tinh của sự đổi mới và phá cách, họ thích khám phá những hướng đi chưa ai thử nghiệm.
Thay vì tuân theo các khuôn mẫu sẵn có, họ tìm kiếm giải pháp độc đáo, phù hợp với xu thế tương lai.
Những ý tưởng của họ đôi khi bị xem là kỳ lạ, nhưng lại có thể dẫn đến những phát minh hoặc thành tựu mang tính đột phá.
Thị trường lao động thay đổi chóng mặt, để tồn tại, con người cần học tập suốt đời. Trong bối cảnh đó, tạp chí Tri Thức - Znews giới thiệu tới độc giả cuốnHọc tập suốt đờicủa tác giả Michelle R.Weise.
Tác phẩm cung cấp cho độc giả những đánh giá về thị trường lao động tương lai, những giải pháp cho nhu cầu vừa học vừa làm đang ngày một tăng, cùng với đó là đưa ra những cách kết nối để quá trình chuyển đổi “học-làm” diễn ra thuận lợi hơn. Từ đó, tác giả nêu lên vai trò của việc học tập suốt đời.

Hay đặt câu hỏi, nhạy cảm, khả năng thích nghi cao là một số dấu hiệu cho thấy bạn là người thông minh.
43:2579 hôm qua"
https://lifestyle.znews.vn/truong-tu-choi-nhan-hoa-2011-mong-doi-thanh-sach-vo-cho-hoc-sinh-post1568741.html,"Trường từ chối nhận hoa 20/11, mong đổi thành sách vở cho học sinh","Nhiều trường học từ chối nhận hoa ngày Nhà giáo Việt Nam (20/11), thay vào đó là sách vở, dụng cụ học tập để tặng học sinh.","Mới đây,trường Tiểu học Phan Văn Trị(phường Cầu Ông Lãnh, TP.HCM) thông tin trên website về mong muốn không nhận hoa dịp ngày Nhà giáo Việt Nam (20/11), thay vào đó là sách vở, bánh kẹo, dụng cụ học tập tặng học sinh.
Theo thầy Lê Hồng Thái, Hiệu trưởng Nhà trường, vào dịp 20/11, trường thường tổ chức hội thao để gắn kết và tạo kỷ niệm cho học sinh, nhưng các em chỉ nhận giấy khen sau khi kết thúc.
""Trường nhận nhiều hoa tươi vào ngày này, nhưng hoa rồi cũng tàn, trong khi học trò vẫn thiếu dụng cụ học tập. Do đó, thay vì được tặng hoa, trường mong nhận sách vở, dụng cụ học tập hay bánh kẹo để khích lệ học trò, giúp ngày Nhà giáo Việt Nam thêm ý nghĩa"", thầy Thái bày tỏ.
Học sinhtrường Tiểu học Phan Văn Trị trong một tiết chào cờ. Ảnh:FBNT.
Cũng theo thầy Thái, từ năm học trước, nhà trường thông báo không nhận hoa chúc mừng 20/11. Điều này nhận được sự đồng thuận lớn, nhiều phụ huynh tặng trường dụng cụ học tập, thiết bị thể thao, góp phần tăng nguồn lực hỗ trợ học sinh tham gia các hoạt động văn - thể - mỹ.
""Trong điều kiện kinh phí và cơ sở vật chất còn hạn chế, trường mong phụ huynh và mạnh thường quân tiếp tục đồng hành thông qua việc thay hoa bằng những hỗ trợ thiết thực cho học sinh"", thầy Thái bày tỏ.
Tương tự,trường THCS Nguyễn Văn Luông(phường Bình Phú, TP.HCM) cũng tổ chức kỷ niệm Ngày Nhà giáo Việt Nam 20/11 nhẹ nhàng, tiết kiệm và mang tính sẻ chia.
Hiệu trưởng Đinh Phú Cường cho biết, năm nay trường không làm lễ lớn, chỉ tổ chức buổi tuyên truyền ngắn cho học sinh vào sáng thứ Hai đầu tuần.
Trường THCS Nguyễn Văn Luông tổ chức ngày 20/11 nhẹ nhàng, tiết kiệm, mang tính sẻ chia. Ảnh:FBNT.
“Ngày 20/11 vào giữa tuần, nên sau buổi tuyên truyền, thầy cô vẫn dạy bình thường. Chúng tôi thống nhất không làm lễ long trọng, phần vì khó khăn chung, phần vì để dành kinh phí ủng hộ đồng bào miền Trung bị thiên tai, theo gợi ý của Mặt trận Tổ quốc”, thầy Cường nói.
Cũng theo vị Hiệu trưởng, việc không nhận hoa, quà dịp 20/11 đã trở thành truyền thống từ ba năm qua. Trước đây, phụ huynh từng đổi hoa thành thẻ bảo hiểm y tế cho học sinh, nhưng hiện các em được miễn phí. Do đó, phụ huynh và mạnh thường quân tặng sách, tập, đồ dùng học tập.
“Chúng tôi không kêu gọi, mà phụ huynh tự ngỏ ý tặng hoa thành tặng quà cho học sinh khó khăn. Khi nhận được, nhà trường trao trực tiếp cho các em”, thầy Cường cho biết.
Sở GD&ĐT tỉnh Đồng Naitriển khai việc không tổ chức đón, tiếp khách, không nhận hoa, quà chúc mừng nhân các dịp kỷ niệm Ngày Nhà giáo Việt Nam 20/11. Năm 2025, trong bối cảnh tỉnh đang bị ảnh hưởng nặng nề bởi thiên tai, Sở không tổ chức đón, tiếp khách tại trụ sở cơ quan, không nhận hoa, quà chúc mừng dịp kỷ niệm 43 năm Ngày Nhà giáo Việt Nam 20/11.
Sở GD&ĐT Đồng Nai đề nghị các trường THPT và đơn vị trực thuộc tuyên truyền, tổ chức các hoạt động kỷ niệm 20/11 theo hướng thiết thực, hiệu quả, tránh phô trương, hình thức, khuyến khích không tổ chức lễ đón tiếp, không nhận hoa, quà mừng. Thời gian và nguồn lực cần được ưu tiên cho công tác giảng dạy và các hoạt động giáo dục trong nhà trường.
Thị trường lao động thay đổi chóng mặt, để tồn tại, con người cần học tập suốt đời. Trong bối cảnh đó, tạp chí Tri Thức - Znews giới thiệu tới độc giả cuốnHọc tập suốt đờicủa tác giả Michelle R.Weise.
Tác phẩm cung cấp cho độc giả những đánh giá về thị trường lao động tương lai, những giải pháp cho nhu cầu vừa học vừa làm đang ngày một tăng, cùng với đó là đưa ra những cách kết nối để quá trình chuyển đổi “học-làm” diễn ra thuận lợi hơn. Từ đó, tác giả nêu lên vai trò của việc học tập suốt đời.

Trong ngày 9/11, Thủ tướng Phạm Minh Chính cùng lãnh đạo Chính phủ, lãnh đạo các bộ dự lễ khởi công tại 72 điểm trường nội trú biên giới trên cả nước.
9 giờ trước

Dưới sự chi phối của những hành tinh tượng trưng cho trí tuệ, những người sinh vào 4 ngày này thường có khả năng tư duy vượt trội và rất ham học hỏi.
13 giờ trước

Tên Google ra đời khi một sinh viên vô tình viết sai chính tả, còn cái tên Pepsi được lấy từ một thuật ngữ y khoa chỉ chứng khó tiêu.
15 giờ trước"
https://lifestyle.znews.vn/thu-tuong-noi-ve-dau-tu-cho-giao-duc-vung-bien-post1601220.html,Thủ tướng nói về đầu tư cho giáo dục vùng biên,"Sáng 9/11, tại 14 điểm cầu, đồng loạt diễn ra Lễ khởi công xây dựng các trường phổ thông nội trú liên cấp tiểu học và THCS tại các xã biên giới đất liền. Thủ tướng Phạm Minh Chính dự lễ khởi công tại điểm cầu chính: Trường nội trú liên cấp tiểu học và THCS xã Yên Khương, tỉnh Thanh Hóa.","Lễ khởi công là sự kiện có ý nghĩa chính trị, xã hội và nhân văn sâu sắc, nhằm thực hiện Thông báo kết luận số 81-TB/TW ngày 18/7/2025 của Bộ Chính trị về chủ trương đầu tư xây dựng trường học cho các xã biên giới; Nghị quyết số 298/NQ-CP ngày 26/9/2025 của Chính phủ ban hành Kế hoạch hành động thực hiện Thông báo kết luận số 81-TB/TW, thể hiện sự quan tâm đặc biệt của Đảng, Nhà nước đối với đồng bào, chiến sĩ, đặc biệt là các cháu học sinh tại vùng phên dậu của Tổ quốc.
Thủ tướng Chính phủ Phạm Minh Chính dự lễ khởi công tại điểm cầu chính: Trường nội trú liên cấp tiểu học và THCS xã Yên Khương, tỉnh Thanh Hóa. Ảnh:VGP/Nhật Bắc.
Phát biểu tại sự kiện, Thủ tướng bày tỏ vui mừng được dự lễ khởi công trong không khí cả nước thi đua lập thành tích chào mừng Đại hội đại biểu toàn quốc lần thứ XIV của Đảng; khẳng định đây là sự kiện có ý nghĩa chính trị, xã hội và nhân văn sâu sắc, thể hiện tinh thần ""Cả nước hướng về biên cương, vì tương lai con em đồng bào các dân tộc"".
Nhân dịp lễ khởi công và Ngày Nhà giáo Việt Nam (20/11/2025), thay mặt lãnh đạo Đảng, Nhà nước và Chính phủ, Thủ tướng gửi tới các đồng chí lãnh đạo các ban, bộ, ngành, địa phương, các đại biểu cùng toàn thể các thầy cô giáo, học sinh và phụ huynh lời chào trân trọng, lời thăm hỏi ân tình và lời chúc mừng tốt đẹp nhất.
Người đứng đầu Chính phủ nhấn mạnh: Đảng, Nhà nước ta luôn coi GD&ĐT là quốc sách hàng đầu, có vai trò đặc biệt quan trọng trong việc hình thành và phát triển nhân cách, phẩm chất, năng lực con người; là yếu tố quyết định sự thành công trong thực hiện đột phá phát triển nguồn nhân lực phục vụ công cuộc xây dựng và bảo vệ Tổ quốc xã hội chủ nghĩa.
Thủ tướng Phạm Minh Chính: Từng ngôi trường mới sẽ là nơi gieo con chữ, ươm mầm tri thức, thắp sáng ước mơ, hiện thực hóa khát vọng.
Thủ tướng khẳng định: Con người là vốn quý nhất; con người vừa là mục tiêu, vừa là nguồn lực, vừa là động lực cho sự phát triển. Đầu tư cho con người là đầu tư cho phát triển; đầu tư cho sự nghiệp giáo dục là đầu tư cho tương lai. Đầu tư cho con người phải toàn diện, ngay từ đầu, để phát triển con người Việt Nam trong kỷ nguyên mới – kỷ nguyên đất nước vươn mình phát triển giàu mạnh, văn minh, hùng cường, hạnh phúc và vững bước đi lên chủ nghĩa xã hội.
Nhờ sự nỗ lực, vào cuộc quyết liệt của cả hệ thống chính trị trong triển khai thực hiện Kết luận 81 của Bộ Chính trị, đến nay đã có 28 trường được khởi công. Trong đó, đồng chí Tổng Bí thưTô Lâmđã trực tiếp chỉ đạo và dự lễ khởi công tại hai trường ở tỉnh Điện Biên và tỉnh Nghệ An.
Thủ tướng vui mừng nói: ""Chúng ta rất vui mừng chứng kiến niềm vui chung lan tỏa dọc chiều dài biên giới của Tổ quốc. Nơi đâu cũng có ánh mắt rạng ngời, phấn khởi của thầy cô giáo, học sinh, phụ huynh và nhân dân khi chứng kiến các trường nội trú liên cấp tiểu học và THCS được khởi công – góp phần lan tỏa tinh thần nhân văn, nhân ái, trách nhiệm xã hội trong hành trình gieo chữ nơi biên cương"".
Thủ tướng Phạm Minh Chính trao quà tặng cùng áo ấm cho các em học sinh tại lễ khởi công.
Thủ tướng đề nghị cần tập trung đầu tư cho các trường nội trú đã được khởi công, thi công với tinh thần ""3 ca, 4 kíp"", ""vượt nắng, thắng mưa, không thua bão gió"", ""làm ngày không đủ, tranh thủ làm đêm, làm thêm ngày nghỉ"", với tinh thần thần tốc, táo bạo, tuân thủ quy định, bảo đảm chất lượng và hoàn thành đúng thời hạn.
""Từng ngôi trường mới sẽ là nơi gieo con chữ, ươm mầm tri thức, thắp sáng ước mơ, hiện thực hóa khát vọng; là biểu tượng của tinh thần đại đoàn kết toàn dân tộc, của tình cảm, trách nhiệm của Đảng, Nhà nước, của nhân dân đối với đồng bào,với vùng phên dậu của Tổ quốc"", Thủ tướng phát biểu và đề nghị các cấp ủy đảng, chính quyền, đơn vị thi công, cơ quan liên quan cần tuân thủ ""5 bảo đảm"".
""5 bảo đảm"" gồm: Chất lượng, tiến độ; công tác giải phóng mặt bằng và nguồn vật liệu; kỹ thuật, mỹ thuật, vệ sinh môi trường, cảnh quan, an toàn lao động; không để xảy ra tham nhũng, tiêu cực, thất thoát, lãng phí; đầu tư đến đâu, hiệu quả đến đó, mang lại lợi ích thiết thực cho học sinh, thầy cô giáo và phụ huynh, góp phần thúc đẩy phát triển kinh tế - xã hội của địa bàn.
Phó Thủ tướng Thường trực Chính phủNguyễn Hòa Bìnhtặng quà các em học sinh Trường nội trú liên cấp Tiểu học – THCS Sơn Kim 1. Ảnh:VGP.
Nhân dịp Ngày Nhà giáo Việt Nam 20/11, Thủ tướng chúc toàn thể ngành GD&ĐT, các thầy cô giáo mạnh khỏe, hạnh phúc, thành công; tiếp tục cống hiến cho sự nghiệp ""trồng người"" của đất nước.
Thủ tướng cũng gửi lời chúc các em học sinh chăm ngoan, học giỏi, nuôi dưỡng ước mơ, hoài bão, khát vọng trở thành công dân tốt, có ích cho xã hội; chúc các bậc phụ huynh luôn dành tình yêu thương đầy đủ, toàn diện nhất cho con em mình, đồng hành cùng sự nghiệp GD&ĐT của đất nước.
Tại Hà Tĩnh: Phó Thủ tướng Thường trực Chính phủ Nguyễn Hòa Bình dự lễ khởi công dự án Trường nội trú liên cấp tiểu học – THCS Sơn Kim 1.
Tại Lạng Sơn: Phó Thủ tướngTrần Hồng Hàdự lễ khởi công Trường Phổ thông dân tộc nội trú liên cấp tiểu học và THCS Khuất Xá.
Tại Điện Biên: Phó Thủ tướngLê Thành Longdự lễ khởi công Trường phổ thông nội trú liên cấp tiểu học và THCS Thanh Nưa, xã biên giới nằm ở phía tây lòng chảo Điện Biên.
Tại Lâm Đồng: Phó Thủ tướngHồ Đức Phớcdự lễ khởi công dự án Trường phổ thông nội trú liên cấp tiểu học và THCS Thuận An.
Tại An Giang: Phó Thủ tướng Bùi Thanh Sơn dự lễ khởi công Trường nội trú liên cấp tiểu học – THCS Vĩnh Gia.
Tại Tuyên Quang: Phó Thủ tướngNguyễn Chí Dũngdự lễ khởi công Trường phổ thông nội trú liên cấp tiểu học và THCS Minh Tân, thôn Tân Sơn, xã Minh Tân.
Tại Đắk Lắk: Phó Thủ tướng Mai Văn Chính dự lễ khởi công Trường phổ thông nội trú liên cấp tiểu học và THCS xã Ia Rvê.
Tại Lào Cai: Phó Thủ tướng Phạm Thị Thanh Trà dự lễ khởi công xây dựng 4 trường phổ thông nội trú liên cấp tại các xã biên giới của tỉnh.
Ngoài ra, Bộ trưởng Bộ GD&ĐT Nguyễn Kim Sơn dự tại điểm cầuLai Châu; Bộ trưởng Bộ Dân tộc và Tôn giáoĐào Ngọc Dungdự tại điểm cầu Sơn La; Bộ trưởng Bộ Nông nghiệp và Môi trường Trần Đức Thắng dự tại điểm cầu Quảng Trị; Bộ trưởng Bộ Xây dựng Trần Hồng Minh dự tại điểm cầu Cao Bằng; Thượng tướng Phạm Thế Tùng – Thứ trưởng Bộ Công an – dự tại điểm cầu Nghệ An.
Bạn đang cảm thấy mình đã quá tuổi để học?

Sau bão số 13 Kalmaegi, cơ sở vật chất ngành giáo dục tại nhiều tỉnh, thành bị tàn phá nặng nề, học sinh trên nhiều địa bàn chưa thể đến trường.
33:1972 hôm qua"
https://lifestyle.znews.vn/nhung-cai-ten-pepsi-google-adidas-co-y-nghia-gi-post1599360.html,"Những cái tên Pepsi, Google, Adidas... có ý nghĩa gì?","Tên Google ra đời khi một sinh viên vô tình viết sai chính tả, còn cái tên Pepsi được lấy từ một thuật ngữ y khoa chỉ chứng khó tiêu.","Những thương hiệu này đã rất quen thuộc với mọi người, thậm chí chúng ta đều tiếp xúc với chúng ít nhất một lần trong ngày. Thế nhưng mấy ai biết được ý nghĩa thú vị ẩn chứa đằng tên gọi của các thương hiệu này.
Nhà phát minh ra Pepsi - Caleb Davis Bradham, ban đầu muốn trở thành bác sỹ, nhưng một cuộc khủng hoảng gia đình khiến ông phải bỏ học trường y và trở thành dược sỹ.
Phát minh ban đầu của ông, được gọi là ""Đồ uống của Brad"" (Brad's Drink). Loại đồ uống này được làm từ hỗn hợp đường, nước, caramel, dầu chanh và hạt nhục đậu khấu. Ba năm sau, Bradham đổi tên thức uống của mình thành ""Pepsi-Cola"", lấy từ chữ ""dyspepsia "", nghĩa là khó tiêu. Điều này phù hợp với định hướng ban đầu của nhàn sản xuất. Khi mới ra đời, thức uống này được quảng cáo như một loại thuốc hỗ trợ tiêu hóa và tên gọi này được ra đời nhằm nhấn mạnh lợi ích của sản phẩm.
Ban đầu, loại đồ uống này được quảng cáo như một loại thuốc hỗ trợ tiêu hóa. Ảnh:Independent.
Tại một buổi họp tại Đại học Stanford, Larry Page nảy ra ý tưởng về một trang web có dữ liệu khổng lồ cùng với các sinh viên cao học khác. Ban đầu, họ dự định đặt tên cho trang web này là ""googolplex "", một trong những con số lớn nhất có thể mô tả được.
Cái tên ""Google"" xuất hiện sau khi một sinh viên vô tình viết sai chính tả. Sau đó, Page đã đăng ký công ty của mình dưới cái tên này.
Tên Google ra đời từ lỗi đánh máy.  Ảnh:Independent.
McDonald's được đặt theo tên của hai anh em điều hành một nhà hàng burger. Tuy nhiên, sự tăng trưởng thần kỳ của McDonald’s gắn với tên tuổi của một trong những doanh nhân vĩ đại bậc nhất trong lịch sử kinh doanh nước Mỹ: Raymond Albert ""Ray"" Kroc.
Ray Kroc là một chuyên bán máy xay sinh tố và khá thành công với nghề này. Sau thế chiến II, công việc kinh doanh của Ray Kroc bị chậm lại nhưng ông phát hiện ra một nhà hàng nhỏ ở California của anh em nhà McDonald vẫn mua rất nhiều máy sinh tố, thậm chí còn nhiều hơn cả những cửa hàng lớn ở các thành phố sầm uất hơn.
Ray Kroc quyết định đến thăm cửa hàng của anh em nhà McDonald và nhận thấy đây họ đang có một mô hình kinh doanh độc nhất vô nhị. Khách hàng chọn đồ với một menu được ấn định sẵn rất đơn giản. Quy trình làm bánh được sắp xếp một cách rất khoa học khiến tốc độ hoàn thành món ăn cực nhanh. Khách hàng lựa chọn món ăn, trả tiền ngay tại quầy thu ngân và cũng nhận đồ ăn luôn tại đó.
Chứng kiến lượng khách hàng khủng khiếp của McDonald’s, Ray Kroc lập tức mường tượng ra một viễn cảnh khi phát triển McDonald’s ra toàn bộ các thành phố lớn trên toàn nước Mỹ.
Ray Kroc mua lại toàn bộ chuỗi McDonald’s với giá2,7 triệu USD, mức giá kỷ lục trong lĩnh vực nhà hàng thời đó. Năm 1961, thỏa thuận được ký kết và Ray Kroc trở thành ông chủ của McDonald’s. Ông đã đưa McDonald’s trở thành một trong những thương hiệu đáng giá bậc nhất toàn cầu. Logo cánh cổng vàng của McDonald’s luôn duy trì vị trí vững chãi trong Top 10 thương hiệu có giá trị nhất thế giới trong nhiều thập kỷ qua.
Nhiều người nghĩ rằng Adidas là viết tắt của ""All Day I Dream About Soccer"" (Cả ngày tôi mơ về bóng đá). Tuy nhiên, họ đã nhầm. Thương hiệu quần áo thể thao này được đặt theo tên người sáng lập, Adolf Dassler, người bắt đầu sản xuất giày thể thao sau khi trở về từ Thế chiến thứ nhất. Cái tên Adidas kết hợp biệt danh Adi của ông và ba chữ cái đầu (Das) trong họ của ông.
Thương hiệu quần áo thể thao này được đặt theo tên người sáng lập, Adolf Dassler. Ảnh:Independent.
Trong một cuộc phỏng vấn năm 2008 với tờ The Seattle Times, nhà đồng sáng lập Starbucks - Gordon Bowker mô tả quá trình tìm ra cái tên cho chuỗi cà phê mang tính biểu tượng của mình:
""Chúng tôi đã nghĩ ra đủ loại tên và gần như quyết định đặt tên là Cargo House. Tuy nhiên. Terry Heckler - người cùng tôi sở hữu một công ty quảng cáo, đã nói rằng ông ấy nghĩ những từ bắt đầu bằng 'st' là những từ mạnh mẽ"".
Sau khi bàn bạc, Gordon Bowker lấy tên là Starbucks xuất phát từ tiểu thuyết Moby-Dick của Herman Melville. Cái tên tượng trưng cho sự lãng mạn của sóng biển và truyền thống đi biển của những nhà buôn café đầu tiên trên thế giới.
Ban đầu logo của Starbucks được thiết kế là hình ảnh mỹ nhân ngư ngực trần và có 2 đuôi, tuy nhiên, vào năm 2011, logo được thay đổi như hiện nay. Ảnh:Independent.
Nnăm 1947, Erling Persson mở cửa hàng đầu tiên tại Thụy Điển. Cửa hàng được gọi là Hennes (tiếng Thụy Điển có nghĩa là ""của cô ấy"") và chỉ bán quần áo nữ. Năm 1968, Persson mua lại nhà bán lẻ quần áo săn bắn Mauritz Widforss, dẫn đến việc đưa bộ sưu tập quần áo nam vào danh mục sản phẩm và tên được đổi thành Hennes & Mauritz, viết tắt là H&M.
Năm 1975, nhà sáng lập Zara, Amancio Ortega mở cửa hàng quần áo nữ tại Tây Ban Nha. Ông dự định đặt tên cửa hàng là Zorba, theo tên bộ phimZorba the Greekđược sản xuất vào năm 1964. Ông thậm chí còn chuẩn bị sẵn khuôn chữ cho biển hiệu cửa hàng. Nhưng cách đó khoảng hai dãy nhà có một quán bar cùng tên, và chủ quán nói với Ortega rằng sẽ phiền hà nếu cả hai cùng được gọi là Zorba.
Vì vậy, Ortega sắp xếp lại các chữ cái thành Zara, và phần còn lại là lịch sử.
Ra lần đầu ra mắt vào năm 1995, người sáng lập Jeff Bezos có một ý tưởng khác cho tên thương hiệu của mình. Ông muốn đặt tên cho cửa hàng sách trực tuyến của mình là Cadabra. Nhưng luật sư đầu tiên của Amazon, Todd Tarbert, nói với ông rằng cái tên này nghe quá giống từ ""Cadaver"" (có nghĩa là xác chết).
Jeff Bezos muốn chuyển sang tên Relentless nhưng cuối cùng chọn Amazon - tên con sông lớn nhất thế giới. Hình ảnh con sông này cũng được đưa vào logo đầu tiên của công ty.

Căng thẳng giữa ông Donald Trump và các đại học Mỹ tiếp tục leo thang khi giảng viên, sinh viên tại các trường đại học đã đồng loạt phản đối những chính sách vị tổng thống đặt ra.
16 giờ trước

Nhiều phụ huynh phấn khởi khi biết Tiếng Anh sẽ được dạy bắt buộc từ lớp 1, song vẫn còn băn khoăn.
19 giờ trước"
https://lifestyle.znews.vn/dai-hoc-my-va-ong-donald-trump-cang-thang-nay-lua-post1601183.html,Đại học Mỹ và ông Donald Trump căng thẳng nảy lửa,"Căng thẳng giữa ông Donald Trump và các đại học Mỹ tiếp tục leo thang khi giảng viên, sinh viên tại các trường đại học đã đồng loạt phản đối những chính sách vị tổng thống đặt ra.","Tổng thống Trump yêu cầu nhiều trường đại học ký kết thoả thuận để nhận được nguồn tài trợ liên bang. Ảnh:Reuters.
The Guardiancho biết hàng nghìn sinh viên, giảng viên và nhân viên tại hơn 100 trường đại học trên khắp nước Mỹ đã đồng loạt xuống đường hôm 8/11 để phản đối “cuộc tấn công của chính quyền Trump vào giáo dục đại học”.
Đây là sự kiện đầu tiên trong chuỗi các hoạt động tại loạt đại học Mỹ, dự kiến sẽ tiếp diễn và đạt cao trào vào ngày quốc tế lao động năm 2026, cùng với đó là hướng tới một cuộc tổng đình công vào năm 2028.
Phong trào được tổ chức dưới danh nghĩa Students Rise Up - mạng lưới liên kết các nhóm sinh viên địa phương và tổ chức quốc gia Cùng tham gia còn có các hiệp hội và công đoàn giáo dục như Hiệp hội các Giáo sư Đại học Mỹ và Liên minh Lao động Giáo dục đại học Quốc gia.
Sinh viên Đại học Duke đổ ra đường phản đối ông Trump. Ảnh:The Guardian.
Những đoàn người đồng loạt đổ ra đường, kêu gọi giới lãnh đạo các trường đại học và các nhà lập pháp lên án Tổng thống Trump khi ông ép buộc các trường tuân phải tuân theo những yêu cầu vô lý để đổi lấy nguồn tài trợ từ liên bang. Đến nay, chỉ New College of Florida, một trường công lập ở Mỹ, chấp thuận ký kết thỏa thuận này.
Trong suốt ngày đổ ra đường, hàng trăm sinh viên trên khắp nước Mỹ rời lớp học, giương biểu ngữ và tổ chức mít-tinh tại khuôn viên trường. Ngoài việc phản đối “thỏa thuận Trump”, họ còn kêu gọi mở rộng khả năng tiếp cận giáo dục, bảo vệ sinh viên chuyển giới và sinh viên quốc tế.
Ở Đại học Duke (bang North Carolina), sinh viên và giảng viên đã giương biểu ngữ kêu gọi trường trả mức lương25 USD/giờ cho nhân viên, đồng thời hỗ trợ người nhập cư và bảo vệ sinh viên yếu thế.
Trong khi đó, ở Đại học Brown (bang Rhode Island), một trong những trường đầu tiên đạt thỏa thuận với chính quyền Trump, người đi đường được mời in dấu tay ủng hộ hoạt động của sinh viên.
Còn tại New York, sinh viên và giảng viên nhiều trường đại học tập trung bên ngoài trụ sở Apollo Global Management để phản đối CEO Marc Rowan - tỷ phú tài trợ cho ông Trump và là người được coi là kiến trúc sư của “thỏa thuận Trump”.
Nhóm giảng viên, sinh viên cáo buộc ông Rowan không có quyền định đoạt chính sách giáo dục đại học, đồng thời chỉ trích vai trò của ông trong việc điều hành Đại học Phoenix, ngôi trường được mệnh danh là “nguồn nợ sinh viên lớn nhất nước Mỹ”.
Trong một bài viết trênNew York Times, ông Rowan bảo vệ ""thỏa thuận Trump"" với lập luận rằng giáo dục đại học Mỹ đang bị huỷ hoại và cần được điều chỉnh từ bên ngoài.
Tuy nhiên, nhiều học giả cho rằng các tỷ phú như Marc Rowan đang thao túng nền giáo dục quốc gia. Giáo sư Amy Offner tại Đại học Pennsylvania  cho rằng các tỷ phú không nên quyết định điều gì được dạy hay nghiên cứu ở Mỹ.
Từ khi tái đắc cử tổng thông, ôngDonald Trumpliên tiếp giáng đòn vào các cơ sở giáo dục đại học Mỹ khi yêu cầu các trường phải thay đổi chính sách để nhận được nguồn tài trợ liên bang.
Một trong những ""nạn nhân"" đầu tiên là Đại học Harvard khi trường này bị đóng băng hàng triệu USD tài trợ liên bang và cả quỹ tài trợ nghiên cứu.
Tiếp đó, hàng loạt cơ sở giáo dục đại học danh tiếng khác cũng bị ông Trump đe doạ cắt ngân sách tài trợ nếu không thay đổi chính sách tuyển sinh, giới hạn sinh viên quốc tế hay loại bỏ yếu tố chủng tộc trong tuyển sinh. Nhiều trường đã lên tiếng phản đối, cho rằng ông Trump đang xâm phạm quyền tự chủ và tự do học thuật của nhà trường.
Thị trường lao động thay đổi chóng mặt, để tồn tại, con người cần học tập suốt đời. Trong bối cảnh đó, tạp chí Tri Thức - Znews giới thiệu tới độc giả cuốnHọc tập suốt đờicủa tác giả Michelle R.Weise.
Tác phẩm cung cấp cho độc giả những đánh giá về thị trường lao động tương lai, những giải pháp cho nhu cầu vừa học vừa làm đang ngày một tăng, cùng với đó là đưa ra những cách kết nối để quá trình chuyển đổi “học-làm” diễn ra thuận lợi hơn. Từ đó, tác giả nêu lên vai trò của việc học tập suốt đời.

Chính quyền Tổng thống Donald Trump yêu cầu loại bỏ vấn đề người chuyển giới khỏi chương trình giáo dục giới tính, 11 bang làm theo nhưng 16 bang khác lại đệ đơn kiện.
09:26 30/10/2025"
https://lifestyle.znews.vn/vua-mung-vua-lo-khi-tieng-anh-thanh-mon-bat-buoc-tu-lop-1-post1601102.html,"Vừa mừng, vừa lo khi Tiếng Anh thành môn bắt buộc từ lớp 1","Nhiều phụ huynh phấn khởi khi biết Tiếng Anh sẽ được dạy bắt buộc từ lớp 1, song vẫn còn băn khoăn.","Học sinh lớp 1 trường Tiểu học Nguyễn Bỉnh Khiêm (TP.HCM) trong lễ khai giảng năm học 2025-2026. Ảnh:Quỳnh Danh.
""Trẻ được dạy tiếng Anh trong trường từ lớp 1, lại miễn phí thì quá tuyệt vời. Tôi hoàn toàn ủng hộ chủ trương này"", chị Nguyễn Trà (phụ huynh tại phường Hoàng Liệt, Hà Nội) chia sẻ vớiTri Thức - Znews.
Hồi cuối tháng 10, Chính phủ đã công bố đề án Đưa Tiếng Anh thành ngôn ngữ thứ hai trong trường học giai đoạn 2025-2035, tầm nhìn đến năm 2045, trong đó đặt mục tiêu tới năm 2030, tất cả trường phổ thông dạy Tiếng Anh bắt buộc từ lớp 1. Biết tin này, không chỉ chị Trà, nhiều phụ huynh khác tỏ ra phấn khởi.
Chị Trà có con đang học mầm non, hai năm nữa sẽ vào lớp 1. Song hiện tại, chị đã đăng ký cho con học tiếng Anh ở trường mẫu giáo để con làm quen dần với ngoại ngữ. Người mẹ dự tính khi con lên lớp 1, chị sẽ cho con học thêm ở trung tâm để đảm bảo con có nền tảng vững chắc trước khi học ở trường từ lớp 3.
Tuy nhiên, với chủ trương Tiếng Anh sẽ được đưa vào là môn bắt buộc từ lớp 1, chị Trà phấn khởi bởi nếu được học như Toán, Tiếng Việt, chị không phải cho con học thêm bên ngoài, lại yên tâm về chất lượng và chi phí.
Hiện tại, theo chương trình giáo dục phổ thông 2018, các trường triển khai dạy Tiếng Anh bắt buộc từ lớp 3. Những trường có điều kiện cơ sở vật chất, giáo viên có thể triển khai dạy từ lớp 1 dưới hình thức môn tự chọn, hoặc liên kết với các trung tâm.
Con gái chị Đỗ Vân (phụ huynh tại Hà Nội) cũng đang học tiếng Anh theo hình thức liên kết. Mỗi tháng, chị chi 150.000 đồng cho 2 tiết tiếng Anh ở lớp 1. Nếu Tiếng Anh được dạy bắt buộc từ lớp 1, chị sẽ tiết kiệm được khoản chi phí này.
Chị kể chương trình liên kết hiện tại chủ yếu cho trẻ làm quen với ngoại ngữ, đọc hiểu các từ ngữ đơn giản nên không quá áp lực. Tuy nhiên, chị cũng băn khoăn nếu đưa làm môn học bắt buộc, chương trình giảng dạy sẽ ra sao, liệu có khiến trẻ lớp 1 căng thẳng hay không.
Đồng quan điểm, chị Hương Trà hy vọng chương trình giảng dạy phù hợp với độ tuổi. Ngoài ra, chị mong giáo viên có chuyên môn tốt để dạy trẻ chính xác cả ngữ pháp lẫn phát âm, làm tiền đề cho những năm học tiếp theo.
Các phụ huynh băn khoăn chương trình học và đội ngũ giáo viên khi đưa Tiếng Anh thành môn bắt buộc từ lớp 1. Ảnh:Trần Hiền.
Băn khoăn của phụ huynh là có cơ sở. Việc đưa tiếng Anh trở thành môn học bắt buộc từ lớp 1 ngay trong giai đoạn từ nay đến năm 2030 được xem là cần thiết để đưa tiếng Anh trở thành ngôn ngữ thứ hai. Tuy nhiên, ngành giáo dục và các địa phương sẽ phải vượt qua nhiều thách thức.
PGS.TS Bùi Mạnh Hùng, điều phối viên chính, Ban Phát triển chương trình giáo dục phổ thông năm 2018, nhìn nhận đội ngũ giáo viên là bài toán khó khi Tiếng Anh trở thành môn bắt buộc từ lớp 1.
Theo thông tin từ Bộ GD&ĐT, để Tiếng Anh được dùng rộng rãi ở tất cả 50.000 trường học với khoảng 30 triệu học sinh, sinh viên, đến năm 2030, cả nước cần thêm 22.000 giáo viên tiếng Anh ở mầm non và tiểu học, đồng thời bồi dưỡng ít nhất 200.000 giáo viên có khả năng dạy học bằng tiếng Anh.
Chất lượng của đội ngũ giáo viên tiếng Anh cũng là một câu hỏi lớn. Ông Hùng cho rằng nếu không có phương pháp dạy học phù hợp sẽ tạo nên gánh nặng học tập lớn cho học sinh.
Ở độ tuổi còn nhỏ, nhiều học sinh có khả năng thích ứng tốt với ngôn ngữ mới, rất thuận lợi cho việc học ngoại ngữ song song với việc học tiếng Việt. Nhưng nhiều em khác không có khả năng đó, nhất là học sinh thiểu số.
Trước đó, bà Trần Thị Huyền, quyền Giám đốc Sở GD&ĐT Cần Thơ, cũng băn khoăn về năng lực giáo viên và điều kiện hạ tầng. Bà cho rằng với thực tế nhiều học sinh là con em đồng bào dân tộc, chưa thành thạo tiếng Việt, ngành giáo dục cần có lộ trình phù hợp cho từng địa phương.
Ông Hùng bổ sung rằng nếu giáo viên không có kỹ năng tiếng Anh tốt và không biết tận dụng sự hỗ trợ của máy móc, công nghệ, lỗi phát âm của giáo viên có thể truyền sang học sinh, khiến các em phát âm sai ngay từ đầu, sau này rất khó sửa. Học sớm khi đó thành ra có hại nhiều hơn có lợi.
Theo ông Hùng, các trường sư phạm cần gấp rút đào tạo, tăng số lượng tuyển sinh viên Sư phạm Tiếng Anh. Ông đề xuất chương trình và sách giáo khoa Tiếng Anh có thể vẫn giữ nguyên, chỉ thay đổi từ tự chọn sang bắt buộc. Thời lượng giới hạn tối đa 2 tiết/tuần như lâu nay.
Trong 2 năm đầu tiểu học, học sinh chủ yếu làm quen, thực hành giao tiếp tiếng Anh qua các hoạt động học tập do giáo viên tổ chức với sự hỗ trợ hiệu quả của máy móc, công nghệ.
""Tôi tin không có chuyện dạy học các môn bằng tiếng Anh ngay từ lớp 1 như một số người lo ngại"", ông Hùng khẳng định.
Mục Giáo dục giới thiệu đến bạn đọc những cuốn sách nuôi dạy trẻ trong thời đại 4.0.
Cuốn sáchNuôi con 4.0 - Làm thế nào để trẻ không bị nghiện thiết bị công nghệ?của TS Shimi Kang (nhà khoa học, tâm lý học, chuyên gia giáo dục, tác giả của nhiều tựa sách bán chạy) được đánh giá là hữu ích cho các phụ huynh có con em nghiện sử dụng thiết bị điện tử.
TS Shimi Kang đưa ra hàng loạt dẫn chứng và phân tích khoa học về cách thức tác động của thiết bị công nghệ đến bộ não đang trong giai đoạn phát triển của trẻ. Sau đó, bà chỉ ra những tác động tiêu cực đến sức khỏe, hành vi và tính cách của trẻ.

Theo đề án mới được phê duyệt, từ năm 2025-2030, tất cả trường học ở bậc phổ thông trên cả nước sẽ dạy Tiếng Anh bắt buộc từ lớp 1.
16:55 29/10/2025"
https://lifestyle.znews.vn/bi-an-ben-duoi-lop-bang-vung-cuc-trai-dat-post1601089.html,Bí ẩn bên dưới lớp băng vùng cực Trái Đất,"Những khối băng khổng lồ ở hai cực Trái Đất luôn che giấu bí ẩn bên dưới. Tuy nhiên, Bắc Cực và Nam Cực lại ẩn chứa những điều hoàn toàn khác nhau.","Hai cực của Trái Đất bị bao phủ bởi lớp băng dày. Ảnh:Pexels.
TheoIFL Science,việc đào sâu xuống lớp băng Nam Cực không dễ dàng. Quỹ Khoa học Quốc gia Mỹ (NSF) chỉ ra độ dày trung bình của lớp băng là 2.160 m, điểm dày nhất lên tới 4.776 m.
Tổng cộng, châu Nam Cực chứa 27 triệu km3 nước đóng băng, nếu tan chảy sẽ khiến mực nước biển dâng cao khoảng 58 m.
Các nhà nghiên cứu đã tiến hành khoan các lỗ sâu hơn 2.000 mét vào băng Nam Cực, nhưng phần sâu hơn của nó vẫn còn là một bí ẩn. Họ cũng đã thả camera xuống một số lỗ khoan nông hơn và thu được một số cảnh quay. Bên dưới lớp băng của nó là một khối đất đá cổ đại đã bị khóa chặt hàng triệu năm.
Trong khi đó, lớp băng Bắc Cực thua xa băng Nam Cực về độ sâu. Lớp băng này thường chỉ dày 3-4 m tại những khu vực rộng lớn, với các sống núi có thể dày tới 20 m.
Bên dưới lớp băng này, bạn sẽ tìm thấy vùng nước thuộc Bắc Băng Dương - đại dương nông nhất trong 5 đại dương lớn của thế giới với độ sâu trung bình chỉ 1.038 m.
Nếu muốn tìm hiểu sâu hơn về những gì bên dưới tấm băng Bắc Cực, chúng ta cần xuống tới đáy Bắc Băng Dương.
Năm 2013, nhóm nhà khoa học từ Đài quan sát Trái Đất Lamont-Doherty thuộc Đại học Columbia dành rất nhiều thời gian để khám phá và thu thập thông tin về thế giới bên dưới băng Bắc Cực ở Barrow, Alaska. Họ đưa camera xuyên qua lớp băng, xuống Bắc Băng Dương và thu thập những thước phim về đáy biển.
Nghiên cứu cho thấy dưới Bắc Băng Dương là đáy biển đầy bùn, được bao phủ bởi một lượng tảo khổng lồ. Nhóm chuyên gia thậm chí còn ghi hình các sinh vật thuộc bộ chân đều (Isopoda) lang thang dưới đáy biển, dù họ không biết chính xác chúng là loài gì và sinh sống như thế nào.
""Một trong những bài học từ việc nghiên cứu các vùng cực là chúng ta cần mở rộng định nghĩa về nơi sinh vật có thể tồn tại và phát triển mạnh"", Andy Juhl, nhà sinh thái học thủy sinh kiêm nhà hải dương học của dự án, nhận xét.
Ông nói thêm rằng tại Bắc Cực, sự sống phát triển bên trong băng, ở nhiệt độ dưới ngưỡng đóng băng. Điều này đồng nghĩa với việc các nhà khoa học có thể tìm kiếm khoa học sự sống ở những nơi khác thường hơn.
""Đó là một trong những điều thú vị mà chúng tôi học được khi làm công việc này. Băng không nhất thiết là môi trường không thể sinh sống và trên các hành tinh có băng khác, chúng ta cũng có thể tìm kiếm dấu hiệu của sự sống"", ông nói thêm.
Thị trường lao động thay đổi chóng mặt, để tồn tại, con người cần học tập suốt đời. Trong bối cảnh đó, tạp chí Tri Thức - Znews giới thiệu tới độc giả cuốnHọc tập suốt đờicủa tác giả Michelle R.Weise.
Tác phẩm cung cấp cho độc giả những đánh giá về thị trường lao động tương lai, những giải pháp cho nhu cầu vừa học vừa làm đang ngày một tăng, cùng với đó là đưa ra những cách kết nối để quá trình chuyển đổi “học-làm” diễn ra thuận lợi hơn. Từ đó, tác giả nêu lên vai trò của việc học tập suốt đời.

Sau bão số 13 Kalmaegi, cơ sở vật chất ngành giáo dục tại nhiều tỉnh, thành bị tàn phá nặng nề, học sinh trên nhiều địa bàn chưa thể đến trường.
33:1973 hôm qua"
https://lifestyle.znews.vn/ly-do-nhieu-truong-hoc-tai-tphcm-khong-nhan-hoa-ngay-2011-post1601057.html,Lý do nhiều trường học tại TP.HCM không nhận hoa ngày 20/11,Nhiều trường học tại TP.HCM đổi hoa ngày 20/11 thành sách vở và dành phần kinh phí đó để giúp học sinh khó khăn hoặc hỗ trợ đồng bào gặp thiên tai.,"Học sinh trường Tiểu học Phan Văn Trị (phường Cầu Ông Lãnh, TP.HCM) trong lễ khai giảng năm học mới. Ảnh:Anh Nhàn/Tiền Phong.
Trường Tiểu học Phan Văn Trị (phường Cầu Ông Lãnh, TP.HCM) mới đây đăng thông báo mong muốn không nhận hoa dịp 20/11, mà thay bằng sách vở, bánh kẹo hoặc dụng cụ học tập cho học sinh.
Thầy Lê Hồng Thái, Hiệu trưởng trường Tiểu học Phan Văn Trị, cho hay nhiều năm qua, dịp 20/11 nhà trường nhận được rất nhiều hoa tươi. Nhưng hoa rồi sẽ tàn, trong khi học trò vẫn còn thiếu nhiều dụng cụ học tập.
Vì vậy, thay vì nhận hoa, nhà trường mong nhận được những món quà là sách vở, dụng cụ học tập, bánh kẹo để khuyến khích, động viên học trò, cũng để niềm vui ngày nhà giáo thêm ý nghĩa.
Thầy Thái thông tin thêm từ năm học trước, nhà trường đã thông báo không nhận hoa chúc mừng 20/11. Phong trào nhận được sự đồng thuận lớn từ phụ huynh, mạnh thường quân. Nhiều phụ huynh đã trao tặng nhà trường dụng cụ học tập, thiết bị thể thao, góp phần tăng nguồn lực hỗ trợ học sinh tham gia các hoạt động văn - thể - mỹ.
""Trong điều kiện kinh phí và cơ sở vật chất còn hạn chế, nhà trường mong phụ huynh và mạnh thường quân tiếp tục đồng hành thông qua việc thay hoa bằng những hỗ trợ thiết thực cho học sinh"", thầy Thái bày tỏ.
Học sinh trường THCS Nguyễn Văn Luông (phường Bình Phú, TP.HCM) ủng hộ đồng bào miền Trung chịu thiệt hại do thiên tai. Ảnh:Website nhà trường.
Tương tự, trường THCS Nguyễn Văn Luông (phường Bình Phú, TP.HCM) cũng tổ chức lễ kỷ niệm ngày Nhà giáo Việt Nam 20/11 nhẹ nhàng, tiết kiệm và mang tính sẻ chia.
Thầy Đinh Phú Cường, Hiệu trưởng trường THCS Nguyễn Văn Luông (TPHCM), cho biết năm nay, nhà trường không tổ chức lễ lớn 20/11, chỉ làm gọn nhẹ với buổi tuyên truyền ngắn cho học sinh vào sáng thứ hai đầu tuần.
“Ngày 20/11 rơi vào giữa tuần, nên sau buổi tuyên truyền, thầy cô vẫn dạy học bình thường. Chúng tôi thống nhất không làm lễ long trọng. Một phần vì tình hình khó khăn chung, phần khác là vì năm nay đồng bào miền Trung chịu thiệt hại nặng do thiên tai. Nhà trường muốn dành phần kinh phí tổ chức để ủng hộ người dân vùng lũ, theo gợi ý của Mặt trận Tổ quốc"", thầy Cường nói.
Tại ngôi trường này, việc không nhận hoa và quà ngày 20/11 đã thành truyền thống kéo dài ba năm qua. Những năm trước, trường từng khuyến khích phụ huynh đổi hoa thành thẻ bảo hiểm y tế cho học sinh, nhưng hiện nay, học sinh đã được miễn phí bảo hiểm nên không còn cần thiết. Thay vì vậy, mạnh thường quân và phụ huynh tặng tập, sách, đồ dùng học tập.
“Chúng tôi không kêu gọi, mà phụ huynh tự ngỏ ý từ tặng hoa thành tặng quà cho học sinh khó khăn. Khi có người gửi tặng, nhà trường sẽ trao trực tiếp cho các em”, thầy Cường nói thêm.
Mục Giáo dục giới thiệu đến bạn đọc những cuốn sách nuôi dạy trẻ trong thời đại 4.0.
Cuốn sáchNuôi con 4.0 - Làm thế nào để trẻ không bị nghiện thiết bị công nghệ?của TS Shimi Kang (nhà khoa học, tâm lý học, chuyên gia giáo dục, tác giả của nhiều tựa sách bán chạy) được đánh giá là hữu ích cho các phụ huynh có con em nghiện sử dụng thiết bị điện tử.
TS Shimi Kang đưa ra hàng loạt dẫn chứng và phân tích khoa học về cách thức tác động của thiết bị công nghệ đến bộ não đang trong giai đoạn phát triển của trẻ. Sau đó, bà chỉ ra những tác động tiêu cực đến sức khỏe, hành vi và tính cách của trẻ.

Hình ảnh một nhóm học sinh vây đánh bạn học, nam sinh hành hung rồi ném bạn xuống ao đã trở thành nỗi ám ảnh và gây phẫn nộ với nhiều người.
19:37 7/11/2025"
https://lifestyle.znews.vn/khong-nhan-ra-truong-hoc-sau-bao-kalmaegi-post1601043.html,Không nhận ra trường học sau bão Kalmaegi,"Sau bão số 13 Kalmaegi, cơ sở vật chất ngành giáo dục tại nhiều tỉnh, thành bị tàn phá nặng nề, học sinh trên nhiều địa bàn chưa thể đến trường.","Tại Đắk Lắk - địa phương tâmbão số 13trực tiếp đổ bộ - tính đến 12h30 ngày 7/11, ngành giáo dục tỉnh này đã thiệt hại gần14 tỷ đồng. Trong đó, 78 tường rào, cổng trường bị hư hỏng; 1.060 cây xanh bị gãy đổ; 546 bộ bàn ghế bị hư hỏng, 124 bộ máy tính và 175 thiết bị khác hư hại. Ảnh:Truyền hình Đắk Lắk.
Giáo viên trường Mầm non An Định (xã Tuy An Bắc, Đắk Lắk) dọn dẹp những phòng học ngổn ngang, ngập bùn đất sau lũ. Ảnh:Báo Đắk Lắk.
Tại xã Phú Mỡ (Đắk Lắk), 5 trường học trên địa bàn bị ngập lụt, ảnh hưởng nghiêm trọng. Trong đó, trường Tiểu học Phú Mỡ thiệt hại nặng nề nhất khi bị ngập sâu trong nước lũ, đất đá tràn vào trường và hư hỏng nhiều tài sản. Ban Chỉ huy Quân sự tỉnh Đắk Lắk đã bố trí 30 cán bộ, chiến sĩ đến địa bàn, hỗ trợ xã Phú Mỡ trong công tác dọn dẹp, khắc phục hậu quả sau lũ. Ảnh:Truyền hình Đắk Lắk.
Sau cơn bão số 13, trường THPT Hùng Vương (Gia Lai) cũng chịu nhiều thiệt hại nặng nề. Mưa to, gió lớn đã làm nhiều cây xanh gãy đổ, sân trường ngập nước, một số phòng học và khuôn viên bị hư hại. Trước tình hình đó, sáng ngày 8/11, toàn thể cán bộ, giáo viên và học sinh của trường đã ra quân khắc phục hậu quả sau bão, thu dọn cây gãy, quét dọn sân trường,  khơi thông cống rãnh...
Tại Đại học Quy Nhơn (Gia Lai), dù nhà trường đã chủ động gia cố, kiểm tra, bố trí lực lượng túc trực ứng phó, nhưng với sức gió mạnh cấp 14-15, giật trên cấp 17 của bão số 13, kèm theo đó là vị trí ngay dọc tuyến biển trung tâm Quy Nhơn, trường đã chịu ảnh hưởng trực tiếp của cơn bão. Ảnh:FBNT.
Nhiều dãy nhà của Đại học Quy Nhơn bị tốc mái, gió mạnh làm vỡ các mảng kính lớn. Bàn ghế tại nhiều phòng học, phòng chức năng bị đổ ngổn ngang, các khung cửa bị bẻ cong, mảnh kính vỡ vụn khắp nơi. Ảnh:FBNT.
Tại phường Quy Nhơn Bắc (Gia Lai), mưa to, gió giật mạnh đã gây thiệt hại về nhà ở, công trình công cộng và tài sản của nhân dân. Sáu điểm trường học trên địa bàn bị hư hỏng, tốc mái, sập la phông; nhiều phòng học, nhà xe và bảng hiệu bị hư hại. Ảnh:Bình minh trên Quy Nhơn Bắc.
Thị trường lao động thay đổi chóng mặt, để tồn tại, con người cần học tập suốt đời. Trong bối cảnh đó, tạp chí Tri Thức - Znews giới thiệu tới độc giả cuốnHọc tập suốt đờicủa tác giả Michelle R.Weise.
Tác phẩm cung cấp cho độc giả những đánh giá về thị trường lao động tương lai, những giải pháp cho nhu cầu vừa học vừa làm đang ngày một tăng, cùng với đó là đưa ra những cách kết nối để quá trình chuyển đổi “học-làm” diễn ra thuận lợi hơn. Từ đó, tác giả nêu lên vai trò của việc học tập suốt đời.

Năm 2025 chứng kiến hàng loạt cơn bão đổ bộ đất liền với sức gió mạnh hơn thông thường. Hiện tượng này bắt nguồn từ nhiều nguyên nhân, con người cũng góp phần đáng kể.
41:2469 hôm qua"
https://lifestyle.znews.vn/truong-hoc-van-dong-gan-1-ty-dong-xa-hoi-hoa-hieu-truong-noi-gi-post1600999.html,"Trường học vận động gần 1 tỷ đồng xã hội hoá, hiệu trưởng nói gì?","Trường Tiểu học và THCS Kỳ Văn (Hà Tĩnh) đưa ra kế hoạch vận động tài trợ xã hội hoá với tổng gần 1 tỷ đồng. Phụ huynh phản ánh trường thu cào bằng, có hạng mục chưa phù hợp với quy định.","Hàng loạt hạng mục, trong đó nội dung cải tạo nhà nghỉ cho giáo viên trái quy định. Ảnh:Tiền Phong.
Những ngày qua, nhiều phụ huynh có con theo học tại trường Tiểu học và THCS Kỳ Văn (tỉnh Hà Tĩnh) phản ánh về việc nhà trường triển khai nhiều khoản vận động xã hội hóa chưa phù hợp, đặc biệt chia bình quân 850.000 đồng/học sinh gây bức xúc.
Qua tìm hiểu, năm học 2025-2026, trường Tiểu học và THCS Kỳ Văn (xã Kỳ Văn, tỉnh Hà Tĩnh) đã ban hành kế hoạch vận động tài trợ, tiếp nhận, quản lý và sử dụng các khoản tài trợ phục vụ hoạt động giáo dục với nhiều hạng mục khác nhau.
Theo nội dung văn bản, nhà trường dự kiến vận động tài trợ cho hàng loạt hạng mục với tổng kinh phí hơn 934 triệu đồng.
Bên cạnh các khoản tài trợ bằng tiền, trường cũng kêu gọi tài trợ bằng hiện vật, gồm 10 cây cảnh, cây bóng mát đã lớn (đường kính từ 0,25m trở lên) và 150 đầu sách phục vụ công tác giảng dạy và học tập.
Trong phụ lục kế hoạch vận động tài trợ do trường Tiểu học và THCS Kỳ Văn ban hành, có 16 hạng mục cần huy động để tu sửa và mua sắm trang thiết bị, cơ sở vật chất.
Nhóm trang thiết bị, nhà trường dự kiến mua bàn ghế học sinh tại phòng học với kinh phí gần 185 triệu đồng; bàn ghế cho phòng tin học hơn 34 triệu đồng; mua bàn để dụng cụ, thiết bị dạy tại lớp học (9 bộ), đơn giá gần 19 triệu đồng; bảng trượt chống lóa tại các phòng học bộ môn (7 chiếc) với giá hơn 52 triệu đồng.
Còn nhóm cơ sở vật chất gồm 12 hạng mục, trong đó có phá dỡ nhà nội trú cũ, thu gom vật liệu, xử lý xỉ thải xây dựng phía sau nhà đa năng, san lấp mặt bằng phòng học và nhà xe học sinh tiểu học… với tổng chi phí 36 triệu đồng. Đối với hạng mục làm mới và di chuyển nhà xe học sinh THCS, trường dự kiến kinh phí khoảng 130 triệu đồng.
Ngoài ra, trường còn liệt kê chi tiết nhiều hạng mục khác như làm hệ thống tưới nước, trồng cây cảnh (hơn 79 triệu đồng); phá dỡ bồn hoa cũ, hư hỏng, không còn phù hợp (36 triệu đồng); làm vườn hoa hai bên cổng chính và phụ (hơn 39 triệu đồng); san lấp, cải tạo sân thể dục khối tiểu học (45 triệu đồng)…
Đáng chú ý, trong kế hoạch vận động tài trợ của trường Tiểu học và THCS Kỳ Văn có một số hạng mục gây băn khoăn. Cụ thể, nhà trường dự kiến làm vách ngăn 2 phòng họp cũ thành 3 phòng tổ chuyên môn, đồng thời cải tạo 4 phòng nội trú thành phòng nghỉ giáo viên, phòng Đoàn - Đội, phòng Đảng - Đoàn thể và phòng kho với tổng kinh phí hơn 45 triệu đồng.
Bên cạnh đó, trường cũng dự kiến sơn hàng rào trước đường liên thôn, phòng nghỉ giáo viên, phòng Đoàn - Đội, phòng Đảng - Đoàn thể và phòng chuyên môn với kinh phí hơn 48 triệu đồng.
Nhiều phụ huynh cho rằng việc đưa phòng nghỉ giáo viên và một số công trình phục vụ nội bộ vào danh mục vận động xã hội hóa là chưa phù hợp với quy định về xã hội hóa trong giáo dục.
Trường Tiểu học và THCS Kỳ Văn (Hà Tĩnh). Ảnh:Tiền Phong.
Trao đổi vớiBáo Tiền Phong, ông Vũ Việt Thành, Hiệu trưởng trường Tiểu học và THCS Kỳ Văn, cho biết năm nay, trường vận động xã hội hoá làm một số hạng mục tại trường với tổng kinh phí hơn 934 triệu đồng.
Tuy nhiên, việc phụ huynh phản ánh thu cào bằng, lãnh đạo trường khẳng định chủ trương vận động xã hội hoá chỉ thực hiện trên tinh thần tự nguyện. Có thể một số giáo viên chủ nhiệm chưa hiểu đúng chủ trương nên phổ biến với phụ huynh sai.
Theo lãnh đạo trường trường Tiểu học và THCS Kỳ Văn, các hạng mục đưa vào vận động xã hội hoá là những hạng mục đã khảo sát thực tế, cần được sửa chữa, mua sắm phục vụ năm học mới. Những hạng mục này đã được sắp xếp theo thứ tự, cần sẽ làm trước.
""Kế hoạch này đã được UBND phường Kỳ Văn phê duyệt xét theo nhu cầu thực tế từ trường trình lên. Quan điểm nhà trường là tự nguyện, ai tài trợ được bao nhiêu thì tốt bấy nhiêu, có nguồn sẽ làm ưu tiên các hạng mục quan trọng trước. Đối với tổng kinh phí nhìn thì nhiều, nhưng đó là hai cấp với hơn 1.100 học sinh"", ông Vũ Việt Thành chia sẻ.
Khi hỏi đến việc triển vận động tài trợ để cải tạo phòng nghỉ cho giáo viên liệu đã đúng quy định, lãnh đạo trường cho biết: ""Cái này để chúng tôi kiểm tra lại. Còn theo tôi nghĩ nếu có điều kiện mà làm được thì tốt. Đây chỉ mới kêu gọi tài trợ, nếu xin làm được thì tốt, không thì thôi"".
Liên quan đến bản kế hoạch vận động tài trợ, trong đó số tiền kêu gọi được chia theo từng khối lớp gây xôn xao, lãnh đạo trường trường Tiểu học và THCS Kỳ Văn khẳng định đó chỉ là bản dự thảo, chưa ban hành. Văn bản này trước đó đưa ra để lấy ý kiến hội đồng, còn trường thực hiện vận động xã hội hoá theo hình thức tự nguyện.
Những cuốn sách dành cho người đứng trước cánh cửa nghề nghiệp
Mục Giáo dục giới thiệu đến bạn đọc một số cuốn sách về chủ đề nghề nghiệp, hướng nghiệp, dành cho những bạn trẻ đang băn khoăn trước cánh cửa nghề nghiệp hay người trưởng thành quan tâm đến sự biến đổi nghề nghiệp trong xã hội hiện đại.
Chiến đạogiống cuộc đối thoại, gợi mở các câu hỏi của cuộc đời, giúp người trẻ chủ động định hướng nghề nghiệp, kiến tạo tương lai.
Eight - 8 cách làm chủ trí thông minh nhân tạo: “Đa số công việc mà công viên chức đang phụ trách cuối cùng đều sẽ bị thay thế bởi trí thông minh nhân tạo"", cuốn sách này sẽ giải đáp câu hỏi đó.

Cứ đầu năm học, câu chuyện về các khoản thu trường học lại nóng lên, gây nhiều bức xúc. Nhiều người bày tỏ nên bỏ hội phụ huynh học sinh để giải quyết vấn đề này.
07:56 18/10/2025"
https://lifestyle.znews.vn/the-he-dua-nhau-hoc-song-bang-vi-so-that-nghiep-o-my-post1600987.html,Thế hệ đua nhau học song bằng vì sợ thất nghiệp ở Mỹ,Ngày càng nhiều sinh viên đại học Mỹ chọn học song bằng vì lo sợ không thể kiếm được việc làm ổn định trong thị trường lao động đầy biến động.,"Ngày càng nhiều sinh viên Mỹ chọn học hai chuyên ngành. Ảnh:University of Wisconsin-Madison.
Drew Wesson, sinh viên năm thứ hai ngành Báo chí tại Đại học Wisconsin-Madison (Mỹ), dự định sau khi tốt nghiệp sẽ làm trong ngành truyền thông chiến lược - lĩnh vực có tốc độ tăng trưởng việc làm và thu nhập cao hơn mức trung bình.
Để nổi bật hơn trong thị trường lao động, Wesson quyết định đăng ký thêm chuyên ngành An ninh Quốc tế. Gần 1/3 bạn học của nam sinh cũng làm điều tương tự.
Theo phân tích dữ liệu liên bang củaHechinger Report, tại nước Mỹ, ngày càng nhiều sinh viên chọn học hai chuyên ngành. Họ lo lắng về cơ hội việc làm khi nền kinh tế được cho là đang thay đổi nhanh hơn giáo dục đại học.
""Có một nỗi sợ hãi sau khi tốt nghiệp. Việc có thêm kỹ năng và kiến thức nhiều chuyên ngành sẽ mang lại lợi thế cạnh tranh"", Drew Wesson nói.
Theo dữ liệu từ Trung tâm Thống kê Giáo dục quốc gia Mỹ (NCES), số sinh viên song ngành tại Đại học Wisconsin-Madison đã tăng 25% trong 10 năm qua. Tương tự tại các trường khác, như Đại học North Carolina-Chapel Hill tăng gấp đôi, hay Đại học California-San Diego và Đại học Chicago đều tăng gần gấp 3 lần.
Năm học 2023-2024, 5,4 triệu chứng chỉ (bằng cấp hoặc giấy chứng nhận) đã được cấp cho 4,8 triệu sinh viên tốt nghiệp. Điều đó có nghĩa là khoảng 12% sinh viên tốt nghiệp có nhiều hơn một bằng cấp, gấp đôi so với 6% của 10 năm trước.
""Sinh viên đang cảm thấy thiếu kiểm soát trong một thị trường lao động thay đổi không ngừng. Họ đang bám víu vào điều duy nhất nằm trong tầm kiểm soát, đó là các chuyên ngành. Họ nghĩ rằng học càng nhiều ngành càng tốt"", Rachel Slama, Phó giám đốc Phòng thí nghiệm học tập tương lai của Đại học Cornell, nhận định.
Thực tế đã chứng minh họ có lý. Khảo sát của các nhà nghiên cứu tại Đại học Ohio State và bốn trường khác cho thấy sinh viên tốt nghiệp hai chuyên ngành ít có nguy cơ bị sa thải, bị cắt lương hoặc các tác động tiêu cực khác của suy thoái kinh tế hơn 56% so với nhóm còn lại.
Điều này nhấn mạnh tầm quan trọng của bộ kỹ năng đa dạng. Nếu một ngành nghề đi xuống, họ có thể chuyển hướng sang công việc liên quan đến chuyên ngành còn lại.
Tại Wisconsin, khoảng 6/10 sinh viên Khoa học Máy tính chọn thêm chuyên ngành thứ hai là Khoa học Dữ liệu - lĩnh vực mà Cục Thống kê Lao động dự kiến số lượng việc làm sẽ tăng 34% trong khoảng 10 năm tới, với lương gần gấp đôi mức trung bình toàn quốc.
Đối với một số sinh viên, học hai chuyên ngành hợp lý hơn so với đổi sang chuyên ngành. Ảnh:University of Wisconsin-Madison.
Tuy nhiên, việc học hai chuyên ngành không hề dễ dàng. Nó đòi hỏi sinh viên phải tích lũy nhiều tín chỉ hơn để tốt nghiệp.
Điều thuận lợi là hầu hết trường đại học và cao đẳng đều tính cùng một mức học phí mỗi học kỳ, bất kể sinh viên học bao nhiêu khóa. Vì vậy, trừ khi chuyên ngành thứ hai buộc sinh viên phải học thêm lớp vào mùa hè hoặc kéo dài số học kỳ, việc học song ngành thường không tốn kém hoặc mất nhiều thời gian hơn.
Đối với một số sinh viên, học hai chuyên ngành hợp lý hơn so với đổi sang chuyên ngành.
""Thêm một chuyên ngành là cách phòng ngừa rủi ro trước thị trường lao động thay đổi mà không mất đi các tín chỉ và khóa học đã tích lũy cho chuyên ngành đầu tiên"", Patrick Denice, Phó giáo sư về Xã hội học tại Đại học Western Ontario, nhìn nhận.
Bà Melina Hale, Trưởng khoa ở Đại học Chicago, cho rằng học song ngành còn là một cách tốt để sinh viên thể hiện tư duy đa dạng. ""Nếu đi làm trong lĩnh vực tài chính và có nền tảng vững chắc về lịch sử, sinh viên sẽ có những cách tiếp cận vấn đề khác biệt"", bà nhận xét.
Bên cạnh học song bằng, xu hướng kiếm chứng chỉ cũng bùng nổ. NCES cho biết gần 20% sinh viên tốt nghiệp đại học năm 2023-2024 có ít nhất một chứng chỉ.
Theo các chuyên gia, tương tự học song bằng, những chứng chỉ này giúp ứng viên tăng sự hấp dẫn và bảo vệ vị thế của mình trên thị trường lao động.
Bạn đang cảm thấy mình đã quá tuổi để học?

Kỳ thi đánh giá năng lực (HSA) của Đại học Quốc gia Hà Nội diễn ra từ tháng 3 đến 5/2026, thí sinh đăng ký từ tháng 12/2025.
40:2422 hôm qua"
https://lifestyle.znews.vn/da-co-lich-thi-danh-gia-nang-luc-dai-hoc-quoc-gia-ha-noi-post1600937.html,Đã có lịch thi đánh giá năng lực Đại học Quốc gia Hà Nội,"Kỳ thi đánh giá năng lực (HSA) của Đại học Quốc gia Hà Nội diễn ra từ tháng 3 đến 5/2026, thí sinh đăng ký từ tháng 12/2025.","Thí sinh trong kỳ thi tốt nghiệp THPT 2025. Ảnh:Đinh Hà.
Viện Đào tạo số và Khảo thí,Đại họcQuốc gia Hà Nội, vừa có thông báo về việc tổ chức kỳ thi đánh giá năng lực năm 2026. Đối tượng dự thi là học sinh đang học lớp 12 theo chương trình giáo dục phổ thông, có nguyện vọng tham dự thi HSA.
Thí sinh lập tài khoản dự thi từ ngày 25/11 đến hết ngày 27/12 tại địa chỉ: https://khaothi.vnu.edu.vn/ hoặc https:/hsa.edu.vn/. Các em chỉ được lựa chọn một ca thi duy nhất trong các đợt thi.
Lịch đăng kí thi dự kiến từ 9h ngày 28/12/2025 đến 16h30 ngày 7/2/2026. Trong trường hợp có sự thay đổi về thời gian đăng kí ca thi, Viện Đào tạo số và Khảo thí sẽ thông báo cho thí sinh trước 10 ngày.
Hệ thống sẽ mở cho thí sinh lựa chọn ca thi thứ hai (nếu còn chỉ tiêu theo quy mô của kì thi) từ 9h00 ngày 8/2/2026 đến 9h ngày 14/2/2026.
Các đợt thi diễn ra từ ngày 7/3/2026 đến ngày 24/5/2026 tại Hà Nội, Thái Nguyên, Hải Phòng, Hưng Yên, Ninh Bình, Thanh Hóa, Nghệ An, Hà Tĩnh… Đáng chú ý, Đại học Quốc gia Hà Nội dự kiến tổng số lượt dự thi khoảng 120.000 (mỗi đợt 20.000 lượt thi), tăng hơn 30.000 lượt thi so với năm ngoái. Cụ thể như sau:
Năm nay, lệ phí thi là 600.000 đồng/thí sinh/lượt thi. Hệ thống cho phép thí sinh đăng ký tối đa hai lượt trong một năm, cách nhau tối thiểu 28 ngày. Thí sinh cần lưu ý lịch thi học kỳ, khảo sát ở trường THPT để tránh trùng với các ca thi HSA.
Bài thi HSA được thực hiện trên máy tính, thời gian làm bài là 195 phút, gồm 3 phần thi. Trong đó có 2 phần thi bắt buộc về các lĩnh vực Toán học & Xử lý số liệu (50 câu hỏi, 75 phút) và Văn học - Ngôn ngữ (50 câu hỏi, 60 phút). Phần thi thứ ba (50 câu hỏi, 60 phút) thí sinh lựa chọn phần Khoa học hoặc Tiếng Anh.
Thí sinh xem “Đề thi tham khảo” tại cổng thông tin khảo thí https://khaothi.vnu.edu.vn/. Trong mỗi phần thi có thể xuất hiện thêm một câu hỏi thử nghiệm không tính điểm (hệ thống thi sẽ tính thêm thời gian cho các câu hỏi thử nghiệm).
Thí sinh tra cứu kết quả và nhận phiếu báo điểm bản số sau hai tuần dự thi. Phiếu báo điểm bản giấy sẽ được gửi qua đường bưu điện trong vòng ba tuần nếu thí sinh đăng ký.
Năm 2025, điểm trung bình của gần 90.000 thí sinh dự thi đánh giá năng lực sau 6 đợt là 78,8/150, tăng hơn 2 điểm so với năm 2024. Hiện có khoảng 100 trường đại học sử dụng kết quả kỳ thi đánh giá năng lực HSA để xét tuyển đại học.
Bạn đang cảm thấy mình đã quá tuổi để học?

Khi sinh viên dùng AI làm bài tập, bài luận, liệu cách chấm điểm và đánh giá năng lực sinh viên theo cách truyền thống còn hiệu quả?
07:07 30/10/2025"
https://lifestyle.znews.vn/tai-sao-bao-dien-cuong-hon-trong-nam-2025-post1600900.html,Tại sao bão 'điên cuồng' hơn trong năm 2025?,"Năm 2025 chứng kiến hàng loạt cơn bão đổ bộ đất liền với sức gió mạnh hơn thông thường. Hiện tượng này bắt nguồn từ nhiều nguyên nhân, con người cũng góp phần đáng kể.","Chỉ trong một thời gian ngắn, Việt Nam nói riêng và khu vực châu Á nói chung liên tiếp hứng chịu loạt cơn bão lớn như Bualoi, Matmo, hay gần đây nhất là bãoKalmaegi. Sức gió của những cơn bão này luôn được ghi nhận đạt mức 13-14, thậm chí giật cấp 17.
Ở bên kia bán cầu, những cơn bão Đại Tây Dương cũng liên tục đổ bộ, tấn công các quốc gia châu Mỹ. Mới đây nhất, cơn bão thế kỷMelissađã đổ bộ vào bờ biển Cuba với sức gió lên đến 195 km/h và đạt đến mức 298 km/h khi đổ bộ vào Jamaica.
Trước diễn biến cực đoan của các cơn bão trên khắp Trái Đất, nhiều nhà khoa học nhận định năm 2025 đánh dấu thời kỳ các cơn bão hoạt động mạnh mẽ bất thường với tốc độ gió, lượng mưa và sức tàn phá đều tăng so với những năm trước.
Sự kết hợp giữa biến đổi khí hậu do con người gây ra và chu kỳ tự nhiên của Mặt Trời đạt cực đại chính là nguyên nhân tạo ra những điều kiện chưa từng có, khiến các cơn bão trở nên dữ dội hơn, khó dự báo hơn và gây thiệt hại lớn hơn trên phạm vi toàn cầu.
Người dân Philippines ""mất trắng"" vì mưa bão. Ảnh:Reuters.
Theo Tổ chức Khí tượng Thế giới (WMO), 11 năm qua (2015-2025), năm nào cũng nằm trong nhóm những năm nóng nhất lịch sử 176 năm quan sát của tổ chức.
Đến năm 2025, nhiệt độ trung bình giai đoạn đầu năm đã cao hơn 1,42 độ C so với thời kỳ tiền công nghiệp. Nhiệt độ toàn cầu tăng cao khiến đại dương hấp thụ hơn 90% lượng nhiệt dư thừa, cung cấp ""nhiên liệu"" khổng lồ cho các cơn bão nhiệt đới.
Kết quả phân tích của tổ chức World Weather Attribution (WWA) về bão Melissa cũng cho thấy biến đổi khí hậu đã làm tăng tốc độ gió tối đa của bão thêm 7% và làm lượng mưa gần tâm bão tăng 16%.
Các nhà khoa học khẳng định những điều kiện nhiệt độ và độ ẩm đã khiến Melissa mạnh lên, nhanh gấp sáu lần so với thời kỳ tiền công nghiệp.
“Đại dương ấm lên chính là động cơ vận hành của bão. Nhiệt độ nước càng cao, gió của bão càng mạnh”, nhà khoa học khí tượng Theodore Keeping, đồng tác giả nghiên cứu của WWA, nhận định.
Theo bà Keeping, nếu khí hậu vẫn duy trì ở mức giống thời kỳ tiền công nghiệp, một cơn bão như Melissa sẽ có tốc độ gió yếu hơn khoảng 16 km/giờ và thiệt hại kinh tế sẽ nhỏ hơn nhiều.
Không chỉ tăng tốc độ gió, mực nước biển dâng và độ ẩm khí quyển tăng khiến sóng dâng bão mạnh hơn, làm mở rộng phạm vi ngập lụt ven biển.
Không riêng các quốc gia châu Á như Việt Nam, Philippines hay Trung Quốc, các vùng duyên hải Đại Tây Dương của Canada cũng đang phải đối mặt với rủi ro ngày càng lớn về kinh tế và an toàn, khi bão mạnh có thể hình thành ở vĩ độ cao hơn - nơi trước đây ít khi chịu ảnh hưởng trực tiếp.
Bên cạnh biến đổi khí hậu, năm 2025 trùng với thời điểm Mặt Trời cực đại (Solar Maximum). Đây là giai đoạn cao điểm hoạt động mạnh nhất trong chu kỳ hoạt động kéo dài khoảng 11 năm của Mặt Trời, cũng là giai đoạn xảy ra nhiều vụ nổ Mặt Trời và hoạt động từ trường cũng rất mạnh.
Trong giai đoạn Mặt Trời cực đại, các tia lửa Mặt Trời và các vụ phun trào vành nhật hoa có thể gây hư hại cho linh kiện điện tử trên vệ tinh hoặc tăng lực cản khí quyển, khiến vệ tinh bị rơi khỏi quỹ đạo. Các vệ tinh đóng vai trò thiết yếu trong truyền thông, định vị và dự báo thời tiết, song lại rất dễ bị tổn thương trước bão Mặt Trời.
Quy Nhơn tan hoang sau bão số 13. Ảnh:Minh Đức.
Theo một nghiên cứu được công bố trên trang Phys.org, tác động của hiện tượng này không ảnh hưởng đáng kể đến nhiệt độ toàn cầu, nhưng sự tăng nhẹ về bức xạ năng lượng và tia cực tím có thể khiến khí quyển biến động và ảnh hưởng đến điều kiện hình thành bão.
Tuy nhiên, giáo sư Hossein Bonakdari tại Đại học Ottawa nhấn mạnh ảnh hưởng của hoạt động Mặt Trời lên khí hậu nhỏ hơn rất nhiều so với khí thải nhà kính. Những đợt nắng nóng và bão dữ trong năm 2025 chủ yếu bắt nguồn từ CO2 và CH4 - hai loại khí đang giữ lại lượng nhiệt khổng lồ trong khí quyển.
Từ những hiện tượng cực đoan trong năm 2025, các nhà khí tượng cảnh báo thế giới đang bước vào kỷ nguyên của những cơn bão cực đoan, bởi biến đổi khí hậu do con người gây ra đang tiếp tục đẩy nhiệt độ đại dương và khí quyển lên mức kỷ lục.
Lượng nhiệt dư thừa trong các tầng khí quyển và đại dương không chỉ làm gia tăng tần suất và cường độ bão nhiệt đới, mà còn khiến các hiện tượng thời tiết cực đoan như mưa đá, gió giật, lũ quét và nắng nóng kéo dài trở nên khốc liệt hơn.
Do đó, giới khoa học kêu gọi các quốc gia, đặc biệt là những vùng ven biển và khu vực dễ tổn thương, phải tăng cường khả năng thích ứng và phòng ngừa rủi ro khí hậu.
Cáchệ thống cảnh báo sớmvà dự báo thời tiết cực đoan cần được mở rộng, kết hợp với việc nâng cấp tiêu chuẩn xây dựng để đảm bảo công trình có thể chống chịu gió mạnh, mưa lớn và sóng dâng bão.
Bên cạnh đó,quy hoạch sử dụng đấtphải hạn chế phát triển nhà ở tại các khu vực có nguy cơ cao, đồng thời đẩy mạnh giải pháp tự nhiên như trồng rừng ven biển, khôi phục vùng ngập mặn và hệ sinh thái đệm.
Nhìn chung, ứng phó với biến đổi khí hậu không chỉ là vấn đề môi trường, mà là vấn đề sinh tồn và phát triển bền vững. Giáo sư Andrew Dessler tại Đại học Texas A&M nhận định nếu không hành động quyết liệt, Trái Đất không chỉ hứng chịu nhiều bão hơn, mà còn đối diện với những cơn bão dữ dội chưa từng có trong lịch sử.
""Một trong những yếu tố đáng sợ nhất là bão Melissa duy trì tốc độ gió đạt tới 298 km/h. Rất hiếm khi có cơn bão mạnh như vậy. Nếu đây là dấu hiệu của tương lai, đó không phải điều gì tốt lành"", ông nói vớiAP.
Thị trường lao động thay đổi chóng mặt, để tồn tại, con người cần học tập suốt đời. Trong bối cảnh đó, tạp chí Tri Thức - Znews giới thiệu tới độc giả cuốnHọc tập suốt đờicủa tác giả Michelle R.Weise.
Tác phẩm cung cấp cho độc giả những đánh giá về thị trường lao động tương lai, những giải pháp cho nhu cầu vừa học vừa làm đang ngày một tăng, cùng với đó là đưa ra những cách kết nối để quá trình chuyển đổi “học-làm” diễn ra thuận lợi hơn. Từ đó, tác giả nêu lên vai trò của việc học tập suốt đời.

Hiện tượng La Nina làm thay đổi các hình thái thời tiết trên Biển Đông, khiến số lượng bão trong tháng 11 được dự báo cao hơn trung bình các năm trước.
19:53 1/11/2025"
https://lifestyle.znews.vn/nhung-bieu-hien-cho-thay-ban-co-iq-cao-post1600394.html,Những biểu hiện cho thấy bạn có IQ cao,"Hay đặt câu hỏi, nhạy cảm, khả năng thích nghi cao là một số dấu hiệu cho thấy bạn là người thông minh.","Đặt câu hỏi cho mọi thứ:Bạn không phải là người dễ dàng chấp nhận một quy tắc hay một thông báo chung chung. Bạn luôn muốn biết ""Tại sao điều này lại tồn tại ngay từ đầu?"" và ""Cơ chế đằng sau nó là gì?"". Xu hướng này không nhằm gây khó khăn hay thích đối đầu, mà là phản ứng tự nhiên của bộ não thông minh. Những người có tư duy sắc bén luôn tìm cách hiểu rõ bản chất, khám phá các cơ chế đằng sau các khái niệm, truyền thống hay niềm tin. Họ thể hiện khao khát muốn tìm tòi, học hỏi. Ảnh:Phương Lâm.
Dễ chán với những cuộc trò chuyện xã giao:Những lời nói xã giao, chuyện phiếm hời hợt không có chiều sâu thường khiến người thông minh mất hứng. Thay vào đó, họ thích những cuộc trò chuyện có ý nghĩa, nơi mọi người cùng chia sẻ ý tưởng, quan điểm và học hỏi lẫn nhau. Với họ, im lặng còn thú vị hơn là phải gượng gạo duy trì một cuộc nói chuyện không có giá trị thật sự. Ảnh:Phương Lâm.
Đọc nhiều sách:Vì trí tò mò vô hạn nên những người thông minh thường có xu hướng ham đọc sách để tìm tòi câu trả lời cho những thắc mắc của mình. Một nghiên cứu kéo dài 100 năm của Hiệp hội Nghiên cứu Phát triển Trẻ em (Anh) đã phân tích sự phát triển nhận thức của gần 2.000 cặp song sinh. Họ so sánh các tình nguyện viên về kỹ năng đọc và điểm kiểm tra. Kết quả cho thấy người có kỹ năng đọc, đọc nhiều sách sớm thường có kết quả cao khi kiểm tra IQ. Ảnh:Pexels.
Khả năng thích nghi cao:Thông minh hay thiên tài đôi khi không thể hiện ở lượng kiến thức chúng ta có, mà là cách bạn thích nghi với những môi trường khắc nghiệt, nhiều thay đổi. Khả năng này đòi hỏi quá trình học tập, tích lũy, ghi nhớ, giải quyết vấn đề. Nó cũng thể hiện khả năng làm chủ vấn đề, kiểm soát tình huống ở những người thông minh, giỏi xoay xở. Ảnh:Pexels.
Nhạy cảm:TheoBusiness Insider,một số nhà tâm lý học cho rằng khả năng nhạy cảm của người thông minh đến từ trí tuệ cảm xúc. Họ đồng cảm, hòa hợp và thấu hiểu từng thay đổi rất nhỏ của đối phương khi trò chuyện hoặc tiếp xúc. Chính vì thế, người thông minh thường nắm bắt tốt cảm xúc, làm chủ cuộc đối thoại, thậm chí biết được ai đang nói dối. Ảnh:Pexels.
Tự tạo ra thử thách:Khi làm việc nhà hay xếp hàng chờ đợi, bạn có thói quen biến những việc đơn điệu thành một trò chơi hoặc câu đố tinh thần. Thay vì cảm thấy nhàm chán, bạn coi đó là cơ hội để luyện trí nhớ, sự sáng tạo hay kỹ năng quan sát. Mỗi tình huống trong ngày đều trở thành “bài tập” cho não bộ, giúp bạn vừa thư giãn, vừa học hỏi thêm. Ảnh:Phương Lâm.
Gặp khó khăn với những nhiệm vụ đơn giản:Bạn rất giỏi phân tích những vấn đề phức tạp, nhưng lại thường xuyên quên thanh toán hóa đơn đúng hạn hoặc bỏ qua các chi tiết vặt vãnh trong cuộc sống. Sự đãng trí này không phải là dấu hiệu của sự cẩu thả. Thực ra, bộ não của bạn thường ưu tiên năng lượng cho những ý tưởng lớn, vấn đề đòi hỏi tư duy sâu hoặc sáng tạo. Vì vậy, những việc mang tính lặp lại hoặc quá đơn giản dễ khiến bạn bỏ qua. Ảnh:Phương Lâm.
Bạn đang cảm thấy mình đã quá tuổi để học?

Sự hoàn hảo là con dao hai lưỡi, nó có thể là động lực thúc đẩy một người đạt thành tích cao, hoặc trở thành gánh nặng cho họ.
18:15 5/11/2025"
https://lifestyle.znews.vn/xot-xa-xem-video-hoc-sinh-vay-danh-nem-ban-xuong-ao-post1600781.html,"Xót xa xem video học sinh vây đánh, ném bạn xuống ao","Hình ảnh một nhóm học sinh vây đánh bạn học, nam sinh hành hung rồi ném bạn xuống ao đã trở thành nỗi ám ảnh và gây phẫn nộ với nhiều người.","Hình ảnh nam sinh ném bạn xuống ao do camera giám sát ghi lại. Ảnh:Cắt từ clip.
Những đoạn video ghi cảnh học sinh hành hung bạn, ném xuống ao ở Lào Cai hay vụ đâm bạn tử vong tại Thanh Hóa khiến nhiều người sốc và đau lòng. Hành vi vượt qua giới hạn đạo đức và pháp luật ấy khiến phụ huynh không khỏi hoang mang về môi trường học đường và cách con trẻ giải quyết mâu thuẫn.
“Tại sao các cháu lại có thể như vậy?”, chị Hương Trà, phụ huynh ở phường Hoàng Liệt (Hà Nội), chia sẻ với Tri Thức - Znews.
Ngày 17/10, vụ việc ở Thanh Hóa khiến nhiều người bàng hoàng, khi chỉ vì mâu thuẫn, đánh nhau trên đường đi học về, nam sinh lớp 12 trường THPT Đặng Thai Mai bị bạn khóa dưới đâm tử vong.
Chỉ ít ngày sau, cũng tại Thanh Hóa, nam sinh lớp 10 ở trường Cao đẳng Nông nghiệp Thanh Hóa đã qua đời sau khi bị nhóm bạn đánh hội đồng tại trường vào ngày 31/10.
Cũng trong ngày 31/10, ở TP.HCM, mâu thuẫn trong lúc xếp hàng, hàng chục học sinh nữ vây đánh một em học sinh lớp 8 ở trong nhà vệ sinh của trường THCS An Điền (phường Long Nguyên). Đáng chú ý, một số học sinh khác đứng xem, hò reo, không ai can ngăn.
Sự việc chỉ được phát hiện khi clip ghi lại cảnh bạo lực lan truyền trên mạng. Sau đó, nạn nhân đã được đưa đến bệnh viện để chữa trị trong tình trạng đa chấn thương, rạn 3 xương sườn, tinh thần hoảng sợ.
Mới nhất (chiều 5/11), clip ghi lại cảnh hai nam sinh lớp 8 ở Lào Cai xảy ra xích mích, cãi vã. Trong lúc nóng giận, một em đã bất ngờ rút dao gọt trái cây mang theo trong cặp tấn công bạn học, sau đó đẩy nạn nhân xuống hồ nước. Rất may mắn, người dân gần đó kịp thời chạy đến ứng cứu, kéo nạn nhân lên bờ và đưa đi cấp cứu.
Giống như chị Hương Trà, sốc là điều đầu tiên anh Minh Hiếu (phụ huynh tại phường Hà Đông, Hà Nội) cảm nhận được khi xem và đọc thông tin hàng loạt vụ việc bạo lực học đường xảy ra gần đây.
“Tôi tự hỏi tại sao những hành vi bạo lực như vậy có thể xảy ra trong môi trường giáo dục? Sẽ ra sao nếu nó xảy ra với con mình?”, anh Hiếu nói.
Từng là nạn nhân của bạo lực học đường, anh Hiếu nhìn nhận bạo lực thường sẽ diễn ra trong một quá trình dài, không phải đột ngột. Nguyên nhân đầu tiên dẫn đến tình trạng này đến từ nhận thức. Nhiều người, kể cả kẻ gây ra bạo lực, nạn nhân, phụ huynh và giáo viên đều chưa nhận thức được thế nào là bạo lực học đường.
Anh cho rằng phụ huynh hoặc giáo viên đôi khi có thể nghĩ rằng đó chỉ là trẻ con chơi đùa với nhau và coi đó là chuyện bình thường. Họ không ý thức được sự nghiêm trọng của sự việc. Tương tự, kẻ gây ra bạo lực cũng có thể nghĩ đó chỉ là trêu đùa.
Trong khi đó, nạn nhân lại không nhận ra mình bị bạo lực, không nhận ra mình không xứng đáng bị đối xử như vậy. Các con không được trang bị kiến thức để biết khi nào thì cần đứng lên bảo vệ bản thân, như thế nào là đang bị tổn thương, và khi nào thì bạo lực không phải là chuyện đùa.
“Vì các em không nhận thức được mức độ, nên các em không dám nói với giáo viên hoặc bố mẹ, dẫn đến hành vi bạo lực tiếp diễn. Tôi cho rằng có một khoảng trống giáo dục rất lớn về vấn đề này”, anh Hiếu nhìn nhận.
Đồng quan điểm, chị Hương Trà bổ sung thêm rằng nguyên nhân của bạo lực học đường xuất phát từ nhiều yếu tố như môi trường gia đình không lành mạnh, trẻ thiếu quan tâm hoặc phải chứng kiến bạo lực từ trong gia đình.
Bên cạnh đó, trẻ có thể bị ảnh hưởng tiêu cực từ truyền thông, các video có xu hướng bạo lực trên mạng hoặc ảnh hưởng từ bạn bè. Ngoài ra, các vấn đề như thiếu hụt kỹ năng sống và giải quyết mâu thuẫn, tâm sinh lý tuổi dậy thì dễ hiếu thắng, nổi loạn, thích thể hiện cũng góp phần gây ra hành vi bạo lực.
Nữ sinh ở TP.HCM bị các học sinh khác đánh hội đồng. Ảnh:Cắt từ clip.
Nhìn nhận bạo lực học đường luôn rình rập xung quanh con trẻ và bất cứ ai cũng có thể trở thành nạn nhân, chị Hương Trà đã cho con đi học võ, đầu tiên là giúp con có kỹ năng bảo vệ bản thân, sau đó là rèn giũa tính nết, biết kiểm soát cảm xúc và hành động.
Ngoài ra, người mẹ cũng dạy con xảy ra bất kỳ chuyện gì cũng cần báo với thầy cô, bố mẹ để kịp thời giải quyết. Bản thân chị và chồng cũng chủ động cân bằng giữa công việc và gia đình, dành nhiều thời gian quan tâm, chia sẻ với con, đặc biệt là hạn chế những hành vi tiêu cực trước mặt trẻ.
Trong khi đó, để phòng tránh bạo lực học đường, chị Thanh Ngân (phụ huynh ở phường Đại Mỗ, Hà Nội) dạy con sống hòa thuận, vui vẻ, tránh xích mích, gây sự với các bạn.
Trong trường hợp bạn hẹn ra chỗ khuất để nói chuyện, chị dặn con cần trao đổi với giáo viên, bố mẹ để có hướng giải quyết. Nếu bạn học có hành vi manh động, việc đầu tiên con cần làm là chạy đến nơi có thể cầu cứu. Nếu không thể chạy, con có thể phản kháng, tránh để bị hành hạ.
Giống như chị Trà, chị Ngân cũng thường xuyên hỏi han tình hình ở lớp của con để kịp thời giải quyết. Nếu trong lớp, trong trường có học sinh có hành vi bạo lực, chị sẽ chủ động báo giáo viên, hiệu trưởng để xử lý, tránh hậu quả về sau.
“Tôi đã từng báo cho hiệu trưởng khi thấy con bị các bạn nhắn tin, đăng bài lên mạng xã hội đe dọa. Nếu không nhận được sự hỗ trợ từ thầy cô, phương án cuối cùng của tôi là chuyển trường để bảo vệ con”, chị Ngân nói.
Trong khi đó, anh Minh Hiếu nhấn mạnh việc xây dựng nhận thức và kỹ năng năng phản ứng cho trẻ từ sớm. Ngay khi con gái 4 tuổi, vợ chồng anh đã dạy con ý thức về ranh giới, không được để người khác xâm phạm thân thể, làm trái ý muốn của mình.
Cùng với đó, phản ứng đầu tiên con được dạy là thông báo cho những người xung quanh biết khi có vấn đề xảy ra. Con có thể hét thật to giữa lớp để gây chú ý hoặc chạy tới chỗ giáo viên.
Nếu không có người lớn hoặc việc hét to không có tác dụng, con phải tự bảo vệ mình bằng cách đẩy bạn ra. Kỹ thuật được dạy là đặt hai tay lên ngực của bạn và đẩy ra thật mạnh, sau đó chạy đi.
Nhiều gia đình dạy con đánh lại khi bị bắt nạt, song anh Hiếu không hoàn toàn ủng hộ phương pháp này. Theo anh, bố mẹ nên dạy con biết cách phản ứng lại, tuy nhiên, việc đánh lại có thể gây hại nhiều hơn lợi.
Lý do là kẻ bắt nạt thường mạnh hơn. Hành động đánh lại có thể chọc tức họ và gây nguy hiểm ngược lại cho nạn nhân. Ngoài ra, việc đánh lại cũng có nguy cơ khiến đứa trẻ trở thành kẻ bắt nạt nếu chúng nhận ra chúng có thể làm tổn thương người khác.
“Do đó, phản ứng lại chỉ nên dừng ở mức tự vệ, không nên biến nó trở lại thành bạo lực”, anh Hiếu nói.
Mục Giáo dục giới thiệu đến bạn đọc những cuốn sách nuôi dạy trẻ trong thời đại 4.0.
Cuốn sáchNuôi con 4.0 - Làm thế nào để trẻ không bị nghiện thiết bị công nghệ?của TS Shimi Kang (nhà khoa học, tâm lý học, chuyên gia giáo dục, tác giả của nhiều tựa sách bán chạy) được đánh giá là hữu ích cho các phụ huynh có con em nghiện sử dụng thiết bị điện tử.
TS Shimi Kang đưa ra hàng loạt dẫn chứng và phân tích khoa học về cách thức tác động của thiết bị công nghệ đến bộ não đang trong giai đoạn phát triển của trẻ. Sau đó, bà chỉ ra những tác động tiêu cực đến sức khỏe, hành vi và tính cách của trẻ.

Sau vụ một nữ sinh bị cả nhóm hơn 10 nữ sinh cùng trường xúm vào đánh hội đồng, mạng xã hội tiếp tục xôn xao với clip ghi lại cảnh 2 nữ sinh đánh nhau túi bụi.
07:48 7/11/2025"
https://lifestyle.znews.vn/45-sinh-vien-han-quoc-bi-cam-nhap-hoc-vi-bao-luc-hoc-duong-post1600843.html,45 sinh viên Hàn Quốc bị cấm nhập học vì bạo lực học đường,Hàng chục thí sinh tại Hàn Quốc bị các trường đại học hàng đầu từ chối tuyển sinh vì từng có lịch sử bạo lực học đường và bị ghi vào hồ sơ học sinh.,"Thí sinh bắt nạt bạn bè bị từ chối vào đại học. Ảnh:BI.
Nhiều trường đại học hàng đầu Hàn Quốc, bao gồm Đại học Quốc gia Seoul (SNU), đã bắt đầu từ chối những thí sinh có tiền sử bạo lực học đường. Động thái này được xem là bước ngoặt chưa từng có trong chính sách giáo dục Hàn Quốc.
Cụ thể, 6 trong số 10 đại học quốc gia trọng điểm tại quốc gia này đã từ chối 45 thí sinh trong kỳ tuyển sinh năm 2025 vì có liên quan đến bạo lực học đường. Trong đó, SNU loại hai thí sinh, còn Đại học Quốc gia Kyungpook - nơi vừa áp dụng hệ thống chấm điểm kỷ luật nghiêm ngặt - đã từ chối 22 hồ sơ, theoKorea Joongang Daily.
Tại Hàn Quốc, học sinh có thể nộp hồ sơ vào đại học theo hai hình thức là tuyển sinh sớm dựa trên học bạ và phỏng vấn hoặc tuyển sinh thông thường dựa vào điểm thi năng lực đại học (CSAT).
Với quy định mới, dù thuộc diện nào, thí sinh có tiền sử bạo lực học đường đều có thể bị trừ điểm hoặc từ chối xét tuyển.
Đại học Quốc gia Kyungpook hiện là trường có quy định khắt khe nhất khi trừ 10 điểm đối với thí sinh bạo lực học đường mức 1-3, 50 điểm cho mức 4-7 và tới 150 điểm cho trường hợp vi phạm tới mức phải chuyển trường hoặc đuổi học (mức 8-9).
Đại học Quốc gia Kyungpook từ chối 22 thí sinh vì có tiền sử bạo lực, bắt nạt bạn học. Ảnh:THE.
“Bạo lực học đường không chỉ là hành vi sai trái cá nhân mà còn là sự vi phạm niềm tin xã hội. Các trường đại học có trách nhiệm duy trì những giá trị tốt đẹp cộng đồng"", Đại học Quốc gia Kyungpook nêu rõ trong thông cáo.
Một cán bộ tuyển sinh khác của trường này cho biết đây mới chỉ là khởi đầu. Thời gian tới, mức chuẩn đặt ra cho thí sinh sẽ ngày càng cao hơn và những học sinh từng gây bạo lực sẽ phải chịu trách nhiệm nhiều hơn.
Chính sách siết chặt này không chỉ giới hạn ở các trường đại học quốc gia. Một số trường y khoa và trường đào tạo giáo viên khác cũng đang xem xét biện pháp tương tự.
Korea Heraldcho biết 10 trường sư phạm hàng đầu, trong đó có Đại học Sư phạm Quốc gia Gyeongin, Đại học Sư phạm Quốc gia Busan và Đại học Sư phạm Quốc gia Seoul, đã tuyên bố rằng bắt đầu từ năm tới, bất kỳ thí sinh nào có tiền sử bạo lực học đường, dù ở mức độ nhẹ hay nặng, sẽ bị loại ngay lập tức.
Theo quy định hiện hành, Hàn Quốc phân loại kỷ luật học sinh bạo lực học đường từ mức 1 (viết thư xin lỗi) đến mức 9 (đuổi học).
Trước đây, nhiều vụ việc được xử lý nội bộ theo hướng “hòa giải”, nhưng giờ đây, các vi phạm từ mức 6 trở lên buộc phải ghi vào hồ sơ học tập vĩnh viễn. Hồ sơ này có thể ảnh hưởng trực tiếp đến quá trình tuyển sinh đại học, tuyển dụng công chức hoặc thậm chí một số vị trí trong công ty tư nhân.
Nhiều chuyên gia cho rằng đằng sau chính sách mới là sự thay đổi văn hóa trong xã hội Hàn Quốc.
Trước giữa những năm 2000, bạo lực học đường thường bị xem nhẹ như “chuyện con trai đánh nhau” hay mâu thuẫn cá nhân giữa bạn học. Giáo viên được khuyến khích hòa giải, còn phụ huynh thì được kêu gọi tha thứ.
Tuy nhiên, trong thập kỷ qua, hàng loạt vụ việc gây chấn động, từ các vụ tự tử liên quan đến bắt nạt, lời kể của người nổi tiếng, đến làn sóng phản ứng sau bộ phimThe Glory, đã biến bạo lực học đường từ một vấn đề riêng tư thành một cuộc khủng hoảng xã hội.
“Trước đây, bạo lực học đường được xem là xung đột cá nhân. Giờ đây, nó được coi là hành vi vi phạm quyền cơ bản, và xã hội đang yêu cầu trách nhiệm lâu dài”, một giáo viên trung học ở Seoul nhận định.
Giáo viên này cho biết hồ sơ vi phạm có thể tồn tại đến 2 năm sau khi tốt nghiệp, thậm chí vĩnh viễn trong trường hợp bị đuổi học.
“Các nạn nhân nói rằng trải nghiệm bị bắt nạt đã ảnh hưởng đến họ suốt đời. Những học sinh từng gây bạo lực cần hiểu rằng hành vi trong trường học có thể theo họ đến khi trưởng thành và các trường đại học cũng đang dõi theo”, giáo viên này nói thêm.
Mục Giáo dục giới thiệu đến bạn đọc những cuốn sách nuôi dạy trẻ trong thời đại 4.0.
Cuốn sáchNuôi con 4.0 - Làm thế nào để trẻ không bị nghiện thiết bị công nghệ?của TS Shimi Kang (nhà khoa học, tâm lý học, chuyên gia giáo dục, tác giả của nhiều tựa sách bán chạy) được đánh giá là hữu ích cho các phụ huynh có con em nghiện sử dụng thiết bị điện tử.
TS Shimi Kang đưa ra hàng loạt dẫn chứng và phân tích khoa học về cách thức tác động của thiết bị công nghệ đến bộ não đang trong giai đoạn phát triển của trẻ. Sau đó, bà chỉ ra những tác động tiêu cực đến sức khỏe, hành vi và tính cách của trẻ.

Loạt trường học ở Hàn Quốc rúng động vì các vụ bắt cóc trẻ em bất thành liên tiếp xảy ra. Không riêng cha mẹ, nhà trường và giáo viên cũng bất an vì vấn đề này.
20:25 12/9/2025"
https://lifestyle.znews.vn/3-ly-do-khien-nhan-tai-olympic-khong-ve-viet-nam-lam-viec-post1600815.html,3 lý do khiến nhân tài Olympic không về Việt Nam làm việc,"Bộ GD&ĐT trăn trở khi nhiều học sinh Việt Nam đạt thành tích cao tại các kỳ thi Olympic khu vực, quốc tế đã chọn du học và hầu hết ở lại nước ngoài làm việc.","GS Huỳnh Văn Chương, Cục trưởng Quản lý chất lượng (Bộ GD&ĐT). Ảnh:Tú Linh.
Thực tế trên được GS Huỳnh Văn Chương, Cục trưởng Quản lý chất lượng (Bộ GD&ĐT), chỉ ra tại hội nghị tổng kết công tác tập huấn, bồi dưỡng các đội tuyển thi Olympic khu vực và quốc tế giai đoạn 2016-2025, diễn ra sáng 7/11.
Theo ông Chương, những năm qua, ngành giáo dục đã quan tâm, đầu tư cho việc phát hiện, đào tạo, bồi dưỡng học sinh giỏi. Các em đạt giải đã được các cấp, doanh nghiệp khen thưởng kịp thời. Tuy nhiên, việc đào tạo chuyên sâu để sử dụng nhóm này như lao động tinh hoa, chất lượng cao còn đang bỏ ngỏ.
Theo Bộ GD&ĐT, đa số học sinh đoạt huy chương Olympic khu vực và quốc tế đều được các trường đại học có uy tín ở nước ngoài cấp học bổng du học.
Trong giai đoạn 2016-2024, trong số 220 học sinh đoạt giải Olympic khu vực và quốc tế, có 146 em (chiếm 66%) đi du học tại các nước Mỹ, Singapore, Pháp,Hong Kong(Trung Quốc), Australia, Anh...
Tuy nhiên, đa số em đi học nước ngoài thường ở lại nước đó để làm việc do chế độ đãi ngộ (lương cao) cũng như mong muốn được nâng cao bản thân ở những nước có nền khoa học tiên tiến. Ông Chương chỉ ra 3 lý do dẫn đến việc này:
Đồng quan điểm, thầy Nguyễn Văn Đóa, giáo viên trường THPT chuyên Bắc Giang (Bắc Ninh), cho biết sau mỗi kỳ thi quốc tế, niềm tự hào luôn đi kèm với nỗi trăn trở.
Đó là các em đạt giải xuất sắc, nhưng con đường tiếp theo phần lớn vẫn do gia đình tự tìm kiếm, tự lo học bổng, tự lo tài chính để theo đuổi đam mê. Nhiều em có tiềm năng trở thành nhà khoa học hàng đầu nhưng chưa có cơ chế hỗ trợ đủ mạnh để phát triển dài hạn trong nước.
""Chúng tôi rất trăn trở về việc này. Không chỉ dừng ở huy chương, bằng khen, các em còn con đường rất dài 40 năm cống hiến, vậy làm thế nào để các em quay lại với đất nước?"", ông Chương đặt vấn đề.
Kết quả tham dự Olympic khu vực và quốc tế giai đoạn 2006-2015 và giai đoạn 2016-2025. Ảnh:Bộ GD&ĐT.
Ông Chương cho biết Bộ GD&ĐT sẽ cùng các bên liên quan xây dựng Đề án chiến lược quốc gia về phát hiện, đào tạo, bồi dưỡng, sử dụng và đãi ngộ nhân tài trẻ.
Ông cũng đề nghị các trường đại học, viện nghiên cứu trong nước xây dựng chương trình xuất sắc, không khác gì chương trình quốc tế để thu hút, giữ chân học sinh đạt giải tới học tập và nghiên cứu.
""Làm sao để 6.000 em thi học sinh giỏi quốc gia thì có 50% ở trong nước, rồi tới các em đạt huy chương Olympic"", ông Chương nói và nhìn nhận giữ chân các em cũng góp phần đẩy chất lượng các đại học ở Việt Nam, từ đó tăng hạng thế giới.
Bên cạnh đó, ông Chương đề xuất thí điểm việc học vượt cấp, vượt lớp cùng cơ chế đào tạo song hành đối với học sinh, sinh viên có năng lực đặc biệt.
Đồng quan điểm, để chuyển từ học sinh giỏi thành nhà khoa học lớn, thầy Nguyễn Văn Đóa đề xuất một số giải pháp như xây dựng quỹ học bổng quốc gia, xây dựng chính sách tạo điều kiện việc làm, nghiên cứu và đãi ngộ xứng đáng để các em trở về phục vụ quê hương, đất nước.
Điều này bao gồm việc cấp kinh phí khởi điểm cho các nhóm nghiên cứu do chính các tài năng trẻ đứng đầu; xây dựng hệ sinh thái tài năng với chuỗi đồng bộ từ phát hiện, bồi dưỡng, gửi đi đào tạo đến thu hút trở về; mở rộng hợp tác với các trường đại học, viện nghiên cứu, quỹ khoa học toàn cầu...
Trong giai đoạn 2016-2025, các đội tuyển Việt Nam tham gia dự thi Olympic khu vực và quốc tế các môn Toán, Lý, Hóa, Sinh, Tin học đã mang về 362 huy chương. Trong đó có 112 huy chương vàng, 140 bạc, 89 đồng và 21 bằng khen, vượt giai đoạn 2006-2015 tổng số 48 huy chương.
Đoàn học sinh Việt Nam luôn nằm trong top 10 quốc gia đạt thành tích cao nhất. Số lượng huy chương vàng, bạc, đồng ngày càng tăng, đặc biệt có nhiều em đạt giải cao nhất hoặc giải đặc biệt về thí nghiệm - lý thuyết.
Những cuốn sách dành cho người đứng trước cánh cửa nghề nghiệp
Chiến đạogiống cuộc đối thoại, gợi mở các câu hỏi của cuộc đời, giúp người trẻ chủ động định hướng nghề nghiệp, kiến tạo tương lai.
Eight - 8 cách làm chủ trí thông minh nhân tạo: “Đa số công việc mà công viên chức đang phụ trách cuối cùng đều sẽ bị thay thế bởi trí thông minh nhân tạo"", cuốn sách này sẽ giải đáp câu hỏi đó.

Không chỉ có nhà vô địch Olympia 2025, lớp 12 chuyên Sinh, trường THPT chuyên Hà Nội - Amsterdam còn có nhiều học sinh đạt giải cao trong các kỳ thi khác.
08:18 29/10/2025"
https://lifestyle.znews.vn/ai-co-the-duoc-ho-tro-1-trieu-thang-de-chuyen-nghe-post1600716.html,Ai có thể được hỗ trợ 1 triệu/ tháng để chuyển nghề?,Các lao động từng làm việc tại nước ngoài có nguyện vọng chuyển nghề khi về nước sẽ được hỗ trợ một khoản tiền mỗi tháng.,"Người lao động nước ngoài được hỗ trợ một triệu đồng/tháng khi chuyển nghề. Ảnh minh hoạ: Phương Lâm.
Vào giữa tháng 9, Thủ tướng Chính phủ đã ban hành Quyết định 34/2025/QĐ-TTg quy định việc thành lập, tổ chức hoạt động, quản lý và sử dụng quỹ hỗ trợ việc làm ngoài nước nhằm tăng cường chính sách hỗ trợ người lao động Việt Nam đi làm việc ở nước ngoài theo hợp đồng.
Đáng chú ý, quyết định này nêu rằng người lao động có nhu cầu được đào tạo chuyển đổi nghề hoặc nâng cao trình độ kỹ năng nghề sẽ được hỗ trợ chi phí học tập.
Mức hỗ trợ được ấn định là một triệu đồng mỗi tháng, tối đa trong 6 tháng cho một người trong một khóa học.
Sau khi hoàn thành khóa đào tạo, người lao động hoặc người được ủy quyền, hoặc người đại diện theo pháp luật có thể gửi hồ sơ đề nghị hỗ trợ đến quỹ theo hình thức trực tuyến, trực tiếp, qua bưu chính hoặc thông qua doanh nghiệp, tổ chức, cá nhân đã đưa người lao động đi làm việc ở nước ngoài.
Hồ sơ cần kèm theo giấy đề nghị hỗ trợ và các tài liệu chứng minh gồm:
- Bản sao chứng chỉ hoặc giấy chứng nhận hoàn thành khóa đào tạo nghề;
- Phiếu thu hoặc biên lai học phí của cơ sở đào tạo;
- Văn bản ủy quyền hoặc giấy tờ chứng minh quyền đại diện hợp pháp.
Trường hợp hồ sơ được gửi thông qua doanh nghiệp, tổ chức hoặc cá nhân đưa người lao động đi làm việc ở nước ngoài, đơn vị đó có trách nhiệm lập danh sách người đề nghị hỗ trợ và gửi kèm hồ sơ của từng lao động đến quỹ để được xem xét, giải quyết.
Theo quyết định 34/2025/QĐ-TTg, quỹ hỗ trợ việc làm ngoài nước được áp dụng cho người lao động Việt Nam đi làm việc ở nước ngoài, các doanh nghiệp cung cấp dịch vụ đưa lao động ra nước ngoài, cùng các cơ quan, tổ chức, cá nhân có liên quan việc quản lý, đóng góp và sử dụng quỹ.
Quỹ hoạt động theo mô hình đơn vị sự nghiệp công lập tự đảm bảo chi thường xuyên và chi đầu tư. Mục tiêu của quỹ là hỗ trợ người lao động Việt Nam làm việc ở nước ngoài theo hợp đồng, đồng thời đồng hành cùng người lao động trong các vấn đề liên quan pháp lý, sức khoẻ, cuộc sống...
Những cuốn sách dành cho người đứng trước cánh cửa nghề nghiệp
Mục Giáo dục giới thiệu đến bạn đọc một số cuốn sách về chủ đề nghề nghiệp, hướng nghiệp, dành cho những bạn trẻ đang băn khoăn trước cánh cửa nghề nghiệp hay người trưởng thành quan tâm đến sự biến đổi nghề nghiệp trong xã hội hiện đại.
Chiến đạogiống cuộc đối thoại, gợi mở các câu hỏi của cuộc đời, giúp người trẻ chủ động định hướng nghề nghiệp, kiến tạo tương lai.
Eight - 8 cách làm chủ trí thông minh nhân tạo: “Đa số công việc mà công viên chức đang phụ trách cuối cùng đều sẽ bị thay thế bởi trí thông minh nhân tạo"", cuốn sách này sẽ giải đáp câu hỏi đó.

Đối diện với thị trường lao động đóng băng, nhiều sinh viên Hàn Quốc lựa chọn không ra trường đúng hạn để tìm kiếm cơ hội và tránh đối mặt với thất nghiệp.
05:56 29/8/2025"
https://lifestyle.znews.vn/quan-quan-olympia-tien-si-tin-hoc-quan-ly-cap-cao-cong-ty-cong-nghe-post1600750.html,"Quán quân Olympia: Tiến sĩ Tin học, quản lý cấp cao công ty công nghệ","Quán quân Olympia mùa 2 Phan Mạnh Tân có bằng tiến sĩ ở Australia, đang giữ vị trí quản lý cấp cao ở công ty công nghệ hàng đầu.","Phan Mạnh Tân đang là kiến trúc sư giải pháp trưởng về trải nghiệm số khu vực châu Á - Thái Bình Dương của HCL Software.
Trong chương trình Đường lên đỉnh Olympia mùa thứ 2, Phan Mạnh Tân (lớp chuyên Toán, THPT chuyên Hà Tĩnh) có màn ''lội ngược dòng'' ngoạn mục giành chiến thắng thuyết phục.
Vòng nguyệt quế danh giá giúp chàng trai Hà Tĩnh giành được học bổng du học toàn phần 4 năm tại Australia. Ngoài Olympia, anh còn đoạt giải ba học sinh giỏi quốc gia môn Hóa học - thành tích đáng tự hào của ngôi trường vốn nổi tiếng về truyền thống học giỏi.
Phan Mạnh Tân giành ngôi vô địch Đường lên đỉnh Olympia mùa thứ 2.
Trước đó, Phan Mạnh Tân được biết đến với niềm đam mê đọc sách và thích tự thử thách bản thân qua các kỳ thi học sinh giỏi. Ở bất kỳ môn học nào từ Toán, Lý đến Hóa, Tân đều muốn “đi thi cho biết giới hạn của mình ở đâu”. Chính niềm đam mê ấy đã đưa anh đến với Đường lên đỉnh Olympia và giành chiến thắng.
Bước sang hành trình du học, Phan Mạnh Tân chọn ngành Công nghệ thông tin tại Đại học Swinburne (Australia). Những năm đầu xa nhà, thử thách lớn nhất của anh là sự khác biệt văn hóa và cách học hoàn toàn mới. “Những gì chưa được thử nghiệm, những gì chưa vượt qua lại tạo động lực để tôi gắn bó với nó”, anh từng chia sẻ.
Nhờ năng lực nổi trội, Tân được chọn học chương trình danh dự, rút ngắn một năm thạc sĩ và chuyển thẳng lên làm nghiên cứu sinh tiến sĩ Tin học.
Sau khi bảo vệ thành công luận án tiến sĩ, anh được mời ở lại giảng dạy và nghiên cứu, nhưng đã từ chối để nhận lời làm việc cho tập đoàn IBM - “ông lớn” hàng đầu thế giới trong lĩnh vực công nghệ thông tin.
Quán quân Đường lên đỉnh Olympia hiện có cuộc sống kín tiếng ở nước ngoài.
Từ vị trí kiến trúc sư phần mềm, Phan Mạnh Tân dần khẳng định năng lực, trở thành quản lý cấp cao trong bộ phận tư vấn. Hiện anh đang là kiến trúc sư giải pháp trưởng về trải nghiệm số khu vực châu Á - Thái Bình Dương của HCL Software.
Trong chương trình Gala kỷ niệm 25 năm Đường lên đỉnh Olympia, Phan Mạnh Tân xuất hiện trở lại, vẫn nụ cười hiền lành, giọng nói trầm ấm, giản dị như thuở nào. Anh đã có những chia sẻ xúc động: ""Olympia đã thay đổi hoàn toàn cuộc sống của tôi. Chương trình cho tôi cơ hội được ra nước ngoài, được học ngành mình yêu thích trong một môi trường thân thiện. Với một chàng trai tỉnh lẻ như tôi, đó thực sự là cơ hội lớn"", anh chia sẻ.
Không chỉ mang lại tri thức, Olympia còn giúp Phan Mạnh Tân rèn luyện những kỹ năng đưa ra quyết định.
""Trong công việc, có những dự án tôi chỉ vài phút để đưa ra quyết định, ảnh hưởng đến hàng triệu người dùng. Đôi khi không có đủ thông tin, tôi phải dựa vào trực giác và khả năng phân tích của mình. Đó là những điều được rèn từ thời Olympia"", anh nói.
Anh Phan Mạnh Tân cũng đưa ra lời khuyên cho người trẻ rằng trong thời đại công nghệ phát triển với tốc độ chóng mặt, tri thức của hôm nay có thể nhanh chóng trở nên lỗi thời vào ngày mai.
Vì vậy, điều quan trọng nhất với mỗi người không còn là học được bao nhiêu, mà là khả năng học cái mới, cập nhật và thích ứng với sự thay đổi không ngừng của thế giới.
Quán quân Đường lên đỉnh Olympia mùa thứ 2 kết hôn với một du học sinh người Việt, từng cùng hoạt động trong hội sinh viên. Cả hai có hai con trai kháu khỉnh và luôn dạy các con nói tiếng Việt, giữ nếp sống Việt.
Nhiều năm sinh sống ở Australia, song Phan Mạnh Tân vẫn giữ cho mình lối sống giản dị và hướng về quê hương. Anh dạy các con nói tiếng Việt, gìn giữ phong tục và thói quen ẩm thực quê hương. Cuối tuần, gia đình anh thường quây quần cùng nhóm bạn cũ, trong đó có một người bạn học cùng lớp chuyên Toán ở trường cấp 3, để nấu món Việt và trò chuyện bằng giọng quê thân thuộc.
Trong mắt bạn bè, Phan Mạnh Tân là người thành công nhưng khiêm nhường. Anh hiếm khi xuất hiện trên mạng xã hội hay báo chí, chỉ lặng lẽ làm việc, dạy con và thi thoảng góp mặt trong các hoạt động cộng đồng người Việt.
Thị trường lao động thay đổi chóng mặt, để tồn tại, con người cần học tập suốt đời. Trong bối cảnh đó, tạp chí Tri Thức - Znews giới thiệu tới độc giả cuốnHọc tập suốt đờicủa tác giả Michelle R.Weise.
Tác phẩm cung cấp cho độc giả những đánh giá về thị trường lao động tương lai, những giải pháp cho nhu cầu vừa học vừa làm đang ngày một tăng, cùng với đó là đưa ra những cách kết nối để quá trình chuyển đổi “học-làm” diễn ra thuận lợi hơn. Từ đó, tác giả nêu lên vai trò của việc học tập suốt đời.

Sau 15 năm, cựu thí sinh Olympia Nguyễn Phùng Hưng gây chú ý khi trở thành bác sĩ tại Bệnh viện Nội tiết Trung ương.
09:34 5/11/2025"
https://lifestyle.znews.vn/cong-thuc-tinh-luong-moi-giao-vien-duoc-huong-he-so-dac-thu-cao-nhat-khoi-hanh-chinh-su-nghiep-tu-2026-post1600340.html,Cách tính lương giáo viên từ 1/1/2026,"Theo đề xuất của Bộ GD&ĐT, với hệ số đặc thù dự kiến 1,25 và 1,15, lương tháng giáo viên cao nhất lên gần 19 triệu đồng, chưa kể phụ cấp.","Lương giáo viên phổ thông có thể đạt gần 19 triệu đồng khi có thêm hệ số lương đặc thù. Ảnh:Đinh Hà.
Bộ GD&ĐT vừa công bố dự thảo Nghị định quy định chính sách tiền lương, chế độ phụ cấp đối với nhà giáo để lấy ý kiến góp ý rộng rãi của các cơ quan, tổ chức, cá nhân.
Theo dự thảo nghị định, tất cả nhà giáo đều được hưởng hệ số lương đặc thù. Trong đó, giáo viên mầm non công lập được hưởng hệ số lương đặc thù mức 1,25 so với hệ số lương hiện hưởng; các chức danh nhà giáo khác được hưởng hệ số lương đặc thù mức 1,15 so với hệ số lương hiện hưởng.
Những thầy cô đang dạy học sinh khuyết tật, hòa nhập, trường nội trú có hệ số 1,2-1,3.
Hệ số lương đặc thù được tính với mức lương và không dùng để tính mức phụ cấp. Công thức tính mức lương đối với nhà giáo như sau:
Công thức tính lương giáo viên = Lương cơ sở x Hệ số lương hiện tại x Hệ số lương đặc thù.
Theo Bộ GD&ĐT, với hệ số đặc thù, tiền lương của giáo viên sẽ cao nhất trong hệ thống thang bảng lương dành cho khối hành chính sự nghiệp theo quy định trong Luật Nhà giáo.
Bảng lương giáo viên mới với hệ số đặc thù dự kiến như sau:
Nếu được thông qua, nghị định sẽ có hiệu lực từ ngày 1/1/2026. Khi thực hiện chính sách mới, hệ số lương đặc thù tiếp tục được thực hiện, việc chuyển xếp từ lương cũ sang lương mới thực hiện theo quy định của Chính phủ.
Theo tính toán của Bộ GD&ĐT, ngân sách phát sinh chủ yếu cho đối tượng là giáo viên mầm non, phổ thông do chiếm số lượng lớn nhà giáo và các sơ sở giáo dục khác biệt khác đang tự chủ mức độ 3, 2. Theo đó, ngân sách phát sinh khoảng1.652 tỷ đồng. Chi phí phát sinh chi trả phụ cấp lưu động khoảng 50 tỷ/năm.
Ngoài lương, nhà giáo còn được hưởng một số loại phụ cấp gồm phụ cấp thâm niên nhà giáo; phụ cấp ưu đãi theo nghề đối với nhà giáo trực tiếp giảng dạy các cấp học, môn học, đối tượng dạy học và theo vùng miền công tác...
Những cuốn sách dành cho người đứng trước cánh cửa nghề nghiệp
Mục Giáo dục giới thiệu đến bạn đọc một số cuốn sách về chủ đề nghề nghiệp, hướng nghiệp, dành cho những bạn trẻ đang băn khoăn trước cánh cửa nghề nghiệp hay người trưởng thành quan tâm đến sự biến đổi nghề nghiệp trong xã hội hiện đại.
Chiến đạogiống cuộc đối thoại, gợi mở các câu hỏi của cuộc đời, giúp người trẻ chủ động định hướng nghề nghiệp, kiến tạo tương lai.

Theo Bộ GD&ĐT, thu nhập chưa đủ sống là một phần nguyên nhân khiến tình trạng giáo viên nghỉ việc có xu hướng tăng, do đó cần quy định về lương đặc thù, tăng phụ cấp.
11:32 3/11/2025"
https://lifestyle.znews.vn/nu-sinh-o-tphcm-lai-danh-nhau-tui-bui-trong-nha-ve-sinh-cua-truong-post1600710.html,Nữ sinh ở TP.HCM lại đánh nhau túi bụi trong nhà vệ sinh của trường,"Sau vụ một nữ sinh bị cả nhóm hơn 10 nữ sinh cùng trường xúm vào đánh hội đồng, mạng xã hội tiếp tục xôn xao với clip ghi lại cảnh 2 nữ sinh đánh nhau túi bụi.","Hai nữ sinh đánh nhau trong nhà vệ sinh của trường Ảnh cắt từ clip.
Tối 6/11, mạng xã hội chia sẻ clip ghi lại cảnh hai nữ sinh đánh nhau trong khu vực nhà vệ sinh trường học, gây xôn xao dư luận.
Hình ảnh trong clip cho thấy hai nữ sinh túm tóc, vật nhau xuống sàn nhà vệ sinh. Cả hai đấm liên tiếp vào người đối phương. Vụ đánh nhau kéo dài khoảng 3 phút trước sự chứng kiến của nhiều học sinh khác song không có em nào can ngăn.
Theo tìm hiểu của phóng viên, vụ việc xảy ra tại trường THCS Phú An (phường Phú An, TP.HCM).
Lãnh đạo UBND phường Phú An và hiệu trưởng trường THCS Phú An xác nhận đã nắm thông tin về clip hai nữ sinh của trường đánh nhau. Hiện, cơ quan chức năng địa phương vào cuộc xác minh vụ việc.
Trước đó,Tiền Phongđã đưa tin về việc một nữ sinh lớp 8, trường THCS An Điền (phường Long Nguyên, TP.HCM) bị nhóm gần 10 nữ sinh cùng trường lôi vào nhà vệ sinh của trường đánh đập. Nạn nhân bị đánh phải nhập viện trong tình trạng đa chấn thương, rạn nứt 3 xương sườn.
Ngày 6/11, ban giám hiệu trường THCS An Điền đã làm việc với các học sinh liên quan và phụ huynh. Hiệu trưởng trường này nhận trách nhiệm vì để xảy ra vụ việc học sinh đánh nhau.
Nhà trường cho biết, theo quy định, hiện nay không còn áp dụng hình thức kỷ luật đuổi học. Do đó, nhà trường sẽ xử lý hình thức phù hợp trong phạm vi cho phép. Đồng thời, nhà trường có biện pháp chấn chỉnh, tránh tái diễn vụ việc tương tự.
Mục Giáo dục giới thiệu đến bạn đọc những cuốn sách nuôi dạy trẻ trong thời đại 4.0.
Cuốn sáchNuôi con 4.0 - Làm thế nào để trẻ không bị nghiện thiết bị công nghệ?của TS Shimi Kang (nhà khoa học, tâm lý học, chuyên gia giáo dục, tác giả của nhiều tựa sách bán chạy) được đánh giá là hữu ích cho các phụ huynh có con em nghiện sử dụng thiết bị điện tử.
TS Shimi Kang đưa ra hàng loạt dẫn chứng và phân tích khoa học về cách thức tác động của thiết bị công nghệ đến bộ não đang trong giai đoạn phát triển của trẻ. Sau đó, bà chỉ ra những tác động tiêu cực đến sức khỏe, hành vi và tính cách của trẻ.

Sau 5 ngày bị nhóm học sinh đánh hội đồng, nam sinh đang học tại trường Cao đẳng Nông nghiệp Thanh Hóa đã tử vong.
20:35 5/11/2025"
https://lifestyle.znews.vn/nhac-si-nguyen-van-chung-dua-nhat-ky-cua-me-ra-quoc-te-nho-tieng-anh-post1600579.html,Nhạc sĩ Nguyễn Văn Chung đưa 'Nhật ký của mẹ' ra quốc tế nhờ tiếng Anh,Nhạc sĩ Nguyễn Văn Chung chia sẻ việc thành thạo tiếng Anh giúp anh tiếp cận với những nguồn tri thức chuyên sâu và mở ra nhiều cơ hội trong tương lai,"Nhạc sĩ Nguyễn Văn Chung chia sẻ tại chương trình. Ảnh:BTC.
Nội dung trên được nhạc sĩ Nguyễn Văn Chung chia sẻ tại buổi thảo luận thuộc khuôn khổ chương trình ra mắt học bổng giáo dục S80 International Education Scholarship, được tổ chức vào chiều 6/11 tại Hà Nội.
Nhạc sĩ Nguyễn Văn Chung cho biết ngay từ khi còn nhỏ, mẹ của anh đã chỉ cho các con thấy tầm quan trọng của tiếng Anh. Bà sẵn sàng đầu tư một khoản tiền lớn cho con học ngoại ngữ bởi tin rằng nếu không có tiếng Anh, các con sẽ khó vươn xa.
Nhờ đó, sau 6 tháng, trình độ tiếng Anh của anh vượt trội so với bạn bè. Điểm tiếng Anh nhân hệ số 2 cũng giúp anh đỗ vào THPT chuyên Lê Hồng Phong (TP.HCM). Ngoài ra, việc thành thạo tiếng Anh giúp anh tiếp cận với những nguồn tri thức chuyên sâu và mở ra nhiều cơ hội sau đó.
Nếu không hiểu tiếng Anh, nhạc sĩ cho biết anh có thể đã bỏ qua email từ Trung tâm sản xuất âm nhạc Casa Musica (Đức), đơn vị xin phép sử dụng ca khúcNhật ký của mẹcho một chương trình khiêu vũ. Họ hỏi về bản quyền, thanh toán cũng như cách liên lạc.Nhờ đọc hiểu và phản hồi kịp thời, ca khúc đã được phổ biến tới khán giả quốc tế.
Từ trải nghiệm của bản thân, Nguyễn Văn Chung áp dụng cách dạy tương tự từ mẹ mình cho con: “Con có thể chọn bất kỳ ngành học nào, nhưng nhất định phải giỏi tiếng Anh hoặc ngoại ngữ khác”.
Không chỉ nhạc sĩ Nguyễn Văn Chung, tiếng Anh đã được xác định là một yếu tố quan trọng trong công cuộc phát triển nguồn nhân lực quốc gia.
Nghị quyết số 71 của Bộ Chính trị về đột phá phát triển giáo dục và đào tạo xác định một trong những nhiệm vụ quan trọng là tăng cường dạy và học ngoại ngữ, từng bước đưa tiếng Anh trở thành ngôn ngữ thứ hai trong trường học.
Để thực hiện mục tiêu này, cuối tháng 10/2025, Chính phủ cũng đã công bố Đề án ""Đưa Tiếng Anh thành ngôn ngữ thứ hai trong trường học giai đoạn 2025-2035, tầm nhìn đến năm 2045"".
Bà Nguyễn Thúy Hồng cho rằng Nghị quyết 71 đã tạo ra tác động mạnh mẽ trong phương pháp dạy và học tiếng Anh. Ảnh:BTC.
Cũng chia sẻ tại buổi thảo luận, bà Nguyễn Thúy Hồng, nguyên Phó cục trưởng Cục Nhà giáo, Bộ GD&ĐT, nhìn nhận tiếng Anh ngày càng trở nên quan trọng đối với năng lực hội nhập của học sinh và sinh viên.
Theo bà, Nghị quyết 71 đã tạo ra tác động mạnh mẽ trong phương pháp dạy và học tiếng Anh. Thay đổi không chỉ diễn ra ở cách giảng dạy, cách học, mà còn ở toàn bộ hệ sinh thái giáo dục hỗ trợ việc học tiếng Anh.
Mục tiêu giáo dục tiếng Anh trong giai đoạn mới là hướng tới việc đưa tiếng Anh trở thành ngôn ngữ thứ hai trong nhà trường. Tăng cường cả số lượng và chất lượng các môn học có liên quan đến tiếng Anh.
""Quan trọng hơn là tạo ra môi trường giao tiếp tiếng Anh thực tế, để học sinh không chỉ học trong sách, mà được sử dụng trong đời sống học đường"", bà Hồng nhấn mạnh.
Vị này đề xuất phải đổi mới trong kiểm tra và đánh giá, chuyển từ mô hình đánh giá ghi nhớ sang đánh giá năng lực sử dụng ngôn ngữ; ứng dụng công nghệ thông tin trong giảng dạy và khảo thí. Theo bà Hồng, việc đánh giá theo phương pháp mới sẽ phản ánh rõ hơn khả năng giao tiếp và vận dụng tiếng Anh trong thực tế.
Thị trường lao động thay đổi chóng mặt, để tồn tại, con người cần học tập suốt đời. Trong bối cảnh đó, tạp chí Tri Thức - Znews giới thiệu tới độc giả cuốnHọc tập suốt đờicủa tác giả Michelle R.Weise.
Tác phẩm cung cấp cho độc giả những đánh giá về thị trường lao động tương lai, những giải pháp cho nhu cầu vừa học vừa làm đang ngày một tăng, cùng với đó là đưa ra những cách kết nối để quá trình chuyển đổi “học-làm” diễn ra thuận lợi hơn.

Kết quả khảo sát TALIS chỉ ra 4% giáo viên Việt “rất căng thẳng” trong công việc, nhưng có tới 54% thừa nhận chịu áp lực về thành tích học sinh và thay đổi chương trình.
19:00 6/11/2025"
https://lifestyle.znews.vn/ed-sheeran-duoc-bo-giao-duc-anh-vinh-danh-post1600583.html,Ed Sheeran được Bộ Giáo dục Anh vinh danh,Ngôi sao nhạc pop Ed Sheeran mới đây được Bộ Giáo dục Anh vinh danh vì đã có công trong việc thúc đẩy Chính phủ Anh cải tổ chương trình giảng dạy âm nhạc tại các trường công lập.,"Ed Sheeran đưa ra đề xuất để Bộ Giáo dục Anh đổi mới chương trình môn Âm nhạc. Ảnh:Shutterstock.
Cụ thể, Bộ Giáo dục Anh đã lên kế hoạch đổi mới chương trình quốc gia, trong đó có việc mở rộng sức hút của môn Âm nhạc, khuyến khích học sinh lựa chọn các môn nghệ thuật sáng tạo trong kỳ thi GCSE. Bộ nhấn mạnh rằng mục tiêu của kế hoạch mới là đảm bảo mọi trẻ em đều có khởi đầu vững chắc trong âm nhạc và nghệ thuật.
Khi bộ lên kế hoạch này, Ed Sheeran đã gửi thư, đưa ra đề xuất đa dạng hoá các thể loại âm nhạc được giảng dạy tại trường, đồng thời loại bỏ những hệ thống lỗi thời đang cản trở trẻ học âm nhạc và nghệ thuật trong tiết học chính khoá, theoThe Guardian.
Bức thư ngỏ này do quỹ cá nhân của Ed Sheeran tổ chức, nhận được hơn 600 chữ ký ủng hộ từ các nghệ sĩ và nhân vật văn hóa nổi tiếng như Paloma Faith, Stormzy, Elton John và Coldplay.
Trên mạng xã hội, Ed Sheeran chia sẻ niềm vui khi một số đề xuất trong bức thư ngỏ mà anh gửi Thủ tướng Keir Starmer vào tháng 1 đã được chính phủ ghi nhận.
“Tôi rất vui khi thấy những điểm then chốt mà chúng tôi nêu ra đã được chấp thuận. Đây là thay đổi đầu tiên đối với chương trình âm nhạc trong hơn một thập kỷ qua. Việc đa dạng hóa thể loại âm nhạc trong trường học và loại bỏ các rào cản cũ kỹ sẽ mở ra cơ hội cho trẻ em học tập và phát triển thông qua nghệ thuật"", chủ nhân ca khúc Shape of you chia sẻ, đồng thời cho biết nếu không có sự khích lệ của giáo viên âm nhạc thời phổ thông, anh đã không trở thành nhạc sĩ như hôm nay.
Khi trình bày trước quốc hội, Bộ trưởng Giáo dục Bridget Phillipson nhắc đến Sheeran như một tiếng nói tiêu biểu ủng hộ giáo dục sáng tạo.
“Như Ed Sheeran từng nói, chúng ta không thể dẫn đầu thế giới về sáng tạo nếu không có nền tảng giáo dục nghệ thuật vững chắc. Nghệ thuật phải dành cho mọi người, không chỉ cho số ít may mắn"", bộ trưởng nhấn mạnh.
Các trường công lập tại Anh đang thiếu thời gian và điều kiện để giảng dạy các môn sáng tạo. Chính phủ vì thế đề xuất điều chỉnh hệ thống đánh giá thành tích, khuyến khích học sinh chọn các môn như âm nhạc, múa, kịch trong kỳ thi GCSE, thay thế cho nhóm môn học thuật Ebacc được áp dụng từ thời cựu Bộ trưởng Michael Gove.
Giới nghệ thuật Anh hoan nghênh quyết định này. Đại diện Công ty Royal Shakespeare cho biết thay đổi sẽ tạo khác biệt đáng kể cho thế hệ trẻ.
Ngoài những nội dung liên quan nghệ thuật, chính phủ nước này cũng công bố rằng học sinh sẽ được dạy cách “phân tích tư duy phản biện” các bài đăng trên mạng xã hộiTikTokvàInstagram.
Bộ nhấn mạnh rằng việc phân tích blog hoặc các bài đăng trên mạng xã hội được xem là một kỹ năng then chốt trong việc hiểu biết truyền thông và đánh giá bằng chứng, hoặc học cách nhận diện tin giả.
Chính phủ cũng đang xem xét cấp chứng chỉ ngôn ngữ hiện đại mới trước kỳ thi GCSE, mục đích là có thể khuyến khích học sinh tiếp tục học tập và phát triển khả năng ngôn ngữ của mình.
Bạn đang cảm thấy mình đã quá tuổi để học?

Nữ ca sĩ này sinh năm 1982, hiện là tiến sĩ, đang giảng dạy tại Học viện Âm nhạc Quốc gia Việt Nam.
07:54 10/9/2025"
https://lifestyle.znews.vn/tap-doan-cua-ty-phu-jensen-huang-mang-tin-vui-den-sinh-vien-tphcm-post1600594.html,Tập đoàn của tỷ phú Jensen Huang mang tin vui đến sinh viên TP.HCM,"Chương trình học bổng trong năm 2025 sẽ dành cho 50 sinh viên xuất sắc đang theo học các ngành liên quan AI, công nghệ thông tin, khoa học máy tính, khoa học dữ liệu...","Tập đoàn Nvidia của tỷ phú Jensen Huang cấp học bổng cho sinh viên Đại học Quốc gia TP.HCM. Ảnh:Reuters.
Đại học Quốc gia TP.HCM cho biết nhà trường sẽ triển khai chương trình học bổng Jensen Huang năm 2025. Đây là sáng kiến do tập đoàn Nvidia phối hợp thực hiện trong khuôn khổ hợp tác giữa nhà trường và tập đoàn nhằm phát triển hệ sinh thái trí tuệ nhân tạo (AI) tại Việt Nam.
Dự kiến trong năm 2025, chương trình này sẽ trao 50 suất học bổng dành cho sinh viên. Người được chọn sẽ tham gia đào tạo AI chuyên sâu “Zero-to-Hero” cùng chuyên gia Thung lũng Silicon, được học tập trên nền tảng Nvidia Deep Learning Institute, tài trợ khóa học và hội thảo chuyên ngành, đồng thời có cơ hội thực tập, nghiên cứu và tham gia các dự án, cuộc thi AI do Nvidia tổ chức.
Theo kế hoạch, chương trình học bổng Jensen Huang được thí điểm tại Đại học Quốc gia TP.HCM trong năm 2025 và 2026, ước tính tổng ngân sách lên đến một triệu USD.
Trong số đó,200.000 USDđược đầu tư trực tiếp cho sinh viên, bao gồm đào tạo, phát triển kỹ năng, thưởng khuyến khích.800.000 USDcòn lại sẽ dành cho việc cung cấp tài nguyên GPU phục vụ các dự án nghiên cứu, khởi nghiệp và sáng tạo trong lĩnh vực AI.
Để tham gia học bổng này, sinh viên cần đáp ứng điều kiện là sinh viên năm 4, năm cuối hoặc mới tốt nghiệp tại các trường thành viên của Đại học Quốc gia TP.HCM, đồng thời phải theo học các ngành liên quan trí tuệ nhân tạo, công nghệ thông tin, khoa học máy tính, khoa học dữ liệu, điện tử - viễn thông, toán - tin ứng dụng hoặc các ngành có định hướng AI.
Danh sách trường thành viên được đề cập bao gồm: Đại học Bách khoa, Đại học Khoa học Tự nhiên, Đại học Quốc tế, Đại học Công nghệ Thông tin và Đại học An Giang.
Ngoài ra, sinh viên cần đáp ứng điều kiện về GPA, tối thiểu là 3,5/4 (tương đương 8,75/10 điểm), trình độ tiếng Anh IELTS 6.0 hoặc TOEFL iBT 80 trở lên, cùng hồ sơ chứng minh năng lực học tập, nghiên cứu và hoạt động ngoại khóa.
Nvidia là tập đoàn công nghệ đa quốc gia của Mỹ do tỷ phú Jensen Huang thành lập, chuyên phát triển bộ xử lý đồ hoạ và chip xử lý. Gần đây, công ty này cũng tập trung phát triển bộ phận nghiên cứu cho lĩnh vực AI, xe tự lái, VR...
Trước khi hợp tác cấp học bổng tại Đại học Quốc gia TP.HCM, Nvidia từng có 25 năm cấp học bổng cho các nghiên cứu sinh tiến sĩ nhằm hỗ trợ giới học thuật theo đuổi sự nghiệp nghiên cứu trong lĩnh vực AI, robot, xe... Hàng năm, tập đoàn này tuyển chọn những ứng viên tiềm năng và cấp kinh phí nghiên cứu lên đến60.000 USD, đồng thời hỗ trợ một kỳ thực tập hè bắt buộc cho những người được cấp học bổng.
Bạn đang cảm thấy mình đã quá tuổi để học?

Nếu được trở lại tuổi 20 và tốt nghiệp đại học vào năm 2025, Jensen Huang, CEO của Nvidia, sẽ tập trung vào các ngành khoa học vật lý thay vì công nghệ phần mềm.
07:33 22/7/2025"
https://lifestyle.znews.vn/hon-nua-giao-vien-thcs-bi-ap-luc-vi-thanh-tich-hoc-sinh-post1600465.html,Hơn nửa giáo viên THCS bị áp lực vì thành tích học sinh,"Kết quả khảo sát TALIS chỉ ra 4% giáo viên Việt “rất căng thẳng” trong công việc, nhưng có tới 54% thừa nhận chịu áp lực về thành tích học sinh và thay đổi chương trình.","Giáo viên trong kỳ thi tuyển dụng viên chức tại TP.HCM. Ảnh minh họa:Khương Nguyễn.
Tổ chức Hợp tác và Phát triển Kinh tế (OECD) vừa công bố kết quả Khảo sát quốc tế về dạy và học (TALIS) chu kỳ 2024, với sự tham gia của 55 quốc gia và vùng lãnh thổ.
Việt Nam tham gia với mẫu đại diện toàn quốc, gồm 202 cơ sở giáo dục thuộc 58 tỉnh, thành phố, 202 hiệu trưởng và 4.410 giáo viên.
Kết quả TALIS 2024 cho thấy giáo viên Việt Nam có tuổi trung bình 42 tuổi, thấp hơn mức trung bình của OECD (45 tuổi); 70% là nữ và 91% có hợp đồng lâu dài.
Đội ngũ nhà giáo Việt Nam được đánh giá là trẻ, nhiệt huyết, có năng lực công nghệ ngày càng tốt và mức độ hài lòng nghề nghiệp cao.
92% giáo viên Việt Nam cho rằng nghề giáo được xã hội coi trọng. Đây là tỷ lệ cao nhất trong toàn bộ các quốc gia tham gia khảo sát (mức trung bình của OECD là 22%).
Cùng với đó, 87% giáo viên tin rằng ý kiến của họ được các nhà hoạch định chính sách lắng nghe và coi trọng, tăng 8% so với chu kì 2018.
Cũng theo khảo sát, 97% giáo viên Việt hài lòng với công việc của mình, chỉ 3% giáo viên dưới 30 tuổi có ý định nghỉ việc trong 5 năm tới. 58% giáo viên hài lòng với mức lương hiện tại, cao hơn 19 điểm phần trăm so với trung bình OECD và tăng 6% so với năm 2018.
Theo Bộ GD&ĐT, một trong những điểm sáng đáng chú ý của TALIS 2024 là năng lực chuyển đổi số của giáo viên Việt Nam.
Có tới 64% giáo viên đã sử dụng AI trong dạy học, đứng thứ 5 trong số các quốc gia và vùng lãnh thổ tham gia, cao hơn mức trung bình OECD (36%).
Tuy nhiên, 71% giáo viên cho biết trường học còn thiếu cơ sở hạ tầng và công cụ kỹ thuật số cần thiết để ứng dụng AI, cao hơn đáng kể so với mức trung bình OECD (37%).
Trong số những giáo viên chưa sử dụng AI trong giảng dạy, 60% cho rằng họ chưa có đủ kiến thức và kỹ năng để ứng dụng công nghệ này.
92% giáo viên Việt Nam cho rằng nghề giáo được xã hội coi trọng. Ảnh minh họa:Khương Nguyễn.
Theo kết quả khảo sát, 95% giáo viên Việt Nam nhận thấy các hoạt động bồi dưỡng chuyên môn có tác động tích cực đến giảng dạy. 96% giáo viên sư phạm đánh giá chương trình đào tạo ban đầu của họ có chất lượng cao.
Mức độ hợp tác chuyên môn cũng tăng đáng kể, với 69% giáo viên tham gia dạy học nhóm (tăng mạnh so với 2018), và 98% tin tưởng đồng nghiệp và hiệu trưởng của mình.
Đặc biệt, 97% giáo viên “đồng ý” hoặc “hoàn toàn đồng ý” rằng hiệu trưởng có mối quan hệ chuyên môn tốt với nhân viên.
Cũng theo kết quả khảo sát, chỉ 4% giáo viên dạy trong các trường có trên 10% học sinh có nhu cầu đặc biệt, song phần lớn giáo viên cho biết họ tự tin điều chỉnh bài học để phù hợp với học sinh.
Ở khía cạnh phúc lợi, các chính sách hỗ trợ và môi trường làm việc đang được chú trọng, góp phần nâng cao sự gắn bó với nghề.
Mức độ căng thẳng nghề nghiệp của giáo viên Việt Nam ở mức thấp. Chỉ 4% giáo viên cho biết “rất căng thẳng” trong công việc, dù 54% thừa nhận chịu áp lực về thành tích học sinh và thay đổi chương trình.
Khảo sát TALIS 2024 được OECD triển khai nhằm cung cấp bằng chứng so sánh quốc tế về đội ngũ giáo viên và hiệu trưởng THCS, qua đó phản ánh đặc điểm, quan điểm và kinh nghiệm nghề nghiệp của đội ngũ nhà giáo trong bối cảnh đổi mới giáo dục phổ thông và chuyển đổi số.
Từ các kết quả nêu trên, Bộ GD&ĐT khuyến nghị phát triển năng lực số và ứng dụng trí tuệ nhân tạo cho giáo viên. Trong đó có ban hành chuẩn năng lực số của giáo viên Việt Nam; đầu tư hạ tầng công nghệ và tổ chức các chương trình bồi dưỡng, ngắn hạn về công nghệ giáo dục và an toàn dữ liệu.
Bên cạnh đó là thúc đẩy giáo dục hòa nhập và hỗ trợ học sinh đa dạng, lồng ghép giáo dục đặc biệt, tâm lý học đường trong đào tạo sư phạm.
Ngoài ra, bộ khuyến nghị cải thiện điều kiện làm việc và phúc lợi nghề nghiệp, đổi mới chính sách tiền lương theo năng lực, giảm gánh nặng hành chính, tăng thời gian cho hoạt động chuyên môn; hỗ trợ tinh thần và nhà ở cho giáo viên trẻ, nhất là ở vùng nông thôn...
Thị trường lao động thay đổi chóng mặt, để tồn tại, con người cần học tập suốt đời. Trong bối cảnh đó, tạp chí Tri Thức - Znews giới thiệu tới độc giả cuốnHọc tập suốt đờicủa tác giả Michelle R.Weise.
Tác phẩm cung cấp cho độc giả những đánh giá về thị trường lao động tương lai, những giải pháp cho nhu cầu vừa học vừa làm đang ngày một tăng, cùng với đó là đưa ra những cách kết nối để quá trình chuyển đổi “học-làm” diễn ra thuận lợi hơn. Từ đó, tác giả nêu lên vai trò của việc học tập suốt đời.

Ông Hồ Xuân Năng, Chủ tịch CTCP Vicostone, đạt chuẩn chức danh giáo sư ngành Cơ khí năm 2025.
11:00 6/11/2025"
https://lifestyle.znews.vn/thong-bao-khan-cua-cac-dh-tphcm-da-nang-truoc-bao-so-13-kalmaegi-post1600536.html,"Thông báo khẩn của các ĐH TP.HCM, Đà Nẵng trước bão số 13 Kalmaegi","Loạt trường đại học ở TP.HCM, Đà Nẵng, Quy Nhơn thông báo cho sinh viên nghỉ học trực tiếp, chuyển sang học online để đảm bảo an toàn trong đợt bão Kalmaegi sắp đổ bộ vào đất liền.","Hình ảnh mắt bão Kalmaegi được ghi lại vào ngày 3/11. Ảnh:Eumetsat.
Chiều 6/11,Đại họcKinh tế TP.HCMra thông báo khẩn về việc chuyển hình thức giảng dạy do tình hình thời tiết nhiều biến động.
Cụ thể, nhằm đảm bảo an toàn cho giảng viên và người học khi bão số 13 đổ bộ, nhà trường tạm thời chuyển toàn bộ lớp học sang hình thức giảng dạy trực tuyến từ tối 6/11 đến hết ngày 7/11.
Ngoài ra, Đại học Kinh tế TP.HCM lưu ý trong thời gian này, sinh viên và người học cần theo dõi thông báo từ khoa, giảng viên và ban đào tạo, đồng thời chủ động kiểm tra đường truyền, thiết bị học trực tuyến và cập nhật tình hình thời tiết để sắp xếp lịch di chuyển an toàn.
Trước đó, từ ngày 5/11, Sở GD&ĐT TP.HCM đã có văn bản yêu cầu các cơ sở giáo dục triển khai phương án, biện pháp ứng phó với bão Kalmaegi, chuẩn bị sẵn sàng chuyển sang học trực tuyến, tạm hoãn lịch học khi thời tiết diễn biến xấu.
Cùng với đó, sở yêu cầu các cơ sở giáo dục sẵn sàng ứng phó với ảnh hưởng của bão như giông, lốc, sạt lở, ngập úng do mưa lớn kết hợp triều cường gây ra.
Tại Đà Nẵng,Đại học Công nghệ thông tin và Truyền thông Việt - Hàn (Đại học Đà Nẵng)thông báo cho toàn thể sinh viên nghỉ học vào chiều 6/11 để tránh bão. Sau bão, giảng viên sẽ chủ động báo lịch dạy bù theo đúng quy định.
Đại học Xây dựng Miền Trungcũng thông báo sinh viên đang học tại cơ sở Đắk Lắk được nghỉ học từ chiều 5/11 đến hết ngày 7/11 để tránh bão và đảm bảo an toàn.
Sinh viên được nhà trường khuyến cáo theo dõi sát tin tức thời tiết, giữ liên lạc với giáo viên chủ nhiệm để cập nhật tình hình và thực hiện đúng chỉ đạo công tác phòng chống bão tại địa phương để đảm bảo an toàn.
Trước đó,Đại học Quang Trungtại Quy Nhơn - địa phương trực tiếp đón bão số 13 - đã thông báo cho sinh viên nghỉ học từ chiều 5/11 cho đến hết ngày 7/11.
Nhà trường đồng thời đề nghị sinh viên hạn chế di chuyển, theo dõi sát thông tin thời tiết và chủ động tuân thủ hướng dẫn của chính quyền địa phương. Dự kiến từ ngày 8/11, sinh viên sẽ trở lại học bình thường.
Cao đẳng Công thương Miền Trungtại Phú Yên cũng thực hiện công điện khẩn của UBND tỉnh và Sở GD&ĐT về việc chủ động ứng phó với bão Kalmaegi.
Qua đó, nhà trường bố trí cho sinh viên nghỉ học từ chiều 5/11 đến hết ngày 7/11. Sinh viên cũng được khuyến nghị hạn chế di chuyển, chủ động phòng tránh bão và đảm bảo an toàn cho bản thân, gia đình.
Tại Đắk Lắk,Cao đẳng Y tế Đắk Lắkthông báo cho toàn thể sinh viên nghỉ học từ chiều 6/11 đến hết ngày 7/11 nghỉ học để chủ động phòng, tránh bão. Riêng các lớp online vẫn diễn ra bình thường theo thời khoá biểu.
Trong thời gian này, nhà trường yêu cầu sinh viên theo dõi thông tin thời tiết để đảm bảo an toàn, liên hệ với giáo viên chủ nhiệm hoặc phòng công tác sinh viên nếu cần hỗ trợ. Từ ngày 8/11, sinh viên trở lại học bình thường hoặc theo thông báo mới nhất, tuỳ tình hình diễn biến thời tiết.
Theo Trung tâm Dự báo Khí tượng Thuỷ văn Quốc gia, tính đến 17h ngày 6/11, vị trí tâm bão số 13 là khoảng 13,6 độ Vĩ Bắc, 109,7 độ Kinh Đông trên vùng biển Đắk Lắk - Gia Lai, sức gió mạnh nhất đạt cấp 13-14, giật cấp 17.
Trung tâm dự báo trong 3 giờ tiếp theo, bão sẽ di chuyển chủ yếu theo hướng tây tây bắc, tốc độ khoảng 30 km/h.
Ông Mai Văn Khiêm, Giám đốc Trung tâm Dự báo Khí tượng Thủy văn quốc gia, cho biết bão số 13 có thể duy trì cường độ mạnh nhất trong 4-6 giờ tới trước khi hoàn lưu phía tây va chạm với đất liền.
Khi tiếp cận bờ, bão có thể giảm 1-2 cấp nhưng vẫn giữ sức gió rất mạnh cấp 11-13, giật cấp 15-16 khi đổ bộ vào chiều tối và đêm nay.
Thị trường lao động thay đổi chóng mặt, để tồn tại, con người cần học tập suốt đời. Trong bối cảnh đó, tạp chí Tri Thức - Znews giới thiệu tới độc giả cuốnHọc tập suốt đờicủa tác giả Michelle R.Weise.
Tác phẩm cung cấp cho độc giả những đánh giá về thị trường lao động tương lai, những giải pháp cho nhu cầu vừa học vừa làm đang ngày một tăng, cùng với đó là đưa ra những cách kết nối để quá trình chuyển đổi “học-làm” diễn ra thuận lợi hơn. Từ đó, tác giả nêu lên vai trò của việc học tập suốt đời.

Hàng triệu học sinh ở các tỉnh Quảng Ngãi, Đà Nẵng, Khánh Hòa, Đắk Lắk được cho nghỉ học để tránh bão Kalmaegi (bão số 13).
10:11 6/11/2025"
https://lifestyle.znews.vn/so-tai-chinh-tphcm-noi-ly-do-sinh-vien-su-pham-chua-co-sinh-hoat-phi-post1600441.html,Sở Tài chính TP.HCM nói lý do sinh viên sư phạm chưa có sinh hoạt phí,"Khi bị chất vấn chuyện chi trả hỗ trợ sinh hoạt phí cho sinh viên sư phạm tại Đại học Sài Gòn, Sở Tài chính TP.HCM nói đã chi trả đủ.","Sở Tài chính TP.HCM đã chi trả đủ hỗ trợ sinh hoạt phí cho sinh viên Đại học Sài Gòn. Ảnh:Phương Lâm.
Chiều 6/11, tại họp báo thông tin về các vấn đề kinh tế - xã hội trên địa bàn TP.HCM, phóng viên đề cập đến việc sinh viên sư phạm học theo diện nhu cầu xã hội, đặt hàng theo Nghị định 116/2020/NĐ-CP của Chính phủ tại Đại học Sài Gòn phản ánh chưa được chi trả đủ khoản hỗ trợ sinh hoạt phí.
Trong đó, sinh viên nhập học từ năm 2021 và đã tốt nghiệp năm 2025 nhưng vẫn còn bị nợ khoản hỗ trợ sinh hoạt phí của năm thứ 4.
Từ những phản ánh này, phóng viên đặt câu hỏi cho Sở Tài chính TP.HCM về việc phân bổ và giải ngân kinh phí hỗ trợ sinh hoạt phí đang được thực hiện đến giai đoạn nào; các đơn vị đang gặp vướng mắc gì trong quá trình chi trả này.
Trả lời câu hỏi của phóng viên, đại diện Bộ Tài chính cho biết căn cứ Nghị định số 116/2020/NĐ-CP ngày 25/9/2020 của Chính phủ quy định chính sách hỗ trợ tiền đóng học phí và chi phí sinh hoạt đối với sinh viên sư phạm; cùng Quyết định số 2780/QĐ-UBND ngày 19/7/2024 của UBND TP.HCM phê duyệt kế hoạch triển khai Nghị định này, nguồn kinh phí thực hiện được bố trí từ ngân sách nhà nước theo đúng quy định.
Theo kế hoạch được phê duyệt, việc lập dự toán và phân bổ kinh phí thực hiện chính sách hỗ trợ sinh viên sư phạm theo nhu cầu xã hội do Đại học Sài Gòn phối hợp với Sở GD&ĐT lập, gửi Sở Tài chính tổng hợp trình UBND thành phố xem xét, bố trí dự toán hàng năm.
Trên cơ sở đề nghị của Đại học Sài Gòn có xác nhận chỉ tiêu đào tạo của Sở GD&ĐT, Sở Tài chính đã bố trí đầy đủ kinh phí theo nhu cầu được đề xuất.
Năm 2024, tổng dự toán giao cho Đại học Sài Gòn là34,314 tỷ đồng, phục vụ chi trả hỗ trợ sinh hoạt phí cho sinh viên các khóa 21 và 22. Năm 2025, dự toán giao là34,312 tỷ đồng, bao gồm kinh phí cho các khóa 21, 22 và dự kiến cho khóa 25.
Ngày 6/10, Đại học Sài Gòn có Công văn số 1410/ĐHSG-KHTC đề nghị bổ sung dự toán kinh phí năm 2025 với tổng số tiền64,002 tỷ đồngcho sinh viên các khóa 21, 22, 23 và 24.      Trên cơ sở đó, ngày 29/10/2025, Sở Tài chính đã có Tờ trình số 11028/TTr-STC trình UBND TP.HCM về điều chỉnh dự toán thu, chi ngân sách địa phương năm 2025, trong đó có nội dung bổ sung64,002 tỷ đồngcho Đại học Sài Gòn nhằm đảm bảo kinh phí hỗ trợ sinh viên sư phạm các khóa 23 và 24.
Đối với năm 2026, Sở Tài chính đã tổng hợp và dự kiến bố trí kinh phí99,404 tỷ đồngtheo đề nghị của Đại học Sài Gòn, phục vụ chi trả hỗ trợ sinh hoạt phí cho sinh viên các khóa 22, 23 và 24.     Sở Tài chính khẳng định việc bố trí dự toán kinh phí hỗ trợ sinh viên sư phạm theo Nghị định 116 đã được thực hiện đầy đủ, đúng quy định và tiến độ hàng năm.
Còn về công tác tác giải ngân và chi trả trực tiếp cho sinh viên, Sở Tài chính khẳng định đây là trách nhiệm của Đại học Sài Gòn. Do đó, sở đề nghị Đại học Sài Gòn trực tiếp cung cấp thông tin chi tiết về tiến độ chi trả cụ thể đến từng sinh viên.
Thị trường lao động thay đổi chóng mặt, để tồn tại, con người cần học tập suốt đời. Trong bối cảnh đó, tạp chí Tri Thức - Znews giới thiệu tới độc giả cuốnHọc tập suốt đờicủa tác giả Michelle R.Weise.
Tác phẩm cung cấp cho độc giả những đánh giá về thị trường lao động tương lai, những giải pháp cho nhu cầu vừa học vừa làm đang ngày một tăng, cùng với đó là đưa ra những cách kết nối để quá trình chuyển đổi “học-làm” diễn ra thuận lợi hơn. Từ đó, tác giả nêu lên vai trò của việc học tập suốt đời.

Số tiền học phí học kỳ 2 của hai năm học đã thu vượt quy định mà Đại học Thủ Dầu Một (TP.HCM) phải hoàn trả lại lên tới79 tỷ đồng.
16:37 4/11/2025"
https://lifestyle.znews.vn/thay-giao-gen-z-dung-doraemon-nobita-de-ra-de-kiem-tra-dia-ly-doc-dao-post1600365.html,"Thầy giáo Gen Z đưa Doraemon, Nobita vào đề kiểm tra Địa lý","Một thầy giáo trẻ ở TP.HCM sáng tạo đề kiểm tra Địa lý mở đầu bằng đoạn hội thoại giữa Nobita và Doraemon, khiến học sinh thích thú.","Lướt mạng xã hội, nhiều người bất ngờ bắt gặp hình ảnh đoạn hội thoại đáng yêu giữa Nobita và Doraemon trong truyện Chú mèo máy đến từ tương lai. Đọc đến cuối, không ít người ngạc nhiên nhận ra đây thực chất là phần mở đầu cho một đề kiểm tra thường xuyên môn Địa lý.
Cách lồng ghép hình thức truyện tranh vào nội dung học tập này ý tưởng sáng tạo của thầy giáo trẻ Trần Thế Anh (sinh năm 2000), đang giảng dạy môn Địa lý tại trường THCS Rạng Đông, phường Bình Thạnh, TP.HCM.
Đề kiểm tra có lồng ghép truyện tranh Doraemon. Ảnh:NVCC.
Để hoàn thiện đề kiểm tra đặc biệt này, thầy Thế Anh dành 2-3 ngày để thiết kế. Trong quá trình thực hiện, nam giáo viên đặc biệt chú ý đến việc liên kết nội dung truyện với kiến thức bài học, tạo ra các tình huống phù hợp để học sinh vận dụng kiến thức Địa lý vào giải quyết tình huống.
Bên cạnh đó, anh cân nhắc kỹ về dung lượng và cách trình bày, nhằm đảm bảo học sinh không bị cuốn vào phần minh họa truyện tranh và vẫn tập trung vào nội dung kiểm tra chính.
Ý tưởng thiết kế đề kiểm tra theo phong cách truyện tranh được anh Thế Anh tham khảo từ những bài chia sẻ của đồng nghiệp trên mạng xã hội. Khi áp dụng vào bài kiểm tra của học sinh, anh đặc biệt chú trọng cách liên kết nội dung truyện với kiến thức môn học, nhằm giúp các em tiếp cận bài làm một cách nhẹ nhàng, gần gũi hơn.
Lần đầu tiếp cận đề kiểm tra được thiết kế theo phong cách truyện tranh, nhiều học sinh ngạc nhiên trước cách thể hiện mới mẻ. Sau đó, các em dần bày tỏ sự hứng thú, cho rằng hình thức này giúp việc làm bài trở nên gần gũi và bớt áp lực hơn, đồng thời mong chờ những đề kiểm tra sáng tạo tiếp theo.
Không chỉ là người thầy, anh Thế Anh còn là người bạn của các em học sinh. Ảnh:NVCC.
Đề kiểm tra được thiết kế theo phong cách truyện tranh chỉ là một trong nhiều sản phẩm sáng tạo của thầy giáo Thế Anh. Là giáo viên trẻ, anh luôn chủ động đổi mới phương pháp giảng dạy nhằm tạo hứng thú cho học sinh trong quá trình học tập. Bên cạnh việc thiết kế đề thi, anh còn xây dựng các mô hình học tập trực quan và tạo phòng tranh 3D trên website, giúp học sinh có thêm không gian trải nghiệm và khám phá kiến thức sinh động hơn.
Anh Thế Anh cho rằng học sinh hiện không thiếu nguồn tri thức khi có thể dễ dàng tiếp cận thông tin từ nhiều nền tảng trực tuyến. Các học sinh tiếp thu nội dung trên mạng xã hội rất nhanh, thậm chí còn nhanh hơn so với khi nghe giảng trên lớp.
Vì vậy, anh luôn coi mình là người định hướng và kiểm chứng, giúp học sinh tiếp nhận kiến thức chính xác, tránh những thông tin sai lệch.
Bên cạnh đó, anh mong muốn học sinh được trải nghiệm nhiều hoạt động học tập thực tế, nhằm rèn luyện khả năng tự lập và chủ động. Anh tin rằng những trải nghiệm này không chỉ giúp các em tiếp thu kiến thức hiệu quả mà còn trang bị kỹ năng cần thiết để trưởng thành và đối mặt với những thử thách trong tương lai.
Ngoài vai trò truyền đạt kiến thức, anh Thế Anh còn thường đảm nhận những vai trò như “thám tử” hay “luật sư”, lắng nghe và giúp học sinh giải quyết các vấn đề trong đời sống học đường. Chính sự quan tâm toàn diện này góp phần tạo nên mối quan hệ thân thiết giữa thầy và trò, khiến các học sinh vừa tôn trọng vừa cảm thấy gần gũi, tin tưởng.
Thị trường lao động thay đổi chóng mặt, để tồn tại, con người cần học tập suốt đời. Trong bối cảnh đó, tạp chí Tri Thức - Znews giới thiệu tới độc giả cuốnHọc tập suốt đờicủa tác giả Michelle R.Weise.
Tác phẩm cung cấp cho độc giả những đánh giá về thị trường lao động tương lai, những giải pháp cho nhu cầu vừa học vừa làm đang ngày một tăng, cùng với đó là đưa ra những cách kết nối để quá trình chuyển đổi “học-làm” diễn ra thuận lợi hơn. Từ đó, tác giả nêu lên vai trò của việc học tập suốt đời.

Ông Hồ Xuân Năng, Chủ tịch CTCP Vicostone, đạt chuẩn chức danh giáo sư ngành Cơ khí năm 2025.
11:00 6/11/2025"
https://lifestyle.znews.vn/tieng-noi-xanh-mua-3-thu-hut-hon-1800-bai-thi-den-tu-34-tinh-thanh-post1600354.html,'Tiếng nói xanh' mùa 3 thu hút hơn 1.800 bài thi đến từ 34 tỉnh thành,"Cuộc thi hùng biện - tranh biện ""Tiếng nói xanh"" mùa 3 thu hút gần 4.000 đơn đăng ký từ các thí sinh và đội thi, tăng gần gấp đôi mùa trước.","Đến hết ngày 31/10, cuộc thi nhận được 3.814 bài dự thi (theo hình thức cá nhân và đội 2 người) đến từ thí sinh ở tất cả 34 tỉnh, thành cả nước. Trong đó, số lượng thí sinh đến từ Đà Nẵng chiếm tỷ lệ cao nhất (30,9%), tiếp theo là Ninh Bình (24,4 %) và Bắc Ninh (17,6%). Với kết quả tăng trưởng hơn 80% so với số lượng đơn đăng ký ở mùa 2, ""Tiếng nói xanh"" mùa 3 chứng tỏ sức hút lớn, thể hiện tầm ảnh hưởng đối với học sinh THPT trên cả nước.
Trong 10 chủ đề dự thi, tương ứng 10 chương trình hành động trọng điểm của quỹ Vì tương lai xanh, chủ đề được các thí sinh lựa chọn để đăng ký ý tưởng dự thi nhiều nhất bao gồm Lối sống xanh (27%), Năng lượng xanh (13,2%) và Tiêu dùng xanh (11,4%). Các chủ đề đều gắn liền đời sống thường nhật, phản ánh sự quan tâm của giới trẻ đối với thay đổi trong môi trường sống và xu hướng phát triển bền vững của xã hội hiện nay.
Ban tổ chức cuộc thi ""Tiếng nói xanh"" trong buổi giới thiệu thông tin về mùa 3 đến học sinh tại THPT Chuyên Quốc học Huế.
Trước đó, ngay sau khi phát động cuộc thi vào giữa tháng 9, ban tổ chức triển khai chuỗi hoạt động quảng bá nhằm lan tỏa thông tin đến hàng chục nghìn học sinh của 22 điểm trường THPT tại 10 tỉnh, thành ở cả 3 miền (gồm Lào Cai, Bắc Giang, Hà Nội, Hưng Yên, Ninh Bình, Huế, Đà Nẵng, Đồng Nai, TP.HCM, TP Cần Thơ). Phần lớn giáo viên và học sinh đã bày tỏ sự ấn tượng với quy mô toàn quốc và chủ đề quan trọng, thiết thực của ""Tiếng nói xanh"".
TS Lê Thái Hà, Giám đốc điều hành quỹ Vì tương lai xanh - Tập đoàn Vingroup, đại diện ban tổ chức cuộc thi ""Tiếng nói xanh"" mùa 3, chia sẻ: ""Sự bứt phá về số lượng thí sinh năm nay cho thấy tinh thần sống xanh đã thực sự lan tỏa mạnh mẽ trong thế hệ trẻ Việt Nam. Các em không chỉ quan tâm vấn đề môi trường mà còn muốn biến sự quan tâm đó thành hành động, bằng tiếng nói, ý tưởng và cam kết của chính mình. Với quỹ Vì tương lai xanh, đây là mục tiêu lớn nhất của 'Tiếng nói Xanh' - khơi dậy tư duy phản biện, năng lực hùng biện và hành động tích cực của học sinh trên hành trình xây dựng tương lai bền vững cho đất nước"".
Cuộc thi khẳng định sức hút khi phủ sóng tất cả tỉnh thành cả nước, thu hút lượng đơn đăng ký gần gấp đôi so với mùa trước.
Sau vòng đăng ký, các đội thi được lựa chọn sẽ tiếp tục bước vào vòng sơ khảo với hình thức dự thi trực tuyến trên nền tảng Gen Green trong thời gian từ 15/11 đến 30/11. Ở vòng này, các thí sinh sẽ thực hiện một video hùng biện về ý tưởng đã nộp cho ban tổ chức.
Từ các bài thi video, dự kiến 120 đội thi trên cả nước sẽ được chọn để bước tiếp vào vòng đối đầu, lần lượt diễn ra tại Hà Nội và TP.HCM. Đây là cơ hội để các thí sinh thi đấu đối kháng trực tiếp với đối thủ đến từ 3 miền tổ quốc, để lựa chọn ra top 16 đội thi/cá nhân xuất sắc bước vào vòng thi cuối cùng - vòng tranh hạng, dự kiến diễn ra tại trường Đại học VinUni vào ngày 30-31/1/2026.
Cuộc thi hùng biện - tranh biện “Tiếng nói xanh” là dự án thuộc chương trình ""Giáo dục xanh"", nằm trong thỏa thuận hợp tác giữa Bộ Giáo dục và Đào tạo cùng quỹ ""Vì tương lai xanh"" - Tập đoàn Vingroup giai đoạn 2023-2028. Cuộc thi dành cho toàn bộ học sinh THPT trên cả nước. Sau 2 mùa tổ chức, cuộc thi thu hút gần 6.000 thí sinh đến từ hàng trăm trường THPT ở 33/34 tỉnh, thành.
Bước sang mùa 3 năm 2025, ""Tiếng nói xanh"" có giá trị giải thưởng lên đến gần18 tỷ đồng. Thời gian nhận đăng ký dự thi từ 15/9 đến hết 31/10. Thí sinh đăng ký tham gia qua website:talkgreenfuture.net."
https://lifestyle.znews.vn/bo-gd-dt-ho-tro-hang-ty-dong-cho-hoc-sinh-vung-lu-o-hue-da-nang-post1600341.html,"Bộ GD&ĐT hỗ trợ hàng tỷ đồng cho học sinh vùng lũ ở Huế, Đà Nẵng","Trong buổi kiểm tra khắc phục hậu quả, Bộ GD&ĐT hỗ trợ tiền mặt cho thành phố Huế, Đà Nẵng, cùng với đó là hàng trăm nghìn bộ sách giáo khoa trị giá hàng tỷ đồng.","Trận mưa lũ lịch sử tại các tỉnh miền Trung gây ảnh hưởng nặng nề đến ngành giáo dục. Ảnh:Lê Quang Nhựt.
Sau đợt mưa lũ lịch sử tại các tỉnh miền Trung vào đầu tháng 11, đoàn công tác của Bộ GD&ĐT đã về kiểm tra việc khắc phục hậu quả mưa lũ và thăm hỏi, động viên ngành giáo dục thành phố Huế.
Tại đây, đoàn đã làm việc với lãnh đạo thành phốHuế, đồng thời kiểm tra việc khắc phục hậu quả sau bão số 12 tại trường Tiểu học Thuỷ Vân (phường Vĩ Dạ), Đại học Huế và thăm hỏi, động viên cán bộ, giáo viên, giảng viên, học sinh, sinh viên.
Cũng trong dịp này, đoàn công tác của Bộ GD&ĐT đã trao hỗ trợ số tiền 650 triệu đồng cho ngành giáo dục thành phố Huế, 100 triệu đồng cho trường Tiểu học Thuỷ Vân, 200 triệu đồng cho Đại học Huế, 15 triệu đồng cho gia đình có học sinh thiệt mạng do mưa lũ.
Thông qua đoàn công tác của Bộ GD&ĐT, Hội đồng Giáo sư Nhà nước đã hỗ trợ toàn bộ sách giáo khoa của học sinh thành phố Huế bị thiệt hại.
Ngoài hỗ trợ của Bộ GD&DT, thành phố Huế cũng đã trích ngân sách khoảng 50-60 tỷ đồngnhằm khắc phục thiệt hại trường lớp, cơ sở vật chất, giúp các trường học sớm trở thành hoạt động.
Trao đổi với Bộ GD&ĐT, ông Phan Thiên Định, Chủ tịch UBND TP Huế, cho biết thành phố đã phải hứng chịu 3 đợt lũ liên tiếp. Trong đợt này, toàn thành phố có 3 học sinh tiểu học thiệt mạng. Về phần tài sản, ước tính thiệt hại các vật dụng đếm được là trên18 tỷ đồngcòn thiệt hại sách giáo khoa là hơn 2.600 bộ.
Riêng tại Đại học Huế, nhà trường báo cáo mưa lũ ngập sâu và kéo dài khiến nhiều tài sản, thiết bị, dụng cụ giảng dạy, máy móc, hồ sơ, bàn ghế, phòng thí nghiệm, xưởng thực hành bị hư hỏng. Tổng giá trị thiệt hại ước tính khoảng gần6 tỷ đồng.
Trước đó, vào ngày 4/11, đoàn công tác của Bộ GD&ĐT đã có buổi làm việc với ngành giáo dụcĐà Nẵng.
Thông qua buổi làm việc này, Thứ trưởng Phạm Ngọc Thưởng trao hỗ trợ 750 triệu đồng cho ngành giáo dục Đà Nẵng, cùng với đó là trao 20 triệu đồng thăm hỏi gia đình có giáo viên, học sinh thiệt mạng do bão số 12 và trao tặng học sinh vùng lũ lụt thành phố Đà Nẵng 125.000 bản sách giáo khoa với tổng trị giá2,5 tỷ đồng.
Chia sẻ với đoàn công tác của Bộ GDĐT, bà Lê Thị Bích Thuận, Giám đốc Sở GD&ĐT thành phố Đà Nẵng, cho biết bão số 12 đã gây thiệt hại nặng nề cho ngành giáo dục Đà Nẵng.
Trong đó, thành phố ghi nhận một giáo viên, 2 học sinh thiệt mạng và một học sinh khác bị thương. Tính đến ngày 3/11, các trường học trực thuộc UBND các xã, phường ước tính mức thiệt hại về cơ sở vật chất, thiết bị đồ dùng khoảng12 tỷ đồng. Trong khi đó, các trường học, trung tâm trực thuộc Sở GD&ĐT thiệt hại ước tính hơn2,8 tỷ đồng.
Về việc khắc phục hậu quả, hiện, Sở GD&ĐT TP Huế đã chỉ đạo các trường xây dựng phương án dọn dẹp, vệ sinh trường lớp theo phương châm “nước rút đến đâu, bùn theo xuống đó” nhằm sớm ổn định điều kiện dạy và học, đảm bảo an toàn trường học, phòng tránh dịch bệnh sau lũ.
Tính đến ngày 5/11, toàn thành phố đã có 282/569 trường học đón trẻ trở lại lớp, 16 trường tổ chức dạy học trực tuyến, các trường còn lại chưa thể tổ chức dạy học vì còn ngập lụt.
Sở GD&ĐT Đà Nẵng cũng đã chỉ đạo các đơn vị, trường học tập trung huy động lực lượng tại chỗ khẩn trương triển khai công tác khắc phục thiệt hại tại đơn vị; vệ sinh trường, lớp, đảm bảo công tác phòng, chống dịch bệnh, nhằm kịp thời ổn định công tác dạy và học sớm để trẻ mầm non, học sinh, học viên trở lại trường.
Đối với các trường học trên địa bàn những nơi ngập úng, thấp trũng, những nơi có công trình, cầu cống không an toàn, sở yêu cầu tiếp tục rà soát, kiểm tra phải có bảng cảnh báo khu vực nguy hiểm, khu vực ngập nước có thể gây nguy hiểm cho nhà giáo, người lao động và sinh viên, học sinh, học viên, nhất là trẻ mầm non, học sinh tiểu học và THCS.
Bạn đang cảm thấy mình đã quá tuổi để học?

Bộ GD&ĐT cho biết bộ đã trao 200 triệu đồng hỗ trợ Đại học Đà Nẵng nhằm giúp nhà trường kịp thời san sẻ khó khăn với sinh viên vùng lũ trong thời gian qua.
21:14 5/11/2025"
https://lifestyle.znews.vn/dai-gia-so-huu-6200-ty-dong-dat-chuan-giao-su-2025-post1600344.html,Đại gia sở hữu 6.200 tỷ đồng đạt chuẩn giáo sư 2025,"Ông Hồ Xuân Năng, Chủ tịch CTCP Vicostone, đạt chuẩn chức danh giáo sư ngành Cơ khí năm 2025.","Ông Hồ Xuân Năng đạt chuẩn chức danh giáo sư. Ảnh:Đại học Phenikaa.
Trong số 900 người đạt chuẩn chức danh giáo sư, phó giáo sư năm 2025, ông Hồ Xuân Năng, Chủ tịch CTCP Vicostone, đạt đủ số phiếu tín nhiệm chức danh giáo sư ngành Cơ khí năm 2025.
Ông Năng sinh năm 1964, quê tại huyện Ý Yên, tỉnh Nam Định (cũ). Hiện tại, ông là giảng viên, tổng giám đốc Đại học Phenikaa.
Năm 1986, ông tốt nghiệp Đại học Bách khoa Hà Nội, ngành Động cơ đốt trong, sau đó lấy bằng tiến sĩ kỹ thuật ở trường này năm 1992. Năm 2022, ông được công nhận chức danh phó giáo sư.
Quá trình công tác, ông Năng từng là giảng viên khoa Cơ khí động lực (trường Cơ khí, Đại học Bách khoa Hà Nội); nghiên cứu viên tại Viện Cơ điện nông nghiệp và Công nghệ sau thu hoạch; giảng dạy tại Viện Cơ điện nông nghiệp Việt Nam; thỉnh giảng tại Đại học Hàng hải; hướng dẫn đồ án tốt nghiệp và tham gia hội đồng chấm tốt nghiệp cho sinh viên đại học tại Đại học Giao thông vận tải, Học viện Nông nghiệp Việt Nam, Đại học Bách khoa Hà Nội.
Các hướng nghiên cứu chủ yếu của ông Năng gồm truyền nhiệt và truyền chất; công nghệ tự hành và các hệ thống cơ điện tử thông minh; công nghệ tích trữ năng lượng; vật liệu, kết cấu và khai thác thiết bị động lực.
Đến thời điểm 30/6/2025, ông Năng đã công bố 109 bài báo khoa học, trong đó có 55 bài báo khoa học trên tạp chí quốc tế có uy tín.
Ông cũng được cấp 14 bằng độc quyền sáng chế và 5 bằng độc quyền giải pháp hữu ích, trong đó là tác giả chính của 12 sáng chế/GPHI sau phó giáo sư, đã chuyển giao 2 sáng chế vào sản xuất công nghiệp với quy mô lớn, 4 sáng chế/GPHI đã thương mại hoá.
Không chỉ là nhà khoa học, ông Hồ Xuân Năng còn là doanh nhân nổi tiếng trong lĩnh vực vật liệu xây dựng cao cấp. Ông Năng từng giữ chức phó chánh văn phòng Tổng công ty Vinaconex; Giám đốc Nhà máy đá ốp lát cao cấp Vinaconex (nay là CTCP Vicostone).
Từ tháng 6/2014 đến nay, PGS.TS Hồ Xuân Năng giữ vai trò Chủ tịch HĐQT CTCP Vicostone (HoSE: VCS). Từ tháng 12/2016, ông cũng là Chủ tịch HĐQT kiêm Tổng giám đốc CTCP Tập đoàn Phượng Hoàng Xanh A&A.
Trên thị trường chứng khoán, tính tới hết quý II, tổng tài sản của doanh nhân Hồ Xuân Năng vào khoảng hơn6.200 tỷ đồng, bao gồm 90% vốn tại CTCP Tập đoàn Phượng Hoàng Xanh A&A và 3,74% vốn của CTCP Vicostone.
Năm nay, 71 ứng viên giáo sư và 829 phó giáo sư đạt đủ số phiếu tín nhiệm. Con số này đã bao gồm cả ứng viên của hai ngành Quân sự và An ninh, song nhóm này chưa được công bố chi tiết.
Ngành Kinh tế có nhiều ứng viên đạt giáo sư, phó giáo sư nhất với 134 người, tiếp đến là Y học với 114 người. Ngành Văn học ít nhất, chỉ một ứng viên đủ tiêu chuẩn.
Nếu tính riêng giáo sư, ngành Y học nhiều nhất với 14 người đạt chuẩn. Chín 9 ngành, liên ngành không có giáo sư, gồm: Nông nghiệp - Lâm nghiệp, Khoa học Trái Đất - Mỏ, Luật học, Văn hóa - Nghệ thuật - Thể dục thể thao, Ngôn ngữ học, Thủy lợi, Sử học - Khảo cổ học/Nhân học, Cơ học, Văn học.
Thị trường lao động thay đổi chóng mặt, để tồn tại, con người cần học tập suốt đời. Trong bối cảnh đó, tạp chí Tri Thức - Znews giới thiệu tới độc giả cuốnHọc tập suốt đờicủa tác giả Michelle R.Weise.
Tác phẩm cung cấp cho độc giả những đánh giá về thị trường lao động tương lai, những giải pháp cho nhu cầu vừa học vừa làm đang ngày một tăng, cùng với đó là đưa ra những cách kết nối để quá trình chuyển đổi “học-làm” diễn ra thuận lợi hơn. Từ đó, tác giả nêu lên vai trò của việc học tập suốt đời.

Theo nguyên Bộ trưởng Bộ Khoa học và Công nghệ, có những tỉnh mời giáo sư về nhưng cả năm không giao việc. Chỉ trả lương cao hoặc cấp đất mà không có việc làm cụ thể, nhân tài sẽ ra đi.
05:57 5/11/2025"
https://lifestyle.znews.vn/cap-nhat-tin-bao-so-13-them-nhieu-tinh-cho-hoc-sinh-nghi-hoc-post1600325.html,Thêm nhiều tỉnh cho học sinh nghỉ học tránh bão số 13,"Hàng triệu học sinh ở các tỉnh Quảng Ngãi, Đà Nẵng, Khánh Hòa, Đắk Lắk được cho nghỉ học để tránh bão Kalmaegi (bão số 13).","Nhiều tỉnh, thành cho học sinh nghỉ học để tránh bão Kalmaegi. Ảnh:Đinh Hà.
Ngày 5/11, Sở GD&ĐTQuảng Ngãithông báo khoảng 445.000 học sinh trên toàn tỉnh nghỉ học từ chiều 6/11 cho đến khi có thông báo mới, nhằm chủ động phòng, chống cơn bão số 13.
Bên cạnh đó, Sở GD&ĐT cũng yêu cầu các cơ sở giáo dục trên toàn tỉnh khẩn trương triển khai công tác ứng phó toàn diện. Các đơn vị cần tập trung kiểm tra, gia cố mái tôn, cửa sổ, cây xanh, phòng học, khu nội trú để tránh thiệt hại; đồng thời di dời, bảo quản tài sản, thiết bị dạy học đến nơi an toàn; sao lưu dữ liệu điện tử.
Ngoài ra, các cơ sở giáo dục sẵn sàng hỗ trợ tiếp nhận người dân vào trường học để tránh, trú bão nếu có yêu cầu.
Tương tự, toàn bộ trẻ mầm non, học sinh, học viên (hơn 670.000 em) trên địa bàn TPĐà Nẵngsẽ được nghỉ học trong chiều 6/11 để bảo đảm an toàn trước diễn biến phức tạp của thời tiết.
Các cơ sở giáo dục nghề nghiệp, đại học căn cứ tình hình thực tế để chủ động quyết định việc học của sinh viên, học viên.
Các trường học phải kịp thời thông báo đến cha mẹ học sinh, sắp xếp phân công giáo viên, nhân viên quản lý trẻ mầm non, học sinh trong thời gian nghỉ học.
Đối với các cơ sở giáo dục có tổ chức bán trú, sở lưu ý phải chủ động thông báo với nhà cung cấp thực phẩm, tránh nấu ăn khi học sinh nghỉ học để hạn chế lãng phí.
Riêng các cơ sở có học sinh nội trú, trong trường hợp học sinh không thể về nhà, thủ trưởng đơn vị phải phân công giáo viên, nhân viên trực, quản lý và đảm bảo tuyệt đối an toàn cho học sinh, nhà giáo và người lao động trong thời gian bão ảnh hưởng đến thành phố.
Dự báo về đường đi của bão Kalmaegi.
UBND tỉnhKhánh Hòachỉ đạo các cơ sở giáo dục trên địa bàn cho học sinh nghỉ học trong các ngày 6 và 7/11 và trong các ngày mưa lũ lớn; đồng thời xây dựng kế hoạch tổ chức học bù vào thời gian phù hợp, đảm bảo hoàn thành chương trình năm học theo quy định.
TạiGia Lai, Sở GD&ĐT chỉ đạo toàn bộ các cơ sở giáo dục thuộc 58 xã, phường phía đông tỉnh cho học sinh nghỉ học từ chiều ngày 5/11 đến hết ngày 7/11.
Đối với 77 xã, phường còn lại ở phía tây tỉnh, hiệu trưởng sẽ quyết định cho học sinh nghỉ học dựa trên diễn biến thực tế của mưa bão.
Trong khi đó, Sở GD&ĐTTP.HCMcũng chỉ đạo các trường có kế hoạch, sẵn sàng phương án học trực tuyến, tạm hoãn lịch học trong những ngày mưa bão diễn biến phức tạp (nếu có).
Các trường tạm hoãn các hoạt động giáo dục ngoài giờ chính khóa cho học sinh trước, trong và sau khi bão diễn ra cho đến khi công tác đảm bảo an toàn trở lại bình thường.
Trước đó, tỉnhĐắk Lắkcũng có văn bản chỉ đạo các cơ sở giáo dục tại các xã, phường Sông Cầu, Xuân Đài, Bình Kiến, Tuy Hòa, Phú Yên, Hòa Hiệp, Xuân Lộc, Xuân Cảnh, Tuy An Bắc, Tuy An Đông, Ô Loan, Tuy An Nam, Hòa Xuân, Xuân Thọ, Đồng Xuân, Phú Mỡ và một số xã, phường lân cận cho học sinh các cấp, sinh viên nghỉ học từ chiều 5/11 đến hết ngày 7/11.
Các địa phương này thuộc vùng ven biển, đều thuộc tỉnh Phú Yên cũ, ước tính khoảng 190.000 em.
Theo Trung tâm Dự báo Khí tượng Thủy văn Quốc gia, bão số 13 vẫn giữ nguyên hướng di chuyển và cường độ. Bão di chuyển nhanh hơn và cách Quy Nhơn (Gia Lai) khoảng 450 km về phía Đông Đông Nam.
Dự báo đến 16h ngày 6/11, bão cách Quy Nhơn (Gia Lai) khoảng 120 km về phía Đông, sức gió mạnh nhất cấp 14, giật cấp 17, di chuyển theo hướng Tây Tây Bắc với tốc độ khoảng 30 km/h.
Khu vực chịu ảnh hưởng là giữa Biển Đông, vùng biển từ Quảng Ngãi đến Đắk Lắk (bao gồm đặc khu Lý Sơn), cấp độ rủi ro thiên tai cấp 4.
Những cuốn sách dành cho người đứng trước cánh cửa nghề nghiệp
Mục Giáo dục giới thiệu đến bạn đọc một số cuốn sách về chủ đề nghề nghiệp, hướng nghiệp, dành cho những bạn trẻ đang băn khoăn trước cánh cửa nghề nghiệp hay người trưởng thành quan tâm đến sự biến đổi nghề nghiệp trong xã hội hiện đại.
Chiến đạogiống cuộc đối thoại, gợi mở các câu hỏi của cuộc đời, giúp người trẻ chủ động định hướng nghề nghiệp, kiến tạo tương lai.
Eight - 8 cách làm chủ trí thông minh nhân tạo: “Đa số công việc mà công viên chức đang phụ trách cuối cùng đều sẽ bị thay thế bởi trí thông minh nhân tạo"", cuốn sách này sẽ giải đáp câu hỏi đó.

Cơn bão này mạnh cấp 5, với sức gió duy trì lên tới 282 km/h, đe dọa gây thiệt hại nghiêm trọng khi tiến sát đảo quốc Jamaica.
05:44 29/10/2025"
https://lifestyle.znews.vn/quang-ninh-hoan-tat-sap-xep-truong-lop-sau-sap-nhap-post1600307.html,Quảng Ninh hoàn tất sắp xếp trường lớp sau sáp nhập,"Triển khai sắp xếp mạng lưới trường lớp với nguyên tắc “vì học sinh”, Quảng Ninh đã hoàn thành việc sáp nhập tại 52/54 xã, phường.","Quảng Ninh nâng cao chất lượng dạy và học, vì lợi ích của học sinh. Ảnh:Tiền Phong.
Đến ngày 15/10/2025, toàn tỉnh Quảng Ninh đã hoàn tất sắp xếp mạng lưới trường lớp tại 52 địa phương; hai xã Hải Hòa và Cái Chiên không thuộc diện sắp xếp do đã tinh giản đầu mối trước đó.
Tỉnh quán triệt các nguyên tắc không sáp nhập mầm non với phổ thông, giáo dục thường xuyên với phổ thông; chỉ sáp nhập trong cùng địa bàn xã để bảo đảm mỗi xã/phường có đủ ba cấp học.
Sau khi hoàn thiện mô hình chính quyền hai cấp, Quảng Ninh hiện có 54 đơn vị hành chính cấp xã với 522 trường công lập. Quy mô trường lớp giữa các vùng chưa đồng đều, có nơi chỉ 5 cơ sở giáo dục, nơi lại hơn 15. Việc sắp xếp giúp tiết kiệm nguồn lực, hướng tới mô hình “mỗi cấp học một trường” trên địa bàn xã.
Nguyên tắc xuyên suốt được thực hiện là giữ nguyên địa điểm học như trước khi sắp xếp. Học sinh không phải di chuyển; lớp học, giáo viên, thời khóa biểu được giữ ổn định.
Các trường mới nhanh chóng ổn định tổ chức, điều chỉnh kế hoạch giảng dạy linh hoạt, bảo đảm chất lượng giữa trường chính và điểm trường, đồng thời mở rộng hoạt động ngoại khóa.
Tại TP Hạ Long, các trường sáp nhập như Tiểu học Trần Quốc Toản, Tiểu học Hồng Gai đều duy trì nền nếp, chất lượng ổn định.
“Con học ở đâu nay vẫn thế, nhưng hoạt động học tập phong phú hơn”, phụ huynh Hoàng Văn Dương (phường Mông Dương) chia sẻ.
Sắp xếp, sáp nhập giúp tập trung quy mô, sử dụng hiệu quả đội ngũ hiện có, tăng số người trực tiếp giảng dạy. Ảnh:Tiền Phong.
Ngành GD&ĐT Quảng Ninh hiện thiếu gần 4.000 nhân sự, trong đó hơn 2.600 là giáo viên. Việc sáp nhập giúp tập trung quy mô, giảm đầu mối, tăng số người trực tiếp đứng lớp.
“Trước sáp nhập, giáo viên phải chia nhỏ thời gian cho nhiều nhiệm vụ kiêm nhiệm. Nay bộ máy gọn, các bộ phận dùng chung, nên số tiết kiêm nhiệm được trả lại cho giảng dạy, nâng chất lượng giờ học”, cô Phạm Thị Bích Hạnh, Phó hiệu trưởng trường Tiểu học Phương Đông (phường Yên Tử), cho biết.
Công tác lựa chọn lãnh đạo các trường hợp nhất được thực hiện công khai, minh bạch, dựa trên tiêu chí đánh giá năng lực cán bộ. Nhờ đó, hiệu lực quản trị nhà trường được nâng cao, phối hợp nội bộ thông suốt hơn.
Hoàn thành sắp xếp mạng lưới là bước chuyển quan trọng trong đổi mới giáo dục Quảng Ninh. Tỉnh hướng đến sử dụng hiệu quả cơ sở vật chất, ngân sách, tập trung đầu tư phòng học, thư viện, khu vui chơi, thiết bị và ứng dụng công nghệ thông tin, tạo môi trường học tập hiện đại, an toàn, bình đẳng cho học sinh toàn tỉnh.
Trên cơ sở sắp xếp mạng lưới, UBND tỉnh đang xây dựng tờ trình, dự thảo Nghị quyết với 12 chính sách hỗ trợ bao trùm thúc đẩy giáo dục bền vững.
Điểm nhấn là chính sách sữa học đường cho 100% trẻ mầm non và học sinh tiểu học; hỗ trợ bữa trưa tại trường cho trẻ mầm non, học sinh tiểu học và THCS ở một số địa bàn.
Kinh phí dự kiến khoảng700 tỷ đồng/năm, tăng gần350 tỷ đồngso với Nghị quyết 204 (2019), nhằm bảo đảm công bằng trong tiếp cận giáo dục và tạo điều kiện để mọi trẻ em được học tập, phát triển toàn diện.
Việc hoàn thiện sắp xếp trường lớp không chỉ giúp Quảng Ninh tinh gọn bộ máy mà còn mở ra cơ hội đầu tư chiều sâu, hướng tới nền giáo dục công bằng, hiện đại và bền vững, nơi “mỗi học sinh được học tốt hơn, ngay tại nơi mình đang sống"".
Thị trường lao động thay đổi chóng mặt, để tồn tại, con người cần học tập suốt đời. Trong bối cảnh đó, tạp chí Tri Thức - Znews giới thiệu tới độc giả cuốnHọc tập suốt đờicủa tác giả Michelle R.Weise.
Tác phẩm cung cấp cho độc giả những đánh giá về thị trường lao động tương lai, những giải pháp cho nhu cầu vừa học vừa làm đang ngày một tăng, cùng với đó là đưa ra những cách kết nối để quá trình chuyển đổi “học-làm” diễn ra thuận lợi hơn. Từ đó, tác giả nêu lên vai trò của việc học tập suốt đời.

Tại nhiều trường đại học, giảng viên được khuyến khích sử dụng AI trong giảng dạy. Tuy nhiên, nhiều người vẫn e ngại, lo rằng công cụ có thể mang lại tác động tiêu cực.
05:34 6/11/2025"
https://lifestyle.znews.vn/lung-tung-day-hoc-voi-chatgpt-post1598219.html,Lúng túng dạy học với ChatGPT,"Tại nhiều trường đại học, giảng viên được khuyến khích sử dụng AI trong giảng dạy. Tuy nhiên, nhiều người vẫn e ngại, lo rằng công cụ có thể mang lại tác động tiêu cực.","
Tại Đại học Công thương TP.HCM, việc ứng dụng trí tuệ nhân tạo (AI) trong giảng dạy được thúc đẩy. Tiến sĩ, giảng viên chính Phùng Văn Bảo, Trưởng bộ môn Khoa học Dữ liệu, khoa Công nghệ thông tin, cho biết nhà trường đã tổ chức các đợt tập huấn AI từ đầu năm học. Đến nay, khả năng sử dụng công cụ của giảng viên tương đối đồng đều.
“Chúng tôi ứng dụng AI trong nhiều khía cạnh công việc như hỗ trợ soạn thảo giáo án, đề cương học phần, hỗ trợ xây dựng các đề thi, đề kiểm tra, cải tiến chương trình đào tạo…”, thầy Bảo nói vớiTri Thức - Znews, cho biết nhờ AI mà tiết kiệm được thời gian và nâng cao năng suất, hiệu quả công việc.
Tại hội thảoPhát triển năng lực trí tuệ nhân tạo cho người học, PGS.TS Hoàng Anh Tuấn, Hiệu trưởng Đại học Khoa học Xã hội và Nhân văn, Đại học Quốc gia Hà Nội, cho biết trong 2 năm qua, trường cũng đã triển khai nhiều hoạt động liên quan.
Trong đó, trường xây dựng khung năng lực AI dành cho người học, gắn với UNESCO và các khuyến nghị quốc tế.
Bên cạnh đó, trường phát triển các mô-đun đào tạo về AI trong giảng dạy, nghiên cứu và nghề nghiệp, hướng đến sinh viên các ngành khoa học xã hội và nhân văn.
Ngoài ra, trường cũng tổ chức các chuỗi hội thảo, diễn đàn và chương trình hợp tác với doanh nghiệp, nghiên cứu và tổ chức quốc tế như Meta, UNESCO, GIZ… nhằm thúc đẩy, thể hiện nỗ lực của trường trong việc kết nối tri thức nhân văn với công nghệ.
AI trở thành công cụ hỗ trợ học tập cho sinh viên ở đa lĩnh vực. Ảnh:Phương Lâm.
Trong khi đó, tại Đại học Công nghệ TP.HCM (HUTECH), việc ứng dụng AI được triển khai đồng bộ trong toàn bộ hoạt động đào tạo.
Hiện, nhà trường đã triển khai một số học phần cụ thể về AI trong chương trình đào tạo, đặc biệt là học phần Trí tuệ nhân tạo ứng dụng, không chỉ các ngành đặc thù về công nghệ - kỹ thuật mà ở hơn 60 ngành học ở các lĩnh vực khác như kinh tế - quản trị, truyền thông - thiết kế - nghệ thuật và kể cả là khoa học sức khỏe.
ThS Nguyễn Thị Xuân Dung, Giám đốc Trung tâm truyền thông của HUTECH, cho biết trường hướng đến trang bị cho sinh viên năng lực số và các kiến thức nền tảng về khoa học dữ liệu, đạo đức trong sử dụng trí tuệ nhân tạo, ứng dụng AI vào giải quyết các bài toán thực tiễn…
Năng lực này sẽ được các sinh viên tiếp tục phát triển trong các học phần tiếp theo, cập nhật các xu hướng công nghệ mới nhất và đảm nhiệm tốt mảng nghề nghiệp của mình.
Đại học Bách khoa (Đại học Đà Nẵng) cũng đang tích cực đưa AI vào hoạt động đào tạo, giảng dạy và xây dựng học liệu số. Trong năm 2025, nhà trường đã tổ chức tập huấn chuyên đề về ứng dụng AI cho hơn 100 giảng viên từ 14 khoa và các đơn vị trực thuộc.
Theo PGS.TS Nguyễn Hồng Hải, Phó hiệu trưởng nhà trường, đây là bước đi nhằm nâng cao năng lực số cho đội ngũ giảng viên, thúc đẩy đổi mới phương pháp đào tạo và khẳng định vai trò tiên phong của trường trong chuyển đổi số giáo dục đại học.
AI đặt ra nhiều thách thức về cách dạy và học ở môi trường đại học. Ảnh:Pexels.
AI mở ra một kỷ nguyên học tập mới khi cả giảng viên và sinh viên có thể tìm kiếm thông tin và nghiên cứu bằng các công cụ như ChatGPT chỉ trong vài phút. Nhưng chính điều đó cũng đang đặt ra thách thức về phương pháp dạy và cách học trong nhà trường.
Bàn về vấn đề này, TS Phùng Văn Bảo cho rằng giảng viên phải đặc biệt lưu ý về vấn đề đạo đức và liêm chính học thuật khi ứng dụng AI trong nghiên cứu khoa học. Tương tự sinh viên, nếu bị phát hiện vi phạm liêm chính học thuật, nhà trường có những chế tài xử lý rõ ràng.
Còn trong một báo cáo trình bày tại hội thảo về ứng dụng trí tuệ nhân tạo trong giáo dục, Tiến sĩ Lê Quang Minh, Phó viện trưởng Viện Công nghệ thông tin (Đại học Quốc gia Hà Nội) từng phân tích thực trạng và những thách thức liên quan đến liêm chính học thuật khi sử dụng AI trong giảng dạy và nghiên cứu.
Khảo sát được thực hiện với 85 giảng viên tại Đại học Quốc gia Hà Nội cho thấy phần lớn đánh giá tích cực về hiệu quả của AI, đặc biệt trong việc chuẩn bị bài giảng, tìm kiếm tài liệu và thiết kế kiểm tra. Tuy nhiên, khả năng cá nhân hóa nội dung học tập và tăng cường tương tác với sinh viên vẫn còn hạn chế.
Một sinh viên sử dụng Chat GPT thực hiện bài tập. Ảnh:Hạ Linh.
Kết quả khảo sát cũng chỉ ra nhiều thách thức như thiếu kỹ năng sử dụng, thiếu thời gian, hạ tầng kỹ thuật chưa đồng bộ và sự hỗ trợ chưa đủ từ phía nhà trường. Đáng chú ý, 88,2% giảng viên bày tỏ lo ngại sinh viên phụ thuộc vào AI, trong khi 82,4% quan ngại về đạo đức học thuật và quyền tác giả.
Báo cáo của TS Minh cũng cảnh báo các nguy cơ liên quan đến đạo văn, gian lận học thuật, cùng những vấn đề về thiên vị thuật toán, tính minh bạch và quyền riêng tư.
Từ đó, ông kiến nghị cần tăng cường đào tạo kỹ năng sử dụng AI cho giảng viên và sinh viên, đầu tư hạ tầng kỹ thuật, cung cấp tài khoản AI chuyên dụng, đồng thời ban hành quy định đạo đức rõ ràng trong ứng dụng công nghệ này.
Trong khi đó, một giảng viên tại một trường đại học đào tạo về luật ở TP.HCM cho biết việc ứng dụng trí tuệ nhân tạo trong giảng dạy tại trường hiện vẫn đang ở “vùng xám” khi lãnh đạo nhà trường khuyến khích, nhưng nhiều giảng viên còn dè dặt.
Các cuộc họp, trao đổi xoay quanh AI diễn ra thường xuyên, song chưa có hướng dẫn chính thức, khiến việc triển khai còn nhiều lúng túng. Hơn nữa, nhiều giảng viên e ngại AI có thể ảnh hưởng khả năng tư duy của sinh viên, nguy hiểm hơn là ảnh hưởng đến tính liêm chính học thuật.
Theo giảng viên này, AI giúp ích trong việc chuẩn bị slide bài giảng hay tóm tắt tài liệu nước ngoài, song cũng đặt ra thách thức lớn bởi sinh viên có thể dễ dàng dùng công cụ này để làm tiểu luận hoặc tìm câu trả lời chỉ trong vài giây, buộc giảng viên phải đổi mới cách dạy và cách đánh giá.
Thay vì giao bài viết, trong năm học này, giảng viên này đã chuyển sang hình thức đánh giá mới là cho sinh viên thuyết trình nhóm và phản biện chéo để kiểm tra khả năng hiểu bài, kỹ năng diễn đạt và tư duy phản biện. Bài toán không còn là “nên hay không nên dùng”, mà là dùng thế nào cho đúng.
“Làm nghề luật không chỉ đọc luật mà phải hiểu thị trường, hiểu tâm lý khách hàng và dự đoán rủi ro pháp lý. Những điều đó AI chưa thể thay thế, con người vẫn là trung tâm trong giáo dục và nghề nghiệp”, giảng viên này khẳng định.
Thị trường lao động thay đổi chóng mặt, để tồn tại, con người cần học tập suốt đời. Trong bối cảnh đó, tạp chí Tri Thức - Znews giới thiệu tới độc giả cuốnHọc tập suốt đờicủa tác giả Michelle R.Weise.
Tác phẩm cung cấp cho độc giả những đánh giá về thị trường lao động tương lai, những giải pháp cho nhu cầu vừa học vừa làm đang ngày một tăng, cùng với đó là đưa ra những cách kết nối để quá trình chuyển đổi “học-làm” diễn ra thuận lợi hơn. Từ đó, tác giả nêu lên vai trò của việc học tập suốt đời.

Một giảng viên tại Australia bị sinh viên và dân mạng chỉ trích gay gắt vì dùng AI chấm bài, trong khi nhà trường lại cấm sinh viên sử dụng các công cụ này.
07:25 29/10/2025"
https://lifestyle.znews.vn/chi-dao-gian-hoan-hoc-phi-cho-sinh-vien-vung-lu-tai-da-nang-post1600199.html,"Chỉ đạo giãn, hoãn học phí cho sinh viên vùng lũ tại Đà Nẵng",Bộ GD&ĐT cho biết bộ đã trao 200 triệu đồng hỗ trợ Đại học Đà Nẵng nhằm giúp nhà trường kịp thời san sẻ khó khăn với sinh viên vùng lũ trong thời gian qua.,"Thứ trưởng Phạm Ngọc Thưởng tại buổi làm việc với Đại học Đà Nẵng. Ảnh:Moet.
Những ngày đầu tháng 11, mưa lớn kéo dài đã gây ngập lụt nghiêm trọng tại nhiều tỉnh miền Trung, trong đó có thành phố Đà Nẵng. Theo báo cáo của Đại học Đà Nẵng, tính đến ngày 3/11, hơn 800 sinh viên của trường bị ảnh hưởng, nhiều gia đình trong số này chịu thiệt hại nặng do mưa lũ.
Trong thời gian mưa lũ, thực hiện chỉ đạo của chính quyền địa phương và Bộ GD&ĐT, các trường đại học trên địa bàn đã tạm dừng dạy học trực tiếp, chuyển sang hình thức trực tuyến để đảm bảo an toàn cho sinh viên.
Nhiều khu vực trọ của sinh viên bị ngập sâu, khiến đồ dùng cá nhân, thiết bị học tập và phương tiện đi lại bị hư hỏng. Một số khu vực còn bị cắt điện hoặc thiếu nước sinh hoạt an toàn.
Hiện, Đại học Đà Nẵng chưa ghi nhận thiệt hại về người trong cộng đồng sinh viên.
Cũng trong thời gian bão số 12 đổ bộ, Đại học Đà Nẵng đã chủ động triển khai công tác phòng, chống bão số 12, đảm bảo an toàn cho sinh viên và duy trì việc học tập. Tuy nhiên, phần lớn sinh viên đến từ các tỉnh miền Trung nên nhiều gia đình của các em đang chịu tổn thất nặng nề.
Đại học Đà Nẵng đã chỉ đạo các đơn vị thành viên rà soát, thống kê kỹ để có chính sách hỗ trợ và học bổng phù hợp, đảm bảo công bằng và minh bạch.
Các trường, đơn vị và phòng công tác sinh viên trực thuộc cũng đang tiếp tục nắm bắt tình hình, đề xuất hỗ trợ giãn hoặc hoãn thời hạn đóng học phí cho sinh viên gặp khó khăn.
Đồng thời, Đại học Đà Nẵng kêu gọi sự chung tay của các nhà tài trợ, mạnh thường quân, doanh nghiệp và cựu sinh viên nhằm xây dựng quỹ học bổng dành riêng cho sinh viên bị ảnh hưởng bởi thiên tai.
Ghi nhận sự chủ động của Đại học Đà Nẵng trong công tác ứng phó và khắc phục hậu quả mưa lũ, Thứ trưởng Phạm Ngọc Thưởng đã thay mặt lãnh đạo bộ gửi lời thăm hỏi, động viên của Bộ trưởng Nguyễn Kim Sơn cùng toàn ngành giáo dục tới cán bộ, giảng viên và sinh viên của trường.
Thứ trưởng cũng đề nghị Đại học Đà Nẵng tiếp tục quan tâm đến đời sống sinh viên, xem xét hoãn, giãn hoặc giảm học phí cho các trường hợp bị ảnh hưởng nặng, đồng thời chú trọng hỗ trợ tinh thần để không sinh viên nào phải bỏ học vì bão lũ.
Thị trường lao động thay đổi chóng mặt, để tồn tại, con người cần học tập suốt đời. Trong bối cảnh đó, tạp chí Tri Thức - Znews giới thiệu tới độc giả cuốnHọc tập suốt đờicủa tác giả Michelle R.Weise.
Tác phẩm cung cấp cho độc giả những đánh giá về thị trường lao động tương lai, những giải pháp cho nhu cầu vừa học vừa làm đang ngày một tăng, cùng với đó là đưa ra những cách kết nối để quá trình chuyển đổi “học-làm” diễn ra thuận lợi hơn. Từ đó, tác giả nêu lên vai trò của việc học tập suốt đời.

Sở GD&ĐT các địa phương cần thống kê thiệt hại về người và của trong đợt lũ lịch sử và báo về UBND cấp tỉnh để khắc phục.
21:47 2/11/2025"
https://lifestyle.znews.vn/nam-sinh-tu-vong-sau-5-ngay-bi-ban-cung-truong-danh-hoi-dong-post1600194.html,Nam sinh tử vong sau 5 ngày bị bạn cùng trường đánh hội đồng,"Sau 5 ngày bị nhóm học sinh đánh hội đồng, nam sinh đang học tại trường Cao đẳng Nông nghiệp Thanh Hóa đã tử vong.","Gia đình đau đớn trước sự ra đi của nam sinh Nguyễn Trọng Anh T. Ảnh:VTC News.
Trả lờiVTC News, người nhà của nam sinh Nguyễn Trọng Anh T. (SN 2010, học lớp ĐCN65B2 ngành Điện công nghiệp, trường Cao đẳng Nông nghiệp Thanh Hoá) xác nhận sau 5 ngàybị nhóm bạn cùng trường hành hung, nam sinh này đã tử vong.
“Sau khi cháu bị hành hung, gia đình chuyển cháu xuống Bệnh viện Nhi Thanh Hoá nhưng sau đó các bác sĩ chẩn đoán cháu bị chấn thương nặng, khó qua khỏi. Gia đình đưa cháu về nhà từ ngày 1/11, đến chiều 5/11, cháu tử vong”, gia đình nam sinh Nguyễn Trọng Anh T. cho biết.
Trước đó, ngày 3/11, ông Hoằng Bá Huyền, Hiệu trưởng trường Cao đẳng Nông nghiệp Thanh Hoá, cho biết nhà trường đang phối hợp với Công an tỉnh Thanh Hóa làm rõ việc một học sinh lớp 10 bị nhóm bạn lớp 11 hành hung ngay trong lớp học. Hậu quả khiến nạn nhân bị thương nặng, xuất huyết não.
Trường Cao đẳng Nông nghiệp Thanh Hoá - nơi xảy ra sự việc. Ảnh:VTC News.
Theo báo cáo của trường Cao đẳng Nông nghiệp Thanh Hóa, lúc 8h50 ngày 31/10, trong giờ ra chơi, tại phòng học E302, học sinh Nguyễn Trọng Anh T. (lớp ĐCN65B2, ngành Điện công nghiệp) bị nhóm bạn lớp 11 học ở cùng toà nhà đánh khi đang ngồi chơi điện thoại.
Khi sự việc xảy ra, một số giáo viên đang giải lao ở các phòng học cùng tầng lập tức sang phòng E302 đưa học sinh Nguyễn Trọng Anh T. đi cấp cứu. Tuy nhiên, do vết thương nặng, sau một ngày cấp cứu, Bệnh viện Nhi Thanh Hoá chẩn đoán tiên lượng tình trạng sức khoẻ của học sinh Nguyễn Trọng Anh T. xấu, đề nghị gia đình cho học sinh về nhà.
Thời gian gần đây, Thanh Hóa xảy ra nhiều vụ bạo lực học đường. Điển hình vào trưa 17/10, tại xã Quảng Bình (Thanh Hoá), em P.T.B.N. (SN 2009, trú tại thôn 6, xã Quảng Bình, học sinh lớp 11A9) và L.Q.H. (SN 2008, trú tại xã Lưu Vệ, tỉnh Thanh Hoá, học sinh lớp 12A8) cùng trường THPT Đặng Thai Mai xảy ra xô xát, khiến em L.Q.H. tử vong.
Thị trường lao động thay đổi chóng mặt, để tồn tại, con người cần học tập suốt đời. Trong bối cảnh đó, tạp chí Tri Thức - Znews giới thiệu tới độc giả cuốnHọc tập suốt đờicủa tác giả Michelle R.Weise.
Tác phẩm cung cấp cho độc giả những đánh giá về thị trường lao động tương lai, những giải pháp cho nhu cầu vừa học vừa làm đang ngày một tăng, cùng với đó là đưa ra những cách kết nối để quá trình chuyển đổi “học-làm” diễn ra thuận lợi hơn. Từ đó, tác giả nêu lên vai trò của việc học tập suốt đời.

Cá mập trắng gần như không có kẻ thù trong tự nhiên. Nhưng một clip mới đây cho thấy cá voi sát thủ đã lật ngửa cá mập trắng ngay gần vùng biển Mexico.
13:46 5/11/2025"
https://lifestyle.znews.vn/7-dau-hieu-cua-nguoi-cau-toan-post1600009.html,7 dấu hiệu của người cầu toàn,"Sự hoàn hảo là con dao hai lưỡi, nó có thể là động lực thúc đẩy một người đạt thành tích cao, hoặc trở thành gánh nặng cho họ.","1. Khao khát được công nhận:Người cầu toàn sống trong nỗi lo người khác nghĩ gì, nói gì về mình, nên lúc nào cũng cố gắng để làm vừa lòng. Họ dành quá nhiều năng lượng để tìm kiếm cái gật đầu, lời khen hay ánh nhìn tán thưởng, đến mức quên mất lý do khiến họ làm việc đó. Dần dần, niềm vui khi hành động bị thay thế bằng áp lực phải hoàn hảo trong mắt người khác. Ảnh:Phương Lâm.
2. Tuy duy có tất cả hoặc không có gì:Trong khi một người đạt thành tích cao có thể hài lòng khi đã cố gắng hết sức và đạt được mục tiêu, thì người cầu toàn sẽ không chấp nhận bất cứ điều gì ngoài sự hoàn hảo. ""Gần như hoàn hảo"" sẽ được coi là một thất bại với họ. Ví dụ, thay vì hài lòng với việc một bài thuyết trình đã được đánh giá tốt, họ sẽ ủ rũ về lỗi đánh máy mà họ đã bỏ sót trên một slide. Ảnh:Phương Lâm.
3. Hay chỉ trích:Việc quá khắt khe và hay chỉ trích là dấu hiệu của một người khó tính, cầu toàn. Thay vì nhìn vào nỗ lực và hoàn cảnh cụ thể, họ lại tập trung vào những thiếu sót, khiến người xung quanh cảm thấy áp lực vì bị đánh giá liên tục. Sự khắt khe này không xuất phát từ mong muốn xây dựng nên thường tạo ra khoảng cách và cảm giác mệt mỏi trong các mối quan hệ. Ảnh:Pexels.
4. Đề phòng những lời góp ý:Ai cũng khó chịu khi bị chỉ trích, nhưng cần phân biệt giữa những lời ác ý và góp ý mang tính xây dựng. Người cầu toàn thường khó nhận ra ranh giới này, họ dễ phản ứng phòng thủ ngay cả với những lời góp ý chân thành. Ảnh:Pexels.
5. Luôn sống trong cảm giác tội lỗi:Khi đặt ra tiêu chuẩn phải hoàn hảo trong mọi hoàn cảnh, bất kỳ sai sót nào, dù là nhỏ nhất, cũng bị người cầu toàn thổi phồng thành thất bại nghiêm trọng. Điều này khiến họ cảm thấy mình đang liên tục mắc lỗi và làm người khác thất vọng, dẫn đến cảm giác tội lỗi thường trực. Ảnh:Pexels.
6. Không chấp nhận hoặc ăn mừng thành công:Họ không thừa nhận chiến thắng của mình hoặc không cảm thấy vui mừng và hài lòng khi hoàn thành mục tiêu. Họ tin rằng họ có thể làm tốt hơn, chỉ chăm chăm vào những thiếu sót và phát hiện ra vấn đề ngay cả khi họ đã đạt được kết quả mong muốn. Ảnh:Phương Lâm.
7. Hay trì hoãn: Người cầu toàn thường sợ thất bại, sợ không hoàn hảo. Nỗi sợ này thường biểu hiện ra bên ngoài dưới dạng hành vi né tránh. Họ có thể trì hoãn công việc, tìm mọi cách để tránh bắt đầu một dự án mới, thậm chí là từ bỏ hoàn toàn. Ảnh:Phương Lâm.
Bạn đang cảm thấy mình đã quá tuổi để học?

Mastodonsaurus là loài lưỡng cư bán thủy sinh khổng lồ lớn nhất từng tồn tại. Chúng phát triển mạnh vào khoảng 250 triệu năm trước với cơ thể nửa cá sấu nửa ếch.
12:50 3/11/2025"
https://lifestyle.znews.vn/moi-nguoi-to-giac-vu-tien-si-24-tuoi-tai-truong-y-pham-ngoc-thach-post1600122.html,Mời người tố giác vụ tiến sĩ 24 tuổi tại trường y Phạm Ngọc Thạch,"Đại diện ĐH Y khoa Phạm Ngọc Thạch cho biết nhà trường đã gửi email mời người tố cáo đến cung cấp thông tin, tài liệu, minh chứng nhưng người này không đến.","PGS.TS Nguyễn Trọng Hào, Chủ tịch Hội đồng trường ĐH Y khoa Phạm Ngọc Thạch. Ảnh:Tiền Phong.
Ngày 5/11, Hội đồng trường, Ban giám hiệu ĐH Y khoa Phạm Ngọc Thạch đã có buổi trao đổi với báo chí sau những lùm xùm vềliêm chính khoa họccủa một số cá nhân thuộc trường gây xôn xao dư luận thời gian qua.
Theo PGS.TS Nguyễn Trọng Hào, Chủ tịch Hội đồng trường ĐH Y khoa Phạm Ngọc Thạch, vào ngày 20/10, nhà trường nhận được một thư điện tử tố cáo “một số cá nhân thuộc trường” có hành vi gian lận trong nghiên cứu, vi phạm nguyên tắc liêm chính khoa học.
Ngay sau khi nhận được thư, ngày 22/10, nhà trường đã gửi email mời người tố cáo đến cung cấp thông tin, tài liệu, minh chứng. Tuy nhiên, người này đã không đến.
Do thư tố cáo gửi dưới dạng nặc danh nên theo ông Hào, nhà trường không thể xử lý theo đúng thủ tục quy định tại Điều 25 Luật Tố cáo 2018 và Thông tư 05/2021/TT­-TTCP.
Dù vậy, vì nội dung tố cáo liên quan đến một số cá nhân thuộc phạm vi quản lý, lãnh đạo nhà trường đã chủ động tiến hành rà soát, xác minh các nội dung tố cáo nói trên nhằm đảm bảo các hoạt động đào tạo và nghiên cứu khoa học tại trường tuân thủ đúng quy định pháp luật.
Buổi khai giảng, giới thiệu bác sĩ nội trú của Đại học Y khoa Phạm Ngọc Thạch vào ngày 5/11. Ảnh:Tiền Phong.
PGS Hào cũng cho biết trường đã xây dựng dự thảo Quy định về Liêm chính khoa học và đang lấy ý kiến các đơn vị trong trường để ban hành trong thời gian tới.
Vào ngày 28/10, trường đã quyết định thành lập tổ công tác gồm 7 thành viên do TS.BS Phạm Quốc Dũng, Phó hiệu trưởng, làm tổ trưởng, phụ trách công tác rà soát liêm chính khoa học.
Tuy nhiên, ngay sau khi thành lập, một thành viên trong danh sách đã xin rút. Do nhận thấy một số tiêu chí không phù hợp nên nhà trường bổ sung bằng thành viên khác. Vấn đề trở nên nghiêm trọng khi các cá nhân trong tổ liên tục bị công kích, cáo buộc vi phạm liêm chính khoa học... khiến ai cũng chịu áp lực.
Mối nghi vấn này được đặt ra trong bối cảnh trường xảy ra “ồn ào” từ việc thí sinh 24 tuổi Âu Nhật Huy trúng tuyển chương trình tiến sĩ ngành Nội khoa của trường. Đặc biệt, thí sinh này lại là con của PGS.TS Trần Thị Khánh Tường - Trưởng khoa Y, ĐH Y khoa Phạm Ngọc Thạch.
Thị trường lao động thay đổi chóng mặt, để tồn tại, con người cần học tập suốt đời. Trong bối cảnh đó, tạp chí Tri Thức - Znews giới thiệu tới độc giả cuốnHọc tập suốt đờicủa tác giả Michelle R.Weise.
Tác phẩm cung cấp cho độc giả những đánh giá về thị trường lao động tương lai, những giải pháp cho nhu cầu vừa học vừa làm đang ngày một tăng, cùng với đó là đưa ra những cách kết nối để quá trình chuyển đổi “học-làm” diễn ra thuận lợi hơn. Từ đó, tác giả nêu lên vai trò của việc học tập suốt đời.

Đại học Y khoa Phạm Ngọc Thạch lập tổ công tác liêm chính khoa học gồm 7 thành viên, làm việc trong 30 ngày kể từ ngày 28/10.
18:44 30/10/2025"
https://lifestyle.znews.vn/giao-vien-moi-ra-truong-luong-khong-du-chi-tieu-hang-ngay-post1600094.html,'Giáo viên mới ra trường lương không đủ chi tiêu hàng ngày',"Dự kiến từ 1/1/2026, giáo viên tất cả cấp học đều được hưởng hệ số lương đặc thù, trong đó giáo viên mầm non có hệ số cao nhất là 1,25.","Cô trò trường mầm non Sao Mai (Hà Nội) trong một giờ học.
Dự thảo cũng quy định giáo viên các cấp học khác được hưởng hệ số lương đặc thù mức 1,15.
Nguyên tắc thực hiện là nhà giáo sẽ được hưởng phụ cấp ưu đãi nghề, phụ cấp thâm niên và các loại phụ cấp khác theo quy định của pháp luật.
Nhà giáo được điều động hoặc biệt phái từ cơ sở giáo dục công lập này đến cơ sở giáo dục công lập khác được hưởng các mức phụ cấp áp dụng đối với cơ sở giáo dục nhà giáo được điều động đến hoặc đến biệt phái.
Ngoài ra, dự thảo cũng bổ sung phụ cấp trách nhiệm công việc là mức 0,1-0,2 đối với giáo viên thực hiện tư vấn học sinh, tổ phó chuyên môn; mức 0,3 đối với giáo viên cốt cán, tổ trưởng, dạy tiếng dân tộc thiểu số; phụ cấp độc hại nghề nghiệp.
Cô Lê Thị Hiền Hảo, giáo viên trường mầm non Bạch Dương (Đà Nẵng), chia sẻ gắn bó với nghề nuôi dạy trẻ mầm non đến nay là năm thứ 22, mỗi tháng cô nhận về mức lương khoảng 14,1 triệu đồng gồm lương cơ bản và phụ cấp đứng lớp.
“Tôi hiện là giáo viên hạng II, bậc 7 và được tăng lương sớm một bậc vì có thành tích trong dạy học mới có mức lương này. Còn giáo viên trẻ mới ra trường mức lương vẫn rất thấp, không đủ chi tiêu hàng ngày”, cô Hảo nói.
Theo cô Hảo, nghề giáo viên mầm non rất vất vả. Mỗi sáng, đúng 6h30, cô phải có mặt đón trẻ. Từ đó đến khi trả hết trẻ về với phụ huynh, cô và các cô giáo phải xắn quần quần quật với các hoạt động dạy trẻ múa hát, cho ăn, dọn chỗ trẻ nôn, dỗ trẻ khóc… Làm giáo viên mầm non, dường như hàng ngày chẳng còn thời gian để đưa đón con tới trường.
Vất vả nhưng đồng lương ít ỏi, cô chi tiêu tằn tiện lắm cũng không đủ để trang trải nuôi 2 con ăn học. “Lấy chồng nhiều năm, cả gia đình cứ ở mãi trong căn nhà cấp 4. Gần đây, nhờ có ông bà hỗ trợ mới xây được nhà tử tế”, cô tâm sự.
Điều cô Hảo trăn trở là lương thấp, giáo viên trẻ sẽ không mặn mà với nghề. Thực tế đã có nhiều người yêu trẻ, thích sư phạm nhưng khi đứng trước ngưỡng cửa chọn nghề họ đã đắn đo và rẽ lối.
Khi nghe thông tin giáo viên sẽ được tăng lương, cô Hảo chia sẻ niềm vui vì trong bối cảnh khó khăn nhưng đội ngũ luôn được Đảng, Nhà nước quan tâm. Đây sẽ là niềm vui, động lực để thầy cô giáo càng yêu nghề, tâm huyết với trẻ, say sưa với con đường mình đã lựa chọn.
Còn cô Nguyễn Thuỳ Dung, giáo viên trường mầm non Sao Mai (Hà Nội), cũng nói rằng thực sự rất vui mừng và xúc động khi được biết dự thảo Nghị định mới đã có quy định về hệ số lương đặc thù cho đội ngũ nhà giáo, trong đó giáo viên mầm non được hưởng mức 1,25 so với hệ số lương hiện hưởng.
Đây là một chính sách thể hiện rõ sự quan tâm, chia sẻ của Đảng, Nhà nước và ngành giáo dục đối với những người đang làm công tác “nuôi dạy” - nền tảng đầu tiên của hệ thống giáo dục quốc dân.
Công việc của giáo viên mầm non có những đặc thù riêng, vừa chăm sóc, nuôi dưỡng, vừa tổ chức các hoạt động giáo dục phù hợp với đặc điểm lứa tuổi.
Mỗi ngày, giáo viên mầm non dành phần lớn thời gian bên trẻ, từ những việc nhỏ nhất như cho trẻ ăn, ngủ, vệ sinh, đến việc dạy trẻ những kỹ năng sống, kỹ năng giao tiếp và hình thành nhân cách đầu đời.
Đó là công việc đòi hỏi tình yêu thương, sự kiên nhẫn và tinh thần trách nhiệm rất lớn, nhưng đôi khi chưa được xã hội thấu hiểu và ghi nhận đầy đủ.
Vì vậy, khi nghe thông tin Nhà nước dự thảo Nghị định điều chỉnh hệ số lương đặc thù 1,25, mức cao nhất so với các bậc học, giáo viên cảm nhận được sự trân trọng và ghi nhận của Nhà nước đối với những nỗ lực, cống hiến thầm lặng của giáo viên mầm non.
Mức điều chỉnh này tuy chưa thể đáp ứng hoàn toàn mong mỏi về đời sống vật chất, song là nguồn động viên tinh thần to lớn, giúp chúng tôi thêm yêu nghề, vững tâm hơn trong công việc.
Cô Dung hy vọng trong thời gian tới, các chính sách về tiền lương, phụ cấp ưu đãi và chế độ đãi ngộ khác sẽ tiếp tục được quan tâm, điều chỉnh để đảm bảo đời sống cho giáo viên, đặc biệt ở vùng khó khăn. Khi giáo viên được chăm lo đầy đủ, họ sẽ toàn tâm toàn ý cống hiến, sáng tạo trong công tác chăm sóc và giáo dục trẻ.
Lâu nay, nhiều nhà giáo cho rằng, giáo viên mầm non vất vả nhất, làm việc 9-10 giờ/ngày nhưng mức lương của giáo viên mầm non đang xếp thấp nhất so với các chức danh nhà giáo khác và gần như xếp thấp nhất so với các viên chức các ngành, lĩnh vực khác là chưa phù hợp. Nhiều giáo viên ngày đi dạy, tối phải tranh thủ bán hàng online để kiếm thêm tiền trang trải cuộc sống. Áp lực cuộc sống khiến không ít người rời bỏ nghề giáo đi làm việc khác.
Theo Bộ GD&ĐT, trong vòng chưa đến 4 năm, từ 8/2020 đến 4/2024, toàn quốc có hơn 47.000 giáo viên bỏ việc, trong đó giáo viên trẻ chiếm tỷ lệ 60%. Điều đáng nói, trong số giáo viên bỏ việc, chuyển việc các cấp thì giáo viên mầm non chiếm con số khá lớn. Trong khi thực tế chuẩn bị cho việc phổ cập giáo dục mầm non cho trẻ em từ 3 đến 5 tuổi; dạy học 2 buổi/ngày; từng bước đưa tiếng Anh trở thành ngôn ngữ thứ hai trong trường học… đòi hỏi ngành giáo dục cần lực lượng lớn nhà giáo.
Sách về nghề giáo
Nếu độc giả có hứng thú với nghề giáo - một nghề nghiệp đặc biệt và đang trải qua những biến động lớn, mục Giáo dục giới thiệu một số lựa chọn:
Xin được nói thẳng(GS Hoàng Tụy) vàƯớc vọng cho học đường(GS Huỳnh Như Phương): Cuốn sách của hai nhà giáo tiên phong tại Việt Nam với nhiều suy nghĩ và những trăn trở của hai ông về tương lai nền giáo dục nước nhà.
Nghề giáo qua các tác phẩm thiếu nhi nổi tiếng: Tình thầy trò trong các tác phẩm văn chương nổi tiếng khiến độc giả cảm động bởi các nhân vật đã làm được những việc lớn lao, vượt xa chức trách của một giáo viên.

Theo Bộ GD&ĐT, thu nhập chưa đủ sống là một phần nguyên nhân khiến tình trạng giáo viên nghỉ việc có xu hướng tăng, do đó cần quy định về lương đặc thù, tăng phụ cấp.
11:32 3/11/2025"
https://lifestyle.znews.vn/lua-dao-thong-tin-hoc-bong-du-hoc-trung-hoa-dan-quoc-post1600097.html,Lừa đảo thông tin học bổng du học 'Trung Hoa Dân quốc',Một nhóm lừa đảo lan truyền thông tin kèm “Thông báo dự tuyển” hoặc “Quyết định họp Hội đồng xét chọn” được làm giả rất tinh vi.,"Ngày 5/11, Công an tỉnh Lạng Sơn cho biết Công an xã Quốc Việt vừa tiếp nhận thông tin phản ánh của người dân trên địa bàn về việc bị các đối tượng lừa đảo trên không gian mạng với thủ đoạn mạo danh chương trình tuyển sinh, học bổng và giao lưu sinh viên đi ""Trung Hoa Dân Quốc"" năm 2026. Các đối tượng này lan truyền thông tin qua email, tin nhắn mạng xã hội, nhóm chat và các trang web giả mạo.
Trong đó, email đính kèm ""Thông báo dự tuyển"" hoặc ""Quyết định họp Hội đồng xét chọn"" được làm giả rất tinh vi, có tên cơ quan, chữ ký và ""dấu đỏ"" giả mạo, khiến nhiều sinh viên và phụ huynh tin tưởng đó là văn bản chính thức của Bộ GD&ĐT hoặc Cục Hợp tác quốc tế.
Các giấy tờ giả mạo được chế tác rất tinh vi.
Qua đó, các đối tượng gửi email, đường link ""đăng ký trực tuyến""; yêu cầu nộp tiền ""lệ phí xét duyệt"", ""phí dịch thuật"", ""phí làm visa"", ""phí bảo hiểm"" vào tài khoản cá nhân hoặc tài khoản nước ngoài.
Để tạo niềm tin, nhóm lừa đảo gửi phiếu thu, giấy xác nhận trúng tuyển giả, thu thập ảnh chụp CCCD, hộ chiếu, bảng điểm để làm giả hồ sơ; tạo website có giao diện giống trang website của cơ quan nhà nước nhưng với tên miền khác lạ. Một số kẻ còn gọi điện thoại, giả danh cán bộ để gây áp lực yêu cầu nộp tiền gấp. Tin tưởng, nhiều người dân đã sập bẫy, mất nhiều tiền, có người bị chúng chiếm đoạt hàng chục triệu đồng.
Để phòng ngừa và giảm thiểu rủi ro, Công an tỉnh Lạng Sơn cảnh báo học sinh, sinh viên và gia đình cần lưu ý: Mọi thông tin chính thức về chương trình học bổng, dự tuyển và giao lưu quốc tế do Bộ GD&ĐT hoặc Cục Hợp tác quốc tế ban hành luôn được công bố trên website chính thức của cơ quan và qua kênh thông tin của trường đại học; không không cung cấp thông tin cá nhân và giấy tờ tùy thân qua đường link lạ hoặc gửi ảnh chụp qua ứng dụng chat cho người lạ.
Trong trường hợp nghi ngờ là lừa đảo, tuyệt đối không thực hiện chuyển tiền, gửi những thông tin (email, ảnh chụp màn hình, số tài khoản, nội dung tin nhắn) và báo ngay cho cơ quan Công an nơi gần nhất để được hướng dẫn xử lý.
Bạn đang cảm thấy mình đã quá tuổi để học?

Trường Đại học Y Hà Nội vừa phát đi thông báo khẩn cấp về một văn bản có dấu hiệu lừa đảo đang lan truyền, nhằm lợi dụng uy tín của Nhà trường để trục lợi bất chính.
11:52 30/10/2025"
https://lifestyle.znews.vn/cuoc-chien-bat-thuong-giua-nhung-ke-san-moi-dai-duong-post1599879.html,Cuộc chiến bất thường giữa những kẻ săn mồi đại dương,Cá mập trắng gần như không có kẻ thù trong tự nhiên. Nhưng một clip mới đây cho thấy cá voi sát thủ đã lật ngửa cá mập trắng ngay gần vùng biển Mexico.,"Clip ghi lại khung cảnh cá mập trắng bị đàn cá voi sát thủ tấn công. Ảnh:Erick Higuera Imagery.
Một clip ghi lại khoảnh khắc đàn cá voi sát thủ (orca) lật ngửa cá mập trắng và moi lấy gan ở vùng biển gần Mexico đang gây chấn động giới khoa học. TheoWashington Post, đây là bằng chứng hiếm hoi cho thấy “kẻ săn mồi đỉnh cao” của đại dương cũng có thể trở thành con mồi.
Theo đoạn phim do nhà sinh vật biển Erick Higuera ghi lại bằng drone, một đàn orca đã phối hợp tấn công cá mập trắng bằng cách thay phiên nhau ngoạm lấy con mồi, giữ cho phần bụng trắng hướng lên mặt nước rồi kéo xuống sâu. Chỉ vài phút sau, một con nổi lên, ngậm lá gan của cá mập trắng trong miệng, trước khi cả đàn chuyền tay nhau thưởng thức.
Nhà sinh vật biển Erick Higuera đã theo dõi đàn cá voi này suốt nhiều năm. Ông cho biết chúng thường săn những con mồi khó nhằn như cá mập bò, cá nhám voi hay cá đuối.
Cá mập trắng vốn gần như không có kẻ thù tự nhiên. Orca - loài săn mồi thông minh và có tổ chức - là động vật duy nhất (ngoài con người) từng được ghi nhận tấn công chúng.
“Chúng là những cỗ máy săn mồi thực thụ”, ông chia sẻ, đồng thời cho biết trước khi quay được cảnh tấn công gần La Paz vào năm 2020, ông ban đầu tưởng con mồi là cá mập cát, cho đến khi xem lại và nhận ra đó là cá mập trắng.
Đến năm 2022, kết quả quan sát được công bố trên tạp chíFrontiers in Marine Science, kèm thêm bằng chứng về một vụ tấn công tương tự tại cùng khu vực đã cho thấy hành vi này không phải hiện tượng ngẫu nhiên.
Theo các nhà khoa học, orca đã lợi dụng hiện tượng tự nhiên gọi là ""giả chết"" - trạng thái xảy ra khi cá mập hoặc cá đuối bị lật ngửa, khiến chúng rơi vào trạng thái tê liệt tạm thời. Điều này giúp cá voi sát thủ dễ dàng tiếp cận lá gan - bộ phận chứa nhiều chất béo và dinh dưỡng nhất trong cơ thể cá mập.
“Đó hoàn toàn là bản năng”, nhà sinh vật học Francesca Pancaldi, cộng sự của Higuera, cho biết.
Cá voi sát thủ nổi tiếng với khả năng giao tiếp phức tạp và các chiến thuật săn mồi được truyền lại qua nhiều thế hệ. Ông Higuera giải thích rằng chúng xác định rõ con mồi và áp dụng chiến lược khác nhau tùy từng loài.
Thực tế, mỗi đàn orca trên thế giới lại có tập tính và mục tiêu con mồi riêng. Ở vùng tây bắc Thái Bình Dương, chúng săn cá hồi Chinook còn ở ngoài khơi California, chúng săn cá heo và cá voi.
Trong khi tại British Columbia, từng có cảnh quay ghi lại orca dùng đuôi hất hải cẩu lên không để làm tê liệt con mồi. Một đàn khác ở eo biển Gibraltar lại nổi tiếng vì thường xuyên húc vào du thuyền, bẻ gãy bánh lái. Đây là hành vi mà giới khoa học cho rằng mang tính “vui đùa” hơn là tấn công.
Trong khi đó, tại Nam Phi, orca săn cá mập hiệu quả đến mức đang làm thay đổi cấu trúc hệ sinh thái.
“Áp lực săn mồi tại đây rất lớn và kéo dài, khiến cá mập buộc phải rời bỏ những khu vực tập trung truyền thống dọc bờ biển Western Cape”, nhà sinh vật biển Alison Towner thuộc Đại học Rhodes cho biết.
Các nhà nghiên cứu tại Mexico cho rằng đàn orca ở vịnh California có thể đại diện cho một dạng sinh thái mới, cụ thể là biến thể đặc trưng chuyên săn cá mập.
Họ hy vọng phát hiện này sẽ thúc đẩy chính phủ tăng cường bảo vệ loài cá voi khỏi các tour xem cá quá mức, đồng thời hạn chế tình trạng đánh bắt cá mập.
“Chúng tôi cần thêm dữ liệu để khẳng định điều này”, ông Higuera nói.
Thị trường lao động thay đổi chóng mặt, để tồn tại, con người cần học tập suốt đời. Trong bối cảnh đó, tạp chí Tri Thức - Znews giới thiệu tới độc giả cuốnHọc tập suốt đờicủa tác giả Michelle R.Weise.
Tác phẩm cung cấp cho độc giả những đánh giá về thị trường lao động tương lai, những giải pháp cho nhu cầu vừa học vừa làm đang ngày một tăng, cùng với đó là đưa ra những cách kết nối để quá trình chuyển đổi “học-làm” diễn ra thuận lợi hơn. Từ đó, tác giả nêu lên vai trò của việc học tập suốt đời.

Nghiên cứu trên Nature cho thấy cá thể nhỏ trong bộ hóa thạch nổi tiếng ở Bắc Carolina (Mỹ) không phải T-rex non, mà được xác định là Nanotyrannus trưởng thành.
09:43 1/11/2025"
https://lifestyle.znews.vn/canada-tu-choi-hau-het-don-du-hoc-tu-an-do-post1600054.html,Canada từ chối hầu hết đơn du học từ Ấn Độ,"Hai năm qua, Canada liên tục có động thái siết thị thực du học nhằm kiểm soát số lượng người nhập cư tạm thời và trấn áp các hành vi gian lận liên quan đến thị thực du học.","Khuôn viên Đại học Toronto, Canada. Ảnh:University of Toronto.
Năm 2025, Canada sẽ cấp 437.000 giấy phép du học, giảm 10% so với năm ngoái. Trong đó, hơn 73.000 giấy phép dành cho bậc sau đại học, gần 243.000 cho bậc đại học và chương trình khác.
Số còn lại dành cho học sinh phổ thông, nhóm được ưu tiên theo đánh giá của Chính phủ và những du học sinh cần gia hạn giấy phép tại nơi đang theo học.
Theo Cơ quan di trú Canada (IRCC), trong tháng 8/2025, khoảng 40% đơn xin giấy phép du học bị từ chối.
Trong đó, Ấn Độ vốn là nguồn cung sinh viên quốc tế lớn nhất cho Canada trong thập kỷ qua, tuy nhiên, khoảng 74% đơn xin cấp phép du học từ nước này đã bị Canada từ chối. Cùng với tỷ lệ từ chối cao kỷ lục, số lượng ứng viên Ấn Độ cũng giảm mạnh, từ 20.900 người vào tháng 8/2023 xuống còn 4.515 vào tháng 8/2025.
Trong khi đó, đối với Trung Quốc - quốc gia cũng có lượng lớn sinh viên tại Canada - tỷ lệ từ chối chỉ 24%.
Đáng chú ý, việc từ chối một lượng lớn hồ sơ diễn ra trong bối cảnh Ấn Độ và Canada đang tìm cách xoa dịu căng thẳng ngoại giao sau hơn một năm đối đầu.
Nguyên nhân chính dẫn đến việc siết chặt quy định là tình trạng gian lận trong hồ sơ du học. Theo IRCC, trong năm 2023, giới chức đã phát hiện gần 1.550 hồ sơ xin thị thực du học có liên quan đến thư mời nhập học giả mạo, phần lớn xuất phát từ Ấn Độ.
Năm 2024, nước này tiếp tục phát hiện hơn 14.000 thư chấp nhận có dấu hiệu gian lận. Do đó, Canada đã áp dụng các biện pháp xác minh nghiêm ngặt hơn và tăng các yêu cầu chứng minh tài chính đối với sinh viên quốc tế.
Đại sứ quán Ấn Độ tại Ottawa (Canada) cho biết họ đã nắm thông tin về việc Canada từ chối đơn xin thị thực du học, nhưng việc cấp thị thực là quyền ưu tiên của Canada. Tuy nhiên, Đại sứ quán cũng khẳng định Ấn Độ sở hữu những sinh viên chất lượng, những người đã mang lại lợi ích lớn cho các tổ chức giáo dục Canada.
Bộ trưởng Ngoại giao Canada, Anita Anand, cũng bày tỏ lo ngại về vấn đề gian lận nhập cư, nhưng khẳng định Canada vẫn muốn chào đón sinh viên Ấn Độ.
Các tổ chức giáo dục ở Canada đã thấy rõ những tác động. Tại Đại học Waterloo, số lượng sinh viên Ấn Độ theo học các chương trình đại học và sau đại học đã giảm tới 2/3 trong vòng 3-4 năm qua.
Đại học Regina và Đại học Saskatchewan cũng ghi nhận sự sụt giảm số lượng sinh viên Ấn Độ nhập học trong thời gian gần đây.
Ian VanderBurgh, Phó trưởng Phòng Tuyển sinh của Đại học Waterloo, cho biết nguyên nhân chính là do giới hạn thị thực du học, khiến cơ cấu sinh viên thay đổi đáng kể.
Thị trường lao động thay đổi chóng mặt, để tồn tại, con người cần học tập suốt đời. Trong bối cảnh đó, tạp chí Tri Thức - Znews giới thiệu tới độc giả cuốnHọc tập suốt đờicủa tác giả Michelle R.Weise.
Tác phẩm cung cấp cho độc giả những đánh giá về thị trường lao động tương lai, những giải pháp cho nhu cầu vừa học vừa làm đang ngày một tăng, cùng với đó là đưa ra những cách kết nối để quá trình chuyển đổi “học-làm” diễn ra thuận lợi hơn. Từ đó, tác giả nêu lên vai trò của việc học tập suốt đời.

Nếu không có học bổng hay hỗ trợ tài chính, để du học Mỹ, Anh, Canada hay Australia, ứng viên phải chuẩn bị tài chính ít nhất1 tỷ đồng/năm.
08:09 29/9/2025"
https://lifestyle.znews.vn/cuu-thi-sinh-olympia-gay-sot-khi-xuat-hien-voi-ao-blouse-trang-post1600013.html,Cựu thí sinh Olympia gây 'sốt' khi xuất hiện với áo blouse trắng,"Sau 15 năm, cựu thí sinh Olympia Nguyễn Phùng Hưng gây chú ý khi trở thành bác sĩ tại Bệnh viện Nội tiết Trung ương.","Gần đây, mạng xã hội xuất hiện hình ảnh cựu thí sinhĐường lên đỉnh Olympiaở hai thời điểm quá khứ và hiện tại thu hút sự chú ý của nhiều người.
Đặc biệt, nhân vật này nhiều lần xuất hiện trên sóng truyền hình trong trang phục áo blouse trắng, khiến cộng đồng mạng tò mò đến danh tính và cuộc sống hiện nay của anh.
Đó là Nguyễn Phùng Hưng (sinh năm 1994), quán quân vòng thi tuần 3, tháng 2, quý 2 của Đường lên đỉnh Olympia năm thứ 11 với 190 điểm. Anh là học sinh mang về chiến thắng đầu tiên cho trường THPT Lạng Giang số 1, tỉnh Bắc Ninh (Bắc Giang cũ), sau đó anh dừng chân ở vị trí số ba tại vòng thi tháng.
Hình ảnh của anh Hưng thời điểm tham gia thi Olympia. Ảnh:NVCC.
Anh Hưng đam mê môn Sinh học từ nhỏ. Đến cấp 2, anh đã bộc lộ niềm khả năng qua các buổi thực hành giải phẫu động vật của môn học và được nhiều thầy cô công nhận.
Nhờ thành tích học tập nổi bật, thầy giáo chủ nhiệm chủ động gửi hồ sơ đăng ký cho anh tham gia chương trìnhĐường lên đỉnh Olympia. Sau đó, anh nhận được cuộc gọi từ Đài Truyền hình Việt Nam thông báo được chọn tham dự.
Sau 15 năm, anh Hưng cho rằngĐường lên đỉnh Olympialà dấu mốc đáng nhớ trong hành trình trưởng thành. Trải nghiệm đứng trên sân khấu của cuộc thi là cơ hội để anh thử sức, rèn luyện bản lĩnh và mở rộng hiểu biết.
""Đó là chặng đường đầu tiên tôi bước ra môi trường mới. Tôi được gặp gỡ và giao lưu với nhiều người giỏi, tôi thấy bản thân thật may mắn và có thêm động lực phấn đấu"", anh Hưng kể.
Sau cuộc thiĐường lên đỉnh Olympia, Hưng tập trung học tập và theo đuổi ước mơ trở thành bác sĩ. Năm 2012, anh trúng tuyển vào chuyên ngành Bác sĩ đa khoa của Học viện Quân y.
Một lần xuất hiện trên sóng truyền hình của anh Hưng. Ảnh:NVCC.
Quá trình học Y, anh thừa nhận đã trải qua nhiều khó khăn, thậm chí phải đánh đổi cả thời gian nghỉ ngơi và giải trí để theo kịp khối lượng kiến thức và áp lực học tập lớn. Hiện anh công tác tại Liên khoa Mắt - Răng hàm mặt - Tai mũi họng của Bệnh viện Nội tiết Trung ương.
Nhờ sự tận tâm và nỗ lực trong công việc, hành trình gắn bó với nghề Y của anh Hưng nhiều lần được ghi nhận và xuất hiện trên các chương trình truyền hình.
Lần đầu tiên vào năm 2019, khi anh là bác sĩ trẻ của Bệnh viện Mắt Quốc tế DND, tham gia hoạt động thăm khám, tri ân các thương binh và người có công nhân ngày Thương binh Liệt sĩ 27/7 tại khu vực Hà Nội. Hình ảnh của anh khi đó đã xuất hiện trên sóng kênh Hà Nội 1, ghi dấu một trong những cột mốc đầu tiên trong quá trình công tác của anh.
Năm 2021, khi dịch Covid-19 bùng phát, anh Hưng tình nguyện tham gia Mạng lưới Thầy thuốc đồng hành. Trong mạng lưới, anh đảm nhiệm nhiệm vụ tư vấn, hỗ trợ người nhiễm hoặc có nguy cơ cao mắc Covid-19 tại cộng đồng, góp phần giảm tải áp lực cho các y bác sĩ tuyến đầu.
Từ những đóng góp đó, anh tiếp tục được các cơ quan truyền thông chú ý, trong đó có đài truyền hình thực hiện phỏng vấn để ghi nhận tinh thần trách nhiệm và cống hiến của đội ngũ y bác sĩ trẻ trong giai đoạn khó khăn.
Gần đây, anh Nguyễn Phùng Hưng xuất hiện trên sóng VTV1 trong chương trìnhThông điệp từ bác sĩvới chủ đề Bệnh võng mạc đái tháo đường. Trong chương trình, anh chia sẻ những thông tin y khoa và thông điệp nâng cao nhận thức cộng đồng về việc phát hiện sớm, điều trị kịp thời để hạn chế biến chứng nguy hiểm của bệnh.
Đây cũng là hoạt động nằm trong chuỗi tuyên truyền về chăm sóc sức khỏe mắt cho người mắc đái tháo đường do các cơ quan y tế phối hợp thực hiện.
Chia sẻ về cảm xúc khi nhiều lần xuất hiện trên truyền hình trong vai trò bác sĩ, anh Hưng nói ban đầu vẫn có chút hồi hộp, nhưng hơn hết là niềm vui vì được góp phần nhỏ bé vào công việc chăm sóc sức khỏe cộng đồng.
Với anh, mỗi cơ hội được lên sóng truyền hình là sự ghi nhận và nguồn động lực để anh tiếp tục nỗ lực, cống hiến và mang lại nhiều giá trị tích cực hơn cho xã hội.
Những cuốn sách dành cho người đứng trước cánh cửa nghề nghiệp
Chiến đạogiống cuộc đối thoại, gợi mở các câu hỏi của cuộc đời, giúp người trẻ chủ động định hướng nghề nghiệp, kiến tạo tương lai.
Eight - 8 cách làm chủ trí thông minh nhân tạo: “Đa số công việc mà công viên chức đang phụ trách cuối cùng đều sẽ bị thay thế bởi trí thông minh nhân tạo"", cuốn sách này sẽ giải đáp câu hỏi đó.

Sau trận chung kết Đường lên đỉnh Olympia 2025, thí sinh Đoàn Thanh Tùng nhận bằng khen, thư chúc mừng cùng nhiều phần thưởng từ các đơn vị.
18:12 29/10/2025"
https://lifestyle.znews.vn/bi-an-gay-sung-sot-ve-dai-duong-post1599553.html,Bí ẩn gây sửng sốt về đại dương,Những bí ẩn đại dương luôn kích thích trí tò mò của con người.,"Theo giải thích của giáo sư Glenn Smith, công tác tại Viện Công nghệ Georgia (Mỹ), nước biển thật ra không màu nhưng do phản chiếu màu xanh của bầu trời nên chúng ta thường thấy có màu xanh. Do vậy, lúc bầu trời có nhiều đám mây xám, nước biển lại trở thành màu xám. Ngoài ra, màu của nước biển còn do các phân tử nước hấp thụ và tán xạ ánh sáng Mặt Trời.
Theo Quỹ Quốc tế Bảo vệ Thiên nhiên - Anh, nước biển chứa khoảng 3,5% muối, một tỷ lệ tưởng chừng nhỏ nhưng lại tạo nên đặc tính cơ bản của đại dương. Nguồn gốc từ CO2 trong không khí hòa tan vào nước mưa, tạo thành một dung dịch axit yếu (axit carbonic). Khi mưa rơi, nước mưa có tính axit này làm xói mòn các bề mặt đá, giải phóng các khoáng chất muối dưới dạng ion. Các ion này sau đó được sông, suối cuốn trôi và đổ ra đại dương. Quá trình này còn được bổ sung bởi các nguồn dưới đáy biển như núi lửa và miệng phun thủy nhiệt, nơi trực tiếp thải khoáng chất vào nước biển.
Đại dương cung cấp khoảng một nửa lượng oxy của Trái Đất. Ngoài ra, các đại dương còn hấp thụ hơn 1/4 lượng khí thải carbon do con người tạo ra và sở hữu khả năng lưu trữ nhiệt khổng lồ. Trên thực tế, các đại dương đã hấp thụ đến 90% sự nóng lên của Trái Đất xảy ra trong những thập kỷ gần đây.
TheoLive Science, Trái Đất khác biệt so với các hành tinh đá lân cận do chứa nhiều nước. Khoảng 70% bề mặt Trái Đất được bao phủ bởi nước, trong đó đến 97% lượng nước trên hành tinh thuộc về đại dương và chỉ khoảng 3% tồn tại ở dạng khác như sông băng, mũ băng, nước từ sông, hồ...
Theo sách10 vạn câu hỏi vì sao, đại dương sâu nhất thế giới là Thái Bình Dương. Nơi sâu nhất trên Thái Bình Dương đạt tới 11.022 m (tại rãnh Mariana). Theo các nhà khoa học, nếu mang ngọn núi cao nhất thế giới (Everest) đặt xuống chỗ này, ngọn núi vẫn ngập dưới biển hơn 2.000 m.
Hòn đảo Île de Ré nằm ở ngoài khơi phía tây nước Pháp, gần thành phố cảng La Rochelle, là nơi thường xuất hiện những con sóng hình vuông kỳ lạ. Bạn sẽ thấy hiện tượng biển giao nhau này dễ hơn khi quan sát từ trên cao. Du khách thường trèo lên ngọn hải đăng hay đứng ở vách đá gần bờ biển để nhìn ngắm mặt biển chia ô bàn cờ. Ảnh:Indiana Public Media.
Những cuốn sách dành cho người đứng trước cánh cửa nghề nghiệp
Mục Giáo dục giới thiệu đến bạn đọc một số cuốn sách về chủ đề nghề nghiệp, hướng nghiệp, dành cho những bạn trẻ đang băn khoăn trước cánh cửa nghề nghiệp hay người trưởng thành quan tâm đến sự biến đổi nghề nghiệp trong xã hội hiện đại.
Chiến đạogiống cuộc đối thoại, gợi mở các câu hỏi của cuộc đời, giúp người trẻ chủ động định hướng nghề nghiệp, kiến tạo tương lai.
Eight - 8 cách làm chủ trí thông minh nhân tạo: “Đa số công việc mà công viên chức đang phụ trách cuối cùng đều sẽ bị thay thế bởi trí thông minh nhân tạo"", cuốn sách này sẽ giải đáp câu hỏi đó.

Bão là hiện tượng thời tiết cực đoan với đặc điểm như tốc độ gió rất cao, lượng mưa lớn và nước biển dâng cao trong thời gian ngắn.
05:50 30/10/2025"
https://lifestyle.znews.vn/hang-tram-nghin-hoc-sinh-nghi-hoc-tranh-bao-so-13-post1599993.html,Hàng trăm nghìn học sinh nghỉ học tránh bão số 13,"Để đảm bảo an toàn trước bão Kalmaegi, một số tỉnh, thành đã phát đi thông báo cho học sinh nghỉ học.","Hình ảnh mắt bão Kalmaegi được chụp vào ngày 3/11 thông qua một trong số vệ tinh thuộc Copernicus Sentinel-3. Ảnh:Eumetsat.
Chiều 4/11, Sở GD&ĐTĐắk Lắkcó văn bản đề nghị UBND các xã, phường và các đơn vị trực thuộc triển khai thực hiện một số nhiệm vụ liên quan để chủ động ứng phó với bão số 13 và mưa lũ.
Trong đó, các cơ sở giáo dục tại các xã, phường Sông Cầu, Xuân Đài, Bình Kiến, Tuy Hòa, Phú Yên, Hòa Hiệp, Xuân Lộc, Xuân Cảnh, Tuy An Bắc, Tuy An Đông, Ô Loan, Tuy An Nam, Hòa Xuân, Xuân Thọ, Đồng Xuân, Phú Mỡ và một số xã, phường lân cận cho học sinh các cấp, sinh viên nghỉ học từ chiều 5/11 đến hết ngày 7/11.
Các địa phương này đều thuộc tỉnh Phú Yên cũ, ước tính khoảng 190.000 em.
Sở cũng yêu cầu các đơn vị khẩn trương tổ chức kiểm tra, gia cố các công trình có nguy cơ mất an toàn, phối hợp đơn vị chuyên môn cắt tỉa hệ thống cây xanh bên trong trường học, kiểm tra hệ thống cống, rãnh thoát nước, mạng lưới điện nhằm đảm bảo an toàn trước khi có bão, lũ lụt xảy ra.
Các trường sẵn sàng phương án sơ tán học sinh, giáo viên đến nơi an toàn; chủ động phối hợp với các cơ quan chức năng tại địa phương để được hỗ trợ về chuyên môn, vật tư, trang thiết bị khi có tình huống xảy ra.
Ngoài ra, các cơ sở giáo dục chủ động xây dựng phương án dạy học trực tuyến hoặc tạm hoãn lịch học trong những ngày mưa bão diễn biến phức tạp.
Thủ trưởng các cơ sở chủ động báo cáo về Sở GD&ĐT và chính quyền địa phương để xin ý kiến việc cho học sinh nghỉ học đảm bảo theo quy định. Sau khi bão tan, nhà trường khẩn trương tổng vệ sinh, khử khuẩn, dọn dẹp trường lớp, kiểm tra hệ thống điện, nước, cơ sở vật chất, bảo đảm an toàn tuyệt đối trước khi tổ chức dạy học trở lại…
TạiKhánh Hòa, Sở GD&ĐT đề nghị các đơn vị theo dõi chặt chẽ diễn biến của bão Kalmaegi và mưa lũ, thường xuyên giữ liên hệ với các cơ quan chức năng, lực lượng cứu hộ địa phương để kịp thời ứng phó trong trường hợp có sự cố xảy ra.
Cùng với đó, các trường lên các phương án bảo đảm an toàn cho học sinh, giáo viên; chủ động cho học sinh nghỉ học và xây dựng kế hoạch dạy bù vào thời gian thích hợp.
""Tuyệt đối không tổ chức dạy học, các hoạt động giáo dục cho học sinh khi không đảm bảo an toàn"", sở nhấn mạnh.
Dự báo từ chiều tối 6/11, ven biển từ Nam Quảng Trị đến Đắk Lắk có gió mạnh cấp 8-9, vùng gần tâm bão cấp 10-12, giật cấp 14-15. Mưa rất to dự kiến xảy ra trong hai ngày 6-7/11.
Khu vực từ Đà Nẵng đến Đắk Lắk, lượng mưa phổ biến 200-400 mm, có nơi trên 600 mm; từ Nam Quảng Trị đến Huế, Khánh Hòa và Lâm Đồng 150-300 mm, có nơi trên 450 mm. Từ 8/11, mưa giảm dần.
Cơ quan khí tượng cảnh báo hoàn lưu bão Kalmaegi rộng, có thể gây dông, lốc, gió giật mạnh trước và trong khi bão đổ bộ. Các địa phương từ Quảng Trị đến Đắk Lắk cần khẩn trương rà soát, di dời dân khỏi khu vực ven biển, vùng trũng thấp, sẵn sàng ứng phó nguy cơ ngập úng, sạt lở, lũ quét và đảm bảo an toàn cho tàu thuyền hoạt động trên biển.
Thị trường lao động thay đổi chóng mặt, để tồn tại, con người cần học tập suốt đời. Trong bối cảnh đó, tạp chí Tri Thức - Znews giới thiệu tới độc giả cuốnHọc tập suốt đờicủa tác giả Michelle R.Weise.
Tác phẩm cung cấp cho độc giả những đánh giá về thị trường lao động tương lai, những giải pháp cho nhu cầu vừa học vừa làm đang ngày một tăng, cùng với đó là đưa ra những cách kết nối để quá trình chuyển đổi “học-làm” diễn ra thuận lợi hơn. Từ đó, tác giả nêu lên vai trò của việc học tập suốt đời.

Hiện tượng La Nina làm thay đổi các hình thái thời tiết trên Biển Đông, khiến số lượng bão trong tháng 11 được dự báo cao hơn trung bình các năm trước.
19:53 1/11/2025"
https://lifestyle.znews.vn/5-thoi-quen-tu-buoi-sang-de-tot-hon-moi-ngay-post1599024.html,5 thói quen từ buổi sáng để tốt hơn mỗi ngày,"Nền tảng của hiệu quả học tập và công việc là những thói quen nhỏ, làm đều mỗi ngày.","Học sinh ôn thi tốt nghiệp trung học trong nhà thờ Giám mục Athanasius ở thành phố Alexandria, Ai Cập, năm 2024. Ảnh:Reuters.
Trong hành trình phát triển bản thân, sự tiến bộ không đến từ những bước nhảy vọt, mà từ những nếp sống nhỏ được duy trì mỗi ngày. Giữa nhịp sống bận rộn, nhiều người trẻ đang tìm cách giữ vững động lực học tập và làm việc trong khi vẫn bảo toàn sức khỏe tinh thần.
Các nghiên cứu của Đại học Pennsylvania và Harvard Health Publishing đều cho thấy khi nhịp sinh hoạt được tổ chức hợp lý, hiệu quả học tập - làm việc, khả năng thích ứng và sức khỏe tinh thần đều cải thiện rõ rệt, tạo nền vững cho hành trình phát triển dài hạn.
""Ritual” (tức: nghi thức nhỏ lặp lại liên tục), giúp định hình tinh thần và kỷ luật cho ngày mới. Theo nền tảng đào tạo trực tuyến của Đại học Pennsylvania (UPenn), một buổi sáng có trật tự giúp giảm căng thẳng và tăng hiệu quả học tập. Việc uống một cốc nước đầy sau khi thức dậy, dọn dẹp góc học tập hoặc viết vài dòng cảm ơn bản thân là những hành động đơn giản nhưng giúp thiết lập nhịp độ tích cực cho cả ngày.
Một “ritual” buổi sáng hiệu quả cũng có thể bắt đầu từ tối hôm trước, như chuẩn bị sẵn quần áo hoặc lên danh sách công việc ngày mai. Hành động này giúp tiết kiệm năng lượng buổi sáng và tránh tình trạng phản ứng thụ động. Duy trì thói quen sáng đều đặn trong 3 tuần đầu có thể tạo hiệu ứng “khởi động hành vi” giúp cơ thể và não bộ ghi nhớ mô hình mới, theoHarvard Health.
Để tiến bộ thực chất, mục tiêu cần rõ ràng thay vì chung chung. Mô hình SMART, viết tắt của Specific (cụ thể), Measurable (đo lường được), Achievable (khả thi), Relevant (phù hợp mục tiêu lớn), Time-bound (có hạn chót), giúp sắp xếp việc học và công việc theo trật tự dễ theo dõi. Thay vì “học nhiều hơn”, cách diễn đạt theo SMART là: “đọc 20 trang trong 30 phút và ghi lại 3 ý chính”. Mục tiêu như vậy có thước đo, có điểm kết thúc và dễ kiểm tra tiến độ.
Mô hình này giúp tăng mức độ tập trung, củng cố kỷ luật cá nhân và giảm cảm giác quá tải. Cách làm hiệu quả là chia nhỏ mục tiêu lớn thành các bước theo ngày/tuần (ví dụ: giữ nhịp “20 trang mỗi ngày” để hoàn thành giáo trình trong hai tuần), đánh dấu hoàn thành từng bước để tạo cảm giác thành tựu, kéo theo động lực cho bước tiếp theo.
Giấc ngủ không chỉ là nghỉ ngơi mà là quá trình “bảo trì hệ thần kinh”. Trung tâm Kiểm soát và Phòng ngừa Dịch bệnh Hoa Kỳ (CDC) khuyến nghị người trưởng thành cần 7-9 giờ ngủ chất lượng mỗi đêm để duy trì trí nhớ, khả năng tập trung và phản ứng cảm xúc.
Ngủ - thức đúng giờ, tránh ánh sáng xanh từ thiết bị trước khi ngủ và tạo môi trường yên tĩnh, mát mẻ là những yếu tố cơ bản.Harvard Healthcho biết ánh sáng xanh có thể làm giảm tới 23% lượng hormone melatonin, khiến cơ thể nhầm lẫn giữa ngày và đêm. Một giấc ngủ đều đặn giúp não bộ xử lý thông tin tốt hơn và cải thiện khả năng học hỏi.
Theo Tổ chức Y tế Thế giới (WHO), hoạt động thể chất ít nhất 150 phút mỗi tuần có thể giảm nguy cơ căng thẳng và tăng hiệu suất làm việc. Chế độ ăn giàu chất xơ, protein lành mạnh và hạn chế đường tinh luyện giúp duy trì năng lượng ổn định suốt ngày dài.
Tập thể dục không nhất thiết phải là luyện cường độ cao. Một bài đi bộ nhanh 15 phút, vài động tác giãn cơ trong lúc chờ cà phê pha, hay nhảy nhẹ khi nghe nhạc cũng đủ để cơ thể giải phóng endorphin - hormone giúp cải thiện tâm trạng.
Thành công lâu dài cần đi cùng khả năng phục hồi tinh thần. Theo Hiệp hội Tâm lý Mỹ (APA), thực hành thiền chánh niệm, hít thở sâu và viết nhật ký cảm xúc giúp giảm hormone căng thẳng cortisol, tăng độ tập trung và khả năng ra quyết định.
Các nhà nghiên cứu tại Viện Sức khỏe Quốc gia Mỹ (NIH) còn phát hiện việc tương tác với thú cưng hoặc dành thời gian ngoài trời có thể tăng oxytocin - hormone gắn kết, qua đó giảm lo âu và cải thiện tâm trạng. Nghỉ ngơi có chủ đích, như xem phim, thưởng thức món ăn yêu thích hay đơn giản là đi dạo, không chỉ là phần thưởng mà là chiến lược phục hồi năng lượng.
Bạn đang cảm thấy mình đã quá tuổi để học?

Nhiều học sinh, sinh viên than vãn vì sao mình học mãi không giỏi, dù rất cố gắng, chăm chỉ mà kết quả không như mong muốn.
11:20 1/11/2025

Chia sẻ trên Newsweek, các chuyên gia chỉ ra 6 dấu hiệu cho thấy con bạn đang lớn lên trong một gia đình hạnh phúc.
15:39 31/10/2025"
https://lifestyle.znews.vn/co-nhung-tinh-moi-giao-su-ve-nhung-ca-nam-khong-giao-viec-post1599818.html,Có những tỉnh mời giáo sư về nhưng cả năm không giao việc,"Theo nguyên Bộ trưởng Bộ Khoa học và Công nghệ, có những tỉnh mời giáo sư về nhưng cả năm không giao việc. Chỉ trả lương cao hoặc cấp đất mà không có việc làm cụ thể, nhân tài sẽ ra đi.","TS Nguyễn Quân phát biểu tại tọa đàm. Ảnh:Duy Thành/HUST.
Thông tin trên được TS Nguyễn Quân, nguyên Bộ trưởng Bộ Khoa học và Công nghệ, chia sẻ tại tọa đàmChính sách đột phá thu hút nhân tài trong giáo dục đại học, khoa học - công nghệ và đổi mới sáng tạo,sáng 4/11, tại Đại học Bách khoa Hà Nội.
Ông Quân khẳng định Việt Nam đã có nhiều nghị quyết đúng đắn về thu hút, trọng dụng nhân tài. Tuy nhiên, ông cho rằng nghị quyết chưa thực sựđi vào được cuộc sống, vẫn cósự chồng chéo và cản trở của hệ thống luật pháp.
Theo đó, các nghị quyết yêu cầu áp dụng cơ chế quỹ trong tài trợ khoa học công nghệ từ ngân sách Nhà nước. Tuy nhiên, khi thực hiện, ngành tài chính cho rằng Luật Ngân sách Nhà nước không cho phép cấp tiền mà không có kế hoạch được phê duyệt từ trước, dẫn đến việc phải chờ đợi cả năm để thực hiện nghiên cứu.
""Không quốc gia nào trên thế giới làm vậy. Họ áp dụng cơ chế quỹ, đề tài có đến đâu là cấp tiền đến đó"", ông Quân cho biết.
Hay Luật Khoa học Công nghệ cho phép viên chức khoa học công nghệ thành lập và điều hành doanh nghiệp khoa học, nhưng Luật Viên chức lại cấm viên chức thành lập và điều hành doanh nghiệp. Thêm vào đó, Luật Doanh nghiệp không có loại hình ""doanh nghiệp khoa học công nghệ"", nên không được miễn giảm thuế.
""Điều này dẫn đến tình trạng 'chảy máu chất xám' dữ dội từ khu vực công sang khu vực tư, từ trong nước ra nước ngoài"", ông Quân nói.
Toàn cảnh buổi tọa đàm. Ảnh:Duy Thành/HUST.
Từ những vấn đề trên, ông Quân đề xuất một số kiến nghị để chính sách thu hút nhân tài có thể đi vào cuộc sống.
Trong đó, ông nhấn mạnh chính sách đãi ngộ phải khả thi. Ông tiếp tục lấy ví dụ Nghị quyết 98 cho phép TP.HCM trả lương cho lãnh đạo viện công lập tới 120 triệu đồng. Tuy nhiên, không ai dám nhận vì nhân viên xung quanh chỉ nhận hơn 10 triệu đồng nên không ai dám làm.
Bên cạnh đó, ông cho rằng việc tự chủ cũng cần hợp lý, không thể để các cơ sở tự chủ cả chi thường xuyên lẫn chi đầu tư.
Theo ông, tự chủ chỉ nên áp dụng cho chi thường xuyên (như chi lương, vận hành bộ máy), còn chi đầu tư (phòng thí nghiệm hiện đại, cơ sở vật chất) phải do Nhà nước lo.""Như vậy họ mới có thể trả lương cao cho cán bộ"", ông nói.
Thứ ba, ông Quân cho rằng người đứng đầu các đơn vị công lập rất quan trọng. Họ phải là ngườicó tâm, tầm, uy tín và sự độ lượng, bao dung để giữ chân cán bộ, bởi thu hút có thể dễ nhưng giữ chân nhân tài mới khó.
Các nhà khoa học ở nước ngoài về nước, họ chấp nhận lương thấp hơn nhưng ít nhất họ phải nhận được sự quan tâm, được giao việc, dự án hay nhóm nghiên cứu mạnh để có việc làm và thu nhập.
""Có những tỉnh mời giáo sư về nhưng cả năm không giao việc. Chỉ trả lương cao hoặc cấp đất mà không có việc làm cụ thể, họ sẽ ra đi"", ông nói.
Đồng quan điểm, PGS Huỳnh Quyết Thắng, Giám đốc Đại học Bách khoa Hà Nội, nhìn nhận lương bổng không phải là tất cả, đặc biệt với nhà khoa học trẻ.
""Điều quan trọng là môi trường làm việc, sự trọng dụng, tôn trọng quyền được làm việc, cống hiến, sáng tạo"", ông Thắng bày tỏ.
Thứ tư, theo ông Quân, chúng ta cần tạo quyền tự chủ cho các nhà khoa học lớn, cho phép họ quản lý ngân sách được giao, mời đồng nghiệp và được quyền thỏa thuận mức thu nhập trong khuôn quy định.
Cơ chế đặt hàng cũng cần điều chỉnh. Theo đó, nhiệm vụ nghiên cứu cần được giao theo thể thức đặt hàng (do người đứng đầu các bộ, tỉnh, hoặc cơ sở giáo dục/viện nghiên cứu thực hiện), để đảm bảo kết quả nghiên cứu được theo dõi, tiếp nhận và thương mại hóa đúng nghĩa.
""Nếu không được đặt hàng, chỉ nghiên cứu theo ý thích thì dù kết quả tốt, nghiên cứu đó cũng không thể thương mại hóa"", theo ông Quân.
Thị trường lao động thay đổi chóng mặt, để tồn tại, con người cần học tập suốt đời. Trong bối cảnh đó, tạp chí Tri Thức - Znews giới thiệu tới độc giả cuốnHọc tập suốt đờicủa tác giả Michelle R.Weise.
Tác phẩm cung cấp cho độc giả những đánh giá về thị trường lao động tương lai, những giải pháp cho nhu cầu vừa học vừa làm đang ngày một tăng, cùng với đó là đưa ra những cách kết nối để quá trình chuyển đổi “học-làm” diễn ra thuận lợi hơn. Từ đó, tác giả nêu lên vai trò của việc học tập suốt đời.

Ông Nguyễn Huy Ngọc, Phó chủ tịch UBND tỉnh Phú Thọ, đạt chuẩn chức danh giáo sư ngành Y học năm 2025
14:08 4/11/2025"
https://lifestyle.znews.vn/ep-con-hoc-tap-qua-suc-co-the-bi-phat-toi-10-trieu-dong-post1599621.html,Ép con học tập quá sức có thể bị phạt tới 10 triệu đồng,"Theo Nghị định số 282/2025/NĐ-CP Chính phủ mới ban hành, hành vi cưỡng ép thành viên gia đình học tập quá sức có thể bị phạt tiền từ 5 triệu đồng đến 10 triệu đồng.","Hành vi cưỡng ép thành viên gia đình học tập quá sức có thể bị phạt tiền từ 5 triệu đồng đến 10 triệu đồng. Ảnh minh họa. Nguồn:TTXVN.
Chính phủ ban hành Nghị định số 282/2025/NĐ-CP quy định xử phạt vi phạm hành chính trong lĩnh vực an ninh, trật tự, an toàn xã hội; phòng, chống tệ nạn xã hội; phòng, chống bạo lực gia đình.
Nghị định quy định mức phạt tiền tối đa trong lĩnh vực phòng, chống bạo lực gia đình đối với cá nhân là 30 triệu đồng, đối với tổ chức là 60 triệu đồng.
Mức phạt tiền tối đa trong lĩnh vực an ninh, trật tự, an toàn xã hội đối với cá nhân là 40 triệu đồng, đối với tổ chức là 80 triệu đồng.
Đáng chú ý, đối với các hành vi cưỡng ép, cản trở, cô lập, giam cầm, gây áp lực thường xuyên về tâm lý các thành viên gia đình, Nghị định quy định phạt tiền từ 5 triệu đồng đến 10 triệu đồng đối với một trong những hành vi sau ngăn cản thành viên gia đình gặp gỡ người thân, có quan hệ xã hội hợp pháp, lành mạnh hoặc hành vi khác nhằm cô lập, gây áp lực thường xuyên về tâm lý; kỳ thị, phân biệt đối xử về hình thể, giới tính, năng lực của thành viên gia đình; ngăn cản việc thực hiện quyền, nghĩa vụ trong quan hệ gia đình giữa ông, bà và cháu hoặc giữa cha, mẹ và con hoặc giữa vợ và chồng hoặc giữa anh, chị, em với nhau; cưỡng ép thành viên gia đình học tập quá sức.
Nghị định quy định phạt tiền từ 10 triệu đồng đến 20 triệu đồng đối với một trong những hành vi sau: cưỡng ép thành viên gia đình phải chứng kiến bạo lực đối với người, con vật nhằm gây áp lực thường xuyên về tâm lý; cưỡng ép thành viên gia đình nghe âm thanh, xem hình ảnh, đọc nội dung kích thích bạo lực.
Các mức phạt tiền trên là mức phạt được áp dụng đối với hành vi vi phạm hành chính của cá nhân. Đối với tổ chức có cùng hành vi vi phạm, mức phạt tiền gấp 02 lần mức phạt tiền đối với cá nhân.
Các quy định trên có hiệu lực từ ngày 15/12/2025.
Thị trường lao động thay đổi chóng mặt, để tồn tại, con người cần học tập suốt đời. Trong bối cảnh đó, tạp chí Tri Thức - Znews giới thiệu tới độc giả cuốnHọc tập suốt đờicủa tác giả Michelle R.Weise.
Tác phẩm cung cấp cho độc giả những đánh giá về thị trường lao động tương lai, những giải pháp cho nhu cầu vừa học vừa làm đang ngày một tăng, cùng với đó là đưa ra những cách kết nối để quá trình chuyển đổi “học-làm” diễn ra thuận lợi hơn. Từ đó, tác giả nêu lên vai trò của việc học tập suốt đời.

Ở tuổi 46, PGS Hoàng Anh Tiến là ứng viên giáo sư trẻ nhất ngành Y với hàng trăm công bố khoa học và nhiều giải thưởng uy tín.
10:06 15/10/2025"
https://znews.vn/7-loi-giao-tiep-ban-thuong-mac-phai-ma-khong-nhan-ra-post1608437.html,7 lỗi giao tiếp bạn thường mắc phải mà không nhận ra,Những sai lầm trong giao tiếp thường tạo ra cảm giác mất kết nối và có thể dẫn đến các vấn đề tiêu cực trong mối quan hệ.,"1. Sử dụng ngôn ngữ xua đuổi:Lỗi lớn nhất trong giao tiếp mà bạn có thể mắc phải là thiếu tôn trọng người khác. Ví dụ, vì vội vàng hoặc quá tập trung vào ý kiến của mình, bạn vô tình dùng những câu nói ngắn gọn, cộc lốc khiến người đối diện cảm thấy bị gạt bỏ hoặc không được lắng nghe. Điều này làm không khí cuộc trò chuyện trở nên căng thẳng và khiến đối phương ngại chia sẻ thêm. Ảnh:Phương Lâm.
2. Ngắt lời:Ví dụ, khi đang nghe bạn bè kể về một cuối tuần thú vị, bạn đột ngột chen ngang để kể câu chuyện của riêng mình. Điều này khiến đối phương cảm thấy chỉ là ""nhân vật phụ"" trong cuộc trò chuyện. Theo các nhà tâm lý học, lắng nghe là yếu tố quan trọng trong giao tiếp lành mạnh. Việc thường xuyên ngắt lời cho thấy đó là người thiếu sự đồng cảm. Ảnh:Phương Lâm.
3. Nói quá nhiều về bản thân:Ai cũng từng trải qua những cuộc trò chuyện tẻ nhạt, nơi đối phương không ngừng nói lan man về cuộc sống riêng của họ. Thực tế, bạn cần cởi mở kể về mình nhưng không nên để câu chuyện của bản thân lấn át đối phương. Điều này có thể khiến người kia tự hỏi liệu sự hiện diện của họ có cần thiết hay không. Ảnh:Phương Lâm.
4. Đưa ra lời khuyên quá mức:Một hành động phổ biến nhưng dễ gây xung đột là lập tức nhảy vào đưa ra lời khuyên khi ai đó mô tả vấn đề, thay vì lắng nghe và công nhận trải nghiệm của họ. Dù bạn có ý tốt, nhưng lời khuyên không được yêu cầu có thể khiến đối phương cảm thấy bị cho là vô dụng. Ảnh:Phương Lâm.
5. Đặt câu hỏi đóng:Đặt câu hỏi là yếu tố then chốt để một cuộc trò chuyện thành công. Tuy nhiên, bạn cần đảm bảo các câu hỏi đó phải mở đường cho cuộc đối thoại tiếp diễn, mời gọi đối tác tiếp tục trò chuyện, chia sẻ thay vì đóng lại mạch trao đổi. Ảnh:Pexels.
6. Đặt câu hỏi dồn dập:Ngay cả khi bạn sử dụng giọng điệu nhẹ nhàng, việc hỏi dồn dập có thể khiến đối phương cảm thấy căng thẳng và phải ở thế phòng thủ. Do đó, sau mỗi câu hỏi và câu trả lời, thay vì vội vàng chuyển sang câu hỏi tiếp theo, bạn hãy dành một khoảnh khắc để tạm dừng, quan sát và xem liệu đối phương có điều gì muốn hỏi ngược lại hay không. Ảnh:Pexels.
7. Không hỏi tiếp nối:Nếu bạn đặt một câu hỏi, đối phương trả lời và ngay lập tức bạn chuyển sang chủ đề hoàn toàn mới, người kia có thể cảm thấy bạn chỉ đang cố gắng lấp đầy thời gian chết và không hề hứng thú với những gì họ nói. Trong khi đó, đặt câu hỏi tiếp nối sẽ cho thấy bạn đang lắng nghe và thực sự quan tâm đến đối phương, ngay cả khi câu hỏi đơn giản là: ""Tôi rất muốn nghe thêm về chi tiết đó"". Ảnh:Pexels.
Thị trường lao động thay đổi chóng mặt, để tồn tại, con người cần học tập suốt đời. Trong bối cảnh đó, tạp chí Tri Thức - Znews giới thiệu tới độc giả cuốnHọc tập suốt đờicủa tác giả Michelle R.Weise.
Tác phẩm cung cấp cho độc giả những đánh giá về thị trường lao động tương lai, những giải pháp cho nhu cầu vừa học vừa làm đang ngày một tăng, cùng với đó là đưa ra những cách kết nối để quá trình chuyển đổi “học-làm” diễn ra thuận lợi hơn. Từ đó, tác giả nêu lên vai trò của việc học tập suốt đời.

Mới đây, hàng loạt nghệ sĩ, người nổi tiếng Việt Nam như NSND Tự Long, hoa hậu Bảo Ngọc, á hậu Phương Anh đạt được những thành tựu học thuật ấn tượng.
06:30 4/12/2025"
https://znews.vn/chon-nganh-hoc-trong-ky-nguyen-ai-gen-z-nen-uu-tien-yeu-to-nao-post1609961.html,"Chọn ngành học trong kỷ nguyên AI, Gen Z nên ưu tiên yếu tố nào?","AI đang tái định hình mọi nghề nghiệp. Để vững vàng, Gen Z cần chọn ngành dựa trên sự thấu hiểu bản thân và khả năng thích ứng, thay vì chỉ loay hoay chạy theo công nghệ.","Trí tuệ nhân tạo đang tái định hình cách học tập, làm việc và hòa nhập thị trường lao động. Sự thay đổi này yêu cầu Gen Z lựa chọn ngành học có khả năng thích ứng cao và giai đoạn lớp cuối cấp chính là khoảng thời gian then chốt để xác lập hướng phát triển, chuẩn bị cho hành trình bước vào đại học.
Quyết định ngành học phản ánh quỹ đạo nghề nghiệp nhiều năm sau đó. Gen Z cần hiểu bản thân mạnh ở dạng tư duy nào, ví dụ xử lý số liệu, quan sát tâm lý, sáng tạo hình ảnh hay phân tích chiến lược, từ đó chọn ngành phù hợp và phương pháp học đúng để tạo nền tảng tiến xa trong lĩnh vực mình theo đuổi.
Sự hiểu biết về môi trường làm việc tương lai cũng hỗ trợ quá trình định hướng. Khi tìm hiểu ngành nghề, học sinh nên quan sát nhịp độ làm việc, tính chất nhiệm vụ và mô hình phát triển chuyên môn. Việc hình dung một ngày làm việc trong tương lai sẽ giúp học sinh đánh giá độ phù hợp giữa lĩnh vực và phong cách tư duy của bản thân.
Gen Z cân nhắc chọn ngành học phù hợp trong bối cảnh AI phát triển mạnh mẽ.
Trước sự bùng nổ của công nghệ, nhiều học sinh băn khoăn liệu có nhất thiết phải theo học các ngành chuyên sâu về AI mới có cơ hội phát triển. Câu trả lời là không, bởi thực tế AI chỉ là công cụ hỗ trợ, không thể xóa bỏ các nghề nghiệp hiện hữu mà đang tái định hình chúng, đòi hỏi con người phải biết cách ứng dụng trí tuệ nhân tạo để phục vụ cho lĩnh vực chuyên môn. Báo cáoAI and the Future of Learningcủa UNESCO cho hay AI góp phần thay đổi hoạt động học tập và làm việc thông qua phân tích dữ liệu, mô phỏng và tự động hóa. Báo cáo cũng mô tả mức độ ứng dụng công nghệ này trong các nhóm ngành sử dụng nền tảng số như kinh doanh, quản trị, kỹ thuật và sáng tạo nội dung.
Cụ thể, ở lĩnh vực sáng tạo, AI hỗ trợ rút ngắn quá trình sản xuất hình ảnh, video. Trong kinh doanh, dữ liệu lớn kết hợp công cụ số nâng cao hiệu quả dự báo và quyết định. Khối ngành truyền thông tận dụng AI để phân tích hành vi và nội dung, trong khi ngành thiết kế chú trọng sự kết hợp giữa công cụ mới và tư duy người dùng. Qua đó, có thể thấy trí tuệ nhân tạo là lợi thế để gia tăng tốc độ và hiệu quả, nhưng chuyên môn vững chắc mới là yếu tố giúp Gen Z tiến xa.
Thông tin từ các buổi tư vấn hướng nghiệp tại nhiều trường THPT cho thấy nhóm ngành kinh tế, quản trị, marketing, truyền thông, logistics và công nghệ tiếp tục thu hút lượng lớn học sinh. Trong đó, ở TP.HCM, sự quan tâm dành cho kinh doanh quốc tế và quản trị kinh doanh tăng mạnh do nhu cầu nhân lực lớn, môi trường doanh nghiệp liên tục đổi mới. Tại các tỉnh Đông Nam Bộ, logistics và quản lý chuỗi cung ứng được chú ý vì xu hướng dịch chuyển sản xuất. Còn khu vực miền Tây Nam Bộ cho thấy sức hút của công nghệ thông tin và truyền thông đa phương tiện, đặc biệt khi giới trẻ tiếp xúc sớm với công cụ số.
Gen Z Tây Nam Bộ đặc biệt quan tâm đến các nhóm ngành tại UEF.
Trường Đại học Kinh tế - Tài chính TP.HCM (UEF) được nhắc đến nhiều trong quá trình tìm hiểu của học sinh vì chương trình đào tạo cập nhật liên tục với phương pháp học giàu tính ứng dụng. Các ngành quản trị kinh doanh, marketing, công nghệ thông tin, truyền thông đa phương tiện và luật… của trường nhận sự quan tâm bởi đây là những lĩnh vực phù hợp định hướng chuyển đổi số, cơ hội nghề nghiệp cao.
Gen Z tham dự tư vấn hướng nghiệp đánh giá cao cách trường giới thiệu lộ trình nghề rõ ràng, từ năm nhất đã tiếp xúc dự án thực tế. Khi quan sát những hướng đi nghề nghiệp đa dạng, các bạn trẻ dễ hình dung con đường phát triển sau khi ra trường, nhờ vậy giai đoạn lựa chọn ngành học với tâm thế cũng bớt áp lực hơn.
Đại diện UEF cho biết chương trình đào tạo của trường được xây dựng theo hướng tích hợp AI và gắn với bối cảnh doanh nghiệp. Mô hình lớp quy mô vừa kết hợp giảng dạy song ngữ, case study (tình huống), dự án, chuyên gia, doanh nghiệp… giúp sinh viên chủ động rèn kỹ năng phân tích, sáng tạo và sử dụng công cụ số trong từng học phần. Đây là những ưu điểm khiến nhiều học sinh các tỉnh, thành yên tâm khi tìm hiểu về ngôi trường này.
Trí tuệ nhân tạo là lợi thế, nhưng không phải yếu tố cốt lõi trong việc định hướng nghề nghiệp cho Gen Z.
Tóm lại, kỷ nguyên AI mở ra nhiều cơ hội nghề nghiệp, nhưng nền tảng chọn ngành nằm ở sự phù hợp với hướng phát triển tương lai của từng học sinh. Năng lực công nghệ có thể là lợi thế quan trọng, song yếu tố cốt lõi của định hướng nghề nghiệp vẫn khởi đầu từ sự phù hợp của bản thân Gen Z. Khi hiểu rõ vai trò của AI và biết cách quan sát nhu cầu thị trường, Gen Z sẽ vững vàng hơn khi quyết định ngành học.
Ngay từ những năm học THPT, học sinh có thể bắt đầu viết nên câu chuyện đại học với cơ hội nhận học bổng giá trị từ trường ĐH Kinh tế - Tài chính TP.HCM (UEF) bằng điểm học bạ lớp 11. Tùy theo tổng điểm trung bình, thí sinh có thể nhận mức học bổng lên đến 25-100%. Đặc biệt, nếu đăng ký xét học bổng trước 31/12, thí sinh sẽ sớm có kết quả, giảm áp lực giai đoạn tuyển sinh và nhận nhiều chính sách ưu tiên từ UEF.
Thí sinh tìm hiểu về chương trình học bổng học bạ lớp 11tại đây."
https://znews.vn/7-dau-hieu-cua-nguoi-gia-tao-post1609590.html,7 dấu hiệu của người giả tạo,"Người giả tạo thường thiếu kết nối cảm xúc, hay nói xấu người khác, không đáng tin cậy và luôn đóng vai nạn nhân trong mọi việc.","Họ thể hiện sự nhiệt tình, tốt bụng thái quá:TheoIndia Times,những người chân thành luôn tự tin vào bản thân - họ không cần phải làm hài lòng người khác và họ dành thời gian để xây dựng mối quan hệ với người khác. Ngược lại, nếu ai đó quá ngọt ngào với bạn ngay từ đầu, đó có thể là dấu hiệu của việc họ đang cố gắng bù đắp quá mức và giả tạo. Họ có thể đang cố gắng chiếm được lòng tin của bạn quá nhanh hoặc che giấu động cơ thực sự đằng sau vẻ ngoài tử tế giả tạo. Hành vi ""tốt bụng"" này cũng có thể được sử dụng để thao túng người khác.
Họ liên tục thay đổi tính cách với người khác:Người chân thật luôn giữ nguyên bản chất của mình với mọi người; họ không giả vờ là chính mình trước mặt người khác. Tuy nhiên, người giả tạo lại điều chỉnh tính cách của mình cho phù hợp với từng nhóm người họ tham gia. Họ có thể tỏ ra khiêm tốn trước một người, nhưng lại tỏ ra quá tự tin với người khác. Sâu thẳm bên trong, hành vi biến hóa như tắc kè hoa này bộc lộ sự bất an và thiếu bản sắc của họ. Tâm lý học định nghĩa đây là cách kiểm soát, thay đổi hành vi để nhận được sự chấp thuận của người khác, từ đó tăng sự tự tin và cái tôi của họ.
Họ thiếu kết nối cảm xúc thực sự:Một dấu hiệu quan trọng của người giả tạo là không có khả năng đồng cảm với người khác và xây dựng những mối quan hệ tình cảm chân thành. Mặc dù họ có vẻ ấm áp, hòa đồng và thân thiện trong vài lần gặp đầu tiên, theo thời gian, bạn sẽ nhận thấy các mối quan hệ của họ thường thiếu chiều sâu hoặc sự đồng cảm. Theo tâm lý học, điều này có thể là do tính cách tự luyến - khi mọi mối quan hệ chỉ xuất phát từ lợi ích cá nhân tiềm ẩn, chứ không phải sự quan tâm hay tình cảm chân thành.
Họ luôn nói xấu người khác:Dấu hiệu điển hình khác của những kẻ giả tạo là hay buôn chuyện. Họ thích gây kịch tính và thường lợi dụng bí mật của người khác để thao túng, và cảm thấy mình có quyền lực hoặc được coi trọng. Các nhà tâm lý học cho biết những người luôn nói xấu người khác thường che giấu sự bất an và lòng tự trọng thấp của chính mình. Nếu ai đó liên tục nói xấu người khác với bạn, rất có thể họ cũng sẽ nói xấu bạn với người khác.
Họ giả vờ là bạn tốt, nhưng thực chất là đang cạnh tranh với bạn:Những người giả tạo thường mang trên mình lớp vỏ bọc tình bạn nhưng lại chất chứa sự đố kỵ sâu thẳm trong lòng. Thay vì ăn mừng thành tích của bạn, họ lại âm thầm so sánh hoặc hạ thấp chúng. Sự cạnh tranh độc hại này bắt nguồn từ sự bất an và đố kỵ. Các nhà tâm lý học gọi đây là sự ganh đua ngầm - khi ai đó giả vờ ủng hộ nhưng thực chất lại muốn vượt mặt bạn. Bạn bè chân chính nâng đỡ và khích lệ lẫn nhau; nhưng bạn bè giả tạo lại bào mòn sự tự tin và bình yên của bạn.
Họ không đáng tin cậy:TheoVery Well Mind,những người giả tạo thường đưa ra lời hứa mà không thể thực hiện hoặc đồng ý với những kế hoạch mà không có ý định thực hiện. Sự không đáng tin cậy này có thể gây khó chịu và là dấu hiệu rõ ràng cho thấy người đó quá giả tạo. Độ tin cậy là nền tảng của lòng tin. Nếu ai đó liên tục không giữ lời hứa, đó là dấu hiệu cho thấy họ có thể không đáng tin cậy như họ thể hiện.
Họ đóng vai nạn nhân:Những người giả tạo thường đóng vai nạn nhân để lấy lòng thông cảm hoặc tránh chịu trách nhiệm về hành động của mình. Họ thường đổ lỗi cho người khác về vấn đề của mình hoặc tự cho mình thường xuyên bị đối xử bất công. Đóng vai nạn nhân là chiến thuật thao túng có thể được sử dụng để kiểm soát người khác hoặc tránh trách nhiệm. Những người chân thật chịu trách nhiệm về hành động của mình và không thao túng người khác bằng cảm giác tội lỗi.
Bạn đang cảm thấy mình đã quá tuổi để học?

Phát hiện mới được ghi lại ở một ngoại hành tinh được kỳ vọng giúp giới khoa học hiểu rõ hơn cách các hành tinh mất dần khí quyển, tương tự cách Sao Kim từng mất nước.
19:31 8/12/2025"
https://znews.vn/buc-anh-nam-than-phong-thi-nghiem-noi-tieng-suot-mot-thap-ky-post1610196.html,Bức ảnh 'nam thần phòng thí nghiệm' nổi tiếng suốt một thập kỷ,"Bức hình chụp nam sinh tại phòng nghiên cứu được lưu truyền suốt 10 năm, trở thành hình ảnh quen thuộc với nhiều người.","Bức ảnh ""nam thần"" ở phòng thí nghiệm được chia sẻ rộng rãi trên mạng xã hội.
Gần đây, mạng xã hội lan truyền lại bức ảnh cũ về một nam thanh niên trong trang phục chỉnh tề, ngồi ngay ngắn tại bàn làm việc trong phòng nghiên cứu. Bức ảnh ""nam thần"" nổi tiếng này được lưu truyền trong giới nghiên cứu cách đây khoảng 10 năm và thời gian gần đây bất ngờ được cộng đồng mạng nhắc lại.
Hình ảnh nhanh chóng thu hút sự chú ý và trở thành chủ đề bàn luận của cộng đồng mạng. Tại phần bình luận, nhiều người dùng mạng xã hội chia sẻ rằng bức ảnh này được đăng tải và chia sẻ trong nhiều năm, hình ảnh trở nên quen thuộc mỗi khi nhắc đến chủ đề về ""nghiên cứu"".
Bên cạnh đó, một số người khen ngợi nhân vật trong ảnh không chỉ có ngoại hình điển trai mà còn toát lên vẻ thông minh, học thức như ""nam chính học bá"" trong tiểu thuyết. Đáng chú ý hơn, nhân vật được ca ngợi như phiên bản nam chính qua hình ảnh trên mạng cũng là một ""nam chính tri thức"" thực thụ ngoài đời.
Nhân vật trong ảnh là Trần Thành (sinh năm 1992), quê ở Chiết Giang, Trung Quốc. Anh sở hữu chiều cao ấn tượng 1,83 m. Anh được biết đến không chỉ bởi ngoại hình đẹp như ""nam chính ngôn tình"" mà còn bởi thành tích học tập đáng chú ý.
Theo thông tin từ trang LinkedIn cá nhân, Trần Thành theo học ngành Khoa học tại Đại học Khoa học và Công nghệ Trung Quốc, tốt nghiệp vào năm 2014. Bốn năm sau, anh hoàn thành chương trình tiến sĩ Vật lý tại Đại học Oxford (Anh). Đây là một trong những cơ sở giáo dục có lịch sử lâu đời và danh tiếng quốc tế về nghiên cứu khoa học
Giai đoạn từ năm 2018 đến năm 2022, anh tiếp tục nâng cao chuyên môn khi tham gia chương trình nghiên cứu sinh sau tiến sĩ tại Đại học Công nghệ Thượng Hải. Trong thời gian này, anh có nhiều cơ hội hợp tác học thuật quốc tế, bao gồm việc được mời làm giáo sư thỉnh giảng tại Đại học Yale, ngôi trường nằm trong nhóm Ivy League danh tiếng của Mỹ.
Bên cạnh đó, anh còn làm việc tại phòng thí nghiệm Quốc gia Lawrence Berkeley - nơi thực hiện các nghiên cứu khoa học, được quản lý và vận hành bởi Đại học California, cũng là nơi tập trung nhiều nhóm nghiên cứu lớn và các dự án khoa học quy mô toàn cầu.
Hiện, anh là trợ lý giáo sư, đồng thời là nghiên cứu sinh tại trường Khoa học và Công nghệ vật chất, Đại học Khoa học và Công nghệ Thượng Hải. Lĩnh vực anh phụ trách tập trung vào nghiên cứu hệ lượng tử thấp chiều và các thiết bị có thể điều chỉnh.
Trong quá trình học tập và nghiên cứu, Trần Thành công bố hơn 50 bài báo khoa học, với tổng số hơn 4.300 trích dẫn trên Google Scholar. Năm 2021, anh nằm trong danh sách đề cử cho giải Luận án tiến sĩ xuất sắc của Hiệp hội Thiết bị Đo lường Trung Quốc.
Cùng năm đó, anh nhận danh hiệu Siêu tiến sĩ Thượng Hải, đồng thời được hỗ trợ bởi Quỹ Khoa học Tiến sĩ Trung Quốc và chương trình tài trợ đặc biệt của trạm nghiên cứu sau tiến sĩ.
Đến năm 2024, anh được vinh danh với giải thưởng Telford Premium do Viện Kỹ sư Xây dựng Anh trao tặng. Đây là giải thưởng uy tín, ghi nhận những cá nhân có công trình nghiên cứu và đóng góp nổi bật cho lĩnh vực khoa học - kỹ thuật.
Thị trường lao động thay đổi chóng mặt, để tồn tại, con người cần học tập suốt đời. Trong bối cảnh đó, tạp chí Tri Thức - Znews giới thiệu tới độc giả cuốnHọc tập suốt đờicủa tác giả Michelle R.Weise.
Tác phẩm cung cấp cho độc giả những đánh giá về thị trường lao động tương lai, những giải pháp cho nhu cầu vừa học vừa làm đang ngày một tăng, cùng với đó là đưa ra những cách kết nối để quá trình chuyển đổi “học-làm” diễn ra thuận lợi hơn. Từ đó, tác giả nêu lên vai trò của việc học tập suốt đời.

Những sai lầm trong giao tiếp thường tạo ra cảm giác mất kết nối và có thể dẫn đến các vấn đề tiêu cực trong mối quan hệ.
4 giờ trước"
https://znews.vn/nhieu-sinh-vien-luat-ra-truong-khong-soan-duoc-hop-dong-post1610115.html,Nhiều sinh viên luật ra trường không soạn được hợp đồng,"Các chuyên gia thẳng thắn nhận định chất lượng đào tạo luật hiện nay chưa đồng đều, nhiều sinh viên thiếu kỹ năng cơ bản và nguy cơ xuất hiện cơ chế tuyển dụng mang tính độc quyền.","Thạc sĩ Trần Cao Thành, Thư ký Ban điều hành Mạng lưới các cơ sở đào tạo luật tại Việt Nam.
Cử nhân luật không soạn được hợp đồng
Mở đầu tọa đàm, thạc sĩ Trần Cao Thành, Thư ký Ban điều hành Mạng lưới các cơ sở đào tạo luật tại Việt Nam, cho biết nhiều sinh viên ngành luật dù có thành tích học tập tốt nhưng khi đi làm lại không thể soạn được những văn bản và hợp đồng cơ bản. Đây là một thực trạng “đáng báo động”.
Theo ông Thành, Việt Nam hiện có ba mô hình đào tạo luật: Các trường chuyên ngành luật; khoa luật thuộc đại học đa ngành và bộ môn luật thuộc các khoa trong trường đa ngành.
Đặc biệt, mô hình thứ ba nếu không được đầu tư bài bản về đội ngũ, cơ sở vật chất và nghiên cứu khoa học sẽ khó đáp ứng chuẩn đào tạo khiến sinh viên hạn chế trong khả năng tiếp cận thực hành nghề luật, hoạt động nghiên cứu hay rèn luyện kỹ năng nghề nghiệp.
Ông Thành cho rằng dù điều kiện mở ngành đã có quy định, chất lượng đào tạo vẫn chênh lệch lớn giữa các cơ sở, dẫn đến sự thiếu thống nhất trong chuẩn đầu ra.
Dưới góc độ đơn vị sử dụng nhân lực pháp lý, TS Nguyễn Gia Viễn, Kiểm sát viên cao cấp, Viện KSND Tối cao, cảnh báo: “Hầu hết sinh viên hiện nay đến kỹ năng cơ bản nhất là soạn thảo văn bản theo đúng chuẩn cũng không làm được”.
Ông Viễn khẳng định nhiều đơn vị buộc phải đào tạo lại toàn bộ, kể cả ngoại ngữ pháp lý, khiến các cơ quan tuyển dụng chỉ tin tưởng tuyển ứng viên từ một số trường quen thuộc. Điều này vô tình thu hẹp cơ hội việc làm với sinh viên các cơ sở còn lại.
Ông Viễn đề xuất việc đào tạo cần gắn kết hơn với thực tiễn, tăng cường hoạt động thực hành và phù hợp với tinh thần chuyển đổi số theo Nghị quyết 57.
Các luật sư trong một phiên tòa giả định.
Không nên độc quyền đào tạo cử nhân luật
Thừa nhận chất lượng đào tạo không đồng đều, PGS.TS Lê Vũ Nam, Phó hiệu trưởng ĐH Kinh tế - Luật (ĐH Quốc gia TP.HCM), chỉ ra những nguyên nhân, cả chủ quan lẫn khách quan, trong đó có việc chương trình đào tạo giảm số tín chỉ và giảng viên bị hạn chế hoạt động thực tiễn bên ngoài.
Theo ông Nam, để cải thiện chất lượng, các cơ sở đào tạo cần tăng số tín chỉ thực hành, mời chuyên gia từ thực tiễn như luật sư, thẩm phán, kiểm sát viên tham gia giảng dạy; đồng thời cần sự chung tay từ các cơ quan sử dụng lao động.
Ông Nam nhấn mạnh: “Vấn đề không phải là đào tạo ở trường chuyên ngành hay đa ngành mà là kiểm tra, giám sát để đảm bảo đầu ra”.
Các chuyên gia luật nêu quan điểm.
Từ góc độ chính sách, PGS.TS Lê Minh Hùng cho rằng không nên áp dụng cơ chế độc quyền trong đào tạo cử nhân luật, bởi điều này không chỉ thiếu cơ sở khoa học mà còn có thể gây xáo trộn mạnh đối với hệ thống đào tạo.
Đồng tình, PGS. TS Bùi Anh Thủy, Trưởng khoa Luật tại ĐH Văn Lang, cho rằng nhu cầu nhân lực pháp lý hiện rất lớn, không chỉ trong hệ thống tư pháp mà còn ở khu vực kinh tế tư nhân, cơ quan nhà nước và các tổ chức xã hội.
Ông Thủy dẫn chứng việc hai cơ quan trung ương từng yêu cầu tuyển dụng công chức chỉ từ 10 trường đại học công lập có đào tạo luật, không dựa trên phương pháp đánh giá chất lượng cụ thể là bất hợp lý và không phản ánh đúng năng lực thực tế của toàn hệ thống.
Ông Thủy nhấn mạnh Nhà nước cần sớm có kết luận rõ ràng để tránh gây nhiễu loạn tâm lý cho hàng chục nghìn sinh viên và giảng viên ngành luật hiện nay.
Từ những phân tích nêu trên, các chuyên gia thống nhất vấn đề cốt lõi của đào tạo luật không ở mô hình tổ chức trường, mà ở chất lượng đào tạo thực chất, nhất là kỹ năng thực hành, năng lực ngoại ngữ pháp lý và khả năng đáp ứng nhu cầu của thị trường lao động.
Thị trường lao động thay đổi chóng mặt, để tồn tại, con người cần học tập suốt đời. Trong bối cảnh đó, tạp chí Tri Thức - Znews giới thiệu tới độc giả cuốnHọc tập suốt đờicủa tác giả Michelle R.Weise.
Tác phẩm cung cấp cho độc giả những đánh giá về thị trường lao động tương lai, những giải pháp cho nhu cầu vừa học vừa làm đang ngày một tăng, cùng với đó là đưa ra những cách kết nối để quá trình chuyển đổi “học-làm” diễn ra thuận lợi hơn. Từ đó, tác giả nêu lên vai trò của việc học tập suốt đời.

Chất lượng đào tạo cử nhân Luật ở các trường vẫn chưa đồng đều, song theo chuyên gia, nâng cao chất lượng không đồng nghĩa chỉ đào tạo tập trung ở các trường chuyên ngành.
15:42 29/11/2025"
https://znews.vn/mot-bo-sach-giao-khoa-dung-chung-chon-theo-tieu-chi-nao-post1610198.html,Một bộ sách giáo khoa dùng chung: Chọn theo tiêu chí nào?,"Bộ trưởng Bộ GD&ĐT sẽ quyết định biên soạn mới bộ sách giáo khoa dùng chung cho cả nước hoặc lựa chọn, chỉnh lý từ các sách hiện hành.","Một giờ dạy của giáo viên tiểu học.
Luật Giáo dục sửa đổi vừa được Quốc hội thông qua ngày 10/12 quy định theo hướng mở: Cho phép Bộ GD&ĐT quyết định phương án biên soạn một bộ sách giáo khoa mới hoặc lựa chọn, chỉnh lý từ các bộ sách hiện hành tùy vào tình hình thực tiễn và quyết định của cấp có thẩm quyền.
Để triển khai, Bộ GD&ĐT cho biết đang xây dựng phương án một bộ SGK thống nhất từ năm học 2026-2027, bảo đảm công khai, minh bạch, khách quan, tiết kiệm, chống lãng phí; đồng thời kế thừa và phát huy ưu điểm của các bộ sách hiện có, hạn chế ảnh hưởng đến giáo viên, học sinh và không gây xáo trộn hoạt động dạy học.
Đại biểu Nguyễn Thị Việt Nga (Phó trưởng Đoàn đại biểu Quốc hội TP Hải Phòng) cho rằng một bộ SGK phù hợp trước hết phải thực sự đáp ứng mục tiêu của chương trình giáo dục phổ thông 2018 là phát triển phẩm chất và năng lực người học, đổi mới phương pháp dạy học, chuyển từ truyền thụ kiến thức sang phát triển toàn diện.
Vì vậy, tiêu chí phù hợp không chỉ nằm ở nội dung sách, mà còn ở tính tương thích với triết lý của chương trình. Đại biểu đưa ra 4 tiêu chí quan trọng để có một bộ SGK phù hợp.
Thứ nhất, về nội dung phải bảo đảm tính khoa học, chính xác, hiện đại; không quá tải, không lặp lại. Kết cấu mạch lạc, sư phạm tốt, có khả năng hỗ trợ giáo viên đổi mới phương pháp. Tính tích hợp, phân hóa rõ ràng, giúp học sinh ở các vùng miền khác nhau đều có thể tiếp cận được.
Thứ hai, về phương pháp và học liệu đi kèm, SGK hiện không thể tách rời hệ sinh thái học liệu: Sách giáo viên, tài liệu điện tử, video minh họa, ngân hàng bài tập, bài giảng số…
Một bộ SGK phù hợp phải đi kèm hệ thống học liệu đầy đủ, có khả năng hỗ trợ chuyển đổi số trong giáo dục, giúp tiết kiệm thời gian soạn bài cho giáo viên và tăng hiệu quả học tập của học sinh.
Tiếp đến, về tính ổn định và khả thi khi triển khai, SGK phải được thiết kế để giáo viên dễ dạy, học sinh dễ học. Tránh thay đổi liên tục gây xáo trộn trong nhà trường. Có độ ổn định đủ dài để cơ sở giáo dục xây dựng kế hoạch chuyên môn.
Cuối cùng, về tính công bằng và bao trùm, học sinh vùng sâu, vùng xa vẫn có thể tiếp cận, sử dụng thuận lợi. Nội dung sách không mang tính cục bộ, mà phản ánh bức tranh chung của giáo dục quốc gia.
“Nếu một bộ SGK đáp ứng đồng thời các yêu cầu về nội dung, phương pháp, học liệu, tính khả thi, tính công bằng, thì mới được coi là phù hợp, đúng nghĩa một bộ sách của quốc gia”, bà Việt Nga nói.
Cô Mai Thị Chúc Bình, giáo viên Toán, tỉnh Sơn La, cho rằng SGK môn Toán không nên tham nhiều kênh chữ như hiện nay, từ THCS đến THPT. Theo cô Bình, SGK Toán hiện hành khiến người đọc “hoa mắt”.
Đồng thời, nếu thời lượng dạy không tăng thì phải giảm kiến thức. So với chương trình giáo dục 2006, kiến thức môn Toán đã giảm tải nhưng vẫn nặng so với học sinh. Tác giả viết sách ôm đồm quá nhiều kiến thức nên không sâu, học sinh vẫn “cưỡi ngựa xem hoa”.
Bộ GD&ĐT quyết định sử dụng một bộ SGK giáo dục phổ thông thống nhất toàn quốc.
Đại biểu Nguyễn Thị Việt Nga cũng nêu một số thách thức khi thực hiện một bộ SGK. Việc thời gian gấp gáp; sự đa dạng của thực tiễn giáo dục (vùng núi, hải đảo, đô thị, nông thôn...) rất dễ nảy sinh mâu thuẫn giữa chuẩn chung và đặc thù riêng của địa phương
Cùng đó là tâm lý xã hội khi giáo viên đã làm quen với nhiều bộ sách qua 5 năm triển khai. Việc chuyển đổi sang một bộ sách mới sẽ lại phải làm quen, tập huấn, nghiên cứu cho kịp thời.
Để một bộ sách thống nhất thực sự có chất lượng, bà Nga cho hay không thể chỉ giao cho một nhóm tác giả hay một nhà xuất bản mà cần có sự tham gia của bốn chủ thể chính.
Trong đó, Nhà nước và Bộ GD&ĐT giữ vai trò kiến tạo, ban hành khung pháp lý, chuẩn chương trình, tổ chức Hội đồng Quốc gia biên soạn và thẩm định. Đội ngũ tác giả, bao gồm những người đã tham gia biên soạn 3 bộ sách hiện hành, kết hợp với chuyên gia hàng đầu trong từng lĩnh vực. Đội ngũ giáo viên, lực lượng trực tiếp sử dụng sách, cần tham gia phản biện và góp ý từ đầu (khâu xây dựng khung, đề cương...). Các cơ quan giám sát và phản biện xã hội.
Bà Nga nhấn mạnh đến cơ chế phối hợp nên theo nguyên tắc ba quyền kiểm soát: Tác giả - nhà nước - xã hội. Sách trước khi phát hành phải trải qua phản biện công khai, lấy ý kiến rộng rãi.
Quốc hội cần giám sát tiến độ, chất lượng và chi phí bằng nhiều hình thức khác nhau. Điều này không chỉ đảm bảo minh bạch, đúng quy định của pháp luật mà còn củng cố niềm tin của xã hội với một bộ sách thống nhất.
Trước băn khoăn khi triển khai một bộ SGK thống nhất sẽ “đồng phục hóa”, làm giáo viên mất đi sự lựa chọn, học sinh không còn cơ hội tiếp cận sự đa dạng, đại biểu Việt Nga cho rằng điều quan trọng không nằm ở số lượng bộ sách, mà ở cách sử dụng sách.
Cần quán triệt tinh thần SGK là phương tiện, không phải mục tiêu. Sáng tạo trong dạy học phụ thuộc vào người thầy, phương pháp sư phạm, cách tổ chức lớp học.
Một bộ sách thống nhất tạo ra một chuẩn chung, tránh tình trạng chênh lệch chất lượng giữa các bộ sách, đồng thời tạo nền tảng bình đẳng cho học sinh trên cả nước. Trên nền tảng đó, sự đa dạng có thể đến từ học liệu bổ trợ, tài nguyên số, các hoạt động ngoại khóa.
Vì vậy, vấn đề cốt lõi không phải là có bao nhiêu bộ sách, mà là cơ chế hỗ trợ giáo viên sáng tạo, đổi mới phương pháp giảng dạy. Nếu Nhà nước có chính sách tập huấn, hỗ trợ học liệu, tạo điều kiện để giáo viên chủ động, thì một bộ sách thống nhất hoàn toàn có thể vừa đảm bảo chuẩn chung, vừa khuyến khích sáng tạo.
Việc triển khai một bộ SGK thống nhất từ năm học 2026-2027 là nhiệm vụ cấp bách, nên trong công tác triển khai chắc chắn cũng sẽ phát sinh những khó khăn.
Nếu chúng ta tận dụng thành quả của 3 bộ sách hiện hành, tiến hành biên soạn bộ SGK mới trên cơ sở kế thừa và chọn lọc thì sẽ thuận lợi và tiết kiệm hơn rất nhiều.
Quan trọng hơn, cần thiết kế cơ chế minh bạch, khoa học, huy động sự tham gia của nhiều chủ thể, tránh lãng phí, và đặc biệt là tạo điều kiện cho giáo viên tiếp tục sáng tạo trong giảng dạy.
Thị trường lao động thay đổi chóng mặt, để tồn tại, con người cần học tập suốt đời. Trong bối cảnh đó, tạp chí Tri Thức - Znews giới thiệu tới độc giả cuốnHọc tập suốt đờicủa tác giả Michelle R.Weise.
Tác phẩm cung cấp cho độc giả những đánh giá về thị trường lao động tương lai, những giải pháp cho nhu cầu vừa học vừa làm đang ngày một tăng, cùng với đó là đưa ra những cách kết nối để quá trình chuyển đổi “học-làm” diễn ra thuận lợi hơn. Từ đó, tác giả nêu lên vai trò của việc học tập suốt đời.

Đại biểu Quốc hội đề nghị Bộ GD&ĐT nghiên cứu bộ sách giáo khoa song ngữ Việt - Anh hoặc sách giáo khoa bằng tiếng Anh để các trường lựa chọn phù hợp với điều kiện thực tế.
16:12 2/12/2025"
https://znews.vn/khanh-hoa-lai-mua-ngap-so-giao-duc-ra-thong-bao-khan-post1610059.html,"Khánh Hòa lại mưa ngập, Sở Giáo dục ra thông báo khẩn",Nhiều khu vực tại tỉnh Khánh Hòa ngập sâu do mưa lớn kéo dài trong sáng 10/12. Sở GD&ĐT tỉnh cho phép tạm dừng dạy học nếu có lũ lớn.,"Thôn Khánh Phước tại xã Vĩnh Hải ngập sâu sau trận mưa sáng 10/12. Ảnh:BáoKhánh Hòa.
Ngày 10/12, Sở GD&ĐT tỉnh Khánh Hòa có văn bản gửi các đơn vị trực thuộc, UBND cấp xã về việc chủ động ứng phó với mưa lớn, lũ, ngập lụt, sạt lở đất.
Theo đó, sở đề nghị các đơn vị thường xuyên theo dõi chặt chẽ diễn biến thời tiết trên các phương tiện thông tin đại chúng, chủ động cho học sinh nghỉ học khi cómưa lũlớn và tổ chức dạy bù sau. Đồng thời, sở yêu cầu không tổ chức dạy học, các hoạt động giáo dục cho học sinh khi không đảm bảo an toàn.
Bên cạnh đó, các cơ sở giáo dục được yêu cầu tiếp tục triển khai thực hiện nghiêm túc văn bản chỉ đạo về công tác phòng, chống thiên tai; thường xuyên cập nhật thông tin, báo cáo về Sở GD&ĐT để nắm bắt, chỉ đạo kịp thời.
Từ sáng 10/12, địa bàn phường Phan Rang và xã Vĩnh Hải của tỉnh Khánh Hòa xuất hiện mưa lớn kéo dài trong nhiều giờ khiến nhiều khu vực ngập cục bộ. Nhiều tuyến đường tại phường Phan Rang ngập sâu đến 50 cm, gây ảnh hưởng đến việc đi lại và sinh hoạt của người dân, theoBáo Khánh Hòa.
Trước tình hình này, một số trường học trên địa bàn như THCS Lý Tự Trọng, THCS Trần Phú đã chủ động tổ chức dạy học online nhằm đảm bảo an toàn cho học sinh và giáo viên.
Mục Giáo dục giới thiệu đến bạn đọc những cuốn sách nuôi dạy trẻ trong thời đại 4.0.
Cuốn sáchNuôi con 4.0 - Làm thế nào để trẻ không bị nghiện thiết bị công nghệ?của TS Shimi Kang (nhà khoa học, tâm lý học, chuyên gia giáo dục, tác giả của nhiều tựa sách bán chạy) được đánh giá là hữu ích cho các phụ huynh có con em nghiện sử dụng thiết bị điện tử.
TS Shimi Kang đưa ra hàng loạt dẫn chứng và phân tích khoa học về cách thức tác động của thiết bị công nghệ đến bộ não đang trong giai đoạn phát triển của trẻ. Sau đó, bà chỉ ra những tác động tiêu cực đến sức khỏe, hành vi và tính cách của trẻ.

Mưa lớn suốt đêm 4/12 khiến nhiều khu vực thuộc tỉnh Lâm Đồng ngập sâu trong lũ, một xã phải ra văn bản hỏa tốc cho toàn bộ học sinh tạm nghỉ học.
14:57 4/12/2025"
https://znews.vn/quoc-hoi-giao-bo-y-te-cap-bang-bac-si-noi-tru-post1609998.html,Quốc hội giao Bộ Y tế cấp bằng bác sĩ nội trú,"Luật Giáo dục đại học mới quy định kể từ năm 2026, chương trình đào tạo sau đại học thuộc lĩnh vực sức khỏe sẽ do Bộ Y tế thực hiện.","Các trường đại học công khai đầy đủ chi phí đào tạo, mức học phí, phí tuyển sinh... Ảnh:Phương Lâm.
Sáng 10/12, Quốc hội thông qua Luật Giáo dục đại học. Luật này chính thức có hiệu lực thi hành kể từ ngày 1/1/2026.
Đáng chú ý, luật này quy định chương trình đào tạo chuyên sâu sau đại học thuộc lĩnh vực sức khỏe cấp văn bằng bác sĩ nội trú, bác sĩ chuyên khoa sẽ do Bộ Y tế hướng dẫn, tổ chức thực hiện và quản lý.
Cũng liên quan lĩnh vực sức khỏe, luật này nêu rằng trong công tác tuyển sinh, Bộ GD&ĐT sẽ phụ trách quy định ngưỡng bảo đảm chất lượng đầu vào trên cơ sở phối hợp với Bộ Y tế.
Tương tự với việc phê duyệt chương trình đào tạo, Bộ GD&ĐT sẽ quy định việc phê duyệt các chương trình đào tạo trình độ đại học, thạc sĩ, tiến sĩ các ngành thuộc lĩnh vực sức khỏe trên cơ sở phối hợp với Bộ Y tế.
Ngoài quy định liên quan đào tạo lĩnh vực sức khoẻ, Luật Giáo dục đại học cũng đưa ra một số nội dung liên quan học phí của người học tại bậc đại học.
Theo luật, các cơ sở đào tạo được quyền xác định mức học phí trên nguyên tắc bảo đảm bù đắp chi phí, có tích lũy hợp lý để nâng cao chất lượng đào tạo; riêng các cơ sở công lập phải tuân theo khung và quy định do Chính phủ ban hành.
Luật cũng yêu cầu các trường đại học công khai đầy đủ chi phí đào tạo, mức học phí, phí tuyển sinh và các khoản thu dịch vụ khác theo từng trình độ, năm học và toàn khóa học.
Đồng thời, cơ sở đào tạo phải trích một phần nguồn thu để miễn, giảm và hỗ trợ học phí cho người học có hoàn cảnh khó khăn hoặc thuộc diện chính sách, phù hợp quy định của Nhà nước và chính sách riêng của từng trường.
Mức thu dịch vụ tuyển sinh và các khoản dịch vụ hỗ trợ khác được xác định dựa trên nguyên tắc tính đủ chi phí hợp lý, thực tế phát sinh và phải bảo đảm minh bạch, sử dụng đúng mục đích. Chính phủ sẽ ban hành quy định chi tiết về học phí và các khoản thu dịch vụ trong giáo dục đại học nhằm tạo khung quản lý thống nhất trên toàn hệ thống.
Bộ trưởng Giáo dục và Đào tạo Nguyễn Kim Sơn trình Quốc hội 3 dự án luật sửa đổi liên quan giáo dục sáng 10/12. Ảnh:Quochoi.vn.
Cũng liên quan vấn đề học phí, Luật Giáo dục đại học thông tin Nhà nước sẽ thực hiện chính sách tài chính, học bổng, học phí, tín dụng ưu đãi và nhiều hình thức hỗ trợ khác cho người học, đặc biệt ưu tiên các đối tượng chính sách, người học ở vùng kinh tế - xã hội đặc biệt khó khăn, vùng đồng bào dân tộc thiểu số, miền núi, hải đảo, nhóm yếu thế và người học sau đại học.
Ngoài ra, Nhà nước xác định giáo dục đại học là nòng cốt trong phát triển nhân lực trình độ cao, bồi dưỡng nhân tài và thúc đẩy khoa học - công nghệ, đổi mới sáng tạo. Hệ thống giáo dục đại học được định hướng phát triển theo hướng hiện đại, linh hoạt, liên thông, đáp ứng yêu cầu phát triển kinh tế - xã hội, bảo đảm quốc phòng - an ninh và hội nhập quốc tế.
Như vậy, Nhà nước sẽ giữ vai trò chủ đạo trong hỗ trợ các cơ sở giáo dục đại học công lập, bao gồm đầu tư cho một số ngành, lĩnh vực đạt tầm khu vực và quốc tế; hỗ trợ nâng chuẩn đối với các cơ sở công lập; đồng thời có chính sách hỗ trợ cơ sở giáo dục đại học tư thục phát triển bền vững.
Luật cũng tạo cơ chế để huy động nguồn lực xã hội và bảo đảm quyền tự chủ đầy đủ cho các cơ sở giáo dục đại học, không phụ thuộc vào mức độ tự chủ tài chính.
Luật đồng thời bổ sung chính sách đào tạo, bồi dưỡng giảng viên, hỗ trợ nâng cao trình độ chuyên môn, năng lực số và ngoại ngữ; đồng thời trọng dụng và thu hút nhân tài, nhà khoa học trong và ngoài nước.
Ngoài ra, Nhà nước sẽ đầu tư hiện đại hóa hạ tầng kỹ thuật, phòng thí nghiệm, trung tâm đào tạo - nghiên cứu xuất sắc, cơ sở trọng điểm và các trường đào tạo giáo viên. Các ngành khoa học cơ bản, kỹ thuật then chốt và công nghệ chiến lược được ưu tiên đặt hàng đào tạo, đồng thời bảo đảm kinh phí cho nghiên cứu, chuyển giao tri thức, khởi nghiệp và đào tạo sau đại học.
Song song đó, Nhà nước thúc đẩy hợp tác công - tư, hỗ trợ mô hình hợp tác giữa Nhà nước - nhà trường - doanh nghiệp, mở rộng hợp tác quốc tế và thu hút nguồn lực nhằm nâng cao vị thế giáo dục đại học Việt Nam.
Thị trường lao động thay đổi chóng mặt, để tồn tại, con người cần học tập suốt đời. Trong bối cảnh đó, tạp chí Tri Thức - Znews giới thiệu tới độc giả cuốnHọc tập suốt đờicủa tác giả Michelle R.Weise.
Tác phẩm cung cấp cho độc giả những đánh giá về thị trường lao động tương lai, những giải pháp cho nhu cầu vừa học vừa làm đang ngày một tăng, cùng với đó là đưa ra những cách kết nối để quá trình chuyển đổi “học-làm” diễn ra thuận lợi hơn. Từ đó, tác giả nêu lên vai trò của việc học tập suốt đời.

Luật Giáo dục nghề nghiệp mới yêu cầu doanh nghiệp phải trả lương cho sinh viên khi tham gia thực hành tại doanh nghiệp.
23 giờ trước"
https://znews.vn/gia-suat-ban-tru-khong-quyet-dinh-hoc-sinh-ngo-doc-hay-khong-post1610051.html,'Giá suất bán trú không quyết định học sinh ngộ độc hay không',"Theo bà Phạm Khánh Phong Lan, giá bữa ăn học sinh bán trú cao hay thấp không phải lý do chất lượng giảm hay ngộ độc thực phẩm, mà trường chọn ""nhà cung cấp thân hữu"".","Giám đốc Sở An toàn thực phẩm Phạm Khánh Phong Lan trả lời chất vấn.
Sáng 10/12, kỳ họp thứ 6 (kỳ họp thường lệ cuối năm) HĐND TP.HCM khóa X, nhiệm kỳ 2021-2026 tiếp tục diễn ra với phiên chất vấn Giám đốc Sở An toàn thực phẩm Phạm Khánh Phong Lan.
Nhiều đại biểu cùng kiến nghị Sở An toàn thực phẩm TP.HCM giải trình rõ về trách nhiệm quản lý các bếp ăn online, bếp ăn tập trung tại các doanh nghiệp, trường học; quản lý thực phẩm tại các chợ, trường học, sạp hàng kinh doanh online...
Đại biểu Đoàn Ngọc Như Tâm nghi ngờ giá suất ăn bán trú của học sinh các trường bán trú hiện nay quá thấp làm giảm chất lượng, gây ngộ độc thực phẩm ảnh hưởng đến sức khỏe học sinh.
Trả lời vấn đề này, bà Phạm Khánh Phong Lan cho rằng đơn giá suất ăn của học sinh đã có khung quy định của thành phố.
Tuy nhiên, thực tế mức giá thấp hay cao không ảnh hưởng đến chất lượng, không làm giảm chất lượng món ăn hay gây ngộ độc thực phẩm cho học sinh. Suất ăn bán trú nhìn chung không thấp, vì tâm lý phụ huynh là dành điều tốt nhất cho con, nên họ không so đo giá một phần ăn cao thế nào.
Bên cạnh đó, các đơn vị cung ứng thực phẩm, bếp ăn cũng đều được sở kiểm tra, cấp phép hoạt động. Tuy nhiên, không phải kiểm tra là không xảy ra các vấn đề liên quan đến an toàn thực phẩm.
""Giá thấp thì nguy cơ mất an toàn là có. Nhưng suất ăn trường học, không phải giá thấp gây mất an toàn, mà tính thân hữu lâu năm mới gây mất an toàn. Tôi xin lỗi các trường phải nói thẳng là người ta chọn đơn vị cung cấp là người quen, người thân của hiệu trưởng, của lãnh đạo quận phường.
Chúng tôi không can thiệp các trường chọn ai làm đối tác, nhưng đối tác phải cung cấp bữa ăn chất lượng cho học sinh mà chính hiệu trưởng phải chịu trách nhiệm về tính an toàn, về sức khỏe của học sinh mình"", bà Lan nói.
Đại biểu Đoàn Ngọc Như Tâm chất vấn chất lượng suất ăn bán trú của học sinh.
Giám đốc Sở An toàn thực phẩm TP.HCM cho biết với trường học, sở không đặt ra khung giá tối đa, tối thiểu cho suất ăn, mà kiểm tra, xây dựng hàng rào luật bảo vệ.
Hiện sau sáp nhập, TP.HCM có hơn 3.500 trường học. Sở liên tục làm việc, tập huấn với các đơn vị cung cấp suất ăn, các trường học từ công đến khu vực trường tư; dành dịp hè để tập huấn và kiểm tra khi vào năm học.
Với học sinh, hiện nay phụ huynh họ cũng mạnh dạn ý kiến khi có vấn đề xảy ra. ""Nếu có học sinh ăn cơm ở trường mà về cùng nhau đau bụng là trường đó 'sáng nhất mạng xã hội'. Nên các trường hiện cũng rất lo ngại, nghiêm túc trong các vấn đề đảm bảo an toàn thực phẩm"", bà Lan nói thêm.
Mối lo giá rẻ là suất ăn cho công nhân, người lao động ở các nhà máy, khu công nghiệp. Theo bà Lan, mức giá suất ăn cho người lao động cách khá xa, từ 15.000 đồng đến khoảng 40.000-50.000 đồng. Sở cũng liên tục kiểm tra, nhưng ưu tiên kiểm tra chất lượng từ nơi có giá thấp nhất đến nơi giá cao.
Đại biểu Trần Quang Thắng lo ngại mất an toàn từ thức ăn đường phố, vì gần như chưa được quản lý trong lượng khách sử dụng rất lớn, yêu cầu Sở An toàn thực phẩm có giải pháp để quản lý, đảm bảo sức khỏe người tiêu dùng.
Truy xuất nguồn gốc thực phẩm là mối lo khi hàng rong, chợ vỉa hè lên ngôi.
Bà Phong Lan cho rằng thức ăn đường phố là nét văn hóa truyền thống của ẩm thực Việt Nam, không phải quản không được thì cấm. Nhưng loại hình này không đủ điều kiện cấp giấy chứng nhận an toàn thực phẩm, nên hạn chế là mất khâu thẩm định ban đầu, ai cũng làm được bán được.
Song bản chất của thức ăn đường phố là ""gạn đục khơi trong"", ai làm tốt thì sẽ tồn tại. Phần nhiều bản thân người bán, người mua là quen biết nhau lâu năm. Nếu món ăn mất an toàn là mất khách, mất mối ngay, thậm chí mất cả mối quan hệ lâu năm.
Bản thân bà hay đi kiểm tra, nhận thấy các điểm bán hiện đều tuân thủ nghiêm quy định vệ sinh, như đeo bao tay khi chế biến, tô chén được vệ sinh sạch sẽ, thể hiện ý thức kinh doanh an toàn ngày càng được nâng lên.
Theo thống kê, hiện TP.HCM có 14.285 người/hộ/cơ sở thức ăn đường phố, chủ yếu buôn gánh bán bưng. Việc quản lý không thuộc sở mà thuộc các phường xã nhưng sở cũng có các lớp tập huấn về an toàn thực phẩm. Bà Lan kiến nghị có thể tập hợp những người kinh doanh loại hình này lại thành phố ẩm thực để dễ kiểm tra, quản lý, giải quyết được vấn đề vệ sinh, an toàn thực phẩm.
Theo bà Lan, từ sau đại dịch Covid-19, các điểm bán có quầy, sạp đàng hoàng trong các chợ được quy hoạch bài bản thì ế ẩm, đóng cửa, nhưng chợ vỉa hè, chợ tự phát mọc lên nên thực phẩm khó được kiểm tra, kiểm soát chất lượng.
""Các sạp lớn đóng cửa, các quầy, sạp vỉa hè dựng lên, chúng tôi quản không nổi, phải có trách nhiệm chung của xã phường, trật tự đô thị. Phải dẹp được các hình thức kinh doanh này để tiểu thương bán hàng đúng quy định, đảm bảo an toàn. Nếu bán buôn an toàn thì chúng tôi khẳng định không có thực phẩm 3 không ra chợ"", bà Lan nói.
Đại biểu Nguyễn Thị Việt Tú yêu cầu làm rõ tính hiệu quả của quy trình xử lý các vụ phát hiện mất an toàn thực phẩm hiện nay.
An toàn thực phẩm là câu chuyện nóng trong kỳ họp cuối năm của HĐND TP.HCM.
Bà Lan nói kiểm soát, giám sát là trách nhiệm của sở. Sở này có kế hoạch kiểm tra thường xuyên, đây là phần quan trọng trong xây dựng, quản lý an toàn thực phẩm trên địa bàn. Nhưng vấn đề quan trọng cần làm là phòng, ngừa để không xảy ra mất an toàn thực phẩm.
""Còn đã phòng rồi mà ngộ độc vẫn xảy ra rồi tức là mình phòng chưa tốt. Tôi không trốn tránh trách nhiệm. Những vụ ngộ độc thực phẩm lớn chúng tôi cũng chuẩn bị tinh thần cho nó. Nhưng thực tế số vụ ngộ độc thực phẩm lớn là không cao"", bà Lan nói.
Giám đốc Sở An toàn thực phẩm nói việc ""đau đầu"", gây lo ngại là nguy cơ thực phẩm mất an toàn lưu thông trên thị trường, người dân ăn vào cơ thể và tồn tại lại trong cơ thể, ảnh hưởng đến sức khỏe, chất lượng cuộc sống lâu dài.
Bà kêu gọi người dân ý thức trong chọn lựa thực phẩm, người bán tuân thủ, nhất là các bếp ăn online, buôn bán qua mạng chưa được kiểm tra, kiểm soát triệt để hiện nay.
Người dân khi gặp sự cố phải báo ngay cho ngành y tế để xử lý, không lan truyền sản phẩm bẩn đến người khác sử dụng. Theo bà, phòng bằng cách xây thực phẩm sạch, chống thực phẩm bẩn, nâng cao nhận thức của người dân.
Những quầy, chợ tự phát, vỉa hè không chịu sự kiểm soát của cơ quan quản lý an toàn thực phẩm.
Về mức phạt các vụ việc bị phát hiện liên quan đến an toàn thực phẩm, Giám đốc Sở An toàn thực phẩm nói:
""Tôi lưu ý khâu xử phạt chỉ là một, phòng chống mới quan trọng. Chúng ta thiết lập hệ thống giám sát, quản lý thế nào để đảm bảo an toàn thực phẩm, đảm bảo sức khỏe cho nhân dân. Đừng cho rằng mức phạt chưa đủ răn đe. Thực tế mức phạt rất cao"".
Bà Lan lấy ví dụ với gánh hàng rong, người chế biến món ăn dùng tay bốc thực phẩm mà không đeo bao tay, lại sử dụng tay này cầm tiền, mức phạt là 3 triệu đồng, rất lớn so với quy mô gánh hàng.
""Vấn đề là cơ quan chức năng có phát hiện ra để phạt hay không"", bà Lan nói và cho rằng sau sáp nhập, TP.HCM quá rộng lớn nhưng nhân sự làm công tác quản lý an toàn thực phẩm giảm 25%. Nhiều người lớn tuổi, không đủ chuyên môn nên việc kiểm tra, kiểm soát còn hạn chế.
Bên cạnh đó, việc kiểm tra kiểm soát còn nhiều bị động nên khi phát hiện vi phạm thì các cơ sở đã kịp thời đóng cửa, tẩu tán những sản phẩm vi phạm.
Ông Võ Văn Minh, Chủ tịch HĐND TP.HCM đánh giá cao tinh thần trả lời không né tránh của Giám đốc Sở An toàn thực phẩm. Song theo ông, đây là vấn đề rất quan trọng, liên quan sát sườn đến cuộc sống của 14 triệu dân. Nhiều đại biểu vẫn chưa thỏa mãn với giải trình của lãnh đạo Sở.
Ông cũng đề nghị sở quan tâm nhiều hơn đến việc phòng và chống ngộ độc thực phẩm, đẩy mạnh kiểm tra thường xuyên bếp ăn tập thể, trường học, hàng rong... Việc kiểm tra, lấy mẫu sản phẩm và xử lý khi gặp sự cố là không khó, cần phải quyết liệt, không né tránh.
Tại nghị trường, Chủ tịch UBND TP.HCM Nguyễn Văn Được cho hay ông rất đồng cảm, chia sẻ với Giám đốc Sở An toàn thực phẩm vì vấn đề thực phẩm bẩn, mất an toàn này cả xã hội quan tâm.
Theo ông, việc chống hàng gian hàng giả, chống thực phẩm bẩn là trách nhiệm của cả xã hội, Thành phố huy động cả hệ thống chính trị tham gia chứ không chỉ có Sở An toàn thực phẩm, Công an.
Bên cạnh đó là chế tài đủ mạnh để răn đe. Người tiêu dùng cũng ý thức cao trong sử dụng hàng hóa, để đảm bảo sức khỏe, giống nòi; tập trung làm sao giảm, dẹp được nạn hàng gian hàng giả.

Kết quả kiểm tra cho thấy một số xã chưa truy xuất được nguồn gốc thực phẩm và nguyên liệu đầu vào. Ngoài ra, có trường hợp đơn vị cung cấp thực phẩm trong hồ sơ nộp để thẩm định khác với đơn vị cung cấp thực tế.
09:07 18/11/2025"
https://znews.vn/phai-tra-cong-cho-sinh-vien-den-doanh-nghiep-lao-dong-tao-ra-san-pham-post1609981.html,"Phải trả công cho sinh viên đến doanh nghiệp lao động, tạo ra sản phẩm",Luật Giáo dục nghề nghiệp mới yêu cầu doanh nghiệp phải trả lương cho sinh viên khi tham gia thực hành tại doanh nghiệp.,"Sinh viênthực tập tại doanh nghiệp sẽ được trả lương. Ảnh: Phương Lâm.
Luật Giáo dục nghề nghiệp được Quốc hội thông qua sáng 10/12 đã làm rõ vai trò và trách nhiệm của doanh nghiệp trong hoạt động đào tạo.
Theo quy định mới, doanh nghiệp phải tham gia xây dựng chương trình, giáo trình;phối hợptổ chức giảng dạy, hướng dẫn thực hành, thực tập và đánh giá kết quả học tập của người học tại các cơ sở giáo dục nghề nghiệp cũng như ngay tại doanh nghiệp.
Trong quá trình đào tạo, doanh nghiệp cótrách nhiệm chi trả tiền lương, tiền công cho người học, giảng viên và giáo viên trực tiếp tham gia sản xuất hoặc thực hành tại doanh nghiệp.
Mức chi trả do các bên thỏa thuận, bảo đảm quyền lợi cho người học và khuyến khích doanh nghiệp tham gia sâu hơn vào quá trình đào tạo nhân lực.
Luật đồng thời nhấn mạnh vai trò đặc biệt của doanh nghiệp trong giáo dục nghề nghiệp, cụ thể là đồng hành với Nhà nước, cơ sở hoạt động giáo dục nghề nghiệp trong đào tạo nguồn nhân lực có kỹ năng nghề, đáp ứng yêu cầu của thị trường lao động.
Bộ trưởng Giáo dục và Đào tạo Nguyễn Kim Sơn trình Quốc hội 3 dự án luật sửa đổi liên quan giáo dục sáng 10/12. Ảnh:Quochoi.vn.
Doanh nghiệp cũng là đơn vị trực tiếp thực hiện hoặc tham gia các hoạt động giáo dục nghề nghiệp theo quy định của pháp luật. Đồng thời, doanh nghiệp là cơ sở thực hành, thực tập giúp người học, giảng viên, giáo viên tiếp cận công nghệ, quy trình sản xuất thực tiễn và nâng cao kỹ năng nghề nghiệp.
Qua đó, doanh nghiệp được giao nhiệm vụ bố trí chuyên gia, cán bộ kỹ thuật tham gia đào tạo nghề nghiệp, tiếp nhận giảng viên, giáo viên và người học vào thực hành, thực tập tại doanh nghiệp, tổ chức đào tạo nghề cho người lao động.
Cùng với đó, doanh nghiệp sẽ tham gia hoạt động tham vấn đào tạo với cơ sở hoạt động giáo dục nghề nghiệp theo lĩnh vực hoạt động sản xuất, kinh doanh của doanh nghiệp và các hoạt động thi kỹ năng nghề trong nước và quốc tế.
Khi thực hiện đào tạo cho người học, doanh nghiệp sẽ được hỗ trợ kinh phí khi đào tạo trình độ sơ cấp cho người yếu thế hoặc đào tạo các ngành, nghề ưu tiên hoặc khó xã hội hóa.
Bên cạnh những chính sách đặt ra cho doanh nghiệp, Luật Giáo dục nghề nghiệp mới được Quốc hội thông qua bổ sung nhiều chính sách hỗ trợ người học, nhằm mở rộng cơ hội tiếp cận đào tạo và đáp ứng nhu cầu nhân lực cho các ngành then chốt của nền kinh tế.
Theo đó, người học tiếp tục được hưởng các chính sách chung quy định trong Luật Giáo dục, đồng thời được thụ hưởng thêm nhiều ưu đãi đặc thù.
Đặc biệt, người học chương trình trung học nghề, trung cấp và cao đẳng thuộc các ngành khó tuyển nhưng xã hội có nhu cầu, các ngành đặc thù hoặc thuộc lĩnh vực kinh tế trọng điểm, quốc phòng và an ninh sẽ được miễn hoặc hỗ trợ học phí.
Luật cũng quy định chính sách nội trú dành cho học sinh, sinh viên là người dân tộc thiểu số thuộc hộ nghèo, cận nghèo; người khuyết tật; người dân tộc Kinh thuộc hộ nghèo, cận nghèo đang cư trú ổn định tại vùng khó khăn, miền núi, biên giới hoặc hải đảo.
Ngoài ra, người tốt nghiệp THPT học chương trình trung cấp sẽ được hỗ trợ chi phí đào tạo. Phụ nữ, lao động nông thôn theo học trình độ sơ cấp hoặc các chương trình đào tạo nghề khác, cùng người lao động cần chuyển đổi nghề nghiệp, đều thuộc nhóm được hưởng chính sách hỗ trợ, góp phần thúc đẩy học nghề và nâng cao chất lượng nguồn nhân lực.
Bạn đang cảm thấy mình đã quá tuổi để học?

Sáng 10/12, Quốc hội thông qua quy định miễn phí sách giáo khoa cho học sinh, đồng thời thống nhất sử dụng một bộ sách giáo khoa từ 1/1/2026.
23 giờ trước"
https://znews.vn/dh-bach-khoa-ha-noi-o-nhiem-khong-khi-nghiem-trong-post1609925.html,ĐH Bách khoa Hà Nội ô nhiễm không khí nghiêm trọng,Chỉ số AQI tại khu vực cổng Parabol (ĐH Bách khoa Hà Nội) sáng 10/12 vượt 220. Người dân được khuyến nghị hạn chế hoạt động ngoài trời để tránh ảnh hưởng sức khỏe.,"Ô nhiễm không khí ảnh hưởng đến người dân Hà Nội vào đầu tháng 12 vừa qua. Ảnh:Đinh Hà.
Sáng 10/12, chỉ số chất lượng không khí (AQI) đo tại khu vực cổng Parabol của ĐH Bách khoaHà Nội(nằm trên đường Giải Phóng) ghi nhận ở mức cao nhất lên đến 222, thuộc nhóm rất xấu. Đây là ngưỡng gây ảnh hưởng nghiêm trọng tới sức khỏe toàn bộ người dân.
Khi chỉ số chất lượng không khí đạt mức trên 200, mọi người đều có nguy cơ gặp các vấn đề về hô hấp, đặc biệt là nhóm người già, trẻ nhỏ, phụ nữ mang thai và những người có bệnh nền.
Khi chỉ số ô nhiễm không khí tăng cao, người bình thường được khuyến cáo hạn chế hoạt động ngoài trời, ưu tiên sinh hoạt trong nhà và đeo khẩu trang đạt chuẩn nếu bắt buộc phải di chuyển.
Đáng chú ý, nhóm người nhạy cảm được khuyến nghị nên ở trong nhà, tránh vận động mạnh và hạn chế tiếp xúc với môi trường ô nhiễm để bảo vệ sức khỏe.
Chỉ số AQI đo được tại khu vực ĐH Bách khoa Hà Nội. Ảnh:TTCP.
Không riêng khu vực ĐH Bách khoa Hà Nội, một số khu vực khác trên địa bàn thành phố Hà Nội cũng ghi nhận chỉ số chất lượng không khí xấu. Ví dụ, điểm đo 556 Nguyễn Văn Cừ lúc 9h ngày 10/12 đạt 189 điểm AQI, xếp mức xấu, có thể ảnh hưởng đến nhóm người nhạy cảm nếu hoạt động ngoài trời.
Hay tại khu vực công viên hồ điều hoà Nhân Chính, Khuất Duy Tiến, chỉ số AQI là 141, xếp vào nhóm kém. Những người có triệu chứng đau mắt, ho hoặc đau họng được khuyến cáo giảm hoạt động ngoài trời. Riêng với học sinh, các em có thể hoạt động bên ngoài nhưng nên giảm bớt việc tập thể dục trong thời gian dài.
Những ngày vào đông, Hà Nội liên tục bị xếp vào nhóm những khu vực ô nhiễm bậc nhất. Đặc biệt, nồng độ PM2.5 cao hơn rất nhiều lần so với khuyến nghị của Tổ chức Y tế Thế giới.
TheoUnion of Concerned Scientists, bụi mịn, hay PM, là hỗn hợp các hạt rắn và giọt chất lỏng lơ lửng trong không khí, trong đó có bụi, đất, bồ hóng hay khói. Trong 3 loại bụi mịn hiện nay, PM2.5 phổ biến nhất, cũng là loại khó phòng tránh nhất vì có kích thước siêu nhỏ, dễ xâm nhập vào cơ thể người.
Về lâu dài, bụi mịn có thể gây tổn hại hệ hô hấp, tim mạch, trao đổi chất, thần kinh và làm tăng nguy cơ hen suyễn, dị ứng, tiểu đường, cao huyết áp, sa sút trí tuệ hay ung thư phổi.
Không chỉ ảnh hưởng sức khỏe, bụi mịn còn góp phần làm biến đổi khí hậu tương tự khí CO2. Cụ thể, chúng có thể hoạt động như một khí nhà kính hoặc thúc đẩy sự hình thành các khí nhà kính khác. Ngoài ra, bụi mịn trong không khí có thể giữ lại một phần nhiệt lượng từ mặt trời trên Trái Đất, từ đó làm gia tăng hiện tượng nóng lên toàn cầu.
Những cuốn sách dành cho người đứng trước cánh cửa nghề nghiệp
Mục Giáo dục giới thiệu đến bạn đọc một số cuốn sách về chủ đề nghề nghiệp, hướng nghiệp, dành cho những bạn trẻ đang băn khoăn trước cánh cửa nghề nghiệp hay người trưởng thành quan tâm đến sự biến đổi nghề nghiệp trong xã hội hiện đại.
Chiến đạogiống cuộc đối thoại, gợi mở các câu hỏi của cuộc đời, giúp người trẻ chủ động định hướng nghề nghiệp, kiến tạo tương lai.
Eight - 8 cách làm chủ trí thông minh nhân tạo: “Đa số công việc mà công viên chức đang phụ trách cuối cùng đều sẽ bị thay thế bởi trí thông minh nhân tạo"", cuốn sách này sẽ giải đáp câu hỏi đó.

Bụi mịn dày đặc bao phủ Hà Nội nhiều ngày qua, làm giảm tầm nhìn và ảnh hưởng sức khỏe. Loại bụi này có nguồn phát sinh khá đa dạng và con người cũng góp phần đáng kể.
11:01 3/12/2025"
https://znews.vn/thong-nhat-1-bo-sach-giao-khoa-mien-phi-cho-tat-ca-hoc-sinh-post1609968.html,"Thống nhất 1 bộ sách giáo khoa, miễn phí cho tất cả học sinh","Sáng 10/12, Quốc hội thông qua quy định miễn phí sách giáo khoa cho học sinh, đồng thời thống nhất sử dụng một bộ sách giáo khoa từ 1/1/2026.","Từ 1/1/2026, học sinh trên cả nước được miễn phí sách giáo khoa. Ảnh:Phương Lâm.
Sáng 10/12, Quốc hội chính thức thông qua Luật sửa đổi, bổ sung một số điều của Luật Giáo dục.
Đáng chú ý, kể từ ngày 1/1/2026, toàn quốc sẽ sử dụng thống nhất một bộ sách giáo khoa giáo dục phổ thông. Đồng thời, đến năm 2030, cả nước hoàn thành việc cung cấp miễn phí sách giáo khoa cho học sinh.
So với luật giáo dục năm 2019, luật giáo dục mới được Quốc hội thông qua có nhiều điểm mới liên quan sách giáo khoa và tài liệu giáo dục địa phương.
Cụ thể, luật mới quy địnhsách giáo khoaphải cụ thể hóa yêu cầu của chương trình giáo dục phổ thông về mục tiêu, nội dung, phẩm chất và năng lực học sinh; đồng thời định hướng phương pháp giảng dạy, kiểm tra và đánh giá chất lượng.
Nội dung và hình thức trình bày không được mang định kiến về dân tộc, tôn giáo, nghề nghiệp, giới tính, lứa tuổi hay địa vị xã hội. Cùng với đó, sách giáo khoa sẽ được xuất bản dưới nhiều dạng, gồm sách in, sách chữ nổi Braille và sách điện tử.
Hội đồng quốc gia thẩm định sách giáo khoa được thành lập theo từng môn học, hoạt động giáo dục và chịu trách nhiệm về nội dung, chất lượng thẩm định. Bộ trưởng Bộ GD&ĐT sẽ phê duyệt sách giáo khoa sau khi hội đồng quốc gia thẩm định đánh giá đạt yêu cầu; đồng thời ban hành tiêu chuẩn, quy trình biên soạn và chỉnh sửa.
Trước đây, khi sử dụng nhiều bộ sách giáo khoa khác nhau, UBND cấp tỉnh quyết định việc lựa chọn sách giáo khoa sử dụng ổn định trong cơ sở giáo dục phổ thông trên địa bàn theo quy định của Bộ GD&ĐT.
Cũng theo luật mới, đối vớitài liệu giáo dục địa phương, cơ quan chuyên môn của UBND cấp tỉnh chịu trách nhiệm tổ chức biên soạn, bảo đảm phù hợp đặc điểm văn hóa - xã hội của địa phương.
Hội đồng thẩm định tài liệu do Chủ tịch UBND cấp tỉnh thành lập và chịu trách nhiệm về kết quả thẩm định.
Sau khi được Hội đồng đánh giá đạt, tài liệu sẽ được Chủ tịch UBND cấp tỉnh phê duyệt để sử dụng trong các cơ sở giáo dục phổ thông. Đồng thời, Bộ GD&ĐT sẽ quy định tiêu chuẩn và quy trình biên soạn, chỉnh sửa, thẩm định nhằm thống nhất quản lý đối với loại tài liệu này.
Bộ trưởng Giáo dục và Đào tạo Nguyễn Kim Sơn trình Quốc hội 3 dự án luật sửa đổi liên quan giáo dục sáng 10/12. Ảnh:Quochoi.vn.
Luật mới cũng đã làm rõ khái niệm học phí, cơ cấu chi phí dịch vụ giáo dục, cùng cơ chế thu - quản lý thu theo lộ trình tính đúng, tính đủ và tăng cường minh bạch.
Theo quy định mới, học phí là khoản tiền người học nộp để chi trả một phần hoặc toàn bộ chi phí của dịch vụ giáo dục, đào tạo. Mức học phí được xác định theo lộ trình bảo đảm chi phí do Chính phủ ban hành; riêng cơ sở giáo dục nghề nghiệp và đại học thực hiện theo Luật Giáo dục nghề nghiệp và Luật Giáo dục đại học.
Chi phí của dịch vụ giáo dục bao gồm tiền lương, chi phí trực tiếp phục vụ dạy học, chi phí quản lý, khấu hao tài sản cố định và các khoản liên quan đến thực hiện chương trình. Mức thu dịch vụ tuyển sinh cũng được xác định theo nguyên tắc tính đúng, tính đủ.
Luật mới quy định trẻ em mầm non, học sinh phổ thông và người học chương trình giáo dục phổ thông trong cơ sở công lập được miễn học phí. Người học tại cơ sở dân lập, tư thục sẽ được Nhà nước hỗ trợ đóng học phí theo mức do HĐND cấp tỉnh quyết định, căn cứ khung học phí do Chính phủ ban hành và không vượt quá mức thu của các cơ sở dân lập, tư thục.
Cơ chế quản lý học phí và các khoản thu dịch vụ giáo dục được phân cấp rõ ràng. Chính phủ quy định khung quản lý chung. HĐND cấp tỉnh quyết định mức học phí cụ thể ở địa phương để làm căn cứ miễn, hỗ trợ học phí.
Trong khi đó, UBND cấp tỉnh quy định cơ chế thu và sử dụng mức thu dịch vụ tuyển sinh, đồng thời quyết định danh mục và mức thu các dịch vụ phục vụ, hỗ trợ hoạt động giáo dục thuộc thẩm quyền địa phương.
Biểu quyết thông qua Luật sửa đổi, bổ sung một số điều của Luật Giáo dục sáng 10/12. Ảnh:Quochoi.vn.
Các cơ sở giáo dục nghề nghiệp, đại học cũng được yêu cầu tự quyết định danh mục và mức thu dịch vụ, trừ trường hợp Nhà nước định giá, nhưng phải công khai theo khóa, cấp học, năm học.
Cơ sở giáo dục dân lập và tư thục được chủ động xác định mức học phí và các khoản dịch vụ bảo đảm bù đắp chi phí và có tích lũy, đồng thời phải công khai đầy đủ học phí và chi phí dịch vụ theo đúng hồ sơ thành lập trường và quy định pháp luật.
Ngoài quy định liên quan sách giáo khoa, luật giáo dục mới cũng được sửa đổi, bổ sung quy định liên quan việcxác nhận hoàn thành chương trình giáo dụctiểu học, THCS, THPT và cấp văn bằng tốt nghiệp THPT.
Cụ thể, học sinh học hết chương trình giáo dục tiểu học, THCS, đủ điều kiện theo quy định của Bộ GD&ĐT sẽ được hiệu trưởng nhà trường xác nhận học bạ việc hoàn thành chương trình giáo dục tiểu học, chương trình giáo dục THCS.
Trước đây, luật giáo dục 2019 nêu rằng học sinh học hết chương trình THCS đủ điều kiện theo quy định sẽ được người đứng đầu cơ quan chuyên môn về giáo dục thuộc UBND cấp huyện cấp bằng tốt nghiệp.
Tương tự với cấp THPT. Trước đây, học sinh tốt nghiệp THPT sẽ được người đứng đầu cơ quan chuyên môn về giáo dục thuộc UBND cấp tỉnh cấp bằng tốt nghiệp. Còn hiện tại, với luật mới được Quốc hội thông qua, học sinh học hết chương trình giáo dục THPT, đủ điều kiện theo quy định sẽ được dự thi. Nếu đạt yêu cầu, các em được hiệu trưởng nhà trường cấp bằng tốt nghiệp THPT.
Trường hợp học sinh không dự thi hoặc thi không đạt yêu cầu sẽ được hiệu trưởng nhà trường cấp giấy chứng nhận hoàn thành chương trình giáo dục phổ thông.
Giấy chứng nhận hoàn thành chương trình giáo dục phổ thông được sử dụng để đăng ký dự thi lấy bằng tốt nghiệp THPT khi người học có nhu cầu hoặc để theo học giáo dục nghề nghiệp và sử dụng trong trường hợp cụ thể theo quy định của pháp luật.
Ngoài những nội dung nêu trên, luật giáo dục mới được Quốc hội thông qua cũng đã sửa đổi, bổ sung nhiều điều khoản so với luật giáo dục cũ, trong đó có nội dung liên quan văn bằng, chứng chỉ; hội đồng trường; cấp phép hoạt động giáo dục, tuyển sinh...
Thị trường lao động thay đổi chóng mặt, để tồn tại, con người cần học tập suốt đời. Trong bối cảnh đó, tạp chí Tri Thức - Znews giới thiệu tới độc giả cuốnHọc tập suốt đờicủa tác giả Michelle R.Weise.
Tác phẩm cung cấp cho độc giả những đánh giá về thị trường lao động tương lai, những giải pháp cho nhu cầu vừa học vừa làm đang ngày một tăng, cùng với đó là đưa ra những cách kết nối để quá trình chuyển đổi “học-làm” diễn ra thuận lợi hơn. Từ đó, tác giả nêu lên vai trò của việc học tập suốt đời.

Theo đại biểu Hồ Thị Minh, Điều 69 Luật Giáo dục năm 2019 quy định cán bộ quản lý giáo dục phải có phẩm chất, tư tưởng, đạo đức tốt, giữ gìn danh dự, uy tín, nêu gương cho giáo viên, học sinh.
08:27 12/11/2025"
https://znews.vn/chi-tiet-lich-tuyen-sinh-dai-hoc-2026-post1609346.html,Chi tiết lịch tuyển sinh đại học 2026,"Bộ GD&ĐT dự kiến kỳ thi tốt nghiệp năm 2026 sẽ diễn ra sớm hơn mọi năm, trong hai ngày 11-12/6/2026. Do đó, lịch tuyển sinh đại học được đẩy lên tương ứng.","Học sinh TP.HCM trong kỳ thi tốt nghiệp THPT năm 2025. Ảnh:Phương Lâm.
Đầu tháng 11, Bộ GD&ĐT cũng đã ban hành kế hoạch công tác tuyển sinh đại học, cao đẳng năm 2026. Trong đó, bộ yêu cầu các trường xây dựng kế hoạch tuyển sinh, sớm công bố thông tin để học sinh có phương án học và ôn thi tham dự kỳ thi tốt nghiệp THPT.
Thông tin tuyển sinh cung cấp nhất quán về các phương thức xét tuyển dự kiến, triển khai hoạt động tư vấn, truyền thông về tuyển sinh năm 2026.
Lịch tuyển sinh đại học năm 2026 được đẩy lên tương ứng với lịch thi tốt nghiệp THPT. Các trường sẽ công bố thông tin tuyển sinh trước ngày 15/2/2026. Với nhóm xét tuyển thẳng và ưu tiên xét tuyển, sử dụng chứng chỉ ngoại ngữ hay chứng chỉ quốc tế, các em nộp hồ sơ, minh chứng trước 17h ngày 20/6/2026.
Tất cả thí sinh đăng ký, điều chỉnh nguyện vọng xét tuyển không giới hạn số lần từ ngày 2/7 đến 17h ngày 14/7/2026. Từ 17h ngày 10/8/2026, thí sinh có thể biết kết quả trúng tuyển.
Lịch tuyển sinh đại học dự kiến như sau:
Năm 2025, tổng số thí sinh đăng ký lên tới 852.000 với 7,6 triệu nguyện vọng vào hơn 4.000 lượt ngành, chương trình đào tạo của hơn 500 trường đại học, cao đẳng trong cả nước.
Các trường đại học sử dụng 17 phương thức tuyển sinh. Trong số gần 850.000 thí sinh đăng ký xét tuyển đại học, tỷ lệ dùng phương thức xét học bạ là 42,4%. Trong khi đó, tỷ lệ dùng điểm thi tốt nghiệp THPT chiếm 39,1%, còn lại là các phương thức khác với 18,5%.
Kết thúc đợt xét tuyển chung, trong khoảng 773.200 em đỗ đại học, cao đẳng, số thí sinh hoàn thành xác nhận nhập học là 625.477. Trong đó, riêng khối đại học là 613.335 em, tương đương 52,87% tổng số thí sinh dự thi tốt nghiệp THPT năm 2025. Số cơ sở đào tạo tuyển được dưới 30% chỉ tiêu chỉ chiếm 6,5%, trong khi đó năm 2024 là 16,4%.
Trung bình điểm chuẩn của tất cả phương thức xét tuyển vào các ngành, các trường năm 2025 là 19,11 (năm 2024 là 22,05 điểm). Bộ cho biết mức giảm này phù hợp với việc giảm mạnh điểm thi tốt nghiệp THPT năm 2025 ở 3 môn Toán, Sinh học và Tiếng Anh.
Bạn đang cảm thấy mình đã quá tuổi để học?

Đại học Công nghệ TP.HCM (HUTECH) dự kiến xét tuyển đại học 2026 bằng 6 phương thức, tổ chức kỳ thi đánh giá đầu vào tháng 3/2026.
10:01 7/12/2025"
https://znews.vn/cap-tap-chuyen-huong-vi-dai-hoc-quay-lung-voi-khoi-c00-post1609809.html,Cấp tập chuyển hướng vì đại học 'quay lưng' với khối C00,"Việc nhiều trường đại học bỏ xét tổ hợp C00 (Ngữ văn, Lịch sử, Địa lý) khiến nhiều học sinh lo lắng, gấp rút học thêm môn mới để đổi tổ hợp.","Nhiều trường đại học cho biết sẽ không xét tuyển tổ hợp C00 trong năm 2026. Ảnh:Phương Lâm.
Duy Cương (học sinh từ tỉnh Sơn La) định hướng theo tổ hợp C00 ngay khi vào lớp 10. Nam sinh dự định đăng ký vào Học viện Biên phòng.
Nghe tin trường bỏ xét tổ hợp này trong năm tới, Duy rối bời bởi Văn, Sử, Địa là những môn em học tốt nhất và chưa có ý định thi trường nào khác ngoài quân đội.
Một tuần nay, nam sinh tính toán sẽ đi học thêm môn Toán để đăng ký bằng khối C03 (Toán, Văn, Sử) hoặc C04 (Toán, Văn, Địa), song em vẫn rất lo lắng vì chỉ còn hơn nửa năm nữa, kỳ thi sẽ diễn ra.
""Em vốn học Toán không tốt nên mới chọn khối C, ai ngờ trường bỏ xét tuyển vào phút chót. Giờ mới bắt đầu lại, em sợ không kịp"", Cương ái ngại.
Giống như Cương, Thanh Chúc (học sinh tại tỉnh Tuyên Quang) cũng đang gấp rút học thêm Toán để mở rộng cơ hội cho mình.
Nữ sinh dự định thi vào Học viện Chính trị Công an nhân dân. Dù trường chưa có thông báo chính thức, song xem xét phương án tuyển sinh của trường khác, Chúc sốt ruột.
""Nhiều trường bỏ tổ hợp C00 quá nên chúng em hoang mang"", nữ sinh nói. Ngoài học thêm Toán, Chúc còn tìm hiểu thêm một số trường khác như Sư phạm, nhiều khả năng vẫn xét tổ hợp C00, để làm phương án dự phòng.
Trong khi đó, Hoàng Anh (học sinh tại Hà Nội) chuyển từ khối C00 sang khối D14 (Văn, Lịch sử, Tiếng Anh) để có thể đăng ký vào trường Nhân văn Hà Nội hoặc Học viện Báo chí và Tuyên truyền.
Tại kỳ thi tốt nghiệp THPT, thí sinh chỉ được lựa chọn hai môn ngoài Toán và Ngữ văn bắt buộc. Với điều chỉnh tổ hợp như trên, nữ sinh sẽ bỏ môn Địa lý dù đã học từ lớp 10.
""Bắt đầu muộn hơn các bạn khác, em đang 'hụt hơi' trong cuộc đua vào đại học"", Hoàng Anh nói.
Trên các diễn đàn dành cho học sinh, nhiều em cũng cho biết đang phải học thêm môn để mở rộng tổ hợp xét tuyển. Một số thí sinh lựa chọn thi thêm các kỳ thi riêng như đánh giá năng lực để tăng cơ hội vào đại học.
Tuy nhiên, Duy Cương cho rằng những thí sinh ở vùng khó khăn, điều kiện gia đình kinh tế kém hơn sẽ khó tiếp cận những kỳ thi này.
Nhiều thí sinh hoang mang khi các trường bỏ tổ hợp C00 khỏi danh mục xét tuyển. Ảnh:Thành Đông.
Nhiều năm qua, C00 là tổ hợp phổ biến, được nhiều đại học và thí sinh lựa chọn khi xét tuyển đại học.
Tuy nhiên, mùa tuyển sinh 2026, một số trường đại học đã lên phương án bỏ hoặc giảm xét tuyển tổ hợp truyền thống này. Điều này nhận được sự quan tâm của phụ huynh, học sinh trên cả nước.
Gần đây nhất,Đại họcKhoa học Xã hội và Nhân văn (Đại học Quốc gia Hà Nội) thông báo trong số 30 chương trình, ngành đào tạo, trường này không xét tổ hợp C00 ở 15 ngành.
Ngoài ra, trường cũng không xét tổ hợp C03, C04 và D66 hoặc X78 (Văn, Tiếng Anh, Giáo dục kinh tế và pháp luật/Giáo dục công nhân). Các tổ hợp chính được trường sử dụng đều có môn Ngoại ngữ (Tiếng Anh, Trung, Hàn, Nhật).
Trường Sĩ quan Chính trị sử dụng bốn tổ hợp xét tuyển, gồm: C01 (Ngữ văn, Toán, Vật lý), C03, C04, D01 (Ngữ văn, Toán, Tiếng Anh). So với năm 2025, trường này đã bỏ tổ hợp C00 và A00 (Toán, Vật lý, Hóa học).
Còn Học viện Biên phòng chỉ sử dụng ba tổ hợp xét tuyển là C03, C04 và D01 cho cả hai ngành đào tạo là Biên phòng và Luật. Trường bỏ tổ hợp C00, C01 và A01 (Toán, Lý, Anh).
""Đây là phương án tối ưu để đảm bảo quyền lợi, sự lựa chọn đa dạng cho thí sinh ở các tổ hợp truyền thống (A00, C00), đồng thời phù hợp với ngành đào tạo, đảm bảo tuyển sinh của trường"", trường Sĩ quan Chính trị cho biết.
Các trường cho hay thay đổi tổ hợp này căn cứ theo quy định của Bộ GD&ĐT. Theo đó, tổ hợp môn dùng để xét tuyển phải bao gồm ít nhất 3 môn phù hợp với đặc điểm, yêu cầu của chương trình đào tạo; trong đó phải có môn Toán hoặc Ngữ văn với trọng số tính điểm xét không dưới 25%. Từ năm 2026, số môn chung của các tổ hợp phải đóng góp ít nhất 50% trọng số tính điểm xét.
Ngoài ra, trường Nhân văn Hà Nội cho biết việc bỏ tổ hợp C00 áp dụng với các ngành mang tính hiện đại, cần ngoại ngữ, đảm bảo thí sinh đáp ứng được yêu cầu chuyên biệt của chương trình.
Thực tế, việc điều chỉnh tổ hợp xét tuyển được các trường tính toán từ mùa tuyển sinh 2025, khi Bộ GD&ĐT đưa ra quy định trên. Ví dụ, năm 2025,Đại họcThủ Đô Hà Nội bỏ xét khối C00 ở các ngành Luật, Tâm lý học, Quản lý giáo dục, Logistics và quản lý chuỗi cung ứng.
Đại học Kiểm sát Hà Nội, Học viện Báo chí và Tuyên truyền, Đại học Luật (Đại học Quốc gia Hà Nội) cũng thông báo bỏ hoàn toàn xét tuyển tổ hợp C00.
Cả Thanh Chúc, Duy Cương và Hoàng Anh nhìn nhận rằng trước xu thế hội nhập, việc đa dạng tổ hợp để phù hợp với yêu cầu của các trường là điều cần thiết, song việc thông báo đột ngột khiến các em bị động, không kịp trở tay.
Thông thường, từ năm lớp 10, các em đã xác định tổ hợp xét tuyển và theo học xuyên suốt 3 năm. Trong khi đó, các trường thay đổi trước kỳ thi tốt nghiệp THPT chỉ khoảng 6-7 tháng. Dù vẫn có cơ hội chuyển hướng, song học sinh cho rằng vẫn rất gấp, cánh cửa vào đại học của các em vì thế mà hẹp hơn.
Vì vậy, cả ba học sinh bày tỏ mong muốn các trường đại học công bằng hơn, nên có lộ trình thay đổi trước 1-2 năm để học sinh không “đứt gánh giữa đường”.
Thị trường lao động thay đổi chóng mặt, để tồn tại, con người cần học tập suốt đời. Trong bối cảnh đó, tạp chí Tri Thức - Znews giới thiệu tới độc giả cuốnHọc tập suốt đờicủa tác giả Michelle R.Weise.
Tác phẩm cung cấp cho độc giả những đánh giá về thị trường lao động tương lai, những giải pháp cho nhu cầu vừa học vừa làm đang ngày một tăng, cùng với đó là đưa ra những cách kết nối để quá trình chuyển đổi “học-làm” diễn ra thuận lợi hơn. Từ đó, tác giả nêu lên vai trò của việc học tập suốt đời.

Tính đến ngày 8/12, hơn 20 đại học đã công bố phương án tuyển sinh dự kiến năm 2026, trong đó có điều chỉnh về phương thức xét tuyển.
06:30 9/12/2025"
https://znews.vn/hoc-sinh-tphcm-co-the-duoc-nghi-tet-duong-lich-2026-toi-4-ngay-post1609902.html,Học sinh TP.HCM có thể được nghỉ Tết Dương lịch 2026 tới 4 ngày,"Học sinh TP.HCM có thể được nghỉ Tết Dương lịch 2026 kéo dài bốn ngày liên tục thay vì chỉ một ngày như quy định, tùy theo quyết định của hiệu trưởng từng trường.","Học sinh TPHCM trong kỳ thi tốt nghiệp THPT.
Thông tin về được ông Nguyễn Hà Nguyên, Phó chánh văn phòng Sở GD&ĐTTP.HCM, chia sẻ tại Hội nghị giao ban chuyên môn giáo dục phổ thông học kỳ một, ngày 9/12.
Tại đây, trả lời câu hỏi về việc ngày 1/1/2026 rơi vào thứ Năm, các trường có thể cho học sinh nghỉ thêm ngày thứ sáu (2/1) hay không, ông Nguyên cho biết sở đã trao quyền chủ động cho các cơ sở giáo dục. Hiệu trưởng là người có thẩm quyền quyết định việc cho học sinh nghỉ học ngày 2/1.
Theo ông Nguyên, các trường hoàn toàn có thể bố trí cho học sinh nghỉ từ thứ năm (1/1/2026) cho đến hết chủ nhật (4/1/2026), tạo thành 4 ngày. Phần học bù của ngày thứ sáu có thể được triển khai bằng hình thức học trực tuyến để đảm bảo tiến độ chương trình.
Sau khi sáp nhập với tỉnh Bà Rịa - Vũng Tàu và Bình Dương cũ, TP.HCM hiện có 2,6 triệu trẻ mầm non và học sinh phổ thông - đông nhất cả nước.
Theo khung kế hoạch năm học của Bộ GD&ĐT, các địa phương được chủ động xây dựng lịch học, miễn sao đảm bảo đủ 35 tuần thực học trong năm và phù hợp với điều kiện thực tế của từng nơi.
Bạn đang cảm thấy mình đã quá tuổi để học?

Hơn 50 trường đại học trên cả nước đã có lịch nghỉ Tết Nguyên đán dự kiến, nhiều trường bố trí cho sinh viên nghỉ nhiều tuần liên tiếp.
11:16 30/11/2025"
https://znews.vn/phat-hien-bat-ngo-ve-nhung-nguoi-co-chi-so-thong-minh-cao-post1609831.html,Phát hiện bất ngờ về những người có chỉ số thông minh cao,"Nghiên cứu mới cho thấy sự thông minh của con người cũng phải trả giá. Mỗi bước tiến nhận thức có thể đi kèm cái giá là não bộ trở nên mong manh, dễ tổn thương hơn.","Con người càng thông minh, não bộ càng dễ tổn thương và dễ gặp vấn đề về sức khoẻ tâm thần. Ảnh:Pexels.
Một nghiên cứu mới về hệ DNA của người hiện đại cho thấy các thành phần di truyền góp phần hình thành trí thông minh xuất hiện theo từng đợt trong quá trình tiến hoá của loài người. Nhưng cùng với đó, những biến thể làm tăng nguy cơ rối loạn tâm thần cũng xuất hiện.
Qua đó, các nhà nghiên cứu dự đoán một khả năng rằng năng lực nhận thức của con người càng phát triển, bộ não càng dễ tổn thương, theoNew Scientist.
Nhà nghiên cứu Ilan Libedinsky tại Trung tâm Thần kinh - Di truyền học và Nghiên cứu nhận thức (Amsterdam, Hà Lan) cho biết cho đến nay vẫn chưa có bằng chứng rõ ràng cho thấy tổ tiên loài người từng gặp các rối loạn tâm lý. Để truy tìm dấu vết quá khứ, nhóm của ông đã tạo nên một dạng ""cỗ máy thời gian di truyền"" nhằm lần ngược lại lịch sử tiến hóa của não bộ.
Nhóm sử dụng hai hướng tiếp cận: Hướng thứ nhất là phân tích GWAS - so sánh DNA của số lượng lớn người để tìm các biến thể gene liên quan đến bệnh lý. Hướng thứ hai là xác định tuổi thọ đột biến gene - ước tính đột biến xuất hiện từ khi nào, dựa trên dấu tích còn lại trong tiến hóa.
Khi kết hợp hai nguồn dữ liệu này, nhóm nghiên cứu có thể dựng lại dòng chảy biến đổi di truyền của não bộ người qua hàng triệu năm, từ tổ tiên cho đến con người hiện đại
Mô hình của người Homo heidelbergensis, tổ tiên của người Homo sapiens. Ảnh:Alamy.
Kết quả cho thấy phần lớn biến thể di truyền ở người xuất hiện trong giai đoạn 3 triệu năm đến khoảng 4.000 năm trước, đặc biệt bùng nổ mạnh vào khoảng 60.000 năm trước - thời điểm Homo sapiens rời châu Phi và lan rộng khắp thế giới.
Trong quá trình tiến hóa đó, các biến đổi liên quan đến não bộ xuất hiện theo thứ tự khá rõ ràng. Những đột biến tạo nên hệ thần kinh hình thành trước, sau đó mới đến các biến thể phục vụ nhận thức bậc cao như trí thông minh, khả năng suy luận, giải quyết vấn đề. Theo ông Libedinsky, các biến thể liên quan trí thông minh có tuổi đời trung bình khoảng 500.000 năm.
Điểm đáng chú ý là các biến thể mới xuất hiện liên quan đến rối loạn tâm thần xuất hiện ngay sau khi nhóm gen về trí tuệ phát triển. Nhóm nghiên cứu đặt giả thuyết rằng những gene gây rối loạn tâm thần có thể nằm trong chính vùng gen quy định trí thông minh ở người.
Tương tự, khi gene liên quan đến ngôn ngữ xuất hiện, các biến thể liên quan nghiện rượu và trầm cảm cũng bắt đầu hình thành. Nhìn tổng thể, dữ liệu cho thấy sự phát triển nhận thức của tổ tiên loài người luôn song hành với việc tăng nguy cơ rối loạn tâm thần - được xem như “cái giá” của tiến hóa trí tuệ.
Các nhà khoa học nhận định rằng những đặc điểm di truyền giúp con người thông minh hơn cũng có thể khiến bộ não dễ bị tổn thương trước các rối loạn tâm thần, đặc biệt khi gặp điều kiện môi trường hoặc bối cảnh di truyền nhất định. Tuy nhiên, ông Libedinsky nhấn mạnh rằng không có biến thể nào mang tính quyết định tuyệt đối - mỗi biến thể chỉ đóng góp một phần rất nhỏ. Kết quả cuối cùng phụ thuộc vào hàng nghìn gene khác nhau cùng tác động của môi trường sống.
Nhiều biến thể ảnh hưởng đến sức khoẻ tâm thần của con người không bị triệt tiêu, vẫn tồn tại đến ngày nay. Ảnh:Pexels.
Từ câu hỏi: ""Nếu những biến thể làm tăng nguy cơ trầm cảm hay tâm thần phân liệt, tại sao chúng không bị đào thải trong tiến hóa?"", nhóm nghiên cứu đưa ra hai lý giải:
Giả thuyết thứ nhất: Ảnh hưởng của các biến thể này có thể rất nhỏ, không đủ gây hại rõ rệt trong xã hội nguyên thuỷ, nơi con người sống theo nhóm nhỏ, săn bắt, hái lượm và ít chịu áp lực tinh thần. Nhưng trong môi trường hiện đại đầy căng thẳng, kích thích và cạnh tranh, những biến thể này dễ bộc lộ hơn và gây tác động mạnh mẽ hơn.
Giả thuyết thứ hai: Dù kéo theo nguy cơ rối loạn tâm thần, các biến thể này có thể mang lại lợi ích lớn hơn, ví dụ giúp phát triển trí tuệ, ngôn ngữ phức tạp, tư duy khám phá hay sáng tạo. Ở một số điều kiện xã hội hoặc sinh thái nhất định, chúng thậm chí có thể tạo lợi thế sống còn, vì vậy không bị đào thải theo thời gian.
Nhìn chung, các nhà nghiên cứu cho rằng rủi ro tâm thần có thể là “cái giá” đi cùng tiến hóa trí tuệ, và con người vẫn tiếp tục giữ lại những biến thể này vì lợi ích chúng mang lại vượt trội hơn.
Cuốn sáchGiải mã trẻ cá biệt - Hiểu, Hợp tác, Hành độngcủa tiến sĩ Ross W. Greene mở ra một góc nhìn toàn diện và nhân văn hơn về những trẻ bị gắn mác ""cá biệt"". Thay vì trừng phạt, chúng ta có thể giúp các em rèn luyện những kỹ năng thiếu hụt để biến đổi hành vi.
Cuốn sách không chỉ mang đến những nghiên cứu khoa học tâm lý hành vi sâu sát, mà còn cung cấp phương pháp giáo dục thực tiễn, giúp phụ huynh và giáo viên áp dụng hiệu quả.

IQ luôn là chủ đề gây tranh luận. Nhiều nghiên cứu liên tục đưa ra minh chứng về cách trí thông minh được hình thành và phát triển ở con người.
11:33 6/12/2025"
https://znews.vn/nghe-nao-tra-luong-cao-nhat-cho-sinh-vien-moi-ra-truong-post1609566.html,Nghề nào trả lương cao nhất cho sinh viên mới ra trường?,"Doanh nghiệp ưu tiên tuyển dụng các vị trí kinh doanh, bán hàng, sản xuất và dịch vụ khách hàng, ngành cao nhất được trả lương trên 50,8 triệu đồng/tháng.","Doanh nghiệp ưu tiên tuyển dụng sinh viên tại các vị trí kinh doanh, bán hàng và dịch vụ khách hàng.
Năm 2025, Tập đoàn Navigos công bố""Báo cáo lương và thị trường lao động"" dựa trên khảo sát hơn 3.400 ứng viên và 500 doanh nghiệp đa quốc gia tại Việt Nam.
Theo báo cáo, hầu hết doanh nghiệp giữ thái độ thận trọng dù có xu hướng tăng tuyển dụng. Cụ thể, chỉ 37,36% doanh nghiệp dự kiến tăng nhân sự dưới 10%, trong khi 29,81% có kế hoạch tăng từ 10% đến dưới 20%.
Về ưu tiên tuyển dụng, các doanh nghiệp chú trọng nhân sự có kinh nghiệm từ 1-3 năm và từ 3-5 năm. Các vị trí được tuyển dụng nhiều nhất thuộc lĩnh vực kinh doanh/bán hàng (59,43%), sản xuất (33,02%) và dịch vụ khách hàng (24,34%).
Các doanh nghiệp cũng ưu tiên nhân sự có khả năng giải quyết vấn đề và giao tiếp hiệu quả. Bên cạnh đó, các kỹ năng ngoại ngữ, tư duy phân tích và khả năng thích ứng linh hoạt cũng được đề cao.
Khảo sát của Navigos trên 16 nhóm ngành cho thấy đa số nhóm ngành trả lương từ 7-12 triệu đồng/tháng, hoặc 10-15 triệu đồng/tháng cho sinh viên mới tốt nghiệp hoặc người có kinh nghiệm dưới 2 năm. Ví dụ, bộ phận dịch vụ khách hàng của chuỗi cung ứng vận tải có mức lương 7,6-12,7 triệu đồng/tháng; tài chính kế toán là 10-15 triệu đồng/tháng.
Tuy nhiên, một số ngành nghề có mức lương khởi điểm cao hơn. Chẳng hạn, chuỗi cung ứng (nguồn cung ứng, kinh doanh, mua sắm, logistics, kho bãi) được trả lương từ 12,7-20,3 triệu đồng/tháng. Ngành kinh doanh tiếp thị trong lĩnh vực khách sạn, nhà hàng và du lịch là 12,7-17,8 triệu đồng/tháng.
Đặc biệt, sinh viên mới ra trường làm vị trí phát triển phần mềm tại Hà Nội có mức lương cao nhất 20,3 triệu đồng/tháng, trong khi tại TP.HCM từ 20,4-50,8 triệu đồng/tháng.
Trong lĩnh vực năng lượng, dầu khí và kiến trúc/thiết kế, mức lương cao nhất tại Hà Nội đạt 20,3 triệu đồng/tháng, trong khi tại TP.HCM là 25,4 triệu đồng/tháng. Các vị trí phát triển kinh doanh có mức lương dao động từ 15,2-25,4 triệu đồng/tháng ở cả hai thành phố. Nhóm kỹ thuật có mức lương cao nhất 21 triệu đồng/tháng, còn tài chính - kế toán đạt tối đa 27,9 triệu đồng/tháng tại Hà Nội và 20,3 triệu đồng/tháng tại TP.HCM.
Báo cáo cũng nhấn mạnh sự bùng nổ của công nghệ trí tuệ nhân tạo (AI) trong quá trình tìm việc và xu hướng làm việc linh hoạt. Nhiều ứng viên sử dụng AI để tối ưu hóa CV, tra cứu thông tin doanh nghiệp, luyện phỏng vấn và phát triển kỹ năng.
Tuy vậy, hiện mới chỉ có 18,45% ứng viên đã hoặc đang sử dụng AI, trong khi 81,55% chưa tiếp cận công nghệ này. Trong các công cụ AI phổ biến, ChatGPT dẫn đầu với 66,54% người dùng, tiếp theo là Gemini (15,53%) và Copilot (7,21%).
Báo cáo cũng chỉ rõ nhu cầu nhân lực trong một số ngành đang tăng, nhưng vẫn đối mặt với tình trạng thiếu hụt lao động chất lượng cao. Các vị trí như khoa học dữ liệu (data scientist), nghiên cứu AI (AI researcher), kỹ sư học máy (machine learning engineer) và chuyên viên nghiên cứu dữ liệu (data researcher) đang trở nên quan trọng hơn bao giờ hết.
Ngành logistics tại Việt Nam cũng đang thiếu hụt nhân sự, đặc biệt trong các lĩnh vực hàng hải và kho bãi. Ngược lại, ngành công nghiệp bán dẫn đang phát triển mạnh nhờ chính sách thu hút đầu tư và đào tạo nhân lực chất lượng cao.
Thị trường lao động thay đổi chóng mặt, để tồn tại, con người cần học tập suốt đời. Trong bối cảnh đó, tạp chí Tri Thức - Znews giới thiệu tới độc giả cuốnHọc tập suốt đờicủa tác giả Michelle R.Weise.
Tác phẩm cung cấp cho độc giả những đánh giá về thị trường lao động tương lai, những giải pháp cho nhu cầu vừa học vừa làm đang ngày một tăng, cùng với đó là đưa ra những cách kết nối để quá trình chuyển đổi “học-làm” diễn ra thuận lợi hơn. Từ đó, tác giả nêu lên vai trò của việc học tập suốt đời.

Loạt nghề thuộc lĩnh vực y tế, công nghệ và năng lượng tái tạo được dự báo tăng trưởng mạnh, mang lại mức lương từ 50.000 đến hơn130.000 USDmỗi năm.
07:20 6/12/2025"
https://znews.vn/con-trai-nsnd-xuan-bac-gay-chu-y-o-truong-dai-hoc-post1609755.html,Con trai NSND Xuân Bắc gây chú ý ở trường đại học,"Trong bộ ảnh do trường thực hiện, Nguyễn Nhật Khánh Minh, sinh năm 2007, gây chú ý với ngoại hình sáng, được nhận xét giống hệt NSND Xuân Bắc.","Khánh Minh xuất hiện trong bộ ảnh của Học viện Ngoại giao. Ảnh:FBNT.
Mới đây, trang thông tin của Học viện Ngoại giao đã chia sẻ hình ảnh của sinh viên Nguyễn Nhật Khánh Minh - con trai của NSND Nguyễn Xuân Bắc.
Khánh Minh xuất hiện trong bộ ảnh quảng bá cho bộ sản phẩm của Học viện Ngoại giao với nhiều vật dụng thiết yếu. Bộ ảnh do Đoàn Thanh niên của trường thực hiện, Minh giữ vai trò model.
Hình ảnh của Khánh Minh lập tức gây chú ý. Bên dưới bình luận, nhiều người tỏ ra bất ngờ khi biết Minh trúng tuyển và theo học tại Học viện Ngoại giao thay vì con đường nghệ thuật như bố. Ngoài ra, vẻ ngoài chững chạc cùng thần thái tự tin của Minh khiến nhiều người trầm trồ. Không ít người nhận xét Khánh Minh trông rất giống nghệ sĩ Xuân Bắc thời còn đóng vai Núi trongSóng ở đáy sông.
Khánh Minh theo học tại Học viện Ngoại giao. Ảnh:FBNT.
Khánh Minh sinh năm 2007, là con trai cả của NSND Xuân Bắc và bà xã Hồng Nhung. Cậu tốt nghiệp THPT năm 2025 và bắt đầu học tại Học viện Ngoại giao từ tháng 9 năm nay.
Học viện Ngoại giao tiền thân là trường Ngoại giao trực thuộc Bộ Ngoại giao, được thành từ năm 1959. Đây là một trong những cơ sở nghiên cứu, đào tạo hàng đầu khu vực về quan hệ quốc tế, chính sách đối ngoại và bồi dưỡng nghiệp vụ đối ngoại.
Năm 2025, với phương thức xét điểm thi tốt nghiệp THPT 2025, học viện lấy điểm chuẩn từ 24,17 đến 26,09 điểm. Trong đó, ngành Trung Quốc học tiếp tục dẫn đầu.
Cuối tháng 10, NSND Xuân Bắc cũng từng đăng tải bức hình được chụp khi nghệ sĩ tới thăm con trai đang học đại học. Theo nam nghệ sĩ, khi tới thăm con trai đang là sinh viên năm nhất, anh thấy Khánh Minh cởi trần nên đề nghị cậu mặc áo vào. Lúc này, Khánh Minh trả lời: “Mấy lần soi gương con thấy body con sắp bằng bố hồi trẻ luôn”. Trước câu trả lời của con trai, Xuân Bắc có phản ứng hài hước: “Tự nhiên thấy nó nói đúng thế. Ờ thôi, cứ cởi trần cũng được con ạ”.
Ngoài Khánh Minh, vợ chồng nghệ sĩ Xuân Bắc còn có hai con trai khác là Nguyễn Nhật Võ Nguyên (Bi Béo, sinh năm 2009) và bé Bão sinh năm 2018. Các con của nghệ sĩ thân thiết với bố, được nhiều khán giả yêu quý.
Xuân Bắc cũng nổi tiếng là ông bố với cách giáo dục con rất tâm lý và hiện đại. Nam nghệ sĩ cởi mở, lắng nghe tâm tư tình cảm của các con và không thúc ép con làm theo ý mình.
Thị trường lao động thay đổi chóng mặt, để tồn tại, con người cần học tập suốt đời. Trong bối cảnh đó, tạp chí Tri Thức - Znews giới thiệu tới độc giả cuốnHọc tập suốt đờicủa tác giả Michelle R.Weise.
Tác phẩm cung cấp cho độc giả những đánh giá về thị trường lao động tương lai, những giải pháp cho nhu cầu vừa học vừa làm đang ngày một tăng, cùng với đó là đưa ra những cách kết nối để quá trình chuyển đổi “học-làm” diễn ra thuận lợi hơn. Từ đó, tác giả nêu lên vai trò của việc học tập suốt đời.

Mới đây, hàng loạt nghệ sĩ, người nổi tiếng Việt Nam như NSND Tự Long, hoa hậu Bảo Ngọc, á hậu Phương Anh đạt được những thành tựu học thuật ấn tượng.
06:30 4/12/2025"
https://znews.vn/phat-hien-dau-chan-khung-long-lon-nhat-the-gioi-post1609654.html,Phát hiện dấu chân khủng long lớn nhất thế giới,16.600 dấu chân khủng long hóa thạch và 1.378 dấu vết bơi lội đã được các nhà cổ sinh vật học khai quật ở di chỉ Carreras Pampa (Bolivia).,"Dấu chân loài khủng long ăn thịt được phát hiện tại Carreras Pampa. Ảnh:Jeremy McLarty.
Mới đây, một nhóm các nhà cổ sinh vật học, chủ yếu từ Đại học Loma Linda (California, Mỹ), đã phát hiện 16.600 dấu chân khủng long tại di chỉ Carreras Pampa. Đây là một khu vực rộng khoảng 7.485 m2, từng là một bờ biển cổ đại, hiện nằm trong Công viên Quốc gia Torotoro (Bolivia).
Hầu hết dấu vết thuộc về loài theropods - loài khủng long hai chân, có ba ngón, sinh sống vào cuối kỷ Phấn Trắng (khoảng 145 triệu đến 66 triệu năm trước). Một số dãy dấu chân còn kèm theo cả vết đuôi.
Nhóm nghiên cứu đã tìm thấy sự đa dạng về hình dạng và kích thước dấu chân. Bao gồm:
Theo báo cáo được công bố trên tạp chí khoa họcPLOS One,những con khủng long từng thống trị khu vực này không chỉ đi lại mà còn cố gắng bơi lội. Chúng đã cào vào lớp trầm tích mềm dưới đáy hồ, để lại thêm 1.378 dấu vết khác. Chính lớp nước và bùn sau đó đã phong kín các dấu vết, bảo vệ chúng khỏi sự xói mòn trong hàng triệu năm.
Hầu hết đường mòn dấu chân đều theo cùng một hướng Tây Bắc - Đông Nam, với các vết gợn sóng lưu lại trong trầm tích. Sự phong phú của các dấu vết song song cho thấy Carreras Pampa từng là một ""siêu xa lộ tiền sử"" và một số khủng long đã di chuyển theo đàn hoặc nhóm, chạy dọc theo bờ biển cổ đại.
""Di chỉ dấu chân khủng long Carreras Pampas lập kỷ lục thế giới mới về số lượng dấu chân khủng long riêng lẻ, dấu vết liên tục, dấu vết đuôi và dấu vết bơi lội"", các tác giả cho biết.
Nhà cổ sinh vật học Anthony Romilio nhận định dù không ""hoành tráng"" như hóa thạch dạng xương, nhưng việc nghiên cứu dấu chân tiết lộ những thứ mà bộ xương không thể.
Chúng có thể giúp các nhà khoa học tái hiện lại chính xác dáng vẻ bên ngoài của bàn chân khủng long, biết được rõ hơn các chi tiết như da, móng; đồng thời hiểu thêm về tập tính và hành vi của loài, ước lượng được hình dạng cơ thể... dựa trên cách chúng di chuyển và để lại các dấu vết.
Bạn đang cảm thấy mình đã quá tuổi để học?

Nghiên cứu 413 dấu chân khủng long tại Tứ Xuyên hé lộ nhiều điều chưa từng được phát hiện trước đây, đồng thời mở ra góc nhìn mới về tiến hóa và hệ sinh thái kỷ Jura.
06:27 1/12/2025"
https://znews.vn/tot-nghiep-dai-hoc-o-tuoi-36-post1609321.html,Tốt nghiệp đại học ở tuổi 36,"Anh Trung Em trở thành tân cử nhân tuổi 36, hoàn thành giấc mơ từng gác lại vì hoàn cảnh khó khăn.","Tốt nghiệp đại học ở tuổi 36, anh Trần Ngọc Trung Em (SN 1988) là một trong những tân cử nhân lớn tuổi nhất của ngành Kinh tế quốc tế, khóa D20, Trường Luật và Quản lý phát triển, TrườngĐại họcThủ Dầu Một, TP.HCM.
Anh Trung Em trở thành tân cử nhân ở tuổi 36. Ảnh:NVCC.
Sinh ra trong gia đình nông nghèo ở An Giang, gia đình có ba mẹ con, bố anh mất sớm. Năm 2008, anh Trung Em dự thi ngành Sư phạm Lịch sử của Đại học Cần Thơ nhưng không đạt. Không bỏ cuộc, một năm sau, anh thi lại và trúng tuyển Đại học Văn Lang, song gia đình không đủ điều kiện kinh tế để lo cho anh theo học. Anh buộc phải tạm dừng việc học để đi làm, phụ giúp gia đình trang trải cuộc sống.
Rời quê lên TP.HCM, anh bắt đầu công việc thợ điện, sau đó làm công nhân tại TP.HCM, Đồng Nai, Bình Dương. Trong suốt 12 năm, từ 2008 đến 2020, anh làm đủ nghề từ công nhân dây chuyền, bán hàng, chạy xe tải, phụ hồ… để trang trải phí sinh hoạt và giúp gia đình trả nợ.
Thu nhập của anh chỉ khoảng 7-10 triệu đồng mỗi tháng. Có những ngày anh làm việc hơn 12 giờ, tăng ca đến khuya nhưng tiền lương vẫn không đủ giúp anh thoát khỏi cảnh khó, Trung Em vẫn tiếp tục chìm trong cảm giác bế tắc. Thời điểm thất nghiệp gần 5 tháng, anh không có tiền mua gạo, phải ăn đậu hũ sống qua ngày.
Anh Trung Em vẫn giữ tinh thần lạc quan đối diện với mọi vất vả trong cuộc sống. Ảnh:NVCC.
Tuy cuộc sống khó khăn nhưng anh Trung Em vẫn ""nuôi"" giấc mơ được trở thành sinh viên đại học. Anh cũng nhận ra công việc lao động chân tay không thể giúp cuộc sống của mình ổn định hơn. Tấm bằng phổ thông cũng không đủ để tìm được công việc lâu dài. Vì vậy, anh quyết định trở lại giảng đường, tiếp tục giấc mơ còn dang dở của tuổi trẻ.
Sau 12 năm đi làm và tích lũy được khoản tiền nhỏ, anh nộp học bạ vào ngành Kinh tế quốc tế, của Trường Luật và Quản lý phát triển và trúng tuyển. “Khi nhìn dòng chữ trúng tuyển trên giấy báo nhập học, nước mắt tôi bật trào vì nhớ người cha luôn mong con trai được học hành tử tế”, anh kể.
Trở lại giảng đường sau nhiều năm, anh phải đối mặt với không ít trở ngại. Khoảng cách tuổi tác và sự khác biệt về tốc độ tiếp thu kiến thức so với các sinh viên trẻ khiến anh không khỏi chạnh lòng trong những buổi đầu học tập. Những kỹ năng cơ bản với nhiều người, như sử dụng máy tính, anh cũng phải bắt đầu “mò mẫm” để làm quen lại từ đầu. Ban ngày đi làm để trang trải chi phí sinh hoạt, buổi tối anh tranh thủ tự học, kiên trì từng bước để bắt nhịp với chương trình đào tạo.
Nỗ lực của anh nhanh chóng được ghi nhận. Ngay học kỳ II năm nhất, anh đạt học bổng loại giỏi hơn 5 triệu đồng. Bên cạnh việc học, anh tích cực tham gia hoạt động phong trào trong nhà trường và trở thành Ủy viên Ban chủ nhiệm CLB Sinh viên 5 tốt, tham gia tiếp sức mùa thi và nhiều chương trình của trường.
Anh Trung Em tích cực tham gia các hoạt động tại trường Đại học. Ảnh:NVCC.
Tháng 7/2024, anh Trung Em tốt nghiệp với tấm bằng loại khá, trở thành tân cử nhân của ngành Kinh tế quốc tế ở tuổi 36 - tuổi mà nhiều người đã yên ổn với công việc và gia đình, còn anh vừa mới bắt đầu lại hành trình của mình.
Hiện anh làm việc tại một văn phòng luật và tiếp tục chạy xe công nghệ để có thêm thu nhập. Bên cạnh đó, anh theo học chứng chỉ Luật để tiến tới mục tiêu dài hạn: học thạc sĩ, rồi tiến sĩ ngành Luật. Với anh, con đường học tập tuy muộn nhưng chưa bao giờ là quá trễ. Mỗi bước đi đều là hành trình anh bù đắp cho những năm tháng thanh xuân phải tạm gác lại vì nghèo khó.
Bạn đang cảm thấy mình đã quá tuổi để học?

16.600 dấu chân khủng long hóa thạch và 1.378 dấu vết bơi lội đã được các nhà cổ sinh vật học khai quật ở di chỉ Carreras Pampa (Bolivia).
48:2870 hôm qua

Từ mức điểm 1.250 trong lần thi đầu, Nguyễn Lê Duy thay đổi tư duy và tập trung ôn tập, để rồi đạt điểm SAT tuyệt đối chỉ sau 5 tháng.
07:40 9/12/2025"
https://znews.vn/nhieu-truong-hoc-chua-nhan-duoc-kinh-phi-tu-du-an-nuoi-em-nghe-an-post1609644.html,Nhiều trường học chưa nhận được kinh phí từ dự án Nuôi em Nghệ An,"Trong năm học 2025-2026, nhiều trường tại Nghệ An chưa nhận được kinh phí từ dự án Nuôi em Nghệ An.","Bữa ăn bán trú của học sinh vùng caoNghệ An. Ảnh:Tiền Phong.
Chiều 8/12, ông Nguyễn Sỹ Đông, Hiệu trưởng trường Tiểu học Mường Ải (xã Mường Típ, tỉnh Nghệ An), cho biết trong năm học 2025-2026, trường có 152 học sinh thuộc diện được hỗ trợ bữa ăn từ dự án Nuôi em Nghệ An, bắt đầu triển khai từ tháng 10/2025.
Tuy nhiên, sau khoảng hai tuần thực hiện thì gặp một số trục trặc nên phía dự án chưa tiến hành thanh toán, giải quyết chế độ cho học sinh.
Đến đầu tháng 12, dự án thông báo mức hỗ trợ được điều chỉnh lên 11.000 đồng/bữa nhưng số lượng học sinh được hưởng chế độ chỉ còn 131 em.
“Khi tổ chức ăn bán trú được vài ngày, trường rà soát danh sách và phát hiện số lượng học sinh được hỗ trợ bị giảm, vì vậy, chúng tôi quyết định tạm dừng việc ăn bán trú”, ông Đông cho hay.
Mới đây, nhà trường nhận được tin nhắn thông báo toàn bộ 152 học sinh sẽ tiếp tục được hỗ trợ, nhưng mức ăn giảm xuống còn 8.000 đồng/bữa. Tuy nhiên, trường phản hồi rằng chưa thể cho học sinh ăn lại do trên mạng xã hội đang xuất hiện nhiều thông tin bất thường liên quan đến dự án.
“Đến thời điểm hiện tại, nhà trường vẫn chưa nhận được bất kỳ khoản kinh phí hỗ trợ nào từ dự án Nuôi em Nghệ An”, ông Đông nhấn mạnh.
Tại trường Mầm non Lượng Minh (xã Lượng Minh), 96 trẻ được hỗ trợ bữa ăn theo dự án, với mức 10.000 đồng/bữa, mỗi tháng 20 bữa, tương đương khoảng 2,4 triệu đồng/cháu/năm.
Tuy nhiên, từ khi bắt đầu tổ chức ăn bán trú vào tháng 10/2025 đến nay, dự án vẫn chưa chuyển kinh phí khiến nhà trường đang nợ tiền nhà cung cấp. Khi nhà trường thắc mắc, phía dự án chỉ thông báo ""sẽ chuyển trong tuần này”.
Trước đó, từ tháng 9, nhiều diễn đàn mạng xã hội đã rộ lên các bài viết bày tỏ sự nghi ngờ về tính minh bạch trong việc sử dụng nguồn tài trợ của dự án Nuôi em Nghệ An.
Dự án thiện nguyện này được triển khai từ năm 2019 với mục tiêu hỗ trợ bữa ăn bán trú cho học sinh vùng cao Nghệ An. Nhà tài trợ thường chuyển tiền trực tiếp vào tài khoản của dự án để hỗ trợ các chương trình hoặc các em nhỏ cụ thể.
Trên một số bài kêu gọi tài trợ, bà Đỗ Thị Nga được giới thiệu là trưởng ban, quản lý dự án. Tuy nhiên, khi các nhà hảo tâm bày tỏ nghi ngờ về tính minh bạch và muốn làm rõ các khoản thu, chi, họ đã không thể liên hệ được với bà Nga kể từ ngày 15/10.
Nhiều nhà hảo tâm đã gửi đơn đề nghị cơ quan chức năng làm rõ quá trình quản lý và sử dụng kinh phí của dự án.
Theo phản ánh, tại các điểm trường thuộc Mường Ải, Nậm Cắn, Lượng Minh, Nhôn Mai, Xá Lượng… có 241 học sinh được nhận hỗ trợ bởi 61 nhà hảo tâm, với tổng số tiền hơn 514 triệu đồng. Nếu tính từ năm 2019 đến nay, số tiền quyên góp có thể lớn hơn nhiều lần.
Hiện, vụ việc đang được Phòng Cảnh sát hình sự Công an tỉnh Nghệ An xác minh, làm rõ.
Thị trường lao động thay đổi chóng mặt, để tồn tại, con người cần học tập suốt đời. Trong bối cảnh đó, tạp chí Tri Thức - Znews giới thiệu tới độc giả cuốnHọc tập suốt đờicủa tác giả Michelle R.Weise.
Tác phẩm cung cấp cho độc giả những đánh giá về thị trường lao động tương lai, những giải pháp cho nhu cầu vừa học vừa làm đang ngày một tăng, cùng với đó là đưa ra những cách kết nối để quá trình chuyển đổi “học-làm” diễn ra thuận lợi hơn. Từ đó, tác giả nêu lên vai trò của việc học tập suốt đời.

Theo thông tin từ trang web chính thức của Nuôi Em, các em được nuôi cơm là trẻ 3-5 tuổi và học sinh cấp 1 đến cấp 3 chưa được Nhà nước hỗ trợ về ăn.
10:06 8/12/2025"
https://znews.vn/nam-sinh-lop-12-dat-diem-sat-hiem-co-thuoc-nhom-1-the-gioi-post1609596.html,"Nam sinh lớp 12 đạt điểm SAT hiếm có, thuộc nhóm 1% thế giới","Từ mức điểm 1.250 trong lần thi đầu, Nguyễn Lê Duy thay đổi tư duy và tập trung ôn tập, để rồi đạt điểm SAT tuyệt đối chỉ sau 5 tháng.","Nguyễn Lê Duy là học sinh trường THPT Nguyễn Thị Minh Khai (Hà Nội). Ảnh:NVCC.
Nguyễn Lê Duy, học sinh lớp 12A6, trường THPT Nguyễn Thị Minh Khai (Hà Nội), đạt 1.600 điểm bài thi SAT (viết tắt của Scholastic Aptitude Test) trong đợt thi hôm 8/11. Đây một trong những kỳ thi chuẩn hóa phổ biến, được các trường đại học Mỹ và một số các quốc gia khác sử dụng kết quả để xét tuyển sinh viên.
Theo College Board - đơn vị sở hữu bài thi - hàng năm có khoảng 2 triệu học sinh trên thế giới thi SAT. Từ mốc 1.530/1.600 điểm trở lên, người thi lọt top 1% cao nhất thế giới.
""Em không tin vào mắt mình, phải kiểm tra lại nhiều lần mới dám chắc"", Duy kể. Nam sinh nói khi ấy tay run lên vì bất ngờ, bật dậy giơ hai tay ăn mừng, còn bố mẹ thì reo vui. Đây là lần thứ tư Duy dự thi SAT. Ở ba kỳ trước, em lần lượt đạt 1.250, 1.390 và 1.460 điểm.
Lê Duy biết đến SAT từ đầu năm nay và chỉ thực sự ôn từ tháng 6, đặt mục tiêu trên 1.500 điểm để xét tuyển vào ngành Công nghệ thông tin của một số trường đại học trong nước và quốc tế.
Sau một tháng ôn, Duy thi lần đầu và thất vọng khi chỉ đạt 1.250 điểm. ""Emcảm thấy mình làm bài rất tốt và nghĩ sẽ đạt khoảng 1.400 điểm trở lên"", nam sinh nói.
Hai lần thi tiếp theo, dù điểm số có tăng nhưng vẫn chưa chạm tới mục tiêu, Duy dần rơi vào trạng thái nản chí và muốn dừng lại. Nam sinh chia sẻ từng có lúc cảm thấy lạc hướng, không hiểu vì sao làm đề vẫn sai và kết quả gần như không cải thiện.
""Sau đó, dưới sự góp ý của thầy giáo, em nhận ra bản thân chưa thực sự nghiêm túc với việc học, chưa đủ quyết tâm, còn lãng phí thời gian cho việc vô bổ"", Duy kể.
Nam sinh nhận ra trước đây, cậu luôn nghĩ bài thi SAT rất dễ, phần Toán thậm chí còn dễ hơn các bài thi ở Việt Nam. Duy cũng có thói quen chữa bài rất hời hợt, chỉ nhìn qua để biết câu đó sai ở đâu mà không thực sự nhìn lại và phân tích lỗi chi tiết hơn. Khi bắt đầu nghiêm túc hơn, thay vì làm nhanh để giải được nhiều đề, Duy tập trung vào hiểu bản chất từng dạng câu, ngồi lại chữa kỹ từng lỗi sai và  ghi chú lý do sai để không lặp lại.
""Sự thay đổi tư duy này giúp em không lặp lại lỗi sai, đồng thời hiểu rõ hơn về cách bài thi muốn thí sinh tư duy"", Duy nói.
Điểm số Lê Duy đạt được trong đợt thi 8/11. Ảnh:NVCC.
Ở lần thi thứ tư, Lê Duy cho hay phần Toán có 44 câu, kiến thức chủ yếu ở chương trình lớp 10 của Việt Nam. Đề thi của nam sinh rơi nhiều vào các dạng đồ thị, hình học và toán thực tế.
Nam sinh đánh giá phần này không quá khó, nhưng cần để ý đến cách hỏi của đề bài. Do có nền tảng Toán tốt, Duy chỉ mất một nửa thời gian để hoàn thành, song không vội nộp bài mà dành thời gian còn lại để rà soát bài làm.
Phần Đọc - Viết gồm 54 câu với chủ đề đa dạng, từ Khoa học, Lịch sử đến cuộc sống thường ngày... Trong đó, ngữ pháp chiếm khoảng một nửa số câu hỏi, thường ở dạng điền vào chỗ trống trong đoạn văn. Duy coi phần này giống như Toán, chỉ cần áp dụng công thức là đúng.
Bài thi SAT hoạt động theo cơ chế thích ứng. Do làm đúng hết 27 câu đầu tiên ở phần Đọc - Hiểu, 27 câu tiếp theo của Duy sẽ thuộc dạng khó. Dù có 7.0 IELTS, nam sinh thừa nhận điểm yếu ở phần từ vựng.
Ngữ liệu trong đề bài thường rất dài, chứa nhiều từ vựng khó và yêu cầu thí sinh phải tư duy logic. Điều này khiến Duy mất khá nhiều thời gian để có thể đọc hiểu toàn bộ. Để cải thiện, Duy học từ vựng bằng cách sử dụng flashcard (thẻ ghi nhớ - PV) để ghi lại những từ mới không biết và dành khoảng 30 phút đến 1 giờ mỗi ngày để ôn lại.
Với các đoạn văn dài, Duy áp dụng chiến thuật tách nhỏ ra từng phần để đảm bảo hiểu được từng câu. Nhờ đó, sau khi đọc xong toàn bộ đoạn văn, Duy sẽ không cần đọc lại mới hiểu nội dung, từ đó trả lời chính xác các câu hỏi.
Ngoài việc ôn ở trung tâm, nam sinh dành nhiều thời gian tự học. Ba tháng đầu, Duy dành tới 8 giờ mỗi ngày để học SAT. Chỉ khi vào năm học, nam sinh mới giảm thời gian xuống còn một nửa.
Dù vậy, để đảm bảo vừa học kiến thức mới, vừa tập ôn luyện tốt, Duy tập trung cao độ để hiểu và hoàn thành bài tập ngay trên lớp. Nam sinh nói việc ôn thi SAT giúp ích nhiều cho em trong việc học thường ngày.
""Em cải thiện tốc độ đọc, tăng khả năng tư duy, suy luận và nắm bắt ý chính, đồng thời tối ưu hóa việc quản lý thời gian"", Duy chia sẻ.
Nhìn lại quá trình ôn SAT, Duy thấy không nhất thiết phải giỏi tiếng Anh mới có thể giành điểm cao. Kinh nghiệm của em là nghiêm túc với mục tiêu, làm nhiều và chữa bài chi tiết để tránh mắc lỗi hoặc đọc nhầm ý của đề.
Những cuốn sách dành cho người đứng trước cánh cửa nghề nghiệp
Mục Giáo dục giới thiệu đến bạn đọc một số cuốn sách về chủ đề nghề nghiệp, hướng nghiệp, dành cho những bạn trẻ đang băn khoăn trước cánh cửa nghề nghiệp hay người trưởng thành quan tâm đến sự biến đổi nghề nghiệp trong xã hội hiện đại.
Chiến đạogiống cuộc đối thoại, gợi mở các câu hỏi của cuộc đời, giúp người trẻ chủ động định hướng nghề nghiệp, kiến tạo tương lai.
Eight - 8 cách làm chủ trí thông minh nhân tạo: “Đa số công việc mà công viên chức đang phụ trách cuối cùng đều sẽ bị thay thế bởi trí thông minh nhân tạo"", cuốn sách này sẽ giải đáp câu hỏi đó.

Cựu thí sinh Olympia Đặng Việt Dũng từng bỏ ngang Đại học Bách khoa Hà Nội và sang Mỹ du học. Anh hiện dẫn dắt công ty công nghệ tại Việt Nam.
16:52 7/12/2025"
https://znews.vn/da-co-21-truong-dai-hoc-cong-bo-phuong-an-tuyen-sinh-2026-post1609312.html,Đã có 21 trường đại học công bố phương án tuyển sinh 2026,"Tính đến ngày 8/12, hơn 20 đại học đã công bố phương án tuyển sinh dự kiến năm 2026, trong đó có điều chỉnh về phương thức xét tuyển.","Thí sinh TP.HCM trong kỳ thi tốt nghiệp THPT 2025. Ảnh:Phương Lâm.
Theo quy chế của Bộ GD&ĐT, các trường vẫn duy trì phương thức xét tuyển thẳng hoặc ưu tiên xét tuyển.
Trong khi nhiều trường vẫn duy trì phương thức xét học bạ thì một số trường đã thông báo bỏ xét độc lập hoặc giảm tỷ trọng phương thức này.
Điểm các kỳ thi riêng vẫn được các trường ưa chuộng. Ví dụ như đánh giá năng lực (Đại họcQuốc gia Hà Nội, Đại học Quốc gia TP.HCM, Đại học Sư phạm Hà Nội, Sư phạm TP.HCM), đánh giá tư duy (Đại học Bách khoa Hà Nội), kỳ thi đầu vào do các trường đại học phối hợp với Trung tâm Khảo thí quốc gia tổ chức (V-SAT).
Ngoài ra, xét điểm thi tốt nghiệp THPT, xét chứng chỉ quốc tế vẫn được duy trì.
Phương thức xét tuyển đại học dự kiến của các trường cụ thể như sau:
Kỳ thi tốt nghiệp THPT năm 2026 dự kiến diễn ra trong hai ngày 11-12/6/2026. Ảnh:Đinh Hà.
Năm 2025, theo thống kê của Bộ GD&ĐT, các trường đại học sử dụng 17 phương thức tuyển sinh. Trong số gần 850.000 thí sinh đăng ký xét tuyển đại học, tỷ lệ dùng phương thức xét học bạ là 42,4%. Trong khi đó, tỷ lệ dùng điểm thi tốt nghiệp THPT chiếm 39,1%, còn lại là các phương thức khác với 18,5%.
Đầu tháng 11, Bộ GD&ĐT cũng đã ban hành kế hoạch công tác tuyển sinh đại học, cao đẳng năm 2026. Trong đó, bộ yêu cầu các trường xây dựng kế hoạch tuyển sinh, sớm công bố thông tin để học sinh có phương án học và ôn thi tham dự kỳ thi tốt nghiệp THPT.
Thông tin tuyển sinh cung cấp nhất quán về các phương thức xét tuyển dự kiến, triển khai hoạt động tư vấn, truyền thông về tuyển sinh năm 2026. Bộ GD&ĐT dự kiến kỳ thi tốt nghiệp THPT năm 2026 diễn ra sớm hơn mọi năm, trong hai ngày 11-12/6/2026.
Thị trường lao động thay đổi chóng mặt, để tồn tại, con người cần học tập suốt đời. Trong bối cảnh đó, tạp chí Tri Thức - Znews giới thiệu tới độc giả cuốnHọc tập suốt đờicủa tác giả Michelle R.Weise.
Tác phẩm cung cấp cho độc giả những đánh giá về thị trường lao động tương lai, những giải pháp cho nhu cầu vừa học vừa làm đang ngày một tăng, cùng với đó là đưa ra những cách kết nối để quá trình chuyển đổi “học-làm” diễn ra thuận lợi hơn. Từ đó, tác giả nêu lên vai trò của việc học tập suốt đời.

Mùa tuyển sinh 2026, nhiều trường đại học dự kiến bỏ phương thức xét tuyển học bạ. Thay đổi này sẽ tác động trực tiếp đến kế hoạch chọn ngành, chọn trường của thí sinh.
12:04 5/12/2025"
https://znews.vn/buc-anh-la-lung-ngoai-vu-tru-vua-duoc-nasa-ghi-lai-post1609423.html,Bức ảnh lạ lùng ngoài vũ trụ vừa được NASA ghi lại,"Phát hiện mới được ghi lại ở một ngoại hành tinh được kỳ vọng giúp giới khoa học hiểu rõ hơn cách các hành tinh mất dần khí quyển, tương tự cách Sao Kim từng mất nước.","Cột khí heli khổng lồ thoát khỏi hành tinh WASP-107b. Ảnh:University of Geneva.
Kính viễn vọng Không gian James Webb (JWST) vừa ghi lại được một ngoại hành tinh thuộc nhóm “siêu phồng” đang phát tán một lượng lớn khí heli vào không gian và có thể đánh mất phần lớn bầu khí quyển.
Cụ thể, nghiên cứu được công bố ngày 1/12 trên tạp chíNature Astronomycho biết một cột khí heli khổng lồ đang bay hơi khỏi hành tinh WASP-107b. Đáng chú ý hơn, cột khí này trải rộng trên khu vực lớn gần gấp năm lần đường kính hành tinh và di chuyển nhanh phía trước, dọc theo quỹ đạo.
Theo nhóm tác giả do nhà nghiên cứu Vigneshwaran Krishnamurthy tại Đại học McGill, đây là lần đầu tiên JWST ghi nhận hiện tượng thoát khí heli từ ngoại hành tinh này.
Các nhà khoa học đồng thời cho rằng phát hiện này mở ra hướng nghiên cứu mới về sự lưu thông khí quyển của các ngoại hành tinh, đặc biệt trong các hệ sao có điều kiện khắc nghiệt như WASP-107.
Được phát hiện năm 2017, WASP-107b quay quanh một ngôi sao cách Trái Đất khoảng 210 năm ánh sáng. Hành tinh này gần bằng kích thước Sao Mộc (khoảng 94% đường kính) nhưng chỉ có 12% khối lượng, dẫn đến mật độ cực thấp và được xếp vào nhóm ngoại hành tinh “siêu phồng”.
WASP-107b cũng nằm ở vị trí hiếm gặp. Nó nằm gần ngôi sao mẹ gấp 7 lần khoảng cách từ Sao Thủy đến Mặt Trời, trái ngược với mô hình phân bố hành tinh quen thuộc trong hệ Mặt Trời. Điều này buộc các nhà khoa học tìm lời giải thích về nguồn gốc và quá trình dịch chuyển của nó.
Theo đồng tác giả Caroline Piaulet-Ghorayeb tại Đại học Chicago, WASP-107b có thể được hình thành ở vị trí xa hơn nhiều và sau đó bị lực tương tác, có thể từ hành tinh WASP-107c ở xa hơn, đẩy vào quỹ đạo hiện tại.
Khi tiến gần ngôi sao chủ, sức nóng cực lớn bắt đầu phá hủy bầu khí quyển của WASP-107b. Quan sát của JWST cho thấy đám mây heli trong bầu khí quyển của hành tinh đã đi qua trước ngôi sao mẹ khoảng 1,5 giờ trước khi chính hành tinh này xuất hiện. Điều này đã cho thấy mức độ mất khí quyển đáng kể trên hành tinh.
Phân tích từ JWST cũng phát hiện nhiều yếu tố bất thường như lượng oxy cao hơn dự đoán nếu hành tinh được hình thành gần sao mẹ, nước trong khí quyển (trùng khớp dữ liệu từ Hubble), dấu vết của carbon monoxide, carbon dioxide và amoniac. Tuy nhiên methane - yếu tố vốn được dự đoán phải hiện diện - lại không xuất hiện.
Theo nhóm nghiên cứu tại Đại học Geneva, hiện tượng thoát khí quyển là quá trình quen thuộc với các hành tinh như Trái Đất, nhưng hiếm khi đạt đến mức độ cực đoan như ở WASP-107b.
Việc quan sát những hiện tượng tại các khu vực như vậy có thể giúp giới khoa học hiểu rõ hơn cách các hành tinh mất dần khí quyển, tương tự quá trình Sao Kim mất nước qua hàng tỷ năm.
Thị trường lao động thay đổi chóng mặt, để tồn tại, con người cần học tập suốt đời. Trong bối cảnh đó, tạp chí Tri Thức - Znews giới thiệu tới độc giả cuốnHọc tập suốt đờicủa tác giả Michelle R.Weise.
Tác phẩm cung cấp cho độc giả những đánh giá về thị trường lao động tương lai, những giải pháp cho nhu cầu vừa học vừa làm đang ngày một tăng, cùng với đó là đưa ra những cách kết nối để quá trình chuyển đổi “học-làm” diễn ra thuận lợi hơn. Từ đó, tác giả nêu lên vai trò của việc học tập suốt đời.

Cơn bão này mạnh cấp 5, với sức gió duy trì lên tới 282 km/h, đe dọa gây thiệt hại nghiêm trọng khi tiến sát đảo quốc Jamaica.
05:44 29/10/2025"
https://znews.vn/giao-su-tre-nhat-neu-2025-la-vien-truong-da-cong-bo-84-bai-bao-post1609545.html,"Giáo sư trẻ nhất NEU 2025: Là viện trưởng, đã công bố 84 bài báo","Ông Lê Quang Cảnh, 50 tuổi, là người trẻ nhất tại Đại học Kinh tế Quốc dân đạt chuẩn giáo sư năm 2025.","Mới đây, Hội đồng Giáo sư Nhà nước đã ký quyết định công nhận đạt tiêu chuẩn chức danh giáo sư, phó giáo sư năm 2025 cho 900 ứng viên theo danh sách đã công bố trước đó. Con số này đã bao gồm cả ứng viên của hai ngành Quân sự và An ninh.
Trong đó, Đại học Kinh tế Quốc dân có 17 người đạt chuẩn chức danh giáo sư, phó giáo sư. Về độ tuổi, giảng viên trẻ nhất đạt chuẩn chức danh giáo sư đến từ đại học này là ông Lê Quang Cảnh.
GS.TS Lê Quang Cảnh, Viện trưởng Viện Phát triển bền vững, Đại học Kinh tế Quốc dân. Ảnh:Website nhà trường.
GS Cảnh sinh năm 1975, quê tại Hải Dương (cũ). Năm 1997, ông tốt nghiệp cử nhân ngành Ngân hàng và Thị trường tài chính tại Đại học Kinh tế Quốc dân, sau đó được tuyển dụng làm giảng viên tại Khoa Kế hoạch và phát triển của trường.
Ông tiếp tục học lên thạc sĩ chuyên ngành Kinh tế phát triển và được cấp bằng vào năm 2002.
Bảy năm sau, ông nhận bằng tiến sĩ Kinh tế học tại Đại học Kansas State (Mỹ). Ông được công nhận chức danh phó giáo sư ngành Kinh tế năm 2013, cũng tại Đại học Kinh tế Quốc dân.
GS Cảnh có hơn 20 năm kinh nghiệm giảng dạy bậc đại học và sau đại học tại Đại học Kinh tế Quốc dân. Hiện, ông đang giảng dạy các môn học Phương pháp nghiên cứu, Dự báo kinh tế, Lý thuyết đương đại học nghiên cứu kinh tế, Kinh tế lượng vi mô.
Quá trình công tác tại NEU, GS Cảnh đảm nhiệm nhiều chức vụ quản ký như phó viện trưởng Viện Quản lý Châu Á - Thái Bình Dương; phó viện trưởng, quyền viện trưởng rồi viện trưởng Viện Phát triển bền vững.
Ông cũng có nhiều kinh nghiệm làm việc với các tổ chức quốc tế như UNDP, World Bank, ActionAid Vietnam, Oxfarm Anh, KICA, DFID, KOICA...
Lĩnh vực nghiên cứu chính của GS Cảnh bao gồm Kinh tế phát triển (tăng trưởng và chuyển dịch cơ cấu kinh tế); Quản trị nhà nước và quản trị (tiếp cận của Kinh tế học thể chế); Kinh tế học giáo dục.
Tính đến hiện tại, ông đã công bố 84 bài báo khoa học, trong đó 19 bài báo khoa học trên tạp chí quốc tế có uy tín. Các công trình nghiên cứu của ông đã được đăng tải trên các tạp chí quốc tế nhưEconomics Letters, Journal of Business Ethics, Post-Communist Economies, Environment, Development and Sustainability, Public Administration & Development, Applied Spatial Analysis and Policy, Crime Laws and Social Change, Journal of Southeast Asian Economies, và các tạp chí kinh tế hàng đầu trong nước.
Ngoài ra, ông cũng được cấp 5 bằng độc quyền sáng chế, giải pháp hữu ích; xuất bản 13 cuốn sách, trong đó 12 thuộc nhà xuất bản có uy tín.
Bên cạnh việc trực tiếp thực hiện nghiên cứu khoa học, ông còn tích cực trong bồi dưỡng năng lực nghiên cứu cho các giảng viên trẻ, nghiên cứu sinh, trong đó chú trọng cả vân để lý thuyết, phương pháp và đạo đức/liêm chính nghiên cứu. Đồng thời, GS Cảnh còn tham gia phản biện cho một số tạp chí khoa học quốc tế và trong nước.
Những cuốn sách dành cho người đứng trước cánh cửa nghề nghiệp
Mục Giáo dục giới thiệu đến bạn đọc một số cuốn sách về chủ đề nghề nghiệp, hướng nghiệp, dành cho những bạn trẻ đang băn khoăn trước cánh cửa nghề nghiệp hay người trưởng thành quan tâm đến sự biến đổi nghề nghiệp trong xã hội hiện đại.
Chiến đạogiống cuộc đối thoại, gợi mở các câu hỏi của cuộc đời, giúp người trẻ chủ động định hướng nghề nghiệp, kiến tạo tương lai.
Eight - 8 cách làm chủ trí thông minh nhân tạo: “Đa số công việc mà công viên chức đang phụ trách cuối cùng đều sẽ bị thay thế bởi trí thông minh nhân tạo"", cuốn sách này sẽ giải đáp câu hỏi đó.

PGS.TS Ngô Thị Minh Thùy (sinh năm 1984), cựu thí sinh Olympia và thủ khoa Đại học Bách khoa Hà Nội, đang làm việc tại Viện Nghiên cứu ung thư Knight ở Mỹ.
12:34 28/11/2025"
https://znews.vn/gau-truc-dau-tien-ra-doi-o-indonesia-post1609322.html,Gấu trúc đầu tiên ra đời ở Indonesia,Một vườn thú trên đảo Java của Indonesia vừa công bố bức ảnh của chú gấu trúc đầu tiên ra đời ở quốc gia này.,"Gấu trúc Satrio Wiratama, biệt danh là Rio.
Gấu mẹ Hu Chun, 15 tuổi, sinh con vào ngày 27/11 tại vườn thú ở Cisarua thuộc tỉnh Tây Java. Gấu trúc con được đặt tên là Satrio Wiratama, biệt danh là Rio.
Trong thông cáo ngày 7/12, vườn thú cho biết cái tên này tượng trưng cho niềm hy vọng, sự kiên cường và cam kết chung của Indonesia và Trung Quốc trong việc bảo vệ các loài động vật đang nguy cấp.
“Ca sinh là kết quả của chương trình hợp tác quốc tế dài hạn trong suốt 1 thập kỷ, kể từ khi hai gấu trúc Hu Chun và Cai Tao được đưa đến Indonesia năm 2017, trong khuôn khổ chương trình hợp tác bảo tồn 10 năm với Trung Quốc”, thông cáo nêu rõ.
Rio đang được đội ngũ của vườn thú theo dõi 24/7. Nó thể hiện những dấu hiệu phát triển khỏe mạnh như tiếng kêu mạnh, bú mẹ tốt và tăng cân đều đặn. Trong vòng 1-2 tháng tới, chú gấu trúc dự kiến sẽ phát triển khả năng tự điều chỉnh thân nhiệt, mọc lông, mở mắt và bắt đầu vận động sơ khai.
“Ở giai đoạn đầu này, công chúng chưa được tiếp cận gấu trúc con. Vườn thú Taman Safari sẽ tiếp tục ưu tiên sức khỏe và chăm sóc của mẹ và con, đồng thời mong muốn công chúng cầu nguyện cho sự phát triển của gấu trúc con để bé luôn khỏe mạnh và an toàn trong giai đoạn đầu đời”, tuyên bố cho biết.
Tổng thống Indonesia Prabowo Subianto đã công bố tên của gấu trúc con hôm 4/12 và trình chiếu hình ảnh của nó khi ông gặp Chủ tịch Chính hiệp Trung Quốc Vương Hỗ Ninh.
Cặp gấu trúc Cai Tao và Hu Chun được đưa đến Indonesia từ năm 2017, hiện sống trong một “cung điện thu nhỏ” được xây dựng riêng cho chúng tại vườn thú Taman Safari, nằm cách Jakarta khoảng 70 km.
Gấu trúc được coi là linh vật quốc gia của Trung Quốc, và chương trình cho các quốc gia khác mượn gấu trúc trở thành công cụ ngoại giao mềm của Bắc Kinh.
Gấu trúc rất khó sinh sản, vì vậy mỗi ca sinh đều đặc biệt. Hiện còn chưa đến 1.900 cá thể gấu trúc sống trong môi trường hoang dã tự nhiên ở các tỉnh Tứ Xuyên, Thiểm Tây và Cam Túc của Trung Quốc.
Thời gian mang thai của gấu trúc ngắn (95-160 ngày), gấu trúc con khi sinh ra rất nhỏ, chỉ nặng vài lạng. Gấu trúc sơ sinh có màu hồng, không có lông và không mở mắt trong nhiều tuần.
Thị trường lao động thay đổi chóng mặt, để tồn tại, con người cần học tập suốt đời. Trong bối cảnh đó, tạp chí Tri Thức - Znews giới thiệu tới độc giả cuốnHọc tập suốt đờicủa tác giả Michelle R.Weise.
Tác phẩm cung cấp cho độc giả những đánh giá về thị trường lao động tương lai, những giải pháp cho nhu cầu vừa học vừa làm đang ngày một tăng, cùng với đó là đưa ra những cách kết nối để quá trình chuyển đổi “học-làm” diễn ra thuận lợi hơn. Từ đó, tác giả nêu lên vai trò của việc học tập suốt đời.

Thành phố sẽ bố trí quỹ đất xây dựng cơ sở giáo dục mầm non theo quy hoạch đã được phê duyệt, nhất là tại các khu đô thị mới, khu tái định cư, khu công nghiệp.
11:51 8/12/2025

Việc bảo vệ luận án tiến sĩ của ông Jean-Marie Goizet đã khép lại hành trình học thuật bị gián đoạn từ năm 1960. Ông trở thành một trong những tiến sĩ cao tuổi nhất tại Pháp.
11:45 8/12/2025

Theo thông tin từ trang web chính thức của Nuôi Em, các em được nuôi cơm là trẻ 3-5 tuổi và học sinh cấp 1 đến cấp 3 chưa được Nhà nước hỗ trợ về ăn.
10:06 8/12/2025"
https://znews.vn/con-gai-dien-vien-quyen-linh-dieu-hanh-co-phuc-gay-chu-y-post1609432.html,Lọ Lem diễu hành cổ phục gây chú ý,Lọ Lem - con gái diễn viên Quyền Linh - gây chú ý khi diễu hành cổ phục qua các con phố quanh khu vực Hồ Gươm (Hà Nội).,"Chiều 7/12, Lọ Lem (tên thật là Mai Thảo Linh, 19 tuổi) xuất hiện tại Bách hoa hỷ sự, hoạt động nằm trong khuôn khổ Ngày hội Việt Nam hạnh phúc 2025 do Bộ Văn hóa Thể thao và Du lịch tổ chức.
Trong trang phục truyền thống, Lọ Lem cùng vợ chồng hoa hậu H'Hen Niê và nhiều sao Việt diễu hành qua các con phố quanh khu vực Hồ Gươm, sau đó dự lễ ở sân khấu chính.
Con gái diễn viên Quyền Linh diện cổ phục xanh vàng với điểm nhấn là nón ba tầm. Lối trang điểm nhẹ nhàng, trong trẻo, phối thêm phụ kiện bông tai ngọc trai, vòng cổ bạc, cô thu hút mọi ánh nhìn khi xuất hiện trên đường phố.
Trong phần bình luận, nhiều người khen Lọ Lem ""chuẩn nét đẹp phụ nữ Việt Nam"", ""ngoan ngoãn khi thường xuyên cúi chào"".
Lọ Lem trong diễu hành cổ phục chiều 7/12. Ảnh:Lê Xuân Bách, Jpg Nguyen.
Lọ Lem là con gái đầu của NSƯT Quyền Linh (Phó chủ tịch Hội Điện ảnh Việt Nam) và doanh nhân Dạ Thảo. Thời gian gần đây, cô gây ấn tượng với cộng đồng mạng khi có ngoại hình xinh xắn, trong trẻo và thân hình cân đối.
Không chỉ nổi bật về ngoại hình, cô còn có thành tích học tập đáng nể. Lọ Lem hoàn thành xuất sắc chương trình IGCSE (chương trình THPT quốc Tế) năm 2022 với tất cả môn đều đạt điểm A. Cô cũng từng nhận được giải thưởng thành tích cao môn Mỹ thuật và Thiết kế từ Tổ chức Giáo dục Cambridge Assessment International Education (CAIE).
Lọ Lem từng chia sẻ cô có tình yêu với hội hoạ và niềm đam mê lớn đối với văn hóa Việt Nam, đặc biệt là trang phục. Ngoài ra, cô còn có nhiều tài lẻ như chơi đàn, hát... Hiện tại, con gái đầu của NSƯT Quyền Linh là sinh viên của Đại học RMIT. Cô theo đuổi ngành Kinh doanh, nhập học từ tháng 10/2024. Đây là lĩnh vực mà cô yêu thích và định hướng theo đuổi từ cấp ba.
Trên kênh cá nhân, cô thường xuyên đăng tải clip về cuộc sống thường ngày. Trong một video, con gái Quyền Linh chia sẻ nhiều khoảnh khắc, hoạt động tại trường đại học. Cô diện trang phục đơn giản, năng động với quần jean và áo sơ mi khi đi học.
Trước khi trở thành tân sinh viên của RMIT, con gái Quyền Linh từng trúng tuyển vào University of the Arts London (Đại học Mỹ thuật London, Anh). Đây là trường đại học chuyên ngành nghệ thuật và thiết kế lớn nhất châu Âu, dẫn đầu thế giới trong việc giảng dạy và nghiên cứu với hơn 18.000 sinh viên. Song sau đó, Lọ Lem quyết định theo học tại trường đại học ở Việt Nam.
Chia sẻ về cách giáo dục con cái, Quyền Linh từng nói: “Tôi luôn dạy bé phải nhìn tôi mà noi gương, tự lập và không nhờ vả vào bất kỳ ai, tự vươn lên bằng chính sức của mình"".
Nam diễn viên tiết lộ con gái không có định hướng theo đuổi showbiz mà muốn tập trung học tập. Vì thế, cô bé chỉ tham gia hoạt động thiện nguyện và ủng hộ các chương trình hỗ trợ người nghèo do bố làm MC.
Thị trường lao động thay đổi chóng mặt, để tồn tại, con người cần học tập suốt đời. Trong bối cảnh đó, tạp chí Tri Thức - Znews giới thiệu tới độc giả cuốnHọc tập suốt đờicủa tác giả Michelle R.Weise.
Tác phẩm cung cấp cho độc giả những đánh giá về thị trường lao động tương lai, những giải pháp cho nhu cầu vừa học vừa làm đang ngày một tăng, cùng với đó là đưa ra những cách kết nối để quá trình chuyển đổi “học-làm” diễn ra thuận lợi hơn. Từ đó, tác giả nêu lên vai trò của việc học tập suốt đời.

Mới đây, hàng loạt nghệ sĩ, người nổi tiếng Việt Nam như NSND Tự Long, hoa hậu Bảo Ngọc, á hậu Phương Anh đạt được những thành tựu học thuật ấn tượng.
06:30 4/12/2025"
https://znews.vn/tphcm-uu-tien-su-dung-cac-tru-so-doi-du-cho-giao-duc-mam-non-post1609371.html,TP.HCM ưu tiên sử dụng các trụ sở dôi dư cho giáo dục mầm non,"Thành phố sẽ bố trí quỹ đất xây dựng cơ sở giáo dục mầm non theo quy hoạch đã được phê duyệt, nhất là tại các khu đô thị mới, khu tái định cư, khu công nghiệp.","Thành phố sẽ bố trí quỹ đất xây dựng cơ sở giáo dục mầm non theo quy hoạch đã được phê duyệt. Ảnh minh họa:Giang Phương/TTXVN.
UBNDTP.HCMvừa ban hành kế hoạch triển khai chương trình “Nâng cao chất lượng giáo dục mầm non ở địa bàn đô thị, khu công nghiệp giai đoạn 2026-2035, định hướng đến năm 2045” nhằm đáp ứng nhu cầu chăm sóc, nuôi dưỡng và giáo dục trẻ em trong bối cảnh đô thị hóa nhanh và số lượng lớn công nhân, người lao động sinh sống tại các khu công nghiệp
Thành phố sẽ bố trí quỹ đất xây dựng cơ sở giáo dục mầm non theo quy hoạch đã được phê duyệt, nhất là tại các khu đô thị mới, khu tái định cư, khu công nghiệp để đa dạng mô hình giáo dục mầm non phù hợp đặc thù địa bàn đô thị.
Đặc biệt, thành phố ưu tiên sử dụng các trụ sở cơ quan dôi dư sau sắp xếp bộ máy hành chính cho giáo dục mầm non; phát triển cơ sở ngoài công lập và triển khai mô hình hợp tác công-tư theo hình thức hợp đồng kinh doanh - quản lý (O&M), bảo đảm học phí phù hợp thu nhập công nhân.
Thành phố cũng triển khai nhiều giải pháp nâng cao chất lượng chăm sóc và giáo dục trẻ từ 6-36 tháng tuổi như bồi dưỡng kỹ năng đặc thù cho giáo viên; đầu tư cơ sở vật chất, thiết bị; hỗ trợ kinh phí đào tạo giáo viên cho các cơ sở tư thục tại khu công nghiệp; phổ biến tài liệu kỹ năng làm cha mẹ cho phụ huynh công nhân.
Đồng thời, thành phố đẩy mạnh xã hội hóa, khuyến khích doanh nghiệp tham gia đầu tư trường mầm non trong khu công nghiệp, hỗ trợ chi phí gửi trẻ cho người lao động; huy động nguồn lực từ các chương trình, dự án và tổ chức phi chính phủ nhằm tăng cường trang thiết bị, đồ dùng, đồ chơi cho cơ sở giáo dục mầm non…
Phó chủ tịch UBND TP.HCM Trần Thị Diệu Thúy thông tin chương trình được thực hiện tại các địa bàn đô thị theo quy định và toàn bộ khu công nghiệp, khu chế xuất, khu công nghệ cao, cụm công nghiệp - nơi tập trung đông lao động.
Đối tượng thụ hưởng gồm trẻ em mầm non; cán bộ quản lý, giáo viên, nhân viên; cha mẹ trẻ em; các cơ sở giáo dục mầm non và tổ chức, cá nhân có liên quan.
Chương trình tập trung hỗ trợ nâng cao chất lượng giáo dục mầm non, bảo đảm trẻ em được tiếp cận dịch vụ giáo dục an toàn, chất lượng, công bằng và phù hợp điều kiện thực tiễn.
Giai đoạn 2026-2030, thành phố phấn đấu 100% trẻ em đang học tại cơ sở giáo dục mầm non ở đô thị được chăm sóc, giáo dục đúng quy định; tại khu công nghiệp đạt tối thiểu 80% trẻ từ 6-36 tháng tuổi là con công nhân có nhu cầu gửi trẻ được đến trường, lớp. Chỉ tiêu này sẽ nâng lên 100% vào giai đoạn 2031-2035.
Đối với đội ngũ cán bộ, giáo viên, thành phố đặt mục tiêu đến năm 2030 có 80% cán bộ quản lý và giáo viên ở đô thị được tiếp cận tài liệu chuyên môn trên nền tảng số; 100% giáo viên ở khu công nghiệp được bồi dưỡng chuyên môn hàng năm.
Tỷ lệ đơn vị cấp xã, phường triển khai mô hình giáo dục mầm non tiên tiến dự kiến đạt 50% vào giai đoạn 2026-2030 và tăng lên 80% vào giai đoạn 2031-2035.
Để thực hiện có hiệu quả chương trình, thành phố cũng yêu cầu các sở, ngành, địa phương liên quan; xây dựng chương trình, kế hoạch cụ thể hóa mục tiêu, nhiệm vụ và giải pháp phù hợp điều kiện từng địa bàn; tăng cường sự lãnh đạo của cấp ủy, chính quyền trong phát triển giáo dục mầm non; đưa mục tiêu này vào kế hoạch phát triển kinh tế-xã hội hàng năm; đồng thời, đẩy mạnh công tác truyền thông, phổ biến kiến thức nuôi dưỡng, chăm sóc và bảo đảm an toàn cho trẻ.
Sở GD&ĐT chủ trì triển khai kế hoạch; phối hợp các sở, ngành, UBND phường, xã, đặc khu hướng dẫn, kiểm tra, tổng hợp báo cáo và các sở liên quan được giao nhiệm vụ cụ thể nhằm bảo đảm thực hiện đồng bộ; góp phần nâng cao chất lượng giáo dục mầm non, đáp ứng nhu cầu gửi trẻ của công nhân, người lao động và bảo đảm an sinh xã hội ở thành phố.
Thị trường lao động thay đổi chóng mặt, để tồn tại, con người cần học tập suốt đời. Trong bối cảnh đó, tạp chí Tri Thức - Znews giới thiệu tới độc giả cuốnHọc tập suốt đờicủa tác giả Michelle R.Weise.

Trước ngày 31/12, các địa phương phải hoàn thành dứt điểm việc sắp xếp các trường mầm non, phổ thông và giáo dục thường xuyên theo chỉ đạo của Trung ương.
11:19 3/12/2025"
https://znews.vn/cu-ong-89-tuoi-bao-ve-thanh-cong-luan-an-tien-si-luat-post1609343.html,Cụ ông 89 tuổi bảo vệ thành công luận án tiến sĩ Luật,Việc bảo vệ luận án tiến sĩ của ông Jean-Marie Goizet đã khép lại hành trình học thuật bị gián đoạn từ năm 1960. Ông trở thành một trong những tiến sĩ cao tuổi nhất tại Pháp.,"Cụ ông Jean-Marie Goizet, 89 tuổi bảo vệ thành công luận án tiến sĩ Luật. Ảnh:Sudouest.fr.
Theo phóng viênTTXVNtại Paris (Pháp), ông Jean-Marie Goizet, nguyên công chứng viên tại thị trấn Lussac thuộc tỉnh Gironde, vùng Nouvelle-Aquitaine, miền Tây Nam nước Pháp, đã bảo vệ thành công luận án tiến sĩ luật.
Việc bảo vệ luận án tiến sĩ của ông Jean-Marie Goizet đã khép lại hành trình học thuật bị gián đoạn từ năm 1960. Ông trở thành một trong những tân tiến sĩ cao tuổi nhất tại “đất nước hình lục lăng"".
Ông Goizet từng theo học Luật và bắt đầu viết luận án với đề tài liên quan đến vật liệu kính trong xây dựng. Tuy nhiên, khi bước vào nghề, ông đã phải từ bỏ con đường nghiên cứu để làm công chứng viên trong nhiều thập niên, trước khi nghỉ hưu vào giữa thập niên 90 của thế kỷ trước và quay về chăm sóc vườn nho của gia đình.
Mọi chuyện chỉ thay đổi khi ông vô tình tìm lại những bản thảo cũ trong các thùng giấy. “Tôi tự nhủ mình không muốn công sức trước đây trở thành vô nghĩa. Tại sao không làm tiếp?”, ông kể lại.
Động lực hoàn thành luận án - điều mà ông luôn tiếc nuối khi thấy nhiều đồng nghiệp có học vị tiến sĩ - đã đưa ông trở lại giảng đường hơn 60 năm sau.
Năm 2020, ông trình bản thảo sơ bộ lên một giáo sư tại Khoa Luật - Khoa học chính trị thuộc Đại học Bordeaux.
Đề tài đã được thông qua nhưng phải mở rộng, cập nhật thêm. Phiên bản mới mang tên “Kính, vật liệu xây dựng và pháp luật”, bổ sung các nội dung về luật đô thị, luật xây dựng và luật môi trường, lĩnh vực gần như chưa tồn tại vào thập niên 60 của thế kỷ trước.
Hành trình kéo dài 6 năm tiếp theo không hề dễ dàng. Ông dành nhiều thời gian đọc tài liệu, tra cứu hồ sơ tại thư viện đại học.
“Có những lúc tôi nghi ngờ bản thân mình. Tôi phải rất nghiêm túc với tiến độ nộp bài”, ông chia sẻ. Đến tháng 6 vừa qua, ông bước vào buổi bảo vệ luận án trước hội đồng giám khảo.
Kết quả vượt quá mong đợi. Ông được cấp bằng tiến sĩ và được mời lên sân khấu cùng tiến sĩ trẻ nhất khóa. Tháng 9 vừa qua, ông đón sinh nhật thứ 90 với niềm tự hào đặc biệt.
Luận án của ông dài hơn 500 trang, mở đầu bằng câu trích của nhà thơ, nhà kháng chiến Pháp Claude Aveline: “Đừng nghĩ rằng bạn đi sai đường chỉ vì bạn chưa đi đủ xa"".
Với ông Goizet, câu nói ấy dường như là sự tổng kết hoàn hảo cho hành trình hiếm có của một người không bao giờ từ bỏ ước mơ.
Thị trường lao động thay đổi chóng mặt, để tồn tại, con người cần học tập suốt đời. Trong bối cảnh đó, tạp chí Tri Thức - Znews giới thiệu tới độc giả cuốnHọc tập suốt đờicủa tác giả Michelle R.Weise.
Tác phẩm cung cấp cho độc giả những đánh giá về thị trường lao động tương lai, những giải pháp cho nhu cầu vừa học vừa làm đang ngày một tăng, cùng với đó là đưa ra những cách kết nối để quá trình chuyển đổi “học-làm” diễn ra thuận lợi hơn. Từ đó, tác giả nêu lên vai trò của việc học tập suốt đời.

Theo thông tin từ trang web chính thức của Nuôi Em, các em được nuôi cơm là trẻ 3-5 tuổi và học sinh cấp 1 đến cấp 3 chưa được Nhà nước hỗ trợ về ăn.
10:06 8/12/2025"
https://znews.vn/cac-em-nuoi-trong-du-an-nuoi-em-la-ai-o-dau-post1609324.html,"Các 'em nuôi' trong dự án Nuôi Em là ai, ở đâu?","Theo thông tin từ trang web chính thức của Nuôi Em, các em được nuôi cơm là trẻ 3-5 tuổi và học sinh cấp 1 đến cấp 3 chưa được Nhà nước hỗ trợ về ăn.","Dự án Nuôi Em được khởi xướng từ năm 2014 bởi ông Hoàng Hoa Trung. Ảnh:Fanpage Nuôi Em.
Nuôi Emlà dự án thiện nguyện do ông Hoàng Hoa Trung (sinh năm 1990) cùng nhóm thiện nguyện Ánh sáng núi rừng sáng lập từ năm 2014, nhằm kết nối các tấm lòng hảo tâm để hỗ trợ bữa cơm trưa cho học sinh vùng cao. Sau đó,Nuôi Emmở rộng sang xây trường học, tặng tủ sách, phòng tin học giúp cho các em khó khăn có điều kiện học tập tốt hơn.  Nhiều nhà hảo tâm đã đóng góp cho dự án.
Tuy nhiên, từ ngày 6/12, mạng xã hội lan truyền những bài đăng nghi ngờ tính minh bạch tài chính của dự án.
Theo thông tin từ trang web chính thức củaNuôi Em, đối tượng được nuôi cơm là trẻ 3-5 tuổi và học sinh cấp 1 đến cấp 3 chưa được Nhà nước hỗ trợ về ăn. Các đối tượng được xác nhận bởi chính quyền địa phương. Trong đó, trẻ 3-5 tuổi được nhận chế độ hỗ trợ từ Nhà nước. Nhưng vì chi phí còn hạn chế nên dự án vẫn hỗ trợ thêm đối với đối tượng này, mở rộng từ năm học 2025-2026.
Với nhóm học sinh cấp 1 đến cấp 3, dự án hỗ trợ các em lớp 1, lớp 2 sống tại bản và một số trường hợp đặc biệt, ví dụ không được Nhà nước hỗ trợ tiền cơm trưa vì nhà ở xã nông thôn mới hoặc thiếu tiêu chí xét duyệt chế độ.
Năm tiếp theo, nếu đến tuổi bé được nhà nước nuôi cơm sẽ nuôi bé khác, dự án sẽ đổi thông tin bé khác nhưng giữ nguyên mã nuôi em.
Một số trường hợp học sinh nhà xa phải ngủ lại trường từ thứ 2 đến thứ 6, dự án sẽ hỗ trợ hai bữa/ngày để các em học nội trú, đảm bảo chuyên cần, tránh trường hợp các em bỏ học.
Mỗi anh chị nuôi sẽ nhận nuôi một em nhỏ, với chi phí 150.000 đồng/tháng, trong 9 tháng của năm học. Từ năm học 2020-2021, dự án thu thêm 100.000 đồng tiền cơ sở vật chất. Như vậy, mỗi anh chị sẽ gửi nuôi em 1.450.000 đồng/năm.
Mô hình dự ánNuôi Emđang được triển khai tại các bản vùng cao, khó khăn trong số hơn 900 xã khó khăn nhất của các tỉnhĐiện Biên, Cao Bằng, Lào Cai,Lai Châu, Hà Giang (cũ), Lạng Sơn,Bắc Kạn(cũ), Hòa Bình (cũ), Thanh Hóa,Kon Tum(cũ), Gia Lai, Đắk Lắk...
Hiện tại, theo Nghị định 66/2025 của Chính phủ, mức hưởng chính sách (liên quan đến ăn uống) đối với trẻ em nhà trẻ bán trú, học sinh bán trú, học viên bán trú, học sinh dân tộc nội trú và học sinh dự bị đại học, bao gồm:
Trước những ý kiến lan truyền trên mạng xã hội, tối 7/12, ông Hoàng Hoa Trung, đại diện dự án Nuôi Em, đăng tải trên trang cá nhân: ""Trong những ngày vừa qua (đặc biệt ngày 6/12), Nuôi Em đã tiếp nhận nhiều ý kiến và thắc mắc liên quan tới tính minh bạch của dự án trên các nền tảng mạng xã hội. Với tinh thần minh bạch và trách nhiệm, Nuôi Em sẵn sàng thông tin công khai, rõ ràng và đầy đủ nhất tới cộng đồng"".
Dự án cho biết đã tổng hợp tất cả phản hồi, câu hỏi và góp ý xuất hiện trên các kênh truyền thông chính thức lẫn mạng xã hội. Ngay sau đó, nhóm phụ trách đã tổ chức cuộc họp với các thành viên chủ chốt nhằm rà soát và đối chiếu thông tin.
Thị trường lao động thay đổi chóng mặt, để tồn tại, con người cần học tập suốt đời. Trong bối cảnh đó, tạp chí Tri Thức - Znews giới thiệu tới độc giả cuốnHọc tập suốt đờicủa tác giả Michelle R.Weise.
Tác phẩm cung cấp cho độc giả những đánh giá về thị trường lao động tương lai, những giải pháp cho nhu cầu vừa học vừa làm đang ngày một tăng, cùng với đó là đưa ra những cách kết nối để quá trình chuyển đổi “học-làm” diễn ra thuận lợi hơn. Từ đó, tác giả nêu lên vai trò của việc học tập suốt đời.

Thấy cậu học trò có hoàn cảnh éo le, thầy Vi Văn Tuấn đều đặn trích phần lương ít ỏi của mình để đóng tiền ăn bán trú và các khoản chi phí học tập, giúp em được đến trường đầy đủ như bao bạn bè.
10:00 22/11/2025"
https://znews.vn/9-su-that-phu-phang-cha-me-nao-cung-can-biet-post1609212.html,9 sự thật phũ phàng cha mẹ nào cũng cần biết,"Theo CNBC, sau 10 năm làm việc với hàng trăm gia đình, bác sĩ nhi khoa Mona Amin (Mỹ) chỉ ra những sai lầm lặp đi lặp lại mà cha mẹ thường mắc phải.","1. Nếu bạn không làm gương, đừng kỳ vọng con làm theo:Trẻ em sao chép những gì chúng nhìn thấy nhanh hơn những gì chúng được nghe. Cách bố mẹ giao tiếp, kiểm soát căng thẳng và khắc phục sai lầm đều có ý nghĩa rất lớn. Nếu muốn con học được lòng tốt và sự tôn trọng, cha mẹ hãy thể hiện điều đó qua hành động.
2. Nếubạn luôn ""giải cứu"" con khỏi sự buồn chán, chúng sẽ không học được cách thoải mái khi rảnh rỗi:Sự buồn chán chính là khơi nguồn cho sáng tạo. Khi mọi khoảnh khắc trong ngày của trẻ được lấp đầy bằng giải trí, chúng sẽ mất đi cơ hội khám phá và phát triển ý tưởng riêng của mình. Vì vậy, cha mẹ hãy cho con không gian để tự xoay xở và tìm ra cách giải quyết.
3. Nếu bạn cảm thấy lịch trình của con quá dày đặc, thì đúng là như vậy. Hãy cắt giảm bớt:Khi ngày cuối tuần trở thành cuộc đua giữa lớp bóng đá, piano và các buổi đi chơi, đó là con đường nhanh nhất dẫn đến sự kiệt sức. Cha mẹ cần nhớ thời gian nghỉ ngơi giúp cơ thể và bộ não của trẻ có không gian để phục hồi. Vì vậy, hãy bảo vệ khoảng thời gian đó.
4. Đặt giờ đi ngủ, duy trì thói quen. Giấc ngủ là điều cần thiết:Giấc ngủ là nền tảng thúc đẩy sự tăng trưởng, khả năng học hỏi và cân bằng cảm xúc. Trẻ mới biết đi thường cần 11-14 giờ ngủ mỗi ngày; trẻ mẫu giáo 10-13 giờ; trẻ đi học 9-12 giờ và thanh thiếu niên 8-10 giờ. Tuy nhiên, đây chỉ là phạm vi tham khảo. Điều cần lưu ý là khả năng hoạt động của con. Nếu chúng thức dậy sảng khoái, không buồn ngủ bất thường và không có dấu hiệu ngủ kém như cáu kỉnh hay khó tập trung, có khả năng chúng đã ngủ đủ.
5. Lý do con không ăn bữa chính, có thể là do sự nuông chiều quá mức của người lớn:Khi trẻ ăn vặt suốt cả ngày và người lớn chấp nhận điều này, chúng sẽ không bao giờ cảm thấy thèm ăn. Nếu trẻ không thích bữa ăn chính, chúng sẽ cố gắng nhịn cho đến giờ ăn vặt tiếp theo. Vì vậy, việc hạn chế ăn vặt sẽ tạo thói quen tốt cho trẻ, khuyến khích chúng tập trung ăn bữa chính.
6. Đừng vội cho con uống kháng sinh chỉ vì một cơn ho kéo dài:Các cơn ho sau khi nhiễm virus thường kéo dài trong nhiều tuần. Dùng thêm kháng sinh không giúp đẩy nhanh quá trình chữa bệnh mà chỉ làm tình trạng kháng kháng sinh và tác dụng phụ nghiêm trọng hơn. Bố mẹ nên tập trung vào chăm sóc hỗ trợ, ví dụ như giữ không khí ẩm, cho trẻ uống chất lỏng ấm như mật ong, sử dụng nước muối sinh lý và hút mũi khi nghẹt...
7. Bạn không cần các loại thực phẩm chức năng ""tăng cường miễn dịch"" đắt tiền:Những yếu tố tăng cường miễn dịch thực sự là gì? Câu trả lời là giấc ngủ, bữa ăn đầy đủ dinh dưỡng, uống đủ nước, hoạt động thể chất và rửa tay. Không có loại bột hay kẹo dẻo nào có thể thay thế hoặc cạnh tranh được với những yếu tố tự nhiên này.
8. Ngưng dùng màn hình hoặc thức ăn để xoa dịu cơn bộc phát cảm xúc:Khi con mè nheo, cáu kỉnh, nhiều cha mẹ tìm đến các các biện pháp khắc phục nhanh chóng. Tuy nhiên, điều này không giúp trẻ học được cách tự điều chỉnh cảm xúc. Chúng cần có cơ hội để thực hành các kỹ năng như gọi tên cảm xúc, hít thở và học cách hiểu rằng những cảm xúc khó chịu này sẽ qua đi.
9.Con bạn sẽ khó vượt qua thất bại nếu bạn quên dạy chúng điều này khi còn nhỏ: Sự kiên cường.Thành tích học tập xuất sắc hay việc đỗ vào trường danh giá sẽ chẳng có ý nghĩa nhiều nếu một đứa trẻ dễ dàng sụp đổ, gục ngã dưới áp lực cuộc sống. Điều mà cha mẹ cần phải chuẩn bị cho con khi bước vào đời chính là bản lĩnh đối diện với khó khăn. Sự kiên cường chính là kỹ năng đứng dậy sau vấp ngã, biết học hỏi từ sai lầm và có đủ ý chí để tiếp tục thử lại và nỗ lực. Đây mới là hành trang vững chắc nhất để con tự tin chinh phục cuộc sống.
Những cuốn sách dành cho người đứng trước cánh cửa nghề nghiệp
Mục Giáo dục giới thiệu đến bạn đọc một số cuốn sách về chủ đề nghề nghiệp, hướng nghiệp, dành cho những bạn trẻ đang băn khoăn trước cánh cửa nghề nghiệp hay người trưởng thành quan tâm đến sự biến đổi nghề nghiệp trong xã hội hiện đại.
Chiến đạogiống cuộc đối thoại, gợi mở các câu hỏi của cuộc đời, giúp người trẻ chủ động định hướng nghề nghiệp, kiến tạo tương lai.
Eight - 8 cách làm chủ trí thông minh nhân tạo: “Đa số công việc mà công viên chức đang phụ trách cuối cùng đều sẽ bị thay thế bởi trí thông minh nhân tạo"", cuốn sách này sẽ giải đáp câu hỏi đó.

Cựu thí sinh Olympia Đặng Việt Dũng từng bỏ ngang Đại học Bách khoa Hà Nội và sang Mỹ du học. Anh hiện dẫn dắt công ty công nghệ tại Việt Nam.
16:52 7/12/2025"
https://znews.vn/chi-tiet-phuong-thuc-tuyen-sinh-nam-2026-cua-cac-truong-dai-hoc-post1609318.html,Chi tiết phương thức tuyển sinh năm 2026 của các trường đại học,"Tính đến ngày 8/12, gần 30 trường đại học đã công bố dự kiến phương án tuyển sinh năm 2026.","Cụ thể, xu hướng tuyển sinh năm 2026 cho thấy sự dịch chuyển rõ rệt sang các kỳ thi Đánh giá Năng lực/Tư duy (ĐGNL/ĐGTD) và các hình thức xét tuyển tổng hợp, đồng thời giảm dần hoặc loại bỏ hoàn toàn phương thức xét học bạ độc lập.
Hầu hết trường duy trì xét tuyển thẳng theo quy chế của Bộ GD&ĐT và xét điểm thi tốt nghiệp THPT. Các phương thức tuyển sinh năm 2026 khác được tổng hợp chi tiết như sau:
Chứng chỉ quốc tế
SAT, ACT, A-Level, AP, IB
Dự kiến áp dụng
Dự kiến áp dụng
Dự kiến áp dụng
SAT, ACT, IELTS
Nhiều trường đã công bố các quy định chi tiết về công thức tính điểm và chính sách ưu đãi riêng về chính sách tuyển sinh năm 2026, tập trung vào mô hình xét tuyển tổng hợp đa tiêu chí:
Trường Đại học Bách khoa TP. HCM: Phần lớn chỉ tiêu (95-99%) dành cho phương thức xét tuyển tổng hợp. Trường quy định Điểm sàn nhận hồ sơ là 50 điểm (thang 100).
Trường Đại học Công nghiệp TP. HCM: Từ năm 2026, trường sẽ chấm dứt xét tuyển riêng lẻ từng phương thức. Thay vào đó, kết quả học bạ, điểm thi tốt nghiệp THPT và điểm thi ĐGNL sẽ được quy đổi về một thang điểm chung, với tỉ trọng khác nhau.
Trường Đại học Công Thương TP. HCM: Trường duy trì xét học bạ 3 năm THPT. Đặc biệt, trường cam kết miễn 100% học phí toàn khóa và hỗ trợ sinh hoạt phí cho thí sinh trúng tuyển theo diện tuyển thẳng. Trường dự kiến ngưng xét tuyển học bạ độc lập từ năm 2028.
Trường Đại học Y khoa Phạm Ngọc Thạch: Các tổ hợp xét tuyển đều sử dụng thang điểm 30, không nhân hệ số và bắt buộc có môn Toán. Trường lưu ý không quy đổi điểm tiếng Anh từ chứng chỉ ngoại ngữ khi xét theo tổ hợp có môn tiếng Anh.
Trường Đại học Nha Trang: Trường dự kiến tuyển 3.800 chỉ tiêu cho 71 chương trình. Thí sinh có chứng chỉ IELTS được quy đổi sang điểm môn tiếng Anh khi xét theo điểm thi tốt nghiệp THPT.
Đại học Ngân hàng TP.HCM: Trường dự kiến mở 3 ngành đào tạo mới trong năm 2026: Ngôn ngữ Trung Quốc, Bảo hiểm, Quản trị khách sạn - Nhà hàng & Dịch vụ ăn uống.
Bộ GD&ĐT đã dự kiến đẩy lịch tuyển sinh đại học năm 2026 sớm hơn so với năm 2025, nhằm tạo điều kiện thuận lợi cho thí sinh và các trường.
Theo đó, thời hạn muộn nhất để các trường đại học công bố thông tin tuyển sinh chi tiết là ngày 15/2/2026. Thí sinh sẽ có khoảng thời gian từ ngày 2/7 đến 17 giờ ngày 14/7/2026 để thực hiện việc đăng ký, điều chỉnh nguyện vọng xét tuyển.
Sau khi hoàn tất quá trình này, thời gian dự kiến các trường công bố điểm chuẩn trúng tuyển sẽ diễn ra từ 17 giờ ngày 10/8 đến ngày 13/8/2026.
Những cuốn sách dành cho người đứng trước cánh cửa nghề nghiệp
Mục Giáo dục giới thiệu đến bạn đọc một số cuốn sách về chủ đề nghề nghiệp, hướng nghiệp, dành cho những bạn trẻ đang băn khoăn trước cánh cửa nghề nghiệp hay người trưởng thành quan tâm đến sự biến đổi nghề nghiệp trong xã hội hiện đại.
Chiến đạogiống cuộc đối thoại, gợi mở các câu hỏi của cuộc đời, giúp người trẻ chủ động định hướng nghề nghiệp, kiến tạo tương lai.
Eight - 8 cách làm chủ trí thông minh nhân tạo: “Đa số công việc mà công viên chức đang phụ trách cuối cùng đều sẽ bị thay thế bởi trí thông minh nhân tạo"", cuốn sách này sẽ giải đáp câu hỏi đó.

Theo CNBC, sau 10 năm làm việc với hàng trăm gia đình, bác sĩ nhi khoa Mona Amin (Mỹ) chỉ ra những sai lầm lặp đi lặp lại mà cha mẹ thường mắc phải.
06:30 8/12/2025

Cựu thí sinh Olympia Đặng Việt Dũng từng bỏ ngang Đại học Bách khoa Hà Nội và sang Mỹ du học. Anh hiện dẫn dắt công ty công nghệ tại Việt Nam.
16:52 7/12/2025

Những người trẻ mê chụp ảnh săn lùng iphone 5 cũ với giá thành rẻ để có những bức ảnh mờ, hơi ngả vàng, tạo nên cảm giác hoài niệm mà smartphone mới khó mang lại.
16:06 7/12/2025"
https://znews.vn/loai-ech-go-dong-bang-roi-hoi-sinh-moi-mua-xuan-post1609183.html,Loài ếch gỗ ‘đóng băng’ rồi hồi sinh mỗi mùa xuân,"Khả năng tự đóng băng rồi hồi sinh của ếch gỗ Bắc Mỹ cho thấy cơ chế sinh học thích nghi độc đáo, mở ra tiềm năng nghiên cứu cryogenics và bảo quản nội tạng.","Một con ếch gỗ tại Bắc Mỹ. Ảnh:Zygy, CCO.
Trong những khu rừng Bắc Mỹ, vào mùa đông, bạn có thể bắt gặp một con ếch gỗ (Rana sylvatica) trông như đã chết: Cơ thể cứng đờ, mắt đục ngầu, tim ngừng đập.
Thế nhưng, điều kỳ diệu là nó không chết mà chỉ đang chờ đợi. Loài ếch này đã tiến hóa để sử dụng một trong những chiến lược sinh tồn cực đoan nhất: Tự biến mình thành “khối băng” trong nhiều tháng, rồi hồi sinh khi mùa xuân đến.
Khác với hầu hết loài động vật luôn tìm cách tránh bị đóng băng, ếch gỗ lại chọn cách đối diện. Nước khi kết tinh sẽ phá hủy tế bào, thường là án tử với sinh vật.
Nhưng do kích thước nhỏ và môi trường sống, chúng không thể đào hang sâu hay trú dưới bùn để tránh lạnh. Vì vậy, tự nhiên buộc chúng phải chọn hoặc thích nghi với việc bị đóng băng, hoặc tuyệt chủng. Chúng đã chọn con đường đầu tiên. Lợi ích của việc này là chúng có thể ở gần các vũng nước mùa xuân, sẵn sàng sinh sản ngay khi băng tan, giành lợi thế trước đối thủ.
Quá trình đóng băng diễn ra rất nhanh khi nhiệt độ hạ thấp. Sự hình thành băng bên ngoài tế bào kích hoạt tín hiệu thần kinh và hormone, khiến gan lập tức giải phóng lượng lớn glucose vào máu.
Nồng độ đường này cao đến mức có thể gây sốc chết người nếu ở người, nhưng với ếch gỗ, nó lại là “lá chắn” bảo vệ. Glucose hoạt động như chất chống đông, hạ điểm đóng băng trong tế bào, hạn chế sự phát triển của tinh thể băng và giữ cho màng tế bào không bị phá hủy.
Khi cơ thể bị băng bao phủ, tim ngừng đập, phổi ngừng thở, hệ tiêu hóa và thần kinh gần như tê liệt. Về mặt sinh học, chúng ở trạng thái gần như chết.
Tuy nhiên, bên trong vẫn có sự chuẩn bị tinh vi. Enzyme chuyển sang cấu hình ổn định trong lạnh, bơm ion điều chỉnh để màng tế bào không sụp đổ, và hệ thống chống oxy hóa sẵn sàng hoạt động khi máu và oxy trở lại. Đây không phải là ngủ đông, mà chính xác hơn là “ngủ đông treo” - một dạng ngưng hoạt động hoàn toàn nhưng có tổ chức.
Khi mùa xuân đến, băng tan từ ngoài vào trong. Tim bắt đầu đập lại, ban đầu chậm chạp rồi nhanh dần. Glucose giảm xuống khi được đưa trở lại quá trình trao đổi chất. Tế bào tái hấp thụ nước, mô được làm ấm.
Chỉ trong vài giờ, con ếch tưởng chừng đã chết có thể ngẩng đầu, co duỗi chân và tiếp tục cuộc sống bình thường. Mỗi năm, chúng lặp lại chu trình này, vượt qua điều kiện khắc nghiệt mà hầu hết động vật có vú hay chim đều không thể sống sót.
Khả năng này không chỉ gây kinh ngạc cho các nhà sinh học mà còn mở ra tiềm năng nghiên cứu trong y học, đặc biệt là lĩnh vực bảo quản nội tạng và ứng dụng cryogenics. Việc một sinh vật có thể “tạm ngừng sự sống” rồi hồi phục hoàn toàn là minh chứng cho sự kỳ diệu của tiến hóa.
Thị trường lao động thay đổi chóng mặt, để tồn tại, con người cần học tập suốt đời. Trong bối cảnh đó, tạp chí Tri Thức - Znews giới thiệu tới độc giả cuốnHọc tập suốt đờicủa tác giả Michelle R.Weise.
Tác phẩm cung cấp cho độc giả những đánh giá về thị trường lao động tương lai, những giải pháp cho nhu cầu vừa học vừa làm đang ngày một tăng, cùng với đó là đưa ra những cách kết nối để quá trình chuyển đổi “học-làm” diễn ra thuận lợi hơn. Từ đó, tác giả nêu lên vai trò của việc học tập suốt đời.

Giữa sa mạc Sahara khô cằn, mắt Sahara hiện lên như hồng tâm khổng lồ từ vũ trụ, hé lộ bí ẩn địa chất hàng trăm triệu năm.
14:56 7/12/2025"
https://znews.vn/cuu-thi-sinh-olympia-bo-hoc-bach-khoa-hien-la-ceo-cong-ty-cong-nghe-post1609189.html,"Cựu thí sinh Olympia bỏ học Bách khoa, hiện là CEO công ty công nghệ",Cựu thí sinh Olympia Đặng Việt Dũng từng bỏ ngang Đại học Bách khoa Hà Nội và sang Mỹ du học. Anh hiện dẫn dắt công ty công nghệ tại Việt Nam.,"Anh Đặng Việt Dũng tham gia chương trình Đường lên đỉnh Olympia năm thứ 4. Ảnh:Cắt từ clip.
Ở lễ kỷ niệm 25 năm Đường lên đỉnh Olympia, khán giả đã được gặp lại nhiều gương mặt từng là thí sinh của chương trình cách đây nhiều năm.
Trong đó, cựu thí sinh Đặng Việt Dũng là cái tên gây chú ý. Anh sinh năm 1985, tham dự Đường lên đỉnh Olympia năm thứ 4, đại diện cho trường THPT chuyênHà Nội- Amsterdam. Dù không đạt được thành tích cao trong chương trình, Việt Dũng khi ấy gây ấn tượng với vốn kiến thức và khả năng ngoại ngữ vượt trội.
Sau cuộc thi, anh Dũng trúng tuyển vào Đại học Bách khoa Hà Nội, song bỏ ngang để theo học cử nhân của Amherst College in Massachusetts (Mỹ) với học bổng toàn phần.
Sau khi tốt nghiệp đại học, anh làm việc cho Công ty Tư vấn quản trị McKinsey & Company và học thạc sĩ tại trường Kinh doanh Harvard. Tuy nhiên, năm 2014, cựu thí sinh Olympia tạm dừng việc học ở Harvard về Việt Nam làm CEO Uber Việt Nam. Sau 3 năm gắn bó, Đặng Việt Dũng rời “ghế nóng” của hãng gọi xe này vào tháng 10/2017.
Năm 2018, anh gia nhập VNG - kỳ lân công nghệ đầu tiên của Việt Nam, phụ trách toàn bộ các nhóm phát triển kinh doanh, tiếp thị, công nghệ của mảng thanh toán, bao gồm ZaloPay.
Từ năm 2019 đến nay, anh là người sáng lập, CEO Công ty TNHH Dịch vụ công nghệ Nano Việt Nam và Nano Technologies Sigapore. Đây là đơn vị hợp tác với các doanh nghiệp để cung cấp giải pháp ứng lương, thống kê thu nhập và giáo dục về quản lý tài chính cho người lao động.
Anh Đặng Việt Dũng (giữa) trong cuộc trò chuyện ngắn tại Gala kỷ niệm 25 năm Đường lên đỉnh Olympia. Ảnh:BTC.
Trong chương trình Gala kỷ niệm 25 năm Đường lên đỉnh Olympia, anh Dũng chia sẻ việc tham gia chương trình đã giúp ích cho anh trong quá trình khởi nghiệp.
Theo anh, giới khởi nghiệp làm những điều về tương lai và không chắc chắn điều gì sẽ xảy ra. Sự tự tin trước những thứ chưa rõ ràng là điều mà anh học được sau khi bước ra từ chương trình.
Nhớ lại kỷ niệm với Olympia, Việt Dũng kể rằng anh học tiếng Anh từ bé nên khi thi Olympia rất tự tin. Anh còn đặt ngôi sao hy vọng ở câu hỏi tiếng Anh. Tuy nhiên, anh không thể nhớ ra từ “bút sáp màu” trong tiếng Anh là gì dù biết nhiều từ phức tạp hơn.
“Đó là điều khiến mình bất ngờ, nhắc mình rằng có rất nhiều điều chúng ta chưa biết. Đó chính là động lực để mình tiếp tục học tập và phấn đấu”, anh chia sẻ.
Nói về quyết định trở về Việt Nam, nam CEO cho biết lý do khá đơn giản.""Mình là người Việt Nam, gia đình, bạn bè đều ở Việt Nam, tất cả mọi thứ của mình đều ở Việt Nam. Ở nước ngoài, khởi nghiệp không phải điều quá khó, nhưng để làm được điều gì đủ lớn, tôi tin Việt Nam là nơi hội tụ đủ yếu tố nếu mình có quyết tâm, kinh nghiệm và năng lực. Thị trường Việt Nam còn nhiều dư địa để bứt phá"", anh nói.
Trở về Việt Nam, trải qua nhiều vị trí và triển khai nhiều mô hình kinh doanh, vị CEO chia sẻ anh chưa từng có ý định sẽ khởi nghiệp ở nước ngoài. ""Tôi tin rằng cơ hội của mình nằm ở đây, tại Việt Nam"", anh khẳng định.
Những cuốn sách dành cho người đứng trước cánh cửa nghề nghiệp
Mục Giáo dục giới thiệu đến bạn đọc một số cuốn sách về chủ đề nghề nghiệp, hướng nghiệp, dành cho những bạn trẻ đang băn khoăn trước cánh cửa nghề nghiệp hay người trưởng thành quan tâm đến sự biến đổi nghề nghiệp trong xã hội hiện đại.
Chiến đạogiống cuộc đối thoại, gợi mở các câu hỏi của cuộc đời, giúp người trẻ chủ động định hướng nghề nghiệp, kiến tạo tương lai.
Eight - 8 cách làm chủ trí thông minh nhân tạo: “Đa số công việc mà công viên chức đang phụ trách cuối cùng đều sẽ bị thay thế bởi trí thông minh nhân tạo"", cuốn sách này sẽ giải đáp câu hỏi đó.

PGS.TS Ngô Thị Minh Thùy (sinh năm 1984), cựu thí sinh Olympia và thủ khoa Đại học Bách khoa Hà Nội, đang làm việc tại Viện Nghiên cứu ung thư Knight ở Mỹ.
12:34 28/11/2025"
https://znews.vn/gioi-tre-du-trend-mua-iphone-5-cu-gia-re-de-chup-nhung-buc-hoai-co-post1609187.html,Giới trẻ 'đu trend' mua iphone 5 cũ giá rẻ để chụp những bức hoài cổ,"Những người trẻ mê chụp ảnh săn lùng iphone 5 cũ với giá thành rẻ để có những bức ảnh mờ, hơi ngả vàng, tạo nên cảm giác hoài niệm mà smartphone mới khó mang lại.","Ảnh chụp từ chiếc iphone 5 cũ của Bảo Anh. Ảnh:NVCC.
Gần đây, trong các cộng đồng người trẻ yêu thích chụp ảnh, xu hướng săn lùng những chiếc iphone 5 bất ngờ xuất hiện. Dù những bức hình được chụp bằng iphone 5 không quá sắc nét, độ mờ cao và chất lượng thấp hơn nhiều so với điện thoại ""đời mới"" hiện đại, nhưng chính nét “cũ kỹ” ấy lại là điểm thu hút người trẻ ""đu trend"" mua iphone 5.
Nguyễn Gia Linh (sinh năm 2002, Hà Nội) cho biết sau khi thấy bạn bè trên mạng xã hội chia sẻ những bức ảnh mang màu sắc retro, cô lập tức “yêu từ cái nhìn đầu tiên” và quyết định mua một chiếc iphone 5 vào đầu tháng 11.
Linh dễ dàng tìm kiếm điện thoại trên các sàn thương mại điện tử và mua được một máy còn khá mới với giá 600.000 đồng, kèm đầy đủ phụ kiện từ sạc tới ốp lưng. Sau khi kiểm tra tổng thể và thấy camera vẫn hoạt động tốt, cô yên tâm dùng máy để chụp ảnh hàng ngày.
Với niềm yêu thích đồ cổ, Võ Hoàng Bảo Anh (sinh năm 2001, TP.HCM) cũng mua một chiếc iphone 5 từ người bán trong hội nhóm Facebook với giá 470.000 đồng. Cô sử dụng máy để ghi lại những buổi đi chơi, hẹn cà phê cùng bạn bè.
“Em thích những bức ảnh mờ ảo, hơi ngả vàng vì mang lại cảm giác hoài niệm như thời học cấp 3”, Bảo Anh nói.
Bên cạnh việc chụp ảnh, Bảo Anh sử dụng chiếc iphone 5 như vật để ""cai nghiện"" mạng xã hội. Chiếc máy hoạt động chậm và không được mượt mà như những chiếc điện thoại đời mới, nhưng với Bảo Anh, điều đó khiến nhịp sống chậm lại và giúp cô bớt lệ thuộc vào smartphone.
Anh Thạch chia sẻ rằng, thời gian gần đây Iphone 5 là dòng máy được nhiều khách hàng trẻ hỏi mua nhất. Ảnh:NVCC.
Nhu cầu mua iphone 5 tăng cao kéo theo thị trường máy cũ cũng sôi động hơn. Anh Lê Ngọc Thạch (sinh năm 1991, Lâm Đồng) - người kinh doanh điện thoại cũ và là quản trị viên của 16 hội nhóm bán máy trên Facebook - cho biết iphone 5 và iphone 5s hiện là một trong những dòng bán chạy nhất của anh.
Thời điểm cận Tết, lượng khách hàng trong độ tuổi 18-25 tìm mua iphone 5 tăng cao, trung bình mỗi tháng anh bán ra 100-150 chiếc. Ngày cao điểm, khách hàng hỏi mua máy nhưng anh không còn hàng để bán.
Thời điểm mới ra mắt, iphone 5 từng có giá khoảng 20 triệu đồng, nhưng hiện nay máy cũ chỉ còn 300.000-400.000 đồng, nên việc chi tiền để sở hữu một món đồ chụp ảnh hoài niệm không khiến giới trẻ đắn đo.
“Nếu bạn cầm iphone 16 hay 17 đi cà phê thì điều đó đã quá bình thường. Còn khi cầm một chiếc iphone đời cũ để chụp ảnh, không ít bạn trẻ thấy đó là một phong cách riêng”, anh Thạch nói.
Trước khi trào lưu mua iphone 5 để chụp ảnh lan rộng, giới trẻ cũng từng săn lùng và tìm mua máy ảnh kỹ thuật số đời cũ, bởi những thiết bị này cũng cho ra chất ảnh nhiễu nhẹ, mang hướng hoài cổ.
Mục Giáo dục giới thiệu đến bạn đọc những cuốn sách nuôi dạy trẻ trong thời đại 4.0.
Cuốn sáchNuôi con 4.0 - Làm thế nào để trẻ không bị nghiện thiết bị công nghệ?của TS Shimi Kang (nhà khoa học, tâm lý học, chuyên gia giáo dục, tác giả của nhiều tựa sách bán chạy) được đánh giá là hữu ích cho các phụ huynh có con em nghiện sử dụng thiết bị điện tử.
TS Shimi Kang đưa ra hàng loạt dẫn chứng và phân tích khoa học về cách thức tác động của thiết bị công nghệ đến bộ não đang trong giai đoạn phát triển của trẻ. Sau đó, bà chỉ ra những tác động tiêu cực đến sức khỏe, hành vi và tính cách của trẻ.

Nữ sinh Đồng Nai đánh bạn, quay video đăng tải trên mạng xã hội, nguyên nhân được cho là do bạn liếc nhìn.
11:35 7/12/2025"
https://znews.vn/kham-pha-bi-an-mat-cua-sahara-cau-truc-ky-vi-giua-bien-cat-menh-mong-post1609145.html,Khám phá bí ẩn mắt của Sahara: Cấu trúc kỳ vĩ giữa biển cát mênh mông,"Giữa sa mạc Sahara khô cằn, mắt Sahara hiện lên như hồng tâm khổng lồ từ vũ trụ, hé lộ bí ẩn địa chất hàng trăm triệu năm.","Cấu trúc Richat hiện lên như một “con mắt” khổng lồ giữa sa mạc Sahara. Ảnh:Dữ liệu Copernicus Sentinel đã chỉnh sửa, ESA 2025.
Giữa biển cát mênh mông của Sahara, nơi gió và nắng thiêu đốt không ngừng, hiện lên một vòng xoắn đá khổng lồ tưởng chừng như được bàn tay siêu nhiên khắc họa.
Từ quỹ đạo, trong những bức ảnh do vệ tinh Copernicus Sentinel-2 của Cơ quan Vũ trụ châu Âu ghi lại, hình ảnh ấy giống như một hồng tâm khổng lồ, một “con mắt” mở ra giữa sa mạc: Richat Structure, hay còn gọi là mắt của Sahara.
Với đường kính khoảng 50 km, cấu trúc này đủ lớn để trở thành một cột mốc dễ dàng nhận thấy từ không gian. Thế nhưng, khi đứng trên mặt đất, hình dạng vòng tròn gần như biến mất, bị che khuất bởi cồn cát, sương nóng và địa hình gồ ghề. Chỉ từ trên cao, những vòng đồng tâm mới hiện ra rõ ràng, tựa như những gợn sóng hóa đá, đông cứng trong thời gian.
Sự hoàn hảo của hình tròn này từng khiến các nhà khoa học tin rằng nó là dấu tích của một vụ va chạm thiên thạch cổ xưa. Một vòng tròn nằm giữa hư không, chẳng phải đó là miệng hố thiên thạch sao?
Nhưng khi khảo sát thực địa, họ không tìm thấy dấu vết của thạch anh sốc hay đá nóng chảy, những bằng chứng không thể thiếu của một cú va chạm vũ trụ. Bí ẩn dần hé lộ, đây không phải là vết thương từ ngoài không gian, mà là một câu chuyện địa chất sâu thẳm của Trái Đất.
Hình ảnh màu giả của Cấu trúc Richat hé lộ chi tiết thành phần hóa học bên trong. Ảnh:Dữ liệu Copernicus Sentinel đã chỉnh sửa, ESA 2025.
Hàng triệu năm trước, một bong bóng magma khổng lồ đã trỗi dậy từ lòng đất, nâng các lớp đá trầm tích lên thành mái vòm khổng lồ. Theo thời gian, gió, nước và cát - những nghệ nhân kiên nhẫn của Sahara - đã bào mòn các lớp đá mềm, để lại những vòng tròn đồng tâm từ đá cứng như sa thạch thạch anh. Kết quả là một mặt cắt ngang tự nhiên của lớp vỏ Trái Đất, hé lộ những tầng đá cổ xưa có tuổi đời ít nhất 100 triệu năm.
Trong các hình ảnh màu giả từ sứ mệnh Copernicus, cảnh quan ấy trở nên huyền bí hơn nữa. Những dải sa thạch thạch anh cứng hiện lên với sắc đỏ và hồng, vạch rõ các vòng ngoài và gờ bên trong; xen giữa là những mảng tối của đá mềm bị xói mòn; còn những đốm tím nhỏ ở phía nam cho thấy sự sống mong manh, cây cối và bụi rậm bám dọc theo lòng sông khô cạn.
Từ góc nhìn trên quỹ đạo, mắt Sahara như vẫn đang dõi theo nhân loại, một vòng tròn địa chất khổng lồ khắc sâu vào sa mạc, lặng lẽ kể lại lịch sử bí ẩn của Trái Đất bằng chính những lớp đá của nó.
Thị trường lao động thay đổi chóng mặt, để tồn tại, con người cần học tập suốt đời. Trong bối cảnh đó, tạp chí Tri Thức - Znews giới thiệu tới độc giả cuốnHọc tập suốt đờicủa tác giả Michelle R.Weise.
Tác phẩm cung cấp cho độc giả những đánh giá về thị trường lao động tương lai, những giải pháp cho nhu cầu vừa học vừa làm đang ngày một tăng, cùng với đó là đưa ra những cách kết nối để quá trình chuyển đổi “học-làm” diễn ra thuận lợi hơn. Từ đó, tác giả nêu lên vai trò của việc học tập suốt đời.

Bắt đầu từ mùa xuân năm 2026, Đại học Nam California (USC) tại Los Angeles (Mỹ) sẽ mở học phần về sự nghiệp âm nhạc và ảnh hưởng văn hóa của G-Dragon.
10:21 7/12/2025"
https://znews.vn/cong-an-dong-nai-kip-thoi-ngan-chan-mau-thuan-giua-hoc-sinh-thcs-post1609154.html,Công an Đồng Nai kịp thời ngăn chặn mâu thuẫn giữa học sinh THCS,"Nữ sinh Đồng Nai đánh bạn, quay video đăng tải trên mạng xã hội, nguyên nhân được cho là do bạn liếc nhìn.","Phụ huynh và các học sinh liên quan được mời lên làm việc. Ảnh:Công an xã Xuân Hòa.
Thời gian gần đây, mạng xã hội xuất hiện một đoạn clip ghi lại việc một em học sinh trường THCS Nguyễn Công Trứ (xã Xuân Hòa, tỉnhĐồng Nai) bị bạn học đánh ngay tại lớp học, gây bức xúc trong dư luận.
Ngay sau khi xác định được vụ việc, Công an xã Xuân Hòa đã phối hợp với ban giám hiệu trường THCS Nguyễn Công Trứ làm rõ thông tin.
Kết quả ban đầu cho thấy vào lúc 6h25 ngày 3/12, em B.T. qua gặp em P.T.H. để hỏi chuyện tại sao H. lại liếc T. Sau đó, T. tát H. hai cái vào má rồi đi về lớp. Trong lúc xảy ra sự việc, em C.T. đã quay lại video sau đó gửi cho T. để chỉnh sửa, đăng lênTikTok.
Ngày 5/12, Công an xã Xuân Hoà phối hợp với nhà trường đã mời phụ huynh của hai em học sinh lên làm việc. Nhà trường đã yêu cầu học sinh vi phạm, quay và đăng tải clip viết tường trình và họp kiểm điểm. Phụ huynh và học sinh B.T. đã trực tiếp xin lỗi và được phía gia đình em P.T.H. đồng ý.
Nhà trường và gia đình đã thống nhất các biện pháp xử lý phù hợp, đồng thời tăng cường giáo dục để các em nhận thức rõ hành vi sai, không tái phạm và đảm bảo môi trường học đường an toàn, lành mạnh.
Công an xã Xuân Hoà đề nghị phụ huynh và học sinh nâng cao ý thức trong việc sử dụng mạng xã hội, không chia sẻ các nội dung chưa kiểm chứng, tránh gây hiểu lầm và tác động xấu đến tâm lý học sinh.
Mục Giáo dục giới thiệu đến bạn đọc những cuốn sách nuôi dạy trẻ trong thời đại 4.0.
Cuốn sáchNuôi con 4.0 - Làm thế nào để trẻ không bị nghiện thiết bị công nghệ?của TS Shimi Kang (nhà khoa học, tâm lý học, chuyên gia giáo dục, tác giả của nhiều tựa sách bán chạy) được đánh giá là hữu ích cho các phụ huynh có con em nghiện sử dụng thiết bị điện tử.
TS Shimi Kang đưa ra hàng loạt dẫn chứng và phân tích khoa học về cách thức tác động của thiết bị công nghệ đến bộ não đang trong giai đoạn phát triển của trẻ. Sau đó, bà chỉ ra những tác động tiêu cực đến sức khỏe, hành vi và tính cách của trẻ.

Ngày 3/12, UBND phường Thống Nhất, tỉnh Gia Lai, cho biết đã có báo cáo chính thức gửi UBND tỉnh, Sở GD&ĐT về vụ việc học sinh lớp 7 xảy ra xô xát tại trường THCS Tôn Đức Thắng.
16:02 3/12/2025"
https://znews.vn/g-dragon-thanh-mon-hoc-o-dai-hoc-my-post1609116.html,G-Dragon thành môn học ở đại học Mỹ,"Bắt đầu từ mùa xuân năm 2026, Đại học Nam California (USC) tại Los Angeles (Mỹ) sẽ mở học phần về sự nghiệp âm nhạc và ảnh hưởng văn hóa của G-Dragon.","G-Dragon chính thức ra mắt vào năm 2006 với vai trò thành viên nhóm nhạc BIGBANG. Ảnh:Yonhap News.
Học phần có tiêu đề Crooked Studies of K-pop: The case of G-Dragon (Nghiên cứu 'Crooked' về K-pop: Trường hợp của G-Dragon - PV). Giáo sư Hye Jin Lee thuộc trường Truyền thông và Báo chí Annenberg của USC phụ trách giảng dạy.
Lớp học đầu tiên dự kiến bắt đầu vào học kỳ mùa xuân năm 2026 và sẽ được tính 4 tín chỉ. Nội dung chính của khóa học bao gồm:
Trước thông báo chính thức, USC Annenberg đã đăng một video nhá hàng về khóa học, gọi G-Dragon là “một trong những nhân vật đột phá nhất của K-pop"".
""K-pop thách thức cách chúng ta nhìn nhận về sự sáng tạo, tính chân thực và văn hóa như thế nào? Mùa xuân này, hãy khám phá thể loại âm nhạc này thông qua một khóa học mới, tập trung vào một trong những nhân vật có sức ảnh hưởng đột phá nhất: G-Dragon - nghệ sĩ âm nhạc kiêm nhà sản xuất tài năng, người đã góp phần định hình K-pop như ngày nay”, bài đăng cho biết.
Tin tức về khóa học nhanh chóng lan truyền. Nhiều người bày tỏ hy vọng USC sẽ mở suất đăng ký cho sinh viên quốc tế  hoặc cung cấp lớp học trực tuyến.
""Nhân dịp kỷ niệm 20 năm G-Dragon ra mắt, việc trường Truyền thông Annenberg của Đại học Nam California mở lớp học về anh là minh chứng rõ ràng cho tầm ảnh hưởng văn hóa của nam ca sĩ. Chúng tôi sẽ tiếp tục nỗ lực đưa giá trị độc nhất của G-Dragon lan tỏa rộng rãi hơn và góp phần mở rộng tầm ảnh hưởng của K-pop"", ông Choi Yong Ho, CEO công ty quản lý của G-Dragon - Galaxy Corporation, cho biết.
G-Dragon chính thức ra mắt vào năm 2006 với vai trò thành viên nhóm nhạc BIGBANG, dưới sự quản lý của YG Entertainment. Nhóm đã tạo nên sự thay đổi lớn trong K-pop với hàng loạt bản hit đình đám như Lies, Haru Haru, TonightvàBang Bang Bang, trong đó nhiều ca khúc do chính G-Dragon viết lời và sản xuất.
Anh bắt đầu sự nghiệp solo vào năm 2009 với ca khúcHeartbreakervà gần đây nhất là phát hànhÜbermensch.
Vào tháng 10/2024, anh đã trở thành người trẻ tuổi nhất được trao tặng Huân chương Okgwan về Công trạng Văn hóa - huân chương danh giá cao thứ hai của Hàn Quốc.
Trước USC, các trường danh tiếng khác của Mỹ như Đại học Yale và Đại học Harvard cũng mở các học phần xoay quanh tầm ảnh hưởng của các nghệ sĩ lớn như Beyonce và Taylor Swift.
Thị trường lao động thay đổi chóng mặt, để tồn tại, con người cần học tập suốt đời. Trong bối cảnh đó, tạp chí Tri Thức - Znews giới thiệu tới độc giả cuốnHọc tập suốt đờicủa tác giả Michelle R.Weise.
Tác phẩm cung cấp cho độc giả những đánh giá về thị trường lao động tương lai, những giải pháp cho nhu cầu vừa học vừa làm đang ngày một tăng, cùng với đó là đưa ra những cách kết nối để quá trình chuyển đổi “học-làm” diễn ra thuận lợi hơn. Từ đó, tác giả nêu lên vai trò của việc học tập suốt đời.

Mới đây, hàng loạt nghệ sĩ, người nổi tiếng Việt Nam như NSND Tự Long, hoa hậu Bảo Ngọc, á hậu Phương Anh đạt được những thành tựu học thuật ấn tượng.
06:30 4/12/2025"
https://znews.vn/dai-hoc-cong-nghe-tphcm-du-kien-xet-tuyen-6-phuong-thuc-post1609130.html,Đại học Công nghệ TP.HCM dự kiến xét tuyển 6 phương thức,"Đại học Công nghệ TP.HCM (HUTECH) dự kiến xét tuyển đại học 2026 bằng 6 phương thức, tổ chức kỳ thi đánh giá đầu vào tháng 3/2026.","Sinh viênĐại họcCông nghệTP.HCM. Ảnh:FBNT.
Thông tin trên được ThS Nguyễn Thị Xuân Dung, Giám đốc Trung tâm Truyền thông HUTECH, đưa ra sáng 7/12.
Theo bà Dung, sáu phương thức xét tuyển dự kiến bao gồm:
So với năm 2025, HUTECH sử dụng thêm phương thức xét tuyển kết hợp điểm thi THPT và điểm học bạ THPT. Công thức tính điểm xét tuyển như sau:
Điểm xét tuyển = (Điểm thi THPT + Điểm học bạ THPT) / 2.
Trong đó, điểm thi THPT là tổng điểm 3 môn theo tổ hợp xét tuyển (thang điểm 30), còn điểm học bạ THPT là tổng điểm trung bình cả năm lớp 12 nhân 3.
Cũng theo bà Dung, HUTECH dự kiến tổ chức kỳ thi đánh giá đầu vào đại học trên máy tính V-SAT 2026 vào ngày 22/3/2026.
Năm 2025, HUTECH tuyển khoảng 13.500 sinh viên cho 61 ngành. Với phương thức xét điểm thi tốt nghiệp THPT, trường lấy điểm chuẩn 15-19 điểm, ngành Dược học có mức trúng tuyển cao nhất.
Bạn đang cảm thấy mình đã quá tuổi để học?

Các đơn vị tổ chức kỳ thi đánh giá năng lực, đánh giá tư duy đã công bố lịch thi cụ thể, đồng thời đưa ra một số lưu ý để thí sinh chuẩn bị trước ngày làm bài chính thức.
06:04 7/12/2025"
https://znews.vn/thoi-gian-to-chuc-cac-ky-thi-rieng-hot-trong-nam-2026-post1608991.html,Thời gian tổ chức các kỳ thi riêng 'hot' trong năm 2026,"Các đơn vị tổ chức kỳ thi đánh giá năng lực, đánh giá tư duy đã công bố lịch thi cụ thể, đồng thời đưa ra một số lưu ý để thí sinh chuẩn bị trước ngày làm bài chính thức.","Thí sinh tham gia mùa tuyển sinh đại học năm 2025. Ảnh: Phương Lâm.
Trong năm 2026, Đại học Quốc gia Hà Nội tổ chức 6 đợt thiđánh giá năng lực (HSA), đợt đầu tiên diễn ra vào ngày 7-8/3 và đợt cuối cùng được bố trí vào hai ngày 23 và 24/5/2026.
Đáng chú ý, Đại học Quốc gia Hà Nội dự kiến tổng số lượt dự thi khoảng 120.000 (mỗi đợt 20.000 lượt thi), tăng hơn 30.000 lượt thi so với năm ngoái.
Lịch thi từng đợt cụ thể như sau:
Thí sinh lưu ý thời gian lập tài khoản dự thi là từ ngày 25/11 đến hết ngày 27/12 tại địa chỉ: https://khaothi.vnu.edu.vn/ hoặc https:/hsa.edu.vn/. Mỗi thí sinh chỉ được lựa chọn một ca thi duy nhất trong các đợt thi.
Về thời gian đăng ký thi, lịch dự kiến là từ 9h ngày 28/12/2025 đến 16h30 ngày 7/2/2026. Trong trường hợp có sự thay đổi về thời gian đăng kí ca thi, Viện Đào tạo số và Khảo thí sẽ thông báo cho thí sinh trước 10 ngày. Ngoài ra, hệ thống sẽ mở cho thí sinh lựa chọn ca thi thứ hai (nếu còn chỉ tiêu theo quy mô của kì thi) từ 9h00 ngày 8/2/2026 đến 9h ngày 14/2/2026.
Trong khi đó, kỳ thiđánh giá năng lực (APT)của Đại học Quốc gia TP.HCM tiếp tục được tổ chức 2 đợt thi trước kỳ thi tốt nghiệp THPT 2026. Thời gian tổ chức thi là ngày 5/4/2026 (đợt 1) và 24/5/2026 (đợt 2).
Với đợt 1, thời gian đăng ký là từ ngày 24/1-23/2, công bố kết quả vào ngày 17/4. Tiếp đó, từ ngày 18/4-25/4, thí sinh được tổ chức đăng ký thi đợt 2 và dự kiến ngày 6/6 sẽ có kết quả thi.
Dự kiến trong năm 2026, Đại học Quốc gia TP.HCM vẫn giữ ổn định cấu trúc đề thi, đồng thời tiếp tục cải tiến và hoàn thiện nội dung câu hỏi thi theo hướng chuẩn hóa quốc tế, đảm bảo độ tin cậy và khả năng phân loại cao.
Với kỳ thiđánh giá tư duy (TSA), Đại học Bách khoa Hà Nội dự kiến tổ chức trong 3 đợt vào các ngày cuối tuần. Mỗi đợt sẽ có từ 3-4 kíp thi tại 30 điểm thi, đáp ứng cho khoảng 60.000 lượt thi. Thông tin cụ thể các đợt thi như sau:
5-15/2/2026
Theo Đại học Bách khoa Hà Nội, kỳ thi TSA được tổ chức theo hướng tinh gọn, hiệu quả, ứng dụng những công nghệ khảo thí tiên tiến, tiếp cận với các kỳ thi đánh giá tư duy hiện đại trên thế giới, như SAT, ACT...
Bài thi năm 2026 về cơ bản giữ ổn định giống năm trước, gồm 3 phần là Tư duy Toán học (60 phút), tư duy Đọc hiểu (30 phút) và tư duy Khoa học/Giải quyết vấn đề (60 phút). Điểm tối đa là 100.
Đây là 3 phần thi độc lập, câu hỏi thi sẽ tập trung vào đánh giá năng lực tư duy của thí sinh trong mỗi phần thi, không đi vào kiểm tra trực diện kiến thức của môn học nào.
Bạn đang cảm thấy mình đã quá tuổi để học?

Năm 2026, Đại học Quốc gia TP.HCM tiếp tục tổ chức thi 2 đợt và sẽ mở rộng địa bàn thi để tạo điều kiện thuận lợi cho thí sinh.
14:39 5/12/2025"
https://znews.vn/hoc-cach-khoi-nghiep-truoc-tuoi-di-lam-post1608949.html,Học cách khởi nghiệp trước tuổi đi làm,"Dù đang là học sinh THPT, hàng nghìn học sinh TP.HCM đã được tập huấn khởi nghiệp để chuẩn tham gia cuộc thi cấp thành phố, qua đó hướng tới cuộc thi cấp quốc gia.","ThS Trần Thuý Trâm Quyên đặt câu hỏi cho các học sinh về việc khởi nghiệp. Ảnh:Thái An.
""Khởi nghiệplà dùng tiền để xây dựng công ty"".
""Khởi nghiệp là bắt đầu sự nghiệp mới"".
""Khởi nghiệp là dùng ý tưởng của mình để bắt đầu doanh nghiệp lớn"".
Khi được ThS Trần Thuý Trâm Quyên, Phó hiệu trưởng Đại học Quốc tế Hồng Bàng, đặt câu hỏi về khái niệm khởi nghiệp, nhiều học sinh tại ngày hội hỗ trợ học sinh, sinh viên khởi nghiệp liên tục đưa ra những suy nghĩ, định nghĩa của bản thân đối với việc khởi nghiệp.
Giải đáp những chia sẻ của học sinh, ThS Trâm Quyên nhấn mạnh rằng khởi nghiệp không phải là sân chơi của những người có sẵn tài chính hoặc sở hữu ý tưởng “triệu USD”. Đối với học sinh, hành trình này nên bắt đầu bằng những điều nhỏ bé hơn như quan sát xung quanh, nhận ra vấn đề và dám thử sức để giải quyết chúng.
Theo bà Quyên, phần lớn học sinh hiện nay vẫn hình dung khởi nghiệp đồng nghĩa với việc mở công ty, gọi vốn hay trở thành CEO. Quan niệm này khiến các em tự tạo áp lực và nghĩ rằng khởi nghiệp là điều quá tầm với.
“Thực tế, khởi nghiệp đơn giản là tìm thấy nhu cầu trong đời sống hàng ngày và nghĩ ra cách tạo ra giá trị cho người khác. Điều quan trọng nhất là các em dám bắt đầu”, bà nhấn mạnh.
Doanh nhân, nhà giáo dục chia sẻ bài học kinh nghiệm về khởi nghiệp cho các học sinhTP.HCM. Ảnh:Thái An.
Vị phó hiệu trưởng cho biết thêm nhiều ý tưởng nổi bật của học sinh TP.HCM thời gian qua đều xuất phát từ những quan sát rất đời thường. Dự án đạt giải cao của học sinh trường THPT Trần Phú là một ví dụ.
Từ việc lắng nghe chia sẻ của giáo viên mầm non về nhu cầu hỗ trợ trẻ 1-6 tuổi phát triển kỹ năng, nhóm học sinh đã tạo ra bộ “skill puzzle” giúp trẻ học qua các trò chơi trực quan. Sản phẩm không chỉ mới mẻ mà còn giải quyết đúng nhu cầu thực tế trong trường học, qua đó nhận được đánh giá cao từ hội đồng chuyên môn.
Tương tự, dự án chăm sóc sức khỏe tâm thần của học sinh trường THPT Trần Văn Giàu được hình thành từ chính áp lực mà học sinh đang phải đối mặt như áp lực học tập, kỳ vọng gia đình, cạnh tranh trong lớp học... Nhóm đã xây dựng mô hình hỗ trợ cảm xúc thông qua podcast, thẻ thử thách và bản đồ hành trình tâm lý phù hợp với lứa tuổi.
“Điểm chung của các dự án này là bắt nguồn từ khả năng quan sát, hiểu được điều gì đang diễn ra xung quanh mình, ai đang gặp khó khăn và mình có thể làm gì để tạo ra thay đổi”, bà Quyên nói, đồng thời gọi đó là “công thức khởi nghiệp” dành cho học sinh, bao gồm phát hiện vấn đề - tìm cách giải quyết - dám thử - dám sai - dám làm đến cùng.
Cũng theo bà Quyên, trong thời đại hiện nay, AI có thể hỗ trợ học sinh triển khai ý tưởng nhanh hơn, từ viết nội dung, lập kế hoạch kinh doanh cho đến xây dựng kịch bản. Tuy nhiên, AI chỉ là công cụ bởi nó không thể thay thế sự thấu cảm - điều giúp ý tưởng khởi nghiệp thật sự có giá trị.
Cũng thảo luận về AI trong khởi nghiệp, doanh nhân Trần Đình Hải chia sẻ AI hiện được ứng dụng mạnh trong quản trị nhân sự, marketing và xây dựng sản phẩm tại doanh nghiệp. Tuy nhiên, theo ông, công nghệ chỉ đóng vai trò hỗ trợ chứ chưa thể quyết định tất cả.
“Dù dùng AI, chúng ta vẫn phải đặt trái tim, ý tưởng và giá trị của mình vào sản phẩm. Công nghệ chỉ bổ sung kiến thức, không thay thế tư duy sáng tạo”, ông Hải chia sẻ, đồng thời khuyến khích học sinh tận dụng các nền tảng như TikTok, Facebook để học hỏi và quảng bá dự án khởi nghiệp.
Thị trường lao động thay đổi chóng mặt, để tồn tại, con người cần học tập suốt đời. Trong bối cảnh đó, tạp chí Tri Thức - Znews giới thiệu tới độc giả cuốnHọc tập suốt đờicủa tác giả Michelle R.Weise.
Tác phẩm cung cấp cho độc giả những đánh giá về thị trường lao động tương lai, những giải pháp cho nhu cầu vừa học vừa làm đang ngày một tăng, cùng với đó là đưa ra những cách kết nối để quá trình chuyển đổi “học-làm” diễn ra thuận lợi hơn. Từ đó, tác giả nêu lên vai trò của việc học tập suốt đời.

Tỷ phú Jeff Bezos cảnh báo Gen Z nên suy nghĩ kỹ trước khi bỏ học đại học để khởi nghiệp, những tấm gương thành công sớm như Bill Gates hay Mark Zuckerberg chỉ là ngoại lệ.
10:21 18/10/2025"
https://znews.vn/indonesia-sap-nhieu-sinh-vien-hon-ca-my-post1609035.html,Indonesia sắp nhiều sinh viên hơn cả Mỹ,Tổ chức giáo dục Times Higher Education dự đoán Indonesia sắp vượt Mỹ về số lượng sinh viên theo học đại học.,"Indonesia sắp vượt Mỹ, chỉ xếp sau Ấn Độ và Trung Quốc về số lượng sinh viên. Ảnh:Pexels.
Indonesia được dự báo vượt Mỹ và Brazil để trở thành hệ thống giáo dục đại học lớn thứ ba thế giới về số lượng sinh viên trong vòng một thập kỷ tới, theo báo cáo mới củaTimes Higher Education. Quốc gia này cũng dự kiến bổ sung 4,3 triệu sinh viên vào năm 2035, nâng tổng số lên hơn 13 triệu.
TheoTimes Higher Education, trong khi Indonesia tăng trưởng mạnh ở cả bậc đại học và sau đại học nhờ dân số trẻ và tỷ lệ nhập học tăng, Mỹ lại chứng kiến xu hướng trái ngược. Tổng số sinh viên trong nước và quốc tế của Mỹ được ước tính giảm 1% vào năm 2035. Đây là mức sụt giảm lớn thứ hai trong nhóm 20 hệ thống giáo dục đại học lớn nhất, chỉ sau Nga (giảm 9%).
Trong thời gian này, toàn cầu đang chứng kiến sự dịch chuyển nhu cầu giáo dục đại học sang châu Á. Nam Á dự kiến tăng 32% tổng mức tuyển sinh (lên 66 triệu) và Đông Á tăng 36% (cụ thể là lên 53 triệu) trong giai đoạn 2023-2035.
Khi đó, Trung Quốc sẽ đạt 47 triệu sinh viên vào năm 2035 và Ấn Độ sẽ tăng thêm 11 triệu, lên 53 triệu, tiếp tục giữ hai vị trí dẫn đầu thế giới.
Đông Nam Á và Tây Á cũng được dự đoán mở rộng đáng kể. Ngược lại, Bắc Mỹ gần như không thay đổi, chỉ nhích từ 12,7 triệu lên 12,8 triệu sinh viên.
Anh được dự báo tăng thêm 1,4 triệu sinh viên. Quốc gia này cùng với Đức là hai đại diện châu Âu hiếm hoi ghi nhận tăng trưởng. Đông Âu là khu vực được dự đoán suy giảm trong thập kỷ tới, với mức giảm sâu tại Albania (61%), Belarus (56%) và Lithuania (42%).
Bà Lucia Costantini, Trưởng nhóm khoa học dữ liệu, nhận định sự chững lại của tuyển sinh tại các nước phát triển là kết quả của biến động dân số và xu hướng giảm của tỷ lệ nhập học ở nhóm sinh viên trưởng thành. Trong khi đó, tuyển sinh sau đại học cũng không đủ bù đắp sự sụt giảm này.
Dù vậy, báo cáo chỉ ra số lượng sinh viên giảm nhưng Mỹ vẫn sẽ tăng doanh thu ngoài nghiên cứu thêm84 tỷ USDvào năm 2035 - cao nhất toàn cầu và vượt Trung Quốc (83 tỷ USD), Đức (55 tỷ USD), Anh (13 tỷ USD). Indonesia được dự báo tăng gần6 tỷ USD, đứng thứ 11 thế giới.
Việt Nam ở đâu trên bản đồ bán dẫn thế giới?
Bán dẫn là từ khóa hot hiện nay, kéo theo đó là nhu cầu tìm hiểu về ngành học liên quan để có thể tham gia vào lĩnh vực này.
Vì thế, Tạp chí Tri Thức - Znews giới thiệu tới độc giả cuốnKhi con chip lên ngôicủa tác giả PGS.TS Nguyễn Trung Dân và TS Nguyễn Xuân Xanh.
Với các số liệu và nghiên cứu mới nhất, tác giả sẽ dẫn chúng ta bước vào hành trình tìm hiểu nguồn gốc và quá trình ra đời của transistor, chip bán dẫn cũng như vai trò của chúng, khám phá những điều đang xảy ra với nền công nghiệp bán dẫn.

Ngày 18/11, tổ chức QS Top Universities công bố bảng xếp hạng phát triển bền vững năm 2026, nhiều đại học Việt Nam thăng hạng.
10:35 19/11/2025"
https://znews.vn/dieu-thuyen-dep-nhat-man-anh-tu-bo-nghe-thuat-lam-giang-vien-post1608968.html,Điêu Thuyền 'đẹp nhất màn ảnh' từ bỏ nghệ thuật làm giảng viên,"Được mệnh danh là ""nàng Điêu Thuyền đẹp nhất màn ảnh"", nữ diễn viên này từng là mỹ nhân đình đám của showbiz Hoa ngữ.","Từng là mỹ nhân nức tiếng của màn ảnh Hoa ngữ, diễn viên Trần Hảo sở hữu nhan sắc nổi bật, nét đẹp thanh tú, sắc sảo khó ai sánh bằng. Trong đó vai Điêu Thuyền trong phim Tam Quốc chính là cột mốc đưa tên tuổi Trần Hảo nổi đình đám.
Trần Hảo sinh năm 1979, tốt nghiệp khoa diễn xuất Học viện Hý kịch trung ương. Cô trở nên nổi tiếng nhờ vai nữ chính trong bộ phim điện ảnhNgọn núi nào, con người nào, con chó nàonăm 1999. Vai diễn trong phim đã mang về cho cô đề cử ""Nữ diễn viên xuất sắc"" tại Giải thưởng điện ảnh Kim Kê.
Thành công củaThiên long bát bộgiúp Trần Hảo nhận được lượng lớn khán giả từ Trung Quốc và trên toàn châu Á. Nhờ đó, Trần Hảo vinh dự được trao danh hiệu ""Đệ nhất Hoa Sam"". Danh hiệu này để chỉ những diễn viên có thể đảm nhận những loại vai đa dạng cả phản diện và chính diện.
Sau bộ phim, Trần Hảo tiếp tục gây sốt với vai Như Ý trong bộ phim truyền hìnhNhư Ý, Cát Tường. Khi đó, diễn xuất thông minh, lanh lợi của Trần Hảo cùng Trương Vệ Kiện đã làm nên một cơn sốt tại châu Á.
Vẻ đẹp làm khuynh đảo màn ảnh của nhân vật Điêu Thuyền do Trần Hảo đóng.
Năm 2004, làng giải trí Trung Quốc đã tôn vinh 4 người đẹp Lưu Diệc Phi, Huỳnh Thánh Y, Lý Băng Băng và Trần Hảo là “Tứ đại mỹ nhân đương đại” của Trung Hoa. Thời điểm đó, cả 4 người đẹp đều được đánh giá có nhan sắc ngọt ngào, khả năng diễn xuất thu hút và dự đoán sẽ làm khuynh đảo làng giải trí trong tương lai.
Từ phim ảnh, Trần Hảo thử khả năng trong lĩnh vực âm nhạc và cô cũng thành công vì có chất giọng tốt, vũ đạo điêu luyện. Album solo đầu tiên của cô ra đời năm 2005.
Chính khả năng ca múa toàn tài đã giúp Trần Hảo nhận được vai Điêu Thuyền trong phimTam Quốcdo Cao Hy Hy đạo diễn. Vai diễn thành công tiếp tục đưa tên tuổi Trần Hảo nổi đình đám.
Hoàn thành xong vai diễn Điêu Thuyền trong Tam Quốc, Trần Hảo đột ngột rút lui khỏi làng giải trí vào năm 2010. Cô hạnh phúc với cuộc hôn nhân bí mật cùng Lưu Hải Phong - đại gia trong ngành tài chính. Tuy nhiên, Hải Phong từng trải qua cuộc hôn nhân đổ vỡ và có con riêng, nên mối quan hệ của cả hai từng gặp không ít lời bàn tán từ dư luận. Nhiều người cho rằng Trần Hảo kết hôn chỉ vì tiền.
Trần Hảo rút khỏi làng giải trí sau khi kết hôn.
Sau đám cưới, mỹ nhân đình đám hạn chế tham gia showbiz để tập trung lo cho gia đình. Cô sinh 3 người con gồm hai gái và một trai. Ngoài ra, nữ diễn viên cũng trở thành nhà đầu tư có tiếng trên sàn chứng khoán.
Chia sẻ về việc kết hôn, Trần Hảo từng nói cô luôn cảm thấy bản thân là người phụ nữ độc lập trong công việc. Ngay từ khi còn nhỏ, cô được dạy “bất kỳ lúc nào cũng phải dựa vào chính mình, không nên ỷ lại vào người khác”.
Năm 2019, Trần Hảo trở thành giảng viên của trường Học viện Hý kịch trung ương Trung Quốc, lọt top những giảng viên đẹp nhất Trung Quốc. Theo truyền thông xứ Trung, Trần Hảo đi dạy vì sự tận tâm với nghề, bởi mức lương cô nhận được chỉ khoảng 10.000 (hơn 35 triệu đồng/tháng). Ngoài ra, người đẹp còn giữ chức Phó chủ tịch Hiệp hội Diễn viên truyền hình Trung Quốc.
Trần Hảo vẫn trẻ đẹp ở tuổi U50 dù đã dừng hoạt động nghệ thuật.
Sau một thời gian dài vắng bóng, năm 2021, cô bày tỏ mong muốn trở lại làng giải trí. Cô tái xuất trong dự án mang tênCông huân, đóng cặp cùng Huỳnh Hiểu Minh sau gần 6 năm rời xa màn ảnh để làm vợ, làm mẹ.
Trần Hảo thừa nhận không hối hận khi rút khỏi làng giải trí khi đang nổi tiếng. Cô cho rằng mỗi độ tuổi có một nhiệm vụ khác nhau. Cô từng nói muốn kết hôn sinh con trước tuổi 30, vì cô khao khát một ngôi nhà ấm áp, có người luôn đợi mình trở về.
Có sự nghiệp ổn định, gia đình giàu có và hạnh phúc, Trần Hảo cũng được xem là giai nhân viên mãn hiếm có của showbiz Hoa ngữ.
Thị trường lao động thay đổi chóng mặt, để tồn tại, con người cần học tập suốt đời. Trong bối cảnh đó, tạp chí Tri Thức - Znews giới thiệu tới độc giả cuốnHọc tập suốt đờicủa tác giả Michelle R.Weise.
Tác phẩm cung cấp cho độc giả những đánh giá về thị trường lao động tương lai, những giải pháp cho nhu cầu vừa học vừa làm đang ngày một tăng, cùng với đó là đưa ra những cách kết nối để quá trình chuyển đổi “học-làm” diễn ra thuận lợi hơn. Từ đó, tác giả nêu lên vai trò của việc học tập suốt đời.

Mệnh danh là ""Tiểu Long Nữ xấu nhất màn ảnh"" nhưng nữ diễn viên này giờ đây sở hữu ngoại hình ngày càng xinh đẹp và cuốn hút.
10:48 25/11/2025"
https://znews.vn/yeu-to-nao-quyet-dinh-tri-thong-minh-cua-ban-post1608847.html,Yếu tố nào quyết định trí thông minh của bạn?,IQ luôn là chủ đề gây tranh luận. Nhiều nghiên cứu liên tục đưa ra minh chứng về cách trí thông minh được hình thành và phát triển ở con người.,"IQ là thang đo năng lực nhận thức của con người, được tính bằng cách lấy tuổi trí tuệ chia cho tuổi thực rồi nhân với 100. Ảnh minh hoạ:Khương Nguyễn.
IQ, hay chỉ số thông minh, là thang đo thể hiện năng lực nhận thức của một người so với nhóm tuổi tương ứng. Khái niệm này được nhà tâm lý học người Đức William Stern đưa ra từ đầu thế kỷ 20. Chỉ số IQ truyền thống được tính bằng cách lấy tuổi trí tuệ chia cho tuổi thực rồi nhân với 100.
Ngày nay, các bài kiểm tra IQ được thiết kế nhằm đánh giá nhiều nhóm năng lực như tư duy logic, giải quyết vấn đề, trí nhớ hay khả năng ngôn ngữ. Điểm số được chuẩn hóa để có thể so sánh giữa các nhóm tuổi khác nhau.
Năm 2024, một nghiên cứu về các cặp song sinh được công bố trênPediatricscho thấydi truyềnđóng vai trò quan trọng trong việc hình thành IQ, thậm chí có thể tác động lớn hơn môi trường.
Tính di truyền của trí tuệ được ước tính ở mức cao và tăng dần theo độ tuổi. Các yếu tố sinh học liên quan đến cấu trúc và chức năng não bộ cũng tạo nền tảng cho năng lực trí tuệ.
Tuy vậy,môi trường sốngvẫn là yếu tố tác động mạnh. Những điều kiện như dinh dưỡng, kinh tế - xã hội, khả năng tiếp cận giáo dục hay mức độ kích thích trí tuệ đều ảnh hưởng đến quá trình phát triển nhận thức. Cùng với đó, trải nghiệm giáo dục tốt, môi trường gia đình hỗ trợ và cơ hội học tập phong phú giúp gia tăng điểm số IQ.
Các nghiên cứu khác về những cặp song sinh cũng cho thấy di truyền có ảnh hưởng lớn nhưng không phải tuyệt đối. Sinh đôi cùng trứng không phải lúc nào cũng có điểm số giống hệt nhau bởi dữ liệu từ nghiên cứu trẻ nhận nuôi cho thấy môi trường có thể làm thay đổi đáng kể điểm IQ.
Trẻ từ gia đình có điều kiện kinh tế - xã hội thấp tăng trung bình 7,7 điểm IQ khi được nhận nuôi, trong khi trẻ vào gia đình có điều kiện tốt hơn tăng tới 19,5 điểm. Điều này khẳng định trí tuệ có khả năng phát triển khi điều kiện sống thay đổi.
Sự tương tác giữa gen và môi trường vẫn là chủ đề nghiên cứu mở. Tuy nhiên, giới khoa học đồng thuận rằng trí thông minh là kết quả của cả hai yếu tố và việc hiểu rõ sự kết hợp này giúp lý giải sự khác biệt IQ giữa các cá nhân cũng như tiềm năng phát triển nhận thức của mỗi người.
Quan trọng hơn, IQ không phải giá trị cố định và có thể thay đổi theo thời gian thông qua học tập và hoạt động trí tuệ.
Nhiều yếu tố tác động đến trí thông minh, trong đó di truyền và môi trường đóng vai trò quan trọng. Ảnh:Pexels.
Trong các thang đo phổ biến, điểm IQ trung bình được ấn định ở mức 100. thống kê của Đại học West Georgia (Mỹ), khoảng 68% dân số đạt điểm IQ từ 85 đến 115; 95% nằm trong ngưỡng 70-130 và chỉ khoảng 2,5% đạt trên 130.
Một điều cần lưu ý là IQ là phép đo tương đối, không phản ánh toàn diện trí tuệ con người. Điểm số IQ chỉ cho thấy khả năng của một cá nhân trong bài kiểm tra cụ thể và không bao quát được những yếu tố như động lực, sáng tạo hay trí tuệ cảm xúc.
Dù vậy, IQ vẫn được dùng trong giáo dục và tuyển dụng để đánh giá năng lực nhận thức và dự đoán hiệu suất công việc.
Hiện nay, những người có IQ từ 120 trở lên được xem là trên trung bình; trên 130 thuộc nhóm đặc biệt. Sách Kỷ lục Guinness từng ghi nhận Marilyn vos Savant đạt IQ 228 - mức điểm cao nhất được công bố.
Gần đây, nhiều trường hợp trẻ nhỏ sở hữu điểm số ấn tượng gây chú ý, ví dụ như Kashmea Wahi, bé gái 11 tuổi tại London (Anh), đạt điểm 162 trong một bài kiểm tra IQ, trở thành người trẻ nhất đạt mức hoàn hảo trên bài thi này.
Những trường hợp trên cho thấy trí thông minh tồn tại đa dạng và không chỉ được xác định bởi một thang đo. Sáng tạo, cảm xúc và kỹ năng thực tiễn cũng là những thành tố quan trọng của trí tuệ con người.
Trong nhiều thập kỷ, giới khoa học ghi nhận hiện tượng điểm IQ tăng đều đặn theo thời gian, gọi là hiệu ứng Flynn. Từ đầu thế kỷ 20, điểm các bài kiểm tra IQ tăng trung bình 3 điểm mỗi thập kỷ. Điều này đồng nghĩa rằng một người đạt mức điểm giống nhau ở hiện tại sẽ có chỉ số IQ cao hơn so với người làm bài thi cách đây nhiều năm.
Nhìn chung, các nhà khoa học nhận định sự cải thiện dinh dưỡng, giáo dục, công nghệ và môi trường sống được cho là nguyên nhân chính thúc đẩy xu hướng này. Nghiên cứu ở nhiều quốc gia và tầng lớp xã hội cũng cho thấy cùng một quy luật rằng thế hệ sau có khả năng nhận thức tốt hơn thế hệ trước.
Điều quan trọng là chúng ta cần nhớ rằng hiệu ứng Flynn không giới hạn ở một khu vực hay nhóm nhân khẩu học cụ thể nào. Hiện tượng này được quan sát ở nhiều quốc gia và trong nhiều tầng lớp kinh tế - xã hội. Tuy nhiên, tốc độ tăng có thể khác nhau giữa các nhóm dân cư.
Thị trường lao động thay đổi chóng mặt, để tồn tại, con người cần học tập suốt đời. Trong bối cảnh đó, tạp chí Tri Thức - Znews giới thiệu tới độc giả cuốnHọc tập suốt đờicủa tác giả Michelle R.Weise.
Tác phẩm cung cấp cho độc giả những đánh giá về thị trường lao động tương lai, những giải pháp cho nhu cầu vừa học vừa làm đang ngày một tăng, cùng với đó là đưa ra những cách kết nối để quá trình chuyển đổi “học-làm” diễn ra thuận lợi hơn. Từ đó, tác giả nêu lên vai trò của việc học tập suốt đời.

Theo các nghiên cứu, thời tiết và môi trường có thể tác động đến trí tuệ của trẻ. Những đứa trẻ sinh vào các tháng sau có thể có khả năng tư duy vượt trội hơn.
07:57 2/12/2025"
https://znews.vn/10-con-trung-co-noc-doc-manh-nhat-the-gioi-post1608757.html,10 côn trùng có nọc độc mạnh nhất thế giới,"Những loài côn trùng nhỏ bé như bọ chét, kiến lửa, ong bắp cày, sâu bướm tưởng vô hại lại chứa lượng nọc độc lớn và khả năng truyền bệnh nguy hiểm.","Ong bắp cày khổng lồ châu Á:Ong bắp cày lớn nhất thế giới này là loài côn trùng có nọc độc mạnh đến mức làm tan mô và gây tổn thương hệ thần kinh, theoIndia Times. Một vết chích gây đau dữ dội, nhưng nhiều vết chích có thể dẫn đến suy nội tạng hoặc tử vong, đặc biệt là đối với những người bị dị ứng. Những con ong bắp cày này rất hung dữ khi bảo vệ tổ và có thể đuổi theo mối đe dọa một khoảng cách xa. Ảnh:Nature History Musemum.
Kiến viên đạn:Được biết đến là loài côn trùng có nọc độc gây đau đớn nhất, kiến ​​viên đạn chứa độc tố thần kinh poneratoxin, có thể gây đau rát hàng giờ liền và tê liệt tạm thời. Mặc dù nọc độc của kiến ​​viên đạn hiếm khi gây tử vong, chúng có thể gây sốc, sưng tấy và đau dữ dội. Người bị dị ứng có thể gặp nguy cơ sốc phản vệ, và gặp nguy hiểm nếu bị đốt quá nhiều nốt. Kiến viên đạn thường sinh sống trong các khu rừng mưa nhiệt đới Trung và Nam Mỹ. Ảnh:Britannica.
Kiến lửa:TheoHow Stuff Works,kiến lửa tiêm nọc độc qua những vết đốt lặp đi lặp lại, gây đau rát, phồng rộp mủ và ngứa dữ dội. Trong trường hợp nghiêm trọng, nhiều vết đốt hoặc phản ứng dị ứng (sốc phản vệ) có thể dẫn đến nhập viện hoặc thậm chí tử vong. Chúng rất hung dữ và tấn công theo đàn khi tổ của chúng bị tác động. Ảnh:Living Well.
Kiến gặt Moricopa:Loài kiến ​​này sản sinh ra một trong những loại nọc độc nhất được biết đến trong số các loài côn trùng. TheoPopular Science,nghiên cứu của Đại học Florida đã chỉ ra loài kiến ​​này có nọc độc côn trùng độc nhất thế giới - mạnh hơn khoảng 20 lần so với nọc độc của ong mật. Một vết đốt đơn lẻ gây đau đớn và sưng tấy dữ dội, trong khi nhiều vết đốt có thể dẫn đến các phản ứng toàn thân nghiêm trọng. Nọc độc của nó đủ mạnh để giết chết một con chuột chỉ với vài vết đốt. Ảnh:Inaturalist.
Sâu bướm sát thủ:Sâu bướm sát thủ trông có vẻ vô hại, nhưng những chiếc gai độc của nó chứa độc tố gây cản trở quá trình đông máu. Tiếp xúc sâu bướm sát thủ có thể dẫn đến xuất huyết nội, suy nội tạng và thậm chí tử vong. Một số trường hợp tử vong ở người đã được ghi nhận ở Brazil. Nguy hiểm tăng lên khi chẳng may chạm vào loài sâu bướm này trên thân cây. Ảnh:Shutterstock.
Bọ xít hút máu:Đây là loài côn trùng có nọc độc khác cực kỳ nguy hại. Bọ xít hút máu người vào ban đêm, thường cắn gần miệng hoặc mắt. Vết cắn của chúng có thể truyền Trypanosoma cruzi, ký sinh trùng gây bệnh Chagas, gây tổn thương tim và hệ tiêu hóa. Bệnh có thể âm thầm trong nhiều năm trước khi gây nguy hiểm đến tính mạng. Chủ yếu được tìm thấy ở châu Mỹ, chúng gây ra nguy cơ nghiêm trọng cho sức khỏe cộng đồng. Ảnh:CDPH.
Ong mật châu Phi:Những con ong lai này cực kỳ hung dữ và di chuyển theo đàn rất nhanh. Mặc dù mỗi vết đốt không độc hơn ong thường, hàng trăm vết đốt cùng lúc có thể gây suy hô hấp hoặc ngừng tim. Chúng đặc biệt nguy hiểm khi có thể săn đuổi theo những mối đe dọa tiềm ẩn một khoảng cách xa. Đàn ong mật châu Phi thường phản ứng dữ dội kể cả với tác động nhỏ. Ảnh:CNN.
Bọ chét:Đây là loài ký sinh trùng nhỏ xíu, có thể nhảy và hút máu. Tuy vết cắn của chúng gây ngứa và kích ứng, mối nguy hiểm thực sự nằm ở những căn bệnh chúng lây lan - đáng chú ý nhất là bệnh dịch hạch đã cướp đi sinh mạng của hàng triệu người trong lịch sử. Chúng cũng có thể truyền bệnh sốt phát ban và sán dây. Cho đến ngày nay, bọ chét vẫn là loài gây hại nghiêm trọng trong điều kiện mất vệ sinh. Ảnh:EcoGuard Pest.
Bọ cánh cứng phồng rộp:Bọ cánh cứng tiết ra loại hóa chất gọi là cantharidin, có thể gây phồng rộp da nghiêm trọng và tổn thương da khi tiếp xúc. Nếu vô tình nuốt phải (thường là do ăn phải cây trồng bị nhiễm độc), cantharidin sẽ gây tổn thương hệ thống nội tạng và có thể gây tử vong. Đối với người nông dân, bọ cánh cứng được coi là rất nguy hiểm đối với gia súc, đặc biệt là ngựa. Ảnh:Morning Chores.
Ruồi Tsetse (Xê xê):Ruồi Tsetse phân bố khắp vùng hạ Sahara châu Phi và truyền bệnh ngủ châu Phi, bệnh ký sinh trùng tấn công hệ thần kinh. Triệu chứng đầu tiên của ký sinh trùng là sốt và mệt mỏi; nếu không được điều trị, ký sinh trùng cuối cùng sẽ dẫn đến hôn mê và tử vong. Vết cắn của ruồi Tsetse rất đau; tuy nhiên, nhiều người có thể tiếp tục sinh hoạt mà không hề hay biết mình đã bị cắn cho đến khi các triệu chứng bệnh trở nên nghiêm trọng. Ảnh:HowStuffWorks.
Thị trường lao động thay đổi chóng mặt, để tồn tại, con người cần học tập suốt đời. Trong bối cảnh đó, tạp chí Tri Thức - Znews giới thiệu tới độc giả cuốnHọc tập suốt đờicủa tác giả Michelle R.Weise.
Tác phẩm cung cấp cho độc giả những đánh giá về thị trường lao động tương lai, những giải pháp cho nhu cầu vừa học vừa làm đang ngày một tăng, cùng với đó là đưa ra những cách kết nối để quá trình chuyển đổi “học-làm” diễn ra thuận lợi hơn. Từ đó, tác giả nêu lên vai trò của việc học tập suốt đời.

Rắn, voi, cá, chó, mèo là một số loài động vật có khả năng dự đoán thiên tai như động đất, sóng thần. Chúng thường có những hành động kỳ lạ ngay trước khi thảm họa xảy ra.
06:14 5/12/2025"
https://znews.vn/doanh-nghiep-va-the-he-thuc-tap-sinh-khong-con-goi-da-bao-vang-post1608805.html,"Doanh nghiệp và thế hệ thực tập sinh không còn gọi dạ, bảo vâng","Các doanh nghiệp công nhận nhiều thực tập sinh, sinh viên mới ra trường có năng lực làm việc tốt song không ít người có thái độ chưa phù hợp.","Nhiều sinh viên thực tập được đánh giá có năng lực, nhưng còn ngang bướng, tác phong chưa phù hợp. Ảnh minh hoạ:Phương Lâm.
“Công ty tôi từng có một sinh viên thực tập thường xuyên biến mất không thông báo, nhưng cứ gọi vào góp ý lại khóc. Công ty đau đầu, giảng viên giới thiệu cũng rất khó xử”.
Khi được hỏi về các đợt nhận sinh viên thực tập theo giới thiệu của trường đại học, bà Minh Hằng, quản lý nhân sự của một công ty truyền thông tại TP.HCM, lại cảm thấy bế tắc vì cá nhân từng gặp nhiều sinh viên có thái độ làm việc không phù hợp.
Chia sẻ vớiTri Thức - Znews, bà Hằng cho biết mỗi năm, công ty bà sẽ có 2 đợt tuyển sinh viên kiến tập, thực tập nghề nghiệp, chủ yếu là sinh viên đến từ các trường đại học có mối quan hệ hợp tác với công ty.
Trước đợt thực tập, sinh viên đã được đào tạo, thực hành nhiều kỹ năng tại trường nên nắm bắt công việc khá nhanh, thậm chí nhiều em bộc lộ tiềm năng làm việc tốt, khả năng sáng tạo không thua kém nhân viên chính thức.
Công ty làm việc trong mảng truyền thông, đòi hỏi kỹ năng đa tác vụ như viết, thiết kế, quay chụp, nhiều sinh viên thực tập đáp ứng tốt, thậm chí thành thạo loạt bộ công cụ phục vụ cho công việc.
Cá nhân bà Hằng đánh giá cao điểm này và tin rằng đây là một trong những thế mạnh của sinh viên Gen Z - điều mà nhiều nhân sự Gen Y, Gen X có thể không bắt kịp.
Tương tự, bà Phạm Thị Tịnh, Trưởng phòng Hành chính Nhân sự, Công ty Cổ phần quốc tế Nam Thành, cho biết hàng năm, công ty vẫn tuyển thực tập sinh, sinh viên mới ra trường.
Đối tượng chủ yếu là những bạn ở độ tuổi 18-22, chưa có quá nhiều kinh nghiệm. Dù vậy, đa số đều có thái độ và tinh thần tốt, chủ động trong công việc, có thái độ cầu tiến, không ngại va chạm và học hỏi. So với thế hệ trước, các bạn dễ thích ứng hơn, không bảo thủ.
Sinh viên thực tập nắm kiến thức tốt, có khả năng sáng tạo và chủ động tìm hiểu công việc. Ảnh:Phương Lâm.
Cùng với đó, các bạn nắm bắt kiến thức nền khá vững, đặc biệt ở những ngành nghề được cập nhật liên tục hiện nay như marketing, phân tích dữ liệu… Các sinh viên cũng chủ động tìm hiểu trước công việc qua mạng xã hội, các khóa học online, hội nhóm nên không khó để bắt nhịp.
Ngoài ra, về mặt kỹ năng, bà Tịnh nhìn nhận hiện nay, giới trẻ thành thạo công nghệ số, tốc độ làm quen với các công cụ mới rất nhanh, kỹ năng tự học, tìm kiếm thông tin của các em rất tốt.
Bà lấy ví dụ về một thực tập sinh năm 3 ở vị trí marketing. Dù chưa phải nhân viên chính thức, bạn này đã mạnh dạn đề xuất chạy thử một chiến dịch TikTok Ads chi phí thấp để kiểm thử thị trường. Kết quả mang về hơn 300 khách hàng tiềm năng chỉ trong một tuần.
Dù vậy, bà Tịnh không phủ nhận việc thực tập sinh hay sinh viên mới ra trường vẫn còn thiếu sót. Vị trưởng phòng vẫn bắt gặp một số bạn thường xuyên đi làm muộn, nghỉ không báo trước hoặc làm việc theo cảm hứng.
Cùng với đó, nhiều cá nhân thiếu kỹ năng giao tiếp, ví dụ đến văn phòng không chào hỏi đồng nghiệp hoặc quản lý một cách rõ ràng, viết email chưa chuyên nghiệp, trao đổi dễ hiểu nhầm.
“Khi được góp ý, các em dễ tự ái, nghĩ là sếp không thích, sếp chèn ép…”, bà Hằng phân tích.
Khác biệt thế hệ đôi khi gây ra mâu thuẫn giữa sinh viên thực tập và doanh nghiệp. Ảnh:Phương Lâm.
Tuy nhiên, dưới góc nhìn hành chính nhân sự, cả hai quản lý cho rằng sự thiếu chuyên nghiệp trên đa phần xuất phát từ thiếu trải nghiệm thực tế hoặc chưa được hướng dẫn, chứ không phải hành động cố tình. Bên cạnh đó, nguyên nhân sâu xa hơn là do sự khác biệt thế hệ, dẫn đến hiểu nhầm về thái độ,
Bà Hằng chỉ ra các thế hệ trước luôn được khen là “ngoan, gọi dạ bảo vâng” vì họ chưa có nhiều lựa chọn nghề nghiệp. Sự ổn định trong sự nghiệp là ưu tiên hàng đầu nên nhiều người sẵn sàng “ngậm bồ hòn làm ngọt” để yên ổn thực tập, sau đó được tuyển dụng.
Thế hệ ngày nay lại khác. Các bạn trẻ có nhiều lựa chọn nghề nghiệp, đồng thời không bị ràng buộc với những định kiến về sự ổn định nên phong cách làm việc đôi khi tự do hơn. Nhưng sự tự do đó lại không “được lòng” những nhà quản lý khác thế hệ.
Để thực tập sinh hay sinh viên mới ra trường hòa nhập và phát triển tốt hơn trong môi trường doanh nghiệp, bà Tịnh khuyên các bạn cần chăm chỉ hơn người khác 20% trong 6 tháng đầu tiên. Theo bà, đây là “giai đoạn vàng” để gây ấn tượng. Sự chăm chỉ sẽ bù được phần lớn thiếu sót của nhân sự mới.
Trưởng phòng này gợi ý 4 kỹ năng quan trọng cần tập trung phát triển gồm tư duy giải quyết vấn đề, quản lý thời gian, làm việc nhóm và sử dụng công nghệ. Ngoài ra, các bạn cũng cần học cách giao tiếp chuyên nghiệp, chủ động trong công việc, xây dựng thái độ tốt.
Ngược lại, bà Tịnh cho rằng phía doanh nghiệp cũng cần thay đổi để phù hợp và phát huy tối đa tiềm năng của lao động Gen Z. Cụ thể, doanh nghiệp cần xây dựng môi trường minh bạch, cởi mở bởi Gen Z muốn được lắng nghe, trao đổi hai chiều và không thích áp đặt.
Cùng với đó, đơn vị cần đào tạo bài bản ngay từ đầu để sinh viên nhanh hòa nhập, giảm sai sót và tăng hiệu quả. Theo bà, Gen Z làm tốt khi biết rõ mục tiêu, kỳ vọng, tiêu chí đánh giá, khen thưởng, vì vậy, doanh nghiệp hãy phân công công việc có mục tiêu rõ ràng.
Thị trường lao động thay đổi chóng mặt, để tồn tại, con người cần học tập suốt đời. Trong bối cảnh đó, tạp chí Tri Thức - Znews giới thiệu tới độc giả cuốnHọc tập suốt đờicủa tác giả Michelle R.Weise.
Tác phẩm cung cấp cho độc giả những đánh giá về thị trường lao động tương lai, những giải pháp cho nhu cầu vừa học vừa làm đang ngày một tăng, cùng với đó là đưa ra những cách kết nối để quá trình chuyển đổi “học-làm” diễn ra thuận lợi hơn. Từ đó, tác giả nêu lên vai trò của việc học tập suốt đời.

Trước khi sinh viên tiếp xúc với môi trường làm việc, các nhà trường, giảng viên phải dặn dò kỹ lưỡng, đề phòng trường hợp sinh viên gặp xung đột với doanh nghiệp.
19:17 4/12/2025"
https://znews.vn/tiktoker-chup-anh-phan-cam-tai-nha-hat-lon-hai-phong-post1608887.html,TikToker chụp ảnh phản cảm tại Nhà hát Lớn Hải Phòng,Đại học Thăng Long (Hà Nội) cho biết TikToker Khuê Phạm không còn là sinh viên của trường. Cô bị buộc cho thôi học từ tháng 10/2024 do quá thời hạn hoàn thành chương trình đào tạo.,"Hình ảnh do Khuê Phạm đăng tải.
Tiktoker Khuê Phạm nhận chỉ trích từ cộng đồng mạng khi ghép ảnh tạo dáng phản cảm tại Nhà hát LớnHải Phòng(Nhà hát Thành phố) - công trình có ảnh chân dung Chủ tịch Hồ Chí Minh treo trang trọng ở mặt tiền.
Khuê đăng tải bức ảnh lên tài khoản Threads, Instagram và Facebook cá nhân. Khi được cộng đồng mạng bình luận nhắc nhở nên xóa ảnh, cô từ chối.
Hiện, Khuê đã xóa ảnh và lên bài xin lỗi. TikToker khẳng định ""không có ý xúc phạm ai và cũng không có ý định cãi hay ngụy biện cho bản thân"". Cô cũng bày tỏ sự hối hận và mong được cộng đồng mạng tha thứ. Hiện tại, Khuê đã khóa bình luận tài khoản TikTok của mình.
Tuy nhiên, TikToker vẫn không tránh khỏi cơn mưa chỉ trích từ cộng đồng mạng. Đa số ý kiến đều cho rằng hành động này là thiếu ý thức nghiêm trọng. Nhiều tài khoản lan truyền thông tin cô gái này là nữ sinh Đại học Thăng Long (Hà Nội) và Đại học Hà Nội.
Trước sự việc trên, Đại học Thăng Long chính thức lên tiếng. Nhà trường khẳng định thông tin ""nữ sinh Đại học Thăng Long có hành vi không phù hợp với chuẩn mực thuần phong mỹ tục"" là không chính xác.
Cá nhân được nhắc đến từng là sinh viên khóa 29. Tuy nhiên, nhà trường đã ban hành quyết định buộc thôi học đối với cá nhân này từ ngày 1/10/2024 do quá thời hạn 8 năm hoàn thành chương trình đào tạo.
""Hiện tại, cá nhân này không còn là sinh viên Đại học Thăng Long và không thuộc sự quản lý hay giáo dục của nhà trường"", nhà trường khẳng định.
Nhà trường đề nghị cán bộ, giảng viên, sinh viên, học viên, cựu sinh viên và dư luận chủ động tiếp nhận thông tin từ các nguồn chính thống, không chia sẻ hay lan truyền các nội dung không được kiểm chứng từ những kênh không chính thức.
Thông tin thêm, Đại học Thăng Long cho biết nhiều năm qua, trường đã triển khai và phổ biến bộ quy tắc ứng xử của sinh viên trong cuộc sống nói chung và trên không gian mạng nói riêng ngay từ thời điểm sinh viên nhập học.
Nhà trường kỳ vọng rằng mỗi sinh viên sẽ ứng xử một cách văn minh, tôn trọng pháp luật, luôn có ý thức trách nhiệm với hành động và phát ngôn của mình.
Những cuốn sách dành cho người đứng trước cánh cửa nghề nghiệp
Mục Giáo dục giới thiệu đến bạn đọc một số cuốn sách về chủ đề nghề nghiệp, hướng nghiệp, dành cho những bạn trẻ đang băn khoăn trước cánh cửa nghề nghiệp hay người trưởng thành quan tâm đến sự biến đổi nghề nghiệp trong xã hội hiện đại.
Chiến đạogiống cuộc đối thoại, gợi mở các câu hỏi của cuộc đời, giúp người trẻ chủ động định hướng nghề nghiệp, kiến tạo tương lai.
Eight - 8 cách làm chủ trí thông minh nhân tạo: “Đa số công việc mà công viên chức đang phụ trách cuối cùng đều sẽ bị thay thế bởi trí thông minh nhân tạo"", cuốn sách này sẽ giải đáp câu hỏi đó.

Một bà mẹ đăng đàn ""chê bai"" bim bim, bánh kẹo con được tặng là đồ ăn công nghiệp, kém lành mạnh. Điều này đã nhận về nhiều tranh cãi và chỉ trích.
09:32 25/11/2025"
https://znews.vn/10-cong-viec-luong-cao-tang-nhanh-trong-10-nam-toi-post1607401.html,"10 công việc lương cao, tăng nhanh trong 10 năm tới","Loạt nghề thuộc lĩnh vực y tế, công nghệ và năng lượng tái tạo được dự báo tăng trưởng mạnh, mang lại mức lương từ 50.000 đến hơn 130.000 USD mỗi năm.","Nhiều công việc với mức lương cao được dự đoán tăng trưởng nhanh tại Mỹ trong thập kỷ tới. Ảnh:Phương Lâm.
Những công việc lương cao, tăng trưởng nhanh trong 10 năm tới đã được Cục Thống kê Lao động Mỹ (BLS) dự đoán. Cụ thể, theo báo cáo dự báo việc làm mới nhất, dù tăng trưởng việc làm chậm hơn so với thập niên trước, kinh tế Mỹ vẫn được dự báo bổ sung khoảng 5,2 triệu việc làm trong giai đoạn 2024-2034, tương đương mức tăng 3,1%.
BLS cho biết hai nhóm ngành tăng trưởng mạnh nhất đến năm 2034 gồm y tế - hỗ trợ xã hội và dịch vụ chuyên môn, khoa học và kỹ thuật, với tốc độ tăng lần lượt 8,4% và 7,5%.
Trong các lĩnh vực này, những nhóm nghề tăng nhanh nhất làhỗ trợ y tế, bao gồm điều dưỡng nâng cao, trợ lý bác sĩ, cùng với đó là nhóm máy tính và toán học như khoa học dữ liệu hay chuyên viên an ninh mạng. Hai nhóm được dự báo tăng trưởng tương ứng mức 12,4% và 10,1%.
Các công việc chăm sóc sức khoẻ được dự đoán tăng trưởng mạnh vì nhu cầu tại Mỹ ngày càng cao. Ảnh:Pexels.
Bà Emily Krutsch, đại diện Cục Thống kê Lao động Mỹ, cho biết ngành y tế tăng mạnh chủ yếu do dân số Mỹ đang già hóa. Nhóm dân số lớn tuổi sẽ cần nhiều dịch vụ chăm sóc, hỗ trợ hơn. Trong khi đó, các nghề thuộc lĩnh vực máy tính và toán học trở nên quan trọng hơn khi công nghệ AI phát triển mạnh.
“Chúng tôi dự đoán nhu cầu tuyển dụng sẽ tăng đối với các vị trí tham gia phát triển, thử nghiệm và triển khai những công cụ này”, bà Krutsch nói vớiCNBC, đồng thời thông tin nghềphân tích an ninh thông tinsẽ tăng mạnh do nhu cầu bảo vệ dữ liệu và xây dựng hệ thống bảo mật ngày càng lớn.
Tuy vậy, bà Krutsch nhấn mạnh tốc độ tăng trưởng không phải là yếu tố duy nhất cần xem xét. Chẳng hạn, kỹ thuật viên tuabin gió và lắp đặt điện mặt trời là hai nghề có tốc độ tăng nhanh nhất, song tổng số việc làm mới của cả hai chỉ dưới 20.000 vào năm 2034.
“Tăng nhanh không đồng nghĩa tạo ra nhiều việc làm vì đôi khi quy mô nghề rất nhỏ”, bà nói.
Dựa trên dữ liệu của BLS, dưới đây là danh sách 10 nghề có tốc độ tăng trưởng nhanh nhất tại Mỹ, tính đến năm 2034.
Kỹ thuật viên tuabin gió
Thị trường lao động thay đổi chóng mặt, để tồn tại, con người cần học tập suốt đời. Trong bối cảnh đó, tạp chí Tri Thức - Znews giới thiệu tới độc giả cuốnHọc tập suốt đờicủa tác giả Michelle R.Weise.
Tác phẩm cung cấp cho độc giả những đánh giá về thị trường lao động tương lai, những giải pháp cho nhu cầu vừa học vừa làm đang ngày một tăng, cùng với đó là đưa ra những cách kết nối để quá trình chuyển đổi “học-làm” diễn ra thuận lợi hơn. Từ đó, tác giả nêu lên vai trò của việc học tập suốt đời.

Người hướng nội có thể lựa chọn những công việc mang tính độc lập hoặc làm từ xa, vừa đảm bảo năng lượng làm việc mà vẫn có thể nhận mức lương ổn định.
06:31 28/9/2025"
https://znews.vn/tre-dung-dien-thoai-truoc-12-tuoi-de-tram-cam-beo-phi-post1608792.html,"Trẻ dùng điện thoại trước 12 tuổi dễ trầm cảm, béo phì",Một nghiên cứu mới tại Mỹ chỉ ra rằng việc cho trẻ dùng điện thoại di động trước năm 12 tuổi có thể gây ra nhiều tác động xấu đến sức khỏe.,"Trẻ dùng điện thoại sớm có thể bị ảnh hưởng đến giấc ngủ. Ảnh:Pexels.
Độ tuổi nào được xem là “phù hợp” để mua cho con một chiếc điện thoại thông minh?
Đây là câu hỏi khiến nhiều phụ huynh trăn trở khi phải cân nhắc giữa lời nài nỉ của con trẻ bước vào tuổi teen và cảnh báo của các nhà nghiên cứu về những rủi ro từ việc sử dụng điện thoại liên tục. Mới đây, một nghiên cứu được công bố đã củng cố lập luận rằng phụ huynh nên hoãn thời điểm mua điện thoại cho con.
Nghiên cứu đăng trên tạp chíPediatricsvào ngày 1/12 cho thấy trẻ sở hữu điện thoại thông minh khi mới 12 tuổi có nguy cơ cao mắc trầm cảm, béo phì và thiếu ngủ hơn so với nhóm chưa dùng.
Kết luận này được rút ra từ dữ liệu của hơn 10.500 trẻ trong Nghiên cứu Phát triển Nhận thức Não bộ Thanh thiếu niên - dự án dài hạn lớn nhất tại Mỹ về phát triển não trẻ em. Kết quả cho thấy trẻ dưới 12 tuổi càng được tiếp cận điện thoại thông minh sớm thì nguy cơ béo phì và ngủ kém càng tăng.
Nhóm nghiên cứu cũng phân tích một nhóm trẻ chưa dùng điện thoại ở tuổi 12 và ghi nhận rằng sau một năm, những trẻ bắt đầu sử dụng điện thoại có nhiều biểu hiện tiêu cực về sức khỏe tâm thần và giấc ngủ hơn so với nhóm chưa dùng.
“Khi trao cho con một chiếc điện thoại, phụ huynh cần xem đó là yếu tố có tác động lớn đến sức khỏe của trẻ và cần hành xử tương ứng”, TS.BS Ran Barzilay, tác giả chính của nghiên cứu, nhấn mạnh.
Trẻ dùng điện thoại quá sớm có xu hướng ít giao tiếp, tập thể dục và ngủ. Ảnh:Pexels.
Một điều cần lưu ý thêm là nghiên cứu mới chỉ ra mối liên hệ giữa việc dùng điện thoại thông minh sớm và các vấn đề sức khỏe, chứ không chứng minh quan hệ nhân quả.
Tuy vậy, nhóm tác giả dẫn lại nhiều nghiên cứu trước cho thấy trẻ có điện thoại thông minh có xu hướng dành ít thời gian giao tiếp trực tiếp, tập thể dục và ngủ, trong khi đây đều là những yếu tố then chốt với sự phát triển.
Các nhà nghiên cứu đều cho rằng tuổi vị thành niên là giai đoạn nhạy cảm, những thay đổi nhỏ về giấc ngủ hay sức khỏe tâm thần cũng có thể để lại hệ quả dài lâu.
TS Barzilay hiện có 3 con, trong đó 2 trẻ đã được dùng điện thoại trước năm 12 tuổi. Với người con út mới 9 tuổi, ông khẳng định con sẽ không được dùng điện thoại cho đến khi bước qua tuổi 12.
Ông cũng khuyến nghị phụ huynh xem xét kỹ các dữ liệu mới về nguy cơ của việc dùng điện thoại sớm trước khi quyết định thời điểm cho phép con sử dụng.
“Kết quả nghiên cứu của chúng tôi không đồng nghĩa với việc mọi đứa trẻ có điện thoại thông minh đều sẽ gặp vấn đề cả đời. Nhưng nó cho thấy phụ huynh và cả các nhà hoạch định chính sách, xã hội cần cùng nhau hành động"", ông nói.
Cách ly điện thoại khi con đi ngủ là cách để giảm tác động xấu, nhưng cách này rất khó thực hiện. Ảnh:Pexels.
Dù còn nhiều tranh luận về tác động của điện thoại thông minh, hầu hết chuyên gia đều đồng thuận rằng thiết bị điện tử có thể khiến trẻ ngủ không đủ giấc.
TS.BS Jason Nagata tại Đại học California, San Francisco, trích dẫn một nghiên cứu năm 2023 mà ông tham gia, trong đó nêu rằng 63% trẻ từ 11-12 tuổi có thiết bị điện tử trong phòng ngủ. Gần 17% trẻ cho biết các thông báo trên điện thoại ảnh hưởng đến giấc ngủ của các em.
Từ dẫn chứng này TS Nagata nhấn mạnh rằng việc cách ly điện thoại khỏi phòng ngủ của con là biện pháp đơn giản để giảm tác động tiêu cực khi trẻ đã được phép dùng điện thoại. Tuy nhiên, ông và nhiều chuyên gia thừa nhận rằng việc này không hề dễ dàng với nhiều gia đình.
Tương tự, giáo sư Jacqueline Nesi tại Đại học Brown lưu ý rằng nghiên cứu không chứng minh điện thoại thông minh là nguyên nhân trực tiếp gây hại. Hiện, giới khoa học rất khó đưa ra bằng chứng rõ ràng về mối quan hệ nhân quả trong chủ đề này dù kết quả nghiên cứu có thể khiến phụ huynh cân nhắc trì hoãn việc cho con dùng điện thoại khi có thể.
Tuy nhiên, nữ giáo sư tin rằng phụ huynh không cần đợi bằng chứng mà nên cho con dùng điện thoại khi cả cha mẹ và con cái đều đã sẵn sàng. Trong trường hợp cho con dùng điện thoại, cha mẹ cũng nên đặt giới hạn và áp dụng biện pháp để bảo vệ con.
Đưa ra đánh giá chung, tác giả chính của nghiên cứu, tiến sĩ Barzilay, cho biết nghiên cứu không nhằm khiến các phụ huynh đã cho con dùng điện thoại cảm thấy có lỗi. Ông cũng thừa nhận điện thoại thông minh hiện là một phần phổ biến trong đời sống thanh thiếu niên Mỹ. Theo ông, điều quan trọng là độ tuổi sẽ tạo ra sự khác biệt.
“Một đứa trẻ 12 tuổi rất khác so với đứa trẻ 16 tuổi. Sự khác biệt này không giống sự chênh lệch giữa một người trưởng thành 42 và 46 tuổi"", ông Barzilay nhấn mạnh.
Mục Giáo dục giới thiệu đến bạn đọc những cuốn sách nuôi dạy trẻ trong thời đại 4.0.
Cuốn sáchNuôi con 4.0 - Làm thế nào để trẻ không bị nghiện thiết bị công nghệ?của TS Shimi Kang (nhà khoa học, tâm lý học, chuyên gia giáo dục, tác giả của nhiều tựa sách bán chạy) được đánh giá là hữu ích cho các phụ huynh có con em nghiện sử dụng thiết bị điện tử.
TS Shimi Kang đưa ra hàng loạt dẫn chứng và phân tích khoa học về cách thức tác động của thiết bị công nghệ đến bộ não đang trong giai đoạn phát triển của trẻ. Sau đó, bà chỉ ra những tác động tiêu cực đến sức khỏe, hành vi và tính cách của trẻ.

Ở tuổi lên 3, Sarwagya Singh Kushwaha không có sở thích xem tivi hay chơi điện thoại. Cuộc sống của em hiện chỉ xoay quanh bộ môn yêu thích là cờ vua.
10:56 5/12/2025"
https://znews.vn/tranh-luan-de-xuat-mien-hoc-phi-cho-sinh-vien-y-khoa-post1608733.html,Tranh luận đề xuất miễn học phí cho sinh viên y khoa,"Đề xuất hỗ trợ học phí cho sinh viên y khoa thu hút nhiều ý kiến trái chiều, khi ""bài toán"" thiếu bác sĩ kéo dài nhiều năm đòi hỏi các giải pháp hiệu quả hơn.","Nhiều ý kiến cho rằng việc miễn học phí cho sinh viên Y khoa giúp tháo gỡ rào cản tiếp cận giáo dục và xây dựng đội ngũ bác sĩ chất lượng cho tương lai. Ảnh:VTC News.
Thảo luận về dự thảo Nghị quyết của Quốc hội liên quan các cơ chế đột phá cho công tác bảo vệ, chăm sóc và nâng cao sức khỏe nhân dân tại Quốc hội sáng ngày 2/12, nhiều đại biểu quan tâm đề nghị miễn học phí cho sinh viên y khoa, bởi thực tế hiện nay đào tạo bác sĩ thời gian dài, học phí cao, vượt khả năng của nhiều gia đình thu nhập trung bình, thấp.
Về vấn đề này, trao đổi vớiVTC News, ĐBQH Trần Khánh Thu (đoàn Hưng Yên) cho rằng đề xuất bổ sung sinh viên bác sĩ y khoa tại các cơ sở công lập vào nhóm đối tượng được hỗ trợ học phí trong thời gian đào tạo, kèm theo cam kết sau khi tốt nghiệp làm việc theo phân công của Nhà nước nhằm giải quyết bài toán thiếu nhân lực.
""Ngành bác sĩ y khoa tại các trường công lập luôn có điểm chuẩn ở mức cao nhất trong 10 năm qua. Thời gian học lại dài, mức học phí cao do các trường công lập hoạt động tự chủ tài chính, nguồn thu chủ yếu từ học phí. Học phí các trường đều cao, vượt khả năng của các gia đình có thu nhập trung bình thấp. Điều này trở thành rào cản đối với nhiều sinh viên muốn theo đuổi ngành y"", ĐBQH Khánh Thu bày tỏ.
Bà Thu dẫn báo cáo của Bộ Y tế cho thấy cả nước có 214 cơ sở đào tạo nhân lực y tế, trong đó 66 trường đại học (18 trường công lập đào tạo bác sĩ y khoa).
Năm 2024, gần 11.300 bác sĩ tốt nghiệp nhưng con số này vẫn “không đáng kể”, khi tổng nhân lực ngành y khoảng 431.700 người, thấp hơn nhiều so với mục tiêu 632.500 người theo quy hoạch nhân lực y tế giai đoạn 2011-2020.
Hiện, nhu cầu bác sĩ, đặc biệt tại tuyến y tế cơ sở đang ở mức cấp bách. Riêng hơn 3.300 trạm y tế xã trên toàn quốc cần từ 4-5 bác sĩ mỗi trạm từ nay đến năm 2030. ĐBQH Khánh Thu nói đây là lý do quan trọng để tính toán chính sách hỗ trợ học phí hiệu quả nhất.
ĐBQH Trần Khánh Thu đưa ra 3 đề xuất về hỗ trợ học phí cho sinh viên Y khoa, gồm: Miễn học phí cho sinh viên có hoàn cảnh khó khăn (đã được xác nhận đầy đủ); hỗ trợ 70% học phí cho sinh viên Y khoa tại trường công lập, tương tự cơ chế đang áp dụng với điều dưỡng, kỹ thuật viên hay xét nghiệm. Cuối cùng, cần làm rõ quy mô hỗ trợ, tránh gom chung mọi nhóm ngành y tế khiến tổng chi ngân sách của Nhà nước tăng quá cao.
ĐBQH Trần Khánh Thu (đoàn Hưng Yên). Ảnh:Quốc hội.
Trong khi đó, ông Phạm Văn Học, Chủ tịch Hội đồng thành viên, Tổng Giám đốc Hệ thống Y tế Hùng Vương, lại đánh giá đề xuất miễn học phí cho sinh viên Y khoa ""đi ngược"" cơ chế thị trường, có thể gây nhiều hệ lụy trong đào tạo.
Ông Học đưa ra 3 lý do chính. Thứ nhất, giáo dục - đào tạo trong bối cảnh kinh tế thị trường là loại hình dịch vụ, phải tuân thủ nguyên tắc bình đẳng giữa trường công - trường tư và giữa ngành Y với các ngành nghề khác. Việc quay lại tư duy bao cấp là không phù hợp, thậm chí làm chậm sự phát triển.
Thứ hai, chủ trương miễn học phí nghe đơn giản, nhưng việc triển khai lại phức tạp và nan giải. Nếu không thiết kế cơ chế phù hợp, có thể tạo tâm lý ỷ lại cho cả người học lẫn người dạy.
Ngoài ra, hàng loạt câu hỏi quan trọng vẫn chưa có lời giải: ""Miễn học phí đến mức nào?""; ""Chỉ miễn học phí hay miễn cả sinh hoạt phí như chi phí ăn ở, đi lại?""; ""Ai sẽ chịu trách nhiệm chi trả và giám sát nguồn kinh phí?"";...
Thứ ba, ông Học cho rằng không cần miễn học phí vì cơ chế xã hội tự điều tiết. Người yêu nghề Y sẽ tìm được cách vượt qua khó khăn để theo đuổi mục tiêu, chứ không phải bởi được miễn học phí mà yêu nghề hơn hay chuyển từ ngành khác sang ngành Y.
Giải thích về rủi ro, ông Phạm Văn Học đặt câu hỏi nếu sinh viên học được 2-3 năm rồi bỏ sẽ xử lý thế nào? Khi được “bao cấp học phí” và cam kết việc làm, động lực học tập và chất lượng đào tạo có thể bị ảnh hưởng.Sinh viêncó thể vừa học vừa chơi, miễn ra trường có việc, điều này ảnh hưởng trực tiếp đến chất lượng đội ngũ ngành Y. Trong khi, nếu sinh viên tự lo chi phí sẽ có động lực phấn đấu, rèn kỹ năng và mở rộng cơ hội việc làm, từ đó thu nhập cũng cao hơn.
Thực tế tại các trường công lập hiện nay, học phí sinh viên đóng chỉ là phần rất nhỏ trong tổng chi phí đào tạo. Phần lớn kinh phí do ngân sách Nhà nước chi trả.
Cơ sở vật chất, trang thiết bị và hệ thống đào tạo đều là tài sản công, nhưng khi tốt nghiệp, sinh viên không chịu bất kỳ ràng buộc nào và có thể lựa chọn làm việc tại bệnh viện công, bệnh viện tư hoặc ra nước ngoài. Do đó, cần luật hóa các gói đào tạo theo cơ chế “tính đúng, tính đủ”.
""Đơn cử như phí đào tạo bác sĩ đa khoa 6 năm khoảng1 tỷ đồng; chuyên khoa I khoảng 300 triệu đồng; chuyên khoa II khoảng 400 triệu đồng. Sinh viên có khả năng đóng đủ chi phí đào tạo được toàn quyền lựa chọn nơi làm việc sau khi tốt nghiệp. Ngược lại, sinh viên không có khả năng chi trả vẫn được đào tạo nhưng được ghi nợ học phí. Các trường đại học (cả công lập và tư thục) có quyền chưa cấp bằng nếu các em chưa hoàn tất nghĩa vụ tài chính"", ông Học đề xuất.
Khi các bệnh viện muốn nhận sinh viên, họ sẽ trả phần học phí còn nợ cho trường. Mức chi trả được phân theo kết quả học tập: Loại giỏi là1,3 tỷ đồng; loại khá là1,2 tỷ đồng; loại trung bình là1,1 tỷ đồng"".
Ông Học cho rằng cơ chế này có thể vừa tạo động lực cho sinh viên và giảng viên, vừa đảm bảo minh bạch và hiệu quả trong đào tạo Y khoa.
Thị trường lao động thay đổi chóng mặt, để tồn tại, con người cần học tập suốt đời. Trong bối cảnh đó, tạp chí Tri Thức - Znews giới thiệu tới độc giả cuốnHọc tập suốt đờicủa tác giả Michelle R.Weise.
Tác phẩm cung cấp cho độc giả những đánh giá về thị trường lao động tương lai, những giải pháp cho nhu cầu vừa học vừa làm đang ngày một tăng, cùng với đó là đưa ra những cách kết nối để quá trình chuyển đổi “học-làm” diễn ra thuận lợi hơn. Từ đó, tác giả nêu lên vai trò của việc học tập suốt đời.

Chính phủ nêu rõ việc duy trì kỳ thi tốt nghiệp THPT là phù hợp với yêu cầu quản lý chất lượng và bảo đảm công bằng trong giáo dục phổ thông.
15:46 4/12/2025"
https://znews.vn/le-khai-giang-kho-quen-cua-26-trieu-hoc-sinh-post1582867.html,Lễ khai giảng khó quên của 26 triệu học sinh,"Trong lễ khai giảng năm học 2025-2026, lần đầu tiên học sinh cả nước cùng hướng về đầu cầu Hà Nội, cùng chào cờ và hát vang Quốc ca.","“Sau 80 năm giời nô lệ làm cho nước nhà bị yếu hèn, ngày nay chúng ta cần phải xây dựng lại cơ đồ mà tổ tiên đã để lại cho chúng ta, làm sao cho chúng ta theo kịp các nước khác trên toàn cầu. Trong công cuộc kiến thiết đó, nước nhà trông mong chờ đợi ở các em rất nhiều. Non sông Việt Nam có trở nên tươi đẹp hay không, dân tộc Việt Nam có bước tới đài vinh quang để sánh vai với các cường quốc năm châu được hay không, chính là nhờ một phần lớn ở công học tập của các em”.
Sáng 5/9, những lời nhắn gửi đầy xúc động của Chủ tịch Hồ Chí Minh gửi đến các học sinh 80 năm trước một lần nữa được nhắc lại trong lễ khai giảng năm học mới 2025-2026.
Trong không khí trang nghiêm, nhiều cảm xúc, lời nhắn nhủ của Bác Hồ do Bộ trưởng Nguyễn Kim Sơn nhắc lại như con thoi thời gian, đưa học sinh, giáo viên cả nước trở lại 80 năm trước, khi nước ta vừa giành độc lập và bắt đầu công cuộc xây dựng nền giáo dục nước nhà.
80 năm trước, ngay sau khi nước Việt Nam Dân chủ Cộng hòa ra đời, đất nước đối diện muôn vàn khó khăn với thù trong giặc ngoài, kinh tế kiệt quệ, hơn 90% dân số mù chữ.
Thời điểm đó, nhiệm vụ cấp bách “diệt giặc dốt” được triển khai mạnh mẽ qua phong trào Bình dân học vụ, biến việc học chữ quốc ngữ thành nghĩa vụ bắt buộc và miễn phí cho toàn dân. Phong trào không chỉ xóa mù chữ cho hàng triệu người mà còn trở thành kênh tuyên truyền đường lối kháng chiến.
Song song, một nền giáo dục mới được hình thành với ba nguyên tắc: Dân tộc hóa, khoa học hóa và đại chúng hóa. Đỉnh cao là cuộc cải cách giáo dục năm 1950, thay thế hệ thống phổ thông 12 năm bằng 9 năm, xây dựng chương trình và sách giáo khoa mới, phục vụ kháng chiến và kiến quốc.
Bác Hồ bày tỏ những kỳ vọng đối với nền giáo dục, các thế hệ học sinh Việt Nam. Ảnh:Moet.
Sau Hiệp định Genève, đất nước chia cắt đã tạo ra hai hệ thống giáo dục khác biệt. Miền Bắc cơ bản xóa mù chữ vào cuối những năm 1950, hình thành hệ thống giáo dục quốc dân hoàn chỉnh, đào tạo hàng vạn trí thức, cán bộ, kỹ sư, bác sĩ phục vụ công cuộc xây dựng và chi viện cho miền Nam. Trong chiến tranh, giáo dục miền Bắc vẫn duy trì ổn định, quy mô học sinh phổ thông tăng đều qua các năm.
Ở miền Nam, trong vùng giải phóng, nền giáo dục cách mạng kiên cường bám trụ, mở trường lớp dân chủ, đào tạo cán bộ kháng chiến và in ấn hàng triệu bản sách giáo khoa. Thành tựu của cả hai miền đã tạo nền tảng quan trọng để thống nhất và đổi mới sau ngày đất nước toàn thắng.
Sau ngày đất nước hoàn toàn giải phóng, ngành giáo dục nước ta tập trung tiếp quản, thống nhất hệ thống trên phạm vi cả nước. Cuộc cải cách giáo dục lần thứ ba từ năm 1979-1986 diễn ra trong bối cảnh khủng hoảng kinh tế - xã hội, nhưng đã đặt nền móng pháp lý và tổ chức cho một nền giáo dục thống nhất, từ mầm non đến đại học.
Giai đoạn này, ngành giáo dục duy trì và mở rộng mạng lưới trường lớp, xóa mù chữ, nâng cao dân trí, góp phần đưa nhân dân tham gia vào các hoạt động chính trị - xã hội, còn khó khăn nhưng đã định hình quan điểm và đường lối giáo dục xã hội chủ nghĩa.
Bước vào thời kỳ đổi mới, ngành giáo dục nước ta đạt nhiều thành tựu nền tảng như hoàn thiện thể chế, tái cấu trúc hệ thống giáo dục quốc dân, hoàn thành phổ cập tiểu học và xóa mù chữ vào năm 2000, triển khai phổ cập THCS. Cơ sở vật chất, đội ngũ nhà giáo, công tác xã hội hóa và hội nhập quốc tế được đẩy mạnh, tạo tiền đề quan trọng cho đổi mới toàn diện trong thế kỷ XXI.
Tiếp đó là hai thập niên đầu thế kỷ XXI, đánh dấu sự chuyển hướng mạnh mẽ của toàn ngành giáo dục. Nếu giai đoạn đầu những năm 2000 tập trung mở rộng quy mô, thì từ 2011-2020, ngành tập trung đổi mới căn bản, toàn diện, tăng cường ứng dụng công nghệ thông tin và hội nhập quốc tế. Sau năm 2020, giáo dục tiếp tục chứng minh khả năng thích ứng linh hoạt trước nhiều biến động.
Trải qua gần 80 năm, từ phong trào Bình dân học vụ đến công cuộc đổi mới căn bản, toàn diện hôm nay, giáo dục Việt Nam đã chứng minh vai trò then chốt trong xây dựng, bảo vệ và phát triển đất nước. Những thành tựu đã đạt được là tiền đề quan trọng để ngành tiếp tục thực hiện sứ mệnh trong kỷ nguyên hội nhập và tri thức toàn cầu.
Bộ trưởng Nguyễn Kim Sơn gọi 80 năm giáo dục của Việt Nam là một ""phép màu"". Ảnh:Đinh Hà.
Bước vào kỷ nguyên mới, ngành giáo dục của Việt Nam đón nhận những tín hiệu chuyển biến tích cực. Hiện, cả nước có trên 52.000 trường học, đủ không gian học tập cho 26 triệu học sinh, trong đó 65 % trường phổ thông đạt chuẩn, nhiều trường học đã khang trang hiện đại; cùng với đó là 1,6 triệu nhà giáo được đào tạo bài bản, ưu tú không kém bạn bè thế giới.
Trong lễ khai giảng năm học mới 2025-2026 vào sáng 5/9, Bộ trưởng GD&ĐT Nguyễn Kim Sơn xúc động ví nền giáo dục suốt 80 năm qua như một “phép màu”.
Chỉ trong 80 năm, phép màu này đã đưa đất nước chuyển mình rõ rệt, từ 95% người dân mù chữ trở thành nơi toàn quốc hoàn thành phổ cập giáo dục từ mẫu giáo 5 tuổi đến hết THCS. Phép màu này còn được thể hiện ở việc chất lượng giáo dục được nâng cao, được đánh giá có nền giáo dục phổ thông tốt và liên tục lọt top trong các kỳ thi Olympic quốc tế.
Cũng tại lễ khai giảng, một trong số 26 triệu nhân tố tạo nên “phép màu” của giáo dục Việt Nam - em Kiều Tuấn Định, sinh viên khóa 67 ngành Hệ thống nhúng và IoT, Đại học Bách khoa Hà Nội - bày tỏ lòng biết ơn đối với sự hy sinh của thế hệ đi trước để các học sinh ngày nay nhận được điều kiện thuận lợi để học tập, phát triển từng ngày.
Kiều Tuấn Định đại diện cho 26 triệu học sinh, sinh viên phát biểu tại lễ khai giảng. Ảnh:Moet.
Nam sinh bày tỏ quan điểm rằng phát triển đất nước trong kỷ nguyên số gắn liền với công nghệ, nơi những vi mạch bán dẫn nhỏ bé hay dòng lệnh AI trở thành nền tảng của hiện tại và tương lai.
Theo Tuấn Định, việc rèn luyện kiến thức, kỹ năng nghề nghiệp, tư duy sáng tạo và khả năng giải quyết các bài toán công nghệ không chỉ là nhiệm vụ của sinh viên ngành kỹ thuật, mà còn là trách nhiệm và mệnh lệnh từ trái tim mỗi người trẻ Việt Nam.
Định cho biết em mong muốn khởi nghiệp, xây dựng doanh nghiệp hoạt động trong lĩnh vực khoa học và công nghệ. Nam sinh cũng nhìn nhận thế hệ trẻ khi bước ra biển lớn sẽ đối mặt với sự cạnh tranh khốc liệt trong công nghệ, kỹ thuật và thương mại toàn cầu. Để chiến thắng, ngoài ý chí và quyết tâm, cần phải có trí tuệ cùng năng lực mới phù hợp với yêu cầu của thời đại.
Từ bài học lịch sử và truyền thống dân tộc, Định nhấn mạnh rằng thế hệ trẻ cần tựa chắc vào văn hóa, bản sắc và tinh thần nhân văn Việt Nam.
“Chúng em sẽ khiêm tốn, thật thà và dũng cảm học hỏi thế giới, để đương đầu và vượt qua thử thách mới với tinh thần ‘tôi là người Việt Nam’”, Định chia sẻ.
Học sinhlớp 1 trường Tiểu học Nguyễn Bình Khiêm hào hứng với lễ khai giảng đầu tiên của thời học sinh. Ảnh:Quỳnh Danh.
""Sao nhỏ đến trường
Tung tăng cắp sách
Tự tin ánh mắt
Tỏa sáng ước mơ.
Sao bé yêu thế
Tung tăng tới trường
Bé cười tỏa nắng
Rộn rã sân trường"".
Khi tiếng trống trường của Tổng Bí thư Tô Lâm vang lên rộn rã ở thủ đô Hà Nội, tại những địa phương khác trên cả nước, học sinh các cấp cũng hứng khởi bước vào năm học mới với nhiều ấp ủ cho riêng mình.
Gia đình hotgirl Salim - Hải Long, vợ chồng Đăng Khôi - Thủy Anh, diễn viên Vân Trang khoe hình ảnh các con trong ngày khai giảng. Ảnh:FBNV.
Sáng sớm, vợ chồng hotgirl Salim và thiếu gia Hải Long chia sẻ hình ảnh con gái Pamela (tên thật là Hải Đường) mặc đồng phục, chuẩn bị cho lễ khai giảng. Hotgirl Salim cho biết buổi sáng tựu trường, con gái Hải Đường vẫn bịn rịn và khóc một chút. Nhưng khi vào lớp, con lại vui và tự giác ăn cơm cùng các bạn.
Trong khi đó, tại trường Tiểu học Nguyễn Bỉnh Khiêm (phường Sài Gòn, TP.HCM), học sinh mặc đồng phục chỉnh tề được các thầy cô, đoàn diễn viên xiếc chào đón. Với riêng học sinh lớp 1, các em nhận được băng đô, thẻ tên kèm lời chúc của nhà trường, cùng với đó là những cái ôm ấm áp, những cái đập tay vui vẻ từ các giáo viên trường.
""Chúng ta hãy là những ngôi sao nhỏ tỏa sáng trên bầu trời nhé"", Bảo Hân, đại diện 345 học sinh lớp 1 của trường Tiểu học Nguyễn Bỉnh Khiêm, dõng dạc phát biểu tại lễ khai giảng.
Chào đón học sinh bằng ánh nhìn trìu mến, ngập tràn hạnh phúc, bà Đỗ Ngọc Chi, Hiệu trưởng trường Tiểu học Nguyễn Bỉnh Khiêm, chia sẻ rằng nhà trường luôn trân trọng và lắng nghe những ước mơ đẹp đẽ của học sinh, đồng thời mong muốn nuôi dưỡng để những ước mơ ấy trở thành hiện thực.
Bà hy vọng một ngày nào đó, học trò sẽ có thể tự hào nói: “Em là cựu học sinh trường Tiểu học Nguyễn Bỉnh Khiêm và em đã thực hiện được ước mơ của mình”.
Nhân dịp khai giảng, nữ hiệu trưởng gửi lời chào đến 345 học sinh lớp 1 - những “ngôi sao nhỏ” vừa bước vào ngôi nhà chung của trường, đồng thời khẳng định thầy cô và các anh chị luôn sẵn sàng đồng hành, giúp các em nhanh chóng thích nghi, cảm thấy an toàn, tự tin và hạnh phúc trong mỗi ngày đến lớp.
Giống như các năm trước, diễn viên Vân Trang đưa con gái Queenie tới trường Tiểu học Nguyễn Bỉnh Khiêm dự lễ khai giảng. Năm nay, con gái nữ diễn viên đã lên lớp 4. Chia sẻ ảnh chụp cùng con gái và các giáo viên trường, diễn viên phim Thiên mệnh anh hùng viết: “Khối phụ huynh đưa khối tựu trường đi khai giảng trong niềm hân hoan"".
Cũng tại TP.HCM, vợ chồng ca sĩ Đăng Khôi và vợ hotgirl Thủy Anh tranh thủ lịch trình bận rộn để đưa 2 con trai dự lễ khai giảng. Trong bài đăng trên Facebook, vợ chồng nam ca sĩ cho biết vào 4h sáng 5/9, sau khi kết thúc buổi tổng duyệt cho concert Anh Trai Vượt Ngàn Chông Gai, anh và vợ nhanh chóng về nhà để đưa con đi khai giảng.
""Quyết tâm không bỏ lỡ bất kỳ cột mốc quan trọng nào của con. Đi học nhớ ngoan, nghe lời thầy cô nha hai con trai yêu của bố mẹ"".
Không khí khai giảng tại trường THCS Tây Mỗ 3 rất sôi động. Ảnh:NTCC.
Tại Hà Nội, học sinh cũng háo hức bắt đầu năm học mới với lễ khai giảng đặc biệt. Trước khi cùng nahu theo dõi chương trình do Bộ GD&ĐT tổ chức, trường THCS Tây Mỗ 3 còn dành cho học trò các tiết mục biểu diễn cùng chương trình đón học sinh đầu cấp, tạo không khí rộn ràng.
Cô Hiệu trưởng Vũ Thị Thìn chia sẻ thầy trò trường THCS Tây Mỗ 3 rất hứng khởi chào đón năm học mới với quyết tâm cao phấn đấu học tập, rèn luyện để đạt được nhiều thành tích, góp phần nâng cao chất lượng giáo dục toàn diện và mũi nhọn của Thủ đô.
Năm học mới 2025-2026 với nhiều kỳ vọng chính thức bắt đầu, trên cả nước.
Bạn đang cảm thấy mình đã quá tuổi để học?

Trong lễ khai giảng đặc biệt chưa từng có, Bộ trưởng GD&ĐT Nguyễn Kim Sơn chỉ ra những ""phép màu"" của giáo dục Việt Nam trong suốt 80 năm qua.
11:24 5/9/2025"
https://znews.vn/loat-dai-hoc-cong-bo-diem-chuan-bo-sung-co-nganh-lay-29-diem-post1587247.html,"Loạt đại học công bố điểm chuẩn bổ sung, có ngành lấy 29 điểm","Nhiều trường đại học công bố điểm chuẩn xét tuyển bổ sung năm 2025, trong đó có nhiều ngành lấy trên 27 điểm.","Thí sinh trong kỳ thi tốt nghiệp THPT 2025. Ảnh:Đinh Hà.
Tại trườngQuản trị và Kinh Doanh (Đại họcQuốc gia Hà Nội), điểm chuẩn 6 ngành xét tuyển bổ sung dao động 19-21,5 điểm. Trong đó, ngành Marketing và truyền thông lấy điểm chuẩn cao nhất.
Tiếp đến là ngành Quản trị nhân lực và nhân tài lấy 20,5 điểm, Quản trị doanh nghiệp và công nghệ lấy 19,5 điểm. Ba ngành lấy 19 điểm gồm Quản trị và An ninh, Khoa học quản lý, Quản trị kinh doanh.
Đại học An Giang (Đại học Quốc gia TP.HCM)cũng đã công bố điểm chuẩn xét tuyển bổ sung đợt 1. Trong đó, với phương thức xét điểm thi tốt nghiệp THPT, điểm chuẩn dao động 16-29,04 điểm.
Ngành Sư phạm Lịch sử xét tổ hợp C00 có điểm chuẩn cao nhất. Cũng ở tổ hợp này, ngành Sư phạm Địa lý lấy 28,25 điểm; Sư phạm Lịch sử - Địa lý lấy 28 điểm. Điểm chuẩn cụ thể như sau:
Trong đó, phương thức 1 là xét tuyển thẳng với thí sinh thuộc nhóm 5 học sinh có điểm trung bình cộng học lực 3 năm THPT cao nhất, được ban giám hiệu giới thiệu; xét thí sinh học đủ 3 năm và tốt nghiệp THPT tại các trường thuộc danh sách 149 trường ưu tiên xét tuyển vào Đại học Quốc gia TP.HCM.
Phương thức 2 xét tuyển dựa trên kết quả kỳ thi đánh giá năng lực do Đại học Quốc gia TP.HCM tổ chức năm 2025.
Phương thức 3 là xét tuyển dựa trên kết quả thi tốt nghiệp THPT 2025. Nhóm 1 gồm các tổ hợp A00, A02, X01, X06, X08, X10, A01, A03, A04, A05, A06, A07, X05, X24, X26, B00, B02, B03, B08, X04, X12, X14, X20, X65, D01, D07, D09, D10, D14, D15, X25, X27, X28, X78, X80, X81, M00, M01, M26, M27, M28, M29, M30.
Nhóm 2 là tổ hợp C00. Nhóm 3 là tổ hợp C01, C02, C03, C04, C08, X17, X70, X74.
TạiĐại học Quy Nhơn,điểm chuẩn bổ sung (theo phương thức xét điểm thi tốt nghiệp) vào các ngành sư phạm của trường cũng ở mức cao. Cụ thể, ngành Sư phạm Ngữ văn lấy tới 27,82 điểm; Sư phạm Lịch sử lấy 27,66 điểm; Sư phạm Địa lý và Giáo dục Tiểu học cùng lấy 27,47 điểm; Sư phạm Tin học với 25,05 điểm.
Với phương thức xét điểm thi tốt nghiệp THPT (xét đợt 2/2025),Đại học Phenikaalấy điểm chuẩn thấp nhất 17, cao nhất 23 (áp dụng với chương trình tài năng Khoa học máy tính). Điểm chuẩn cụ thể như sau:
Danh sách các trường công bố điểm chuẩn đợt bổ sung như sau (click vào tên trường để xem):
Mục Giáo dục giới thiệu đến bạn đọc những cuốn sách nuôi dạy trẻ trong thời đại 4.0.
Cuốn sáchNuôi con 4.0 - Làm thế nào để trẻ không bị nghiện thiết bị công nghệ?của TS Shimi Kang (nhà khoa học, tâm lý học, chuyên gia giáo dục, tác giả của nhiều tựa sách bán chạy) được đánh giá là hữu ích cho các phụ huynh có con em nghiện sử dụng thiết bị điện tử.
TS Shimi Kang đưa ra hàng loạt dẫn chứng và phân tích khoa học về cách thức tác động của thiết bị công nghệ đến bộ não đang trong giai đoạn phát triển của trẻ. Sau đó, bà chỉ ra những tác động tiêu cực đến sức khỏe, hành vi và tính cách của trẻ.

Nhiều trường đại học đã thông báo xét tuyển bổ sung ngành sư phạm. Mức điểm sàn gây bất ngờ khi có ngành lấy tới hơn 28 điểm.
19:39 16/9/2025"
https://znews.vn/nam-sinh-dai-dien-26-trieu-nguoi-hoc-phat-bieu-khai-giang-la-ai-post1582697.html,Nam sinh đại diện 26 triệu người học phát biểu khai giảng là ai?,"""Chúng em sẽ khiêm tốn, thật thà và dũng cảm học hỏi thế giới, để đương đầu và vượt qua thử thách mới với tinh thần 'tôi là người Việt Nam'"", Tuấn Định chia sẻ trong lễ khai giảng.","Tuấn Định trong lễ khai giảng sáng 5/9. Ảnh:Moet.
""Em thấu hiểu sâu sắc rằng, để có ngày hôm nay, chúng em có được điều kiện thuận lợi và cơ hội rộng mở thì những ngày tháng qua, biết bao thế hệ đã tận tụy lao động, chiến đấu và hy sinh"", Kiều Tuấn Định, sinh viên khóa 67 ngành Hệ thống nhúng và IoT, Đại học Bách khoa Hà Nội, mở đầu bài phát biểu.
Ngày 5/9, trong không khí hân hoan của ngày khai trường, Tuấn Định đại diện cho 26 triệu học sinh, sinh viên trên cả nước phát biểu tại lễ kỷ niệm 80 năm truyền thống ngành giáo dục và khai giảng năm học 2025-2026.
Chia sẻ vớiTri Thức - Znews,Định cho hay em rất xúc động và tự hào khi được trao cơ hội này.
Trong bài phát biểu của mình, Định chia sẻ em được biết Đảng ta đã đặt mục tiêu đến năm 2045 - kỷ niệm 100 năm độc lập -  Việt Nam trở thành nước phát triển, có thu nhập cao.
Khi ấy, lực lượng lao động kiến tạo đất nước chính là thế hệ học sinh, sinh viên đang miệt mài học tập rèn luyện hôm nay.
""Chúng em hiểu rõ sứ mệnh lớn lao ấy và nhận thấy rằng tương lai của đất nước phụ thuộc rất nhiều vào trình độ khoa học, công nghệ và đổi mới sáng tạo"", Định nói.
Theo nam sinh, phát triển đất nước gắn liền với công nghệ số, trong đó, những vi mạch bán dẫn nhỏ bé hay những dòng lệnh AI chính là nền tảng của thế giới hiện tại và tương lai.
Nam sinh thấy rằng việc mình học tập rèn luyện thật tốt kiến thức, kỹ năng nghề nghiệp, tư duy sáng tạo và khả năng giải quyết các bài toán về công nghệ không chỉ là yêu cầu đối với các sinh viên theo học ngành công nghệ kỹ thuật để ra trường làm việc, mà còn là yêu cầu và mệnh lệnh từ trái tim mỗi người trẻ tuổi Việt Nam.
""Em mong muốn khởi nghiệp, phát triển một doanh nghiệp hoạt động trong lĩnh vực khoa học và công nghệ"", Định chia sẻ.
Nam sinh cho rằng bước ra biển lớn thế giới, thế hệ trẻ sẽ đối mặt với cuộc cạnh tranh trong lĩnh vực công nghệ, kỹ thuật và thương mại thế giới không khoan nhượng.
Để chiến thắng, không chỉ có ý chí, có quyết tâm, mà cần có trí tuệ và những năng lực mới theo yêu cầu thời đại. Nhìn suốt chiều dài lịch sử và bài học kinh nghiệm của cha ông, Định nhìn nhận cần tựa chắc vào truyền thống văn hóa, vào bản sắc, vào tinh thần nhân văn của con người Việt Nam.
""Chúng em sẽ khiêm tốn, thật thà và dũng cảm học hỏi thế giới, để đương đầu và vượt qua thử thách mới với tinh thần 'tôi là người Việt Nam"", Định chia sẻ.
Nam sinh mong trở nên giàu có, giàu để bản thân sống tốt, để có thể chăm sóc được bố mẹ lúc già, giàu để có nhiều tiền giúp đỡ những người đồng bào của mình khi khó khăn.
Em cũng muốn đem lại nhiều việc làm và thu nhập cao cho người khác và muốn khẳng định trí tuệ và bản lĩnh của người Việt Nam không chỉ tỏa sáng thời chiến tranh, thời thoát nghèo, mà còn tỏa sáng cả thời đại kinh doanh, làm công nghệ và kỹ thuật cao phục vụ cuộc sống con người.
Tuấn Định đặt mục tiêu tốt nghiệp đại học xuất sắc. Ảnh:NVCC.
Chia sẻ vớiTri Thức - Znews, Tuấn Định cho hay ngay khi được chọn là sinh viên phát biểu, nhận thức đây là sự kiện trọng đại của ngành, nam sinh cố gắng chuẩn bị thật chỉn chu.
Tuy nhiên, dù đã tham gia nhiều hoạt động đoàn - hội, khi đứng trước các lãnh đạo Đảng, Nhà nước, nam sinh vẫn không tránh khỏi hồi hộp, lo lắng.
""Sau khi hoàn thành bài phát biểu, nhìn thấy sự ủng hộ trên khuôn mặt của các đại biểu, em thở phào, biết mình đã hoàn thành xuất sắc nhiệm vụ"", nam sinh nói.
Tuấn Định quê ở Thái Nguyên. Năm lớp 11, em đoạt giải ba học sinh giỏi cấp tỉnh môn Vật lý. Sau đó, nam sinh trúng tuyển vào Đại học Bách khoa Hà Nội.
Trong 4 năm học vừa qua, nam sinh luôn duy trì kết quả học tập loại giỏi. Định cũng liên tục đạt học bổng của trường, giành giải nhất cuộc thi Denso Factory Hacks 2023 cùng các giấy khen hoạt động đoàn - hội của Đại học Bách khoa và trường Điện - Điện tử.
Để có được những kết quả này, Định cho biết cần có phương pháp học tập tốt. Nam sinh chia sẻ trước mỗi buổi học, em thường tìm hiểu trước kiến thức thầy cô sẽ giảng, nắm chắc kiến thức trên lớp. Điều này giúp em không phải ôn tập quá nhiều mà vẫn hiểu sâu về bản chất, nội dung kiến thức.
Chia sẻ thêm, Định cho biết ngay từ năm nhất, em đã lên phòng lab để thực hành nghiên cứu, cùng với đó là tham gia các dự án thực tế để trau dồi kỹ năng, ứng dụng hiến thức trên giảng đường vào thực tế.
Nam sinh đặt mục tiêu sẽ tốt nghiệp xuất sắc Đại học Bách khoa Hà Nội. Sau đó, em mong muốn sẽ có cơ hội được trở thành giảng viên của trường hoặc tiếp tục học lên cao và quay trở lại quê hương để phát triển cho tỉnh nhà.
Những cuốn sách dành cho người đứng trước cánh cửa nghề nghiệp
Mục Giáo dục giới thiệu đến bạn đọc một số cuốn sách về chủ đề nghề nghiệp, hướng nghiệp, dành cho những bạn trẻ đang băn khoăn trước cánh cửa nghề nghiệp hay người trưởng thành quan tâm đến sự biến đổi nghề nghiệp trong xã hội hiện đại.
Chiến đạogiống cuộc đối thoại, gợi mở các câu hỏi của cuộc đời, giúp người trẻ chủ động định hướng nghề nghiệp, kiến tạo tương lai.
Eight - 8 cách làm chủ trí thông minh nhân tạo: “Đa số công việc mà công viên chức đang phụ trách cuối cùng đều sẽ bị thay thế bởi trí thông minh nhân tạo"", cuốn sách này sẽ giải đáp câu hỏi đó.

Theo Tổng Bí thư Tô Lâm, xây dựng xã hội học tập, khuyến khích học tập suốt đời chính là nền tảng vững chắc nhất cho một dân tộc tự cường.
10:54 5/9/2025"
https://znews.vn/loat-truong-quan-doi-tuyen-bo-sung-he-dan-su-post1583414.html,Loạt trường quân đội tuyển bổ sung hệ dân sự,"Đại học Thông tin liên lạc, Học viện Hậu cần và Học viện Khoa học Quân sự thông báo tuyển bổ sung hàng chục chỉ tiêu cho hệ dân sự.","Học viên trường quân đội tham gia tư vấn tuyển sinh. Ảnh:Ngọc Bích.
Theo thông báo từĐại học Thông tin liên lạc(trường Sĩ quan Thông tin), trường tuyển bổ sung 20 chỉ tiêu hệ dân sự cho ngành Công nghệ thông tin và 20 chỉ tiêu cho ngành Kỹ thuật Điện tử - Viễn thông. Thời gian nhận hồ sơ từ ngày 5/9 đến 15/9.
Điều kiện là thí sinh chưa trúng tuyển hoặc chưa xác nhận nhập học ở bất kỳ cơ sở đào tạo đại học nào trên hệ thống tuyển sinh của Bộ GD&ĐT.
Các em có thể xét bằng điểm thi tốt nghiệp THPT (tổ hợp A00, A01, C01, X06), điểm thi đánh giá năng lực của Đại học Quốc gia Hà Nội và Đại học Quốc gia TP.HCM.
Trong đó, với ngành Công nghệ thông tin, thí sinh phải đạt từ 20,85 điểm trở lên, ngành Kỹ thuật Điện tử - Viễn thông từ 19,5 điểm (đã quy đổi, bao gồm cả điểm ưu tiên, điểm khuyến khích).
Học viện Hậu cầncũng thông báo tuyển bổ sung hơn 240 chỉ tiêu cho ba ngành Tài chính - Ngân hàng (37 chỉ tiêu), Kế toán (135 chỉ tiêu), Kỹ thuật xây dựng (69 chỉ tiêu). Trường nhận hồ sơ đến ngày 14/9.
Các tổ hợp xét tuyển bao gồm A00, A01, C01, X06 (A0T). Ngưỡng bảo đảm chất lượng đầu vào với phương thức xét điểm thi tốt nghiệp là 18/30 điểm; xét điểm thi đánh giá năng lực Đại học Quốc gia Hà Nội đạt từ 74/150 điểm; Đại học Quốc gia TP.HCM là từ 603/1.200 điểm. Tất cả sau đó được quy đổi về thang 30.
Một trường quân đội khác cũng tuyển sinh bổ sung hệ dân sự làHọc viện Khoa học Quân sự. Trường tuyển bổ sung 73 chỉ tiêu cho ba ngành gồm Ngôn ngữ Anh, Ngôn ngữ Nga và Ngôn ngữ Trung Quốc. Thời gian nhận hồ sơ đến ngày 15/9.
Các phương thức xét tuyển gồm: Xét điểm thi tốt nghiệp THPT, xét điểm thi đánh giá năng lực của Đại học Quốc gia Hà Nội và Đại học Quốc gia TP.HCM. Chỉ tiêu, tổ hợp, ngưỡng điểm nhận hồ sơ như sau:
Trước đó, việc tuyển sinh hệ dân sự vào khối trường quân sự đã dừng từ năm 2019.
Từ năm 2025, ngoài hệ quân sự, nhiều trường quân đội được đào tạo trở lại trình độ đại học hệ dân sự. Các trường tuyển sinh tương tự các đại học khác, học sinh được đăng ký dự tuyển trực tiếp vào các trường, không qua sơ tuyển.
Những cuốn sách dành cho người đứng trước cánh cửa nghề nghiệp
Mục Giáo dục giới thiệu đến bạn đọc một số cuốn sách về chủ đề nghề nghiệp, hướng nghiệp, dành cho những bạn trẻ đang băn khoăn trước cánh cửa nghề nghiệp hay người trưởng thành quan tâm đến sự biến đổi nghề nghiệp trong xã hội hiện đại.
Chiến đạogiống cuộc đối thoại, gợi mở các câu hỏi của cuộc đời, giúp người trẻ chủ động định hướng nghề nghiệp, kiến tạo tương lai.
Eight - 8 cách làm chủ trí thông minh nhân tạo: “Đa số công việc mà công viên chức đang phụ trách cuối cùng đều sẽ bị thay thế bởi trí thông minh nhân tạo"", cuốn sách này sẽ giải đáp câu hỏi đó.

Nhiều trường y dược trên cả nước thông báo xét tuyển bổ sung năm 2025, trong đó có cả những trường tốp đầu.
18:50 7/9/2025"
https://znews.vn/thi-sinh-moi-mon-hon-9-diem-van-truot-chuyen-gi-dang-xay-ra-post1579306.html,"Thí sinh mỗi môn hơn 9 điểm vẫn trượt, chuyện gì đang xảy ra?","Điểm chuẩn nhiều trường đại học tăng mạnh, vượt ngưỡng 28-29 và chạm mốc 30. PGS.TS Đỗ Văn Dũng phân tích nguyên nhân và chỉ ra những hậu quả từ vấn đề này.","Điểm chuẩn quá cao khiến nhiều thí sinh khá, giỏi mất cơ hội vào ngành hot. Ảnh:Phương Lâm.
Các trường đại học đã công bố điểm chuẩn xét tuyển đợt 1 năm 2025. Năm nay, nhiều trường gây bất ngờ khi điểm chuẩn đạt mức tuyệt đối, nghĩa là phải đạt 10 điểm mỗi môn mới có thể trúng tuyển.
Các ngành lấy điểm chuẩn 30 bao gồm: Sư phạm Tiếng Anh và Sư phạm Tiếng Anh (Đại học Ngoại ngữ - Đại học Quốc gia Hà Nội), Quan hệ quốc tế (Học viện Khoa học quân sự), Y khoa (Học viện Quân y), Sư phạm Tiếng Anh và Sư phạm Tiếng Trung (trường Ngoại ngữ - Đại học Huế).
Chưa đến 30, nhưng một số ngành cũng lấy điểm chuẩn ở mức trên 29, cụ thể như sau:
Bàn về vấn đề ngưỡng trúng tuyển tuyển bằng điểm thi tốt nghiệp THPT ở nhiều trường đại học, đặc biệt các trường phía nam, tiếp tục tăng, PGS.TS Đỗ Văn Dũng, nguyên Hiệu trưởng Đại học Sư phạm Kỹ thuật TP.HCM, nói rằng nguyên nhân chủ yếu là sự mất cân đối trong cơ cấu chỉ tiêu.
Thực trạng này không chỉ phản ánh mức độ cạnh tranh khốc liệt mà còn phơi bày những bất công về xã hội, địa lý và chất lượng đào tạo, qua đó ảnh hưởng nghiêm trọng đến cơ hội tiếp cận giáo dục đại học của học sinh trên toàn quốc.
Đi vào phân tích sâu hơn, PGS Đỗ Văn Dũng nói rằng điểm chuẩn tăng xuất phát từ việc cơ cấu chỉ tiêu tuyển sinh ngày càng nghiêng về các phương thức thay thế.
Hiện nay, nhiều trường đại học phía nam đã dành từ 40% đến hơn 60% chỉ tiêu cho xét học bạ, xét tuyển thẳng và kỳ thi đánh giá năng lực của Đại học Quốc gia TP.HCM. Việc này khiến chỉ tiêu dành cho xét điểm thi tốt nghiệp THPT giảm mạnh, dẫn tới tình trạng “cung ít - cầu nhiều”.
Thêm vào đó, năm nay, số nguyện vọng đăng ký xét tuyển tăng vọt lên hơn 7,6 triệu, chiếm hơn 73% tổng số thí sinh, tạo sức ép cạnh tranh gay gắt và đẩy điểm chuẩn lên cao.
Ngoài ra, xu hướng đa dạng hóa tuyển sinh cũng khiến tình hình thêm căng thẳng. Ông Dũng nhận định các trường ngày càng ưu tiên đánh giá năng lực thí sinh một cách toàn diện, không chỉ qua một kỳ thi duy nhất mà thông qua học bạ hoặc kết quả kỳ thi đánh giá năng lực.
Tuy nhiên, điều này vô tình làm giảm chỉ tiêu cho phương thức xét điểm thi tốt nghiệp THPT, nhất là ở những ngành “hot” như Trí tuệ nhân tạo, Bán dẫn, Công nghệ thông tin, Kinh tế, Luật…
Nói riêng về điểm chuẩn ngành Sư phạm Tiếng Anh tại một số trường, PGS Dũng cho biết điểm chuẩn ngành này lên đến 29-30 do chỉ tiêu phân bổ từ Bộ GD&ĐT rất ít.
Sau khi trừ đi một lượng khá nhiều thí sinh được tuyển thẳng và xét tuyển bằng phương thức khác, chỉ tiêu dành cho xét điểm thi tốt nghiệp THPT chỉ còn 5-15 suất. Vì thế, các trường buộc phải đẩy điểm chuẩn để đảm bảo số lượng thí sinh trúng tuyển vừa đủ chỉ tiêu.
Điểm chuẩn ngành hot tại các đại học tốp đầu tăng, đặc biệt ở các ngành đào tạo giáo viên hoặc ngành liên quan công nghệ. Ảnh:HUST.
Từ những phân tích trên, PGS Đỗ Văn Dũng nhấn mạnh rằng tình trạng điểm chuẩn tăng mạnh có thể khiến nhiều thí sinh khá giỏi nhưng không xuất sắc khó có cơ hội trúng tuyển. Các bạn sẽ buộc phải chuyển sang các phương thức khác, song không phải ai cũng có điều kiện tiếp cận.
Một trong những bất công lớn nhất là sự chênh lệch cơ hội giữa học sinh thành phố và học sinh vùng sâu, vùng xa trong kỳ thi đánh giá năng lực - phương thức được nhiều trường dành lượng lớn chỉ tiêu.
Dù kỳ thi đánh giá năng lực năm 2025 của Đại học Quốc gia TP.HCM đã mở rộng ra 25 tỉnh, thành ở miền Nam và miền Trung, các điểm thi vẫn tập trung chủ yếu ở đô thị, buộc học sinh nông thôn phải di chuyển hàng trăm km, tốn kém thời gian và chi phí.
Ông Dũng lo rằng hệ quả của việc này là chỉ những em ở thành phố hoặc khu vực thuận lợi mới dễ dàng tham gia, trong khi học sinh vùng khó khăn chủ yếu dựa vào điểm thi THPT có thể bị ""trượt oan"". Nhiều em có năng lực thực sự nhưng bị loại vì không đạt điểm gần tuyệt đối (28-29 điểm), dù có thể xuất sắc nếu được đánh giá toàn diện qua bài thi đánh giá năng lực.
""Đây là biểu hiện rõ nét của sự bất bình đẳng giáo dục, làm trầm trọng hóa khoảng cách đô thị - nông thôn, và vi phạm nguyên tắc công bằng trong tiếp cận giáo dục đại học"", nguyên Hiệu trưởng Đại học Sư phạm Kỹ thuật TP.HCM nhấn mạnh.
Không chỉ bất công về mặt địa lý, vấn đề hiện tại còn gây bất công về chất lượng đầu vào và khó khăn trong đào tạo. Theo PGS Đỗ Văn Dũng, phương thức xét học bạ - vốn chiếm tỷ lệ lớn chỉ tiêu ở nhiều trường - cũng đặt ra câu hỏi về chất lượng đầu vào.
Ông trích dẫn số liệu, cho thấy sinh viên trúng tuyển bằng học bạ có kết quả học tập thấp hơn hẳn. Ví dụ, tỷ lệ tốt nghiệp xuất sắc chỉ 0,24%, giỏi 5,44%, khá 65,12% và trung bình tới 29,2%, cao hơn nhiều so với nhóm xét bằng điểm thi.
Dù hiện nay, các trường áp dụng bách phân vị để xếp hạng tương đối, học bạ vẫn dễ bị “làm đẹp”, không phản ánh đúng năng lực thực tế.
Do đó, các sinh viên trúng tuyển bằng phương thức xét học bạ thường khó theo kịp chương trình, khiến giảng viên gặp khó khăn. Nếu đề thi khó, nhiều em trượt môn còn nếu đề dễ, chất lượng tổng thể bị hạ thấp.
""Điều này không chỉ ảnh hưởng tới chất lượng đào tạo mà còn gây bất công cho nhóm thí sinh xét điểm thi - những em đã cạnh tranh quyết liệt để trúng tuyển nhưng phải học chung với bạn bè có đầu vào thấp hơn"", ông Dũng nhấn mạnh.
Từ những phân tích trên, PGS Đỗ Văn Dũng cho rằng để khắc phục, Đại học Quốc gia TP.HCM và Đại học Quốc gia Hà Nội cần mở rộng địa điểm thi đánh giá năng lực trên toàn quốc. Các cơ sở giáo dục đại học cũng cần siết chặt tiêu chí xét học bạ và cân bằng chỉ tiêu giữa các phương thức nhằm đảm bảo công bằng xã hội.
Thị trường lao động thay đổi chóng mặt, để tồn tại, con người cần học tập suốt đời. Trong bối cảnh đó, tạp chí Tri Thức - Znews giới thiệu tới độc giả cuốnHọc tập suốt đờicủa tác giả Michelle R.Weise.
Tác phẩm cung cấp cho độc giả những đánh giá về thị trường lao động tương lai, những giải pháp cho nhu cầu vừa học vừa làm đang ngày một tăng, cùng với đó là đưa ra những cách kết nối để quá trình chuyển đổi “học-làm” diễn ra thuận lợi hơn. Từ đó, tác giả nêu lên vai trò của việc học tập suốt đời.

Các trường đại học đồng loạt công bố điểm chuẩn đợt 1. Nhiều trường yêu cầu thí sinh phải đạt trên 29 điểm mới có thể trúng tuyển.
07:58 23/8/2025"
https://znews.vn/han-chot-xac-nhan-nhap-hoc-de-khong-tu-do-thanh-truot-post1581907.html,Hạn chót xác nhận nhập học để không từ đỗ thành trượt,17h ngày 2/9 là hạn chót để thí sinh xác nhận nhập học trên hệ thống của Bộ GD&ĐT.,"Thí sinh cần xác nhận nhập học trên hệ thống trước 17h ngày 2/9. Ảnh:Phương Lâm.
Để xác nhận nhập học, thí sinh truy cập trang web http://thisinh.thitotnghiepthpt.edu.vn/ và làm theo các bước sau:
Các thí sinh chưa trúng tuyển có nhu cầu tham gia các đợt xét tuyển bổ sung vẫn có cơ hội đăng ký xét tuyển theo thông báo tuyển sinh được đăng tải trên trang thông tin của từng cơ sở đào tạo.
Lưu ý, những thí sinh đã trúng tuyển và xác nhận nhập học không được tham gia xét tuyển bổ sung, trừ trường hợp đặc biệt được thủ trưởng cơ sở đào tạo cho phép không nhập học. Hồ sơ minh chứng xét tuyển sẽ được nộp trực tiếp tại cơ sở đào tạo theo hướng dẫn cụ thể của từng trường.
Theo thống kê củaTri Thức - Znews, tính đến ngày 30/8, gần 50 trường đại học trên cả nước thông báo xét tuyển bổ sung hàng nghìn chỉ tiêu. Thí sinh tham khảo thông tin của các trường theo bảng sau (click vào tên trường để truy cập đường link).
Những cuốn sách dành cho người đứng trước cánh cửa nghề nghiệp
Mục Giáo dục giới thiệu đến bạn đọc một số cuốn sách về chủ đề nghề nghiệp, hướng nghiệp, dành cho những bạn trẻ đang băn khoăn trước cánh cửa nghề nghiệp hay người trưởng thành quan tâm đến sự biến đổi nghề nghiệp trong xã hội hiện đại.
Chiến đạogiống cuộc đối thoại, gợi mở các câu hỏi của cuộc đời, giúp người trẻ chủ động định hướng nghề nghiệp, kiến tạo tương lai.
Eight - 8 cách làm chủ trí thông minh nhân tạo: “Đa số công việc mà công viên chức đang phụ trách cuối cùng đều sẽ bị thay thế bởi trí thông minh nhân tạo"", cuốn sách này sẽ giải đáp câu hỏi đó.

Trong khi nhiều trường lấy điểm sàn bổ sung ở mức 14-15 điểm thì ở một số trường, có ngành lấy ngưỡng sàn lên tới trên 26.
19:24 31/8/2025"
https://znews.vn/mot-thi-sinh-tang-vot-7-65-diem-sau-phuc-khao-thi-tot-nghiep-post1576505.html,"Một thí sinh tăng vọt 7,65 điểm sau phúc khảo thi tốt nghiệp","Trong số hai bài thi được điều chỉnh điểm sau phúc khảo tại Lào Cai, một bài thi tăng vọt từ 1,1 lên 8,75 điểm.","Thí sinh Hà Nội trong kỳ thi tốt nghiệp THPT 2025. Ảnh:Viêt Hà.
Thời điểm hiện tại, các tỉnh, thành trên cả nước đã công bố kết quả phúc khảo kỳ thi tốt nghiệp THPT năm 2025.
Tại Lào Cai, Sở GD&ĐT cho biết tổng số bài thi phúc khảo năm nay là 350. Trong đó, chương trình 2006 có 11 bài, chương trình 2018 có 339 bài.
Đáng chú ý, sau phúc khảo, một bài thi môn Sinh học tăng từ 1,1 lên 8,75 điểm. Sở GD&ĐT cho biết điểm thi có sự chênh lệch lớn là do thí sinh ghi sai mã đề thi trên phiếu thu bài, ghi sai và tô sai mã đề thi trên phiếu trả lời trắc nghiệm so với mã đề thi đã phát.
Ngoài ra, một bài thi Ngữ văn tăng từ 6,75 lên 7 điểm theo quy chế, 348 bài thi còn lại không điều chỉnh điểm.
Sau phúc khảo, những thí sinh đủ điều kiện dự thi, không bị kỷ luật hủy kết quả, đạt trên 1 điểm ở tất cả môn thi và có điểm xét tốt nghiệp từ 5 điểm trở lên được công nhận tốt nghiệp THPT.
Cả nước năm nay có hơn 1,16 triệu thí sinh thi tốt nghiệp THPT, riêng học sinh lớp 12 là hơn 1,12 triệu. Khoảng 99,2% trong số học sinh lớp 12 dự thi đỗ tốt nghiệp THPT, chỉ hơn 8.800 em trượt.
Với những thí sinh xét tuyển vào đại học, các em lưu ý từ ngày 16/8 đến ngày 20/8, Bộ GD&ĐT tiến hành xử lý nguyện vọng xét tuyển (lọc ảo). 17h ngày 20/8, các cơ sở đào tạo nhập mức điểm trúng tuyển và kết quả xét tuyển lên hệ thống, rà soát và chuẩn bị công bố kết quả trúng tuyển đợt 1.
Trước 17h30 ngày 30/8, thí sinh trúng tuyển (kể cả thí sinh trúng tuyển thẳng) phải xác nhận nhập học trên hệ thống (nếu có nguyện vọng theo học). Từ ngày 1/9 đến tháng 12/2025, các trường sẽ xét tuyển bổ sung.
Mục Giáo dục giới thiệu đến bạn đọc những cuốn sách nuôi dạy trẻ trong thời đại 4.0.
Cuốn sáchNuôi con 4.0 - Làm thế nào để trẻ không bị nghiện thiết bị công nghệ?của TS Shimi Kang (nhà khoa học, tâm lý học, chuyên gia giáo dục, tác giả của nhiều tựa sách bán chạy) được đánh giá là hữu ích cho các phụ huynh có con em nghiện sử dụng thiết bị điện tử.
TS Shimi Kang đưa ra hàng loạt dẫn chứng và phân tích khoa học về cách thức tác động của thiết bị công nghệ đến bộ não đang trong giai đoạn phát triển của trẻ. Sau đó, bà chỉ ra những tác động tiêu cực đến sức khỏe, hành vi và tính cách của trẻ.

Học viện Báo chí và Tuyên truyền đã công bố mức chênh điểm thi và học bạ, cao nhất là gần 4 điểm, trong khi mức chênh ở Đại học Công nghiệp Hà Nội cao nhất gần 5 điểm.
14:39 26/7/2025"
https://znews.vn/mot-tinh-co-150-thi-sinh-tang-diem-ngu-van-sau-phuc-khao-post1576622.html,Một tỉnh có 150 thí sinh tăng điểm Ngữ văn sau phúc khảo,"150 bài thi môn Ngữ văn tốt nghiệp THPT ở Khánh Hòa tăng điểm sau khi phúc khảo, trong đó, bài tăng cao nhất là 0,75 điểm.","Khánh Hòa có gần 25.000 thí sinh thi tốt nghiệp THPT năm nay. Ảnh:Báo Khánh Hòa.
Theo thông tin từ Sở GD&ĐT Khánh Hòa, tại kỳ thi tốt nghiệp THPT 2025, toàn tỉnh có 346 bài thi môn Ngữ văn đề nghị phúc khảo.
Kết quả, 196 bài thi giữ nguyên điểm và và 150 bài thi được tăng điểm. Trong đó, bài thi tăng nhiều nhất là 0,75 điểm và mức tăng này chỉ có một thí sinh; một thí sinh khác được tăng 0,5 điểm và 148 bài thi tăng 0,25 điểm.
Kết quả thi tốt nghiệp THPT môn Văn của nhiều thí sinh ở Khánh Hòa thay đổi sau phúc khảo. Ảnh:Sở GD&ĐT Khánh Hòa.
Cũng theo thông báo, toàn bộ các bài thi/môn thi trắc nghiệm giữ nguyên điểm số sau phúc khảo.
Sở GD&ĐT tỉnh Khánh Hòa nêu rõ đối với thí sinh có kết quả thay đổi điểm, đơn vị sẽ cấp lại giấy chứng nhận kết quả thi và đề nghị các trường cử người có trách nhiệm đến phòng quản lý chất lượng nhận.
Đồng thời, các đơn vị phải thông báo rộng rãi để phụ huynh và thí sinh biết, thu hồi và hủy giấy chứng nhận kết quả thi cũ trước khi cấp giấy mới.
Cả nước năm nay có hơn 1,16 triệu thí sinh thi tốt nghiệp THPT. Trong đó, Khánh Hòa có gần 25.000 thí sinh. Tỷ lệ tốt nghiệp toàn tỉnh đạt 97,7%, bình quân điểm của các bài thi là 5,9. Ở môn Ngữ văn, hơn 90% thí sinh đạt điểm 5 trở lên.
Trước đó, kết quả phúc khảo của một thí sinh ở Lào Cai cũng gây bất ngờ. Cụ thể, một bài thi môn Sinh học tăng từ 1,1 lên 8,75 điểm, lý do là thí sinh ghi sai mã đề thi trên phiếu thu bài, ghi sai và tô sai mã đề thi trên phiếu trả lời trắc nghiệm so với mã đề thi đã phát.
Mục Giáo dục giới thiệu đến bạn đọc những cuốn sách nuôi dạy trẻ trong thời đại 4.0.
Cuốn sáchNuôi con 4.0 - Làm thế nào để trẻ không bị nghiện thiết bị công nghệ?của TS Shimi Kang (nhà khoa học, tâm lý học, chuyên gia giáo dục, tác giả của nhiều tựa sách bán chạy) được đánh giá là hữu ích cho các phụ huynh có con em nghiện sử dụng thiết bị điện tử.
TS Shimi Kang đưa ra hàng loạt dẫn chứng và phân tích khoa học về cách thức tác động của thiết bị công nghệ đến bộ não đang trong giai đoạn phát triển của trẻ. Sau đó, bà chỉ ra những tác động tiêu cực đến sức khỏe, hành vi và tính cách của trẻ.

Trong số hai bài thi được điều chỉnh điểm sau phúc khảo tại Lào Cai, một bài thi tăng vọt từ 1,1 lên 8,75 điểm.
10:03 13/8/2025"
https://znews.vn/5-con-giap-duoc-du-doan-giau-to-trong-nam-ngua-lua-2026-post1616417.html,5 con giáp được dự đoán giàu to trong năm 'Ngựa Lửa' 2026,"Một số con giáp có lợi thế rõ rệt trong việc tăng thu nhập, chớp được cơ hội lớn hoặc tạo ra bước ngoặt tài chính đáng kể trong năm 2026.","Năm Bính Ngọ 2026 còn được gọi là năm Hỏa Mã (Ngựa Lửa). Ảnh:Whatzodiac.
Theo phong thủy và tử vi phương Đông, năm Bính Ngọ 2026 còn được gọi là năm Hỏa Mã (Ngựa Lửa).
Đây là giai đoạn của sự tăng tốc, quyết định táo bạo và các tình huống buộc con người phải hành động. Tiền bạc cũng vận hành theo đúng tinh thần đó: Không tăng trưởng đều đặn hay dễ đoán mà xuất hiện bất ngờ, đổi hướng nhanh chóng và chỉ ưu ái những người dám quyết đoán.
Sự khởi sắc về tiền bạc trong năm 2026 không phải ngẫu nhiên. Nó thuộc về những con giáp biết nắm bắt thời điểm, dám quyết định nhanh và hành động có tính toán. Ai cũng có thể gặp biến động tài chính, nhưng một số con giáp có lợi thế rõ rệt hơn trong việc tăng thu nhập, chớp được cơ hội lớn hoặc tạo ra bước ngoặt tài chính đáng kể trong năm 2026.
Tuổi Thìn vốn gắn liền với tham vọng, quyền uy và sự thịnh vượng. Trong năm Ngựa Lửa, những đặc điểm này càng được khuếch đại. Tài chính của người tuổi Thìn thường tăng trưởng vì tầm ảnh hưởng và uy tín cá nhân.
Những người sinh năm 1976 hoặc 1988 có thể thăng chức lên vai trò lãnh đạo hoặc được ghi nhận xứng đáng, từ đó kéo theo thu nhập gia tăng. Trong khi đó, nhóm sinh năm 2000 sẽ gặp được những cơ hội đột phá sớm hơn mong đợi.
Lời khuyên cho tuổi Thìn là đừng do dự. Sự chậm trễ đồng nghĩa với việc bạn có thể mất trắng cơ hội. Trong khi đó, một quyết định đúng lúc có thể thay đổi hoàn toàn quỹ đạo tài chính của bạn.
Bước vào năm tuổi của mình, người tuổi Ngọ cảm nhận mọi thứ rõ rệt hơn. Năm Ngựa Lửa tạo áp lực mạnh nhưng cũng mở ra cơ hội tài chính lớn cho con giáp này.
Thu nhập của những người sinh năm 1978 hoặc 1990 có thể biến động đáng kể do thay đổi nghề nghiệp, khởi nghiệp... Trong khi đó, với những người năm 2002, tiền bạc có thể đến từ các công việc phụ, trực tuyến hoặc sáng tạo.
Tuy nhiên, tiền đến nhanh cũng dễ đi nhanh nếu thiếu kỷ luật. Do đó, tuổi Ngọ cần tránh chi tiêu bốc đồng hoặc quá tự cao khi thu nhập tăng lên.
Người tuổi Dần cần tỉnh táo, đừng để cái tôi hoặc sự nóng giận phá hỏng những cơ hội vàng. Ảnh:SCMP.
Người tuổi Dần tỏa sáng trong môi trường cạnh tranh và áp lực cao, đúng với tinh thần của năm Ngựa Lửa. Đây là thời điểm họ đủ dũng khí để chấp nhận những thử thách từng né tránh, đặc biệt trong sự nghiệp.
Những người sinh năm 1974 hoặc 1986 có thể đạt bước nhảy vọt về tài chính nhờ vai trò lãnh đạo, các cuộc đàm phán căng thẳng hoặc dám dấn thân vào sân chơi lớn. Thăng chức, tăng lương hay hợp đồng giá trị cao thường đến từ sự quyết liệt và khẳng định bản thân.
Nhóm sinh từ năm 1998 sẽ thấy đà tăng trưởng nghề nghiệp rõ rệt, nâng cao tiềm năng thu nhập trong dài hạn. Dù vậy, người tuổi Dần cần tỉnh táo, đừng để cái tôi hoặc sự nóng giận phá hỏng những cơ hội vàng.
Tuổi Tý vốn giỏi lập kế hoạch và tính toán dài hạn. Dù không quen mạo hiểm, năng lượng Ngựa Lửa buộc họ phải hành động nhanh hơn, và điều này thường mang lại kết quả tích cực.
Những người sinh năm 1972 hoặc 1984 có thể thấy các khoản đầu tư, kế hoạch lâu dài hoặc dự án phụ bất ngờ sinh lời. Với người sinh từ năm 1996 trở đi, thu nhập có thể tăng mạnh nhờ công nghệ, phân tích dữ liệu, tư vấn...
Lời khuyên cho tuổi Tý là đừng suy nghĩ quá nhiều. Năm Ngựa Lửa không chờ đợi sự hoàn hảo, hãy hành động ngay khi bạn thấy cơ hội đủ tốt.
Năm Ngựa Lửa khuyến khích tuổi Tỵ chấp nhận những rủi ro có tính toán. Ảnh:BCC.
Người tuổi Tỵ tiếp cận tiền bạc một cách thận trọng, ưu tiên an toàn dài hạn hơn là thắng nhanh. Tuy nhiên, năm Ngựa Lửa khuyến khích họ chấp nhận những rủi ro có tính toán.
Những người sinh năm 1977 hoặc 1989 có thể đón tài lộc từ bất động sản, đầu tư hoặc các dự án cũ từ quá khứ nay mới phát huy giá trị. Nhóm sinh năm 2001 sẽ được trọng dụng nhờ những kỹ năng chuyên môn độc đáo.
Tuổi Tỵ hãy tin vào trực giác của bản thân. Cơ hội của bạn thường xuất hiện một cách âm thầm, lặng lẽ thay vì ồn ào.
Linh hoạt, nhạy bén và thích nghi nhanh, người tuổi Thân đặc biệt hợp với nhịp độ của năm Ngựa Lửa. Về tài chính, đây là giai đoạn họ dễ mở rộng nguồn thu.
Những người sinh năm 1980 hoặc 1992 có thể xoay xở cùng lúc nhiều dòng tiền, trong đó có những nguồn bất ngờ tăng trưởng mạnh. Nhóm sinh năm 2004 sẽ thấy việc thử nghiệm những ý tưởng mới mang lại nguồn thu bất ngờ.
Rủi ro lớn nhất là sự xao nhãng. Việc ôm đồm quá nhiều ý tưởng mà không có trọng tâm sẽ làm tuổi Thân phân tán tài lộc. Do đó, bạn hãy tập trung vào những nguồn thu tiềm năng nhất.
Thị trường lao động thay đổi chóng mặt, để tồn tại, con người cần học tập suốt đời. Trong bối cảnh đó, tạp chí Tri Thức - Znews giới thiệu tới độc giả cuốnHọc tập suốt đờicủa tác giả Michelle R.Weise.
Tác phẩm cung cấp cho độc giả những đánh giá về thị trường lao động tương lai, những giải pháp cho nhu cầu vừa học vừa làm đang ngày một tăng, cùng với đó là đưa ra những cách kết nối để quá trình chuyển đổi “học-làm” diễn ra thuận lợi hơn. Từ đó, tác giả nêu lên vai trò của việc học tập suốt đời.

Năm 2026 được dự báo là giai đoạn chuyển mình mạnh mẽ khi nhiều chu kỳ chiêm tinh đồng loạt thay đổi, mở ra bước ngoặt mới về sự nghiệp, tình cảm và cuộc sống cho 12 cung hoàng đạo.
32:1915 hôm qua"
https://znews.vn/phu-cap-uu-dai-toi-thieu-70-tac-dong-gi-toi-giao-vien-tu-nam-2026-post1616384.html,Phụ cấp ưu đãi tối thiểu 70%: Tác động gì tới giáo viên từ năm 2026?,"Lần đầu tiên, phụ cấp ưu đãi nghề đối với giáo viên được quy định ở mức tối thiểu 70%. Chính sách này sẽ có hiệu lực từ 1/1/2026, được kỳ vọng góp phần cải thiện thu nhập, tạo động lực để đội ngũ nhà giáo yên tâm gắn bó với nghề.","Chính sách phụ cấp ưu đãi nghề tối thiểu 70% được kỳ vọng góp phần cải thiện thu nhập, tạo động lực cho đội ngũ giáo viên.
Nghị quyết 248/2025 được Quốc hội ban hành nhằm thiết lập các cơ chế, chính sách đặc thù, vượt trội để thực hiện đột phá trong phát triển giáo dục và đào tạo. Trong đó, chính sách về phụ cấp ưu đãi nghề được xem là một trong những nội dung trọng tâm, trực tiếp tác động đến đời sống và động lực làm việc của đội ngũ nhà giáo.
Theo quy định tại Khoản 2 Điều 2 của Nghị quyết, phụ cấp ưu đãi nghề đối với giáo viên tại các cơ sở giáo dục mầm non và giáo dục phổ thông công lập sẽ được thực hiện theo lộ trình do Chính phủ quy định, với mức hưởng tối thiểu 70%. Đối với đội ngũ nhân viên làm việc trong các cơ sở giáo dục này, mức phụ cấp ưu đãi nghề được xác định ở tối thiểu 30%.
Đáng chú ý, giáo viên đang công tác tại khu vực biên giới, hải đảo, vùng đồng bào dân tộc thiểu số và miền núi, vùng có điều kiện kinh tế - xã hội đặc biệt khó khăn sẽ được hưởng phụ cấp ưu đãi nghề ở mức 100%. Quy định này nhằm tăng cường chính sách thu hút, giữ chân giáo viên tại các địa bàn còn nhiều khó khăn, nơi đang thiếu hụt đội ngũ nhà giáo trong nhiều năm qua.
Đối với cơ sở giáo dục nghề nghiệp và giáo dục đại học, Nghị quyết cho phép các đơn vị được tự chủ quyết định mức thu nhập tăng thêm cho nhà giáo, viên chức và người lao động từ nguồn thu hợp pháp ngoài ngân sách nhà nước được để lại theo quy định. Việc chi trả thu nhập tăng thêm phải bảo đảm phù hợp với quy chế chi tiêu nội bộ và gắn với kết quả hoạt động của từng đơn vị.
Không chỉ tập trung vào chính sách đãi ngộ, Nghị quyết còn đưa ra cơ chế mới về tuyển dụng, sử dụng và quản lý nhân lực ngành giáo dục, nhằm tăng tính chủ động cho các địa phương và cơ sở giáo dục.
Theo đó, Giám đốc Sở GD&ĐT được trao thẩm quyền tuyển dụng, tiếp nhận, điều động, thuyên chuyển, biệt phái, bổ nhiệm và thay đổi vị trí việc làm đối với nhà giáo, cán bộ quản lý và nhân viên trong các cơ sở giáo dục công lập trên địa bàn tỉnh.
Bên cạnh đó, Chủ tịch UBND cấp xã có thẩm quyền điều động, thuyên chuyển, biệt phái, bổ nhiệm, miễn nhiệm và thay đổi vị trí việc làm đối với nhà giáo, cán bộ quản lý và nhân viên trong các cơ sở giáo dục công lập thuộc phạm vi quản lý.
Riêng đối với lĩnh vực giáo dục nghề nghiệp và giáo dục đại học, các cơ sở được tự chủ xác định vị trí việc làm, tuyển dụng và ký hợp đồng lao động đối với chuyên gia, nhà khoa học có trình độ tiến sĩ là người nước ngoài hoặc người Việt Nam định cư ở nước ngoài theo quy chế nội bộ của đơn vị.
Các cơ sở này cũng được quyết định và tự chịu trách nhiệm trong việc tuyển dụng, xác nhận đối tượng miễn giấy phép lao động cho chuyên gia, nhà khoa học nước ngoài trong thời hạn không quá ba năm để phục vụ công tác giảng dạy và nghiên cứu khoa học.
Nghị quyết có hiệu lực thi hành từ ngày 1/1/2026. Trường hợp có quy định khác nhau về cùng một vấn đề giữa Nghị quyết này với luật hoặc nghị quyết khác của Quốc hội thì áp dụng theo quy định của Nghị quyết 248. Đồng thời, nếu văn bản của Quốc hội ban hành sau đó có quy định cơ chế, chính sách ưu đãi hoặc thuận lợi hơn thì sẽ áp dụng theo quy định mới.
Theo nhiều giáo viên, việc Quốc hội quy định phụ cấp ưu đãi nghề ở mức tối thiểu 70% là bước tiến đáng kể trong chính sách đãi ngộ đối với đội ngũ nhà giáo, nhất là trong bối cảnh thu nhập của giáo viên còn nhiều áp lực so với yêu cầu ngày càng cao của công việc.
Chính sách này không chỉ mang ý nghĩa cải thiện đời sống vật chất mà còn thể hiện sự ghi nhận của Nhà nước đối với vai trò và vị thế của nghề giáo, qua đó góp phần tạo thêm động lực để giáo viên yên tâm công tác, gắn bó lâu dài với ngành.
Thị trường lao động thay đổi chóng mặt, để tồn tại, con người cần học tập suốt đời. Trong bối cảnh đó, tạp chí Tri Thức - Znews giới thiệu tới độc giả cuốnHọc tập suốt đờicủa tác giả Michelle R.Weise.

Bộ GD&ĐT đề nghị cơ quan chức năng xác minh, làm rõ động cơ, mục đích của việc tạo dựng, phát tán các thông tin, bình luận thất thiệt, xuyên tạc nội dung lịch sử trong sách giáo khoa.
21 giờ trước"
https://znews.vn/7-ly-do-ban-mai-khong-thang-tien-post1615312.html,7 lý do bạn mãi không thăng tiến,"Nếu bạn có hiệu suất công việc tốt, chuyên môn cao nhưng mãi không thăng tiến, nguyên nhân có thể nằm ở cách bạn giao tiếp và tương tác với đồng nghiệp và cấp trên.","Không thể giao tiếp ở tầm vĩ mô:Trong các cuộc họp cấp cao, lãnh đạo không quan tâm đến những tiểu tiết vụn vặt. Họ muốn nghe về định hướng chiến lược, tầm nhìn dài hạn và tác động của dự án đối với toàn công ty. Nếu bạn chỉ mải mê nói về kỹ thuật hoặc các đầu việc chi tiết mà không thể khái quát bức tranh, bạn đang tự đóng cánh cửa thăng tiến của mình. Ảnh:Phương Lâm.
Sợ hãi khi phải lên tiếng:Nếu bạn luôn tự động đồng ý với cấp trên hoặc thiếu bản lĩnh để bảo vệ quan điểm của mình, bạn sẽ luôn bị coi là ""nhân viên cấp thấp"". Lãnh đạo cần những cộng sự có thể đóng góp ý kiến và phản biện có giá trị, chứ không phải một người chỉ biết vâng lời. Hãy chứng minh bạn xứng đáng ngồi vào vị trí hoạch định bằng cách lên tiếng đúng lúc. Ảnh:Pexels.
Đề cao cái tôi hơn sự phù hợp:Sống thật là tốt, nhưng trong môi trường chuyên nghiệp, bạn cần biết điều chỉnh bản thân để phù hợp với hoàn cảnh. Khi làm việc với đội nhóm, bạn có thể hòa đồng, nhưng khi báo cáo với ban điều hành, bạn cần sự trang trọng, ngôn ngữ súc tích và vẻ ngoài chuyên nghiệp hơn. Khả năng linh hoạt trong phong cách giao tiếp chính là biểu hiện của một người lãnh đạo tiềm năng. Ảnh:Pexels.
Chỉ làm việc khi có quyền hạn chính thức:Khả năng tạo ảnh hưởng với khách hàng và đồng nghiệp ngay cả khi bạn không có quyền quản lý trực tiếp cho thấy kỹ năng giao tiếp, thuyết phục và xây dựng niềm tin. Nếu chỉ làm tốt những việc nằm trong phạm vi quyền hạn của mình, bạn khó được xem là ứng viên phù hợp để dẫn dắt người khác. Ảnh:Pexels.
Tư duy làm hết việc chứ không làm thêm việc:Làm tốt công việc được giao chỉ giúp bạn giữ ghế, chứ không giúp bạn ở vị trí cao hơn. Muốn thăng tiến, bạn cần thể hiện sự chủ động: Dám nhận việc khó, sẵn sàng hỗ trợ và đào tạo đồng nghiệp, đóng góp cho mục tiêu chung, kể cả khi điều đó nằm ngoài phạm vi công việc của mình. Ảnh:Pexels.
Bỏ lỡ những cơ hội bất ngờ:Hãy tưởng tượng bạn gặp sếp trong thang máy và được hỏi về xu hướng AI trong ngành, bạn sẽ trả lời ""Để tôi suy nghĩ thêm"" hay đưa ra ngay một nhận định sắc sảo? Việc không nắm bắt được xu hướng hoặc không có chính kiến về công việc sẽ khiến bạn bị đánh giá là thiếu tầm nhìn. Do đó, hãy luôn chủ động trang bị kiến thức để không bỏ lỡ những cơ hội giúp bạn ghi điểm. Ảnh:Phương Lâm.
Thể hiện sự thất vọng và thiếu kiên nhẫn:Những người giỏi chuyên môn thường dễ nảy sinh tâm lý khó chịu khi đồng nghiệp không theo kịp tốc độ của mình. Tuy nhiên, nếu bạn thể hiện sự thất vọng hoặc thái độ trịch thượng, bạn sẽ bị coi là thiếu khí chất lãnh đạo. Để làm quản lý, bạn cần sự kiên nhẫn, lạc quan và khả năng xây dựng đội ngũ tích cực thay vì chỉ biết soi xét lỗi sai. Ảnh:Phương Lâm.
Bạn đang cảm thấy mình đã quá tuổi để học?

Cha mẹ ích kỷ, mang tư duy đặc quyền dễ tạo ra những đứa trẻ thiếu kỹ năng ứng xử, khó hợp tác và thiếu khả năng đồng cảm.
18:12 27/12/2025"
https://znews.vn/ngoi-truong-rich-kid-chao-sap-hoc-thac-si-post1616281.html,Ngôi trường 'rich kid' Chao sắp học thạc sĩ,"Sau khi tốt nghiệp Đại học New York (Mỹ), ""rich kid"" Chao tiếp tục theo đuổi chương trình thạc sĩ và hiện đã trúng tuyển một trường thuộc khối Ivy League tại Mỹ.","Mới đây, trên trang Instagram cá nhân, ""rich kid"" Chao (tên thật là Nguyễn Châu Anh) thông báo đã trúng tuyển chương trình thạc sĩ và nhận học bổng 25% từ Đại học Brown (Mỹ). Hai chương trình cô gái sinh năm 2003 trúng tuyển là chương trình thạc sĩ trực tuyến về Phân tích kinh doanh và chương trình thạc sĩ trực tuyến về Lãnh đạo tổ chức. Ảnh:@whynotchao.
Theo thông tin được công bố trên trang web chính thức, chương trình thạc sĩ online tại Đại học Brown kéo dài trong 16 tháng theo hình thức học trực tuyến, kèm theo một khoá học trực tiếp trong 3 ngày. Vào mùa xuân và mùa thu, sinh viên chính thức nhập học và cần hoàn thành 8 môn (tương đương 32 tín chỉ) để nhận bằng tốt nghiệp. Nhà trường nêu rằng chương trình thạc sĩ online thuận tiện cho người đi làm, đồng thời loại bỏ rào cản về địa lý cũng như giải quyết được vấn đề về chi phí giáo dục đại học ngày càng tăng.
Thành lập năm 1764, Đại học Brown là một trong những đại học nghiên cứu phi lợi nhuận hàng đầu của Mỹ thuộc khối Ivy League, quy tụ đội ngũ giảng viên danh tiếng thế giới. Trường được biết đến như một cơ sở giáo dục đổi mới, nơi sự tò mò, sáng tạo và niềm hứng khởi trí tuệ của sinh viên trở thành động lực thúc đẩy chất lượng học thuật.
Hiện, cộng đồng học thuật của Đại học Brown có hơn 7.200 sinh viên đại học, hơn 3.100 sinh viên cao học cùng hàng nghìn sinh viên chương trình mùa hè. Trường cũng có hơn 1.200 bác sĩ nội trú và nghiên cứu sinh y khoa, gần 900 giảng viên cơ hữu và hơn 2.400 giảng viên lâm sàng.
Tại ngôi trường Ivy League này, tổng chi phí cho một năm học là hơn97.000 USD, đã bao gồm học phí, ký túc xá, giáo trình và các khoản phí khác liên quan. Ngoài các khoản học bổng dành cho tân sinh viên, học viên cao học, nhà trường còn có thêm nhiều khoản hỗ trợ tài chính không hoàn trả, đồng thời hỗ trợ sinh viên làm thủ tục vay vốn trong thời gian học đại học.
Đại học Brown là ngôi trường có thế mạnh về nghiên cứu chuyên sâu ở nhiều lĩnh vực như nghệ thuật, kinh tế, ngôn ngữ và văn học. Trường được QS đánh giá hạng 25 ở ngành Nghiên cứu phát triển, hạng 30 về Kinh tế và Kinh tế lượng, hạng 36 về Ngôn ngữ và Văn học Anh. Trong bảng xếp hạng đại học thế giới năm 2026 của QS, ngôi trường này xếp hạng 69 với tổng điểm đánh giá 76,2.
Hiện nay, Đại học Brown có 89 chương trình cử nhân, 31 chương trình thạc sĩ, 45 chương trình tiến sĩ cùng một chương trình MBA. Đối với chương trình thạc sĩ online mà 'rich kid' Chao mới trúng tuyển, hiện trường cung cấp hàng loạt chương trình ở nhiều lĩnh vực, ngành học khác nhau như sức khoẻ, công nghệ, y sinh, quản trị...
Tại Đại học Brown, sinh viên và giảng viên cũng đang trực tiếp tham gia giải quyết những thách thức lớn của thời đại như thám hiểm Sao Hỏa, nghiên cứu các nền văn minh cổ đại, đến tư vấn chính sách cho các nhà lãnh đạo và mở rộng biên giới nghệ thuật đa phương tiện. Brown đồng thời xây dựng một cộng đồng học tập dựa trên sự tôn trọng đa dạng quan điểm, coi đây là nền tảng của khám phá trí tuệ. Nhà trường khuyến khích quyền tự do bày tỏ ý tưởng và đề cao tranh luận sôi nổi như một phần không thể thiếu trong hành trình theo đuổi tri thức.
Thị trường lao động thay đổi chóng mặt, để tồn tại, con người cần học tập suốt đời. Trong bối cảnh đó, tạp chí Tri Thức - Znews giới thiệu tới độc giả cuốnHọc tập suốt đờicủa tác giả Michelle R.Weise.
Tác phẩm cung cấp cho độc giả những đánh giá về thị trường lao động tương lai, những giải pháp cho nhu cầu vừa học vừa làm đang ngày một tăng, cùng với đó là đưa ra những cách kết nối để quá trình chuyển đổi “học-làm” diễn ra thuận lợi hơn. Từ đó, tác giả nêu lên vai trò của việc học tập suốt đời.

Rich kid Tiên Nguyễn có nền tảng học vấn vững chắc, được xây dựng tại môi trường quốc tế từ bậc phổ thông đến đại học, thạc sĩ.
13:28 29/10/2025"
https://znews.vn/nhung-cot-moc-thien-van-dang-cho-doi-nhat-nam-2026-post1615912.html,Những cột mốc thiên văn đáng chờ đợi nhất năm 2026,"Theo Universe Space Tech, trong suốt cả năm 2026, hàng loạt trận mưa sao băng sẽ diễn ra, xen kẽ với nhật thực và nguyệt thực.","Ảnh ghép toàn cảnh trận mưa sao băng Geminid năm 2025. Ảnh:Marzena Rogozińska và Lukasz Remkowicz.
Năm 2026 hứa hẹn mang đến loạt sự kiện kỳ thú cho những người yêu thiên văn. Từ các trận mưa sao băng đến những lần nhật thực, nguyệt thực hiếm hoi. Mỗi tháng đều có hiện tượng đáng để ngước nhìn.
Trong suốt cả năm, hàng loạt trận mưa sao băng sẽ diễn ra. Dù đây là hiện tượng thường niên, song điều kiện quan sát mỗi năm lại khác nhau. Yếu tố quyết định là Mặt Trăng, bởi khi trăng sáng, số lượng sao băng nhìn thấy vào ban đêm sẽ giảm đáng kể.
Nguyệt thực toàn phần dự kiến xảy ra vào ngày 3/3. Ảnh:PA.
Năm 2026 có tổng cộng 4 lần nhật thực và nguyệt thực. Cụ thể, nhật thực đầu tiên là nhật thực hình khuyên, xảy ra vào ngày 17/2, khi Mặt Trăng ở gần điểm xa Trái Đất nhất.
Khi đạt cực đại, Mặt Trời không bị che kín hoàn toàn mà để lại một vành sáng mỏng. Hiện tượng này chủ yếu quan sát được ở Nam Cực và một phần bờ nam châu Phi, Nam Mỹ.
Nhật thực này đi kèm với nguyệt thực toàn phần vào ngày 3/3. Nguyệt thực có thể quan sát ở mọi nơi nhìn thấy Mặt Trăng, nhưng rõ nhất là khu vực Thái Bình Dương như Hawaii, Fiji, New Zealand.
Nhật thực toàn phần tiếp theo diễn ra ngày 12/8, có thể quan sát tốt ở Greenland, Iceland, Bồ Đào Nha và Tây Ban Nha.
Cuối cùng là nguyệt thực một phần vào đêm 27-28/8, tới 93% Mặt Trăng sẽ bị bóng Trái Đất che khuất. Điều kiện quan sát thuận lợi nhất là ở Nam Mỹ, nhưng pha cực đại cũng có thể quan sát được từ phía đông Bắc Mỹ.
Trong các hiện tượng thiên văn, sao chổi khó dự báo nhất, chỉ kém sự bất định của siêu tân tinh và tân tinh.
Đến cuối năm 2025, giới thiên văn vẫn chưa ghi nhận sao chổi nào đủ sáng và dễ quan sát bằng mắt thường trong năm 2026. Tuy nhiên, một số sao chổi vẫn có thể theo dõi bằng ống nhòm hoặc kính thiên văn nhỏ.
Sao chổi C/2025 A6 (Lemmon) phía trên Đài quan sát Starfront. Ảnh:Bray Falls.
Khoảng 10 ngày cuối tháng 4 được đánh giá là thuận lợi để quan sát sao chổi C/2025 R3 (PANSTARRS) vào thời điểm gần rạng sáng. Ngày 19/4, sao chổi này sẽ đạt cận nhật với độ sáng khoảng +6,7. Đến ngày 26/4, khi tiến gần Trái Đất nhất, độ sáng có thể tăng lên khoảng +3,2, thậm chí cao hơn theo những dự báo lạc quan.
Một sao chổi đáng chú ý khác là 10P/Tempel 2. Đầu tháng 8, nó sẽ đi qua cận nhật và ở gần Trái Đất nhất, vị trí gần đối xứng với Mặt Trời. Dù vậy, ánh trăng sáng vào các ngày 2-3/8 sẽ gây bất lợi cho việc quan sát, ngày 26-27/7 là lựa chọn phù hợp hơn.
Với độ sáng khoảng +6,9, sao chổi này có thể quan sát bằng ống nhòm hoặc kính thiên văn nhỏ, dù ở nhiều khu vực, nó vẫn nằm khá thấp so với đường chân trời.
Ngoài những sao chổi đã được biết đến, giới khoa học cũng không loại trừ khả năng trong năm 2026 sẽ phát hiện một sao chổi mới, và ngôi sao này có thể đủ sáng để chiêm ngưỡng bằng mắt thường vào cuối năm.
Từ năm 2024, giới vật lý thiên văn đặc biệt chú ý đến T Coronae Borealis, một hệ sao hiếm thuộc nhóm nova tái diễn - những ngôi sao chỉ bùng sáng vài chục năm một lần.
Trong số rất ít hệ sao như vậy của ngân hà, đây là trường hợp duy nhất mà khi bùng nổ, độ sáng có thể đạt mức nhìn thấy rõ bằng mắt thường, gần ngang với sao Bắc Cực.
Về mặt khoa học, hiện tượng nova xảy ra trong một hệ hai sao, nơi sao lùn trắng liên tục hút vật chất từ ngôi sao đồng hành là một sao khổng lồ đỏ. Khi hydro tích tụ đạt ngưỡng, một phản ứng nhiệt hạch dữ dội bùng phát trên bề mặt sao lùn trắng, khiến độ sáng của ngôi sao tăng đột ngột hàng nghìn lần chỉ trong vài giờ.
Lịch sử cho thấy T Coronae Borealis đã bùng sáng rõ vào các năm 1866 và 1946. Dựa trên những dữ liệu này, các nhà khoa học ước tính chu kỳ bùng nổ của nó vào khoảng 80 năm. Những tín hiệu bất thường xuất hiện trong giai đoạn 2018-2023 càng củng cố nhận định rằng một đợt bùng sáng mới có thể sắp xảy ra.
Vì thế, không chỉ giới chuyên nghiệp mà cả những người yêu thích thiên văn đang dõi theo từng biến động của ngôi sao này, sẵn sàng chứng kiến một trong những sự kiện thiên văn hiếm hoi có thể nhìn thấy bằng mắt thường.
Thị trường lao động thay đổi chóng mặt, để tồn tại, con người cần học tập suốt đời. Trong bối cảnh đó, tạp chí Tri Thức - Znews giới thiệu tới độc giả cuốnHọc tập suốt đờicủa tác giả Michelle R.Weise.
Tác phẩm cung cấp cho độc giả những đánh giá về thị trường lao động tương lai, những giải pháp cho nhu cầu vừa học vừa làm đang ngày một tăng, cùng với đó là đưa ra những cách kết nối để quá trình chuyển đổi “học-làm” diễn ra thuận lợi hơn. Từ đó, tác giả nêu lên vai trò của việc học tập suốt đời.

Mặt Trăng ở Song Tử vào thứ năm (1/1/2026), mang lại vận may cho những cung hoàng đạo này.
10:18 1/1/2026"
https://znews.vn/nha-khoa-hoc-tre-tphcm-tao-vat-lieu-nano-huong-toi-dieu-tri-ung-thu-post1616387.html,Nhà khoa học trẻ TP.HCM tạo vật liệu nano hướng tới điều trị ung thư,"Từ phòng thí nghiệm tại Đại học Quốc gia TP.HCM, nhà khoa học trẻ Mai Ngọc Xuân Đạt phát triển vật liệu nano dẫn truyền thuốc trúng đích, mở ra hướng mới trong điều trị ung thư.","TS Mai Ngọc Xuân Đạt nhận giải thưởng Khoa học - Công nghệ Quả cầu vàng năm 2025.
TP.HCMvừa tuyên dương 12 gương Công dân trẻ tiêu biểu năm 2025, là những cá nhân dưới 35 tuổi có đóng góp nổi bật cho sự phát triển của thành phố.
Trong danh sách này, TS Mai Ngọc Xuân Đạt (SN 1992), Nghiên cứu viên Viện Công nghệ Vật liệu tiên tiến (Đại học Quốc gia TP.HCM), là gương mặt khoa học xuất sắc được vinh danh nhờ các công trình vật liệu nano ứng dụng trong điều trịung thư, hướng tới giảm tác dụng phụ và nâng cao hiệu quả điều trị cho bệnh nhân.
TS Mai Ngọc Xuân Đạt sớm bộc lộ niềm đam mê với các thí nghiệm ngay từ những ngày học ngành Công nghệ sinh học tại Trường Đại học Khoa học Tự nhiên, Đại học Quốc gia TP.HCM. Những phản ứng, biến đổi nhỏ bé trong các ống nghiệm, vốn khiến nhiều bạn trẻ nản chí nhưng lại là thứ níu kéo anh ở lại phòng thí nghiệm không dứt. “Cảm giác khám phá điều chưa biết khiến tôi mê mẩn”, TS Đạt chia sẻ.
Chính sự tò mò ấy đã dẫn dắt anh đến một cột mốc quan trọng - nhận học bổng cao học tại Đại học Gachon (Hàn Quốc), nơi anh tiếp cận môi trường nghiên cứu quốc tế nghiêm túc và đặt nền móng cho hành trình khoa học chuyên sâu hơn sau này.
Sau khi trở về Việt Nam hoàn thành chương trình tiến sĩ, Đạt lựa chọn gắn bó với Viện Công nghệ Vật liệu tiên tiến, Đại học Quốc gia TP.HCM. Đây chính là nơi anh xây dựng những ý tưởng, nung nấu những thử nghiệm đầu tiên để rồi dần dần phát triển thành công các vật liệu nano - sản phẩm khoa học có thể góp phần thay đổi diện mạo điều trị y học tại Việt Nam.
Một trong những đóng góp nổi bật nhất của TS Xuân Đạt chính là việc phát triển hệ vật liệu nano silica hữu cơ phân hủy sinh học, với khả năng dẫn truyền thuốc đến đúng vị trí tế bào bệnh, kiểm soát tốc độ giải phóng dược chất theo lộ trình điều trị và giảm thiểu tối đa tác dụng phụ cho người bệnh. Điều này không chỉ tăng hiệu quả của dược chất hóa trị mà còn giúp giảm gánh nặng tài chính, thể chất và tinh thần cho bệnh nhân ung thư.
TS Đạt cho rằng nếu ví mỗi phân tử nano như một “người đưa thư siêu nhỏ”, thì nhiệm vụ của chúng là “đi đến đúng địa chỉ, thực hiện nhiệm vụ, rồi biến mất khi hoàn thành công việc”. Điều này nghe có vẻ đơn giản, nhưng để thiết kế được một hệ vật liệu mang thuốc trúng đích, giải phóng có kiểm soát và phân hủy sinh học an toàn, đó thực sự là một bước tiến khoa học đáng kể trong bối cảnh y - dược học hiện đại.
Không chỉ dừng lại ở một hướng ứng dụng duy nhất, các vật liệu mà TS Đạt cùng nhóm nghiên cứu phát triển còn được kỳ vọng mở rộng ra nhiều lĩnh vực khác như chẩn đoán hình ảnh (bioimaging), cảm biến sinh học, y học tái tạo, và ứng dụng trong môi trường và năng lượng.
TS Mai Ngọc Xuân Đạt trao đổi kết quả thí nghiệm với sinh viên.
Trong hơn 7 năm làm việc tại Viện Công nghệ Vật liệu tiên tiến, Đạt đã chủ trì và tham gia hơn 10 đề tài khoa học ở nhiều cấp độ, từ cơ sở, cấp Đại học Quốc gia đến các chương trình của Bộ KH&CN và Quỹ NAFOSTED.
Một số chỉ số nổi bật trong hồ sơ của anh có thể kể đến như 31 bài báo khoa học quốc tế thuộc nhóm Q1, 10 bài báo quốc tế Q2, 7 bài báo khoa học trong nước, 2 poster khoa học xuất sắc tại hội thảo quốc tế, bằng độc quyền sáng chế quốc gia và một bằng sáng chế được bảo hộ tại Mỹ về thiết bị nano dẫn truyền thuốc và phương pháp tổng hợp điều trị ung thư.
Những con số này không chỉ là thành quả cá nhân, mà còn tạo ra một nền tảng vững chắc để cả cộng đồng nghiên cứu trong nước phát triển các ứng dụng tiếp theo, hướng tới việc thương mại hoá sản phẩm nghiên cứu trong tương lai gần.
Hành trình nghiên cứu của TS Đạt không phải lúc nào cũng dễ dàng. Anh chia sẻ đã ba năm liên tiếp, anh gửi hồ sơ để ứng tuyển Giải thưởng Khoa học công nghệ Quả cầu vàng - một trong những giải thưởng uy tín dành cho các tài năng trẻ dưới 35 tuổi trong lĩnh vực khoa học công nghệ.
Đến năm 2025, anh đã được chọn là một trong 10 nhà khoa học trẻ xuất sắc nhận giải thưởng này nhờ công trình phát triển vật liệu nano silica hữu cơ phân hủy sinh học. Đây không chỉ là sự ghi nhận năng lực nghiên cứu, mà còn là lời khẳng định về giá trị thực tiễn của những công trình khoa học có thể “chạm tới cuộc sống”, phục vụ cộng đồng.
Với anh, giải thưởng không phải là điểm dừng, mà là nguồn động viên để tiếp tục tiến lên, tiếp tục đóng góp cho nền y học nước nhà và truyền cảm hứng cho thế hệ trẻ theo đuổi khoa học.
Không chỉ dừng lại ở thành tựu khoa học, Mai Ngọc Xuân Đạt còn được đánh giá cao về tinh thần đóng góp cho cộng đồng khoa học trẻ tại TP.HCM. Anh từng trao đổi, đề xuất với lãnh đạo thành phố tại các diễn đàn nghiên cứu trẻ về việc xây dựng các quỹ hỗ trợ khoa học công nghệ, tạo điều kiện phát triển cho các nhóm nghiên cứu tiềm năng và thúc đẩy kết nối giữa nghiên cứu và ứng dụng thực tế.
Việc anh được lựa chọn là một trong 12 Công dân trẻ tiêu biểu TP.HCM năm 2025 chính là lời khẳng định mạnh mẽ về sự đóng góp ấy.
Bạn đang cảm thấy mình đã quá tuổi để học?

Nếu bạn có hiệu suất công việc tốt, chuyên môn cao nhưng mãi không thăng tiến, nguyên nhân có thể nằm ở cách bạn giao tiếp và tương tác với đồng nghiệp và cấp trên.
5 giờ trước"
https://znews.vn/loat-truong-o-ha-noi-to-chuc-thi-rieng-de-tuyen-sinh-lop-10-post1614603.html,Loạt trường ở Hà Nội tổ chức thi riêng để tuyển sinh lớp 10,"Các trường THPT tư thục tại Hà Nội tổ chức kiểm tra, đánh giá, xét học bạ và nhiều phương thức khác để tuyển sinh vào lớp 10 năm học 2026-2027.","Thí sinh trong kỳ thi vào lớp 10 tại Hà Nội năm 2025. Ảnh:Đinh Hà.
Theo thông báo, năm 2026,trường Archimedessẽ tuyển 270 học sinh lớp 10. Trường sử dụng 5 phương thức tuyển sinh, gồm xét tuyển thẳng và cấp học bổng; xét học bạ và phỏng vấn Toán, Tiếng Anh; xét điểm thi vào các trường chuyên; xét điểm thi vào lớp 10 do Sở GD&ĐT tổ chức; xét điểm bài thi do trường tổ chức.
Trong đó, trường tổ chức 3 đợt thi rà soát kiến thức, vào các ngày 22/3, 19/4 và 10/5. Cấu trúc đề thi theo định dạng bài thi tuyển sinh vào lớp 10 củaHà Nội. Học sinh chọn môn Tiếng Anh hoặc môn thi thứ 3 khác do Sở GD&ĐT Hà Nội công bố.
Điểm xét tuyển = Toán + Ngữ văn + Tiếng Anh/Môn lựa chọn
Các mốc thời gian phụ huynh cần lưu ý như sau:
Năm học 2026-2027,trườngNguyễn Siêutuyển 300 học sinh lớp 10. Trong đó, 50% chỉ tiêu dành cho học sinh lớp 10 AS - Alevels, 50% cho lớp 10AE (lớp Anh ngữ học thuật tăng cường).
Với lớp 10AE, trường ưu tiên tuyển học sinh chỉ có nguyện vọng duy nhất vào lớp 10 của trường và thỏa mãn điều kiện đầu vào. Học sinh lớp 9AE của trường được cộng điểm ưu tiên khi chuyển cấp nội bộ.
Trường cũng ưu tiên tuyển các học sinh có IELTS từ 6.0 trở lên; xét cấp học bổng đầu cấp cho những học sinh đạt thành tích cao trong quá trình học tập cấp THCS và có các giải thưởng.
Thí sinh phải trải qua xét tuyển với các yếu tố gồm nguyện vọng gia đình quá trình học tập, sức khỏe, trắc nghiệm tâm lý. Sau đó, các em phải làm bài kiểm tra đánh giá lực môn Toán, Ngữ văn và Tiếng Anh. Hình thức gồm kiểm tra trên máy tính, kiểm tra trên giấy và phỏng vấn.
Với học sinh đang học lớp 9 tại trường, trường đã kiểm tra đánh giá vào tuần 4 của tháng 12/2025 đối. Từ ngày 16/3, trường nhận đơn đăng ký của học sinh trường khác, kiểm tra, đánh giá năng lực học tập vào tuần 2 của tháng 4/2026.
Nếu còn chỉ tiêu, trường xét kết quả thi vào lớp 10 do Sở GD&ĐT Hà Nội tổ chức.
Các trường tư thục sử dụng đa dạng phương thức tuyển sinh. Ảnh minh họa:Đinh Hà.
Trường Tiểu học - THCS - THPT Ngôi sao Hoàng Maithông báo sẽ tuyển thẳng những học sinh đoạt huy chương, giải cao tại các kỳ thi. Các em phải nộp hồ sơ và bài luận về bản thân (bằng tiếng Việt hoặc tiếng Anh, tối đa 1.000 từ). Nhà trường sẽ xét hồ sơ và phỏng vấn học sinh. Thời gian đánh giá diễn ra từ tháng 12/2025 đến tháng 2/2026.
Phương thức thứ hai là xét tuyển dựa vào kết quả kỳ thi học bổng, diễn ra vào ngày 10/01/2026.
Thứ ba, trường xét tuyển bằng kết quả thi vào các trường THPT chuyên, gồm chuyên Khoa học Tự nhiên, Ngoại ngữ, Sư phạm, Hà Nội - Amsterdam, chuyên Nguyễn Huệ và chuyên Chu Văn An. Đối tượng xét tuyển là những học sinh có điểm thi vào các trường chuyên thấp hơn so với điểm chuẩn 2 điểm.
Cuối cùng, trường xét tuyển bằng kết quả thi vào lớp 10 do Sở GD&ĐT Hà Nội tổ chức. Ngoài điểm thi, học sinh phải tham gia phỏng vấn với ban giám hiệu.
TrườngMarie Curiecũng đã công bố thông tin tuyển sinh ngay ngày đầu năm mới. Trong đó, tại cơ sở Mỹ Đình, trường tuyển 400 chỉ tiêu lớp 10, cơ sở Văn Phú 560 chỉ tiêu, cơ sở Việt Hưng 600 chỉ tiêu. Trường sẽ xét điểm kỳ thi vào lớp 10 do Sở GD&ĐT Hà Nội tổ chức.
Trường THPT FPT (Hòa Lạc)dự kiến tuyển 750 học sinh lớp 10. Trường xét tuyển bằng 4 phương thức gồm xét học bạ, xét điểm thi vào lớp 10 do Sở GD&ĐT tổ chức, xét thành tích học tập và xét thí sinh có khả năng, năng lực đặc biệt.
Trong đó, với xét học bạ, trường xét tổng điểm trung bình ba môn Toán, Ngữ văn, Ngoại ngữ trong năm lớp 8 và học kỳ 1 lớp 9. Học sinh phải đạt từ 60 điểm trở lên. Ngoài ra, kết quả rèn luyện 4 năm đạt từ loại khá trở lên.
Với xét tuyển dựa vào thành tích học tập, trường tuyển học sinh giỏi 3 năm THCS; học sinh đạt giải quốc gia năm lớp 9 về văn nghệ, thể dục thể thao, cuộc thi khoa học kỹ thuật; học sinh đạt giải khuyến khích trở lên trong kỳ thi học sinh giỏi cấp tỉnh/thành phố các môn văn hóa, máy tính cầm tay, Tin học trẻ...
Trong khi đó,trường THPT Lý Thái Tổtuyển 480 học sinh lớp 10. Điều kiện chung với tất cả học sinh xét tuyển vào trường là hoàn thành chương trình tiếng Anh 4 năm THCS, học lực từ khá trở lên trong 4 năm THCS.
Với học sinh đang học tại hệ thống, trường sẽ tuyển sinh theo tiêu chí nội bộ. Với những học sinh còn lại, trường tuyển sinh 3 đợt và xét tuyển bằng học bạ bậc THCS.
Điểm xét tuyển = Điểm THCS + Điểm ưu tiên (nếu có)
Trong đó, điểm THCS là tổng số điểm tính theo kết quả học tập và kết quả rèn luyện của 4 năm học THCS, riêng lớp 9 lấy kết quả học kỳ I. Cụ thể như sau:
Điểm ưu tiên dành cho học sinh đạt giải trong các cuộc thi văn nghệ, thể dục thể thao do cấp phường, sở, bộ tổ chức.
Ngoài xét tuyển học bạ,trường THCS & THPT Nguyễn Bỉnh Khiêmcòn xét tuyển theo điểm thi vào 10 của Sở GD&ĐT Hà Nội và phỏng vấn, hướng dẫn với một số trường hợp. Trường dự kiến tuyển 675 chỉ tiêu với bốn mô hình lớp: Song ngữ, chuyên Anh, chuyên Toán, chất lượng cao.
Thị trường lao động thay đổi chóng mặt, để tồn tại, con người cần học tập suốt đời. Trong bối cảnh đó, tạp chí Tri Thức - Znews giới thiệu tới độc giả cuốnHọc tập suốt đờicủa tác giả Michelle R.Weise.
Tác phẩm cung cấp cho độc giả những đánh giá về thị trường lao động tương lai, những giải pháp cho nhu cầu vừa học vừa làm đang ngày một tăng, cùng với đó là đưa ra những cách kết nối để quá trình chuyển đổi “học-làm” diễn ra thuận lợi hơn. Từ đó, tác giả nêu lên vai trò của việc học tập suốt đời.

Bộ sách “Kết nối tri thức với cuộc sống” của NXB Giáo dục Việt Nam được lựa chọn là bộ sách giáo khoa sử dụng thống nhất toàn quốc từ năm học 2026-2027.
22:10 26/12/2025"
https://znews.vn/de-nghi-dieu-tra-hanh-vi-xuyen-tac-noi-dung-sach-giao-khoa-post1616251.html,Đề nghị điều tra hành vi xuyên tạc nội dung sách giáo khoa,"Bộ GD&ĐT đề nghị cơ quan chức năng xác minh, làm rõ động cơ, mục đích của việc tạo dựng, phát tán các thông tin, bình luận thất thiệt, xuyên tạc nội dung lịch sử trong sách giáo khoa.","Bộ GD&ĐT chỉ ra một số tài khoản lan truyền thông tin xuyên tạc nội dung sách giáo khoa. Ảnh:Ngọc Bích.
Thông tin trên được Bộ GD&ĐT đưa ra vào chiều 2/1. Thời gian gần đây, mạng xã hội xuất hiện một số thông tin, bình luận thất thiệt, xuyên tạc nội dung lịch sử trong bộ sách giáo khoaKết nối tri thức với cuộc sống, tạo ra những đánh giá sai lệch về nội dung của bộ sách.
Các thông tin xuyên tạc bao gồm: Sách giáo khoa Lịch sử - Địa lý lớp 5 chỉ có nội dung dạy về Nguyễn Ánh (Gia Long) nhưng không dạy về Quang Trung - phong trào Tây Sơn. Từ đó đi đến phủ nhận vô căn cứ nội dung lịch sử trong sách giáo khoa.
Bộ nhận định những nội dung xuyên tạc này có thể tạo ra sự lo lắng, nghi ngờ chất lượng bộ sách, gây hoang mang xã hội, ảnh hưởng tới chủ trương lớn của Đảng và Nhà nước về giáo dục và đào tạo.
Bộ đã tổ chức rà soát, kết quả cho thấy nội dung dạy học về Quang Trung và phong trào Tây Sơn được bố trí đầy đủ, có hệ thống, từ THCS như lớp 8 (môn Lịch sử và Địa lý) đến THPT như lớp 11 (môn Lịch sử).
Cùng với đó, nội dung dạy học về nhà Nguyễn với tư cách là một triều đại được thể hiện khách quan, đầy đủ. Trong đó, nội dung về Nguyễn Ánh được bố trí theo mạch logic lịch sử ở lớp 5, lớp 7 và lớp 8 (môn Lịch sử và Địa lý), lớp 11 (môn Lịch sử).
Việc bố trí các nội dung trên trong bộ sáchKết nối tri thức với cuộc sốngphù hợp với logic tiến trình lịch sử, phù hợp với mục tiêu và đặc điểm tâm lý lứa tuổi, thể hiện đúng quan điểm của chương trình giáo dục phổ thông 2018: Không tiếp cận lịch sử theo hướng thần tượng hóa hay phán xét đạo đức cá nhân; đặt nhân vật và sự kiện trong bối cảnh lịch sử cụ thể; bảo đảm tính khoa học, khách quan, cân bằng trong giáo dục lịch sử.
Bộ GD&ĐT khẳng định việc cho rằng sách giáo khoaKết nối tri thức với cuộc sốngkhông dạy hoặc coi nhẹ Quang Trung - phong trào Tây Sơn là bóp méo thông tin và vu khống có chủ đích.
Việc sách giáo khoa môn Lịch sử - Địa lý lớp 5 học bàiSự ra đời của nhà Nguyễnlà phù hợp với mạch lịch sử và mục tiêu chương trình, không thể tách rời khỏi tổng thể nội dung đã học ở các lớp trước và sẽ tiếp tục học ở các lớp sau.
Hiện tại, Bộ GD&ĐT đã có văn bản đề nghị Bộ Công an và các cơ quan chức năng xác minh, làm rõ động cơ, mục đích của việc tạo dựng, phát tán các thông tin, bình luận thất thiệt, xuyên tạc nội dung lịch sử trong sách giáo khoa để xử lý nghiêm các vi phạm (nếu có) nhằm bảo đảm an ninh chính trị trong lĩnh vực giáo dục và đào tạo.
Cùng với đó, Bộ GD&ĐT đề nghị người dân không chia sẻ thông tin nêu trên, không đưa ra các bình luận thiếu căn cứ, cơ sở liên quan đến nội dung này.
Thị trường lao động thay đổi chóng mặt, để tồn tại, con người cần học tập suốt đời. Trong bối cảnh đó, tạp chí Tri Thức - Znews giới thiệu tới độc giả cuốnHọc tập suốt đờicủa tác giả Michelle R.Weise.
Tác phẩm cung cấp cho độc giả những đánh giá về thị trường lao động tương lai, những giải pháp cho nhu cầu vừa học vừa làm đang ngày một tăng, cùng với đó là đưa ra những cách kết nối để quá trình chuyển đổi “học-làm” diễn ra thuận lợi hơn. Từ đó, tác giả nêu lên vai trò của việc học tập suốt đời.

Đại biểu quốc hội cho rằng không nên coi các bộ sách giáo khoa không được chọn là sách thừa, mà cần tiếp tục khai thác một cách hợp lý.
14:47 31/12/2025"
https://znews.vn/khoa-hoc-chi-ra-diem-chung-cua-nhung-nguoi-ngau-post1616181.html,Khoa học chỉ ra điểm chung của những người ngầu,"Dù khác biệt về nơi sống, văn hoá, quốc tịch, những người ngầu vẫn có những đặc điểm tính cách giống nhau.","Diễn viên Pedro Pascal trong buổi ra mắt phimFrom The World Of John Wick: Ballerina. Ảnh:The Independent.
Những người được coi là “ngầu” có chung 6 đặc điểm tính cách, bất kể khác biệt văn hóa hay quốc tịch. Đây là thông tin được công bố trong một nghiên cứu mới công bố trên tạp chíJournal of Experimental Psychology.
TheoThe Independent, nghiên cứu được thực hiện trong giai đoạn 2018-2022, dựa trên các thí nghiệm tâm lý với khoảng 6.000 người trưởng thành đến từ 13 quốc gia và vùng lãnh thổ, bao gồm Mỹ, Australia, Trung Quốc, Đức, Ấn Độ, Hàn Quốc và Thổ Nhĩ Kỳ.
Người tham gia được yêu cầu nghĩ về một người mà họ cho là “ngầu”, “không ngầu”, “tốt” hoặc “không tốt”, sau đó đánh giá tính cách và hệ giá trị của người đó. Từ dữ liệu thu thập được, nhóm nghiên cứu so sánh sự khác biệt giữa người “ngầu”, “không ngầu” và “tốt”.
Kết quả nghiên cứu cho thấy bất chấp khác biệt về bối cảnh văn hóa, những người ngầu đều được nhìn nhận là hướng ngoại, ưa hưởng thụ, có quyền lực, thích mạo hiểm, cởi mở và tự chủ.
Ngược lại, những người được đánh giá là “tốt” thường gắn với các đặc điểm như tuân thủ, truyền thống, an toàn, ấm áp, dễ hòa hợp, tận tâm và điềm tĩnh.
Tuy nhiên, các nhà nghiên cứu lưu ý rằng “ngầu” không đồng nghĩa với “tốt” theo nghĩa đạo đức. Sự phát triển toàn cầu của ngành thời trang, âm nhạc và điện ảnh đã khiến khái niệm này dần kết tinh quanh một nhóm giá trị và đặc điểm tương tự, đồng thời trở nên thân thiện hơn với thương mại.
Theo nhóm tác giả, việc những người ngầu trên khắp thế giới được nhìn nhận với một loạt đặc điểm tương đồng cho thấy “ngầu” là một khái niệm có ý nghĩa, giúp lý giải cách con người thiết lập thứ bậc xã hội và thúc đẩy thay đổi trong các chuẩn mực văn hóa.
Nhóm nghiên cứu đồng thời cho rằng kết quả này cho thấy vai trò của truyền thông đại chúng trong việc chuẩn hóa khái niệm “ngầu” trên phạm vi toàn cầu.
Ngoài ra, đồng tác giả chính Todd Pezzuti cho rằng xã hội luôn cần những cá nhân được xem là ngầu, bởi họ thường thách thức chuẩn mực, thúc đẩy đổi mới và tạo ra thay đổi văn hóa.
Ông nhấn mạnh khái niệm này bắt nguồn từ các tiểu văn hóa mang tính phản kháng như giới nhạc sĩ jazz da màu thập niên 1940 hay phong trào beatnik những năm 1950. Khái niệm này ngày càng trở nên quan trọng trong bối cảnh xã hội đề cao sáng tạo và biến chuyển nhanh.
Cuốn sáchGiải mã trẻ cá biệt - Hiểu, Hợp tác, Hành độngcủa tiến sĩ Ross W. Greene mở ra một góc nhìn toàn diện và nhân văn hơn về những trẻ bị gắn mác ""cá biệt"". Thay vì trừng phạt, chúng ta có thể giúp các em rèn luyện những kỹ năng thiếu hụt để biến đổi hành vi.
Cuốn sách không chỉ mang đến những nghiên cứu khoa học tâm lý hành vi sâu sát, mà còn cung cấp phương pháp giáo dục thực tiễn, giúp phụ huynh và giáo viên áp dụng hiệu quả.

Tháng sinh có thể ảnh hưởng đến tham vọng, khả năng lãnh đạo và tầm ảnh hưởng của mỗi người. Một số tháng sinh và cung Mặt Trời cho là sở hữu nhiều đặc điểm nổi trội hơn.
20:40 30/11/2025"
https://znews.vn/vi-sao-chung-ta-de-thay-chan-nan-mat-dong-luc-trong-nam-moi-post1616227.html,"Vì sao chúng ta dễ thấy chán nản, mất động lực trong năm mới?","Bước qua năm mới, thay vì hào hứng với những dự định mới, nhiều người lại cảm thấy mất động lực, từ chối thay đổi bản thân.","Nhiều người bước sang năm mới với tâm thế ít hào hứng, chán nản. Ảnh:Pexels.
Khởi đầu năm mới từ lâu được xem là thời điểm vàng cho những thay đổi cá nhân. Một nghiên cứu được công bố trênINFORMSvào năm 2014 từng chỉ ra rằng những mốc thời gian trên lịch như sinh nhật, thứ hai hay năm mới có thể đóng vai trò như điểm tái thiết lập trong tâm trí.
Những mốc thời gian này khiến con người dễ nhìn lại cuộc sống và đặt ra mục tiêu mới. Hiện tượng này được các nhà khoa học gọi là “hiệu ứng khởi đầu mới”.
Tuy nhiên, thực tế cho thấy không ít người bước sang năm mới với tâm thế kém hào hứng hơn trước. Họ trở nên kiệt quệ, không còn muốn tham gia vào những hoạt động mới hay theo đuổi mục tiêu mới cho bản thân. Thậm chí, đứng trước những lời kêu gọi phải thay đổi, họ lại trở nên hoài nghi, thu mình hoặc tách biệt khỏi tập thể.
Một trong những vấn đề lớn nhất gây ra cảm giác chán nản trong năm mới chính là việcđặt mục tiêu. Thông thường, chúng ta thường tự đặt cho mình những mục tiêu rất lớn như điều chỉnh chế độ ăn uống, ngủ nhiều hơn hoặc phải thành thạo một ngôn ngữ mới.
Các nhà tâm lý học nhấn mạnh đây là một sai lầm bởi con người không được ""lập trình"" để thực hiện những thay đổi lớn và đột ngột như vậy. Do đó, khi vừa qua năm mới và đối mặt với những mục tiêu lớn lao, con người có xu hướng chán nản, dễ mất động lực và không còn muốn hoàn thành những mục tiêu đã đề ra.
Một nguyên nhân khác khiến nhiều người cảm thấy chán nản khi năm mới vừa qua chính là họchưa thực sự sẵn sàng cho sự thay đổi. Điều này đã được lý giải trong một nghiên cứu của GS.TS Vlad Glăveanu tại Đại học Dublin City (Ireland) vào năm 2025.
Cụ thể, ông đã thực hiện một nghiên cứu với sự tham gia của các giáo viên trong một chương trình phát triển chuyên môn. Khi biết trường học hiện tại sắp bị phá dỡ và phải chuyển sang cơ sở mới, nhiều giáo viên cho biết họ cảm thấy mệt mỏi trước viễn cảnh phải bắt đầu lại thêm một lần nữa. Những giáo viên này không hề thấy hào hứng, ngược lại cảm thấy cạn kiệt, giảm động lực.
Dù ví dụ này không gắn trực tiếp với những nỗi buồn trong năm mới, nó vẫn phần nào lý giải vì sao những khởi đầu mới ngày càng trở nên nặng nề. Nhìn chung, khi đối mặt với những điều mới và có thể tiềm ẩn rủi ro, con người sẽ có xu hướng không sẵn sàng ủng hộ và dễ phản ứng ngược.
Vì vậy, thay vì theo đuổi sự đổi mới, lột xác hoàn toàn, các chuyên gia cho rằng vào ngày đầu năm mới, chúng ta chỉ nên đặt ra những mục tiêu nhẹ nhàng, thay vì ép bản thân phải thay đổi và trở nên hoàn hảo ngay tức thì.
Thị trường lao động thay đổi chóng mặt, để tồn tại, con người cần học tập suốt đời. Trong bối cảnh đó, tạp chí Tri Thức - Znews giới thiệu tới độc giả cuốnHọc tập suốt đờicủa tác giả Michelle R.Weise.
Tác phẩm cung cấp cho độc giả những đánh giá về thị trường lao động tương lai, những giải pháp cho nhu cầu vừa học vừa làm đang ngày một tăng, cùng với đó là đưa ra những cách kết nối để quá trình chuyển đổi “học-làm” diễn ra thuận lợi hơn. Từ đó, tác giả nêu lên vai trò của việc học tập suốt đời.

Đêm qua, hàng tỷ người trên thế giới đã đón năm 2026, bạn có bao giờ tự hỏi tại sao theo Dương lịch, ngày đầu năm mới lại là 1/1?
48:2874 hôm qua"
https://znews.vn/thong-nhat-bo-sach-giao-khoa-nhu-thay-cay-moi-de-vu-mua-boi-thu-post1615968.html,Thống nhất bộ sách giáo khoa: Như thay 'cày mới' để vụ mùa bội thu,"Giáo viên tin rằng việc thay đổi sách giáo khoa sẽ không gây ảnh hưởng lớn, học sinh vẫn có thể thích nghi và điều chỉnh các học tập, ôn thi phù hợp.","Học sinh trường Tiểu học Quốc tế Alaska trong tiết đọc tại thư viện. Ảnh:Đinh Hà.
Bộ sáchKết nối tri thức với cuộc sống(gọi tắt làKết nối) của NXB Giáo dục Việt Nam được lựa chọn là bộ sách giáo khoa sử dụng thống nhất toàn quốc từ năm học 2026-2027.
Trước thông tin mới, cô Phạm Anh, giáo viên tại một trường THCS tại Hà Nội, nhận về nhiều tin nhắn hỏi thăm từ cha mẹ học sinh. Một số phụ huynh bày tỏ lo lắng việc học tập, thi cử của con có thể bị ảnh hưởng nếu phải đổi sách giáo khoa. Tuy nhiên, cô giáo đã trấn an, nêu rằng việc thay đổi sách giáo khoa sẽ không ảnh hưởng quá nhiều đến việc học hay thi của trẻ.
Chia sẻ vớiTri Thức - Znews, cô Phạm Anh cho biết tại trường của cô công tác, những năm qua, học sinh đều học theo chương trình của bộ sách giáo khoaCánh diều.
Do đã quen với bộ sách hiện tại, cô Phạm Anh nhận định việc cha mẹ học sinh và các em lo lắng khi phải thay đổi bộ sách mới là điều dễ hiểu. Cô giáo ví việc thay đổi bộ sách giáo khoa mới cũng như người nông dân thay đổi dụng cụ sản xuất, sẽ hơi bỡ ngỡ trong thời gian đầu nhưng nhìn chung không ảnh hưởng đến năng suất và sản lượng thu hoạch.
Thay bộ sách giáo khoa mới cũng như người nông dân thay dụng cụ sản xuất, sẽ hơi bỡ ngỡ thời gian đầu nhưng nhìn chung không ảnh hưởng đến năng suất, sản lượng thu hoạch
Cô Phạm Anh, giáo viên trường THCS tại Hà Nội
Cá nhân cô Phạm Anh ủng hộ chủ trương thống nhất bộ sách giáo khoa bởi giúp học sinh trên cả nước tránh được tình trạng học lệch nội dung, trường hợp học sinh chuyển trường cũng sẽ bớt thời gian làm quen bộ sách mới. Ngoài ra, cô giáo tin rằng việc Bộ GD&ĐT thông báo sớm cũng giúp các trường có thời gian tập huấn cho giáo viên, học sinh cũng có thể tìm hiểu sớm về bộ sách mới.
Đồng quan điểm, trao đổi vớiTri Thức - Znews, thầy Võ Kim Bảo (giáo viên Ngữ văn tại trường THCS Nguyễn Du, TP.HCM) nhìn nhận việc thống nhất một bộ sách giáo khoa là chủ trương đúng đắn, giúp đảm bảo chất lượng, công bằng và ổn định cho giáo dục phổ thông.
Cụ thể, về phía học sinh và phụ huynh, việc dùng chung một bộ sách giúp giảm gánh nặng lựa chọn, học theo mạch kiến thức xuyên suốt, hạn chế chênh lệch nội dung học tập, nhất là trong trường hợp chuyển trường. Còn với giáo viên, một bộ sách sẽ thống nhất về cấu trúc bài học, cách tiếp cận, thuật ngữ, đồng thời đảm bảo đồng bộ trong kiểm tra, đánh giá.
Cả nước dùng chung bộ SGK từ năm học 2026-2027. Ảnh:Ngọc Bích.
Thầy Bảo cho biết hiện tại, với môn Ngữ văn, trường THCS Nguyễn Du đang sử dụng bộ sách giáo khoaChân trời sáng tạo. Khi thống nhất về một bộ sách, thầy giáo nhìn nhận giáo viên và học sinh sẽ gặp một số khó khăn nhất định.
Cụ thể, với giáo viên, các thầy cô phải dành thời gian nghiên cứu cấu trúc bài học, cách trình bày kiến thức và hệ thống câu hỏi, bài tập và soạn lại giáo án.
Với học sinh, do mỗi bộ sách lại có cách tiếp cận kiến thức, cách đặt câu hỏi, sử dụng ngữ liệu, triển khai bài học khác nhau, nên các em có thể lúng túng trong giai đoạn đầu. Do đó, giáo viên cần điều chỉnh lại cho những em học bộ sách khácKết nốiở năm học trước.
Học sinh TP.HCM trong kỳ thi vào lớp 10. Ảnh:Duy Hiệu.
Dù vậy, thầy Bảo cho rằng đây chỉ là những khó khăn nhỏ. Thuận lợi lớn nhất là giáo viên đã quen với chương trình giáo dục phổ thông 2018, trong đó, sách giáo khoa được nhìn nhận là công cụ, học liệu chứ không phải chuẩn kiến thức duy nhất. Do đó, dù với bộ sách nào, giáo viên vẫn có thể chủ động xây dựng kế hoạch dạy học, linh hoạt điều chỉnh nội dung và phương pháp giảng dạy.
Khi đã nắm vững mục tiêu của chương trình và yêu cầu cần đạt, việc thay đổi sách giáo khoa không còn là trở ngại quá lớn, mà chỉ là một khác biệt về hình thức thể hiện nội dung.
Khi đã nắm vững mục tiêu của chương trình và yêu cầu cần đạt, việc thay đổi sách giáo khoa không còn là trở ngại quá lớn, mà chỉ là một khác biệt về hình thức thể hiện nội dung
Thầy Võ Kim Bảo, trường THCS Nguyễn Du, TP.HCM)
Cô Phạm Anh cũng chia sẻ điều tương tự. Cô cho rằng những khó khăn ban đầu là điều không thể tránh khỏi, kể cả giáo viên, học sinh hay cha mẹ học sinh - những người thường giúp con học bài, ôn tập. Tuy nhiên, cô giáo tin rằng những khó khăn này chỉ diễn ra trong khoảng 1-2 tuần đầu, sau đó sẽ nhanh chóng đi vào quỹ đạo.
Về việc thay đổi thi cử sau khi đổi sách giáo khoa, cô Phạm Anh nói rằng có thể trường cô sẽ không thay đổi quá nhiều bởi trong những năm qua, chương trình thi học kỳ tại trường đã tích hợp kiến thức của cả 3 bộ sách giáo khoa hiện hành để học sinh làm quen. Đây cũng là “chiến lược” nhà trường đưa ra nhằm giúp học sinh thử sức với những kiến thức đa dạng, qua đó tham gia các kỳ thi chung cũng thuận lợi hơn.
Trước đó, Bộ GD&ĐT cũng nhận địnhKết nốilà bộ sách đáp ứng đầy đủ các tiêu chí và nổi trội hơn cả. Cụ thể, bộ sách được sử dụng rộng rãi tại tất cả 34 tỉnh/thành, với quy mô học sinh lớn nhất trong các bộ SGK hiện hành, giáo viên đã quen thuộc phương pháp, cấu trúc bài học. Điều này giúp hạn chế tác động đến giáo viên, học sinh, phụ huynh.
Hiện tại, trường của cô Phạm Anh đã bắt đầu lên phương án xây dựng chương trình tập huấn để các giáo viên làm quen với bộ sách mới. Cô giáo cho biết có thể trong vài tuần tới, giáo viên toàn trường sẽ chính thức tham gia tập huấn.
Trong khi đó, do đang trong giai đoạn hoàn thành học kỳ I năm học 2025-2026, thầy Bảo dự định sang học kỳ II sẽ bắt tay vào tìm hiểu bộ sách giáo khoaKết nốiđể soạn giáo án và điều chỉnh phương pháp dạy cho phù hợp. Thầy lưu ý giáo viên lớp 9 cần nghiên cứu sớm, tham khảo đề thi lớp 10 ở các địa phương đang dùng bộ sáchKết nốiđể biết cách tài liệu, đề cương ôn thi cho học sinh cuối cấp.
Đối với những bộ sách giáo khoa không được chọn, thầy giáo dự định dùng như một tài liệu tham khảo bởi mỗi bộ lại có ưu điểm nổi trội riêng. Thầy lấy ví dụ ở môn Ngữ văn, phần Viết trong bộ sáchChân trời sáng tạođược triển khai rất logic, khoa học. Do đó, giáo viên có hoàn toàn có thể lấy ngữ liệu ở bộ sách này để làm bài tập cho học sinh.
Thầy Bảo mong muốn thời gian tới, thành phố sẽ tổ chức các buổi tập huấn, kết nối với giáo viên đang dùng bộ sáchKết nốiđể có thêm kinh nghiệm, tài liệu giảng dạy, nhờ đó, giáo viên sẽ thích nghi nhanh chóng hơn.
Mục Giáo dục giới thiệu đến bạn đọc những cuốn sách nuôi dạy trẻ trong thời đại 4.0.
Cuốn sáchNuôi con 4.0 - Làm thế nào để trẻ không bị nghiện thiết bị công nghệ?của TS Shimi Kang (nhà khoa học, tâm lý học, chuyên gia giáo dục, tác giả của nhiều tựa sách bán chạy) được đánh giá là hữu ích cho các phụ huynh có con em nghiện sử dụng thiết bị điện tử.
TS Shimi Kang đưa ra hàng loạt dẫn chứng và phân tích khoa học về cách thức tác động của thiết bị công nghệ đến bộ não đang trong giai đoạn phát triển của trẻ. Sau đó, bà chỉ ra những tác động tiêu cực đến sức khỏe, hành vi và tính cách của trẻ.

Bộ sách giáo khoa Kết nối tri thức đáp ứng đầy đủ các tiêu chí, bảo đảm đầy đủ, đồng bộ tất cả môn học, hoạt động giáo dục ở cả 3 cấp học, đồng thời có lợi thế về giá.
14:01 30/12/2025"
https://znews.vn/them-dai-hoc-mo-nganh-tri-tue-nhan-tao-post1616172.html,Thêm đại học mở ngành trí tuệ nhân tạo,"Trước thềm mùa tuyển sinh đại học năm 2026, hàng loạt trường đại học trên cả nước công bố kế hoạch mở thêm nhiều ngành, chương trình đào tạo mới.","Sinh viên Trường Đại học Sư phạm Hà Nội.
Đại họcSư phạm Hà Nội mở 7 ngành đào tạo mới
Hội đồng Đại học Sư phạm Hà Nội vừa ban hành nghị quyết thông qua đề án mở mới 7 ngành đào tạo trình độ đại học, gồm: Huấn luyện thể thao, Ngôn ngữ Pháp, Quốc tế học, Giáo dục học, Địa lý học,Trí tuệ nhân tạovà Khoa học dữ liệu.
Hội đồng trường giao Hiệu trưởng tổ chức triển khai các hoạt động đào tạo đối với các ngành học này theo đúng quy định. Theo lãnh đạo nhà trường, năm 2026 là thời điểm quan trọng trong lộ trình tái cấu trúc tổ chức, trong đó tập trung thành lập và vận hành hiệu quả các trường trực thuộc, đồng thời tiếp tục cải cách bộ máy, hoàn thiện các quy chế về tổ chức, đào tạo, tuyển dụng và bổ nhiệm theo Luật Giáo dục đại học.
Bên cạnh đó, Đại học Sư phạm Hà Nội sẽ tổ chức các kỳ thi và hoạt động tuyển sinh như kỳ thi Đánh giá năng lực năm 2026, kỳ thi học sinh giỏi do trường chủ trì và các kỳ thi phục vụ hệ thống giáo dục phổ thông, nhằm bảo đảm chỉ tiêu và chất lượng đầu vào.
Nhà trường cũng chú trọng phát triển các nhóm nghiên cứu mạnh, đặc biệt trong lĩnh vực ứng dụng trí tuệ nhân tạo (AI) trong dạy học và giáo dục, thúc đẩy hội nhập quốc tế và triển khai xây dựng ""Mạng lưới toàn cầu đổi mới sáng tạo trong dạy học và đào tạo giáo viên"".
Đại học Mở Hà Nội bổ sung ngành Kỹ thuật máy tính
Năm 2026, Đại học Mở Hà Nội dự kiến mở mới ngành Kỹ thuật máy tính trình độ đại học. Đây là ngành học liên ngành, kết hợp giữa kiến thức điện - điện tử và khoa học máy tính, hướng tới đào tạo nguồn nhân lực có khả năng thiết kế, phát triển và vận hành các hệ thống thông minh - lĩnh vực then chốt trong cuộc Cách mạng công nghiệp lần thứ tư.
Đại học Cần Thơ mở thêm 7 ngành, nâng tổng số chương trình lên 128
Đại học Cần Thơ cũng công bố kế hoạch tuyển sinh thêm 7 ngành, chuyên ngành mới từ năm 2026. Các ngành này được xét tuyển theo nhiều tổ hợp như A00, A01, B00, B08, C02, D01…, trong đó môn Toán được xác định là môn chính và nhân hệ số 2.
Danh sách các ngành, chuyên ngành dự kiến mở gồm: Công nghệ tài chính; Khoa học dữ liệu; chuyên ngành Thiết kế vi mạch bán dẫn (thuộc ngành Kỹ thuật máy tính, chương trình kỹ sư tài năng); Kỹ thuật cơ khí (chương trình chất lượng cao); chuyên ngành Đường sắt tốc độ cao (thuộc ngành Kỹ thuật xây dựng công trình giao thông); Quản lý xây dựng; Bảo vệ thực vật (chương trình chất lượng cao).
Với việc mở thêm 7 ngành mới, tổng số ngành và chương trình đào tạo đại học mà Đại học Cần Thơ dự kiến tuyển sinh trong năm 2026 lên đến 128. Đồng thời, trường cũng mở rộng số lượng tổ hợp xét tuyển, tăng thêm 4 tổ hợp so với năm 2025, nâng tổng số tổ hợp lên 50.
Đại học Ngân hàng TP.HCM phát triển các ngành định hướng số
Tại Đại học Ngân hàng TP.HCM, nhà trường cho biết dự kiến mở thêm 3 ngành đào tạo mới từ năm 2026, gồm: Kế toán (định hướng Digital Accounting), Quản trị kinh doanh (định hướng Digital Marketing) và Tài chính - Ngân hàng (định hướng Ngân hàng số và chuỗi khối).
Theo đại diện nhà trường, việc mở các ngành đào tạo theo định hướng số nhằm đáp ứng nhu cầu học tập linh hoạt, đa dạng của người học, đồng thời phù hợp với xu thế phát triển nguồn nhân lực trong kỷ nguyên kinh tế số.
Việc mở rộng quy mô và lĩnh vực đào tạo không chỉ mang đến thêm lựa chọn nghề nghiệp cho thí sinh, mà còn thể hiện cam kết của nhà trường trong việc thúc đẩy học tập suốt đời và tăng khả năng tiếp cận giáo dục đại học cho cộng đồng.
Đại học Y Dược TP.HCM lần đầu đào tạo ngành Tâm lý học
Trong khi đó, Đại học Y Dược TP.HCM quyết định mở ngành Tâm lý học trình độ đại học, mã ngành 7310401. Khoa Y tế công cộng được giao phụ trách đào tạo ngành học này và dự kiến tuyển sinh khóa đầu tiên từ năm 2026.
Theo thông báo của nhà trường, khoa Y tế công cộng sẽ chịu trách nhiệm xây dựng chương trình đào tạo, xác định chỉ tiêu tuyển sinh, tổ chức đào tạo, đánh giá kết quả học tập và cấp bằng tốt nghiệp theo đúng quy định hiện hành.
Ngành Tâm lý học cũng phải thực hiện kiểm định chất lượng chương trình đào tạo sau khi khóa sinh viên đầu tiên tốt nghiệp, theo quy định của pháp luật.
Thị trường lao động thay đổi chóng mặt, để tồn tại, con người cần học tập suốt đời. Trong bối cảnh đó, tạp chí Tri Thức - Znews giới thiệu tới độc giả cuốnHọc tập suốt đờicủa tác giả Michelle R.Weise.
Tác phẩm cung cấp cho độc giả những đánh giá về thị trường lao động tương lai, những giải pháp cho nhu cầu vừa học vừa làm đang ngày một tăng, cùng với đó là đưa ra những cách kết nối để quá trình chuyển đổi “học-làm” diễn ra thuận lợi hơn. Từ đó, tác giả nêu lên vai trò của việc học tập suốt đời.

Trước thềm tuyển sinh đại học 2026, các trường đại học thông báo mở thêm ngành mới với nhiều phương thức, tổ hợp xét tuyển đa dạng.
16:55 24/12/2025"
https://znews.vn/8-meo-de-dat-muc-tieu-trong-nam-moi-post1615925.html,8 mẹo để đạt mục tiêu trong năm mới,"Các quyết tâm đầu năm thường dễ bị bỏ dở, nhưng nếu áp dụng một số cách phù hợp, bạn có thể duy trì động lực và hoàn thành mục tiêu.","Hãy thực tế:Nguyên nhân hàng đầu khiến mọi người bỏ cuộc chính là đặt mục tiêu quá xa vời. Nếu bạn muốn thông thạo một ngôn ngữ mới chỉ sau 3 tháng, bạn đang tự đặt mình vào thất bại. Do đó, bạn hãy thiết lập các mục tiêu có thể đạt được và chọn thời gian thực hiện phù hợp. Những chiến thắng nhỏ sẽ giúp bạn có thêm tự tin và tạo đà cho những bước tiến lớn hơn. Ảnh:Phương Lâm.
Xác định mục đích:Các quyết tâm phổ biến nhất thường là tập thể dục, giảm cân hoặc học một thứ gì đó mới mẻ. Nếu đó là điều bạn thực sự muốn, hãy bắt đầu ngay. Nhưng nếu bạn đã đặt ra mục tiêu đó trong 5 năm qua nhưng vẫn chưa đạt được, hãy tự hỏi tại sao. Câu trả lời trung thực sẽ giúp bạn nhận ra mình cần một chiến lược mới hay nên thay đổi mục tiêu. Ảnh:Phương Lâm.
Đặt ra các ưu tiên:Bạn đừng cố gắng ôm đồm. Khi sự tập trung bị phân tán, bạn rất khó để thành công. Do đó, hãy chọn ra một vài việc quan trọng nhất và ưu tiên thực hiện. Sau khi đã chinh phục được một số mục tiêu, bạn mới nên chuyển sang bước đi tiếp theo. Ảnh:Pexels.
Lập kế hoạch:Việc theo đuổi mục tiêu mà không có kế hoạch cụ thể dễ khiến bạn nản lòng khi gặp trở ngại hay gián đoạn. Do đó, các chuyên gia khuyên bạn nên hình dung rõ lộ trình của mình: Bạn sẽ làm gì, vì sao bạn muốn làm điều đó và bằng cách nào để giữ vững quyết tâm. Ví dụ, nếu đặt mục tiêu chạy bộ 3 lần/tuần, bạn hãy nghĩ trước cách xử lý khi bỏ lỡ nhiều ngày liên tiếp. Khi đã chuẩn bị sẵn tinh thần và phương án đối phó, bạn sẽ dễ dàng duy trì quyết tâm và vượt qua những yếu tố khiến mình chệch hướng. Ảnh:Pexels.
Tự thưởng cho bản thân:Những phần thưởng nhỏ sau mỗi lần đạt mục tiêu sẽ là động lực để bạn tiến đến các cột mốc tiếp theo. Ví dụ, khi đọc xong một cuốn sách, bạn hãy tự thưởng cho mình cuốn sách mới. Nếu duy trì ăn uống lành mạnh trong một tháng, hãy đăng ký một lớp học nấu ăn yêu thích. Ảnh:Pexels.
Chấp nhận sự không hoàn hảo:Nhiều người bỏ cuộc chỉ vì một lần sai lầm. Các chuyên gia khuyên bạn đừng quá khắt khe với bản thân. Nếu kế hoạch hiện tại không ổn, hãy điều chỉnh nó thay vì vứt bỏ toàn bộ nỗ lực. Linh hoạt chính là chìa khóa giúp bạn đi đường dài. Ảnh:Pexels.
Ghi nhận những điều bạn làm tốt:Trước khi viết quyết tâm cho năm 2026, hãy nhìn lại năm 2025. Bạn đã hoàn thành các kỳ thi ra sao? Có một chuyến đi đáng nhớ nào? Nhìn nhận thế mạnh của bản thân trong quá khứ sẽ giúp bạn có thêm niềm tin để chinh phục năm mới. Ảnh:Phương Lâm.
Tìm một người bạn đồng hành:Có một người bạn đồng hành không chỉ giúp bạn vui vẻ hơn mà còn tạo ra sự cam kết.  Khi biết có người đang theo dõi và động viên, bạn sẽ khó bỏ cuộc trước những khó khăn ban đầu. Ảnh:Phương Lâm.
Thị trường lao động thay đổi chóng mặt, để tồn tại, con người cần học tập suốt đời. Trong bối cảnh đó, tạp chí Tri Thức - Znews giới thiệu tới độc giả cuốnHọc tập suốt đờicủa tác giả Michelle R.Weise.
Tác phẩm cung cấp cho độc giả những đánh giá về thị trường lao động tương lai, những giải pháp cho nhu cầu vừa học vừa làm đang ngày một tăng, cùng với đó là đưa ra những cách kết nối để quá trình chuyển đổi “học-làm” diễn ra thuận lợi hơn. Từ đó, tác giả nêu lên vai trò của việc học tập suốt đời.

Đại biểu quốc hội cho rằng không nên coi các bộ sách giáo khoa không được chọn là sách thừa, mà cần tiếp tục khai thác một cách hợp lý.
14:47 31/12/2025"
https://znews.vn/du-bao-nam-2026-theo-chiem-tinh-hoc-post1615975.html,Dự báo năm 2026 theo chiêm tinh học,"Năm 2026 được dự báo là giai đoạn chuyển mình mạnh mẽ khi nhiều chu kỳ chiêm tinh đồng loạt thay đổi, mở ra bước ngoặt mới về sự nghiệp, tình cảm và cuộc sống cho 12 cung hoàng đạo.","Năm tới mang đến Song Tử một sự nghiệp rõ ràng hơn. Ảnh:YourTango.
Theo các nhà chiêm tinh, 2026 là một năm hiếm gặp khi hàng loạt chu kỳ hành tinh, cả ngắn hạn lẫn dài hạn, đồng loạt tái khởi động. Điều này tạo ra sự chuyển dịch mạnh mẽ về năng lượng, khiến những ảnh hưởng từ chu kỳ cũ dần tan biến, nhường chỗ cho một giai đoạn hoàn toàn mới.
Một điểm đáng chú ý là sự dịch chuyển từ các nguyên tố Đất và Nước sang Khí và Lửa. Đây được xem là dấu hiệu của giai đoạn biến đổi nhanh, giàu cảm xúc, trí tuệ và đòi hỏi mỗi cá nhân phải sống chân thật hơn với chính mình.
Trong bối cảnh đó, mỗi cung hoàng đạo sẽ mở mối quan hệ, hướng đi và cách nhìn mới về cuộc sống. Để có cái nhìn toàn diện, các chuyên gia khuyến nghị xem xét đồng thời cung Mặt Trời, Mặt Trăng và cung Mọc.
Một phiên bản Bạch Dương mới đang hình thành. Khi Sao Thổ và Sao Hải Vương cùng tiến vào cung của bạn, bạn sẽ có động lực xây dựng nền tảng cho một cuộc sống mới xoay quanh việc theo đuổi ước mơ. Lời khuyên để bạn hiện thực hóa mục tiêu này là đào sâu đời sống tinh thần, kết nối cộng đồng và sống đúng với bản thân.
Sau khi sao Thiên Vương rời đi, Kim Ngưu sẽ tìm thấy sự ổn định hơn từ tháng 4/2026. Điều này giúp bạn có thêm năng lượng để hiện thực các mục tiêu sự nghiệp đã ấp ủ từ cuối năm 2023. Sao Mộc và Sao Diêm Vương tiếp sức cho tham vọng của bạn từ tháng 6 đến tháng 8, biến mùa hè thành giai đoạn thành công rực rỡ.
Năm tới mang đến Song Tử một sự nghiệp rõ ràng hơn. Bạn sẽ bớt mơ hồ và hiểu rõ mình muốn gì, cần làm gì. Những bước ngoặt lớn có thể xuất hiện quanh ngày trăng tròn - nguyệt thực 28/8 ở Song Ngư. Tuy nhiên, ảnh hưởng đáng chú ý nhất là từ tháng 4/2026, Sao Thiên Vương tiến vào cung này, mở ra chu kỳ 8 năm học hỏi, sáng tạo và thể hiện bản thân một cách mạnh mẽ, chân thực hơn bao giờ hết.
Từ nay đến ngày 30/6, Sao Mộc ở cung Cự Giải mở ra nhiều cơ hội để bạn từng bước biến cuộc sống mơ ước thành hiện thực. Trăng non ngày 18/1 tại Ma Kết là thời điểm thuận lợi để bắt đầu một cam kết mới hoặc đặt ra mục tiêu rõ ràng trong các mối quan hệ hợp tác.
Đến ngày 20/2, khi Sao Hải Vương và Sao Thổ hội tụ ở Bạch Dương, sự nghiệp và các mục tiêu dài hạn của bạn sẽ bước vào giai đoạn tái cấu trúc quan trọng. Chiến lược giúp bạn thành công trong năm 2026 là chủ động đưa nhiều yếu tố sáng tạo và cảm hứng vào công việc.
Mỗi cung hoàng đạo sẽ mở mối quan hệ, hướng đi và cách nhìn mới về cuộc sống. Ảnh:Shutterstock.
Một năm mở rộng đang chờ đón Sư Tử. Sao Mộc tiến vào cung của bạn từ ngày 30/6, khuếch đại khả năng thu hút điều mong muốn. Tháng 6, 7 và 8 hứa hẹn nhiều biến động khi một người đầy sức hút xuất hiện.
Sự nghiệp của Sư Tử cũng thay đổi khi Sao Thiên Vương rời đi sau thời gian dài mang đến những biến động mạnh. Trong khi đó, sao Chiron bắt đầu đi vào khu vực này từ ngày 19/6 đến 16/9, mở ra hành trình hàn gắn lại khả năng lãnh đạo của bạn trong nhiều năm tới.
Năm 2025 đã mở ra chuỗi thay đổi lớn cho Xử Nữ. Quá trình lột xác này sẽ đạt đỉnh vào nguyệt thực ngày 20/2 và kết thúc hoàn toàn vào ngày 27/7. Tin vui là năm 2026, Sao Thiên Vương - hành tinh của sáng tạo và thiên tài - tiến vào khu vực sự nghiệp từ tháng 4.
Suốt cả năm, Sao Thiên Vương phối hợp với Sao Diêm Vương để tiếp năng lượng cho ý tưởng, đổi mới quy trình làm việc và mở ra nhiều con đường mới cho Xử Nữ.
Tiếp nối năm 2025, Sao Mộc ở khu vực sự nghiệp sẽ tiếp tục mở rộng cánh cửa thành công cho Thiên Bình. Trăng non ngày 3/1 là thời điểm rất may mắn để đặt mục tiêu và lập kế hoạch cho cả năm.
Chuyện tình cảm cũng chuyển biến khi Sao Diêm Vương đã vào khu vực lãng mạn từ cuối năm 2023. Cuộc gặp giữa Sao Thổ và Sao Hải Vương ngày 20/2 sẽ giúp bạn xác lập rõ mẫu người mới của mình: Sáng tạo, nghiêm túc và có chút khác biệt.
Năm 2026 là lúc Bọ Cạp đối diện và rũ bỏ những suy nghĩ hạn chế. Khi nội lực được giải phóng, con đường sự nghiệp cũng rộng mở hơn với Bọ Cạp, đặc biệt từ nửa cuối năm. Trong tình cảm, khoảng thời gian sao Kim nghịch hành giúp bạn nhận ra một số mối quan hệ cần được chăm sóc, sửa chữa và hàn gắn một cách nghiêm túc.
Nhân Mã bước vào chu kỳ mở rộng mạnh mẽ, nhất là về trải nghiệm sống. Trong nửa đầu năm, bạn tiếp tục trưởng thành về mặt cảm xúc. Tuy nhiên, từ ngày 30/6, khi sao Mộc tiến vào Sư Tử, cuộc sống trở nên sôi động, giàu cảm xúc và đầy kịch tính. Bạn sẽ tập trung nhiều hơn vào những điều mình yêu thích như du lịch, học hỏi và sáng tạo.
Tuy nhiên, mùa thu lại là khoảng lặng cần thiết để Nhân Mã chậm lại, nghỉ ngơi và tái tạo năng lượng trước những bước đi tiếp theo.
Nhân Mã bước vào chu kỳ mở rộng mạnh mẽ, nhất là về trải nghiệm sống. Ảnh:ELLE.
Khi sao Thổ - hành tinh chủ quản của Ma Kết - tiến vào Bạch Dương từ ngày 13/2, cung hoàng đạo này sẽ bước vào giai đoạn tham vọng nhất từ trước đến nay.
Tuy nhiên, do sao Hải Vương cũng góp mặt, bạn cần giữ sự tỉnh táo và vững vàng trước khi đưa ra các quyết định lớn. Bạn có nhiều cơ hội tỏa sáng trong các mối quan hệ thân mật và hợp tác.  Sao Mộc tiếp thêm sức hút suốt cả năm, giúp bạn dễ dàng thu hút mối quan hệ tình cảm mới. Nếu đã có người thương, nửa cuối năm, sau khi sao Mộc vào Sư Tử, bạn có thể tiến đến cam kết sâu sắc hơn.
Sao Diêm Vương chính thức vào cung của Bảo Bình từ đầu năm 2025, nhưng đến năm 2026, cung hoàng đạo này mới khai mở và tận dụng được nguồn năng lượng này.
Bảo Bình thực sự bước vào giai đoạn làm chủ số phận. Quyền lực cá nhân được củng cố, giúp bạn tái định hình con đường sự nghiệp, tài chính và các mối quan hệ.
Dù là trong các mối quan hệ, sự nghiệp hay tài chính, các hành tinh ngoài đều hỗ trợ bạn giành lại quyền kiểm soát. Tuy nhiên, giai đoạn sao Kim nghịch hành từ 3/10 đến 13/11 có thể mang đến những thay đổi trong công việc, buộc bạn phải rà soát, điều chỉnh hoặc thậm chí cân nhắc lại các mục tiêu đã đặt ra.
Món quà lớn nhất năm 2026 dành cho Song Ngư là sự rõ ràng. Khi nhiều chu kỳ dài khép lại, bạn không còn bị áp lực bởi những kỳ vọng nặng nề. Cuộc sống trở nên đơn giản, giàu cảm xúc và trực giác mạnh mẽ hơn.
Những thay đổi liên quan đến gia đình hoặc chỗ ở có thể xuất hiện, đồng thời mở ra hành trình phát triển tinh thần nếu bạn biết lắng nghe bản thân.
Thị trường lao động thay đổi chóng mặt, để tồn tại, con người cần học tập suốt đời. Trong bối cảnh đó, tạp chí Tri Thức - Znews giới thiệu tới độc giả cuốnHọc tập suốt đờicủa tác giả Michelle R.Weise.
Tác phẩm cung cấp cho độc giả những đánh giá về thị trường lao động tương lai, những giải pháp cho nhu cầu vừa học vừa làm đang ngày một tăng, cùng với đó là đưa ra những cách kết nối để quá trình chuyển đổi “học-làm” diễn ra thuận lợi hơn. Từ đó, tác giả nêu lên vai trò của việc học tập suốt đời.

Mặt Trăng ở Song Tử vào thứ năm (1/1/2026), mang lại vận may cho những cung hoàng đạo này.
10:18 1/1/2026"
https://znews.vn/ben-trong-phong-mo-phong-tau-cao-toc-50-ty-dong-dau-tien-tai-tphcm-post1615160.html,Bên trong phòng mô phỏng tàu cao tốc 50 tỷ đồng đầu tiên tại TP.HCM,"Phòng mô phỏng điều khiển và khai thác đường sắt tốc độ cao được đưa vào dạy học giúp sinh viên rèn luyện kỹ năng điều hành, khai thác, xử lý tình huống theo tiêu chuẩn công nghệ hiện đại.","Phòng mô phỏng điều khiển và khai thác đường sắt tốc độ cao đầu tiên tại Việt Nam mới đây đã được khánh thành tại Đại học Giao thông Vận tảiTP.HCM(UTH). Hệ thống đào tạo này được xây dựng với mức đầu tư khoảng50 tỷ đồng, bao gồm trung tâm điều khiển, kết cấu tầng trên, hệ thống bán vé, thiết bị lấy điện trên cao và ray thứ ba, giá chuyển hướng, cửa ke ga, máy mô phỏng lái tàu và buồng lái tàu đường sắt tốc độ cao. Ảnh:UTH.
Đáng chú ý, phòng mô phòng này được đặt tại trụ sở chính của trường, thuận tiện phục vụ cho việc học tập, thực hành, nghiên cứu của sinh viên. Những hệ thống, thiết bị trong phòng được bố trí bài bản, khoa học để các sinh viên lần đầu tiếp xúc có cái nhìn rõ nét về cách vận hành một hệ thống đường sắt tốc độ cao. Ảnh:UTH.
Trường Đại học Giao thông Vận tải TP.HCM cho biết phòng mô phỏng được xem là một trong những phần quan trọng nhất trong hệ sinh thái đào tạo của nhà trường. Phòng mô phỏng này không chỉ là nơi sinh viên, giảng viên và doanh nghiệp cùng tham gia vào quy trình vận hành thực tế của ngành đường sắt tốc độ cao trong tương lai, mà còn là nền tảng hỗ trợ nghiên cứu khoa học hay chuyển giao công nghệ trong lĩnh vực đường sắt.
Máy bán vé tự động được lắp đặt tại phòng mô phỏng, ngay sát cửa ra vào. Máy gồm màn hình hiển thị bản đồ hướng tuyến của các tuyến đường sắt, khe nhận tiền mặt hoặc quét mã QR, khay nhận vé... Thiết bị này cho phép hành khách mua vé tự động bằng tiền mặt hoặc các phương thức thanh toán điện tử khác một cách nhanh chóng, giúp giảm thời gian và thuận tiện sử dụng hệ thống giao thông đường sắt.
Để sinh viên hình dung cụ thể về tuyến đường sắt và các hạng mục liên quan, phòng mô phỏng còn bố trí mô hình sa bàn đường sắt ở vị trí trung tâm. Đây là mô hình thu nhỏ tái hiện một phần tuyến đường sắt, gồm các hạng mục như tuyến, nhà ga và hệ thống phụ trợ. Đại học Giao thông Vận tải TP.HCM nêu rằng mô hình này giúp minh hoạ trực quan, đồng thời hỗ trợ trình bày phương án thiết kế và phục vụ đào tạo.
Phòng mô phỏng trưng bày nhiều thiết bị, hệ thống quan trọng trong ngành đường sắt như giá chuyển hướng - bộ phận khung chịu lực nằm dưới toa xe, gắn bánh xe và các thiết bị treo; hệ thống giám sát bộ phận lấy điện tự động; thiết bị lấy điện ray thứ ba... Mỗi hệ thống đều có bảng tên và đoạn chú thích công năng, mục đích sử dụng cụ thể.
Khi thực hành tại phòng mô phỏng, sinh viên sẽ được phép tìm hiểu máy mô phỏng lái tàu. Thiết bị này có chức năng tái hiện môi trường điều khiển tàu trong điều kiện thực tế, giúp lái tàu, người học thực hành thao tác vận hành một cách an toàn. Tại Đại học Giao thông Vận tải TP.HCM, thiết bị này hỗ trợ đào tạo, kiểm tra kỹ năng và xử lý các tình huống giả định trước khi vận hành ngoài thực tế.
Thân tàu, hệ thống cửa ke ga cũng là những phần không thể thiếu của phòng mô phỏng. Các hạng mục này đều được lắp đặt theo đúng tỷ lệ thực tế.
Bên trong tàu là buồng lái - khu vực điều khiển trung tâm, nơi lái tàu thực hiện các nhiệm vụ vận hành, giám sát và đảm bảo an toàn cho đoàn tàu. Buồng lái này được thiết kế hiện đại, hỗ trợ tối đa cho lái tàu khi chạy ở tốc độ 250-350 km/h.
Trung tâm điều hành (OCC) là phần không thể thiếu tại phòng mô phỏng bởi đây là trung tâm điều hành tập trung của toàn hệ thống đường sắt. Tại đây, nhân viên điều độ giám sát và kiểm tra hoạt động tàu, tín hiệu, điện lực cũng như thông tin liên lạc và an toàn, qua đó đảm bảo hệ thống vận hành ổn định, an toàn và liên tục.
Thị trường lao động thay đổi chóng mặt, để tồn tại, con người cần học tập suốt đời. Trong bối cảnh đó, tạp chí Tri Thức - Znews giới thiệu tới độc giả cuốnHọc tập suốt đờicủa tác giả Michelle R.Weise.
Tác phẩm cung cấp cho độc giả những đánh giá về thị trường lao động tương lai, những giải pháp cho nhu cầu vừa học vừa làm đang ngày một tăng, cùng với đó là đưa ra những cách kết nối để quá trình chuyển đổi “học-làm” diễn ra thuận lợi hơn. Từ đó, tác giả nêu lên vai trò của việc học tập suốt đời.

Nhà văn hóa Thanh niên được đầu tư xây mới và dự kiến vận hành từ năm 2028. Cơ sở vật chất hiện tại đã xuống cấp, không còn đáp ứng đủ nhu cầu sinh hoạt văn hóa, giải trí tại TP.HCM.
08:43 24/12/2025"
https://znews.vn/bo-hoi-dong-truong-ai-dieu-hanh-truong-dai-hoc-cong-lap-tu-hom-nay-post1615742.html,"Bỏ hội đồng trường, ai điều hành trường đại học công lập từ hôm nay?","Từ hôm nay, ngày 1/1, hội đồng đại học công lập, hội đồng trường đại học công lập chính thức chấm dứt hoạt động. Bộ GD&ĐT yêu cầu các trường tiếp tục duy trì các hoạt động cho đến khi có hướng dẫn tiếp theo.","Ngày 10/12/2025, Quốc hội đã thông qua Luật Giáo dục đại học sửa đổi và Luật Giáo dục nghề nghiệp sửa đổi. Hai luật này quy định kể từ ngày 1/1/2026, hội đồng đại học công lập, hội đồng trường của các cơ sở giáo dục đại học và giáo dục nghề nghiệp công lập kết thúc hoạt động.
Theo quy định, các hội đồng có trách nhiệm bàn giao toàn bộ hồ sơ, tài liệu liên quan cho hiệu trưởng. Hiệu trưởng phải báo cáo kết quả tiếp nhận bàn giao với cơ quan quản lí trực tiếp hoặc báo cáo Bộ GD&ĐT đối với các cơ sở không có cơ quan quản lí trực tiếp trong thời hạn từ 3-6 tháng.
Bộ GD&ĐT vừa ban hành công văn về công tác nhân sự tại các cơ sở giáo dục đại học và giáo dục nghề nghiệp công lập trực thuộc bộ trong bối cảnh hội đồng đại học, hội đồng trường kết thúc hoạt động theo quy định.
Phiên họp cuối cùng của Hội đồngĐại họcBách khoa Hà Nội nhiệm kì 2025-2030. Ảnh:HUST.
Bộ yêu cầu các cơ sở giáo dục đại học, giáo dục nghề nghiệp trực thuộc bộ kể từ hôm nay tiếp tục thực hiện các hoạt động cho đến khi có hướng dẫn tiếp theo.
Hiệu trưởng, giám đốc và cấp phó tiếp tục thực hiện đầy đủ chức trách cho đến khi có hướng dẫn, quyết định mới. Việc này nhằm bảo đảm hoạt động của các cơ sở giáo dục diễn ra liên tục, không bị gián đoạn.
Đối với chủ tịch hội đồng đại học, chủ tịch hội đồng trường đang là bí thư hoặc phó bí thư phụ trách đảng bộ, Bộ GD&ĐT lưu ý việc sắp xếp, bố trí thực hiện theo hướng dẫn của cấp ủy đảng có thẩm quyền và tuân thủ các quy định của Đảng.
Riêng các trường hợp chủ tịch hội đồng trường không giữ chức vụ bí thư, phó bí thư và các trường hợp khác, giám đốc hoặc hiệu trưởng, quyền giám đốc, quyền hiệu trưởng hoặc phụ trách đại học (trường) có trách nhiệm báo cáo Bộ GD&ĐT trước ngày 10/1 để bố trí vị trí công tác phù hợp.
Tại phiên họp cuối cùng của Hội đồng Đại học Bách khoa Hà Nội nhiệm kì 2025-2030 vừa tổ chức, GS. Lê Anh Tuấn, Chủ tịch Hội đồng đại học chia sẻ Nghị quyết số 71-NQ/TW nhấn mạnh việc bảo đảm quyền tự chủ một cách đầy đủ và toàn diện cho các cơ sở giáo dục đại học; tự chủ nhưng không phụ thuộc vào mức độ tự chủ tài chính. Trong giai đoạn tới, khi không còn tổ chức hội đồng đại học, các hoạt động quản trị, điều hành đi đôi với giám sát và trách nhiệm giải trình cần được sớm định hướng một cách rõ nét bằng những khung pháp lí mới.
GS. Lê Anh Tuấn nhấn mạnh yêu cầu thích ứng của các cơ sở giáo dục đại học trước bối cảnh mới, Đảng lãnh đạo toàn diện và trực tiếp, việc hình thành các cơ chế hội đồng cố vấn, tư vấn chiến lược, nhằm bù đắp cho những thay đổi về cấu trúc quản trị là cần thiết.
Thị trường lao động thay đổi chóng mặt, để tồn tại, con người cần học tập suốt đời. Trong bối cảnh đó, tạp chí Tri Thức - Znews giới thiệu tới độc giả cuốnHọc tập suốt đờicủa tác giả Michelle R.Weise.
Tác phẩm cung cấp cho độc giả những đánh giá về thị trường lao động tương lai, những giải pháp cho nhu cầu vừa học vừa làm đang ngày một tăng, cùng với đó là đưa ra những cách kết nối để quá trình chuyển đổi “học-làm” diễn ra thuận lợi hơn. Từ đó, tác giả nêu lên vai trò của việc học tập suốt đời.

Sau khi bị đánh hội đồng, bé gái lớp 8 bị tổn thương tai, xuất hiện biểu hiện im lặng bất thường, gia đình phải mời chuyên viên tâm lý hỗ trợ.
46:2769 hôm qua

Đêm qua, hàng tỷ người trên thế giới đã đón năm 2026, bạn có bao giờ tự hỏi tại sao theo Dương lịch, ngày đầu năm mới lại là 1/1?
48:2878 hôm qua

Hàng loạt loài khủng long mới được phát hiện trong năm 2025, hé lộ nhiều mắt xích quan trọng trong lịch sử tiến hóa của loài vật từng thống trị Trái Đất.
11:59 1/1/2026"
https://znews.vn/vu-nu-sinh-bi-danh-hoi-dong-o-da-nang-gia-dinh-moi-chuyen-vien-tam-ly-post1615952.html,Vụ nữ sinh bị đánh hội đồng ở Đà Nẵng: Gia đình mời chuyên viên tâm lý,"Sau khi bị đánh hội đồng, bé gái lớp 8 bị tổn thương tai, xuất hiện biểu hiện im lặng bất thường, gia đình phải mời chuyên viên tâm lý hỗ trợ.","H. không còn hoảng loạn nhưng lại im lặng, ít nói khiến chị Duyên cực kỳ lo lắng.
Sáng 1/1, chị Đỗ Thái Kim Duyên (mẹ của em H.G.H.), cho biết hiện H. đau chỗ nào cũng không nói, hỏi gì cũng không trả lời khiến chị thực sự lo lắng, không biết tình trạng của con ra sao. Ba hôm trước, nghĩ sức khỏe của con đã ổn, chị Duyên xin cho con xuất viện về nhà.
""Tuy nhiên, sáng 30/12, thấy H. chảy máu mũi liên tục nên tôi chở con quay lại bệnh viện để khám, chụp CT và nội soi tai. Qua đó, các bác sĩ phát hiện H. bị thủng màng nhĩ tai trái, khiến máu đọng ở màng nhĩ, ống tai và chảy xuống mũi"", chị Duyên kể.
Trước đó, hôm 24/12, sau khi bị đánh hội đồng, H. nhập viện điều trị với chẩn đoán chấn động não và chấn thương phần mềm vùng đốt sống cổ.
Các bác sĩ chẩn đoán H. bị thủng màng nhĩ tai trái.
Theo chị Duyên, hiện lớp của H. đang bước vào giai đoạn thi học kỳ I, nhưng do em vừa xuất viện nên không thể đến lớp dự thi cùng bạn bè. ""H. giờ không học hành gì được nên tôi để cháu ở nhà, chưa đi thi. Tôi cũng đã trao đổi với thầy hiệu trưởng và được thầy đồng ý tạo điều kiện để bé ôn tập lại, thi sau"", chị nói.
Chị Duyên cho biết thêm việc xin cho H. xuất viện về nhà cũng để mời chuyên viên tâm lý đến hỗ trợ, tư vấn, trò chuyện giúp bé trở lại trạng thái bình thường. Trước mắt, chuyên viên tâm lý sẽ trao đổi với H qua điện thoại để bé làm quen, sau đó mới đến gặp, trò chuyện trực tiếp.
""H. giờ không còn hoảng loạn nữa nhưng lại im lặng, ít nói. Hỏi gì con cũng chỉ dạ rồi lại im lặng, không chủ động bắt chuyện. Bé không nói chuyện, không chia sẻ gì nữa, dù mình nói một câu dài thì bé cũng chỉ 'dạ' thôi"", chị nói thêm.
NhưBáo Sức khỏe vàĐời sốngđã đưa tin, hôm 25/12, mạng xã hội lan truyền hai đoạn clip ghi lại cảnh em H. (lớp 8/1, trường THCS Quế Phong, xã Quế Sơn, TPĐà Nẵng) bị đánh hội đồng. Trong khi em H. đứng chịu trận, xung quanh nhiều học sinh khác chỉ đứng xem, cười đùa, bỡn cợt. Dưới phần bình luận, nhiều người bày tỏ sự phẫn nộ và bức xúc gay gắt.
Theo báo cáo của nhà trường, vụ việc xảy ra vào khoảng 16h ngày 23/12, tại khu vực phía sau Nhà văn hóa thôn Tân Phong, xã Quế Sơn. Nhóm học sinh có hành vi bạo lực với em H. gồm 8 người, trong đó có 6 học sinh cùng lớp và 2 người còn lại ở ngoài trường.
Thời điểm xảy ra vụ việc, chị Duyên đang túc trực tại Bệnh viện Đà Nẵng để chăm sóc cha ruột đang cấp cứu nên không sử dụng điện thoại. Đến trưa, sau khi ra khỏi phòng cấp cứu và mở điện thoại, chị thấy nhiều clip do bạn bè ở gần nhà gửi qua tin nhắn. Xem clip, chị Duyên ""chết điếng"" khi chứng kiến con gái bị đánh hội đồng.
Thị trường lao động thay đổi chóng mặt, để tồn tại, con người cần học tập suốt đời. Trong bối cảnh đó, tạp chí Tri Thức - Znews giới thiệu tới độc giả cuốnHọc tập suốt đờicủa tác giả Michelle R.Weise.
Tác phẩm cung cấp cho độc giả những đánh giá về thị trường lao động tương lai, những giải pháp cho nhu cầu vừa học vừa làm đang ngày một tăng, cùng với đó là đưa ra những cách kết nối để quá trình chuyển đổi “học-làm” diễn ra thuận lợi hơn. Từ đó, tác giả nêu lên vai trò của việc học tập suốt đời.

Mặt Trăng ở Song Tử vào thứ năm (1/1/2026), mang lại vận may cho những cung hoàng đạo này.
10:18 1/1/2026"
https://znews.vn/vi-sao-ngay-dau-nam-moi-lai-la-11-post1615902.html,Vì sao ngày đầu năm mới lại là 1/1?,"Đêm qua, hàng tỷ người trên thế giới đã đón năm 2026, bạn có bao giờ tự hỏi tại sao theo Dương lịch, ngày đầu năm mới lại là 1/1?","Ngày đầu năm từng không phải là ngày 1/1 Dương lịch.
Lịch sử về ngày khởi đầu của một năm mới từng rất khác biệt so với những gì đang diễn ra.
Giáo sư Toán học Hannah Fry (nữ giáo sư đầu tiên của Đại học Cambridge, London, Anh, phụ trách mảng Toán học vào đời sống) hé lộ một sự thật thú vị: Xưa kia, năm mới thực chất bắt đầu vào ngày 1/3 dương lịch.
Quyết định dời ngày đầu năm sang tháng 1 bắt nguồn từ người La Mã. Ban đầu, lịch La Mã quy ước 1 năm kéo dài từ tháng 3 đến tháng 12 và chỉ có vỏn vẹn 10 tháng. Điều này giải thích tại sao trong tiếng Anh, các tháng cuối năm lại có tiền tố ""lệch"" so với số thứ tự hiện tại.
Minh chứng là September (tháng 9), tiền tố ""sept"" nghĩa là thứ 7. October (tháng 10) có tiền tố ""oct"", nghĩa là thứ 8. November (tháng 11) có tiền tố ""nov"", nghĩa là thứ 9. December (tháng 12) với tiền tố ""dec"", nghĩa là thứ 10.
Vào thời điểm đó, người La Mã hoàn toàn ""ngó lơ"" tháng 1 và tháng 2. Họ coi khoảng 60 ngày mùa đông là giai đoạn nằm ngoài lịch trình vì đây là thời điểm cây cối không thể đơm hoa kết trái, chẳng có vụ mùa nào để theo dõi, nên cũng chẳng cần đặt tên hay tính toán làm gì.
Phải đến khoảng năm 713 TCN, người La Mã mới bắt đầu đưa những ngày dư thừa này vào lịch, hình thành nên tháng 1 (January) và tháng 2 (February). Tuy nhiên, ngay cả khi đó, ngày đầu năm vẫn được tính là 1/3. Mọi chuyện thay đổi vào năm 153 TCN do một biến cố chính trị tại Tây Ban Nha.
""Khi đó, tại Tây Ban Nha xảy ra các cuộc nổi loạn. Đế quốc La Mã cần bổ nhiệm hai vị chấp chính quan mới để chỉ huy quân đội. Tuy nhiên, luật lệ quy định việc bổ nhiệm này chỉ được phép thực hiện vào đầu năm mới"", GS Hannah giải thích.
Lúc bấy giờ, Đế quốc La Mã phải chờ đến ngày 1/3 (thời điểm bắt đầu mùa Xuân) để bổ nhiệm. Để không phải chờ đợi thêm vài tháng trong khi tình hình chiến sự đang khẩn cấp, người La Mã đã chọn một giải pháp ""lách luật"" táo bạo. Họ thay vì đổi luật, quyết định đổi luôn ngày bắt đầu năm mới sang tháng 1.
Nhiều người tin rằng tháng 7 (July) và tháng 8 (August) là hai tháng được thêm vào để vinh danh Julius Caesar và người kế vị ông là Augustus. Tuy nhiên, thực tế hai tháng này đã tồn tại sẵn trong lịch cũ với tên gọi Quintilis (tháng thứ 5) và Sextilis (tháng thứ 6), sau đó mới được đổi tên để tri ân các vị hoàng đế.
Đối với câu hỏi người xưa làm gì trong khoảng thời gian ""trống"" từ tháng 1 đến tháng 3, các nhà nghiên cứu cho biết cuộc sống khi đó hoàn toàn xoay quanh nông nghiệp. Vào mùa đông, mọi hoạt động kinh tế gần như đóng băng.
Người dân chỉ ở trong nhà để tránh rét và tiêu thụ lương thực dự trữ, vì vậy việc đếm ngày tháng trong giai đoạn này là không cần thiết. Nếu buộc phải tính toán thời gian trong kỳ nghỉ đông đó, họ sẽ chỉ gọi đơn giản là ""những ngày trước ngày 1/3"".
Thị trường lao động thay đổi chóng mặt, để tồn tại, con người cần học tập suốt đời. Trong bối cảnh đó, tạp chí Tri Thức - Znews giới thiệu tới độc giả cuốnHọc tập suốt đờicủa tác giả Michelle R.Weise.
Tác phẩm cung cấp cho độc giả những đánh giá về thị trường lao động tương lai, những giải pháp cho nhu cầu vừa học vừa làm đang ngày một tăng, cùng với đó là đưa ra những cách kết nối để quá trình chuyển đổi “học-làm” diễn ra thuận lợi hơn. Từ đó, tác giả nêu lên vai trò của việc học tập suốt đời.

Mặt Trăng ở Song Tử vào thứ năm (1/1/2026), mang lại vận may cho những cung hoàng đạo này.
10:18 1/1/2026"
https://znews.vn/nhung-bong-hinh-ky-la-moi-cua-de-che-khung-long-post1615125.html,Những bóng hình kỳ lạ mới của đế chế khủng long,"Hàng loạt loài khủng long mới được phát hiện trong năm 2025, hé lộ nhiều mắt xích quan trọng trong lịch sử tiến hóa của loài vật từng thống trị Trái Đất.","Giới khoa học phát hiện nhiều loài khủng long mới, đóng vai trò mắt xích trong lịch sử tiến hoá. Ảnh:Masato Hattori.
Những năm qua đã ghi dấu nhiều phát hiện quan trọng trong lĩnh vực cổ sinh vật học, khi các nhà khoa học liên tiếp công bố những loài khủng long mới, đồng thời làm sáng tỏ quá trình tiến hóa và đời sống của các sinh vật khổng lồ từng thống trị Trái Đất.
Theo đó, vàotháng 6/2025, các nhà nghiên cứu công bố loài Khankhuuluu mongoliensis, có nghĩa là “Hoàng tử Rồng của Mông Cổ”.
Theo nghiên cứu đăng trên tạp chíNature, những bộ xương có niên đại khoảng 86 triệu năm cho thấy loài khủng long này có mối liên hệ chặt chẽ với tổ tiên của các loài khủng long bạo chúa. Thậm chí, chúng có thể là tổ tiên của loài này.
Trước khi được xác định là một loài khủng long bạo chúa chưa từng biết đến trước đây, những mẫu vật này nằm yên trong một bảo tàng tại Mông Cổ. Nhà cổ sinh vật học Jared Voris, nghiên cứu sinh tiến sĩ tại Đại học Calgary, cho biết chỉ đến tháng 5/2023, khi ông trực tiếp kiểm tra các mẫu vật này, vai trò đặc biệt của chúng trong cây tiến hóa khủng long bạo chúa mới dần lộ diện.
Đồng tác giả nghiên cứu Darla Zelenitsky nhận định Khankhuuluu chính là mắt xích còn thiếu giúp kết nối các dạng khủng long bạo chúa nhỏ, cổ xưa với những kẻ săn mồi đỉnh cao khổng lồ như T-rex.
Tiếp đó,tháng 8/2025, một phát hiện khác gây chú ý khi các nhà khoa học phát hiện loài Spicomellus afer có hệ thống gai kết nối trực tiếp vào bộ xương. Theo công bố trênNature, những chiếc gai dài nhất của loài này có thể đạt tới gần 90 cm, kéo dài dọc theo một vòng xương quanh cổ.
Spicomellus afer sinh sống trong Kỷ Phấn Trắng, giai đoạn từ 145 đến 66 triệu năm trước, khi khủng long vẫn còn hiện diện rộng khắp trên Trái Đất.
Tháng 9/2025, giới khoa học tiếp tục bất ngờ với phát hiện về loài Joaquinraptor casali dù hóa thạch được tìm thấy từ năm 2019. Theo Viện Địa chất và Cổ sinh vật học Patagonia, cá thể này khoảng 19 tuổi. Vào thời điểm tử vong, có thể nó đang ăn dở một cánh tay cá sấu dài khoảng 20 cm.
Đáng chú ý, phần lớn hộp sọ của loài này được bảo tồn khá nguyên vẹn. Điều này đã giúp các nhà nghiên cứu hiểu rõ hơn về chế độ ăn và tập tính săn mồi của loài khủng long này.
Đếntháng 10/2025, một loài khủng long khác được phát hiện tại khu vực phía bắc bang Montana (Mỹ). Nó được đặt tên là Brontotholus harmoni, thuộc họ pachycephalosauridae - nhóm khủng long nổi tiếng với hộp sọ hình vòm dày bất thường.
Nghiên cứu đăng trênZoological Journal of the Linnean Societycho biết các hóa thạch của loài này thực chất đã được phát hiện từ năm 1985 tại bang Montana của Mỹ và năm 1989 tại Canada, song đến nay mới được xác định là một loài mới.
Theo Tiến sĩ D. Cary Woodruff, nhà cổ sinh vật học tại Bảo tàng Khoa học Phillip and Patricia Frost (Mỹ), Brontotholus harmoni là loài pachycephalosauridae đầu tiên được ghi nhận tại hệ tầng địa chất Two Medicine và có kích thước lớn thứ ba trong số các loài cùng họ ở Bắc Mỹ.
Những cuốn sách dành cho người đứng trước cánh cửa nghề nghiệp
Mục Giáo dục giới thiệu đến bạn đọc một số cuốn sách về chủ đề nghề nghiệp, hướng nghiệp, dành cho những bạn trẻ đang băn khoăn trước cánh cửa nghề nghiệp hay người trưởng thành quan tâm đến sự biến đổi nghề nghiệp trong xã hội hiện đại.
Chiến đạogiống cuộc đối thoại, gợi mở các câu hỏi của cuộc đời, giúp người trẻ chủ động định hướng nghề nghiệp, kiến tạo tương lai.
Eight - 8 cách làm chủ trí thông minh nhân tạo: “Đa số công việc mà công viên chức đang phụ trách cuối cùng đều sẽ bị thay thế bởi trí thông minh nhân tạo"", cuốn sách này sẽ giải đáp câu hỏi đó.

Phát hiện hóa thạch mới cho thấy một loài khủng long ăn thịt cỡ trung ở kỷ Phấn Trắng có thể chạy nhanh đến mức đuổi kịp một tay đua xe đạp chuyên nghiệp.
12:29 18/12/2025"
https://znews.vn/4-cung-hoang-dao-may-man-nhat-ngay-dau-nam-moi-post1615899.html,4 cung hoàng đạo may mắn nhất ngày đầu năm mới,"Mặt Trăng ở Song Tử vào thứ năm (1/1/2026), mang lại vận may cho những cung hoàng đạo này.","Ngày 1/1 là khởi đầu đầy tiềm năng dành cho Ma Kết. Ảnh:Astrala.
Ngày 1/1/2026 mở ra nhiều chuyển động tích cực trên bầu trời chiêm tinh, khi Mặt Trăng tiến vào cung Song Tử, mang theo nhịp độ nhanh, tư duy linh hoạt và những cuộc trao đổi sôi nổi.
Trong khi đó, sự hiện diện của Mặt Trời và sao Hỏa ở cung Ma Kết nhấn mạnh tinh thần làm việc nghiêm túc, tập trung vào hiệu quả và kết quả cụ thể. Cùng lúc đó, việc sao Thủy cũng bước vào cung Ma Kết tạo động lực để mỗi người hoàn tất những kế hoạch và công việc đã được khởi động từ trước.
Chiêm tinh ngày đầu năm mới đặc biệt ưu ái những người không đứng yên chờ đợi. Khi mục tiêu, hành động và cơ hội gặp nhau, bốn cung hoàng đạo dưới đây sẽ thu hút may mắn rõ rệt.
Ngày 1/1 là khởi đầu đầy tiềm năng dành cho Ma Kết. Bạn không còn phải loay hoay với những dự định mơ hồ, thay vào đó, mọi thứ đều trở nên rõ ràng. Các quyết định về công việc, dự án nghệ thuật hay mục tiêu cá nhân đều mang tính định hướng và thực tế cao.
Sự thịnh vượng đến từ những bước tiến vững chắc. Những gì bạn đã dày công xây dựng lâu nay sẽ nhận được tín hiệu tích cực. Đây chính là nền tảng vững chắc cho cả tháng 1 đại cát.
Khi Mặt Trăng nằm ngay tại cung của mình, Song Tử bước vào năm mới với tư duy sắc sảo và tâm thế cởi mở.
Ngày đầu năm là thời điểm những cuộc trò chuyện sâu sắc diễn ra trôi chảy, thông tin đến nhanh và các chi tiết trở nên hấp dẫn. Vận may của Song Tử nằm ở khả năng nắm bắt thời điểm: Nói đúng lúc, phản hồi đúng chỗ và nhận ra cơ hội từ những điều nhỏ nhất. Hãy tin vào trực giác, vì bạn đang có khả năng nhận thấy cơ hội ở bất cứ đâu.
Vận may xuất hiện khi Song Ngư đưa trí tưởng tượng gắn với thực tế. Ảnh:Economic Times
Đối với Song Ngư, sự kết hợp giữa sao Thổ và sao Hải Vương trong cung giúp bạn thiết lập trật tự và kỷ luật ở những lĩnh vực từng khiến bạn mông lung.
Vận may xuất hiện khi bạn biết đưa trí tưởng tượng gắn với thực tế. Sự rõ ràng trong vấn đề tài chính và các cam kết giúp bạn đưa ra những quyết định dứt khoát hơn, đồng thời mang lại cảm giác bình yên và niềm tin vào bản thân.
Dù tâm điểm vũ trụ đang đổ dồn vào các hành tinh khác, Cự Giải vẫn nhận được sự bảo hộ từ sao Mộc trong chính cung của mình. Ngày đầu năm, bạn sẽ thấy rõ sức mạnh của kết nối và mục tiêu chung.
Bạn nhận ra hợp tác mang lại hiệu quả hơn nhiều so với việc đơn độc xoay xở. Khi suy nghĩ đường dài, giá trị bền vững của những gì đang đầu tư trở nên rõ ràng, giúp bạn thêm niềm tin và sự lạc quan cho năm mới.
Thị trường lao động thay đổi chóng mặt, để tồn tại, con người cần học tập suốt đời. Trong bối cảnh đó, tạp chí Tri Thức - Znews giới thiệu tới độc giả cuốnHọc tập suốt đờicủa tác giả Michelle R.Weise.
Tác phẩm cung cấp cho độc giả những đánh giá về thị trường lao động tương lai, những giải pháp cho nhu cầu vừa học vừa làm đang ngày một tăng, cùng với đó là đưa ra những cách kết nối để quá trình chuyển đổi “học-làm” diễn ra thuận lợi hơn. Từ đó, tác giả nêu lên vai trò của việc học tập suốt đời.

Dưới sự chiếu mệnh của sao Mộc, bốn cung hoàng đạo sẽ bước vào giai đoạn khởi sắc, đón nhận những bước ngoặt về tài chính, sự nghiệp lẫn tình duyên.
14:02 31/12/2025"
https://znews.vn/du-hoc-sinh-viet-tren-the-gioi-han-hoan-don-nam-moi-2026-post1615884.html,Du học sinh Việt trên thế giới hân hoan đón năm mới 2026,"Khi những giờ phút cuối cùng của năm 2025 trôi qua, ở nhiều múi giờ khác nhau trên thế giới, du học sinh Việt Nam cùng bước vào thời khắc đón năm mới 2026.","Trong không gian đa văn hóa, giữa những khác biệt về múi giờ, khí hậu và phong tục, thời khắc chuyển giao vẫn mang đến cho du học sinh Việt cảm xúc chung: Vui mừng, háo hức và nhiều kỳ vọng cho hành trình phía trước.
Anh Lê Phước Quyền, học viên cao học năm nhất tại Paris (Pháp), cho biết khoảnh khắc chuyển giao năm mới cũng là khoảng thời gian nghỉ ngơi sau một kỳ thi căng thẳng. Quyền đã cùng bạn bè dạo bước bên bờ sông Seine, ngắm nhìn Paris lung linh về đêm.
“Những ngày cuối năm, thời tiết lạnh rõ rệt hơn, các khu phố châu Á tại Paris được trang trí rực rỡ khiến tôi nhớ quê hương nhiều hơn. Tôi nhớ không khí ấm áp của Việt Nam, nhớ những món ăn quen thuộc. Nhân dịp này, tôi giới thiệu dẫn các bạn thưởng thức văn hóa ẩm thực Việt giữa lòng Paris"", anh chia sẻ.
Phước Quyền (trái, ngoài cùng) cùng các bạn quốc tế đi đón giao thừa và năm mới 2026.
Tại Bắc Mỹ, năm mới đến trong tiết trời mùa đông lạnh giá. Trong thời khắc chuyển giao giữa năm cũ và năm mới, Nguyễn Thanh Tùng - sinh viên Việt tại Đại học Harvard lựa chọn dành thời gian cho hành trình leo núi tuyết - trải nghiệm vừa thử thách thể chất, vừa là khoảng lặng để chiêm nghiệm sau một năm học tập xa nhà.
Trên nền tuyết trắng xóa của vùng Đông Bắc nước Mỹ, giữa cái lạnh đặc trưng và không gian yên tĩnh, Tùng chia sẻ cảm giác như được “kết nối lại với chính mình” trong năm mới 2026.
Còn Hoàng Trung Hiếu, chàng trai Việt vừa tốt nghiệp tiến sĩ ngành Điện và Kỹ thuật máy tính tại University of Illinois Urbana - Champaign (Mỹ), đã có một chuyến đi chơi 5 ngày ở thành phố New York để đón năm mới 2026 cùng nhóm bạn thân.
""Chúng mình có rất nhiều kỷ niệm đẹp, gắn kết giữa các bạn bè thành viên trong nhóm, thư giãn sau một học kỳ học tập căng thẳng, hân hoan đón năm mới với nhiều kế hoạch ấp ủ và quyết tâm"", Hiếu chia sẻ.
Hoàng Trung Hiếu (thứ 2, từ trái sang) cùng các bạn đón năm mới tại thành phố New York, Mỹ với khung cảnh sáng rực đặc trưng trong mùa Noel và năm mới 2026.
Tại châu Á, không khí đón năm mới của du học sinh Việt có phần sôi động hơn, đặc biệt ở Trung Quốc, Nhật Bản và Singapore.
Đặng Thị Minh Ánh, sinh viên cao học ngành Giáo dục Hán ngữ Quốc tế tại Đại học Hồ Nam, Trung Quốc cho biết Hội lưu học sinh tại trường đã mang đến tiết mục múa hát ""Hello, Việt Nam"" với tất cả niềm tự hào và tình cảm hướng về quê hương trong sự kiện Gala chào đón năm 2026.
""Tiết mục không chỉ là một phần biểu diễn nghệ thuật mà còn là lời chào năm mới, lời chúc bình an và mong muốn tăng cường sự thấu hiểu, tình hữu nghị giữa du học sinh Việt Nam và sinh viên các quốc gia khác đang học tập tại Đại học Hồ Nam"", Ánh chia sẻ.
Nhóm du sinh viên Việt với tiết mục múa hát ""Hello, Việt Nam"" trong đêm Gala chào đón năm mới 2026 tại Đại học Hồ Nam, Trung Quốc.
Tại Nhật Bản, cô gái Việt Lương Ngọc Phương Lan có hành trình 9 năm du học xứ sở hoa anh đào cho biết, khoảnh khắc đón năm mới 2026 của cô như ấm áp hơn bởi cuộc gặp gỡ gắn kết cuối năm với các bạn trẻ Việt cùng chí hướng. Họ cùng chia sẻ nỗi nhớ nhà, khó khăn, kinh nghiệm, bài học của năm cũ và cùng truyền động lực cho nhau để chinh phục mục tiêu cho những năm tiếp theo.
Phương Lan (cầm hoa, giữa) cùng các bạn trẻ Việt gặp gỡ trước thềm năm mới 2026.
Tại Singapore, nữ du học sinh Phạm Thùy Linh cho biết năm nay, cô đã có những người bạn tốt từ nhiều quốc gia cùng đi countdown nên cảm nhận rõ ràng sự kết nối và trưởng thành sau một hành trình dài đến quốc đảo sư tử học tập.
Ngay sau khoảnh khắc giao thừa, Linh sẽ ra sân bay đón người nhà sang Singapore mừng năm mới. Bước sang năm 2026, Thùy Linh mong muốn đạt thêm được nhiều thành tựu trong công việc và có thể đưa người thân đi thêm nhiều nơi trên thế giới để cùng nhau ngắm nhìn cuộc sống rộng lớn hơn.
Thùy Linh (phải, ngoài cùng) và các bạn đi xem pháo hoa đón năm mới ở thành phố Singapore.
Còn Nguyễn Bằng Thanh Lâm, nghiên cứu sinh tiến sĩ Đại học Quốc gia Singapore và Công nghệ Nanyang (NTU), cho biết chương trình tiến sĩ thường không có kỳ nghỉ Đông dài nên Lâm và các bạn tổ chức nấu ăn với nhau để mừnggiáng sinhvà năm mới.
Đặc biệt, anh thường dành khoảnh khắc giao thừa để gọi điện về cho gia đình. “Chỉ vài phút trò chuyện cũng đủ để cảm thấy được tiếp thêm năng lượng. Năm mới với mình không cần quá náo nhiệt, quan trọng là giữ được sự kết nối với người thân"", chàng du học sinh nói.
Theo nhiều du học sinh, đón năm mới ở nước ngoài giúp họ trân trọng hơn giá trị của sự đoàn tụ và hiểu rõ hơn con đường mình đang đi. Bước sang năm 2026, phần lớn đặt mục tiêu tiếp tục hoàn thành tốt chương trình, mở rộng trải nghiệm quốc tế và chuẩn bị cho những bước đi dài hạn trong học tập và sự nghiệp.
Thị trường lao động thay đổi chóng mặt, để tồn tại, con người cần học tập suốt đời. Trong bối cảnh đó, tạp chí Tri Thức - Znews giới thiệu tới độc giả cuốnHọc tập suốt đờicủa tác giả Michelle R.Weise.
Tác phẩm cung cấp cho độc giả những đánh giá về thị trường lao động tương lai, những giải pháp cho nhu cầu vừa học vừa làm đang ngày một tăng, cùng với đó là đưa ra những cách kết nối để quá trình chuyển đổi “học-làm” diễn ra thuận lợi hơn. Từ đó, tác giả nêu lên vai trò của việc học tập suốt đời.

Đảo Kiritimati thuộc quốc đảo Kiritimati là điểm đầu tiên trên thế giới gõ cửa năm mới 2026.
17:30 31/12/2025"
https://znews.vn/du-hoc-sinh-viet-hoc-truong-top-cung-kho-co-viec-o-han-quoc-post1615743.html,Du học sinh Việt học 'trường top' cũng khó có việc ở Hàn Quốc,"Dù có suất du học tại Hàn, du học sinh Việt Nam và các quốc gia khác lại gặp khó vì không có nhiều suất làm việc bởi các công ty thường ưu tiên lao động trong nước.","Du học sinh tại Hàn Quốc khó tìm việc sau khi tốt nghiệp. Ảnh:Yonhap.
Tháng 2/2025, Do Ngọc Minh Luong, sinh viên ngành Khoa học máy tính người Việt Nam, chính thức tốt nghiệp Đại học Quốc gia Seoul (Hàn Quốc).
Ngay sau đó, Luong hoàn thành hai kỳ thực tập tại các tập đoàn lớn của Hàn Quốc, nhưng cuối cùng vẫn không thể trở thành nhân viên chính thức do doanh nghiệp gặp khó khăn trong việc hỗ trợ giấy tờ visa lao động.
""Tôi thấy các công ty Hàn Quốc không biết nhiều về quy trình làm hồ sơ visa, họ thậm chí không nắm rõ những loại giấy tờ cần thiết để bảo lãnh cho lao động nước ngoài"", Luong chia sẻ vớiKorea Herald.
Luong không phải trường hợp du học sinh duy nhất tại Hàn Quốc gặp rào cản tìm kiếm việc làm. Dù trong những năm qua, Hàn Quốc liên tục mở rộng cơ hội học tập cho người nước ngoài, cơ hội tìm việc tại quốc gia này vẫn rất hạn chế.
Rosa Haque, 27 tuổi, quốc tịch Bangladesh, là một ví dụ như vậy. Sau khi tốt nghiệp Đại học Yonsei, Rosa Haque theo học thạc sĩ tại Viện Khoa học và Công nghệ Tiên tiến Hàn Quốc (KAIST) và may mắn tìm được việc làm sau khoảng 3 tháng tìm kiếm.
Lao động nước ngoài tại Hàn Quốc không dễ tìm việc. Ảnh:Yonhap.
Tuy vậy, quá trình này không hề dễ dàng khi cô hầu như không tìm thấy tin tuyển dụng dành riêng cho sinh viên quốc tế, buộc phải chủ động liên hệ trực tiếp với các phòng nhân sự nhưng vẫn nhận được những phản hồi thiếu cụ thể.
Phần lớn doanh nghiệp khuyến khích Haque nộp hồ sơ trong các đợt tuyển dụng mở cùng ứng viên Hàn Quốc, song thực tế lại đặt sinh viên quốc tế vào thế bất lợi do các bài kiểm tra tiêu chuẩn của tập đoàn lớn như Samsung hay SK đều được tổ chức hoàn toàn bằng tiếng Hàn, cả người bản xứ cũng rất vất vả để chuẩn bị.
Ngay cả khi vượt qua rào cản tuyển dụng, thách thức vẫn tiếp diễn trong môi trường làm việc. Rosa Haque cho biết cô phải đáp ứng yêu cầu TOPIK cấp 5 và tham gia phỏng vấn hoàn toàn bằng tiếng Hàn, song rào cản ngôn ngữ vẫn ảnh hưởng đến khả năng hòa nhập.
Trường hợp của Yang Lin, cử nhân người Trung Quốc tốt nghiệp Đại học Yonsei, cũng cho thấy lợi thế rõ rệt của khả năng ngôn ngữ khi anh tìm việc thuận lợi nhờ sử dụng thành thạo tiếng Hàn, trong khi nhiều sinh viên quốc tế khác chật vật ngay từ khâu tiếp cận thông tin.
Trong khi đó, Hugo Adam, sinh viên người Pháp tại Đại học Quốc gia Seoul và là phó chủ tịch hội sinh viên quốc tế của trường, cho rằng sự thiếu ổn định của hệ thống thị thực là nguyên nhân chính khiến nhiều doanh nghiệp Hàn Quốc ngần ngại tuyển dụng sinh viên quốc tế sau tốt nghiệp.
Theo nam sinh, phần lớn sinh viên buộc phải chuyển sang thị thực D-10 (visa tìm việc) - loại vốn chỉ mang tính tạm thời, kèm theo nhiều ràng buộc về tài chính và cơ hội làm việc.
Việc xin thị thực lao động E-7 lại càng phức tạp hơn khi ứng viên phải làm đúng ngành và đáp ứng những điều kiện khắt khe cũng như phải phụ thuộc vào quy mô doanh nghiệp, sự bảo lãnh của cơ quan nhà nước.
“Thị thực D-10 không ổn định, còn việc bảo lãnh lao động nước ngoài vừa tốn kém, vừa mất nhiều thời gian, nên doanh nghiệp thường tránh tuyển cho các vị trí đầu vào"", Adam nhận định.
Bàn về vấn đề này, Park, nhân viên một công ty hỗ trợ tuyển dụng nhân sự quốc tế, cho biết doanh nghiệp Hàn Quốc thường không mặn mà với việc tuyển sinh viên nước ngoài ở các vị trí đầu vào, bởi họ có xu hướng ưu tiên người Hàn từng học tập hoặc sinh sống ở nước ngoài cho các bộ phận kinh doanh toàn cầu. Chính điều này khiến cơ hội dành cho sinh viên quốc tế ngày càng thu hẹp.
Các công ty đăng tin tuyển dụng, nhưng hầu như chỉ ưu tiên tuyển người Hàn Quốc. Ảnh:Yonhap.
Hiện nay, các tập đoàn lớn, doanh nghiệp Hàn Quốc hiện chủ yếu tuyển lao động nước ngoài cho các vị trí quản lý cấp cao, trong khi cơ hội dành cho sinh viên mới ra trường ngày càng thu hẹp. Thực tế này đã được các nhóm sinh viên quốc tế phản ánh trực tiếp với cơ quan chức năng, trong đó hội sinh viên quốc tế Đại học Quốc gia Seoul từng tham gia đối thoại với Bộ Giáo dục trong nửa đầu năm 2025.
Theo dữ liệu Bộ Giáo dục Hàn Quốc công bố vào đầu tuần này, số sinh viên quốc tế tốt nghiệp tìm được việc làm tại Hàn Quốc tăng từ 1.732 người năm 2018 lên 4.993 người năm 2024. Tuy nhiên, bức tranh tổng thể cho thấy nhiều gam màu xám khi cùng giai đoạn này, tổng số sinh viên quốc tế tốt nghiệp đã tăng hơn gấp đôi, khiến tỷ lệ có việc làm chỉ nhích nhẹ từ khoảng 9,6% lên gần 13,8%.
Khảo sát cũng cho thấy 60-80% sinh viên quốc tế mong muốn ở lại làm việc tại Hàn Quốc, nhưng khoảng cách giữa nhu cầu và khả năng tiếp cận thị trường lao động ngày càng bộc lộ rõ.
“Nếu tìm trên Google hay Naver, hầu như không có tin tuyển dụng dành cho sinh viên quốc tế”, Rosa Haque chán chường chia sẻ.
Dù ghi nhận các kiến nghị liên quan đến visa, thiếu thông tin việc làm và các kỳ thi tuyển dụng nặng về ngôn ngữ, Hàn Quốc vẫn chưa cải thiện việc tuyển dụng.
Trả lờiKorea Herald, Bộ Giáo dục Hàn Quốc cho biết đang phối hợp với chính quyền địa phương nhằm hỗ trợ sinh viên quốc tế phát triển năng lực then chốt, đồng thời xây dựng các chương trình học tiếng Hàn định hướng kinh doanh và gắn trách nhiệm nuôi dưỡng nhân tài nước ngoài với điều kiện phân bổ ngân sách.
Thị trường lao động thay đổi chóng mặt, để tồn tại, con người cần học tập suốt đời. Trong bối cảnh đó, tạp chí Tri Thức - Znews giới thiệu tới độc giả cuốnHọc tập suốt đờicủa tác giả Michelle R.Weise.
Tác phẩm cung cấp cho độc giả những đánh giá về thị trường lao động tương lai, những giải pháp cho nhu cầu vừa học vừa làm đang ngày một tăng, cùng với đó là đưa ra những cách kết nối để quá trình chuyển đổi “học-làm” diễn ra thuận lợi hơn. Từ đó, tác giả nêu lên vai trò của việc học tập suốt đời.

Mang về thu nhập từ100.000 USDmỗi năm, nhiều công việc online “nhàm chán” đang được săn đón nhờ tính ổn định và được phép việc từ xa.
06:35 30/12/2025"
https://znews.vn/quoc-gia-dau-tien-sang-nam-moi-2026-post1615538.html,Quốc gia đầu tiên sang năm mới 2026,Đảo Kiritimati thuộc quốc đảo Kiritimati là điểm đầu tiên trên thế giới gõ cửa năm mới 2026.,"Không phải mọi quốc gia đều đón năm mới cùng lúc. Ảnh:Reuters.
Ngày 31/12 hàng năm, khi kim đồng hồ dần tiến về thời khắc giao thừa, cả thế giới cùng nín thở chờ đón năm mới. Tuy nhiên, năm mới không đến cùng lúc ở mọi nơi. Do trục quay của Trái Đất và sự tồn tại của đường đổi ngày quốc tế, khoảnh khắc giao thừa thực tế kéo dài gần 26 giờ.
TheoNews18, điểm khởi đầu của năm mới thuộc về đảo Kiritimati (quốc đảo Kiribati), nằm trong múi giờ UTC+14. Nhờ vị trí địa lý đặc biệt ngay phía tây đường đổi ngày quốc tế, hòn đảo này bước sang 0h ngày 1/1/2026 sớm hơn bất kỳ nơi nào khác, tương đương 19h ngày 31/12/2025 của Việt Nam.
Thực tế, đến năm 1995, đảo Kiribati mới trở thành quốc gia đón năm mới sớm nhất thế giới. Trước đây, chính quyền Kiribati cho tồn tại 3 múi giờ nằm ở hai phía của đường đổi ngày. Do đó, quốc gia này có hai ngày cùng tồn tại, song lại khiến việc giao thương gặp khó khăn.
Từ ngày 1/1/1995, chính quyền quyết định để toàn bộ lãnh thổ thuộc một múi giờ. Không ồn ào như New York hay Sydney, các hoạt động chào năm mới tại Kiritimati diễn ra yên bình, mang đậm tính cộng đồng.
Quần đảo Chatham (thuộc New Zealand) là nơi đón năm mới sớm thứ hai thế giới, chỉ sau đảo Kiritimati 15 phút. Khoảng 45 phút sau, những khu vực khác ở New Zealand như Auckland, Wellington và thành phố Nuku'alofa ở Tonga sẽ chào mừng năm 2026. Tháp Sky Tower ở Auckland trở thành tâm điểm lễ hội với màn bắn pháo hoa rực sáng bầu trời.
Australia đón năm mới ngay sau đó, dẫn đầu là Sydney với múi giờ UTC+11. Màn pháo hoa trên Cảng Sydney đã trở thành biểu tượng toàn cầu mỗi dịp giao thừa, thu hút hàng triệu người theo dõi.
Các thành phố khác của Australia như Melbourne hay Brisbane đón giao thừa muộn hơn, tạo nên chuỗi sự kiện liên tiếp. Sự kết hợp giữa cảnh quan ven biển và kỹ thuật trình diễn pháo hoa khiến Australia luôn nằm trong nhóm những điểm đón năm mới ấn tượng nhất.
Tại Đông Á, Nhật Bản và Hàn Quốc cùng bước sang năm mới trong múi giờ UTC+9. Trung Quốc đại lục, Singapore vàHong Kongthuộc múi giờ UTC+8, chào đón năm mới bằng pháo hoa và các sự kiện quy mô toàn thành phố. Sau đó 1 giờ, Việt Nam bắt đầu bước vào thời khắc chuyển giao giữa hai năm dương lịch.
Châu Âu bước vào năm mới qua nhiều múi giờ khác nhau, từ London (UTC+0) đến các nước Đông Âu (UTC+2). Trong khi đó, Nam Mỹ đón giao thừa trong các múi giờ từ UTC-3 đến UTC-5.
Địa điểm cuối cùng đón chào ngày đầu năm mới là đảo Baker và đảo Howland. Hai vùng lãnh thổ không người ở này của Mỹ, nằm ở trung Thái Bình Dương và thuộc múi giờ UTC-12.
Pháo hoa thắp sáng bầu trời phía trên Cầu cảng Sydney và Nhà hát Opera ở Australia, năm 2025. Ảnh:Reuters.
TheoTime, khi đồng hồ điểm đúng 0h vào đêm giao thừa, nhiều nước trên khắp thế giới sẽ chào đón năm 2025 với những truyền thống độc đáo.
ỞNhật Bản, các ngôi chùa đánh 108 tiếng chuông vào đêm giao thừa. Theo Phật giáo, người ta tin rằng có 108 loại dục vọng trần tục và mỗi tiếng chuông sẽ loại bỏ đi một dục vọng. TheoJapan Today, truyền thống này được gọi là Joya no Kane. ""Jo"" có nghĩa là ""bỏ đi cái cũ và bước vào cái mới"" và ""Ya"" có nghĩa là ""đêm"".
TạiBrazil,người dân thường mặc đồ trắng và đến bãi biển để đón năm mới. Một số người thực hành truyền thống dâng lễ vật cho Iemanjá hoặc Yemanja, một nữ thần đại dương trong các văn hóa truyền thống như Afro-Brazil Candomblé và Umbanda.
Các lễ vật được đặt lên những chiếc thuyền nhỏ và thả trôi ra biển. Những người ăn mừng cũng nhảy qua 7 con sóng, mỗi con sóng là một lời cảm ơn Iemanjá vì đã ban cho mình những điều tốt lành trong năm qua. Hoàn thành xong, để không gặp xui xẻo, họ không quay lưng lại với biển cho đến khi chân họ rời khỏi mặt nước.
Đêm giao thừa ởScotlandđược gọi là Hogmanay. Nơi đây cũng có tục xông đất, được gọi là first footing. Để đảm bảo may mắn, người đến thăm đầu tiên nên là một người đàn ông cao lớn, tóc đen, mang theo than đá, bánh quy bơ, muối, bánh mì đen và rượu whisky.
Người đầu tiên xông đất cho gia chủ sẽ được gọi là first footer.  Ảnh:Visitscotland.
Ở một số nướcMỹ Latinh, mọi người đi bộ hoặc kéo một chiếc vali trống quanh nhà để mang lại may mắn. Họ cũng tin rằng hành động này sẽ thu hút những chuyến du lịch, những trải nghiệm và thịnh vượng trong năm mới.
NgườiĐan Mạchthực sự ""nhảy"" vào năm mới. Họ đứng trên ghế hoặc sofa để nhảy xuống khi đồng hồ điểm 0h. Nếu quên nhảy vào lúc nửa đêm, điều đó được cho là sẽ mang lại xui xẻo cho toàn bộ năm mới.
NgườiTây Ban Nhachào đón năm mới bằng cách ăn 12 quả nho, mỗi quả tương ứng với một tiếng chuông điểm nửa đêm. Loại nho được sử dụng có vỏ mỏng, màu xanh truyền thống, được thu hoạch vào cuối tháng 11 hoặc tháng 12. Truyền thống này có từ hơn một thế kỷ trước.
Còn tạiHy Lạp, các gia đình thường đến nhà thờ vào ngày Tết. Sau buổi lễ, họ tìm một củ hành tây và treo trên cửa hoặc trong nhà như một biểu tượng của sức khỏe tốt, sự sinh sôi và trường thọ.
Thị trường lao động thay đổi chóng mặt, để tồn tại, con người cần học tập suốt đời. Trong bối cảnh đó, tạp chí Tri Thức - Znews giới thiệu tới độc giả cuốnHọc tập suốt đờicủa tác giả Michelle R.Weise.
Tác phẩm cung cấp cho độc giả những đánh giá về thị trường lao động tương lai, những giải pháp cho nhu cầu vừa học vừa làm đang ngày một tăng, cùng với đó là đưa ra những cách kết nối để quá trình chuyển đổi “học-làm” diễn ra thuận lợi hơn. Từ đó, tác giả nêu lên vai trò của việc học tập suốt đời.

Học sinh, phụ huynh cần nắm rõ lịch nghỉ Tết và khung kế hoạch năm học 2025-2026 để chủ động sắp xếp thời gian học tập, nghỉ ngơi.
10:34 30/12/2025"
https://znews.vn/lam-gi-voi-nhung-bo-sach-giao-khoa-khong-duoc-chon-post1615100.html,Làm gì với những bộ sách giáo khoa không được chọn?,"Đại biểu quốc hội cho rằng không nên coi các bộ sách giáo khoa không được chọn là sách thừa, mà cần tiếp tục khai thác một cách hợp lý.","Độc giả lựa chọn sách tại một hiệu sách trên phố Đinh Lễ (phường Hoàn Kiếm, Hà Nội). Ảnh:Trần Hiền.
Theo quyết định của Bộ GD&ĐT, bộ sáchKết nối tri thức với cuộc sốngcủa NXB Giáo dục Việt Nam được lựa chọn là bộ sách giáo khoa (SGK) sử dụng thống nhất toàn quốc từ năm học 2026-2027.
Bộ GD&ĐT đánh giá một bộ SGK thống nhất sẽ tạo sự bình đẳng, có kiến thức xuyên suốt từ lớp 1 đến 12, giúp đồng bộ trong phát triển năng lực của học sinh.
Tuy nhiên hiện tại, ngoàiKết nối tri thức với cuộc sống, thị trường có hai bộ sách khác được sử dụng rộng rãi ở các trường học làChân trời sáng tạovàCánh diều. Bên cạnh đó còn một số sách lẻ. Vấn đề được đặt ra là khi một bộ sách thống nhất toàn quốc được chọn, những bộ sách còn lại sẽ đi về đâu?
Chia sẻ về vấn đề trên, bà Nguyễn Thị Việt Nga, Ủy ban Văn hóa và Xã hội của Quốc hội, Phó trưởng Đoàn đại biểu Quốc hội chuyên trách TP Hải Phòng, khẳng định tất cả bộ SGK được Bộ GD&ĐT thẩm định, phê duyệt trong thời gian qua đều đạt yêu cầu về chất lượng theo chương trình giáo dục phổ thông 2018.
""Việc một bộ sách được lựa chọn làm sách giáo khoa thống nhất toàn quốc không đồng nghĩa với việc các bộ sách còn lại kém chất lượng hay không còn giá trị sử dụng"", bà Nga nói.
Kết nối tri thức với cuộc sống của NXB Giáo dục Việt Nam được lựa chọn là bộ SGK sử dụng thống nhất toàn quốc. Ảnh:Ngọc Bích.
Trên thực tế, mỗi bộ sách đều có những điểm mạnh riêng, được xây dựng bởi các nhóm tác giả khác nhau, tiếp cận chương trình ở những góc độ khác nhau, góp phần làm phong phú kho học liệu quốc gia.
Trong đó, có bộ mạnh về tổ chức hoạt động học tập, có bộ phát huy tốt tư duy mở, có bộ lại gần gũi với điều kiện thực tiễn của một số vùng, miền. Chính sự đa dạng này từng là một trong những mục tiêu quan trọng của chủ trương xã hội hóa biên soạn sách giáo khoa.
Việc một bộ sách được lựa chọn làm sách giáo khoa thống nhất toàn quốc không đồng nghĩa với việc các bộ sách còn lại kém chất lượng hay không còn giá trị sử dụng.
Bà Nguyễn Thị Việt Nga, Ủy ban Văn hóa và Xã hội của Quốc hội, Phó trưởng Đoàn đại biểu Quốc hội chuyên trách TP Hải Phòng
Vì vậy, đại biểu cho rằng không nên và cũng không thể gọi các bộ sách không được chọn là ""sách thừa"". Nếu các bộ sách này chỉ nằm trong kho, đây rõ ràng là điều đáng tiếc và gây lãng phí lớn.
Lãng phí ở đây không chỉ là chi phí in ấn, phát hành, mà còn lãng phí cơ hội tận dụng tri thức để nâng cao chất lượng dạy và học, lãng phí nguồn lực trí tuệ, công sức của đội ngũ tác giả tham gia biên soạn.
Bà Nga cũng nhấn mạnh việc thống nhất một bộ sách giáo khoa xuất phát từ yêu cầu ổn định hệ thống, bảo đảm công bằng trong tiếp cận giáo dục và thuận lợi cho quản lý, chứ không phải để “loại bỏ” các bộ sách khác.
""Do đó, bài toán đặt ra là sau khi thống nhất bộ SGK, chúng ta sẽ xử lý và khai thác các bộ sách còn lại ra sao?"", đại biểu đặt vấn đề.
Theo đại biểu Nguyễn Thị Việt Nga, các bộ sách không được chọn có thể chuyển từ “SGK chính thức” sang “học liệu bổ trợ, tham khảo”. Đây cũng là tinh thần mà ngành giáo dục đã nhiều lần khẳng định.
Cụ thể, các bộ sách này hoàn toàn có thể được sử dụng làm:
Bên cạnh đó, bà Nga cho rằng cần nghiên cứu các cơ chế phù hợp để hạn chế thiệt hại cho các nhà xuất bản, nhất là những đơn vị đã tham gia xã hội hóa biên soạn sách giáo khoa một cách nghiêm túc.
""Đây không chỉ là câu chuyện kinh tế, mà còn liên quan đến niềm tin của xã hội vào chủ trương xã hội hóa giáo dục"", theo bà Nga.
Cùng với đó, bà Nga cho rằng Bộ GD&ĐT cần có hướng dẫn rõ ràng, tránh để xảy ra tình trạng mỗi nơi hiểu một cách, sử dụng một kiểu, dẫn đến chồng chéo, lúng túng, thậm chí phát sinh những cách làm không đúng tinh thần của chương trình.
Nhà sách Tân Việt (chi nhánh Royal City, phường Thanh Xuân, Hà Nội). Ảnh:Trần Hiền.
Đại biểu Quốc hội chỉ ra các nội dung cần thống nhất bao gồm:
Bà Nga lưu ý hướng dẫn này cần đủ rõ ràng để tránh lạm dụng, nhưng cũng đủ mở để khuyến khích sự linh hoạt, sáng tạo của giáo viên, đúng tinh thần chương trình giáo dục phổ thông 2018.
""Quan trọng hơn, cơ chế này giúp tối ưu hóa nguồn lực xã hội đầu tư cho SGK, triệt tiêu sự lãng phí mà vẫn duy trì được tính ổn định cần thiết của hệ thống giáo dục"", đại biểu quốc hội khẳng định.
Thị trường lao động thay đổi chóng mặt, để tồn tại, con người cần học tập suốt đời. Trong bối cảnh đó, tạp chí Tri Thức - Znews giới thiệu tới độc giả cuốnHọc tập suốt đờicủa tác giả Michelle R.Weise.
Tác phẩm cung cấp cho độc giả những đánh giá về thị trường lao động tương lai, những giải pháp cho nhu cầu vừa học vừa làm đang ngày một tăng, cùng với đó là đưa ra những cách kết nối để quá trình chuyển đổi “học-làm” diễn ra thuận lợi hơn. Từ đó, tác giả nêu lên vai trò của việc học tập suốt đời.

Bộ sách “Kết nối tri thức với cuộc sống” của NXB Giáo dục Việt Nam được lựa chọn là bộ sách giáo khoa sử dụng thống nhất toàn quốc từ năm học 2026-2027.
22:10 26/12/2025"
https://znews.vn/chiem-tinh-hoc-chi-ra-4-cung-hoang-dao-may-man-nhat-nam-2026-post1615597.html,Chiêm tinh học chỉ ra 4 cung hoàng đạo may mắn nhất năm 2026,"Dưới sự chiếu mệnh của sao Mộc, bốn cung hoàng đạo sẽ bước vào giai đoạn khởi sắc, đón nhận những bước ngoặt về tài chính, sự nghiệp lẫn tình duyên.","Trong nửa đầu năm, sao Mộc ở Cự Giải và dịch chuyển sang Sư Tử vào ngày 30/6. Ảnh:Girlboss.
Khi năm cũ dần khép lại, chuyển động của các vì sao cho thấy năm 2026 sẽ là thời điểm diễn ra nhiều thay đổi lớn, kèm theo những cơ hội và vận may bất ngờ. Phần lớn tác động tích cực đến từ sao Mộc - hành tinh có vai trò đặc biệt trong chiêm tinh học.
Sao Mộc tượng trưng cho phúc lành, vận may, sự ưu ái và dư dả. Hành tinh này còn được gọi là Đại Cát tinh, ẩn chứa khả năng mang đến cơ hội phát triển, niềm vui và sự thịnh vượng dưới nhiều hình thức khác nhau.
Trong nửa đầu năm 2026, sao Mộc ở Cự Giải và dịch chuyển sang Sư Tử vào ngày 30/6, mở ra hai làn sóng may mắn. Chia sẻ vớiNew York Post, Ashley Boyd, nhà chiêm tinh tại Gamblizard (Anh), cho biết những chuyển động này có thể tạo ra thay đổi lớn về tài chính, sự nghiệp, các mối quan hệ cũng như cảm giác an toàn lâu dài.
Mọi cung hoàng đạo đều được hưởng lợi theo cách riêng, nhưng có bốn cung được đánh giá là nhận được tác động rõ rệt nhất.
Với Song Tử, việc sao Mộc lưu trú tại Cự Giải sẽ kích hoạt cung địa bàn thứ 2 - biểu trưng cho tài sản, giá trị cá nhân và của cải vật chất của cung hoàng đạo này.
Ashley Boyd nhận định đây là thời điểm vàng để Song Tử nhận được mức thù lao xứng đáng với năng lực. Những khoản tăng lương, thưởng hoặc các khoản đầu tư thông minh sẽ giúp tài chính của Song Tử ổn định hơn bao giờ hết.
“Đây là lúc bạn được trả công xứng đáng với giá trị của mình. Do đó, bạn nên ứng tuyển vào những vị trí có mức lương cao hơn và tham gia các dự án mới, mang lại lợi ích tài chính lớn hơn”, Boyd nói.
Ngoài ra, đây cũng là lúc Song Tử học được cách quản lý chi tiêu hiệu quả, xóa tan áp lực tài chính của những năm trước.
Năm 2026 là lúc Song Tử được trả công xứng đáng với giá trị của mình. Ảnh:Astrala.
Nửa đầu năm 2026, sao Mộc ngự trị ngay tại cung Cự Giải (cung địa bàn thứ nhất), mang lại luồng năng lượng mạnh mẽ và khí chất của người thành đạt.
“Các vì sao mang lại cho Cự Giải động lực mạnh mẽ hơn, cùng khả năng chọn đúng thời điểm cho mọi hành động. Năm tới mở ra cho Cự Giải những cơ hội thuận lợi cho quá trình hoàn thiện và phát triển bản thân”, Boyd nói.
Vốn tượng trưng cho sự tiến lên phía trước, sao Mộc được xem là yếu tố giúp Cự Giải thoát khỏi cảm giác trì trệ, mở đường cho những thay đổi tích cực và đạt được thành công ngoài mong đợi.
Ashley Boyd khuyên Cự Giải hãy dũng cảm bước ra khỏi vùng an toàn. Vận may của vũ trụ đang đứng về phía bạn. Việc đặt ra các mục tiêu hàng tháng hoặc viết nhật ký hành trình sẽ giúp Cự Giải tận dụng tối đa năng lượng tích cực này.
Năng lượng từ sao Mộc tại Cự Giải sẽ chiếu sáng cung địa bàn thứ 10 - khu vực gắn liền với sự nghiệp, danh tiếng của Thiên Bình.
“Thiên Bình sẽ nhận được nhiều sự chú ý hơn trong môi trường làm việc"", Boyd cho biết. Những nỗ lực âm thầm bấy lâu nay sẽ được công nhận, mở ra cơ hội thăng tiến lên các vị trí lãnh đạo.
Boyd khuyến nghị Thiên Bình nên chủ động quảng bá bản thân, từ việc cập nhật CV, hồ sơ LinkedIn cho đến portfolio cá nhân.
“Việc kết nối với những mối quan hệ đáng tin cậy, nhờ họ giới thiệu hoặc trao đổi về kỹ năng, kinh nghiệm rất có thể sẽ mở ra cơ hội mới trong năm tới”, bà nói.
Thiên Bình sẽ nhận được nhiều sự chú ý hơn trong môi trường làm việc. Ảnh:Astrala.
Sao Mộc thắp sáng cung địa bàn thứ 5 của Song Ngư, mang đến những luồng gió mới cho chuyện tình cảm và các dự án sáng tạo.
Theo Boyd, giai đoạn này giúp Song Ngư cải thiện chất lượng các mối quan hệ, khiến việc hẹn hò trở nên dễ dàng và thú vị hơn. “Năng lượng từ Cự Giải cũng giúp bạn kết nối với những đam mê nghệ thuật, mang lại niềm vui tinh thần”, bà cho biết.
Nhà chiêm tinh khuyến khích Song Ngư dành nhiều không gian hơn cho niềm vui, giữ tâm thế cởi mở với các hoạt động xã hội. Khi chọn sống vui vẻ và tích cực, Song Ngư sẽ tự động thu hút quý nhân và nhiều cơ hội đến với mình.
Thị trường lao động thay đổi chóng mặt, để tồn tại, con người cần học tập suốt đời. Trong bối cảnh đó, tạp chí Tri Thức - Znews giới thiệu tới độc giả cuốnHọc tập suốt đờicủa tác giả Michelle R.Weise.
Tác phẩm cung cấp cho độc giả những đánh giá về thị trường lao động tương lai, những giải pháp cho nhu cầu vừa học vừa làm đang ngày một tăng, cùng với đó là đưa ra những cách kết nối để quá trình chuyển đổi “học-làm” diễn ra thuận lợi hơn. Từ đó, tác giả nêu lên vai trò của việc học tập suốt đời.

Học sinh, phụ huynh cần nắm rõ lịch nghỉ Tết và khung kế hoạch năm học 2025-2026 để chủ động sắp xếp thời gian học tập, nghỉ ngơi.
10:34 30/12/2025"
https://znews.vn/nhung-chinh-sach-giao-duc-co-hieu-luc-tu-ngay-mai-post1615515.html,Những chính sách giáo dục có hiệu lực từ ngày mai,"Chốt bộ sách giáo khoa dùng chung, xếp lương giáo viên cao nhất, bỏ bằng tốt nghiệp THCS... là những chính sách sẽ có hiệu lực từ năm 2026.","Giáo viên tham gia thi tuyển tại TP.HCM. Ảnh:Khương Nguyễn.
Kể từ ngày 1/1/2026, nhiều chính sách dành cho giáo viên, học sinh chính thức được áp dụng rộng rãi.
Chính sách đáng chú ý nhất là chốt bộ sách giáo khoa dùng chung toàn quốc theo Quyết định số 3588/QĐ-BGDĐT. Quyết định này có hiệu lực thi hành từ ngày 1/1/2026.
Theo đó, bộ sáchKết nối tri thức với cuộc sốngđược lựa chọn để sử dụng chung từ năm tiếp theo. Bộ GD&ĐT cho biết dựa trên cơ sở nghiên cứu các bộ SGK hiện hành và đối chiếu với các tiêu chí lựa chọn, bộ sách này đáp ứng đầy đủ và nổi trội với những ưu điểm sau:
Học sinh trường THPT chuyên Trần Đại Nghĩa đọc sách tại thư viện. Ảnh:Phương Lâm.
Cũng từ 1/1/226, Luật Nhà giáo, gồm 9 chương, 42 điều, chính thức có hiệu lực thi hành. Điểm đáng chú ý của Luật Nhà giáo là quy địnhlương của nhà giáo được xếp cao nhấttrong hệ thống thang bậc lương hành chính sự nghiệp, giao Chính phủ quy định chi tiết về chính sách tiền lương đối với nhà giáo.
Theo Bộ GD&ĐT, đây là căn cứ quan trọng để chính phủ có những quy định điều chỉnh liên quan đến tiền lương của nhà giáo, bảo đảm chủ trương “xếp cao nhất”.
Ngoài ra, theo quy định của luật, nhà giáo còn đượchưởng thêm các khoản phụ cấp đặc thù, trách nhiệm, ưu đãi, trợ cấp vùng khó khăn, trợ cấp giáo dục hòa nhập, thâm niên, lưu động…, góp phần nâng cao thu nhập toàn diện.
Một điểm khác cũng đáng chú ý trong Luật Nhà giáo làgiáo viên được dạy liên trường, liên cấp. Cụ thể, giáo viên có thể được điều phối giảng dạy tại nhiều cơ sở giáo dục hoặc nhiều cấp học nhằm khắc phục thừa/thiếu giáo viên cục bộ.
Luật Nhà giáo bổ sung nhiều điều chỉnh liên quan đếnchế độ nghỉ hưu đối với đội ngũ giáo viên. Theo đó, giáo viên mầm non được nghỉ hưu sớm tối đa 5 năm so với tuổi nghỉ hưu chung và không bị trừ tỷ lệ lương hưu nếu đủ thời gian đóng bảo hiểm xã hội.
Đối với giáo viên có trình độ tiến sĩ, phó giáo sư và giáo sư, thời gian công tác được kéo dài thêm tương ứng 5, 7 và 10 năm. Việc kéo dài này chỉ áp dụng cho hoạt động chuyên môn, không gắn với chức vụ quản lý, nhằm phát huy hiệu quả nguồn nhân lực học thuật chất lượng cao trong ngành giáo dục.
Tại kỳ họp thứ 10 vào ngày 10/12 vừa qua, Quốc hội đã thông qua nghị quyết về một số cơ chế, chính sách đặc thù, vượt trội nhằm tạo đột phá trong phát triển giáo dục và đào tạo. Nghị quyết có hiệu lực từ ngày 1/1/2026, trong đó nội dung trao thẩm quyền cho giám đốc Sở GD&ĐT trong công tác tuyển dụng, điều động giáo viên.
Theo nghị quyết, giám đốc Sở GD&ĐT được quyền tuyển dụng, tiếp nhận giáo viên, cán bộ quản lý và nhân viên làm việc tại các cơ sở giáo dục công lập trên địa bàn tỉnh. Phạm vi áp dụng gồm các cơ sở giáo dục mầm non, phổ thông, giáo dục thường xuyên, trường chuyên biệt và trường trung học nghề công lập.
Bên cạnh đó, giám đốc Sở GD&ĐT còn được giao thẩm quyền điều động, thuyên chuyển, biệt phái, bổ nhiệm và thay đổi vị trí việc làm đối với đội ngũ nhà giáo, cán bộ quản lý và nhân viên thuộc phạm vi quản lý, cũng như các cơ sở giáo dục công lập liên quan đến từ hai đơn vị hành chính cấp xã trở lên trong cùng địa bàn tỉnh.
Học sinh TP.HCM trong kỳ thi tốt nghiệp THPT. Ảnh:Phương Lâm.
Theo Luật sửa đổi, bổ sung một số điều của Luật Giáo dục, có hiệu lực từ 1/1/2026, văn bằng, chứng chỉ sẽ được cấp dưới dạng bản giấy hoặc bản số, nhằm thúc đẩy triển khai các chủ trương về chuyển đổi số trong lĩnh vực giáo dục.
Luật này cũng quy định bỏ bằng tốt nghiệp THCS, thay thế bằng cụm từ “hoàn thành chương trình trung học cơ sở hoặc tương đương.
Đáng chú ý, thuật ngữ “văn bằng chương trình đào tạo chuyên sâu của một số ngành, lĩnh vực đặc thù” được chuẩn hóa để thay cho “văn bằng tương đương”.
Cách gọi này phản ánh đúng bản chất các loại văn bằng như bác sĩ, dược sĩ, kỹ sư, kiến trúc sư, đồng thời bảo đảm thống nhất với dự thảo Luật Giáo dục đại học (sửa đổi) và tiệm cận thông lệ quốc tế.
Theo nghị quyết về cơ chế, chính sách đặc thù, vượt trội cho giáo dục, từ ngày 1/1/2026, Nhà nước sẽ bảo đảm nguồn lực để thực hiện miễn học phí và giáo trình môn Giáo dục quốc phòng và an ninh tại các cơ sở giáo dục nghề nghiệp và giáo dục đại học.
Việc triển khai được thực hiện theo lộ trình do Chính phủ quy định, phù hợp với khả năng cân đối ngân sách nhà nước và các quy định pháp luật liên quan.
Hiện nay, theo khoản 1 Điều 4 Thông tư liên tịch 18/2015/TTLT-BGDĐT-BLĐTBXH, các đối tượng được miễn học môn Giáo dục quốc phòng và an ninh gồm học sinh, sinh viên có giấy chứng nhận sĩ quan dự bị hoặc bằng tốt nghiệp do các trường quân đội, công an cấp; học sinh, sinh viên đã có chứng chỉ Giáo dục quốc phòng và an ninh tương ứng với trình độ đào tạo; học sinh, sinh viên là người nước ngoài.
Thị trường lao động thay đổi chóng mặt, để tồn tại, con người cần học tập suốt đời. Trong bối cảnh đó, tạp chí Tri Thức - Znews giới thiệu tới độc giả cuốnHọc tập suốt đờicủa tác giả Michelle R.Weise.
Tác phẩm cung cấp cho độc giả những đánh giá về thị trường lao động tương lai, những giải pháp cho nhu cầu vừa học vừa làm đang ngày một tăng, cùng với đó là đưa ra những cách kết nối để quá trình chuyển đổi “học-làm” diễn ra thuận lợi hơn. Từ đó, tác giả nêu lên vai trò của việc học tập suốt đời.

Bộ sách giáo khoa Kết nối tri thức đáp ứng đầy đủ các tiêu chí, bảo đảm đầy đủ, đồng bộ tất cả môn học, hoạt động giáo dục ở cả 3 cấp học, đồng thời có lợi thế về giá.
14:01 30/12/2025"
https://znews.vn/ly-do-thi-sinh-24-tuoi-thoi-hoc-tien-si-o-dh-y-khoa-pham-ngoc-thach-post1615417.html,Lý do thí sinh 24 tuổi thôi học tiến sĩ ở ĐH Y khoa Phạm Ngọc Thạch,"Việc Âu Nhật Huy trúng tuyển chương trình tiến sĩ ngay sau khi tốt nghiệp đại học đã gây tranh luận, đi kèm nhiều nghi vấn về tính liêm chính trong các công trình nghiên cứu khoa học","Âu Nhật Huy tốt nghiệp đại học vào tháng 8/2025, sau đó trúng tuyển tiến sĩ sau hơn một tháng. Ảnh:TTU.
Chỉ trong 3 tháng cuối năm 2025, cái tên Âu Nhật Huy trở thành tâm điểm chú ý của dư luận khi trúng tuyển chương trình tiến sĩ tạiĐại học Y khoa Phạm Ngọc Thạchở tuổi 24.
Nhưng sau đó, hàng loạt ý kiến trái chiều được đưa ra, trong đó nhiều người đặt nghi vấn về kết quả tuyển sinh cũng như chính liêm chính của nam nghiên cứu sinh trong các công trình nghiên cứu khoa học.
Âu Nhật Huy, sinh năm 2001, tốt nghiệp xuất sắc ngành Y tại Đại học Tân Tạo vào tháng 8/2025 với điểm GPA 3.8/4.0 và có chứng chỉTOEIC940/990.
Trong nghiên cứu khoa học, nam sinh này là đồng tác giả của 6 bài báo và từng tham gia thuyết trình tại 3 hội thảo khoa học quốc tế. Cùng với đó, Huy cũng từng đoạt giải nhất của hội nghị khoa học, khoa Y tại Đại học Tân Tạo trong thời gian theo học tại trường.
Đại học Y khoa Phạm Ngọc Thạch. Ảnh:Quỳnh Danh.
Đến cuối tháng 9, đầu tháng 10/2025, Âu Nhật Huy xuất hiện trên hàng loạt trang tin tức và mạng xã hội khi trúng tuyển chương trình nghiên cứu sinh tiến sĩ của Đại học Y khoa Phạm Ngọc Thạch. Cậu đạt 88,8 điểm, xếp thứ 2 trong số 31 người trúng tuyển.
Điều này có nghĩa là chỉ sau hơn một tháng tốt nghiệp đại học, Âu Nhật Huy đã trúng tuyển chương trình tiến sĩ. Khi đó, một số người đặt câu hỏi vì sao Âu Nhật Huy chưa học thạc sĩ đã trúng tuyển chương trình tiến sĩ?
Theo quy chế tuyển sinh tiến sĩ năm 2025 của Đại học Y khoa Phạm Ngọc Thạch, điều kiện xét tuyển gồm 3 phần là văn bằng, kinh nghiệm nghiên cứu và đề cương nghiên cứu.
Trong đó, điều kiện về văn bằng là phải có bằng thạc sĩ y học đúng với ngành đăng ký, hoặc có bằng bác sĩ đa khoa tốt nghiệp loại giỏi trở lên, hoặc có bằng tốt nghiệp trình độ tương đương bậc 7 theo khung trình độ quốc gia Việt Nam ngành đúng hoặc phù hợp với ngành đăng ký.
Như vậy, xét theo quy định của trường, Âu Nhật Huy vẫn đáp ứng đúng yêu cầu là có bằng tốt nghiệp loại giỏi trở lên.
Chưa dừng lại ở đó, nhiều người đặt nghi vấn về tốc độ công bố các bài nghiên cứu của Âu Nhật Huy, một số nội dung nghiên cứu trùng lặp và thậm chí cậu còn đứng chung tên với mẹ là PGS.TSTrần Thị Khánh Tườngtrong nhiều bài báo khoa học.
Mối quan hệ mẹ con giữa Âu Nhật Huy và PGS.TS Trần Thị Khánh Tường cũng là điểm khiến nhiều người chú ý. Đó là lý do dư luận nghi ngờ về tính minh bạch của kết quả trúng tuyển của nam nghiên cứu sinh.
Sau loạt nghi vấn liên quan đến công tác tuyển sinh sau đại học, Đại học Y khoa Phạm Ngọc Thạch đã chính thức lên tiếng, khẳng định quy trình tuyển sinh trình độ tiến sĩ năm 2025 được thực hiện đúng quy định, bảo đảmcông khai và minh bạch.
Theo nhà trường, hội đồng tuyển sinh sau đại học năm học 2025-2026 đã họp, xem xét toàn diện trường hợp thí sinh Âu Nhật Huy và cho thấy toàn bộ quy trình tuyển sinh tiến sĩ năm 2025 được triển khai đúng trình tự, tuân thủ đầy đủ quy chế của Bộ GD&ĐT. Trường đã công bố thông báo tuyển sinh đúng thời hạn, tiếp nhận và lưu trữ hồ sơ theo quy định.
Đối với trường hợp thí sinh Âu Nhật Huy, Đại học Y khoa Phạm Ngọc Thạch xác nhận thí sinh này có tên trong danh sách trúng tuyển trình độ tiến sĩ, hồ sơ hợp lệ và đạt điểm xét tuyển theo quy chế hiện hành.
Liên quan thông tin về mối quan hệ cá nhân, nhà trường cho biết quy chế tuyển sinh và đào tạo trình độ tiến sĩ quy định rõ cán bộ, giảng viên có người thân tham gia tuyển sinh sẽ không được tham gia bất kỳ hội đồng nào trong kỳ tuyển sinh.
Trong trường hợp này, PGS.TS Trần Thị Khánh Tường, mẹ của thí sinh Âu Nhật Huy, không tham gia bất kỳ hoạt động nào trong quá trình tuyển sinh sau đại học năm 2025, bảo đảm nguyên tắc loại trừ xung đột lợi ích và tuân thủ đúng quy định hiện hành.
Liên quan 8 bài báo khoa học thí sinh Âu Nhật Huy nộp để dự thi, nhà trường khẳng định các bài này đều được công bố trên tạp chí khoa học và được tính điểm theo quy định năm 2025.
Trong đó, 5 bài đăng trên tạp chí trong nước và 3 bài trên tạp chí quốc tế thuộc danh mục Scopus, với tổng điểm quy đổi 11 điểm nhưng được tính tối đa 10 điểm, giúp thí sinh đạt điểm trung bình 88,8.
Tuy nhiên, ngày 8/10, nhà trường nhận được thông báo từ tác giả chính về việc rút bài báo quốc tếMetabolic Dysfunction-Associated Fatty Liver Disease in Chronic Obstructive Pulmonary Disease Patients: Insights From Vietnam (tạm dịch:Bệnh gan nhiễm mỡ liên quan đến rối loạn chuyển hóa ở bệnh nhân mắc bệnh phổi tắc nghẽn mạn tính: Những nghiên cứu từ Việt Nam),bài viết sau đó bị JCOPDF gỡ bỏ. Sau khi loại bài này, điểm quy đổi cho kinh nghiệm nghiên cứu của thí sinh còn 9,5 điểm, kéo theo điểm trung bình giảm từ 88,8 xuống 88,3.
Dù vậy, theo Hội đồng tuyển sinh, việc điều chỉnh điểm không ảnh hưởng đến kết quả trúng tuyển trình độ tiến sĩ của Âu Nhật Huy.
Đại học Y khoa Phạm Ngọc Thạch đã lập tổ công tác liên quan liêm chính khoa học. Ảnh:PNT.
Vụ việc liên quan nghiên cứu sinh tiến sĩ 24 tuổi vẫn chưa kết thúc khi vào ngày 28/10, Đại học Y khoa Phạm Ngọc Thạch ra quyết định về việc thành lập tổ công tác liên quan đến liêm chính khoa học.
Theo quyết định do nhà trường công bố, tổ công tác liên quan đến liêm chính khoa học do TS.BS Phạm Quốc Dũng, Phó hiệu trưởng nhà trường, làm tổ trưởng. Tổ công tác này có nhiệm vụ rà soát các nội dung liên quan Điều 8 Luật số 93 (Luật Khoa học, Công nghệ và Đổi mới sáng tạo 2025), Điều 4, Điều 6 Nghị định 262/2025/NĐ-CP.
Một tuần sau đó, hội đồng trường và ban giám hiệu Đại học Y khoa Phạm Ngọc Thạch cho biết nhà trường nhận được email nặc danh tố cáo một số cá nhân thuộc trường có dấu hiệu gian lận nghiên cứu, vi phạm nguyên tắc liêm chính khoa học.
Trường đã gửi thư mời người tố cáo cung cấp thêm thông tin, tài liệu nhưng không nhận được phản hồi.
Do đơn tố cáo nặc danh, nhà trường không thể xử lý theo quy trình quy định. Tuy nhiên, trước nội dung liên quan đến các cá nhân thuộc phạm vi quản lý, lãnh đạo trường vẫn chủ động rà soát, xác minh nhằm bảo đảm hoạt động đào tạo và nghiên cứu khoa học tuân thủ đúng quy định pháp luật.
""Trường cam kết xử lý mọi hành vi sai phạm học thuật khách quan, công bằng và đúng quy định. Mọi phản ánh từ xã hội hay cộng đồng khoa học sẽ được xem xét thấu đáo, dựa trên bằng chứng và quy trình minh bạch"", PGS.TS Nguyễn Đăng Thoại, Phó hiệu trưởng nhà trường, chia sẻ vớiTri Thức - Znewstrong buổi trao đổi ngày 10/11.
Tiếp đó, Sở GD&ĐT TP.HCM cũng vào cuộc khi có văn bản đề nghị Đại học Y khoa Phạm Ngọc Thạch cung cấp hồ sơ, tài liệu liên quan quy trình tuyển sinh và đào tạo trình độ tiến sĩ đối với các nghiên cứu sinh trúng tuyển năm 2025, làm cơ sở tổng hợp, báo cáo UBND TP.HCM xem xét.
Theo Sở GD&ĐT TP.HCM, yêu cầu này nhằm làm rõ các thông tin đang lan truyền trên mạng xã hội và báo chí, trong đó có nội dung bị cho là suy diễn, gây ảnh hưởng đến uy tín nhà trường và dư luận xã hội.
Sở đồng thời đề nghị trường cung cấp minh chứng về các thông tin phản hồi chính thức gửi tới cơ quan báo chí, khẳng định việc tuyển sinh được thực hiện đúng quy định, bảo đảm hoạt động đào tạo, nghiên cứu và tuyển sinh diễn ra theo kế hoạch.
Hiện, Đại học Y khoa Phạm Ngọc Thạch đã ra quyết địnhxóa tên Âu Nhật Huykhỏi danh sách nghiên cứu sinh tiến sĩ ngành Nội khoa. Trước đó, cậu đã chủ động nộp đơn xin thôi học và được nhà trường chấp thuận.
Thị trường lao động thay đổi chóng mặt, để tồn tại, con người cần học tập suốt đời. Trong bối cảnh đó, tạp chí Tri Thức - Znews giới thiệu tới độc giả cuốnHọc tập suốt đờicủa tác giả Michelle R.Weise.
Tác phẩm cung cấp cho độc giả những đánh giá về thị trường lao động tương lai, những giải pháp cho nhu cầu vừa học vừa làm đang ngày một tăng, cùng với đó là đưa ra những cách kết nối để quá trình chuyển đổi “học-làm” diễn ra thuận lợi hơn. Từ đó, tác giả nêu lên vai trò của việc học tập suốt đời.

Trường Đại học Y khoa Phạm Ngọc Thạch đã ban hành quyết định cho thí sinh Âu Nhật Huy thôi học chương trình tiến sĩ.
09:17 30/12/2025"
https://znews.vn/tran-tro-gio-ra-choi-con-lam-gi-neu-khong-dung-dien-thoai-post1615503.html,Trăn trở giờ ra chơi con làm gì nếu không dùng điện thoại?,"Đề xuất hạn chế học sinh sử dụng điện thoại trong giờ ra chơi tại TP.HCM, nhiều phụ huynh Hà Nội bắt đầu nhìn lại thực tế giờ ra chơi của con em mình trong trường học.","Thông tin ngành giáo dụcTP.HCMxây dựng lộ trình hạn chế học sinh sử dụng điện thoại di động trong giờ ra chơi từ năm 2026 nhận được nhiều ý kiến quan tâm.
Theo Sở GD&ĐT TP.HCM, chủ trương này nhằm giảm sự phụ thuộc vào thiết bị số, khuyến khích học sinh vận động, tăng cường giao tiếp trực tiếp, góp phần xây dựng môi trường học đường lành mạnh.
Trước khi triển khai đại trà, từ tháng 10/2025, TP.HCM đã thí điểm mô hình này tại 16 trường THCS và THPT. Kết quả sơ kết cho thấy mức độ đồng thuận cao từ phụ huynh, với tỷ lệ ủng hộ khoảng 98%. Nhiều trường chủ động xây dựng phương án quản lý linh hoạt, phù hợp điều kiện thực tế, thay vì áp dụng biện pháp cứng nhắc.
Tại trường THPT Võ Trường Toản, gần 98% phụ huynh đồng thuận với việc hạn chế điện thoại trong giờ ra chơi. Nhà trường bố trí phòng quản sinh để hỗ trợ học sinh liên hệ với gia đình khi cần thiết. Trong khi đó, trường THPT Nguyễn Khuyến tổ chức bàn giao thiết bị ngay từ đầu buổi học, đồng thời mở rộng các hoạt động thể thao, đọc sách, câu lạc bộ cho học sinh lựa chọn.
Báo cáo của Sở GD&ĐT TP.HCM cho thấy hơn 80% học sinh tham gia ít nhất một hoạt động thay thế trong giờ ra chơi; trên 70% học sinh đồng ý hạn chế điện thoại nếu có hoạt động hấp dẫn. Các hình thức sinh hoạt khá đa dạng, từ thể thao, trò chơi tập thể, văn nghệ, phát thanh học đường đến đọc sách, sinh hoạt thư viện, chơi cờ, hoạt động sáng tạo.
Từ kết quả thí điểm, TP.HCM dự kiến từ tháng 1/2026 sẽ triển khai đại trà tại các trường THCS, THPT, trường phổ thông nhiều cấp học, trung tâm giáo dục thường xuyên và trung tâm giáo dục nghề nghiệp - giáo dục thường xuyên. Các trường được yêu cầu xây dựng nội quy, quy trình quản lý thiết bị điện tử rõ ràng và tổ chức tối thiểu ba nhóm hoạt động thay thế phù hợp với điều kiện cơ sở vật chất.
Học sinh trong giờ ra chơi.
Theo dõi thông tin từ TP.HCM, nhiều phụ huynh tại Hà Nội cho biết họ nhìn thấy hình ảnh quen thuộc từ chính đời sống học đường của con em mình.
""Không phải tôi phản đối con dùng điện thoại, nhưng thực sự không biết giờ ra chơi của con đang diễn ra như thế nào"", chị Trần Thị Hà Phương, phụ huynh có con học lớp 10 tại phường Yên Hòa, chia sẻ. Theo chị, khi được hỏi, con thường trả lời ngắn gọn: lúc thì lướt mạng xã hội, lúc chơi game.
Thực tế này không phải cá biệt. Nhiều phụ huynh Hà Nội cho biết hình ảnh học sinh tụm lại sử dụng điện thoại trong giờ ra chơi đã trở nên phổ biến tại không ít trường học.
Thay vì ra sân vận động hay trò chuyện cùng bạn bè, nhiều em ngồi yên trong lớp, mỗi người một màn hình. Điều khiến phụ huynh lo lắng không chỉ là thời gian sử dụng thiết bị số, mà là sự thiếu hụt các tương tác trực tiếp - yếu tố quan trọng với sự phát triển tâm lý, kỹ năng xã hội của trẻ.
Dẫu vậy, phần lớn phụ huynh Hà Nội cho rằng họ không mong muốn những biện pháp cấm đoán cứng nhắc. ""Cấm hoàn toàn là rất khó và không thực tế. Điều chúng tôi mong là con biết lúc nào nên dùng, lúc nào nên dừng"", anh Mai Trọng Nhân, phụ huynh có hai con học THCS tại phường Hoàng Mai, nói.
Theo anh, nếu nhà trường có quy định chung, áp dụng đồng đều, học sinh sẽ dễ chấp nhận hơn, phụ huynh cũng giảm áp lực nhắc nhở con.
Nhiều ý kiến cho rằng việc hạn chế điện thoại chỉ thực sự hiệu quả khi đi kèm các hoạt động thay thế phù hợp. Trong bối cảnh nhiều trường học nội đô Hà Nội có diện tích hạn chế, việc tổ chức giờ ra chơi cần được tính toán kỹ lưỡng.
""Nếu chỉ thu điện thoại mà không tạo thêm không gian sinh hoạt, học sinh vẫn sẽ thấy trống trải"", chị Nguyễn Hồng Yến, phụ huynh có con học lớp 7 tại phường Cầu Giấy, nhận định.
Ở góc độ giáo dục, phụ huynh cho rằng trường học là môi trường phù hợp để hình thành thói quen sử dụng thiết bị số có kiểm soát. Trong bối cảnh chuyển đổi số là xu thế không thể đảo ngược, giáo dục không chỉ dừng ở trang bị kỹ năng công nghệ, mà còn cần giúp học sinh biết cân bằng giữa thế giới trực tuyến và đời sống thực. Giờ ra chơi, vì thế, không chỉ là khoảng nghỉ giữa các tiết học, mà là không gian quan trọng để trẻ vận động, giao tiếp và trưởng thành.
Cuốn sáchGiải mã trẻ cá biệt - Hiểu, Hợp tác, Hành độngcủa tiến sĩ Ross W. Greene mở ra một góc nhìn toàn diện và nhân văn hơn về những trẻ bị gắn mác ""cá biệt"". Thay vì trừng phạt, chúng ta có thể giúp các em rèn luyện những kỹ năng thiếu hụt để biến đổi hành vi.
Cuốn sách không chỉ mang đến những nghiên cứu khoa học tâm lý hành vi sâu sát, mà còn cung cấp phương pháp giáo dục thực tiễn, giúp phụ huynh và giáo viên áp dụng hiệu quả.

Từ tháng 1/2026, các trường THCS, THPT và trung tâm GDNN - GDTX trên địa bàn TP.HCM bắt đầu siết học sinh dùng điện thoại. Trước đó, 16 trường đã thí điểm kế hoạch này từ tháng 10/2025.
16:25 30/12/2025"
https://znews.vn/hien-tuong-tam-ly-ky-la-cua-nhung-nguoi-tro-ve-tu-du-hanh-vu-tru-post1615457.html,Hiện tượng tâm lý kỳ lạ của những người trở về từ du hành vũ trụ,"Đảm nhận công việc được nhiều người ngưỡng mộ, nhưng các phi hành gia cũng dễ đối mặt với các vấn đề về sức khoẻ, tinh thần sau khi hoàn thành nhiệm vụ.","Amanda Nguyễn là thành viên phi hành đoàn toàn nữ đầu tiên của Blue Origin vào tháng 4/2025. Ảnh:Amanda Nguyen.
Trong một bài đăng dài đăng trên nền tảng Instagram hôm 28/12, Amanda Nguyễn, người phụ nữ gốc Việt đầu tiên bay vào vũ trụ, cho biết hậu quả của chuyến bay vào vũ trụ cách đây 8 tháng đã khiến côrơi vào trạng thái trầm cảm nặng.
Cô đã không rời khỏi Texas (Mỹ) trong một tuần vì nằm bẹp giường. Một tháng sau đó, cô vẫn rơi vào trạng thái tinh thần bất ổn, dễ khóc và không thể nói chuyện.
Du hành vũ trụ thường được nhắc đến như biểu tượng của tiến bộ khoa học và khát vọng khám phá. Tuy nhiên, đằng sau những chuyến bay ngoạn mục là hàng loạt thách thức nghiêm trọng mà các phi hành gia phải đối mặt, không chỉ khi ở ngoài không gian mà còn kéo dài sau ngày trở về Trái Đất.
Các vấn đề này đã được ghi nhận qua nhiều thập kỷ nghiên cứu, cùng những câu chuyện có thật từ các phi hành gia từng sống hàng trăm ngày trong quỹ đạo.
Làm việc trong môi trường chật hẹp, thiếu sự kết nối có thể khiến phi hành gia gặp vấn đề về sức khoẻ tâm thần. Ảnh:NASA.
Chỉ một lần ngoái nhìn về Trái Đất từ ngoài không gian cũng có thể làm đảo lộn hoàn toàn nhận thức của con người. Từ sau các sứ mệnh Apollo năm 1969, NASA ghi nhận nhiều phi hành gia trở về với những thay đổi sâu sắc trong thế giới quan, khi họ cho rằng biên giới quốc gia trở nên vô nghĩa và xung đột nhân loại trở nên nhỏ bé nếu đặt trong bối cảnh vũ trụ bao la.
Trải nghiệm ấy thường đến từcú sốc thị giácvà cảm xúc cực mạnh khi con người lần đầu đối diện với không gian vô hạn. Phi hành gia Bruce McCandless từng mô tả chuyến đi bộ ngoài không gian không dây đầu tiên là những phút giây cô đơn nhất cuộc đời, không phải về thể xác mà là về mặt tồn tại.
Nhiều phi hành gia khác, trong đó có Liu Yang hay Alexei Leonov, cũng thừa nhận cảm giácchoáng ngợp,sợ hãikhi đứng trước bóng tối không đáy và Trái Đất mong manh như một quả cầu thủy tinh lơ lửng.
Hiện tượng này được các nhà khoa học gọi là “hiệu ứng tổng quan” (overview effect), khi con người nhận ra mình chỉ là một phần rất nhỏ của hành tinh. Mặt trái của hiệu ứng ấy là cảm giác cô đơn sâu sắc và các phi hành gia phải mang theo một sự thật khó diễn đạt khi trở về Trái Đất.
Ngoài ra, các phi hành gia còn đối mặt với những khủng hoảng tâm lý khác sau khi trở về Trái Đất. Trường hợp của Buzz Aldrin, phi hành gia thực hiện sứ mệnh Apollo 11, là ví dụ điển hình. Không lâu sau chuyến đổ bộ Mặt Trăng lịch sử vào năm 1969, ông rơi vào tình trạng nghiện rượu và trầm cảm kéo dài.
Trong hồi kýReturn to Earth,  khi nói về chứng trầm cảm của mình sau sứ mệnh, ông Aldrin thẳng thắn thừa nhận rằng ông không có cách nào có thể đặt ra một mục tiêu nào sánh được với những mục tiêu đã đạt được.
Theo các chuyên gia, sựhụt hẫngnày một phần xuất phát từ việc đỉnh cao sự nghiệp đến quá sớm và quá lớn, khiến cuộc sống sau đó trở nên nhạt nhòa, thiếu động lực.
Vào thời điểm tham gia Apollo 11, ông Aldrin mới chỉ 39 tuổi, trong khi phi hành gia ngày nay thường làm nhiệm vụ ở độ tuổi lớn hơn. Điều này đồng nghĩa họ có nhiều năm huấn luyện, chuẩn bị tâm lý và trải nghiệm nghề nghiệp hơn trước khi bay vào không gian, qua đó giúp giảm bớt nguy cơ gặp cú sốc hậu sứ mệnh sau khi trở về Trái Đất.
Phi hành gia Buzz Aldrin gặp trầm cảm kéo dài khi trở về Trái Đất. Ảnh:National Geographic.
Khủng hoảng khi trở về là một chuyện, khủng hoảng khi làm việc trong vũ trụ rộng lớn lại là một chuyện khác. Trong không gian, con người sống trong môi trường vi trọng lực,cơ thểkhông còn chống lại lực hút của Trái Đất.
Các nghiên cứu của NASA cho thấy chỉ sau vài tuần, cơ bắp của các phi hành gia bắt đầu teo đi, mật độ xương suy giảm, hệ tim mạch hoạt động khác thường do không còn áp lực dồn máu xuống phần thân dưới.
Hệ thống tiền đình - bộ phận giúp con người giữ thăng bằng - cũng bị rối loạn vì não không còn nhận được tín hiệu quen thuộc từ trọng lực.
Nếu những thay đổi thể chất có thể đo đếm được bằng các chỉ số y sinh, những tổn thươngtinh thầnlại âm thầm và phức tạp hơn. Việc sống nhiều tháng trong một không gian chật hẹp, bị cô lập khỏi xã hội, hạn chế tiếp xúc với gia đình, cùng áp lực công việc mang tính sống còn, có thể bào mòn sức khỏe tâm thần của phi hành gia.
Các dữ liệu của NASA cho thấy hơn 1/3 phi hành gia nam và khoảng 2/5 phi hành gia nữ xuất hiện các triệu chứng trầm cảm trong thời gian ở ngoài không gian. Nguyên nhân không chỉ đến từ sự cô lập, mà còn do thiếu ánh sáng tự nhiên - yếu tố quan trọng điều hòa nhịp sinh học và tâm trạng, cùng sự đơn điệu kéo dài của môi trường sống và công việc, theoYahoo News UK.
Bên cạnh trầm cảm, cô lập xã hội còn có thể dẫn đến lo âu, rối loạn giấc ngủ, suy giảm khả năng tập trung và nhận thức. Một số nghiên cứu thậm chí ghi nhận hiện tượng ảo giác và suy giảm chức năng não ở những nhiệm vụ kéo dài gần một năm.
Khi làm việc trong không gian, ví dụ như Trạm Vũ trụ Quốc tế (ISS), các phi hành gia cũng dễ rơi vào xung đột do khác biệt văn hoá. Lịch sử hàng không vũ trụ từng ghi nhận một số nhiệm vụ bị chấm dứt sớm do mâu thuẫn nội bộ hoặc khủng hoảng tâm lý.
Các nhà tâm lý học không gian ví môi trường này như một chiếc thang máy không bao giờ mở cửa. Con người buộc phải học cách kiểm soát cảm xúc, giải quyết xung đột và đặt nhiệm vụ chung lên trên cảm xúc cá nhân. Đây là lý do huấn luyện tâm lý, xây dựng tinh thần đồng đội và sàng lọc nhân sự được coi là yếu tố sống còn trước mỗi chuyến bay.
Chênh vênh khi thất nghiệp tuổi 40
CuốnNhảy việc hoàn hảomang tới cho bạn đọc những lời khuyên bổ ích trong quá trình tìm kiếm việc làm, muốn thay đổi môi trường làm việc. Để tìm được công việc phù hợp, bạn cần hiểu rõ các kỹ năng, thế mạnh của bản thân và yêu cầu của nhà tuyển dụng.

Thực tế nhiều kỹ sư vũ trụ Việt Nam vẫn sống và nghiên cứu khoa học với mức lương 10 triệu đồng, vậy liệu thu nhập ấy có đủ để nuôi giấc mơ chinh phục không gian?
11:10 1/12/2025"
https://znews.vn/sieu-trang-mua-sao-bang-xuat-hien-ngay-dau-nam-moi-post1615388.html,"Siêu trăng, mưa sao băng xuất hiện ngay đầu năm mới","Ngay tối 3/1/2026, người yêu thiên văn Việt Nam sẽ có cơ hội chiêm ngưỡng siêu trăng đầu tiên của năm 2026.","Vào ngày 3/1/2026, Mặt Trăng sẽ nằm ở phía đối diện Trái Đất so với Mặt Trời.
Vào ngày 3/1/2026, Mặt Trăng sẽ nằm ở phía đối diện Trái Đất so với Mặt Trời, toàn bộ bề mặt của nó sẽ được chiếu sáng. Hiện tượng này xảy ra lúc 10:04 UTC, khoảng 17h chiều 3/1 tại Việt Nam.
Lần trăng tròn này được các bộ lạc thổ dân châu Mỹ thời xưa gọi là Trăng Sói vì đây là thời điểm giữa đông lạnh giá, khi nguồn thức ăn khan hiếm, bầy sói thường đói và ra khỏi hang hú nhiều hơn.
Mặt Trăng này cũng được biết đến với tên gọi Trăng cũ và Trăng sau lễGiáng sinh. Đây cũng là siêu trăng đầu tiên trong ba siêu trăng của năm 2026. Mặt trăng sẽ ở gần điểm gần Trái Đất nhất và có thể trông lớn hơn và sáng hơn bình thường một chút.
Đêm ngày 3/1 và rạng sáng ngày 4/1/2026 cũng là đỉnh điểm của mưa sao băng Quadrantids. Có nguồn gốc từ tiểu hành tinh 2003 EH1, được phát hiện từ năm 1825, mưa sao băng Quadrantids hoạt động từ khoảng 26/12/2025 đến 16/1/2026 với đỉnh điểm vào đêm ngày 3/1, rạng sáng ngày 4/1/2026. Đây là trận mưa sao băng khá lớn với tần suất có thể đạt 40-60 vệt sao băng/giờ.
Năm nay, cực đại của trận mưa sao băng này trùng với thời kỳ trăng tròn, vì vậy việc quan sát sẽ bị ảnh hưởng nhiều. Người quan sát nên chọn thời điểm từ nửa đêm đến trước bình minh ngày 4/1, chọn nơi ít ánh sáng đèn và ít ô nhiễm không khí.
Mưa sao băng hoàn toàn có thể quan sát bằng mắt thường. Tâm điểm trận mưa sao băng này tại chòm sao Mục Phu nhưng cũng có thể xuất hiện tại bất cứ vị trí nào trên bầu trời.
Thị trường lao động thay đổi chóng mặt, để tồn tại, con người cần học tập suốt đời. Trong bối cảnh đó, tạp chí Tri Thức - Znews giới thiệu tới độc giả cuốnHọc tập suốt đờicủa tác giả Michelle R.Weise.
Tác phẩm cung cấp cho độc giả những đánh giá về thị trường lao động tương lai, những giải pháp cho nhu cầu vừa học vừa làm đang ngày một tăng, cùng với đó là đưa ra những cách kết nối để quá trình chuyển đổi “học-làm” diễn ra thuận lợi hơn. Từ đó, tác giả nêu lên vai trò của việc học tập suốt đời.

Bộ sách giáo khoa Kết nối tri thức đáp ứng đầy đủ các tiêu chí, bảo đảm đầy đủ, đồng bộ tất cả môn học, hoạt động giáo dục ở cả 3 cấp học, đồng thời có lợi thế về giá.
14:01 30/12/2025"
https://znews.vn/khoa-hoc-phat-hien-loai-ca-map-khong-lo-ton-tai-truoc-megalodon-post1615364.html,Khoa học phát hiện loài cá mập khổng lồ tồn tại trước Megalodon,"Trước khi siêu cá mập Megalodon thống trị các đại dương cách đây 100 triệu năm, vùng biển cổ đại từng là địa bàn của một kẻ săn mồi đáng sợ khác.","Theo nghiên cứu mới đăng trên tạp chíCommunications Biology, các nhà khoa học vừa phát hiện bằng chứng về một loài cá mập khổng lồ từng rình rập đại dương cổ đại quanh Australia từ 115 triệu năm trước - sớm hơn 15 triệu năm so với thời điểm siêu cá mập Megalodon bắt đầu xuất hiện.
Dựa trên việc phân tích 5 đốt sống hóa thạch được tìm thấy trên một bãi biển tại Australia, các nhà cổ sinh vật học ước tính loài cá mập này dài khoảng 8 m. Chiều dài này vượt xa cá mập trắng lớn hiện đại, thường chỉ đạt mức 6 m.
Một đốt sống 115 triệu năm tuổi của loài cá mập khổng lồ. Ảnh:Benjamin Kear.
""Về hình dáng, nó trông chẳng khác gì một con cá mập khổng lồ hiện đại. Đó chính là điều đáng chú ý. Kiểu cấu trúc cơ thể ấy đã tồn tại suốt 115 triệu năm, cho thấy thành công rõ rệt của tiến hóa"", ông Benjamin Kear, giám tuyển cấp cao tại Bảo tàng Lịch sử Tự nhiên Thụy Điển, đồng tác giả nghiên cứu, chia sẻ vớiAP.
Theo các nhà khoa học, cá mập đã xuất hiện trên Trái đất từ 450 triệu năm trước, nhưng tổ tiên của dòng cá mập trắng hiện đại chỉ mới lộ diện từ khoảng 135 triệu năm trước. Đáng chú ý, các tổ tiên ban đầu này thường có kích thước rất khiêm tốn, chỉ dài khoảng 1 m.
Trước đây, giới khoa học tin rằng những loài cá mập thực sự khổng lồ như Megalodon (có thể dài tới 17 m) chỉ bắt đầu tiến hóa từ khoảng 100 triệu năm trước. Tuy nhiên, phát hiện mới này đã đẩy thời gian xuất hiện của các loài cá mập khổng lồ lên sớm hơn nhiều so với các giả thuyết trước đây.
Khám phá này mở ra một chương mới cho cây tiến hóa của loài cá mập. Nhóm nghiên cứu đang lên kế hoạch mở rộng tìm kiếm các mẫu hóa thạch khác để giải mã quá khứ của kẻ săn mồi này.
""Chúng hẳn đã tồn tại từ trước. Sinh vật này chắc chắn phải có tổ tiên"", ông Kear khẳng định.
Thị trường lao động thay đổi chóng mặt, để tồn tại, con người cần học tập suốt đời. Trong bối cảnh đó, tạp chí Tri Thức - Znews giới thiệu tới độc giả cuốnHọc tập suốt đờicủa tác giả Michelle R.Weise.
Tác phẩm cung cấp cho độc giả những đánh giá về thị trường lao động tương lai, những giải pháp cho nhu cầu vừa học vừa làm đang ngày một tăng, cùng với đó là đưa ra những cách kết nối để quá trình chuyển đổi “học-làm” diễn ra thuận lợi hơn. Từ đó, tác giả nêu lên vai trò của việc học tập suốt đời.

Một nghiên cứu mới đã phát hiện lõi trong cùng của Trái Đất không phải là chất rắn thông thường, mà ở trạng thái siêu ion - nơi chất rắn và chất lỏng cùng tồn tại.
11:51 27/12/2025"
https://znews.vn/hon-500-truong-o-tphcm-se-siet-dung-dien-thoai-gio-ra-choi-post1615377.html,Hơn 500 trường ở TP.HCM sẽ siết dùng điện thoại giờ ra chơi,"Từ tháng 1/2026, các trường THCS, THPT và trung tâm GDNN - GDTX trên địa bàn TP.HCM bắt đầu siết học sinh dùng điện thoại. Trước đó, 16 trường đã thí điểm kế hoạch này từ tháng 10/2025.","Học sinhTP.HCMtrong kỳ thi tốt nghiệp THPT 2025. Ảnh:Phương Lâm.
Theo kế hoạch của Sở GD&ĐT, việc triển khai nhằm hướng tới xây dựng môi trường học đường an toàn, thân thiện thông qua việc tổ chức các hoạt động thể chất, giao lưu, vui chơi lành mạnh trong giờ ra chơi, góp phần nâng cao chất lượng giáo dục toàn diện cho học sinh.
Đáng chú ý, chủ trương hạn chế sử dụng điện thoại di động và thiết bị điện tử không mang tính cấm đoán, mà tập trung định hướng hành vi tích cực, tăng tương tác trực tiếp, vận động thể chất và chăm sóc sức khỏe tinh thần cho học sinh.
Theo đó, Sở GD&ĐT yêu cầu các đơn vị chủ động, sáng tạo trong xây dựng và tổ chức thực hiện kế hoạch, bảo đảm có sự tham gia góp ý của học sinh, đồng thời tạo được sự đồng thuận và phối hợp chặt chẽ từ cha mẹ học sinh. Quá trình thực hiện phải được theo dõi, đánh giá thường xuyên để kịp thời rút kinh nghiệm và điều chỉnh phù hợp.
Về nội dung, các cơ sở giáo dục có trách nhiệm đẩy mạnh tuyên truyền chủ trương xây dựng môi trường học đường lành mạnh, hạn chế sử dụng điện thoại trong giờ ra chơi đến toàn thể cán bộ, giáo viên, nhân viên, học sinh và cha mẹ học sinh.
Nhà trường cũng cần tổ chức khảo sát toàn bộ học sinh về nhu cầu, mong muốn tham gia các hoạt động trong giờ ra chơi, làm cơ sở xây dựng kế hoạch triển khai tại đơn vị.
Học sinh trường THPT chuyên Trần Đại Nghĩa tham gia hoạt động đọc sách. Ảnh:Phương Lâm.
Kế hoạch của từng cơ sở phải nêu rõ mục tiêu, nội dung, hình thức thực hiện, nguồn lực, thời gian, phân công nhiệm vụ và lực lượng phối hợp. Trong đó, hoạt động giờ ra chơi được thiết kế theo ba nhóm chính:
Sở GD&ĐT nhấn mạnh giờ ra chơi không khuyến khích học sinh sử dụng điện thoại di động, thiết bị điện tử một cách cá nhân, thụ động, tách biệt như chơi game một mình, lướt mạng xã hội hoặc xem video kéo dài. Nhà trường tôn trọng sự lựa chọn của học sinh nhưng phải bảo đảm không để xảy ra tình trạng sử dụng thiết bị cho mục đích cá nhân thụ động, đơn lẻ trong giờ ra chơi.
Bên cạnh đó, các cơ sở giáo dục được khuyến khích xây dựng nội quy, quy trình quản lý thiết bị điện tử theo hướng giáo dục và trách nhiệm, quy định rõ khu vực, thời điểm, hình thức sử dụng; phân công lực lượng hỗ trợ trong giờ ra chơi và không áp dụng các biện pháp thu giữ, xử lý thiết bị trái quy định pháp luật.
Trước khi đi vào triển khai đồng bộ, TP.HCM đã thí điểm tại 16 trường học và bước đầu có những kết quả chuyển biến tích cực, từ hành vi của học sinh đến không khí sinh hoạt trong trường học, tạo nền tảng để nhân rộng mô hình trong thời gian tới.
Tại các cơ sở thí điểm, nhà trường tiến hành khảo sát toàn bộ học sinh về thói quen sử dụng điện thoại trong giờ ra chơi, từ đó xây dựng kế hoạch thí điểm với mục tiêu, nội dung, hình thức và tiêu chí đánh giá rõ ràng.
Học sinh mang điện thoại đến trường có thể tắt nguồn, để chế độ im lặng. Ảnh:Phương Lâm.
Việc quản lý điện thoại được thực hiện linh hoạt, không cấm đoán cứng nhắc, khuyến khích học sinh không mang theo; trường hợp có mang thì tắt nguồn hoặc để im lặng, chỉ sử dụng khi phục vụ học tập và tại khu vực quy định.
Song song với đó, các đơn vị tổ chức đa dạng hoạt động giờ ra chơi theo ba nhóm gồm vận động, hoạt động tĩnh và sử dụng thiết bị cho mục đích học tập có kiểm soát. Nhiều mô hình, cách làm được đánh giá hiệu quả.
Ví dụ, trường THPT Võ Trường Toản ghi nhận 97,98% phụ huynh đồng thuận với chủ trương; nhà trường bố trí điện thoại trực tại phòng quản sinh để phụ huynh liên hệ khi cần. Trong khi đó, trường THPT Nguyễn Khuyến tổ chức bàn giao thiết bị vào đầu buổi học và đẩy mạnh hoạt động câu lạc bộ, thể thao, đọc sách. Trung tâm GDNN-GDTX quận 6 lại lồng ghép nội dung tuyên truyền trong tư vấn tâm lý học đường và các hoạt động ngoài giờ chính khóa.
Kết quả cho thấy giờ ra chơi tại nhiều trường trở nên sôi nổi hơn, học sinh tăng tương tác trực tiếp, tham gia các hoạt động vận động, vui chơi tập thể, đọc sách, sinh hoạt câu lạc bộ thay vì tụ tập sử dụng điện thoại.
Tình trạng sử dụng thiết bị một cách thụ động, đơn lẻ giảm rõ rệt; nhiều học sinh dần hình thành thói quen sử dụng điện thoại đúng mục đích, đúng thời điểm và không gian quy định.
Đặc biệt, báo cáo cho thấy trên 80% học sinh tham gia ít nhất một hoạt động trong giờ ra chơi; hơn 70% học sinh đồng ý hạn chế sử dụng điện thoại khi có hoạt động thay thế phù hợp.
Bên cạnh chuyển biến về hành vi, mô hình còn mang lại tác động tích cực đối với sức khỏe thể chất và tinh thần của học sinh. Thời lượng vận động nhẹ và vừa trong giờ ra chơi tăng lên, góp phần hạn chế lối sống ít vận động. Việc tăng giao tiếp trực tiếp, hợp tác và tinh thần tập thể cũng giúp giảm xu hướng tách biệt, hình thành kỹ năng xã hội và văn hóa học đường tích cực cho học sinh.
Tuy nhiên, Sở GD&ĐT TP.HCM cũng nhìn nhận một số hạn chế trong quá trình thí điểm. Một bộ phận nhỏ học sinh vẫn duy trì thói quen sử dụng điện thoại cho mục đích cá nhân; điều kiện cơ sở vật chất và không gian tại một số trường còn hạn chế; kinh phí tổ chức hoạt động chưa đáp ứng đầy đủ.
Ngoài ra, một số hoạt động có nguy cơ nhàm chán nếu không được làm mới thường xuyên, trong khi vai trò tự quản của học sinh chưa được phát huy đồng đều. Sự phối hợp giữa gia đình và nhà trường ở một số trường hợp còn chưa đồng bộ.
Mục Giáo dục giới thiệu đến bạn đọc những cuốn sách nuôi dạy trẻ trong thời đại 4.0.
Cuốn sáchNuôi con 4.0 - Làm thế nào để trẻ không bị nghiện thiết bị công nghệ?của TS Shimi Kang (nhà khoa học, tâm lý học, chuyên gia giáo dục, tác giả của nhiều tựa sách bán chạy) được đánh giá là hữu ích cho các phụ huynh có con em nghiện sử dụng thiết bị điện tử.
TS Shimi Kang đưa ra hàng loạt dẫn chứng và phân tích khoa học về cách thức tác động của thiết bị công nghệ đến bộ não đang trong giai đoạn phát triển của trẻ. Sau đó, bà chỉ ra những tác động tiêu cực đến sức khỏe, hành vi và tính cách của trẻ.

Một nghiên cứu mới tại Mỹ chỉ ra rằng việc cho trẻ dùng điện thoại di động trước năm 12 tuổi có thể gây ra nhiều tác động xấu đến sức khỏe.
18:03 5/12/2025"
https://znews.vn/mot-xa-o-mien-tay-de-nghi-tam-dung-karaoke-de-hoc-sinh-on-thi-post1615306.html,Một xã ở miền Tây đề nghị tạm dừng karaoke để học sinh ôn thi,"Một xã ở tỉnh Vĩnh Long yêu cầu tạm dừng hoạt động hát karaoke tại các hộ gia đình, cơ sở hát với nhau nhằm tạo không gian yên tĩnh cho học sinh ôn tập.","Hoạt động karaoke tại hộ gia đình, cơ sở hát với nhau sẽ tạm dừng cho đến ngày 9/1 để trẻ ôn tập. Ảnh minh hoạ:Pexels.
UBND xã Giồng Trôm (tỉnhVĩnh Long) mới ra thông báo về việc tạm dừng hoạt động karaoke hộ gia đình và cơ sở hát với nhau nhằm tạo điều kiện cho học sinh thi học kỳ một.
Theo đó, UBND xã yêu cầu trưởng các ấp vận động hộ karaoke gia đình, cơ sở hát với nhau tạm dừng hoạt động từ ngày 25/12 đến 17h ngày 9/1/2026 để học sinh có không gian học, ôn bài, tập trung cho kỳ thi học kỳ.
Theo kế hoạch thời gian năm học 2025-2026 do UBND tỉnh Vĩnh Long ban hành vào đầu năm học mới, học sinh bậc phổ thông tại tỉnh này sẽ kết thúc học kỳ một vào ngày 10/1/2026. Muộn nhất, kỳ thi cuối kỳ sẽ phải kết thúc vào ngày này.
Cũng liên quan việc tạm dừng hoạt động karaoke, UBND xã Giồng Trôm nêu rằng cơ sở hát với nhau đã xây phòng cách âm được phép hoạt động theo lịch đã đăng ký. Trong khi đó, gia đình tổ chức tiệc cưới, hỏi được phép sử dụng phương tiện phát âm thanh trong 2 ngày là lễ chính và đêm trước ngày lễ chính, nhưng phải được sự đồng ý của chính quyền địa phương nơi tổ chức.
Riêng các chương trình văn nghệ, hội thi, giao lưu... chào mừng kỷ niệm các ngày lễ lớn hoặc sự kiện chính trị của tỉnh, UBND cho phép tổ chức khi có kế hoạch thực hiện.
Ngoài thông tin chỉ đạo đến trưởng ấp, UBND xã Giồng Trôm cũng yêu cầu phòng Văn hoá - Xã hội của xã phải phối hợp với Uỷ ban Mặt trận Tổ quốc Việt Nam, các đoàn thể, các ấp tiếp tục đẩy mạnh công tác thông tin, tuyên truyền, phổ biến đến tất cả cán bộ, công chức, viên chức, nhân dân... tạm dừng sử dụng và tham gia hoạt động sử dụng phương tiện phát âm thanh trong sinh hoạt cộng đồng.
Phòng cũng được giao nhiệm vụ chủ trì, phối hợp với công an xã và các cơ quan, đơn vị liên quan nhằm tăng cường kiểm tra và xử lý nghiêm trường hợp vi phạm.
Bạn đang cảm thấy mình đã quá tuổi để học?

Nghỉ Tết Dương lịch 2026 kéo dài 4 ngày được nhiều phụ huynh xem là ""tin vui"" khi trùng thời điểm học sinh kết thúc kỳ thi học kỳ I.
08:37 25/12/2025"
https://znews.vn/vi-sao-ket-noi-tri-thuc-voi-cuoc-song-duoc-chon-lam-sgk-dung-chung-post1615251.html,Vì sao ‘Kết nối tri thức với cuộc sống’ được chọn làm SGK dùng chung?,"Bộ sách giáo khoa Kết nối tri thức đáp ứng đầy đủ các tiêu chí, bảo đảm đầy đủ, đồng bộ tất cả môn học, hoạt động giáo dục ở cả 3 cấp học, đồng thời có lợi thế về giá.","Từ năm học 2026-2027, học sinh cả nước sẽ trở lại dùng chung một bộ sách giáo khoa. Ảnh:Duy Hiệu.
Theo quyết định của Bộ GD&ĐT, bộ sáchKết nối tri thức với cuộc sốngcủa NXB Giáo dục Việt Nam được lựa chọn là bộ sách giáo khoa (SGK) sử dụng thống nhất toàn quốc từ năm học 2026-2027.
Theo đánh giá của bộ,Kết nối tri thức với cuộc sốngđáp ứng đầy đủ và ""nổi trội hơn cả"" khi đang được dùng rộng rãi và ổn định ở 34 tỉnh, thành với quy mô học sinh lớn nhất. Việc chọn bộ sách này sẽ hạn chế tác động đến giáo viên, học sinh và phụ huynh.
Trao đổi vớiTri Thức - Znews, NXB Giáo dục Việt Nam cho biết bộ sáchKết nối tri thức với cuộc sốngcó đầy đủ các môn học và hoạt động giáo dục theo thiết kế của chương trình giáo dục phổ thông 2018.
Ngoài ra, SGK đồng bộ với chuyên đề học tập bắt buộc, lựa chọn, tiếng dân tộc và tài liệu giáo dục địa phương. Cụ thể:
Về số lượng,Kết nối tri thức với cuộc sốngcó 263 tên sách từ lớp 1 đến lớp 12, bao gồm SGK, chuyên đề học tập của tất cả môn học, hoạt động giáo dục.
Về SGK Ngoại ngữ, theo thiết kế chương trình, ngoài Tiếng Anh còn có 6 môn ngoại ngữ khác. Đây là mảng sách chỉ NXB Giáo dục Việt Nam tổ chức biên soạn, do số tiết nhiều, học sinh lựa chọn rất ít, kinh phí đầu tư lớn, không có hiệu quả kinh tế, NXB phải bù lỗ.
Hiện tại, các SGK này đã khá đầy đủ. Đơn vị đang khẩn trương biên soạn và trình thẩm định tiếp các tên sách còn lại trong danh mục từ lớp 3 đến lớp 12 của 6 ngoại ngữ này
Về SGK Tiếng dân tộc,Bộ GD&ĐT đã thẩm định, phê duyệt đầy đủ SGK Tiếng dân tộc từ lớp 1 đến lớp 5 của 8 thứ tiếng: Bahnar, Chăm, Khmer, Êđê, Jrai, Mnông, Mông, Thái.
Về tài liệu giáo dục địa phương,hiện có 560 tài liệu của các cấp, được sử dụng tại hầu hết trường học thuộc 34 tỉnh, thành. Trong đó, 42% đã được in, còn lại sử dụng dưới dạng file PDF. NXB Giáo dục Việt Nam đang phối hợp với các Sở GD&ĐT tổ chức chỉnh sửa tài liệu sau khi thay đổi địa giới hành chính và thực hiện chính quyền hai cấp.
Ngoài ra, theo nhà xuất bản,Kết nối tri thức với cuộc sốngcó đầy đủ tài liệu phụ trợ, bao gồm SGK phiên bản điện tử, sách giáo viên, sách bài tập, tài liệu tập huấn, giúp tăng hiệu quả việc dạy và học.
Riêng với SGK tiếng Anh, nhà xuất bản ứng dụng AI, giúp học sinh luyện nói, luyện viết đạt hiệu quả.
Bộ SGKKết nối tri thức với cuộc sốngcó 431 tác giả biên soạn. Ảnh:Đinh Hà.
Theo NXB Giáo dục Việt Nam, bộ SGKKết nối tri thức với cuộc sốngcó 431 tác giả, trong đó có 151 giáo sư, phó giáo sư (chiếm 36%) và 137 tiến sĩ.
Trong số này, có những tác giả là chuyên gia đầu ngành, nhiều tác giả đã từng tham gia biên soạn SGK ở những lần đổi mới chương trình trước, nên có kinh nghiệm và sự kế thừa trong biên soạn SGK.
Phần lớn đội ngũ biên soạn có tuổi đời trẻ, được đào tạo căn bản ở trong và ngoài nước, có kinh nghiệm nghiên cứu trong việc phát triển năng lực học sinh và am hiểu về chương trình giáo dục phổ thông.
Khi tham gia biên soạn, các tác giả đều tham dự các đợt tập huấn với chuyên gia trong và ngoài nước về phát triển chương trình, đánh giá SGK và khoa học giáo dục theo định hướng phát triển năng lực.
Tính từ thời gian đưa vào sử dụng, so với các bộ sách hiện có do NXB Giáo dục Việt Nam biên soạn,Kết nối tri thức với cuộc sốngcó tỷ lệ lựa chọn cao nhất trong các năm học. Cụ thể như sau:
Năm học
Lớp
Tỷ lệ lựa chọn
Kết nối + Chân trời = 100%
Bộ Kết nối tri thức
Bộ Chân trời sáng tạo
BộCùng học
Bộ Vì sự bình đẳng
Cộng
% Kết nối tri thức
% Chân trời sáng tạo
2020-2021
1
28%
18%
13,6%
8,7%
68%
60%
40%
2021-2022
1
33%
24%
10%
7,3%
74%
58%
42%
NXB Giáo dục Việt Nam cho biết tháng 1/2024, đơn vị đã điều chỉnh giảm giá bán lẻ 9,6% đối với bộKết nối tri thức với cuộc sốngvà 11,2% đối với bộChân trời sáng tạo. Giá bán lẻ (sau điều chỉnh giảm giá) các bộ SGK của đơn vị này thấp hơn các bộ sách khác 24-26%.
Sau khi Bộ GD&ĐT ban hành quy định giá tối đa sách giáo khoa, đơn vị tiếp tục rà soát và điều chỉnh phương án giá đối với hai bộ sách nói trên, đảm bảo 100% đầu sách có mức giá nằm trong khung quy định.
Đáng chú ý, so sánh tương quan giá bán giữa các bộ sách,Kết nối tri thức với cuộc sốnghiện có mức giá tối ưu hơn, thấp hơn khoảng 3% so với bộChân trời sáng tạo, và thấp hơn bình quân 9% so với bộ sách khác.
Theo PGS.TS Nguyễn Văn Tùng, Thành viên Hội đồng thành viên NXB Giáo dục Việt Nam, lợi thế về giá này không đến từ việc cắt giảm chất lượng giấy, in ấn hay quy cách sản phẩm, mà xuất phát từ quy mô phát hành lớn.
Khi bộ sách đã được đa số địa phương và nhà trường lựa chọn trong các năm trước, sản lượng in ấn cao giúp tối ưu chi phí cố định, vận chuyển và in ấn, từ đó giảm giá thành trên mỗi đơn vị sản phẩm.
""Như vậy, việc lựa chọn bộ sáchKết nối tri thức với cuộc sốngkhông chỉ bảo đảm chất lượng chuyên môn, mà còn có hiệu quả kinh tế rõ rệt, giúp giảm bớt gánh nặng tài chính cho phụ huynh và học sinh khi triển khai đại trà"", ông Tùng nhấn mạnh.
Thị trường lao động thay đổi chóng mặt, để tồn tại, con người cần học tập suốt đời. Trong bối cảnh đó, tạp chí Tri Thức - Znews giới thiệu tới độc giả cuốnHọc tập suốt đờicủa tác giả Michelle R.Weise.
Tác phẩm cung cấp cho độc giả những đánh giá về thị trường lao động tương lai, những giải pháp cho nhu cầu vừa học vừa làm đang ngày một tăng, cùng với đó là đưa ra những cách kết nối để quá trình chuyển đổi “học-làm” diễn ra thuận lợi hơn. Từ đó, tác giả nêu lên vai trò của việc học tập suốt đời.

Bộ sách “Kết nối tri thức với cuộc sống” của NXB Giáo dục Việt Nam được lựa chọn là bộ sách giáo khoa sử dụng thống nhất toàn quốc từ năm học 2026-2027.
22:10 26/12/2025"
https://znews.vn/tuyen-sinh-dai-hoc-2026-mo-rong-cac-ky-thi-rieng-post1615315.html,Tuyển sinh đại học 2026 mở rộng các kỳ thi riêng,"Năm 2026, bên cạnh kỳ thi tốt nghiệp THPT, nhiều trường đại học tiếp tục tổ chức các kỳ thi tuyển sinh riêng, góp phần đa dạng hóa phương thức xét tuyển và mở rộng cơ hội cho thí sinh.","Các kỳ thi riêng nở rộ.
Ở phía bắc,Đại họcQuốc gia Hà Nội tiếp tục tổ chức kỳ thi đánh giá năng lực học sinh THPT (HSA) với quy mô lớn trong năm 2026. Theo kế hoạch, kỳ thi HSA được tổ chức thành 6 đợt, kéo dài từ tháng 3 đến tháng 5/2026, tại nhiều địa phương như Hà Nội, Thái Nguyên, Hải Phòng, Hưng Yên, Ninh Bình, Thanh Hóa, Nghệ An và Hà Tĩnh.
Mỗi đợt thi dự kiến phục vụ khoảng 20.000 thí sinh, góp phần giảm tải áp lực tập trung vào một thời điểm duy nhất. Thí sinh bắt đầu đăng ký dự thi từ cuối tháng 12/2025 và về nguyên tắc chỉ được đăng ký một ca thi, trừ trường hợp hệ thống mở thêm ca nếu còn chỉ tiêu.
Tại phía Nam, Đại học Quốc gia TP.HCM tiếp tục duy trì kỳ thi đánh giá năng lực, thường được gọi là V-ACT, trong mùa tuyển sinh năm 2026.
Theo thông tin dự kiến, kỳ thi này được tổ chức thành hai đợt, vào ngày 5/4 và 24/5/2026, tại nhiều tỉnh, thành trên cả nước. Thí sinh có thể lựa chọn dự thi một hoặc cả hai đợt để tăng cơ hội đạt kết quả tốt hơn.
Một kỳ thi riêng khác thu hút sự quan tâm lớn của thí sinh là kỳ thi đánh giá tư duy (TSA) do Đại học Bách khoa Hà Nội tổ chức. Năm 2026, kỳ thi này tiếp tục được triển khai với nhiều đợt, bắt đầu mở đăng ký từ đầu tháng 12/2025 và tổ chức thi chính thức trong các ngày 24-25/1/2026.
Bài thi TSA tập trung đánh giá tư duy toán học, khả năng đọc hiểu và giải quyết vấn đề, hướng tới việc đo lường năng lực cốt lõi của người học thay vì kiểm tra kiến thức ghi nhớ đơn thuần.
Hiện nay, kết quả kỳ thi TSA được hơn 50 trường đại học trên cả nước sử dụng để xét tuyển, không chỉ trong khối kỹ thuật - công nghệ mà còn mở rộng sang một số lĩnh vực khác. Đáng chú ý, kỳ thi này còn thu hút sự tham gia của nhiều học sinh lớp 10 và lớp 11, với mục tiêu ""thi sớm"" để có thêm phương án xét tuyển trong tương lai.
Mới đây, Đại học Kinh tế - Tài chính TP.HCM (UEF) cho biết sẽ tổ chức kỳ thi đánh giá năng lực V-SAT thành hai đợt trong năm 2026, dự kiến vào ngày 12/4 và 10/5/2026. Đây là kỳ thi được tổ chức trên máy tính, phục vụ trực tiếp cho công tác tuyển sinh của nhà trường.
Việc tổ chức V-SAT được UEF xác định là một trong những giải pháp giúp thí sinh có thêm lựa chọn xét tuyển, bên cạnh các phương thức quen thuộc như xét học bạ, xét điểm thi tốt nghiệp THPT và sử dụng kết quả kỳ thi đánh giá năng lực của Đại học Quốc gia TP.HCM.
Trong lĩnh vực đào tạo giáo viên, Đại học Sư phạm TP.HCM tiếp tục tổ chức kỳ thi đánh giá năng lực chuyên biệt (H-SCA) với 3 đợt thi trong năm 2026. Kỳ thi này bao gồm các môn Toán, Vật lý, Hóa học, Sinh học, Ngữ văn và tiếng Anh, cho phép thí sinh lựa chọn thi một hoặc nhiều môn tùy theo yêu cầu của ngành học đăng ký xét tuyển.
Hình thức đánh giá chuyên biệt này được đánh giá là phù hợp với đặc thù đào tạo sư phạm và hiện được sử dụng không chỉ trong nội bộ Đại học Sư phạm TP.HCM mà còn bởi một số cơ sở đào tạo khác.
Tại phía bắc, Đại học Sư phạm Hà Nội tiếp tục tổ chức kỳ thi đánh giá năng lực riêng nhằm tuyển chọn thí sinh cho các ngành đào tạo giáo viên và một số ngành liên quan. Kỳ thi này đánh giá năng lực học sinh THPT trên nhiều lĩnh vực, từ khoa học tự nhiên, khoa học xã hội đến ngoại ngữ.
Đại học Sư phạm Hà Nội 2 cũng duy trì hình thức tổ chức kỳ thi đánh giá năng lực riêng trong tuyển sinh đại học. Kỳ thi của Đại học Sư phạm Hà Nội 2 tập trung đánh giá kiến thức, kỹ năng cốt lõi phù hợp với đặc thù đào tạo sư phạm và hiện được sử dụng chủ yếu trong phạm vi tuyển sinh của nhà trường, đồng thời có giá trị tham khảo đối với một số cơ sở đào tạo khác.
Nhận định về xu hướng này, các chuyên gia giáo dục cho rằng tuyển sinh đại học năm 2026 đang bước vào giai đoạn chuyển tiếp rõ nét, khi tự chủ đại học được đẩy mạnh và các trường chủ động hơn trong lựa chọn công cụ đánh giá đầu vào.
Việc xuất hiện nhiều kỳ thi riêng giúp giảm rủi ro cho thí sinh, bởi kết quả kỳ thi tốt nghiệp THPT không còn mang tính ""quyết định"" duy nhất.
Tuy nhiên, sự đa dạng này cũng tạo thêm áp lực, đặc biệt với học sinh ở khu vực nông thôn hoặc gia đình có điều kiện kinh tế hạn chế, do phải cân nhắc chi phí, thời gian và chiến lược ôn tập.
Theo các chuyên gia, thách thức lớn nhất hiện nay không nằm ở số lượng kỳ thi, mà ở việc thí sinh thiếu thông tin đầy đủ, hệ thống. Nếu không nắm chắc lịch thi, thời hạn đăng ký và phạm vi sử dụng kết quả, thí sinh dễ bỏ lỡ cơ hội hoặc đăng ký dàn trải kém hiệu quả.
Vì vậy, việc các trường công bố sớm và minh bạch đề án tuyển sinh được xem là yếu tố then chốt để bảo đảm quyền lợi người học.
Thị trường lao động thay đổi chóng mặt, để tồn tại, con người cần học tập suốt đời. Trong bối cảnh đó, tạp chí Tri Thức - Znews giới thiệu tới độc giả cuốnHọc tập suốt đờicủa tác giả Michelle R.Weise.
Tác phẩm cung cấp cho độc giả những đánh giá về thị trường lao động tương lai, những giải pháp cho nhu cầu vừa học vừa làm đang ngày một tăng, cùng với đó là đưa ra những cách kết nối để quá trình chuyển đổi “học-làm” diễn ra thuận lợi hơn. Từ đó, tác giả nêu lên vai trò của việc học tập suốt đời.

Tính đến ngày 25/12, gần 40 đại học đã công bố phương án tuyển sinh dự kiến năm 2026, trong đó có điều chỉnh về phương thức xét tuyển, tổ hợp môn...
11:02 25/12/2025"
https://znews.vn/lich-nghi-tet-duong-lich-va-tet-binh-ngo-2026-chinh-thuc-post1615270.html,Lịch nghỉ Tết Dương lịch và Tết Bính Ngọ 2026 chính thức,"Học sinh, phụ huynh cần nắm rõ lịch nghỉ Tết và khung kế hoạch năm học 2025-2026 để chủ động sắp xếp thời gian học tập, nghỉ ngơi.","
Kỳ nghỉ Tết Nguyên đán Bính Ngọ của học sinh TP.HCM sẽ kéo dài 11 ngày, không tối đa 2 tuần như đề xuất của Sở GD&ĐT TP.HCM.
22:30 26/12/2025"
https://znews.vn/thi-sinh-24-tuoi-bi-cho-thoi-hoc-tien-si-tai-dh-y-khoa-pham-ngoc-thach-post1615257.html,Thí sinh 24 tuổi bị cho thôi học tiến sĩ tại ĐH Y khoa Phạm Ngọc Thạch,Trường Đại học Y khoa Phạm Ngọc Thạch đã ban hành quyết định cho thí sinh Âu Nhật Huy thôi học chương trình tiến sĩ.,"Âu Nhật Huy xin thôi học tiến sĩ ởĐại họcY khoa Phạm Ngọc Thạch. Ảnh:TTU.
Trường ĐH Y khoa Phạm Ngọc Thạch vừa ra quyết định xóa tên Âu Nhật Huy khỏi danh sách nghiên cứu sinh tiến sĩ. Trước đó, nam nghiên cứu sinh ngành Nội khoa này đã chủ động nộp đơn xin thôi học và được nhà trường chấp thuận.
Âu Nhật Huy (sinh năm 2001) từng gây chú ý khi là thí sinh trẻ tuổi nhất trúng tuyển nghiên cứu sinh tiến sĩ tại trường ĐH Y khoa Phạm Ngọc Thạch năm 2025 với bảng thành tích: Tốt nghiệp xuất sắc ĐH Tân Tạo (GPA 3.8/4.0) vàTOEIC940. Tuy nhiên, ngay sau đó, nam nghiên cứu sinh này vướng vào lùm xùm về liêm chính khoa học trong các công trình công bố quốc tế.
Dư luận cũng đặt dấu hỏi về vai trò của PGS.TS Trần Thị Khánh Tường (Trưởng khoa Y kiêm Trưởng bộ môn Nội của nhà trường, mẹ của Huy) khi bà xuất hiện với vai trò đồng tác giả trong nhiều bài báo của con trai.
Dù nhà trường khẳng định hồ sơ tuyển sinh của Âu Nhật Huy đúng quy chế và vẫn đủ điểm trúng tuyển sau khi điều chỉnh (từ 88,8 xuống 88,3 do rút bài báo), trước áp lực dư luận, cuối tháng 10, nhà trường đã chính thức lập tổ công tác để làm rõ vấn đề liêm chính khoa học liên quan.
Liên quan đến vụ việc, ngày 19/12, Sở GD&ĐT TP.HCM đã gửi văn bản yêu cầu Đại học Y khoa Phạm Ngọc Thạch bàn giao toàn bộ hồ sơ, tài liệu về quy trình tuyển sinh tiến sĩ năm 2025. Động thái này nhằm có cơ sở báo cáo UBND TP.HCM xem xét, giải quyết dứt điểm các tranh cãi vừa qua.
Bên cạnh yêu cầu cung cấp minh chứng phản hồi các cơ quan báo chí, Sở cũng đề nghị nhà trường làm rõ các thông tin lan truyền trên mạng xã hội vốn bị cho là có dấu hiệu suy diễn, gây ảnh hưởng xấu đến uy tín của trường. Phía Sở nhấn mạnh việc kiểm tra nhằm khẳng định quá trình tuyển sinh được thực hiện đúng quy định, bảo đảm tính minh bạch trong hoạt động đào tạo và nghiên cứu.
Tước đó, trao đổi vớiTri Thức - Znews, PGS.TS Nguyễn Đăng Thoại, Phó hiệu trưởng phụ trách lãnh đạo, cho biết từ những phản ánh, trường chủ động rà soát toàn bộ quy trình tuyển sinh, quản lý học viên và truyền thông học thuật.
Trường cũng nhấn mạnh rằng mọi quyết định liên quan kết quả tuyển sinh đều dựa trên tiêu chí khách quan, không chịu tác động bởi quan hệ cá nhân hay yếu tố bên ngoài.
Nhà trường cam kết sẽ thông tin kịp thời, chính xác và minh bạch để cộng đồng và xã hội hiểu rõ nỗ lực cải tiến, đồng thời củng cố niềm tin về chất lượng đào tạo và đạo đức nghiên cứu trong môi trường học thuật.
Thị trường lao động thay đổi chóng mặt, để tồn tại, con người cần học tập suốt đời. Trong bối cảnh đó, tạp chí Tri Thức - Znews giới thiệu tới độc giả cuốnHọc tập suốt đờicủa tác giả Michelle R.Weise.
Tác phẩm cung cấp cho độc giả những đánh giá về thị trường lao động tương lai, những giải pháp cho nhu cầu vừa học vừa làm đang ngày một tăng, cùng với đó là đưa ra những cách kết nối để quá trình chuyển đổi “học-làm” diễn ra thuận lợi hơn. Từ đó, tác giả nêu lên vai trò của việc học tập suốt đời.

Sở GD&ĐT TP.HCM yêu cầu Đại học Y khoa Phạm Ngọc Thạch cung cấp hồ sơ, tài liệu liên quan tuyển sinh trình độ tiến sĩ năm 2025.
16:09 19/12/2025"
https://znews.vn/viet-nam-co-bao-nhieu-truong-dai-hoc-mang-ten-quoc-gia-quoc-te-post1615199.html,"Việt Nam có bao nhiêu trường đại học mang tên 'quốc gia', 'quốc tế'?","Tên gọi các trường đại học ở Việt Nam khá đa dạng, trong đó, không ít trường sử dụng tên tiếng Việt hoặc tiếng Anh có chứa chữ “quốc gia”, “quốc tế”.","Đại họcQuốc tế Miền Đông. Ảnh:FBNT.
Theo thống kê củaTri Thức - Znews,hiện nay, hệ thống giáo dục đại học của Việt Nam có khoảng 6 trường có chữ ""quốc tế"" trong tên tiếng Việt hoặc ""international"" trong tên tiếng Anh. Cụ thể như sau:
Ngoài ra, thống kê cho thấy dù không thuộc mô hình đại học quốc gia, một số trường sử dụng chữ ""national"" (quốc gia - PV) trong tên tiếng Anh. Cụ thể như sau:
Hiện nay, một số trường gắn mác ""quốc tế"", ""quốc gia"" nhưng thực tế chương trình, đội ngũ giáo viên hay môi trường học thuật lại chưa tương xứng, gây ra sự nhầm lẫn cho phụ huynh và học sinh; làm mập mờ khái niệm và giá trị của cơ sở giáo dục.
Chẳng hạn mới đây, trường Cao đẳng nghề Thiết kế và Thời trang London (Hà Nội) có tên giao dịch quốc tế là London Vocational College for Design and Fashion Studies (Hà Nội).
Tuy nhiên trường này lại sử dụng tên tiếng Việt để quảng bá trên trang website chính thức của trường là Học viện Thiết kế và Thời trang London (tên tiếng Anh là London College for Design & Fashion - Hanoi), khiến nhiều người học hiểu nhầm đây là học viện tương đương đại học, thay vì cao đẳng nghề.
Giữa tháng 12, tại dự thảo nghị định quy định chi tiết một số điều của Luật Giáo dục đại học, Bộ GD&ĐT dự kiến quy định nguyên tắc đặt tên cơ sở giáo dục.
Cụ thể, nguyên tắc chung khi đặt tên cho các trường đại học là không được gây nhầm lẫn về loại hình, tính chất sở hữu, phạm vi hoạt động, cơ quan quản lý, chất lượng hoặc vị thế của cơ sở giáo dục đại học; không sử dụng từ ngữ thể hiện danh hiệu, thứ hạng.
Bộ GD&ĐT dự kiến cấm các trường sử dụng từ ngữ mang tính ""quốc gia"" hoặc thể hiện vị thế đặc biệt, như ""quốc tế"", ""quốc gia"", ""Việt Nam"", ""Hồ Chí Minh"", ""International"", ""National"", ""State"", trừ khi được cơ quan có thẩm quyền xem xét, quyết định.
Về cấu trúc, tên tiếng Việt phải gồm cụm từ xác định loại hình (đại học, trường đại học, học viện); cụm từ xác định lĩnh vực (nếu cần) và tên riêng (địa danh, danh nhân...). Dự thảo nêu rõ các trường không được ghép tiếng Việt và tiếng nước ngoài trong tên tiếng Việt, từ ngữ sử dụng phải có nghĩa, chuẩn mực, được dùng phổ biến.
Với tên tiếng nước ngoài hoặc tên giao dịch quốc tế, các trường phải dịch tương đương tiếng Việt, không được làm tăng mức độ, vị thế hoặc loại hình. Tên miền Internet, tên thương mại, viết tắt phải nhất quán với tên tiếng Việt và tên tiếng nước ngoài.
Các chuyên gia nhận định dự thảo quy định nói trên nhằm hướng tới mục tiêu minh bạch, tránh gây hiểu lầm hoặc lừa dối người học, xuất phát từ tên gọi và thương hiệu nhà trường.
Thị trường lao động thay đổi chóng mặt, để tồn tại, con người cần học tập suốt đời. Trong bối cảnh đó, tạp chí Tri Thức - Znews giới thiệu tới độc giả cuốnHọc tập suốt đờicủa tác giả Michelle R.Weise.
Tác phẩm cung cấp cho độc giả những đánh giá về thị trường lao động tương lai, những giải pháp cho nhu cầu vừa học vừa làm đang ngày một tăng, cùng với đó là đưa ra những cách kết nối để quá trình chuyển đổi “học-làm” diễn ra thuận lợi hơn. Từ đó, tác giả nêu lên vai trò của việc học tập suốt đời.

Đấu trường eSports vừa được Đại học Ngân hàng TP.HCM đưa vào sử dụng. Đây là nơi học tập của Nguyễn Thanh Duyên, VĐV góp phần giúp đội tuyển Việt Nam giành HCV eSports tại SEA Games 33.
06:10 27/12/2025"
https://znews.vn/tam-dinh-chi-thay-giao-bi-to-sam-so-nu-sinh-lop-8-post1615239.html,Tạm đình chỉ thầy giáo bị tố sàm sỡ nữ sinh lớp 8,"Thầy giáo P.V.T., ở Hà Tĩnh, bị tố sàm sỡ, đụng chạm vùng nhạy cảm của nữ sinh lớp 8 đã bị tạm đình chỉ công tác để phục vụ cho công tác điều tra, xác minh làm rõ vụ việc.","Ngôi trường nơi thầy T. công tác.
Tối 29/12, ông Nguyễn Ánh, Hiệu trưởng trường THCS Chu Văn An (Xã Hương Khê, tỉnhHà Tĩnh), cho biết đã có quyết định tạm thời đình chỉ công tác đối với giáo viên P.V.T. (SN 1980) để phục vụ công tác điều tra, xác minh về việc bị tố đã có hành vi sàm sỡ nữ sinh lớp 8. Thời gian tạm đình chỉ là 10 ngày, kể từ ngày 29/12.
Theo phía lãnh đạo trường, sau khi tiếp nhận thông tin phản ánh, nhà trường đã tổ chức cuộc họp với các bên liên quan để phối hợp làm rõ vụ việc đồng thời làm báo cáo gửi ngành chức năng.
""Quan điểm phía nhà trường luôn phối hợp để bảo vệ quyền lợi cho học sinh. Còn phía giáo viên đang chờ kết luận từ công an để có hướng xử lý"", lãnh đạo trường cho hay.
Trước đó, vào tối 28/12, mạng xã hội lan truyền nhiều thông tin tố thầy T. có hành vi không đúng mực với nữ học sinh lớp 8 tại trường học.
Theo nguồn tin phản ánh, nữ sinh lớp 8 này có tham gia lớp câu lạc bộ võ thuật do thầy T. dạy. Vào sáng 28/12, một nhóm học sinh trong câu lạc bộ võ thuật có đến trường tập luyện. Tuy nhiên tại đây, thầy T. đã có hành vi sàm sỡ, quấy rối tình dục nữ sinh ngay tại phòng học. Thời điểm này, nữ sinh hoảng loạn, gọi điện gia đình cầu cứu.
Được biết, thầy giáo P.V.T. trước đây công tác tại một trường THCS khác trên địa bàn huyện Hương Khê (cũ). Vào năm 2023, thầy T. được chuyển về giảng dạy tại trường THCS Chu Văn An (thị trấn Hương Khê cũ).
Ngoài giảng dạy môn Ngữ văn, thầy giáo này có chứng chỉ huấn luyện võ thuật và thường dạy võ, kỹ năng sống cho học sinh tại một số trường trên địa bàn.
Bạn đang cảm thấy mình đã quá tuổi để học?

Một nam giáo viên trường cấp 2 ở Hà Tĩnh bị tố sàm sỡ, quấy rối tình dục một nữ sinh lớp 8 ngay tại trường. Sự việc được đăng tải lên mạng xã hội gây xôn xao.
15:04 29/12/2025"
https://znews.vn/hoc-vuot-cap-vuot-lop-can-co-cai-nhin-coi-mo-hon-post1615083.html,"Học vượt cấp, vượt lớp: Cần có cái nhìn cởi mở hơn","Chuyên gia giáo dục cho rằng Việt Nam nên có cái nhìn cởi mở về học vượt lớp, vượt cấp, thay vì quá thận trọng hay rụt rè. Mục tiêu là tạo điều kiện để học sinh có thể ""vượt khung"".","Học sinh trường Tiểu học Nguyễn Bỉnh Khiêm (TP.HCM) trong lễ khai giảng năm học 2025-2026. Ảnh minh họa: Quỳnh Danh.
Tại buổi gặp mặt, biểu dương học sinh đoạt giải quốc tế năm 2025, Thủ tướng Phạm Minh Chính yêu cầu Bộ GD&ĐT phối hợp với các cơ quan liên quan xây dựng Đề án phát hiện và bồi dưỡng nhân tài trẻ, trong quý I/2026.
Người đứng đầu chính phủ nhấn mạnh việc xây dựng cơ chế, chính sách đột phá, nhất là ưu đãi, hỗ trợ học phí, cấp học bổng cho các học sinh tài năng. Đồng thời, ông đề nghị khuyến khích cơ chế đào tạo song bằng và thí điểm học vượt cấp, vượt lớp, phù hợp thực tiễn.
Vấn đề học vượt cấp, vượt lớp đã được thảo luận nhiều năm nay, thực tế Luật Giáo dục đã quy định học sinh học vượt lớp trong trường hợp phát triển sớm về trí tuệ. Tuy nhiên, ở Việt Nam ít ghi nhận trường hợp này.
Trao đổi vớiTri Thức - Znews,chuyên gia giáo dục độc lập Bùi Khánh Nguyên nhìn nhận quy định học vượt lớp chưa thực sự đi vào thực tiễn, xuất phát từ hai nguyên nhân chính là nhận thức và mức độ sẵn sàng.
Cụ thể, về nhận thức, ông Nguyên cho rằng tư duy “học theo tuổi, theo năm” đã trở thành định kiến khó thay đổi, khiến hệ thống giáo dục vô hình trung bỏ qua sự khác biệt về tốc độ tiếp thu của mỗi cá nhân.
Mô hình này gây bất lợi cho cả học sinh học nhanh lẫn học chậm hơn mức trung bình. Thực tế, phương pháp dạy học phân hóa chỉ giải quyết được một phần trong không gian lớp học, việc phân hóa đúng nghĩa cần được thực hiện trước khi chia học sinh vào các cấp lớp khác nhau.
Bên cạnh đó, đội ngũ giáo viên vẫn thiếu cơ hội tiếp cận các mô hình giáo dục tiên tiến. Điển hình là chương trình đào tạo sư phạm hiện nay thiếu vắng môn môn học riêng về giáo dục so sánh, khiến giáo viên khó có cái nhìn đa chiều để thay đổi tư duy cũ.
Điểm nghẽn thứ hai là mức độ sẵn sàng của nền giáo dục nói chung và từng trường nói riêng. Ở quy mô nền giáo dục, Việt Nam có trường chuyên và năng khiếu; nhưng một chính sách đi cùng nguồn lực hỗ trợ cho việc học vượt cấp, vượt lớp chưa rõ ràng để thực thi.
Ông Nguyên cho rằng xây dựng đề án đột phát về phát hiện và bồi dưỡng nhân tài trẻ trong giai đoạn này là phù hợp. Bởi lẽ, để tăng tốc phát triển kinh tế thông qua khoa học công nghệ, cần có những chính sách và lộ trình linh hoạt để mọi tài năng được phát huy.
“Nếu chúng ta muốn đột phá nhưng bắt tất cả tài năng phải đi với tốc độ trung bình của nền giáo dục, của một lớp học cụ thể, điều đó sẽ làm lãng phí thời gian và nguồn lực của cả xã hội lẫn người học”, chuyên gia nhìn nhận.
Ông lấy ví dụ ở môn tiếng Anh, nếu không chấp nhận vượt cấp, vượt lớp, chúng ta dễ thấy tình trạng một học sinh thành thạo tiếng Anh vẫn phải ngồi học lại từ ""Hello"". Đáng lẽ, những em đó đã có thể khám phá nhiều thứ khác hoặc học nâng cao trong chính môn tiếng Anh.
Hay trong lĩnh vực khoa học công nghệ, nhất là khoa học máy tính, học sinh hoàn toàn có thể có bước đột phá trước 18 tuổi. Những học sinh này cần một môi trường cho phép học với tốc độ nhanh hơn để sớm tiếp cận các vấn đề phức tạp của một nhà khoa học. Trong nghiên cứu khoa học, tuổi sinh học không có nhiều ý nghĩa bằng năng lực thực tế.
Ông Nguyên nhìn nhận quan niệm truyền thống ""thầy luôn giỏi hơn trò"" đã không còn phù hợp. Mục tiêu hiện nay là trò giỏi hơn, trò ""vượt khung"" của trường học để trở thành các tài năng.
Học sinh TP.HCM tại triển lãm 50 năm đổi mới giáo dục. Ảnh:Khương Nguyễn.
Theo chuyên gia Bùi Khánh Nguyên, có nhiều hình thức vượt lớp, vượt cấp ở phổ thông và đại học.
Hình thức thứ nhất là nhảy lớp theo từng môn, học sinh được tham dự một lớp học cao hơn, các môn còn lại vẫn học theo lớp thông thường.
Thứ hai là học sinh vượt lớp toàn bộ, khi năng lực ở hầu hết môn học đều tương đương với học sinh lớp trên. Hình thức này thường áp dụng cho nhóm học sinh đặc biệt tài năng hoặc thần đồng.
Một hình thức khác là cho phép học sinh học song song và tích lũy tín chỉ của cấp học cao hơn. Việc này giúp chứng tỏ năng lực học thuật vượt trội khi xét tuyển đại học, đồng thời giúp học sinh rút ngắn thời gian đào tạo ở bậc cao hơn. Tại Việt Nam, một số trường đã áp dụng mô hình này, như Đại học Quốc gia Hà Nội và Đại học Quốc gia TP.HCM.
Trong khi đó, bậc đại học có mô hình đào tạo theo tín chỉ (tích lũy đủ tín chỉ thì tốt nghiệp), cho phép sinh viên tốt nghiệp sớm, thậm chí trong 2-2,5 năm. Nếu có điểm trung bình GPA cao và có năng lực nghiên cứu, sinh viên có thể được nhận vào thẳng chương trình tiến sĩ mà không qua học thạc sĩ.
Ông Nguyên cho rằng Việt Nam nên có cái nhìn cởi mở về học vượt lớp, vượt cấp, thay vì quá thận trọng hay rụt rè. Thực tế, các nghiên cứu về giáo dục sớm, mô hình đào tạo tài năng và lộ trình học vượt cấp đã được thế giới nghiên cứu rất kỹ lưỡng.
Việc cho phép học vượt cấp, vượt lớp phải dựa trên cơ sở khoa học chặt chẽ, không thể thực hiện tùy tiện vì mỗi lựa chọn đều có tính hai mặt. Để tránh những hệ lụy như đánh giá sai năng lực, chạy đua 'đôn' học sinh thành thần đồng hay bệnh thành tích của nhà trường, chúng ta phải đặt lợi ích toàn diện và dài hạn của học sinh lên hàng đầu.
Ông Nguyên nhìn nhận cần có chính sách rõ ràng, có nguồn lực và công cụ hỗ trợ.  Chuyên gia này cũng đặc biệt lưu ý cần có hệ thống đánh giá năng lực đáng tin cậy để phân loại người học.
“Nhìn chung, thay vì 'phát minh lại bánh xe', chúng ta nên chọn lọc những mô hình ưu việt nhất từ thế giới để nghiên cứu, điều chỉnh và áp dụng sao cho phù hợp với bối cảnh Việt Nam”, ông Nguyên gợi ý.
Bạn đang cảm thấy mình đã quá tuổi để học?

Học sinh có thể học vượt lớp được quy định tại Luật Giáo dục và được cụ thể hóa trong điều lệ trường học.
12:13 29/12/2025"
https://znews.vn/nhung-cong-viec-online-nham-chan-nhung-luong-tram-nghin-usd-post1615116.html,Những công việc online nhàm chán nhưng lương trăm nghìn USD,"Mang về thu nhập từ 100.000 USD mỗi năm, nhiều công việc online “nhàm chán” đang được săn đón nhờ tính ổn định và được phép việc từ xa.","Cáckỹ sư học dữ liệulàm việc chủ yếu với bảng tính, cơ sở dữ liệu và các mô hình phân tích để biến con số thành thông tin có giá trị. Công việc mang tính lặp lại, từ thu thập, làm sạch dữ liệu đến kiểm tra và diễn giải kết quả. Mức lương trung bình của nghề này đạt khoảng112.590 USD/năm vào năm 2024. Phần lớn người làm nghề có nền tảng toán, thống kê, khoa học máy tính và thành thạo các công cụ như Python, R, SQL. Nhờ đặc thù làm việc trên máy tính, đây là một trong những vị trí được tuyển dụng từ xa nhiều nhất hiện nay.
Chuyên viên phân tích an ninh thông tinchịu trách nhiệm bảo vệ hệ thống doanh nghiệp trước các cuộc tấn công mạng. Công việc hàng ngày của họ chủ yếu là giám sát cảnh báo, rà soát nhật ký truy cập và đánh giá lỗ hổng bảo mật. Mức lương trung bình của công việc này khoảng124.910 USD/năm. Tuy nhiên, nghề này đòi hỏi nền tảng công nghệ thông tin vững chắc, kinh nghiệm thực tế và thường đi kèm các chứng chỉ chuyên môn. Trong bối cảnh doanh nghiệp phụ thuộc ngày càng lớn vào môi trường số, nhu cầu tuyển dụng cho vị trí này vẫn ở mức rất cao.
Lập trình viên và chuyên viên kiểm thửđảm nhiệm việc xây dựng, sửa lỗi và đảm bảo chất lượng cho các sản phẩm công nghệ. Công việc có tính lặp lại, đòi hỏi sự kiên nhẫn khi liên tục viết mã và chạy các bộ kiểm thử. Mức lương trung bình của nhóm này đạt khoảng131.450 USD/năm. Nhiều người bước vào nghề qua con đường đào tạo chính quy, song việc tự học cũng ngày càng phổ biến bởi đây là lĩnh vực có tốc độ tăng trưởng nhanh và rất phù hợp với mô hình làm việc từ xa.
Chuyên viên phân tích hệ thống máy tínhđóng vai trò cầu nối giữa hoạt động kinh doanh và công nghệ. Công việc tập trung vào đánh giá quy trình, lập tài liệu và đề xuất cải tiến hệ thống. Mức lương trung bình cho vị trí này khoảng103.790 USD/năm. Nhiều người chuyển sang vai trò này sau thời gian làm hỗ trợ kỹ thuật hoặc phát triển phần mềm. Nhờ đặc thù làm việc với tài liệu và trao đổi trực tuyến, nghề này khá phổ biến ở hình thức làm việc từ xa.
Chuyên gia định phísử dụng toán học và thống kê để đánh giá rủi ro tài chính. Công việc mang tính chuẩn mực cao, gắn với mô hình, bảng biểu và báo cáo chi tiết và mang lại mức lương khoảng125.770 USD/năm. Dù lương cao, được làm từ xa, con đường vào nghề vẫn khá gian nan vì đòi hỏi người lao động vượt qua nhiều kỳ thi chuyên môn kéo dài trong nhiều năm. Chính rào cản này khiến thị trường lao động luôn trong tình trạng thiếu hụt nhân lực, theoEconomic Times.
Chuyên viên phân tích tài chínhlà công việc liên quan đến đánh giá doanh nghiệp và cơ hội đầu tư thông qua báo cáo và mô hình tài chính. Công việc mang tính lặp lại theo chu kỳ báo cáo quý và có thể mang lại mức lương trung bình khoảng101.910 USD/năm. Nghề này đòi hỏi nền tảng tài chính vững và khả năng xử lý dữ liệu chính xác. Với sự phát triển của công cụ số, nhiều vị trí đã chuyển sang hình thức làm việc từ xa.
Mang lại mức lương khoảng102.000 USD/năm,cố vấn tài chính cá nhânlà công việc hỗ trợ khách hàng lập kế hoạch tài chính dài hạn. Công việc thường xuyên lặp lại với việc rà soát danh mục và trao đổi mục tiêu tài chính. Đáng chú ý, nghề này yêu cầu chứng chỉ hành nghề và kỹ năng giao tiếp ổn định. Sự phát triển của tư vấn trực tuyến giúp nhiều cố vấn có thể làm việc hoàn toàn từ xa.
Thị trường lao động thay đổi chóng mặt, để tồn tại, con người cần học tập suốt đời. Trong bối cảnh đó, tạp chí Tri Thức - Znews giới thiệu tới độc giả cuốnHọc tập suốt đờicủa tác giả Michelle R.Weise.
Tác phẩm cung cấp cho độc giả những đánh giá về thị trường lao động tương lai, những giải pháp cho nhu cầu vừa học vừa làm đang ngày một tăng, cùng với đó là đưa ra những cách kết nối để quá trình chuyển đổi “học-làm” diễn ra thuận lợi hơn. Từ đó, tác giả nêu lên vai trò của việc học tập suốt đời.

Loạt nghề thuộc lĩnh vực y tế, công nghệ và năng lượng tái tạo được dự báo tăng trưởng mạnh, mang lại mức lương từ 50.000 đến hơn130.000 USDmỗi năm.
07:20 6/12/2025"
https://znews.vn/hieu-truong-ly-giai-suc-nong-nghet-tho-cua-cuoc-dua-vao-truong-cong-post1615091.html,Hiệu trưởng lý giải sức nóng 'nghẹt thở' của cuộc đua vào trường công,"Dù suất học có hạn, giáo viên cũng không dạy trước kiến thức lớp 1, nhiều gia đình Trung Quốc vẫn tìm đủ cách để giành suất học ở trường mầm non công lập.","Cha mẹ xếp hàng dài trước cổng trường mầm non để tranh suất học cho con em. Ảnh:QQ.
Mùa tuyển sinh mầm non tại Trung Quốc lại đến. Trước khu tuyển sinh của một trường mẫu giáo công lập ở Shinan (Thanh Đảo), hàng dài phụ huynh đã xếp hàng từ tờ mờ sáng với mong muốn duy nhất là giành được một suất học cho con.
Chia sẻ vớiQQ, một người mẹ họ Li cho biết năm 2024, gia đình không kịp đăng ký nên con phải theo học trường tư thục. Lần này, người mẹ quyết tâm chuẩn bị trước 3 tháng chỉ vì mong con được theo học trường công.
Ở đất nước tỷ dân, nhiều người từng đặt câu hỏi vì sao cha mẹ tìm đủ cách để con học trường công, trong khi trường công không dạy trước kiến thức cho trẻ trước khi lên lớp 1 - điều mà nhiều gia đình mong muốn để con không bị tụt lại phía sau.
Giải đáp những thắc mắc này, bà Ning, hiệu trưởng trường mầm non có 20 năm kinh nghiệm, cho biết trường mẫu giáo công lập ở Trung Quốc có nhiều giá trị cốt lõi đặc biệt. Đó là lý do nhiều gia đình sẵn sàng chen chân giành suất cho con.
Học phí trường mầm non công lập ở Trung Quốc khá rẻ, giúp cha mẹ giảm gánh nặng chi phí. Ảnh:Sixth Tone.
Giá trị đầu tiên là học phí phải chăng. Theo đánh giá của nhiều phụ huynh, trường công lập mang lại lựa chọn phù hợp cho các gia đình trung lưu, vừa giảm áp lực tài chính, vừa đảm bảo chất lượng giáo dục cơ bản.
Ví dụ, tại Thượng Hải, mức phí chăm sóc, giáo dục của các trường mầm non công lập dao động từ 500-1.500 nhân dân tệ/tháng (khoảng 70-210 USD), trong khi trường tư dao động từ 1.500-4.000 nhân dân tệ (khoảng 210-570 USD), còn các trường cao cấp có học phí trên 100.000 nhân dân tệ/năm (hơn14.000 USD).
Với nhiều gia đình lao động, đây là khoản chênh lệch không nhỏ. Bà Xiao Yu, một phụ huynh có thu nhập dưới 6.000 nhân dân tệ/tháng, cho biết con học trường công chỉ tốn 530 nhân dân tệ tiền học, cộng với tiền ăn chưa tới 1.000 nhân dân tệ mỗi tháng. Trong khi đó, trường tư thấp nhất cũng 1.800 nhân dân tệ, chưa tính tiền ăn.
""Nếu con học trường tư, tôi sẽ không kham nổi"", bà Xiao bày tỏ.
Sự ổn định của giáo viên cũng là một ưu điểm lớn. Một người mẹ chia sẻ con trai bà từng khóc suốt những ngày đầu đi học, nhưng nhờ sự kiên nhẫn của cô giáo, chỉ sau một tuần, con đã quen lớp và háo hức đến trường.
Tại Trung Quốc, giáo viên trường công thường có biên chế, chế độ đãi ngộ ổn định nên tỷ lệ nghỉ việc thấp. Giáo viên mầm non có thâm niên từ 10 năm trở lên là chuyện thường thấy và chính sự ổn định này giúp trẻ dễ làm quen với trường lớp, qua đó giảm bớt lo lắng cho cha mẹ học sinh.
Cơ sở vật chất và tiêu chuẩn an toàn cũng được phụ huynh đánh giá cao. Theo một giáo viên mầm non, các hạng mục như đường chạy, bàn ghế đều được thiết kế theo tiêu chuẩn an toàn cao như đường lót nhựa, bàn ghế bo tròn... Khi trẻ gặp sự cố va chạm, giáo viên xử lý kịp thời và thông báo cho phụ huynh.
Về việc dạy trước kiến thức cho trẻ ở bậc mẫu giáo, Bộ Giáo dục Trung Quốc từng nêu rằng nếu trẻ dưới 5 tuổi học kiến thức tiểu học quá sớm sẽ có nguy cơ chán học cao hơn mức thông thường khoảng 30%. Dù bộ đã cảnh báo, nhiều gia đình vẫn cho con học trước vì sợ con đuối khi vào lớp 1.
Trường mầm non công lập ở Trung Quốc không dạy trước kiến thức lớp 1. Ảnh:China Daily.
Hiệu trưởng Ning nhấn mạnh rằng lý này phản ánh một sự thật rằng cha mẹ vẫn chưa thực sự hiểu về giáo dục mầm non. Theo bà, giai đoạn tiền tiểu học cần tập trung vào phát triển thể chất, kỹ năng xã hội thông qua trò chơi thay vì nhồi nhét kiến thức.
Vị hiệu trưởng lấy ví dụ về một học sinh từng theo học tại trường, khi mới nhập học chưa biết tự đi giày, nói năng chưa rõ ràng. Thông qua các trò chơi xếp hình, đóng vai, hoạt động ngoài trời, con dần hình thành tư duy, khả năng diễn đạt và tính tự lập.
Khi bước vào tiểu học, học sinh này được giáo viên đánh giá cao về tư duy logic và khả năng thích ứng. Hiện, con đã học lớp 3, có thành tích học tập tốt và từng đoạt giải trong các cuộc thi của trường.
Từ những phân tích trên, bà Ning nhấn mạnh rằng việc chọn trường mầm non cần dựa trên một số yếu tố chính như điều kiện kinh tế, quan điểm giáo dục, tính cách của trẻ, sự thuận tiện đưa đón và khả năng đáp ứng các nhu cầu đặc thù.
Với các gia đình có thu nhập trung bình, trường công lập được xem là lựa chọn phù hợp về chi phí. Trong khi đó, các gia đình khá giả, mong muốn con tiếp cận giáo dục song ngữ hoặc môi trường quốc tế, có thể cân nhắc trường tư.
Tương tự, các nhà giáo dục cũng khuyến nghị không có mô hình nào là tốt nhất cho mọi gia đình. Điều quan trọng là lựa chọn môi trường phù hợp để trẻ có một tuổi thơ vui vẻ và phát triển toàn diện, thay vì đặt nặng việc học kiến thức sớm.
Mục Giáo dục giới thiệu đến bạn đọc những cuốn sách nuôi dạy trẻ trong thời đại 4.0.
Cuốn sáchNuôi con 4.0 - Làm thế nào để trẻ không bị nghiện thiết bị công nghệ?của TS Shimi Kang (nhà khoa học, tâm lý học, chuyên gia giáo dục, tác giả của nhiều tựa sách bán chạy) được đánh giá là hữu ích cho các phụ huynh có con em nghiện sử dụng thiết bị điện tử.
TS Shimi Kang đưa ra hàng loạt dẫn chứng và phân tích khoa học về cách thức tác động của thiết bị công nghệ đến bộ não đang trong giai đoạn phát triển của trẻ. Sau đó, bà chỉ ra những tác động tiêu cực đến sức khỏe, hành vi và tính cách của trẻ.

Dù con mới ở độ tuổi tập nói, phụ huynh vẫn sẵn sàng đầu tư cho con học tiếng Anh. Nhiều trung tâm cũng chạy đua mở lớp cho trẻ ở độ tuổi mẫu giáo.
20:20 1/10/2025"
https://znews.vn/hoc-sinh-dung-bui-phan-pha-ma-ket-sat-lop-hoc-post1615033.html,Học sinh dùng bụi phấn phá mã két sắt lớp học,"Một nhóm học sinh Trung Quốc đã áp dụng mẹo trong tiểu thuyết trinh thám để ""bẻ khóa"" một chiếc két sắt trong lớp học và lấy lại điện thoại di động của mình.","Các học sinh nảy ra ý định rắc bột phấn lên bàn phím số của chiếc két. Ảnh:SCMP.
Sự việc xảy ra vào giữa tháng 11, tại một trường nội trú ở Thâm Quyến (Trung Quốc). Theo thông báo của trường, ngày 14/11, học sinh họ Tian (lớp 10) đã rắc bụi phấn lên vòng xoay mật mã của két đựng điện thoại nhằm phát hiện dấu vân tay còn sót lại và khoanh vùng các con số. Tian học được chiêu thức này sau khi đọc tiểu thuyết trinh thám. Tên cuốn tiểu thuyết không được tiết lộ.
Từ các con số được khoanh vùng, một học sinh khác, họ Xie, đã giải thành công và chia sẻ với người khác. Sau khi mật khẩu bị lộ, học sinh họ Ma đã quay video và đăng tải thông tin lên mạng xã hội. Đến ngày 19/11, sau kỳ thi giữa kỳ, học sinh họ Chi là người đầu tiên sử dụng mật khẩu rò rỉ để lấy điện thoại từ tủ và mang về ký túc xá.
Sau khi bị phát hiện, nhà trường đã áp dụng các biện pháp kỷ luật theo quy định, trong đó, Tian, Xie và Chi bị cảnh cáo nghiêm trọng, trong khi Ma nhận cảnh cáo nhẹ hơn. Cả bốn học sinh đều bị phê bình công khai.
Ngày 15/12, đại diện nhà trường xác nhận thông báo kỷ luật vớiChongqing Daily News Groupvà cho biết hình thức xử phạt hoàn toàn phù hợp với quy định nội bộ của trường.
Đại diện nhà trường cho hay từ lâu, trường đã áp dụng quy định học sinh không được sử dụng điện thoại. Tuy nhiên, do là trường nội trú, mỗi lớp đều được trang bị một tủ đựng điện thoại nhằm tạo điều kiện cho học sinh liên lạc với gia đình.
Học sinhphải nộp điện thoại vào chủ nhật và nhận lại vào thứ sáu hàng tuần. Mật khẩu két sắt do giáo viên chủ nhiệm quản lý. Nhà trường nhấn mạnh vấn đề không nằm ở việc học sinh tìm cách giải mật khẩu, mà ở hành vi tự ý lấy điện thoại khi chưa được phép. Hành vi này đã vi phạm nội quy, nên phải xử lý kỷ luật.
Sau sự việc, trường đã đổi mật khẩu các két sắt, đồng thời điều chỉnh quy trình quản lý. Sau khi học sinh nộp lại điện thoại, két được sẽ được chuyển lên phòng giáo viên nhằm tránh việc ""bẻ khóa"".
Trên mạng xã hội Trung Quốc, vụ việc thu hút sự chú ý và tạo ra nhiều bình luận trái chiều. Không ít người bày tỏ sự thích thú, cho rằng đây là minh chứng cho khả năng tư duy và sự lanh trí của học sinh.
Một số khác thừa nhận lập trường của nhà trường là cần thiết, song vẫn đánh giá cao sự thông minh của các em. Thậm chí có ý kiến hài hước cho rằng những học sinh này nên cân nhắc thi vào các học viện cảnh sát.
Thị trường lao động thay đổi chóng mặt, để tồn tại, con người cần học tập suốt đời. Trong bối cảnh đó, tạp chí Tri Thức - Znews giới thiệu tới độc giả cuốnHọc tập suốt đờicủa tác giả Michelle R.Weise.
Tác phẩm cung cấp cho độc giả những đánh giá về thị trường lao động tương lai, những giải pháp cho nhu cầu vừa học vừa làm đang ngày một tăng, cùng với đó là đưa ra những cách kết nối để quá trình chuyển đổi “học-làm” diễn ra thuận lợi hơn. Từ đó, tác giả nêu lên vai trò của việc học tập suốt đời.

Một giáo viên tiểu học ở Trung Quốc đã bị đình chỉ công tác vì chửi bới học sinh và hy vọng các em đều nhiễm cúm.
00:01 28/12/2025"
https://znews.vn/tin-moi-nhat-vu-hoc-sinh-tieu-hoc-o-hue-non-oi-khi-an-trua-ban-tru-post1615051.html,Tin mới nhất vụ học sinh tiểu học ở Huế nôn ói khi ăn trưa bán trú,"Lãnh đạo trường Tiểu học Nguyễn Trãi (TP Huế) thông tin về tình hình sức khoẻ của 8 học sinh có tình trạng nôn ói, kêu đau bụng sau khi ăn trưa bán trú tại trường.","Các học sinh khối 2 trường Tiểu học Nguyễn Trãi xuất hiện tình trạng nôn ói trong lúc ăn trưa bán trú ngày 26/12 vẫn tiếp tục đến trường học trong tình trạng sức khoẻ ổn định. Ảnh:VTC News.
Trả lờiVTC News, bà Phan Thị Hương Giang, Hiệu trưởng trường Tiểu học Nguyễn Trãi (phường Phú Xuân, TP Huế), cho biết sáng 29/12, cả 8 học sinh khối lớp 2 xuất hiện tình trạng nôn ói khi ăn trưa bán trú tại trường đều đã đến trường học tập trong tình trạng sức khoẻ bình thường và buổi trưa, các em vẫn tiếp tục dùng bữa ăn bán trú.
Lãnh đạo trường Tiểu học Nguyễn Trãi khẳng định dù sức khỏe học sinh ổn định nhưng trường vẫn đang phối hợp với Phòng An toàn thực phẩm (Sở Y tế TP Huế) và các cơ quan chức năng để theo dõi, làm rõ nguyên nhân sự việc. Đồng thời rà soát, chấn chỉnh toàn bộ quy trình tổ chức bữa ăn bán trú, nhằm bảo đảm an toàn thực phẩm cho học sinh.
Trước đó, nhưBáo Điện tử VTC Newsđưa tin, trưa 26/12, trường Tiểu học Nguyễn Trãi tổ chức bán trú cho học sinh của trường như thường lệ với tổng số 541 học sinh. Thực đơn bữa ăn gồm cơm trắng, chả cá thu rim, rau muống xào và canh bí đao nấu tôm.
Trong thời gian học sinh ăn trưa (từ 10h40-11h15) có 8 học sinh bị nôn (trong đó, lớp 2/2 có 4 học sinh; lớp 2/3 có 4 học sinh). Giáo viên chủ nhiệm 2 lớp kịp thời nắm tình hình, kiểm tra, theo dõi và báo cho nhân viên y tế và ban giám hiệu để kịp nắm tình hình, xử lý.
Nhà trường kịp thời báo cáo sự việc với UBND phường, đại diện Sở Y tế để phối hợp giải quyết. Có 3 phụ huynh có nguyện vọng đưa con về nhà theo dõi và chăm sóc. Còn lại 5 học sinh được nhân viên y tế nhà trường theo dõi và sức khoẻ các học sinh này vẫn bình thường, tiếp tục học ở lớp.
Nhà trường thông báo đến toàn thể phụ huynh theo dõi chặt chẽ sức khỏe của con em, trong trường hợp có học sinh phải nhập viện trong chiều, tối hoặc ngày hôm sau, phụ huynh cần thông báo ngay cho nhà trường để kịp thời phối hợp xử lý và báo cáo theo quy định.
""Biểu hiện đau bụng của một số em có thể do cơ bụng bị ảnh hưởng sau khi cố gắng ho để nôn và chưa ghi nhận trường hợp nào đi cầu... Chúng tôi vẫn đang phối hợp để tìm nguyên nhân, tuy nhiên, rất khó là do ngộ độc, không thể vừa ăn xong cái là ngộ độc ngay như vậy được..."", hiệu trưởng trường Tiểu học Nguyễn Trãi thông tin.
Hiệu trưởng trường Tiểu học Nguyễn Trãi cho biết nguồn thực phẩm do một đơn vị cung ứng theo hợp đồng với nhà trường, việc chế biến do bộ phận cấp dưỡng của trường thực hiện. Đầu năm nhà trường cũng có những tập huấn, hướng dẫn cho bộ phận cấp dưỡng về đảm bảo an toàn thực phẩm trong các bữa ăn tại trường.
Bạn đang cảm thấy mình đã quá tuổi để học?

Học sinh có thể học vượt lớp được quy định tại Luật Giáo dục và được cụ thể hóa trong điều lệ trường học.
12:13 29/12/2025"
https://znews.vn/cong-an-vao-cuoc-dieu-tra-vu-thay-giao-bi-to-sam-so-nu-sinh-lop-8-post1615065.html,Công an vào cuộc điều tra vụ thầy giáo bị tố sàm sỡ nữ sinh lớp 8,"Một nam giáo viên trường cấp 2 ở Hà Tĩnh bị tố sàm sỡ, quấy rối tình dục một nữ sinh lớp 8 ngay tại trường. Sự việc được đăng tải lên mạng xã hội gây xôn xao.","Trường THCS Chu Văn An. Ảnh:Website nhà trường.
Ngày 29/12, trao đổi vớiTiền Phong, ông Nguyễn Ánh, Hiệu trưởng trường THCS Chu Văn An (xã Hương Khê, tỉnhHà Tĩnh), cho biết trong sáng cùng ngày, phía nhà trường đang phối hợp với các cơ quan chức năng để làm rõ vụ việc thầy giáo P.V.T. (SN 1980) bị tố có hành vi sàm sỡ học sinh.
Theo lãnh đạo trường THCS Chu Văn An, thầy T. đang dạy môn Ngữ Văn, ngoài ra kiêm phụ trách câu lạc bộ dạy võ của trường.
Trước đó, vào tối 28/12, mạng xã hội lan truyền nhiều thông tin tố thầy T. có hành vi không đúng mực với học sinh lớp 8 tại trường học. Trong đó có video phụ huynh quay lại hình ảnh thầy T. đang đi bộ vào trường. Video ghi lại cảnh người phụ huynh bức xúc tố cáo thầy T. có hành vi sàm sỡ, quấy rối tình dục với con gái họ.
Theo nguồn tin phản ánh, nữ sinh lớp 8 tham gia lớp câu lạc bộ võ thuật do thầy T. dạy. Vào sáng 28/12, một nhóm học sinh trong câu lạc bộ võ thuật đến trường tập luyện. Tuy nhiên tại đây, thầy T. đã có hành vi sàm sỡ, quấy rối tình dục nữ sinh ngay tại phòng học.
Thời điểm này, nữ sinh hoảng loạn, gọi điện gia đình cầu cứu. Sau sự việc, phía nhà trường đã tổ chức cuộc làm việc, yêu cầu thầy T. làm bản tường trình đồng thời phối hợp cơ quan chức năng để làm rõ vụ việc.
“Phía trường luôn phối hợp với ngành chức năng để làm rõ vấn đề, bảo vệ cho học sinh. Hiện, công an đã vào cuộc, làm việc với thầy T. để xác minh làm rõ vụ việc. Chúng tôi sáng nay cũng tổ chức họp, làm báo cáo gửi địa phương và chờ kết luận của cơ quan chức năng để có hướng xử lý”, Hiệu trưởng trường THCS Chu Văn An cho biết.
Được biết, thầy giáo P.V.T. trước đây công tác tại một trường THCS khác trên địa bàn huyện Hương Khê (cũ). Vào năm 2023, thầy T. được chuyển về giảng dạy tại trường THCS Chu Văn An (thị trấn Hương Khê cũ).
Ngoài giảng dạy môn ngữ văn, thầy giáo này có chứng chỉ huấn luyện võ thuật và thường dạy võ, kỹ năng sống cho học sinh tại một số trường trên địa bàn.
Bạn đang cảm thấy mình đã quá tuổi để học?

Học sinh có thể học vượt lớp được quy định tại Luật Giáo dục và được cụ thể hóa trong điều lệ trường học.
12:13 29/12/2025"
https://znews.vn/hoc-sinh-nao-duoc-hoc-vuot-lop-vuot-cap-post1614996.html,"Học sinh nào được học vượt lớp, vượt cấp?",Học sinh có thể học vượt lớp được quy định tại Luật Giáo dục và được cụ thể hóa trong điều lệ trường học.,"Học sinhtrường Tiểu học Nguyễn Bỉnh Khiêm (TP.HCM) trong lễ khai giảng năm học 2025-2026. Ảnh minh họa:Quỳnh Danh.
Luật Giáo dục và các văn bản khác đã có quy định và hướng dẫn về học vượt lớp.
Cụ thể, Điều 28 Luật Giáo dục quy định học sinh học vượt lớp trong trường hợp phát triển sớm về trí tuệ. Trong khi đó, Điều 83 quy định người học có quyền được học vượt lớp, học rút ngắn thời gian thực hiện chương trình, được tạo điều kiện để học các chương trình giáo dục theo quy định của pháp luật.
Cùng với đó, người học được giáo dục, học tập để phát triển toàn diện và phát huy tốt nhất tiềm năng của bản thân; được tôn trọng, bình đẳng về cơ hội giáo dục và học tập; được phát triển tài năng, năng khiếu, sáng tạo, phát minh...
Tại Thông tư 32/2020 về Điều lệ trường THCS, THPT và trường phổ thông có nhiều cấp học, Bộ GD&ĐT hướng dẫn đối với những học sinh được học vượt lớp ở cấp học trước thì tuổi vào lớp 6 và lớp 10 được giảm căn cứ vào tuổi của năm tốt nghiệp cấp học trước.
Việc xem xét trường hợp học vượt lớp được thực hiện theo các bước sau:
Còn tại Thông tư 28/2020 về Điều lệ trường tiểu học, sau khi cha mẹ hoặc người giám hộ học sinh có đơn đề nghị, nhà trường sẽ khảo sát, tư vấn và báo cáo Phòng GD&ĐT quyết định. Luật Giáo dục sửa đổi đã bãi bỏ quy định này, thay vào đó là giao thẩm quyền cho bộ trưởng Bộ GD&ĐT quy định các trường hợp cụ thể học sinh được học vượt lớp và học muộn so với tuổi.
Trước đó, tại buổi gặp mặt, biểu dương học sinh đoạt giải quốc tế năm 2025, Thủ tướng Phạm Minh Chính yêu cầu Bộ GD&ĐT phối hợp với các cơ quan liên quan xây dựng Đề án phát hiện và bồi dưỡng nhân tài trẻ, trong quý I/2026.
Người đứng đầu chính phủ nhấn mạnh việc xây dựng cơ chế, chính sách đột phá, nhất là ưu đãi, hỗ trợ học phí, cấp học bổng cho các học sinh tài năng. Đồng thời, ông đề nghị khuyến khích cơ chế đào tạo song bằng và thí điểm học vượt cấp, vượt lớp, phù hợp thực tiễn.
Thực tế, dù quy định đã có từ lâu, Việt Nam ít ghi nhận trường hợp học vượt lớp. Năm 2022, dư luận biết đến trường hợp của em Lữ Hoài Thương (sinh năm 2014), học sinh tại tỉnh Đồng Tháp được học vượt từ lớp 1 lên lớp 3.
Năm 2008, Sở GD&ĐT tỉnh Quảng Ngãi có quyết định cho phép em Nguyễn Thành Luân (sinh năm 2003) ở xã Nghĩa Dũng, TP Quảng Ngãi được học vượt cấp vào lớp 1 trước tuổi.
Hiện tại, Đại học Quốc gia Hà Nội và Đại học Quốc gia TP.HCM cho phép học sinh phổ thông diện xuất sắc học trước tín chỉ đại học từ lớp 10, nhằm rút ngắn thời gian đào tạo cử nhân. Song, những em này vẫn vào đại học ở tuổi 18 thay vì vượt cấp.
Bạn đang cảm thấy mình đã quá tuổi để học?

Thủ tướng Phạm Minh Chính đề nghị thí điểm cho nhân tài trẻ học vượt cấp, vượt lớp phù hợp thực tiễn, đồng thời xây dựng cơ chế đột phá phát hiện, đào tạo và đãi ngộ nhân tài.
18:16 26/12/2025"
https://znews.vn/co-gi-dac-biet-o-bo-sach-giao-khoa-thong-nhat-ca-nuoc-post1614998.html,Có gì đặc biệt ở bộ sách giáo khoa thống nhất cả nước?,"Từ năm học 2026-2027, bộ sách giáo khoa ""Kết nối tri thức với cuộc sống"" sẽ được triển khai thống nhất trên toàn quốc.","Bộ SGK “Kết nối tri thức với cuộc sống” được sử dụng thống nhất toàn quốc từ năm học 2026-2027.
Việc Bộ GD&ĐT ban hành quyết định, lựa chọn bộ sách giáo khoa ""Kết nối tri thức với cuộc sống"" sử dụng thống nhất trong giáo dục phổ thông từ năm học 2026-2027, không chỉ khẳng định chất lượng chuyên môn của bộ sách mà còn đặt ra yêu cầu cao về trách nhiệm xã hội trong tổ chức xuất bản và cung ứng.
PGS.TS Nguyễn Văn Tùng, Thành viên Hội đồng thành viên Nhà xuất bản Giáo dục Việt Nam (NXBGDVN), cho biết việc bộ sách được lựa chọn sử dụng thống nhất là vinh dự lớn, đồng thời là trọng trách đặc biệt trước Bộ GD&ĐT, ngành giáo dục và hàng triệu phụ huynh, học sinh trên cả nước.
Theo PGS.TS Nguyễn Văn Tùng, sau khi Bộ GD&ĐT ban hành quyết định, toàn hệ thống NXBGDVN đã chuyển sang trạng thái làm việc khẩn trương, triển khai đồng loạt các nhiệm vụ trọng tâm.
Trong đó, NXBGDVN tập trung rà soát, chỉnh sửa nội dung một số đầu sách theo các điều chỉnh của chương trình giáo dục phổ thông; xúc tiến kế hoạch đấu thầu in ấn; xây dựng phương án tập huấn giáo viên và tổ chức cung ứng sách giáo khoa trên phạm vi toàn quốc.
""Chúng tôi xác định rõ, việc tổ chức thực hiện phải bảo đảm đồng bộ, khoa học, đúng tiến độ, để sách giáo khoa đến tay giáo viên và học sinh đầy đủ, kịp thời trước năm học mới"", ông Tùng nhấn mạnh.
Khẳng định quan điểm nhất quán của NXBGDVN, ông Tùng cho biết sách giáo khoa là mặt hàng đặc thù, mang tính phục vụ xã hội, không đặt mục tiêu lợi nhuận. Do đó, việc kiểm soát chi phí, ổn định và giảm giá sách luôn được NXBGDVN ưu tiên hàng đầu nhằm góp phần bảo đảm an sinh xã hội.
Thực hiện nghiêm các chỉ đạo của Bộ GD&ĐT trong năm 2023, NXBGDVN đã liên tục rà soát, tiết giảm chi phí ở tất cả các khâu. Minh chứng rõ nét là vào tháng 1/2024, NXBGDVN đã chủ động điều chỉnh giảm giá bán lẻ bộ sách ""Kết nối tri thức với cuộc sống"" 9,6% và bộ ""Chân trời sáng tạo"" 11,2%. Sau điều chỉnh, giá bán lẻ các bộ sách của NXBGDVN thấp hơn mặt bằng chung của thị trường bình quân khoảng 24-26%.
Sau khi Bộ GD&ĐT ban hành quy định giá tối đa sách giáo khoa, NXBGDVN tiếp tục rà soát, điều chỉnh phương án giá, bảo đảm 100% đầu sách tuân thủ đúng khung giá và các quy định quản lý nhà nước.
So sánh tương quan giá bán hiện nay cho thấy, bộ ""Kết nối tri thức với cuộc sống"" đang có mức giá tối ưu: Thấp hơn khoảng 3% so với bộ ""Chân trời sáng tạo"" và thấp hơn bình quân khoảng 9% so với các bộ sách giáo khoa khác.
Theo PGS.TS Nguyễn Văn Tùng, lợi thế về giá này không đến từ việc cắt giảm chất lượng giấy, in ấn hay quy cách sản phẩm, mà xuất phát từ quy mô phát hành lớn. Khi bộ sách đã được đa số địa phương và nhà trường lựa chọn trong các năm trước, sản lượng in ấn cao giúp tối ưu chi phí cố định, vận chuyển và in ấn, từ đó giảm giá thành trên mỗi đơn vị sản phẩm.
""Việc lựa chọn bộ sách Kết nối tri thức với cuộc sống làm sách giáo khoa thống nhất không chỉ bảo đảm chất lượng chuyên môn, mà còn mang lại hiệu quả kinh tế rõ rệt, góp phần giảm bớt gánh nặng tài chính cho phụ huynh và học sinh khi triển khai đại trà"", ông Tùng nhấn mạnh.
Trước việc bộ sách trở thành sách giáo khoa thống nhất toàn quốc từ năm học 2026-2027, lãnh đạo NXBGDVN cam kết tiếp tục chỉ đạo toàn hệ thống tối ưu hóa quy trình sản xuất, triệt để tiết giảm chi phí, phấn đấu tiếp tục giảm giá sách giáo khoa trong thời gian tới.
Bên cạnh nhiệm vụ xuất bản sách giáo khoa, NXBGDVN cũng sẽ đẩy mạnh phát triển các học liệu số, học liệu điện tử trong hệ sinh thái sách giáo dục, ứng dụng công nghệ thông tin và trí tuệ nhân tạo nhằm phục vụ hiệu quả hơn việc dạy và học.
Đồng thời, NXBGDVN đã sẵn sàng các phương án tổ chức tập huấn giáo viên trên phạm vi toàn quốc, bảo đảm giáo viên được tiếp cận đầy đủ, bài bản với bộ sách ""Kết nối tri thức với cuộc sống"", cũng như tổ chức cung ứng sách đầy đủ, đồng bộ, kịp thời trước thềm năm học mới.
Thị trường lao động thay đổi chóng mặt, để tồn tại, con người cần học tập suốt đời. Trong bối cảnh đó, tạp chí Tri Thức - Znews giới thiệu tới độc giả cuốnHọc tập suốt đờicủa tác giả Michelle R.Weise.
Tác phẩm cung cấp cho độc giả những đánh giá về thị trường lao động tương lai, những giải pháp cho nhu cầu vừa học vừa làm đang ngày một tăng, cùng với đó là đưa ra những cách kết nối để quá trình chuyển đổi “học-làm” diễn ra thuận lợi hơn. Từ đó, tác giả nêu lên vai trò của việc học tập suốt đời.

Bộ sách “Kết nối tri thức với cuộc sống” của NXB Giáo dục Việt Nam được lựa chọn là bộ sách giáo khoa sử dụng thống nhất toàn quốc từ năm học 2026-2027.
22:10 26/12/2025"
https://znews.vn/nhung-thay-doi-quan-trong-cua-nganh-giao-duc-va-dao-tao-post1614971.html,Những thay đổi quan trọng của ngành giáo dục và đào tạo,"Năm 2025 ghi dấu nhiều thành tựu quan trọng của ngành giáo dục và đào tạo, khi hàng loạt chủ trương, quyết sách lớn của Đảng và Nhà nước được ban hành.","Học sinh TP.HCM tại triển lãm 50 năm đổi mới giáo dục. Ảnh:Khương Nguyễn.
Thứ nhất,Bộ Chính trị ban hành Nghị quyết 71 về đột phá phát triển giáo dục và đào tạo, khẳng định giáo dục và đào tạo là nhân tố quyết định tương lai của dân tộc, là động lực then chốt cho sự phát triển bứt phá của đất nước.
Thứ hai,Đảng và Nhà nước thể hiện sự quan tâm đặc biệt tới giáo dục thông qua nhiều chủ trương và quyết sách quan trọng.
Đó là quyết định thực hiện miễn toàn bộ học phí cho học sinh từ mầm non đến hết THPT công lập; thống nhất chủ trương xây dựng chương trình mục tiêu quốc gia hiện đại hóa, nâng cao chất lượng giáo dục và đào tạo giai đoạn 2026-2035; thống nhất chủ trương đầu tư xây dựng 248 trường phổ thông nội trú liên cấp tiểu học và THCS tại các xã biên giới đất liền, trong đó hoàn thành 100 trường trong năm 2026.
Ngoài ra, Tổng Bí thưTô Lâmđã có kết luận, thống nhất chủ trương tổ chức dạy học 2 buổi/ngày tại các trường tiểu học, THCS (tùy theo điều kiện từng địa phương); Nhà nước hỗ trợ bữa ăn trưa cho học sinh tiểu học và THCS ở các xã biên giới.
Thứ ba,ngành giáo dục đột phá về xây dựng thể chế giáo dục, với 99 văn bản luật, nghị quyết, nghị định, thông tư được ban hành, trình ban hành.
Đặc biệt, lần đầu tiên trong một năm, 4 dự án luật được Quốc hội thông qua, gồm: Luật Nhà giáo; Luật Giáo dục sửa đổi, bổ sung; Luật Giáo dục đại học sửa đổi; Luật Giáo dục nghề nghiệp sửa đổi.
Thứ tư,Đại hội đại biểu Đảng bộ Bộ GD&ĐT lần thứ I, nhiệm kì 2025-2030 được tổ chức, đặt ra những định hướng chiến lược để ngành giáo dục và đào tạo tiếp tục đổi mới, nâng cao chất lượng.
Thứ năm,Bộ GD&ĐT tổ chức thành công chuỗi các sự kiện, hoạt động nhân kỉ niệm 80 năm ngày truyền thống ngành Giáo dục.
Theo đó, lễ kỷ niệm 80 năm truyền thống ngành Giáo dục được tổ chức cùng với lễ khai giảng năm học mới vào sáng 5/9, với sự tham dự của lãnh đạo Đảng, Nhà nước, cùng khoảng 26 triệu học sinh, sinh viên và 1,6 triệu thầy cô giáo trên cả nước.
Trước đó, từ ngày 28/8, trong khuôn khổ Triển lãm thành tựu đất nước, Bộ GD&ĐT đã tổ chức Triển lãm “80 năm Giáo dục phát triển đất nước”.
Bên cạnh đó, năm 2025, Đại hội thi đua yêu nước ngành Giáo dục lần thứ VIII (2020-2025) được tổ chức cùng với Lễ kỷ niệm ngày Nhà giáo Việt Nam 20/11.
Bộ GD&ĐT tổ chức Triển lãm “80 năm Giáo dục phát triển đất nước”. Ảnh:Việt Linh.
Thứ sáu,Bộ GD&ĐT sắp xếp, tinh gọn tổ chức bộ máy và cùng cả nước thực hiện mô hình chính quyền địa phương 2 cấp
Theo đó, Bộ GD&ĐT hiện có 18 đơn vị, giảm một tổng cục thành cục và giảm 6 vụ. Bộ GD&ĐT cũng hoàn thành việc tiếp nhận chức năng quản lý Nhà nước về giáo dục nghề nghiệp từ Bộ Lao động - Thương binh và Xã hội; sắp xếp cơ quan Thanh tra thuộc Bộ về Thanh tra Chính phủ.
Thực hiện mô hình chính quyền địa phương 2 cấp, Bộ GD&ĐT đã ban hành 2 nghị định và 6 thông tư về phân cấp, phân định thẩm quyền của chính quyền địa phương hai cấp; tổ chức tập huấn trực tuyến cho 50.000 cán bộ cấp xã, hiệu trưởng trường phổ thông ở 3.343 điểm cầu.
Thứ bảy,năm 2025 đánh dấu việc hoàn thành một chu trình triển khai chương trình, sách giáo khoa trọn vẹn từ lớp 1 đến lớp 12, đạt được nhiều kết quả cả chiều rộng và chiều sâu, đáp ứng mục tiêu đổi mới toàn diện ở bậc học phổ thông.
Đây cũng là năm Bộ GD&ĐT triển khai thực hiện chủ trương dùng một bộ sách giáo khoa thống nhất trên cả nước từ năm học 2026-2027.
Bên cạnh đó, bộ đã tổ chức kỳ thi tốt nghiệp THPT đầu tiên theo chương trình giáo dục phổ thông 2018, đồng thời đảm bảo công tác thi cho học sinh thi theo chương trình giáo dục phổ thông 2006. Số lượng thí sinh lớn nhất từ trước đến nay với trên 1,1 triệu thí sinh đăng ký, tăng gần 100.000 thí sinh so với năm 2024.
Kỳ thi được tổ chức trong bối cảnh sắp xếp lại hệ thống thanh tra các cấp, chấm dứt hoạt động của công an cấp huyện. Việc tổ chức kỳ thi được thực hiện với chính quyền địa phương 3 cấp nhưng công tác chấm thi, công bố kết quả thi thực hiện với chính quyền địa phương 2 cấp.
Đây còn là năm đầu tiên áp dụng quy chế thi tốt nghiệp THPT với nhiều quy định mới như giảm số môn thi bắt buộc; giảm trọng số điểm học bạ; bỏ cộng điểm chứng chỉ nghề; không được quy đổi điểm chứng chỉ ngoại ngữ...
Thứ tám,theo Bộ GD&ĐT, giáo dục mũi nhọn tiếp tục được phát huy và đạt nhiều kết quả.
Cụ thể, năm 2025, Việt Nam có 7 đoàn với 37 lượt học sinh tham dự các kỳ thi Olympic quốc tế và khu vực. Kết quả, toàn bộ thí sinh đều đoạt giải, gồm 13 huy chương vàng, 16 huy chương bạc và 8 huy chương đồng.
Ngoài ra, học sinh Việt Nam còn đạt kết quả nổi bật tại nhiều kì thi khác như Olympic Toán học quốc tế lần thứ 2; Olympic Vật lý châu Âu, Olympic Hóa học quốc tế Mendeleev; Olympic Hóa học quốc tế Abu Rayhan-Beruni; Olympic Trí tuệ nhân tạo.
4 học sinh dự thi Olympic Hóa học quốc tế năm 2025 đều giành huy chương vàng. Ảnh:Moet.
Thứ chín, giáo dục đại học có sự bứt phá, nâng cao vị thế quốc gia, phát triển nguồn lực then chốt cho tương lai đất nước. Bộ GD&ĐT đã trình và triển khai nhiều đề án trọng điểm về phát triển khoa học công nghệ, đổi mới sáng tạo và đào tạo nhân lực công nghệ cao.
Giáo dục đại học ghi nhận bước bứt phá khi lần đầu tiên có 16 cơ sở giáo dục đại học Việt Nam lọt bảng xếp hạng THE.
Tuyển sinh các ngành STEM tăng mạnh, với số thí sinh đăng kí nguyện vọng 1 tăng 10,5%. Điểm chuẩn các ngành sư phạm đào tạo giáo viên, nhóm ngành công nghệ chiến lược, khoa học kỹ thuật, đào tạo bán dẫn tăng cao.
Tỷ lệ giảng viên là giáo sư, phó giáo sư, tiến sĩ đạt trên 35%, cùng với các chỉ số về công bố khoa học, phát triển công nghệ gia tăng. Mô hình hợp tác ba nhà (nhà trường - nhà nước - doanh nghiệp) bắt đầu triển khai sâu rộng và từng bước phát huy hiệu quả.
Cuối cùng,hoạt động chuyển đổi số ghi nhiều dấu ấn. Hệ thống cơ sở dữ liệu ngành giáo dục cơ bản hoàn thiện với 24,55 triệu hồ sơ kết nối cơ sở dữ liệu quốc gia.
Hơn 10 triệu học bạ và hơn 1,5 triệu văn bằng tốt nghiệp THPT đã được cấp văn bằng số và đã hoàn thiện quy trình số hóa văn bằng. Người học có thể tra cứu được thông tin học bạ và văn bằng trên VneID.
Đề án “Đưa tiếng Anh thành ngôn ngữ thứ hai trong trường học giai đoạn 2025-2035, tầm nhìn đến năm 2045” được phê duyệt. Hiện, Bộ GD&ĐT đã xây dựng kế hoạch triển khai thực hiện đề án nhằm nâng cao năng lực tiếng Anh cho trẻ em, học sinh, sinh viên.
Ngoài ra, Bộ GDĐT dự kiến thí điểm nội dung giáo dục AI tại một số cơ sở giáo dục phổ thông và triển khai thí điểm ứng dụng AI trong quản lý, hỗ trợ giáo viên.
Thị trường lao động thay đổi chóng mặt, để tồn tại, con người cần học tập suốt đời. Trong bối cảnh đó, tạp chí Tri Thức - Znews giới thiệu tới độc giả cuốnHọc tập suốt đờicủa tác giả Michelle R.Weise.

Học sinh tiểu học, THCS học ở xã biên giới đất liền được hỗ trợ bữa ăn trưa với mức 450.000 đồng và 8 kg gạo mỗi tháng.
10:34 27/12/2025"
https://znews.vn/het-thoi-truong-quoc-te-tu-xung-post1614966.html,Hết thời trường quốc tế tự xưng,"Luật Giáo dục Đại học sửa đổi 2025 sẽ điều chỉnh nhiều hoạt động của giáo dục đại học từ tên trường đến điều kiện chuyển thành đại học. Trường đại học không được tự ý đặt những tên gọi thể hiện vị thế đặc biệt như ""quốc gia"", ""quốc tế"".","Thí sinh tại Hà Nội trong ngày hội tuyển sinh. Ảnh:Trọng Quân/Tiền Phong.
Theo dự thảo nghị định quy định chi tiết và hướng dẫn thi hành một số điều của Luật Giáo dục Đại học mà Bộ GD&ĐT lấy ý kiến, việc đặt tên các cơ sở giáo dục đại học sẽ có những khác biệt so với quy định hiện hành. Trong đó, đáng chú ý, trường đại học không được tự ý đặt những tên gọi thể hiện vị thế đặc biệt kiểu như ""quốc gia"", ""quốc tế"".
Cụ thể, dự thảo yêu cầu nguyên tắc chung đầu tiên khi đặt tên trường đại học là không được gây nhầm lẫn về loại hình, tính chất sở hữu, phạm vi hoạt động, cơ quan quản lý, chất lượng hoặc vị thế của cơ sở giáo dục đại học; không sử dụng từ ngữ thể hiện danh hiệu, thứ hạng.
Nguyên tắc thứ hai, không sử dụng từ ngữ, ký hiệu trùng hoặc tương tự, gây nhầm lẫn với tên của cơ quan nhà nước; đơn vị lực lượng vũ trang; tổ chức chính trị - xã hội; cơ sở giáo dục, giáo dục nghề nghiệp hoặc cơ sở giáo dục đại học khác trong nước; hoặc cơ sở giáo dục nước ngoài.
Nguyên tắc thứ ba, tên phải thể hiện đúng loại hình pháp lý, quyền cấp bằng và mức độ đào tạo theo quy định của pháp luật. Việc sử dụng các từ ""đại học"", ""trường đại học"", ""học viện"" phải phù hợp với điều kiện thành lập và cơ cấu tổ chức được cơ quan có thẩm quyền phê duyệt.
Tiếp đến, tên phân hiệu của cơ sở giáo dục đại học Việt Nam phải có cụm từ ""phân hiệu""; tên cơ sở giáo dục đại học; tên địa phương nơi đặt phân hiệu.
Nguyên tắc tiếp theo, tên không được sử dụng các từ, cụm từ mang tính ""quốc gia"" hoặc thể hiện vị thế đặc biệt như ""quốc tế"", ""quốc gia"", ""Việt Nam"", ""Hồ Chí Minh"", ""International"", ""National"", ""State"", trừ khi được cơ quan có thẩm quyền xem xét, quyết định.
Hiện nay, một số trường đại học có chữ “quốc tế” trong tên như ĐH Quốc tế Hồng Bàng, ĐH tư thục Quốc tế Sài Gòn, ĐH Quốc tế Bắc Hà, ĐH Quốc tế miền Tây, ĐH Quốc tế (Đại học Quốc gia TPHCM). Một số trường đại học có tên tiếng Việt giống nhau nhưng tên tiếng Anh lại khác.
Theo Bộ GD&ĐT, việc đặt tên cơ sở giáo dục đại học như hiện hành chưa được quy định chặt chẽ, gây nhầm lẫn giữa các loại hình hoặc hình thức. Vì thế, cơ quan soạn thảo đề xuất nhiều điểm mới như trên nhằm khắc phục bất cập.
TS Phạm Hiệp, Viện trưởng Viện Nghiên cứu Giáo dục và Chuyển giao tri thức (ĐH Thành Đô), đánh giá việc bổ sung các quy định chặt chẽ hơn về đặt tên cơ sở giáo dục đại học là cần thiết. Theo ông Hiệp, dự thảo nghị định cấm sử dụng các từ như “quốc gia”, “quốc tế” trong tên trường (nếu không được cơ quan có thẩm quyền cho phép) là điểm then chốt nhằm tránh gây nhầm lẫn cho xã hội.
Thí sinh trong kỳ thi tốt nghiệp THPT 2025. Ảnh minh họa:Đinh Hà/Znews.
Dự thảo nghị định cũng nêu rõ cơ sở giáo dục đại học muốn được công nhận là đại học cần đáp ứng đầy đủ các điều kiện theo quy định. Trong số này, cơ sở giáo dục đại học phải có ít nhất 5 trường thuộc cơ cấu tổ chức (mỗi trường có tối thiểu 5 ngành đào tạo tất cả các trình độ của giáo dục đại học; quy mô đào tạo chính quy từ 5.000 người học trở lên…). Quy định hiện hành là 3 trường.
Đồng thời có tối thiểu 25 ngành đào tạo đến trình độ tiến sĩ theo danh mục và quy định hiện hành, quy mô đào tạo chính quy đạt từ 25.000 người học trở lên tại thời điểm nộp hồ sơ (quy định hiện hành là 15.000 người học).
Về đội ngũ giảng viên, tỷ lệ giảng viên quốc tế tham gia giảng dạy phải đạt tối thiểu 5%, giảng viên cơ hữu trình độ tiến sĩ đạt tối thiểu 60%...
Lãnh đạo một trường đại học lớn tại Hà Nội cho rằng việc đưa ra những con số tưởng là cao để làm “rào cản”, nâng cao chất lượng đào tạo của các trường nhưng thực tế có tác dụng ngược lại. Hiện nay, đang có “cuộc đua ngầm” chuyển từ trường đại học thành đại học. Các con số đưa ra sẽ dẫn đến tình trạng tuyển sinh bằng mọi giá. Việc quy định quy mô đào tạo chính quy ít nhất 25.000 người như dự thảo dễ chạy theo mở rộng quy mô hình thức.
Thực tế cho thấy Việt Nam đang tồn tại 3 mô hình đại học: Đại học quốc gia (2 đại học); đại học vùng (3 đại học); đại học (7đại học). Đại học quốc gia và đại học vùng bao gồm các trường đại học độc lập, có con dấu, bằng tốt nghiệp mang tên từng trường.
Các đại học còn lại như ĐH Bách khoa Hà Nội, ĐH Kinh tế Quốc dân, ĐH Công nghiệp Hà Nội, ĐH Phenikaa tuy có trường trực thuộc nhưng không có con dấu và bằng tốt nghiệp do đại học “mẹ” cấp.
Bạn đang cảm thấy mình đã quá tuổi để học?

Tại Hà Nội và TP.HCM, học phí nhiều trường đại học lên đến hàng trăm triệu đồng cho một năm học, tương đương cả tỷ đồng cho một khoá 4 năm.
06:31 29/12/2025"
https://znews.vn/nhung-dai-hoc-tai-viet-nam-co-muc-hoc-phi-tien-ty-post1614928.html,Những đại học tại Việt Nam có mức học phí tiền tỷ,"Tại Hà Nội và TP.HCM, học phí nhiều trường đại học lên đến hàng trăm triệu đồng cho một năm học, tương đương cả tỷ đồng cho một khoá 4 năm.","Đại họcFulbright Việt Namhiện chưa công bố học phí của năm học 2026-2027. Còn trong năm học 2025-2025, học phí tại trường này là 467,6 triệu đồng/năm, chưa bao gồm phí ở ký túc xá và các khoản phí khác như bảo hiểm y tế, bảo hiểm sức khoẻ... Như vậy, nếu sinh viên không có học bổng, tổng mức học phí cho 4 năm học tại Đại học Fulbright Việt Nam là khoảng1,87 tỷ đồng. Ảnh:Thái An.
TạiĐại học RMIT, học phí sẽ được thanh toán theo từng học kỳ, dựa trên số môn sinh viên học trong từng học kỳ. Trung bình một khoá học tại trường này có khoảng 288 tín chỉ, tương đương 96 tín chỉ cho mỗi năm học. Tuy nhiên, một số ngành đặc thù hơn có số tín chỉ lên đến 384/khoá. Như vậy, học phí tại trường này có thể dao động từ 1,12-1,5 tỷ đồng/khoá học. Ảnh:RMIT.
Trung bình các ngành học tạiĐại học Quốc tế Hồng Bàngcó mức học phí toàn khoá là 220-540 triệu đồng, tương đương 10-15 học kỳ cho toàn khoá. Riêng ngành Răng - Hàm - Mặt và Y đa khoa có mức học phí cao hơn, trung bình mỗi kỳ là 72 triệu đồng. Như vậy, với 15 học kỳ cho toàn khoá, sinh viên có thể đóng hơn1 tỷ đồnghọc phí (nếu chưa có học bổng). Ảnh:HIU.
TạiĐại học Anh quốc Việt Nam, học phí chương trình cử nhân do trường cấp bằng hiện ở mức hơn 800 triệu đồng cho toàn khóa 4 năm. Trong khi đó, chương trình cử nhân do Đại học London cấp bằng có tổng học phí lên tới khoảng1,3 tỷ đồngcho 4 năm học. Trong số này, sinh viên đóng hơn một tỷ đồng cho Đại học Anh quốc Việt Nam và hơn 285 triệu đồng cho Đại học London. Nhà trường cho biết học phí và các khoản thu sẽ được rà soát, điều chỉnh hàng năm. Mức phí công bố trên website chỉ mang tính tham khảo và có thể không áp dụng cho các học kỳ tiếp theo. Ảnh:BUV.
Trong năm học 2025-2026, học phí niêm yết ngành Điều dưỡng tạiĐại học VinUniở mức gần 350 triệu đồng/năm, trong khi các ngành còn lại như Quản trị kinh doanh, Khoa học Xã hội và Hành vi, Kỹ thuật & Khoa học máy tính, Y khoa có mức thu hơn 815 triệu đồng/năm. Sau khi cấn trừ khoản hỗ trợ phát triển từ nhà sáng lập, học phí các ngành này giảm còn khoảng 227-530 triệu đồng/năm học. Dù cấn trừ các khoản hỗ trợ, học phí toàn khoá tại VinUni vẫn lên đến cả tỷ đồng. Ảnh:VinUni.
Học phí chưa đến mức cả tỷ đồng toàn khoá, nhưngĐại học Swinburne Việt Namcũng có mức thu khá cao là khoảng 575 triệu đồng/khoá. Bên cạnh đó, người học phải đóng thêm phí nhập học 4,6 triệu đồng, khoản phí này không được hoàn trả. Nhà trường cho biết trong trường hợp có biến động kinh tế, học phí có thể được điều chỉnh hàng năm nhưng mức tăng không vượt quá 10%. Các mức thu được áp dụng theo thông báo tại từng thời điểm và có thể thay đổi trong quá trình đào tạo. Ảnh:Swinburne.
Bạn đang cảm thấy mình đã quá tuổi để học?

Trường có khuôn viên rộng hơn 40.000 m2 cùng các thiết kế có chủ đích. Học sinh theo học chương trình tú tài quốc tế, rèn luyện thể chất cùng huấn luyện viên Man City.
06:35 22/12/2025"
